Freq_GHz	Norm_dB_model	Model_dBm_5mA
0.1	0	-2.04133
0.109977	-2.78852e-05	-2.04136
0.119955	-5.84205e-05	-2.04139
0.129932	-9.16058e-05	-2.04142
0.13991	-0.000127441	-2.04146
0.149887	-0.000165927	-2.0415
0.159865	-0.000207062	-2.04154
0.169842	-0.000250848	-2.04158
0.17982	-0.000297283	-2.04163
0.189797	-0.000346369	-2.04168
0.199775	-0.000398105	-2.04173
0.209752	-0.000452491	-2.04179
0.21973	-0.000509526	-2.04184
0.229707	-0.000569212	-2.0419
0.239685	-0.000631548	-2.04196
0.249662	-0.000696535	-2.04203
0.25964	-0.000764171	-2.0421
0.269617	-0.000834457	-2.04217
0.279595	-0.000907394	-2.04224
0.289572	-0.00098298	-2.04232
0.29955	-0.00106122	-2.04239
0.309527	-0.0011421	-2.04248
0.319505	-0.00122564	-2.04256
0.329482	-0.00131183	-2.04264
0.33946	-0.00140066	-2.04273
0.349437	-0.00149215	-2.04283
0.359415	-0.00158629	-2.04292
0.369392	-0.00168308	-2.04302
0.37937	-0.00178252	-2.04312
0.389347	-0.0018846	-2.04322
0.399325	-0.00198934	-2.04332
0.409302	-0.00209673	-2.04343
0.41928	-0.00220677	-2.04354
0.429257	-0.00231946	-2.04365
0.439235	-0.0024348	-2.04377
0.449212	-0.00255278	-2.04389
0.45919	-0.00267342	-2.04401
0.469167	-0.00279671	-2.04413
0.479145	-0.00292265	-2.04426
0.489122	-0.00305124	-2.04438
0.4991	-0.00318248	-2.04452
0.509077	-0.00331637	-2.04465
0.519055	-0.00345292	-2.04479
0.529032	-0.00359211	-2.04493
0.53901	-0.00373395	-2.04507
0.548987	-0.00387844	-2.04521
0.558965	-0.00402558	-2.04536
0.568942	-0.00417537	-2.04551
0.57892	-0.00432782	-2.04566
0.588897	-0.00448291	-2.04582
0.598875	-0.00464065	-2.04597
0.608852	-0.00480105	-2.04613
0.61883	-0.00496409	-2.0463
0.628807	-0.00512978	-2.04646
0.638785	-0.00529813	-2.04663
0.648762	-0.00546912	-2.0468
0.65874	-0.00564277	-2.04698
0.668717	-0.00581907	-2.04715
0.678695	-0.00599801	-2.04733
0.688672	-0.00617961	-2.04751
0.69865	-0.00636386	-2.0477
0.708627	-0.00655075	-2.04788
0.718605	-0.0067403	-2.04807
0.728582	-0.0069325	-2.04827
0.73856	-0.00712735	-2.04846
0.748537	-0.00732485	-2.04866
0.758515	-0.007525	-2.04886
0.768492	-0.0077278	-2.04906
0.77847	-0.00793325	-2.04927
0.788447	-0.00814135	-2.04947
0.798425	-0.00835211	-2.04969
0.808402	-0.00856551	-2.0499
0.81838	-0.00878156	-2.05011
0.828357	-0.00900027	-2.05033
0.838335	-0.00922162	-2.05055
0.848312	-0.00944563	-2.05078
0.85829	-0.00967229	-2.05101
0.868267	-0.00990159	-2.05123
0.878245	-0.0101336	-2.05147
0.888222	-0.0103682	-2.0517
0.8982	-0.0106054	-2.05194
0.908177	-0.0108453	-2.05218
0.918155	-0.0110879	-2.05242
0.928132	-0.0113331	-2.05267
0.93811	-0.011581	-2.05291
0.948087	-0.0118315	-2.05316
0.958065	-0.0120846	-2.05342
0.968042	-0.0123405	-2.05367
0.97802	-0.0125989	-2.05393
0.987997	-0.01286	-2.05419
0.997974	-0.0131238	-2.05446
1.00795	-0.0133902	-2.05472
1.01793	-0.0136593	-2.05499
1.02791	-0.013931	-2.05526
1.03788	-0.0142054	-2.05554
1.04786	-0.0144824	-2.05582
1.05784	-0.0147621	-2.0561
1.06782	-0.0150444	-2.05638
1.07779	-0.0153294	-2.05666
1.08777	-0.015617	-2.05695
1.09775	-0.0159073	-2.05724
1.10773	-0.0162002	-2.05753
1.1177	-0.0164958	-2.05783
1.12768	-0.016794	-2.05813
1.13766	-0.0170949	-2.05843
1.14764	-0.0173984	-2.05873
1.15761	-0.0177046	-2.05904
1.16759	-0.0180134	-2.05935
1.17757	-0.0183249	-2.05966
1.18755	-0.0186391	-2.05997
1.19752	-0.0189559	-2.06029
1.2075	-0.0192753	-2.06061
1.21748	-0.0195974	-2.06093
1.22746	-0.0199221	-2.06126
1.23743	-0.0202495	-2.06158
1.24741	-0.0205796	-2.06191
1.25739	-0.0209123	-2.06225
1.26737	-0.0212476	-2.06258
1.27734	-0.0215856	-2.06292
1.28732	-0.0219263	-2.06326
1.2973	-0.0222696	-2.0636
1.30728	-0.0226155	-2.06395
1.31725	-0.0229641	-2.0643
1.32723	-0.0233154	-2.06465
1.33721	-0.0236693	-2.065
1.34719	-0.0240258	-2.06536
1.35716	-0.0243851	-2.06572
1.36714	-0.0247469	-2.06608
1.37712	-0.0251114	-2.06644
1.3871	-0.0254786	-2.06681
1.39707	-0.0258484	-2.06718
1.40705	-0.0262209	-2.06755
1.41703	-0.026596	-2.06793
1.42701	-0.0269738	-2.06831
1.43698	-0.0273542	-2.06869
1.44696	-0.0277373	-2.06907
1.45694	-0.028123	-2.06946
1.46692	-0.0285114	-2.06984
1.47689	-0.0289024	-2.07024
1.48687	-0.0292961	-2.07063
1.49685	-0.0296924	-2.07103
1.50683	-0.0300914	-2.07142
1.5168	-0.0304931	-2.07183
1.52678	-0.0308974	-2.07223
1.53676	-0.0313043	-2.07264
1.54674	-0.0317139	-2.07305
1.55671	-0.0321261	-2.07346
1.56669	-0.032541	-2.07387
1.57667	-0.0329586	-2.07429
1.58665	-0.0333788	-2.07471
1.59662	-0.0338016	-2.07513
1.6066	-0.0342272	-2.07556
1.61658	-0.0346553	-2.07599
1.62656	-0.0350861	-2.07642
1.63653	-0.0355196	-2.07685
1.64651	-0.0359557	-2.07729
1.65649	-0.0363945	-2.07773
1.66647	-0.0368359	-2.07817
1.67644	-0.03728	-2.07861
1.68642	-0.0377267	-2.07906
1.6964	-0.0381761	-2.07951
1.70638	-0.0386281	-2.07996
1.71635	-0.0390828	-2.08042
1.72633	-0.0395401	-2.08087
1.73631	-0.0400001	-2.08133
1.74629	-0.0404627	-2.0818
1.75626	-0.040928	-2.08226
1.76624	-0.041396	-2.08273
1.77622	-0.0418666	-2.0832
1.7862	-0.0423398	-2.08367
1.79617	-0.0428157	-2.08415
1.80615	-0.0432943	-2.08463
1.81613	-0.0437755	-2.08511
1.82611	-0.0442593	-2.08559
1.83608	-0.0447459	-2.08608
1.84606	-0.045235	-2.08657
1.85604	-0.0457268	-2.08706
1.86602	-0.0462213	-2.08755
1.87599	-0.0467184	-2.08805
1.88597	-0.0472182	-2.08855
1.89595	-0.0477206	-2.08905
1.90593	-0.0482257	-2.08956
1.9159	-0.0487335	-2.09007
1.92588	-0.0492438	-2.09058
1.93586	-0.0497569	-2.09109
1.94584	-0.0502726	-2.09161
1.95581	-0.0507909	-2.09212
1.96579	-0.0513119	-2.09264
1.97577	-0.0518356	-2.09317
1.98575	-0.0523619	-2.09369
1.99572	-0.0528908	-2.09422
2.0057	-0.0534225	-2.09476
2.01568	-0.0539567	-2.09529
2.02566	-0.0544936	-2.09583
2.03563	-0.0550332	-2.09637
2.04561	-0.0555754	-2.09691
2.05559	-0.0561203	-2.09745
2.06557	-0.0566678	-2.098
2.07554	-0.057218	-2.09855
2.08552	-0.0577709	-2.0991
2.0955	-0.0583264	-2.09966
2.10548	-0.0588845	-2.10022
2.11545	-0.0594453	-2.10078
2.12543	-0.0600087	-2.10134
2.13541	-0.0605748	-2.10191
2.14539	-0.0611436	-2.10248
2.15536	-0.061715	-2.10305
2.16534	-0.0622891	-2.10362
2.17532	-0.0628658	-2.1042
2.1853	-0.0634452	-2.10478
2.19527	-0.0640272	-2.10536
2.20525	-0.0646119	-2.10594
2.21523	-0.0651992	-2.10653
2.22521	-0.0657892	-2.10712
2.23518	-0.0663818	-2.10771
2.24516	-0.0669771	-2.10831
2.25514	-0.0675751	-2.10891
2.26512	-0.0681757	-2.10951
2.27509	-0.0687789	-2.11011
2.28507	-0.0693849	-2.11072
2.29505	-0.0699934	-2.11133
2.30503	-0.0706046	-2.11194
2.315	-0.0712185	-2.11255
2.32498	-0.071835	-2.11317
2.33496	-0.0724542	-2.11379
2.34494	-0.073076	-2.11441
2.35491	-0.0737005	-2.11503
2.36489	-0.0743277	-2.11566
2.37487	-0.0749575	-2.11629
2.38485	-0.0755899	-2.11692
2.39482	-0.076225	-2.11756
2.4048	-0.0768628	-2.1182
2.41478	-0.0775032	-2.11884
2.42476	-0.0781463	-2.11948
2.43473	-0.078792	-2.12012
2.44471	-0.0794403	-2.12077
2.45469	-0.0800914	-2.12142
2.46467	-0.0807451	-2.12208
2.47464	-0.0814014	-2.12273
2.48462	-0.0820604	-2.12339
2.4946	-0.082722	-2.12405
2.50458	-0.0833863	-2.12472
2.51455	-0.0840533	-2.12539
2.52453	-0.0847229	-2.12606
2.53451	-0.0853952	-2.12673
2.54449	-0.0860701	-2.1274
2.55446	-0.0867477	-2.12808
2.56444	-0.0874279	-2.12876
2.57442	-0.0881108	-2.12944
2.5844	-0.0887963	-2.13013
2.59437	-0.0894845	-2.13082
2.60435	-0.0901753	-2.13151
2.61433	-0.0908688	-2.1322
2.62431	-0.091565	-2.1329
2.63428	-0.0922638	-2.1336
2.64426	-0.0929653	-2.1343
2.65424	-0.0936694	-2.135
2.66422	-0.0943762	-2.13571
2.67419	-0.0950856	-2.13642
2.68417	-0.0957977	-2.13713
2.69415	-0.0965124	-2.13785
2.70413	-0.0972298	-2.13856
2.7141	-0.0979499	-2.13928
2.72408	-0.0986726	-2.14001
2.73406	-0.0993979	-2.14073
2.74404	-0.100126	-2.14146
2.75401	-0.100857	-2.14219
2.76399	-0.10159	-2.14292
2.77397	-0.102326	-2.14366
2.78395	-0.103065	-2.1444
2.79392	-0.103806	-2.14514
2.8039	-0.10455	-2.14588
2.81388	-0.105296	-2.14663
2.82386	-0.106046	-2.14738
2.83383	-0.106798	-2.14813
2.84381	-0.107552	-2.14889
2.85379	-0.108309	-2.14964
2.86377	-0.109069	-2.1504
2.87374	-0.109832	-2.15116
2.88372	-0.110597	-2.15193
2.8937	-0.111365	-2.1527
2.90368	-0.112135	-2.15347
2.91365	-0.112908	-2.15424
2.92363	-0.113684	-2.15502
2.93361	-0.114463	-2.1558
2.94359	-0.115244	-2.15658
2.95356	-0.116028	-2.15736
2.96354	-0.116814	-2.15815
2.97352	-0.117603	-2.15894
2.9835	-0.118395	-2.15973
2.99347	-0.119189	-2.16052
3.00345	-0.119986	-2.16132
3.01343	-0.120786	-2.16212
3.02341	-0.121588	-2.16292
3.03338	-0.122393	-2.16373
3.04336	-0.123201	-2.16453
3.05334	-0.124011	-2.16534
3.06332	-0.124824	-2.16616
3.07329	-0.12564	-2.16697
3.08327	-0.126458	-2.16779
3.09325	-0.127279	-2.16861
3.10323	-0.128103	-2.16944
3.1132	-0.128929	-2.17026
3.12318	-0.129758	-2.17109
3.13316	-0.13059	-2.17192
3.14314	-0.131424	-2.17276
3.15311	-0.132261	-2.17359
3.16309	-0.1331	-2.17443
3.17307	-0.133943	-2.17528
3.18305	-0.134787	-2.17612
3.19302	-0.135635	-2.17697
3.203	-0.136485	-2.17782
3.21298	-0.137338	-2.17867
3.22296	-0.138193	-2.17953
3.23293	-0.139052	-2.18038
3.24291	-0.139912	-2.18125
3.25289	-0.140776	-2.18211
3.26287	-0.141642	-2.18297
3.27284	-0.142511	-2.18384
3.28282	-0.143382	-2.18472
3.2928	-0.144256	-2.18559
3.30278	-0.145133	-2.18647
3.31275	-0.146012	-2.18735
3.32273	-0.146894	-2.18823
3.33271	-0.147779	-2.18911
3.34269	-0.148666	-2.19
3.35266	-0.149556	-2.19089
3.36264	-0.150449	-2.19178
3.37262	-0.151344	-2.19268
3.3826	-0.152242	-2.19358
3.39257	-0.153143	-2.19448
3.40255	-0.154046	-2.19538
3.41253	-0.154952	-2.19629
3.42251	-0.155861	-2.19719
3.43248	-0.156772	-2.19811
3.44246	-0.157686	-2.19902
3.45244	-0.158603	-2.19994
3.46242	-0.159522	-2.20085
3.47239	-0.160444	-2.20178
3.48237	-0.161368	-2.2027
3.49235	-0.162296	-2.20363
3.50233	-0.163225	-2.20456
3.5123	-0.164158	-2.20549
3.52228	-0.165093	-2.20643
3.53226	-0.166031	-2.20736
3.54224	-0.166971	-2.2083
3.55221	-0.167915	-2.20925
3.56219	-0.16886	-2.21019
3.57217	-0.169809	-2.21114
3.58215	-0.17076	-2.21209
3.59212	-0.171714	-2.21305
3.6021	-0.17267	-2.214
3.61208	-0.173629	-2.21496
3.62206	-0.174591	-2.21592
3.63203	-0.175555	-2.21689
3.64201	-0.176522	-2.21786
3.65199	-0.177492	-2.21883
3.66197	-0.178464	-2.2198
3.67194	-0.179439	-2.22077
3.68192	-0.180417	-2.22175
3.6919	-0.181397	-2.22273
3.70188	-0.18238	-2.22371
3.71185	-0.183366	-2.2247
3.72183	-0.184354	-2.22569
3.73181	-0.185345	-2.22668
3.74179	-0.186339	-2.22767
3.75176	-0.187335	-2.22867
3.76174	-0.188334	-2.22967
3.77172	-0.189336	-2.23067
3.7817	-0.19034	-2.23167
3.79167	-0.191347	-2.23268
3.80165	-0.192357	-2.23369
3.81163	-0.193369	-2.2347
3.82161	-0.194384	-2.23572
3.83158	-0.195401	-2.23673
3.84156	-0.196421	-2.23775
3.85154	-0.197444	-2.23878
3.86152	-0.19847	-2.2398
3.87149	-0.199498	-2.24083
3.88147	-0.200529	-2.24186
3.89145	-0.201562	-2.2429
3.90143	-0.202598	-2.24393
3.9114	-0.203637	-2.24497
3.92138	-0.204678	-2.24601
3.93136	-0.205723	-2.24706
3.94134	-0.206769	-2.2481
3.95131	-0.207819	-2.24915
3.96129	-0.208871	-2.2502
3.97127	-0.209926	-2.25126
3.98125	-0.210983	-2.25232
3.99122	-0.212043	-2.25338
4.0012	-0.213106	-2.25444
4.01118	-0.214171	-2.2555
4.02116	-0.215239	-2.25657
4.03113	-0.21631	-2.25764
4.04111	-0.217383	-2.25872
4.05109	-0.218459	-2.25979
4.06107	-0.219538	-2.26087
4.07104	-0.220619	-2.26195
4.08102	-0.221703	-2.26304
4.091	-0.222789	-2.26412
4.10098	-0.223879	-2.26521
4.11095	-0.224971	-2.2663
4.12093	-0.226065	-2.2674
4.13091	-0.227162	-2.2685
4.14089	-0.228262	-2.2696
4.15086	-0.229365	-2.2707
4.16084	-0.23047	-2.2718
4.17082	-0.231578	-2.27291
4.1808	-0.232688	-2.27402
4.19077	-0.233802	-2.27513
4.20075	-0.234918	-2.27625
4.21073	-0.236036	-2.27737
4.22071	-0.237157	-2.27849
4.23068	-0.238281	-2.27961
4.24066	-0.239407	-2.28074
4.25064	-0.240537	-2.28187
4.26062	-0.241668	-2.283
4.27059	-0.242803	-2.28414
4.28057	-0.24394	-2.28527
4.29055	-0.24508	-2.28641
4.30053	-0.246222	-2.28755
4.3105	-0.247367	-2.2887
4.32048	-0.248515	-2.28985
4.33046	-0.249665	-2.291
4.34044	-0.250818	-2.29215
4.35041	-0.251974	-2.29331
4.36039	-0.253132	-2.29447
4.37037	-0.254293	-2.29563
4.38035	-0.255457	-2.29679
4.39032	-0.256623	-2.29796
4.4003	-0.257792	-2.29912
4.41028	-0.258964	-2.3003
4.42026	-0.260138	-2.30147
4.43023	-0.261315	-2.30265
4.44021	-0.262494	-2.30383
4.45019	-0.263677	-2.30501
4.46017	-0.264862	-2.30619
4.47014	-0.266049	-2.30738
4.48012	-0.267239	-2.30857
4.4901	-0.268432	-2.30977
4.50008	-0.269628	-2.31096
4.51005	-0.270826	-2.31216
4.52003	-0.272027	-2.31336
4.53001	-0.27323	-2.31456
4.53998	-0.274436	-2.31577
4.54996	-0.275645	-2.31698
4.55994	-0.276857	-2.31819
4.56992	-0.278071	-2.3194
4.57989	-0.279288	-2.32062
4.58987	-0.280507	-2.32184
4.59985	-0.281729	-2.32306
4.60983	-0.282954	-2.32429
4.6198	-0.284181	-2.32551
4.62978	-0.285411	-2.32674
4.63976	-0.286644	-2.32798
4.64974	-0.287879	-2.32921
4.65971	-0.289117	-2.33045
4.66969	-0.290358	-2.33169
4.67967	-0.291601	-2.33293
4.68965	-0.292847	-2.33418
4.69962	-0.294096	-2.33543
4.7096	-0.295347	-2.33668
4.71958	-0.296601	-2.33793
4.72956	-0.297858	-2.33919
4.73953	-0.299117	-2.34045
4.74951	-0.300379	-2.34171
4.75949	-0.301644	-2.34298
4.76947	-0.302911	-2.34424
4.77944	-0.304181	-2.34551
4.78942	-0.305453	-2.34679
4.7994	-0.306729	-2.34806
4.80938	-0.308006	-2.34934
4.81935	-0.309287	-2.35062
4.82933	-0.31057	-2.3519
4.83931	-0.311856	-2.35319
4.84929	-0.313144	-2.35448
4.85926	-0.314436	-2.35577
4.86924	-0.315729	-2.35706
4.87922	-0.317026	-2.35836
4.8892	-0.318325	-2.35966
4.89917	-0.319627	-2.36096
4.90915	-0.320931	-2.36226
4.91913	-0.322238	-2.36357
4.92911	-0.323548	-2.36488
4.93908	-0.32486	-2.36619
4.94906	-0.326175	-2.36751
4.95904	-0.327493	-2.36883
4.96902	-0.328813	-2.37015
4.97899	-0.330136	-2.37147
4.98897	-0.331462	-2.37279
4.99895	-0.33279	-2.37412
5.00893	-0.334121	-2.37545
5.0189	-0.335455	-2.37679
5.02888	-0.336791	-2.37812
5.03886	-0.33813	-2.37946
5.04884	-0.339472	-2.3808
5.05881	-0.340816	-2.38215
5.06879	-0.342163	-2.3835
5.07877	-0.343512	-2.38485
5.08875	-0.344864	-2.3862
5.09872	-0.346219	-2.38755
5.1087	-0.347577	-2.38891
5.11868	-0.348937	-2.39027
5.12866	-0.3503	-2.39163
5.13863	-0.351665	-2.393
5.14861	-0.353033	-2.39437
5.15859	-0.354404	-2.39574
5.16857	-0.355777	-2.39711
5.17854	-0.357153	-2.39849
5.18852	-0.358532	-2.39987
5.1985	-0.359914	-2.40125
5.20848	-0.361298	-2.40263
5.21845	-0.362684	-2.40402
5.22843	-0.364074	-2.40541
5.23841	-0.365466	-2.4068
5.24839	-0.36686	-2.40819
5.25836	-0.368258	-2.40959
5.26834	-0.369658	-2.41099
5.27832	-0.37106	-2.41239
5.2883	-0.372465	-2.4138
5.29827	-0.373873	-2.41521
5.30825	-0.375284	-2.41662
5.31823	-0.376697	-2.41803
5.32821	-0.378113	-2.41945
5.33818	-0.379532	-2.42086
5.34816	-0.380953	-2.42229
5.35814	-0.382377	-2.42371
5.36812	-0.383803	-2.42514
5.37809	-0.385232	-2.42657
5.38807	-0.386664	-2.428
5.39805	-0.388098	-2.42943
5.40803	-0.389535	-2.43087
5.418	-0.390975	-2.43231
5.42798	-0.392418	-2.43375
5.43796	-0.393863	-2.4352
5.44794	-0.39531	-2.43664
5.45791	-0.396761	-2.43809
5.46789	-0.398214	-2.43955
5.47787	-0.399669	-2.441
5.48785	-0.401128	-2.44246
5.49782	-0.402589	-2.44392
5.5078	-0.404052	-2.44539
5.51778	-0.405518	-2.44685
5.52776	-0.406987	-2.44832
5.53773	-0.408459	-2.44979
5.54771	-0.409933	-2.45127
5.55769	-0.41141	-2.45274
5.56767	-0.412889	-2.45422
5.57764	-0.414372	-2.4557
5.58762	-0.415856	-2.45719
5.5976	-0.417344	-2.45868
5.60758	-0.418834	-2.46017
5.61755	-0.420327	-2.46166
5.62753	-0.421822	-2.46316
5.63751	-0.42332	-2.46465
5.64749	-0.424821	-2.46615
5.65746	-0.426324	-2.46766
5.66744	-0.42783	-2.46916
5.67742	-0.429339	-2.47067
5.6874	-0.43085	-2.47218
5.69737	-0.432364	-2.4737
5.70735	-0.433881	-2.47521
5.71733	-0.4354	-2.47673
5.72731	-0.436922	-2.47826
5.73728	-0.438447	-2.47978
5.74726	-0.439974	-2.48131
5.75724	-0.441504	-2.48284
5.76722	-0.443036	-2.48437
5.77719	-0.444571	-2.4859
5.78717	-0.446109	-2.48744
5.79715	-0.44765	-2.48898
5.80713	-0.449193	-2.49053
5.8171	-0.450739	-2.49207
5.82708	-0.452287	-2.49362
5.83706	-0.453838	-2.49517
5.84704	-0.455392	-2.49672
5.85701	-0.456948	-2.49828
5.86699	-0.458507	-2.49984
5.87697	-0.460069	-2.5014
5.88695	-0.461633	-2.50297
5.89692	-0.4632	-2.50453
5.9069	-0.464769	-2.5061
5.91688	-0.466342	-2.50767
5.92686	-0.467917	-2.50925
5.93683	-0.469494	-2.51083
5.94681	-0.471074	-2.51241
5.95679	-0.472657	-2.51399
5.96677	-0.474243	-2.51558
5.97674	-0.475831	-2.51716
5.98672	-0.477421	-2.51875
5.9967	-0.479015	-2.52035
6.00668	-0.480611	-2.52194
6.01665	-0.48221	-2.52354
6.02663	-0.483811	-2.52514
6.03661	-0.485415	-2.52675
6.04659	-0.487022	-2.52835
6.05656	-0.488631	-2.52996
6.06654	-0.490243	-2.53158
6.07652	-0.491857	-2.53319
6.0865	-0.493475	-2.53481
6.09647	-0.495094	-2.53643
6.10645	-0.496717	-2.53805
6.11643	-0.498342	-2.53967
6.12641	-0.49997	-2.5413
6.13638	-0.5016	-2.54293
6.14636	-0.503233	-2.54457
6.15634	-0.504869	-2.5462
6.16632	-0.506507	-2.54784
6.17629	-0.508148	-2.54948
6.18627	-0.509792	-2.55113
6.19625	-0.511438	-2.55277
6.20623	-0.513087	-2.55442
6.2162	-0.514739	-2.55607
6.22618	-0.516393	-2.55773
6.23616	-0.51805	-2.55938
6.24614	-0.51971	-2.56104
6.25611	-0.521372	-2.5627
6.26609	-0.523037	-2.56437
6.27607	-0.524704	-2.56604
6.28605	-0.526374	-2.56771
6.29602	-0.528047	-2.56938
6.306	-0.529722	-2.57106
6.31598	-0.5314	-2.57273
6.32596	-0.533081	-2.57441
6.33593	-0.534764	-2.5761
6.34591	-0.53645	-2.57778
6.35589	-0.538139	-2.57947
6.36587	-0.53983	-2.58116
6.37584	-0.541524	-2.58286
6.38582	-0.54322	-2.58455
6.3958	-0.54492	-2.58625
6.40578	-0.546621	-2.58795
6.41575	-0.548326	-2.58966
6.42573	-0.550033	-2.59137
6.43571	-0.551743	-2.59308
6.44569	-0.553455	-2.59479
6.45566	-0.55517	-2.5965
6.46564	-0.556888	-2.59822
6.47562	-0.558608	-2.59994
6.4856	-0.560331	-2.60166
6.49557	-0.562056	-2.60339
6.50555	-0.563785	-2.60512
6.51553	-0.565515	-2.60685
6.52551	-0.567249	-2.60858
6.53548	-0.568985	-2.61032
6.54546	-0.570724	-2.61206
6.55544	-0.572465	-2.6138
6.56542	-0.574209	-2.61554
6.57539	-0.575956	-2.61729
6.58537	-0.577705	-2.61904
6.59535	-0.579457	-2.62079
6.60533	-0.581212	-2.62254
6.6153	-0.582969	-2.6243
6.62528	-0.584729	-2.62606
6.63526	-0.586491	-2.62782
6.64524	-0.588256	-2.62959
6.65521	-0.590024	-2.63136
6.66519	-0.591795	-2.63313
6.67517	-0.593568	-2.6349
6.68515	-0.595343	-2.63668
6.69512	-0.597122	-2.63845
6.7051	-0.598902	-2.64024
6.71508	-0.600686	-2.64202
6.72506	-0.602472	-2.64381
6.73503	-0.604261	-2.64559
6.74501	-0.606053	-2.64739
6.75499	-0.607847	-2.64918
6.76497	-0.609644	-2.65098
6.77494	-0.611443	-2.65278
6.78492	-0.613245	-2.65458
6.7949	-0.61505	-2.65638
6.80488	-0.616857	-2.65819
6.81485	-0.618667	-2.66
6.82483	-0.620479	-2.66181
6.83481	-0.622295	-2.66363
6.84479	-0.624112	-2.66545
6.85476	-0.625933	-2.66727
6.86474	-0.627756	-2.66909
6.87472	-0.629582	-2.67091
6.8847	-0.63141	-2.67274
6.89467	-0.633241	-2.67457
6.90465	-0.635075	-2.67641
6.91463	-0.636911	-2.67824
6.92461	-0.63875	-2.68008
6.93458	-0.640591	-2.68192
6.94456	-0.642435	-2.68377
6.95454	-0.644282	-2.68562
6.96452	-0.646132	-2.68746
6.97449	-0.647984	-2.68932
6.98447	-0.649838	-2.69117
6.99445	-0.651696	-2.69303
7.00443	-0.653556	-2.69489
7.0144	-0.655418	-2.69675
7.02438	-0.657283	-2.69862
7.03436	-0.659151	-2.70048
7.04434	-0.661022	-2.70235
7.05431	-0.662895	-2.70423
7.06429	-0.66477	-2.7061
7.07427	-0.666649	-2.70798
7.08425	-0.66853	-2.70986
7.09422	-0.670413	-2.71175
7.1042	-0.672299	-2.71363
7.11418	-0.674188	-2.71552
7.12416	-0.67608	-2.71741
7.13413	-0.677974	-2.71931
7.14411	-0.679871	-2.7212
7.15409	-0.68177	-2.7231
7.16407	-0.683672	-2.725
7.17404	-0.685577	-2.72691
7.18402	-0.687484	-2.72882
7.194	-0.689394	-2.73073
7.20398	-0.691306	-2.73264
7.21395	-0.693221	-2.73455
7.22393	-0.695139	-2.73647
7.23391	-0.697059	-2.73839
7.24389	-0.698982	-2.74032
7.25386	-0.700908	-2.74224
7.26384	-0.702836	-2.74417
7.27382	-0.704767	-2.7461
7.2838	-0.7067	-2.74803
7.29377	-0.708637	-2.74997
7.30375	-0.710575	-2.75191
7.31373	-0.712517	-2.75385
7.32371	-0.714461	-2.75579
7.33368	-0.716407	-2.75774
7.34366	-0.718356	-2.75969
7.35364	-0.720308	-2.76164
7.36362	-0.722263	-2.7636
7.37359	-0.72422	-2.76555
7.38357	-0.726179	-2.76751
7.39355	-0.728142	-2.76947
7.40353	-0.730107	-2.77144
7.4135	-0.732074	-2.77341
7.42348	-0.734044	-2.77538
7.43346	-0.736017	-2.77735
7.44344	-0.737993	-2.77933
7.45341	-0.739971	-2.7813
7.46339	-0.741951	-2.78328
7.47337	-0.743935	-2.78527
7.48335	-0.74592	-2.78725
7.49332	-0.747909	-2.78924
7.5033	-0.7499	-2.79123
7.51328	-0.751894	-2.79323
7.52326	-0.75389	-2.79522
7.53323	-0.755889	-2.79722
7.54321	-0.757891	-2.79922
7.55319	-0.759895	-2.80123
7.56317	-0.761902	-2.80323
7.57314	-0.763911	-2.80524
7.58312	-0.765923	-2.80726
7.5931	-0.767938	-2.80927
7.60308	-0.769955	-2.81129
7.61305	-0.771975	-2.81331
7.62303	-0.773998	-2.81533
7.63301	-0.776023	-2.81736
7.64299	-0.778051	-2.81938
7.65296	-0.780081	-2.82141
7.66294	-0.782114	-2.82345
7.67292	-0.784149	-2.82548
7.6829	-0.786188	-2.82752
7.69287	-0.788228	-2.82956
7.70285	-0.790272	-2.8316
7.71283	-0.792318	-2.83365
7.72281	-0.794367	-2.8357
7.73278	-0.796418	-2.83775
7.74276	-0.798472	-2.8398
7.75274	-0.800528	-2.84186
7.76272	-0.802587	-2.84392
7.77269	-0.804649	-2.84598
7.78267	-0.806713	-2.84805
7.79265	-0.80878	-2.85011
7.80263	-0.81085	-2.85218
7.8126	-0.812922	-2.85425
7.82258	-0.814997	-2.85633
7.83256	-0.817074	-2.85841
7.84254	-0.819154	-2.86049
7.85251	-0.821237	-2.86257
7.86249	-0.823322	-2.86465
7.87247	-0.825409	-2.86674
7.88245	-0.8275	-2.86883
7.89242	-0.829593	-2.87093
7.9024	-0.831688	-2.87302
7.91238	-0.833787	-2.87512
7.92236	-0.835887	-2.87722
7.93233	-0.837991	-2.87932
7.94231	-0.840097	-2.88143
7.95229	-0.842206	-2.88354
7.96227	-0.844317	-2.88565
7.97224	-0.846431	-2.88776
7.98222	-0.848547	-2.88988
7.9922	-0.850666	-2.892
8.00218	-0.852788	-2.89412
8.01215	-0.854912	-2.89624
8.02213	-0.857039	-2.89837
8.03211	-0.859168	-2.9005
8.04209	-0.8613	-2.90263
8.05206	-0.863435	-2.90477
8.06204	-0.865572	-2.90691
8.07202	-0.867712	-2.90905
8.082	-0.869855	-2.91119
8.09197	-0.872	-2.91333
8.10195	-0.874147	-2.91548
8.11193	-0.876298	-2.91763
8.12191	-0.87845	-2.91978
8.13188	-0.880606	-2.92194
8.14186	-0.882764	-2.9241
8.15184	-0.884925	-2.92626
8.16182	-0.887088	-2.92842
8.17179	-0.889254	-2.93059
8.18177	-0.891422	-2.93275
8.19175	-0.893593	-2.93493
8.20173	-0.895767	-2.9371
8.2117	-0.897943	-2.93928
8.22168	-0.900122	-2.94145
8.23166	-0.902303	-2.94364
8.24164	-0.904487	-2.94582
8.25161	-0.906674	-2.94801
8.26159	-0.908863	-2.9502
8.27157	-0.911055	-2.95239
8.28155	-0.913249	-2.95458
8.29152	-0.915446	-2.95678
8.3015	-0.917646	-2.95898
8.31148	-0.919848	-2.96118
8.32146	-0.922053	-2.96339
8.33143	-0.92426	-2.96559
8.34141	-0.92647	-2.9678
8.35139	-0.928682	-2.97002
8.36137	-0.930898	-2.97223
8.37134	-0.933115	-2.97445
8.38132	-0.935336	-2.97667
8.3913	-0.937558	-2.97889
8.40128	-0.939784	-2.98112
8.41125	-0.942012	-2.98334
8.42123	-0.944243	-2.98558
8.43121	-0.946476	-2.98781
8.44119	-0.948712	-2.99004
8.45116	-0.95095	-2.99228
8.46114	-0.953191	-2.99452
8.47112	-0.955435	-2.99677
8.4811	-0.957681	-2.99901
8.49107	-0.95993	-3.00126
8.50105	-0.962181	-3.00351
8.51103	-0.964435	-3.00577
8.52101	-0.966691	-3.00802
8.53098	-0.96895	-3.01028
8.54096	-0.971212	-3.01255
8.55094	-0.973476	-3.01481
8.56092	-0.975743	-3.01708
8.57089	-0.978013	-3.01935
8.58087	-0.980285	-3.02162
8.59085	-0.982559	-3.02389
8.60083	-0.984836	-3.02617
8.6108	-0.987116	-3.02845
8.62078	-0.989398	-3.03073
8.63076	-0.991683	-3.03302
8.64074	-0.993971	-3.0353
8.65071	-0.996261	-3.03759
8.66069	-0.998554	-3.03989
8.67067	-1.00085	-3.04218
8.68065	-1.00315	-3.04448
8.69062	-1.00545	-3.04678
8.7006	-1.00775	-3.04908
8.71058	-1.01006	-3.05139
8.72056	-1.01236	-3.0537
8.73053	-1.01467	-3.05601
8.74051	-1.01699	-3.05832
8.75049	-1.0193	-3.06064
8.76047	-1.02162	-3.06295
8.77044	-1.02394	-3.06528
8.78042	-1.02627	-3.0676
8.7904	-1.02859	-3.06993
8.80038	-1.03092	-3.07225
8.81035	-1.03325	-3.07459
8.82033	-1.03559	-3.07692
8.83031	-1.03792	-3.07926
8.84029	-1.04026	-3.08159
8.85026	-1.0426	-3.08394
8.86024	-1.04495	-3.08628
8.87022	-1.04729	-3.08863
8.8802	-1.04964	-3.09098
8.89017	-1.05199	-3.09333
8.90015	-1.05435	-3.09568
8.91013	-1.05671	-3.09804
8.92011	-1.05907	-3.1004
8.93008	-1.06143	-3.10276
8.94006	-1.06379	-3.10513
8.95004	-1.06616	-3.10749
8.96002	-1.06853	-3.10986
8.96999	-1.0709	-3.11223
8.97997	-1.07328	-3.11461
8.98995	-1.07565	-3.11699
8.99992	-1.07803	-3.11937
9.0099	-1.08042	-3.12175
9.01988	-1.0828	-3.12413
9.02986	-1.08519	-3.12652
9.03983	-1.08758	-3.12891
9.04981	-1.08997	-3.13131
9.05979	-1.09237	-3.1337
9.06977	-1.09477	-3.1361
9.07974	-1.09717	-3.1385
9.08972	-1.09957	-3.1409
9.0997	-1.10198	-3.14331
9.10968	-1.10438	-3.14572
9.11965	-1.10679	-3.14813
9.12963	-1.10921	-3.15054
9.13961	-1.11162	-3.15296
9.14959	-1.11404	-3.15537
9.15956	-1.11646	-3.1578
9.16954	-1.11889	-3.16022
9.17952	-1.12131	-3.16265
9.1895	-1.12374	-3.16507
9.19947	-1.12617	-3.16751
9.20945	-1.12861	-3.16994
9.21943	-1.13104	-3.17238
9.22941	-1.13348	-3.17481
9.23938	-1.13592	-3.17726
9.24936	-1.13837	-3.1797
9.25934	-1.14081	-3.18215
9.26932	-1.14326	-3.1846
9.27929	-1.14571	-3.18705
9.28927	-1.14817	-3.1895
9.29925	-1.15062	-3.19196
9.30923	-1.15308	-3.19442
9.3192	-1.15555	-3.19688
9.32918	-1.15801	-3.19934
9.33916	-1.16048	-3.20181
9.34914	-1.16295	-3.20428
9.35911	-1.16542	-3.20675
9.36909	-1.16789	-3.20923
9.37907	-1.17037	-3.2117
9.38905	-1.17285	-3.21418
9.39902	-1.17533	-3.21667
9.409	-1.17782	-3.21915
9.41898	-1.1803	-3.22164
9.42896	-1.18279	-3.22413
9.43893	-1.18529	-3.22662
9.44891	-1.18778	-3.22911
9.45889	-1.19028	-3.23161
9.46887	-1.19278	-3.23411
9.47884	-1.19528	-3.23661
9.48882	-1.19779	-3.23912
9.4988	-1.20029	-3.24163
9.50878	-1.2028	-3.24414
9.51875	-1.20532	-3.24665
9.52873	-1.20783	-3.24916
9.53871	-1.21035	-3.25168
9.54869	-1.21287	-3.2542
9.55866	-1.21539	-3.25673
9.56864	-1.21792	-3.25925
9.57862	-1.22045	-3.26178
9.5886	-1.22298	-3.26431
9.59857	-1.22551	-3.26684
9.60855	-1.22804	-3.26938
9.61853	-1.23058	-3.27192
9.62851	-1.23312	-3.27446
9.63848	-1.23567	-3.277
9.64846	-1.23821	-3.27954
9.65844	-1.24076	-3.28209
9.66842	-1.24331	-3.28464
9.67839	-1.24586	-3.2872
9.68837	-1.24842	-3.28975
9.69835	-1.25098	-3.29231
9.70833	-1.25354	-3.29487
9.7183	-1.2561	-3.29743
9.72828	-1.25867	-3.3
9.73826	-1.26124	-3.30257
9.74824	-1.26381	-3.30514
9.75821	-1.26638	-3.30771
9.76819	-1.26896	-3.31029
9.77817	-1.27153	-3.31287
9.78815	-1.27412	-3.31545
9.79812	-1.2767	-3.31803
9.8081	-1.27928	-3.32062
9.81808	-1.28187	-3.32321
9.82806	-1.28446	-3.3258
9.83803	-1.28706	-3.32839
9.84801	-1.28965	-3.33099
9.85799	-1.29225	-3.33359
9.86797	-1.29485	-3.33619
9.87794	-1.29746	-3.33879
9.88792	-1.30006	-3.3414
9.8979	-1.30267	-3.34401
9.90788	-1.30528	-3.34662
9.91785	-1.3079	-3.34923
9.92783	-1.31051	-3.35185
9.93781	-1.31313	-3.35446
9.94779	-1.31575	-3.35709
9.95776	-1.31838	-3.35971
9.96774	-1.321	-3.36234
9.97772	-1.32363	-3.36496
9.9877	-1.32626	-3.3676
9.99767	-1.3289	-3.37023
10.0077	-1.33153	-3.37287
10.0176	-1.33417	-3.37551
10.0276	-1.33681	-3.37815
10.0376	-1.33946	-3.38079
10.0476	-1.3421	-3.38344
10.0575	-1.34475	-3.38609
10.0675	-1.3474	-3.38874
10.0775	-1.35006	-3.39139
10.0875	-1.35271	-3.39405
10.0974	-1.35537	-3.39671
10.1074	-1.35803	-3.39937
10.1174	-1.3607	-3.40203
10.1274	-1.36336	-3.4047
10.1374	-1.36603	-3.40737
10.1473	-1.3687	-3.41004
10.1573	-1.37138	-3.41271
10.1673	-1.37405	-3.41539
10.1773	-1.37673	-3.41807
10.1872	-1.37942	-3.42075
10.1972	-1.3821	-3.42343
10.2072	-1.38479	-3.42612
10.2172	-1.38747	-3.42881
10.2272	-1.39017	-3.4315
10.2371	-1.39286	-3.43419
10.2471	-1.39556	-3.43689
10.2571	-1.39825	-3.43959
10.2671	-1.40096	-3.44229
10.277	-1.40366	-3.44499
10.287	-1.40637	-3.4477
10.297	-1.40907	-3.45041
10.307	-1.41179	-3.45312
10.317	-1.4145	-3.45583
10.3269	-1.41722	-3.45855
10.3369	-1.41993	-3.46127
10.3469	-1.42266	-3.46399
10.3569	-1.42538	-3.46671
10.3668	-1.42811	-3.46944
10.3768	-1.43083	-3.47217
10.3868	-1.43357	-3.4749
10.3968	-1.4363	-3.47763
10.4068	-1.43904	-3.48037
10.4167	-1.44177	-3.48311
10.4267	-1.44452	-3.48585
10.4367	-1.44726	-3.48859
10.4467	-1.45001	-3.49134
10.4566	-1.45275	-3.49409
10.4666	-1.4555	-3.49684
10.4766	-1.45826	-3.49959
10.4866	-1.46101	-3.50235
10.4965	-1.46377	-3.50511
10.5065	-1.46653	-3.50787
10.5165	-1.4693	-3.51063
10.5265	-1.47206	-3.5134
10.5365	-1.47483	-3.51616
10.5464	-1.4776	-3.51894
10.5564	-1.48038	-3.52171
10.5664	-1.48315	-3.52448
10.5764	-1.48593	-3.52726
10.5863	-1.48871	-3.53004
10.5963	-1.49149	-3.53283
10.6063	-1.49428	-3.53561
10.6163	-1.49707	-3.5384
10.6263	-1.49986	-3.54119
10.6362	-1.50265	-3.54398
10.6462	-1.50545	-3.54678
10.6562	-1.50825	-3.54958
10.6662	-1.51105	-3.55238
10.6761	-1.51385	-3.55518
10.6861	-1.51665	-3.55799
10.6961	-1.51946	-3.56079
10.7061	-1.52227	-3.56361
10.7161	-1.52509	-3.56642
10.726	-1.5279	-3.56923
10.736	-1.53072	-3.57205
10.746	-1.53354	-3.57487
10.756	-1.53636	-3.57769
10.7659	-1.53919	-3.58052
10.7759	-1.54201	-3.58335
10.7859	-1.54484	-3.58618
10.7959	-1.54768	-3.58901
10.8059	-1.55051	-3.59184
10.8158	-1.55335	-3.59468
10.8258	-1.55619	-3.59752
10.8358	-1.55903	-3.60036
10.8458	-1.56188	-3.60321
10.8557	-1.56472	-3.60606
10.8657	-1.56757	-3.60891
10.8757	-1.57042	-3.61176
10.8857	-1.57328	-3.61461
10.8956	-1.57614	-3.61747
10.9056	-1.579	-3.62033
10.9156	-1.58186	-3.62319
10.9256	-1.58472	-3.62605
10.9356	-1.58759	-3.62892
10.9455	-1.59046	-3.63179
10.9555	-1.59333	-3.63466
10.9655	-1.5962	-3.63754
10.9755	-1.59908	-3.64041
10.9854	-1.60196	-3.64329
10.9954	-1.60484	-3.64617
11.0054	-1.60772	-3.64906
11.0154	-1.61061	-3.65194
11.0254	-1.6135	-3.65483
11.0353	-1.61639	-3.65772
11.0453	-1.61928	-3.66062
11.0553	-1.62218	-3.66351
11.0653	-1.62508	-3.66641
11.0752	-1.62798	-3.66931
11.0852	-1.63088	-3.67222
11.0952	-1.63379	-3.67512
11.1052	-1.6367	-3.67803
11.1152	-1.63961	-3.68094
11.1251	-1.64252	-3.68385
11.1351	-1.64544	-3.68677
11.1451	-1.64836	-3.68969
11.1551	-1.65128	-3.69261
11.165	-1.6542	-3.69553
11.175	-1.65712	-3.69846
11.185	-1.66005	-3.70138
11.195	-1.66298	-3.70432
11.205	-1.66591	-3.70725
11.2149	-1.66885	-3.71018
11.2249	-1.67179	-3.71312
11.2349	-1.67473	-3.71606
11.2449	-1.67767	-3.719
11.2548	-1.68061	-3.72195
11.2648	-1.68356	-3.72489
11.2748	-1.68651	-3.72784
11.2848	-1.68946	-3.7308
11.2947	-1.69242	-3.73375
11.3047	-1.69537	-3.73671
11.3147	-1.69833	-3.73967
11.3247	-1.70129	-3.74263
11.3347	-1.70426	-3.74559
11.3446	-1.70723	-3.74856
11.3546	-1.71019	-3.75153
11.3646	-1.71317	-3.7545
11.3746	-1.71614	-3.75747
11.3845	-1.71912	-3.76045
11.3945	-1.72209	-3.76343
11.4045	-1.72507	-3.76641
11.4145	-1.72806	-3.76939
11.4245	-1.73104	-3.77238
11.4344	-1.73403	-3.77536
11.4444	-1.73702	-3.77836
11.4544	-1.74002	-3.78135
11.4644	-1.74301	-3.78434
11.4743	-1.74601	-3.78734
11.4843	-1.74901	-3.79034
11.4943	-1.75201	-3.79334
11.5043	-1.75502	-3.79635
11.5143	-1.75802	-3.79936
11.5242	-1.76103	-3.80237
11.5342	-1.76405	-3.80538
11.5442	-1.76706	-3.80839
11.5542	-1.77008	-3.81141
11.5641	-1.7731	-3.81443
11.5741	-1.77612	-3.81745
11.5841	-1.77914	-3.82048
11.5941	-1.78217	-3.8235
11.6041	-1.7852	-3.82653
11.614	-1.78823	-3.82956
11.624	-1.79126	-3.8326
11.634	-1.7943	-3.83563
11.644	-1.79734	-3.83867
11.6539	-1.80038	-3.84171
11.6639	-1.80342	-3.84476
11.6739	-1.80647	-3.8478
11.6839	-1.80952	-3.85085
11.6938	-1.81257	-3.8539
11.7038	-1.81562	-3.85695
11.7138	-1.81867	-3.86001
11.7238	-1.82173	-3.86307
11.7338	-1.82479	-3.86613
11.7437	-1.82785	-3.86919
11.7537	-1.83092	-3.87225
11.7637	-1.83399	-3.87532
11.7737	-1.83706	-3.87839
11.7836	-1.84013	-3.88146
11.7936	-1.8432	-3.88454
11.8036	-1.84628	-3.88761
11.8136	-1.84936	-3.89069
11.8236	-1.85244	-3.89377
11.8335	-1.85552	-3.89686
11.8435	-1.85861	-3.89994
11.8535	-1.8617	-3.90303
11.8635	-1.86479	-3.90612
11.8734	-1.86788	-3.90921
11.8834	-1.87098	-3.91231
11.8934	-1.87408	-3.91541
11.9034	-1.87718	-3.91851
11.9134	-1.88028	-3.92161
11.9233	-1.88338	-3.92472
11.9333	-1.88649	-3.92782
11.9433	-1.8896	-3.93093
11.9533	-1.89271	-3.93405
11.9632	-1.89583	-3.93716
11.9732	-1.89894	-3.94028
11.9832	-1.90206	-3.9434
11.9932	-1.90519	-3.94652
12.0032	-1.90831	-3.94964
12.0131	-1.91144	-3.95277
12.0231	-1.91456	-3.9559
12.0331	-1.9177	-3.95903
12.0431	-1.92083	-3.96216
12.053	-1.92396	-3.9653
12.063	-1.9271	-3.96844
12.073	-1.93024	-3.97158
12.083	-1.93339	-3.97472
12.0929	-1.93653	-3.97786
12.1029	-1.93968	-3.98101
12.1129	-1.94283	-3.98416
12.1229	-1.94598	-3.98731
12.1329	-1.94914	-3.99047
12.1428	-1.95229	-3.99363
12.1528	-1.95545	-3.99678
12.1628	-1.95861	-3.99995
12.1728	-1.96178	-4.00311
12.1827	-1.96494	-4.00628
12.1927	-1.96811	-4.00945
12.2027	-1.97128	-4.01262
12.2127	-1.97446	-4.01579
12.2227	-1.97763	-4.01897
12.2326	-1.98081	-4.02214
12.2426	-1.98399	-4.02532
12.2526	-1.98717	-4.02851
12.2626	-1.99036	-4.03169
12.2725	-1.99355	-4.03488
12.2825	-1.99674	-4.03807
12.2925	-1.99993	-4.04126
12.3025	-2.00312	-4.04445
12.3125	-2.00632	-4.04765
12.3224	-2.00952	-4.05085
12.3324	-2.01272	-4.05405
12.3424	-2.01592	-4.05726
12.3524	-2.01913	-4.06046
12.3623	-2.02234	-4.06367
12.3723	-2.02555	-4.06688
12.3823	-2.02876	-4.07009
12.3923	-2.03198	-4.07331
12.4023	-2.03519	-4.07653
12.4122	-2.03841	-4.07975
12.4222	-2.04164	-4.08297
12.4322	-2.04486	-4.08619
12.4422	-2.04809	-4.08942
12.4521	-2.05132	-4.09265
12.4621	-2.05455	-4.09588
12.4721	-2.05778	-4.09911
12.4821	-2.06102	-4.10235
12.492	-2.06426	-4.10559
12.502	-2.0675	-4.10883
12.512	-2.07074	-4.11207
12.522	-2.07399	-4.11532
12.532	-2.07723	-4.11857
12.5419	-2.08048	-4.12182
12.5519	-2.08374	-4.12507
12.5619	-2.08699	-4.12832
12.5719	-2.09025	-4.13158
12.5818	-2.09351	-4.13484
12.5918	-2.09677	-4.1381
12.6018	-2.10003	-4.14136
12.6118	-2.1033	-4.14463
12.6218	-2.10657	-4.1479
12.6317	-2.10984	-4.15117
12.6417	-2.11311	-4.15444
12.6517	-2.11639	-4.15772
12.6617	-2.11966	-4.161
12.6716	-2.12294	-4.16428
12.6816	-2.12623	-4.16756
12.6916	-2.12951	-4.17084
12.7016	-2.1328	-4.17413
12.7116	-2.13609	-4.17742
12.7215	-2.13938	-4.18071
12.7315	-2.14267	-4.184
12.7415	-2.14597	-4.1873
12.7515	-2.14926	-4.1906
12.7614	-2.15257	-4.1939
12.7714	-2.15587	-4.1972
12.7814	-2.15917	-4.20051
12.7914	-2.16248	-4.20381
12.8014	-2.16579	-4.20712
12.8113	-2.1691	-4.21044
12.8213	-2.17242	-4.21375
12.8313	-2.17573	-4.21707
12.8413	-2.17905	-4.22038
12.8512	-2.18237	-4.22371
12.8612	-2.1857	-4.22703
12.8712	-2.18902	-4.23036
12.8812	-2.19235	-4.23368
12.8911	-2.19568	-4.23701
12.9011	-2.19901	-4.24035
12.9111	-2.20235	-4.24368
12.9211	-2.20568	-4.24702
12.9311	-2.20902	-4.25036
12.941	-2.21237	-4.2537
12.951	-2.21571	-4.25704
12.961	-2.21906	-4.26039
12.971	-2.2224	-4.26374
12.9809	-2.22575	-4.26709
12.9909	-2.22911	-4.27044
13.0009	-2.23246	-4.27379
13.0109	-2.23582	-4.27715
13.0209	-2.23918	-4.28051
13.0308	-2.24254	-4.28387
13.0408	-2.24591	-4.28724
13.0508	-2.24927	-4.2906
13.0608	-2.25264	-4.29397
13.0707	-2.25601	-4.29734
13.0807	-2.25938	-4.30072
13.0907	-2.26276	-4.30409
13.1007	-2.26614	-4.30747
13.1107	-2.26952	-4.31085
13.1206	-2.2729	-4.31423
13.1306	-2.27628	-4.31762
13.1406	-2.27967	-4.321
13.1506	-2.28306	-4.32439
13.1605	-2.28645	-4.32778
13.1705	-2.28984	-4.33118
13.1805	-2.29324	-4.33457
13.1905	-2.29664	-4.33797
13.2005	-2.30004	-4.34137
13.2104	-2.30344	-4.34477
13.2204	-2.30685	-4.34818
13.2304	-2.31025	-4.35159
13.2404	-2.31366	-4.35499
13.2503	-2.31707	-4.35841
13.2603	-2.32049	-4.36182
13.2703	-2.3239	-4.36524
13.2803	-2.32732	-4.36865
13.2902	-2.33074	-4.37207
13.3002	-2.33416	-4.3755
13.3102	-2.33759	-4.37892
13.3202	-2.34101	-4.38235
13.3302	-2.34444	-4.38578
13.3401	-2.34788	-4.38921
13.3501	-2.35131	-4.39264
13.3601	-2.35475	-4.39608
13.3701	-2.35818	-4.39952
13.38	-2.36162	-4.40296
13.39	-2.36507	-4.4064
13.4	-2.36851	-4.40984
13.41	-2.37196	-4.41329
13.42	-2.37541	-4.41674
13.4299	-2.37886	-4.42019
13.4399	-2.38231	-4.42365
13.4499	-2.38577	-4.4271
13.4599	-2.38923	-4.43056
13.4698	-2.39269	-4.43402
13.4798	-2.39615	-4.43748
13.4898	-2.39961	-4.44095
13.4998	-2.40308	-4.44441
13.5098	-2.40655	-4.44788
13.5197	-2.41002	-4.45135
13.5297	-2.41349	-4.45483
13.5397	-2.41697	-4.4583
13.5497	-2.42045	-4.46178
13.5596	-2.42393	-4.46526
13.5696	-2.42741	-4.46874
13.5796	-2.4309	-4.47223
13.5896	-2.43438	-4.47572
13.5995	-2.43787	-4.4792
13.6095	-2.44136	-4.4827
13.6195	-2.44486	-4.48619
13.6295	-2.44835	-4.48968
13.6395	-2.45185	-4.49318
13.6494	-2.45535	-4.49668
13.6594	-2.45885	-4.50018
13.6694	-2.46236	-4.50369
13.6794	-2.46586	-4.5072
13.6893	-2.46937	-4.5107
13.6993	-2.47288	-4.51421
13.7093	-2.47639	-4.51773
13.7193	-2.47991	-4.52124
13.7293	-2.48343	-4.52476
13.7392	-2.48695	-4.52828
13.7492	-2.49047	-4.5318
13.7592	-2.49399	-4.53533
13.7692	-2.49752	-4.53885
13.7791	-2.50105	-4.54238
13.7891	-2.50458	-4.54591
13.7991	-2.50811	-4.54944
13.8091	-2.51165	-4.55298
13.8191	-2.51518	-4.55652
13.829	-2.51872	-4.56006
13.839	-2.52226	-4.5636
13.849	-2.52581	-4.56714
13.859	-2.52935	-4.57069
13.8689	-2.5329	-4.57423
13.8789	-2.53645	-4.57778
13.8889	-2.54	-4.58134
13.8989	-2.54356	-4.58489
13.9089	-2.54711	-4.58845
13.9188	-2.55067	-4.59201
13.9288	-2.55423	-4.59557
13.9388	-2.5578	-4.59913
13.9488	-2.56136	-4.6027
13.9587	-2.56493	-4.60626
13.9687	-2.5685	-4.60983
13.9787	-2.57207	-4.6134
13.9887	-2.57564	-4.61698
13.9986	-2.57922	-4.62055
14.0086	-2.5828	-4.62413
14.0186	-2.58638	-4.62771
14.0286	-2.58996	-4.63129
14.0386	-2.59355	-4.63488
14.0485	-2.59713	-4.63847
14.0585	-2.60072	-4.64205
14.0685	-2.60431	-4.64565
14.0785	-2.60791	-4.64924
14.0884	-2.6115	-4.65283
14.0984	-2.6151	-4.65643
14.1084	-2.6187	-4.66003
14.1184	-2.6223	-4.66363
14.1284	-2.6259	-4.66724
14.1383	-2.62951	-4.67084
14.1483	-2.63312	-4.67445
14.1583	-2.63673	-4.67806
14.1683	-2.64034	-4.68167
14.1782	-2.64396	-4.68529
14.1882	-2.64757	-4.68891
14.1982	-2.65119	-4.69252
14.2082	-2.65481	-4.69615
14.2182	-2.65844	-4.69977
14.2281	-2.66206	-4.70339
14.2381	-2.66569	-4.70702
14.2481	-2.66932	-4.71065
14.2581	-2.67295	-4.71428
14.268	-2.67658	-4.71792
14.278	-2.68022	-4.72155
14.288	-2.68386	-4.72519
14.298	-2.6875	-4.72883
14.308	-2.69114	-4.73247
14.3179	-2.69478	-4.73612
14.3279	-2.69843	-4.73976
14.3379	-2.70208	-4.74341
14.3479	-2.70573	-4.74706
14.3578	-2.70938	-4.75072
14.3678	-2.71304	-4.75437
14.3778	-2.71669	-4.75803
14.3878	-2.72035	-4.76169
14.3977	-2.72401	-4.76535
14.4077	-2.72768	-4.76901
14.4177	-2.73134	-4.77268
14.4277	-2.73501	-4.77634
14.4377	-2.73868	-4.78001
14.4476	-2.74235	-4.78369
14.4576	-2.74603	-4.78736
14.4676	-2.7497	-4.79104
14.4776	-2.75338	-4.79471
14.4875	-2.75706	-4.79839
14.4975	-2.76074	-4.80208
14.5075	-2.76443	-4.80576
14.5175	-2.76811	-4.80945
14.5275	-2.7718	-4.81314
14.5374	-2.77549	-4.81683
14.5474	-2.77919	-4.82052
14.5574	-2.78288	-4.82421
14.5674	-2.78658	-4.82791
14.5773	-2.79028	-4.83161
14.5873	-2.79398	-4.83531
14.5973	-2.79768	-4.83901
14.6073	-2.80139	-4.84272
14.6173	-2.80509	-4.84643
14.6272	-2.8088	-4.85014
14.6372	-2.81251	-4.85385
14.6472	-2.81623	-4.85756
14.6572	-2.81994	-4.86128
14.6671	-2.82366	-4.86499
14.6771	-2.82738	-4.86871
14.6871	-2.8311	-4.87244
14.6971	-2.83483	-4.87616
14.7071	-2.83855	-4.87989
14.717	-2.84228	-4.88361
14.727	-2.84601	-4.88734
14.737	-2.84974	-4.89108
14.747	-2.85348	-4.89481
14.7569	-2.85721	-4.89855
14.7669	-2.86095	-4.90229
14.7769	-2.86469	-4.90603
14.7869	-2.86844	-4.90977
14.7968	-2.87218	-4.91351
14.8068	-2.87593	-4.91726
14.8168	-2.87968	-4.92101
14.8268	-2.88343	-4.92476
14.8368	-2.88718	-4.92851
14.8467	-2.89093	-4.93227
14.8567	-2.89469	-4.93602
14.8667	-2.89845	-4.93978
14.8767	-2.90221	-4.94354
14.8866	-2.90597	-4.94731
14.8966	-2.90974	-4.95107
14.9066	-2.91351	-4.95484
14.9166	-2.91728	-4.95861
14.9266	-2.92105	-4.96238
14.9365	-2.92482	-4.96615
14.9465	-2.9286	-4.96993
14.9565	-2.93237	-4.97371
14.9665	-2.93615	-4.97748
14.9764	-2.93993	-4.98127
14.9864	-2.94372	-4.98505
14.9964	-2.9475	-4.98884
15.0064	-2.95129	-4.99262
15.0164	-2.95508	-4.99641
15.0263	-2.95887	-5.0002
15.0363	-2.96266	-5.004
15.0463	-2.96646	-5.00779
15.0563	-2.97026	-5.01159
15.0662	-2.97406	-5.01539
15.0762	-2.97786	-5.01919
15.0862	-2.98166	-5.023
15.0962	-2.98547	-5.0268
15.1062	-2.98928	-5.03061
15.1161	-2.99309	-5.03442
15.1261	-2.9969	-5.03823
15.1361	-3.00071	-5.04205
15.1461	-3.00453	-5.04586
15.156	-3.00835	-5.04968
15.166	-3.01217	-5.0535
15.176	-3.01599	-5.05732
15.186	-3.01981	-5.06115
15.1959	-3.02364	-5.06497
15.2059	-3.02747	-5.0688
15.2159	-3.0313	-5.07263
15.2259	-3.03513	-5.07646
15.2359	-3.03896	-5.0803
15.2458	-3.0428	-5.08413
15.2558	-3.04664	-5.08797
15.2658	-3.05048	-5.09181
15.2758	-3.05432	-5.09565
15.2857	-3.05816	-5.0995
15.2957	-3.06201	-5.10334
15.3057	-3.06586	-5.10719
15.3157	-3.06971	-5.11104
15.3257	-3.07356	-5.11489
15.3356	-3.07741	-5.11875
15.3456	-3.08127	-5.1226
15.3556	-3.08513	-5.12646
15.3656	-3.08899	-5.13032
15.3755	-3.09285	-5.13418
15.3855	-3.09671	-5.13805
15.3955	-3.10058	-5.14191
15.4055	-3.10445	-5.14578
15.4155	-3.10832	-5.14965
15.4254	-3.11219	-5.15352
15.4354	-3.11606	-5.1574
15.4454	-3.11994	-5.16127
15.4554	-3.12382	-5.16515
15.4653	-3.1277	-5.16903
15.4753	-3.13158	-5.17291
15.4853	-3.13546	-5.17679
15.4953	-3.13935	-5.18068
15.5053	-3.14323	-5.18457
15.5152	-3.14712	-5.18846
15.5252	-3.15102	-5.19235
15.5352	-3.15491	-5.19624
15.5452	-3.15881	-5.20014
15.5551	-3.1627	-5.20404
15.5651	-3.1666	-5.20794
15.5751	-3.1705	-5.21184
15.5851	-3.17441	-5.21574
15.595	-3.17831	-5.21965
15.605	-3.18222	-5.22355
15.615	-3.18613	-5.22746
15.625	-3.19004	-5.23137
15.635	-3.19395	-5.23529
15.6449	-3.19787	-5.2392
15.6549	-3.20179	-5.24312
15.6649	-3.20571	-5.24704
15.6749	-3.20963	-5.25096
15.6848	-3.21355	-5.25488
15.6948	-3.21747	-5.25881
15.7048	-3.2214	-5.26273
15.7148	-3.22533	-5.26666
15.7248	-3.22926	-5.27059
15.7347	-3.23319	-5.27453
15.7447	-3.23713	-5.27846
15.7547	-3.24106	-5.2824
15.7647	-3.245	-5.28634
15.7746	-3.24894	-5.29028
15.7846	-3.25289	-5.29422
15.7946	-3.25683	-5.29816
15.8046	-3.26078	-5.30211
15.8146	-3.26472	-5.30606
15.8245	-3.26867	-5.31001
15.8345	-3.27263	-5.31396
15.8445	-3.27658	-5.31791
15.8545	-3.28054	-5.32187
15.8644	-3.28449	-5.32583
15.8744	-3.28845	-5.32979
15.8844	-3.29242	-5.33375
15.8944	-3.29638	-5.33771
15.9044	-3.30035	-5.34168
15.9143	-3.30431	-5.34565
15.9243	-3.30828	-5.34962
15.9343	-3.31225	-5.35359
15.9443	-3.31623	-5.35756
15.9542	-3.3202	-5.36153
15.9642	-3.32418	-5.36551
15.9742	-3.32816	-5.36949
15.9842	-3.33214	-5.37347
15.9941	-3.33612	-5.37745
16.0041	-3.34011	-5.38144
16.0141	-3.34409	-5.38543
16.0241	-3.34808	-5.38941
16.0341	-3.35207	-5.3934
16.044	-3.35606	-5.3974
16.054	-3.36006	-5.40139
16.064	-3.36405	-5.40539
16.074	-3.36805	-5.40938
16.0839	-3.37205	-5.41338
16.0939	-3.37605	-5.41739
16.1039	-3.38006	-5.42139
16.1139	-3.38406	-5.4254
16.1239	-3.38807	-5.4294
16.1338	-3.39208	-5.43341
16.1438	-3.39609	-5.43742
16.1538	-3.4001	-5.44144
16.1638	-3.40412	-5.44545
16.1737	-3.40814	-5.44947
16.1837	-3.41215	-5.45349
16.1937	-3.41618	-5.45751
16.2037	-3.4202	-5.46153
16.2137	-3.42422	-5.46556
16.2236	-3.42825	-5.46958
16.2336	-3.43228	-5.47361
16.2436	-3.43631	-5.47764
16.2536	-3.44034	-5.48167
16.2635	-3.44437	-5.48571
16.2735	-3.44841	-5.48974
16.2835	-3.45245	-5.49378
16.2935	-3.45649	-5.49782
16.3035	-3.46053	-5.50186
16.3134	-3.46457	-5.5059
16.3234	-3.46861	-5.50995
16.3334	-3.47266	-5.51399
16.3434	-3.47671	-5.51804
16.3533	-3.48076	-5.52209
16.3633	-3.48481	-5.52615
16.3733	-3.48887	-5.5302
16.3833	-3.49292	-5.53426
16.3932	-3.49698	-5.53832
16.4032	-3.50104	-5.54238
16.4132	-3.5051	-5.54644
16.4232	-3.50917	-5.5505
16.4332	-3.51323	-5.55457
16.4431	-3.5173	-5.55863
16.4531	-3.52137	-5.5627
16.4631	-3.52544	-5.56677
16.4731	-3.52951	-5.57085
16.483	-3.53359	-5.57492
16.493	-3.53766	-5.579
16.503	-3.54174	-5.58308
16.513	-3.54582	-5.58716
16.523	-3.54991	-5.59124
16.5329	-3.55399	-5.59532
16.5429	-3.55808	-5.59941
16.5529	-3.56216	-5.6035
16.5629	-3.56625	-5.60758
16.5728	-3.57034	-5.61168
16.5828	-3.57444	-5.61577
16.5928	-3.57853	-5.61986
16.6028	-3.58263	-5.62396
16.6128	-3.58673	-5.62806
16.6227	-3.59083	-5.63216
16.6327	-3.59493	-5.63626
16.6427	-3.59903	-5.64037
16.6527	-3.60314	-5.64447
16.6626	-3.60725	-5.64858
16.6726	-3.61136	-5.65269
16.6826	-3.61547	-5.6568
16.6926	-3.61958	-5.66091
16.7026	-3.6237	-5.66503
16.7125	-3.62781	-5.66915
16.7225	-3.63193	-5.67326
16.7325	-3.63605	-5.67738
16.7425	-3.64017	-5.68151
16.7524	-3.6443	-5.68563
16.7624	-3.64842	-5.68976
16.7724	-3.65255	-5.69388
16.7824	-3.65668	-5.69801
16.7923	-3.66081	-5.70214
16.8023	-3.66494	-5.70628
16.8123	-3.66908	-5.71041
16.8223	-3.67322	-5.71455
16.8323	-3.67735	-5.71869
16.8422	-3.6815	-5.72283
16.8522	-3.68564	-5.72697
16.8622	-3.68978	-5.73111
16.8722	-3.69393	-5.73526
16.8821	-3.69807	-5.73941
16.8921	-3.70222	-5.74356
16.9021	-3.70637	-5.74771
16.9121	-3.71053	-5.75186
16.9221	-3.71468	-5.75601
16.932	-3.71884	-5.76017
16.942	-3.723	-5.76433
16.952	-3.72716	-5.76849
16.962	-3.73132	-5.77265
16.9719	-3.73548	-5.77681
16.9819	-3.73965	-5.78098
16.9919	-3.74381	-5.78515
17.0019	-3.74798	-5.78932
17.0119	-3.75215	-5.79349
17.0218	-3.75633	-5.79766
17.0318	-3.7605	-5.80183
17.0418	-3.76468	-5.80601
17.0518	-3.76885	-5.81019
17.0617	-3.77303	-5.81437
17.0717	-3.77721	-5.81855
17.0817	-3.7814	-5.82273
17.0917	-3.78558	-5.82691
17.1017	-3.78977	-5.8311
17.1116	-3.79396	-5.83529
17.1216	-3.79815	-5.83948
17.1316	-3.80234	-5.84367
17.1416	-3.80653	-5.84786
17.1515	-3.81073	-5.85206
17.1615	-3.81492	-5.85626
17.1715	-3.81912	-5.86046
17.1815	-3.82332	-5.86466
17.1914	-3.82753	-5.86886
17.2014	-3.83173	-5.87306
17.2114	-3.83594	-5.87727
17.2214	-3.84014	-5.88148
17.2314	-3.84435	-5.88568
17.2413	-3.84856	-5.8899
17.2513	-3.85278	-5.89411
17.2613	-3.85699	-5.89832
17.2713	-3.86121	-5.90254
17.2812	-3.86542	-5.90676
17.2912	-3.86964	-5.91098
17.3012	-3.87387	-5.9152
17.3112	-3.87809	-5.91942
17.3212	-3.88231	-5.92365
17.3311	-3.88654	-5.92787
17.3411	-3.89077	-5.9321
17.3511	-3.895	-5.93633
17.3611	-3.89923	-5.94056
17.371	-3.90346	-5.9448
17.381	-3.9077	-5.94903
17.391	-3.91194	-5.95327
17.401	-3.91618	-5.95751
17.411	-3.92042	-5.96175
17.4209	-3.92466	-5.96599
17.4309	-3.9289	-5.97024
17.4409	-3.93315	-5.97448
17.4509	-3.9374	-5.97873
17.4608	-3.94164	-5.98298
17.4708	-3.94589	-5.98723
17.4808	-3.95015	-5.99148
17.4908	-3.9544	-5.99573
17.5008	-3.95866	-5.99999
17.5107	-3.96291	-6.00425
17.5207	-3.96717	-6.00851
17.5307	-3.97144	-6.01277
17.5407	-3.9757	-6.01703
17.5506	-3.97996	-6.0213
17.5606	-3.98423	-6.02556
17.5706	-3.9885	-6.02983
17.5806	-3.99277	-6.0341
17.5905	-3.99704	-6.03837
17.6005	-4.00131	-6.04264
17.6105	-4.00558	-6.04692
17.6205	-4.00986	-6.05119
17.6305	-4.01414	-6.05547
17.6404	-4.01842	-6.05975
17.6504	-4.0227	-6.06403
17.6604	-4.02698	-6.06832
17.6704	-4.03127	-6.0726
17.6803	-4.03555	-6.07689
17.6903	-4.03984	-6.08117
17.7003	-4.04413	-6.08546
17.7103	-4.04842	-6.08976
17.7203	-4.05272	-6.09405
17.7302	-4.05701	-6.09834
17.7402	-4.06131	-6.10264
17.7502	-4.06561	-6.10694
17.7602	-4.06991	-6.11124
17.7701	-4.07421	-6.11554
17.7801	-4.07851	-6.11984
17.7901	-4.08282	-6.12415
17.8001	-4.08712	-6.12845
17.8101	-4.09143	-6.13276
17.82	-4.09574	-6.13707
17.83	-4.10005	-6.14138
17.84	-4.10436	-6.1457
17.85	-4.10868	-6.15001
17.8599	-4.113	-6.15433
17.8699	-4.11731	-6.15865
17.8799	-4.12163	-6.16297
17.8899	-4.12596	-6.16729
17.8998	-4.13028	-6.17161
17.9098	-4.1346	-6.17594
17.9198	-4.13893	-6.18026
17.9298	-4.14326	-6.18459
17.9398	-4.14759	-6.18892
17.9497	-4.15192	-6.19325
17.9597	-4.15625	-6.19758
17.9697	-4.16059	-6.20192
17.9797	-4.16492	-6.20626
17.9896	-4.16926	-6.21059
17.9996	-4.1736	-6.21493
18.0096	-4.17794	-6.21927
18.0196	-4.18228	-6.22362
18.0296	-4.18663	-6.22796
18.0395	-4.19098	-6.23231
18.0495	-4.19532	-6.23666
18.0595	-4.19967	-6.24101
18.0695	-4.20402	-6.24536
18.0794	-4.20838	-6.24971
18.0894	-4.21273	-6.25406
18.0994	-4.21709	-6.25842
18.1094	-4.22144	-6.26278
18.1194	-4.2258	-6.26714
18.1293	-4.23016	-6.2715
18.1393	-4.23453	-6.27586
18.1493	-4.23889	-6.28022
18.1593	-4.24326	-6.28459
18.1692	-4.24762	-6.28896
18.1792	-4.25199	-6.29332
18.1892	-4.25636	-6.2977
18.1992	-4.26073	-6.30207
18.2092	-4.26511	-6.30644
18.2191	-4.26948	-6.31082
18.2291	-4.27386	-6.31519
18.2391	-4.27824	-6.31957
18.2491	-4.28262	-6.32395
18.259	-4.287	-6.32833
18.269	-4.29138	-6.33272
18.279	-4.29577	-6.3371
18.289	-4.30016	-6.34149
18.2989	-4.30454	-6.34588
18.3089	-4.30893	-6.35027
18.3189	-4.31333	-6.35466
18.3289	-4.31772	-6.35905
18.3389	-4.32211	-6.36345
18.3488	-4.32651	-6.36784
18.3588	-4.33091	-6.37224
18.3688	-4.33531	-6.37664
18.3788	-4.33971	-6.38104
18.3887	-4.34411	-6.38544
18.3987	-4.34851	-6.38985
18.4087	-4.35292	-6.39425
18.4187	-4.35733	-6.39866
18.4287	-4.36174	-6.40307
18.4386	-4.36615	-6.40748
18.4486	-4.37056	-6.41189
18.4586	-4.37497	-6.4163
18.4686	-4.37939	-6.42072
18.4785	-4.3838	-6.42514
18.4885	-4.38822	-6.42956
18.4985	-4.39264	-6.43398
18.5085	-4.39706	-6.4384
18.5185	-4.40149	-6.44282
18.5284	-4.40591	-6.44724
18.5384	-4.41034	-6.45167
18.5484	-4.41477	-6.4561
18.5584	-4.41919	-6.46053
18.5683	-4.42363	-6.46496
18.5783	-4.42806	-6.46939
18.5883	-4.43249	-6.47382
18.5983	-4.43693	-6.47826
18.6083	-4.44136	-6.4827
18.6182	-4.4458	-6.48714
18.6282	-4.45024	-6.49158
18.6382	-4.45469	-6.49602
18.6482	-4.45913	-6.50046
18.6581	-4.46357	-6.50491
18.6681	-4.46802	-6.50935
18.6781	-4.47247	-6.5138
18.6881	-4.47692	-6.51825
18.698	-4.48137	-6.5227
18.708	-4.48582	-6.52715
18.718	-4.49028	-6.53161
18.728	-4.49473	-6.53606
18.738	-4.49919	-6.54052
18.7479	-4.50365	-6.54498
18.7579	-4.50811	-6.54944
18.7679	-4.51257	-6.5539
18.7779	-4.51703	-6.55837
18.7878	-4.5215	-6.56283
18.7978	-4.52596	-6.5673
18.8078	-4.53043	-6.57177
18.8178	-4.5349	-6.57623
18.8278	-4.53937	-6.58071
18.8377	-4.54385	-6.58518
18.8477	-4.54832	-6.58965
18.8577	-4.5528	-6.59413
18.8677	-4.55727	-6.59861
18.8776	-4.56175	-6.60308
18.8876	-4.56623	-6.60756
18.8976	-4.57071	-6.61205
18.9076	-4.5752	-6.61653
18.9176	-4.57968	-6.62101
18.9275	-4.58417	-6.6255
18.9375	-4.58866	-6.62999
18.9475	-4.59314	-6.63448
18.9575	-4.59764	-6.63897
18.9674	-4.60213	-6.64346
18.9774	-4.60662	-6.64795
18.9874	-4.61112	-6.65245
18.9974	-4.61561	-6.65695
19.0074	-4.62011	-6.66144
19.0173	-4.62461	-6.66594
19.0273	-4.62911	-6.67045
19.0373	-4.63362	-6.67495
19.0473	-4.63812	-6.67945
19.0572	-4.64263	-6.68396
19.0672	-4.64713	-6.68847
19.0772	-4.65164	-6.69298
19.0872	-4.65615	-6.69749
19.0971	-4.66066	-6.702
19.1071	-4.66518	-6.70651
19.1171	-4.66969	-6.71103
19.1271	-4.67421	-6.71554
19.1371	-4.67873	-6.72006
19.147	-4.68325	-6.72458
19.157	-4.68777	-6.7291
19.167	-4.69229	-6.73362
19.177	-4.69681	-6.73815
19.1869	-4.70134	-6.74267
19.1969	-4.70586	-6.7472
19.2069	-4.71039	-6.75173
19.2169	-4.71492	-6.75626
19.2269	-4.71945	-6.76079
19.2368	-4.72399	-6.76532
19.2468	-4.72852	-6.76985
19.2568	-4.73306	-6.77439
19.2668	-4.73759	-6.77893
19.2767	-4.74213	-6.78346
19.2867	-4.74667	-6.788
19.2967	-4.75121	-6.79255
19.3067	-4.75576	-6.79709
19.3167	-4.7603	-6.80163
19.3266	-4.76485	-6.80618
19.3366	-4.76939	-6.81073
19.3466	-4.77394	-6.81527
19.3566	-4.77849	-6.81982
19.3665	-4.78304	-6.82438
19.3765	-4.7876	-6.82893
19.3865	-4.79215	-6.83348
19.3965	-4.79671	-6.83804
19.4065	-4.80126	-6.8426
19.4164	-4.80582	-6.84716
19.4264	-4.81038	-6.85172
19.4364	-4.81495	-6.85628
19.4464	-4.81951	-6.86084
19.4563	-4.82407	-6.86541
19.4663	-4.82864	-6.86997
19.4763	-4.83321	-6.87454
19.4863	-4.83778	-6.87911
19.4962	-4.84235	-6.88368
19.5062	-4.84692	-6.88825
19.5162	-4.85149	-6.89282
19.5262	-4.85607	-6.8974
19.5362	-4.86064	-6.90198
19.5461	-4.86522	-6.90655
19.5561	-4.8698	-6.91113
19.5661	-4.87438	-6.91571
19.5761	-4.87896	-6.92029
19.586	-4.88354	-6.92488
19.596	-4.88813	-6.92946
19.606	-4.89272	-6.93405
19.616	-4.8973	-6.93864
19.626	-4.90189	-6.94323
19.6359	-4.90648	-6.94782
19.6459	-4.91107	-6.95241
19.6559	-4.91567	-6.957
19.6659	-4.92026	-6.9616
19.6758	-4.92486	-6.96619
19.6858	-4.92946	-6.97079
19.6958	-4.93406	-6.97539
19.7058	-4.93866	-6.97999
19.7158	-4.94326	-6.98459
19.7257	-4.94786	-6.98919
19.7357	-4.95246	-6.9938
19.7457	-4.95707	-6.9984
19.7557	-4.96168	-7.00301
19.7656	-4.96629	-7.00762
19.7756	-4.9709	-7.01223
19.7856	-4.97551	-7.01684
19.7956	-4.98012	-7.02145
19.8056	-4.98474	-7.02607
19.8155	-4.98935	-7.03068
19.8255	-4.99397	-7.0353
19.8355	-4.99859	-7.03992
19.8455	-5.00321	-7.04454
19.8554	-5.00783	-7.04916
19.8654	-5.01245	-7.05378
19.8754	-5.01708	-7.05841
19.8854	-5.0217	-7.06303
19.8953	-5.02633	-7.06766
19.9053	-5.03096	-7.07229
19.9153	-5.03559	-7.07692
19.9253	-5.04022	-7.08155
19.9353	-5.04485	-7.08618
19.9452	-5.04948	-7.09082
19.9552	-5.05412	-7.09545
19.9652	-5.05875	-7.10009
19.9752	-5.06339	-7.10473
19.9851	-5.06803	-7.10937
19.9951	-5.07267	-7.11401
20.0051	-5.07731	-7.11865
20.0151	-5.08196	-7.12329
20.0251	-5.0866	-7.12794
20.035	-5.09125	-7.13258
20.045	-5.0959	-7.13723
20.055	-5.10055	-7.14188
20.065	-5.1052	-7.14653
20.0749	-5.10985	-7.15118
20.0849	-5.1145	-7.15583
20.0949	-5.11915	-7.16049
20.1049	-5.12381	-7.16514
20.1149	-5.12847	-7.1698
20.1248	-5.13313	-7.17446
20.1348	-5.13779	-7.17912
20.1448	-5.14245	-7.18378
20.1548	-5.14711	-7.18844
20.1647	-5.15177	-7.19311
20.1747	-5.15644	-7.19777
20.1847	-5.1611	-7.20244
20.1947	-5.16577	-7.20711
20.2047	-5.17044	-7.21177
20.2146	-5.17511	-7.21645
20.2246	-5.17978	-7.22112
20.2346	-5.18446	-7.22579
20.2446	-5.18913	-7.23046
20.2545	-5.19381	-7.23514
20.2645	-5.19848	-7.23982
20.2745	-5.20316	-7.2445
20.2845	-5.20784	-7.24918
20.2944	-5.21252	-7.25386
20.3044	-5.21721	-7.25854
20.3144	-5.22189	-7.26322
20.3244	-5.22658	-7.26791
20.3344	-5.23126	-7.2726
20.3443	-5.23595	-7.27728
20.3543	-5.24064	-7.28197
20.3643	-5.24533	-7.28666
20.3743	-5.25002	-7.29136
20.3842	-5.25472	-7.29605
20.3942	-5.25941	-7.30074
20.4042	-5.26411	-7.30544
20.4142	-5.2688	-7.31014
20.4242	-5.2735	-7.31483
20.4341	-5.2782	-7.31953
20.4441	-5.2829	-7.32424
20.4541	-5.2876	-7.32894
20.4641	-5.29231	-7.33364
20.474	-5.29701	-7.33835
20.484	-5.30172	-7.34305
20.494	-5.30643	-7.34776
20.504	-5.31114	-7.35247
20.514	-5.31585	-7.35718
20.5239	-5.32056	-7.36189
20.5339	-5.32527	-7.3666
20.5439	-5.32999	-7.37132
20.5539	-5.3347	-7.37603
20.5638	-5.33942	-7.38075
20.5738	-5.34414	-7.38547
20.5838	-5.34885	-7.39019
20.5938	-5.35358	-7.39491
20.6038	-5.3583	-7.39963
20.6137	-5.36302	-7.40435
20.6237	-5.36774	-7.40908
20.6337	-5.37247	-7.4138
20.6437	-5.3772	-7.41853
20.6536	-5.38193	-7.42326
20.6636	-5.38666	-7.42799
20.6736	-5.39139	-7.43272
20.6836	-5.39612	-7.43745
20.6935	-5.40085	-7.44219
20.7035	-5.40559	-7.44692
20.7135	-5.41032	-7.45166
20.7235	-5.41506	-7.45639
20.7335	-5.4198	-7.46113
20.7434	-5.42454	-7.46587
20.7534	-5.42928	-7.47061
20.7634	-5.43402	-7.47536
20.7734	-5.43877	-7.4801
20.7833	-5.44351	-7.48484
20.7933	-5.44826	-7.48959
20.8033	-5.45301	-7.49434
20.8133	-5.45775	-7.49909
20.8233	-5.4625	-7.50384
20.8332	-5.46726	-7.50859
20.8432	-5.47201	-7.51334
20.8532	-5.47676	-7.51809
20.8632	-5.48152	-7.52285
20.8731	-5.48627	-7.52761
20.8831	-5.49103	-7.53236
20.8931	-5.49579	-7.53712
20.9031	-5.50055	-7.54188
20.9131	-5.50531	-7.54664
20.923	-5.51007	-7.55141
20.933	-5.51484	-7.55617
20.943	-5.5196	-7.56094
20.953	-5.52437	-7.5657
20.9629	-5.52914	-7.57047
20.9729	-5.53391	-7.57524
20.9829	-5.53868	-7.58001
20.9929	-5.54345	-7.58478
21.0029	-5.54822	-7.58955
21.0128	-5.55299	-7.59433
21.0228	-5.55777	-7.5991
21.0328	-5.56254	-7.60388
21.0428	-5.56732	-7.60866
21.0527	-5.5721	-7.61343
21.0627	-5.57688	-7.61821
21.0727	-5.58166	-7.623
21.0827	-5.58644	-7.62778
21.0926	-5.59123	-7.63256
21.1026	-5.59601	-7.63735
21.1126	-5.6008	-7.64213
21.1226	-5.60559	-7.64692
21.1326	-5.61038	-7.65171
21.1425	-5.61517	-7.6565
21.1525	-5.61996	-7.66129
21.1625	-5.62475	-7.66608
21.1725	-5.62954	-7.67088
21.1824	-5.63434	-7.67567
21.1924	-5.63913	-7.68047
21.2024	-5.64393	-7.68526
21.2124	-5.64873	-7.69006
21.2224	-5.65353	-7.69486
21.2323	-5.65833	-7.69966
21.2423	-5.66313	-7.70446
21.2523	-5.66793	-7.70927
21.2623	-5.67274	-7.71407
21.2722	-5.67754	-7.71888
21.2822	-5.68235	-7.72368
21.2922	-5.68716	-7.72849
21.3022	-5.69197	-7.7333
21.3122	-5.69678	-7.73811
21.3221	-5.70159	-7.74292
21.3321	-5.7064	-7.74774
21.3421	-5.71122	-7.75255
21.3521	-5.71603	-7.75737
21.362	-5.72085	-7.76218
21.372	-5.72567	-7.767
21.382	-5.73049	-7.77182
21.392	-5.73531	-7.77664
21.402	-5.74013	-7.78146
21.4119	-5.74495	-7.78628
21.4219	-5.74977	-7.79111
21.4319	-5.7546	-7.79593
21.4419	-5.75942	-7.80076
21.4518	-5.76425	-7.80558
21.4618	-5.76908	-7.81041
21.4718	-5.77391	-7.81524
21.4818	-5.77874	-7.82007
21.4917	-5.78357	-7.8249
21.5017	-5.7884	-7.82974
21.5117	-5.79324	-7.83457
21.5217	-5.79807	-7.83941
21.5317	-5.80291	-7.84424
21.5416	-5.80775	-7.84908
21.5516	-5.81259	-7.85392
21.5616	-5.81743	-7.85876
21.5716	-5.82227	-7.8636
21.5815	-5.82711	-7.86844
21.5915	-5.83196	-7.87329
21.6015	-5.8368	-7.87813
21.6115	-5.84165	-7.88298
21.6215	-5.84649	-7.88783
21.6314	-5.85134	-7.89267
21.6414	-5.85619	-7.89752
21.6514	-5.86104	-7.90237
21.6614	-5.86589	-7.90723
21.6713	-5.87075	-7.91208
21.6813	-5.8756	-7.91693
21.6913	-5.88046	-7.92179
21.7013	-5.88531	-7.92664
21.7113	-5.89017	-7.9315
21.7212	-5.89503	-7.93636
21.7312	-5.89989	-7.94122
21.7412	-5.90475	-7.94608
21.7512	-5.90961	-7.95094
21.7611	-5.91447	-7.95581
21.7711	-5.91934	-7.96067
21.7811	-5.9242	-7.96554
21.7911	-5.92907	-7.9704
21.8011	-5.93394	-7.97527
21.811	-5.93881	-7.98014
21.821	-5.94368	-7.98501
21.831	-5.94855	-7.98988
21.841	-5.95342	-7.99475
21.8509	-5.9583	-7.99963
21.8609	-5.96317	-8.0045
21.8709	-5.96805	-8.00938
21.8809	-5.97292	-8.01426
21.8908	-5.9778	-8.01913
21.9008	-5.98268	-8.02401
21.9108	-5.98756	-8.02889
21.9208	-5.99244	-8.03378
21.9308	-5.99732	-8.03866
21.9407	-6.00221	-8.04354
21.9507	-6.00709	-8.04843
21.9607	-6.01198	-8.05331
21.9707	-6.01687	-8.0582
21.9806	-6.02175	-8.06309
21.9906	-6.02664	-8.06798
22.0006	-6.03153	-8.07287
22.0106	-6.03643	-8.07776
22.0206	-6.04132	-8.08265
22.0305	-6.04621	-8.08755
22.0405	-6.05111	-8.09244
22.0505	-6.056	-8.09734
22.0605	-6.0609	-8.10223
22.0704	-6.0658	-8.10713
22.0804	-6.0707	-8.11203
22.0904	-6.0756	-8.11693
22.1004	-6.0805	-8.12183
22.1104	-6.0854	-8.12674
22.1203	-6.09031	-8.13164
22.1303	-6.09521	-8.13654
22.1403	-6.10012	-8.14145
22.1503	-6.10502	-8.14636
22.1602	-6.10993	-8.15127
22.1702	-6.11484	-8.15618
22.1802	-6.11975	-8.16109
22.1902	-6.12466	-8.166
22.2002	-6.12958	-8.17091
22.2101	-6.13449	-8.17582
22.2201	-6.13941	-8.18074
22.2301	-6.14432	-8.18565
22.2401	-6.14924	-8.19057
22.25	-6.15416	-8.19549
22.26	-6.15907	-8.20041
22.27	-6.164	-8.20533
22.28	-6.16892	-8.21025
22.2899	-6.17384	-8.21517
22.2999	-6.17876	-8.2201
22.3099	-6.18369	-8.22502
22.3199	-6.18861	-8.22995
22.3299	-6.19354	-8.23487
22.3398	-6.19847	-8.2398
22.3498	-6.2034	-8.24473
22.3598	-6.20833	-8.24966
22.3698	-6.21326	-8.25459
22.3797	-6.21819	-8.25952
22.3897	-6.22312	-8.26445
22.3997	-6.22806	-8.26939
22.4097	-6.23299	-8.27432
22.4197	-6.23793	-8.27926
22.4296	-6.24286	-8.2842
22.4396	-6.2478	-8.28914
22.4496	-6.25274	-8.29408
22.4596	-6.25768	-8.29902
22.4695	-6.26263	-8.30396
22.4795	-6.26757	-8.3089
22.4895	-6.27251	-8.31384
22.4995	-6.27746	-8.31879
22.5095	-6.2824	-8.32374
22.5194	-6.28735	-8.32868
22.5294	-6.2923	-8.33363
22.5394	-6.29725	-8.33858
22.5494	-6.3022	-8.34353
22.5593	-6.30715	-8.34848
22.5693	-6.3121	-8.35343
22.5793	-6.31705	-8.35839
22.5893	-6.32201	-8.36334
22.5992	-6.32696	-8.3683
22.6092	-6.33192	-8.37325
22.6192	-6.33688	-8.37821
22.6292	-6.34183	-8.38317
22.6392	-6.34679	-8.38813
22.6491	-6.35176	-8.39309
22.6591	-6.35672	-8.39805
22.6691	-6.36168	-8.40301
22.6791	-6.36664	-8.40798
22.689	-6.37161	-8.41294
22.699	-6.37657	-8.41791
22.709	-6.38154	-8.42287
22.719	-6.38651	-8.42784
22.729	-6.39148	-8.43281
22.7389	-6.39645	-8.43778
22.7489	-6.40142	-8.44275
22.7589	-6.40639	-8.44772
22.7689	-6.41136	-8.4527
22.7788	-6.41634	-8.45767
22.7888	-6.42131	-8.46264
22.7988	-6.42629	-8.46762
22.8088	-6.43126	-8.4726
22.8188	-6.43624	-8.47758
22.8287	-6.44122	-8.48255
22.8387	-6.4462	-8.48754
22.8487	-6.45118	-8.49252
22.8587	-6.45617	-8.4975
22.8686	-6.46115	-8.50248
22.8786	-6.46613	-8.50747
22.8886	-6.47112	-8.51245
22.8986	-6.4761	-8.51744
22.9086	-6.48109	-8.52242
22.9185	-6.48608	-8.52741
22.9285	-6.49107	-8.5324
22.9385	-6.49606	-8.53739
22.9485	-6.50105	-8.54238
22.9584	-6.50604	-8.54738
22.9684	-6.51104	-8.55237
22.9784	-6.51603	-8.55736
22.9884	-6.52103	-8.56236
22.9983	-6.52602	-8.56735
23.0083	-6.53102	-8.57235
23.0183	-6.53602	-8.57735
23.0283	-6.54102	-8.58235
23.0383	-6.54602	-8.58735
23.0482	-6.55102	-8.59235
23.0582	-6.55602	-8.59735
23.0682	-6.56102	-8.60236
23.0782	-6.56603	-8.60736
23.0881	-6.57103	-8.61237
23.0981	-6.57604	-8.61737
23.1081	-6.58105	-8.62238
23.1181	-6.58605	-8.62739
23.1281	-6.59106	-8.6324
23.138	-6.59607	-8.63741
23.148	-6.60109	-8.64242
23.158	-6.6061	-8.64743
23.168	-6.61111	-8.65244
23.1779	-6.61612	-8.65746
23.1879	-6.62114	-8.66247
23.1979	-6.62616	-8.66749
23.2079	-6.63117	-8.67251
23.2179	-6.63619	-8.67752
23.2278	-6.64121	-8.68254
23.2378	-6.64623	-8.68756
23.2478	-6.65125	-8.69258
23.2578	-6.65627	-8.69761
23.2677	-6.6613	-8.70263
23.2777	-6.66632	-8.70765
23.2877	-6.67134	-8.71268
23.2977	-6.67637	-8.7177
23.3077	-6.6814	-8.72273
23.3176	-6.68642	-8.72776
23.3276	-6.69145	-8.73279
23.3376	-6.69648	-8.73782
23.3476	-6.70151	-8.74285
23.3575	-6.70654	-8.74788
23.3675	-6.71158	-8.75291
23.3775	-6.71661	-8.75794
23.3875	-6.72164	-8.76298
23.3974	-6.72668	-8.76801
23.4074	-6.73172	-8.77305
23.4174	-6.73675	-8.77809
23.4274	-6.74179	-8.78312
23.4374	-6.74683	-8.78816
23.4473	-6.75187	-8.7932
23.4573	-6.75691	-8.79825
23.4673	-6.76195	-8.80329
23.4773	-6.767	-8.80833
23.4872	-6.77204	-8.81337
23.4972	-6.77709	-8.81842
23.5072	-6.78213	-8.82346
23.5172	-6.78718	-8.82851
23.5272	-6.79223	-8.83356
23.5371	-6.79728	-8.83861
23.5471	-6.80232	-8.84366
23.5571	-6.80738	-8.84871
23.5671	-6.81243	-8.85376
23.577	-6.81748	-8.85881
23.587	-6.82253	-8.86387
23.597	-6.82759	-8.86892
23.607	-6.83264	-8.87397
23.617	-6.8377	-8.87903
23.6269	-6.84276	-8.88409
23.6369	-6.84781	-8.88915
23.6469	-6.85287	-8.8942
23.6569	-6.85793	-8.89926
23.6668	-6.86299	-8.90433
23.6768	-6.86805	-8.90939
23.6868	-6.87312	-8.91445
23.6968	-6.87818	-8.91951
23.7068	-6.88324	-8.92458
23.7167	-6.88831	-8.92964
23.7267	-6.89338	-8.93471
23.7367	-6.89844	-8.93978
23.7467	-6.90351	-8.94484
23.7566	-6.90858	-8.94991
23.7666	-6.91365	-8.95498
23.7766	-6.91872	-8.96005
23.7866	-6.92379	-8.96513
23.7965	-6.92887	-8.9702
23.8065	-6.93394	-8.97527
23.8165	-6.93901	-8.98035
23.8265	-6.94409	-8.98542
23.8365	-6.94917	-8.9905
23.8464	-6.95424	-8.99558
23.8564	-6.95932	-9.00065
23.8664	-6.9644	-9.00573
23.8764	-6.96948	-9.01081
23.8863	-6.97456	-9.01589
23.8963	-6.97964	-9.02098
23.9063	-6.98473	-9.02606
23.9163	-6.98981	-9.03114
23.9263	-6.99489	-9.03623
23.9362	-6.99998	-9.04131
23.9462	-7.00507	-9.0464
23.9562	-7.01015	-9.05149
23.9662	-7.01524	-9.05657
23.9761	-7.02033	-9.06166
23.9861	-7.02542	-9.06675
23.9961	-7.03051	-9.07184
24.0061	-7.0356	-9.07694
24.0161	-7.04069	-9.08203
24.026	-7.04579	-9.08712
24.036	-7.05088	-9.09222
24.046	-7.05598	-9.09731
24.056	-7.06107	-9.10241
24.0659	-7.06617	-9.1075
24.0759	-7.07127	-9.1126
24.0859	-7.07637	-9.1177
24.0959	-7.08147	-9.1228
24.1059	-7.08657	-9.1279
24.1158	-7.09167	-9.133
24.1258	-7.09677	-9.1381
24.1358	-7.10187	-9.14321
24.1458	-7.10698	-9.14831
24.1557	-7.11208	-9.15342
24.1657	-7.11719	-9.15852
24.1757	-7.12229	-9.16363
24.1857	-7.1274	-9.16874
24.1956	-7.13251	-9.17384
24.2056	-7.13762	-9.17895
24.2156	-7.14273	-9.18406
24.2256	-7.14784	-9.18917
24.2356	-7.15295	-9.19429
24.2455	-7.15807	-9.1994
24.2555	-7.16318	-9.20451
24.2655	-7.16829	-9.20963
24.2755	-7.17341	-9.21474
24.2854	-7.17852	-9.21986
24.2954	-7.18364	-9.22497
24.3054	-7.18876	-9.23009
24.3154	-7.19388	-9.23521
24.3254	-7.199	-9.24033
24.3353	-7.20412	-9.24545
24.3453	-7.20924	-9.25057
24.3553	-7.21436	-9.25569
24.3653	-7.21948	-9.26082
24.3752	-7.22461	-9.26594
24.3852	-7.22973	-9.27107
24.3952	-7.23486	-9.27619
24.4052	-7.23998	-9.28132
24.4152	-7.24511	-9.28645
24.4251	-7.25024	-9.29157
24.4351	-7.25537	-9.2967
24.4451	-7.2605	-9.30183
24.4551	-7.26563	-9.30696
24.465	-7.27076	-9.31209
24.475	-7.27589	-9.31723
24.485	-7.28103	-9.32236
24.495	-7.28616	-9.32749
24.505	-7.29129	-9.33263
24.5149	-7.29643	-9.33776
24.5249	-7.30157	-9.3429
24.5349	-7.3067	-9.34804
24.5449	-7.31184	-9.35318
24.5548	-7.31698	-9.35831
24.5648	-7.32212	-9.36345
24.5748	-7.32726	-9.36859
24.5848	-7.3324	-9.37374
24.5947	-7.33755	-9.37888
24.6047	-7.34269	-9.38402
24.6147	-7.34783	-9.38917
24.6247	-7.35298	-9.39431
24.6347	-7.35812	-9.39946
24.6446	-7.36327	-9.4046
24.6546	-7.36842	-9.40975
24.6646	-7.37356	-9.4149
24.6746	-7.37871	-9.42005
24.6845	-7.38386	-9.4252
24.6945	-7.38901	-9.43035
24.7045	-7.39417	-9.4355
24.7145	-7.39932	-9.44065
24.7245	-7.40447	-9.4458
24.7344	-7.40962	-9.45096
24.7444	-7.41478	-9.45611
24.7544	-7.41993	-9.46127
24.7644	-7.42509	-9.46642
24.7743	-7.43025	-9.47158
24.7843	-7.43541	-9.47674
24.7943	-7.44056	-9.4819
24.8043	-7.44572	-9.48706
24.8143	-7.45088	-9.49222
24.8242	-7.45604	-9.49738
24.8342	-7.46121	-9.50254
24.8442	-7.46637	-9.5077
24.8542	-7.47153	-9.51287
24.8641	-7.4767	-9.51803
24.8741	-7.48186	-9.5232
24.8841	-7.48703	-9.52836
24.8941	-7.4922	-9.53353
24.9041	-7.49736	-9.5387
24.914	-7.50253	-9.54386
24.924	-7.5077	-9.54903
24.934	-7.51287	-9.5542
24.944	-7.51804	-9.55937
24.9539	-7.52321	-9.56454
24.9639	-7.52838	-9.56972
24.9739	-7.53356	-9.57489
24.9839	-7.53873	-9.58006
24.9938	-7.54391	-9.58524
25.0038	-7.54908	-9.59041
25.0138	-7.55426	-9.59559
25.0238	-7.55943	-9.60077
25.0338	-7.56461	-9.60595
25.0437	-7.56979	-9.61112
25.0537	-7.57497	-9.6163
25.0637	-7.58015	-9.62148
25.0737	-7.58533	-9.62666
25.0836	-7.59051	-9.63185
25.0936	-7.5957	-9.63703
25.1036	-7.60088	-9.64221
25.1136	-7.60606	-9.6474
25.1236	-7.61125	-9.65258
25.1335	-7.61643	-9.65777
25.1435	-7.62162	-9.66295
25.1535	-7.62681	-9.66814
25.1635	-7.63199	-9.67333
25.1734	-7.63718	-9.67852
25.1834	-7.64237	-9.68371
25.1934	-7.64756	-9.6889
25.2034	-7.65275	-9.69409
25.2134	-7.65795	-9.69928
25.2233	-7.66314	-9.70447
25.2333	-7.66833	-9.70966
25.2433	-7.67353	-9.71486
25.2533	-7.67872	-9.72005
25.2632	-7.68392	-9.72525
25.2732	-7.68911	-9.73045
25.2832	-7.69431	-9.73564
25.2932	-7.69951	-9.74084
25.3032	-7.70471	-9.74604
25.3131	-7.70991	-9.75124
25.3231	-7.71511	-9.75644
25.3331	-7.72031	-9.76164
25.3431	-7.72551	-9.76684
25.353	-7.73071	-9.77204
25.363	-7.73591	-9.77725
25.373	-7.74112	-9.78245
25.383	-7.74632	-9.78766
25.3929	-7.75153	-9.79286
25.4029	-7.75673	-9.79807
25.4129	-7.76194	-9.80327
25.4229	-7.76715	-9.80848
25.4329	-7.77236	-9.81369
25.4428	-7.77757	-9.8189
25.4528	-7.78278	-9.82411
25.4628	-7.78799	-9.82932
25.4728	-7.7932	-9.83453
25.4827	-7.79841	-9.83974
25.4927	-7.80362	-9.84496
25.5027	-7.80884	-9.85017
25.5127	-7.81405	-9.85538
25.5227	-7.81927	-9.8606
25.5326	-7.82448	-9.86582
25.5426	-7.8297	-9.87103
25.5526	-7.83492	-9.87625
25.5626	-7.84013	-9.88147
25.5725	-7.84535	-9.88669
25.5825	-7.85057	-9.89191
25.5925	-7.85579	-9.89713
25.6025	-7.86101	-9.90235
25.6125	-7.86624	-9.90757
25.6224	-7.87146	-9.91279
25.6324	-7.87668	-9.91801
25.6424	-7.8819	-9.92324
25.6524	-7.88713	-9.92846
25.6623	-7.89235	-9.93369
25.6723	-7.89758	-9.93891
25.6823	-7.90281	-9.94414
25.6923	-7.90804	-9.94937
25.7023	-7.91326	-9.9546
25.7122	-7.91849	-9.95983
25.7222	-7.92372	-9.96506
25.7322	-7.92895	-9.97029
25.7422	-7.93418	-9.97552
25.7521	-7.93942	-9.98075
25.7621	-7.94465	-9.98598
25.7721	-7.94988	-9.99121
25.7821	-7.95512	-9.99645
25.792	-7.96035	-10.0017
25.802	-7.96559	-10.0069
25.812	-7.97082	-10.0122
25.822	-7.97606	-10.0174
25.832	-7.9813	-10.0226
25.8419	-7.98653	-10.0279
25.8519	-7.99177	-10.0331
25.8619	-7.99701	-10.0383
25.8719	-8.00225	-10.0436
25.8818	-8.00749	-10.0488
25.8918	-8.01274	-10.0541
25.9018	-8.01798	-10.0593
25.9118	-8.02322	-10.0646
25.9218	-8.02847	-10.0698
25.9317	-8.03371	-10.075
25.9417	-8.03896	-10.0803
25.9517	-8.0442	-10.0855
25.9617	-8.04945	-10.0908
25.9716	-8.0547	-10.096
25.9816	-8.05994	-10.1013
25.9916	-8.06519	-10.1065
26.0016	-8.07044	-10.1118
26.0116	-8.07569	-10.117
26.0215	-8.08094	-10.1223
26.0315	-8.0862	-10.1275
26.0415	-8.09145	-10.1328
26.0515	-8.0967	-10.138
26.0614	-8.10195	-10.1433
26.0714	-8.10721	-10.1485
26.0814	-8.11246	-10.1538
26.0914	-8.11772	-10.1591
26.1014	-8.12298	-10.1643
26.1113	-8.12823	-10.1696
26.1213	-8.13349	-10.1748
26.1313	-8.13875	-10.1801
26.1413	-8.14401	-10.1853
26.1512	-8.14927	-10.1906
26.1612	-8.15453	-10.1959
26.1712	-8.15979	-10.2011
26.1812	-8.16505	-10.2064
26.1911	-8.17031	-10.2116
26.2011	-8.17558	-10.2169
26.2111	-8.18084	-10.2222
26.2211	-8.18611	-10.2274
26.2311	-8.19137	-10.2327
26.241	-8.19664	-10.238
26.251	-8.2019	-10.2432
26.261	-8.20717	-10.2485
26.271	-8.21244	-10.2538
26.2809	-8.21771	-10.259
26.2909	-8.22298	-10.2643
26.3009	-8.22825	-10.2696
26.3109	-8.23352	-10.2749
26.3209	-8.23879	-10.2801
26.3308	-8.24406	-10.2854
26.3408	-8.24933	-10.2907
26.3508	-8.25461	-10.2959
26.3608	-8.25988	-10.3012
26.3707	-8.26516	-10.3065
26.3807	-8.27043	-10.3118
26.3907	-8.27571	-10.317
26.4007	-8.28098	-10.3223
26.4107	-8.28626	-10.3276
26.4206	-8.29154	-10.3329
26.4306	-8.29682	-10.3382
26.4406	-8.3021	-10.3434
26.4506	-8.30738	-10.3487
26.4605	-8.31266	-10.354
26.4705	-8.31794	-10.3593
26.4805	-8.32322	-10.3646
26.4905	-8.3285	-10.3698
26.5005	-8.33379	-10.3751
26.5104	-8.33907	-10.3804
26.5204	-8.34435	-10.3857
26.5304	-8.34964	-10.391
26.5404	-8.35493	-10.3963
26.5503	-8.36021	-10.4015
26.5603	-8.3655	-10.4068
26.5703	-8.37079	-10.4121
26.5803	-8.37608	-10.4174
26.5902	-8.38136	-10.4227
26.6002	-8.38665	-10.428
26.6102	-8.39194	-10.4333
26.6202	-8.39724	-10.4386
26.6302	-8.40253	-10.4439
26.6401	-8.40782	-10.4492
26.6501	-8.41311	-10.4544
26.6601	-8.41841	-10.4597
26.6701	-8.4237	-10.465
26.68	-8.42899	-10.4703
26.69	-8.43429	-10.4756
26.7	-8.43959	-10.4809
26.71	-8.44488	-10.4862
26.72	-8.45018	-10.4915
26.7299	-8.45548	-10.4968
26.7399	-8.46078	-10.5021
26.7499	-8.46608	-10.5074
26.7599	-8.47138	-10.5127
26.7698	-8.47668	-10.518
26.7798	-8.48198	-10.5233
26.7898	-8.48728	-10.5286
26.7998	-8.49258	-10.5339
26.8098	-8.49788	-10.5392
26.8197	-8.50319	-10.5445
26.8297	-8.50849	-10.5498
26.8397	-8.5138	-10.5551
26.8497	-8.5191	-10.5604
26.8596	-8.52441	-10.5657
26.8696	-8.52972	-10.571
26.8796	-8.53502	-10.5764
26.8896	-8.54033	-10.5817
26.8995	-8.54564	-10.587
26.9095	-8.55095	-10.5923
26.9195	-8.55626	-10.5976
26.9295	-8.56157	-10.6029
26.9395	-8.56688	-10.6082
26.9494	-8.57219	-10.6135
26.9594	-8.5775	-10.6188
26.9694	-8.58282	-10.6241
26.9794	-8.58813	-10.6295
26.9893	-8.59344	-10.6348
26.9993	-8.59876	-10.6401
27.0093	-8.60407	-10.6454
27.0193	-8.60939	-10.6507
27.0293	-8.61471	-10.656
27.0392	-8.62002	-10.6614
27.0492	-8.62534	-10.6667
27.0592	-8.63066	-10.672
27.0692	-8.63598	-10.6773
27.0791	-8.6413	-10.6826
27.0891	-8.64662	-10.688
27.0991	-8.65194	-10.6933
27.1091	-8.65726	-10.6986
27.1191	-8.66258	-10.7039
27.129	-8.66791	-10.7092
27.139	-8.67323	-10.7146
27.149	-8.67855	-10.7199
27.159	-8.68388	-10.7252
27.1689	-8.6892	-10.7305
27.1789	-8.69453	-10.7359
27.1889	-8.69985	-10.7412
27.1989	-8.70518	-10.7465
27.2089	-8.71051	-10.7518
27.2188	-8.71584	-10.7572
27.2288	-8.72117	-10.7625
27.2388	-8.72649	-10.7678
27.2488	-8.73182	-10.7732
27.2587	-8.73715	-10.7785
27.2687	-8.74249	-10.7838
27.2787	-8.74782	-10.7892
27.2887	-8.75315	-10.7945
27.2986	-8.75848	-10.7998
27.3086	-8.76382	-10.8051
27.3186	-8.76915	-10.8105
27.3286	-8.77448	-10.8158
27.3386	-8.77982	-10.8212
27.3485	-8.78515	-10.8265
27.3585	-8.79049	-10.8318
27.3685	-8.79583	-10.8372
27.3785	-8.80116	-10.8425
27.3884	-8.8065	-10.8478
27.3984	-8.81184	-10.8532
27.4084	-8.81718	-10.8585
27.4184	-8.82252	-10.8639
27.4284	-8.82786	-10.8692
27.4383	-8.8332	-10.8745
27.4483	-8.83854	-10.8799
27.4583	-8.84388	-10.8852
27.4683	-8.84923	-10.8906
27.4782	-8.85457	-10.8959
27.4882	-8.85991	-10.9012
27.4982	-8.86526	-10.9066
27.5082	-8.8706	-10.9119
27.5182	-8.87595	-10.9173
27.5281	-8.88129	-10.9226
27.5381	-8.88664	-10.928
27.5481	-8.89199	-10.9333
27.5581	-8.89734	-10.9387
27.568	-8.90268	-10.944
27.578	-8.90803	-10.9494
27.588	-8.91338	-10.9547
27.598	-8.91873	-10.9601
27.608	-8.92408	-10.9654
27.6179	-8.92943	-10.9708
27.6279	-8.93479	-10.9761
27.6379	-8.94014	-10.9815
27.6479	-8.94549	-10.9868
27.6578	-8.95084	-10.9922
27.6678	-8.9562	-10.9975
27.6778	-8.96155	-11.0029
27.6878	-8.96691	-11.0082
27.6977	-8.97226	-11.0136
27.7077	-8.97762	-11.019
27.7177	-8.98298	-11.0243
27.7277	-8.98833	-11.0297
27.7377	-8.99369	-11.035
27.7476	-8.99905	-11.0404
27.7576	-9.00441	-11.0457
27.7676	-9.00977	-11.0511
27.7776	-9.01513	-11.0565
27.7875	-9.02049	-11.0618
27.7975	-9.02585	-11.0672
27.8075	-9.03121	-11.0725
27.8175	-9.03657	-11.0779
27.8275	-9.04194	-11.0833
27.8374	-9.0473	-11.0886
27.8474	-9.05266	-11.094
27.8574	-9.05803	-11.0994
27.8674	-9.06339	-11.1047
27.8773	-9.06876	-11.1101
27.8873	-9.07412	-11.1155
27.8973	-9.07949	-11.1208
27.9073	-9.08486	-11.1262
27.9173	-9.09023	-11.1316
27.9272	-9.09559	-11.1369
27.9372	-9.10096	-11.1423
27.9472	-9.10633	-11.1477
27.9572	-9.1117	-11.153
27.9671	-9.11707	-11.1584
27.9771	-9.12244	-11.1638
27.9871	-9.12781	-11.1691
27.9971	-9.13319	-11.1745
28.0071	-9.13856	-11.1799
28.017	-9.14393	-11.1853
28.027	-9.14931	-11.1906
28.037	-9.15468	-11.196
28.047	-9.16005	-11.2014
28.0569	-9.16543	-11.2068
28.0669	-9.17081	-11.2121
28.0769	-9.17618	-11.2175
28.0869	-9.18156	-11.2229
28.0968	-9.18694	-11.2283
28.1068	-9.19231	-11.2336
28.1168	-9.19769	-11.239
28.1268	-9.20307	-11.2444
28.1368	-9.20845	-11.2498
28.1467	-9.21383	-11.2552
28.1567	-9.21921	-11.2605
28.1667	-9.22459	-11.2659
28.1767	-9.22997	-11.2713
28.1866	-9.23535	-11.2767
28.1966	-9.24074	-11.2821
28.2066	-9.24612	-11.2875
28.2166	-9.2515	-11.2928
28.2266	-9.25689	-11.2982
28.2365	-9.26227	-11.3036
28.2465	-9.26766	-11.309
28.2565	-9.27304	-11.3144
28.2665	-9.27843	-11.3198
28.2764	-9.28382	-11.3251
28.2864	-9.2892	-11.3305
28.2964	-9.29459	-11.3359
28.3064	-9.29998	-11.3413
28.3164	-9.30537	-11.3467
28.3263	-9.31076	-11.3521
28.3363	-9.31615	-11.3575
28.3463	-9.32154	-11.3629
28.3563	-9.32693	-11.3683
28.3662	-9.33232	-11.3737
28.3762	-9.33771	-11.379
28.3862	-9.3431	-11.3844
28.3962	-9.3485	-11.3898
28.4062	-9.35389	-11.3952
28.4161	-9.35928	-11.4006
28.4261	-9.36468	-11.406
28.4361	-9.37007	-11.4114
28.4461	-9.37547	-11.4168
28.456	-9.38086	-11.4222
28.466	-9.38626	-11.4276
28.476	-9.39166	-11.433
28.486	-9.39705	-11.4384
28.4959	-9.40245	-11.4438
28.5059	-9.40785	-11.4492
28.5159	-9.41325	-11.4546
28.5259	-9.41865	-11.46
28.5359	-9.42405	-11.4654
28.5458	-9.42945	-11.4708
28.5558	-9.43485	-11.4762
28.5658	-9.44025	-11.4816
28.5758	-9.44565	-11.487
28.5857	-9.45105	-11.4924
28.5957	-9.45646	-11.4978
28.6057	-9.46186	-11.5032
28.6157	-9.46726	-11.5086
28.6257	-9.47267	-11.514
28.6356	-9.47807	-11.5194
28.6456	-9.48348	-11.5248
28.6556	-9.48888	-11.5302
28.6656	-9.49429	-11.5356
28.6755	-9.4997	-11.541
28.6855	-9.5051	-11.5464
28.6955	-9.51051	-11.5518
28.7055	-9.51592	-11.5573
28.7155	-9.52133	-11.5627
28.7254	-9.52674	-11.5681
28.7354	-9.53215	-11.5735
28.7454	-9.53756	-11.5789
28.7554	-9.54297	-11.5843
28.7653	-9.54838	-11.5897
28.7753	-9.55379	-11.5951
28.7853	-9.5592	-11.6005
28.7953	-9.56462	-11.6059
28.8053	-9.57003	-11.6114
28.8152	-9.57544	-11.6168
28.8252	-9.58086	-11.6222
28.8352	-9.58627	-11.6276
28.8452	-9.59169	-11.633
28.8551	-9.5971	-11.6384
28.8651	-9.60252	-11.6438
28.8751	-9.60793	-11.6493
28.8851	-9.61335	-11.6547
28.895	-9.61877	-11.6601
28.905	-9.62418	-11.6655
28.915	-9.6296	-11.6709
28.925	-9.63502	-11.6764
28.935	-9.64044	-11.6818
28.9449	-9.64586	-11.6872
28.9549	-9.65128	-11.6926
28.9649	-9.6567	-11.698
28.9749	-9.66212	-11.7035
28.9848	-9.66754	-11.7089
28.9948	-9.67297	-11.7143
29.0048	-9.67839	-11.7197
29.0148	-9.68381	-11.7251
29.0248	-9.68923	-11.7306
29.0347	-9.69466	-11.736
29.0447	-9.70008	-11.7414
29.0547	-9.70551	-11.7468
29.0647	-9.71093	-11.7523
29.0746	-9.71636	-11.7577
29.0846	-9.72178	-11.7631
29.0946	-9.72721	-11.7685
29.1046	-9.73264	-11.774
29.1146	-9.73807	-11.7794
29.1245	-9.74349	-11.7848
29.1345	-9.74892	-11.7903
29.1445	-9.75435	-11.7957
29.1545	-9.75978	-11.8011
29.1644	-9.76521	-11.8065
29.1744	-9.77064	-11.812
29.1844	-9.77607	-11.8174
29.1944	-9.7815	-11.8228
29.2044	-9.78693	-11.8283
29.2143	-9.79237	-11.8337
29.2243	-9.7978	-11.8391
29.2343	-9.80323	-11.8446
29.2443	-9.80867	-11.85
29.2542	-9.8141	-11.8554
29.2642	-9.81953	-11.8609
29.2742	-9.82497	-11.8663
29.2842	-9.8304	-11.8717
29.2941	-9.83584	-11.8772
29.3041	-9.84128	-11.8826
29.3141	-9.84671	-11.888
29.3241	-9.85215	-11.8935
29.3341	-9.85759	-11.8989
29.344	-9.86303	-11.9044
29.354	-9.86846	-11.9098
29.364	-9.8739	-11.9152
29.374	-9.87934	-11.9207
29.3839	-9.88478	-11.9261
29.3939	-9.89022	-11.9316
29.4039	-9.89566	-11.937
29.4139	-9.9011	-11.9424
29.4239	-9.90655	-11.9479
29.4338	-9.91199	-11.9533
29.4438	-9.91743	-11.9588
29.4538	-9.92287	-11.9642
29.4638	-9.92832	-11.9696
29.4737	-9.93376	-11.9751
29.4837	-9.9392	-11.9805
29.4937	-9.94465	-11.986
29.5037	-9.95009	-11.9914
29.5137	-9.95554	-11.9969
29.5236	-9.96098	-12.0023
29.5336	-9.96643	-12.0078
29.5436	-9.97188	-12.0132
29.5536	-9.97732	-12.0187
29.5635	-9.98277	-12.0241
29.5735	-9.98822	-12.0296
29.5835	-9.99367	-12.035
29.5935	-9.99912	-12.0405
29.6035	-10.0046	-12.0459
29.6134	-10.01	-12.0513
29.6234	-10.0155	-12.0568
29.6334	-10.0209	-12.0623
29.6434	-10.0264	-12.0677
29.6533	-10.0318	-12.0732
29.6633	-10.0373	-12.0786
29.6733	-10.0427	-12.0841
29.6833	-10.0482	-12.0895
29.6932	-10.0536	-12.095
29.7032	-10.0591	-12.1004
29.7132	-10.0645	-12.1059
29.7232	-10.07	-12.1113
29.7332	-10.0754	-12.1168
29.7431	-10.0809	-12.1222
29.7531	-10.0864	-12.1277
29.7631	-10.0918	-12.1331
29.7731	-10.0973	-12.1386
29.783	-10.1027	-12.1441
29.793	-10.1082	-12.1495
29.803	-10.1136	-12.155
29.813	-10.1191	-12.1604
29.823	-10.1246	-12.1659
29.8329	-10.13	-12.1714
29.8429	-10.1355	-12.1768
29.8529	-10.1409	-12.1823
29.8629	-10.1464	-12.1877
29.8728	-10.1519	-12.1932
29.8828	-10.1573	-12.1987
29.8928	-10.1628	-12.2041
29.9028	-10.1682	-12.2096
29.9128	-10.1737	-12.215
29.9227	-10.1792	-12.2205
29.9327	-10.1846	-12.226
29.9427	-10.1901	-12.2314
29.9527	-10.1956	-12.2369
29.9626	-10.201	-12.2424
29.9726	-10.2065	-12.2478
29.9826	-10.212	-12.2533
29.9926	-10.2174	-12.2588
30.0026	-10.2229	-12.2642
30.0125	-10.2284	-12.2697
30.0225	-10.2338	-12.2752
30.0325	-10.2393	-12.2806
30.0425	-10.2448	-12.2861
30.0524	-10.2502	-12.2916
30.0624	-10.2557	-12.297
30.0724	-10.2612	-12.3025
30.0824	-10.2666	-12.308
30.0923	-10.2721	-12.3134
30.1023	-10.2776	-12.3189
30.1123	-10.283	-12.3244
30.1223	-10.2885	-12.3298
30.1323	-10.294	-12.3353
30.1422	-10.2995	-12.3408
30.1522	-10.3049	-12.3463
30.1622	-10.3104	-12.3517
30.1722	-10.3159	-12.3572
30.1821	-10.3213	-12.3627
30.1921	-10.3268	-12.3682
30.2021	-10.3323	-12.3736
30.2121	-10.3378	-12.3791
30.2221	-10.3432	-12.3846
30.232	-10.3487	-12.39
30.242	-10.3542	-12.3955
30.252	-10.3597	-12.401
30.262	-10.3651	-12.4065
30.2719	-10.3706	-12.412
30.2819	-10.3761	-12.4174
30.2919	-10.3816	-12.4229
30.3019	-10.3871	-12.4284
30.3119	-10.3925	-12.4339
30.3218	-10.398	-12.4393
30.3318	-10.4035	-12.4448
30.3418	-10.409	-12.4503
30.3518	-10.4145	-12.4558
30.3617	-10.4199	-12.4613
30.3717	-10.4254	-12.4667
30.3817	-10.4309	-12.4722
30.3917	-10.4364	-12.4777
30.4017	-10.4419	-12.4832
30.4116	-10.4473	-12.4887
30.4216	-10.4528	-12.4942
30.4316	-10.4583	-12.4996
30.4416	-10.4638	-12.5051
30.4515	-10.4693	-12.5106
30.4615	-10.4748	-12.5161
30.4715	-10.4802	-12.5216
30.4815	-10.4857	-12.5271
30.4914	-10.4912	-12.5325
30.5014	-10.4967	-12.538
30.5114	-10.5022	-12.5435
30.5214	-10.5077	-12.549
30.5314	-10.5132	-12.5545
30.5413	-10.5186	-12.56
30.5513	-10.5241	-12.5655
30.5613	-10.5296	-12.571
30.5713	-10.5351	-12.5764
30.5812	-10.5406	-12.5819
30.5912	-10.5461	-12.5874
30.6012	-10.5516	-12.5929
30.6112	-10.5571	-12.5984
30.6212	-10.5626	-12.6039
30.6311	-10.568	-12.6094
30.6411	-10.5735	-12.6149
30.6511	-10.579	-12.6204
30.6611	-10.5845	-12.6259
30.671	-10.59	-12.6313
30.681	-10.5955	-12.6368
30.691	-10.601	-12.6423
30.701	-10.6065	-12.6478
30.711	-10.612	-12.6533
30.7209	-10.6175	-12.6588
30.7309	-10.623	-12.6643
30.7409	-10.6285	-12.6698
30.7509	-10.634	-12.6753
30.7608	-10.6395	-12.6808
30.7708	-10.645	-12.6863
30.7808	-10.6504	-12.6918
30.7908	-10.6559	-12.6973
30.8008	-10.6614	-12.7028
30.8107	-10.6669	-12.7083
30.8207	-10.6724	-12.7138
30.8307	-10.6779	-12.7193
30.8407	-10.6834	-12.7248
30.8506	-10.6889	-12.7303
30.8606	-10.6944	-12.7358
30.8706	-10.6999	-12.7413
30.8806	-10.7054	-12.7468
30.8905	-10.7109	-12.7523
30.9005	-10.7164	-12.7578
30.9105	-10.7219	-12.7633
30.9205	-10.7274	-12.7688
30.9305	-10.7329	-12.7743
30.9404	-10.7384	-12.7798
30.9504	-10.7439	-12.7853
30.9604	-10.7494	-12.7908
30.9704	-10.7549	-12.7963
30.9803	-10.7604	-12.8018
30.9903	-10.7659	-12.8073
31.0003	-10.7715	-12.8128
31.0103	-10.777	-12.8183
31.0203	-10.7825	-12.8238
31.0302	-10.788	-12.8293
31.0402	-10.7935	-12.8348
31.0502	-10.799	-12.8403
31.0602	-10.8045	-12.8458
31.0701	-10.81	-12.8513
31.0801	-10.8155	-12.8568
31.0901	-10.821	-12.8623
31.1001	-10.8265	-12.8678
31.1101	-10.832	-12.8734
31.12	-10.8375	-12.8789
31.13	-10.843	-12.8844
31.14	-10.8485	-12.8899
31.15	-10.8541	-12.8954
31.1599	-10.8596	-12.9009
31.1699	-10.8651	-12.9064
31.1799	-10.8706	-12.9119
31.1899	-10.8761	-12.9174
31.1998	-10.8816	-12.9229
31.2098	-10.8871	-12.9285
31.2198	-10.8926	-12.934
31.2298	-10.8981	-12.9395
31.2398	-10.9037	-12.945
31.2497	-10.9092	-12.9505
31.2597	-10.9147	-12.956
31.2697	-10.9202	-12.9615
31.2797	-10.9257	-12.967
31.2896	-10.9312	-12.9726
31.2996	-10.9367	-12.9781
31.3096	-10.9423	-12.9836
31.3196	-10.9478	-12.9891
31.3296	-10.9533	-12.9946
31.3395	-10.9588	-13.0001
31.3495	-10.9643	-13.0056
31.3595	-10.9698	-13.0112
31.3695	-10.9753	-13.0167
31.3794	-10.9809	-13.0222
31.3894	-10.9864	-13.0277
31.3994	-10.9919	-13.0332
31.4094	-10.9974	-13.0388
31.4194	-11.0029	-13.0443
31.4293	-11.0085	-13.0498
31.4393	-11.014	-13.0553
31.4493	-11.0195	-13.0608
31.4593	-11.025	-13.0663
31.4692	-11.0305	-13.0719
31.4792	-11.0361	-13.0774
31.4892	-11.0416	-13.0829
31.4992	-11.0471	-13.0884
31.5092	-11.0526	-13.094
31.5191	-11.0581	-13.0995
31.5291	-11.0637	-13.105
31.5391	-11.0692	-13.1105
31.5491	-11.0747	-13.116
31.559	-11.0802	-13.1216
31.569	-11.0858	-13.1271
31.579	-11.0913	-13.1326
31.589	-11.0968	-13.1381
31.5989	-11.1023	-13.1437
31.6089	-11.1079	-13.1492
31.6189	-11.1134	-13.1547
31.6289	-11.1189	-13.1602
31.6389	-11.1244	-13.1658
31.6488	-11.13	-13.1713
31.6588	-11.1355	-13.1768
31.6688	-11.141	-13.1823
31.6788	-11.1465	-13.1879
31.6887	-11.1521	-13.1934
31.6987	-11.1576	-13.1989
31.7087	-11.1631	-13.2044
31.7187	-11.1686	-13.21
31.7287	-11.1742	-13.2155
31.7386	-11.1797	-13.221
31.7486	-11.1852	-13.2266
31.7586	-11.1908	-13.2321
31.7686	-11.1963	-13.2376
31.7785	-11.2018	-13.2432
31.7885	-11.2074	-13.2487
31.7985	-11.2129	-13.2542
31.8085	-11.2184	-13.2597
31.8185	-11.2239	-13.2653
31.8284	-11.2295	-13.2708
31.8384	-11.235	-13.2763
31.8484	-11.2405	-13.2819
31.8584	-11.2461	-13.2874
31.8683	-11.2516	-13.2929
31.8783	-11.2571	-13.2985
31.8883	-11.2627	-13.304
31.8983	-11.2682	-13.3095
31.9083	-11.2737	-13.3151
31.9182	-11.2793	-13.3206
31.9282	-11.2848	-13.3261
31.9382	-11.2903	-13.3317
31.9482	-11.2959	-13.3372
31.9581	-11.3014	-13.3428
31.9681	-11.307	-13.3483
31.9781	-11.3125	-13.3538
31.9881	-11.318	-13.3594
31.998	-11.3236	-13.3649
32.008	-11.3291	-13.3704
32.018	-11.3346	-13.376
32.028	-11.3402	-13.3815
32.038	-11.3457	-13.387
32.0479	-11.3513	-13.3926
32.0579	-11.3568	-13.3981
32.0679	-11.3623	-13.4037
32.0779	-11.3679	-13.4092
32.0878	-11.3734	-13.4147
32.0978	-11.379	-13.4203
32.1078	-11.3845	-13.4258
32.1178	-11.39	-13.4314
32.1278	-11.3956	-13.4369
32.1377	-11.4011	-13.4425
32.1477	-11.4067	-13.448
32.1577	-11.4122	-13.4535
32.1677	-11.4177	-13.4591
32.1776	-11.4233	-13.4646
32.1876	-11.4288	-13.4702
32.1976	-11.4344	-13.4757
32.2076	-11.4399	-13.4812
32.2176	-11.4455	-13.4868
32.2275	-11.451	-13.4923
32.2375	-11.4565	-13.4979
32.2475	-11.4621	-13.5034
32.2575	-11.4676	-13.509
32.2674	-11.4732	-13.5145
32.2774	-11.4787	-13.5201
32.2874	-11.4843	-13.5256
32.2974	-11.4898	-13.5312
32.3074	-11.4954	-13.5367
32.3173	-11.5009	-13.5422
32.3273	-11.5065	-13.5478
32.3373	-11.512	-13.5533
32.3473	-11.5176	-13.5589
32.3572	-11.5231	-13.5644
32.3672	-11.5287	-13.57
32.3772	-11.5342	-13.5755
32.3872	-11.5397	-13.5811
32.3971	-11.5453	-13.5866
32.4071	-11.5508	-13.5922
32.4171	-11.5564	-13.5977
32.4271	-11.5619	-13.6033
32.4371	-11.5675	-13.6088
32.447	-11.573	-13.6144
32.457	-11.5786	-13.6199
32.467	-11.5842	-13.6255
32.477	-11.5897	-13.631
32.4869	-11.5953	-13.6366
32.4969	-11.6008	-13.6421
32.5069	-11.6064	-13.6477
32.5169	-11.6119	-13.6532
32.5269	-11.6175	-13.6588
32.5368	-11.623	-13.6643
32.5468	-11.6286	-13.6699
32.5568	-11.6341	-13.6755
32.5668	-11.6397	-13.681
32.5767	-11.6452	-13.6866
32.5867	-11.6508	-13.6921
32.5967	-11.6563	-13.6977
32.6067	-11.6619	-13.7032
32.6167	-11.6675	-13.7088
32.6266	-11.673	-13.7143
32.6366	-11.6786	-13.7199
32.6466	-11.6841	-13.7255
32.6566	-11.6897	-13.731
32.6665	-11.6952	-13.7366
32.6765	-11.7008	-13.7421
32.6865	-11.7063	-13.7477
32.6965	-11.7119	-13.7532
32.7065	-11.7175	-13.7588
32.7164	-11.723	-13.7644
32.7264	-11.7286	-13.7699
32.7364	-11.7341	-13.7755
32.7464	-11.7397	-13.781
32.7563	-11.7453	-13.7866
32.7663	-11.7508	-13.7922
32.7763	-11.7564	-13.7977
32.7863	-11.7619	-13.8033
32.7962	-11.7675	-13.8088
32.8062	-11.7731	-13.8144
32.8162	-11.7786	-13.82
32.8262	-11.7842	-13.8255
32.8362	-11.7897	-13.8311
32.8461	-11.7953	-13.8366
32.8561	-11.8009	-13.8422
32.8661	-11.8064	-13.8478
32.8761	-11.812	-13.8533
32.886	-11.8176	-13.8589
32.896	-11.8231	-13.8645
32.906	-11.8287	-13.87
32.916	-11.8342	-13.8756
32.926	-11.8398	-13.8811
32.9359	-11.8454	-13.8867
32.9459	-11.8509	-13.8923
32.9559	-11.8565	-13.8978
32.9659	-11.8621	-13.9034
32.9758	-11.8676	-13.909
32.9858	-11.8732	-13.9145
32.9958	-11.8788	-13.9201
33.0058	-11.8843	-13.9257
33.0158	-11.8899	-13.9312
33.0257	-11.8955	-13.9368
33.0357	-11.901	-13.9424
33.0457	-11.9066	-13.9479
33.0557	-11.9122	-13.9535
33.0656	-11.9177	-13.9591
33.0756	-11.9233	-13.9646
33.0856	-11.9289	-13.9702
33.0956	-11.9344	-13.9758
33.1056	-11.94	-13.9813
33.1155	-11.9456	-13.9869
33.1255	-11.9511	-13.9925
33.1355	-11.9567	-13.9981
33.1455	-11.9623	-14.0036
33.1554	-11.9679	-14.0092
33.1654	-11.9734	-14.0148
33.1754	-11.979	-14.0203
33.1854	-11.9846	-14.0259
33.1953	-11.9901	-14.0315
33.2053	-11.9957	-14.037
33.2153	-12.0013	-14.0426
33.2253	-12.0069	-14.0482
33.2353	-12.0124	-14.0538
33.2452	-12.018	-14.0593
33.2552	-12.0236	-14.0649
33.2652	-12.0291	-14.0705
33.2752	-12.0347	-14.0761
33.2851	-12.0403	-14.0816
33.2951	-12.0459	-14.0872
33.3051	-12.0514	-14.0928
33.3151	-12.057	-14.0984
33.3251	-12.0626	-14.1039
33.335	-12.0682	-14.1095
33.345	-12.0737	-14.1151
33.355	-12.0793	-14.1207
33.365	-12.0849	-14.1262
33.3749	-12.0905	-14.1318
33.3849	-12.096	-14.1374
33.3949	-12.1016	-14.143
33.4049	-12.1072	-14.1485
33.4149	-12.1128	-14.1541
33.4248	-12.1184	-14.1597
33.4348	-12.1239	-14.1653
33.4448	-12.1295	-14.1708
33.4548	-12.1351	-14.1764
33.4647	-12.1407	-14.182
33.4747	-12.1462	-14.1876
33.4847	-12.1518	-14.1932
33.4947	-12.1574	-14.1987
33.5047	-12.163	-14.2043
33.5146	-12.1686	-14.2099
33.5246	-12.1741	-14.2155
33.5346	-12.1797	-14.2211
33.5446	-12.1853	-14.2266
33.5545	-12.1909	-14.2322
33.5645	-12.1965	-14.2378
33.5745	-12.202	-14.2434
33.5845	-12.2076	-14.249
33.5944	-12.2132	-14.2545
33.6044	-12.2188	-14.2601
33.6144	-12.2244	-14.2657
33.6244	-12.23	-14.2713
33.6344	-12.2355	-14.2769
33.6443	-12.2411	-14.2824
33.6543	-12.2467	-14.288
33.6643	-12.2523	-14.2936
33.6743	-12.2579	-14.2992
33.6842	-12.2634	-14.3048
33.6942	-12.269	-14.3104
33.7042	-12.2746	-14.316
33.7142	-12.2802	-14.3215
33.7242	-12.2858	-14.3271
33.7341	-12.2914	-14.3327
33.7441	-12.297	-14.3383
33.7541	-12.3025	-14.3439
33.7641	-12.3081	-14.3495
33.774	-12.3137	-14.355
33.784	-12.3193	-14.3606
33.794	-12.3249	-14.3662
33.804	-12.3305	-14.3718
33.814	-12.3361	-14.3774
33.8239	-12.3416	-14.383
33.8339	-12.3472	-14.3886
33.8439	-12.3528	-14.3942
33.8539	-12.3584	-14.3997
33.8638	-12.364	-14.4053
33.8738	-12.3696	-14.4109
33.8838	-12.3752	-14.4165
33.8938	-12.3808	-14.4221
33.9038	-12.3864	-14.4277
33.9137	-12.3919	-14.4333
33.9237	-12.3975	-14.4389
33.9337	-12.4031	-14.4445
33.9437	-12.4087	-14.45
33.9536	-12.4143	-14.4556
33.9636	-12.4199	-14.4612
33.9736	-12.4255	-14.4668
33.9836	-12.4311	-14.4724
33.9935	-12.4367	-14.478
34.0035	-12.4423	-14.4836
34.0135	-12.4478	-14.4892
34.0235	-12.4534	-14.4948
34.0335	-12.459	-14.5004
34.0434	-12.4646	-14.506
34.0534	-12.4702	-14.5116
34.0634	-12.4758	-14.5171
34.0734	-12.4814	-14.5227
34.0833	-12.487	-14.5283
34.0933	-12.4926	-14.5339
34.1033	-12.4982	-14.5395
34.1133	-12.5038	-14.5451
34.1233	-12.5094	-14.5507
34.1332	-12.515	-14.5563
34.1432	-12.5206	-14.5619
34.1532	-12.5262	-14.5675
34.1632	-12.5318	-14.5731
34.1731	-12.5373	-14.5787
34.1831	-12.5429	-14.5843
34.1931	-12.5485	-14.5899
34.2031	-12.5541	-14.5955
34.2131	-12.5597	-14.6011
34.223	-12.5653	-14.6067
34.233	-12.5709	-14.6123
34.243	-12.5765	-14.6179
34.253	-12.5821	-14.6235
34.2629	-12.5877	-14.6291
34.2729	-12.5933	-14.6346
34.2829	-12.5989	-14.6402
34.2929	-12.6045	-14.6458
34.3029	-12.6101	-14.6514
34.3128	-12.6157	-14.657
34.3228	-12.6213	-14.6626
34.3328	-12.6269	-14.6682
34.3428	-12.6325	-14.6738
34.3527	-12.6381	-14.6794
34.3627	-12.6437	-14.685
34.3727	-12.6493	-14.6906
34.3827	-12.6549	-14.6962
34.3926	-12.6605	-14.7018
34.4026	-12.6661	-14.7074
34.4126	-12.6717	-14.713
34.4226	-12.6773	-14.7186
34.4326	-12.6829	-14.7242
34.4425	-12.6885	-14.7298
34.4525	-12.6941	-14.7354
34.4625	-12.6997	-14.741
34.4725	-12.7053	-14.7466
34.4824	-12.7109	-14.7523
34.4924	-12.7165	-14.7579
34.5024	-12.7221	-14.7635
34.5124	-12.7277	-14.7691
34.5224	-12.7333	-14.7747
34.5323	-12.7389	-14.7803
34.5423	-12.7445	-14.7859
34.5523	-12.7501	-14.7915
34.5623	-12.7557	-14.7971
34.5722	-12.7614	-14.8027
34.5822	-12.767	-14.8083
34.5922	-12.7726	-14.8139
34.6022	-12.7782	-14.8195
34.6122	-12.7838	-14.8251
34.6221	-12.7894	-14.8307
34.6321	-12.795	-14.8363
34.6421	-12.8006	-14.8419
34.6521	-12.8062	-14.8475
34.662	-12.8118	-14.8531
34.672	-12.8174	-14.8587
34.682	-12.823	-14.8643
34.692	-12.8286	-14.87
34.702	-12.8342	-14.8756
34.7119	-12.8398	-14.8812
34.7219	-12.8454	-14.8868
34.7319	-12.8511	-14.8924
34.7419	-12.8567	-14.898
34.7518	-12.8623	-14.9036
34.7618	-12.8679	-14.9092
34.7718	-12.8735	-14.9148
34.7818	-12.8791	-14.9204
34.7917	-12.8847	-14.926
34.8017	-12.8903	-14.9316
34.8117	-12.8959	-14.9373
34.8217	-12.9015	-14.9429
34.8317	-12.9071	-14.9485
34.8416	-12.9128	-14.9541
34.8516	-12.9184	-14.9597
34.8616	-12.924	-14.9653
34.8716	-12.9296	-14.9709
34.8815	-12.9352	-14.9765
34.8915	-12.9408	-14.9821
34.9015	-12.9464	-14.9878
34.9115	-12.952	-14.9934
34.9215	-12.9576	-14.999
34.9314	-12.9633	-15.0046
34.9414	-12.9689	-15.0102
34.9514	-12.9745	-15.0158
34.9614	-12.9801	-15.0214
34.9713	-12.9857	-15.027
34.9813	-12.9913	-15.0327
34.9913	-12.9969	-15.0383
35.0013	-13.0025	-15.0439
35.0113	-13.0082	-15.0495
35.0212	-13.0138	-15.0551
35.0312	-13.0194	-15.0607
35.0412	-13.025	-15.0663
35.0512	-13.0306	-15.0719
35.0611	-13.0362	-15.0776
35.0711	-13.0418	-15.0832
35.0811	-13.0475	-15.0888
35.0911	-13.0531	-15.0944
35.1011	-13.0587	-15.1
35.111	-13.0643	-15.1056
35.121	-13.0699	-15.1113
35.131	-13.0755	-15.1169
35.141	-13.0812	-15.1225
35.1509	-13.0868	-15.1281
35.1609	-13.0924	-15.1337
35.1709	-13.098	-15.1393
35.1809	-13.1036	-15.145
35.1908	-13.1092	-15.1506
35.2008	-13.1149	-15.1562
35.2108	-13.1205	-15.1618
35.2208	-13.1261	-15.1674
35.2308	-13.1317	-15.173
35.2407	-13.1373	-15.1787
35.2507	-13.143	-15.1843
35.2607	-13.1486	-15.1899
35.2707	-13.1542	-15.1955
35.2806	-13.1598	-15.2011
35.2906	-13.1654	-15.2068
35.3006	-13.171	-15.2124
35.3106	-13.1767	-15.218
35.3206	-13.1823	-15.2236
35.3305	-13.1879	-15.2292
35.3405	-13.1935	-15.2349
35.3505	-13.1992	-15.2405
35.3605	-13.2048	-15.2461
35.3704	-13.2104	-15.2517
35.3804	-13.216	-15.2573
35.3904	-13.2216	-15.263
35.4004	-13.2273	-15.2686
35.4104	-13.2329	-15.2742
35.4203	-13.2385	-15.2798
35.4303	-13.2441	-15.2855
35.4403	-13.2497	-15.2911
35.4503	-13.2554	-15.2967
35.4602	-13.261	-15.3023
35.4702	-13.2666	-15.3079
35.4802	-13.2722	-15.3136
35.4902	-13.2779	-15.3192
35.5002	-13.2835	-15.3248
35.5101	-13.2891	-15.3304
35.5201	-13.2947	-15.3361
35.5301	-13.3004	-15.3417
35.5401	-13.306	-15.3473
35.55	-13.3116	-15.3529
35.56	-13.3172	-15.3586
35.57	-13.3229	-15.3642
35.58	-13.3285	-15.3698
35.5899	-13.3341	-15.3754
35.5999	-13.3397	-15.3811
35.6099	-13.3454	-15.3867
35.6199	-13.351	-15.3923
35.6299	-13.3566	-15.3979
35.6398	-13.3622	-15.4036
35.6498	-13.3679	-15.4092
35.6598	-13.3735	-15.4148
35.6698	-13.3791	-15.4205
35.6797	-13.3847	-15.4261
35.6897	-13.3904	-15.4317
35.6997	-13.396	-15.4373
35.7097	-13.4016	-15.443
35.7197	-13.4073	-15.4486
35.7296	-13.4129	-15.4542
35.7396	-13.4185	-15.4598
35.7496	-13.4241	-15.4655
35.7596	-13.4298	-15.4711
35.7695	-13.4354	-15.4767
35.7795	-13.441	-15.4824
35.7895	-13.4467	-15.488
35.7995	-13.4523	-15.4936
35.8095	-13.4579	-15.4993
35.8194	-13.4635	-15.5049
35.8294	-13.4692	-15.5105
35.8394	-13.4748	-15.5161
35.8494	-13.4804	-15.5218
35.8593	-13.4861	-15.5274
35.8693	-13.4917	-15.533
35.8793	-13.4973	-15.5387
35.8893	-13.503	-15.5443
35.8992	-13.5086	-15.5499
35.9092	-13.5142	-15.5556
35.9192	-13.5199	-15.5612
35.9292	-13.5255	-15.5668
35.9392	-13.5311	-15.5725
35.9491	-13.5368	-15.5781
35.9591	-13.5424	-15.5837
35.9691	-13.548	-15.5894
35.9791	-13.5537	-15.595
35.989	-13.5593	-15.6006
35.999	-13.5649	-15.6063
36.009	-13.5706	-15.6119
36.019	-13.5762	-15.6175
36.029	-13.5818	-15.6232
36.0389	-13.5875	-15.6288
36.0489	-13.5931	-15.6344
36.0589	-13.5987	-15.6401
36.0689	-13.6044	-15.6457
36.0788	-13.61	-15.6513
36.0888	-13.6156	-15.657
36.0988	-13.6213	-15.6626
36.1088	-13.6269	-15.6682
36.1188	-13.6325	-15.6739
36.1287	-13.6382	-15.6795
36.1387	-13.6438	-15.6851
36.1487	-13.6494	-15.6908
36.1587	-13.6551	-15.6964
36.1686	-13.6607	-15.702
36.1786	-13.6664	-15.7077
36.1886	-13.672	-15.7133
36.1986	-13.6776	-15.719
36.2086	-13.6833	-15.7246
36.2185	-13.6889	-15.7302
36.2285	-13.6945	-15.7359
36.2385	-13.7002	-15.7415
36.2485	-13.7058	-15.7471
36.2584	-13.7115	-15.7528
36.2684	-13.7171	-15.7584
36.2784	-13.7227	-15.7641
36.2884	-13.7284	-15.7697
36.2983	-13.734	-15.7753
36.3083	-13.7396	-15.781
36.3183	-13.7453	-15.7866
36.3283	-13.7509	-15.7923
36.3383	-13.7566	-15.7979
36.3482	-13.7622	-15.8035
36.3582	-13.7678	-15.8092
36.3682	-13.7735	-15.8148
36.3782	-13.7791	-15.8205
36.3881	-13.7848	-15.8261
36.3981	-13.7904	-15.8317
36.4081	-13.796	-15.8374
36.4181	-13.8017	-15.843
36.4281	-13.8073	-15.8487
36.438	-13.813	-15.8543
36.448	-13.8186	-15.8599
36.458	-13.8242	-15.8656
36.468	-13.8299	-15.8712
36.4779	-13.8355	-15.8769
36.4879	-13.8412	-15.8825
36.4979	-13.8468	-15.8882
36.5079	-13.8525	-15.8938
36.5179	-13.8581	-15.8994
36.5278	-13.8637	-15.9051
36.5378	-13.8694	-15.9107
36.5478	-13.875	-15.9164
36.5578	-13.8807	-15.922
36.5677	-13.8863	-15.9277
36.5777	-13.892	-15.9333
36.5877	-13.8976	-15.9389
36.5977	-13.9033	-15.9446
36.6077	-13.9089	-15.9502
36.6176	-13.9145	-15.9559
36.6276	-13.9202	-15.9615
36.6376	-13.9258	-15.9672
36.6476	-13.9315	-15.9728
36.6575	-13.9371	-15.9785
36.6675	-13.9428	-15.9841
36.6775	-13.9484	-15.9897
36.6875	-13.9541	-15.9954
36.6974	-13.9597	-16.001
36.7074	-13.9653	-16.0067
36.7174	-13.971	-16.0123
36.7274	-13.9766	-16.018
36.7374	-13.9823	-16.0236
36.7473	-13.9879	-16.0293
36.7573	-13.9936	-16.0349
36.7673	-13.9992	-16.0406
36.7773	-14.0049	-16.0462
36.7872	-14.0105	-16.0519
36.7972	-14.0162	-16.0575
36.8072	-14.0218	-16.0631
36.8172	-14.0275	-16.0688
36.8272	-14.0331	-16.0744
36.8371	-14.0388	-16.0801
36.8471	-14.0444	-16.0857
36.8571	-14.0501	-16.0914
36.8671	-14.0557	-16.097
36.877	-14.0614	-16.1027
36.887	-14.067	-16.1083
36.897	-14.0727	-16.114
36.907	-14.0783	-16.1196
36.917	-14.084	-16.1253
36.9269	-14.0896	-16.1309
36.9369	-14.0953	-16.1366
36.9469	-14.1009	-16.1422
36.9569	-14.1066	-16.1479
36.9668	-14.1122	-16.1535
36.9768	-14.1179	-16.1592
36.9868	-14.1235	-16.1648
36.9968	-14.1292	-16.1705
37.0068	-14.1348	-16.1761
37.0167	-14.1405	-16.1818
37.0267	-14.1461	-16.1874
37.0367	-14.1518	-16.1931
37.0467	-14.1574	-16.1987
37.0566	-14.1631	-16.2044
37.0666	-14.1687	-16.21
37.0766	-14.1744	-16.2157
37.0866	-14.18	-16.2214
37.0965	-14.1857	-16.227
37.1065	-14.1913	-16.2327
37.1165	-14.197	-16.2383
37.1265	-14.2026	-16.244
37.1365	-14.2083	-16.2496
37.1464	-14.2139	-16.2553
37.1564	-14.2196	-16.2609
37.1664	-14.2252	-16.2666
37.1764	-14.2309	-16.2722
37.1863	-14.2366	-16.2779
37.1963	-14.2422	-16.2835
37.2063	-14.2479	-16.2892
37.2163	-14.2535	-16.2949
37.2263	-14.2592	-16.3005
37.2362	-14.2648	-16.3062
37.2462	-14.2705	-16.3118
37.2562	-14.2761	-16.3175
37.2662	-14.2818	-16.3231
37.2761	-14.2874	-16.3288
37.2861	-14.2931	-16.3344
37.2961	-14.2988	-16.3401
37.3061	-14.3044	-16.3457
37.3161	-14.3101	-16.3514
37.326	-14.3157	-16.3571
37.336	-14.3214	-16.3627
37.346	-14.327	-16.3684
37.356	-14.3327	-16.374
37.3659	-14.3384	-16.3797
37.3759	-14.344	-16.3853
37.3859	-14.3497	-16.391
37.3959	-14.3553	-16.3967
37.4059	-14.361	-16.4023
37.4158	-14.3666	-16.408
37.4258	-14.3723	-16.4136
37.4358	-14.378	-16.4193
37.4458	-14.3836	-16.425
37.4557	-14.3893	-16.4306
37.4657	-14.3949	-16.4363
37.4757	-14.4006	-16.4419
37.4857	-14.4063	-16.4476
37.4956	-14.4119	-16.4532
37.5056	-14.4176	-16.4589
37.5156	-14.4232	-16.4646
37.5256	-14.4289	-16.4702
37.5356	-14.4346	-16.4759
37.5455	-14.4402	-16.4815
37.5555	-14.4459	-16.4872
37.5655	-14.4515	-16.4929
37.5755	-14.4572	-16.4985
37.5854	-14.4629	-16.5042
37.5954	-14.4685	-16.5098
37.6054	-14.4742	-16.5155
37.6154	-14.4798	-16.5212
37.6254	-14.4855	-16.5268
37.6353	-14.4912	-16.5325
37.6453	-14.4968	-16.5382
37.6553	-14.5025	-16.5438
37.6653	-14.5081	-16.5495
37.6752	-14.5138	-16.5551
37.6852	-14.5195	-16.5608
37.6952	-14.5251	-16.5665
37.7052	-14.5308	-16.5721
37.7152	-14.5365	-16.5778
37.7251	-14.5421	-16.5834
37.7351	-14.5478	-16.5891
37.7451	-14.5534	-16.5948
37.7551	-14.5591	-16.6004
37.765	-14.5648	-16.6061
37.775	-14.5704	-16.6118
37.785	-14.5761	-16.6174
37.795	-14.5818	-16.6231
37.805	-14.5874	-16.6288
37.8149	-14.5931	-16.6344
37.8249	-14.5988	-16.6401
37.8349	-14.6044	-16.6457
37.8449	-14.6101	-16.6514
37.8548	-14.6157	-16.6571
37.8648	-14.6214	-16.6627
37.8748	-14.6271	-16.6684
37.8848	-14.6327	-16.6741
37.8947	-14.6384	-16.6797
37.9047	-14.6441	-16.6854
37.9147	-14.6497	-16.6911
37.9247	-14.6554	-16.6967
37.9347	-14.6611	-16.7024
37.9446	-14.6667	-16.7081
37.9546	-14.6724	-16.7137
37.9646	-14.6781	-16.7194
37.9746	-14.6837	-16.7251
37.9845	-14.6894	-16.7307
37.9945	-14.6951	-16.7364
38.0045	-14.7007	-16.7421
38.0145	-14.7064	-16.7477
38.0245	-14.7121	-16.7534
38.0344	-14.7177	-16.7591
38.0444	-14.7234	-16.7647
38.0544	-14.7291	-16.7704
38.0644	-14.7347	-16.7761
38.0743	-14.7404	-16.7817
38.0843	-14.7461	-16.7874
38.0943	-14.7517	-16.7931
38.1043	-14.7574	-16.7987
38.1143	-14.7631	-16.8044
38.1242	-14.7688	-16.8101
38.1342	-14.7744	-16.8158
38.1442	-14.7801	-16.8214
38.1542	-14.7858	-16.8271
38.1641	-14.7914	-16.8328
38.1741	-14.7971	-16.8384
38.1841	-14.8028	-16.8441
38.1941	-14.8084	-16.8498
38.2041	-14.8141	-16.8554
38.214	-14.8198	-16.8611
38.224	-14.8255	-16.8668
38.234	-14.8311	-16.8725
38.244	-14.8368	-16.8781
38.2539	-14.8425	-16.8838
38.2639	-14.8481	-16.8895
38.2739	-14.8538	-16.8951
38.2839	-14.8595	-16.9008
38.2938	-14.8652	-16.9065
38.3038	-14.8708	-16.9122
38.3138	-14.8765	-16.9178
38.3238	-14.8822	-16.9235
38.3338	-14.8878	-16.9292
38.3437	-14.8935	-16.9348
38.3537	-14.8992	-16.9405
38.3637	-14.9049	-16.9462
38.3737	-14.9105	-16.9519
38.3836	-14.9162	-16.9575
38.3936	-14.9219	-16.9632
38.4036	-14.9275	-16.9689
38.4136	-14.9332	-16.9746
38.4236	-14.9389	-16.9802
38.4335	-14.9446	-16.9859
38.4435	-14.9502	-16.9916
38.4535	-14.9559	-16.9972
38.4635	-14.9616	-17.0029
38.4734	-14.9673	-17.0086
38.4834	-14.9729	-17.0143
38.4934	-14.9786	-17.0199
38.5034	-14.9843	-17.0256
38.5134	-14.99	-17.0313
38.5233	-14.9956	-17.037
38.5333	-15.0013	-17.0426
38.5433	-15.007	-17.0483
38.5533	-15.0127	-17.054
38.5632	-15.0183	-17.0597
38.5732	-15.024	-17.0653
38.5832	-15.0297	-17.071
38.5932	-15.0354	-17.0767
38.6032	-15.041	-17.0824
38.6131	-15.0467	-17.0881
38.6231	-15.0524	-17.0937
38.6331	-15.0581	-17.0994
38.6431	-15.0637	-17.1051
38.653	-15.0694	-17.1108
38.663	-15.0751	-17.1164
38.673	-15.0808	-17.1221
38.683	-15.0865	-17.1278
38.6929	-15.0921	-17.1335
38.7029	-15.0978	-17.1391
38.7129	-15.1035	-17.1448
38.7229	-15.1092	-17.1505
38.7329	-15.1148	-17.1562
38.7428	-15.1205	-17.1619
38.7528	-15.1262	-17.1675
38.7628	-15.1319	-17.1732
38.7728	-15.1376	-17.1789
38.7827	-15.1432	-17.1846
38.7927	-15.1489	-17.1903
38.8027	-15.1546	-17.1959
38.8127	-15.1603	-17.2016
38.8227	-15.166	-17.2073
38.8326	-15.1716	-17.213
38.8426	-15.1773	-17.2186
38.8526	-15.183	-17.2243
38.8626	-15.1887	-17.23
38.8725	-15.1944	-17.2357
38.8825	-15.2	-17.2414
38.8925	-15.2057	-17.247
38.9025	-15.2114	-17.2527
38.9125	-15.2171	-17.2584
38.9224	-15.2228	-17.2641
38.9324	-15.2284	-17.2698
38.9424	-15.2341	-17.2755
38.9524	-15.2398	-17.2811
38.9623	-15.2455	-17.2868
38.9723	-15.2512	-17.2925
38.9823	-15.2568	-17.2982
38.9923	-15.2625	-17.3039
39.0023	-15.2682	-17.3095
39.0122	-15.2739	-17.3152
39.0222	-15.2796	-17.3209
39.0322	-15.2853	-17.3266
39.0422	-15.2909	-17.3323
39.0521	-15.2966	-17.338
39.0621	-15.3023	-17.3436
39.0721	-15.308	-17.3493
39.0821	-15.3137	-17.355
39.092	-15.3194	-17.3607
39.102	-15.325	-17.3664
39.112	-15.3307	-17.3721
39.122	-15.3364	-17.3777
39.132	-15.3421	-17.3834
39.1419	-15.3478	-17.3891
39.1519	-15.3535	-17.3948
39.1619	-15.3591	-17.4005
39.1719	-15.3648	-17.4062
39.1818	-15.3705	-17.4118
39.1918	-15.3762	-17.4175
39.2018	-15.3819	-17.4232
39.2118	-15.3876	-17.4289
39.2218	-15.3932	-17.4346
39.2317	-15.3989	-17.4403
39.2417	-15.4046	-17.446
39.2517	-15.4103	-17.4516
39.2617	-15.416	-17.4573
39.2716	-15.4217	-17.463
39.2816	-15.4274	-17.4687
39.2916	-15.433	-17.4744
39.3016	-15.4387	-17.4801
39.3116	-15.4444	-17.4858
39.3215	-15.4501	-17.4914
39.3315	-15.4558	-17.4971
39.3415	-15.4615	-17.5028
39.3515	-15.4672	-17.5085
39.3614	-15.4729	-17.5142
39.3714	-15.4785	-17.5199
39.3814	-15.4842	-17.5256
39.3914	-15.4899	-17.5312
39.4014	-15.4956	-17.5369
39.4113	-15.5013	-17.5426
39.4213	-15.507	-17.5483
39.4313	-15.5127	-17.554
39.4413	-15.5184	-17.5597
39.4512	-15.524	-17.5654
39.4612	-15.5297	-17.5711
39.4712	-15.5354	-17.5768
39.4812	-15.5411	-17.5824
39.4911	-15.5468	-17.5881
39.5011	-15.5525	-17.5938
39.5111	-15.5582	-17.5995
39.5211	-15.5639	-17.6052
39.5311	-15.5696	-17.6109
39.541	-15.5752	-17.6166
39.551	-15.5809	-17.6223
39.561	-15.5866	-17.628
39.571	-15.5923	-17.6336
39.5809	-15.598	-17.6393
39.5909	-15.6037	-17.645
39.6009	-15.6094	-17.6507
39.6109	-15.6151	-17.6564
39.6209	-15.6208	-17.6621
39.6308	-15.6265	-17.6678
39.6408	-15.6322	-17.6735
39.6508	-15.6378	-17.6792
39.6608	-15.6435	-17.6849
39.6707	-15.6492	-17.6906
39.6807	-15.6549	-17.6962
39.6907	-15.6606	-17.7019
39.7007	-15.6663	-17.7076
39.7107	-15.672	-17.7133
39.7206	-15.6777	-17.719
39.7306	-15.6834	-17.7247
39.7406	-15.6891	-17.7304
39.7506	-15.6948	-17.7361
39.7605	-15.7005	-17.7418
39.7705	-15.7061	-17.7475
39.7805	-15.7118	-17.7532
39.7905	-15.7175	-17.7589
39.8005	-15.7232	-17.7646
39.8104	-15.7289	-17.7703
39.8204	-15.7346	-17.7759
39.8304	-15.7403	-17.7816
39.8404	-15.746	-17.7873
39.8503	-15.7517	-17.793
39.8603	-15.7574	-17.7987
39.8703	-15.7631	-17.8044
39.8803	-15.7688	-17.8101
39.8902	-15.7745	-17.8158
39.9002	-15.7802	-17.8215
39.9102	-15.7859	-17.8272
39.9202	-15.7916	-17.8329
39.9302	-15.7973	-17.8386
39.9401	-15.8029	-17.8443
39.9501	-15.8086	-17.85
39.9601	-15.8143	-17.8557
39.9701	-15.82	-17.8614
39.98	-15.8257	-17.8671
39.99	-15.8314	-17.8728
40	-15.8371	-17.8785
