Freq_GHz	Norm_dB
0.1	-1.7577494e-05
0.109982	-2.6498516e-05
0.11996399	-3.6267706e-05
0.12994599	-4.6885064e-05
0.13992799	-5.8350593e-05
0.14990998	-7.0664294e-05
0.15989198	-8.3826167e-05
0.16987397	-9.7836214e-05
0.17985597	-0.00011269444
0.18983797	-0.00012840084
0.19981996	-0.00014495542
0.20980196	-0.00016235818
0.21978396	-0.00018060912
0.22976595	-0.00019970825
0.23974795	-0.00021965556
0.24972995	-0.00024045106
0.25971194	-0.00026209475
0.26969394	-0.00028458664
0.27967594	-0.00030792672
0.28965793	-0.000332115
0.29963993	-0.00035715148
0.30962192	-0.00038303617
0.31960392	-0.00040976906
0.32958592	-0.00043735016
0.33956791	-0.00046577947
0.34954991	-0.00049505699
0.35953191	-0.00052518274
0.3695139	-0.0005561567
0.3794959	-0.0005879789
0.3894779	-0.00062064931
0.39945989	-0.00065416796
0.40944189	-0.00068853485
0.41942388	-0.00072374997
0.42940588	-0.00075981334
0.43938788	-0.00079672495
0.44936987	-0.00083448481
0.45935187	-0.00087309293
0.46933387	-0.00091254931
0.47931586	-0.00095285395
0.48929786	-0.00099400685
0.49927986	-0.001036008
0.50926185	-0.0010788575
0.51924385	-0.0011225552
0.52922585	-0.0011671012
0.53920784	-0.0012124955
0.54918984	-0.0012587381
0.55917183	-0.001305829
0.56915383	-0.0013537683
0.57913583	-0.0014025558
0.58911782	-0.0014521916
0.59909982	-0.0015026758
0.60908182	-0.0015540082
0.61906381	-0.001606189
0.62904581	-0.0016592182
0.63902781	-0.0017130957
0.6490098	-0.0017678215
0.6589918	-0.0018233957
0.66897379	-0.0018798183
0.67895579	-0.0019370892
0.68893779	-0.0019952085
0.69891978	-0.0020541761
0.70890178	-0.0021139922
0.71888378	-0.0021746566
0.72886577	-0.0022361695
0.73884777	-0.0022985307
0.74882977	-0.0023617404
0.75881176	-0.0024257984
0.76879376	-0.0024907049
0.77877576	-0.0025564599
0.78875775	-0.0026230632
0.79873975	-0.002690515
0.80872174	-0.0027588153
0.81870374	-0.002827964
0.82868574	-0.0028979612
0.83866773	-0.0029688069
0.84864973	-0.003040501
0.85863173	-0.0031130437
0.86861372	-0.0031864348
0.87859572	-0.0032606744
0.88857772	-0.0033357626
0.89855971	-0.0034116993
0.90854171	-0.0034884845
0.9185237	-0.0035661182
0.9285057	-0.0036446005
0.9384877	-0.0037239313
0.94846969	-0.0038041107
0.95845169	-0.0038851387
0.96843369	-0.0039670153
0.97841568	-0.0040497404
0.98839768	-0.0041333141
0.99837968	-0.0042177365
1.0083617	-0.0043030074
1.0183437	-0.004389127
1.0283257	-0.0044760953
1.0383077	-0.0045639121
1.0482897	-0.0046525776
1.0582717	-0.0047420918
1.0682537	-0.0048324546
1.0782356	-0.0049236662
1.0882176	-0.0050157264
1.0981996	-0.0051086353
1.1081816	-0.0052023929
1.1181636	-0.0052969993
1.1281456	-0.0053924543
1.1381276	-0.0054887581
1.1481096	-0.0055859107
1.1580916	-0.005683912
1.1680736	-0.0057827621
1.1780556	-0.005882461
1.1880376	-0.0059830087
1.1980196	-0.0060844051
1.2080016	-0.0061866504
1.2179836	-0.0062897445
1.2279656	-0.0063936875
1.2379476	-0.0064984793
1.2479296	-0.0066041199
1.2579116	-0.0067106094
1.2678936	-0.0068179478
1.2778756	-0.0069261351
1.2878576	-0.0070351713
1.2978396	-0.0071450564
1.3078216	-0.0072557904
1.3178036	-0.0073673734
1.3277856	-0.0074798053
1.3377676	-0.0075930862
1.3477495	-0.0077072161
1.3577315	-0.0078221949
1.3677135	-0.0079380227
1.3776955	-0.0080546996
1.3876775	-0.0081722254
1.3976595	-0.0082906004
1.4076415	-0.0084098243
1.4176235	-0.0085298973
1.4276055	-0.0086508194
1.4375875	-0.0087725906
1.4475695	-0.0088952108
1.4575515	-0.0090186802
1.4675335	-0.0091429987
1.4775155	-0.0092681664
1.4874975	-0.0093941831
1.4974795	-0.0095210491
1.5074615	-0.0096487642
1.5174435	-0.0097773286
1.5274255	-0.0099067421
1.5374075	-0.010037005
1.5473895	-0.010168117
1.5573715	-0.010300078
1.5673535	-0.010432889
1.5773355	-0.010566548
1.5873175	-0.010701057
1.5972995	-0.010836416
1.6072815	-0.010972623
1.6172635	-0.01110968
1.6272454	-0.011247587
1.6372274	-0.011386342
1.6472094	-0.011525947
1.6571914	-0.011666402
1.6671734	-0.011807706
1.6771554	-0.011949859
1.6871374	-0.012092862
1.6971194	-0.012236714
1.7071014	-0.012381416
1.7170834	-0.012526967
1.7270654	-0.012673367
1.7370474	-0.012820617
1.7470294	-0.012968717
1.7570114	-0.013117666
1.7669934	-0.013267465
1.7769754	-0.013418113
1.7869574	-0.013569611
1.7969394	-0.013721959
1.8069214	-0.013875156
1.8169034	-0.014029203
1.8268854	-0.014184099
1.8368674	-0.014339845
1.8468494	-0.014496441
1.8568314	-0.014653886
1.8668134	-0.014812182
1.8767954	-0.014971327
1.8867774	-0.015131321
1.8967594	-0.015292166
1.9067413	-0.01545386
1.9167233	-0.015616404
1.9267053	-0.015779798
1.9366873	-0.015944042
1.9466693	-0.016109135
1.9566513	-0.016275079
1.9666333	-0.016441872
1.9766153	-0.016609515
1.9865973	-0.016778008
1.9965793	-0.016947351
2.0065613	-0.017117544
2.0165433	-0.017288587
2.0265253	-0.01746048
2.0365073	-0.017633223
2.0464893	-0.017806817
2.0564713	-0.01798126
2.0664533	-0.018156553
2.0764353	-0.018332696
2.0864173	-0.018509689
2.0963993	-0.018687533
2.1063813	-0.018866227
2.1163633	-0.01904577
2.1263453	-0.019226164
2.1363273	-0.019407409
2.1463093	-0.019589503
2.1562913	-0.019772448
2.1662733	-0.019956242
2.1762553	-0.020140888
2.1862372	-0.020326383
2.1962192	-0.020512729
2.2062012	-0.020699925
2.2161832	-0.020887971
2.2261652	-0.021076868
2.2361472	-0.021266615
2.2461292	-0.021457213
2.2561112	-0.021648661
2.2660932	-0.02184096
2.2760752	-0.022034109
2.2860572	-0.022228108
2.2960392	-0.022422958
2.3060212	-0.022618658
2.3160032	-0.02281521
2.3259852	-0.023012611
2.3359672	-0.023210863
2.3459492	-0.023409966
2.3559312	-0.02360992
2.3659132	-0.023810724
2.3758952	-0.024012379
2.3858772	-0.024214884
2.3958592	-0.02441824
2.4058412	-0.024622447
2.4158232	-0.024827505
2.4258052	-0.025033414
2.4357872	-0.025240173
2.4457692	-0.025447783
2.4557512	-0.025656244
2.4657331	-0.025865556
2.4757151	-0.026075719
2.4856971	-0.026286732
2.4956791	-0.026498597
2.5056611	-0.026711312
2.5156431	-0.026924879
2.5256251	-0.027139296
2.5356071	-0.027354565
2.5455891	-0.027570684
2.5555711	-0.027787655
2.5655531	-0.028005477
2.5755351	-0.02822415
2.5855171	-0.028443674
2.5954991	-0.028664049
2.6054811	-0.028885275
2.6154631	-0.029107353
2.6254451	-0.029330281
2.6354271	-0.029554061
2.6454091	-0.029778693
2.6553911	-0.030004175
2.6653731	-0.030230509
2.6753551	-0.030457694
2.6853371	-0.030685731
2.6953191	-0.030914619
2.7053011	-0.031144358
2.7152831	-0.031374949
2.7252651	-0.031606391
2.735247	-0.031838685
2.745229	-0.03207183
2.755211	-0.032305827
2.765193	-0.032540675
2.775175	-0.032776375
2.785157	-0.033012927
2.795139	-0.03325033
2.805121	-0.033488585
2.815103	-0.033727691
2.825085	-0.033967649
2.835067	-0.034208459
2.845049	-0.034450121
2.855031	-0.034692634
2.865013	-0.034936
2.874995	-0.035180217
2.884977	-0.035425286
2.894959	-0.035671206
2.904941	-0.035917979
2.914923	-0.036165604
2.924905	-0.03641408
2.934887	-0.036663409
2.944869	-0.036913589
2.954851	-0.037164622
2.964833	-0.037416507
2.974815	-0.037669243
2.984797	-0.037922832
2.994779	-0.038177273
3.004761	-0.038432566
3.0147429	-0.038688712
3.0247249	-0.038945709
3.0347069	-0.039203559
3.0446889	-0.039462261
3.0546709	-0.039721815
3.0646529	-0.039982222
3.0746349	-0.040243481
3.0846169	-0.040505592
3.0945989	-0.040768556
3.1045809	-0.041032372
3.1145629	-0.04129704
3.1245449	-0.041562561
3.1345269	-0.041828935
3.1445089	-0.042096161
3.1544909	-0.04236424
3.1644729	-0.042633171
3.1744549	-0.042902955
3.1844369	-0.043173591
3.1944189	-0.043445081
3.2044009	-0.043717422
3.2143829	-0.043990617
3.2243649	-0.044264664
3.2343469	-0.044539564
3.2443289	-0.044815317
3.2543109	-0.045091923
3.2642929	-0.045369382
3.2742749	-0.045647693
3.2842569	-0.045926857
3.2942388	-0.046206875
3.3042208	-0.046487745
3.3142028	-0.046769468
3.3241848	-0.047052045
3.3341668	-0.047335474
3.3441488	-0.047619757
3.3541308	-0.047904892
3.3641128	-0.048190881
3.3740948	-0.048477723
3.3840768	-0.048765418
3.3940588	-0.049053967
3.4040408	-0.049343368
3.4140228	-0.049633623
3.4240048	-0.049924732
3.4339868	-0.050216693
3.4439688	-0.050509508
3.4539508	-0.050803177
3.4639328	-0.051097698
3.4739148	-0.051393074
3.4838968	-0.051689303
3.4938788	-0.051986385
3.5038608	-0.052284321
3.5138428	-0.05258311
3.5238248	-0.052882753
3.5338068	-0.05318325
3.5437888	-0.0534846
3.5537708	-0.053786805
3.5637528	-0.054089863
3.5737347	-0.054393774
3.5837167	-0.05469854
3.5936987	-0.055004159
3.6036807	-0.055310632
3.6136627	-0.055617959
3.6236447	-0.05592614
3.6336267	-0.056235175
3.6436087	-0.056545064
3.6535907	-0.056855807
3.6635727	-0.057167404
3.6735547	-0.057479855
3.6835367	-0.05779316
3.6935187	-0.058107319
3.7035007	-0.058422333
3.7134827	-0.0587382
3.7234647	-0.059054922
3.7334467	-0.059372498
3.7434287	-0.059690929
3.7534107	-0.060010213
3.7633927	-0.060330353
3.7733747	-0.060651346
3.7833567	-0.060973194
3.7933387	-0.061295896
3.8033207	-0.061619453
3.8133027	-0.061943865
3.8232847	-0.062269131
3.8332667	-0.062595251
3.8432486	-0.062922227
3.8532306	-0.063250056
3.8632126	-0.063578741
3.8731946	-0.06390828
3.8831766	-0.064238674
3.8931586	-0.064569923
3.9031406	-0.064902026
3.9131226	-0.065234985
3.9231046	-0.065568798
3.9330866	-0.065903466
3.9430686	-0.06623899
3.9530506	-0.066575368
3.9630326	-0.066912601
3.9730146	-0.067250689
3.9829966	-0.067589632
3.9929786	-0.067929431
4.0029606	-0.068270084
4.0129426	-0.068611593
4.0229246	-0.068953957
4.0329066	-0.069297176
4.0428886	-0.069641251
4.0528706	-0.06998618
4.0628526	-0.070331965
4.0728346	-0.070678606
4.0828166	-0.071026102
4.0927986	-0.071374453
4.1027806	-0.07172366
4.1127626	-0.072073722
4.1227445	-0.07242464
4.1327265	-0.072776414
4.1427085	-0.073129043
4.1526905	-0.073482528
4.1626725	-0.073836868
4.1726545	-0.074192065
4.1826365	-0.074548117
4.1926185	-0.074905024
4.2026005	-0.075262788
4.2125825	-0.075621408
4.2225645	-0.075980883
4.2325465	-0.076341214
4.2425285	-0.076702402
4.2525105	-0.077064445
4.2624925	-0.077427344
4.2724745	-0.0777911
4.2824565	-0.078155711
4.2924385	-0.078521179
4.3024205	-0.078887503
4.3124025	-0.079254683
4.3223845	-0.079622719
4.3323665	-0.079991612
4.3423485	-0.080361361
4.3523305	-0.080731966
4.3623125	-0.081103428
4.3722945	-0.081475746
4.3822765	-0.081848921
4.3922585	-0.082222952
4.4022404	-0.082597839
4.4122224	-0.082973584
4.4222044	-0.083350185
4.4321864	-0.083727642
4.4421684	-0.084105956
4.4521504	-0.084485127
4.4621324	-0.084865155
4.4721144	-0.08524604
4.4820964	-0.085627781
4.4920784	-0.086010379
4.5020604	-0.086393834
4.5120424	-0.086778146
4.5220244	-0.087163316
4.5320064	-0.087549342
4.5419884	-0.087936225
4.5519704	-0.088323965
4.5619524	-0.088712562
4.5719344	-0.089102017
4.5819164	-0.089492329
4.5918984	-0.089883498
4.6018804	-0.090275524
4.6118624	-0.090668408
4.6218444	-0.091062149
4.6318264	-0.091456747
4.6418084	-0.091852203
4.6517904	-0.092248516
4.6617724	-0.092645687
4.6717544	-0.093043715
4.6817363	-0.093442601
4.6917183	-0.093842345
4.7017003	-0.094242946
4.7116823	-0.094644405
4.7216643	-0.095046722
4.7316463	-0.095449896
4.7416283	-0.095853928
4.7516103	-0.096258818
4.7615923	-0.096664566
4.7715743	-0.097071172
4.7815563	-0.097478636
4.7915383	-0.097886958
4.8015203	-0.098296138
4.8115023	-0.098706176
4.8214843	-0.099117072
4.8314663	-0.099528827
4.8414483	-0.099941439
4.8514303	-0.10035491
4.8614123	-0.10076924
4.8713943	-0.10118443
4.8813763	-0.10160047
4.8913583	-0.10201738
4.9013403	-0.10243514
4.9113223	-0.10285376
4.9213043	-0.10327324
4.9312863	-0.10369358
4.9412683	-0.10411477
4.9512503	-0.10453683
4.9612322	-0.10495974
4.9712142	-0.10538352
4.9811962	-0.10580815
4.9911782	-0.10623364
5.0011602	-0.10665999
5.0111422	-0.1070872
5.0211242	-0.10751526
5.0311062	-0.10794419
5.0410882	-0.10837397
5.0510702	-0.10880462
5.0610522	-0.10923612
5.0710342	-0.10966848
5.0810162	-0.11010171
5.0909982	-0.11053579
5.1009802	-0.11097073
5.1109622	-0.11140652
5.1209442	-0.11184318
5.1309262	-0.1122807
5.1409082	-0.11271908
5.1508902	-0.11315831
5.1608722	-0.11359841
5.1708542	-0.11403937
5.1808362	-0.11448118
5.1908182	-0.11492386
5.2008002	-0.11536739
5.2107822	-0.11581179
5.2207642	-0.11625704
5.2307461	-0.11670315
5.2407281	-0.11715013
5.2507101	-0.11759796
5.2606921	-0.11804665
5.2706741	-0.11849621
5.2806561	-0.11894662
5.2906381	-0.11939789
5.3006201	-0.11985003
5.3106021	-0.12030302
5.3205841	-0.12075687
5.3305661	-0.12121159
5.3405481	-0.12166716
5.3505301	-0.12212359
5.3605121	-0.12258089
5.3704941	-0.12303904
5.3804761	-0.12349806
5.3904581	-0.12395794
5.4004401	-0.12441867
5.4104221	-0.12488027
5.4204041	-0.12534273
5.4303861	-0.12580604
5.4403681	-0.12627022
5.4503501	-0.12673526
5.4603321	-0.12720116
5.4703141	-0.12766792
5.4802961	-0.12813554
5.4902781	-0.12860403
5.5002601	-0.12907337
5.510242	-0.12954358
5.520224	-0.13001464
5.530206	-0.13048657
5.540188	-0.13095936
5.55017	-0.131433
5.560152	-0.13190751
5.570134	-0.13238288
5.580116	-0.13285912
5.590098	-0.13333621
5.60008	-0.13381417
5.610062	-0.13429298
5.620044	-0.13477266
5.630026	-0.1352532
5.640008	-0.1357346
5.64999	-0.13621686
5.659972	-0.13669999
5.669954	-0.13718397
5.679936	-0.13766882
5.689918	-0.13815453
5.6999	-0.1386411
5.709882	-0.13912853
5.719864	-0.13961683
5.729846	-0.14010598
5.739828	-0.140596
5.74981	-0.14108688
5.759792	-0.14157863
5.769774	-0.14207123
5.779756	-0.1425647
5.7897379	-0.14305903
5.7997199	-0.14355422
5.8097019	-0.14405027
5.8196839	-0.14454719
5.8296659	-0.14504496
5.8396479	-0.14554361
5.8496299	-0.14604311
5.8596119	-0.14654347
5.8695939	-0.1470447
5.8795759	-0.14754679
5.8895579	-0.14804975
5.8995399	-0.14855356
5.9095219	-0.14905824
5.9195039	-0.14956378
5.9294859	-0.15007019
5.9394679	-0.15057745
5.9494499	-0.15108558
5.9594319	-0.15159458
5.9694139	-0.15210443
5.9793959	-0.15261515
5.9893779	-0.15312673
5.9993599	-0.15363918
6.0093419	-0.15415249
6.0193239	-0.15466666
6.0293059	-0.15518169
6.0392879	-0.15569759
6.0492699	-0.15621435
6.0592519	-0.15673198
6.0692338	-0.15725047
6.0792158	-0.15776982
6.0891978	-0.15829003
6.0991798	-0.15881111
6.1091618	-0.15933305
6.1191438	-0.15985586
6.1291258	-0.16037953
6.1391078	-0.16090406
6.1490898	-0.16142946
6.1590718	-0.16195572
6.1690538	-0.16248285
6.1790358	-0.16301084
6.1890178	-0.16353969
6.1989998	-0.16406941
6.2089818	-0.16459999
6.2189638	-0.16513143
6.2289458	-0.16566374
6.2389278	-0.16619692
6.2489098	-0.16673096
6.2588918	-0.16726586
6.2688738	-0.16780163
6.2788558	-0.16833826
6.2888378	-0.16887575
6.2988198	-0.16941411
6.3088018	-0.16995334
6.3187838	-0.17049343
6.3287658	-0.17103438
6.3387477	-0.1715762
6.3487297	-0.17211888
6.3587117	-0.17266243
6.3686937	-0.17320685
6.3786757	-0.17375212
6.3886577	-0.17429827
6.3986397	-0.17484527
6.4086217	-0.17539315
6.4186037	-0.17594189
6.4285857	-0.17649149
6.4385677	-0.17704196
6.4485497	-0.17759329
6.4585317	-0.17814549
6.4685137	-0.17869855
6.4784957	-0.17925248
6.4884777	-0.17980728
6.4984597	-0.18036294
6.5084417	-0.18091946
6.5184237	-0.18147686
6.5284057	-0.18203511
6.5383877	-0.18259423
6.5483697	-0.18315422
6.5583517	-0.18371508
6.5683337	-0.1842768
6.5783157	-0.18483938
6.5882977	-0.18540283
6.5982797	-0.18596715
6.6082617	-0.18653233
6.6182436	-0.18709838
6.6282256	-0.1876653
6.6382076	-0.18823308
6.6481896	-0.18880173
6.6581716	-0.18937124
6.6681536	-0.18994162
6.6781356	-0.19051287
6.6881176	-0.19108498
6.6980996	-0.19165796
6.7080816	-0.19223181
6.7180636	-0.19280652
6.7280456	-0.1933821
6.7380276	-0.19395855
6.7480096	-0.19453586
6.7579916	-0.19511404
6.7679736	-0.19569308
6.7779556	-0.19627299
6.7879376	-0.19685377
6.7979196	-0.19743542
6.8079016	-0.19801793
6.8178836	-0.19860131
6.8278656	-0.19918556
6.8378476	-0.19977067
6.8478296	-0.20035666
6.8578116	-0.2009435
6.8677936	-0.20153122
6.8777756	-0.2021198
6.8877576	-0.20270925
6.8977395	-0.20329957
6.9077215	-0.20389076
6.9177035	-0.20448281
6.9276855	-0.20507573
6.9376675	-0.20566952
6.9476495	-0.20626417
6.9576315	-0.2068597
6.9676135	-0.20745609
6.9775955	-0.20805335
6.9875775	-0.20865147
6.9975595	-0.20925047
7.0075415	-0.20985033
7.0175235	-0.21045106
7.0275055	-0.21105266
7.0374875	-0.21165513
7.0474695	-0.21225846
7.0574515	-0.21286266
7.0674335	-0.21346773
7.0774155	-0.21407367
7.0873975	-0.21468048
7.0973795	-0.21528816
7.1073615	-0.2158967
7.1173435	-0.21650611
7.1273255	-0.21711639
7.1373075	-0.21772754
7.1472895	-0.21833956
7.1572715	-0.21895245
7.1672535	-0.21956621
7.1772354	-0.22018083
7.1872174	-0.22079632
7.1971994	-0.22141269
7.2071814	-0.22202992
7.2171634	-0.22264802
7.2271454	-0.22326699
7.2371274	-0.22388683
7.2471094	-0.22450753
7.2570914	-0.22512911
7.2670734	-0.22575156
7.2770554	-0.22637487
7.2870374	-0.22699905
7.2970194	-0.22762411
7.3070014	-0.22825003
7.3169834	-0.22887682
7.3269654	-0.22950449
7.3369474	-0.23013302
7.3469294	-0.23076242
7.3569114	-0.23139269
7.3668934	-0.23202383
7.3768754	-0.23265584
7.3868574	-0.23328872
7.3968394	-0.23392247
7.4068214	-0.23455709
7.4168034	-0.23519258
7.4267854	-0.23582894
7.4367674	-0.23646617
7.4467493	-0.23710427
7.4567313	-0.23774324
7.4667133	-0.23838309
7.4766953	-0.2390238
7.4866773	-0.23966538
7.4966593	-0.24030783
7.5066413	-0.24095115
7.5166233	-0.24159535
7.5266053	-0.24224041
7.5365873	-0.24288634
7.5465693	-0.24353315
7.5565513	-0.24418082
7.5665333	-0.24482937
7.5765153	-0.24547878
7.5864973	-0.24612907
7.5964793	-0.24678023
7.6064613	-0.24743226
7.6164433	-0.24808516
7.6264253	-0.24873893
7.6364073	-0.24939357
7.6463893	-0.25004909
7.6563713	-0.25070547
7.6663533	-0.25136273
7.6763353	-0.25202086
7.6863173	-0.25267985
7.6962993	-0.25333972
7.7062813	-0.25400047
7.7162633	-0.25466208
7.7262452	-0.25532456
7.7362272	-0.25598792
7.7462092	-0.25665215
7.7561912	-0.25731725
7.7661732	-0.25798322
7.7761552	-0.25865006
7.7861372	-0.25931778
7.7961192	-0.25998636
7.8061012	-0.26065582
7.8160832	-0.26132615
7.8260652	-0.26199736
7.8360472	-0.26266943
7.8460292	-0.26334238
7.8560112	-0.2640162
7.8659932	-0.26469089
7.8759752	-0.26536646
7.8859572	-0.26604289
7.8959392	-0.2667202
7.9059212	-0.26739838
7.9159032	-0.26807744
7.9258852	-0.26875736
7.9358672	-0.26943816
7.9458492	-0.27011983
7.9558312	-0.27080238
7.9658132	-0.2714858
7.9757952	-0.27217009
7.9857772	-0.27285525
7.9957592	-0.27354128
8.0057411	-0.27422819
8.0157231	-0.27491598
8.0257051	-0.27560463
8.0356871	-0.27629416
8.0456691	-0.27698456
8.0556511	-0.27767584
8.0656331	-0.27836798
8.0756151	-0.279061
8.0855971	-0.2797549
8.0955791	-0.28044967
8.1055611	-0.28114531
8.1155431	-0.28184183
8.1255251	-0.28253921
8.1355071	-0.28323748
8.1454891	-0.28393661
8.1554711	-0.28463662
8.1654531	-0.28533751
8.1754351	-0.28603927
8.1854171	-0.2867419
8.1953991	-0.2874454
8.2053811	-0.28814978
8.2153631	-0.28885504
8.2253451	-0.28956116
8.2353271	-0.29026817
8.2453091	-0.29097604
8.2552911	-0.29168479
8.2652731	-0.29239442
8.2752551	-0.29310492
8.285237	-0.29381629
8.295219	-0.29452854
8.305201	-0.29524166
8.315183	-0.29595566
8.325165	-0.29667053
8.335147	-0.29738628
8.345129	-0.2981029
8.355111	-0.2988204
8.365093	-0.29953877
8.375075	-0.30025802
8.385057	-0.30097814
8.395039	-0.30169913
8.405021	-0.30242101
8.415003	-0.30314375
8.424985	-0.30386737
8.434967	-0.30459187
8.444949	-0.30531724
8.454931	-0.30604349
8.464913	-0.30677061
8.474895	-0.30749861
8.484877	-0.30822749
8.494859	-0.30895724
8.504841	-0.30968786
8.514823	-0.31041936
8.524805	-0.31115174
8.534787	-0.31188499
8.544769	-0.31261912
8.554751	-0.31335412
8.5647329	-0.31409
8.5747149	-0.31482676
8.5846969	-0.31556439
8.5946789	-0.3163029
8.6046609	-0.31704228
8.6146429	-0.31778254
8.6246249	-0.31852368
8.6346069	-0.31926569
8.6445889	-0.32000858
8.6545709	-0.32075234
8.6645529	-0.32149699
8.6745349	-0.3222425
8.6845169	-0.3229889
8.6944989	-0.32373617
8.7044809	-0.32448432
8.7144629	-0.32523334
8.7244449	-0.32598324
8.7344269	-0.32673402
8.7444089	-0.32748568
8.7543909	-0.32823821
8.7643729	-0.32899162
8.7743549	-0.3297459
8.7843369	-0.33050107
8.7943189	-0.33125711
8.8043009	-0.33201402
8.8142829	-0.33277182
8.8242649	-0.33353049
8.8342468	-0.33429004
8.8442288	-0.33505047
8.8542108	-0.33581177
8.8641928	-0.33657395
8.8741748	-0.33733701
8.8841568	-0.33810095
8.8941388	-0.33886576
8.9041208	-0.33963145
8.9141028	-0.34039802
8.9240848	-0.34116547
8.9340668	-0.34193379
8.9440488	-0.342703
8.9540308	-0.34347308
8.9640128	-0.34424404
8.9739948	-0.34501587
8.9839768	-0.34578859
8.9939588	-0.34656218
9.0039408	-0.34733666
9.0139228	-0.348112
9.0239048	-0.34888823
9.0338868	-0.34966534
9.0438688	-0.35044332
9.0538508	-0.35122219
9.0638328	-0.35200193
9.0738148	-0.35278255
9.0837968	-0.35356405
9.0937788	-0.35434643
9.1037608	-0.35512968
9.1137427	-0.35591382
9.1237247	-0.35669883
9.1337067	-0.35748473
9.1436887	-0.3582715
9.1536707	-0.35905915
9.1636527	-0.35984768
9.1736347	-0.36063709
9.1836167	-0.36142738
9.1935987	-0.36221855
9.2035807	-0.36301059
9.2135627	-0.36380352
9.2235447	-0.36459732
9.2335267	-0.36539201
9.2435087	-0.36618757
9.2534907	-0.36698402
9.2634727	-0.36778134
9.2734547	-0.36857954
9.2834367	-0.36937863
9.2934187	-0.37017859
9.3034007	-0.37097943
9.3133827	-0.37178115
9.3233647	-0.37258376
9.3333467	-0.37338724
9.3433287	-0.3741916
9.3533107	-0.37499684
9.3632927	-0.37580297
9.3732747	-0.37660997
9.3832567	-0.37741785
9.3932386	-0.37822661
9.4032206	-0.37903626
9.4132026	-0.37984678
9.4231846	-0.38065818
9.4331666	-0.38147047
9.4431486	-0.38228363
9.4531306	-0.38309768
9.4631126	-0.3839126
9.4730946	-0.38472841
9.4830766	-0.3855451
9.4930586	-0.38636267
9.5030406	-0.38718111
9.5130226	-0.38800044
9.5230046	-0.38882066
9.5329866	-0.38964175
9.5429686	-0.39046372
9.5529506	-0.39128657
9.5629326	-0.39211031
9.5729146	-0.39293492
9.5828966	-0.39376042
9.5928786	-0.3945868
9.6028606	-0.39541406
9.6128426	-0.3962422
9.6228246	-0.39707123
9.6328066	-0.39790113
9.6427886	-0.39873192
9.6527706	-0.39956358
9.6627526	-0.40039613
9.6727345	-0.40122956
9.6827165	-0.40206388
9.6926985	-0.40289907
9.7026805	-0.40373515
9.7126625	-0.40457211
9.7226445	-0.40540995
9.7326265	-0.40624867
9.7426085	-0.40708827
9.7525905	-0.40792876
9.7625725	-0.40877013
9.7725545	-0.40961238
9.7825365	-0.41045551
9.7925185	-0.41129953
9.8025005	-0.41214442
9.8124825	-0.4129902
9.8224645	-0.41383687
9.8324465	-0.41468441
9.8424285	-0.41553284
9.8524105	-0.41638215
9.8623925	-0.41723234
9.8723745	-0.41808342
9.8823565	-0.41893538
9.8923385	-0.41978822
9.9023205	-0.42064194
9.9123025	-0.42149655
9.9222845	-0.42235204
9.9322665	-0.42320842
9.9422484	-0.42406567
9.9522304	-0.42492381
9.9622124	-0.42578283
9.9721944	-0.42664274
9.9821764	-0.42750353
9.9921584	-0.4283652
10.00214	-0.42922776
10.012122	-0.4300912
10.022104	-0.43095552
10.032086	-0.43182073
10.042068	-0.43268682
10.05205	-0.43355379
10.062032	-0.43442165
10.072014	-0.43529039
10.081996	-0.43616002
10.091978	-0.43703053
10.10196	-0.43790192
10.111942	-0.4387742
10.121924	-0.43964736
10.131906	-0.4405214
10.141888	-0.44139633
10.15187	-0.44227214
10.161852	-0.44314884
10.171834	-0.44402642
10.181816	-0.44490489
10.191798	-0.44578424
10.20178	-0.44666448
10.211762	-0.4475456
10.221744	-0.4484276
10.231726	-0.44931049
10.241708	-0.45019426
10.25169	-0.45107892
10.261672	-0.45196446
10.271654	-0.45285089
10.281636	-0.4537382
10.291618	-0.4546264
10.3016	-0.45551548
10.311582	-0.45640545
10.321564	-0.4572963
10.331546	-0.45818804
10.341528	-0.45908066
10.35151	-0.45997417
10.361492	-0.46086856
10.371474	-0.46176384
10.381456	-0.46266
10.391438	-0.46355705
10.40142	-0.46445498
10.411402	-0.4653538
10.421384	-0.46625351
10.431366	-0.4671541
10.441348	-0.46805557
10.45133	-0.46895794
10.461312	-0.46986118
10.471294	-0.47076532
10.481276	-0.47167034
10.491258	-0.47257624
10.50124	-0.47348303
10.511222	-0.47439071
10.521204	-0.47529927
10.531186	-0.47620872
10.541168	-0.47711906
10.55115	-0.47803028
10.561132	-0.47894239
10.571114	-0.47985538
10.581096	-0.48076926
10.591078	-0.48168403
10.60106	-0.48259968
10.611042	-0.48351622
10.621024	-0.48443365
10.631006	-0.48535196
10.640988	-0.48627116
10.65097	-0.48719124
10.660952	-0.48811222
10.670934	-0.48903408
10.680916	-0.48995682
10.690898	-0.49088046
10.70088	-0.49180498
10.710862	-0.49273038
10.720844	-0.49365668
10.730826	-0.49458386
10.740808	-0.49551193
10.75079	-0.49644088
10.760772	-0.49737072
10.770754	-0.49830145
10.780736	-0.49923307
10.790718	-0.50016558
10.8007	-0.50109897
10.810682	-0.50203325
10.820664	-0.50296841
10.830646	-0.50390447
10.840628	-0.50484141
10.85061	-0.50577924
10.860592	-0.50671796
10.870574	-0.50765756
10.880556	-0.50859806
10.890538	-0.50953944
10.90052	-0.51048171
10.910502	-0.51142486
10.920484	-0.51236891
10.930466	-0.51331384
10.940448	-0.51425966
10.95043	-0.51520637
10.960412	-0.51615397
10.970394	-0.51710245
10.980376	-0.51805183
10.990358	-0.51900209
11.00034	-0.51995324
11.010322	-0.52090528
11.020304	-0.52185821
11.030286	-0.52281202
11.040268	-0.52376673
11.05025	-0.52472232
11.060232	-0.5256788
11.070214	-0.52663617
11.080196	-0.52759443
11.090178	-0.52855358
11.10016	-0.52951362
11.110142	-0.53047454
11.120124	-0.53143636
11.130106	-0.53239906
11.140088	-0.53336265
11.15007	-0.53432713
11.160052	-0.53529251
11.170034	-0.53625877
11.180016	-0.53722592
11.189998	-0.53819395
11.19998	-0.53916288
11.209962	-0.5401327
11.219944	-0.54110341
11.229926	-0.542075
11.239908	-0.54304749
11.24989	-0.54402086
11.259872	-0.54499513
11.269854	-0.54597028
11.279836	-0.54694633
11.289818	-0.54792326
11.2998	-0.54890109
11.309782	-0.5498798
11.319764	-0.5508594
11.329746	-0.5518399
11.339728	-0.55282128
11.34971	-0.55380356
11.359692	-0.55478672
11.369674	-0.55577077
11.379656	-0.55675572
11.389638	-0.55774155
11.39962	-0.55872828
11.409602	-0.55971589
11.419584	-0.5607044
11.429566	-0.56169379
11.439548	-0.56268408
11.44953	-0.56367525
11.459512	-0.56466732
11.469494	-0.56566028
11.479476	-0.56665413
11.489458	-0.56764887
11.49944	-0.5686445
11.509422	-0.56964102
11.519404	-0.57063843
11.529386	-0.57163673
11.539368	-0.57263592
11.54935	-0.57363601
11.559332	-0.57463698
11.569314	-0.57563885
11.579296	-0.57664161
11.589278	-0.57764525
11.59926	-0.57864979
11.609242	-0.57965522
11.619224	-0.58066155
11.629206	-0.58166876
11.639188	-0.58267686
11.64917	-0.58368586
11.659152	-0.58469575
11.669134	-0.58570653
11.679116	-0.5867182
11.689098	-0.58773076
11.69908	-0.58874421
11.709062	-0.58975856
11.719044	-0.5907738
11.729026	-0.59178992
11.739008	-0.59280695
11.74899	-0.59382486
11.758972	-0.59484366
11.768954	-0.59586336
11.778936	-0.59688395
11.788918	-0.59790543
11.7989	-0.5989278
11.808882	-0.59995107
11.818864	-0.60097522
11.828846	-0.60200027
11.838828	-0.60302621
11.84881	-0.60405305
11.858792	-0.60508077
11.868774	-0.60610939
11.878756	-0.6071389
11.888738	-0.6081693
11.89872	-0.6092006
11.908702	-0.61023279
11.918684	-0.61126587
11.928666	-0.61229984
11.938648	-0.61333471
11.94863	-0.61437047
11.958612	-0.61540712
11.968594	-0.61644466
11.978576	-0.6174831
11.988558	-0.61852243
11.99854	-0.61956265
12.008522	-0.62060377
12.018504	-0.62164578
12.028486	-0.62268868
12.038468	-0.62373248
12.04845	-0.62477717
12.058432	-0.62582275
12.068414	-0.62686922
12.078396	-0.62791659
12.088378	-0.62896485
12.09836	-0.63001401
12.108342	-0.63106406
12.118324	-0.632115
12.128306	-0.63316683
12.138288	-0.63421956
12.14827	-0.63527318
12.158252	-0.6363277
12.168234	-0.63738311
12.178216	-0.63843941
12.188198	-0.63949661
12.19818	-0.6405547
12.208162	-0.64161369
12.218144	-0.64267357
12.228126	-0.64373434
12.238108	-0.64479601
12.24809	-0.64585857
12.258072	-0.64692202
12.268054	-0.64798637
12.278036	-0.64905161
12.288018	-0.65011775
12.298	-0.65118478
12.307982	-0.65225271
12.317964	-0.65332153
12.327946	-0.65439124
12.337928	-0.65546185
12.34791	-0.65653335
12.357892	-0.65760575
12.367874	-0.65867904
12.377856	-0.65975323
12.387838	-0.66082831
12.39782	-0.66190428
12.407802	-0.66298115
12.417784	-0.66405892
12.427766	-0.66513758
12.437748	-0.66621713
12.44773	-0.66729758
12.457712	-0.66837893
12.467694	-0.66946117
12.477676	-0.6705443
12.487658	-0.67162833
12.49764	-0.67271325
12.507622	-0.67379907
12.517604	-0.67488579
12.527586	-0.67597339
12.537568	-0.6770619
12.54755	-0.6781513
12.557532	-0.67924159
12.567514	-0.68033278
12.577495	-0.68142487
12.587477	-0.68251785
12.597459	-0.68361173
12.607441	-0.6847065
12.617423	-0.68580217
12.627405	-0.68689873
12.637387	-0.68799619
12.647369	-0.68909454
12.657351	-0.69019379
12.667333	-0.69129393
12.677315	-0.69239498
12.687297	-0.69349691
12.697279	-0.69459974
12.707261	-0.69570347
12.717243	-0.6968081
12.727225	-0.69791362
12.737207	-0.69902003
12.747189	-0.70012735
12.757171	-0.70123555
12.767153	-0.70234466
12.777135	-0.70345466
12.787117	-0.70456555
12.797099	-0.70567735
12.807081	-0.70679004
12.817063	-0.70790362
12.827045	-0.7090181
12.837027	-0.71013348
12.847009	-0.71124975
12.856991	-0.71236692
12.866973	-0.71348499
12.876955	-0.71460395
12.886937	-0.71572381
12.896919	-0.71684457
12.906901	-0.71796622
12.916883	-0.71908877
12.926865	-0.72021222
12.936847	-0.72133656
12.946829	-0.7224618
12.956811	-0.72358794
12.966793	-0.72471497
12.976775	-0.7258429
12.986757	-0.72697173
12.996739	-0.72810145
13.006721	-0.72923207
13.016703	-0.73036359
13.026685	-0.731496
13.036667	-0.73262931
13.046649	-0.73376352
13.056631	-0.73489863
13.066613	-0.73603463
13.076595	-0.73717153
13.086577	-0.73830933
13.096559	-0.73944802
13.106541	-0.74058762
13.116523	-0.74172811
13.126505	-0.74286949
13.136487	-0.74401178
13.146469	-0.74515496
13.156451	-0.74629904
13.166433	-0.74744401
13.176415	-0.74858989
13.186397	-0.74973666
13.196379	-0.75088433
13.206361	-0.7520329
13.216343	-0.75318236
13.226325	-0.75433272
13.236307	-0.75548398
13.246289	-0.75663614
13.256271	-0.7577892
13.266253	-0.75894315
13.276235	-0.760098
13.286217	-0.76125375
13.296199	-0.7624104
13.306181	-0.76356794
13.316163	-0.76472639
13.326145	-0.76588573
13.336127	-0.76704597
13.346109	-0.76820711
13.356091	-0.76936914
13.366073	-0.77053208
13.376055	-0.77169591
13.386037	-0.77286064
13.396019	-0.77402627
13.406001	-0.77519279
13.415983	-0.77636022
13.425965	-0.77752854
13.435947	-0.77869776
13.445929	-0.77986789
13.455911	-0.7810389
13.465893	-0.78221082
13.475875	-0.78338364
13.485857	-0.78455735
13.495839	-0.78573197
13.505821	-0.78690748
13.515803	-0.78808389
13.525785	-0.7892612
13.535767	-0.79043941
13.545749	-0.79161851
13.555731	-0.79279852
13.565713	-0.79397942
13.575695	-0.79516123
13.585677	-0.79634393
13.595659	-0.79752753
13.605641	-0.79871203
13.615623	-0.79989743
13.625605	-0.80108372
13.635587	-0.80227092
13.645569	-0.80345902
13.655551	-0.80464801
13.665533	-0.80583791
13.675515	-0.8070287
13.685497	-0.80822039
13.695479	-0.80941299
13.705461	-0.81060648
13.715443	-0.81180087
13.725425	-0.81299616
13.735407	-0.81419235
13.745389	-0.81538943
13.755371	-0.81658742
13.765353	-0.81778631
13.775335	-0.81898609
13.785317	-0.82018678
13.795299	-0.82138837
13.805281	-0.82259085
13.815263	-0.82379424
13.825245	-0.82499852
13.835227	-0.8262037
13.845209	-0.82740979
13.855191	-0.82861677
13.865173	-0.82982465
13.875155	-0.83103344
13.885137	-0.83224312
13.895119	-0.8334537
13.905101	-0.83466518
13.915083	-0.83587757
13.925065	-0.83709085
13.935047	-0.83830503
13.945029	-0.83952011
13.955011	-0.84073609
13.964993	-0.84195298
13.974975	-0.84317076
13.984957	-0.84438944
13.994939	-0.84560902
14.004921	-0.8468295
14.014903	-0.84805089
14.024885	-0.84927317
14.034867	-0.85049635
14.044849	-0.85172043
14.054831	-0.85294542
14.064813	-0.8541713
14.074795	-0.85539808
14.084777	-0.85662577
14.094759	-0.85785435
14.104741	-0.85908383
14.114723	-0.86031422
14.124705	-0.8615455
14.134687	-0.86277769
14.144669	-0.86401078
14.154651	-0.86524476
14.164633	-0.86647965
14.174615	-0.86771544
14.184597	-0.86895213
14.194579	-0.87018971
14.204561	-0.8714282
14.214543	-0.87266759
14.224525	-0.87390789
14.234507	-0.87514908
14.244489	-0.87639117
14.254471	-0.87763416
14.264453	-0.87887806
14.274435	-0.88012285
14.284417	-0.88136855
14.294399	-0.88261514
14.304381	-0.88386264
14.314363	-0.88511104
14.324345	-0.88636034
14.334327	-0.88761054
14.344309	-0.88886164
14.354291	-0.89011364
14.364273	-0.89136654
14.374255	-0.89262034
14.384237	-0.89387505
14.394219	-0.89513066
14.404201	-0.89638716
14.414183	-0.89764457
14.424165	-0.89890288
14.434147	-0.90016209
14.444129	-0.9014222
14.454111	-0.90268321
14.464093	-0.90394513
14.474075	-0.90520794
14.484057	-0.90647166
14.494039	-0.90773628
14.504021	-0.9090018
14.514003	-0.91026822
14.523985	-0.91153554
14.533967	-0.91280376
14.543949	-0.91407289
14.553931	-0.91534291
14.563913	-0.91661384
14.573895	-0.91788567
14.583877	-0.9191584
14.593859	-0.92043203
14.603841	-0.92170657
14.613823	-0.922982
14.623805	-0.92425834
14.633787	-0.92553558
14.643769	-0.92681372
14.653751	-0.92809276
14.663733	-0.9293727
14.673715	-0.93065355
14.683697	-0.93193529
14.693679	-0.93321794
14.703661	-0.93450149
14.713643	-0.93578594
14.723625	-0.9370713
14.733607	-0.93835755
14.743589	-0.93964471
14.753571	-0.94093277
14.763553	-0.94222173
14.773535	-0.94351159
14.783517	-0.94480236
14.793499	-0.94609402
14.803481	-0.94738659
14.813463	-0.94868006
14.823445	-0.94997444
14.833427	-0.95126971
14.843409	-0.95256589
14.853391	-0.95386296
14.863373	-0.95516094
14.873355	-0.95645983
14.883337	-0.95775961
14.893319	-0.9590603
14.903301	-0.96036189
14.913283	-0.96166438
14.923265	-0.96296777
14.933247	-0.96427207
14.943229	-0.96557726
14.953211	-0.96688336
14.963193	-0.96819036
14.973175	-0.96949827
14.983157	-0.97080707
14.993139	-0.97211678
15.003121	-0.97342739
15.013103	-0.97473891
15.023085	-0.97605132
15.033067	-0.97736464
15.043049	-0.97867886
15.053031	-0.97999398
15.063013	-0.98131001
15.072995	-0.98262693
15.082977	-0.98394476
15.092959	-0.9852635
15.102941	-0.98658313
15.112923	-0.98790367
15.122905	-0.98922511
15.132887	-0.99054745
15.142869	-0.99187069
15.152851	-0.99319484
15.162833	-0.99451989
15.172815	-0.99584584
15.182797	-0.99717269
15.192779	-0.99850045
15.202761	-0.99982911
15.212743	-1.0011587
15.222725	-1.0024891
15.232707	-1.0038205
15.242689	-1.0051528
15.252671	-1.0064859
15.262653	-1.00782
15.272635	-1.009155
15.282617	-1.0104909
15.292599	-1.0118277
15.302581	-1.0131653
15.312563	-1.0145039
15.322545	-1.0158434
15.332527	-1.0171838
15.342509	-1.0185251
15.35249	-1.0198673
15.362472	-1.0212104
15.372454	-1.0225544
15.382436	-1.0238993
15.392418	-1.0252451
15.4024	-1.0265919
15.412382	-1.0279395
15.422364	-1.029288
15.432346	-1.0306374
15.442328	-1.0319877
15.45231	-1.033339
15.462292	-1.0346911
15.472274	-1.0360441
15.482256	-1.0373981
15.492238	-1.0387529
15.50222	-1.0401087
15.512202	-1.0414653
15.522184	-1.0428228
15.532166	-1.0441813
15.542148	-1.0455407
15.55213	-1.0469009
15.562112	-1.0482621
15.572094	-1.0496241
15.582076	-1.0509871
15.592058	-1.052351
15.60204	-1.0537157
15.612022	-1.0550814
15.622004	-1.056448
15.631986	-1.0578155
15.641968	-1.0591839
15.65195	-1.0605532
15.661932	-1.0619233
15.671914	-1.0632944
15.681896	-1.0646664
15.691878	-1.0660393
15.70186	-1.0674131
15.711842	-1.0687878
15.721824	-1.0701635
15.731806	-1.07154
15.741788	-1.0729174
15.75177	-1.0742957
15.761752	-1.0756749
15.771734	-1.077055
15.781716	-1.0784361
15.791698	-1.079818
15.80168	-1.0812008
15.811662	-1.0825846
15.821644	-1.0839692
15.831626	-1.0853548
15.841608	-1.0867412
15.85159	-1.0881286
15.861572	-1.0895168
15.871554	-1.090906
15.881536	-1.092296
15.891518	-1.093687
15.9015	-1.0950789
15.911482	-1.0964716
15.921464	-1.0978653
15.931446	-1.0992599
15.941428	-1.1006554
15.95141	-1.1020517
15.961392	-1.103449
15.971374	-1.1048472
15.981356	-1.1062463
15.991338	-1.1076463
16.00132	-1.1090472
16.011302	-1.110449
16.021284	-1.1118517
16.031266	-1.1132553
16.041248	-1.1146598
16.05123	-1.1160653
16.061212	-1.1174716
16.071194	-1.1188788
16.081176	-1.1202869
16.091158	-1.121696
16.10114	-1.1231059
16.111122	-1.1245167
16.121104	-1.1259285
16.131086	-1.1273411
16.141068	-1.1287547
16.15105	-1.1301691
16.161032	-1.1315845
16.171014	-1.1330007
16.180996	-1.1344179
16.190978	-1.1358359
16.20096	-1.1372549
16.210942	-1.1386748
16.220924	-1.1400955
16.230906	-1.1415172
16.240888	-1.1429398
16.25087	-1.1443633
16.260852	-1.1457877
16.270834	-1.147213
16.280816	-1.1486391
16.290798	-1.1500662
16.30078	-1.1514942
16.310762	-1.1529231
16.320744	-1.1543529
16.330726	-1.1557837
16.340708	-1.1572153
16.35069	-1.1586478
16.360672	-1.1600812
16.370654	-1.1615155
16.380636	-1.1629508
16.390618	-1.1643869
16.4006	-1.1658239
16.410582	-1.1672618
16.420564	-1.1687007
16.430546	-1.1701404
16.440528	-1.1715811
16.45051	-1.1730226
16.460492	-1.1744651
16.470474	-1.1759084
16.480456	-1.1773527
16.490438	-1.1787979
16.50042	-1.1802439
16.510402	-1.1816909
16.520384	-1.1831388
16.530366	-1.1845875
16.540348	-1.1860372
16.55033	-1.1874878
16.560312	-1.1889393
16.570294	-1.1903917
16.580276	-1.191845
16.590258	-1.1932992
16.60024	-1.1947543
16.610222	-1.1962103
16.620204	-1.1976672
16.630186	-1.199125
16.640168	-1.2005837
16.65015	-1.2020433
16.660132	-1.2035038
16.670114	-1.2049652
16.680096	-1.2064276
16.690078	-1.2078908
16.70006	-1.2093549
16.710042	-1.21082
16.720024	-1.2122859
16.730006	-1.2137527
16.739988	-1.2152205
16.74997	-1.2166891
16.759952	-1.2181587
16.769934	-1.2196291
16.779916	-1.2211005
16.789898	-1.2225727
16.79988	-1.2240459
16.809862	-1.22552
16.819844	-1.2269949
16.829826	-1.2284708
16.839808	-1.2299476
16.84979	-1.2314253
16.859772	-1.2329038
16.869754	-1.2343833
16.879736	-1.2358637
16.889718	-1.237345
16.8997	-1.2388272
16.909682	-1.2403103
16.919664	-1.2417943
16.929646	-1.2432792
16.939628	-1.244765
16.94961	-1.2462517
16.959592	-1.2477393
16.969574	-1.2492278
16.979556	-1.2507173
16.989538	-1.2522076
16.99952	-1.2536988
17.009502	-1.2551909
17.019484	-1.256684
17.029466	-1.2581779
17.039448	-1.2596727
17.04943	-1.2611685
17.059412	-1.2626651
17.069394	-1.2641627
17.079376	-1.2656611
17.089358	-1.2671605
17.09934	-1.2686607
17.109322	-1.2701619
17.119304	-1.2716639
17.129286	-1.2731669
17.139268	-1.2746708
17.14925	-1.2761755
17.159232	-1.2776812
17.169214	-1.2791878
17.179196	-1.2806952
17.189178	-1.2822036
17.19916	-1.2837129
17.209142	-1.2852231
17.219124	-1.2867342
17.229106	-1.2882462
17.239088	-1.289759
17.24907	-1.2912728
17.259052	-1.2927875
17.269034	-1.2943031
17.279016	-1.2958196
17.288998	-1.297337
17.29898	-1.2988554
17.308962	-1.3003746
17.318944	-1.3018947
17.328926	-1.3034157
17.338908	-1.3049376
17.34889	-1.3064604
17.358872	-1.3079842
17.368854	-1.3095088
17.378836	-1.3110343
17.388818	-1.3125607
17.3988	-1.3140881
17.408782	-1.3156163
17.418764	-1.3171454
17.428746	-1.3186755
17.438728	-1.3202064
17.44871	-1.3217383
17.458692	-1.323271
17.468674	-1.3248047
17.478656	-1.3263392
17.488638	-1.3278747
17.49862	-1.329411
17.508602	-1.3309483
17.518584	-1.3324865
17.528566	-1.3340255
17.538548	-1.3355655
17.54853	-1.3371064
17.558512	-1.3386481
17.568494	-1.3401908
17.578476	-1.3417344
17.588458	-1.3432788
17.59844	-1.3448242
17.608422	-1.3463705
17.618404	-1.3479177
17.628386	-1.3494658
17.638368	-1.3510148
17.64835	-1.3525646
17.658332	-1.3541154
17.668314	-1.3556671
17.678296	-1.3572197
17.688278	-1.3587732
17.69826	-1.3603276
17.708242	-1.3618829
17.718224	-1.3634391
17.728206	-1.3649962
17.738188	-1.3665542
17.74817	-1.3681131
17.758152	-1.3696729
17.768134	-1.3712337
17.778116	-1.3727953
17.788098	-1.3743578
17.79808	-1.3759212
17.808062	-1.3774855
17.818044	-1.3790507
17.828026	-1.3806169
17.838008	-1.3821839
17.84799	-1.3837518
17.857972	-1.3853206
17.867954	-1.3868904
17.877936	-1.388461
17.887918	-1.3900325
17.8979	-1.3916049
17.907882	-1.3931783
17.917864	-1.3947525
17.927846	-1.3963276
17.937828	-1.3979037
17.94781	-1.3994806
17.957792	-1.4010585
17.967774	-1.4026372
17.977756	-1.4042168
17.987738	-1.4057974
17.99772	-1.4073788
18.007702	-1.4089612
18.017684	-1.4105444
18.027666	-1.4121286
18.037648	-1.4137136
18.04763	-1.4152996
18.057612	-1.4168864
18.067594	-1.4184742
18.077576	-1.4200628
18.087558	-1.4216524
18.09754	-1.4232428
18.107522	-1.4248342
18.117504	-1.4264264
18.127485	-1.4280196
18.137467	-1.4296137
18.147449	-1.4312086
18.157431	-1.4328045
18.167413	-1.4344012
18.177395	-1.4359989
18.187377	-1.4375975
18.197359	-1.4391969
18.207341	-1.4407973
18.217323	-1.4423986
18.227305	-1.4440007
18.237287	-1.4456038
18.247269	-1.4472078
18.257251	-1.4488126
18.267233	-1.4504184
18.277215	-1.4520251
18.287197	-1.4536326
18.297179	-1.4552411
18.307161	-1.4568505
18.317143	-1.4584607
18.327125	-1.4600719
18.337107	-1.461684
18.347089	-1.4632969
18.357071	-1.4649108
18.367053	-1.4665256
18.377035	-1.4681412
18.387017	-1.4697578
18.396999	-1.4713753
18.406981	-1.4729937
18.416963	-1.4746129
18.426945	-1.4762331
18.436927	-1.4778542
18.446909	-1.4794761
18.456891	-1.481099
18.466873	-1.4827228
18.476855	-1.4843474
18.486837	-1.485973
18.496819	-1.4875995
18.506801	-1.4892268
18.516783	-1.4908551
18.526765	-1.4924843
18.536747	-1.4941143
18.546729	-1.4957453
18.556711	-1.4973772
18.566693	-1.4990099
18.576675	-1.5006436
18.586657	-1.5022782
18.596639	-1.5039136
18.606621	-1.50555
18.616603	-1.5071873
18.626585	-1.5088254
18.636567	-1.5104645
18.646549	-1.5121044
18.656531	-1.5137453
18.666513	-1.5153871
18.676495	-1.5170297
18.686477	-1.5186733
18.696459	-1.5203177
18.706441	-1.5219631
18.716423	-1.5236093
18.726405	-1.5252565
18.736387	-1.5269045
18.746369	-1.5285535
18.756351	-1.5302033
18.766333	-1.5318541
18.776315	-1.5335057
18.786297	-1.5351583
18.796279	-1.5368117
18.806261	-1.5384661
18.816243	-1.5401213
18.826225	-1.5417775
18.836207	-1.5434345
18.846189	-1.5450924
18.856171	-1.5467513
18.866153	-1.548411
18.876135	-1.5500716
18.886117	-1.5517332
18.896099	-1.5533956
18.906081	-1.5550589
18.916063	-1.5567231
18.926045	-1.5583883
18.936027	-1.5600543
18.946009	-1.5617212
18.955991	-1.563389
18.965973	-1.5650577
18.975955	-1.5667273
18.985937	-1.5683978
18.995919	-1.5700693
19.005901	-1.5717416
19.015883	-1.5734148
19.025865	-1.5750889
19.035847	-1.5767639
19.045829	-1.5784398
19.055811	-1.5801166
19.065793	-1.5817943
19.075775	-1.5834728
19.085757	-1.5851523
19.095739	-1.5868327
19.105721	-1.588514
19.115703	-1.5901962
19.125685	-1.5918792
19.135667	-1.5935632
19.145649	-1.5952481
19.155631	-1.5969339
19.165613	-1.5986205
19.175595	-1.6003081
19.185577	-1.6019965
19.195559	-1.6036859
19.205541	-1.6053762
19.215523	-1.6070673
19.225505	-1.6087594
19.235487	-1.6104523
19.245469	-1.6121461
19.255451	-1.6138409
19.265433	-1.6155365
19.275415	-1.617233
19.285397	-1.6189305
19.295379	-1.6206288
19.305361	-1.622328
19.315343	-1.6240281
19.325325	-1.6257291
19.335307	-1.627431
19.345289	-1.6291338
19.355271	-1.6308376
19.365253	-1.6325421
19.375235	-1.6342476
19.385217	-1.635954
19.395199	-1.6376613
19.405181	-1.6393695
19.415163	-1.6410786
19.425145	-1.6427885
19.435127	-1.6444994
19.445109	-1.6462112
19.455091	-1.6479238
19.465073	-1.6496374
19.475055	-1.6513519
19.485037	-1.6530672
19.495019	-1.6547834
19.505001	-1.6565006
19.514983	-1.6582186
19.524965	-1.6599375
19.534947	-1.6616574
19.544929	-1.6633781
19.554911	-1.6650997
19.564893	-1.6668222
19.574875	-1.6685456
19.584857	-1.6702699
19.594839	-1.6719951
19.604821	-1.6737212
19.614803	-1.6754482
19.624785	-1.6771761
19.634767	-1.6789048
19.644749	-1.6806345
19.654731	-1.6823651
19.664713	-1.6840965
19.674695	-1.6858289
19.684677	-1.6875621
19.694659	-1.6892963
19.704641	-1.6910313
19.714623	-1.6927673
19.724605	-1.6945041
19.734587	-1.6962418
19.744569	-1.6979804
19.754551	-1.6997199
19.764533	-1.7014603
19.774515	-1.7032016
19.784497	-1.7049438
19.794479	-1.7066869
19.804461	-1.7084309
19.814443	-1.7101758
19.824425	-1.7119215
19.834407	-1.7136682
19.844389	-1.7154157
19.854371	-1.7171642
19.864353	-1.7189135
19.874335	-1.7206638
19.884317	-1.7224149
19.894299	-1.7241669
19.904281	-1.7259198
19.914263	-1.7276736
19.924245	-1.7294283
19.934227	-1.7311839
19.944209	-1.7329404
19.954191	-1.7346978
19.964173	-1.7364561
19.974155	-1.7382152
19.984137	-1.7399753
19.994119	-1.7417362
20.004101	-1.7434981
20.014083	-1.7452608
20.024065	-1.7470244
20.034047	-1.748789
20.044029	-1.7505544
20.054011	-1.7523207
20.063993	-1.7540879
20.073975	-1.755856
20.083957	-1.757625
20.093939	-1.7593948
20.103921	-1.7611656
20.113903	-1.7629373
20.123885	-1.7647098
20.133867	-1.7664833
20.143849	-1.7682576
20.153831	-1.7700328
20.163813	-1.771809
20.173795	-1.773586
20.183777	-1.7753639
20.193759	-1.7771427
20.203741	-1.7789224
20.213723	-1.7807029
20.223705	-1.7824844
20.233687	-1.7842668
20.243669	-1.78605
20.253651	-1.7878342
20.263633	-1.7896192
20.273615	-1.7914051
20.283597	-1.7931919
20.293579	-1.7949796
20.303561	-1.7967682
20.313543	-1.7985577
20.323525	-1.8003481
20.333507	-1.8021394
20.343489	-1.8039315
20.353471	-1.8057246
20.363453	-1.8075185
20.373435	-1.8093134
20.383417	-1.8111091
20.393399	-1.8129057
20.403381	-1.8147032
20.413363	-1.8165016
20.423345	-1.8183009
20.433327	-1.820101
20.443309	-1.8219021
20.453291	-1.8237041
20.463273	-1.8255069
20.473255	-1.8273106
20.483237	-1.8291153
20.493219	-1.8309208
20.503201	-1.8327272
20.513183	-1.8345345
20.523165	-1.8363426
20.533147	-1.8381517
20.543129	-1.8399617
20.553111	-1.8417725
20.563093	-1.8435843
20.573075	-1.8453969
20.583057	-1.8472104
20.593039	-1.8490248
20.603021	-1.8508401
20.613003	-1.8526563
20.622985	-1.8544734
20.632967	-1.8562913
20.642949	-1.8581102
20.652931	-1.8599299
20.662913	-1.8617505
20.672895	-1.863572
20.682877	-1.8653944
20.692859	-1.8672177
20.702841	-1.8690419
20.712823	-1.870867
20.722805	-1.8726929
20.732787	-1.8745198
20.742769	-1.8763475
20.752751	-1.8781761
20.762733	-1.8800056
20.772715	-1.881836
20.782697	-1.8836673
20.792679	-1.8854995
20.802661	-1.8873325
20.812643	-1.8891665
20.822625	-1.8910013
20.832607	-1.892837
20.842589	-1.8946736
20.852571	-1.8965111
20.862553	-1.8983495
20.872535	-1.9001887
20.882517	-1.9020289
20.892498	-1.9038699
20.90248	-1.9057119
20.912462	-1.9075547
20.922444	-1.9093984
20.932426	-1.911243
20.942408	-1.9130884
20.95239	-1.9149348
20.962372	-1.916782
20.972354	-1.9186302
20.982336	-1.9204792
20.992318	-1.9223291
21.0023	-1.9241799
21.012282	-1.9260315
21.022264	-1.9278841
21.032246	-1.9297376
21.042228	-1.9315919
21.05221	-1.9334471
21.062192	-1.9353032
21.072174	-1.9371602
21.082156	-1.9390181
21.092138	-1.9408768
21.10212	-1.9427365
21.112102	-1.944597
21.122084	-1.9464584
21.132066	-1.9483207
21.142048	-1.9501839
21.15203	-1.952048
21.162012	-1.9539129
21.171994	-1.9557787
21.181976	-1.9576455
21.191958	-1.9595131
21.20194	-1.9613816
21.211922	-1.9632509
21.221904	-1.9651212
21.231886	-1.9669923
21.241868	-1.9688644
21.25185	-1.9707373
21.261832	-1.9726111
21.271814	-1.9744857
21.281796	-1.9763613
21.291778	-1.9782378
21.30176	-1.9801151
21.311742	-1.9819933
21.321724	-1.9838724
21.331706	-1.9857524
21.341688	-1.9876332
21.35167	-1.989515
21.361652	-1.9913976
21.371634	-1.9932811
21.381616	-1.9951655
21.391598	-1.9970508
21.40158	-1.9989369
21.411562	-2.000824
21.421544	-2.0027119
21.431526	-2.0046007
21.441508	-2.0064904
21.45149	-2.008381
21.461472	-2.0102724
21.471454	-2.0121648
21.481436	-2.014058
21.491418	-2.0159521
21.5014	-2.0178471
21.511382	-2.0197429
21.521364	-2.0216397
21.531346	-2.0235373
21.541328	-2.0254358
21.55131	-2.0273352
21.561292	-2.0292355
21.571274	-2.0311366
21.581256	-2.0330387
21.591238	-2.0349416
21.60122	-2.0368454
21.611202	-2.0387501
21.621184	-2.0406556
21.631166	-2.042562
21.641148	-2.0444694
21.65113	-2.0463776
21.661112	-2.0482866
21.671094	-2.0501966
21.681076	-2.0521074
21.691058	-2.0540192
21.70104	-2.0559318
21.711022	-2.0578452
21.721004	-2.0597596
21.730986	-2.0616748
21.740968	-2.063591
21.75095	-2.065508
21.760932	-2.0674258
21.770914	-2.0693446
21.780896	-2.0712642
21.790878	-2.0731848
21.80086	-2.0751062
21.810842	-2.0770284
21.820824	-2.0789516
21.830806	-2.0808756
21.840788	-2.0828005
21.85077	-2.0847263
21.860752	-2.086653
21.870734	-2.0885805
21.880716	-2.090509
21.890698	-2.0924383
21.90068	-2.0943684
21.910662	-2.0962995
21.920644	-2.0982314
21.930626	-2.1001643
21.940608	-2.102098
21.95059	-2.1040325
21.960572	-2.105968
21.970554	-2.1079043
21.980536	-2.1098415
21.990518	-2.1117796
22.0005	-2.1137186
22.010482	-2.1156584
22.020464	-2.1175991
22.030446	-2.1195407
22.040428	-2.1214832
22.05041	-2.1234265
22.060392	-2.1253707
22.070374	-2.1273158
22.080356	-2.1292618
22.090338	-2.1312087
22.10032	-2.1331564
22.110302	-2.135105
22.120284	-2.1370545
22.130266	-2.1390048
22.140248	-2.1409561
22.15023	-2.1429082
22.160212	-2.1448612
22.170194	-2.146815
22.180176	-2.1487697
22.190158	-2.1507254
22.20014	-2.1526818
22.210122	-2.1546392
22.220104	-2.1565974
22.230086	-2.1585565
22.240068	-2.1605165
22.25005	-2.1624774
22.260032	-2.1644391
22.270014	-2.1664017
22.279996	-2.1683652
22.289978	-2.1703296
22.29996	-2.1722948
22.309942	-2.1742609
22.319924	-2.1762279
22.329906	-2.1781958
22.339888	-2.1801645
22.34987	-2.1821341
22.359852	-2.1841046
22.369834	-2.1860759
22.379816	-2.1880482
22.389798	-2.1900213
22.39978	-2.1919952
22.409762	-2.1939701
22.419744	-2.1959458
22.429726	-2.1979224
22.439708	-2.1998998
22.44969	-2.2018782
22.459672	-2.2038574
22.469654	-2.2058375
22.479636	-2.2078184
22.489618	-2.2098003
22.4996	-2.211783
22.509582	-2.2137665
22.519564	-2.215751
22.529546	-2.2177363
22.539528	-2.2197225
22.54951	-2.2217095
22.559492	-2.2236975
22.569474	-2.2256863
22.579456	-2.2276759
22.589438	-2.2296665
22.59942	-2.2316579
22.609402	-2.2336502
22.619384	-2.2356434
22.629366	-2.2376374
22.639348	-2.2396323
22.64933	-2.2416281
22.659312	-2.2436247
22.669294	-2.2456222
22.679276	-2.2476206
22.689258	-2.2496199
22.69924	-2.25162
22.709222	-2.253621
22.719204	-2.2556228
22.729186	-2.2576256
22.739168	-2.2596292
22.74915	-2.2616336
22.759132	-2.263639
22.769114	-2.2656452
22.779096	-2.2676523
22.789078	-2.2696602
22.79906	-2.2716691
22.809042	-2.2736787
22.819024	-2.2756893
22.829006	-2.2777007
22.838988	-2.279713
22.84897	-2.2817262
22.858952	-2.2837402
22.868934	-2.2857551
22.878916	-2.2877709
22.888898	-2.2897875
22.89888	-2.291805
22.908862	-2.2938234
22.918844	-2.2958426
22.928826	-2.2978628
22.938808	-2.2998837
22.94879	-2.3019056
22.958772	-2.3039283
22.968754	-2.3059519
22.978736	-2.3079763
22.988718	-2.3100016
22.9987	-2.3120278
23.008682	-2.3140548
23.018664	-2.3160828
23.028646	-2.3181115
23.038628	-2.3201412
23.04861	-2.3221717
23.058592	-2.3242031
23.068574	-2.3262353
23.078556	-2.3282684
23.088538	-2.3303024
23.09852	-2.3323372
23.108502	-2.3343729
23.118484	-2.3364095
23.128466	-2.338447
23.138448	-2.3404853
23.14843	-2.3425244
23.158412	-2.3445645
23.168394	-2.3466054
23.178376	-2.3486471
23.188358	-2.3506897
23.19834	-2.3527332
23.208322	-2.3547776
23.218304	-2.3568228
23.228286	-2.3588689
23.238268	-2.3609158
23.24825	-2.3629637
23.258232	-2.3650123
23.268214	-2.3670619
23.278196	-2.3691123
23.288178	-2.3711636
23.29816	-2.3732157
23.308142	-2.3752687
23.318124	-2.3773225
23.328106	-2.3793773
23.338088	-2.3814328
23.34807	-2.3834893
23.358052	-2.3855466
23.368034	-2.3876048
23.378016	-2.3896638
23.387998	-2.3917237
23.39798	-2.3937845
23.407962	-2.3958461
23.417944	-2.3979086
23.427926	-2.3999719
23.437908	-2.4020361
23.44789	-2.4041012
23.457872	-2.4061671
23.467854	-2.4082339
23.477836	-2.4103016
23.487818	-2.4123701
23.4978	-2.4144394
23.507782	-2.4165097
23.517764	-2.4185808
23.527746	-2.4206527
23.537728	-2.4227255
23.54771	-2.4247992
23.557692	-2.4268738
23.567674	-2.4289492
23.577656	-2.4310254
23.587638	-2.4331025
23.59762	-2.4351805
23.607602	-2.4372593
23.617584	-2.439339
23.627566	-2.4414196
23.637548	-2.443501
23.64753	-2.4455833
23.657512	-2.4476664
23.667493	-2.4497504
23.677475	-2.4518353
23.687457	-2.453921
23.697439	-2.4560075
23.707421	-2.458095
23.717403	-2.4601833
23.727385	-2.4622724
23.737367	-2.4643624
23.747349	-2.4664533
23.757331	-2.468545
23.767313	-2.4706375
23.777295	-2.472731
23.787277	-2.4748253
23.797259	-2.4769204
23.807241	-2.4790164
23.817223	-2.4811133
23.827205	-2.483211
23.837187	-2.4853096
23.847169	-2.487409
23.857151	-2.4895093
23.867133	-2.4916104
23.877115	-2.4937124
23.887097	-2.4958153
23.897079	-2.497919
23.907061	-2.5000236
23.917043	-2.502129
23.927025	-2.5042353
23.937007	-2.5063424
23.946989	-2.5084504
23.956971	-2.5105592
23.966953	-2.5126689
23.976935	-2.5147795
23.986917	-2.5168909
23.996899	-2.5190032
24.006881	-2.5211163
24.016863	-2.5232302
24.026845	-2.5253451
24.036827	-2.5274608
24.046809	-2.5295773
24.056791	-2.5316947
24.066773	-2.5338129
24.076755	-2.535932
24.086737	-2.538052
24.096719	-2.5401728
24.106701	-2.5422944
24.116683	-2.5444169
24.126665	-2.5465403
24.136647	-2.5486645
24.146629	-2.5507896
24.156611	-2.5529155
24.166593	-2.5550423
24.176575	-2.5571699
24.186557	-2.5592984
24.196539	-2.5614277
24.206521	-2.5635579
24.216503	-2.5656889
24.226485	-2.5678208
24.236467	-2.5699535
24.246449	-2.5720871
24.256431	-2.5742216
24.266413	-2.5763569
24.276395	-2.578493
24.286377	-2.58063
24.296359	-2.5827678
24.306341	-2.5849065
24.316323	-2.5870461
24.326305	-2.5891865
24.336287	-2.5913277
24.346269	-2.5934698
24.356251	-2.5956127
24.366233	-2.5977565
24.376215	-2.5999012
24.386197	-2.6020467
24.396179	-2.604193
24.406161	-2.6063402
24.416143	-2.6084882
24.426125	-2.6106371
24.436107	-2.6127868
24.446089	-2.6149374
24.456071	-2.6170889
24.466053	-2.6192411
24.476035	-2.6213943
24.486017	-2.6235483
24.495999	-2.6257031
24.505981	-2.6278588
24.515963	-2.6300153
24.525945	-2.6321726
24.535927	-2.6343309
24.545909	-2.6364899
24.555891	-2.6386498
24.565873	-2.6408106
24.575855	-2.6429722
24.585837	-2.6451346
24.595819	-2.6472979
24.605801	-2.6494621
24.615783	-2.6516271
24.625765	-2.6537929
24.635747	-2.6559596
24.645729	-2.6581271
24.655711	-2.6602955
24.665693	-2.6624647
24.675675	-2.6646348
24.685657	-2.6668057
24.695639	-2.6689774
24.705621	-2.67115
24.715603	-2.6733235
24.725585	-2.6754978
24.735567	-2.6776729
24.745549	-2.6798489
24.755531	-2.6820257
24.765513	-2.6842033
24.775495	-2.6863819
24.785477	-2.6885612
24.795459	-2.6907414
24.805441	-2.6929224
24.815423	-2.6951043
24.825405	-2.6972871
24.835387	-2.6994706
24.845369	-2.701655
24.855351	-2.7038403
24.865333	-2.7060264
24.875315	-2.7082133
24.885297	-2.7104011
24.895279	-2.7125897
24.905261	-2.7147792
24.915243	-2.7169695
24.925225	-2.7191607
24.935207	-2.7213526
24.945189	-2.7235455
24.955171	-2.7257391
24.965153	-2.7279337
24.975135	-2.730129
24.985117	-2.7323252
24.995099	-2.7345223
25.005081	-2.7367201
25.015063	-2.7389189
25.025045	-2.7411184
25.035027	-2.7433188
25.045009	-2.74552
25.054991	-2.7477221
25.064973	-2.749925
25.074955	-2.7521288
25.084937	-2.7543334
25.094919	-2.7565388
25.104901	-2.7587451
25.114883	-2.7609522
25.124865	-2.7631602
25.134847	-2.765369
25.144829	-2.7675786
25.154811	-2.7697891
25.164793	-2.7720004
25.174775	-2.7742125
25.184757	-2.7764255
25.194739	-2.7786393
25.204721	-2.780854
25.214703	-2.7830695
25.224685	-2.7852858
25.234667	-2.787503
25.244649	-2.789721
25.254631	-2.7919398
25.264613	-2.7941595
25.274595	-2.79638
25.284577	-2.7986014
25.294559	-2.8008235
25.304541	-2.8030466
25.314523	-2.8052704
25.324505	-2.8074951
25.334487	-2.8097206
25.344469	-2.811947
25.354451	-2.8141742
25.364433	-2.8164023
25.374415	-2.8186311
25.384397	-2.8208608
25.394379	-2.8230914
25.404361	-2.8253227
25.414343	-2.827555
25.424325	-2.829788
25.434307	-2.8320219
25.444289	-2.8342566
25.454271	-2.8364921
25.464253	-2.8387285
25.474235	-2.8409657
25.484217	-2.8432038
25.494199	-2.8454426
25.504181	-2.8476824
25.514163	-2.8499229
25.524145	-2.8521643
25.534127	-2.8544065
25.544109	-2.8566495
25.554091	-2.8588934
25.564073	-2.8611381
25.574055	-2.8633836
25.584037	-2.86563
25.594019	-2.8678772
25.604001	-2.8701252
25.613983	-2.8723741
25.623965	-2.8746238
25.633947	-2.8768743
25.643929	-2.8791257
25.653911	-2.8813779
25.663893	-2.8836309
25.673875	-2.8858847
25.683857	-2.8881394
25.693839	-2.8903949
25.703821	-2.8926512
25.713803	-2.8949084
25.723785	-2.8971664
25.733767	-2.8994252
25.743749	-2.9016849
25.753731	-2.9039453
25.763713	-2.9062067
25.773695	-2.9084688
25.783677	-2.9107318
25.793659	-2.9129956
25.803641	-2.9152602
25.813623	-2.9175256
25.823605	-2.9197919
25.833587	-2.922059
25.843569	-2.924327
25.853551	-2.9265957
25.863533	-2.9288653
25.873515	-2.9311357
25.883497	-2.933407
25.893479	-2.935679
25.903461	-2.9379519
25.913443	-2.9402257
25.923425	-2.9425002
25.933407	-2.9447756
25.943389	-2.9470518
25.953371	-2.9493288
25.963353	-2.9516067
25.973335	-2.9538853
25.983317	-2.9561648
25.993299	-2.9584452
26.003281	-2.9607263
26.013263	-2.9630083
26.023245	-2.9652911
26.033227	-2.9675747
26.043209	-2.9698592
26.053191	-2.9721444
26.063173	-2.9744305
26.073155	-2.9767174
26.083137	-2.9790052
26.093119	-2.9812938
26.103101	-2.9835831
26.113083	-2.9858734
26.123065	-2.9881644
26.133047	-2.9904563
26.143029	-2.9927489
26.153011	-2.9950424
26.162993	-2.9973368
26.172975	-2.9996319
26.182957	-3.0019279
26.192939	-3.0042247
26.202921	-3.0065223
26.212903	-3.0088207
26.222885	-3.01112
26.232867	-3.0134201
26.242849	-3.015721
26.252831	-3.0180227
26.262813	-3.0203252
26.272795	-3.0226286
26.282777	-3.0249327
26.292759	-3.0272377
26.302741	-3.0295436
26.312723	-3.0318502
26.322705	-3.0341577
26.332687	-3.0364659
26.342669	-3.038775
26.352651	-3.041085
26.362633	-3.0433957
26.372615	-3.0457072
26.382597	-3.0480196
26.392579	-3.0503328
26.402561	-3.0526468
26.412543	-3.0549616
26.422525	-3.0572773
26.432507	-3.0595937
26.442488	-3.061911
26.45247	-3.0642291
26.462452	-3.066548
26.472434	-3.0688678
26.482416	-3.0711883
26.492398	-3.0735097
26.50238	-3.0758318
26.512362	-3.0781548
26.522344	-3.0804786
26.532326	-3.0828033
26.542308	-3.0851287
26.55229	-3.087455
26.562272	-3.089782
26.572254	-3.0921099
26.582236	-3.0944386
26.592218	-3.0967682
26.6022	-3.0990985
26.612182	-3.1014296
26.622164	-3.1037616
26.632146	-3.1060944
26.642128	-3.108428
26.65211	-3.1107624
26.662092	-3.1130976
26.672074	-3.1154336
26.682056	-3.1177705
26.692038	-3.1201081
26.70202	-3.1224466
26.712002	-3.1247859
26.721984	-3.127126
26.731966	-3.1294669
26.741948	-3.1318086
26.75193	-3.1341511
26.761912	-3.1364945
26.771894	-3.1388386
26.781876	-3.1411836
26.791858	-3.1435294
26.80184	-3.145876
26.811822	-3.1482234
26.821804	-3.1505716
26.831786	-3.1529206
26.841768	-3.1552704
26.85175	-3.1576211
26.861732	-3.1599725
26.871714	-3.1623248
26.881696	-3.1646779
26.891678	-3.1670317
26.90166	-3.1693864
26.911642	-3.1717419
26.921624	-3.1740982
26.931606	-3.1764554
26.941588	-3.1788133
26.95157	-3.181172
26.961552	-3.1835316
26.971534	-3.1858919
26.981516	-3.1882531
26.991498	-3.190615
27.00148	-3.1929778
27.011462	-3.1953414
27.021444	-3.1977058
27.031426	-3.200071
27.041408	-3.202437
27.05139	-3.2048038
27.061372	-3.2071714
27.071354	-3.2095398
27.081336	-3.2119091
27.091318	-3.2142791
27.1013	-3.2166499
27.111282	-3.2190216
27.121264	-3.221394
27.131246	-3.2237673
27.141228	-3.2261413
27.15121	-3.2285162
27.161192	-3.2308919
27.171174	-3.2332683
27.181156	-3.2356456
27.191138	-3.2380237
27.20112	-3.2404026
27.211102	-3.2427823
27.221084	-3.2451628
27.231066	-3.2475441
27.241048	-3.2499262
27.25103	-3.2523091
27.261012	-3.2546928
27.270994	-3.2570773
27.280976	-3.2594626
27.290958	-3.2618487
27.30094	-3.2642356
27.310922	-3.2666234
27.320904	-3.2690119
27.330886	-3.2714012
27.340868	-3.2737913
27.35085	-3.2761822
27.360832	-3.278574
27.370814	-3.2809665
27.380796	-3.2833598
27.390778	-3.2857539
27.40076	-3.2881489
27.410742	-3.2905446
27.420724	-3.2929411
27.430706	-3.2953384
27.440688	-3.2977366
27.45067	-3.3001355
27.460652	-3.3025352
27.470634	-3.3049357
27.480616	-3.3073371
27.490598	-3.3097392
27.50058	-3.3121421
27.510562	-3.3145458
27.520544	-3.3169503
27.530526	-3.3193556
27.540508	-3.3217617
27.55049	-3.3241687
27.560472	-3.3265764
27.570454	-3.3289849
27.580436	-3.3313942
27.590418	-3.3338043
27.6004	-3.3362151
27.610382	-3.3386268
27.620364	-3.3410393
27.630346	-3.3434526
27.640328	-3.3458667
27.65031	-3.3482815
27.660292	-3.3506972
27.670274	-3.3531137
27.680256	-3.3555309
27.690238	-3.357949
27.70022	-3.3603678
27.710202	-3.3627875
27.720184	-3.3652079
27.730166	-3.3676291
27.740148	-3.3700511
27.75013	-3.3724739
27.760112	-3.3748976
27.770094	-3.377322
27.780076	-3.3797471
27.790058	-3.3821731
27.80004	-3.3845999
27.810022	-3.3870275
27.820004	-3.3894559
27.829986	-3.391885
27.839968	-3.394315
27.84995	-3.3967457
27.859932	-3.3991772
27.869914	-3.4016096
27.879896	-3.4040427
27.889878	-3.4064766
27.89986	-3.4089113
27.909842	-3.4113467
27.919824	-3.413783
27.929806	-3.4162201
27.939788	-3.4186579
27.94977	-3.4210966
27.959752	-3.423536
27.969734	-3.4259763
27.979716	-3.4284173
27.989698	-3.4308591
27.99968	-3.4333017
28.009662	-3.435745
28.019644	-3.4381892
28.029626	-3.4406342
28.039608	-3.4430799
28.04959	-3.4455264
28.059572	-3.4479738
28.069554	-3.4504219
28.079536	-3.4528708
28.089518	-3.4553204
28.0995	-3.4577709
28.109482	-3.4602222
28.119464	-3.4626742
28.129446	-3.465127
28.139428	-3.4675807
28.14941	-3.4700351
28.159392	-3.4724902
28.169374	-3.4749462
28.179356	-3.477403
28.189338	-3.4798605
28.19932	-3.4823188
28.209302	-3.4847779
28.219284	-3.4872378
28.229266	-3.4896985
28.239248	-3.49216
28.24923	-3.4946222
28.259212	-3.4970853
28.269194	-3.4995491
28.279176	-3.5020137
28.289158	-3.504479
28.29914	-3.5069452
28.309122	-3.5094122
28.319104	-3.5118799
28.329086	-3.5143484
28.339068	-3.5168177
28.34905	-3.5192878
28.359032	-3.5217586
28.369014	-3.5242303
28.378996	-3.5267027
28.388978	-3.5291759
28.39896	-3.5316498
28.408942	-3.5341246
28.418924	-3.5366002
28.428906	-3.5390765
28.438888	-3.5415536
28.44887	-3.5440315
28.458852	-3.5465101
28.468834	-3.5489896
28.478816	-3.5514698
28.488798	-3.5539508
28.49878	-3.5564326
28.508762	-3.5589151
28.518744	-3.5613984
28.528726	-3.5638826
28.538708	-3.5663675
28.54869	-3.5688531
28.558672	-3.5713396
28.568654	-3.5738268
28.578636	-3.5763148
28.588618	-3.5788036
28.5986	-3.5812931
28.608582	-3.5837835
28.618564	-3.5862746
28.628546	-3.5887665
28.638528	-3.5912591
28.64851	-3.5937526
28.658492	-3.5962468
28.668474	-3.5987418
28.678456	-3.6012375
28.688438	-3.6037341
28.69842	-3.6062314
28.708402	-3.6087294
28.718384	-3.6112283
28.728366	-3.6137279
28.738348	-3.6162284
28.74833	-3.6187295
28.758312	-3.6212315
28.768294	-3.6237342
28.778276	-3.6262377
28.788258	-3.628742
28.79824	-3.6312471
28.808222	-3.6337529
28.818204	-3.6362595
28.828186	-3.6387668
28.838168	-3.641275
28.84815	-3.6437839
28.858132	-3.6462936
28.868114	-3.648804
28.878096	-3.6513152
28.888078	-3.6538272
28.89806	-3.65634
28.908042	-3.6588535
28.918024	-3.6613678
28.928006	-3.6638829
28.937988	-3.6663988
28.94797	-3.6689154
28.957952	-3.6714328
28.967934	-3.6739509
28.977916	-3.6764698
28.987898	-3.6789895
28.99788	-3.68151
29.007862	-3.6840312
29.017844	-3.6865532
29.027826	-3.689076
29.037808	-3.6915995
29.04779	-3.6941238
29.057772	-3.6966489
29.067754	-3.6991747
29.077736	-3.7017013
29.087718	-3.7042287
29.0977	-3.7067568
29.107682	-3.7092857
29.117664	-3.7118154
29.127646	-3.7143458
29.137628	-3.716877
29.14761	-3.719409
29.157592	-3.7219417
29.167574	-3.7244752
29.177556	-3.7270095
29.187538	-3.7295445
29.19752	-3.7320803
29.207502	-3.7346168
29.217483	-3.7371542
29.227465	-3.7396922
29.237447	-3.7422311
29.247429	-3.7447707
29.257411	-3.7473111
29.267393	-3.7498522
29.277375	-3.7523941
29.287357	-3.7549367
29.297339	-3.7574802
29.307321	-3.7600244
29.317303	-3.7625693
29.327285	-3.765115
29.337267	-3.7676615
29.347249	-3.7702087
29.357231	-3.7727567
29.367213	-3.7753054
29.377195	-3.777855
29.387177	-3.7804052
29.397159	-3.7829563
29.407141	-3.7855081
29.417123	-3.7880606
29.427105	-3.7906139
29.437087	-3.793168
29.447069	-3.7957228
29.457051	-3.7982784
29.467033	-3.8008348
29.477015	-3.8033919
29.486997	-3.8059497
29.496979	-3.8085084
29.506961	-3.8110677
29.516943	-3.8136279
29.526925	-3.8161888
29.536907	-3.8187504
29.546889	-3.8213128
29.556871	-3.823876
29.566853	-3.8264399
29.576835	-3.8290046
29.586817	-3.83157
29.596799	-3.8341362
29.606781	-3.8367032
29.616763	-3.8392709
29.626745	-3.8418393
29.636727	-3.8444086
29.646709	-3.8469785
29.656691	-3.8495492
29.666673	-3.8521207
29.676655	-3.854693
29.686637	-3.8572659
29.696619	-3.8598397
29.706601	-3.8624142
29.716583	-3.8649894
29.726565	-3.8675654
29.736547	-3.8701422
29.746529	-3.8727197
29.756511	-3.8752979
29.766493	-3.8778769
29.776475	-3.8804567
29.786457	-3.8830372
29.796439	-3.8856185
29.806421	-3.8882005
29.816403	-3.8907833
29.826385	-3.8933668
29.836367	-3.895951
29.846349	-3.8985361
29.856331	-3.9011218
29.866313	-3.9037084
29.876295	-3.9062956
29.886277	-3.9088836
29.896259	-3.9114724
29.906241	-3.9140619
29.916223	-3.9166522
29.926205	-3.9192432
29.936187	-3.921835
29.946169	-3.9244275
29.956151	-3.9270208
29.966133	-3.9296148
29.976115	-3.9322095
29.986097	-3.934805
29.996079	-3.9374013
30.006061	-3.9399983
30.016043	-3.942596
30.026025	-3.9451945
30.036007	-3.9477937
30.045989	-3.9503937
30.055971	-3.9529945
30.065953	-3.9555959
30.075935	-3.9581982
30.085917	-3.9608011
30.095899	-3.9634048
30.105881	-3.9660093
30.115863	-3.9686145
30.125845	-3.9712204
30.135827	-3.9738271
30.145809	-3.9764346
30.155791	-3.9790427
30.165773	-3.9816517
30.175755	-3.9842613
30.185737	-3.9868717
30.195719	-3.9894829
30.205701	-3.9920948
30.215683	-3.9947074
30.225665	-3.9973208
30.235647	-3.9999349
30.245629	-4.0025498
30.255611	-4.0051654
30.265593	-4.0077817
30.275575	-4.0103988
30.285557	-4.0130166
30.295539	-4.0156352
30.305521	-4.0182545
30.315503	-4.0208745
30.325485	-4.0234953
30.335467	-4.0261168
30.345449	-4.0287391
30.355431	-4.0313621
30.365413	-4.0339858
30.375395	-4.0366103
30.385377	-4.0392355
30.395359	-4.0418615
30.405341	-4.0444882
30.415323	-4.0471156
30.425305	-4.0497438
30.435287	-4.0523727
30.445269	-4.0550024
30.455251	-4.0576328
30.465233	-4.0602639
30.475215	-4.0628957
30.485197	-4.0655283
30.495179	-4.0681617
30.505161	-4.0707957
30.515143	-4.0734305
30.525125	-4.0760661
30.535107	-4.0787023
30.545089	-4.0813393
30.555071	-4.0839771
30.565053	-4.0866156
30.575035	-4.0892548
30.585017	-4.0918947
30.594999	-4.0945354
30.604981	-4.0971768
30.614963	-4.099819
30.624945	-4.1024618
30.634927	-4.1051054
30.644909	-4.1077498
30.654891	-4.1103949
30.664873	-4.1130407
30.674855	-4.1156872
30.684837	-4.1183345
30.694819	-4.1209825
30.704801	-4.1236312
30.714783	-4.1262807
30.724765	-4.1289309
30.734747	-4.1315818
30.744729	-4.1342335
30.754711	-4.1368859
30.764693	-4.139539
30.774675	-4.1421929
30.784657	-4.1448474
30.794639	-4.1475027
30.804621	-4.1501588
30.814603	-4.1528156
30.824585	-4.155473
30.834567	-4.1581313
30.844549	-4.1607902
30.854531	-4.1634499
30.864513	-4.1661103
30.874495	-4.1687714
30.884477	-4.1714333
30.894459	-4.1740959
30.904441	-4.1767592
30.914423	-4.1794233
30.924405	-4.182088
30.934387	-4.1847535
30.944369	-4.1874197
30.954351	-4.1900867
30.964333	-4.1927544
30.974315	-4.1954228
30.984297	-4.1980919
30.994279	-4.2007617
31.004261	-4.2034323
31.014243	-4.2061036
31.024225	-4.2087756
31.034207	-4.2114484
31.044189	-4.2141218
31.054171	-4.216796
31.064153	-4.2194709
31.074135	-4.2221466
31.084117	-4.2248229
31.094099	-4.2275
31.104081	-4.2301778
31.114063	-4.2328564
31.124045	-4.2355356
31.134027	-4.2382156
31.144009	-4.2408963
31.153991	-4.2435777
31.163973	-4.2462598
31.173955	-4.2489427
31.183937	-4.2516262
31.193919	-4.2543105
31.203901	-4.2569956
31.213883	-4.2596813
31.223865	-4.2623677
31.233847	-4.2650549
31.243829	-4.2677428
31.253811	-4.2704314
31.263793	-4.2731208
31.273775	-4.2758108
31.283757	-4.2785016
31.293739	-4.281193
31.303721	-4.2838852
31.313703	-4.2865782
31.323685	-4.2892718
31.333667	-4.2919662
31.343649	-4.2946612
31.353631	-4.297357
31.363613	-4.3000535
31.373595	-4.3027507
31.383577	-4.3054487
31.393559	-4.3081473
31.403541	-4.3108467
31.413523	-4.3135468
31.423505	-4.3162476
31.433487	-4.3189491
31.443469	-4.3216513
31.453451	-4.3243542
31.463433	-4.3270579
31.473415	-4.3297622
31.483397	-4.3324673
31.493379	-4.3351731
31.503361	-4.3378796
31.513343	-4.3405868
31.523325	-4.3432948
31.533307	-4.3460034
31.543289	-4.3487128
31.553271	-4.3514228
31.563253	-4.3541336
31.573235	-4.3568451
31.583217	-4.3595573
31.593199	-4.3622702
31.603181	-4.3649838
31.613163	-4.3676982
31.623145	-4.3704132
31.633127	-4.373129
31.643109	-4.3758454
31.653091	-4.3785626
31.663073	-4.3812805
31.673055	-4.3839991
31.683037	-4.3867183
31.693019	-4.3894384
31.703001	-4.3921591
31.712983	-4.3948805
31.722965	-4.3976026
31.732947	-4.4003255
31.742929	-4.403049
31.752911	-4.4057733
31.762893	-4.4084982
31.772875	-4.4112239
31.782857	-4.4139503
31.792839	-4.4166773
31.802821	-4.4194051
31.812803	-4.4221336
31.822785	-4.4248628
31.832767	-4.4275927
31.842749	-4.4303233
31.852731	-4.4330546
31.862713	-4.4357866
31.872695	-4.4385193
31.882677	-4.4412528
31.892659	-4.4439869
31.902641	-4.4467217
31.912623	-4.4494573
31.922605	-4.4521935
31.932587	-4.4549304
31.942569	-4.4576681
31.952551	-4.4604064
31.962533	-4.4631455
31.972515	-4.4658852
31.982496	-4.4686257
31.992478	-4.4713668
32.00246	-4.4741087
32.012442	-4.4768512
32.022424	-4.4795945
32.032406	-4.4823384
32.042388	-4.4850831
32.05237	-4.4878284
32.062352	-4.4905745
32.072334	-4.4933212
32.082316	-4.4960687
32.092298	-4.4988168
32.10228	-4.5015657
32.112262	-4.5043152
32.122244	-4.5070655
32.132226	-4.5098164
32.142208	-4.5125681
32.15219	-4.5153204
32.162172	-4.5180735
32.172154	-4.5208272
32.182136	-4.5235816
32.192118	-4.5263368
32.2021	-4.5290926
32.212082	-4.5318491
32.222064	-4.5346063
32.232046	-4.5373642
32.242028	-4.5401228
32.25201	-4.5428821
32.261992	-4.5456421
32.271974	-4.5484028
32.281956	-4.5511642
32.291938	-4.5539263
32.30192	-4.5566891
32.311902	-4.5594525
32.321884	-4.5622167
32.331866	-4.5649816
32.341848	-4.5677471
32.35183	-4.5705134
32.361812	-4.5732803
32.371794	-4.5760479
32.381776	-4.5788162
32.391758	-4.5815852
32.40174	-4.5843549
32.411722	-4.5871253
32.421704	-4.5898964
32.431686	-4.5926682
32.441668	-4.5954407
32.45165	-4.5982138
32.461632	-4.6009877
32.471614	-4.6037622
32.481596	-4.6065374
32.491578	-4.6093133
32.50156	-4.6120899
32.511542	-4.6148672
32.521524	-4.6176452
32.531506	-4.6204239
32.541488	-4.6232032
32.55147	-4.6259833
32.561452	-4.628764
32.571434	-4.6315454
32.581416	-4.6343276
32.591398	-4.6371104
32.60138	-4.6398938
32.611362	-4.642678
32.621344	-4.6454629
32.631326	-4.6482484
32.641308	-4.6510346
32.65129	-4.6538215
32.661272	-4.6566091
32.671254	-4.6593974
32.681236	-4.6621864
32.691218	-4.664976
32.7012	-4.6677664
32.711182	-4.6705574
32.721164	-4.6733491
32.731146	-4.6761415
32.741128	-4.6789346
32.75111	-4.6817283
32.761092	-4.6845227
32.771074	-4.6873179
32.781056	-4.6901137
32.791038	-4.6929102
32.80102	-4.6957073
32.811002	-4.6985052
32.820984	-4.7013037
32.830966	-4.7041029
32.840948	-4.7069028
32.85093	-4.7097034
32.860912	-4.7125046
32.870894	-4.7153066
32.880876	-4.7181092
32.890858	-4.7209125
32.90084	-4.7237164
32.910822	-4.7265211
32.920804	-4.7293264
32.930786	-4.7321324
32.940768	-4.7349391
32.95075	-4.7377465
32.960732	-4.7405545
32.970714	-4.7433632
32.980696	-4.7461726
32.990678	-4.7489827
33.00066	-4.7517935
33.010642	-4.7546049
33.020624	-4.757417
33.030606	-4.7602298
33.040588	-4.7630432
33.05057	-4.7658574
33.060552	-4.7686722
33.070534	-4.7714877
33.080516	-4.7743038
33.090498	-4.7771206
33.10048	-4.7799382
33.110462	-4.7827563
33.120444	-4.7855752
33.130426	-4.7883947
33.140408	-4.7912149
33.15039	-4.7940358
33.160372	-4.7968574
33.170354	-4.7996796
33.180336	-4.8025025
33.190318	-4.805326
33.2003	-4.8081503
33.210282	-4.8109752
33.220264	-4.8138008
33.230246	-4.816627
33.240228	-4.819454
33.25021	-4.8222816
33.260192	-4.8251098
33.270174	-4.8279388
33.280156	-4.8307684
33.290138	-4.8335986
33.30012	-4.8364296
33.310102	-4.8392612
33.320084	-4.8420935
33.330066	-4.8449264
33.340048	-4.8477601
33.35003	-4.8505944
33.360012	-4.8534293
33.369994	-4.856265
33.379976	-4.8591012
33.389958	-4.8619382
33.39994	-4.8647758
33.409922	-4.8676141
33.419904	-4.8704531
33.429886	-4.8732927
33.439868	-4.876133
33.44985	-4.878974
33.459832	-4.8818156
33.469814	-4.8846579
33.479796	-4.8875009
33.489778	-4.8903445
33.49976	-4.8931888
33.509742	-4.8960337
33.519724	-4.8988793
33.529706	-4.9017256
33.539688	-4.9045726
33.54967	-4.9074202
33.559652	-4.9102684
33.569634	-4.9131174
33.579616	-4.915967
33.589598	-4.9188172
33.59958	-4.9216681
33.609562	-4.9245197
33.619544	-4.927372
33.629526	-4.9302249
33.639508	-4.9330784
33.64949	-4.9359327
33.659472	-4.9387876
33.669454	-4.9416431
33.679436	-4.9444993
33.689418	-4.9473562
33.6994	-4.9502137
33.709382	-4.9530719
33.719364	-4.9559308
33.729346	-4.9587903
33.739328	-4.9616504
33.74931	-4.9645112
33.759292	-4.9673727
33.769274	-4.9702349
33.779256	-4.9730977
33.789238	-4.9759611
33.79922	-4.9788252
33.809202	-4.98169
33.819184	-4.9845554
33.829166	-4.9874215
33.839148	-4.9902882
33.84913	-4.9931556
33.859112	-4.9960237
33.869094	-4.9988924
33.879076	-5.0017618
33.889058	-5.0046318
33.89904	-5.0075024
33.909022	-5.0103738
33.919004	-5.0132457
33.928986	-5.0161184
33.938968	-5.0189917
33.94895	-5.0218656
33.958932	-5.0247402
33.968914	-5.0276154
33.978896	-5.0304913
33.988878	-5.0333679
33.99886	-5.0362451
34.008842	-5.0391229
34.018824	-5.0420015
34.028806	-5.0448806
34.038788	-5.0477604
34.04877	-5.0506409
34.058752	-5.053522
34.068734	-5.0564038
34.078716	-5.0592862
34.088698	-5.0621692
34.09868	-5.0650529
34.108662	-5.0679373
34.118644	-5.0708223
34.128626	-5.073708
34.138608	-5.0765943
34.14859	-5.0794812
34.158572	-5.0823688
34.168554	-5.0852571
34.178536	-5.088146
34.188518	-5.0910355
34.1985	-5.0939257
34.208482	-5.0968166
34.218464	-5.0997081
34.228446	-5.1026002
34.238428	-5.105493
34.24841	-5.1083864
34.258392	-5.1112805
34.268374	-5.1141752
34.278356	-5.1170706
34.288338	-5.1199666
34.29832	-5.1228632
34.308302	-5.1257605
34.318284	-5.1286585
34.328266	-5.131557
34.338248	-5.1344563
34.34823	-5.1373561
34.358212	-5.1402567
34.368194	-5.1431578
34.378176	-5.1460596
34.388158	-5.1489621
34.39814	-5.1518651
34.408122	-5.1547689
34.418104	-5.1576732
34.428086	-5.1605783
34.438068	-5.1634839
34.44805	-5.1663902
34.458032	-5.1692971
34.468014	-5.1722047
34.477996	-5.1751129
34.487978	-5.1780218
34.49796	-5.1809313
34.507942	-5.1838414
34.517924	-5.1867522
34.527906	-5.1896636
34.537888	-5.1925756
34.54787	-5.1954883
34.557852	-5.1984016
34.567834	-5.2013156
34.577816	-5.2042302
34.587798	-5.2071454
34.59778	-5.2100613
34.607762	-5.2129778
34.617744	-5.215895
34.627726	-5.2188128
34.637708	-5.2217312
34.64769	-5.2246502
34.657672	-5.2275699
34.667654	-5.2304903
34.677636	-5.2334112
34.687618	-5.2363328
34.6976	-5.2392551
34.707582	-5.2421779
34.717564	-5.2451014
34.727546	-5.2480256
34.737528	-5.2509503
34.74751	-5.2538757
34.757491	-5.2568018
34.767473	-5.2597284
34.777455	-5.2626557
34.787437	-5.2655837
34.797419	-5.2685122
34.807401	-5.2714414
34.817383	-5.2743713
34.827365	-5.2773017
34.837347	-5.2802328
34.847329	-5.2831645
34.857311	-5.2860969
34.867293	-5.2890299
34.877275	-5.2919635
34.887257	-5.2948977
34.897239	-5.2978326
34.907221	-5.3007681
34.917203	-5.3037042
34.927185	-5.306641
34.937167	-5.3095784
34.947149	-5.3125164
34.957131	-5.315455
34.967113	-5.3183943
34.977095	-5.3213342
34.987077	-5.3242747
34.997059	-5.3272159
35.007041	-5.3301576
35.017023	-5.3331
35.027005	-5.3360431
35.036987	-5.3389867
35.046969	-5.341931
35.056951	-5.3448759
35.066933	-5.3478215
35.076915	-5.3507676
35.086897	-5.3537144
35.096879	-5.3566618
35.106861	-5.3596098
35.116843	-5.3625585
35.126825	-5.3655078
35.136807	-5.3684577
35.146789	-5.3714082
35.156771	-5.3743593
35.166753	-5.3773111
35.176735	-5.3802635
35.186717	-5.3832165
35.196699	-5.3861702
35.206681	-5.3891244
35.216663	-5.3920793
35.226645	-5.3950348
35.236627	-5.3979909
35.246609	-5.4009477
35.256591	-5.403905
35.266573	-5.406863
35.276555	-5.4098216
35.286537	-5.4127808
35.296519	-5.4157407
35.306501	-5.4187011
35.316483	-5.4216622
35.326465	-5.4246239
35.336447	-5.4275862
35.346429	-5.4305492
35.356411	-5.4335127
35.366393	-5.4364769
35.376375	-5.4394417
35.386357	-5.4424071
35.396339	-5.4453731
35.406321	-5.4483397
35.416303	-5.451307
35.426285	-5.4542749
35.436267	-5.4572434
35.446249	-5.4602125
35.456231	-5.4631822
35.466213	-5.4661525
35.476195	-5.4691234
35.486177	-5.472095
35.496159	-5.4750672
35.506141	-5.47804
35.516123	-5.4810134
35.526105	-5.4839874
35.536087	-5.486962
35.546069	-5.4899373
35.556051	-5.4929131
35.566033	-5.4958896
35.576015	-5.4988667
35.585997	-5.5018443
35.595979	-5.5048227
35.605961	-5.5078016
35.615943	-5.5107811
35.625925	-5.5137612
35.635907	-5.516742
35.645889	-5.5197233
35.655871	-5.5227053
35.665853	-5.5256879
35.675835	-5.5286711
35.685817	-5.5316549
35.695799	-5.5346393
35.705781	-5.5376243
35.715763	-5.5406099
35.725745	-5.5435961
35.735727	-5.546583
35.745709	-5.5495704
35.755691	-5.5525585
35.765673	-5.5555471
35.775655	-5.5585364
35.785637	-5.5615263
35.795619	-5.5645168
35.805601	-5.5675078
35.815583	-5.5704995
35.825565	-5.5734918
35.835547	-5.5764847
35.845529	-5.5794782
35.855511	-5.5824724
35.865493	-5.5854671
35.875475	-5.5884624
35.885457	-5.5914583
35.895439	-5.5944549
35.905421	-5.597452
35.915403	-5.6004497
35.925385	-5.6034481
35.935367	-5.606447
35.945349	-5.6094466
35.955331	-5.6124467
35.965313	-5.6154475
35.975295	-5.6184488
35.985277	-5.6214508
35.995259	-5.6244534
36.005241	-5.6274565
36.015223	-5.6304603
36.025205	-5.6334646
36.035187	-5.6364696
36.045169	-5.6394752
36.055151	-5.6424813
36.065133	-5.6454881
36.075115	-5.6484954
36.085097	-5.6515034
36.095079	-5.654512
36.105061	-5.6575211
36.115043	-5.6605309
36.125025	-5.6635412
36.135007	-5.6665522
36.144989	-5.6695637
36.154971	-5.6725759
36.164953	-5.6755886
36.174935	-5.6786019
36.184917	-5.6816159
36.194899	-5.6846304
36.204881	-5.6876455
36.214863	-5.6906613
36.224845	-5.6936776
36.234827	-5.6966945
36.244809	-5.699712
36.254791	-5.7027301
36.264773	-5.7057488
36.274755	-5.7087681
36.284737	-5.711788
36.294719	-5.7148085
36.304701	-5.7178295
36.314683	-5.7208512
36.324665	-5.7238735
36.334647	-5.7268963
36.344629	-5.7299198
36.354611	-5.7329438
36.364593	-5.7359684
36.374575	-5.7389936
36.384557	-5.7420195
36.394539	-5.7450459
36.404521	-5.7480729
36.414503	-5.7511004
36.424485	-5.7541286
36.434467	-5.7571574
36.444449	-5.7601867
36.454431	-5.7632167
36.464413	-5.7662472
36.474395	-5.7692783
36.484377	-5.77231
36.494359	-5.7753423
36.504341	-5.7783752
36.514323	-5.7814087
36.524305	-5.7844428
36.534287	-5.7874774
36.544269	-5.7905126
36.554251	-5.7935485
36.564233	-5.7965849
36.574215	-5.7996219
36.584197	-5.8026595
36.594179	-5.8056976
36.604161	-5.8087364
36.614143	-5.8117757
36.624125	-5.8148157
36.634107	-5.8178562
36.644089	-5.8208973
36.654071	-5.8239389
36.664053	-5.8269812
36.674035	-5.8300241
36.684017	-5.8330675
36.693999	-5.8361115
36.703981	-5.8391561
36.713963	-5.8422013
36.723945	-5.8452471
36.733927	-5.8482934
36.743909	-5.8513403
36.753891	-5.8543878
36.763873	-5.8574359
36.773855	-5.8604846
36.783837	-5.8635339
36.793819	-5.8665837
36.803801	-5.8696341
36.813783	-5.8726851
36.823765	-5.8757367
36.833747	-5.8787888
36.843729	-5.8818416
36.853711	-5.8848949
36.863693	-5.8879488
36.873675	-5.8910032
36.883657	-5.8940583
36.893639	-5.8971139
36.903621	-5.9001701
36.913603	-5.9032269
36.923585	-5.9062843
36.933567	-5.9093422
36.943549	-5.9124007
36.953531	-5.9154598
36.963513	-5.9185195
36.973495	-5.9215797
36.983477	-5.9246406
36.993459	-5.927702
37.003441	-5.9307639
37.013423	-5.9338265
37.023405	-5.9368896
37.033387	-5.9399533
37.043369	-5.9430176
37.053351	-5.9460824
37.063333	-5.9491478
37.073315	-5.9522138
37.083297	-5.9552804
37.093279	-5.9583475
37.103261	-5.9614152
37.113243	-5.9644835
37.123225	-5.9675524
37.133207	-5.9706218
37.143189	-5.9736918
37.153171	-5.9767624
37.163153	-5.9798335
37.173135	-5.9829052
37.183117	-5.9859775
37.193099	-5.9890504
37.203081	-5.9921238
37.213063	-5.9951978
37.223045	-5.9982723
37.233027	-6.0013475
37.243009	-6.0044232
37.252991	-6.0074995
37.262973	-6.0105763
37.272955	-6.0136537
37.282937	-6.0167317
37.292919	-6.0198102
37.302901	-6.0228893
37.312883	-6.025969
37.322865	-6.0290493
37.332847	-6.0321301
37.342829	-6.0352115
37.352811	-6.0382934
37.362793	-6.0413759
37.372775	-6.044459
37.382757	-6.0475426
37.392739	-6.0506268
37.402721	-6.0537116
37.412703	-6.056797
37.422685	-6.0598829
37.432667	-6.0629693
37.442649	-6.0660564
37.452631	-6.069144
37.462613	-6.0722321
37.472595	-6.0753208
37.482577	-6.0784101
37.492559	-6.0815
37.502541	-6.0845904
37.512523	-6.0876814
37.522505	-6.0907729
37.532486	-6.093865
37.542468	-6.0969576
37.55245	-6.1000509
37.562432	-6.1031446
37.572414	-6.106239
37.582396	-6.1093339
37.592378	-6.1124293
37.60236	-6.1155254
37.612342	-6.1186219
37.622324	-6.1217191
37.632306	-6.1248168
37.642288	-6.127915
37.65227	-6.1310138
37.662252	-6.1341132
37.672234	-6.1372132
37.682216	-6.1403136
37.692198	-6.1434147
37.70218	-6.1465163
37.712162	-6.1496185
37.722144	-6.1527212
37.732126	-6.1558245
37.742108	-6.1589283
37.75209	-6.1620327
37.762072	-6.1651376
37.772054	-6.1682431
37.782036	-6.1713492
37.792018	-6.1744558
37.802	-6.1775629
37.811982	-6.1806707
37.821964	-6.1837789
37.831946	-6.1868878
37.841928	-6.1899971
37.85191	-6.1931071
37.861892	-6.1962175
37.871874	-6.1993286
37.881856	-6.2024402
37.891838	-6.2055523
37.90182	-6.208665
37.911802	-6.2117783
37.921784	-6.2148921
37.931766	-6.2180064
37.941748	-6.2211213
37.95173	-6.2242368
37.961712	-6.2273528
37.971694	-6.2304693
37.981676	-6.2335864
37.991658	-6.2367041
38.00164	-6.2398223
38.011622	-6.242941
38.021604	-6.2460603
38.031586	-6.2491802
38.041568	-6.2523006
38.05155	-6.2554215
38.061532	-6.258543
38.071514	-6.2616651
38.081496	-6.2647877
38.091478	-6.2679108
38.10146	-6.2710345
38.111442	-6.2741587
38.121424	-6.2772835
38.131406	-6.2804088
38.141388	-6.2835347
38.15137	-6.2866611
38.161352	-6.2897881
38.171334	-6.2929156
38.181316	-6.2960436
38.191298	-6.2991722
38.20128	-6.3023013
38.211262	-6.305431
38.221244	-6.3085613
38.231226	-6.311692
38.241208	-6.3148233
38.25119	-6.3179552
38.261172	-6.3210876
38.271154	-6.3242205
38.281136	-6.327354
38.291118	-6.330488
38.3011	-6.3336226
38.311082	-6.3367577
38.321064	-6.3398934
38.331046	-6.3430296
38.341028	-6.3461663
38.35101	-6.3493036
38.360992	-6.3524414
38.370974	-6.3555797
38.380956	-6.3587186
38.390938	-6.3618581
38.40092	-6.364998
38.410902	-6.3681385
38.420884	-6.3712796
38.430866	-6.3744212
38.440848	-6.3775633
38.45083	-6.380706
38.460812	-6.3838492
38.470794	-6.3869929
38.480776	-6.3901372
38.490758	-6.393282
38.50074	-6.3964274
38.510722	-6.3995732
38.520704	-6.4027197
38.530686	-6.4058666
38.540668	-6.4090141
38.55065	-6.4121621
38.560632	-6.4153107
38.570614	-6.4184598
38.580596	-6.4216094
38.590578	-6.4247596
38.60056	-6.4279103
38.610542	-6.4310615
38.620524	-6.4342133
38.630506	-6.4373656
38.640488	-6.4405184
38.65047	-6.4436718
38.660452	-6.4468257
38.670434	-6.4499801
38.680416	-6.4531351
38.690398	-6.4562906
38.70038	-6.4594466
38.710362	-6.4626032
38.720344	-6.4657603
38.730326	-6.4689179
38.740308	-6.472076
38.75029	-6.4752347
38.760272	-6.4783939
38.770254	-6.4815537
38.780236	-6.484714
38.790218	-6.4878747
38.8002	-6.4910361
38.810182	-6.4941979
38.820164	-6.4973603
38.830146	-6.5005232
38.840128	-6.5036867
38.85011	-6.5068506
38.860092	-6.5100151
38.870074	-6.5131802
38.880056	-6.5163457
38.890038	-6.5195118
38.90002	-6.5226784
38.910002	-6.5258455
38.919984	-6.5290132
38.929966	-6.5321813
38.939948	-6.5353501
38.94993	-6.5385193
38.959912	-6.541689
38.969894	-6.5448593
38.979876	-6.5480301
38.989858	-6.5512014
38.99984	-6.5543733
39.009822	-6.5575457
39.019804	-6.5607186
39.029786	-6.563892
39.039768	-6.5670659
39.04975	-6.5702404
39.059732	-6.5734154
39.069714	-6.5765909
39.079696	-6.5797669
39.089678	-6.5829435
39.09966	-6.5861206
39.109642	-6.5892981
39.119624	-6.5924763
39.129606	-6.5956549
39.139588	-6.5988341
39.14957	-6.6020137
39.159552	-6.6051939
39.169534	-6.6083746
39.179516	-6.6115559
39.189498	-6.6147376
39.19948	-6.6179199
39.209462	-6.6211027
39.219444	-6.624286
39.229426	-6.6274698
39.239408	-6.6306542
39.24939	-6.633839
39.259372	-6.6370244
39.269354	-6.6402103
39.279336	-6.6433967
39.289318	-6.6465836
39.2993	-6.6497711
39.309282	-6.652959
39.319264	-6.6561475
39.329246	-6.6593365
39.339228	-6.662526
39.34921	-6.665716
39.359192	-6.6689066
39.369174	-6.6720976
39.379156	-6.6752892
39.389138	-6.6784812
39.39912	-6.6816738
39.409102	-6.6848669
39.419084	-6.6880605
39.429066	-6.6912547
39.439048	-6.6944493
39.44903	-6.6976445
39.459012	-6.7008401
39.468994	-6.7040363
39.478976	-6.707233
39.488958	-6.7104302
39.49894	-6.7136279
39.508922	-6.7168261
39.518904	-6.7200248
39.528886	-6.7232241
39.538868	-6.7264238
39.54885	-6.7296241
39.558832	-6.7328249
39.568814	-6.7360261
39.578796	-6.7392279
39.588778	-6.7424302
39.59876	-6.745633
39.608742	-6.7488363
39.618724	-6.7520401
39.628706	-6.7552445
39.638688	-6.7584493
39.64867	-6.7616546
39.658652	-6.7648605
39.668634	-6.7680669
39.678616	-6.7712737
39.688598	-6.7744811
39.69858	-6.7776889
39.708562	-6.7808973
39.718544	-6.7841062
39.728526	-6.7873156
39.738508	-6.7905255
39.74849	-6.7937359
39.758472	-6.7969468
39.768454	-6.8001582
39.778436	-6.8033701
39.788418	-6.8065825
39.7984	-6.8097954
39.808382	-6.8130088
39.818364	-6.8162228
39.828346	-6.8194372
39.838328	-6.8226521
39.84831	-6.8258675
39.858292	-6.8290835
39.868274	-6.8322999
39.878256	-6.8355168
39.888238	-6.8387343
39.89822	-6.8419522
39.908202	-6.8451706
39.918184	-6.8483896
39.928166	-6.851609
39.938148	-6.8548289
39.94813	-6.8580494
39.958112	-6.8612703
39.968094	-6.8644917
39.978076	-6.8677136
39.988058	-6.8709361
39.99804	-6.874159
40.008022	-6.8773824
40.018004	-6.8806063
40.027986	-6.8838308
40.037968	-6.8870557
40.04795	-6.8902811
40.057932	-6.893507
40.067914	-6.8967334
40.077896	-6.8999603
40.087878	-6.9031877
40.09786	-6.9064156
40.107842	-6.909644
40.117824	-6.9128728
40.127806	-6.9161022
40.137788	-6.9193321
40.14777	-6.9225625
40.157752	-6.9257933
40.167734	-6.9290247
40.177716	-6.9322565
40.187698	-6.9354888
40.19768	-6.9387217
40.207662	-6.941955
40.217644	-6.9451888
40.227626	-6.9484231
40.237608	-6.9516579
40.24759	-6.9548932
40.257572	-6.958129
40.267554	-6.9613653
40.277536	-6.964602
40.287518	-6.9678393
40.297499	-6.971077
40.307481	-6.9743153
40.317463	-6.977554
40.327445	-6.9807932
40.337427	-6.9840329
40.347409	-6.9872731
40.357391	-6.9905138
40.367373	-6.993755
40.377355	-6.9969966
40.387337	-7.0002388
40.397319	-7.0034814
40.407301	-7.0067246
40.417283	-7.0099682
40.427265	-7.0132123
40.437247	-7.0164568
40.447229	-7.0197019
40.457211	-7.0229475
40.467193	-7.0261935
40.477175	-7.0294401
40.487157	-7.0326871
40.497139	-7.0359346
40.507121	-7.0391826
40.517103	-7.042431
40.527085	-7.04568
40.537067	-7.0489294
40.547049	-7.0521793
40.557031	-7.0554297
40.567013	-7.0586806
40.576995	-7.061932
40.586977	-7.0651839
40.596959	-7.0684362
40.606941	-7.071689
40.616923	-7.0749423
40.626905	-7.0781961
40.636887	-7.0814504
40.646869	-7.0847051
40.656851	-7.0879604
40.666833	-7.0912161
40.676815	-7.0944723
40.686797	-7.0977289
40.696779	-7.1009861
40.706761	-7.1042437
40.716743	-7.1075018
40.726725	-7.1107604
40.736707	-7.1140195
40.746689	-7.1172791
40.756671	-7.1205391
40.766653	-7.1237996
40.776635	-7.1270606
40.786617	-7.130322
40.796599	-7.133584
40.806581	-7.1368464
40.816563	-7.1401093
40.826545	-7.1433727
40.836527	-7.1466365
40.846509	-7.1499008
40.856491	-7.1531656
40.866473	-7.1564309
40.876455	-7.1596967
40.886437	-7.1629629
40.896419	-7.1662296
40.906401	-7.1694968
40.916383	-7.1727644
40.926365	-7.1760326
40.936347	-7.1793012
40.946329	-7.1825702
40.956311	-7.1858398
40.966293	-7.1891098
40.976275	-7.1923803
40.986257	-7.1956513
40.996239	-7.1989227
41.006221	-7.2021946
41.016203	-7.205467
41.026185	-7.2087399
41.036167	-7.2120132
41.046149	-7.215287
41.056131	-7.2185613
41.066113	-7.221836
41.076095	-7.2251112
41.086077	-7.2283869
41.096059	-7.231663
41.106041	-7.2349397
41.116023	-7.2382168
41.126005	-7.2414943
41.135987	-7.2447723
41.145969	-7.2480508
41.155951	-7.2513298
41.165933	-7.2546092
41.175915	-7.2578891
41.185897	-7.2611695
41.195879	-7.2644504
41.205861	-7.2677317
41.215843	-7.2710134
41.225825	-7.2742957
41.235807	-7.2775784
41.245789	-7.2808615
41.255771	-7.2841452
41.265753	-7.2874293
41.275735	-7.2907139
41.285717	-7.2939989
41.295699	-7.2972844
41.305681	-7.3005704
41.315663	-7.3038568
41.325645	-7.3071437
41.335627	-7.310431
41.345609	-7.3137189
41.355591	-7.3170071
41.365573	-7.3202959
41.375555	-7.3235851
41.385537	-7.3268748
41.395519	-7.3301649
41.405501	-7.3334555
41.415483	-7.3367466
41.425465	-7.3400381
41.435447	-7.3433301
41.445429	-7.3466225
41.455411	-7.3499154
41.465393	-7.3532088
41.475375	-7.3565026
41.485357	-7.3597969
41.495339	-7.3630916
41.505321	-7.3663868
41.515303	-7.3696825
41.525285	-7.3729786
41.535267	-7.3762752
41.545249	-7.3795723
41.555231	-7.3828698
41.565213	-7.3861677
41.575195	-7.3894661
41.585177	-7.392765
41.595159	-7.3960643
41.605141	-7.3993641
41.615123	-7.4026644
41.625105	-7.4059651
41.635087	-7.4092662
41.645069	-7.4125678
41.655051	-7.4158699
41.665033	-7.4191724
41.675015	-7.4224754
41.684997	-7.4257789
41.694979	-7.4290828
41.704961	-7.4323871
41.714943	-7.4356919
41.724925	-7.4389972
41.734907	-7.4423029
41.744889	-7.445609
41.754871	-7.4489156
41.764853	-7.4522227
41.774835	-7.4555302
41.784817	-7.4588382
41.794799	-7.4621466
41.804781	-7.4654555
41.814763	-7.4687648
41.824745	-7.4720746
41.834727	-7.4753849
41.844709	-7.4786955
41.854691	-7.4820067
41.864673	-7.4853183
41.874655	-7.4886303
41.884637	-7.4919428
41.894619	-7.4952557
41.904601	-7.4985691
41.914583	-7.501883
41.924565	-7.5051972
41.934547	-7.508512
41.944529	-7.5118272
41.954511	-7.5151428
41.964493	-7.5184589
41.974475	-7.5217754
41.984457	-7.5250924
41.994439	-7.5284098
42.004421	-7.5317277
42.014403	-7.535046
42.024385	-7.5383647
42.034367	-7.5416839
42.044349	-7.5450036
42.054331	-7.5483237
42.064313	-7.5516442
42.074295	-7.5549652
42.084277	-7.5582867
42.094259	-7.5616086
42.104241	-7.5649309
42.114223	-7.5682536
42.124205	-7.5715769
42.134187	-7.5749005
42.144169	-7.5782246
42.154151	-7.5815492
42.164133	-7.5848742
42.174115	-7.5881996
42.184097	-7.5915255
42.194079	-7.5948518
42.204061	-7.5981785
42.214043	-7.6015057
42.224025	-7.6048334
42.234007	-7.6081615
42.243989	-7.61149
42.253971	-7.614819
42.263953	-7.6181484
42.273935	-7.6214782
42.283917	-7.6248085
42.293899	-7.6281392
42.303881	-7.6314704
42.313863	-7.634802
42.323845	-7.638134
42.333827	-7.6414665
42.343809	-7.6447994
42.353791	-7.6481328
42.363773	-7.6514666
42.373755	-7.6548008
42.383737	-7.6581355
42.393719	-7.6614706
42.403701	-7.6648062
42.413683	-7.6681422
42.423665	-7.6714786
42.433647	-7.6748154
42.443629	-7.6781527
42.453611	-7.6814905
42.463593	-7.6848286
42.473575	-7.6881672
42.483557	-7.6915063
42.493539	-7.6948457
42.503521	-7.6981856
42.513503	-7.701526
42.523485	-7.7048668
42.533467	-7.708208
42.543449	-7.7115496
42.553431	-7.7148917
42.563413	-7.7182342
42.573395	-7.7215771
42.583377	-7.7249205
42.593359	-7.7282643
42.603341	-7.7316085
42.613323	-7.7349532
42.623305	-7.7382983
42.633287	-7.7416439
42.643269	-7.7449898
42.653251	-7.7483362
42.663233	-7.751683
42.673215	-7.7550303
42.683197	-7.758378
42.693179	-7.7617261
42.703161	-7.7650746
42.713143	-7.7684236
42.723125	-7.771773
42.733107	-7.7751229
42.743089	-7.7784731
42.753071	-7.7818238
42.763053	-7.7851749
42.773035	-7.7885265
42.783017	-7.7918785
42.792999	-7.7952309
42.802981	-7.7985837
42.812963	-7.8019369
42.822945	-7.8052906
42.832927	-7.8086447
42.842909	-7.8119993
42.852891	-7.8153542
42.862873	-7.8187096
42.872855	-7.8220654
42.882837	-7.8254217
42.892819	-7.8287783
42.902801	-7.8321354
42.912783	-7.8354929
42.922765	-7.8388509
42.932747	-7.8422092
42.942729	-7.845568
42.952711	-7.8489272
42.962693	-7.8522869
42.972675	-7.8556469
42.982657	-7.8590074
42.992639	-7.8623683
43.002621	-7.8657296
43.012603	-7.8690913
43.022585	-7.8724535
43.032567	-7.8758161
43.042549	-7.8791791
43.052531	-7.8825425
43.062513	-7.8859064
43.072494	-7.8892707
43.082476	-7.8926353
43.092458	-7.8960005
43.10244	-7.899366
43.112422	-7.9027319
43.122404	-7.9060983
43.132386	-7.9094651
43.142368	-7.9128323
43.15235	-7.9161999
43.162332	-7.919568
43.172314	-7.9229364
43.182296	-7.9263053
43.192278	-7.9296746
43.20226	-7.9330443
43.212242	-7.9364144
43.222224	-7.939785
43.232206	-7.943156
43.242188	-7.9465273
43.25217	-7.9498991
43.262152	-7.9532713
43.272134	-7.956644
43.282116	-7.960017
43.292098	-7.9633905
43.30208	-7.9667643
43.312062	-7.9701386
43.322044	-7.9735133
43.332026	-7.9768885
43.342008	-7.980264
43.35199	-7.9836399
43.361972	-7.9870163
43.371954	-7.9903931
43.381936	-7.9937702
43.391918	-7.9971478
43.4019	-8.0005258
43.411882	-8.0039043
43.421864	-8.0072831
43.431846	-8.0106623
43.441828	-8.014042
43.45181	-8.0174221
43.461792	-8.0208025
43.471774	-8.0241834
43.481756	-8.0275647
43.491738	-8.0309464
43.50172	-8.0343285
43.511702	-8.0377111
43.521684	-8.041094
43.531666	-8.0444774
43.541648	-8.0478611
43.55163	-8.0512453
43.561612	-8.0546298
43.571594	-8.0580148
43.581576	-8.0614002
43.591558	-8.064786
43.60154	-8.0681722
43.611522	-8.0715588
43.621504	-8.0749458
43.631486	-8.0783333
43.641468	-8.0817211
43.65145	-8.0851093
43.661432	-8.088498
43.671414	-8.091887
43.681396	-8.0952765
43.691378	-8.0986663
43.70136	-8.1020566
43.711342	-8.1054473
43.721324	-8.1088384
43.731306	-8.1122298
43.741288	-8.1156217
43.75127	-8.119014
43.761252	-8.1224067
43.771234	-8.1257998
43.781216	-8.1291933
43.791198	-8.1325872
43.80118	-8.1359815
43.811162	-8.1393762
43.821144	-8.1427713
43.831126	-8.1461668
43.841108	-8.1495627
43.85109	-8.152959
43.861072	-8.1563557
43.871054	-8.1597529
43.881036	-8.1631504
43.891018	-8.1665483
43.901	-8.1699466
43.910982	-8.1733453
43.920964	-8.1767444
43.930946	-8.1801439
43.940928	-8.1835438
43.95091	-8.1869442
43.960892	-8.1903449
43.970874	-8.193746
43.980856	-8.1971475
43.990838	-8.2005494
44.00082	-8.2039517
44.010802	-8.2073544
44.020784	-8.2107575
44.030766	-8.214161
44.040748	-8.2175649
44.05073	-8.2209692
44.060712	-8.2243738
44.070694	-8.2277789
44.080676	-8.2311844
44.090658	-8.2345903
44.10064	-8.2379965
44.110622	-8.2414032
44.120604	-8.2448102
44.130586	-8.2482177
44.140568	-8.2516255
44.15055	-8.2550338
44.160532	-8.2584424
44.170514	-8.2618514
44.180496	-8.2652609
44.190478	-8.2686707
44.20046	-8.2720809
44.210442	-8.2754915
44.220424	-8.2789025
44.230406	-8.2823138
44.240388	-8.2857256
44.25037	-8.2891378
44.260352	-8.2925503
44.270334	-8.2959633
44.280316	-8.2993766
44.290298	-8.3027904
44.30028	-8.3062045
44.310262	-8.309619
44.320244	-8.3130339
44.330226	-8.3164492
44.340208	-8.3198649
44.35019	-8.3232809
44.360172	-8.3266974
44.370154	-8.3301142
44.380136	-8.3335315
44.390118	-8.3369491
44.4001	-8.3403671
44.410082	-8.3437855
44.420064	-8.3472043
44.430046	-8.3506235
44.440028	-8.354043
44.45001	-8.357463
44.459992	-8.3608833
44.469974	-8.364304
44.479956	-8.3677251
44.489938	-8.3711466
44.49992	-8.3745685
44.509902	-8.3779908
44.519884	-8.3814134
44.529866	-8.3848364
44.539848	-8.3882598
44.54983	-8.3916837
44.559812	-8.3951078
44.569794	-8.3985324
44.579776	-8.4019574
44.589758	-8.4053827
44.59974	-8.4088084
44.609722	-8.4122345
44.619704	-8.415661
44.629686	-8.4190879
44.639668	-8.4225151
44.64965	-8.4259428
44.659632	-8.4293708
44.669614	-8.4327992
44.679596	-8.4362279
44.689578	-8.4396571
44.69956	-8.4430866
44.709542	-8.4465166
44.719524	-8.4499468
44.729506	-8.4533775
44.739488	-8.4568086
44.74947	-8.46024
44.759452	-8.4636718
44.769434	-8.467104
44.779416	-8.4705366
44.789398	-8.4739696
44.79938	-8.4774029
44.809362	-8.4808366
44.819344	-8.4842707
44.829326	-8.4877052
44.839308	-8.49114
44.84929	-8.4945752
44.859272	-8.4980108
44.869254	-8.5014468
44.879236	-8.5048831
44.889218	-8.5083199
44.8992	-8.511757
44.909182	-8.5151945
44.919164	-8.5186323
44.929146	-8.5220705
44.939128	-8.5255091
44.94911	-8.5289481
44.959092	-8.5323875
44.969074	-8.5358272
44.979056	-8.5392673
44.989038	-8.5427078
44.99902	-8.5461486
45.009002	-8.5495898
45.018984	-8.5530314
45.028966	-8.5564734
45.038948	-8.5599157
45.04893	-8.5633585
45.058912	-8.5668015
45.068894	-8.570245
45.078876	-8.5736888
45.088858	-8.577133
45.09884	-8.5805776
45.108822	-8.5840225
45.118804	-8.5874678
45.128786	-8.5909135
45.138768	-8.5943596
45.14875	-8.597806
45.158732	-8.6012528
45.168714	-8.6047
45.178696	-8.6081475
45.188678	-8.6115954
45.19866	-8.6150437
45.208642	-8.6184923
45.218624	-8.6219413
45.228606	-8.6253907
45.238588	-8.6288404
45.24857	-8.6322905
45.258552	-8.635741
45.268534	-8.6391918
45.278516	-8.6426431
45.288498	-8.6460946
45.29848	-8.6495466
45.308462	-8.6529989
45.318444	-8.6564516
45.328426	-8.6599046
45.338408	-8.663358
45.34839	-8.6668118
45.358372	-8.6702659
45.368354	-8.6737204
45.378336	-8.6771753
45.388318	-8.6806305
45.3983	-8.6840861
45.408282	-8.6875421
45.418264	-8.6909984
45.428246	-8.6944551
45.438228	-8.6979121
45.44821	-8.7013695
45.458192	-8.7048273
45.468174	-8.7082854
45.478156	-8.7117439
45.488138	-8.7152028
45.49812	-8.718662
45.508102	-8.7221216
45.518084	-8.7255815
45.528066	-8.7290418
45.538048	-8.7325025
45.54803	-8.7359635
45.558012	-8.7394249
45.567994	-8.7428866
45.577976	-8.7463487
45.587958	-8.7498112
45.59794	-8.753274
45.607922	-8.7567372
45.617904	-8.7602007
45.627886	-8.7636646
45.637868	-8.7671289
45.64785	-8.7705935
45.657832	-8.7740585
45.667814	-8.7775238
45.677796	-8.7809895
45.687778	-8.7844556
45.69776	-8.787922
45.707742	-8.7913887
45.717724	-8.7948558
45.727706	-8.7983233
45.737688	-8.8017911
45.74767	-8.8052593
45.757652	-8.8087278
45.767634	-8.8121967
45.777616	-8.815666
45.787598	-8.8191356
45.79758	-8.8226055
45.807562	-8.8260759
45.817544	-8.8295465
45.827526	-8.8330175
45.837508	-8.8364889
45.847489	-8.8399606
45.857471	-8.8434327
45.867453	-8.8469051
45.877435	-8.8503779
45.887417	-8.8538511
45.897399	-8.8573246
45.907381	-8.8607984
45.917363	-8.8642726
45.927345	-8.8677471
45.937327	-8.871222
45.947309	-8.8746973
45.957291	-8.8781729
45.967273	-8.8816488
45.977255	-8.8851251
45.987237	-8.8886018
45.997219	-8.8920788
46.007201	-8.8955561
46.017183	-8.8990338
46.027165	-8.9025118
46.037147	-8.9059902
46.047129	-8.909469
46.057111	-8.9129481
46.067093	-8.9164275
46.077075	-8.9199073
46.087057	-8.9233874
46.097039	-8.9268679
46.107021	-8.9303487
46.117003	-8.9338299
46.126985	-8.9373114
46.136967	-8.9407933
46.146949	-8.9442755
46.156931	-8.9477581
46.166913	-8.951241
46.176895	-8.9547242
46.186877	-8.9582078
46.196859	-8.9616918
46.206841	-8.965176
46.216823	-8.9686607
46.226805	-8.9721457
46.236787	-8.975631
46.246769	-8.9791166
46.256751	-8.9826026
46.266733	-8.986089
46.276715	-8.9895757
46.286697	-8.9930627
46.296679	-8.9965501
46.306661	-9.0000378
46.316643	-9.0035259
46.326625	-9.0070143
46.336607	-9.010503
46.346589	-9.0139921
46.356571	-9.0174816
46.366553	-9.0209713
46.376535	-9.0244614
46.386517	-9.0279519
46.396499	-9.0314427
46.406481	-9.0349338
46.416463	-9.0384253
46.426445	-9.0419171
46.436427	-9.0454092
46.446409	-9.0489017
46.456391	-9.0523946
46.466373	-9.0558877
46.476355	-9.0593812
46.486337	-9.0628751
46.496319	-9.0663693
46.506301	-9.0698638
46.516283	-9.0733586
46.526265	-9.0768538
46.536247	-9.0803494
46.546229	-9.0838452
46.556211	-9.0873415
46.566193	-9.090838
46.576175	-9.0943349
46.586157	-9.0978321
46.596139	-9.1013296
46.606121	-9.1048275
46.616103	-9.1083257
46.626085	-9.1118243
46.636067	-9.1153232
46.646049	-9.1188224
46.656031	-9.122322
46.666013	-9.1258219
46.675995	-9.1293221
46.685977	-9.1328226
46.695959	-9.1363235
46.705941	-9.1398248
46.715923	-9.1433263
46.725905	-9.1468282
46.735887	-9.1503304
46.745869	-9.153833
46.755851	-9.1573359
46.765833	-9.1608391
46.775815	-9.1643427
46.785797	-9.1678465
46.795779	-9.1713507
46.805761	-9.1748553
46.815743	-9.1783602
46.825725	-9.1818654
46.835707	-9.1853709
46.845689	-9.1888768
46.855671	-9.192383
46.865653	-9.1958895
46.875635	-9.1993963
46.885617	-9.2029035
46.895599	-9.206411
46.905581	-9.2099189
46.915563	-9.213427
46.925545	-9.2169355
46.935527	-9.2204443
46.945509	-9.2239535
46.955491	-9.227463
46.965473	-9.2309728
46.975455	-9.2344829
46.985437	-9.2379934
46.995419	-9.2415041
47.005401	-9.2450153
47.015383	-9.2485267
47.025365	-9.2520384
47.035347	-9.2555505
47.045329	-9.2590629
47.055311	-9.2625757
47.065293	-9.2660887
47.075275	-9.2696021
47.085257	-9.2731158
47.095239	-9.2766299
47.105221	-9.2801442
47.115203	-9.2836589
47.125185	-9.2871739
47.135167	-9.2906892
47.145149	-9.2942049
47.155131	-9.2977209
47.165113	-9.3012372
47.175095	-9.3047538
47.185077	-9.3082707
47.195059	-9.311788
47.205041	-9.3153056
47.215023	-9.3188235
47.225005	-9.3223417
47.234987	-9.3258602
47.244969	-9.3293791
47.254951	-9.3328983
47.264933	-9.3364178
47.274915	-9.3399376
47.284897	-9.3434577
47.294879	-9.3469782
47.304861	-9.350499
47.314843	-9.3540201
47.324825	-9.3575415
47.334807	-9.3610633
47.344789	-9.3645853
47.354771	-9.3681077
47.364753	-9.3716304
47.374735	-9.3751534
47.384717	-9.3786767
47.394699	-9.3822004
47.404681	-9.3857243
47.414663	-9.3892486
47.424645	-9.3927732
47.434627	-9.3962981
47.444609	-9.3998233
47.454591	-9.4033489
47.464573	-9.4068747
47.474555	-9.4104009
47.484537	-9.4139274
47.494519	-9.4174542
47.504501	-9.4209813
47.514483	-9.4245087
47.524465	-9.4280365
47.534447	-9.4315645
47.544429	-9.4350929
47.554411	-9.4386216
47.564393	-9.4421506
47.574375	-9.4456799
47.584357	-9.4492095
47.594339	-9.4527395
47.604321	-9.4562697
47.614303	-9.4598003
47.624285	-9.4633312
47.634267	-9.4668623
47.644249	-9.4703938
47.654231	-9.4739256
47.664213	-9.4774578
47.674195	-9.4809902
47.684177	-9.4845229
47.694159	-9.488056
47.704141	-9.4915893
47.714123	-9.495123
47.724105	-9.498657
47.734087	-9.5021913
47.744069	-9.5057258
47.754051	-9.5092608
47.764033	-9.512796
47.774015	-9.5163315
47.783997	-9.5198673
47.793979	-9.5234034
47.803961	-9.5269399
47.813943	-9.5304766
47.823925	-9.5340137
47.833907	-9.5375511
47.843889	-9.5410887
47.853871	-9.5446267
47.863853	-9.548165
47.873835	-9.5517036
47.883817	-9.5552425
47.893799	-9.5587817
47.903781	-9.5623212
47.913763	-9.565861
47.923745	-9.5694011
47.933727	-9.5729415
47.943709	-9.5764823
47.953691	-9.5800233
47.963673	-9.5835646
47.973655	-9.5871063
47.983637	-9.5906482
47.993619	-9.5941905
48.003601	-9.597733
48.013583	-9.6012758
48.023565	-9.604819
48.033547	-9.6083625
48.043529	-9.6119062
48.053511	-9.6154503
48.063493	-9.6189946
48.073475	-9.6225393
48.083457	-9.6260842
48.093439	-9.6296295
48.103421	-9.6331751
48.113403	-9.6367209
48.123385	-9.6402671
48.133367	-9.6438136
48.143349	-9.6473603
48.153331	-9.6509074
48.163313	-9.6544548
48.173295	-9.6580024
48.183277	-9.6615504
48.193259	-9.6650986
48.203241	-9.6686472
48.213223	-9.6721961
48.223205	-9.6757452
48.233187	-9.6792947
48.243169	-9.6828444
48.253151	-9.6863945
48.263133	-9.6899448
48.273115	-9.6934954
48.283097	-9.6970464
48.293079	-9.7005976
48.303061	-9.7041491
48.313043	-9.707701
48.323025	-9.7112531
48.333007	-9.7148055
48.342989	-9.7183582
48.352971	-9.7219112
48.362953	-9.7254645
48.372935	-9.7290181
48.382917	-9.732572
48.392899	-9.7361262
48.402881	-9.7396807
48.412863	-9.7432354
48.422845	-9.7467905
48.432827	-9.7503459
48.442809	-9.7539015
48.452791	-9.7574575
48.462773	-9.7610137
48.472755	-9.7645702
48.482737	-9.768127
48.492719	-9.7716841
48.502701	-9.7752416
48.512683	-9.7787992
48.522665	-9.7823572
48.532647	-9.7859155
48.542629	-9.7894741
48.552611	-9.7930329
48.562593	-9.7965921
48.572575	-9.8001515
48.582557	-9.8037112
48.592539	-9.8072713
48.602521	-9.8108316
48.612503	-9.8143922
48.622484	-9.817953
48.632466	-9.8215142
48.642448	-9.8250757
48.65243	-9.8286374
48.662412	-9.8321995
48.672394	-9.8357618
48.682376	-9.8393244
48.692358	-9.8428873
48.70234	-9.8464505
48.712322	-9.850014
48.722304	-9.8535777
48.732286	-9.8571418
48.742268	-9.8607061
48.75225	-9.8642707
48.762232	-9.8678356
48.772214	-9.8714008
48.782196	-9.8749663
48.792178	-9.878532
48.80216	-9.8820981
48.812142	-9.8856644
48.822124	-9.889231
48.832106	-9.8927979
48.842088	-9.8963651
48.85207	-9.8999326
48.862052	-9.9035003
48.872034	-9.9070683
48.882016	-9.9106367
48.891998	-9.9142053
48.90198	-9.9177741
48.911962	-9.9213433
48.921944	-9.9249127
48.931926	-9.9284825
48.941908	-9.9320525
48.95189	-9.9356228
48.961872	-9.9391933
48.971854	-9.9427642
48.981836	-9.9463353
48.991818	-9.9499067
49.0018	-9.9534784
49.011782	-9.9570504
49.021764	-9.9606226
49.031746	-9.9641952
49.041728	-9.967768
49.05171	-9.9713411
49.061692	-9.9749144
49.071674	-9.9784881
49.081656	-9.982062
49.091638	-9.9856362
49.10162	-9.9892107
49.111602	-9.9927854
49.121584	-9.9963605
49.131566	-9.9999358
49.141548	-10.003511
49.15153	-10.007087
49.161512	-10.010663
49.171494	-10.01424
49.181476	-10.017816
49.191458	-10.021393
49.20144	-10.024971
49.211422	-10.028548
49.221404	-10.032126
49.231386	-10.035704
49.241368	-10.039282
49.25135	-10.042861
49.261332	-10.04644
49.271314	-10.050019
49.281296	-10.053599
49.291278	-10.057178
49.30126	-10.060758
49.311242	-10.064339
49.321224	-10.067919
49.331206	-10.0715
49.341188	-10.075081
49.35117	-10.078662
49.361152	-10.082244
49.371134	-10.085826
49.381116	-10.089408
49.391098	-10.09299
49.40108	-10.096573
49.411062	-10.100156
49.421044	-10.103739
49.431026	-10.107323
49.441008	-10.110907
49.45099	-10.114491
49.460972	-10.118075
49.470954	-10.12166
49.480936	-10.125245
49.490918	-10.12883
49.5009	-10.132415
49.510882	-10.136001
49.520864	-10.139587
49.530846	-10.143173
49.540828	-10.146759
49.55081	-10.150346
49.560792	-10.153933
49.570774	-10.157521
49.580756	-10.161108
49.590738	-10.164696
49.60072	-10.168284
49.610702	-10.171872
49.620684	-10.175461
49.630666	-10.17905
49.640648	-10.182639
49.65063	-10.186228
49.660612	-10.189818
49.670594	-10.193408
49.680576	-10.196998
49.690558	-10.200589
49.70054	-10.20418
49.710522	-10.207771
49.720504	-10.211362
49.730486	-10.214953
49.740468	-10.218545
49.75045	-10.222137
49.760432	-10.22573
49.770414	-10.229322
49.780396	-10.232915
49.790378	-10.236508
49.80036	-10.240101
49.810342	-10.243695
49.820324	-10.247289
49.830306	-10.250883
49.840288	-10.254478
49.85027	-10.258072
49.860252	-10.261667
49.870234	-10.265262
49.880216	-10.268858
49.890198	-10.272454
49.90018	-10.27605
49.910162	-10.279646
49.920144	-10.283242
49.930126	-10.286839
49.940108	-10.290436
49.95009	-10.294033
49.960072	-10.297631
49.970054	-10.301229
49.980036	-10.304827
49.990018	-10.308425
50	-10.312024
