Freq_GHz	Norm_dB
0.1	-1.7577494e-05
0.109982	-2.9437557e-05
0.11996399	-4.242522e-05
0.12994599	-5.6540484e-05
0.13992799	-7.1783353e-05
0.14990998	-8.8153827e-05
0.15989198	-0.00010565191
0.16987397	-0.00012427761
0.17985597	-0.00014403092
0.18983797	-0.00016491184
0.19981996	-0.00018692039
0.20980196	-0.00021005656
0.21978396	-0.00023432036
0.22976595	-0.00025971178
0.23974795	-0.00028623085
0.24972995	-0.00031387755
0.25971194	-0.00034265189
0.26969394	-0.00037255388
0.27967594	-0.00040358352
0.28965793	-0.00043574082
0.29963993	-0.00046902577
0.30962192	-0.0005034384
0.31960392	-0.00053897869
0.32958592	-0.00057564666
0.33956791	-0.00061344231
0.34954991	-0.00065236565
0.35953191	-0.00069241668
0.3695139	-0.00073359541
0.3794959	-0.00077590185
0.3894779	-0.000819336
0.39945989	-0.00086389786
0.40944189	-0.00090958745
0.41942388	-0.00095640477
0.42940588	-0.0010043498
0.43938788	-0.0010534226
0.44936987	-0.0011036232
0.45935187	-0.0011549515
0.46933387	-0.0012074076
0.47931586	-0.0012609915
0.48929786	-0.0013157031
0.49927986	-0.0013715425
0.50926185	-0.0014285098
0.51924385	-0.0014866048
0.52922585	-0.0015458277
0.53920784	-0.0016061784
0.54918984	-0.0016676569
0.55917183	-0.0017302633
0.56915383	-0.0017939975
0.57913583	-0.0018588596
0.58911782	-0.0019248495
0.59909982	-0.0019919674
0.60908182	-0.0020602131
0.61906381	-0.0021295868
0.62904581	-0.0022000883
0.63902781	-0.0022717178
0.6490098	-0.0023444752
0.6589918	-0.0024183606
0.66897379	-0.0024933739
0.67895579	-0.0025695151
0.68893779	-0.0026467844
0.69891978	-0.0027251816
0.70890178	-0.0028047069
0.71888378	-0.0028853602
0.72886577	-0.0029671414
0.73884777	-0.0030500508
0.74882977	-0.0031340881
0.75881176	-0.0032192536
0.76879376	-0.0033055471
0.77877576	-0.0033929687
0.78875775	-0.0034815184
0.79873975	-0.0035711962
0.80872174	-0.0036620022
0.81870374	-0.0037539363
0.82868574	-0.0038469985
0.83866773	-0.0039411889
0.84864973	-0.0040365075
0.85863173	-0.0041329543
0.86861372	-0.0042305293
0.87859572	-0.0043292325
0.88857772	-0.004429064
0.89855971	-0.0045300237
0.90854171	-0.0046321117
0.9185237	-0.004735328
0.9285057	-0.0048396725
0.9384877	-0.0049451454
0.94846969	-0.0050517466
0.95845169	-0.0051594762
0.96843369	-0.0052683342
0.97841568	-0.0053783205
0.98839768	-0.0054894352
0.99837968	-0.0056016783
1.0083617	-0.0057150498
1.0183437	-0.0058295498
1.0283257	-0.0059451783
1.0383077	-0.0060619352
1.0482897	-0.0061798207
1.0582717	-0.0062988346
1.0682537	-0.0064189771
1.0782356	-0.0065402481
1.0882176	-0.0066626477
1.0981996	-0.0067861759
1.1081816	-0.0069108327
1.1181636	-0.0070366181
1.1281456	-0.0071635322
1.1381276	-0.0072915749
1.1481096	-0.0074207463
1.1580916	-0.0075510463
1.1680736	-0.0076824751
1.1780556	-0.0078150327
1.1880376	-0.007948719
1.1980196	-0.0080835341
1.2080016	-0.0082194779
1.2179836	-0.0083565506
1.2279656	-0.0084947521
1.2379476	-0.0086340825
1.2479296	-0.0087745418
1.2579116	-0.0089161299
1.2678936	-0.009058847
1.2778756	-0.009202693
1.2878576	-0.009347668
1.2978396	-0.0094937719
1.3078216	-0.0096410049
1.3178036	-0.0097893668
1.3277856	-0.0099388579
1.3377676	-0.010089478
1.3477495	-0.010241227
1.3577315	-0.010394105
1.3677135	-0.010548113
1.3776955	-0.010703249
1.3876775	-0.010859515
1.3976595	-0.01101691
1.4076415	-0.011175434
1.4176235	-0.011335088
1.4276055	-0.011495871
1.4375875	-0.011657783
1.4475695	-0.011820824
1.4575515	-0.011984995
1.4675335	-0.012150295
1.4775155	-0.012316724
1.4874975	-0.012484283
1.4974795	-0.012652971
1.5074615	-0.012822789
1.5174435	-0.012993736
1.5274255	-0.013165813
1.5374075	-0.01333902
1.5473895	-0.013513356
1.5573715	-0.013688821
1.5673535	-0.013865416
1.5773355	-0.014043141
1.5873175	-0.014221995
1.5972995	-0.014401979
1.6072815	-0.014583093
1.6172635	-0.014765337
1.6272454	-0.01494871
1.6372274	-0.015133214
1.6472094	-0.015318847
1.6571914	-0.015505609
1.6671734	-0.015693502
1.6771554	-0.015882525
1.6871374	-0.016072677
1.6971194	-0.01626396
1.7071014	-0.016456373
1.7170834	-0.016649915
1.7270654	-0.016844588
1.7370474	-0.017040391
1.7470294	-0.017237323
1.7570114	-0.017435386
1.7669934	-0.017634579
1.7769754	-0.017834903
1.7869574	-0.018036356
1.7969394	-0.01823894
1.8069214	-0.018442654
1.8169034	-0.018647499
1.8268854	-0.018853473
1.8368674	-0.019060578
1.8468494	-0.019268814
1.8568314	-0.01947818
1.8668134	-0.019688676
1.8767954	-0.019900303
1.8867774	-0.020113061
1.8967594	-0.020326949
1.9067413	-0.020541967
1.9167233	-0.020758116
1.9267053	-0.020975396
1.9366873	-0.021193807
1.9466693	-0.021413348
1.9566513	-0.02163402
1.9666333	-0.021855823
1.9766153	-0.022078756
1.9865973	-0.02230282
1.9965793	-0.022528016
2.0065613	-0.022754342
2.0165433	-0.022981799
2.0265253	-0.023210387
2.0365073	-0.023440106
2.0464893	-0.023670956
2.0564713	-0.023902937
2.0664533	-0.024136049
2.0764353	-0.024370293
2.0864173	-0.024605667
2.0963993	-0.024842173
2.1063813	-0.02507981
2.1163633	-0.025318578
2.1263453	-0.025558478
2.1363273	-0.025799509
2.1463093	-0.026041671
2.1562913	-0.026284965
2.1662733	-0.02652939
2.1762553	-0.026774947
2.1862372	-0.027021635
2.1962192	-0.027269454
2.2062012	-0.027518406
2.2161832	-0.027768489
2.2261652	-0.028019703
2.2361472	-0.028272049
2.2461292	-0.028525527
2.2561112	-0.028780137
2.2660932	-0.029035878
2.2760752	-0.029292752
2.2860572	-0.029550757
2.2960392	-0.029809894
2.3060212	-0.030070163
2.3160032	-0.030331564
2.3259852	-0.030594097
2.3359672	-0.030857763
2.3459492	-0.03112256
2.3559312	-0.031388489
2.3659132	-0.031655551
2.3758952	-0.031923744
2.3858772	-0.03219307
2.3958592	-0.032463529
2.4058412	-0.032735119
2.4158232	-0.033007842
2.4258052	-0.033281698
2.4357872	-0.033556686
2.4457692	-0.033832806
2.4557512	-0.034110059
2.4657331	-0.034388444
2.4757151	-0.034667962
2.4856971	-0.034948613
2.4956791	-0.035230396
2.5056611	-0.035513312
2.5156431	-0.035797361
2.5256251	-0.036082542
2.5356071	-0.036368857
2.5455891	-0.036656304
2.5555711	-0.036944884
2.5655531	-0.037234597
2.5755351	-0.037525444
2.5855171	-0.037817423
2.5954991	-0.038110535
2.6054811	-0.038404781
2.6154631	-0.038700159
2.6254451	-0.038996671
2.6354271	-0.039294316
2.6454091	-0.039593094
2.6553911	-0.039893006
2.6653731	-0.040194051
2.6753551	-0.040496229
2.6853371	-0.040799541
2.6953191	-0.041103987
2.7053011	-0.041409566
2.7152831	-0.041716278
2.7252651	-0.042024124
2.735247	-0.042333104
2.745229	-0.042643218
2.755211	-0.042954465
2.765193	-0.043266846
2.775175	-0.043580361
2.785157	-0.04389501
2.795139	-0.044210793
2.805121	-0.044527709
2.815103	-0.04484576
2.825085	-0.045164945
2.835067	-0.045485264
2.845049	-0.045806717
2.855031	-0.046129304
2.865013	-0.046453026
2.874995	-0.046777882
2.884977	-0.047103872
2.894959	-0.047430997
2.904941	-0.047759256
2.914923	-0.048088649
2.924905	-0.048419177
2.934887	-0.048750839
2.944869	-0.049083637
2.954851	-0.049417568
2.964833	-0.049752635
2.974815	-0.050088836
2.984797	-0.050426172
2.994779	-0.050764643
3.004761	-0.051104249
3.0147429	-0.05144499
3.0247249	-0.051786865
3.0347069	-0.052129876
3.0446889	-0.052474022
3.0546709	-0.052819303
3.0646529	-0.053165719
3.0746349	-0.05351327
3.0846169	-0.053861957
3.0945989	-0.054211778
3.1045809	-0.054562736
3.1145629	-0.054914828
3.1245449	-0.055268056
3.1345269	-0.05562242
3.1445089	-0.055977919
3.1544909	-0.056334554
3.1644729	-0.056692324
3.1744549	-0.05705123
3.1844369	-0.057411272
3.1944189	-0.05777245
3.2044009	-0.058134763
3.2143829	-0.058498213
3.2243649	-0.058862798
3.2343469	-0.05922852
3.2443289	-0.059595377
3.2543109	-0.05996337
3.2642929	-0.0603325
3.2742749	-0.060702766
3.2842569	-0.061074168
3.2942388	-0.061446706
3.3042208	-0.061820381
3.3142028	-0.062195192
3.3241848	-0.06257114
3.3341668	-0.062948224
3.3441488	-0.063326444
3.3541308	-0.063705802
3.3641128	-0.064086295
3.3740948	-0.064467926
3.3840768	-0.064850693
3.3940588	-0.065234598
3.4040408	-0.065619639
3.4140228	-0.066005816
3.4240048	-0.066393131
3.4339868	-0.066781583
3.4439688	-0.067171172
3.4539508	-0.067561898
3.4639328	-0.067953761
3.4739148	-0.068346762
3.4838968	-0.0687409
3.4938788	-0.069136175
3.5038608	-0.069532587
3.5138428	-0.069930137
3.5238248	-0.070328825
3.5338068	-0.070728649
3.5437888	-0.071129612
3.5537708	-0.071531712
3.5637528	-0.07193495
3.5737347	-0.072339326
3.5837167	-0.072744839
3.5936987	-0.07315149
3.6036807	-0.07355928
3.6136627	-0.073968207
3.6236447	-0.074378272
3.6336267	-0.074789475
3.6436087	-0.075201817
3.6535907	-0.075615297
3.6635727	-0.076029914
3.6735547	-0.076445671
3.6835367	-0.076862565
3.6935187	-0.077280598
3.7035007	-0.07769977
3.7134827	-0.078120079
3.7234647	-0.078541528
3.7334467	-0.078964115
3.7434287	-0.079387841
3.7534107	-0.079812706
3.7633927	-0.080238709
3.7733747	-0.080665851
3.7833567	-0.081094132
3.7933387	-0.081523553
3.8033207	-0.081954112
3.8133027	-0.08238581
3.8232847	-0.082818647
3.8332667	-0.083252624
3.8432486	-0.08368774
3.8532306	-0.084123995
3.8632126	-0.084561389
3.8731946	-0.084999923
3.8831766	-0.085439597
3.8931586	-0.08588041
3.9031406	-0.086322362
3.9131226	-0.086765454
3.9231046	-0.087209686
3.9330866	-0.087655058
3.9430686	-0.088101569
3.9530506	-0.088549221
3.9630326	-0.088998012
3.9730146	-0.089447943
3.9829966	-0.089899015
3.9929786	-0.090351226
4.0029606	-0.090804578
4.0129426	-0.09125907
4.0229246	-0.091714702
4.0329066	-0.092171474
4.0428886	-0.092629387
4.0528706	-0.093088441
4.0628526	-0.093548635
4.0728346	-0.094009969
4.0828166	-0.094472444
4.0927986	-0.09493606
4.1027806	-0.095400817
4.1127626	-0.095866714
4.1227445	-0.096333753
4.1327265	-0.096801932
4.1427085	-0.097271252
4.1526905	-0.097741713
4.1626725	-0.098213316
4.1726545	-0.09868606
4.1826365	-0.099159944
4.1926185	-0.099634971
4.2026005	-0.10011114
4.2125825	-0.10058845
4.2225645	-0.1010669
4.2325465	-0.10154649
4.2425285	-0.10202722
4.2525105	-0.1025091
4.2624925	-0.10299212
4.2724745	-0.10347627
4.2824565	-0.10396158
4.2924385	-0.10444802
4.3024205	-0.1049356
4.3124025	-0.10542433
4.3223845	-0.1059142
4.3323665	-0.10640521
4.3423485	-0.10689736
4.3523305	-0.10739066
4.3623125	-0.10788509
4.3722945	-0.10838067
4.3822765	-0.1088774
4.3922585	-0.10937526
4.4022404	-0.10987427
4.4122224	-0.11037442
4.4222044	-0.11087571
4.4321864	-0.11137815
4.4421684	-0.11188173
4.4521504	-0.11238645
4.4621324	-0.11289231
4.4721144	-0.11339932
4.4820964	-0.11390747
4.4920784	-0.11441677
4.5020604	-0.1149272
4.5120424	-0.11543878
4.5220244	-0.11595151
4.5320064	-0.11646538
4.5419884	-0.11698039
4.5519704	-0.11749654
4.5619524	-0.11801384
4.5719344	-0.11853228
4.5819164	-0.11905186
4.5918984	-0.11957259
4.6018804	-0.12009447
4.6118624	-0.12061748
4.6218444	-0.12114164
4.6318264	-0.12166695
4.6418084	-0.1221934
4.6517904	-0.12272099
4.6617724	-0.12324973
4.6717544	-0.12377961
4.6817363	-0.12431064
4.6917183	-0.12484281
4.7017003	-0.12537612
4.7116823	-0.12591058
4.7216643	-0.12644619
4.7316463	-0.12698293
4.7416283	-0.12752083
4.7516103	-0.12805987
4.7615923	-0.12860005
4.7715743	-0.12914138
4.7815563	-0.12968385
4.7915383	-0.13022747
4.8015203	-0.13077223
4.8115023	-0.13131814
4.8214843	-0.1318652
4.8314663	-0.1324134
4.8414483	-0.13296274
4.8514303	-0.13351323
4.8614123	-0.13406487
4.8713943	-0.13461765
4.8813763	-0.13517158
4.8913583	-0.13572665
4.9013403	-0.13628287
4.9113223	-0.13684023
4.9213043	-0.13739874
4.9312863	-0.1379584
4.9412683	-0.1385192
4.9512503	-0.13908115
4.9612322	-0.13964425
4.9712142	-0.14020849
4.9811962	-0.14077388
4.9911782	-0.14134041
5.0011602	-0.14190809
5.0111422	-0.14247692
5.0211242	-0.14304689
5.0311062	-0.14361801
5.0410882	-0.14419028
5.0510702	-0.14476369
5.0610522	-0.14533825
5.0710342	-0.14591396
5.0810162	-0.14649082
5.0909982	-0.14706882
5.1009802	-0.14764797
5.1109622	-0.14822827
5.1209442	-0.14880971
5.1309262	-0.1493923
5.1409082	-0.14997604
5.1508902	-0.15056093
5.1608722	-0.15114696
5.1708542	-0.15173414
5.1808362	-0.15232247
5.1908182	-0.15291195
5.2008002	-0.15350257
5.2107822	-0.15409434
5.2207642	-0.15468726
5.2307461	-0.15528133
5.2407281	-0.15587655
5.2507101	-0.15647291
5.2606921	-0.15707043
5.2706741	-0.15766909
5.2806561	-0.1582689
5.2906381	-0.15886986
5.3006201	-0.15947196
5.3106021	-0.16007522
5.3205841	-0.16067962
5.3305661	-0.16128518
5.3405481	-0.16189188
5.3505301	-0.16249973
5.3605121	-0.16310873
5.3704941	-0.16371888
5.3804761	-0.16433017
5.3904581	-0.16494262
5.4004401	-0.16555622
5.4104221	-0.16617096
5.4204041	-0.16678686
5.4303861	-0.1674039
5.4403681	-0.16802209
5.4503501	-0.16864144
5.4603321	-0.16926193
5.4703141	-0.16988357
5.4802961	-0.17050636
5.4902781	-0.17113031
5.5002601	-0.1717554
5.510242	-0.17238164
5.520224	-0.17300903
5.530206	-0.17363758
5.540188	-0.17426727
5.55017	-0.17489811
5.560152	-0.1755301
5.570134	-0.17616325
5.580116	-0.17679754
5.590098	-0.17743299
5.60008	-0.17806958
5.610062	-0.17870733
5.620044	-0.17934622
5.630026	-0.17998627
5.640008	-0.18062747
5.64999	-0.18126982
5.659972	-0.18191332
5.669954	-0.18255797
5.679936	-0.18320377
5.689918	-0.18385073
5.6999	-0.18449883
5.709882	-0.18514809
5.719864	-0.1857985
5.729846	-0.18645006
5.739828	-0.18710277
5.74981	-0.18775663
5.759792	-0.18841164
5.769774	-0.18906781
5.779756	-0.18972513
5.7897379	-0.1903836
5.7997199	-0.19104322
5.8097019	-0.191704
5.8196839	-0.19236592
5.8296659	-0.193029
5.8396479	-0.19369323
5.8496299	-0.19435862
5.8596119	-0.19502515
5.8695939	-0.19569284
5.8795759	-0.19636169
5.8895579	-0.19703168
5.8995399	-0.19770283
5.9095219	-0.19837513
5.9195039	-0.19904858
5.9294859	-0.19972318
5.9394679	-0.20039894
5.9494499	-0.20107585
5.9594319	-0.20175392
5.9694139	-0.20243314
5.9793959	-0.20311351
5.9893779	-0.20379503
5.9993599	-0.20447771
6.0093419	-0.20516154
6.0193239	-0.20584653
6.0293059	-0.20653267
6.0392879	-0.20721996
6.0492699	-0.20790841
6.0592519	-0.20859801
6.0692338	-0.20928877
6.0792158	-0.20998067
6.0891978	-0.21067374
6.0991798	-0.21136795
6.1091618	-0.21206333
6.1191438	-0.21275985
6.1291258	-0.21345753
6.1391078	-0.21415637
6.1490898	-0.21485636
6.1590718	-0.2155575
6.1690538	-0.2162598
6.1790358	-0.21696325
6.1890178	-0.21766786
6.1989998	-0.21837362
6.2089818	-0.21908054
6.2189638	-0.21978861
6.2289458	-0.22049784
6.2389278	-0.22120823
6.2489098	-0.22191977
6.2588918	-0.22263246
6.2688738	-0.22334631
6.2788558	-0.22406131
6.2888378	-0.22477748
6.2988198	-0.22549479
6.3088018	-0.22621326
6.3187838	-0.22693289
6.3287658	-0.22765368
6.3387477	-0.22837562
6.3487297	-0.22909871
6.3587117	-0.22982296
6.3686937	-0.23054837
6.3786757	-0.23127494
6.3886577	-0.23200266
6.3986397	-0.23273153
6.4086217	-0.23346157
6.4186037	-0.23419276
6.4285857	-0.2349251
6.4385677	-0.23565861
6.4485497	-0.23639327
6.4585317	-0.23712908
6.4685137	-0.23786606
6.4784957	-0.23860419
6.4884777	-0.23934347
6.4984597	-0.24008392
6.5084417	-0.24082552
6.5184237	-0.24156828
6.5284057	-0.2423122
6.5383877	-0.24305727
6.5483697	-0.2438035
6.5583517	-0.24455089
6.5683337	-0.24529944
6.5783157	-0.24604914
6.5882977	-0.2468
6.5982797	-0.24755202
6.6082617	-0.2483052
6.6182436	-0.24905954
6.6282256	-0.24981503
6.6382076	-0.25057168
6.6481896	-0.25132949
6.6581716	-0.25208846
6.6681536	-0.25284859
6.6781356	-0.25360987
6.6881176	-0.25437232
6.6980996	-0.25513592
6.7080816	-0.25590068
6.7180636	-0.2566666
6.7280456	-0.25743368
6.7380276	-0.25820191
6.7480096	-0.25897131
6.7579916	-0.25974187
6.7679736	-0.26051358
6.7779556	-0.26128645
6.7879376	-0.26206049
6.7979196	-0.26283568
6.8079016	-0.26361203
6.8178836	-0.26438954
6.8278656	-0.26516821
6.8378476	-0.26594804
6.8478296	-0.26672903
6.8578116	-0.26751118
6.8677936	-0.26829449
6.8777756	-0.26907896
6.8877576	-0.26986459
6.8977395	-0.27065137
6.9077215	-0.27143932
6.9177035	-0.27222843
6.9276855	-0.2730187
6.9376675	-0.27381013
6.9476495	-0.27460272
6.9576315	-0.27539647
6.9676135	-0.27619138
6.9775955	-0.27698745
6.9875775	-0.27778469
6.9975595	-0.27858308
7.0075415	-0.27938263
7.0175235	-0.28018335
7.0275055	-0.28098522
7.0374875	-0.28178826
7.0474695	-0.28259246
7.0574515	-0.28339782
7.0674335	-0.28420434
7.0774155	-0.28501202
7.0873975	-0.28582086
7.0973795	-0.28663087
7.1073615	-0.28744203
7.1173435	-0.28825436
7.1273255	-0.28906785
7.1373075	-0.2898825
7.1472895	-0.29069831
7.1572715	-0.29151529
7.1672535	-0.29233343
7.1772354	-0.29315272
7.1872174	-0.29397319
7.1971994	-0.29479481
7.2071814	-0.29561759
7.2171634	-0.29644154
7.2271454	-0.29726665
7.2371274	-0.29809293
7.2471094	-0.29892036
7.2570914	-0.29974896
7.2670734	-0.30057872
7.2770554	-0.30140964
7.2870374	-0.30224173
7.2970194	-0.30307498
7.3070014	-0.30390939
7.3169834	-0.30474497
7.3269654	-0.3055817
7.3369474	-0.30641961
7.3469294	-0.30725867
7.3569114	-0.3080989
7.3668934	-0.30894029
7.3768754	-0.30978285
7.3868574	-0.31062657
7.3968394	-0.31147145
7.4068214	-0.31231749
7.4168034	-0.3131647
7.4267854	-0.31401308
7.4367674	-0.31486261
7.4467493	-0.31571332
7.4567313	-0.31656518
7.4667133	-0.31741821
7.4766953	-0.31827241
7.4866773	-0.31912776
7.4966593	-0.31998429
7.5066413	-0.32084197
7.5166233	-0.32170083
7.5266053	-0.32256084
7.5365873	-0.32342202
7.5465693	-0.32428437
7.5565513	-0.32514788
7.5665333	-0.32601255
7.5765153	-0.32687839
7.5864973	-0.3277454
7.5964793	-0.32861357
7.6064613	-0.3294829
7.6164433	-0.33035341
7.6264253	-0.33122507
7.6364073	-0.3320979
7.6463893	-0.3329719
7.6563713	-0.33384706
7.6663533	-0.33472339
7.6763353	-0.33560088
7.6863173	-0.33647954
7.6962993	-0.33735936
7.7062813	-0.33824036
7.7162633	-0.33912251
7.7262452	-0.34000583
7.7362272	-0.34089032
7.7462092	-0.34177598
7.7561912	-0.3426628
7.7661732	-0.34355078
7.7761552	-0.34443994
7.7861372	-0.34533026
7.7961192	-0.34622174
7.8061012	-0.3471144
7.8160832	-0.34800822
7.8260652	-0.3489032
7.8360472	-0.34979936
7.8460292	-0.35069667
7.8560112	-0.35159516
7.8659932	-0.35249481
7.8759752	-0.35339564
7.8859572	-0.35429762
7.8959392	-0.35520078
7.9059212	-0.3561051
7.9159032	-0.35701059
7.9258852	-0.35791725
7.9358672	-0.35882507
7.9458492	-0.35973406
7.9558312	-0.36064422
7.9658132	-0.36155555
7.9757952	-0.36246804
7.9857772	-0.3633817
7.9957592	-0.36429653
8.0057411	-0.36521253
8.0157231	-0.3661297
8.0257051	-0.36704803
8.0356871	-0.36796753
8.0456691	-0.36888821
8.0556511	-0.36981004
8.0656331	-0.37073305
8.0756151	-0.37165723
8.0855971	-0.37258257
8.0955791	-0.37350908
8.1055611	-0.37443676
8.1155431	-0.37536561
8.1255251	-0.37629563
8.1355071	-0.37722682
8.1454891	-0.37815918
8.1554711	-0.3790927
8.1654531	-0.3800274
8.1754351	-0.38096326
8.1854171	-0.38190029
8.1953991	-0.38283849
8.2053811	-0.38377786
8.2153631	-0.3847184
8.2253451	-0.38566011
8.2353271	-0.38660299
8.2453091	-0.38754704
8.2552911	-0.38849226
8.2652731	-0.38943865
8.2752551	-0.39038621
8.285237	-0.39133493
8.295219	-0.39228483
8.305201	-0.3932359
8.315183	-0.39418814
8.325165	-0.39514154
8.335147	-0.39609612
8.345129	-0.39705187
8.355111	-0.39800879
8.365093	-0.39896688
8.375075	-0.39992613
8.385057	-0.40088656
8.395039	-0.40184816
8.405021	-0.40281093
8.415003	-0.40377488
8.424985	-0.40473999
8.434967	-0.40570627
8.444949	-0.40667372
8.454931	-0.40764235
8.464913	-0.40861214
8.474895	-0.40958311
8.484877	-0.41055525
8.494859	-0.41152856
8.504841	-0.41250304
8.514823	-0.41347869
8.524805	-0.41445551
8.534787	-0.41543351
8.544769	-0.41641267
8.554751	-0.41739301
8.5647329	-0.41837452
8.5747149	-0.4193572
8.5846969	-0.42034105
8.5946789	-0.42132608
8.6046609	-0.42231227
8.6146429	-0.42329964
8.6246249	-0.42428818
8.6346069	-0.4252779
8.6445889	-0.42626878
8.6545709	-0.42726084
8.6645529	-0.42825407
8.6745349	-0.42924847
8.6845169	-0.43024404
8.6944989	-0.43124079
8.7044809	-0.43223871
8.7144629	-0.4332378
8.7244449	-0.43423806
8.7344269	-0.4352395
8.7444089	-0.43624211
8.7543909	-0.43724589
8.7643729	-0.43825085
8.7743549	-0.43925698
8.7843369	-0.44026428
8.7943189	-0.44127275
8.8043009	-0.4422824
8.8142829	-0.44329322
8.8242649	-0.44430522
8.8342468	-0.44531838
8.8442288	-0.44633273
8.8542108	-0.44734824
8.8641928	-0.44836493
8.8741748	-0.44938279
8.8841568	-0.45040183
8.8941388	-0.45142204
8.9041208	-0.45244342
8.9141028	-0.45346597
8.9240848	-0.45448971
8.9340668	-0.45551461
8.9440488	-0.45654069
8.9540308	-0.45756794
8.9640128	-0.45859637
8.9739948	-0.45962597
8.9839768	-0.46065674
8.9939588	-0.46168869
9.0039408	-0.46272182
9.0139228	-0.46375612
9.0239048	-0.46479159
9.0338868	-0.46582824
9.0438688	-0.46686606
9.0538508	-0.46790506
9.0638328	-0.46894523
9.0738148	-0.46998657
9.0837968	-0.4710291
9.0937788	-0.47207279
9.1037608	-0.47311766
9.1137427	-0.47416371
9.1237247	-0.47521093
9.1337067	-0.47625933
9.1436887	-0.4773089
9.1536707	-0.47835964
9.1636527	-0.47941157
9.1736347	-0.48046466
9.1836167	-0.48151894
9.1935987	-0.48257439
9.2035807	-0.48363101
9.2135627	-0.48468881
9.2235447	-0.48574778
9.2335267	-0.48680794
9.2435087	-0.48786926
9.2534907	-0.48893177
9.2634727	-0.48999544
9.2734547	-0.4910603
9.2834367	-0.49212633
9.2934187	-0.49319354
9.3034007	-0.49426192
9.3133827	-0.49533148
9.3233647	-0.49640221
9.3333467	-0.49747412
9.3433287	-0.49854721
9.3533107	-0.49962147
9.3632927	-0.50069692
9.3732747	-0.50177353
9.3832567	-0.50285133
9.3932386	-0.5039303
9.4032206	-0.50501044
9.4132026	-0.50609177
9.4231846	-0.50717427
9.4331666	-0.50825794
9.4431486	-0.5093428
9.4531306	-0.51042883
9.4631126	-0.51151604
9.4730946	-0.51260442
9.4830766	-0.51369399
9.4930586	-0.51478473
9.5030406	-0.51587664
9.5130226	-0.51696974
9.5230046	-0.51806401
9.5329866	-0.51915946
9.5429686	-0.52025608
9.5529506	-0.52135389
9.5629326	-0.52245287
9.5729146	-0.52355303
9.5828966	-0.52465436
9.5928786	-0.52575688
9.6028606	-0.52686057
9.6128426	-0.52796544
9.6228246	-0.52907148
9.6328066	-0.53017871
9.6427886	-0.53128711
9.6527706	-0.53239669
9.6627526	-0.53350745
9.6727345	-0.53461939
9.6827165	-0.53573251
9.6926985	-0.5368468
9.7026805	-0.53796227
9.7126625	-0.53907892
9.7226445	-0.54019675
9.7326265	-0.54131576
9.7426085	-0.54243594
9.7525905	-0.54355731
9.7625725	-0.54467985
9.7725545	-0.54580357
9.7825365	-0.54692847
9.7925185	-0.54805455
9.8025005	-0.54918181
9.8124825	-0.55031024
9.8224645	-0.55143986
9.8324465	-0.55257065
9.8424285	-0.55370263
9.8524105	-0.55483578
9.8623925	-0.55597011
9.8723745	-0.55710562
9.8823565	-0.55824231
9.8923385	-0.55938018
9.9023205	-0.56051922
9.9123025	-0.56165945
9.9222845	-0.56280086
9.9322665	-0.56394344
9.9422484	-0.56508721
9.9522304	-0.56623215
9.9622124	-0.56737828
9.9721944	-0.56852558
9.9821764	-0.56967406
9.9921584	-0.57082373
10.00214	-0.57197457
10.012122	-0.57312659
10.022104	-0.57427979
10.032086	-0.57543417
10.042068	-0.57658974
10.05205	-0.57774648
10.062032	-0.5789044
10.072014	-0.5800635
10.081996	-0.58122378
10.091978	-0.58238525
10.10196	-0.58354789
10.111942	-0.58471171
10.121924	-0.58587671
10.131906	-0.5870429
10.141888	-0.58821026
10.15187	-0.5893788
10.161852	-0.59054853
10.171834	-0.59171943
10.181816	-0.59289152
10.191798	-0.59406478
10.20178	-0.59523923
10.211762	-0.59641485
10.221744	-0.59759166
10.231726	-0.59876965
10.241708	-0.59994882
10.25169	-0.60112917
10.261672	-0.6023107
10.271654	-0.60349341
10.281636	-0.6046773
10.291618	-0.60586238
10.3016	-0.60704863
10.311582	-0.60823607
10.321564	-0.60942468
10.331546	-0.61061448
10.341528	-0.61180546
10.35151	-0.61299762
10.361492	-0.61419096
10.371474	-0.61538548
10.381456	-0.61658119
10.391438	-0.61777807
10.40142	-0.61897614
10.411402	-0.62017539
10.421384	-0.62137582
10.431366	-0.62257743
10.441348	-0.62378022
10.45133	-0.6249842
10.461312	-0.62618935
10.471294	-0.62739569
10.481276	-0.62860321
10.491258	-0.62981191
10.50124	-0.63102179
10.511222	-0.63223286
10.521204	-0.63344511
10.531186	-0.63465853
10.541168	-0.63587314
10.55115	-0.63708894
10.561132	-0.63830591
10.571114	-0.63952407
10.581096	-0.64074341
10.591078	-0.64196393
10.60106	-0.64318563
10.611042	-0.64440852
10.621024	-0.64563258
10.631006	-0.64685783
10.640988	-0.64808426
10.65097	-0.64931188
10.660952	-0.65054068
10.670934	-0.65177065
10.680916	-0.65300182
10.690898	-0.65423416
10.70088	-0.65546769
10.710862	-0.65670239
10.720844	-0.65793829
10.730826	-0.65917536
10.740808	-0.66041362
10.75079	-0.66165306
10.760772	-0.66289368
10.770754	-0.66413548
10.780736	-0.66537847
10.790718	-0.66662264
10.8007	-0.667868
10.810682	-0.66911453
10.820664	-0.67036225
10.830646	-0.67161115
10.840628	-0.67286124
10.85061	-0.6741125
10.860592	-0.67536496
10.870574	-0.67661859
10.880556	-0.67787341
10.890538	-0.67912941
10.90052	-0.68038659
10.910502	-0.68164496
10.920484	-0.68290451
10.930466	-0.68416524
10.940448	-0.68542715
10.95043	-0.68669025
10.960412	-0.68795454
10.970394	-0.68922
10.980376	-0.69048665
10.990358	-0.69175448
11.00034	-0.6930235
11.010322	-0.6942937
11.020304	-0.69556508
11.030286	-0.69683765
11.040268	-0.6981114
11.05025	-0.69938633
11.060232	-0.70066245
11.070214	-0.70193975
11.080196	-0.70321824
11.090178	-0.7044979
11.10016	-0.70577876
11.110142	-0.70706079
11.120124	-0.70834401
11.130106	-0.70962841
11.140088	-0.710914
11.15007	-0.71220077
11.160052	-0.71348873
11.170034	-0.71477786
11.180016	-0.71606819
11.189998	-0.71735969
11.19998	-0.71865238
11.209962	-0.71994626
11.219944	-0.72124131
11.229926	-0.72253756
11.239908	-0.72383498
11.24989	-0.72513359
11.259872	-0.72643339
11.269854	-0.72773436
11.279836	-0.72903653
11.289818	-0.73033987
11.2998	-0.7316444
11.309782	-0.73295012
11.319764	-0.73425702
11.329746	-0.7355651
11.339728	-0.73687437
11.34971	-0.73818482
11.359692	-0.73949645
11.369674	-0.74080927
11.379656	-0.74212328
11.389638	-0.74343847
11.39962	-0.74475484
11.409602	-0.7460724
11.419584	-0.74739114
11.429566	-0.74871107
11.439548	-0.75003218
11.44953	-0.75135447
11.459512	-0.75267795
11.469494	-0.75400261
11.479476	-0.75532846
11.489458	-0.7566555
11.49944	-0.75798371
11.509422	-0.75931311
11.519404	-0.7606437
11.529386	-0.76197547
11.539368	-0.76330843
11.54935	-0.76464257
11.559332	-0.76597789
11.569314	-0.7673144
11.579296	-0.7686521
11.589278	-0.76999098
11.59926	-0.77133104
11.609242	-0.77267229
11.619224	-0.77401472
11.629206	-0.77535834
11.639188	-0.77670314
11.64917	-0.77804913
11.659152	-0.7793963
11.669134	-0.78074466
11.679116	-0.7820942
11.689098	-0.78344492
11.69908	-0.78479683
11.709062	-0.78614993
11.719044	-0.78750421
11.729026	-0.78885968
11.739008	-0.79021633
11.74899	-0.79157416
11.758972	-0.79293318
11.768954	-0.79429339
11.778936	-0.79565478
11.788918	-0.79701735
11.7989	-0.79838111
11.808882	-0.79974606
11.818864	-0.80111219
11.828846	-0.8024795
11.838828	-0.803848
11.84881	-0.80521768
11.858792	-0.80658855
11.868774	-0.80796061
11.878756	-0.80933385
11.888738	-0.81070827
11.89872	-0.81208388
11.908702	-0.81346067
11.918684	-0.81483865
11.928666	-0.81621782
11.938648	-0.81759817
11.94863	-0.8189797
11.958612	-0.82036242
11.968594	-0.82174632
11.978576	-0.82313141
11.988558	-0.82451769
11.99854	-0.82590515
12.008522	-0.82729379
12.018504	-0.82868362
12.028486	-0.83007464
12.038468	-0.83146684
12.04845	-0.83286022
12.058432	-0.83425479
12.068414	-0.83565055
12.078396	-0.83704749
12.088378	-0.83844561
12.09836	-0.83984492
12.108342	-0.84124542
12.118324	-0.8426471
12.128306	-0.84404996
12.138288	-0.84545401
12.14827	-0.84685925
12.158252	-0.84826567
12.168234	-0.84967327
12.178216	-0.85108206
12.188198	-0.85249204
12.19818	-0.8539032
12.208162	-0.85531555
12.218144	-0.85672908
12.228126	-0.85814379
12.238108	-0.8595597
12.24809	-0.86097678
12.258072	-0.86239505
12.268054	-0.86381451
12.278036	-0.86523515
12.288018	-0.86665698
12.298	-0.86807999
12.307982	-0.86950419
12.317964	-0.87092957
12.327946	-0.87235614
12.337928	-0.87378389
12.34791	-0.87521283
12.357892	-0.87664295
12.367874	-0.87807425
12.377856	-0.87950675
12.387838	-0.88094042
12.39782	-0.88237529
12.407802	-0.88381133
12.417784	-0.88524857
12.427766	-0.88668698
12.437748	-0.88812658
12.44773	-0.88956737
12.457712	-0.89100934
12.467694	-0.8924525
12.477676	-0.89389684
12.487658	-0.89534237
12.49764	-0.89678908
12.507622	-0.89823698
12.517604	-0.89968606
12.527586	-0.90113633
12.537568	-0.90258778
12.54755	-0.90404042
12.557532	-0.90549424
12.567514	-0.90694924
12.577495	-0.90840544
12.587477	-0.90986281
12.597459	-0.91132137
12.607441	-0.91278112
12.617423	-0.91424205
12.627405	-0.91570416
12.637387	-0.91716746
12.647369	-0.91863195
12.657351	-0.92009762
12.667333	-0.92156447
12.677315	-0.92303251
12.687297	-0.92450174
12.697279	-0.92597215
12.707261	-0.92744374
12.717243	-0.92891652
12.727225	-0.93039048
12.737207	-0.93186563
12.747189	-0.93334196
12.757171	-0.93481948
12.767153	-0.93629818
12.777135	-0.93777806
12.787117	-0.93925913
12.797099	-0.94074139
12.807081	-0.94222483
12.817063	-0.94370945
12.827045	-0.94519526
12.837027	-0.94668225
12.847009	-0.94817043
12.856991	-0.94965979
12.866973	-0.95115034
12.876955	-0.95264207
12.886937	-0.95413499
12.896919	-0.95562909
12.906901	-0.95712437
12.916883	-0.95862084
12.926865	-0.96011849
12.936847	-0.96161733
12.946829	-0.96311735
12.956811	-0.96461856
12.966793	-0.96612095
12.976775	-0.96762452
12.986757	-0.96912928
12.996739	-0.97063522
13.006721	-0.97214235
13.016703	-0.97365066
13.026685	-0.97516015
13.036667	-0.97667083
13.046649	-0.97818269
13.056631	-0.97969574
13.066613	-0.98120997
13.076595	-0.98272539
13.086577	-0.98424199
13.096559	-0.98575977
13.106541	-0.98727874
13.116523	-0.98879889
13.126505	-0.99032022
13.136487	-0.99184274
13.146469	-0.99336644
13.156451	-0.99489133
13.166433	-0.9964174
13.176415	-0.99794465
13.186397	-0.99947309
13.196379	-1.0010027
13.206361	-1.0025335
13.216343	-1.0040655
13.226325	-1.0055987
13.236307	-1.007133
13.246289	-1.0086686
13.256271	-1.0102053
13.266253	-1.0117432
13.276235	-1.0132823
13.286217	-1.0148226
13.296199	-1.016364
13.306181	-1.0179066
13.316163	-1.0194505
13.326145	-1.0209955
13.336127	-1.0225417
13.346109	-1.024089
13.356091	-1.0256376
13.366073	-1.0271873
13.376055	-1.0287383
13.386037	-1.0302904
13.396019	-1.0318436
13.406001	-1.0333981
13.415983	-1.0349538
13.425965	-1.0365106
13.435947	-1.0380686
13.445929	-1.0396278
13.455911	-1.0411882
13.465893	-1.0427498
13.475875	-1.0443125
13.485857	-1.0458765
13.495839	-1.0474416
13.505821	-1.0490079
13.515803	-1.0505754
13.525785	-1.052144
13.535767	-1.0537139
13.545749	-1.0552849
13.555731	-1.0568571
13.565713	-1.0584305
13.575695	-1.0600051
13.585677	-1.0615808
13.595659	-1.0631578
13.605641	-1.0647359
13.615623	-1.0663152
13.625605	-1.0678957
13.635587	-1.0694774
13.645569	-1.0710602
13.655551	-1.0726442
13.665533	-1.0742295
13.675515	-1.0758158
13.685497	-1.0774034
13.695479	-1.0789922
13.705461	-1.0805821
13.715443	-1.0821733
13.725425	-1.0837656
13.735407	-1.0853591
13.745389	-1.0869537
13.755371	-1.0885496
13.765353	-1.0901466
13.775335	-1.0917448
13.785317	-1.0933442
13.795299	-1.0949448
13.805281	-1.0965465
13.815263	-1.0981495
13.825245	-1.0997536
13.835227	-1.1013589
13.845209	-1.1029654
13.855191	-1.1045731
13.865173	-1.1061819
13.875155	-1.1077919
13.885137	-1.1094031
13.895119	-1.1110155
13.905101	-1.1126291
13.915083	-1.1142438
13.925065	-1.1158598
13.935047	-1.1174769
13.945029	-1.1190952
13.955011	-1.1207147
13.964993	-1.1223353
13.974975	-1.1239571
13.984957	-1.1255802
13.994939	-1.1272043
14.004921	-1.1288297
14.014903	-1.1304563
14.024885	-1.132084
14.034867	-1.1337129
14.044849	-1.135343
14.054831	-1.1369743
14.064813	-1.1386068
14.074795	-1.1402404
14.084777	-1.1418752
14.094759	-1.1435112
14.104741	-1.1451484
14.114723	-1.1467867
14.124705	-1.1484263
14.134687	-1.150067
14.144669	-1.1517089
14.154651	-1.153352
14.164633	-1.1549962
14.174615	-1.1566416
14.184597	-1.1582882
14.194579	-1.159936
14.204561	-1.161585
14.214543	-1.1632352
14.224525	-1.1648865
14.234507	-1.166539
14.244489	-1.1681927
14.254471	-1.1698475
14.264453	-1.1715036
14.274435	-1.1731608
14.284417	-1.1748192
14.294399	-1.1764788
14.304381	-1.1781396
14.314363	-1.1798015
14.324345	-1.1814646
14.334327	-1.1831289
14.344309	-1.1847944
14.354291	-1.186461
14.364273	-1.1881289
14.374255	-1.1897979
14.384237	-1.1914681
14.394219	-1.1931394
14.404201	-1.194812
14.414183	-1.1964857
14.424165	-1.1981606
14.434147	-1.1998366
14.444129	-1.2015139
14.454111	-1.2031923
14.464093	-1.2048719
14.474075	-1.2065527
14.484057	-1.2082347
14.494039	-1.2099178
14.504021	-1.2116021
14.514003	-1.2132876
14.523985	-1.2149743
14.533967	-1.2166622
14.543949	-1.2183512
14.553931	-1.2200414
14.563913	-1.2217328
14.573895	-1.2234253
14.583877	-1.2251191
14.593859	-1.226814
14.603841	-1.2285101
14.613823	-1.2302073
14.623805	-1.2319058
14.633787	-1.2336054
14.643769	-1.2353062
14.653751	-1.2370081
14.663733	-1.2387113
14.673715	-1.2404156
14.683697	-1.2421211
14.693679	-1.2438278
14.703661	-1.2455356
14.713643	-1.2472446
14.723625	-1.2489548
14.733607	-1.2506662
14.743589	-1.2523788
14.753571	-1.2540925
14.763553	-1.2558074
14.773535	-1.2575235
14.783517	-1.2592407
14.793499	-1.2609591
14.803481	-1.2626787
14.813463	-1.2643995
14.823445	-1.2661215
14.833427	-1.2678446
14.843409	-1.2695689
14.853391	-1.2712944
14.863373	-1.273021
14.873355	-1.2747488
14.883337	-1.2764778
14.893319	-1.278208
14.903301	-1.2799394
14.913283	-1.2816719
14.923265	-1.2834056
14.933247	-1.2851404
14.943229	-1.2868765
14.953211	-1.2886137
14.963193	-1.2903521
14.973175	-1.2920917
14.983157	-1.2938324
14.993139	-1.2955743
15.003121	-1.2973174
15.013103	-1.2990617
15.023085	-1.3008071
15.033067	-1.3025537
15.043049	-1.3043015
15.053031	-1.3060504
15.063013	-1.3078005
15.072995	-1.3095518
15.082977	-1.3113043
15.092959	-1.3130579
15.102941	-1.3148128
15.112923	-1.3165687
15.122905	-1.3183259
15.132887	-1.3200842
15.142869	-1.3218437
15.152851	-1.3236044
15.162833	-1.3253662
15.172815	-1.3271293
15.182797	-1.3288935
15.192779	-1.3306588
15.202761	-1.3324254
15.212743	-1.3341931
15.222725	-1.3359619
15.232707	-1.337732
15.242689	-1.3395032
15.252671	-1.3412756
15.262653	-1.3430491
15.272635	-1.3448239
15.282617	-1.3465998
15.292599	-1.3483769
15.302581	-1.3501551
15.312563	-1.3519345
15.322545	-1.3537151
15.332527	-1.3554968
15.342509	-1.3572798
15.35249	-1.3590639
15.362472	-1.3608491
15.372454	-1.3626356
15.382436	-1.3644232
15.392418	-1.3662119
15.4024	-1.3680019
15.412382	-1.369793
15.422364	-1.3715853
15.432346	-1.3733787
15.442328	-1.3751734
15.45231	-1.3769691
15.462292	-1.3787661
15.472274	-1.3805642
15.482256	-1.3823635
15.492238	-1.384164
15.50222	-1.3859656
15.512202	-1.3877684
15.522184	-1.3895724
15.532166	-1.3913775
15.542148	-1.3931838
15.55213	-1.3949913
15.562112	-1.3968
15.572094	-1.3986098
15.582076	-1.4004208
15.592058	-1.4022329
15.60204	-1.4040462
15.612022	-1.4058607
15.622004	-1.4076763
15.631986	-1.4094932
15.641968	-1.4113111
15.65195	-1.4131303
15.661932	-1.4149506
15.671914	-1.4167721
15.681896	-1.4185947
15.691878	-1.4204186
15.70186	-1.4222435
15.711842	-1.4240697
15.721824	-1.425897
15.731806	-1.4277255
15.741788	-1.4295551
15.75177	-1.431386
15.761752	-1.4332179
15.771734	-1.4350511
15.781716	-1.4368854
15.791698	-1.4387209
15.80168	-1.4405575
15.811662	-1.4423953
15.821644	-1.4442343
15.831626	-1.4460744
15.841608	-1.4479157
15.85159	-1.4497582
15.861572	-1.4516018
15.871554	-1.4534466
15.881536	-1.4552926
15.891518	-1.4571397
15.9015	-1.458988
15.911482	-1.4608374
15.921464	-1.4626881
15.931446	-1.4645398
15.941428	-1.4663928
15.95141	-1.4682469
15.961392	-1.4701022
15.971374	-1.4719586
15.981356	-1.4738162
15.991338	-1.4756749
16.00132	-1.4775349
16.011302	-1.4793959
16.021284	-1.4812582
16.031266	-1.4831216
16.041248	-1.4849862
16.05123	-1.4868519
16.061212	-1.4887188
16.071194	-1.4905869
16.081176	-1.4924561
16.091158	-1.4943265
16.10114	-1.496198
16.111122	-1.4980707
16.121104	-1.4999446
16.131086	-1.5018196
16.141068	-1.5036958
16.15105	-1.5055732
16.161032	-1.5074517
16.171014	-1.5093313
16.180996	-1.5112122
16.190978	-1.5130942
16.20096	-1.5149773
16.210942	-1.5168616
16.220924	-1.5187471
16.230906	-1.5206338
16.240888	-1.5225216
16.25087	-1.5244105
16.260852	-1.5263006
16.270834	-1.5281919
16.280816	-1.5300843
16.290798	-1.5319779
16.30078	-1.5338727
16.310762	-1.5357686
16.320744	-1.5376657
16.330726	-1.5395639
16.340708	-1.5414633
16.35069	-1.5433638
16.360672	-1.5452655
16.370654	-1.5471684
16.380636	-1.5490724
16.390618	-1.5509776
16.4006	-1.5528839
16.410582	-1.5547914
16.420564	-1.5567001
16.430546	-1.5586099
16.440528	-1.5605208
16.45051	-1.5624329
16.460492	-1.5643462
16.470474	-1.5662607
16.480456	-1.5681763
16.490438	-1.570093
16.50042	-1.5720109
16.510402	-1.57393
16.520384	-1.5758502
16.530366	-1.5777716
16.540348	-1.5796941
16.55033	-1.5816178
16.560312	-1.5835426
16.570294	-1.5854686
16.580276	-1.5873958
16.590258	-1.5893241
16.60024	-1.5912535
16.610222	-1.5931841
16.620204	-1.5951159
16.630186	-1.5970488
16.640168	-1.5989829
16.65015	-1.6009181
16.660132	-1.6028545
16.670114	-1.6047921
16.680096	-1.6067308
16.690078	-1.6086706
16.70006	-1.6106116
16.710042	-1.6125538
16.720024	-1.6144971
16.730006	-1.6164415
16.739988	-1.6183872
16.74997	-1.6203339
16.759952	-1.6222819
16.769934	-1.6242309
16.779916	-1.6261811
16.789898	-1.6281325
16.79988	-1.6300851
16.809862	-1.6320387
16.819844	-1.6339936
16.829826	-1.6359496
16.839808	-1.6379067
16.84979	-1.639865
16.859772	-1.6418244
16.869754	-1.643785
16.879736	-1.6457467
16.889718	-1.6477096
16.8997	-1.6496737
16.909682	-1.6516389
16.919664	-1.6536052
16.929646	-1.6555727
16.939628	-1.6575413
16.94961	-1.6595111
16.959592	-1.6614821
16.969574	-1.6634542
16.979556	-1.6654274
16.989538	-1.6674018
16.99952	-1.6693773
17.009502	-1.671354
17.019484	-1.6733318
17.029466	-1.6753108
17.039448	-1.6772909
17.04943	-1.6792722
17.059412	-1.6812547
17.069394	-1.6832382
17.079376	-1.6852229
17.089358	-1.6872088
17.09934	-1.6891958
17.109322	-1.691184
17.119304	-1.6931733
17.129286	-1.6951638
17.139268	-1.6971554
17.14925	-1.6991481
17.159232	-1.701142
17.169214	-1.7031371
17.179196	-1.7051333
17.189178	-1.7071306
17.19916	-1.7091291
17.209142	-1.7111287
17.219124	-1.7131295
17.229106	-1.7151314
17.239088	-1.7171344
17.24907	-1.7191387
17.259052	-1.721144
17.269034	-1.7231505
17.279016	-1.7251581
17.288998	-1.7271669
17.29898	-1.7291769
17.308962	-1.7311879
17.318944	-1.7332001
17.328926	-1.7352135
17.338908	-1.737228
17.34889	-1.7392436
17.358872	-1.7412604
17.368854	-1.7432784
17.378836	-1.7452974
17.388818	-1.7473177
17.3988	-1.749339
17.408782	-1.7513615
17.418764	-1.7533852
17.428746	-1.7554099
17.438728	-1.7574359
17.44871	-1.7594629
17.458692	-1.7614911
17.468674	-1.7635205
17.478656	-1.765551
17.488638	-1.7675826
17.49862	-1.7696154
17.508602	-1.7716493
17.518584	-1.7736843
17.528566	-1.7757205
17.538548	-1.7777579
17.54853	-1.7797963
17.558512	-1.781836
17.568494	-1.7838767
17.578476	-1.7859186
17.588458	-1.7879616
17.59844	-1.7900058
17.608422	-1.7920511
17.618404	-1.7940975
17.628386	-1.7961451
17.638368	-1.7981938
17.64835	-1.8002437
17.658332	-1.8022947
17.668314	-1.8043468
17.678296	-1.8064001
17.688278	-1.8084545
17.69826	-1.8105101
17.708242	-1.8125667
17.718224	-1.8146245
17.728206	-1.8166835
17.738188	-1.8187436
17.74817	-1.8208048
17.758152	-1.8228672
17.768134	-1.8249307
17.778116	-1.8269953
17.788098	-1.8290611
17.79808	-1.831128
17.808062	-1.833196
17.818044	-1.8352652
17.828026	-1.8373355
17.838008	-1.8394069
17.84799	-1.8414795
17.857972	-1.8435532
17.867954	-1.8456281
17.877936	-1.847704
17.887918	-1.8497812
17.8979	-1.8518594
17.907882	-1.8539388
17.917864	-1.8560193
17.927846	-1.8581009
17.937828	-1.8601837
17.94781	-1.8622676
17.957792	-1.8643526
17.967774	-1.8664388
17.977756	-1.8685261
17.987738	-1.8706146
17.99772	-1.8727041
18.007702	-1.8747948
18.017684	-1.8768866
18.027666	-1.8789796
18.037648	-1.8810737
18.04763	-1.8831689
18.057612	-1.8852652
18.067594	-1.8873627
18.077576	-1.8894613
18.087558	-1.8915611
18.09754	-1.8936619
18.107522	-1.8957639
18.117504	-1.8978671
18.127485	-1.8999713
18.137467	-1.9020767
18.147449	-1.9041832
18.157431	-1.9062908
18.167413	-1.9083996
18.177395	-1.9105095
18.187377	-1.9126205
18.197359	-1.9147327
18.207341	-1.9168459
18.217323	-1.9189603
18.227305	-1.9210759
18.237287	-1.9231925
18.247269	-1.9253103
18.257251	-1.9274292
18.267233	-1.9295492
18.277215	-1.9316704
18.287197	-1.9337927
18.297179	-1.9359161
18.307161	-1.9380406
18.317143	-1.9401663
18.327125	-1.9422931
18.337107	-1.944421
18.347089	-1.94655
18.357071	-1.9486802
18.367053	-1.9508114
18.377035	-1.9529438
18.387017	-1.9550774
18.396999	-1.957212
18.406981	-1.9593478
18.416963	-1.9614847
18.426945	-1.9636227
18.436927	-1.9657618
18.446909	-1.9679021
18.456891	-1.9700435
18.466873	-1.972186
18.476855	-1.9743296
18.486837	-1.9764744
18.496819	-1.9786202
18.506801	-1.9807672
18.516783	-1.9829153
18.526765	-1.9850646
18.536747	-1.9872149
18.546729	-1.9893664
18.556711	-1.991519
18.566693	-1.9936727
18.576675	-1.9958275
18.586657	-1.9979835
18.596639	-2.0001405
18.606621	-2.0022987
18.616603	-2.004458
18.626585	-2.0066184
18.636567	-2.00878
18.646549	-2.0109426
18.656531	-2.0131064
18.666513	-2.0152713
18.676495	-2.0174373
18.686477	-2.0196044
18.696459	-2.0217727
18.706441	-2.0239421
18.716423	-2.0261125
18.726405	-2.0282841
18.736387	-2.0304568
18.746369	-2.0326307
18.756351	-2.0348056
18.766333	-2.0369817
18.776315	-2.0391588
18.786297	-2.0413371
18.796279	-2.0435165
18.806261	-2.045697
18.816243	-2.0478786
18.826225	-2.0500614
18.836207	-2.0522452
18.846189	-2.0544302
18.856171	-2.0566163
18.866153	-2.0588035
18.876135	-2.0609918
18.886117	-2.0631812
18.896099	-2.0653717
18.906081	-2.0675634
18.916063	-2.0697561
18.926045	-2.07195
18.936027	-2.074145
18.946009	-2.0763411
18.955991	-2.0785383
18.965973	-2.0807366
18.975955	-2.082936
18.985937	-2.0851365
18.995919	-2.0873382
19.005901	-2.0895409
19.015883	-2.0917448
19.025865	-2.0939498
19.035847	-2.0961558
19.045829	-2.098363
19.055811	-2.1005713
19.065793	-2.1027807
19.075775	-2.1049912
19.085757	-2.1072028
19.095739	-2.1094156
19.105721	-2.1116294
19.115703	-2.1138444
19.125685	-2.1160604
19.135667	-2.1182776
19.145649	-2.1204958
19.155631	-2.1227152
19.165613	-2.1249357
19.175595	-2.1271572
19.185577	-2.1293799
19.195559	-2.1316037
19.205541	-2.1338286
19.215523	-2.1360546
19.225505	-2.1382817
19.235487	-2.1405099
19.245469	-2.1427392
19.255451	-2.1449697
19.265433	-2.1472012
19.275415	-2.1494338
19.285397	-2.1516675
19.295379	-2.1539024
19.305361	-2.1561383
19.315343	-2.1583753
19.325325	-2.1606135
19.335307	-2.1628527
19.345289	-2.165093
19.355271	-2.1673345
19.365253	-2.169577
19.375235	-2.1718207
19.385217	-2.1740654
19.395199	-2.1763113
19.405181	-2.1785582
19.415163	-2.1808062
19.425145	-2.1830554
19.435127	-2.1853056
19.445109	-2.187557
19.455091	-2.1898094
19.465073	-2.192063
19.475055	-2.1943176
19.485037	-2.1965733
19.495019	-2.1988302
19.505001	-2.2010881
19.514983	-2.2033471
19.524965	-2.2056073
19.534947	-2.2078685
19.544929	-2.2101308
19.554911	-2.2123942
19.564893	-2.2146587
19.574875	-2.2169243
19.584857	-2.219191
19.594839	-2.2214588
19.604821	-2.2237277
19.614803	-2.2259977
19.624785	-2.2282688
19.634767	-2.230541
19.644749	-2.2328143
19.654731	-2.2350886
19.664713	-2.2373641
19.674695	-2.2396407
19.684677	-2.2419183
19.694659	-2.244197
19.704641	-2.2464769
19.714623	-2.2487578
19.724605	-2.2510398
19.734587	-2.2533229
19.744569	-2.2556071
19.754551	-2.2578924
19.764533	-2.2601788
19.774515	-2.2624663
19.784497	-2.2647549
19.794479	-2.2670445
19.804461	-2.2693353
19.814443	-2.2716271
19.824425	-2.27392
19.834407	-2.276214
19.844389	-2.2785091
19.854371	-2.2808053
19.864353	-2.2831026
19.874335	-2.285401
19.884317	-2.2877004
19.894299	-2.290001
19.904281	-2.2923026
19.914263	-2.2946053
19.924245	-2.2969092
19.934227	-2.299214
19.944209	-2.30152
19.954191	-2.3038271
19.964173	-2.3061352
19.974155	-2.3084445
19.984137	-2.3107548
19.994119	-2.3130662
20.004101	-2.3153787
20.014083	-2.3176923
20.024065	-2.3200069
20.034047	-2.3223227
20.044029	-2.3246395
20.054011	-2.3269574
20.063993	-2.3292764
20.073975	-2.3315965
20.083957	-2.3339177
20.093939	-2.3362399
20.103921	-2.3385632
20.113903	-2.3408877
20.123885	-2.3432131
20.133867	-2.3455397
20.143849	-2.3478674
20.153831	-2.3501961
20.163813	-2.3525259
20.173795	-2.3548568
20.183777	-2.3571888
20.193759	-2.3595218
20.203741	-2.361856
20.213723	-2.3641912
20.223705	-2.3665275
20.233687	-2.3688648
20.243669	-2.3712033
20.253651	-2.3735428
20.263633	-2.3758834
20.273615	-2.3782251
20.283597	-2.3805679
20.293579	-2.3829117
20.303561	-2.3852566
20.313543	-2.3876026
20.323525	-2.3899497
20.333507	-2.3922978
20.343489	-2.394647
20.353471	-2.3969973
20.363453	-2.3993487
20.373435	-2.4017011
20.383417	-2.4040547
20.393399	-2.4064092
20.403381	-2.4087649
20.413363	-2.4111217
20.423345	-2.4134795
20.433327	-2.4158384
20.443309	-2.4181983
20.453291	-2.4205593
20.463273	-2.4229214
20.473255	-2.4252846
20.483237	-2.4276489
20.493219	-2.4300142
20.503201	-2.4323806
20.513183	-2.434748
20.523165	-2.4371166
20.533147	-2.4394862
20.543129	-2.4418568
20.553111	-2.4442286
20.563093	-2.4466014
20.573075	-2.4489753
20.583057	-2.4513502
20.593039	-2.4537262
20.603021	-2.4561033
20.613003	-2.4584815
20.622985	-2.4608607
20.632967	-2.463241
20.642949	-2.4656223
20.652931	-2.4680048
20.662913	-2.4703883
20.672895	-2.4727728
20.682877	-2.4751584
20.692859	-2.4775451
20.702841	-2.4799329
20.712823	-2.4823217
20.722805	-2.4847116
20.732787	-2.4871025
20.742769	-2.4894945
20.752751	-2.4918876
20.762733	-2.4942817
20.772715	-2.4966769
20.782697	-2.4990732
20.792679	-2.5014705
20.802661	-2.5038689
20.812643	-2.5062684
20.822625	-2.5086689
20.832607	-2.5110705
20.842589	-2.5134731
20.852571	-2.5158768
20.862553	-2.5182816
20.872535	-2.5206874
20.882517	-2.5230943
20.892498	-2.5255022
20.90248	-2.5279112
20.912462	-2.5303213
20.922444	-2.5327324
20.932426	-2.5351446
20.942408	-2.5375578
20.95239	-2.5399721
20.962372	-2.5423875
20.972354	-2.5448039
20.982336	-2.5472213
20.992318	-2.5496399
21.0023	-2.5520594
21.012282	-2.5544801
21.022264	-2.5569018
21.032246	-2.5593245
21.042228	-2.5617483
21.05221	-2.5641732
21.062192	-2.5665991
21.072174	-2.5690261
21.082156	-2.5714541
21.092138	-2.5738832
21.10212	-2.5763133
21.112102	-2.5787445
21.122084	-2.5811767
21.132066	-2.58361
21.142048	-2.5860444
21.15203	-2.5884798
21.162012	-2.5909162
21.171994	-2.5933537
21.181976	-2.5957923
21.191958	-2.5982319
21.20194	-2.6006725
21.211922	-2.6031142
21.221904	-2.605557
21.231886	-2.6080008
21.241868	-2.6104456
21.25185	-2.6128915
21.261832	-2.6153385
21.271814	-2.6177865
21.281796	-2.6202355
21.291778	-2.6226856
21.30176	-2.6251367
21.311742	-2.6275889
21.321724	-2.6300422
21.331706	-2.6324964
21.341688	-2.6349518
21.35167	-2.6374081
21.361652	-2.6398656
21.371634	-2.642324
21.381616	-2.6447835
21.391598	-2.6472441
21.40158	-2.6497057
21.411562	-2.6521683
21.421544	-2.654632
21.431526	-2.6570968
21.441508	-2.6595625
21.45149	-2.6620294
21.461472	-2.6644972
21.471454	-2.6669661
21.481436	-2.6694361
21.491418	-2.671907
21.5014	-2.6743791
21.511382	-2.6768521
21.521364	-2.6793263
21.531346	-2.6818014
21.541328	-2.6842776
21.55131	-2.6867548
21.561292	-2.6892331
21.571274	-2.6917124
21.581256	-2.6941928
21.591238	-2.6966741
21.60122	-2.6991566
21.611202	-2.70164
21.621184	-2.7041245
21.631166	-2.7066101
21.641148	-2.7090966
21.65113	-2.7115843
21.661112	-2.7140729
21.671094	-2.7165626
21.681076	-2.7190533
21.691058	-2.7215451
21.70104	-2.7240378
21.711022	-2.7265317
21.721004	-2.7290265
21.730986	-2.7315224
21.740968	-2.7340194
21.75095	-2.7365173
21.760932	-2.7390163
21.770914	-2.7415163
21.780896	-2.7440174
21.790878	-2.7465195
21.80086	-2.7490226
21.810842	-2.7515268
21.820824	-2.754032
21.830806	-2.7565382
21.840788	-2.7590454
21.85077	-2.7615537
21.860752	-2.764063
21.870734	-2.7665733
21.880716	-2.7690847
21.890698	-2.7715971
21.90068	-2.7741105
21.910662	-2.776625
21.920644	-2.7791405
21.930626	-2.781657
21.940608	-2.7841745
21.95059	-2.7866931
21.960572	-2.7892127
21.970554	-2.7917333
21.980536	-2.7942549
21.990518	-2.7967776
22.0005	-2.7993013
22.010482	-2.801826
22.020464	-2.8043517
22.030446	-2.8068785
22.040428	-2.8094063
22.05041	-2.8119351
22.060392	-2.814465
22.070374	-2.8169958
22.080356	-2.8195277
22.090338	-2.8220606
22.10032	-2.8245945
22.110302	-2.8271295
22.120284	-2.8296655
22.130266	-2.8322025
22.140248	-2.8347405
22.15023	-2.8372795
22.160212	-2.8398196
22.170194	-2.8423607
22.180176	-2.8449027
22.190158	-2.8474459
22.20014	-2.84999
22.210122	-2.8525351
22.220104	-2.8550813
22.230086	-2.8576285
22.240068	-2.8601767
22.25005	-2.8627259
22.260032	-2.8652762
22.270014	-2.8678274
22.279996	-2.8703797
22.289978	-2.872933
22.29996	-2.8754873
22.309942	-2.8780426
22.319924	-2.8805989
22.329906	-2.8831563
22.339888	-2.8857147
22.34987	-2.888274
22.359852	-2.8908344
22.369834	-2.8933958
22.379816	-2.8959582
22.389798	-2.8985217
22.39978	-2.9010861
22.409762	-2.9036516
22.419744	-2.906218
22.429726	-2.9087855
22.439708	-2.911354
22.44969	-2.9139235
22.459672	-2.916494
22.469654	-2.9190655
22.479636	-2.921638
22.489618	-2.9242115
22.4996	-2.9267861
22.509582	-2.9293616
22.519564	-2.9319382
22.529546	-2.9345158
22.539528	-2.9370943
22.54951	-2.9396739
22.559492	-2.9422545
22.569474	-2.9448361
22.579456	-2.9474187
22.589438	-2.9500023
22.59942	-2.9525869
22.609402	-2.9551725
22.619384	-2.9577592
22.629366	-2.9603468
22.639348	-2.9629354
22.64933	-2.965525
22.659312	-2.9681157
22.669294	-2.9707073
22.679276	-2.9733
22.689258	-2.9758936
22.69924	-2.9784883
22.709222	-2.9810839
22.719204	-2.9836806
22.729186	-2.9862782
22.739168	-2.9888769
22.74915	-2.9914765
22.759132	-2.9940772
22.769114	-2.9966788
22.779096	-2.9992814
22.789078	-3.0018851
22.79906	-3.0044897
22.809042	-3.0070954
22.819024	-3.009702
22.829006	-3.0123097
22.838988	-3.0149183
22.84897	-3.0175279
22.858952	-3.0201386
22.868934	-3.0227502
22.878916	-3.0253628
22.888898	-3.0279764
22.89888	-3.030591
22.908862	-3.0332066
22.918844	-3.0358232
22.928826	-3.0384408
22.938808	-3.0410594
22.94879	-3.043679
22.958772	-3.0462996
22.968754	-3.0489211
22.978736	-3.0515437
22.988718	-3.0541673
22.9987	-3.0567918
23.008682	-3.0594173
23.018664	-3.0620438
23.028646	-3.0646714
23.038628	-3.0672999
23.04861	-3.0699294
23.058592	-3.0725598
23.068574	-3.0751913
23.078556	-3.0778238
23.088538	-3.0804572
23.09852	-3.0830917
23.108502	-3.0857271
23.118484	-3.0883635
23.128466	-3.0910009
23.138448	-3.0936393
23.14843	-3.0962786
23.158412	-3.098919
23.168394	-3.1015603
23.178376	-3.1042027
23.188358	-3.106846
23.19834	-3.1094903
23.208322	-3.1121356
23.218304	-3.1147818
23.228286	-3.1174291
23.238268	-3.1200773
23.24825	-3.1227265
23.258232	-3.1253767
23.268214	-3.1280279
23.278196	-3.13068
23.288178	-3.1333332
23.29816	-3.1359873
23.308142	-3.1386424
23.318124	-3.1412985
23.328106	-3.1439555
23.338088	-3.1466136
23.34807	-3.1492726
23.358052	-3.1519326
23.368034	-3.1545936
23.378016	-3.1572555
23.387998	-3.1599184
23.39798	-3.1625823
23.407962	-3.1652472
23.417944	-3.1679131
23.427926	-3.1705799
23.437908	-3.1732477
23.44789	-3.1759165
23.457872	-3.1785863
23.467854	-3.181257
23.477836	-3.1839287
23.487818	-3.1866014
23.4978	-3.1892751
23.507782	-3.1919497
23.517764	-3.1946253
23.527746	-3.1973019
23.537728	-3.1999794
23.54771	-3.202658
23.557692	-3.2053375
23.567674	-3.2080179
23.577656	-3.2106994
23.587638	-3.2133818
23.59762	-3.2160651
23.607602	-3.2187495
23.617584	-3.2214348
23.627566	-3.2241211
23.637548	-3.2268083
23.64753	-3.2294965
23.657512	-3.2321857
23.667493	-3.2348759
23.677475	-3.237567
23.687457	-3.2402591
23.697439	-3.2429521
23.707421	-3.2456462
23.717403	-3.2483411
23.727385	-3.2510371
23.737367	-3.253734
23.747349	-3.2564319
23.757331	-3.2591307
23.767313	-3.2618305
23.777295	-3.2645313
23.787277	-3.267233
23.797259	-3.2699357
23.807241	-3.2726394
23.817223	-3.275344
23.827205	-3.2780496
23.837187	-3.2807561
23.847169	-3.2834636
23.857151	-3.2861721
23.867133	-3.2888815
23.877115	-3.2915919
23.887097	-3.2943032
23.897079	-3.2970155
23.907061	-3.2997288
23.917043	-3.302443
23.927025	-3.3051582
23.937007	-3.3078743
23.946989	-3.3105914
23.956971	-3.3133094
23.966953	-3.3160284
23.976935	-3.3187484
23.986917	-3.3214693
23.996899	-3.3241912
24.006881	-3.326914
24.016863	-3.3296378
24.026845	-3.3323625
24.036827	-3.3350882
24.046809	-3.3378148
24.056791	-3.3405424
24.066773	-3.3432709
24.076755	-3.3460004
24.086737	-3.3487309
24.096719	-3.3514623
24.106701	-3.3541946
24.116683	-3.3569279
24.126665	-3.3596622
24.136647	-3.3623974
24.146629	-3.3651335
24.156611	-3.3678706
24.166593	-3.3706087
24.176575	-3.3733477
24.186557	-3.3760876
24.196539	-3.3788285
24.206521	-3.3815703
24.216503	-3.3843131
24.226485	-3.3870568
24.236467	-3.3898015
24.246449	-3.3925471
24.256431	-3.3952937
24.266413	-3.3980412
24.276395	-3.4007897
24.286377	-3.4035391
24.296359	-3.4062894
24.306341	-3.4090407
24.316323	-3.4117929
24.326305	-3.4145461
24.336287	-3.4173002
24.346269	-3.4200553
24.356251	-3.4228113
24.366233	-3.4255682
24.376215	-3.4283261
24.386197	-3.4310849
24.396179	-3.4338447
24.406161	-3.4366054
24.416143	-3.439367
24.426125	-3.4421296
24.436107	-3.4448931
24.446089	-3.4476576
24.456071	-3.450423
24.466053	-3.4531893
24.476035	-3.4559565
24.486017	-3.4587248
24.495999	-3.4614939
24.505981	-3.464264
24.515963	-3.467035
24.525945	-3.4698069
24.535927	-3.4725798
24.545909	-3.4753536
24.555891	-3.4781284
24.565873	-3.480904
24.575855	-3.4836807
24.585837	-3.4864582
24.595819	-3.4892367
24.605801	-3.4920161
24.615783	-3.4947964
24.625765	-3.4975777
24.635747	-3.5003599
24.645729	-3.503143
24.655711	-3.5059271
24.665693	-3.5087121
24.675675	-3.511498
24.685657	-3.5142849
24.695639	-3.5170727
24.705621	-3.5198614
24.715603	-3.522651
24.725585	-3.5254416
24.735567	-3.5282331
24.745549	-3.5310255
24.755531	-3.5338188
24.765513	-3.5366131
24.775495	-3.5394083
24.785477	-3.5422044
24.795459	-3.5450014
24.805441	-3.5477994
24.815423	-3.5505983
24.825405	-3.5533981
24.835387	-3.5561989
24.845369	-3.5590005
24.855351	-3.5618031
24.865333	-3.5646066
24.875315	-3.567411
24.885297	-3.5702164
24.895279	-3.5730226
24.905261	-3.5758298
24.915243	-3.5786379
24.925225	-3.581447
24.935207	-3.5842569
24.945189	-3.5870678
24.955171	-3.5898795
24.965153	-3.5926922
24.975135	-3.5955059
24.985117	-3.5983204
24.995099	-3.6011359
25.005081	-3.6039522
25.015063	-3.6067695
25.025045	-3.6095877
25.035027	-3.6124068
25.045009	-3.6152268
25.054991	-3.6180478
25.064973	-3.6208697
25.074955	-3.6236924
25.084937	-3.6265161
25.094919	-3.6293407
25.104901	-3.6321662
25.114883	-3.6349926
25.124865	-3.63782
25.134847	-3.6406482
25.144829	-3.6434774
25.154811	-3.6463074
25.164793	-3.6491384
25.174775	-3.6519703
25.184757	-3.6548031
25.194739	-3.6576368
25.204721	-3.6604714
25.214703	-3.6633069
25.224685	-3.6661434
25.234667	-3.6689807
25.244649	-3.6718189
25.254631	-3.6746581
25.264613	-3.6774981
25.274595	-3.6803391
25.284577	-3.683181
25.294559	-3.6860237
25.304541	-3.6888674
25.314523	-3.691712
25.324505	-3.6945575
25.334487	-3.6974039
25.344469	-3.7002511
25.354451	-3.7030993
25.364433	-3.7059484
25.374415	-3.7087984
25.384397	-3.7116493
25.394379	-3.7145011
25.404361	-3.7173538
25.414343	-3.7202074
25.424325	-3.7230619
25.434307	-3.7259173
25.444289	-3.7287736
25.454271	-3.7316308
25.464253	-3.7344889
25.474235	-3.7373479
25.484217	-3.7402078
25.494199	-3.7430685
25.504181	-3.7459302
25.514163	-3.7487928
25.524145	-3.7516563
25.534127	-3.7545206
25.544109	-3.7573859
25.554091	-3.7602521
25.564073	-3.7631191
25.574055	-3.7659871
25.584037	-3.7688559
25.594019	-3.7717256
25.604001	-3.7745963
25.613983	-3.7774678
25.623965	-3.7803402
25.633947	-3.7832135
25.643929	-3.7860877
25.653911	-3.7889628
25.663893	-3.7918387
25.673875	-3.7947156
25.683857	-3.7975933
25.693839	-3.800472
25.703821	-3.8033515
25.713803	-3.8062319
25.723785	-3.8091132
25.733767	-3.8119954
25.743749	-3.8148785
25.753731	-3.8177625
25.763713	-3.8206473
25.773695	-3.823533
25.783677	-3.8264197
25.793659	-3.8293072
25.803641	-3.8321956
25.813623	-3.8350848
25.823605	-3.837975
25.833587	-3.840866
25.843569	-3.843758
25.853551	-3.8466508
25.863533	-3.8495445
25.873515	-3.852439
25.883497	-3.8553345
25.893479	-3.8582308
25.903461	-3.861128
25.913443	-3.8640261
25.923425	-3.8669251
25.933407	-3.8698249
25.943389	-3.8727257
25.953371	-3.8756273
25.963353	-3.8785298
25.973335	-3.8814331
25.983317	-3.8843374
25.993299	-3.8872425
26.003281	-3.8901485
26.013263	-3.8930554
26.023245	-3.8959631
26.033227	-3.8988717
26.043209	-3.9017812
26.053191	-3.9046916
26.063173	-3.9076028
26.073155	-3.910515
26.083137	-3.9134279
26.093119	-3.9163418
26.103101	-3.9192565
26.113083	-3.9221722
26.123065	-3.9250886
26.133047	-3.928006
26.143029	-3.9309242
26.153011	-3.9338433
26.162993	-3.9367633
26.172975	-3.9396841
26.182957	-3.9426058
26.192939	-3.9455284
26.202921	-3.9484518
26.212903	-3.9513761
26.222885	-3.9543013
26.232867	-3.9572273
26.242849	-3.9601542
26.252831	-3.963082
26.262813	-3.9660106
26.272795	-3.9689401
26.282777	-3.9718705
26.292759	-3.9748017
26.302741	-3.9777338
26.312723	-3.9806668
26.322705	-3.9836006
26.332687	-3.9865353
26.342669	-3.9894709
26.352651	-3.9924073
26.362633	-3.9953445
26.372615	-3.9982827
26.382597	-4.0012217
26.392579	-4.0041615
26.402561	-4.0071022
26.412543	-4.0100438
26.422525	-4.0129863
26.432507	-4.0159295
26.442488	-4.0188737
26.45247	-4.0218187
26.462452	-4.0247646
26.472434	-4.0277113
26.482416	-4.0306589
26.492398	-4.0336073
26.50238	-4.0365566
26.512362	-4.0395068
26.522344	-4.0424578
26.532326	-4.0454096
26.542308	-4.0483623
26.55229	-4.0513159
26.562272	-4.0542703
26.572254	-4.0572256
26.582236	-4.0601817
26.592218	-4.0631387
26.6022	-4.0660966
26.612182	-4.0690552
26.622164	-4.0720148
26.632146	-4.0749752
26.642128	-4.0779364
26.65211	-4.0808985
26.662092	-4.0838614
26.672074	-4.0868252
26.682056	-4.0897898
26.692038	-4.0927553
26.70202	-4.0957216
26.712002	-4.0986888
26.721984	-4.1016568
26.731966	-4.1046257
26.741948	-4.1075954
26.75193	-4.110566
26.761912	-4.1135374
26.771894	-4.1165096
26.781876	-4.1194827
26.791858	-4.1224566
26.80184	-4.1254314
26.811822	-4.1284071
26.821804	-4.1313835
26.831786	-4.1343608
26.841768	-4.137339
26.85175	-4.140318
26.861732	-4.1432978
26.871714	-4.1462785
26.881696	-4.14926
26.891678	-4.1522424
26.90166	-4.1552255
26.911642	-4.1582096
26.921624	-4.1611945
26.931606	-4.1641802
26.941588	-4.1671667
26.95157	-4.1701541
26.961552	-4.1731423
26.971534	-4.1761314
26.981516	-4.1791213
26.991498	-4.182112
27.00148	-4.1851036
27.011462	-4.188096
27.021444	-4.1910892
27.031426	-4.1940833
27.041408	-4.1970782
27.05139	-4.2000739
27.061372	-4.2030705
27.071354	-4.2060679
27.081336	-4.2090661
27.091318	-4.2120652
27.1013	-4.2150651
27.111282	-4.2180658
27.121264	-4.2210674
27.131246	-4.2240698
27.141228	-4.227073
27.15121	-4.230077
27.161192	-4.2330819
27.171174	-4.2360876
27.181156	-4.2390941
27.191138	-4.2421015
27.20112	-4.2451097
27.211102	-4.2481187
27.221084	-4.2511285
27.231066	-4.2541392
27.241048	-4.2571507
27.25103	-4.260163
27.261012	-4.2631761
27.270994	-4.2661901
27.280976	-4.2692049
27.290958	-4.2722205
27.30094	-4.2752369
27.310922	-4.2782542
27.320904	-4.2812722
27.330886	-4.2842911
27.340868	-4.2873108
27.35085	-4.2903314
27.360832	-4.2933527
27.370814	-4.2963749
27.380796	-4.2993979
27.390778	-4.3024217
27.40076	-4.3054464
27.410742	-4.3084718
27.420724	-4.3114981
27.430706	-4.3145252
27.440688	-4.3175531
27.45067	-4.3205818
27.460652	-4.3236114
27.470634	-4.3266417
27.480616	-4.3296729
27.490598	-4.3327049
27.50058	-4.3357377
27.510562	-4.3387713
27.520544	-4.3418057
27.530526	-4.3448409
27.540508	-4.347877
27.55049	-4.3509139
27.560472	-4.3539515
27.570454	-4.35699
27.580436	-4.3600293
27.590418	-4.3630694
27.6004	-4.3661104
27.610382	-4.3691521
27.620364	-4.3721946
27.630346	-4.375238
27.640328	-4.3782821
27.65031	-4.3813271
27.660292	-4.3843729
27.670274	-4.3874195
27.680256	-4.3904668
27.690238	-4.393515
27.70022	-4.396564
27.710202	-4.3996138
27.720184	-4.4026645
27.730166	-4.4057159
27.740148	-4.4087681
27.75013	-4.4118211
27.760112	-4.4148749
27.770094	-4.4179296
27.780076	-4.420985
27.790058	-4.4240412
27.80004	-4.4270983
27.810022	-4.4301561
27.820004	-4.4332148
27.829986	-4.4362742
27.839968	-4.4393344
27.84995	-4.4423955
27.859932	-4.4454573
27.869914	-4.44852
27.879896	-4.4515834
27.889878	-4.4546476
27.89986	-4.4577127
27.909842	-4.4607785
27.919824	-4.4638451
27.929806	-4.4669126
27.939788	-4.4699808
27.94977	-4.4730498
27.959752	-4.4761196
27.969734	-4.4791902
27.979716	-4.4822616
27.989698	-4.4853338
27.99968	-4.4884068
28.009662	-4.4914806
28.019644	-4.4945551
28.029626	-4.4976305
28.039608	-4.5007067
28.04959	-4.5037836
28.059572	-4.5068613
28.069554	-4.5099399
28.079536	-4.5130192
28.089518	-4.5160993
28.0995	-4.5191802
28.109482	-4.5222619
28.119464	-4.5253444
28.129446	-4.5284276
28.139428	-4.5315117
28.14941	-4.5345965
28.159392	-4.5376821
28.169374	-4.5407685
28.179356	-4.5438557
28.189338	-4.5469437
28.19932	-4.5500325
28.209302	-4.553122
28.219284	-4.5562124
28.229266	-4.5593035
28.239248	-4.5623954
28.24923	-4.5654881
28.259212	-4.5685816
28.269194	-4.5716758
28.279176	-4.5747708
28.289158	-4.5778666
28.29914	-4.5809632
28.309122	-4.5840606
28.319104	-4.5871588
28.329086	-4.5902577
28.339068	-4.5933574
28.34905	-4.5964579
28.359032	-4.5995592
28.369014	-4.6026612
28.378996	-4.6057641
28.388978	-4.6088677
28.39896	-4.611972
28.408942	-4.6150772
28.418924	-4.6181831
28.428906	-4.6212898
28.438888	-4.6243973
28.44887	-4.6275056
28.458852	-4.6306146
28.468834	-4.6337244
28.478816	-4.636835
28.488798	-4.6399463
28.49878	-4.6430584
28.508762	-4.6461713
28.518744	-4.649285
28.528726	-4.6523994
28.538708	-4.6555147
28.54869	-4.6586306
28.558672	-4.6617474
28.568654	-4.6648649
28.578636	-4.6679832
28.588618	-4.6711022
28.5986	-4.6742221
28.608582	-4.6773426
28.618564	-4.680464
28.628546	-4.6835861
28.638528	-4.686709
28.64851	-4.6898327
28.658492	-4.6929571
28.668474	-4.6960823
28.678456	-4.6992082
28.688438	-4.702335
28.69842	-4.7054624
28.708402	-4.7085907
28.718384	-4.7117197
28.728366	-4.7148495
28.738348	-4.71798
28.74833	-4.7211113
28.758312	-4.7242433
28.768294	-4.7273762
28.778276	-4.7305097
28.788258	-4.7336441
28.79824	-4.7367792
28.808222	-4.739915
28.818204	-4.7430516
28.828186	-4.746189
28.838168	-4.7493271
28.84815	-4.752466
28.858132	-4.7556057
28.868114	-4.7587461
28.878096	-4.7618872
28.888078	-4.7650291
28.89806	-4.7681718
28.908042	-4.7713152
28.918024	-4.7744594
28.928006	-4.7776044
28.937988	-4.78075
28.94797	-4.7838965
28.957952	-4.7870437
28.967934	-4.7901916
28.977916	-4.7933403
28.987898	-4.7964898
28.99788	-4.79964
29.007862	-4.8027909
29.017844	-4.8059426
29.027826	-4.8090951
29.037808	-4.8122483
29.04779	-4.8154022
29.057772	-4.8185569
29.067754	-4.8217124
29.077736	-4.8248686
29.087718	-4.8280255
29.0977	-4.8311832
29.107682	-4.8343417
29.117664	-4.8375008
29.127646	-4.8406608
29.137628	-4.8438215
29.14761	-4.8469829
29.157592	-4.850145
29.167574	-4.8533079
29.177556	-4.8564716
29.187538	-4.859636
29.19752	-4.8628011
29.207502	-4.865967
29.217483	-4.8691336
29.227465	-4.872301
29.237447	-4.8754691
29.247429	-4.8786379
29.257411	-4.8818075
29.267393	-4.8849779
29.277375	-4.8881489
29.287357	-4.8913207
29.297339	-4.8944933
29.307321	-4.8976666
29.317303	-4.9008406
29.327285	-4.9040153
29.337267	-4.9071908
29.347249	-4.9103671
29.357231	-4.913544
29.367213	-4.9167217
29.377195	-4.9199002
29.387177	-4.9230793
29.397159	-4.9262592
29.407141	-4.9294399
29.417123	-4.9326212
29.427105	-4.9358033
29.437087	-4.9389862
29.447069	-4.9421698
29.457051	-4.9453541
29.467033	-4.9485391
29.477015	-4.9517249
29.486997	-4.9549114
29.496979	-4.9580986
29.506961	-4.9612865
29.516943	-4.9644752
29.526925	-4.9676646
29.536907	-4.9708548
29.546889	-4.9740456
29.556871	-4.9772372
29.566853	-4.9804296
29.576835	-4.9836226
29.586817	-4.9868164
29.596799	-4.9900109
29.606781	-4.9932061
29.616763	-4.9964021
29.626745	-4.9995988
29.636727	-5.0027962
29.646709	-5.0059943
29.656691	-5.0091932
29.666673	-5.0123927
29.676655	-5.015593
29.686637	-5.018794
29.696619	-5.0219958
29.706601	-5.0251982
29.716583	-5.0284014
29.726565	-5.0316053
29.736547	-5.0348099
29.746529	-5.0380153
29.756511	-5.0412214
29.766493	-5.0444281
29.776475	-5.0476356
29.786457	-5.0508438
29.796439	-5.0540528
29.806421	-5.0572624
29.816403	-5.0604728
29.826385	-5.0636839
29.836367	-5.0668957
29.846349	-5.0701082
29.856331	-5.0733214
29.866313	-5.0765354
29.876295	-5.07975
29.886277	-5.0829654
29.896259	-5.0861815
29.906241	-5.0893983
29.916223	-5.0926158
29.926205	-5.095834
29.936187	-5.099053
29.946169	-5.1022726
29.956151	-5.105493
29.966133	-5.108714
29.976115	-5.1119358
29.986097	-5.1151583
29.996079	-5.1183815
30.006061	-5.1216054
30.016043	-5.12483
30.026025	-5.1280553
30.036007	-5.1312813
30.045989	-5.1345081
30.055971	-5.1377355
30.065953	-5.1409637
30.075935	-5.1441925
30.085917	-5.1474221
30.095899	-5.1506523
30.105881	-5.1538833
30.115863	-5.157115
30.125845	-5.1603473
30.135827	-5.1635804
30.145809	-5.1668142
30.155791	-5.1700487
30.165773	-5.1732839
30.175755	-5.1765198
30.185737	-5.1797563
30.195719	-5.1829936
30.205701	-5.1862316
30.215683	-5.1894703
30.225665	-5.1927097
30.235647	-5.1959498
30.245629	-5.1991906
30.255611	-5.2024321
30.265593	-5.2056742
30.275575	-5.2089171
30.285557	-5.2121607
30.295539	-5.215405
30.305521	-5.2186499
30.315503	-5.2218956
30.325485	-5.2251419
30.335467	-5.228389
30.345449	-5.2316367
30.355431	-5.2348852
30.365413	-5.2381343
30.375395	-5.2413842
30.385377	-5.2446347
30.395359	-5.2478859
30.405341	-5.2511378
30.415323	-5.2543904
30.425305	-5.2576437
30.435287	-5.2608976
30.445269	-5.2641523
30.455251	-5.2674077
30.465233	-5.2706637
30.475215	-5.2739205
30.485197	-5.2771779
30.495179	-5.280436
30.505161	-5.2836948
30.515143	-5.2869543
30.525125	-5.2902145
30.535107	-5.2934753
30.545089	-5.2967369
30.555071	-5.2999991
30.565053	-5.303262
30.575035	-5.3065256
30.585017	-5.3097899
30.594999	-5.3130549
30.604981	-5.3163205
30.614963	-5.3195869
30.624945	-5.3228539
30.634927	-5.3261216
30.644909	-5.32939
30.654891	-5.332659
30.664873	-5.3359288
30.674855	-5.3391992
30.684837	-5.3424703
30.694819	-5.3457421
30.704801	-5.3490146
30.714783	-5.3522877
30.724765	-5.3555615
30.734747	-5.358836
30.744729	-5.3621112
30.754711	-5.3653871
30.764693	-5.3686636
30.774675	-5.3719408
30.784657	-5.3752187
30.794639	-5.3784972
30.804621	-5.3817765
30.814603	-5.3850564
30.824585	-5.388337
30.834567	-5.3916182
30.844549	-5.3949002
30.854531	-5.3981828
30.864513	-5.4014661
30.874495	-5.40475
30.884477	-5.4080346
30.894459	-5.4113199
30.904441	-5.4146059
30.914423	-5.4178925
30.924405	-5.4211798
30.934387	-5.4244678
30.944369	-5.4277564
30.954351	-5.4310457
30.964333	-5.4343357
30.974315	-5.4376264
30.984297	-5.4409177
30.994279	-5.4442097
31.004261	-5.4475023
31.014243	-5.4507956
31.024225	-5.4540896
31.034207	-5.4573843
31.044189	-5.4606796
31.054171	-5.4639756
31.064153	-5.4672722
31.074135	-5.4705695
31.084117	-5.4738675
31.094099	-5.4771661
31.104081	-5.4804654
31.114063	-5.4837654
31.124045	-5.487066
31.134027	-5.4903673
31.144009	-5.4936692
31.153991	-5.4969718
31.163973	-5.5002751
31.173955	-5.503579
31.183937	-5.5068836
31.193919	-5.5101888
31.203901	-5.5134947
31.213883	-5.5168013
31.223865	-5.5201085
31.233847	-5.5234164
31.243829	-5.5267249
31.253811	-5.5300341
31.263793	-5.5333439
31.273775	-5.5366544
31.283757	-5.5399656
31.293739	-5.5432774
31.303721	-5.5465898
31.313703	-5.549903
31.323685	-5.5532167
31.333667	-5.5565311
31.343649	-5.5598462
31.353631	-5.5631619
31.363613	-5.5664783
31.373595	-5.5697954
31.383577	-5.573113
31.393559	-5.5764314
31.403541	-5.5797503
31.413523	-5.58307
31.423505	-5.5863903
31.433487	-5.5897112
31.443469	-5.5930328
31.453451	-5.596355
31.463433	-5.5996779
31.473415	-5.6030014
31.483397	-5.6063256
31.493379	-5.6096504
31.503361	-5.6129758
31.513343	-5.6163019
31.523325	-5.6196287
31.533307	-5.6229561
31.543289	-5.6262841
31.553271	-5.6296128
31.563253	-5.6329421
31.573235	-5.6362721
31.583217	-5.6396027
31.593199	-5.642934
31.603181	-5.6462659
31.613163	-5.6495984
31.623145	-5.6529316
31.633127	-5.6562654
31.643109	-5.6595999
31.653091	-5.662935
31.663073	-5.6662708
31.673055	-5.6696071
31.683037	-5.6729442
31.693019	-5.6762818
31.703001	-5.6796201
31.712983	-5.682959
31.722965	-5.6862986
31.732947	-5.6896388
31.742929	-5.6929797
31.752911	-5.6963211
31.762893	-5.6996633
31.772875	-5.703006
31.782857	-5.7063494
31.792839	-5.7096934
31.802821	-5.7130381
31.812803	-5.7163834
31.822785	-5.7197293
31.832767	-5.7230758
31.842749	-5.726423
31.852731	-5.7297708
31.862713	-5.7331193
31.872695	-5.7364683
31.882677	-5.7398181
31.892659	-5.7431684
31.902641	-5.7465194
31.912623	-5.749871
31.922605	-5.7532232
31.932587	-5.756576
31.942569	-5.7599295
31.952551	-5.7632836
31.962533	-5.7666384
31.972515	-5.7699937
31.982496	-5.7733497
31.992478	-5.7767063
32.00246	-5.7800636
32.012442	-5.7834214
32.022424	-5.7867799
32.032406	-5.7901391
32.042388	-5.7934988
32.05237	-5.7968592
32.062352	-5.8002201
32.072334	-5.8035818
32.082316	-5.806944
32.092298	-5.8103068
32.10228	-5.8136703
32.112262	-5.8170344
32.122244	-5.8203991
32.132226	-5.8237645
32.142208	-5.8271304
32.15219	-5.830497
32.162172	-5.8338642
32.172154	-5.837232
32.182136	-5.8406004
32.192118	-5.8439695
32.2021	-5.8473392
32.212082	-5.8507094
32.222064	-5.8540803
32.232046	-5.8574519
32.242028	-5.860824
32.25201	-5.8641967
32.261992	-5.8675701
32.271974	-5.8709441
32.281956	-5.8743187
32.291938	-5.8776939
32.30192	-5.8810697
32.311902	-5.8844461
32.321884	-5.8878232
32.331866	-5.8912008
32.341848	-5.8945791
32.35183	-5.897958
32.361812	-5.9013375
32.371794	-5.9047176
32.381776	-5.9080983
32.391758	-5.9114796
32.40174	-5.9148616
32.411722	-5.9182441
32.421704	-5.9216272
32.431686	-5.925011
32.441668	-5.9283954
32.45165	-5.9317803
32.461632	-5.9351659
32.471614	-5.9385521
32.481596	-5.9419389
32.491578	-5.9453263
32.50156	-5.9487143
32.511542	-5.9521029
32.521524	-5.9554921
32.531506	-5.9588819
32.541488	-5.9622723
32.55147	-5.9656634
32.561452	-5.969055
32.571434	-5.9724472
32.581416	-5.9758401
32.591398	-5.9792335
32.60138	-5.9826275
32.611362	-5.9860221
32.621344	-5.9894174
32.631326	-5.9928132
32.641308	-5.9962097
32.65129	-5.9996067
32.661272	-6.0030043
32.671254	-6.0064025
32.681236	-6.0098014
32.691218	-6.0132008
32.7012	-6.0166008
32.711182	-6.0200014
32.721164	-6.0234027
32.731146	-6.0268045
32.741128	-6.0302069
32.75111	-6.0336099
32.761092	-6.0370135
32.771074	-6.0404177
32.781056	-6.0438225
32.791038	-6.0472278
32.80102	-6.0506338
32.811002	-6.0540404
32.820984	-6.0574475
32.830966	-6.0608553
32.840948	-6.0642636
32.85093	-6.0676726
32.860912	-6.0710821
32.870894	-6.0744922
32.880876	-6.0779029
32.890858	-6.0813142
32.90084	-6.0847261
32.910822	-6.0881386
32.920804	-6.0915516
32.930786	-6.0949653
32.940768	-6.0983795
32.95075	-6.1017943
32.960732	-6.1052098
32.970714	-6.1086258
32.980696	-6.1120423
32.990678	-6.1154595
33.00066	-6.1188773
33.010642	-6.1222956
33.020624	-6.1257145
33.030606	-6.129134
33.040588	-6.1325541
33.05057	-6.1359748
33.060552	-6.1393961
33.070534	-6.1428179
33.080516	-6.1462403
33.090498	-6.1496633
33.10048	-6.1530869
33.110462	-6.1565111
33.120444	-6.1599358
33.130426	-6.1633611
33.140408	-6.166787
33.15039	-6.1702135
33.160372	-6.1736406
33.170354	-6.1770682
33.180336	-6.1804965
33.190318	-6.1839253
33.2003	-6.1873546
33.210282	-6.1907846
33.220264	-6.1942151
33.230246	-6.1976462
33.240228	-6.2010779
33.25021	-6.2045102
33.260192	-6.207943
33.270174	-6.2113764
33.280156	-6.2148104
33.290138	-6.2182449
33.30012	-6.2216801
33.310102	-6.2251158
33.320084	-6.228552
33.330066	-6.2319889
33.340048	-6.2354263
33.35003	-6.2388643
33.360012	-6.2423028
33.369994	-6.245742
33.379976	-6.2491817
33.389958	-6.2526219
33.39994	-6.2560628
33.409922	-6.2595042
33.419904	-6.2629462
33.429886	-6.2663887
33.439868	-6.2698318
33.44985	-6.2732755
33.459832	-6.2767197
33.469814	-6.2801646
33.479796	-6.2836099
33.489778	-6.2870559
33.49976	-6.2905024
33.509742	-6.2939495
33.519724	-6.2973971
33.529706	-6.3008453
33.539688	-6.3042941
33.54967	-6.3077434
33.559652	-6.3111933
33.569634	-6.3146438
33.579616	-6.3180948
33.589598	-6.3215464
33.59958	-6.3249985
33.609562	-6.3284512
33.619544	-6.3319045
33.629526	-6.3353583
33.639508	-6.3388127
33.64949	-6.3422677
33.659472	-6.3457232
33.669454	-6.3491792
33.679436	-6.3526358
33.689418	-6.356093
33.6994	-6.3595508
33.709382	-6.3630091
33.719364	-6.3664679
33.729346	-6.3699273
33.739328	-6.3733873
33.74931	-6.3768478
33.759292	-6.3803089
33.769274	-6.3837705
33.779256	-6.3872327
33.789238	-6.3906954
33.79922	-6.3941587
33.809202	-6.3976226
33.819184	-6.401087
33.829166	-6.4045519
33.839148	-6.4080174
33.84913	-6.4114835
33.859112	-6.4149501
33.869094	-6.4184173
33.879076	-6.421885
33.889058	-6.4253532
33.89904	-6.428822
33.909022	-6.4322914
33.919004	-6.4357613
33.928986	-6.4392318
33.938968	-6.4427028
33.94895	-6.4461743
33.958932	-6.4496464
33.968914	-6.4531191
33.978896	-6.4565923
33.988878	-6.460066
33.99886	-6.4635403
34.008842	-6.4670151
34.018824	-6.4704905
34.028806	-6.4739664
34.038788	-6.4774429
34.04877	-6.4809199
34.058752	-6.4843975
34.068734	-6.4878756
34.078716	-6.4913542
34.088698	-6.4948334
34.09868	-6.4983131
34.108662	-6.5017934
34.118644	-6.5052742
34.128626	-6.5087555
34.138608	-6.5122374
34.14859	-6.5157199
34.158572	-6.5192028
34.168554	-6.5226863
34.178536	-6.5261704
34.188518	-6.529655
34.1985	-6.5331401
34.208482	-6.5366258
34.218464	-6.540112
34.228446	-6.5435987
34.238428	-6.547086
34.24841	-6.5505738
34.258392	-6.5540621
34.268374	-6.557551
34.278356	-6.5610404
34.288338	-6.5645304
34.29832	-6.5680209
34.308302	-6.5715119
34.318284	-6.5750035
34.328266	-6.5784956
34.338248	-6.5819882
34.34823	-6.5854813
34.358212	-6.588975
34.368194	-6.5924692
34.378176	-6.595964
34.388158	-6.5994593
34.39814	-6.6029551
34.408122	-6.6064514
34.418104	-6.6099483
34.428086	-6.6134457
34.438068	-6.6169436
34.44805	-6.6204421
34.458032	-6.6239411
34.468014	-6.6274406
34.477996	-6.6309406
34.487978	-6.6344412
34.49796	-6.6379423
34.507942	-6.6414439
34.517924	-6.6449461
34.527906	-6.6484487
34.537888	-6.6519519
34.54787	-6.6554557
34.557852	-6.6589599
34.567834	-6.6624647
34.577816	-6.66597
34.587798	-6.6694758
34.59778	-6.6729822
34.607762	-6.676489
34.617744	-6.6799964
34.627726	-6.6835043
34.637708	-6.6870128
34.64769	-6.6905217
34.657672	-6.6940312
34.667654	-6.6975412
34.677636	-6.7010517
34.687618	-6.7045627
34.6976	-6.7080743
34.707582	-6.7115864
34.717564	-6.715099
34.727546	-6.7186121
34.737528	-6.7221257
34.74751	-6.7256398
34.757491	-6.7291545
34.767473	-6.7326697
34.777455	-6.7361854
34.787437	-6.7397016
34.797419	-6.7432183
34.807401	-6.7467356
34.817383	-6.7502533
34.827365	-6.7537716
34.837347	-6.7572904
34.847329	-6.7608097
34.857311	-6.7643295
34.867293	-6.7678498
34.877275	-6.7713706
34.887257	-6.774892
34.897239	-6.7784139
34.907221	-6.7819362
34.917203	-6.7854591
34.927185	-6.7889825
34.937167	-6.7925064
34.947149	-6.7960308
34.957131	-6.7995557
34.967113	-6.8030812
34.977095	-6.8066071
34.987077	-6.8101336
34.997059	-6.8136605
35.007041	-6.817188
35.017023	-6.820716
35.027005	-6.8242444
35.036987	-6.8277734
35.046969	-6.8313029
35.056951	-6.8348329
35.066933	-6.8383634
35.076915	-6.8418944
35.086897	-6.8454259
35.096879	-6.848958
35.106861	-6.8524905
35.116843	-6.8560235
35.126825	-6.859557
35.136807	-6.8630911
35.146789	-6.8666256
35.156771	-6.8701606
35.166753	-6.8736962
35.176735	-6.8772322
35.186717	-6.8807688
35.196699	-6.8843058
35.206681	-6.8878433
35.216663	-6.8913814
35.226645	-6.8949199
35.236627	-6.898459
35.246609	-6.9019985
35.256591	-6.9055385
35.266573	-6.9090791
35.276555	-6.9126201
35.286537	-6.9161616
35.296519	-6.9197036
35.306501	-6.9232462
35.316483	-6.9267892
35.326465	-6.9303327
35.336447	-6.9338767
35.346429	-6.9374212
35.356411	-6.9409662
35.366393	-6.9445117
35.376375	-6.9480577
35.386357	-6.9516042
35.396339	-6.9551511
35.406321	-6.9586986
35.416303	-6.9622466
35.426285	-6.965795
35.436267	-6.969344
35.446249	-6.9728934
35.456231	-6.9764433
35.466213	-6.9799937
35.476195	-6.9835447
35.486177	-6.987096
35.496159	-6.9906479
35.506141	-6.9942003
35.516123	-6.9977532
35.526105	-7.0013065
35.536087	-7.0048604
35.546069	-7.0084147
35.556051	-7.0119695
35.566033	-7.0155248
35.576015	-7.0190806
35.585997	-7.0226369
35.595979	-7.0261936
35.605961	-7.0297509
35.615943	-7.0333086
35.625925	-7.0368668
35.635907	-7.0404255
35.645889	-7.0439847
35.655871	-7.0475444
35.665853	-7.0511045
35.675835	-7.0546652
35.685817	-7.0582263
35.695799	-7.0617879
35.705781	-7.06535
35.715763	-7.0689125
35.725745	-7.0724756
35.735727	-7.0760391
35.745709	-7.0796031
35.755691	-7.0831676
35.765673	-7.0867326
35.775655	-7.090298
35.785637	-7.0938639
35.795619	-7.0974303
35.805601	-7.1009972
35.815583	-7.1045646
35.825565	-7.1081324
35.835547	-7.1117007
35.845529	-7.1152695
35.855511	-7.1188388
35.865493	-7.1224085
35.875475	-7.1259788
35.885457	-7.1295494
35.895439	-7.1331206
35.905421	-7.1366923
35.915403	-7.1402644
35.925385	-7.143837
35.935367	-7.14741
35.945349	-7.1509836
35.955331	-7.1545576
35.965313	-7.1581321
35.975295	-7.161707
35.985277	-7.1652825
35.995259	-7.1688584
36.005241	-7.1724347
36.015223	-7.1760116
36.025205	-7.1795889
36.035187	-7.1831667
36.045169	-7.1867449
36.055151	-7.1903236
36.065133	-7.1939028
36.075115	-7.1974825
36.085097	-7.2010626
36.095079	-7.2046432
36.105061	-7.2082243
36.115043	-7.2118058
36.125025	-7.2153878
36.135007	-7.2189702
36.144989	-7.2225532
36.154971	-7.2261366
36.164953	-7.2297204
36.174935	-7.2333047
36.184917	-7.2368895
36.194899	-7.2404748
36.204881	-7.2440605
36.214863	-7.2476467
36.224845	-7.2512333
36.234827	-7.2548204
36.244809	-7.258408
36.254791	-7.261996
36.264773	-7.2655845
36.274755	-7.2691735
36.284737	-7.2727629
36.294719	-7.2763528
36.304701	-7.2799431
36.314683	-7.2835339
36.324665	-7.2871252
36.334647	-7.2907169
36.344629	-7.2943091
36.354611	-7.2979017
36.364593	-7.3014948
36.374575	-7.3050883
36.384557	-7.3086823
36.394539	-7.3122768
36.404521	-7.3158717
36.414503	-7.3194671
36.424485	-7.3230629
36.434467	-7.3266592
36.444449	-7.330256
36.454431	-7.3338532
36.464413	-7.3374508
36.474395	-7.3410489
36.484377	-7.3446475
36.494359	-7.3482465
36.504341	-7.351846
36.514323	-7.3554459
36.524305	-7.3590463
36.534287	-7.3626471
36.544269	-7.3662484
36.554251	-7.3698501
36.564233	-7.3734523
36.574215	-7.3770549
36.584197	-7.380658
36.594179	-7.3842615
36.604161	-7.3878655
36.614143	-7.39147
36.624125	-7.3950748
36.634107	-7.3986802
36.644089	-7.402286
36.654071	-7.4058922
36.664053	-7.4094989
36.674035	-7.413106
36.684017	-7.4167135
36.693999	-7.4203216
36.703981	-7.42393
36.713963	-7.4275389
36.723945	-7.4311483
36.733927	-7.4347581
36.743909	-7.4383683
36.753891	-7.441979
36.763873	-7.4455902
36.773855	-7.4492017
36.783837	-7.4528138
36.793819	-7.4564262
36.803801	-7.4600391
36.813783	-7.4636525
36.823765	-7.4672663
36.833747	-7.4708805
36.843729	-7.4744952
36.853711	-7.4781103
36.863693	-7.4817258
36.873675	-7.4853418
36.883657	-7.4889583
36.893639	-7.4925752
36.903621	-7.4961925
36.913603	-7.4998102
36.923585	-7.5034284
36.933567	-7.5070471
36.943549	-7.5106661
36.953531	-7.5142856
36.963513	-7.5179056
36.973495	-7.521526
36.983477	-7.5251468
36.993459	-7.528768
37.003441	-7.5323897
37.013423	-7.5360119
37.023405	-7.5396344
37.033387	-7.5432574
37.043369	-7.5468809
37.053351	-7.5505047
37.063333	-7.554129
37.073315	-7.5577538
37.083297	-7.5613789
37.093279	-7.5650045
37.103261	-7.5686306
37.113243	-7.572257
37.123225	-7.5758839
37.133207	-7.5795112
37.143189	-7.583139
37.153171	-7.5867672
37.163153	-7.5903958
37.173135	-7.5940249
37.183117	-7.5976543
37.193099	-7.6012843
37.203081	-7.6049146
37.213063	-7.6085454
37.223045	-7.6121766
37.233027	-7.6158082
37.243009	-7.6194402
37.252991	-7.6230727
37.262973	-7.6267056
37.272955	-7.6303389
37.282937	-7.6339727
37.292919	-7.6376069
37.302901	-7.6412415
37.312883	-7.6448765
37.322865	-7.648512
37.332847	-7.6521479
37.342829	-7.6557842
37.352811	-7.6594209
37.362793	-7.6630581
37.372775	-7.6666957
37.382757	-7.6703337
37.392739	-7.6739721
37.402721	-7.677611
37.412703	-7.6812502
37.422685	-7.6848899
37.432667	-7.68853
37.442649	-7.6921706
37.452631	-7.6958115
37.462613	-7.6994529
37.472595	-7.7030947
37.482577	-7.7067369
37.492559	-7.7103796
37.502541	-7.7140226
37.512523	-7.7176661
37.522505	-7.72131
37.532486	-7.7249543
37.542468	-7.728599
37.55245	-7.7322442
37.562432	-7.7358897
37.572414	-7.7395357
37.582396	-7.7431821
37.592378	-7.7468289
37.60236	-7.7504761
37.612342	-7.7541238
37.622324	-7.7577718
37.632306	-7.7614203
37.642288	-7.7650692
37.65227	-7.7687185
37.662252	-7.7723682
37.672234	-7.7760183
37.682216	-7.7796689
37.692198	-7.7833198
37.70218	-7.7869712
37.712162	-7.790623
37.722144	-7.7942752
37.732126	-7.7979278
37.742108	-7.8015808
37.75209	-7.8052342
37.762072	-7.808888
37.772054	-7.8125423
37.782036	-7.8161969
37.792018	-7.819852
37.802	-7.8235074
37.811982	-7.8271633
37.821964	-7.8308196
37.831946	-7.8344763
37.841928	-7.8381334
37.85191	-7.8417909
37.861892	-7.8454488
37.871874	-7.8491071
37.881856	-7.8527659
37.891838	-7.856425
37.90182	-7.8600845
37.911802	-7.8637445
37.921784	-7.8674048
37.931766	-7.8710656
37.941748	-7.8747268
37.95173	-7.8783883
37.961712	-7.8820503
37.971694	-7.8857127
37.981676	-7.8893754
37.991658	-7.8930386
38.00164	-7.8967022
38.011622	-7.9003662
38.021604	-7.9040306
38.031586	-7.9076953
38.041568	-7.9113605
38.05155	-7.9150261
38.061532	-7.9186921
38.071514	-7.9223585
38.081496	-7.9260253
38.091478	-7.9296925
38.10146	-7.9333601
38.111442	-7.937028
38.121424	-7.9406964
38.131406	-7.9443652
38.141388	-7.9480344
38.15137	-7.951704
38.161352	-7.9553739
38.171334	-7.9590443
38.181316	-7.9627151
38.191298	-7.9663862
38.20128	-7.9700578
38.211262	-7.9737297
38.221244	-7.9774021
38.231226	-7.9810748
38.241208	-7.984748
38.25119	-7.9884215
38.261172	-7.9920954
38.271154	-7.9957698
38.281136	-7.9994445
38.291118	-8.0031196
38.3011	-8.0067951
38.311082	-8.010471
38.321064	-8.0141473
38.331046	-8.0178239
38.341028	-8.021501
38.35101	-8.0251785
38.360992	-8.0288563
38.370974	-8.0325345
38.380956	-8.0362132
38.390938	-8.0398922
38.40092	-8.0435716
38.410902	-8.0472514
38.420884	-8.0509316
38.430866	-8.0546122
38.440848	-8.0582931
38.45083	-8.0619745
38.460812	-8.0656562
38.470794	-8.0693383
38.480776	-8.0730208
38.490758	-8.0767037
38.50074	-8.080387
38.510722	-8.0840707
38.520704	-8.0877547
38.530686	-8.0914392
38.540668	-8.095124
38.55065	-8.0988092
38.560632	-8.1024948
38.570614	-8.1061808
38.580596	-8.1098672
38.590578	-8.1135539
38.60056	-8.117241
38.610542	-8.1209285
38.620524	-8.1246164
38.630506	-8.1283047
38.640488	-8.1319934
38.65047	-8.1356824
38.660452	-8.1393718
38.670434	-8.1430616
38.680416	-8.1467518
38.690398	-8.1504424
38.70038	-8.1541333
38.710362	-8.1578246
38.720344	-8.1615163
38.730326	-8.1652084
38.740308	-8.1689009
38.75029	-8.1725937
38.760272	-8.1762869
38.770254	-8.1799805
38.780236	-8.1836745
38.790218	-8.1873688
38.8002	-8.1910636
38.810182	-8.1947587
38.820164	-8.1984541
38.830146	-8.20215
38.840128	-8.2058462
38.85011	-8.2095428
38.860092	-8.2132398
38.870074	-8.2169371
38.880056	-8.2206349
38.890038	-8.2243329
38.90002	-8.2280314
38.910002	-8.2317303
38.919984	-8.2354295
38.929966	-8.2391291
38.939948	-8.242829
38.94993	-8.2465294
38.959912	-8.2502301
38.969894	-8.2539312
38.979876	-8.2576326
38.989858	-8.2613344
38.99984	-8.2650366
39.009822	-8.2687392
39.019804	-8.2724421
39.029786	-8.2761454
39.039768	-8.2798491
39.04975	-8.2835531
39.059732	-8.2872575
39.069714	-8.2909623
39.079696	-8.2946674
39.089678	-8.2983729
39.09966	-8.3020788
39.109642	-8.305785
39.119624	-8.3094917
39.129606	-8.3131986
39.139588	-8.316906
39.14957	-8.3206137
39.159552	-8.3243218
39.169534	-8.3280302
39.179516	-8.331739
39.189498	-8.3354482
39.19948	-8.3391577
39.209462	-8.3428676
39.219444	-8.3465779
39.229426	-8.3502885
39.239408	-8.3539995
39.24939	-8.3577108
39.259372	-8.3614225
39.269354	-8.3651346
39.279336	-8.368847
39.289318	-8.3725598
39.2993	-8.376273
39.309282	-8.3799865
39.319264	-8.3837004
39.329246	-8.3874146
39.339228	-8.3911292
39.34921	-8.3948442
39.359192	-8.3985595
39.369174	-8.4022752
39.379156	-8.4059912
39.389138	-8.4097076
39.39912	-8.4134243
39.409102	-8.4171414
39.419084	-8.4208589
39.429066	-8.4245767
39.439048	-8.4282949
39.44903	-8.4320134
39.459012	-8.4357323
39.468994	-8.4394516
39.478976	-8.4431712
39.488958	-8.4468911
39.49894	-8.4506115
39.508922	-8.4543321
39.518904	-8.4580531
39.528886	-8.4617745
39.538868	-8.4654963
39.54885	-8.4692183
39.558832	-8.4729408
39.568814	-8.4766636
39.578796	-8.4803867
39.588778	-8.4841102
39.59876	-8.487834
39.608742	-8.4915582
39.618724	-8.4952828
39.628706	-8.4990077
39.638688	-8.5027329
39.64867	-8.5064585
39.658652	-8.5101845
39.668634	-8.5139108
39.678616	-8.5176375
39.688598	-8.5213645
39.69858	-8.5250918
39.708562	-8.5288195
39.718544	-8.5325475
39.728526	-8.5362759
39.738508	-8.5400047
39.74849	-8.5437338
39.758472	-8.5474632
39.768454	-8.551193
39.778436	-8.5549231
39.788418	-8.5586536
39.7984	-8.5623844
39.808382	-8.5661156
39.818364	-8.5698471
39.828346	-8.573579
39.838328	-8.5773112
39.84831	-8.5810437
39.858292	-8.5847766
39.868274	-8.5885098
39.878256	-8.5922434
39.888238	-8.5959773
39.89822	-8.5997116
39.908202	-8.6034462
39.918184	-8.6071811
39.928166	-8.6109164
39.938148	-8.6146521
39.94813	-8.618388
39.958112	-8.6221244
39.968094	-8.625861
39.978076	-8.629598
39.988058	-8.6333353
39.99804	-8.637073
40.008022	-8.640811
40.018004	-8.6445494
40.027986	-8.6482881
40.037968	-8.6520271
40.04795	-8.6557665
40.057932	-8.6595062
40.067914	-8.6632463
40.077896	-8.6669866
40.087878	-8.6707274
40.09786	-8.6744684
40.107842	-8.6782098
40.117824	-8.6819516
40.127806	-8.6856936
40.137788	-8.689436
40.14777	-8.6931788
40.157752	-8.6969218
40.167734	-8.7006653
40.177716	-8.704409
40.187698	-8.7081531
40.19768	-8.7118975
40.207662	-8.7156422
40.217644	-8.7193873
40.227626	-8.7231327
40.237608	-8.7268785
40.24759	-8.7306246
40.257572	-8.734371
40.267554	-8.7381177
40.277536	-8.7418648
40.287518	-8.7456122
40.297499	-8.7493599
40.307481	-8.753108
40.317463	-8.7568564
40.327445	-8.7606051
40.337427	-8.7643542
40.347409	-8.7681036
40.357391	-8.7718533
40.367373	-8.7756033
40.377355	-8.7793537
40.387337	-8.7831044
40.397319	-8.7868555
40.407301	-8.7906068
40.417283	-8.7943585
40.427265	-8.7981105
40.437247	-8.8018629
40.447229	-8.8056155
40.457211	-8.8093685
40.467193	-8.8131218
40.477175	-8.8168755
40.487157	-8.8206295
40.497139	-8.8243838
40.507121	-8.8281384
40.517103	-8.8318933
40.527085	-8.8356486
40.537067	-8.8394042
40.547049	-8.8431601
40.557031	-8.8469164
40.567013	-8.8506729
40.576995	-8.8544298
40.586977	-8.858187
40.596959	-8.8619446
40.606941	-8.8657024
40.616923	-8.8694606
40.626905	-8.8732191
40.636887	-8.8769779
40.646869	-8.8807371
40.656851	-8.8844965
40.666833	-8.8882563
40.676815	-8.8920164
40.686797	-8.8957768
40.696779	-8.8995376
40.706761	-8.9032986
40.716743	-8.90706
40.726725	-8.9108217
40.736707	-8.9145837
40.746689	-8.9183461
40.756671	-8.9221087
40.766653	-8.9258717
40.776635	-8.929635
40.786617	-8.9333986
40.796599	-8.9371625
40.806581	-8.9409268
40.816563	-8.9446913
40.826545	-8.9484562
40.836527	-8.9522214
40.846509	-8.9559869
40.856491	-8.9597527
40.866473	-8.9635188
40.876455	-8.9672853
40.886437	-8.971052
40.896419	-8.9748191
40.906401	-8.9785865
40.916383	-8.9823542
40.926365	-8.9861222
40.936347	-8.9898905
40.946329	-8.9936592
40.956311	-8.9974281
40.966293	-9.0011974
40.976275	-9.004967
40.986257	-9.0087368
40.996239	-9.012507
41.006221	-9.0162775
41.016203	-9.0200484
41.026185	-9.0238195
41.036167	-9.0275909
41.046149	-9.0313627
41.056131	-9.0351347
41.066113	-9.0389071
41.076095	-9.0426798
41.086077	-9.0464528
41.096059	-9.050226
41.106041	-9.0539996
41.116023	-9.0577735
41.126005	-9.0615478
41.135987	-9.0653223
41.145969	-9.0690971
41.155951	-9.0728722
41.165933	-9.0766477
41.175915	-9.0804234
41.185897	-9.0841995
41.195879	-9.0879758
41.205861	-9.0917525
41.215843	-9.0955295
41.225825	-9.0993067
41.235807	-9.1030843
41.245789	-9.1068622
41.255771	-9.1106404
41.265753	-9.1144189
41.275735	-9.1181977
41.285717	-9.1219768
41.295699	-9.1257561
41.305681	-9.1295358
41.315663	-9.1333158
41.325645	-9.1370961
41.335627	-9.1408768
41.345609	-9.1446577
41.355591	-9.1484389
41.365573	-9.1522204
41.375555	-9.1560022
41.385537	-9.1597843
41.395519	-9.1635667
41.405501	-9.1673494
41.415483	-9.1711324
41.425465	-9.1749157
41.435447	-9.1786993
41.445429	-9.1824832
41.455411	-9.1862674
41.465393	-9.1900519
41.475375	-9.1938367
41.485357	-9.1976218
41.495339	-9.2014072
41.505321	-9.2051929
41.515303	-9.2089789
41.525285	-9.2127651
41.535267	-9.2165517
41.545249	-9.2203386
41.555231	-9.2241258
41.565213	-9.2279132
41.575195	-9.231701
41.585177	-9.235489
41.595159	-9.2392774
41.605141	-9.243066
41.615123	-9.2468549
41.625105	-9.2506442
41.635087	-9.2544337
41.645069	-9.2582235
41.655051	-9.2620136
41.665033	-9.265804
41.675015	-9.2695947
41.684997	-9.2733857
41.694979	-9.277177
41.704961	-9.2809685
41.714943	-9.2847604
41.724925	-9.2885525
41.734907	-9.292345
41.744889	-9.2961377
41.754871	-9.2999307
41.764853	-9.303724
41.774835	-9.3075176
41.784817	-9.3113115
41.794799	-9.3151057
41.804781	-9.3189002
41.814763	-9.3226949
41.824745	-9.3264899
41.834727	-9.3302853
41.844709	-9.3340809
41.854691	-9.3378768
41.864673	-9.341673
41.874655	-9.3454695
41.884637	-9.3492662
41.894619	-9.3530633
41.904601	-9.3568606
41.914583	-9.3606582
41.924565	-9.3644561
41.934547	-9.3682543
41.944529	-9.3720528
41.954511	-9.3758516
41.964493	-9.3796506
41.974475	-9.38345
41.984457	-9.3872496
41.994439	-9.3910495
42.004421	-9.3948497
42.014403	-9.3986501
42.024385	-9.4024509
42.034367	-9.4062519
42.044349	-9.4100532
42.054331	-9.4138548
42.064313	-9.4176567
42.074295	-9.4214588
42.084277	-9.4252613
42.094259	-9.429064
42.104241	-9.432867
42.114223	-9.4366703
42.124205	-9.4404738
42.134187	-9.4442777
42.144169	-9.4480818
42.154151	-9.4518862
42.164133	-9.4556909
42.174115	-9.4594958
42.184097	-9.4633011
42.194079	-9.4671066
42.204061	-9.4709124
42.214043	-9.4747184
42.224025	-9.4785248
42.234007	-9.4823314
42.243989	-9.4861383
42.253971	-9.4899455
42.263953	-9.4937529
42.273935	-9.4975607
42.283917	-9.5013687
42.293899	-9.5051769
42.303881	-9.5089855
42.313863	-9.5127943
42.323845	-9.5166034
42.333827	-9.5204128
42.343809	-9.5242225
42.353791	-9.5280324
42.363773	-9.5318426
42.373755	-9.5356531
42.383737	-9.5394638
42.393719	-9.5432749
42.403701	-9.5470861
42.413683	-9.5508977
42.423665	-9.5547096
42.433647	-9.5585217
42.443629	-9.562334
42.453611	-9.5661467
42.463593	-9.5699596
42.473575	-9.5737728
42.483557	-9.5775863
42.493539	-9.5814
42.503521	-9.585214
42.513503	-9.5890283
42.523485	-9.5928429
42.533467	-9.5966577
42.543449	-9.6004728
42.553431	-9.6042881
42.563413	-9.6081037
42.573395	-9.6119196
42.583377	-9.6157358
42.593359	-9.6195522
42.603341	-9.6233689
42.613323	-9.6271859
42.623305	-9.6310031
42.633287	-9.6348206
42.643269	-9.6386384
42.653251	-9.6424564
42.663233	-9.6462747
42.673215	-9.6500932
42.683197	-9.6539121
42.693179	-9.6577312
42.703161	-9.6615505
42.713143	-9.6653701
42.723125	-9.66919
42.733107	-9.6730102
42.743089	-9.6768306
42.753071	-9.6806513
42.763053	-9.6844722
42.773035	-9.6882934
42.783017	-9.6921149
42.792999	-9.6959366
42.802981	-9.6997586
42.812963	-9.7035808
42.822945	-9.7074034
42.832927	-9.7112261
42.842909	-9.7150492
42.852891	-9.7188725
42.862873	-9.722696
42.872855	-9.7265198
42.882837	-9.7303439
42.892819	-9.7341683
42.902801	-9.7379929
42.912783	-9.7418177
42.922765	-9.7456428
42.932747	-9.7494682
42.942729	-9.7532939
42.952711	-9.7571198
42.962693	-9.7609459
42.972675	-9.7647723
42.982657	-9.768599
42.992639	-9.7724259
43.002621	-9.7762531
43.012603	-9.7800805
43.022585	-9.7839082
43.032567	-9.7877362
43.042549	-9.7915644
43.052531	-9.7953929
43.062513	-9.7992216
43.072494	-9.8030506
43.082476	-9.8068798
43.092458	-9.8107093
43.10244	-9.814539
43.112422	-9.818369
43.122404	-9.8221993
43.132386	-9.8260298
43.142368	-9.8298605
43.15235	-9.8336916
43.162332	-9.8375228
43.172314	-9.8413543
43.182296	-9.8451861
43.192278	-9.8490181
43.20226	-9.8528504
43.212242	-9.8566829
43.222224	-9.8605157
43.232206	-9.8643488
43.242188	-9.868182
43.25217	-9.8720156
43.262152	-9.8758494
43.272134	-9.8796834
43.282116	-9.8835177
43.292098	-9.8873522
43.30208	-9.891187
43.312062	-9.895022
43.322044	-9.8988573
43.332026	-9.9026928
43.342008	-9.9065286
43.35199	-9.9103647
43.361972	-9.9142009
43.371954	-9.9180375
43.381936	-9.9218742
43.391918	-9.9257112
43.4019	-9.9295485
43.411882	-9.933386
43.421864	-9.9372238
43.431846	-9.9410618
43.441828	-9.9449001
43.45181	-9.9487386
43.461792	-9.9525773
43.471774	-9.9564163
43.481756	-9.9602555
43.491738	-9.964095
43.50172	-9.9679347
43.511702	-9.9717747
43.521684	-9.9756149
43.531666	-9.9794554
43.541648	-9.9832961
43.55163	-9.987137
43.561612	-9.9909782
43.571594	-9.9948197
43.581576	-9.9986613
43.591558	-10.002503
43.60154	-10.006345
43.611522	-10.010188
43.621504	-10.01403
43.631486	-10.017873
43.641468	-10.021716
43.65145	-10.02556
43.661432	-10.029403
43.671414	-10.033247
43.681396	-10.037091
43.691378	-10.040936
43.70136	-10.04478
43.711342	-10.048625
43.721324	-10.05247
43.731306	-10.056315
43.741288	-10.060161
43.75127	-10.064007
43.761252	-10.067853
43.771234	-10.071699
43.781216	-10.075545
43.791198	-10.079392
43.80118	-10.083239
43.811162	-10.087086
43.821144	-10.090934
43.831126	-10.094781
43.841108	-10.098629
43.85109	-10.102477
43.861072	-10.106326
43.871054	-10.110174
43.881036	-10.114023
43.891018	-10.117872
43.901	-10.121722
43.910982	-10.125571
43.920964	-10.129421
43.930946	-10.133271
43.940928	-10.137121
43.95091	-10.140972
43.960892	-10.144822
43.970874	-10.148673
43.980856	-10.152525
43.990838	-10.156376
44.00082	-10.160228
44.010802	-10.16408
44.020784	-10.167932
44.030766	-10.171784
44.040748	-10.175637
44.05073	-10.179489
44.060712	-10.183342
44.070694	-10.187196
44.080676	-10.191049
44.090658	-10.194903
44.10064	-10.198757
44.110622	-10.202611
44.120604	-10.206466
44.130586	-10.21032
44.140568	-10.214175
44.15055	-10.21803
44.160532	-10.221886
44.170514	-10.225741
44.180496	-10.229597
44.190478	-10.233453
44.20046	-10.237309
44.210442	-10.241166
44.220424	-10.245022
44.230406	-10.248879
44.240388	-10.252736
44.25037	-10.256594
44.260352	-10.260451
44.270334	-10.264309
44.280316	-10.268167
44.290298	-10.272026
44.30028	-10.275884
44.310262	-10.279743
44.320244	-10.283602
44.330226	-10.287461
44.340208	-10.291321
44.35019	-10.29518
44.360172	-10.29904
44.370154	-10.3029
44.380136	-10.30676
44.390118	-10.310621
44.4001	-10.314482
44.410082	-10.318343
44.420064	-10.322204
44.430046	-10.326065
44.440028	-10.329927
44.45001	-10.333789
44.459992	-10.337651
44.469974	-10.341513
44.479956	-10.345376
44.489938	-10.349239
44.49992	-10.353102
44.509902	-10.356965
44.519884	-10.360828
44.529866	-10.364692
44.539848	-10.368556
44.54983	-10.37242
44.559812	-10.376284
44.569794	-10.380149
44.579776	-10.384013
44.589758	-10.387878
44.59974	-10.391743
44.609722	-10.395609
44.619704	-10.399474
44.629686	-10.40334
44.639668	-10.407206
44.64965	-10.411072
44.659632	-10.414939
44.669614	-10.418806
44.679596	-10.422673
44.689578	-10.42654
44.69956	-10.430407
44.709542	-10.434275
44.719524	-10.438142
44.729506	-10.44201
44.739488	-10.445879
44.74947	-10.449747
44.759452	-10.453616
44.769434	-10.457484
44.779416	-10.461354
44.789398	-10.465223
44.79938	-10.469092
44.809362	-10.472962
44.819344	-10.476832
44.829326	-10.480702
44.839308	-10.484572
44.84929	-10.488443
44.859272	-10.492314
44.869254	-10.496185
44.879236	-10.500056
44.889218	-10.503927
44.8992	-10.507799
44.909182	-10.511671
44.919164	-10.515543
44.929146	-10.519415
44.939128	-10.523287
44.94911	-10.52716
44.959092	-10.531033
44.969074	-10.534906
44.979056	-10.538779
44.989038	-10.542653
44.99902	-10.546527
45.009002	-10.5504
45.018984	-10.554275
45.028966	-10.558149
45.038948	-10.562023
45.04893	-10.565898
45.058912	-10.569773
45.068894	-10.573648
45.078876	-10.577524
45.088858	-10.581399
45.09884	-10.585275
45.108822	-10.589151
45.118804	-10.593027
45.128786	-10.596904
45.138768	-10.60078
45.14875	-10.604657
45.158732	-10.608534
45.168714	-10.612411
45.178696	-10.616289
45.188678	-10.620167
45.19866	-10.624044
45.208642	-10.627922
45.218624	-10.631801
45.228606	-10.635679
45.238588	-10.639558
45.24857	-10.643437
45.258552	-10.647316
45.268534	-10.651195
45.278516	-10.655074
45.288498	-10.658954
45.29848	-10.662834
45.308462	-10.666714
45.318444	-10.670594
45.328426	-10.674475
45.338408	-10.678356
45.34839	-10.682236
45.358372	-10.686118
45.368354	-10.689999
45.378336	-10.69388
45.388318	-10.697762
45.3983	-10.701644
45.408282	-10.705526
45.418264	-10.709408
45.428246	-10.713291
45.438228	-10.717173
45.44821	-10.721056
45.458192	-10.724939
45.468174	-10.728823
45.478156	-10.732706
45.488138	-10.73659
45.49812	-10.740474
45.508102	-10.744358
45.518084	-10.748242
45.528066	-10.752127
45.538048	-10.756011
45.54803	-10.759896
45.558012	-10.763781
45.567994	-10.767666
45.577976	-10.771552
45.587958	-10.775438
45.59794	-10.779323
45.607922	-10.783209
45.617904	-10.787096
45.627886	-10.790982
45.637868	-10.794869
45.64785	-10.798756
45.657832	-10.802643
45.667814	-10.80653
45.677796	-10.810417
45.687778	-10.814305
45.69776	-10.818193
45.707742	-10.822081
45.717724	-10.825969
45.727706	-10.829857
45.737688	-10.833746
45.74767	-10.837634
45.757652	-10.841523
45.767634	-10.845412
45.777616	-10.849302
45.787598	-10.853191
45.79758	-10.857081
45.807562	-10.860971
45.817544	-10.864861
45.827526	-10.868751
45.837508	-10.872642
45.847489	-10.876532
45.857471	-10.880423
45.867453	-10.884314
45.877435	-10.888206
45.887417	-10.892097
45.897399	-10.895989
45.907381	-10.89988
45.917363	-10.903772
45.927345	-10.907665
45.937327	-10.911557
45.947309	-10.915449
45.957291	-10.919342
45.967273	-10.923235
45.977255	-10.927128
45.987237	-10.931022
45.997219	-10.934915
46.007201	-10.938809
46.017183	-10.942703
46.027165	-10.946597
46.037147	-10.950491
46.047129	-10.954385
46.057111	-10.95828
46.067093	-10.962175
46.077075	-10.96607
46.087057	-10.969965
46.097039	-10.97386
46.107021	-10.977756
46.117003	-10.981651
46.126985	-10.985547
46.136967	-10.989443
46.146949	-10.99334
46.156931	-10.997236
46.166913	-11.001133
46.176895	-11.005029
46.186877	-11.008926
46.196859	-11.012824
46.206841	-11.016721
46.216823	-11.020619
46.226805	-11.024516
46.236787	-11.028414
46.246769	-11.032312
46.256751	-11.036211
46.266733	-11.040109
46.276715	-11.044008
46.286697	-11.047906
46.296679	-11.051805
46.306661	-11.055705
46.316643	-11.059604
46.326625	-11.063503
46.336607	-11.067403
46.346589	-11.071303
46.356571	-11.075203
46.366553	-11.079103
46.376535	-11.083004
46.386517	-11.086904
46.396499	-11.090805
46.406481	-11.094706
46.416463	-11.098607
46.426445	-11.102509
46.436427	-11.10641
46.446409	-11.110312
46.456391	-11.114214
46.466373	-11.118116
46.476355	-11.122018
46.486337	-11.12592
46.496319	-11.129823
46.506301	-11.133725
46.516283	-11.137628
46.526265	-11.141531
46.536247	-11.145435
46.546229	-11.149338
46.556211	-11.153242
46.566193	-11.157145
46.576175	-11.161049
46.586157	-11.164953
46.596139	-11.168858
46.606121	-11.172762
46.616103	-11.176667
46.626085	-11.180572
46.636067	-11.184477
46.646049	-11.188382
46.656031	-11.192287
46.666013	-11.196193
46.675995	-11.200098
46.685977	-11.204004
46.695959	-11.20791
46.705941	-11.211816
46.715923	-11.215723
46.725905	-11.219629
46.735887	-11.223536
46.745869	-11.227443
46.755851	-11.23135
46.765833	-11.235257
46.775815	-11.239165
46.785797	-11.243072
46.795779	-11.24698
46.805761	-11.250888
46.815743	-11.254796
46.825725	-11.258704
46.835707	-11.262613
46.845689	-11.266521
46.855671	-11.27043
46.865653	-11.274339
46.875635	-11.278248
46.885617	-11.282157
46.895599	-11.286067
46.905581	-11.289976
46.915563	-11.293886
46.925545	-11.297796
46.935527	-11.301706
46.945509	-11.305616
46.955491	-11.309526
46.965473	-11.313437
46.975455	-11.317348
46.985437	-11.321259
46.995419	-11.32517
47.005401	-11.329081
47.015383	-11.332992
47.025365	-11.336904
47.035347	-11.340816
47.045329	-11.344728
47.055311	-11.34864
47.065293	-11.352552
47.075275	-11.356464
47.085257	-11.360377
47.095239	-11.36429
47.105221	-11.368203
47.115203	-11.372116
47.125185	-11.376029
47.135167	-11.379942
47.145149	-11.383856
47.155131	-11.387769
47.165113	-11.391683
47.175095	-11.395597
47.185077	-11.399511
47.195059	-11.403426
47.205041	-11.40734
47.215023	-11.411255
47.225005	-11.41517
47.234987	-11.419085
47.244969	-11.423
47.254951	-11.426915
47.264933	-11.430831
47.274915	-11.434746
47.284897	-11.438662
47.294879	-11.442578
47.304861	-11.446494
47.314843	-11.45041
47.324825	-11.454327
47.334807	-11.458243
47.344789	-11.46216
47.354771	-11.466077
47.364753	-11.469994
47.374735	-11.473911
47.384717	-11.477829
47.394699	-11.481746
47.404681	-11.485664
47.414663	-11.489582
47.424645	-11.4935
47.434627	-11.497418
47.444609	-11.501336
47.454591	-11.505255
47.464573	-11.509173
47.474555	-11.513092
47.484537	-11.517011
47.494519	-11.52093
47.504501	-11.524849
47.514483	-11.528769
47.524465	-11.532688
47.534447	-11.536608
47.544429	-11.540528
47.554411	-11.544448
47.564393	-11.548368
47.574375	-11.552288
47.584357	-11.556209
47.594339	-11.560129
47.604321	-11.56405
47.614303	-11.567971
47.624285	-11.571892
47.634267	-11.575814
47.644249	-11.579735
47.654231	-11.583656
47.664213	-11.587578
47.674195	-11.5915
47.684177	-11.595422
47.694159	-11.599344
47.704141	-11.603266
47.714123	-11.607189
47.724105	-11.611111
47.734087	-11.615034
47.744069	-11.618957
47.754051	-11.62288
47.764033	-11.626803
47.774015	-11.630727
47.783997	-11.63465
47.793979	-11.638574
47.803961	-11.642498
47.813943	-11.646422
47.823925	-11.650346
47.833907	-11.65427
47.843889	-11.658194
47.853871	-11.662119
47.863853	-11.666044
47.873835	-11.669968
47.883817	-11.673893
47.893799	-11.677818
47.903781	-11.681744
47.913763	-11.685669
47.923745	-11.689595
47.933727	-11.69352
47.943709	-11.697446
47.953691	-11.701372
47.963673	-11.705298
47.973655	-11.709225
47.983637	-11.713151
47.993619	-11.717078
48.003601	-11.721005
48.013583	-11.724931
48.023565	-11.728858
48.033547	-11.732786
48.043529	-11.736713
48.053511	-11.74064
48.063493	-11.744568
48.073475	-11.748496
48.083457	-11.752424
48.093439	-11.756352
48.103421	-11.76028
48.113403	-11.764208
48.123385	-11.768137
48.133367	-11.772065
48.143349	-11.775994
48.153331	-11.779923
48.163313	-11.783852
48.173295	-11.787781
48.183277	-11.79171
48.193259	-11.79564
48.203241	-11.799569
48.213223	-11.803499
48.223205	-11.807429
48.233187	-11.811359
48.243169	-11.815289
48.253151	-11.819219
48.263133	-11.82315
48.273115	-11.82708
48.283097	-11.831011
48.293079	-11.834942
48.303061	-11.838873
48.313043	-11.842804
48.323025	-11.846735
48.333007	-11.850667
48.342989	-11.854598
48.352971	-11.85853
48.362953	-11.862462
48.372935	-11.866394
48.382917	-11.870326
48.392899	-11.874258
48.402881	-11.87819
48.412863	-11.882123
48.422845	-11.886055
48.432827	-11.889988
48.442809	-11.893921
48.452791	-11.897854
48.462773	-11.901787
48.472755	-11.905721
48.482737	-11.909654
48.492719	-11.913588
48.502701	-11.917521
48.512683	-11.921455
48.522665	-11.925389
48.532647	-11.929323
48.542629	-11.933258
48.552611	-11.937192
48.562593	-11.941126
48.572575	-11.945061
48.582557	-11.948996
48.592539	-11.952931
48.602521	-11.956866
48.612503	-11.960801
48.622484	-11.964736
48.632466	-11.968672
48.642448	-11.972607
48.65243	-11.976543
48.662412	-11.980479
48.672394	-11.984415
48.682376	-11.988351
48.692358	-11.992287
48.70234	-11.996224
48.712322	-12.00016
48.722304	-12.004097
48.732286	-12.008034
48.742268	-12.011971
48.75225	-12.015908
48.762232	-12.019845
48.772214	-12.023782
48.782196	-12.027719
48.792178	-12.031657
48.80216	-12.035595
48.812142	-12.039533
48.822124	-12.04347
48.832106	-12.047409
48.842088	-12.051347
48.85207	-12.055285
48.862052	-12.059223
48.872034	-12.063162
48.882016	-12.067101
48.891998	-12.07104
48.90198	-12.074979
48.911962	-12.078918
48.921944	-12.082857
48.931926	-12.086796
48.941908	-12.090736
48.95189	-12.094675
48.961872	-12.098615
48.971854	-12.102555
48.981836	-12.106495
48.991818	-12.110435
49.0018	-12.114375
49.011782	-12.118315
49.021764	-12.122256
49.031746	-12.126196
49.041728	-12.130137
49.05171	-12.134078
49.061692	-12.138019
49.071674	-12.14196
49.081656	-12.145901
49.091638	-12.149843
49.10162	-12.153784
49.111602	-12.157726
49.121584	-12.161667
49.131566	-12.165609
49.141548	-12.169551
49.15153	-12.173493
49.161512	-12.177435
49.171494	-12.181378
49.181476	-12.18532
49.191458	-12.189263
49.20144	-12.193205
49.211422	-12.197148
49.221404	-12.201091
49.231386	-12.205034
49.241368	-12.208977
49.25135	-12.212921
49.261332	-12.216864
49.271314	-12.220808
49.281296	-12.224751
49.291278	-12.228695
49.30126	-12.232639
49.311242	-12.236583
49.321224	-12.240527
49.331206	-12.244471
49.341188	-12.248416
49.35117	-12.25236
49.361152	-12.256305
49.371134	-12.260249
49.381116	-12.264194
49.391098	-12.268139
49.40108	-12.272084
49.411062	-12.276029
49.421044	-12.279975
49.431026	-12.28392
49.441008	-12.287866
49.45099	-12.291811
49.460972	-12.295757
49.470954	-12.299703
49.480936	-12.303649
49.490918	-12.307595
49.5009	-12.311541
49.510882	-12.315488
49.520864	-12.319434
49.530846	-12.323381
49.540828	-12.327327
49.55081	-12.331274
49.560792	-12.335221
49.570774	-12.339168
49.580756	-12.343115
49.590738	-12.347063
49.60072	-12.35101
49.610702	-12.354957
49.620684	-12.358905
49.630666	-12.362853
49.640648	-12.366801
49.65063	-12.370749
49.660612	-12.374697
49.670594	-12.378645
49.680576	-12.382593
49.690558	-12.386541
49.70054	-12.39049
49.710522	-12.394439
49.720504	-12.398387
49.730486	-12.402336
49.740468	-12.406285
49.75045	-12.410234
49.760432	-12.414183
49.770414	-12.418133
49.780396	-12.422082
49.790378	-12.426032
49.80036	-12.429981
49.810342	-12.433931
49.820324	-12.437881
49.830306	-12.441831
49.840288	-12.445781
49.85027	-12.449731
49.860252	-12.453681
49.870234	-12.457632
49.880216	-12.461582
49.890198	-12.465533
49.90018	-12.469483
49.910162	-12.473434
49.920144	-12.477385
49.930126	-12.481336
49.940108	-12.485287
49.95009	-12.489238
49.960072	-12.49319
49.970054	-12.497141
49.980036	-12.501093
49.990018	-12.505045
50	-12.508996
