Freq_GHz	Norm_dB
0.1	-3.252683e-05
0.109982	-5.4792667e-05
0.11996399	-7.9175436e-05
0.12994599	-0.00010567514
0.13992799	-0.00013429178
0.14990998	-0.00016502536
0.15989198	-0.00019787589
0.16987397	-0.00023284337
0.17985597	-0.0002699278
0.18983797	-0.00030912919
0.19981996	-0.00035044755
0.20980196	-0.00039388287
0.21978396	-0.00043943517
0.22976595	-0.00048710445
0.23974795	-0.00053689072
0.24972995	-0.00058879398
0.25971194	-0.00064281424
0.26969394	-0.00069895151
0.27967594	-0.00075720579
0.28965793	-0.0008175771
0.29963993	-0.00088006543
0.30962192	-0.00094467081
0.31960392	-0.0010113932
0.32958592	-0.0010802327
0.33956791	-0.0011511892
0.34954991	-0.0012242628
0.35953191	-0.0012994535
0.3695139	-0.0013767613
0.3794959	-0.0014561862
0.3894779	-0.0015377282
0.39945989	-0.0016213873
0.40944189	-0.0017071636
0.41942388	-0.001795057
0.42940588	-0.0018850675
0.43938788	-0.0019771953
0.44936987	-0.0020714402
0.45935187	-0.0021678023
0.46933387	-0.0022662816
0.47931586	-0.0023668781
0.48929786	-0.0024695918
0.49927986	-0.0025744228
0.50926185	-0.002681371
0.51924385	-0.0027904365
0.52922585	-0.0029016193
0.53920784	-0.0030149194
0.54918984	-0.0031303368
0.55917183	-0.0032478716
0.56915383	-0.0033675237
0.57913583	-0.0034892931
0.58911782	-0.0036131799
0.59909982	-0.0037391841
0.60908182	-0.0038673057
0.61906381	-0.0039975447
0.62904581	-0.0041299012
0.63902781	-0.0042643751
0.6490098	-0.0044009665
0.6589918	-0.0045396754
0.66897379	-0.0046805018
0.67895579	-0.0048234457
0.68893779	-0.0049685071
0.69891978	-0.0051156862
0.70890178	-0.0052649828
0.71888378	-0.005416397
0.72886577	-0.0055699288
0.73884777	-0.0057255782
0.74882977	-0.0058833454
0.75881176	-0.0060432302
0.76879376	-0.0062052327
0.77877576	-0.0063693529
0.78875775	-0.0065355909
0.79873975	-0.0067039466
0.80872174	-0.0068744201
0.81870374	-0.0070470114
0.82868574	-0.0072217206
0.83866773	-0.0073985475
0.84864973	-0.0075774924
0.85863173	-0.0077585552
0.86861372	-0.0079417358
0.87859572	-0.0081270345
0.88857772	-0.008314451
0.89855971	-0.0085039856
0.90854171	-0.0086956382
0.9185237	-0.0088894088
0.9285057	-0.0090852975
0.9384877	-0.0092833043
0.94846969	-0.0094834291
0.95845169	-0.0096856722
0.96843369	-0.0098900333
0.97841568	-0.010096513
0.98839768	-0.01030511
0.99837968	-0.010515826
1.0083617	-0.01072866
1.0183437	-0.010943613
1.0283257	-0.011160683
1.0383077	-0.011379872
1.0482897	-0.01160118
1.0582717	-0.011824606
1.0682537	-0.01205015
1.0782356	-0.012277812
1.0882176	-0.012507594
1.0981996	-0.012739493
1.1081816	-0.012973512
1.1181636	-0.013209648
1.1281456	-0.013447904
1.1381276	-0.013688278
1.1481096	-0.013930771
1.1580916	-0.014175382
1.1680736	-0.014422112
1.1780556	-0.014670961
1.1880376	-0.014921929
1.1980196	-0.015175015
1.2080016	-0.015430221
1.2179836	-0.015687545
1.2279656	-0.015946988
1.2379476	-0.01620855
1.2479296	-0.016472231
1.2579116	-0.016738031
1.2678936	-0.017005951
1.2778756	-0.017275989
1.2878576	-0.017548146
1.2978396	-0.017822423
1.3078216	-0.018098818
1.3178036	-0.018377333
1.3277856	-0.018657967
1.3377676	-0.01894072
1.3477495	-0.019225593
1.3577315	-0.019512585
1.3677135	-0.019801697
1.3776955	-0.020092927
1.3876775	-0.020386278
1.3976595	-0.020681748
1.4076415	-0.020979337
1.4176235	-0.021279046
1.4276055	-0.021580874
1.4375875	-0.021884822
1.4475695	-0.02219089
1.4575515	-0.022499078
1.4675335	-0.022809385
1.4775155	-0.023121812
1.4874975	-0.023436359
1.4974795	-0.023753026
1.5074615	-0.024071812
1.5174435	-0.024392719
1.5274255	-0.024715746
1.5374075	-0.025040892
1.5473895	-0.025368159
1.5573715	-0.025697546
1.5673535	-0.026029052
1.5773355	-0.02636268
1.5873175	-0.026698427
1.5972995	-0.027036294
1.6072815	-0.027376282
1.6172635	-0.027718391
1.6272454	-0.028062619
1.6372274	-0.028408968
1.6472094	-0.028757438
1.6571914	-0.029108028
1.6671734	-0.029460738
1.6771554	-0.029815569
1.6871374	-0.030172521
1.6971194	-0.030531593
1.7071014	-0.030892787
1.7170834	-0.031256101
1.7270654	-0.031621535
1.7370474	-0.031989091
1.7470294	-0.032358767
1.7570114	-0.032730565
1.7669934	-0.033104483
1.7769754	-0.033480523
1.7869574	-0.033858683
1.7969394	-0.034238965
1.8069214	-0.034621368
1.8169034	-0.035005892
1.8268854	-0.035392537
1.8368674	-0.035781303
1.8468494	-0.036172191
1.8568314	-0.0365652
1.8668134	-0.036960331
1.8767954	-0.037357583
1.8867774	-0.037756957
1.8967594	-0.038158452
1.9067413	-0.038562069
1.9167233	-0.038967808
1.9267053	-0.039375668
1.9366873	-0.03978565
1.9466693	-0.040197754
1.9566513	-0.04061198
1.9666333	-0.041028327
1.9766153	-0.041446797
1.9865973	-0.041867388
1.9965793	-0.042290102
2.0065613	-0.042714938
2.0165433	-0.043141896
2.0265253	-0.043570976
2.0365073	-0.044002178
2.0464893	-0.044435503
2.0564713	-0.04487095
2.0664533	-0.045308519
2.0764353	-0.045748211
2.0864173	-0.046190025
2.0963993	-0.046633962
2.1063813	-0.047080022
2.1163633	-0.047528204
2.1263453	-0.047978509
2.1363273	-0.048430936
2.1463093	-0.048885487
2.1562913	-0.04934216
2.1662733	-0.049800956
2.1762553	-0.050261875
2.1862372	-0.050724918
2.1962192	-0.051190083
2.2062012	-0.051657371
2.2161832	-0.052126783
2.2261652	-0.052598317
2.2361472	-0.053071975
2.2461292	-0.053547757
2.2561112	-0.054025661
2.2660932	-0.054505689
2.2760752	-0.054987841
2.2860572	-0.055472116
2.2960392	-0.055958515
2.3060212	-0.056447038
2.3160032	-0.056937684
2.3259852	-0.057430454
2.3359672	-0.057925347
2.3459492	-0.058422365
2.3559312	-0.058921506
2.3659132	-0.059422772
2.3758952	-0.059926161
2.3858772	-0.060431675
2.3958592	-0.060939313
2.4058412	-0.061449075
2.4158232	-0.061960961
2.4258052	-0.062474971
2.4357872	-0.062991106
2.4457692	-0.063509366
2.4557512	-0.064029749
2.4657331	-0.064552258
2.4757151	-0.065076891
2.4856971	-0.065603648
2.4956791	-0.066132531
2.5056611	-0.066663538
2.5156431	-0.06719667
2.5256251	-0.067731926
2.5356071	-0.068269308
2.5455891	-0.068808815
2.5555711	-0.069350447
2.5655531	-0.069894204
2.5755351	-0.070440086
2.5855171	-0.070988093
2.5954991	-0.071538225
2.6054811	-0.072090483
2.6154631	-0.072644867
2.6254451	-0.073201375
2.6354271	-0.07376001
2.6454091	-0.07432077
2.6553911	-0.074883655
2.6653731	-0.075448666
2.6753551	-0.076015803
2.6853371	-0.076585066
2.6953191	-0.077156455
2.7053011	-0.07772997
2.7152831	-0.07830561
2.7252651	-0.078883377
2.735247	-0.07946327
2.745229	-0.080045289
2.755211	-0.080629434
2.765193	-0.081215705
2.775175	-0.081804103
2.785157	-0.082394627
2.795139	-0.082987278
2.805121	-0.083582056
2.815103	-0.084178959
2.825085	-0.08477799
2.835067	-0.085379147
2.845049	-0.085982431
2.855031	-0.086587842
2.865013	-0.08719538
2.874995	-0.087805045
2.884977	-0.088416837
2.894959	-0.089030756
2.904941	-0.089646802
2.914923	-0.090264975
2.924905	-0.090885276
2.934887	-0.091507704
2.944869	-0.092132259
2.954851	-0.092758942
2.964833	-0.093387752
2.974815	-0.09401869
2.984797	-0.094651756
2.994779	-0.095286949
3.004761	-0.09592427
3.0147429	-0.096563719
3.0247249	-0.097205296
3.0347069	-0.097849001
3.0446889	-0.098494834
3.0546709	-0.099142795
3.0646529	-0.099792884
3.0746349	-0.1004451
3.0846169	-0.10109945
3.0945989	-0.10175592
3.1045809	-0.10241452
3.1145629	-0.10307525
3.1245449	-0.10373811
3.1345269	-0.1044031
3.1445089	-0.10507022
3.1544909	-0.10573946
3.1644729	-0.10641084
3.1744549	-0.10708434
3.1844369	-0.10775997
3.1944189	-0.10843773
3.2044009	-0.10911762
3.2143829	-0.10979964
3.2243649	-0.11048379
3.2343469	-0.11117007
3.2443289	-0.11185848
3.2543109	-0.11254901
3.2642929	-0.11324168
3.2742749	-0.11393647
3.2842569	-0.1146334
3.2942388	-0.11533245
3.3042208	-0.11603364
3.3142028	-0.11673695
3.3241848	-0.11744239
3.3341668	-0.11814997
3.3441488	-0.11885967
3.3541308	-0.11957151
3.3641128	-0.12028547
3.3740948	-0.12100156
3.3840768	-0.12171979
3.3940588	-0.12244014
3.4040408	-0.12316263
3.4140228	-0.12388724
3.4240048	-0.12461399
3.4339868	-0.12534286
3.4439688	-0.12607387
3.4539508	-0.12680701
3.4639328	-0.12754228
3.4739148	-0.12827967
3.4838968	-0.1290192
3.4938788	-0.12976086
3.5038608	-0.13050466
3.5138428	-0.13125058
3.5238248	-0.13199863
3.5338068	-0.13274882
3.5437888	-0.13350114
3.5537708	-0.13425558
3.5637528	-0.13501216
3.5737347	-0.13577087
3.5837167	-0.13653172
3.5936987	-0.13729469
3.6036807	-0.13805979
3.6136627	-0.13882703
3.6236447	-0.1395964
3.6336267	-0.1403679
3.6436087	-0.14114153
3.6535907	-0.1419173
3.6635727	-0.1426952
3.6735547	-0.14347523
3.6835367	-0.14425739
3.6935187	-0.14504168
3.7035007	-0.14582811
3.7134827	-0.14661666
3.7234647	-0.14740735
3.7334467	-0.14820018
3.7434287	-0.14899513
3.7534107	-0.14979222
3.7633927	-0.15059144
3.7733747	-0.1513928
3.7833567	-0.15219628
3.7933387	-0.1530019
3.8033207	-0.15380965
3.8133027	-0.15461954
3.8232847	-0.15543156
3.8332667	-0.15624571
3.8432486	-0.157062
3.8532306	-0.15788041
3.8632126	-0.15870097
3.8731946	-0.15952365
3.8831766	-0.16034847
3.8931586	-0.16117542
3.9031406	-0.16200451
3.9131226	-0.16283573
3.9231046	-0.16366908
3.9330866	-0.16450457
3.9430686	-0.16534219
3.9530506	-0.16618194
3.9630326	-0.16702383
3.9730146	-0.16786786
3.9829966	-0.16871401
3.9929786	-0.1695623
4.0029606	-0.17041273
4.0129426	-0.17126529
4.0229246	-0.17211998
4.0329066	-0.17297681
4.0428886	-0.17383578
4.0528706	-0.17469688
4.0628526	-0.17556011
4.0728346	-0.17642548
4.0828166	-0.17729298
4.0927986	-0.17816261
4.1027806	-0.17903439
4.1127626	-0.17990829
4.1227445	-0.18078434
4.1327265	-0.18166251
4.1427085	-0.18254283
4.1526905	-0.18342527
4.1626725	-0.18430986
4.1726545	-0.18519657
4.1826365	-0.18608543
4.1926185	-0.18697642
4.2026005	-0.18786954
4.2125825	-0.1887648
4.2225645	-0.1896622
4.2325465	-0.19056173
4.2425285	-0.1914634
4.2525105	-0.1923672
4.2624925	-0.19327314
4.2724745	-0.19418122
4.2824565	-0.19509143
4.2924385	-0.19600378
4.3024205	-0.19691826
4.3124025	-0.19783488
4.3223845	-0.19875364
4.3323665	-0.19967453
4.3423485	-0.20059756
4.3523305	-0.20152273
4.3623125	-0.20245003
4.3722945	-0.20337947
4.3822765	-0.20431104
4.3922585	-0.20524475
4.4022404	-0.2061806
4.4122224	-0.20711859
4.4222044	-0.20805871
4.4321864	-0.20900097
4.4421684	-0.20994537
4.4521504	-0.2108919
4.4621324	-0.21184058
4.4721144	-0.21279139
4.4820964	-0.21374433
4.4920784	-0.21469941
4.5020604	-0.21565664
4.5120424	-0.21661599
4.5220244	-0.21757749
4.5320064	-0.21854112
4.5419884	-0.21950689
4.5519704	-0.2204748
4.5619524	-0.22144485
4.5719344	-0.22241703
4.5819164	-0.22339136
4.5918984	-0.22436782
4.6018804	-0.22534641
4.6118624	-0.22632715
4.6218444	-0.22731003
4.6318264	-0.22829504
4.6418084	-0.22928219
4.6517904	-0.23027148
4.6617724	-0.23126291
4.6717544	-0.23225647
4.6817363	-0.23325218
4.6917183	-0.23425002
4.7017003	-0.23525
4.7116823	-0.23625212
4.7216643	-0.23725638
4.7316463	-0.23826278
4.7416283	-0.23927132
4.7516103	-0.24028199
4.7615923	-0.24129481
4.7715743	-0.24230976
4.7815563	-0.24332685
4.7915383	-0.24434608
4.8015203	-0.24536745
4.8115023	-0.24639096
4.8214843	-0.24741661
4.8314663	-0.2484444
4.8414483	-0.24947433
4.8514303	-0.2505064
4.8614123	-0.25154061
4.8713943	-0.25257695
4.8813763	-0.25361544
4.8913583	-0.25465606
4.9013403	-0.25569883
4.9113223	-0.25674374
4.9213043	-0.25779078
4.9312863	-0.25883997
4.9412683	-0.25989129
4.9512503	-0.26094476
4.9612322	-0.26200036
4.9712142	-0.26305811
4.9811962	-0.26411799
4.9911782	-0.26518002
5.0011602	-0.26624418
5.0111422	-0.26731049
5.0211242	-0.26837893
5.0311062	-0.26944952
5.0410882	-0.27052225
5.0510702	-0.27159712
5.0610522	-0.27267412
5.0710342	-0.27375327
5.0810162	-0.27483456
5.0909982	-0.27591799
5.1009802	-0.27700356
5.1109622	-0.27809128
5.1209442	-0.27918113
5.1309262	-0.28027312
5.1409082	-0.28136726
5.1508902	-0.28246353
5.1608722	-0.28356195
5.1708542	-0.28466251
5.1808362	-0.2857652
5.1908182	-0.28687004
5.2008002	-0.28797703
5.2107822	-0.28908615
5.2207642	-0.29019741
5.2307461	-0.29131082
5.2407281	-0.29242636
5.2507101	-0.29354405
5.2606921	-0.29466388
5.2706741	-0.29578585
5.2806561	-0.29690997
5.2906381	-0.29803622
5.3006201	-0.29916462
5.3106021	-0.30029515
5.3205841	-0.30142783
5.3305661	-0.30256266
5.3405481	-0.30369962
5.3505301	-0.30483872
5.3605121	-0.30597997
5.3704941	-0.30712336
5.3804761	-0.30826889
5.3904581	-0.30941657
5.4004401	-0.31056638
5.4104221	-0.31171834
5.4204041	-0.31287244
5.4303861	-0.31402868
5.4403681	-0.31518707
5.4503501	-0.31634759
5.4603321	-0.31751026
5.4703141	-0.31867507
5.4802961	-0.31984203
5.4902781	-0.32101112
5.5002601	-0.32218236
5.510242	-0.32335574
5.520224	-0.32453127
5.530206	-0.32570894
5.540188	-0.32688875
5.55017	-0.3280707
5.560152	-0.32925479
5.570134	-0.33044103
5.580116	-0.33162941
5.590098	-0.33281994
5.60008	-0.3340126
5.610062	-0.33520741
5.620044	-0.33640436
5.630026	-0.33760346
5.640008	-0.3388047
5.64999	-0.34000808
5.659972	-0.34121361
5.669954	-0.34242127
5.679936	-0.34363109
5.689918	-0.34484304
5.6999	-0.34605714
5.709882	-0.34727338
5.719864	-0.34849176
5.729846	-0.34971229
5.739828	-0.35093496
5.74981	-0.35215978
5.759792	-0.35338673
5.769774	-0.35461584
5.779756	-0.35584708
5.7897379	-0.35708047
5.7997199	-0.358316
5.8097019	-0.35955368
5.8196839	-0.3607935
5.8296659	-0.36203546
5.8396479	-0.36327957
5.8496299	-0.36452582
5.8596119	-0.36577421
5.8695939	-0.36702475
5.8795759	-0.36827743
5.8895579	-0.36953226
5.8995399	-0.37078923
5.9095219	-0.37204834
5.9195039	-0.3733096
5.9294859	-0.374573
5.9394679	-0.37583854
5.9494499	-0.37710623
5.9594319	-0.37837607
5.9694139	-0.37964804
5.9793959	-0.38092216
5.9893779	-0.38219843
5.9993599	-0.38347684
6.0093419	-0.38475739
6.0193239	-0.38604009
6.0293059	-0.38732493
6.0392879	-0.38861192
6.0492699	-0.38990105
6.0592519	-0.39119232
6.0692338	-0.39248574
6.0792158	-0.3937813
6.0891978	-0.39507901
6.0991798	-0.39637886
6.1091618	-0.39768086
6.1191438	-0.398985
6.1291258	-0.40029128
6.1391078	-0.40159971
6.1490898	-0.40291029
6.1590718	-0.404223
6.1690538	-0.40553787
6.1790358	-0.40685487
6.1890178	-0.40817402
6.1989998	-0.40949532
6.2089818	-0.41081876
6.2189638	-0.41214434
6.2289458	-0.41347207
6.2389278	-0.41480194
6.2489098	-0.41613396
6.2588918	-0.41746812
6.2688738	-0.41880443
6.2788558	-0.42014288
6.2888378	-0.42148348
6.2988198	-0.42282622
6.3088018	-0.42417111
6.3187838	-0.42551814
6.3287658	-0.42686731
6.3387477	-0.42821863
6.3487297	-0.42957209
6.3587117	-0.4309277
6.3686937	-0.43228545
6.3786757	-0.43364535
6.3886577	-0.43500739
6.3986397	-0.43637158
6.4086217	-0.43773791
6.4186037	-0.43910639
6.4285857	-0.44047701
6.4385677	-0.44184978
6.4485497	-0.44322469
6.4585317	-0.44460174
6.4685137	-0.44598094
6.4784957	-0.44736228
6.4884777	-0.44874577
6.4984597	-0.45013141
6.5084417	-0.45151919
6.5184237	-0.45290911
6.5284057	-0.45430118
6.5383877	-0.45569539
6.5483697	-0.45709175
6.5583517	-0.45849025
6.5683337	-0.45989089
6.5783157	-0.46129369
6.5882977	-0.46269862
6.5982797	-0.4641057
6.6082617	-0.46551493
6.6182436	-0.4669263
6.6282256	-0.46833981
6.6382076	-0.46975547
6.6481896	-0.47117327
6.6581716	-0.47259322
6.6681536	-0.47401532
6.6781356	-0.47543955
6.6881176	-0.47686594
6.6980996	-0.47829446
6.7080816	-0.47972513
6.7180636	-0.48115795
6.7280456	-0.48259291
6.7380276	-0.48403002
6.7480096	-0.48546927
6.7579916	-0.48691066
6.7679736	-0.4883542
6.7779556	-0.48979988
6.7879376	-0.49124771
6.7979196	-0.49269768
6.8079016	-0.4941498
6.8178836	-0.49560406
6.8278656	-0.49706047
6.8378476	-0.49851902
6.8478296	-0.49997971
6.8578116	-0.50144255
6.8677936	-0.50290754
6.8777756	-0.50437466
6.8877576	-0.50584393
6.8977395	-0.50731535
6.9077215	-0.50878891
6.9177035	-0.51026462
6.9276855	-0.51174247
6.9376675	-0.51322246
6.9476495	-0.5147046
6.9576315	-0.51618888
6.9676135	-0.51767531
6.9775955	-0.51916388
6.9875775	-0.52065459
6.9975595	-0.52214745
7.0075415	-0.52364245
7.0175235	-0.5251396
7.0275055	-0.52663889
7.0374875	-0.52814032
7.0474695	-0.5296439
7.0574515	-0.53114962
7.0674335	-0.53265749
7.0774155	-0.5341675
7.0873975	-0.53567965
7.0973795	-0.53719395
7.1073615	-0.53871039
7.1173435	-0.54022898
7.1273255	-0.54174971
7.1373075	-0.54327258
7.1472895	-0.5447976
7.1572715	-0.54632476
7.1672535	-0.54785406
7.1772354	-0.54938551
7.1872174	-0.5509191
7.1971994	-0.55245484
7.2071814	-0.55399271
7.2171634	-0.55553273
7.2271454	-0.5570749
7.2371274	-0.55861921
7.2471094	-0.56016566
7.2570914	-0.56171425
7.2670734	-0.56326499
7.2770554	-0.56481787
7.2870374	-0.56637289
7.2970194	-0.56793006
7.3070014	-0.56948937
7.3169834	-0.57105083
7.3269654	-0.57261442
7.3369474	-0.57418016
7.3469294	-0.57574804
7.3569114	-0.57731807
7.3668934	-0.57889023
7.3768754	-0.58046454
7.3868574	-0.582041
7.3968394	-0.58361959
7.4068214	-0.58520033
7.4168034	-0.58678321
7.4267854	-0.58836823
7.4367674	-0.5899554
7.4467493	-0.59154471
7.4567313	-0.59313616
7.4667133	-0.59472975
7.4766953	-0.59632548
7.4866773	-0.59792336
7.4966593	-0.59952338
7.5066413	-0.60112554
7.5166233	-0.60272984
7.5266053	-0.60433629
7.5365873	-0.60594488
7.5465693	-0.6075556
7.5565513	-0.60916847
7.5665333	-0.61078349
7.5765153	-0.61240064
7.5864973	-0.61401994
7.5964793	-0.61564137
7.6064613	-0.61726495
7.6164433	-0.61889067
7.6264253	-0.62051853
7.6364073	-0.62214853
7.6463893	-0.62378068
7.6563713	-0.62541496
7.6663533	-0.62705139
7.6763353	-0.62868995
7.6863173	-0.63033066
7.6962993	-0.63197351
7.7062813	-0.6336185
7.7162633	-0.63526563
7.7262452	-0.6369149
7.7362272	-0.63856631
7.7462092	-0.64021986
7.7561912	-0.64187556
7.7661732	-0.64353339
7.7761552	-0.64519336
7.7861372	-0.64685548
7.7961192	-0.64851973
7.8061012	-0.65018612
7.8160832	-0.65185466
7.8260652	-0.65352533
7.8360472	-0.65519814
7.8460292	-0.6568731
7.8560112	-0.65855019
7.8659932	-0.66022942
7.8759752	-0.66191079
7.8859572	-0.6635943
7.8959392	-0.66527995
7.9059212	-0.66696774
7.9159032	-0.66865767
7.9258852	-0.67034974
7.9358672	-0.67204395
7.9458492	-0.67374029
7.9558312	-0.67543878
7.9658132	-0.6771394
7.9757952	-0.67884217
7.9857772	-0.68054707
7.9957592	-0.68225411
8.0057411	-0.68396328
8.0157231	-0.6856746
8.0257051	-0.68738806
8.0356871	-0.68910365
8.0456691	-0.69082138
8.0556511	-0.69254125
8.0656331	-0.69426325
8.0756151	-0.6959874
8.0855971	-0.69771368
8.0955791	-0.6994421
8.1055611	-0.70117266
8.1155431	-0.70290535
8.1255251	-0.70464018
8.1355071	-0.70637715
8.1454891	-0.70811626
8.1554711	-0.7098575
8.1654531	-0.71160088
8.1754351	-0.7133464
8.1854171	-0.71509405
8.1953991	-0.71684384
8.2053811	-0.71859577
8.2153631	-0.72034983
8.2253451	-0.72210603
8.2353271	-0.72386436
8.2453091	-0.72562483
8.2552911	-0.72738744
8.2652731	-0.72915218
8.2752551	-0.73091906
8.285237	-0.73268808
8.295219	-0.73445923
8.305201	-0.73623251
8.315183	-0.73800793
8.325165	-0.73978549
8.335147	-0.74156518
8.345129	-0.743347
8.355111	-0.74513096
8.365093	-0.74691706
8.375075	-0.74870529
8.385057	-0.75049565
8.395039	-0.75228815
8.405021	-0.75408278
8.415003	-0.75587955
8.424985	-0.75767845
8.434967	-0.75947948
8.444949	-0.76128265
8.454931	-0.76308795
8.464913	-0.76489539
8.474895	-0.76670495
8.484877	-0.76851666
8.494859	-0.77033049
8.504841	-0.77214646
8.514823	-0.77396456
8.524805	-0.77578479
8.534787	-0.77760716
8.544769	-0.77943165
8.554751	-0.78125829
8.5647329	-0.78308705
8.5747149	-0.78491794
8.5846969	-0.78675097
8.5946789	-0.78858613
8.6046609	-0.79042342
8.6146429	-0.79226284
8.6246249	-0.79410439
8.6346069	-0.79594807
8.6445889	-0.79779389
8.6545709	-0.79964184
8.6645529	-0.80149191
8.6745349	-0.80334412
8.6845169	-0.80519846
8.6944989	-0.80705493
8.7044809	-0.80891352
8.7144629	-0.81077425
8.7244449	-0.81263711
8.7344269	-0.8145021
8.7444089	-0.81636922
8.7543909	-0.81823846
8.7643729	-0.82010984
8.7743549	-0.82198335
8.7843369	-0.82385898
8.7943189	-0.82573674
8.8043009	-0.82761664
8.8142829	-0.82949866
8.8242649	-0.83138281
8.8342468	-0.83326908
8.8442288	-0.83515749
8.8542108	-0.83704802
8.8641928	-0.83894069
8.8741748	-0.84083548
8.8841568	-0.84273239
8.8941388	-0.84463144
8.9041208	-0.84653261
8.9141028	-0.8484359
8.9240848	-0.85034133
8.9340668	-0.85224888
8.9440488	-0.85415856
8.9540308	-0.85607036
8.9640128	-0.85798429
8.9739948	-0.85990035
8.9839768	-0.86181853
8.9939588	-0.86373884
9.0039408	-0.86566127
9.0139228	-0.86758583
9.0239048	-0.86951252
9.0338868	-0.87144133
9.0438688	-0.87337226
9.0538508	-0.87530532
9.0638328	-0.8772405
9.0738148	-0.87917781
9.0837968	-0.88111724
9.0937788	-0.88305879
9.1037608	-0.88500247
9.1137427	-0.88694827
9.1237247	-0.8888962
9.1337067	-0.89084625
9.1436887	-0.89279842
9.1536707	-0.89475272
9.1636527	-0.89670913
9.1736347	-0.89866767
9.1836167	-0.90062833
9.1935987	-0.90259112
9.2035807	-0.90455602
9.2135627	-0.90652305
9.2235447	-0.9084922
9.2335267	-0.91046347
9.2435087	-0.91243686
9.2534907	-0.91441238
9.2634727	-0.91639001
9.2734547	-0.91836976
9.2834367	-0.92035164
9.2934187	-0.92233563
9.3034007	-0.92432175
9.3133827	-0.92630998
9.3233647	-0.92830033
9.3333467	-0.93029281
9.3433287	-0.9322874
9.3533107	-0.93428411
9.3632927	-0.93628294
9.3732747	-0.93828389
9.3832567	-0.94028696
9.3932386	-0.94229214
9.4032206	-0.94429944
9.4132026	-0.94630886
9.4231846	-0.9483204
9.4331666	-0.95033406
9.4431486	-0.95234983
9.4531306	-0.95436772
9.4631126	-0.95638773
9.4730946	-0.95840985
9.4830766	-0.96043409
9.4930586	-0.96246044
9.5030406	-0.96448891
9.5130226	-0.9665195
9.5230046	-0.9685522
9.5329866	-0.97058702
9.5429686	-0.97262395
9.5529506	-0.974663
9.5629326	-0.97670416
9.5729146	-0.97874743
9.5828966	-0.98079282
9.5928786	-0.98284033
9.6028606	-0.98488994
9.6128426	-0.98694167
9.6228246	-0.98899552
9.6328066	-0.99105147
9.6427886	-0.99310954
9.6527706	-0.99516972
9.6627526	-0.99723202
9.6727345	-0.99929642
9.6827165	-1.0013629
9.6926985	-1.0034316
9.7026805	-1.0055023
9.7126625	-1.0075752
9.7226445	-1.0096501
9.7326265	-1.0117272
9.7426085	-1.0138064
9.7525905	-1.0158877
9.7625725	-1.0179711
9.7725545	-1.0200566
9.7825365	-1.0221442
9.7925185	-1.0242339
9.8025005	-1.0263258
9.8124825	-1.0284197
9.8224645	-1.0305158
9.8324465	-1.032614
9.8424285	-1.0347142
9.8524105	-1.0368166
9.8623925	-1.0389211
9.8723745	-1.0410277
9.8823565	-1.0431364
9.8923385	-1.0452472
9.9023205	-1.0473601
9.9123025	-1.0494751
9.9222845	-1.0515923
9.9322665	-1.0537115
9.9422484	-1.0558329
9.9522304	-1.0579563
9.9622124	-1.0600818
9.9721944	-1.0622095
9.9821764	-1.0643393
9.9921584	-1.0664711
10.00214	-1.0686051
10.012122	-1.0707412
10.022104	-1.0728793
10.032086	-1.0750196
10.042068	-1.077162
10.05205	-1.0793065
10.062032	-1.081453
10.072014	-1.0836017
10.081996	-1.0857525
10.091978	-1.0879054
10.10196	-1.0900604
10.111942	-1.0922175
10.121924	-1.0943767
10.131906	-1.096538
10.141888	-1.0987014
10.15187	-1.1008669
10.161852	-1.1030344
10.171834	-1.1052041
10.181816	-1.1073759
10.191798	-1.1095498
10.20178	-1.1117258
10.211762	-1.1139039
10.221744	-1.1160841
10.231726	-1.1182663
10.241708	-1.1204507
10.25169	-1.1226372
10.261672	-1.1248258
10.271654	-1.1270164
10.281636	-1.1292092
10.291618	-1.131404
10.3016	-1.133601
10.311582	-1.1358
10.321564	-1.1380012
10.331546	-1.1402044
10.341528	-1.1424098
10.35151	-1.1446172
10.361492	-1.1468267
10.371474	-1.1490383
10.381456	-1.151252
10.391438	-1.1534678
10.40142	-1.1556857
10.411402	-1.1579057
10.421384	-1.1601278
10.431366	-1.1623519
10.441348	-1.1645782
10.45133	-1.1668065
10.461312	-1.169037
10.471294	-1.1712695
10.481276	-1.1735041
10.491258	-1.1757408
10.50124	-1.1779796
10.511222	-1.1802205
10.521204	-1.1824635
10.531186	-1.1847086
10.541168	-1.1869557
10.55115	-1.189205
10.561132	-1.1914563
10.571114	-1.1937097
10.581096	-1.1959652
10.591078	-1.1982228
10.60106	-1.2004825
10.611042	-1.2027442
10.621024	-1.2050081
10.631006	-1.207274
10.640988	-1.209542
10.65097	-1.2118121
10.660952	-1.2140843
10.670934	-1.2163586
10.680916	-1.2186349
10.690898	-1.2209134
10.70088	-1.2231939
10.710862	-1.2254765
10.720844	-1.2277612
10.730826	-1.2300479
10.740808	-1.2323368
10.75079	-1.2346277
10.760772	-1.2369207
10.770754	-1.2392158
10.780736	-1.241513
10.790718	-1.2438122
10.8007	-1.2461136
10.810682	-1.248417
10.820664	-1.2507225
10.830646	-1.25303
10.840628	-1.2553397
10.85061	-1.2576514
10.860592	-1.2599652
10.870574	-1.2622811
10.880556	-1.264599
10.890538	-1.266919
10.90052	-1.2692411
10.910502	-1.2715653
10.920484	-1.2738916
10.930466	-1.2762199
10.940448	-1.2785503
10.95043	-1.2808828
10.960412	-1.2832173
10.970394	-1.285554
10.980376	-1.2878927
10.990358	-1.2902334
11.00034	-1.2925763
11.010322	-1.2949212
11.020304	-1.2972682
11.030286	-1.2996172
11.040268	-1.3019684
11.05025	-1.3043216
11.060232	-1.3066768
11.070214	-1.3090342
11.080196	-1.3113936
11.090178	-1.3137551
11.10016	-1.3161186
11.110142	-1.3184842
11.120124	-1.3208519
11.130106	-1.3232216
11.140088	-1.3255935
11.15007	-1.3279673
11.160052	-1.3303433
11.170034	-1.3327213
11.180016	-1.3351014
11.189998	-1.3374835
11.19998	-1.3398677
11.209962	-1.342254
11.219944	-1.3446424
11.229926	-1.3470328
11.239908	-1.3494252
11.24989	-1.3518197
11.259872	-1.3542163
11.269854	-1.356615
11.279836	-1.3590157
11.289818	-1.3614185
11.2998	-1.3638233
11.309782	-1.3662302
11.319764	-1.3686392
11.329746	-1.3710502
11.339728	-1.3734633
11.34971	-1.3758784
11.359692	-1.3782956
11.369674	-1.3807148
11.379656	-1.3831361
11.389638	-1.3855595
11.39962	-1.3879849
11.409602	-1.3904124
11.419584	-1.3928419
11.429566	-1.3952735
11.439548	-1.3977072
11.44953	-1.4001429
11.459512	-1.4025806
11.469494	-1.4050204
11.479476	-1.4074623
11.489458	-1.4099062
11.49944	-1.4123522
11.509422	-1.4148002
11.519404	-1.4172503
11.529386	-1.4197024
11.539368	-1.4221566
11.54935	-1.4246128
11.559332	-1.4270711
11.569314	-1.4295314
11.579296	-1.4319938
11.589278	-1.4344582
11.59926	-1.4369247
11.609242	-1.4393932
11.619224	-1.4418637
11.629206	-1.4443363
11.639188	-1.446811
11.64917	-1.4492877
11.659152	-1.4517665
11.669134	-1.4542473
11.679116	-1.4567301
11.689098	-1.459215
11.69908	-1.4617019
11.709062	-1.4641909
11.719044	-1.4666819
11.729026	-1.469175
11.739008	-1.4716701
11.74899	-1.4741672
11.758972	-1.4766664
11.768954	-1.4791676
11.778936	-1.4816709
11.788918	-1.4841762
11.7989	-1.4866835
11.808882	-1.4891929
11.818864	-1.4917043
11.828846	-1.4942178
11.838828	-1.4967333
11.84881	-1.4992508
11.858792	-1.5017704
11.868774	-1.504292
11.878756	-1.5068156
11.888738	-1.5093413
11.89872	-1.511869
11.908702	-1.5143988
11.918684	-1.5169305
11.928666	-1.5194644
11.938648	-1.5220002
11.94863	-1.5245381
11.958612	-1.527078
11.968594	-1.5296199
11.978576	-1.5321639
11.988558	-1.5347099
11.99854	-1.537258
12.008522	-1.539808
12.018504	-1.5423601
12.028486	-1.5449142
12.038468	-1.5474704
12.04845	-1.5500286
12.058432	-1.5525888
12.068414	-1.555151
12.078396	-1.5577153
12.088378	-1.5602816
12.09836	-1.5628499
12.108342	-1.5654202
12.118324	-1.5679926
12.128306	-1.570567
12.138288	-1.5731434
12.14827	-1.5757218
12.158252	-1.5783023
12.168234	-1.5808847
12.178216	-1.5834692
12.188198	-1.5860557
12.19818	-1.5886443
12.208162	-1.5912348
12.218144	-1.5938274
12.228126	-1.596422
12.238108	-1.5990186
12.24809	-1.6016173
12.258072	-1.6042179
12.268054	-1.6068206
12.278036	-1.6094253
12.288018	-1.612032
12.298	-1.6146407
12.307982	-1.6172514
12.317964	-1.6198641
12.327946	-1.6224789
12.337928	-1.6250957
12.34791	-1.6277145
12.357892	-1.6303352
12.367874	-1.6329581
12.377856	-1.6355829
12.387838	-1.6382097
12.39782	-1.6408385
12.407802	-1.6434694
12.417784	-1.6461023
12.427766	-1.6487371
12.437748	-1.651374
12.44773	-1.6540129
12.457712	-1.6566538
12.467694	-1.6592967
12.477676	-1.6619416
12.487658	-1.6645885
12.49764	-1.6672374
12.507622	-1.6698883
12.517604	-1.6725412
12.527586	-1.6751962
12.537568	-1.6778531
12.54755	-1.680512
12.557532	-1.683173
12.567514	-1.6858359
12.577495	-1.6885008
12.587477	-1.6911678
12.597459	-1.6938367
12.607441	-1.6965076
12.617423	-1.6991806
12.627405	-1.7018555
12.637387	-1.7045324
12.647369	-1.7072113
12.657351	-1.7098923
12.667333	-1.7125752
12.677315	-1.7152601
12.687297	-1.717947
12.697279	-1.7206359
12.707261	-1.7233268
12.717243	-1.7260197
12.727225	-1.7287146
12.737207	-1.7314114
12.747189	-1.7341103
12.757171	-1.7368111
12.767153	-1.739514
12.777135	-1.7422188
12.787117	-1.7449256
12.797099	-1.7476345
12.807081	-1.7503453
12.817063	-1.753058
12.827045	-1.7557728
12.837027	-1.7584896
12.847009	-1.7612083
12.856991	-1.7639291
12.866973	-1.7666518
12.876955	-1.7693765
12.886937	-1.7721032
12.896919	-1.7748318
12.906901	-1.7775625
12.916883	-1.7802951
12.926865	-1.7830297
12.936847	-1.7857663
12.946829	-1.7885049
12.956811	-1.7912454
12.966793	-1.793988
12.976775	-1.7967325
12.986757	-1.7994789
12.996739	-1.8022274
13.006721	-1.8049779
13.016703	-1.8077303
13.026685	-1.8104847
13.036667	-1.813241
13.046649	-1.8159994
13.056631	-1.8187597
13.066613	-1.821522
13.076595	-1.8242862
13.086577	-1.8270525
13.096559	-1.8298207
13.106541	-1.8325908
13.116523	-1.835363
13.126505	-1.8381371
13.136487	-1.8409132
13.146469	-1.8436912
13.156451	-1.8464712
13.166433	-1.8492532
13.176415	-1.8520372
13.186397	-1.8548231
13.196379	-1.857611
13.206361	-1.8604008
13.216343	-1.8631926
13.226325	-1.8659864
13.236307	-1.8687821
13.246289	-1.8715798
13.256271	-1.8743795
13.266253	-1.8771811
13.276235	-1.8799847
13.286217	-1.8827902
13.296199	-1.8855977
13.306181	-1.8884072
13.316163	-1.8912186
13.326145	-1.894032
13.336127	-1.8968473
13.346109	-1.8996646
13.356091	-1.9024838
13.366073	-1.905305
13.376055	-1.9081282
13.386037	-1.9109533
13.396019	-1.9137803
13.406001	-1.9166093
13.415983	-1.9194403
13.425965	-1.9222732
13.435947	-1.925108
13.445929	-1.9279449
13.455911	-1.9307836
13.465893	-1.9336243
13.475875	-1.936467
13.485857	-1.9393116
13.495839	-1.9421581
13.505821	-1.9450066
13.515803	-1.9478571
13.525785	-1.9507094
13.535767	-1.9535638
13.545749	-1.95642
13.555731	-1.9592783
13.565713	-1.9621384
13.575695	-1.9650005
13.585677	-1.9678645
13.595659	-1.9707305
13.605641	-1.9735984
13.615623	-1.9764683
13.625605	-1.9793401
13.635587	-1.9822138
13.645569	-1.9850895
13.655551	-1.9879671
13.665533	-1.9908466
13.675515	-1.9937281
13.685497	-1.9966115
13.695479	-1.9994969
13.705461	-2.0023841
13.715443	-2.0052733
13.725425	-2.0081645
13.735407	-2.0110575
13.745389	-2.0139525
13.755371	-2.0168495
13.765353	-2.0197483
13.775335	-2.0226491
13.785317	-2.0255518
13.795299	-2.0284565
13.805281	-2.031363
13.815263	-2.0342715
13.825245	-2.0371819
13.835227	-2.0400943
13.845209	-2.0430086
13.855191	-2.0459247
13.865173	-2.0488428
13.875155	-2.0517629
13.885137	-2.0546848
13.895119	-2.0576087
13.905101	-2.0605345
13.915083	-2.0634622
13.925065	-2.0663918
13.935047	-2.0693234
13.945029	-2.0722568
13.955011	-2.0751922
13.964993	-2.0781295
13.974975	-2.0810687
13.984957	-2.0840098
13.994939	-2.0869529
14.004921	-2.0898978
14.014903	-2.0928447
14.024885	-2.0957934
14.034867	-2.0987441
14.044849	-2.1016967
14.054831	-2.1046512
14.064813	-2.1076076
14.074795	-2.1105659
14.084777	-2.1135262
14.094759	-2.1164883
14.104741	-2.1194523
14.114723	-2.1224183
14.124705	-2.1253861
14.134687	-2.1283559
14.144669	-2.1313275
14.154651	-2.1343011
14.164633	-2.1372765
14.174615	-2.1402539
14.184597	-2.1432331
14.194579	-2.1462143
14.204561	-2.1491973
14.214543	-2.1521823
14.224525	-2.1551691
14.234507	-2.1581579
14.244489	-2.1611485
14.254471	-2.164141
14.264453	-2.1671355
14.274435	-2.1701318
14.284417	-2.17313
14.294399	-2.1761301
14.304381	-2.1791321
14.314363	-2.182136
14.324345	-2.1851418
14.334327	-2.1881494
14.344309	-2.191159
14.354291	-2.1941704
14.364273	-2.1971837
14.374255	-2.200199
14.384237	-2.2032161
14.394219	-2.206235
14.404201	-2.2092559
14.414183	-2.2122787
14.424165	-2.2153033
14.434147	-2.2183298
14.444129	-2.2213582
14.454111	-2.2243885
14.464093	-2.2274207
14.474075	-2.2304547
14.484057	-2.2334906
14.494039	-2.2365284
14.504021	-2.2395681
14.514003	-2.2426096
14.523985	-2.245653
14.533967	-2.2486983
14.543949	-2.2517455
14.553931	-2.2547945
14.563913	-2.2578455
14.573895	-2.2608982
14.583877	-2.2639529
14.593859	-2.2670094
14.603841	-2.2700678
14.613823	-2.2731281
14.623805	-2.2761902
14.633787	-2.2792542
14.643769	-2.2823201
14.653751	-2.2853878
14.663733	-2.2884574
14.673715	-2.2915288
14.683697	-2.2946022
14.693679	-2.2976774
14.703661	-2.3007544
14.713643	-2.3038333
14.723625	-2.3069141
14.733607	-2.3099967
14.743589	-2.3130812
14.753571	-2.3161675
14.763553	-2.3192557
14.773535	-2.3223458
14.783517	-2.3254377
14.793499	-2.3285314
14.803481	-2.3316271
14.813463	-2.3347245
14.823445	-2.3378239
14.833427	-2.340925
14.843409	-2.3440281
14.853391	-2.3471329
14.863373	-2.3502397
14.873355	-2.3533482
14.883337	-2.3564587
14.893319	-2.3595709
14.903301	-2.3626851
14.913283	-2.365801
14.923265	-2.3689188
14.933247	-2.3720385
14.943229	-2.37516
14.953211	-2.3782833
14.963193	-2.3814085
14.973175	-2.3845355
14.983157	-2.3876643
14.993139	-2.390795
15.003121	-2.3939276
15.013103	-2.397062
15.023085	-2.4001982
15.033067	-2.4033362
15.043049	-2.4064761
15.053031	-2.4096178
15.063013	-2.4127613
15.072995	-2.4159067
15.082977	-2.4190539
15.092959	-2.422203
15.102941	-2.4253539
15.112923	-2.4285066
15.122905	-2.4316611
15.132887	-2.4348175
15.142869	-2.4379756
15.152851	-2.4411357
15.162833	-2.4442975
15.172815	-2.4474612
15.182797	-2.4506267
15.192779	-2.453794
15.202761	-2.4569631
15.212743	-2.4601341
15.222725	-2.4633068
15.232707	-2.4664814
15.242689	-2.4696578
15.252671	-2.4728361
15.262653	-2.4760161
15.272635	-2.479198
15.282617	-2.4823817
15.292599	-2.4855672
15.302581	-2.4887545
15.312563	-2.4919436
15.322545	-2.4951346
15.332527	-2.4983273
15.342509	-2.5015219
15.35249	-2.5047182
15.362472	-2.5079164
15.372454	-2.5111164
15.382436	-2.5143182
15.392418	-2.5175218
15.4024	-2.5207272
15.412382	-2.5239344
15.422364	-2.5271435
15.432346	-2.5303543
15.442328	-2.5335669
15.45231	-2.5367813
15.462292	-2.5399976
15.472274	-2.5432156
15.482256	-2.5464354
15.492238	-2.549657
15.50222	-2.5528805
15.512202	-2.5561057
15.522184	-2.5593327
15.532166	-2.5625615
15.542148	-2.5657921
15.55213	-2.5690245
15.562112	-2.5722587
15.572094	-2.5754947
15.582076	-2.5787325
15.592058	-2.581972
15.60204	-2.5852134
15.612022	-2.5884565
15.622004	-2.5917015
15.631986	-2.5949482
15.641968	-2.5981967
15.65195	-2.601447
15.661932	-2.6046991
15.671914	-2.6079529
15.681896	-2.6112086
15.691878	-2.614466
15.70186	-2.6177252
15.711842	-2.6209862
15.721824	-2.6242489
15.731806	-2.6275135
15.741788	-2.6307798
15.75177	-2.6340479
15.761752	-2.6373177
15.771734	-2.6405894
15.781716	-2.6438628
15.791698	-2.647138
15.80168	-2.650415
15.811662	-2.6536937
15.821644	-2.6569742
15.831626	-2.6602565
15.841608	-2.6635405
15.85159	-2.6668263
15.861572	-2.6701139
15.871554	-2.6734033
15.881536	-2.6766944
15.891518	-2.6799872
15.9015	-2.6832819
15.911482	-2.6865783
15.921464	-2.6898764
15.931446	-2.6931764
15.941428	-2.6964781
15.95141	-2.6997815
15.961392	-2.7030867
15.971374	-2.7063937
15.981356	-2.7097024
15.991338	-2.7130128
16.00132	-2.7163251
16.011302	-2.7196391
16.021284	-2.7229548
16.031266	-2.7262723
16.041248	-2.7295915
16.05123	-2.7329125
16.061212	-2.7362352
16.071194	-2.7395597
16.081176	-2.742886
16.091158	-2.7462139
16.10114	-2.7495437
16.111122	-2.7528751
16.121104	-2.7562084
16.131086	-2.7595433
16.141068	-2.76288
16.15105	-2.7662185
16.161032	-2.7695587
16.171014	-2.7729006
16.180996	-2.7762442
16.190978	-2.7795896
16.20096	-2.7829368
16.210942	-2.7862857
16.220924	-2.7896363
16.230906	-2.7929886
16.240888	-2.7963427
16.25087	-2.7996985
16.260852	-2.8030561
16.270834	-2.8064153
16.280816	-2.8097763
16.290798	-2.8131391
16.30078	-2.8165035
16.310762	-2.8198697
16.320744	-2.8232376
16.330726	-2.8266073
16.340708	-2.8299787
16.35069	-2.8333517
16.360672	-2.8367266
16.370654	-2.8401031
16.380636	-2.8434813
16.390618	-2.8468613
16.4006	-2.850243
16.410582	-2.8536264
16.420564	-2.8570116
16.430546	-2.8603984
16.440528	-2.863787
16.45051	-2.8671773
16.460492	-2.8705693
16.470474	-2.873963
16.480456	-2.8773584
16.490438	-2.8807555
16.50042	-2.8841543
16.510402	-2.8875549
16.520384	-2.8909571
16.530366	-2.8943611
16.540348	-2.8977668
16.55033	-2.9011741
16.560312	-2.9045832
16.570294	-2.907994
16.580276	-2.9114065
16.590258	-2.9148207
16.60024	-2.9182366
16.610222	-2.9216542
16.620204	-2.9250735
16.630186	-2.9284944
16.640168	-2.9319171
16.65015	-2.9353415
16.660132	-2.9387676
16.670114	-2.9421953
16.680096	-2.9456248
16.690078	-2.949056
16.70006	-2.9524888
16.710042	-2.9559234
16.720024	-2.9593596
16.730006	-2.9627975
16.739988	-2.9662371
16.74997	-2.9696784
16.759952	-2.9731214
16.769934	-2.976566
16.779916	-2.9800124
16.789898	-2.9834604
16.79988	-2.9869101
16.809862	-2.9903615
16.819844	-2.9938146
16.829826	-2.9972694
16.839808	-3.0007258
16.84979	-3.0041839
16.859772	-3.0076437
16.869754	-3.0111051
16.879736	-3.0145683
16.889718	-3.0180331
16.8997	-3.0214996
16.909682	-3.0249677
16.919664	-3.0284376
16.929646	-3.0319091
16.939628	-3.0353822
16.94961	-3.0388571
16.959592	-3.0423336
16.969574	-3.0458117
16.979556	-3.0492916
16.989538	-3.0527731
16.99952	-3.0562562
17.009502	-3.0597411
17.019484	-3.0632276
17.029466	-3.0667157
17.039448	-3.0702055
17.04943	-3.073697
17.059412	-3.0771901
17.069394	-3.0806849
17.079376	-3.0841813
17.089358	-3.0876794
17.09934	-3.0911792
17.109322	-3.0946806
17.119304	-3.0981836
17.129286	-3.1016883
17.139268	-3.1051947
17.14925	-3.1087027
17.159232	-3.1122123
17.169214	-3.1157236
17.179196	-3.1192366
17.189178	-3.1227512
17.19916	-3.1262674
17.209142	-3.1297853
17.219124	-3.1333048
17.229106	-3.1368259
17.239088	-3.1403487
17.24907	-3.1438732
17.259052	-3.1473993
17.269034	-3.150927
17.279016	-3.1544563
17.288998	-3.1579873
17.29898	-3.16152
17.308962	-3.1650542
17.318944	-3.1685901
17.328926	-3.1721276
17.338908	-3.1756668
17.34889	-3.1792076
17.358872	-3.18275
17.368854	-3.186294
17.378836	-3.1898397
17.388818	-3.193387
17.3988	-3.1969359
17.408782	-3.2004865
17.418764	-3.2040386
17.428746	-3.2075924
17.438728	-3.2111478
17.44871	-3.2147049
17.458692	-3.2182635
17.468674	-3.2218238
17.478656	-3.2253857
17.488638	-3.2289492
17.49862	-3.2325143
17.508602	-3.236081
17.518584	-3.2396494
17.528566	-3.2432193
17.538548	-3.2467909
17.54853	-3.2503641
17.558512	-3.2539388
17.568494	-3.2575152
17.578476	-3.2610932
17.588458	-3.2646729
17.59844	-3.2682541
17.608422	-3.2718369
17.618404	-3.2754213
17.628386	-3.2790074
17.638368	-3.282595
17.64835	-3.2861842
17.658332	-3.289775
17.668314	-3.2933675
17.678296	-3.2969615
17.688278	-3.3005571
17.69826	-3.3041543
17.708242	-3.3077531
17.718224	-3.3113535
17.728206	-3.3149555
17.738188	-3.3185591
17.74817	-3.3221643
17.758152	-3.3257711
17.768134	-3.3293794
17.778116	-3.3329894
17.788098	-3.3366009
17.79808	-3.3402141
17.808062	-3.3438288
17.818044	-3.347445
17.828026	-3.3510629
17.838008	-3.3546824
17.84799	-3.3583034
17.857972	-3.361926
17.867954	-3.3655502
17.877936	-3.369176
17.887918	-3.3728033
17.8979	-3.3764322
17.907882	-3.3800627
17.917864	-3.3836948
17.927846	-3.3873285
17.937828	-3.3909637
17.94781	-3.3946005
17.957792	-3.3982388
17.967774	-3.4018787
17.977756	-3.4055202
17.987738	-3.4091633
17.99772	-3.4128079
18.007702	-3.4164541
18.017684	-3.4201019
18.027666	-3.4237512
18.037648	-3.427402
18.04763	-3.4310545
18.057612	-3.4347085
18.067594	-3.438364
18.077576	-3.4420212
18.087558	-3.4456798
18.09754	-3.4493401
18.107522	-3.4530018
18.117504	-3.4566652
18.127485	-3.4603301
18.137467	-3.4639965
18.147449	-3.4676645
18.157431	-3.471334
18.167413	-3.4750051
18.177395	-3.4786777
18.187377	-3.4823519
18.197359	-3.4860277
18.207341	-3.4897049
18.217323	-3.4933837
18.227305	-3.4970641
18.237287	-3.500746
18.247269	-3.5044294
18.257251	-3.5081144
18.267233	-3.5118009
18.277215	-3.515489
18.287197	-3.5191786
18.297179	-3.5228697
18.307161	-3.5265624
18.317143	-3.5302566
18.327125	-3.5339523
18.337107	-3.5376496
18.347089	-3.5413484
18.357071	-3.5450487
18.367053	-3.5487505
18.377035	-3.5524539
18.387017	-3.5561588
18.396999	-3.5598652
18.406981	-3.5635732
18.416963	-3.5672826
18.426945	-3.5709936
18.436927	-3.5747061
18.446909	-3.5784202
18.456891	-3.5821357
18.466873	-3.5858528
18.476855	-3.5895714
18.486837	-3.5932915
18.496819	-3.5970131
18.506801	-3.6007363
18.516783	-3.6044609
18.526765	-3.6081871
18.536747	-3.6119147
18.546729	-3.6156439
18.556711	-3.6193746
18.566693	-3.6231068
18.576675	-3.6268405
18.586657	-3.6305757
18.596639	-3.6343124
18.606621	-3.6380506
18.616603	-3.6417904
18.626585	-3.6455316
18.636567	-3.6492743
18.646549	-3.6530185
18.656531	-3.6567643
18.666513	-3.6605115
18.676495	-3.6642602
18.686477	-3.6680104
18.696459	-3.6717621
18.706441	-3.6755153
18.716423	-3.67927
18.726405	-3.6830262
18.736387	-3.6867838
18.746369	-3.690543
18.756351	-3.6943036
18.766333	-3.6980658
18.776315	-3.7018294
18.786297	-3.7055945
18.796279	-3.7093611
18.806261	-3.7131292
18.816243	-3.7168987
18.826225	-3.7206698
18.836207	-3.7244423
18.846189	-3.7282163
18.856171	-3.7319917
18.866153	-3.7357687
18.876135	-3.7395471
18.886117	-3.743327
18.896099	-3.7471084
18.906081	-3.7508912
18.916063	-3.7546756
18.926045	-3.7584613
18.936027	-3.7622486
18.946009	-3.7660373
18.955991	-3.7698275
18.965973	-3.7736192
18.975955	-3.7774123
18.985937	-3.7812069
18.995919	-3.7850029
19.005901	-3.7888005
19.015883	-3.7925994
19.025865	-3.7963999
19.035847	-3.8002018
19.045829	-3.8040051
19.055811	-3.8078099
19.065793	-3.8116162
19.075775	-3.8154239
19.085757	-3.8192331
19.095739	-3.8230437
19.105721	-3.8268558
19.115703	-3.8306693
19.125685	-3.8344843
19.135667	-3.8383007
19.145649	-3.8421186
19.155631	-3.8459379
19.165613	-3.8497587
19.175595	-3.8535809
19.185577	-3.8574045
19.195559	-3.8612296
19.205541	-3.8650562
19.215523	-3.8688841
19.225505	-3.8727136
19.235487	-3.8765444
19.245469	-3.8803767
19.255451	-3.8842104
19.265433	-3.8880456
19.275415	-3.8918822
19.285397	-3.8957202
19.295379	-3.8995597
19.305361	-3.9034006
19.315343	-3.9072429
19.325325	-3.9110866
19.335307	-3.9149318
19.345289	-3.9187784
19.355271	-3.9226265
19.365253	-3.9264759
19.375235	-3.9303268
19.385217	-3.9341791
19.395199	-3.9380328
19.405181	-3.9418879
19.415163	-3.9457445
19.425145	-3.9496025
19.435127	-3.9534619
19.445109	-3.9573227
19.455091	-3.9611849
19.465073	-3.9650485
19.475055	-3.9689136
19.485037	-3.9727801
19.495019	-3.9766479
19.505001	-3.9805172
19.514983	-3.9843879
19.524965	-3.98826
19.534947	-3.9921335
19.544929	-3.9960084
19.554911	-3.9998847
19.564893	-4.0037625
19.574875	-4.0076416
19.584857	-4.0115221
19.594839	-4.015404
19.604821	-4.0192873
19.614803	-4.0231721
19.624785	-4.0270582
19.634767	-4.0309457
19.644749	-4.0348346
19.654731	-4.0387249
19.664713	-4.0426166
19.674695	-4.0465097
19.684677	-4.0504042
19.694659	-4.0543
19.704641	-4.0581973
19.714623	-4.0620959
19.724605	-4.0659959
19.734587	-4.0698973
19.744569	-4.0738001
19.754551	-4.0777043
19.764533	-4.0816099
19.774515	-4.0855168
19.784497	-4.0894251
19.794479	-4.0933348
19.804461	-4.0972459
19.814443	-4.1011584
19.824425	-4.1050722
19.834407	-4.1089874
19.844389	-4.112904
19.854371	-4.116822
19.864353	-4.1207413
19.874335	-4.124662
19.884317	-4.128584
19.894299	-4.1325075
19.904281	-4.1364323
19.914263	-4.1403584
19.924245	-4.144286
19.934227	-4.1482148
19.944209	-4.1521451
19.954191	-4.1560767
19.964173	-4.1600097
19.974155	-4.163944
19.984137	-4.1678797
19.994119	-4.1718168
20.004101	-4.1757552
20.014083	-4.179695
20.024065	-4.1836361
20.034047	-4.1875786
20.044029	-4.1915224
20.054011	-4.1954676
20.063993	-4.1994141
20.073975	-4.203362
20.083957	-4.2073112
20.093939	-4.2112618
20.103921	-4.2152137
20.113903	-4.2191669
20.123885	-4.2231215
20.133867	-4.2270775
20.143849	-4.2310348
20.153831	-4.2349934
20.163813	-4.2389534
20.173795	-4.2429147
20.183777	-4.2468773
20.193759	-4.2508413
20.203741	-4.2548066
20.213723	-4.2587733
20.223705	-4.2627413
20.233687	-4.2667106
20.243669	-4.2706812
20.253651	-4.2746532
20.263633	-4.2786265
20.273615	-4.2826011
20.283597	-4.2865771
20.293579	-4.2905544
20.303561	-4.294533
20.313543	-4.2985129
20.323525	-4.3024942
20.333507	-4.3064768
20.343489	-4.3104607
20.353471	-4.3144459
20.363453	-4.3184324
20.373435	-4.3224203
20.383417	-4.3264094
20.393399	-4.3303999
20.403381	-4.3343917
20.413363	-4.3383848
20.423345	-4.3423792
20.433327	-4.346375
20.443309	-4.350372
20.453291	-4.3543703
20.463273	-4.35837
20.473255	-4.362371
20.483237	-4.3663732
20.493219	-4.3703768
20.503201	-4.3743817
20.513183	-4.3783879
20.523165	-4.3823953
20.533147	-4.3864041
20.543129	-4.3904142
20.553111	-4.3944256
20.563093	-4.3984382
20.573075	-4.4024522
20.583057	-4.4064674
20.593039	-4.410484
20.603021	-4.4145018
20.613003	-4.418521
20.622985	-4.4225414
20.632967	-4.4265631
20.642949	-4.4305861
20.652931	-4.4346104
20.662913	-4.438636
20.672895	-4.4426629
20.682877	-4.446691
20.692859	-4.4507204
20.702841	-4.4547511
20.712823	-4.4587831
20.722805	-4.4628164
20.732787	-4.466851
20.742769	-4.4708868
20.752751	-4.4749239
20.762733	-4.4789623
20.772715	-4.4830019
20.782697	-4.4870428
20.792679	-4.491085
20.802661	-4.4951285
20.812643	-4.4991732
20.822625	-4.5032192
20.832607	-4.5072665
20.842589	-4.5113151
20.852571	-4.5153649
20.862553	-4.5194159
20.872535	-4.5234683
20.882517	-4.5275219
20.892498	-4.5315767
20.90248	-4.5356328
20.912462	-4.5396902
20.922444	-4.5437489
20.932426	-4.5478087
20.942408	-4.5518699
20.95239	-4.5559323
20.962372	-4.559996
20.972354	-4.5640609
20.982336	-4.568127
20.992318	-4.5721944
21.0023	-4.5762631
21.012282	-4.580333
21.022264	-4.5844042
21.032246	-4.5884766
21.042228	-4.5925502
21.05221	-4.5966251
21.062192	-4.6007012
21.072174	-4.6047786
21.082156	-4.6088572
21.092138	-4.6129371
21.10212	-4.6170182
21.112102	-4.6211005
21.122084	-4.6251841
21.132066	-4.6292689
21.142048	-4.6333549
21.15203	-4.6374422
21.162012	-4.6415307
21.171994	-4.6456205
21.181976	-4.6497114
21.191958	-4.6538036
21.20194	-4.657897
21.211922	-4.6619917
21.221904	-4.6660876
21.231886	-4.6701847
21.241868	-4.674283
21.25185	-4.6783826
21.261832	-4.6824833
21.271814	-4.6865853
21.281796	-4.6906885
21.291778	-4.694793
21.30176	-4.6988986
21.311742	-4.7030055
21.321724	-4.7071135
21.331706	-4.7112228
21.341688	-4.7153333
21.35167	-4.7194451
21.361652	-4.723558
21.371634	-4.7276721
21.381616	-4.7317875
21.391598	-4.735904
21.40158	-4.7400218
21.411562	-4.7441408
21.421544	-4.7482609
21.431526	-4.7523823
21.441508	-4.7565049
21.45149	-4.7606287
21.461472	-4.7647536
21.471454	-4.7688798
21.481436	-4.7730072
21.491418	-4.7771358
21.5014	-4.7812655
21.511382	-4.7853965
21.521364	-4.7895286
21.531346	-4.793662
21.541328	-4.7977965
21.55131	-4.8019323
21.561292	-4.8060692
21.571274	-4.8102073
21.581256	-4.8143466
21.591238	-4.8184871
21.60122	-4.8226288
21.611202	-4.8267716
21.621184	-4.8309156
21.631166	-4.8350609
21.641148	-4.8392073
21.65113	-4.8433548
21.661112	-4.8475036
21.671094	-4.8516535
21.681076	-4.8558046
21.691058	-4.8599569
21.70104	-4.8641104
21.711022	-4.868265
21.721004	-4.8724208
21.730986	-4.8765778
21.740968	-4.880736
21.75095	-4.8848953
21.760932	-4.8890558
21.770914	-4.8932174
21.780896	-4.8973803
21.790878	-4.9015442
21.80086	-4.9057094
21.810842	-4.9098757
21.820824	-4.9140432
21.830806	-4.9182118
21.840788	-4.9223816
21.85077	-4.9265526
21.860752	-4.9307247
21.870734	-4.9348979
21.880716	-4.9390724
21.890698	-4.9432479
21.90068	-4.9474247
21.910662	-4.9516026
21.920644	-4.9557816
21.930626	-4.9599618
21.940608	-4.9641431
21.95059	-4.9683256
21.960572	-4.9725092
21.970554	-4.976694
21.980536	-4.9808799
21.990518	-4.985067
22.0005	-4.9892552
22.010482	-4.9934445
22.020464	-4.997635
22.030446	-5.0018266
22.040428	-5.0060194
22.05041	-5.0102133
22.060392	-5.0144083
22.070374	-5.0186045
22.080356	-5.0228018
22.090338	-5.0270003
22.10032	-5.0311998
22.110302	-5.0354005
22.120284	-5.0396024
22.130266	-5.0438053
22.140248	-5.0480094
22.15023	-5.0522146
22.160212	-5.056421
22.170194	-5.0606284
22.180176	-5.064837
22.190158	-5.0690468
22.20014	-5.0732576
22.210122	-5.0774695
22.220104	-5.0816826
22.230086	-5.0858968
22.240068	-5.0901121
22.25005	-5.0943285
22.260032	-5.0985461
22.270014	-5.1027647
22.279996	-5.1069845
22.289978	-5.1112054
22.29996	-5.1154274
22.309942	-5.1196505
22.319924	-5.1238747
22.329906	-5.1281
22.339888	-5.1323264
22.34987	-5.1365539
22.359852	-5.1407826
22.369834	-5.1450123
22.379816	-5.1492432
22.389798	-5.1534751
22.39978	-5.1577081
22.409762	-5.1619423
22.419744	-5.1661775
22.429726	-5.1704138
22.439708	-5.1746513
22.44969	-5.1788898
22.459672	-5.1831294
22.469654	-5.1873701
22.479636	-5.1916119
22.489618	-5.1958548
22.4996	-5.2000988
22.509582	-5.2043439
22.519564	-5.2085901
22.529546	-5.2128373
22.539528	-5.2170856
22.54951	-5.2213351
22.559492	-5.2255856
22.569474	-5.2298371
22.579456	-5.2340898
22.589438	-5.2383435
22.59942	-5.2425984
22.609402	-5.2468543
22.619384	-5.2511112
22.629366	-5.2553693
22.639348	-5.2596284
22.64933	-5.2638886
22.659312	-5.2681499
22.669294	-5.2724123
22.679276	-5.2766757
22.689258	-5.2809402
22.69924	-5.2852057
22.709222	-5.2894724
22.719204	-5.29374
22.729186	-5.2980088
22.739168	-5.3022786
22.74915	-5.3065495
22.759132	-5.3108215
22.769114	-5.3150945
22.779096	-5.3193685
22.789078	-5.3236437
22.79906	-5.3279199
22.809042	-5.3321971
22.819024	-5.3364754
22.829006	-5.3407548
22.838988	-5.3450352
22.84897	-5.3493166
22.858952	-5.3535991
22.868934	-5.3578827
22.878916	-5.3621673
22.888898	-5.366453
22.89888	-5.3707397
22.908862	-5.3750275
22.918844	-5.3793163
22.928826	-5.3836061
22.938808	-5.387897
22.94879	-5.3921889
22.958772	-5.3964819
22.968754	-5.4007759
22.978736	-5.405071
22.988718	-5.4093671
22.9987	-5.4136642
23.008682	-5.4179624
23.018664	-5.4222616
23.028646	-5.4265618
23.038628	-5.4308631
23.04861	-5.4351654
23.058592	-5.4394687
23.068574	-5.4437731
23.078556	-5.4480785
23.088538	-5.4523849
23.09852	-5.4566924
23.108502	-5.4610008
23.118484	-5.4653103
23.128466	-5.4696209
23.138448	-5.4739324
23.14843	-5.478245
23.158412	-5.4825586
23.168394	-5.4868732
23.178376	-5.4911888
23.188358	-5.4955054
23.19834	-5.4998231
23.208322	-5.5041418
23.218304	-5.5084615
23.228286	-5.5127822
23.238268	-5.5171039
23.24825	-5.5214266
23.258232	-5.5257504
23.268214	-5.5300751
23.278196	-5.5344009
23.288178	-5.5387276
23.29816	-5.5430554
23.308142	-5.5473842
23.318124	-5.5517139
23.328106	-5.5560447
23.338088	-5.5603765
23.34807	-5.5647093
23.358052	-5.5690431
23.368034	-5.5733779
23.378016	-5.5777136
23.387998	-5.5820504
23.39798	-5.5863882
23.407962	-5.590727
23.417944	-5.5950667
23.427926	-5.5994075
23.437908	-5.6037492
23.44789	-5.608092
23.457872	-5.6124357
23.467854	-5.6167804
23.477836	-5.6211261
23.487818	-5.6254728
23.4978	-5.6298205
23.507782	-5.6341692
23.517764	-5.6385188
23.527746	-5.6428694
23.537728	-5.647221
23.54771	-5.6515736
23.557692	-5.6559272
23.567674	-5.6602818
23.577656	-5.6646373
23.587638	-5.6689938
23.59762	-5.6733513
23.607602	-5.6777097
23.617584	-5.6820691
23.627566	-5.6864295
23.637548	-5.6907909
23.64753	-5.6951533
23.657512	-5.6995166
23.667493	-5.7038808
23.677475	-5.7082461
23.687457	-5.7126123
23.697439	-5.7169795
23.707421	-5.7213476
23.717403	-5.7257167
23.727385	-5.7300868
23.737367	-5.7344578
23.747349	-5.7388298
23.757331	-5.7432027
23.767313	-5.7475767
23.777295	-5.7519515
23.787277	-5.7563273
23.797259	-5.7607041
23.807241	-5.7650818
23.817223	-5.7694605
23.827205	-5.7738401
23.837187	-5.7782207
23.847169	-5.7826023
23.857151	-5.7869847
23.867133	-5.7913682
23.877115	-5.7957525
23.887097	-5.8001379
23.897079	-5.8045241
23.907061	-5.8089113
23.917043	-5.8132995
23.927025	-5.8176886
23.937007	-5.8220786
23.946989	-5.8264696
23.956971	-5.8308615
23.966953	-5.8352544
23.976935	-5.8396482
23.986917	-5.8440429
23.996899	-5.8484386
24.006881	-5.8528351
24.016863	-5.8572327
24.026845	-5.8616311
24.036827	-5.8660305
24.046809	-5.8704308
24.056791	-5.8748321
24.066773	-5.8792343
24.076755	-5.8836374
24.086737	-5.8880414
24.096719	-5.8924464
24.106701	-5.8968522
24.116683	-5.901259
24.126665	-5.9056668
24.136647	-5.9100754
24.146629	-5.914485
24.156611	-5.9188954
24.166593	-5.9233068
24.176575	-5.9277192
24.186557	-5.9321324
24.196539	-5.9365465
24.206521	-5.9409616
24.216503	-5.9453776
24.226485	-5.9497944
24.236467	-5.9542122
24.246449	-5.9586309
24.256431	-5.9630506
24.266413	-5.9674711
24.276395	-5.9718925
24.286377	-5.9763148
24.296359	-5.9807381
24.306341	-5.9851622
24.316323	-5.9895873
24.326305	-5.9940132
24.336287	-5.9984401
24.346269	-6.0028678
24.356251	-6.0072964
24.366233	-6.011726
24.376215	-6.0161564
24.386197	-6.0205878
24.396179	-6.02502
24.406161	-6.0294531
24.416143	-6.0338871
24.426125	-6.0383221
24.436107	-6.0427579
24.446089	-6.0471945
24.456071	-6.0516321
24.466053	-6.0560706
24.476035	-6.0605099
24.486017	-6.0649502
24.495999	-6.0693913
24.505981	-6.0738333
24.515963	-6.0782762
24.525945	-6.08272
24.535927	-6.0871646
24.545909	-6.0916102
24.555891	-6.0960566
24.565873	-6.1005039
24.575855	-6.104952
24.585837	-6.1094011
24.595819	-6.113851
24.605801	-6.1183018
24.615783	-6.1227535
24.625765	-6.127206
24.635747	-6.1316594
24.645729	-6.1361137
24.655711	-6.1405688
24.665693	-6.1450248
24.675675	-6.1494817
24.685657	-6.1539395
24.695639	-6.1583981
24.705621	-6.1628576
24.715603	-6.1673179
24.725585	-6.1717791
24.735567	-6.1762412
24.745549	-6.1807041
24.755531	-6.1851679
24.765513	-6.1896325
24.775495	-6.194098
24.785477	-6.1985644
24.795459	-6.2030316
24.805441	-6.2074997
24.815423	-6.2119686
24.825405	-6.2164384
24.835387	-6.220909
24.845369	-6.2253805
24.855351	-6.2298528
24.865333	-6.234326
24.875315	-6.2388
24.885297	-6.2432749
24.895279	-6.2477506
24.905261	-6.2522271
24.915243	-6.2567045
24.925225	-6.2611828
24.935207	-6.2656619
24.945189	-6.2701418
24.955171	-6.2746226
24.965153	-6.2791042
24.975135	-6.2835866
24.985117	-6.2880699
24.995099	-6.292554
25.005081	-6.297039
25.015063	-6.3015248
25.025045	-6.3060114
25.035027	-6.3104988
25.045009	-6.3149871
25.054991	-6.3194762
25.064973	-6.3239662
25.074955	-6.3284569
25.084937	-6.3329485
25.094919	-6.337441
25.104901	-6.3419342
25.114883	-6.3464283
25.124865	-6.3509232
25.134847	-6.3554189
25.144829	-6.3599155
25.154811	-6.3644128
25.164793	-6.368911
25.174775	-6.37341
25.184757	-6.3779098
25.194739	-6.3824105
25.204721	-6.3869119
25.214703	-6.3914142
25.224685	-6.3959173
25.234667	-6.4004212
25.244649	-6.4049259
25.254631	-6.4094314
25.264613	-6.4139377
25.274595	-6.4184448
25.284577	-6.4229528
25.294559	-6.4274615
25.304541	-6.4319711
25.314523	-6.4364815
25.324505	-6.4409926
25.334487	-6.4455046
25.344469	-6.4500174
25.354451	-6.4545309
25.364433	-6.4590453
25.374415	-6.4635605
25.384397	-6.4680765
25.394379	-6.4725932
25.404361	-6.4771108
25.414343	-6.4816292
25.424325	-6.4861483
25.434307	-6.4906683
25.444289	-6.495189
25.454271	-6.4997106
25.464253	-6.5042329
25.474235	-6.508756
25.484217	-6.5132799
25.494199	-6.5178046
25.504181	-6.5223301
25.514163	-6.5268564
25.524145	-6.5313834
25.534127	-6.5359113
25.544109	-6.5404399
25.554091	-6.5449693
25.564073	-6.5494995
25.574055	-6.5540304
25.584037	-6.5585622
25.594019	-6.5630947
25.604001	-6.567628
25.613983	-6.5721621
25.623965	-6.576697
25.633947	-6.5812326
25.643929	-6.585769
25.653911	-6.5903062
25.663893	-6.5948441
25.673875	-6.5993829
25.683857	-6.6039223
25.693839	-6.6084626
25.703821	-6.6130036
25.713803	-6.6175454
25.723785	-6.622088
25.733767	-6.6266313
25.743749	-6.6311754
25.753731	-6.6357203
25.763713	-6.6402659
25.773695	-6.6448123
25.783677	-6.6493595
25.793659	-6.6539074
25.803641	-6.658456
25.813623	-6.6630055
25.823605	-6.6675556
25.833587	-6.6721066
25.843569	-6.6766583
25.853551	-6.6812107
25.863533	-6.6857639
25.873515	-6.6903179
25.883497	-6.6948726
25.893479	-6.6994281
25.903461	-6.7039843
25.913443	-6.7085412
25.923425	-6.7130989
25.933407	-6.7176574
25.943389	-6.7222166
25.953371	-6.7267765
25.963353	-6.7313372
25.973335	-6.7358986
25.983317	-6.7404608
25.993299	-6.7450237
26.003281	-6.7495874
26.013263	-6.7541518
26.023245	-6.7587169
26.033227	-6.7632828
26.043209	-6.7678494
26.053191	-6.7724168
26.063173	-6.7769849
26.073155	-6.7815537
26.083137	-6.7861232
26.093119	-6.7906935
26.103101	-6.7952645
26.113083	-6.7998363
26.123065	-6.8044087
26.133047	-6.8089819
26.143029	-6.8135559
26.153011	-6.8181305
26.162993	-6.8227059
26.172975	-6.827282
26.182957	-6.8318589
26.192939	-6.8364364
26.202921	-6.8410147
26.212903	-6.8455937
26.222885	-6.8501734
26.232867	-6.8547539
26.242849	-6.8593351
26.252831	-6.8639169
26.262813	-6.8684995
26.272795	-6.8730828
26.282777	-6.8776669
26.292759	-6.8822516
26.302741	-6.8868371
26.312723	-6.8914233
26.322705	-6.8960101
26.332687	-6.9005977
26.342669	-6.905186
26.352651	-6.909775
26.362633	-6.9143648
26.372615	-6.9189552
26.382597	-6.9235463
26.392579	-6.9281382
26.402561	-6.9327307
26.412543	-6.937324
26.422525	-6.9419179
26.432507	-6.9465126
26.442488	-6.9511079
26.45247	-6.955704
26.462452	-6.9603007
26.472434	-6.9648982
26.482416	-6.9694963
26.492398	-6.9740951
26.50238	-6.9786947
26.512362	-6.9832949
26.522344	-6.9878958
26.532326	-6.9924975
26.542308	-6.9970998
26.55229	-7.0017028
26.562272	-7.0063065
26.572254	-7.0109109
26.582236	-7.0155159
26.592218	-7.0201217
26.6022	-7.0247281
26.612182	-7.0293353
26.622164	-7.0339431
26.632146	-7.0385516
26.642128	-7.0431608
26.65211	-7.0477706
26.662092	-7.0523812
26.672074	-7.0569924
26.682056	-7.0616043
26.692038	-7.0662169
26.70202	-7.0708302
26.712002	-7.0754441
26.721984	-7.0800587
26.731966	-7.084674
26.741948	-7.08929
26.75193	-7.0939066
26.761912	-7.0985239
26.771894	-7.1031419
26.781876	-7.1077606
26.791858	-7.1123799
26.80184	-7.1169999
26.811822	-7.1216205
26.821804	-7.1262419
26.831786	-7.1308639
26.841768	-7.1354865
26.85175	-7.1401099
26.861732	-7.1447338
26.871714	-7.1493585
26.881696	-7.1539838
26.891678	-7.1586098
26.90166	-7.1632364
26.911642	-7.1678637
26.921624	-7.1724917
26.931606	-7.1771203
26.941588	-7.1817495
26.95157	-7.1863795
26.961552	-7.19101
26.971534	-7.1956413
26.981516	-7.2002732
26.991498	-7.2049057
27.00148	-7.2095389
27.011462	-7.2141727
27.021444	-7.2188072
27.031426	-7.2234424
27.041408	-7.2280782
27.05139	-7.2327146
27.061372	-7.2373517
27.071354	-7.2419894
27.081336	-7.2466278
27.091318	-7.2512668
27.1013	-7.2559065
27.111282	-7.2605468
27.121264	-7.2651877
27.131246	-7.2698293
27.141228	-7.2744715
27.15121	-7.2791144
27.161192	-7.2837579
27.171174	-7.288402
27.181156	-7.2930468
27.191138	-7.2976922
27.20112	-7.3023382
27.211102	-7.3069849
27.221084	-7.3116322
27.231066	-7.3162802
27.241048	-7.3209287
27.25103	-7.3255779
27.261012	-7.3302278
27.270994	-7.3348782
27.280976	-7.3395293
27.290958	-7.344181
27.30094	-7.3488334
27.310922	-7.3534863
27.320904	-7.3581399
27.330886	-7.3627941
27.340868	-7.367449
27.35085	-7.3721044
27.360832	-7.3767605
27.370814	-7.3814172
27.380796	-7.3860745
27.390778	-7.3907324
27.40076	-7.395391
27.410742	-7.4000502
27.420724	-7.4047099
27.430706	-7.4093703
27.440688	-7.4140314
27.45067	-7.418693
27.460652	-7.4233552
27.470634	-7.4280181
27.480616	-7.4326815
27.490598	-7.4373456
27.50058	-7.4420103
27.510562	-7.4466756
27.520544	-7.4513415
27.530526	-7.456008
27.540508	-7.4606751
27.55049	-7.4653428
27.560472	-7.4700111
27.570454	-7.47468
27.580436	-7.4793496
27.590418	-7.4840197
27.6004	-7.4886904
27.610382	-7.4933617
27.620364	-7.4980337
27.630346	-7.5027062
27.640328	-7.5073793
27.65031	-7.512053
27.660292	-7.5167273
27.670274	-7.5214022
27.680256	-7.5260777
27.690238	-7.5307538
27.70022	-7.5354305
27.710202	-7.5401078
27.720184	-7.5447857
27.730166	-7.5494641
27.740148	-7.5541432
27.75013	-7.5588228
27.760112	-7.563503
27.770094	-7.5681838
27.780076	-7.5728652
27.790058	-7.5775472
27.80004	-7.5822298
27.810022	-7.5869129
27.820004	-7.5915967
27.829986	-7.596281
27.839968	-7.6009659
27.84995	-7.6056513
27.859932	-7.6103374
27.869914	-7.615024
27.879896	-7.6197112
27.889878	-7.624399
27.89986	-7.6290874
27.909842	-7.6337763
27.919824	-7.6384658
27.929806	-7.6431559
27.939788	-7.6478466
27.94977	-7.6525378
27.959752	-7.6572296
27.969734	-7.661922
27.979716	-7.6666149
27.989698	-7.6713084
27.99968	-7.6760025
28.009662	-7.6806971
28.019644	-7.6853924
28.029626	-7.6900881
28.039608	-7.6947845
28.04959	-7.6994814
28.059572	-7.7041788
28.069554	-7.7088769
28.079536	-7.7135755
28.089518	-7.7182746
28.0995	-7.7229743
28.109482	-7.7276746
28.119464	-7.7323754
28.129446	-7.7370768
28.139428	-7.7417788
28.14941	-7.7464812
28.159392	-7.7511843
28.169374	-7.7558879
28.179356	-7.7605921
28.189338	-7.7652968
28.19932	-7.770002
28.209302	-7.7747079
28.219284	-7.7794142
28.229266	-7.7841211
28.239248	-7.7888286
28.24923	-7.7935366
28.259212	-7.7982452
28.269194	-7.8029543
28.279176	-7.8076639
28.289158	-7.8123741
28.29914	-7.8170849
28.309122	-7.8217962
28.319104	-7.826508
28.329086	-7.8312203
28.339068	-7.8359333
28.34905	-7.8406467
28.359032	-7.8453607
28.369014	-7.8500752
28.378996	-7.8547903
28.388978	-7.8595059
28.39896	-7.864222
28.408942	-7.8689387
28.418924	-7.8736559
28.428906	-7.8783736
28.438888	-7.8830919
28.44887	-7.8878107
28.458852	-7.89253
28.468834	-7.8972499
28.478816	-7.9019703
28.488798	-7.9066912
28.49878	-7.9114126
28.508762	-7.9161346
28.518744	-7.9208571
28.528726	-7.9255802
28.538708	-7.9303037
28.54869	-7.9350278
28.558672	-7.9397524
28.568654	-7.9444775
28.578636	-7.9492032
28.588618	-7.9539293
28.5986	-7.958656
28.608582	-7.9633832
28.618564	-7.968111
28.628546	-7.9728392
28.638528	-7.977568
28.64851	-7.9822972
28.658492	-7.987027
28.668474	-7.9917573
28.678456	-7.9964882
28.688438	-8.0012195
28.69842	-8.0059514
28.708402	-8.0106837
28.718384	-8.0154166
28.728366	-8.02015
28.738348	-8.0248839
28.74833	-8.0296183
28.758312	-8.0343532
28.768294	-8.0390886
28.778276	-8.0438245
28.788258	-8.0485609
28.79824	-8.0532979
28.808222	-8.0580353
28.818204	-8.0627732
28.828186	-8.0675117
28.838168	-8.0722506
28.84815	-8.0769901
28.858132	-8.08173
28.868114	-8.0864705
28.878096	-8.0912114
28.888078	-8.0959529
28.89806	-8.1006948
28.908042	-8.1054372
28.918024	-8.1101802
28.928006	-8.1149236
28.937988	-8.1196675
28.94797	-8.1244119
28.957952	-8.1291568
28.967934	-8.1339022
28.977916	-8.1386481
28.987898	-8.1433945
28.99788	-8.1481414
29.007862	-8.1528887
29.017844	-8.1576366
29.027826	-8.1623849
29.037808	-8.1671337
29.04779	-8.1718831
29.057772	-8.1766329
29.067754	-8.1813831
29.077736	-8.1861339
29.087718	-8.1908851
29.0977	-8.1956369
29.107682	-8.2003891
29.117664	-8.2051418
29.127646	-8.2098949
29.137628	-8.2146486
29.14761	-8.2194027
29.157592	-8.2241573
29.167574	-8.2289124
29.177556	-8.233668
29.187538	-8.238424
29.19752	-8.2431805
29.207502	-8.2479375
29.217483	-8.2526949
29.227465	-8.2574529
29.237447	-8.2622113
29.247429	-8.2669701
29.257411	-8.2717295
29.267393	-8.2764893
29.277375	-8.2812496
29.287357	-8.2860103
29.297339	-8.2907715
29.307321	-8.2955332
29.317303	-8.3002954
29.327285	-8.305058
29.337267	-8.3098211
29.347249	-8.3145846
29.357231	-8.3193486
29.367213	-8.3241131
29.377195	-8.328878
29.387177	-8.3336434
29.397159	-8.3384092
29.407141	-8.3431755
29.417123	-8.3479423
29.427105	-8.3527095
29.437087	-8.3574772
29.447069	-8.3622454
29.457051	-8.367014
29.467033	-8.371783
29.477015	-8.3765525
29.486997	-8.3813225
29.496979	-8.3860929
29.506961	-8.3908637
29.516943	-8.3956351
29.526925	-8.4004068
29.536907	-8.405179
29.546889	-8.4099517
29.556871	-8.4147248
29.566853	-8.4194984
29.576835	-8.4242724
29.586817	-8.4290468
29.596799	-8.4338217
29.606781	-8.4385971
29.616763	-8.4433729
29.626745	-8.4481491
29.636727	-8.4529258
29.646709	-8.4577029
29.656691	-8.4624804
29.666673	-8.4672584
29.676655	-8.4720369
29.686637	-8.4768158
29.696619	-8.4815951
29.706601	-8.4863748
29.716583	-8.491155
29.726565	-8.4959356
29.736547	-8.5007167
29.746529	-8.5054982
29.756511	-8.5102801
29.766493	-8.5150625
29.776475	-8.5198453
29.786457	-8.5246285
29.796439	-8.5294122
29.806421	-8.5341963
29.816403	-8.5389808
29.826385	-8.5437657
29.836367	-8.5485511
29.846349	-8.5533369
29.856331	-8.5581232
29.866313	-8.5629098
29.876295	-8.5676969
29.886277	-8.5724844
29.896259	-8.5772724
29.906241	-8.5820607
29.916223	-8.5868495
29.926205	-8.5916387
29.936187	-8.5964283
29.946169	-8.6012184
29.956151	-8.6060088
29.966133	-8.6107997
29.976115	-8.615591
29.986097	-8.6203827
29.996079	-8.6251749
30.006061	-8.6299674
30.016043	-8.6347604
30.026025	-8.6395538
30.036007	-8.6443476
30.045989	-8.6491418
30.055971	-8.6539364
30.065953	-8.6587315
30.075935	-8.6635269
30.085917	-8.6683228
30.095899	-8.6731191
30.105881	-8.6779158
30.115863	-8.6827129
30.125845	-8.6875104
30.135827	-8.6923083
30.145809	-8.6971066
30.155791	-8.7019053
30.165773	-8.7067044
30.175755	-8.711504
30.185737	-8.7163039
30.195719	-8.7211042
30.205701	-8.725905
30.215683	-8.7307061
30.225665	-8.7355077
30.235647	-8.7403096
30.245629	-8.745112
30.255611	-8.7499147
30.265593	-8.7547179
30.275575	-8.7595214
30.285557	-8.7643253
30.295539	-8.7691297
30.305521	-8.7739344
30.315503	-8.7787395
30.325485	-8.7835451
30.335467	-8.788351
30.345449	-8.7931573
30.355431	-8.797964
30.365413	-8.8027711
30.375395	-8.8075786
30.385377	-8.8123864
30.395359	-8.8171947
30.405341	-8.8220034
30.415323	-8.8268124
30.425305	-8.8316218
30.435287	-8.8364317
30.445269	-8.8412419
30.455251	-8.8460525
30.465233	-8.8508634
30.475215	-8.8556748
30.485197	-8.8604865
30.495179	-8.8652987
30.505161	-8.8701112
30.515143	-8.8749241
30.525125	-8.8797373
30.535107	-8.884551
30.545089	-8.889365
30.555071	-8.8941794
30.565053	-8.8989942
30.575035	-8.9038094
30.585017	-8.908625
30.594999	-8.9134409
30.604981	-8.9182572
30.614963	-8.9230738
30.624945	-8.9278909
30.634927	-8.9327083
30.644909	-8.9375261
30.654891	-8.9423443
30.664873	-8.9471628
30.674855	-8.9519817
30.684837	-8.956801
30.694819	-8.9616207
30.704801	-8.9664407
30.714783	-8.9712611
30.724765	-8.9760818
30.734747	-8.980903
30.744729	-8.9857245
30.754711	-8.9905463
30.764693	-8.9953685
30.774675	-9.0001911
30.784657	-9.0050141
30.794639	-9.0098374
30.804621	-9.0146611
30.814603	-9.0194851
30.824585	-9.0243095
30.834567	-9.0291343
30.844549	-9.0339594
30.854531	-9.0387849
30.864513	-9.0436107
30.874495	-9.0484369
30.884477	-9.0532635
30.894459	-9.0580904
30.904441	-9.0629177
30.914423	-9.0677453
30.924405	-9.0725733
30.934387	-9.0774016
30.944369	-9.0822303
30.954351	-9.0870593
30.964333	-9.0918887
30.974315	-9.0967185
30.984297	-9.1015486
30.994279	-9.106379
31.004261	-9.1112098
31.014243	-9.116041
31.024225	-9.1208724
31.034207	-9.1257043
31.044189	-9.1305365
31.054171	-9.135369
31.064153	-9.1402019
31.074135	-9.1450351
31.084117	-9.1498687
31.094099	-9.1547026
31.104081	-9.1595369
31.114063	-9.1643715
31.124045	-9.1692064
31.134027	-9.1740417
31.144009	-9.1788773
31.153991	-9.1837133
31.163973	-9.1885496
31.173955	-9.1933863
31.183937	-9.1982232
31.193919	-9.2030606
31.203901	-9.2078982
31.213883	-9.2127362
31.223865	-9.2175745
31.233847	-9.2224132
31.243829	-9.2272522
31.253811	-9.2320916
31.263793	-9.2369312
31.273775	-9.2417712
31.283757	-9.2466116
31.293739	-9.2514522
31.303721	-9.2562932
31.313703	-9.2611345
31.323685	-9.2659762
31.333667	-9.2708182
31.343649	-9.2756605
31.353631	-9.2805031
31.363613	-9.2853461
31.373595	-9.2901894
31.383577	-9.295033
31.393559	-9.299877
31.403541	-9.3047212
31.413523	-9.3095658
31.423505	-9.3144107
31.433487	-9.319256
31.443469	-9.3241015
31.453451	-9.3289474
31.463433	-9.3337936
31.473415	-9.3386402
31.483397	-9.343487
31.493379	-9.3483342
31.503361	-9.3531817
31.513343	-9.3580295
31.523325	-9.3628776
31.533307	-9.367726
31.543289	-9.3725748
31.553271	-9.3774238
31.563253	-9.3822732
31.573235	-9.3871229
31.583217	-9.3919729
31.593199	-9.3968232
31.603181	-9.4016739
31.613163	-9.4065248
31.623145	-9.4113761
31.633127	-9.4162276
31.643109	-9.4210795
31.653091	-9.4259317
31.663073	-9.4307842
31.673055	-9.435637
31.683037	-9.4404901
31.693019	-9.4453435
31.703001	-9.4501972
31.712983	-9.4550513
31.722965	-9.4599056
31.732947	-9.4647603
31.742929	-9.4696152
31.752911	-9.4744704
31.762893	-9.479326
31.772875	-9.4841818
31.782857	-9.489038
31.792839	-9.4938944
31.802821	-9.4987512
31.812803	-9.5036083
31.822785	-9.5084656
31.832767	-9.5133233
31.842749	-9.5181812
31.852731	-9.5230395
31.862713	-9.527898
31.872695	-9.5327568
31.882677	-9.537616
31.892659	-9.5424754
31.902641	-9.5473351
31.912623	-9.5521952
31.922605	-9.5570555
31.932587	-9.5619161
31.942569	-9.566777
31.952551	-9.5716382
31.962533	-9.5764996
31.972515	-9.5813614
31.982496	-9.5862235
31.992478	-9.5910858
32.00246	-9.5959484
32.012442	-9.6008114
32.022424	-9.6056746
32.032406	-9.6105381
32.042388	-9.6154019
32.05237	-9.6202659
32.062352	-9.6251303
32.072334	-9.6299949
32.082316	-9.6348598
32.092298	-9.6397251
32.10228	-9.6445905
32.112262	-9.6494563
32.122244	-9.6543224
32.132226	-9.6591887
32.142208	-9.6640553
32.15219	-9.6689222
32.162172	-9.6737894
32.172154	-9.6786568
32.182136	-9.6835246
32.192118	-9.6883926
32.2021	-9.6932608
32.212082	-9.6981294
32.222064	-9.7029982
32.232046	-9.7078673
32.242028	-9.7127367
32.25201	-9.7176064
32.261992	-9.7224763
32.271974	-9.7273465
32.281956	-9.732217
32.291938	-9.7370878
32.30192	-9.7419588
32.311902	-9.7468301
32.321884	-9.7517016
32.331866	-9.7565735
32.341848	-9.7614456
32.35183	-9.7663179
32.361812	-9.7711906
32.371794	-9.7760635
32.381776	-9.7809366
32.391758	-9.7858101
32.40174	-9.7906838
32.411722	-9.7955577
32.421704	-9.800432
32.431686	-9.8053064
32.441668	-9.8101812
32.45165	-9.8150562
32.461632	-9.8199315
32.471614	-9.824807
32.481596	-9.8296828
32.491578	-9.8345589
32.50156	-9.8394352
32.511542	-9.8443118
32.521524	-9.8491887
32.531506	-9.8540658
32.541488	-9.8589431
32.55147	-9.8638207
32.561452	-9.8686986
32.571434	-9.8735767
32.581416	-9.8784551
32.591398	-9.8833337
32.60138	-9.8882126
32.611362	-9.8930918
32.621344	-9.8979712
32.631326	-9.9028508
32.641308	-9.9077307
32.65129	-9.9126109
32.661272	-9.9174913
32.671254	-9.9223719
32.681236	-9.9272528
32.691218	-9.932134
32.7012	-9.9370154
32.711182	-9.941897
32.721164	-9.9467789
32.731146	-9.9516611
32.741128	-9.9565435
32.75111	-9.9614261
32.761092	-9.966309
32.771074	-9.9711921
32.781056	-9.9760755
32.791038	-9.9809591
32.80102	-9.985843
32.811002	-9.9907271
32.820984	-9.9956114
32.830966	-10.000496
32.840948	-10.005381
32.85093	-10.010266
32.860912	-10.015151
32.870894	-10.020037
32.880876	-10.024923
32.890858	-10.029809
32.90084	-10.034695
32.910822	-10.039581
32.920804	-10.044468
32.930786	-10.049355
32.940768	-10.054242
32.95075	-10.05913
32.960732	-10.064017
32.970714	-10.068905
32.980696	-10.073793
32.990678	-10.078682
33.00066	-10.08357
33.010642	-10.088459
33.020624	-10.093348
33.030606	-10.098238
33.040588	-10.103127
33.05057	-10.108017
33.060552	-10.112907
33.070534	-10.117797
33.080516	-10.122688
33.090498	-10.127578
33.10048	-10.132469
33.110462	-10.13736
33.120444	-10.142252
33.130426	-10.147143
33.140408	-10.152035
33.15039	-10.156927
33.160372	-10.161819
33.170354	-10.166712
33.180336	-10.171604
33.190318	-10.176497
33.2003	-10.18139
33.210282	-10.186284
33.220264	-10.191177
33.230246	-10.196071
33.240228	-10.200965
33.25021	-10.205859
33.260192	-10.210754
33.270174	-10.215649
33.280156	-10.220544
33.290138	-10.225439
33.30012	-10.230334
33.310102	-10.23523
33.320084	-10.240125
33.330066	-10.245021
33.340048	-10.249917
33.35003	-10.254814
33.360012	-10.25971
33.369994	-10.264607
33.379976	-10.269504
33.389958	-10.274402
33.39994	-10.279299
33.409922	-10.284197
33.419904	-10.289095
33.429886	-10.293993
33.439868	-10.298891
33.44985	-10.30379
33.459832	-10.308688
33.469814	-10.313587
33.479796	-10.318486
33.489778	-10.323386
33.49976	-10.328285
33.509742	-10.333185
33.519724	-10.338085
33.529706	-10.342985
33.539688	-10.347886
33.54967	-10.352786
33.559652	-10.357687
33.569634	-10.362588
33.579616	-10.367489
33.589598	-10.37239
33.59958	-10.377292
33.609562	-10.382194
33.619544	-10.387096
33.629526	-10.391998
33.639508	-10.3969
33.64949	-10.401803
33.659472	-10.406706
33.669454	-10.411609
33.679436	-10.416512
33.689418	-10.421415
33.6994	-10.426319
33.709382	-10.431223
33.719364	-10.436127
33.729346	-10.441031
33.739328	-10.445935
33.74931	-10.45084
33.759292	-10.455744
33.769274	-10.460649
33.779256	-10.465554
33.789238	-10.47046
33.79922	-10.475365
33.809202	-10.480271
33.819184	-10.485177
33.829166	-10.490083
33.839148	-10.494989
33.84913	-10.499896
33.859112	-10.504802
33.869094	-10.509709
33.879076	-10.514616
33.889058	-10.519523
33.89904	-10.524431
33.909022	-10.529338
33.919004	-10.534246
33.928986	-10.539154
33.938968	-10.544062
33.94895	-10.54897
33.958932	-10.553879
33.968914	-10.558787
33.978896	-10.563696
33.988878	-10.568605
33.99886	-10.573515
34.008842	-10.578424
34.018824	-10.583334
34.028806	-10.588243
34.038788	-10.593153
34.04877	-10.598063
34.058752	-10.602974
34.068734	-10.607884
34.078716	-10.612795
34.088698	-10.617706
34.09868	-10.622617
34.108662	-10.627528
34.118644	-10.632439
34.128626	-10.637351
34.138608	-10.642262
34.14859	-10.647174
34.158572	-10.652086
34.168554	-10.656999
34.178536	-10.661911
34.188518	-10.666824
34.1985	-10.671736
34.208482	-10.676649
34.218464	-10.681562
34.228446	-10.686476
34.238428	-10.691389
34.24841	-10.696303
34.258392	-10.701216
34.268374	-10.70613
34.278356	-10.711044
34.288338	-10.715959
34.29832	-10.720873
34.308302	-10.725788
34.318284	-10.730702
34.328266	-10.735617
34.338248	-10.740532
34.34823	-10.745448
34.358212	-10.750363
34.368194	-10.755279
34.378176	-10.760194
34.388158	-10.76511
34.39814	-10.770026
34.408122	-10.774943
34.418104	-10.779859
34.428086	-10.784776
34.438068	-10.789692
34.44805	-10.794609
34.458032	-10.799526
34.468014	-10.804443
34.477996	-10.809361
34.487978	-10.814278
34.49796	-10.819196
34.507942	-10.824114
34.517924	-10.829032
34.527906	-10.83395
34.537888	-10.838868
34.54787	-10.843787
34.557852	-10.848705
34.567834	-10.853624
34.577816	-10.858543
34.587798	-10.863462
34.59778	-10.868381
34.607762	-10.8733
34.617744	-10.87822
34.627726	-10.88314
34.637708	-10.888059
34.64769	-10.892979
34.657672	-10.8979
34.667654	-10.90282
34.677636	-10.90774
34.687618	-10.912661
34.6976	-10.917581
34.707582	-10.922502
34.717564	-10.927423
34.727546	-10.932344
34.737528	-10.937266
34.74751	-10.942187
34.757491	-10.947109
34.767473	-10.952031
34.777455	-10.956952
34.787437	-10.961874
34.797419	-10.966797
34.807401	-10.971719
34.817383	-10.976641
34.827365	-10.981564
34.837347	-10.986487
34.847329	-10.99141
34.857311	-10.996333
34.867293	-11.001256
34.877275	-11.006179
34.887257	-11.011103
34.897239	-11.016026
34.907221	-11.02095
34.917203	-11.025874
34.927185	-11.030798
34.937167	-11.035722
34.947149	-11.040646
34.957131	-11.045571
34.967113	-11.050495
34.977095	-11.05542
34.987077	-11.060345
34.997059	-11.065269
35.007041	-11.070195
35.017023	-11.07512
35.027005	-11.080045
35.036987	-11.084971
35.046969	-11.089896
35.056951	-11.094822
35.066933	-11.099748
35.076915	-11.104674
35.086897	-11.1096
35.096879	-11.114526
35.106861	-11.119453
35.116843	-11.124379
35.126825	-11.129306
35.136807	-11.134233
35.146789	-11.13916
35.156771	-11.144087
35.166753	-11.149014
35.176735	-11.153941
35.186717	-11.158868
35.196699	-11.163796
35.206681	-11.168724
35.216663	-11.173651
35.226645	-11.178579
35.236627	-11.183507
35.246609	-11.188436
35.256591	-11.193364
35.266573	-11.198292
35.276555	-11.203221
35.286537	-11.208149
35.296519	-11.213078
35.306501	-11.218007
35.316483	-11.222936
35.326465	-11.227865
35.336447	-11.232795
35.346429	-11.237724
35.356411	-11.242653
35.366393	-11.247583
35.376375	-11.252513
35.386357	-11.257443
35.396339	-11.262373
35.406321	-11.267303
35.416303	-11.272233
35.426285	-11.277163
35.436267	-11.282094
35.446249	-11.287024
35.456231	-11.291955
35.466213	-11.296886
35.476195	-11.301817
35.486177	-11.306748
35.496159	-11.311679
35.506141	-11.31661
35.516123	-11.321541
35.526105	-11.326473
35.536087	-11.331404
35.546069	-11.336336
35.556051	-11.341268
35.566033	-11.3462
35.576015	-11.351132
35.585997	-11.356064
35.595979	-11.360996
35.605961	-11.365928
35.615943	-11.370861
35.625925	-11.375793
35.635907	-11.380726
35.645889	-11.385659
35.655871	-11.390592
35.665853	-11.395525
35.675835	-11.400458
35.685817	-11.405391
35.695799	-11.410324
35.705781	-11.415258
35.715763	-11.420191
35.725745	-11.425125
35.735727	-11.430058
35.745709	-11.434992
35.755691	-11.439926
35.765673	-11.44486
35.775655	-11.449794
35.785637	-11.454728
35.795619	-11.459663
35.805601	-11.464597
35.815583	-11.469532
35.825565	-11.474466
35.835547	-11.479401
35.845529	-11.484336
35.855511	-11.489271
35.865493	-11.494206
35.875475	-11.499141
35.885457	-11.504076
35.895439	-11.509011
35.905421	-11.513947
35.915403	-11.518882
35.925385	-11.523818
35.935367	-11.528753
35.945349	-11.533689
35.955331	-11.538625
35.965313	-11.543561
35.975295	-11.548497
35.985277	-11.553433
35.995259	-11.558369
36.005241	-11.563306
36.015223	-11.568242
36.025205	-11.573179
36.035187	-11.578115
36.045169	-11.583052
36.055151	-11.587989
36.065133	-11.592926
36.075115	-11.597862
36.085097	-11.6028
36.095079	-11.607737
36.105061	-11.612674
36.115043	-11.617611
36.125025	-11.622549
36.135007	-11.627486
36.144989	-11.632424
36.154971	-11.637361
36.164953	-11.642299
36.174935	-11.647237
36.184917	-11.652175
36.194899	-11.657113
36.204881	-11.662051
36.214863	-11.666989
36.224845	-11.671927
36.234827	-11.676866
36.244809	-11.681804
36.254791	-11.686742
36.264773	-11.691681
36.274755	-11.69662
36.284737	-11.701558
36.294719	-11.706497
36.304701	-11.711436
36.314683	-11.716375
36.324665	-11.721314
36.334647	-11.726253
36.344629	-11.731193
36.354611	-11.736132
36.364593	-11.741071
36.374575	-11.746011
36.384557	-11.75095
36.394539	-11.75589
36.404521	-11.760829
36.414503	-11.765769
36.424485	-11.770709
36.434467	-11.775649
36.444449	-11.780589
36.454431	-11.785529
36.464413	-11.790469
36.474395	-11.795409
36.484377	-11.800349
36.494359	-11.80529
36.504341	-11.81023
36.514323	-11.815171
36.524305	-11.820111
36.534287	-11.825052
36.544269	-11.829993
36.554251	-11.834933
36.564233	-11.839874
36.574215	-11.844815
36.584197	-11.849756
36.594179	-11.854697
36.604161	-11.859638
36.614143	-11.864579
36.624125	-11.869521
36.634107	-11.874462
36.644089	-11.879403
36.654071	-11.884345
36.664053	-11.889286
36.674035	-11.894228
36.684017	-11.89917
36.693999	-11.904111
36.703981	-11.909053
36.713963	-11.913995
36.723945	-11.918937
36.733927	-11.923879
36.743909	-11.928821
36.753891	-11.933763
36.763873	-11.938705
36.773855	-11.943647
36.783837	-11.94859
36.793819	-11.953532
36.803801	-11.958474
36.813783	-11.963417
36.823765	-11.968359
36.833747	-11.973302
36.843729	-11.978244
36.853711	-11.983187
36.863693	-11.98813
36.873675	-11.993073
36.883657	-11.998016
36.893639	-12.002959
36.903621	-12.007902
36.913603	-12.012845
36.923585	-12.017788
36.933567	-12.022731
36.943549	-12.027674
36.953531	-12.032617
36.963513	-12.037561
36.973495	-12.042504
36.983477	-12.047447
36.993459	-12.052391
37.003441	-12.057334
37.013423	-12.062278
37.023405	-12.067222
37.033387	-12.072165
37.043369	-12.077109
37.053351	-12.082053
37.063333	-12.086997
37.073315	-12.091941
37.083297	-12.096885
37.093279	-12.101829
37.103261	-12.106773
37.113243	-12.111717
37.123225	-12.116661
37.133207	-12.121605
37.143189	-12.126549
37.153171	-12.131494
37.163153	-12.136438
37.173135	-12.141383
37.183117	-12.146327
37.193099	-12.151271
37.203081	-12.156216
37.213063	-12.161161
37.223045	-12.166105
37.233027	-12.17105
37.243009	-12.175995
37.252991	-12.180939
37.262973	-12.185884
37.272955	-12.190829
37.282937	-12.195774
37.292919	-12.200719
37.302901	-12.205664
37.312883	-12.210609
37.322865	-12.215554
37.332847	-12.220499
37.342829	-12.225444
37.352811	-12.230389
37.362793	-12.235335
37.372775	-12.24028
37.382757	-12.245225
37.392739	-12.25017
37.402721	-12.255116
37.412703	-12.260061
37.422685	-12.265007
37.432667	-12.269952
37.442649	-12.274898
37.452631	-12.279843
37.462613	-12.284789
37.472595	-12.289735
37.482577	-12.29468
37.492559	-12.299626
37.502541	-12.304572
37.512523	-12.309517
37.522505	-12.314463
37.532486	-12.319409
37.542468	-12.324355
37.55245	-12.329301
37.562432	-12.334247
37.572414	-12.339193
37.582396	-12.344139
37.592378	-12.349085
37.60236	-12.354031
37.612342	-12.358977
37.622324	-12.363923
37.632306	-12.36887
37.642288	-12.373816
37.65227	-12.378762
37.662252	-12.383708
37.672234	-12.388655
37.682216	-12.393601
37.692198	-12.398547
37.70218	-12.403494
37.712162	-12.40844
37.722144	-12.413387
37.732126	-12.418333
37.742108	-12.42328
37.75209	-12.428226
37.762072	-12.433173
37.772054	-12.438119
37.782036	-12.443066
37.792018	-12.448013
37.802	-12.452959
37.811982	-12.457906
37.821964	-12.462853
37.831946	-12.467799
37.841928	-12.472746
37.85191	-12.477693
37.861892	-12.48264
37.871874	-12.487587
37.881856	-12.492533
37.891838	-12.49748
37.90182	-12.502427
37.911802	-12.507374
37.921784	-12.512321
37.931766	-12.517268
37.941748	-12.522215
37.95173	-12.527162
37.961712	-12.532109
37.971694	-12.537056
37.981676	-12.542003
37.991658	-12.54695
38.00164	-12.551897
38.011622	-12.556844
38.021604	-12.561792
38.031586	-12.566739
38.041568	-12.571686
38.05155	-12.576633
38.061532	-12.58158
38.071514	-12.586527
38.081496	-12.591475
38.091478	-12.596422
38.10146	-12.601369
38.111442	-12.606316
38.121424	-12.611264
38.131406	-12.616211
38.141388	-12.621158
38.15137	-12.626106
38.161352	-12.631053
38.171334	-12.636
38.181316	-12.640948
38.191298	-12.645895
38.20128	-12.650843
38.211262	-12.65579
38.221244	-12.660737
38.231226	-12.665685
38.241208	-12.670632
38.25119	-12.67558
38.261172	-12.680527
38.271154	-12.685475
38.281136	-12.690422
38.291118	-12.69537
38.3011	-12.700317
38.311082	-12.705265
38.321064	-12.710212
38.331046	-12.71516
38.341028	-12.720107
38.35101	-12.725055
38.360992	-12.730002
38.370974	-12.73495
38.380956	-12.739898
38.390938	-12.744845
38.40092	-12.749793
38.410902	-12.75474
38.420884	-12.759688
38.430866	-12.764635
38.440848	-12.769583
38.45083	-12.774531
38.460812	-12.779478
38.470794	-12.784426
38.480776	-12.789373
38.490758	-12.794321
38.50074	-12.799269
38.510722	-12.804216
38.520704	-12.809164
38.530686	-12.814112
38.540668	-12.819059
38.55065	-12.824007
38.560632	-12.828954
38.570614	-12.833902
38.580596	-12.83885
38.590578	-12.843797
38.60056	-12.848745
38.610542	-12.853693
38.620524	-12.85864
38.630506	-12.863588
38.640488	-12.868535
38.65047	-12.873483
38.660452	-12.878431
38.670434	-12.883378
38.680416	-12.888326
38.690398	-12.893273
38.70038	-12.898221
38.710362	-12.903169
38.720344	-12.908116
38.730326	-12.913064
38.740308	-12.918011
38.75029	-12.922959
38.760272	-12.927906
38.770254	-12.932854
38.780236	-12.937802
38.790218	-12.942749
38.8002	-12.947697
38.810182	-12.952644
38.820164	-12.957592
38.830146	-12.962539
38.840128	-12.967487
38.85011	-12.972434
38.860092	-12.977382
38.870074	-12.982329
38.880056	-12.987277
38.890038	-12.992224
38.90002	-12.997172
38.910002	-13.002119
38.919984	-13.007066
38.929966	-13.012014
38.939948	-13.016961
38.94993	-13.021909
38.959912	-13.026856
38.969894	-13.031803
38.979876	-13.036751
38.989858	-13.041698
38.99984	-13.046646
39.009822	-13.051593
39.019804	-13.05654
39.029786	-13.061487
39.039768	-13.066435
39.04975	-13.071382
39.059732	-13.076329
39.069714	-13.081276
39.079696	-13.086224
39.089678	-13.091171
39.09966	-13.096118
39.109642	-13.101065
39.119624	-13.106012
39.129606	-13.11096
39.139588	-13.115907
39.14957	-13.120854
39.159552	-13.125801
39.169534	-13.130748
39.179516	-13.135695
39.189498	-13.140642
39.19948	-13.145589
39.209462	-13.150536
39.219444	-13.155483
39.229426	-13.16043
39.239408	-13.165377
39.24939	-13.170324
39.259372	-13.175271
39.269354	-13.180218
39.279336	-13.185164
39.289318	-13.190111
39.2993	-13.195058
39.309282	-13.200005
39.319264	-13.204952
39.329246	-13.209898
39.339228	-13.214845
39.34921	-13.219792
39.359192	-13.224738
39.369174	-13.229685
39.379156	-13.234632
39.389138	-13.239578
39.39912	-13.244525
39.409102	-13.249471
39.419084	-13.254418
39.429066	-13.259364
39.439048	-13.264311
39.44903	-13.269257
39.459012	-13.274204
39.468994	-13.27915
39.478976	-13.284096
39.488958	-13.289043
39.49894	-13.293989
39.508922	-13.298935
39.518904	-13.303882
39.528886	-13.308828
39.538868	-13.313774
39.54885	-13.31872
39.558832	-13.323666
39.568814	-13.328612
39.578796	-13.333558
39.588778	-13.338505
39.59876	-13.343451
39.608742	-13.348397
39.618724	-13.353342
39.628706	-13.358288
39.638688	-13.363234
39.64867	-13.36818
39.658652	-13.373126
39.668634	-13.378072
39.678616	-13.383017
39.688598	-13.387963
39.69858	-13.392909
39.708562	-13.397855
39.718544	-13.4028
39.728526	-13.407746
39.738508	-13.412691
39.74849	-13.417637
39.758472	-13.422582
39.768454	-13.427528
39.778436	-13.432473
39.788418	-13.437419
39.7984	-13.442364
39.808382	-13.447309
39.818364	-13.452254
39.828346	-13.4572
39.838328	-13.462145
39.84831	-13.46709
39.858292	-13.472035
39.868274	-13.47698
39.878256	-13.481925
39.888238	-13.48687
39.89822	-13.491815
39.908202	-13.49676
39.918184	-13.501705
39.928166	-13.50665
39.938148	-13.511595
39.94813	-13.516539
39.958112	-13.521484
39.968094	-13.526429
39.978076	-13.531373
39.988058	-13.536318
39.99804	-13.541263
40.008022	-13.546207
40.018004	-13.551152
40.027986	-13.556096
40.037968	-13.56104
40.04795	-13.565985
40.057932	-13.570929
40.067914	-13.575873
40.077896	-13.580817
40.087878	-13.585762
40.09786	-13.590706
40.107842	-13.59565
40.117824	-13.600594
40.127806	-13.605538
40.137788	-13.610482
40.14777	-13.615426
40.157752	-13.620369
40.167734	-13.625313
40.177716	-13.630257
40.187698	-13.635201
40.19768	-13.640144
40.207662	-13.645088
40.217644	-13.650032
40.227626	-13.654975
40.237608	-13.659919
40.24759	-13.664862
40.257572	-13.669805
40.267554	-13.674749
40.277536	-13.679692
40.287518	-13.684635
40.297499	-13.689578
40.307481	-13.694521
40.317463	-13.699464
40.327445	-13.704408
40.337427	-13.70935
40.347409	-13.714293
40.357391	-13.719236
40.367373	-13.724179
40.377355	-13.729122
40.387337	-13.734065
40.397319	-13.739007
40.407301	-13.74395
40.417283	-13.748892
40.427265	-13.753835
40.437247	-13.758777
40.447229	-13.76372
40.457211	-13.768662
40.467193	-13.773604
40.477175	-13.778546
40.487157	-13.783489
40.497139	-13.788431
40.507121	-13.793373
40.517103	-13.798315
40.527085	-13.803257
40.537067	-13.808199
40.547049	-13.81314
40.557031	-13.818082
40.567013	-13.823024
40.576995	-13.827966
40.586977	-13.832907
40.596959	-13.837849
40.606941	-13.84279
40.616923	-13.847732
40.626905	-13.852673
40.636887	-13.857614
40.646869	-13.862556
40.656851	-13.867497
40.666833	-13.872438
40.676815	-13.877379
40.686797	-13.88232
40.696779	-13.887261
40.706761	-13.892202
40.716743	-13.897143
40.726725	-13.902083
40.736707	-13.907024
40.746689	-13.911965
40.756671	-13.916905
40.766653	-13.921846
40.776635	-13.926786
40.786617	-13.931727
40.796599	-13.936667
40.806581	-13.941607
40.816563	-13.946548
40.826545	-13.951488
40.836527	-13.956428
40.846509	-13.961368
40.856491	-13.966308
40.866473	-13.971248
40.876455	-13.976187
40.886437	-13.981127
40.896419	-13.986067
40.906401	-13.991006
40.916383	-13.995946
40.926365	-14.000886
40.936347	-14.005825
40.946329	-14.010764
40.956311	-14.015704
40.966293	-14.020643
40.976275	-14.025582
40.986257	-14.030521
40.996239	-14.03546
41.006221	-14.040399
41.016203	-14.045338
41.026185	-14.050277
41.036167	-14.055215
41.046149	-14.060154
41.056131	-14.065093
41.066113	-14.070031
41.076095	-14.07497
41.086077	-14.079908
41.096059	-14.084846
41.106041	-14.089785
41.116023	-14.094723
41.126005	-14.099661
41.135987	-14.104599
41.145969	-14.109537
41.155951	-14.114475
41.165933	-14.119413
41.175915	-14.12435
41.185897	-14.129288
41.195879	-14.134226
41.205861	-14.139163
41.215843	-14.144101
41.225825	-14.149038
41.235807	-14.153975
41.245789	-14.158913
41.255771	-14.16385
41.265753	-14.168787
41.275735	-14.173724
41.285717	-14.178661
41.295699	-14.183598
41.305681	-14.188534
41.315663	-14.193471
41.325645	-14.198408
41.335627	-14.203344
41.345609	-14.208281
41.355591	-14.213217
41.365573	-14.218153
41.375555	-14.22309
41.385537	-14.228026
41.395519	-14.232962
41.405501	-14.237898
41.415483	-14.242834
41.425465	-14.24777
41.435447	-14.252705
41.445429	-14.257641
41.455411	-14.262577
41.465393	-14.267512
41.475375	-14.272448
41.485357	-14.277383
41.495339	-14.282318
41.505321	-14.287254
41.515303	-14.292189
41.525285	-14.297124
41.535267	-14.302059
41.545249	-14.306994
41.555231	-14.311928
41.565213	-14.316863
41.575195	-14.321798
41.585177	-14.326732
41.595159	-14.331667
41.605141	-14.336601
41.615123	-14.341535
41.625105	-14.34647
41.635087	-14.351404
41.645069	-14.356338
41.655051	-14.361272
41.665033	-14.366206
41.675015	-14.371139
41.684997	-14.376073
41.694979	-14.381007
41.704961	-14.38594
41.714943	-14.390874
41.724925	-14.395807
41.734907	-14.40074
41.744889	-14.405674
41.754871	-14.410607
41.764853	-14.41554
41.774835	-14.420473
41.784817	-14.425406
41.794799	-14.430338
41.804781	-14.435271
41.814763	-14.440204
41.824745	-14.445136
41.834727	-14.450068
41.844709	-14.455001
41.854691	-14.459933
41.864673	-14.464865
41.874655	-14.469797
41.884637	-14.474729
41.894619	-14.479661
41.904601	-14.484593
41.914583	-14.489524
41.924565	-14.494456
41.934547	-14.499388
41.944529	-14.504319
41.954511	-14.50925
41.964493	-14.514182
41.974475	-14.519113
41.984457	-14.524044
41.994439	-14.528975
42.004421	-14.533906
42.014403	-14.538836
42.024385	-14.543767
42.034367	-14.548698
42.044349	-14.553628
42.054331	-14.558558
42.064313	-14.563489
42.074295	-14.568419
42.084277	-14.573349
42.094259	-14.578279
42.104241	-14.583209
42.114223	-14.588139
42.124205	-14.593069
42.134187	-14.597998
42.144169	-14.602928
42.154151	-14.607857
42.164133	-14.612787
42.174115	-14.617716
42.184097	-14.622645
42.194079	-14.627574
42.204061	-14.632503
42.214043	-14.637432
42.224025	-14.642361
42.234007	-14.647289
42.243989	-14.652218
42.253971	-14.657146
42.263953	-14.662075
42.273935	-14.667003
42.283917	-14.671931
42.293899	-14.676859
42.303881	-14.681787
42.313863	-14.686715
42.323845	-14.691643
42.333827	-14.696571
42.343809	-14.701498
42.353791	-14.706426
42.363773	-14.711353
42.373755	-14.71628
42.383737	-14.721208
42.393719	-14.726135
42.403701	-14.731062
42.413683	-14.735988
42.423665	-14.740915
42.433647	-14.745842
42.443629	-14.750768
42.453611	-14.755695
42.463593	-14.760621
42.473575	-14.765547
42.483557	-14.770474
42.493539	-14.7754
42.503521	-14.780326
42.513503	-14.785251
42.523485	-14.790177
42.533467	-14.795103
42.543449	-14.800028
42.553431	-14.804954
42.563413	-14.809879
42.573395	-14.814804
42.583377	-14.819729
42.593359	-14.824654
42.603341	-14.829579
42.613323	-14.834504
42.623305	-14.839429
42.633287	-14.844353
42.643269	-14.849278
42.653251	-14.854202
42.663233	-14.859126
42.673215	-14.864051
42.683197	-14.868975
42.693179	-14.873898
42.703161	-14.878822
42.713143	-14.883746
42.723125	-14.88867
42.733107	-14.893593
42.743089	-14.898516
42.753071	-14.90344
42.763053	-14.908363
42.773035	-14.913286
42.783017	-14.918209
42.792999	-14.923132
42.802981	-14.928054
42.812963	-14.932977
42.822945	-14.9379
42.832927	-14.942822
42.842909	-14.947744
42.852891	-14.952666
42.862873	-14.957588
42.872855	-14.96251
42.882837	-14.967432
42.892819	-14.972354
42.902801	-14.977276
42.912783	-14.982197
42.922765	-14.987118
42.932747	-14.99204
42.942729	-14.996961
42.952711	-15.001882
42.962693	-15.006803
42.972675	-15.011724
42.982657	-15.016644
42.992639	-15.021565
43.002621	-15.026485
43.012603	-15.031406
43.022585	-15.036326
43.032567	-15.041246
43.042549	-15.046166
43.052531	-15.051086
43.062513	-15.056006
43.072494	-15.060925
43.082476	-15.065845
43.092458	-15.070764
43.10244	-15.075684
43.112422	-15.080603
43.122404	-15.085522
43.132386	-15.090441
43.142368	-15.09536
43.15235	-15.100278
43.162332	-15.105197
43.172314	-15.110116
43.182296	-15.115034
43.192278	-15.119952
43.20226	-15.12487
43.212242	-15.129788
43.222224	-15.134706
43.232206	-15.139624
43.242188	-15.144542
43.25217	-15.149459
43.262152	-15.154376
43.272134	-15.159294
43.282116	-15.164211
43.292098	-15.169128
43.30208	-15.174045
43.312062	-15.178962
43.322044	-15.183878
43.332026	-15.188795
43.342008	-15.193711
43.35199	-15.198628
43.361972	-15.203544
43.371954	-15.20846
43.381936	-15.213376
43.391918	-15.218292
43.4019	-15.223207
43.411882	-15.228123
43.421864	-15.233038
43.431846	-15.237954
43.441828	-15.242869
43.45181	-15.247784
43.461792	-15.252699
43.471774	-15.257614
43.481756	-15.262529
43.491738	-15.267443
43.50172	-15.272358
43.511702	-15.277272
43.521684	-15.282186
43.531666	-15.2871
43.541648	-15.292014
43.55163	-15.296928
43.561612	-15.301842
43.571594	-15.306755
43.581576	-15.311669
43.591558	-15.316582
43.60154	-15.321495
43.611522	-15.326408
43.621504	-15.331321
43.631486	-15.336234
43.641468	-15.341147
43.65145	-15.346059
43.661432	-15.350972
43.671414	-15.355884
43.681396	-15.360796
43.691378	-15.365708
43.70136	-15.37062
43.711342	-15.375532
43.721324	-15.380443
43.731306	-15.385355
43.741288	-15.390266
43.75127	-15.395178
43.761252	-15.400089
43.771234	-15.405
43.781216	-15.409911
43.791198	-15.414821
43.80118	-15.419732
43.811162	-15.424642
43.821144	-15.429553
43.831126	-15.434463
43.841108	-15.439373
43.85109	-15.444283
43.861072	-15.449193
43.871054	-15.454102
43.881036	-15.459012
43.891018	-15.463921
43.901	-15.468831
43.910982	-15.47374
43.920964	-15.478649
43.930946	-15.483558
43.940928	-15.488466
43.95091	-15.493375
43.960892	-15.498283
43.970874	-15.503192
43.980856	-15.5081
43.990838	-15.513008
44.00082	-15.517916
44.010802	-15.522824
44.020784	-15.527731
44.030766	-15.532639
44.040748	-15.537546
44.05073	-15.542453
44.060712	-15.547361
44.070694	-15.552268
44.080676	-15.557174
44.090658	-15.562081
44.10064	-15.566988
44.110622	-15.571894
44.120604	-15.5768
44.130586	-15.581706
44.140568	-15.586612
44.15055	-15.591518
44.160532	-15.596424
44.170514	-15.60133
44.180496	-15.606235
44.190478	-15.61114
44.20046	-15.616046
44.210442	-15.620951
44.220424	-15.625856
44.230406	-15.63076
44.240388	-15.635665
44.25037	-15.640569
44.260352	-15.645474
44.270334	-15.650378
44.280316	-15.655282
44.290298	-15.660186
44.30028	-15.66509
44.310262	-15.669993
44.320244	-15.674897
44.330226	-15.6798
44.340208	-15.684703
44.35019	-15.689606
44.360172	-15.694509
44.370154	-15.699412
44.380136	-15.704315
44.390118	-15.709217
44.4001	-15.714119
44.410082	-15.719022
44.420064	-15.723924
44.430046	-15.728826
44.440028	-15.733727
44.45001	-15.738629
44.459992	-15.74353
44.469974	-15.748432
44.479956	-15.753333
44.489938	-15.758234
44.49992	-15.763135
44.509902	-15.768036
44.519884	-15.772936
44.529866	-15.777837
44.539848	-15.782737
44.54983	-15.787637
44.559812	-15.792537
44.569794	-15.797437
44.579776	-15.802337
44.589758	-15.807236
44.59974	-15.812136
44.609722	-15.817035
44.619704	-15.821934
44.629686	-15.826833
44.639668	-15.831732
44.64965	-15.836631
44.659632	-15.841529
44.669614	-15.846428
44.679596	-15.851326
44.689578	-15.856224
44.69956	-15.861122
44.709542	-15.86602
44.719524	-15.870918
44.729506	-15.875815
44.739488	-15.880712
44.74947	-15.88561
44.759452	-15.890507
44.769434	-15.895404
44.779416	-15.9003
44.789398	-15.905197
44.79938	-15.910093
44.809362	-15.91499
44.819344	-15.919886
44.829326	-15.924782
44.839308	-15.929678
44.84929	-15.934573
44.859272	-15.939469
44.869254	-15.944364
44.879236	-15.949259
44.889218	-15.954155
44.8992	-15.959049
44.909182	-15.963944
44.919164	-15.968839
44.929146	-15.973733
44.939128	-15.978628
44.94911	-15.983522
44.959092	-15.988416
44.969074	-15.99331
44.979056	-15.998203
44.989038	-16.003097
44.99902	-16.00799
45.009002	-16.012883
45.018984	-16.017777
45.028966	-16.022669
45.038948	-16.027562
45.04893	-16.032455
45.058912	-16.037347
45.068894	-16.04224
45.078876	-16.047132
45.088858	-16.052024
45.09884	-16.056916
45.108822	-16.061807
45.118804	-16.066699
45.128786	-16.07159
45.138768	-16.076481
45.14875	-16.081372
45.158732	-16.086263
45.168714	-16.091154
45.178696	-16.096044
45.188678	-16.100935
45.19866	-16.105825
45.208642	-16.110715
45.218624	-16.115605
45.228606	-16.120495
45.238588	-16.125385
45.24857	-16.130274
45.258552	-16.135163
45.268534	-16.140052
45.278516	-16.144941
45.288498	-16.14983
45.29848	-16.154719
45.308462	-16.159607
45.318444	-16.164496
45.328426	-16.169384
45.338408	-16.174272
45.34839	-16.17916
45.358372	-16.184047
45.368354	-16.188935
45.378336	-16.193822
45.388318	-16.19871
45.3983	-16.203597
45.408282	-16.208483
45.418264	-16.21337
45.428246	-16.218257
45.438228	-16.223143
45.44821	-16.228029
45.458192	-16.232915
45.468174	-16.237801
45.478156	-16.242687
45.488138	-16.247573
45.49812	-16.252458
45.508102	-16.257343
45.518084	-16.262228
45.528066	-16.267113
45.538048	-16.271998
45.54803	-16.276883
45.558012	-16.281767
45.567994	-16.286651
45.577976	-16.291535
45.587958	-16.296419
45.59794	-16.301303
45.607922	-16.306187
45.617904	-16.31107
45.627886	-16.315953
45.637868	-16.320836
45.64785	-16.325719
45.657832	-16.330602
45.667814	-16.335485
45.677796	-16.340367
45.687778	-16.345249
45.69776	-16.350131
45.707742	-16.355013
45.717724	-16.359895
45.727706	-16.364777
45.737688	-16.369658
45.74767	-16.374539
45.757652	-16.37942
45.767634	-16.384301
45.777616	-16.389182
45.787598	-16.394063
45.79758	-16.398943
45.807562	-16.403823
45.817544	-16.408703
45.827526	-16.413583
45.837508	-16.418463
45.847489	-16.423342
45.857471	-16.428222
45.867453	-16.433101
45.877435	-16.43798
45.887417	-16.442859
45.897399	-16.447738
45.907381	-16.452616
45.917363	-16.457494
45.927345	-16.462373
45.937327	-16.467251
45.947309	-16.472128
45.957291	-16.477006
45.967273	-16.481884
45.977255	-16.486761
45.987237	-16.491638
45.997219	-16.496515
46.007201	-16.501392
46.017183	-16.506268
46.027165	-16.511145
46.037147	-16.516021
46.047129	-16.520897
46.057111	-16.525773
46.067093	-16.530649
46.077075	-16.535524
46.087057	-16.5404
46.097039	-16.545275
46.107021	-16.55015
46.117003	-16.555025
46.126985	-16.5599
46.136967	-16.564774
46.146949	-16.569649
46.156931	-16.574523
46.166913	-16.579397
46.176895	-16.584271
46.186877	-16.589144
46.196859	-16.594018
46.206841	-16.598891
46.216823	-16.603764
46.226805	-16.608637
46.236787	-16.61351
46.246769	-16.618382
46.256751	-16.623255
46.266733	-16.628127
46.276715	-16.632999
46.286697	-16.637871
46.296679	-16.642743
46.306661	-16.647614
46.316643	-16.652485
46.326625	-16.657357
46.336607	-16.662228
46.346589	-16.667098
46.356571	-16.671969
46.366553	-16.676839
46.376535	-16.68171
46.386517	-16.68658
46.396499	-16.69145
46.406481	-16.696319
46.416463	-16.701189
46.426445	-16.706058
46.436427	-16.710927
46.446409	-16.715796
46.456391	-16.720665
46.466373	-16.725534
46.476355	-16.730402
46.486337	-16.735271
46.496319	-16.740139
46.506301	-16.745007
46.516283	-16.749874
46.526265	-16.754742
46.536247	-16.759609
46.546229	-16.764476
46.556211	-16.769343
46.566193	-16.77421
46.576175	-16.779077
46.586157	-16.783943
46.596139	-16.788809
46.606121	-16.793676
46.616103	-16.798541
46.626085	-16.803407
46.636067	-16.808273
46.646049	-16.813138
46.656031	-16.818003
46.666013	-16.822868
46.675995	-16.827733
46.685977	-16.832597
46.695959	-16.837462
46.705941	-16.842326
46.715923	-16.84719
46.725905	-16.852054
46.735887	-16.856918
46.745869	-16.861781
46.755851	-16.866644
46.765833	-16.871508
46.775815	-16.87637
46.785797	-16.881233
46.795779	-16.886096
46.805761	-16.890958
46.815743	-16.89582
46.825725	-16.900682
46.835707	-16.905544
46.845689	-16.910406
46.855671	-16.915267
46.865653	-16.920128
46.875635	-16.924989
46.885617	-16.92985
46.895599	-16.934711
46.905581	-16.939571
46.915563	-16.944432
46.925545	-16.949292
46.935527	-16.954152
46.945509	-16.959011
46.955491	-16.963871
46.965473	-16.96873
46.975455	-16.973589
46.985437	-16.978448
46.995419	-16.983307
47.005401	-16.988166
47.015383	-16.993024
47.025365	-16.997882
47.035347	-17.00274
47.045329	-17.007598
47.055311	-17.012456
47.065293	-17.017313
47.075275	-17.02217
47.085257	-17.027027
47.095239	-17.031884
47.105221	-17.036741
47.115203	-17.041597
47.125185	-17.046454
47.135167	-17.05131
47.145149	-17.056166
47.155131	-17.061021
47.165113	-17.065877
47.175095	-17.070732
47.185077	-17.075587
47.195059	-17.080442
47.205041	-17.085297
47.215023	-17.090151
47.225005	-17.095006
47.234987	-17.09986
47.244969	-17.104714
47.254951	-17.109568
47.264933	-17.114421
47.274915	-17.119274
47.284897	-17.124128
47.294879	-17.128981
47.304861	-17.133833
47.314843	-17.138686
47.324825	-17.143538
47.334807	-17.14839
47.344789	-17.153242
47.354771	-17.158094
47.364753	-17.162946
47.374735	-17.167797
47.384717	-17.172648
47.394699	-17.177499
47.404681	-17.18235
47.414663	-17.187201
47.424645	-17.192051
47.434627	-17.196901
47.444609	-17.201751
47.454591	-17.206601
47.464573	-17.211451
47.474555	-17.2163
47.484537	-17.22115
47.494519	-17.225999
47.504501	-17.230847
47.514483	-17.235696
47.524465	-17.240544
47.534447	-17.245393
47.544429	-17.250241
47.554411	-17.255088
47.564393	-17.259936
47.574375	-17.264783
47.584357	-17.269631
47.594339	-17.274478
47.604321	-17.279325
47.614303	-17.284171
47.624285	-17.289018
47.634267	-17.293864
47.644249	-17.29871
47.654231	-17.303556
47.664213	-17.308401
47.674195	-17.313247
47.684177	-17.318092
47.694159	-17.322937
47.704141	-17.327782
47.714123	-17.332626
47.724105	-17.337471
47.734087	-17.342315
47.744069	-17.347159
47.754051	-17.352003
47.764033	-17.356846
47.774015	-17.36169
47.783997	-17.366533
47.793979	-17.371376
47.803961	-17.376218
47.813943	-17.381061
47.823925	-17.385903
47.833907	-17.390745
47.843889	-17.395587
47.853871	-17.400429
47.863853	-17.405271
47.873835	-17.410112
47.883817	-17.414953
47.893799	-17.419794
47.903781	-17.424635
47.913763	-17.429475
47.923745	-17.434316
47.933727	-17.439156
47.943709	-17.443996
47.953691	-17.448835
47.963673	-17.453675
47.973655	-17.458514
47.983637	-17.463353
47.993619	-17.468192
48.003601	-17.47303
48.013583	-17.477869
48.023565	-17.482707
48.033547	-17.487545
48.043529	-17.492383
48.053511	-17.497221
48.063493	-17.502058
48.073475	-17.506895
48.083457	-17.511732
48.093439	-17.516569
48.103421	-17.521405
48.113403	-17.526242
48.123385	-17.531078
48.133367	-17.535914
48.143349	-17.54075
48.153331	-17.545585
48.163313	-17.55042
48.173295	-17.555255
48.183277	-17.56009
48.193259	-17.564925
48.203241	-17.569759
48.213223	-17.574594
48.223205	-17.579428
48.233187	-17.584262
48.243169	-17.589095
48.253151	-17.593929
48.263133	-17.598762
48.273115	-17.603595
48.283097	-17.608427
48.293079	-17.61326
48.303061	-17.618092
48.313043	-17.622924
48.323025	-17.627756
48.333007	-17.632588
48.342989	-17.63742
48.352971	-17.642251
48.362953	-17.647082
48.372935	-17.651913
48.382917	-17.656743
48.392899	-17.661574
48.402881	-17.666404
48.412863	-17.671234
48.422845	-17.676064
48.432827	-17.680893
48.442809	-17.685723
48.452791	-17.690552
48.462773	-17.695381
48.472755	-17.700209
48.482737	-17.705038
48.492719	-17.709866
48.502701	-17.714694
48.512683	-17.719522
48.522665	-17.72435
48.532647	-17.729177
48.542629	-17.734004
48.552611	-17.738831
48.562593	-17.743658
48.572575	-17.748484
48.582557	-17.753311
48.592539	-17.758137
48.602521	-17.762963
48.612503	-17.767788
48.622484	-17.772614
48.632466	-17.777439
48.642448	-17.782264
48.65243	-17.787089
48.662412	-17.791913
48.672394	-17.796738
48.682376	-17.801562
48.692358	-17.806386
48.70234	-17.81121
48.712322	-17.816033
48.722304	-17.820856
48.732286	-17.825679
48.742268	-17.830502
48.75225	-17.835325
48.762232	-17.840147
48.772214	-17.844969
48.782196	-17.849791
48.792178	-17.854613
48.80216	-17.859434
48.812142	-17.864256
48.822124	-17.869077
48.832106	-17.873898
48.842088	-17.878718
48.85207	-17.883539
48.862052	-17.888359
48.872034	-17.893179
48.882016	-17.897998
48.891998	-17.902818
48.90198	-17.907637
48.911962	-17.912456
48.921944	-17.917275
48.931926	-17.922094
48.941908	-17.926912
48.95189	-17.93173
48.961872	-17.936548
48.971854	-17.941366
48.981836	-17.946183
48.991818	-17.951001
49.0018	-17.955818
49.011782	-17.960634
49.021764	-17.965451
49.031746	-17.970267
49.041728	-17.975084
49.05171	-17.979899
49.061692	-17.984715
49.071674	-17.989531
49.081656	-17.994346
49.091638	-17.999161
49.10162	-18.003976
49.111602	-18.00879
49.121584	-18.013605
49.131566	-18.018419
49.141548	-18.023233
49.15153	-18.028046
49.161512	-18.03286
49.171494	-18.037673
49.181476	-18.042486
49.191458	-18.047299
49.20144	-18.052111
49.211422	-18.056924
49.221404	-18.061736
49.231386	-18.066547
49.241368	-18.071359
49.25135	-18.07617
49.261332	-18.080982
49.271314	-18.085793
49.281296	-18.090603
49.291278	-18.095414
49.30126	-18.100224
49.311242	-18.105034
49.321224	-18.109844
49.331206	-18.114653
49.341188	-18.119463
49.35117	-18.124272
49.361152	-18.129081
49.371134	-18.133889
49.381116	-18.138698
49.391098	-18.143506
49.40108	-18.148314
49.411062	-18.153121
49.421044	-18.157929
49.431026	-18.162736
49.441008	-18.167543
49.45099	-18.17235
49.460972	-18.177157
49.470954	-18.181963
49.480936	-18.186769
49.490918	-18.191575
49.5009	-18.196381
49.510882	-18.201186
49.520864	-18.205991
49.530846	-18.210796
49.540828	-18.215601
49.55081	-18.220405
49.560792	-18.225209
49.570774	-18.230013
49.580756	-18.234817
49.590738	-18.239621
49.60072	-18.244424
49.610702	-18.249227
49.620684	-18.25403
49.630666	-18.258832
49.640648	-18.263635
49.65063	-18.268437
49.660612	-18.273239
49.670594	-18.278041
49.680576	-18.282842
49.690558	-18.287643
49.70054	-18.292444
49.710522	-18.297245
49.720504	-18.302045
49.730486	-18.306846
49.740468	-18.311646
49.75045	-18.316445
49.760432	-18.321245
49.770414	-18.326044
49.780396	-18.330843
49.790378	-18.335642
49.80036	-18.340441
49.810342	-18.345239
49.820324	-18.350037
49.830306	-18.354835
49.840288	-18.359633
49.85027	-18.36443
49.860252	-18.369227
49.870234	-18.374024
49.880216	-18.378821
49.890198	-18.383617
49.90018	-18.388413
49.910162	-18.393209
49.920144	-18.398005
49.930126	-18.402801
49.940108	-18.407596
49.95009	-18.412391
49.960072	-18.417186
49.970054	-18.42198
49.980036	-18.426775
49.990018	-18.431569
50	-18.436362
