Freq_GHz	Norm_dB
0.1	0
0.109982	-1.3506408e-05
0.11996399	-2.8296924e-05
0.12994599	-4.4371545e-05
0.13992799	-6.1730267e-05
0.14990998	-8.0373087e-05
0.15989198	-0.0001003
0.16987397	-0.000121511
0.17985597	-0.00014400609
0.18983797	-0.00016778526
0.19981996	-0.00019284851
0.20980196	-0.00021919583
0.21978396	-0.00024682721
0.22976595	-0.00027574266
0.23974795	-0.00030594215
0.24972995	-0.0003374257
0.25971194	-0.00037019329
0.26969394	-0.00040424491
0.27967594	-0.00043958056
0.28965793	-0.00047620023
0.29963993	-0.00051410391
0.30962192	-0.0005532916
0.31960392	-0.00059376329
0.32958592	-0.00063551896
0.33956791	-0.00067855862
0.34954991	-0.00072288224
0.35953191	-0.00076848983
0.3695139	-0.00081538138
0.3794959	-0.00086355687
0.3894779	-0.00091301629
0.39945989	-0.00096375964
0.40944189	-0.0010157869
0.41942388	-0.0010690981
0.42940588	-0.0011236931
0.43938788	-0.001179572
0.44936987	-0.0012367349
0.45935187	-0.0012951815
0.46933387	-0.001354912
0.47931586	-0.0014159264
0.48929786	-0.0014782245
0.49927986	-0.0015418065
0.50926185	-0.0016066723
0.51924385	-0.0016728218
0.52922585	-0.0017402552
0.53920784	-0.0018089722
0.54918984	-0.0018789731
0.55917183	-0.0019502576
0.56915383	-0.0020228259
0.57913583	-0.0020966778
0.58911782	-0.0021718135
0.59909982	-0.0022482328
0.60908182	-0.0023259358
0.61906381	-0.0024049224
0.62904581	-0.0024851926
0.63902781	-0.0025667464
0.6490098	-0.0026495838
0.6589918	-0.0027337048
0.66897379	-0.0028191094
0.67895579	-0.0029057974
0.68893779	-0.002993769
0.69891978	-0.0030830241
0.70890178	-0.0031735627
0.71888378	-0.0032653848
0.72886577	-0.0033584903
0.73884777	-0.0034528792
0.74882977	-0.0035485515
0.75881176	-0.0036455072
0.76879376	-0.0037437463
0.77877576	-0.0038432688
0.78875775	-0.0039440746
0.79873975	-0.0040461636
0.80872174	-0.004149536
0.81870374	-0.0042541917
0.82868574	-0.0043601306
0.83866773	-0.0044673527
0.84864973	-0.004575858
0.85863173	-0.0046856465
0.86861372	-0.0047967182
0.87859572	-0.004909073
0.88857772	-0.0050227109
0.89855971	-0.0051376319
0.90854171	-0.005253836
0.9185237	-0.0053713232
0.9285057	-0.0054900933
0.9384877	-0.0056101465
0.94846969	-0.0057314826
0.95845169	-0.0058541017
0.96843369	-0.0059780037
0.97841568	-0.0061031887
0.98839768	-0.0062296565
0.99837968	-0.0063574071
1.0083617	-0.0064864406
1.0183437	-0.0066167569
1.0283257	-0.0067483559
1.0383077	-0.0068812377
1.0482897	-0.0070154023
1.0582717	-0.0071508495
1.0682537	-0.0072875794
1.0782356	-0.0074255919
1.0882176	-0.0075648871
1.0981996	-0.0077054648
1.1081816	-0.0078473251
1.1181636	-0.007990468
1.1281456	-0.0081348933
1.1381276	-0.0082806011
1.1481096	-0.0084275914
1.1580916	-0.0085758641
1.1680736	-0.0087254191
1.1780556	-0.0088762566
1.1880376	-0.0090283763
1.1980196	-0.0091817784
1.2080016	-0.0093364627
1.2179836	-0.0094924292
1.2279656	-0.009649678
1.2379476	-0.0098082089
1.2479296	-0.009968022
1.2579116	-0.010129117
1.2678936	-0.010291495
1.2778756	-0.010455154
1.2878576	-0.010620095
1.2978396	-0.010786319
1.3078216	-0.010953824
1.3178036	-0.011122611
1.3277856	-0.01129268
1.3377676	-0.011464031
1.3477495	-0.011636664
1.3577315	-0.011810579
1.3677135	-0.011985775
1.3776955	-0.012162253
1.3876775	-0.012340013
1.3976595	-0.012519054
1.4076415	-0.012699377
1.4176235	-0.012880982
1.4276055	-0.013063868
1.4375875	-0.013248035
1.4475695	-0.013433485
1.4575515	-0.013620215
1.4675335	-0.013808227
1.4775155	-0.01399752
1.4874975	-0.014188095
1.4974795	-0.014379951
1.5074615	-0.014573088
1.5174435	-0.014767507
1.5274255	-0.014963206
1.5374075	-0.015160187
1.5473895	-0.015358449
1.5573715	-0.015557992
1.5673535	-0.015758816
1.5773355	-0.015960921
1.5873175	-0.016164307
1.5972995	-0.016368974
1.6072815	-0.016574921
1.6172635	-0.01678215
1.6272454	-0.016990659
1.6372274	-0.01720045
1.6472094	-0.01741152
1.6571914	-0.017623872
1.6671734	-0.017837504
1.6771554	-0.018052417
1.6871374	-0.01826861
1.6971194	-0.018486084
1.7071014	-0.018704838
1.7170834	-0.018924873
1.7270654	-0.019146188
1.7370474	-0.019368784
1.7470294	-0.01959266
1.7570114	-0.019817816
1.7669934	-0.020044252
1.7769754	-0.020271969
1.7869574	-0.020500965
1.7969394	-0.020731242
1.8069214	-0.020962799
1.8169034	-0.021195636
1.8268854	-0.021429752
1.8368674	-0.021665149
1.8468494	-0.021901826
1.8568314	-0.022139782
1.8668134	-0.022379018
1.8767954	-0.022619534
1.8867774	-0.02286133
1.8967594	-0.023104405
1.9067413	-0.02334876
1.9167233	-0.023594395
1.9267053	-0.023841309
1.9366873	-0.024089502
1.9466693	-0.024338975
1.9566513	-0.024589727
1.9666333	-0.024841759
1.9766153	-0.02509507
1.9865973	-0.02534966
1.9965793	-0.02560553
2.0065613	-0.025862678
2.0165433	-0.026121106
2.0265253	-0.026380813
2.0365073	-0.026641798
2.0464893	-0.026904063
2.0564713	-0.027167607
2.0664533	-0.027432429
2.0764353	-0.027698531
2.0864173	-0.027965911
2.0963993	-0.02823457
2.1063813	-0.028504507
2.1163633	-0.028775723
2.1263453	-0.029048218
2.1363273	-0.029321991
2.1463093	-0.029597043
2.1562913	-0.029873373
2.1662733	-0.030150982
2.1762553	-0.030429869
2.1862372	-0.030710034
2.1962192	-0.030991477
2.2062012	-0.031274199
2.2161832	-0.031558198
2.2261652	-0.031843476
2.2361472	-0.032130032
2.2461292	-0.032417866
2.2561112	-0.032706978
2.2660932	-0.032997367
2.2760752	-0.033289035
2.2860572	-0.03358198
2.2960392	-0.033876203
2.3060212	-0.034171704
2.3160032	-0.034468482
2.3259852	-0.034766538
2.3359672	-0.035065871
2.3459492	-0.035366482
2.3559312	-0.03566837
2.3659132	-0.035971536
2.3758952	-0.036275978
2.3858772	-0.036581699
2.3958592	-0.036888696
2.4058412	-0.03719697
2.4158232	-0.037506522
2.4258052	-0.037817351
2.4357872	-0.038129456
2.4457692	-0.038442839
2.4557512	-0.038757498
2.4657331	-0.039073434
2.4757151	-0.039390647
2.4856971	-0.039709137
2.4956791	-0.040028903
2.5056611	-0.040349946
2.5156431	-0.040672266
2.5256251	-0.040995862
2.5356071	-0.041320735
2.5455891	-0.041646883
2.5555711	-0.041974309
2.5655531	-0.04230301
2.5755351	-0.042632988
2.5855171	-0.042964242
2.5954991	-0.043296772
2.6054811	-0.043630578
2.6154631	-0.04396566
2.6254451	-0.044302018
2.6354271	-0.044639651
2.6454091	-0.044978561
2.6553911	-0.045318747
2.6653731	-0.045660208
2.6753551	-0.046002945
2.6853371	-0.046346957
2.6953191	-0.046692245
2.7053011	-0.047038808
2.7152831	-0.047386647
2.7252651	-0.047735762
2.735247	-0.048086151
2.745229	-0.048437816
2.755211	-0.048790756
2.765193	-0.049144971
2.775175	-0.049500461
2.785157	-0.049857227
2.795139	-0.050215267
2.805121	-0.050574582
2.815103	-0.050935172
2.825085	-0.051297037
2.835067	-0.051660176
2.845049	-0.052024591
2.855031	-0.052390279
2.865013	-0.052757243
2.874995	-0.053125481
2.884977	-0.053494993
2.894959	-0.05386578
2.904941	-0.054237841
2.914923	-0.054611176
2.924905	-0.054985785
2.934887	-0.055361669
2.944869	-0.055738827
2.954851	-0.056117259
2.964833	-0.056496964
2.974815	-0.056877944
2.984797	-0.057260197
2.994779	-0.057643724
3.004761	-0.058028525
3.0147429	-0.0584146
3.0247249	-0.058801948
3.0347069	-0.05919057
3.0446889	-0.059580465
3.0546709	-0.059971634
3.0646529	-0.060364076
3.0746349	-0.060757791
3.0846169	-0.06115278
3.0945989	-0.061549041
3.1045809	-0.061946576
3.1145629	-0.062345384
3.1245449	-0.062745465
3.1345269	-0.063146819
3.1445089	-0.063549446
3.1544909	-0.063953345
3.1644729	-0.064358517
3.1744549	-0.064764962
3.1844369	-0.06517268
3.1944189	-0.06558167
3.2044009	-0.065991933
3.2143829	-0.066403468
3.2243649	-0.066816275
3.2343469	-0.067230355
3.2443289	-0.067645707
3.2543109	-0.068062331
3.2642929	-0.068480228
3.2742749	-0.068899396
3.2842569	-0.069319837
3.2942388	-0.069741549
3.3042208	-0.070164533
3.3142028	-0.070588789
3.3241848	-0.071014317
3.3341668	-0.071441117
3.3441488	-0.071869188
3.3541308	-0.072298531
3.3641128	-0.072729145
3.3740948	-0.073161031
3.3840768	-0.073594188
3.3940588	-0.074028616
3.4040408	-0.074464316
3.4140228	-0.074901287
3.4240048	-0.075339529
3.4339868	-0.075779042
3.4439688	-0.076219826
3.4539508	-0.076661881
3.4639328	-0.077105207
3.4739148	-0.077549803
3.4838968	-0.077995671
3.4938788	-0.078442809
3.5038608	-0.078891218
3.5138428	-0.079340897
3.5238248	-0.079791847
3.5338068	-0.080244067
3.5437888	-0.080697558
3.5537708	-0.081152319
3.5637528	-0.08160835
3.5737347	-0.082065651
3.5837167	-0.082524223
3.5936987	-0.082984065
3.6036807	-0.083445176
3.6136627	-0.083907558
3.6236447	-0.084371209
3.6336267	-0.08483613
3.6436087	-0.085302321
3.6535907	-0.085769782
3.6635727	-0.086238512
3.6735547	-0.086708512
3.6835367	-0.087179781
3.6935187	-0.08765232
3.7035007	-0.088126128
3.7134827	-0.088601205
3.7234647	-0.089077552
3.7334467	-0.089555168
3.7434287	-0.090034053
3.7534107	-0.090514207
3.7633927	-0.09099563
3.7733747	-0.091478321
3.7833567	-0.091962282
3.7933387	-0.092447512
3.8033207	-0.09293401
3.8133027	-0.093421777
3.8232847	-0.093910812
3.8332667	-0.094401116
3.8432486	-0.094892689
3.8532306	-0.09538553
3.8632126	-0.095879639
3.8731946	-0.096375016
3.8831766	-0.096871662
3.8931586	-0.097369576
3.9031406	-0.097868758
3.9131226	-0.098369208
3.9231046	-0.098870926
3.9330866	-0.099373912
3.9430686	-0.099878166
3.9530506	-0.10038369
3.9630326	-0.10089048
3.9730146	-0.10139853
3.9829966	-0.10190786
3.9929786	-0.10241845
4.0029606	-0.10293031
4.0129426	-0.10344344
4.0229246	-0.10395783
4.0329066	-0.10447349
4.0428886	-0.10499042
4.0528706	-0.10550862
4.0628526	-0.10602808
4.0728346	-0.10654881
4.0828166	-0.10707081
4.0927986	-0.10759407
4.1027806	-0.1081186
4.1127626	-0.1086444
4.1227445	-0.10917146
4.1327265	-0.10969979
4.1427085	-0.11022939
4.1526905	-0.11076025
4.1626725	-0.11129238
4.1726545	-0.11182578
4.1826365	-0.11236044
4.1926185	-0.11289637
4.2026005	-0.11343357
4.2125825	-0.11397203
4.2225645	-0.11451176
4.2325465	-0.11505275
4.2425285	-0.11559501
4.2525105	-0.11613854
4.2624925	-0.11668333
4.2724745	-0.11722939
4.2824565	-0.11777671
4.2924385	-0.1183253
4.3024205	-0.11887515
4.3124025	-0.11942627
4.3223845	-0.11997866
4.3323665	-0.12053231
4.3423485	-0.12108722
4.3523305	-0.1216434
4.3623125	-0.12220085
4.3722945	-0.12275956
4.3822765	-0.12331954
4.3922585	-0.12388078
4.4022404	-0.12444329
4.4122224	-0.12500706
4.4222044	-0.1255721
4.4321864	-0.1261384
4.4421684	-0.12670596
4.4521504	-0.12727479
4.4621324	-0.12784489
4.4721144	-0.12841625
4.4820964	-0.12898887
4.4920784	-0.12956276
4.5020604	-0.13013791
4.5120424	-0.13071433
4.5220244	-0.13129201
4.5320064	-0.13187096
4.5419884	-0.13245117
4.5519704	-0.13303264
4.5619524	-0.13361538
4.5719344	-0.13419938
4.5819164	-0.13478465
4.5918984	-0.13537118
4.6018804	-0.13595897
4.6118624	-0.13654803
4.6218444	-0.13713835
4.6318264	-0.13772993
4.6418084	-0.13832278
4.6517904	-0.13891689
4.6617724	-0.13951227
4.6717544	-0.14010891
4.6817363	-0.14070681
4.6917183	-0.14130597
4.7017003	-0.1419064
4.7116823	-0.14250809
4.7216643	-0.14311105
4.7316463	-0.14371526
4.7416283	-0.14432074
4.7516103	-0.14492749
4.7615923	-0.14553549
4.7715743	-0.14614476
4.7815563	-0.14675529
4.7915383	-0.14736709
4.8015203	-0.14798014
4.8115023	-0.14859446
4.8214843	-0.14921004
4.8314663	-0.14982689
4.8414483	-0.15044499
4.8514303	-0.15106436
4.8614123	-0.15168499
4.8713943	-0.15230689
4.8813763	-0.15293004
4.8913583	-0.15355446
4.9013403	-0.15418014
4.9113223	-0.15480708
4.9213043	-0.15543529
4.9312863	-0.15606475
4.9412683	-0.15669548
4.9512503	-0.15732747
4.9612322	-0.15796072
4.9712142	-0.15859523
4.9811962	-0.159231
4.9911782	-0.15986804
5.0011602	-0.16050634
5.0111422	-0.1611459
5.0211242	-0.16178672
5.0311062	-0.1624288
5.0410882	-0.16307214
5.0510702	-0.16371674
5.0610522	-0.16436261
5.0710342	-0.16500973
5.0810162	-0.16565812
5.0909982	-0.16630777
5.1009802	-0.16695868
5.1109622	-0.16761085
5.1209442	-0.16826428
5.1309262	-0.16891897
5.1409082	-0.16957492
5.1508902	-0.17023214
5.1608722	-0.17089061
5.1708542	-0.17155034
5.1808362	-0.17221134
5.1908182	-0.17287359
5.2008002	-0.17353711
5.2107822	-0.17420189
5.2207642	-0.17486792
5.2307461	-0.17553522
5.2407281	-0.17620378
5.2507101	-0.17687359
5.2606921	-0.17754467
5.2706741	-0.17821701
5.2806561	-0.17889061
5.2906381	-0.17956546
5.3006201	-0.18024158
5.3106021	-0.18091896
5.3205841	-0.18159759
5.3305661	-0.18227749
5.3405481	-0.18295865
5.3505301	-0.18364106
5.3605121	-0.18432474
5.3704941	-0.18500968
5.3804761	-0.18569587
5.3904581	-0.18638333
5.4004401	-0.18707204
5.4104221	-0.18776201
5.4204041	-0.18845325
5.4303861	-0.18914574
5.4403681	-0.18983949
5.4503501	-0.1905345
5.4603321	-0.19123077
5.4703141	-0.1919283
5.4802961	-0.19262709
5.4902781	-0.19332714
5.5002601	-0.19402844
5.510242	-0.19473101
5.520224	-0.19543483
5.530206	-0.19613991
5.540188	-0.19684626
5.55017	-0.19755386
5.560152	-0.19826272
5.570134	-0.19897283
5.580116	-0.19968421
5.590098	-0.20039684
5.60008	-0.20111074
5.610062	-0.20182589
5.620044	-0.2025423
5.630026	-0.20325997
5.640008	-0.2039789
5.64999	-0.20469908
5.659972	-0.20542053
5.669954	-0.20614323
5.679936	-0.20686719
5.689918	-0.20759241
5.6999	-0.20831889
5.709882	-0.20904662
5.719864	-0.20977561
5.729846	-0.21050586
5.739828	-0.21123737
5.74981	-0.21197014
5.759792	-0.21270416
5.769774	-0.21343945
5.779756	-0.21417599
5.7897379	-0.21491379
5.7997199	-0.21565284
5.8097019	-0.21639315
5.8196839	-0.21713473
5.8296659	-0.21787755
5.8396479	-0.21862164
5.8496299	-0.21936699
5.8596119	-0.22011359
5.8695939	-0.22086145
5.8795759	-0.22161056
5.8895579	-0.22236094
5.8995399	-0.22311257
5.9095219	-0.22386545
5.9195039	-0.2246196
5.9294859	-0.225375
5.9394679	-0.22613166
5.9494499	-0.22688958
5.9594319	-0.22764876
5.9694139	-0.22840919
5.9793959	-0.22917088
5.9893779	-0.22993382
5.9993599	-0.23069802
6.0093419	-0.23146348
6.0193239	-0.2322302
6.0293059	-0.23299817
6.0392879	-0.2337674
6.0492699	-0.23453789
6.0592519	-0.23530963
6.0692338	-0.23608263
6.0792158	-0.23685689
6.0891978	-0.23763241
6.0991798	-0.23840918
6.1091618	-0.2391872
6.1191438	-0.23996649
6.1291258	-0.24074703
6.1391078	-0.24152883
6.1490898	-0.24231188
6.1590718	-0.24309619
6.1690538	-0.24388176
6.1790358	-0.24466858
6.1890178	-0.24545666
6.1989998	-0.246246
6.2089818	-0.24703659
6.2189638	-0.24782844
6.2289458	-0.24862154
6.2389278	-0.2494159
6.2489098	-0.25021152
6.2588918	-0.25100839
6.2688738	-0.25180652
6.2788558	-0.25260591
6.2888378	-0.25340655
6.2988198	-0.25420845
6.3088018	-0.2550116
6.3187838	-0.25581601
6.3287658	-0.25662168
6.3387477	-0.2574286
6.3487297	-0.25823678
6.3587117	-0.25904621
6.3686937	-0.2598569
6.3786757	-0.26066885
6.3886577	-0.26148205
6.3986397	-0.26229651
6.4086217	-0.26311222
6.4186037	-0.26392919
6.4285857	-0.26474742
6.4385677	-0.2655669
6.4485497	-0.26638764
6.4585317	-0.26720963
6.4685137	-0.26803288
6.4784957	-0.26885738
6.4884777	-0.26968314
6.4984597	-0.27051016
6.5084417	-0.27133843
6.5184237	-0.27216795
6.5284057	-0.27299874
6.5383877	-0.27383077
6.5483697	-0.27466407
6.5583517	-0.27549862
6.5683337	-0.27633442
6.5783157	-0.27717148
6.5882977	-0.2780098
6.5982797	-0.27884937
6.6082617	-0.27969019
6.6182436	-0.28053227
6.6282256	-0.28137561
6.6382076	-0.2822202
6.6481896	-0.28306605
6.6581716	-0.28391316
6.6681536	-0.28476151
6.6781356	-0.28561113
6.6881176	-0.286462
6.6980996	-0.28731412
6.7080816	-0.2881675
6.7180636	-0.28902214
6.7280456	-0.28987803
6.7380276	-0.29073517
6.7480096	-0.29159357
6.7579916	-0.29245323
6.7679736	-0.29331414
6.7779556	-0.29417631
6.7879376	-0.29503973
6.7979196	-0.29590441
6.8079016	-0.29677034
6.8178836	-0.29763753
6.8278656	-0.29850597
6.8378476	-0.29937567
6.8478296	-0.30024662
6.8578116	-0.30111883
6.8677936	-0.30199229
6.8777756	-0.30286701
6.8877576	-0.30374299
6.8977395	-0.30462021
6.9077215	-0.3054987
6.9177035	-0.30637844
6.9276855	-0.30725943
6.9376675	-0.30814168
6.9476495	-0.30902518
6.9576315	-0.30990994
6.9676135	-0.31079596
6.9775955	-0.31168323
6.9875775	-0.31257175
6.9975595	-0.31346153
7.0075415	-0.31435257
7.0175235	-0.31524486
7.0275055	-0.3161384
7.0374875	-0.3170332
7.0474695	-0.31792926
7.0574515	-0.31882657
7.0674335	-0.31972513
7.0774155	-0.32062495
7.0873975	-0.32152603
7.0973795	-0.32242836
7.1073615	-0.32333194
7.1173435	-0.32423678
7.1273255	-0.32514288
7.1373075	-0.32605023
7.1472895	-0.32695883
7.1572715	-0.32786869
7.1672535	-0.32877981
7.1772354	-0.32969218
7.1872174	-0.3306058
7.1971994	-0.33152069
7.2071814	-0.33243682
7.2171634	-0.33335421
7.2271454	-0.33427286
7.2371274	-0.33519276
7.2471094	-0.33611392
7.2570914	-0.33703633
7.2670734	-0.33795999
7.2770554	-0.33888491
7.2870374	-0.33981109
7.2970194	-0.34073852
7.3070014	-0.34166721
7.3169834	-0.34259715
7.3269654	-0.34352835
7.3369474	-0.3444608
7.3469294	-0.34539451
7.3569114	-0.34632947
7.3668934	-0.34726569
7.3768754	-0.34820316
7.3868574	-0.34914189
7.3968394	-0.35008187
7.4068214	-0.35102311
7.4168034	-0.35196561
7.4267854	-0.35290936
7.4367674	-0.35385436
7.4467493	-0.35480062
7.4567313	-0.35574814
7.4667133	-0.35669691
7.4766953	-0.35764693
7.4866773	-0.35859821
7.4966593	-0.35955075
7.5066413	-0.36050454
7.5166233	-0.36145959
7.5266053	-0.36241589
7.5365873	-0.36337345
7.5465693	-0.36433226
7.5565513	-0.36529233
7.5665333	-0.36625365
7.5765153	-0.36721623
7.5864973	-0.36818007
7.5964793	-0.36914516
7.6064613	-0.37011151
7.6164433	-0.37107911
7.6264253	-0.37204797
7.6364073	-0.37301808
7.6463893	-0.37398945
7.6563713	-0.37496207
7.6663533	-0.37593595
7.6763353	-0.37691109
7.6863173	-0.37788748
7.6962993	-0.37886513
7.7062813	-0.37984403
7.7162633	-0.38082419
7.7262452	-0.3818056
7.7362272	-0.38278827
7.7462092	-0.3837722
7.7561912	-0.38475738
7.7661732	-0.38574382
7.7761552	-0.38673151
7.7861372	-0.38772046
7.7961192	-0.38871067
7.8061012	-0.38970213
7.8160832	-0.39069485
7.8260652	-0.39168882
7.8360472	-0.39268405
7.8460292	-0.39368054
7.8560112	-0.39467828
7.8659932	-0.39567728
7.8759752	-0.39667753
7.8859572	-0.39767904
7.8959392	-0.39868181
7.9059212	-0.39968583
7.9159032	-0.40069111
7.9258852	-0.40169765
7.9358672	-0.40270544
7.9458492	-0.40371449
7.9558312	-0.4047248
7.9658132	-0.40573636
7.9757952	-0.40674918
7.9857772	-0.40776325
7.9957592	-0.40877858
8.0057411	-0.40979517
8.0157231	-0.41081302
8.0257051	-0.41183212
8.0356871	-0.41285248
8.0456691	-0.41387409
8.0556511	-0.41489696
8.0656331	-0.41592109
8.0756151	-0.41694648
8.0855971	-0.41797312
8.0955791	-0.41900102
8.1055611	-0.42003018
8.1155431	-0.42106059
8.1255251	-0.42209226
8.1355071	-0.42312519
8.1454891	-0.42415937
8.1554711	-0.42519482
8.1654531	-0.42623151
8.1754351	-0.42726947
8.1854171	-0.42830869
8.1953991	-0.42934916
8.2053811	-0.43039089
8.2153631	-0.43143387
8.2253451	-0.43247812
8.2353271	-0.43352362
8.2453091	-0.43457038
8.2552911	-0.43561839
8.2652731	-0.43666767
8.2752551	-0.4377182
8.285237	-0.43876999
8.295219	-0.43982304
8.305201	-0.44087734
8.315183	-0.4419329
8.325165	-0.44298973
8.335147	-0.4440478
8.345129	-0.44510714
8.355111	-0.44616774
8.365093	-0.44722959
8.375075	-0.4482927
8.385057	-0.44935707
8.395039	-0.4504227
8.405021	-0.45148959
8.415003	-0.45255773
8.424985	-0.45362714
8.434967	-0.4546978
8.444949	-0.45576972
8.454931	-0.4568429
8.464913	-0.45791734
8.474895	-0.45899304
8.484877	-0.46006999
8.494859	-0.46114821
8.504841	-0.46222768
8.514823	-0.46330841
8.524805	-0.4643904
8.534787	-0.46547365
8.544769	-0.46655816
8.554751	-0.46764393
8.5647329	-0.46873096
8.5747149	-0.46981925
8.5846969	-0.4709088
8.5946789	-0.4719996
8.6046609	-0.47309167
8.6146429	-0.47418499
8.6246249	-0.47527958
8.6346069	-0.47637542
8.6445889	-0.47747253
8.6545709	-0.47857089
8.6645529	-0.47967052
8.6745349	-0.4807714
8.6845169	-0.48187355
8.6944989	-0.48297695
8.7044809	-0.48408162
8.7144629	-0.48518754
8.7244449	-0.48629472
8.7344269	-0.48740317
8.7444089	-0.48851288
8.7543909	-0.48962384
8.7643729	-0.49073607
8.7743549	-0.49184956
8.7843369	-0.4929643
8.7943189	-0.49408031
8.8043009	-0.49519758
8.8142829	-0.49631611
8.8242649	-0.4974359
8.8342468	-0.49855696
8.8442288	-0.49967927
8.8542108	-0.50080284
8.8641928	-0.50192768
8.8741748	-0.50305378
8.8841568	-0.50418113
8.8941388	-0.50530975
8.9041208	-0.50643964
8.9141028	-0.50757078
8.9240848	-0.50870318
8.9340668	-0.50983685
8.9440488	-0.51097178
8.9540308	-0.51210797
8.9640128	-0.51324542
8.9739948	-0.51438413
8.9839768	-0.51552411
8.9939588	-0.51666535
9.0039408	-0.51780785
9.0139228	-0.51895161
9.0239048	-0.52009664
9.0338868	-0.52124293
9.0438688	-0.52239048
9.0538508	-0.52353929
9.0638328	-0.52468937
9.0738148	-0.52584071
9.0837968	-0.52699331
9.0937788	-0.52814717
9.1037608	-0.5293023
9.1137427	-0.53045869
9.1237247	-0.53161635
9.1337067	-0.53277526
9.1436887	-0.53393545
9.1536707	-0.53509689
9.1636527	-0.5362596
9.1736347	-0.53742357
9.1836167	-0.53858881
9.1935987	-0.53975531
9.2035807	-0.54092307
9.2135627	-0.5420921
9.2235447	-0.54326239
9.2335267	-0.54443394
9.2435087	-0.54560676
9.2534907	-0.54678085
9.2634727	-0.5479562
9.2734547	-0.54913281
9.2834367	-0.55031069
9.2934187	-0.55148983
9.3034007	-0.55267024
9.3133827	-0.55385191
9.3233647	-0.55503485
9.3333467	-0.55621905
9.3433287	-0.55740452
9.3533107	-0.55859126
9.3632927	-0.55977925
9.3732747	-0.56096852
9.3832567	-0.56215905
9.3932386	-0.56335084
9.4032206	-0.5645439
9.4132026	-0.56573823
9.4231846	-0.56693382
9.4331666	-0.56813068
9.4431486	-0.56932881
9.4531306	-0.5705282
9.4631126	-0.57172886
9.4730946	-0.57293078
9.4830766	-0.57413397
9.4930586	-0.57533843
9.5030406	-0.57654416
9.5130226	-0.57775115
9.5230046	-0.57895941
9.5329866	-0.58016893
9.5429686	-0.58137972
9.5529506	-0.58259178
9.5629326	-0.58380511
9.5729146	-0.5850197
9.5828966	-0.58623557
9.5928786	-0.5874527
9.6028606	-0.58867109
9.6128426	-0.58989076
9.6228246	-0.59111169
9.6328066	-0.59233389
9.6427886	-0.59355736
9.6527706	-0.5947821
9.6627526	-0.59600811
9.6727345	-0.59723538
9.6827165	-0.59846393
9.6926985	-0.59969374
9.7026805	-0.60092482
9.7126625	-0.60215717
9.7226445	-0.60339079
9.7326265	-0.60462568
9.7426085	-0.60586183
9.7525905	-0.60709926
9.7625725	-0.60833796
9.7725545	-0.60957792
9.7825365	-0.61081916
9.7925185	-0.61206167
9.8025005	-0.61330544
9.8124825	-0.61455049
9.8224645	-0.6157968
9.8324465	-0.61704439
9.8424285	-0.61829325
9.8524105	-0.61954337
9.8623925	-0.62079477
9.8723745	-0.62204744
9.8823565	-0.62330138
9.8923385	-0.62455659
9.9023205	-0.62581307
9.9123025	-0.62707083
9.9222845	-0.62832985
9.9322665	-0.62959015
9.9422484	-0.63085172
9.9522304	-0.63211455
9.9622124	-0.63337867
9.9721944	-0.63464405
9.9821764	-0.6359107
9.9921584	-0.63717863
10.00214	-0.63844783
10.012122	-0.6397183
10.022104	-0.64099005
10.032086	-0.64226307
10.042068	-0.64353736
10.05205	-0.64481292
10.062032	-0.64608976
10.072014	-0.64736787
10.081996	-0.64864725
10.091978	-0.64992791
10.10196	-0.65120984
10.111942	-0.65249304
10.121924	-0.65377752
10.131906	-0.65506327
10.141888	-0.65635029
10.15187	-0.65763859
10.161852	-0.65892817
10.171834	-0.66021902
10.181816	-0.66151114
10.191798	-0.66280454
10.20178	-0.66409921
10.211762	-0.66539516
10.221744	-0.66669238
10.231726	-0.66799088
10.241708	-0.66929065
10.25169	-0.6705917
10.261672	-0.67189403
10.271654	-0.67319763
10.281636	-0.67450251
10.291618	-0.67580866
10.3016	-0.67711609
10.311582	-0.67842479
10.321564	-0.67973478
10.331546	-0.68104603
10.341528	-0.68235857
10.35151	-0.68367238
10.361492	-0.68498747
10.371474	-0.68630384
10.381456	-0.68762148
10.391438	-0.6889404
10.40142	-0.6902606
10.411402	-0.69158208
10.421384	-0.69290483
10.431366	-0.69422886
10.441348	-0.69555418
10.45133	-0.69688076
10.461312	-0.69820863
10.471294	-0.69953778
10.481276	-0.7008682
10.491258	-0.70219991
10.50124	-0.70353289
10.511222	-0.70486715
10.521204	-0.70620269
10.531186	-0.70753951
10.541168	-0.70887761
10.55115	-0.71021699
10.561132	-0.71155765
10.571114	-0.71289959
10.581096	-0.71424281
10.591078	-0.71558731
10.60106	-0.71693309
10.611042	-0.71828016
10.621024	-0.7196285
10.631006	-0.72097812
10.640988	-0.72232903
10.65097	-0.72368121
10.660952	-0.72503468
10.670934	-0.72638943
10.680916	-0.72774546
10.690898	-0.72910277
10.70088	-0.73046136
10.710862	-0.73182124
10.720844	-0.7331824
10.730826	-0.73454484
10.740808	-0.73590856
10.75079	-0.73727357
10.760772	-0.73863986
10.770754	-0.74000743
10.780736	-0.74137629
10.790718	-0.74274643
10.8007	-0.74411785
10.810682	-0.74549055
10.820664	-0.74686454
10.830646	-0.74823982
10.840628	-0.74961638
10.85061	-0.75099422
10.860592	-0.75237335
10.870574	-0.75375376
10.880556	-0.75513546
10.890538	-0.75651844
10.90052	-0.7579027
10.910502	-0.75928826
10.920484	-0.76067509
10.930466	-0.76206322
10.940448	-0.76345263
10.95043	-0.76484332
10.960412	-0.7662353
10.970394	-0.76762857
10.980376	-0.76902312
10.990358	-0.77041896
11.00034	-0.77181609
11.010322	-0.77321451
11.020304	-0.77461421
11.030286	-0.7760152
11.040268	-0.77741747
11.05025	-0.77882104
11.060232	-0.78022589
11.070214	-0.78163203
11.080196	-0.78303945
11.090178	-0.78444817
11.10016	-0.78585818
11.110142	-0.78726947
11.120124	-0.78868205
11.130106	-0.79009592
11.140088	-0.79151108
11.15007	-0.79292753
11.160052	-0.79434527
11.170034	-0.7957643
11.180016	-0.79718461
11.189998	-0.79860622
11.19998	-0.80002912
11.209962	-0.80145331
11.219944	-0.80287879
11.229926	-0.80430556
11.239908	-0.80573362
11.24989	-0.80716297
11.259872	-0.80859361
11.269854	-0.81002555
11.279836	-0.81145878
11.289818	-0.81289329
11.2998	-0.8143291
11.309782	-0.8157662
11.319764	-0.8172046
11.329746	-0.81864429
11.339728	-0.82008526
11.34971	-0.82152754
11.359692	-0.8229711
11.369674	-0.82441596
11.379656	-0.82586211
11.389638	-0.82730956
11.39962	-0.8287583
11.409602	-0.83020833
11.419584	-0.83165966
11.429566	-0.83311228
11.439548	-0.83456619
11.44953	-0.8360214
11.459512	-0.83747791
11.469494	-0.83893571
11.479476	-0.8403948
11.489458	-0.84185519
11.49944	-0.84331688
11.509422	-0.84477986
11.519404	-0.84624414
11.529386	-0.84770972
11.539368	-0.84917659
11.54935	-0.85064475
11.559332	-0.85211422
11.569314	-0.85358498
11.579296	-0.85505703
11.589278	-0.85653039
11.59926	-0.85800504
11.609242	-0.85948099
11.619224	-0.86095824
11.629206	-0.86243678
11.639188	-0.86391663
11.64917	-0.86539777
11.659152	-0.86688021
11.669134	-0.86836395
11.679116	-0.86984899
11.689098	-0.87133533
11.69908	-0.87282297
11.709062	-0.8743119
11.719044	-0.87580214
11.729026	-0.87729368
11.739008	-0.87878651
11.74899	-0.88028065
11.758972	-0.88177609
11.768954	-0.88327282
11.778936	-0.88477086
11.788918	-0.8862702
11.7989	-0.88777084
11.808882	-0.88927279
11.818864	-0.89077603
11.828846	-0.89228058
11.838828	-0.89378643
11.84881	-0.89529358
11.858792	-0.89680203
11.868774	-0.89831179
11.878756	-0.89982285
11.888738	-0.90133521
11.89872	-0.90284887
11.908702	-0.90436384
11.918684	-0.90588012
11.928666	-0.90739769
11.938648	-0.90891657
11.94863	-0.91043676
11.958612	-0.91195825
11.968594	-0.91348104
11.978576	-0.91500514
11.988558	-0.91653054
11.99854	-0.91805725
12.008522	-0.91958527
12.018504	-0.92111459
12.028486	-0.92264521
12.038468	-0.92417715
12.04845	-0.92571039
12.058432	-0.92724493
12.068414	-0.92878078
12.078396	-0.93031794
12.088378	-0.93185641
12.09836	-0.93339618
12.108342	-0.93493726
12.118324	-0.93647965
12.128306	-0.93802335
12.138288	-0.93956836
12.14827	-0.94111467
12.158252	-0.94266229
12.168234	-0.94421122
12.178216	-0.94576146
12.188198	-0.94731301
12.19818	-0.94886587
12.208162	-0.95042004
12.218144	-0.95197552
12.228126	-0.95353231
12.238108	-0.95509041
12.24809	-0.95664982
12.258072	-0.95821054
12.268054	-0.95977257
12.278036	-0.96133591
12.288018	-0.96290056
12.298	-0.96446653
12.307982	-0.96603381
12.317964	-0.9676024
12.327946	-0.9691723
12.337928	-0.97074351
12.34791	-0.97231604
12.357892	-0.97388988
12.367874	-0.97546503
12.377856	-0.97704149
12.387838	-0.97861927
12.39782	-0.98019837
12.407802	-0.98177877
12.417784	-0.98336049
12.427766	-0.98494353
12.437748	-0.98652788
12.44773	-0.98811355
12.457712	-0.98970053
12.467694	-0.99128882
12.477676	-0.99287843
12.487658	-0.99446936
12.49764	-0.9960616
12.507622	-0.99765516
12.517604	-0.99925004
12.527586	-1.0008462
12.537568	-1.0024437
12.54755	-1.0040426
12.557532	-1.0056427
12.567514	-1.0072442
12.577495	-1.0088469
12.587477	-1.010451
12.597459	-1.0120565
12.607441	-1.0136632
12.617423	-1.0152712
12.627405	-1.0168806
12.637387	-1.0184913
12.647369	-1.0201033
12.657351	-1.0217166
12.667333	-1.0233313
12.677315	-1.0249472
12.687297	-1.0265645
12.697279	-1.0281831
12.707261	-1.0298031
12.717243	-1.0314243
12.727225	-1.0330469
12.737207	-1.0346708
12.747189	-1.036296
12.757171	-1.0379225
12.767153	-1.0395504
12.777135	-1.0411796
12.787117	-1.0428101
12.797099	-1.0444419
12.807081	-1.046075
12.817063	-1.0477095
12.827045	-1.0493453
12.837027	-1.0509824
12.847009	-1.0526209
12.856991	-1.0542606
12.866973	-1.0559017
12.876955	-1.0575441
12.886937	-1.0591879
12.896919	-1.0608329
12.906901	-1.0624793
12.916883	-1.0641271
12.926865	-1.0657761
12.936847	-1.0674265
12.946829	-1.0690782
12.956811	-1.0707312
12.966793	-1.0723855
12.976775	-1.0740412
12.986757	-1.0756982
12.996739	-1.0773565
13.006721	-1.0790162
13.016703	-1.0806772
13.026685	-1.0823395
13.036667	-1.0840031
13.046649	-1.0856681
13.056631	-1.0873344
13.066613	-1.089002
13.076595	-1.090671
13.086577	-1.0923412
13.096559	-1.0940129
13.106541	-1.0956858
13.116523	-1.0973601
13.126505	-1.0990357
13.136487	-1.1007126
13.146469	-1.1023909
13.156451	-1.1040705
13.166433	-1.1057514
13.176415	-1.1074337
13.186397	-1.1091173
13.196379	-1.1108022
13.206361	-1.1124885
13.216343	-1.114176
13.226325	-1.115865
13.236307	-1.1175552
13.246289	-1.1192468
13.256271	-1.1209397
13.266253	-1.122634
13.276235	-1.1243296
13.286217	-1.1260265
13.296199	-1.1277248
13.306181	-1.1294244
13.316163	-1.1311253
13.326145	-1.1328276
13.336127	-1.1345312
13.346109	-1.1362361
13.356091	-1.1379424
13.366073	-1.13965
13.376055	-1.1413589
13.386037	-1.1430692
13.396019	-1.1447808
13.406001	-1.1464938
13.415983	-1.1482081
13.425965	-1.1499237
13.435947	-1.1516407
13.445929	-1.153359
13.455911	-1.1550786
13.465893	-1.1567996
13.475875	-1.1585219
13.485857	-1.1602456
13.495839	-1.1619706
13.505821	-1.1636969
13.515803	-1.1654246
13.525785	-1.1671536
13.535767	-1.168884
13.545749	-1.1706157
13.555731	-1.1723488
13.565713	-1.1740831
13.575695	-1.1758189
13.585677	-1.1775559
13.595659	-1.1792943
13.605641	-1.1810341
13.615623	-1.1827752
13.625605	-1.1845176
13.635587	-1.1862614
13.645569	-1.1880065
13.655551	-1.189753
13.665533	-1.1915008
13.675515	-1.19325
13.685497	-1.1950005
13.695479	-1.1967523
13.705461	-1.1985055
13.715443	-1.20026
13.725425	-1.2020159
13.735407	-1.2037731
13.745389	-1.2055317
13.755371	-1.2072916
13.765353	-1.2090529
13.775335	-1.2108155
13.785317	-1.2125795
13.795299	-1.2143448
13.805281	-1.2161114
13.815263	-1.2178794
13.825245	-1.2196488
13.835227	-1.2214195
13.845209	-1.2231915
13.855191	-1.2249649
13.865173	-1.2267396
13.875155	-1.2285157
13.885137	-1.2302932
13.895119	-1.2320719
13.905101	-1.2338521
13.915083	-1.2356336
13.925065	-1.2374164
13.935047	-1.2392006
13.945029	-1.2409861
13.955011	-1.242773
13.964993	-1.2445613
13.974975	-1.2463509
13.984957	-1.2481418
13.994939	-1.2499341
14.004921	-1.2517278
14.014903	-1.2535228
14.024885	-1.2553191
14.034867	-1.2571168
14.044849	-1.2589159
14.054831	-1.2607163
14.064813	-1.2625181
14.074795	-1.2643212
14.084777	-1.2661257
14.094759	-1.2679315
14.104741	-1.2697387
14.114723	-1.2715472
14.124705	-1.2733571
14.134687	-1.2751684
14.144669	-1.276981
14.154651	-1.278795
14.164633	-1.2806103
14.174615	-1.282427
14.184597	-1.284245
14.194579	-1.2860644
14.204561	-1.2878852
14.214543	-1.2897073
14.224525	-1.2915307
14.234507	-1.2933556
14.244489	-1.2951818
14.254471	-1.2970093
14.264453	-1.2988382
14.274435	-1.3006685
14.284417	-1.3025001
14.294399	-1.3043331
14.304381	-1.3061674
14.314363	-1.3080031
14.324345	-1.3098402
14.334327	-1.3116786
14.344309	-1.3135184
14.354291	-1.3153596
14.364273	-1.3172021
14.374255	-1.3190459
14.384237	-1.3208912
14.394219	-1.3227378
14.404201	-1.3245857
14.414183	-1.3264351
14.424165	-1.3282858
14.434147	-1.3301378
14.444129	-1.3319912
14.454111	-1.333846
14.464093	-1.3357022
14.474075	-1.3375597
14.484057	-1.3394185
14.494039	-1.3412788
14.504021	-1.3431404
14.514003	-1.3450034
14.523985	-1.3468677
14.533967	-1.3487334
14.543949	-1.3506005
14.553931	-1.3524689
14.563913	-1.3543387
14.573895	-1.3562099
14.583877	-1.3580824
14.593859	-1.3599563
14.603841	-1.3618316
14.613823	-1.3637082
14.623805	-1.3655863
14.633787	-1.3674656
14.643769	-1.3693464
14.653751	-1.3712285
14.663733	-1.373112
14.673715	-1.3749969
14.683697	-1.3768831
14.693679	-1.3787707
14.703661	-1.3806597
14.713643	-1.38255
14.723625	-1.3844417
14.733607	-1.3863348
14.743589	-1.3882293
14.753571	-1.3901251
14.763553	-1.3920223
14.773535	-1.3939209
14.783517	-1.3958209
14.793499	-1.3977222
14.803481	-1.3996249
14.813463	-1.4015289
14.823445	-1.4034344
14.833427	-1.4053412
14.843409	-1.4072494
14.853391	-1.409159
14.863373	-1.4110699
14.873355	-1.4129822
14.883337	-1.4148959
14.893319	-1.416811
14.903301	-1.4187275
14.913283	-1.4206453
14.923265	-1.4225645
14.933247	-1.4244851
14.943229	-1.426407
14.953211	-1.4283304
14.963193	-1.4302551
14.973175	-1.4321812
14.983157	-1.4341086
14.993139	-1.4360375
15.003121	-1.4379677
15.013103	-1.4398993
15.023085	-1.4418323
15.033067	-1.4437667
15.043049	-1.4457024
15.053031	-1.4476395
15.063013	-1.4495781
15.072995	-1.4515179
15.082977	-1.4534592
15.092959	-1.4554019
15.102941	-1.4573459
15.112923	-1.4592913
15.122905	-1.4612381
15.132887	-1.4631863
15.142869	-1.4651359
15.152851	-1.4670868
15.162833	-1.4690391
15.172815	-1.4709928
15.182797	-1.4729479
15.192779	-1.4749044
15.202761	-1.4768623
15.212743	-1.4788215
15.222725	-1.4807822
15.232707	-1.4827442
15.242689	-1.4847076
15.252671	-1.4866724
15.262653	-1.4886386
15.272635	-1.4906061
15.282617	-1.4925751
15.292599	-1.4945454
15.302581	-1.4965172
15.312563	-1.4984903
15.322545	-1.5004648
15.332527	-1.5024407
15.342509	-1.504418
15.35249	-1.5063966
15.362472	-1.5083767
15.372454	-1.5103581
15.382436	-1.512341
15.392418	-1.5143252
15.4024	-1.5163108
15.412382	-1.5182978
15.422364	-1.5202862
15.432346	-1.522276
15.442328	-1.5242672
15.45231	-1.5262597
15.462292	-1.5282537
15.472274	-1.530249
15.482256	-1.5322458
15.492238	-1.5342439
15.50222	-1.5362435
15.512202	-1.5382444
15.522184	-1.5402467
15.532166	-1.5422504
15.542148	-1.5442555
15.55213	-1.546262
15.562112	-1.5482699
15.572094	-1.5502792
15.582076	-1.5522899
15.592058	-1.5543019
15.60204	-1.5563154
15.612022	-1.5583303
15.622004	-1.5603466
15.631986	-1.5623642
15.641968	-1.5643833
15.65195	-1.5664037
15.661932	-1.5684256
15.671914	-1.5704488
15.681896	-1.5724735
15.691878	-1.5744995
15.70186	-1.576527
15.711842	-1.5785558
15.721824	-1.580586
15.731806	-1.5826177
15.741788	-1.5846507
15.75177	-1.5866852
15.761752	-1.588721
15.771734	-1.5907582
15.781716	-1.5927969
15.791698	-1.5948369
15.80168	-1.5968784
15.811662	-1.5989212
15.821644	-1.6009654
15.831626	-1.6030111
15.841608	-1.6050581
15.85159	-1.6071066
15.861572	-1.6091564
15.871554	-1.6112077
15.881536	-1.6132604
15.891518	-1.6153144
15.9015	-1.6173699
15.911482	-1.6194268
15.921464	-1.621485
15.931446	-1.6235447
15.941428	-1.6256058
15.95141	-1.6276683
15.961392	-1.6297322
15.971374	-1.6317975
15.981356	-1.6338642
15.991338	-1.6359323
16.00132	-1.6380018
16.011302	-1.6400727
16.021284	-1.6421451
16.031266	-1.6442188
16.041248	-1.646294
16.05123	-1.6483705
16.061212	-1.6504485
16.071194	-1.6525279
16.081176	-1.6546086
16.091158	-1.6566908
16.10114	-1.6587744
16.111122	-1.6608594
16.121104	-1.6629459
16.131086	-1.6650337
16.141068	-1.6671229
16.15105	-1.6692136
16.161032	-1.6713056
16.171014	-1.6733991
16.180996	-1.675494
16.190978	-1.6775903
16.20096	-1.679688
16.210942	-1.6817871
16.220924	-1.6838876
16.230906	-1.6859896
16.240888	-1.6880929
16.25087	-1.6901977
16.260852	-1.6923039
16.270834	-1.6944115
16.280816	-1.6965205
16.290798	-1.6986309
16.30078	-1.7007428
16.310762	-1.702856
16.320744	-1.7049707
16.330726	-1.7070868
16.340708	-1.7092043
16.35069	-1.7113232
16.360672	-1.7134436
16.370654	-1.7155653
16.380636	-1.7176885
16.390618	-1.7198131
16.4006	-1.7219391
16.410582	-1.7240665
16.420564	-1.7261953
16.430546	-1.7283256
16.440528	-1.7304573
16.45051	-1.7325904
16.460492	-1.7347249
16.470474	-1.7368608
16.480456	-1.7389982
16.490438	-1.741137
16.50042	-1.7432772
16.510402	-1.7454188
16.520384	-1.7475618
16.530366	-1.7497063
16.540348	-1.7518521
16.55033	-1.7539994
16.560312	-1.7561482
16.570294	-1.7582983
16.580276	-1.7604499
16.590258	-1.7626029
16.60024	-1.7647573
16.610222	-1.7669131
16.620204	-1.7690704
16.630186	-1.7712291
16.640168	-1.7733892
16.65015	-1.7755507
16.660132	-1.7777136
16.670114	-1.779878
16.680096	-1.7820438
16.690078	-1.7842111
16.70006	-1.7863797
16.710042	-1.7885498
16.720024	-1.7907213
16.730006	-1.7928942
16.739988	-1.7950686
16.74997	-1.7972444
16.759952	-1.7994216
16.769934	-1.8016003
16.779916	-1.8037803
16.789898	-1.8059618
16.79988	-1.8081447
16.809862	-1.8103291
16.819844	-1.8125149
16.829826	-1.8147021
16.839808	-1.8168907
16.84979	-1.8190808
16.859772	-1.8212723
16.869754	-1.8234653
16.879736	-1.8256596
16.889718	-1.8278554
16.8997	-1.8300526
16.909682	-1.8322513
16.919664	-1.8344514
16.929646	-1.8366529
16.939628	-1.8388559
16.94961	-1.8410602
16.959592	-1.8432661
16.969574	-1.8454733
16.979556	-1.847682
16.989538	-1.8498921
16.99952	-1.8521037
17.009502	-1.8543167
17.019484	-1.8565311
17.029466	-1.8587469
17.039448	-1.8609642
17.04943	-1.8631829
17.059412	-1.8654031
17.069394	-1.8676247
17.079376	-1.8698477
17.089358	-1.8720722
17.09934	-1.8742981
17.109322	-1.8765254
17.119304	-1.8787542
17.129286	-1.8809844
17.139268	-1.8832161
17.14925	-1.8854492
17.159232	-1.8876837
17.169214	-1.8899196
17.179196	-1.892157
17.189178	-1.8943959
17.19916	-1.8966362
17.209142	-1.8988779
17.219124	-1.901121
17.229106	-1.9033656
17.239088	-1.9056117
17.24907	-1.9078592
17.259052	-1.9101081
17.269034	-1.9123584
17.279016	-1.9146102
17.288998	-1.9168635
17.29898	-1.9191182
17.308962	-1.9213743
17.318944	-1.9236319
17.328926	-1.9258909
17.338908	-1.9281513
17.34889	-1.9304132
17.358872	-1.9326766
17.368854	-1.9349414
17.378836	-1.9372076
17.388818	-1.9394753
17.3988	-1.9417444
17.408782	-1.9440149
17.418764	-1.9462869
17.428746	-1.9485604
17.438728	-1.9508353
17.44871	-1.9531116
17.458692	-1.9553894
17.468674	-1.9576686
17.478656	-1.9599493
17.488638	-1.9622315
17.49862	-1.964515
17.508602	-1.9668
17.518584	-1.9690865
17.528566	-1.9713744
17.538548	-1.9736638
17.54853	-1.9759546
17.558512	-1.9782469
17.568494	-1.9805406
17.578476	-1.9828357
17.588458	-1.9851323
17.59844	-1.9874304
17.608422	-1.9897299
17.618404	-1.9920308
17.628386	-1.9943333
17.638368	-1.9966371
17.64835	-1.9989424
17.658332	-2.0012492
17.668314	-2.0035574
17.678296	-2.005867
17.688278	-2.0081782
17.69826	-2.0104907
17.708242	-2.0128047
17.718224	-2.0151202
17.728206	-2.0174371
17.738188	-2.0197555
17.74817	-2.0220753
17.758152	-2.0243966
17.768134	-2.0267193
17.778116	-2.0290435
17.788098	-2.0313692
17.79808	-2.0336963
17.808062	-2.0360248
17.818044	-2.0383548
17.828026	-2.0406863
17.838008	-2.0430192
17.84799	-2.0453536
17.857972	-2.0476894
17.867954	-2.0500267
17.877936	-2.0523655
17.887918	-2.0547057
17.8979	-2.0570473
17.907882	-2.0593904
17.917864	-2.061735
17.927846	-2.064081
17.937828	-2.0664285
17.94781	-2.0687775
17.957792	-2.0711279
17.967774	-2.0734797
17.977756	-2.0758331
17.987738	-2.0781878
17.99772	-2.0805441
18.007702	-2.0829018
18.017684	-2.0852609
18.027666	-2.0876216
18.037648	-2.0899836
18.04763	-2.0923472
18.057612	-2.0947122
18.067594	-2.0970787
18.077576	-2.0994466
18.087558	-2.101816
18.09754	-2.1041868
18.107522	-2.1065591
18.117504	-2.1089329
18.127485	-2.1113081
18.137467	-2.1136848
18.147449	-2.116063
18.157431	-2.1184426
18.167413	-2.1208237
18.177395	-2.1232063
18.187377	-2.1255903
18.197359	-2.1279758
18.207341	-2.1303627
18.217323	-2.1327511
18.227305	-2.135141
18.237287	-2.1375324
18.247269	-2.1399252
18.257251	-2.1423195
18.267233	-2.1447152
18.277215	-2.1471124
18.287197	-2.1495111
18.297179	-2.1519112
18.307161	-2.1543128
18.317143	-2.1567159
18.327125	-2.1591205
18.337107	-2.1615265
18.347089	-2.1639339
18.357071	-2.1663429
18.367053	-2.1687533
18.377035	-2.1711652
18.387017	-2.1735786
18.396999	-2.1759934
18.406981	-2.1784097
18.416963	-2.1808274
18.426945	-2.1832467
18.436927	-2.1856674
18.446909	-2.1880895
18.456891	-2.1905132
18.466873	-2.1929383
18.476855	-2.1953649
18.486837	-2.1977929
18.496819	-2.2002225
18.506801	-2.2026535
18.516783	-2.205086
18.526765	-2.2075199
18.536747	-2.2099553
18.546729	-2.2123922
18.556711	-2.2148306
18.566693	-2.2172704
18.576675	-2.2197117
18.586657	-2.2221545
18.596639	-2.2245988
18.606621	-2.2270445
18.616603	-2.2294917
18.626585	-2.2319404
18.636567	-2.2343905
18.646549	-2.2368422
18.656531	-2.2392953
18.666513	-2.2417499
18.676495	-2.2442059
18.686477	-2.2466635
18.696459	-2.2491225
18.706441	-2.251583
18.716423	-2.2540449
18.726405	-2.2565084
18.736387	-2.2589733
18.746369	-2.2614397
18.756351	-2.2639076
18.766333	-2.2663769
18.776315	-2.2688477
18.786297	-2.27132
18.796279	-2.2737938
18.806261	-2.2762691
18.816243	-2.2787458
18.826225	-2.2812241
18.836207	-2.2837038
18.846189	-2.286185
18.856171	-2.2886676
18.866153	-2.2911518
18.876135	-2.2936374
18.886117	-2.2961245
18.896099	-2.2986131
18.906081	-2.3011031
18.916063	-2.3035947
18.926045	-2.3060877
18.936027	-2.3085822
18.946009	-2.3110782
18.955991	-2.3135757
18.965973	-2.3160746
18.975955	-2.3185751
18.985937	-2.321077
18.995919	-2.3235804
19.005901	-2.3260853
19.015883	-2.3285917
19.025865	-2.3310995
19.035847	-2.3336089
19.045829	-2.3361197
19.055811	-2.338632
19.065793	-2.3411458
19.075775	-2.3436611
19.085757	-2.3461778
19.095739	-2.3486961
19.105721	-2.3512158
19.115703	-2.353737
19.125685	-2.3562597
19.135667	-2.3587839
19.145649	-2.3613096
19.155631	-2.3638368
19.165613	-2.3663654
19.175595	-2.3688955
19.185577	-2.3714272
19.195559	-2.3739603
19.205541	-2.3764949
19.215523	-2.379031
19.225505	-2.3815685
19.235487	-2.3841076
19.245469	-2.3866481
19.255451	-2.3891902
19.265433	-2.3917337
19.275415	-2.3942787
19.285397	-2.3968252
19.295379	-2.3993732
19.305361	-2.4019227
19.315343	-2.4044737
19.325325	-2.4070262
19.335307	-2.4095801
19.345289	-2.4121356
19.355271	-2.4146925
19.365253	-2.4172509
19.375235	-2.4198109
19.385217	-2.4223723
19.395199	-2.4249352
19.405181	-2.4274996
19.415163	-2.4300654
19.425145	-2.4326328
19.435127	-2.4352017
19.445109	-2.4377721
19.455091	-2.4403439
19.465073	-2.4429173
19.475055	-2.4454921
19.485037	-2.4480684
19.495019	-2.4506463
19.505001	-2.4532256
19.514983	-2.4558064
19.524965	-2.4583887
19.534947	-2.4609725
19.544929	-2.4635578
19.554911	-2.4661446
19.564893	-2.4687329
19.574875	-2.4713227
19.584857	-2.473914
19.594839	-2.4765067
19.604821	-2.479101
19.614803	-2.4816968
19.624785	-2.484294
19.634767	-2.4868928
19.644749	-2.4894931
19.654731	-2.4920948
19.664713	-2.4946981
19.674695	-2.4973028
19.684677	-2.499909
19.694659	-2.5025168
19.704641	-2.505126
19.714623	-2.5077368
19.724605	-2.510349
19.734587	-2.5129627
19.744569	-2.515578
19.754551	-2.5181947
19.764533	-2.5208129
19.774515	-2.5234327
19.784497	-2.5260539
19.794479	-2.5286766
19.804461	-2.5313008
19.814443	-2.5339266
19.824425	-2.5365538
19.834407	-2.5391825
19.844389	-2.5418127
19.854371	-2.5444445
19.864353	-2.5470777
19.874335	-2.5497124
19.884317	-2.5523487
19.894299	-2.5549864
19.904281	-2.5576256
19.914263	-2.5602664
19.924245	-2.5629086
19.934227	-2.5655523
19.944209	-2.5681976
19.954191	-2.5708443
19.964173	-2.5734926
19.974155	-2.5761423
19.984137	-2.5787936
19.994119	-2.5814463
20.004101	-2.5841006
20.014083	-2.5867564
20.024065	-2.5894136
20.034047	-2.5920724
20.044029	-2.5947327
20.054011	-2.5973944
20.063993	-2.6000577
20.073975	-2.6027225
20.083957	-2.6053888
20.093939	-2.6080566
20.103921	-2.6107259
20.113903	-2.6133967
20.123885	-2.616069
20.133867	-2.6187428
20.143849	-2.6214182
20.153831	-2.624095
20.163813	-2.6267733
20.173795	-2.6294532
20.183777	-2.6321345
20.193759	-2.6348174
20.203741	-2.6375018
20.213723	-2.6401876
20.223705	-2.642875
20.233687	-2.6455639
20.243669	-2.6482543
20.253651	-2.6509462
20.263633	-2.6536396
20.273615	-2.6563345
20.283597	-2.6590309
20.293579	-2.6617289
20.303561	-2.6644283
20.313543	-2.6671293
20.323525	-2.6698317
20.333507	-2.6725357
20.343489	-2.6752412
20.353471	-2.6779482
20.363453	-2.6806566
20.373435	-2.6833667
20.383417	-2.6860782
20.393399	-2.6887912
20.403381	-2.6915057
20.413363	-2.6942218
20.423345	-2.6969393
20.433327	-2.6996584
20.443309	-2.702379
20.453291	-2.7051011
20.463273	-2.7078247
20.473255	-2.7105498
20.483237	-2.7132764
20.493219	-2.7160046
20.503201	-2.7187342
20.513183	-2.7214654
20.523165	-2.724198
20.533147	-2.7269322
20.543129	-2.7296679
20.553111	-2.7324051
20.563093	-2.7351439
20.573075	-2.7378841
20.583057	-2.7406258
20.593039	-2.7433691
20.603021	-2.7461139
20.613003	-2.7488602
20.622985	-2.751608
20.632967	-2.7543573
20.642949	-2.7571081
20.652931	-2.7598605
20.662913	-2.7626143
20.672895	-2.7653697
20.682877	-2.7681266
20.692859	-2.770885
20.702841	-2.7736449
20.712823	-2.7764064
20.722805	-2.7791693
20.732787	-2.7819338
20.742769	-2.7846998
20.752751	-2.7874672
20.762733	-2.7902363
20.772715	-2.7930068
20.782697	-2.7957788
20.792679	-2.7985524
20.802661	-2.8013275
20.812643	-2.8041041
20.822625	-2.8068822
20.832607	-2.8096618
20.842589	-2.8124429
20.852571	-2.8152256
20.862553	-2.8180098
20.872535	-2.8207955
20.882517	-2.8235827
20.892498	-2.8263714
20.90248	-2.8291617
20.912462	-2.8319534
20.922444	-2.8347467
20.932426	-2.8375415
20.942408	-2.8403379
20.95239	-2.8431357
20.962372	-2.8459351
20.972354	-2.8487359
20.982336	-2.8515383
20.992318	-2.8543423
21.0023	-2.8571477
21.012282	-2.8599547
21.022264	-2.8627631
21.032246	-2.8655731
21.042228	-2.8683846
21.05221	-2.8711977
21.062192	-2.8740122
21.072174	-2.8768283
21.082156	-2.8796459
21.092138	-2.882465
21.10212	-2.8852856
21.112102	-2.8881078
21.122084	-2.8909315
21.132066	-2.8937567
21.142048	-2.8965834
21.15203	-2.8994116
21.162012	-2.9022414
21.171994	-2.9050727
21.181976	-2.9079055
21.191958	-2.9107398
21.20194	-2.9135757
21.211922	-2.916413
21.221904	-2.9192519
21.231886	-2.9220924
21.241868	-2.9249343
21.25185	-2.9277778
21.261832	-2.9306227
21.271814	-2.9334692
21.281796	-2.9363173
21.291778	-2.9391668
21.30176	-2.9420179
21.311742	-2.9448705
21.321724	-2.9477246
21.331706	-2.9505803
21.341688	-2.9534374
21.35167	-2.9562961
21.361652	-2.9591563
21.371634	-2.9620181
21.381616	-2.9648814
21.391598	-2.9677461
21.40158	-2.9706125
21.411562	-2.9734803
21.421544	-2.9763497
21.431526	-2.9792205
21.441508	-2.982093
21.45149	-2.9849669
21.461472	-2.9878424
21.471454	-2.9907193
21.481436	-2.9935979
21.491418	-2.9964779
21.5014	-2.9993595
21.511382	-3.0022425
21.521364	-3.0051272
21.531346	-3.0080133
21.541328	-3.010901
21.55131	-3.0137901
21.561292	-3.0166809
21.571274	-3.0195731
21.581256	-3.0224669
21.591238	-3.0253622
21.60122	-3.028259
21.611202	-3.0311573
21.621184	-3.0340572
21.631166	-3.0369586
21.641148	-3.0398616
21.65113	-3.042766
21.661112	-3.045672
21.671094	-3.0485795
21.681076	-3.0514885
21.691058	-3.0543991
21.70104	-3.0573112
21.711022	-3.0602248
21.721004	-3.06314
21.730986	-3.0660567
21.740968	-3.0689749
21.75095	-3.0718946
21.760932	-3.0748159
21.770914	-3.0777386
21.780896	-3.080663
21.790878	-3.0835888
21.80086	-3.0865162
21.810842	-3.0894451
21.820824	-3.0923755
21.830806	-3.0953075
21.840788	-3.098241
21.85077	-3.101176
21.860752	-3.1041125
21.870734	-3.1070506
21.880716	-3.1099902
21.890698	-3.1129313
21.90068	-3.115874
21.910662	-3.1188182
21.920644	-3.1217639
21.930626	-3.1247112
21.940608	-3.12766
21.95059	-3.1306103
21.960572	-3.1335621
21.970554	-3.1365155
21.980536	-3.1394704
21.990518	-3.1424268
22.0005	-3.1453848
22.010482	-3.1483443
22.020464	-3.1513053
22.030446	-3.1542679
22.040428	-3.1572319
22.05041	-3.1601976
22.060392	-3.1631647
22.070374	-3.1661334
22.080356	-3.1691036
22.090338	-3.1720753
22.10032	-3.1750486
22.110302	-3.1780234
22.120284	-3.1809997
22.130266	-3.1839776
22.140248	-3.186957
22.15023	-3.1899379
22.160212	-3.1929204
22.170194	-3.1959044
22.180176	-3.1988899
22.190158	-3.2018769
22.20014	-3.2048655
22.210122	-3.2078557
22.220104	-3.2108473
22.230086	-3.2138405
22.240068	-3.2168352
22.25005	-3.2198314
22.260032	-3.2228292
22.270014	-3.2258285
22.279996	-3.2288294
22.289978	-3.2318317
22.29996	-3.2348357
22.309942	-3.2378411
22.319924	-3.2408481
22.329906	-3.2438566
22.339888	-3.2468666
22.34987	-3.2498782
22.359852	-3.2528913
22.369834	-3.2559059
22.379816	-3.2589221
22.389798	-3.2619398
22.39978	-3.264959
22.409762	-3.2679798
22.419744	-3.2710021
22.429726	-3.2740259
22.439708	-3.2770513
22.44969	-3.2800782
22.459672	-3.2831067
22.469654	-3.2861366
22.479636	-3.2891681
22.489618	-3.2922012
22.4996	-3.2952357
22.509582	-3.2982718
22.519564	-3.3013095
22.529546	-3.3043487
22.539528	-3.3073894
22.54951	-3.3104316
22.559492	-3.3134754
22.569474	-3.3165207
22.579456	-3.3195675
22.589438	-3.3226159
22.59942	-3.3256658
22.609402	-3.3287173
22.619384	-3.3317702
22.629366	-3.3348248
22.639348	-3.3378808
22.64933	-3.3409384
22.659312	-3.3439975
22.669294	-3.3470582
22.679276	-3.3501204
22.689258	-3.3531841
22.69924	-3.3562493
22.709222	-3.3593161
22.719204	-3.3623845
22.729186	-3.3654543
22.739168	-3.3685257
22.74915	-3.3715986
22.759132	-3.3746731
22.769114	-3.3777491
22.779096	-3.3808266
22.789078	-3.3839057
22.79906	-3.3869863
22.809042	-3.3900685
22.819024	-3.3931521
22.829006	-3.3962374
22.838988	-3.3993241
22.84897	-3.4024124
22.858952	-3.4055022
22.868934	-3.4085936
22.878916	-3.4116864
22.888898	-3.4147809
22.89888	-3.4178768
22.908862	-3.4209743
22.918844	-3.4240734
22.928826	-3.4271739
22.938808	-3.430276
22.94879	-3.4333797
22.958772	-3.4364848
22.968754	-3.4395915
22.978736	-3.4426998
22.988718	-3.4458096
22.9987	-3.4489209
23.008682	-3.4520337
23.018664	-3.4551481
23.028646	-3.458264
23.038628	-3.4613815
23.04861	-3.4645005
23.058592	-3.467621
23.068574	-3.4707431
23.078556	-3.4738667
23.088538	-3.4769918
23.09852	-3.4801185
23.108502	-3.4832467
23.118484	-3.4863765
23.128466	-3.4895078
23.138448	-3.4926406
23.14843	-3.4957749
23.158412	-3.4989108
23.168394	-3.5020482
23.178376	-3.5051872
23.188358	-3.5083277
23.19834	-3.5114697
23.208322	-3.5146133
23.218304	-3.5177584
23.228286	-3.5209051
23.238268	-3.5240533
23.24825	-3.527203
23.258232	-3.5303542
23.268214	-3.533507
23.278196	-3.5366613
23.288178	-3.5398172
23.29816	-3.5429746
23.308142	-3.5461335
23.318124	-3.549294
23.328106	-3.552456
23.338088	-3.5556196
23.34807	-3.5587846
23.358052	-3.5619512
23.368034	-3.5651194
23.378016	-3.5682891
23.387998	-3.5714603
23.39798	-3.5746331
23.407962	-3.5778074
23.417944	-3.5809832
23.427926	-3.5841606
23.437908	-3.5873395
23.44789	-3.5905199
23.457872	-3.5937019
23.467854	-3.5968854
23.477836	-3.6000705
23.487818	-3.6032571
23.4978	-3.6064452
23.507782	-3.6096348
23.517764	-3.612826
23.527746	-3.6160188
23.537728	-3.619213
23.54771	-3.6224088
23.557692	-3.6256062
23.567674	-3.6288051
23.577656	-3.6320055
23.587638	-3.6352074
23.59762	-3.6384109
23.607602	-3.6416159
23.617584	-3.6448225
23.627566	-3.6480306
23.637548	-3.6512402
23.64753	-3.6544514
23.657512	-3.6576641
23.667493	-3.6608783
23.677475	-3.6640941
23.687457	-3.6673114
23.697439	-3.6705303
23.707421	-3.6737506
23.717403	-3.6769726
23.727385	-3.680196
23.737367	-3.683421
23.747349	-3.6866475
23.757331	-3.6898756
23.767313	-3.6931052
23.777295	-3.6963363
23.787277	-3.699569
23.797259	-3.7028032
23.807241	-3.706039
23.817223	-3.7092762
23.827205	-3.7125151
23.837187	-3.7157554
23.847169	-3.7189973
23.857151	-3.7222407
23.867133	-3.7254857
23.877115	-3.7287322
23.887097	-3.7319802
23.897079	-3.7352298
23.907061	-3.7384809
23.917043	-3.7417335
23.927025	-3.7449877
23.937007	-3.7482434
23.946989	-3.7515006
23.956971	-3.7547594
23.966953	-3.7580197
23.976935	-3.7612816
23.986917	-3.7645449
23.996899	-3.7678099
24.006881	-3.7710763
24.016863	-3.7743443
24.026845	-3.7776138
24.036827	-3.7808849
24.046809	-3.7841575
24.056791	-3.7874316
24.066773	-3.7907073
24.076755	-3.7939845
24.086737	-3.7972632
24.096719	-3.8005435
24.106701	-3.8038253
24.116683	-3.8071086
24.126665	-3.8103935
24.136647	-3.8136799
24.146629	-3.8169679
24.156611	-3.8202573
24.166593	-3.8235483
24.176575	-3.8268409
24.186557	-3.830135
24.196539	-3.8334306
24.206521	-3.8367277
24.216503	-3.8400264
24.226485	-3.8433266
24.236467	-3.8466284
24.246449	-3.8499317
24.256431	-3.8532365
24.266413	-3.8565429
24.276395	-3.8598507
24.286377	-3.8631602
24.296359	-3.8664711
24.306341	-3.8697836
24.316323	-3.8730976
24.326305	-3.8764132
24.336287	-3.8797303
24.346269	-3.8830489
24.356251	-3.8863691
24.366233	-3.8896908
24.376215	-3.893014
24.386197	-3.8963388
24.396179	-3.8996651
24.406161	-3.9029929
24.416143	-3.9063222
24.426125	-3.9096531
24.436107	-3.9129856
24.446089	-3.9163195
24.456071	-3.919655
24.466053	-3.922992
24.476035	-3.9263306
24.486017	-3.9296707
24.495999	-3.9330123
24.505981	-3.9363555
24.515963	-3.9397002
24.525945	-3.9430464
24.535927	-3.9463941
24.545909	-3.9497434
24.555891	-3.9530942
24.565873	-3.9564466
24.575855	-3.9598005
24.585837	-3.9631559
24.595819	-3.9665128
24.605801	-3.9698713
24.615783	-3.9732313
24.625765	-3.9765929
24.635747	-3.9799559
24.645729	-3.9833205
24.655711	-3.9866867
24.665693	-3.9900543
24.675675	-3.9934235
24.685657	-3.9967943
24.695639	-4.0001665
24.705621	-4.0035403
24.715603	-4.0069156
24.725585	-4.0102925
24.735567	-4.0136709
24.745549	-4.0170508
24.755531	-4.0204322
24.765513	-4.0238152
24.775495	-4.0271997
24.785477	-4.0305858
24.795459	-4.0339733
24.805441	-4.0373624
24.815423	-4.0407531
24.825405	-4.0441452
24.835387	-4.0475389
24.845369	-4.0509341
24.855351	-4.0543309
24.865333	-4.0577292
24.875315	-4.061129
24.885297	-4.0645303
24.895279	-4.0679332
24.905261	-4.0713376
24.915243	-4.0747435
24.925225	-4.078151
24.935207	-4.08156
24.945189	-4.0849705
24.955171	-4.0883825
24.965153	-4.0917961
24.975135	-4.0952112
24.985117	-4.0986278
24.995099	-4.102046
25.005081	-4.1054657
25.015063	-4.1088869
25.025045	-4.1123096
25.035027	-4.1157339
25.045009	-4.1191597
25.054991	-4.122587
25.064973	-4.1260159
25.074955	-4.1294462
25.084937	-4.1328781
25.094919	-4.1363116
25.104901	-4.1397465
25.114883	-4.143183
25.124865	-4.1466211
25.134847	-4.1500606
25.144829	-4.1535017
25.154811	-4.1569443
25.164793	-4.1603884
25.174775	-4.1638341
25.184757	-4.1672812
25.194739	-4.1707299
25.204721	-4.1741802
25.214703	-4.1776319
25.224685	-4.1810852
25.234667	-4.18454
25.244649	-4.1879964
25.254631	-4.1914542
25.264613	-4.1949136
25.274595	-4.1983745
25.284577	-4.201837
25.294559	-4.2053009
25.304541	-4.2087664
25.314523	-4.2122334
25.324505	-4.215702
25.334487	-4.219172
25.344469	-4.2226436
25.354451	-4.2261167
25.364433	-4.2295914
25.374415	-4.2330675
25.384397	-4.2365452
25.394379	-4.2400244
25.404361	-4.2435051
25.414343	-4.2469874
25.424325	-4.2504712
25.434307	-4.2539565
25.444289	-4.2574433
25.454271	-4.2609317
25.464253	-4.2644215
25.474235	-4.2679129
25.484217	-4.2714058
25.494199	-4.2749003
25.504181	-4.2783963
25.514163	-4.2818937
25.524145	-4.2853927
25.534127	-4.2888933
25.544109	-4.2923953
25.554091	-4.2958989
25.564073	-4.299404
25.574055	-4.3029106
25.584037	-4.3064188
25.594019	-4.3099284
25.604001	-4.3134396
25.613983	-4.3169523
25.623965	-4.3204665
25.633947	-4.3239823
25.643929	-4.3274995
25.653911	-4.3310183
25.663893	-4.3345386
25.673875	-4.3380605
25.683857	-4.3415838
25.693839	-4.3451087
25.703821	-4.3486351
25.713803	-4.352163
25.723785	-4.3556924
25.733767	-4.3592233
25.743749	-4.3627558
25.753731	-4.3662898
25.763713	-4.3698253
25.773695	-4.3733623
25.783677	-4.3769008
25.793659	-4.3804409
25.803641	-4.3839825
25.813623	-4.3875256
25.823605	-4.3910702
25.833587	-4.3946163
25.843569	-4.398164
25.853551	-4.4017131
25.863533	-4.4052638
25.873515	-4.408816
25.883497	-4.4123697
25.893479	-4.415925
25.903461	-4.4194817
25.913443	-4.42304
25.923425	-4.4265998
25.933407	-4.4301611
25.943389	-4.4337239
25.953371	-4.4372882
25.963353	-4.440854
25.973335	-4.4444214
25.983317	-4.4479903
25.993299	-4.4515607
26.003281	-4.4551326
26.013263	-4.458706
26.023245	-4.462281
26.033227	-4.4658574
26.043209	-4.4694354
26.053191	-4.4730149
26.063173	-4.4765959
26.073155	-4.4801784
26.083137	-4.4837624
26.093119	-4.4873479
26.103101	-4.490935
26.113083	-4.4945235
26.123065	-4.4981136
26.133047	-4.5017052
26.143029	-4.5052983
26.153011	-4.5088929
26.162993	-4.512489
26.172975	-4.5160867
26.182957	-4.5196858
26.192939	-4.5232865
26.202921	-4.5268887
26.212903	-4.5304924
26.222885	-4.5340976
26.232867	-4.5377043
26.242849	-4.5413125
26.252831	-4.5449222
26.262813	-4.5485335
26.272795	-4.5521462
26.282777	-4.5557605
26.292759	-4.5593762
26.302741	-4.5629935
26.312723	-4.5666123
26.322705	-4.5702326
26.332687	-4.5738544
26.342669	-4.5774777
26.352651	-4.5811026
26.362633	-4.5847289
26.372615	-4.5883568
26.382597	-4.5919861
26.392579	-4.595617
26.402561	-4.5992493
26.412543	-4.6028832
26.422525	-4.6065186
26.432507	-4.6101555
26.442488	-4.6137939
26.45247	-4.6174338
26.462452	-4.6210752
26.472434	-4.6247181
26.482416	-4.6283626
26.492398	-4.6320085
26.50238	-4.6356559
26.512362	-4.6393049
26.522344	-4.6429553
26.532326	-4.6466073
26.542308	-4.6502607
26.55229	-4.6539157
26.562272	-4.6575722
26.572254	-4.6612302
26.582236	-4.6648896
26.592218	-4.6685506
26.6022	-4.6722131
26.612182	-4.6758771
26.622164	-4.6795426
26.632146	-4.6832096
26.642128	-4.6868781
26.65211	-4.6905481
26.662092	-4.6942196
26.672074	-4.6978926
26.682056	-4.7015671
26.692038	-4.7052431
26.70202	-4.7089207
26.712002	-4.7125997
26.721984	-4.7162802
26.731966	-4.7199622
26.741948	-4.7236457
26.75193	-4.7273308
26.761912	-4.7310173
26.771894	-4.7347053
26.781876	-4.7383948
26.791858	-4.7420859
26.80184	-4.7457784
26.811822	-4.7494724
26.821804	-4.7531679
26.831786	-4.756865
26.841768	-4.7605635
26.85175	-4.7642635
26.861732	-4.767965
26.871714	-4.771668
26.881696	-4.7753725
26.891678	-4.7790786
26.90166	-4.7827861
26.911642	-4.7864951
26.921624	-4.7902056
26.931606	-4.7939176
26.941588	-4.7976311
26.95157	-4.8013461
26.961552	-4.8050626
26.971534	-4.8087805
26.981516	-4.8125
26.991498	-4.816221
27.00148	-4.8199435
27.011462	-4.8236674
27.021444	-4.8273929
27.031426	-4.8311199
27.041408	-4.8348483
27.05139	-4.8385783
27.061372	-4.8423097
27.071354	-4.8460426
27.081336	-4.8497771
27.091318	-4.853513
27.1013	-4.8572504
27.111282	-4.8609893
27.121264	-4.8647297
27.131246	-4.8684716
27.141228	-4.872215
27.15121	-4.8759598
27.161192	-4.8797062
27.171174	-4.8834541
27.181156	-4.8872034
27.191138	-4.8909542
27.20112	-4.8947066
27.211102	-4.8984604
27.221084	-4.9022157
27.231066	-4.9059725
27.241048	-4.9097308
27.25103	-4.9134906
27.261012	-4.9172518
27.270994	-4.9210146
27.280976	-4.9247788
27.290958	-4.9285446
27.30094	-4.9323118
27.310922	-4.9360805
27.320904	-4.9398507
27.330886	-4.9436224
27.340868	-4.9473956
27.35085	-4.9511702
27.360832	-4.9549464
27.370814	-4.958724
27.380796	-4.9625031
27.390778	-4.9662837
27.40076	-4.9700658
27.410742	-4.9738494
27.420724	-4.9776344
27.430706	-4.981421
27.440688	-4.985209
27.45067	-4.9889985
27.460652	-4.9927895
27.470634	-4.996582
27.480616	-5.000376
27.490598	-5.0041714
27.50058	-5.0079683
27.510562	-5.0117667
27.520544	-5.0155666
27.530526	-5.019368
27.540508	-5.0231709
27.55049	-5.0269752
27.560472	-5.030781
27.570454	-5.0345883
27.580436	-5.0383971
27.590418	-5.0422074
27.6004	-5.0460191
27.610382	-5.0498324
27.620364	-5.0536471
27.630346	-5.0574632
27.640328	-5.0612809
27.65031	-5.0651001
27.660292	-5.0689207
27.670274	-5.0727428
27.680256	-5.0765664
27.690238	-5.0803914
27.70022	-5.0842179
27.710202	-5.0880459
27.720184	-5.0918754
27.730166	-5.0957064
27.740148	-5.0995388
27.75013	-5.1033728
27.760112	-5.1072081
27.770094	-5.111045
27.780076	-5.1148834
27.790058	-5.1187232
27.80004	-5.1225645
27.810022	-5.1264072
27.820004	-5.1302515
27.829986	-5.1340972
27.839968	-5.1379444
27.84995	-5.1417931
27.859932	-5.1456432
27.869914	-5.1494948
27.879896	-5.1533479
27.889878	-5.1572024
27.89986	-5.1610585
27.909842	-5.164916
27.919824	-5.1687749
27.929806	-5.1726354
27.939788	-5.1764973
27.94977	-5.1803607
27.959752	-5.1842255
27.969734	-5.1880918
27.979716	-5.1919596
27.989698	-5.1958289
27.99968	-5.1996996
28.009662	-5.2035718
28.019644	-5.2074455
28.029626	-5.2113206
28.039608	-5.2151972
28.04959	-5.2190753
28.059572	-5.2229548
28.069554	-5.2268358
28.079536	-5.2307183
28.089518	-5.2346022
28.0995	-5.2384876
28.109482	-5.2423745
28.119464	-5.2462628
28.129446	-5.2501526
28.139428	-5.2540439
28.14941	-5.2579366
28.159392	-5.2618308
28.169374	-5.2657265
28.179356	-5.2696236
28.189338	-5.2735222
28.19932	-5.2774222
28.209302	-5.2813237
28.219284	-5.2852267
28.229266	-5.2891311
28.239248	-5.293037
28.24923	-5.2969444
28.259212	-5.3008532
28.269194	-5.3047635
28.279176	-5.3086752
28.289158	-5.3125884
28.29914	-5.3165031
28.309122	-5.3204192
28.319104	-5.3243368
28.329086	-5.3282558
28.339068	-5.3321763
28.34905	-5.3360983
28.359032	-5.3400217
28.369014	-5.3439466
28.378996	-5.3478729
28.388978	-5.3518007
28.39896	-5.3557299
28.408942	-5.3596606
28.418924	-5.3635928
28.428906	-5.3675264
28.438888	-5.3714614
28.44887	-5.375398
28.458852	-5.3793359
28.468834	-5.3832754
28.478816	-5.3872163
28.488798	-5.3911586
28.49878	-5.3951024
28.508762	-5.3990476
28.518744	-5.4029943
28.528726	-5.4069425
28.538708	-5.4108921
28.54869	-5.4148431
28.558672	-5.4187956
28.568654	-5.4227496
28.578636	-5.426705
28.588618	-5.4306619
28.5986	-5.4346202
28.608582	-5.4385799
28.618564	-5.4425411
28.628546	-5.4465038
28.638528	-5.4504679
28.64851	-5.4544335
28.658492	-5.4584005
28.668474	-5.4623689
28.678456	-5.4663388
28.688438	-5.4703102
28.69842	-5.4742829
28.708402	-5.4782572
28.718384	-5.4822329
28.728366	-5.48621
28.738348	-5.4901886
28.74833	-5.4941686
28.758312	-5.4981501
28.768294	-5.502133
28.778276	-5.5061173
28.788258	-5.5101031
28.79824	-5.5140904
28.808222	-5.5180791
28.818204	-5.5220692
28.828186	-5.5260608
28.838168	-5.5300538
28.84815	-5.5340482
28.858132	-5.5380441
28.868114	-5.5420415
28.878096	-5.5460402
28.888078	-5.5500404
28.89806	-5.5540421
28.908042	-5.5580452
28.918024	-5.5620497
28.928006	-5.5660557
28.937988	-5.5700631
28.94797	-5.574072
28.957952	-5.5780823
28.967934	-5.582094
28.977916	-5.5861072
28.987898	-5.5901218
28.99788	-5.5941378
29.007862	-5.5981553
29.017844	-5.6021742
29.027826	-5.6061945
29.037808	-5.6102163
29.04779	-5.6142395
29.057772	-5.6182642
29.067754	-5.6222903
29.077736	-5.6263178
29.087718	-5.6303467
29.0977	-5.6343771
29.107682	-5.6384089
29.117664	-5.6424422
29.127646	-5.6464768
29.137628	-5.650513
29.14761	-5.6545505
29.157592	-5.6585895
29.167574	-5.6626299
29.177556	-5.6666717
29.187538	-5.670715
29.19752	-5.6747597
29.207502	-5.6788058
29.217483	-5.6828533
29.227465	-5.6869023
29.237447	-5.6909527
29.247429	-5.6950045
29.257411	-5.6990578
29.267393	-5.7031125
29.277375	-5.7071686
29.287357	-5.7112261
29.297339	-5.7152851
29.307321	-5.7193455
29.317303	-5.7234073
29.327285	-5.7274705
29.337267	-5.7315352
29.347249	-5.7356013
29.357231	-5.7396688
29.367213	-5.7437377
29.377195	-5.7478081
29.387177	-5.7518798
29.397159	-5.755953
29.407141	-5.7600276
29.417123	-5.7641037
29.427105	-5.7681811
29.437087	-5.77226
29.447069	-5.7763403
29.457051	-5.780422
29.467033	-5.7845052
29.477015	-5.7885897
29.486997	-5.7926757
29.496979	-5.7967631
29.506961	-5.8008519
29.516943	-5.8049421
29.526925	-5.8090338
29.536907	-5.8131268
29.546889	-5.8172213
29.556871	-5.8213172
29.566853	-5.8254145
29.576835	-5.8295132
29.586817	-5.8336133
29.596799	-5.8377149
29.606781	-5.8418179
29.616763	-5.8459222
29.626745	-5.850028
29.636727	-5.8541352
29.646709	-5.8582438
29.656691	-5.8623539
29.666673	-5.8664653
29.676655	-5.8705781
29.686637	-5.8746924
29.696619	-5.8788081
29.706601	-5.8829251
29.716583	-5.8870436
29.726565	-5.8911635
29.736547	-5.8952848
29.746529	-5.8994075
29.756511	-5.9035316
29.766493	-5.9076572
29.776475	-5.9117841
29.786457	-5.9159124
29.796439	-5.9200422
29.806421	-5.9241733
29.816403	-5.9283059
29.826385	-5.9324398
29.836367	-5.9365752
29.846349	-5.940712
29.856331	-5.9448501
29.866313	-5.9489897
29.876295	-5.9531307
29.886277	-5.9572731
29.896259	-5.9614168
29.906241	-5.965562
29.916223	-5.9697086
29.926205	-5.9738566
29.936187	-5.978006
29.946169	-5.9821567
29.956151	-5.9863089
29.966133	-5.9904625
29.976115	-5.9946175
29.986097	-5.9987739
29.996079	-6.0029316
30.006061	-6.0070908
30.016043	-6.0112514
30.026025	-6.0154134
30.036007	-6.0195767
30.045989	-6.0237415
30.055971	-6.0279076
30.065953	-6.0320752
30.075935	-6.0362441
30.085917	-6.0404145
30.095899	-6.0445862
30.105881	-6.0487593
30.115863	-6.0529338
30.125845	-6.0571097
30.135827	-6.061287
30.145809	-6.0654657
30.155791	-6.0696458
30.165773	-6.0738273
30.175755	-6.0780101
30.185737	-6.0821944
30.195719	-6.08638
30.205701	-6.0905671
30.215683	-6.0947555
30.225665	-6.0989453
30.235647	-6.1031365
30.245629	-6.1073291
30.255611	-6.111523
30.265593	-6.1157184
30.275575	-6.1199151
30.285557	-6.1241132
30.295539	-6.1283127
30.305521	-6.1325136
30.315503	-6.1367159
30.325485	-6.1409196
30.335467	-6.1451246
30.345449	-6.1493311
30.355431	-6.1535389
30.365413	-6.1577481
30.375395	-6.1619586
30.385377	-6.1661706
30.395359	-6.1703839
30.405341	-6.1745986
30.415323	-6.1788147
30.425305	-6.1830322
30.435287	-6.1872511
30.445269	-6.1914713
30.455251	-6.1956929
30.465233	-6.1999159
30.475215	-6.2041402
30.485197	-6.208366
30.495179	-6.2125931
30.505161	-6.2168216
30.515143	-6.2210515
30.525125	-6.2252827
30.535107	-6.2295153
30.545089	-6.2337493
30.555071	-6.2379847
30.565053	-6.2422214
30.575035	-6.2464595
30.585017	-6.250699
30.594999	-6.2549398
30.604981	-6.2591821
30.614963	-6.2634257
30.624945	-6.2676706
30.634927	-6.271917
30.644909	-6.2761647
30.654891	-6.2804137
30.664873	-6.2846642
30.674855	-6.288916
30.684837	-6.2931692
30.694819	-6.2974237
30.704801	-6.3016796
30.714783	-6.3059369
30.724765	-6.3101955
30.734747	-6.3144555
30.744729	-6.3187169
30.754711	-6.3229796
30.764693	-6.3272437
30.774675	-6.3315092
30.784657	-6.335776
30.794639	-6.3400442
30.804621	-6.3443138
30.814603	-6.3485847
30.824585	-6.3528569
30.834567	-6.3571306
30.844549	-6.3614056
30.854531	-6.3656819
30.864513	-6.3699596
30.874495	-6.3742387
30.884477	-6.3785191
30.894459	-6.3828009
30.904441	-6.3870841
30.914423	-6.3913686
30.924405	-6.3956544
30.934387	-6.3999416
30.944369	-6.4042302
30.954351	-6.4085201
30.964333	-6.4128114
30.974315	-6.417104
30.984297	-6.421398
30.994279	-6.4256934
31.004261	-6.4299901
31.014243	-6.4342881
31.024225	-6.4385875
31.034207	-6.4428882
31.044189	-6.4471903
31.054171	-6.4514938
31.064153	-6.4557986
31.074135	-6.4601047
31.084117	-6.4644122
31.094099	-6.4687211
31.104081	-6.4730312
31.114063	-6.4773428
31.124045	-6.4816557
31.134027	-6.4859699
31.144009	-6.4902855
31.153991	-6.4946024
31.163973	-6.4989207
31.173955	-6.5032403
31.183937	-6.5075612
31.193919	-6.5118835
31.203901	-6.5162072
31.213883	-6.5205321
31.223865	-6.5248585
31.233847	-6.5291861
31.243829	-6.5335151
31.253811	-6.5378455
31.263793	-6.5421772
31.273775	-6.5465102
31.283757	-6.5508446
31.293739	-6.5551803
31.303721	-6.5595173
31.313703	-6.5638557
31.323685	-6.5681954
31.333667	-6.5725365
31.343649	-6.5768789
31.353631	-6.5812226
31.363613	-6.5855677
31.373595	-6.5899141
31.383577	-6.5942618
31.393559	-6.5986108
31.403541	-6.6029612
31.413523	-6.607313
31.423505	-6.611666
31.433487	-6.6160204
31.443469	-6.6203761
31.453451	-6.6247332
31.463433	-6.6290916
31.473415	-6.6334513
31.483397	-6.6378123
31.493379	-6.6421747
31.503361	-6.6465384
31.513343	-6.6509034
31.523325	-6.6552698
31.533307	-6.6596375
31.543289	-6.6640065
31.553271	-6.6683768
31.563253	-6.6727485
31.573235	-6.6771214
31.583217	-6.6814957
31.593199	-6.6858714
31.603181	-6.6902483
31.613163	-6.6946266
31.623145	-6.6990062
31.633127	-6.7033871
31.643109	-6.7077694
31.653091	-6.7121529
31.663073	-6.7165378
31.673055	-6.720924
31.683037	-6.7253115
31.693019	-6.7297003
31.703001	-6.7340905
31.712983	-6.738482
31.722965	-6.7428747
31.732947	-6.7472689
31.742929	-6.7516643
31.752911	-6.756061
31.762893	-6.7604591
31.772875	-6.7648584
31.782857	-6.7692591
31.792839	-6.7736611
31.802821	-6.7780644
31.812803	-6.782469
31.822785	-6.7868749
31.832767	-6.7912822
31.842749	-6.7956907
31.852731	-6.8001006
31.862713	-6.8045117
31.872695	-6.8089242
31.882677	-6.813338
31.892659	-6.8177531
31.902641	-6.8221695
31.912623	-6.8265872
31.922605	-6.8310062
31.932587	-6.8354265
31.942569	-6.8398482
31.952551	-6.8442711
31.962533	-6.8486953
31.972515	-6.8531209
31.982496	-6.8575477
31.992478	-6.8619758
32.00246	-6.8664053
32.012442	-6.870836
32.022424	-6.8752681
32.032406	-6.8797014
32.042388	-6.8841361
32.05237	-6.888572
32.062352	-6.8930093
32.072334	-6.8974478
32.082316	-6.9018877
32.092298	-6.9063288
32.10228	-6.9107712
32.112262	-6.915215
32.122244	-6.91966
32.132226	-6.9241063
32.142208	-6.9285539
32.15219	-6.9330029
32.162172	-6.9374531
32.172154	-6.9419046
32.182136	-6.9463573
32.192118	-6.9508114
32.2021	-6.9552668
32.212082	-6.9597235
32.222064	-6.9641814
32.232046	-6.9686407
32.242028	-6.9731012
32.25201	-6.977563
32.261992	-6.9820261
32.271974	-6.9864905
32.281956	-6.9909562
32.291938	-6.9954232
32.30192	-6.9998915
32.311902	-7.004361
32.321884	-7.0088318
32.331866	-7.0133039
32.341848	-7.0177773
32.35183	-7.022252
32.361812	-7.026728
32.371794	-7.0312052
32.381776	-7.0356837
32.391758	-7.0401636
32.40174	-7.0446446
32.411722	-7.049127
32.421704	-7.0536107
32.431686	-7.0580956
32.441668	-7.0625818
32.45165	-7.0670693
32.461632	-7.071558
32.471614	-7.076048
32.481596	-7.0805394
32.491578	-7.0850319
32.50156	-7.0895258
32.511542	-7.0940209
32.521524	-7.0985173
32.531506	-7.103015
32.541488	-7.107514
32.55147	-7.1120142
32.561452	-7.1165157
32.571434	-7.1210185
32.581416	-7.1255225
32.591398	-7.1300278
32.60138	-7.1345344
32.611362	-7.1390422
32.621344	-7.1435513
32.631326	-7.1480617
32.641308	-7.1525734
32.65129	-7.1570863
32.661272	-7.1616005
32.671254	-7.1661159
32.681236	-7.1706326
32.691218	-7.1751506
32.7012	-7.1796698
32.711182	-7.1841903
32.721164	-7.1887121
32.731146	-7.1932351
32.741128	-7.1977594
32.75111	-7.2022849
32.761092	-7.2068117
32.771074	-7.2113398
32.781056	-7.2158691
32.791038	-7.2203997
32.80102	-7.2249316
32.811002	-7.2294647
32.820984	-7.233999
32.830966	-7.2385346
32.840948	-7.2430715
32.85093	-7.2476096
32.860912	-7.252149
32.870894	-7.2566896
32.880876	-7.2612315
32.890858	-7.2657746
32.90084	-7.270319
32.910822	-7.2748646
32.920804	-7.2794115
32.930786	-7.2839597
32.940768	-7.2885091
32.95075	-7.2930597
32.960732	-7.2976116
32.970714	-7.3021647
32.980696	-7.3067191
32.990678	-7.3112747
33.00066	-7.3158316
33.010642	-7.3203897
33.020624	-7.3249491
33.030606	-7.3295097
33.040588	-7.3340715
33.05057	-7.3386346
33.060552	-7.343199
33.070534	-7.3477645
33.080516	-7.3523314
33.090498	-7.3568994
33.10048	-7.3614687
33.110462	-7.3660393
33.120444	-7.370611
33.130426	-7.3751841
33.140408	-7.3797583
33.15039	-7.3843338
33.160372	-7.3889105
33.170354	-7.3934885
33.180336	-7.3980677
33.190318	-7.4026481
33.2003	-7.4072298
33.210282	-7.4118127
33.220264	-7.4163969
33.230246	-7.4209822
33.240228	-7.4255688
33.25021	-7.4301567
33.260192	-7.4347457
33.270174	-7.439336
33.280156	-7.4439275
33.290138	-7.4485203
33.30012	-7.4531143
33.310102	-7.4577095
33.320084	-7.4623059
33.330066	-7.4669036
33.340048	-7.4715025
33.35003	-7.4761026
33.360012	-7.4807039
33.369994	-7.4853065
33.379976	-7.4899102
33.389958	-7.4945153
33.39994	-7.4991215
33.409922	-7.5037289
33.419904	-7.5083376
33.429886	-7.5129475
33.439868	-7.5175586
33.44985	-7.5221709
33.459832	-7.5267845
33.469814	-7.5313993
33.479796	-7.5360152
33.489778	-7.5406324
33.49976	-7.5452509
33.509742	-7.5498705
33.519724	-7.5544913
33.529706	-7.5591134
33.539688	-7.5637367
33.54967	-7.5683612
33.559652	-7.5729869
33.569634	-7.5776138
33.579616	-7.5822419
33.589598	-7.5868712
33.59958	-7.5915018
33.609562	-7.5961335
33.619544	-7.6007665
33.629526	-7.6054007
33.639508	-7.610036
33.64949	-7.6146726
33.659472	-7.6193104
33.669454	-7.6239494
33.679436	-7.6285896
33.689418	-7.633231
33.6994	-7.6378736
33.709382	-7.6425174
33.719364	-7.6471624
33.729346	-7.6518087
33.739328	-7.6564561
33.74931	-7.6611047
33.759292	-7.6657545
33.769274	-7.6704055
33.779256	-7.6750577
33.789238	-7.6797112
33.79922	-7.6843658
33.809202	-7.6890216
33.819184	-7.6936786
33.829166	-7.6983368
33.839148	-7.7029962
33.84913	-7.7076568
33.859112	-7.7123185
33.869094	-7.7169815
33.879076	-7.7216457
33.889058	-7.726311
33.89904	-7.7309776
33.909022	-7.7356453
33.919004	-7.7403143
33.928986	-7.7449844
33.938968	-7.7496557
33.94895	-7.7543282
33.958932	-7.7590019
33.968914	-7.7636767
33.978896	-7.7683528
33.988878	-7.77303
33.99886	-7.7777084
34.008842	-7.7823881
34.018824	-7.7870688
34.028806	-7.7917508
34.038788	-7.796434
34.04877	-7.8011183
34.058752	-7.8058038
34.068734	-7.8104905
34.078716	-7.8151784
34.088698	-7.8198675
34.09868	-7.8245577
34.108662	-7.8292491
34.118644	-7.8339417
34.128626	-7.8386355
34.138608	-7.8433304
34.14859	-7.8480265
34.158572	-7.8527238
34.168554	-7.8574223
34.178536	-7.8621219
34.188518	-7.8668227
34.1985	-7.8715247
34.208482	-7.8762279
34.218464	-7.8809322
34.228446	-7.8856377
34.238428	-7.8903444
34.24841	-7.8950522
34.258392	-7.8997612
34.268374	-7.9044714
34.278356	-7.9091827
34.288338	-7.9138952
34.29832	-7.9186089
34.308302	-7.9233237
34.318284	-7.9280397
34.328266	-7.9327568
34.338248	-7.9374751
34.34823	-7.9421946
34.358212	-7.9469153
34.368194	-7.9516371
34.378176	-7.95636
34.388158	-7.9610841
34.39814	-7.9658094
34.408122	-7.9705359
34.418104	-7.9752635
34.428086	-7.9799922
34.438068	-7.9847221
34.44805	-7.9894532
34.458032	-7.9941854
34.468014	-7.9989188
34.477996	-8.0036533
34.487978	-8.008389
34.49796	-8.0131258
34.507942	-8.0178638
34.517924	-8.0226029
34.527906	-8.0273432
34.537888	-8.0320846
34.54787	-8.0368272
34.557852	-8.0415709
34.567834	-8.0463158
34.577816	-8.0510618
34.587798	-8.055809
34.59778	-8.0605573
34.607762	-8.0653067
34.617744	-8.0700573
34.627726	-8.0748091
34.637708	-8.079562
34.64769	-8.084316
34.657672	-8.0890712
34.667654	-8.0938275
34.677636	-8.0985849
34.687618	-8.1033435
34.6976	-8.1081032
34.707582	-8.1128641
34.717564	-8.1176261
34.727546	-8.1223892
34.737528	-8.1271535
34.74751	-8.1319189
34.757491	-8.1366855
34.767473	-8.1414531
34.777455	-8.1462219
34.787437	-8.1509919
34.797419	-8.155763
34.807401	-8.1605352
34.817383	-8.1653085
34.827365	-8.170083
34.837347	-8.1748585
34.847329	-8.1796353
34.857311	-8.1844131
34.867293	-8.1891921
34.877275	-8.1939722
34.887257	-8.1987534
34.897239	-8.2035358
34.907221	-8.2083192
34.917203	-8.2131038
34.927185	-8.2178896
34.937167	-8.2226764
34.947149	-8.2274644
34.957131	-8.2322535
34.967113	-8.2370437
34.977095	-8.241835
34.987077	-8.2466274
34.997059	-8.251421
35.007041	-8.2562157
35.017023	-8.2610115
35.027005	-8.2658084
35.036987	-8.2706064
35.046969	-8.2754055
35.056951	-8.2802058
35.066933	-8.2850072
35.076915	-8.2898096
35.086897	-8.2946132
35.096879	-8.2994179
35.106861	-8.3042237
35.116843	-8.3090307
35.126825	-8.3138387
35.136807	-8.3186478
35.146789	-8.3234581
35.156771	-8.3282694
35.166753	-8.3330819
35.176735	-8.3378954
35.186717	-8.3427101
35.196699	-8.3475259
35.206681	-8.3523428
35.216663	-8.3571607
35.226645	-8.3619798
35.236627	-8.3668
35.246609	-8.3716213
35.256591	-8.3764436
35.266573	-8.3812671
35.276555	-8.3860917
35.286537	-8.3909174
35.296519	-8.3957441
35.306501	-8.400572
35.316483	-8.405401
35.326465	-8.410231
35.336447	-8.4150622
35.346429	-8.4198944
35.356411	-8.4247278
35.366393	-8.4295622
35.376375	-8.4343977
35.386357	-8.4392343
35.396339	-8.444072
35.406321	-8.4489108
35.416303	-8.4537507
35.426285	-8.4585916
35.436267	-8.4634337
35.446249	-8.4682768
35.456231	-8.473121
35.466213	-8.4779663
35.476195	-8.4828127
35.486177	-8.4876602
35.496159	-8.4925088
35.506141	-8.4973584
35.516123	-8.5022091
35.526105	-8.5070609
35.536087	-8.5119138
35.546069	-8.5167677
35.556051	-8.5216228
35.566033	-8.5264789
35.576015	-8.5313361
35.585997	-8.5361943
35.595979	-8.5410537
35.605961	-8.5459141
35.615943	-8.5507756
35.625925	-8.5556381
35.635907	-8.5605018
35.645889	-8.5653665
35.655871	-8.5702323
35.665853	-8.5750991
35.675835	-8.579967
35.685817	-8.584836
35.695799	-8.589706
35.705781	-8.5945772
35.715763	-8.5994493
35.725745	-8.6043226
35.735727	-8.6091969
35.745709	-8.6140723
35.755691	-8.6189487
35.765673	-8.6238262
35.775655	-8.6287048
35.785637	-8.6335844
35.795619	-8.6384651
35.805601	-8.6433469
35.815583	-8.6482297
35.825565	-8.6531135
35.835547	-8.6579985
35.845529	-8.6628844
35.855511	-8.6677715
35.865493	-8.6726596
35.875475	-8.6775487
35.885457	-8.6824389
35.895439	-8.6873302
35.905421	-8.6922225
35.915403	-8.6971158
35.925385	-8.7020102
35.935367	-8.7069057
35.945349	-8.7118022
35.955331	-8.7166997
35.965313	-8.7215983
35.975295	-8.726498
35.985277	-8.7313987
35.995259	-8.7363004
36.005241	-8.7412032
36.015223	-8.746107
36.025205	-8.7510119
36.035187	-8.7559178
36.045169	-8.7608248
36.055151	-8.7657328
36.065133	-8.7706418
36.075115	-8.7755519
36.085097	-8.780463
36.095079	-8.7853752
36.105061	-8.7902884
36.115043	-8.7952026
36.125025	-8.8001179
36.135007	-8.8050342
36.144989	-8.8099515
36.154971	-8.8148699
36.164953	-8.8197893
36.174935	-8.8247097
36.184917	-8.8296312
36.194899	-8.8345537
36.204881	-8.8394772
36.214863	-8.8444017
36.224845	-8.8493273
36.234827	-8.8542539
36.244809	-8.8591816
36.254791	-8.8641102
36.264773	-8.8690399
36.274755	-8.8739706
36.284737	-8.8789024
36.294719	-8.8838351
36.304701	-8.8887689
36.314683	-8.8937037
36.324665	-8.8986395
36.334647	-8.9035764
36.344629	-8.9085142
36.354611	-8.9134531
36.364593	-8.918393
36.374575	-8.9233339
36.384557	-8.9282758
36.394539	-8.9332188
36.404521	-8.9381627
36.414503	-8.9431077
36.424485	-8.9480537
36.434467	-8.9530007
36.444449	-8.9579487
36.454431	-8.9628977
36.464413	-8.9678478
36.474395	-8.9727988
36.484377	-8.9777508
36.494359	-8.9827039
36.504341	-8.9876579
36.514323	-8.992613
36.524305	-8.9975691
36.534287	-9.0025262
36.544269	-9.0074842
36.554251	-9.0124433
36.564233	-9.0174034
36.574215	-9.0223645
36.584197	-9.0273266
36.594179	-9.0322897
36.604161	-9.0372537
36.614143	-9.0422188
36.624125	-9.0471849
36.634107	-9.052152
36.644089	-9.05712
36.654071	-9.0620891
36.664053	-9.0670592
36.674035	-9.0720302
36.684017	-9.0770023
36.693999	-9.0819753
36.703981	-9.0869493
36.713963	-9.0919243
36.723945	-9.0969003
36.733927	-9.1018773
36.743909	-9.1068553
36.753891	-9.1118343
36.763873	-9.1168142
36.773855	-9.1217952
36.783837	-9.1267771
36.793819	-9.13176
36.803801	-9.1367439
36.813783	-9.1417288
36.823765	-9.1467146
36.833747	-9.1517015
36.843729	-9.1566893
36.853711	-9.1616781
36.863693	-9.1666679
36.873675	-9.1716586
36.883657	-9.1766503
36.893639	-9.181643
36.903621	-9.1866367
36.913603	-9.1916314
36.923585	-9.196627
36.933567	-9.2016236
36.943549	-9.2066212
36.953531	-9.2116197
36.963513	-9.2166192
36.973495	-9.2216197
36.983477	-9.2266212
36.993459	-9.2316236
37.003441	-9.236627
37.013423	-9.2416313
37.023405	-9.2466366
37.033387	-9.2516429
37.043369	-9.2566502
37.053351	-9.2616584
37.063333	-9.2666675
37.073315	-9.2716777
37.083297	-9.2766888
37.093279	-9.2817008
37.103261	-9.2867138
37.113243	-9.2917278
37.123225	-9.2967427
37.133207	-9.3017586
37.143189	-9.3067754
37.153171	-9.3117932
37.163153	-9.316812
37.173135	-9.3218317
37.183117	-9.3268523
37.193099	-9.3318739
37.203081	-9.3368965
37.213063	-9.34192
37.223045	-9.3469444
37.233027	-9.3519698
37.243009	-9.3569962
37.252991	-9.3620235
37.262973	-9.3670517
37.272955	-9.3720809
37.282937	-9.377111
37.292919	-9.3821421
37.302901	-9.3871741
37.312883	-9.3922071
37.322865	-9.397241
37.332847	-9.4022758
37.342829	-9.4073116
37.352811	-9.4123483
37.362793	-9.417386
37.372775	-9.4224245
37.382757	-9.4274641
37.392739	-9.4325045
37.402721	-9.4375459
37.412703	-9.4425883
37.422685	-9.4476315
37.432667	-9.4526757
37.442649	-9.4577208
37.452631	-9.4627669
37.462613	-9.4678139
37.472595	-9.4728618
37.482577	-9.4779106
37.492559	-9.4829604
37.502541	-9.4880111
37.512523	-9.4930627
37.522505	-9.4981152
37.532486	-9.5031687
37.542468	-9.5082231
37.55245	-9.5132784
37.562432	-9.5183346
37.572414	-9.5233918
37.582396	-9.5284498
37.592378	-9.5335088
37.60236	-9.5385687
37.612342	-9.5436295
37.622324	-9.5486913
37.632306	-9.5537539
37.642288	-9.5588175
37.65227	-9.563882
37.662252	-9.5689474
37.672234	-9.5740137
37.682216	-9.5790809
37.692198	-9.584149
37.70218	-9.589218
37.712162	-9.594288
37.722144	-9.5993588
37.732126	-9.6044306
37.742108	-9.6095032
37.75209	-9.6145768
37.762072	-9.6196513
37.772054	-9.6247267
37.782036	-9.6298029
37.792018	-9.6348801
37.802	-9.6399582
37.811982	-9.6450372
37.821964	-9.650117
37.831946	-9.6551978
37.841928	-9.6602795
37.85191	-9.665362
37.861892	-9.6704455
37.871874	-9.6755299
37.881856	-9.6806151
37.891838	-9.6857012
37.90182	-9.6907883
37.911802	-9.6958762
37.921784	-9.700965
37.931766	-9.7060547
37.941748	-9.7111453
37.95173	-9.7162368
37.961712	-9.7213292
37.971694	-9.7264224
37.981676	-9.7315166
37.991658	-9.7366116
38.00164	-9.7417075
38.011622	-9.7468043
38.021604	-9.7519019
38.031586	-9.7570005
38.041568	-9.7620999
38.05155	-9.7672002
38.061532	-9.7723014
38.071514	-9.7774035
38.081496	-9.7825064
38.091478	-9.7876102
38.10146	-9.7927149
38.111442	-9.7978205
38.121424	-9.8029269
38.131406	-9.8080342
38.141388	-9.8131424
38.15137	-9.8182515
38.161352	-9.8233614
38.171334	-9.8284722
38.181316	-9.8335838
38.191298	-9.8386964
38.20128	-9.8438098
38.211262	-9.848924
38.221244	-9.8540391
38.231226	-9.8591551
38.241208	-9.864272
38.25119	-9.8693897
38.261172	-9.8745082
38.271154	-9.8796277
38.281136	-9.8847479
38.291118	-9.8898691
38.3011	-9.8949911
38.311082	-9.9001139
38.321064	-9.9052376
38.331046	-9.9103622
38.341028	-9.9154876
38.35101	-9.9206139
38.360992	-9.925741
38.370974	-9.930869
38.380956	-9.9359978
38.390938	-9.9411275
38.40092	-9.946258
38.410902	-9.9513894
38.420884	-9.9565216
38.430866	-9.9616547
38.440848	-9.9667886
38.45083	-9.9719233
38.460812	-9.9770589
38.470794	-9.9821953
38.480776	-9.9873326
38.490758	-9.9924707
38.50074	-9.9976097
38.510722	-10.002749
38.520704	-10.00789
38.530686	-10.013032
38.540668	-10.018174
38.55065	-10.023317
38.560632	-10.028461
38.570614	-10.033606
38.580596	-10.038751
38.590578	-10.043898
38.60056	-10.049045
38.610542	-10.054193
38.620524	-10.059342
38.630506	-10.064492
38.640488	-10.069643
38.65047	-10.074794
38.660452	-10.079946
38.670434	-10.085099
38.680416	-10.090253
38.690398	-10.095408
38.70038	-10.100564
38.710362	-10.10572
38.720344	-10.110877
38.730326	-10.116035
38.740308	-10.121194
38.75029	-10.126354
38.760272	-10.131514
38.770254	-10.136675
38.780236	-10.141837
38.790218	-10.147
38.8002	-10.152164
38.810182	-10.157329
38.820164	-10.162494
38.830146	-10.16766
38.840128	-10.172827
38.85011	-10.177995
38.860092	-10.183163
38.870074	-10.188333
38.880056	-10.193503
38.890038	-10.198674
38.90002	-10.203846
38.910002	-10.209018
38.919984	-10.214192
38.929966	-10.219366
38.939948	-10.224541
38.94993	-10.229716
38.959912	-10.234893
38.969894	-10.24007
38.979876	-10.245249
38.989858	-10.250428
38.99984	-10.255607
39.009822	-10.260788
39.019804	-10.265969
39.029786	-10.271151
39.039768	-10.276334
39.04975	-10.281518
39.059732	-10.286702
39.069714	-10.291888
39.079696	-10.297074
39.089678	-10.302261
39.09966	-10.307448
39.109642	-10.312637
39.119624	-10.317826
39.129606	-10.323016
39.139588	-10.328207
39.14957	-10.333398
39.159552	-10.338591
39.169534	-10.343784
39.179516	-10.348978
39.189498	-10.354172
39.19948	-10.359368
39.209462	-10.364564
39.219444	-10.369761
39.229426	-10.374959
39.239408	-10.380157
39.24939	-10.385356
39.259372	-10.390556
39.269354	-10.395757
39.279336	-10.400959
39.289318	-10.406161
39.2993	-10.411364
39.309282	-10.416568
39.319264	-10.421773
39.329246	-10.426978
39.339228	-10.432185
39.34921	-10.437391
39.359192	-10.442599
39.369174	-10.447808
39.379156	-10.453017
39.389138	-10.458227
39.39912	-10.463438
39.409102	-10.468649
39.419084	-10.473861
39.429066	-10.479074
39.439048	-10.484288
39.44903	-10.489503
39.459012	-10.494718
39.468994	-10.499934
39.478976	-10.50515
39.488958	-10.510368
39.49894	-10.515586
39.508922	-10.520805
39.518904	-10.526025
39.528886	-10.531245
39.538868	-10.536467
39.54885	-10.541689
39.558832	-10.546911
39.568814	-10.552135
39.578796	-10.557359
39.588778	-10.562584
39.59876	-10.567809
39.608742	-10.573036
39.618724	-10.578263
39.628706	-10.583491
39.638688	-10.588719
39.64867	-10.593949
39.658652	-10.599179
39.668634	-10.604409
39.678616	-10.609641
39.688598	-10.614873
39.69858	-10.620106
39.708562	-10.62534
39.718544	-10.630574
39.728526	-10.635809
39.738508	-10.641045
39.74849	-10.646282
39.758472	-10.651519
39.768454	-10.656757
39.778436	-10.661996
39.788418	-10.667235
39.7984	-10.672475
39.808382	-10.677716
39.818364	-10.682958
39.828346	-10.6882
39.838328	-10.693443
39.84831	-10.698687
39.858292	-10.703932
39.868274	-10.709177
39.878256	-10.714423
39.888238	-10.719669
39.89822	-10.724916
39.908202	-10.730164
39.918184	-10.735413
39.928166	-10.740663
39.938148	-10.745913
39.94813	-10.751163
39.958112	-10.756415
39.968094	-10.761667
39.978076	-10.76692
39.988058	-10.772174
39.99804	-10.777428
40.008022	-10.782683
40.018004	-10.787939
40.027986	-10.793195
40.037968	-10.798452
40.04795	-10.80371
40.057932	-10.808968
40.067914	-10.814228
40.077896	-10.819487
40.087878	-10.824748
40.09786	-10.830009
40.107842	-10.835271
40.117824	-10.840534
40.127806	-10.845797
40.137788	-10.851061
40.14777	-10.856326
40.157752	-10.861591
40.167734	-10.866857
40.177716	-10.872124
40.187698	-10.877391
40.19768	-10.882659
40.207662	-10.887928
40.217644	-10.893197
40.227626	-10.898467
40.237608	-10.903738
40.24759	-10.909009
40.257572	-10.914281
40.267554	-10.919554
40.277536	-10.924828
40.287518	-10.930102
40.297499	-10.935376
40.307481	-10.940652
40.317463	-10.945928
40.327445	-10.951205
40.337427	-10.956482
40.347409	-10.96176
40.357391	-10.967039
40.367373	-10.972318
40.377355	-10.977598
40.387337	-10.982879
40.397319	-10.988161
40.407301	-10.993443
40.417283	-10.998725
40.427265	-11.004009
40.437247	-11.009293
40.447229	-11.014577
40.457211	-11.019863
40.467193	-11.025149
40.477175	-11.030435
40.487157	-11.035722
40.497139	-11.04101
40.507121	-11.046299
40.517103	-11.051588
40.527085	-11.056878
40.537067	-11.062168
40.547049	-11.067459
40.557031	-11.072751
40.567013	-11.078043
40.576995	-11.083336
40.586977	-11.08863
40.596959	-11.093924
40.606941	-11.099219
40.616923	-11.104515
40.626905	-11.109811
40.636887	-11.115108
40.646869	-11.120405
40.656851	-11.125704
40.666833	-11.131002
40.676815	-11.136302
40.686797	-11.141602
40.696779	-11.146902
40.706761	-11.152203
40.716743	-11.157505
40.726725	-11.162808
40.736707	-11.168111
40.746689	-11.173415
40.756671	-11.178719
40.766653	-11.184024
40.776635	-11.189329
40.786617	-11.194636
40.796599	-11.199942
40.806581	-11.20525
40.816563	-11.210558
40.826545	-11.215867
40.836527	-11.221176
40.846509	-11.226486
40.856491	-11.231796
40.866473	-11.237107
40.876455	-11.242419
40.886437	-11.247731
40.896419	-11.253044
40.906401	-11.258358
40.916383	-11.263672
40.926365	-11.268986
40.936347	-11.274302
40.946329	-11.279618
40.956311	-11.284934
40.966293	-11.290251
40.976275	-11.295569
40.986257	-11.300887
40.996239	-11.306206
41.006221	-11.311526
41.016203	-11.316846
41.026185	-11.322166
41.036167	-11.327488
41.046149	-11.332809
41.056131	-11.338132
41.066113	-11.343455
41.076095	-11.348779
41.086077	-11.354103
41.096059	-11.359428
41.106041	-11.364753
41.116023	-11.370079
41.126005	-11.375405
41.135987	-11.380732
41.145969	-11.38606
41.155951	-11.391388
41.165933	-11.396717
41.175915	-11.402047
41.185897	-11.407377
41.195879	-11.412707
41.205861	-11.418038
41.215843	-11.42337
41.225825	-11.428702
41.235807	-11.434035
41.245789	-11.439368
41.255771	-11.444702
41.265753	-11.450037
41.275735	-11.455372
41.285717	-11.460708
41.295699	-11.466044
41.305681	-11.471381
41.315663	-11.476718
41.325645	-11.482056
41.335627	-11.487394
41.345609	-11.492733
41.355591	-11.498073
41.365573	-11.503413
41.375555	-11.508754
41.385537	-11.514095
41.395519	-11.519437
41.405501	-11.524779
41.415483	-11.530122
41.425465	-11.535465
41.435447	-11.540809
41.445429	-11.546154
41.455411	-11.551499
41.465393	-11.556845
41.475375	-11.562191
41.485357	-11.567537
41.495339	-11.572885
41.505321	-11.578232
41.515303	-11.583581
41.525285	-11.588929
41.535267	-11.594279
41.545249	-11.599629
41.555231	-11.604979
41.565213	-11.61033
41.575195	-11.615682
41.585177	-11.621034
41.595159	-11.626386
41.605141	-11.631739
41.615123	-11.637093
41.625105	-11.642447
41.635087	-11.647802
41.645069	-11.653157
41.655051	-11.658513
41.665033	-11.663869
41.675015	-11.669226
41.684997	-11.674583
41.694979	-11.679941
41.704961	-11.685299
41.714943	-11.690658
41.724925	-11.696017
41.734907	-11.701377
41.744889	-11.706738
41.754871	-11.712098
41.764853	-11.71746
41.774835	-11.722822
41.784817	-11.728184
41.794799	-11.733547
41.804781	-11.73891
41.814763	-11.744274
41.824745	-11.749639
41.834727	-11.755004
41.844709	-11.760369
41.854691	-11.765735
41.864673	-11.771101
41.874655	-11.776468
41.884637	-11.781836
41.894619	-11.787204
41.904601	-11.792572
41.914583	-11.797941
41.924565	-11.80331
41.934547	-11.80868
41.944529	-11.814051
41.954511	-11.819421
41.964493	-11.824793
41.974475	-11.830165
41.984457	-11.835537
41.994439	-11.84091
42.004421	-11.846283
42.014403	-11.851657
42.024385	-11.857031
42.034367	-11.862406
42.044349	-11.867781
42.054331	-11.873157
42.064313	-11.878533
42.074295	-11.883909
42.084277	-11.889287
42.094259	-11.894664
42.104241	-11.900042
42.114223	-11.905421
42.124205	-11.9108
42.134187	-11.916179
42.144169	-11.921559
42.154151	-11.92694
42.164133	-11.93232
42.174115	-11.937702
42.184097	-11.943083
42.194079	-11.948466
42.204061	-11.953848
42.214043	-11.959232
42.224025	-11.964615
42.234007	-11.969999
42.243989	-11.975384
42.253971	-11.980769
42.263953	-11.986154
42.273935	-11.99154
42.283917	-11.996926
42.293899	-12.002313
42.303881	-12.0077
42.313863	-12.013088
42.323845	-12.018476
42.333827	-12.023865
42.343809	-12.029254
42.353791	-12.034643
42.363773	-12.040033
42.373755	-12.045423
42.383737	-12.050814
42.393719	-12.056205
42.403701	-12.061597
42.413683	-12.066989
42.423665	-12.072382
42.433647	-12.077775
42.443629	-12.083168
42.453611	-12.088562
42.463593	-12.093956
42.473575	-12.099351
42.483557	-12.104746
42.493539	-12.110141
42.503521	-12.115537
42.513503	-12.120934
42.523485	-12.126331
42.533467	-12.131728
42.543449	-12.137125
42.553431	-12.142523
42.563413	-12.147922
42.573395	-12.153321
42.583377	-12.15872
42.593359	-12.16412
42.603341	-12.16952
42.613323	-12.17492
42.623305	-12.180321
42.633287	-12.185723
42.643269	-12.191125
42.653251	-12.196527
42.663233	-12.201929
42.673215	-12.207332
42.683197	-12.212736
42.693179	-12.21814
42.703161	-12.223544
42.713143	-12.228948
42.723125	-12.234353
42.733107	-12.239759
42.743089	-12.245164
42.753071	-12.250571
42.763053	-12.255977
42.773035	-12.261384
42.783017	-12.266792
42.792999	-12.272199
42.802981	-12.277607
42.812963	-12.283016
42.822945	-12.288425
42.832927	-12.293834
42.842909	-12.299244
42.852891	-12.304654
42.862873	-12.310064
42.872855	-12.315475
42.882837	-12.320886
42.892819	-12.326298
42.902801	-12.33171
42.912783	-12.337122
42.922765	-12.342535
42.932747	-12.347948
42.942729	-12.353362
42.952711	-12.358775
42.962693	-12.36419
42.972675	-12.369604
42.982657	-12.375019
42.992639	-12.380434
43.002621	-12.38585
43.012603	-12.391266
43.022585	-12.396682
43.032567	-12.402099
43.042549	-12.407516
43.052531	-12.412934
43.062513	-12.418352
43.072494	-12.42377
43.082476	-12.429188
43.092458	-12.434607
43.10244	-12.440026
43.112422	-12.445446
43.122404	-12.450866
43.132386	-12.456286
43.142368	-12.461707
43.15235	-12.467128
43.162332	-12.472549
43.172314	-12.477971
43.182296	-12.483393
43.192278	-12.488815
43.20226	-12.494238
43.212242	-12.499661
43.222224	-12.505084
43.232206	-12.510508
43.242188	-12.515932
43.25217	-12.521357
43.262152	-12.526781
43.272134	-12.532206
43.282116	-12.537632
43.292098	-12.543057
43.30208	-12.548483
43.312062	-12.55391
43.322044	-12.559336
43.332026	-12.564763
43.342008	-12.570191
43.35199	-12.575618
43.361972	-12.581046
43.371954	-12.586475
43.381936	-12.591903
43.391918	-12.597332
43.4019	-12.602761
43.411882	-12.608191
43.421864	-12.613621
43.431846	-12.619051
43.441828	-12.624482
43.45181	-12.629912
43.461792	-12.635343
43.471774	-12.640775
43.481756	-12.646207
43.491738	-12.651639
43.50172	-12.657071
43.511702	-12.662504
43.521684	-12.667937
43.531666	-12.67337
43.541648	-12.678803
43.55163	-12.684237
43.561612	-12.689671
43.571594	-12.695106
43.581576	-12.70054
43.591558	-12.705975
43.60154	-12.711411
43.611522	-12.716846
43.621504	-12.722282
43.631486	-12.727718
43.641468	-12.733155
43.65145	-12.738591
43.661432	-12.744028
43.671414	-12.749466
43.681396	-12.754903
43.691378	-12.760341
43.70136	-12.765779
43.711342	-12.771218
43.721324	-12.776656
43.731306	-12.782095
43.741288	-12.787534
43.75127	-12.792974
43.761252	-12.798414
43.771234	-12.803854
43.781216	-12.809294
43.791198	-12.814735
43.80118	-12.820175
43.811162	-12.825616
43.821144	-12.831058
43.831126	-12.836499
43.841108	-12.841941
43.85109	-12.847383
43.861072	-12.852826
43.871054	-12.858268
43.881036	-12.863711
43.891018	-12.869154
43.901	-12.874598
43.910982	-12.880042
43.920964	-12.885485
43.930946	-12.89093
43.940928	-12.896374
43.95091	-12.901819
43.960892	-12.907263
43.970874	-12.912709
43.980856	-12.918154
43.990838	-12.9236
44.00082	-12.929045
44.010802	-12.934492
44.020784	-12.939938
44.030766	-12.945384
44.040748	-12.950831
44.05073	-12.956278
44.060712	-12.961725
44.070694	-12.967173
44.080676	-12.972621
44.090658	-12.978069
44.10064	-12.983517
44.110622	-12.988965
44.120604	-12.994414
44.130586	-12.999863
44.140568	-13.005312
44.15055	-13.010761
44.160532	-13.01621
44.170514	-13.02166
44.180496	-13.02711
44.190478	-13.03256
44.20046	-13.038011
44.210442	-13.043461
44.220424	-13.048912
44.230406	-13.054363
44.240388	-13.059814
44.25037	-13.065266
44.260352	-13.070717
44.270334	-13.076169
44.280316	-13.081621
44.290298	-13.087073
44.30028	-13.092526
44.310262	-13.097978
44.320244	-13.103431
44.330226	-13.108884
44.340208	-13.114337
44.35019	-13.119791
44.360172	-13.125244
44.370154	-13.130698
44.380136	-13.136152
44.390118	-13.141606
44.4001	-13.14706
44.410082	-13.152515
44.420064	-13.15797
44.430046	-13.163425
44.440028	-13.16888
44.45001	-13.174335
44.459992	-13.17979
44.469974	-13.185246
44.479956	-13.190702
44.489938	-13.196158
44.49992	-13.201614
44.509902	-13.20707
44.519884	-13.212526
44.529866	-13.217983
44.539848	-13.22344
44.54983	-13.228897
44.559812	-13.234354
44.569794	-13.239811
44.579776	-13.245269
44.589758	-13.250726
44.59974	-13.256184
44.609722	-13.261642
44.619704	-13.2671
44.629686	-13.272559
44.639668	-13.278017
44.64965	-13.283476
44.659632	-13.288934
44.669614	-13.294393
44.679596	-13.299852
44.689578	-13.305311
44.69956	-13.310771
44.709542	-13.31623
44.719524	-13.32169
44.729506	-13.327149
44.739488	-13.332609
44.74947	-13.338069
44.759452	-13.343529
44.769434	-13.34899
44.779416	-13.35445
44.789398	-13.359911
44.79938	-13.365371
44.809362	-13.370832
44.819344	-13.376293
44.829326	-13.381754
44.839308	-13.387216
44.84929	-13.392677
44.859272	-13.398138
44.869254	-13.4036
44.879236	-13.409062
44.889218	-13.414524
44.8992	-13.419985
44.909182	-13.425448
44.919164	-13.43091
44.929146	-13.436372
44.939128	-13.441834
44.94911	-13.447297
44.959092	-13.45276
44.969074	-13.458222
44.979056	-13.463685
44.989038	-13.469148
44.99902	-13.474611
45.009002	-13.480074
45.018984	-13.485538
45.028966	-13.491001
45.038948	-13.496465
45.04893	-13.501928
45.058912	-13.507392
45.068894	-13.512856
45.078876	-13.51832
45.088858	-13.523783
45.09884	-13.529248
45.108822	-13.534712
45.118804	-13.540176
45.128786	-13.54564
45.138768	-13.551105
45.14875	-13.556569
45.158732	-13.562034
45.168714	-13.567498
45.178696	-13.572963
45.188678	-13.578428
45.19866	-13.583893
45.208642	-13.589358
45.218624	-13.594823
45.228606	-13.600288
45.238588	-13.605753
45.24857	-13.611218
45.258552	-13.616684
45.268534	-13.622149
45.278516	-13.627615
45.288498	-13.63308
45.29848	-13.638546
45.308462	-13.644011
45.318444	-13.649477
45.328426	-13.654943
45.338408	-13.660409
45.34839	-13.665875
45.358372	-13.671341
45.368354	-13.676807
45.378336	-13.682273
45.388318	-13.687739
45.3983	-13.693205
45.408282	-13.698671
45.418264	-13.704137
45.428246	-13.709604
45.438228	-13.71507
45.44821	-13.720536
45.458192	-13.726003
45.468174	-13.731469
45.478156	-13.736936
45.488138	-13.742402
45.49812	-13.747869
45.508102	-13.753336
45.518084	-13.758802
45.528066	-13.764269
45.538048	-13.769736
45.54803	-13.775202
45.558012	-13.780669
45.567994	-13.786136
45.577976	-13.791603
45.587958	-13.79707
45.59794	-13.802536
45.607922	-13.808003
45.617904	-13.81347
45.627886	-13.818937
45.637868	-13.824404
45.64785	-13.829871
45.657832	-13.835338
45.667814	-13.840805
45.677796	-13.846272
45.687778	-13.851739
45.69776	-13.857206
45.707742	-13.862673
45.717724	-13.86814
45.727706	-13.873607
45.737688	-13.879074
45.74767	-13.884541
45.757652	-13.890008
45.767634	-13.895475
45.777616	-13.900942
45.787598	-13.906409
45.79758	-13.911876
45.807562	-13.917343
45.817544	-13.92281
45.827526	-13.928277
45.837508	-13.933744
45.847489	-13.939211
45.857471	-13.944678
45.867453	-13.950145
45.877435	-13.955612
45.887417	-13.961079
45.897399	-13.966546
45.907381	-13.972013
45.917363	-13.977479
45.927345	-13.982946
45.937327	-13.988413
45.947309	-13.99388
45.957291	-13.999346
45.967273	-14.004813
45.977255	-14.01028
45.987237	-14.015746
45.997219	-14.021213
46.007201	-14.026679
46.017183	-14.032146
46.027165	-14.037612
46.037147	-14.043079
46.047129	-14.048545
46.057111	-14.054012
46.067093	-14.059478
46.077075	-14.064944
46.087057	-14.07041
46.097039	-14.075876
46.107021	-14.081343
46.117003	-14.086809
46.126985	-14.092275
46.136967	-14.097741
46.146949	-14.103206
46.156931	-14.108672
46.166913	-14.114138
46.176895	-14.119604
46.186877	-14.125069
46.196859	-14.130535
46.206841	-14.136
46.216823	-14.141466
46.226805	-14.146931
46.236787	-14.152397
46.246769	-14.157862
46.256751	-14.163327
46.266733	-14.168792
46.276715	-14.174257
46.286697	-14.179722
46.296679	-14.185187
46.306661	-14.190652
46.316643	-14.196116
46.326625	-14.201581
46.336607	-14.207045
46.346589	-14.21251
46.356571	-14.217974
46.366553	-14.223438
46.376535	-14.228903
46.386517	-14.234367
46.396499	-14.239831
46.406481	-14.245295
46.416463	-14.250758
46.426445	-14.256222
46.436427	-14.261686
46.446409	-14.267149
46.456391	-14.272613
46.466373	-14.278076
46.476355	-14.283539
46.486337	-14.289002
46.496319	-14.294465
46.506301	-14.299928
46.516283	-14.305391
46.526265	-14.310853
46.536247	-14.316316
46.546229	-14.321778
46.556211	-14.327241
46.566193	-14.332703
46.576175	-14.338165
46.586157	-14.343627
46.596139	-14.349089
46.606121	-14.35455
46.616103	-14.360012
46.626085	-14.365473
46.636067	-14.370935
46.646049	-14.376396
46.656031	-14.381857
46.666013	-14.387318
46.675995	-14.392778
46.685977	-14.398239
46.695959	-14.4037
46.705941	-14.40916
46.715923	-14.41462
46.725905	-14.42008
46.735887	-14.42554
46.745869	-14.431
46.755851	-14.43646
46.765833	-14.441919
46.775815	-14.447378
46.785797	-14.452838
46.795779	-14.458297
46.805761	-14.463756
46.815743	-14.469214
46.825725	-14.474673
46.835707	-14.480131
46.845689	-14.48559
46.855671	-14.491048
46.865653	-14.496506
46.875635	-14.501963
46.885617	-14.507421
46.895599	-14.512878
46.905581	-14.518336
46.915563	-14.523793
46.925545	-14.52925
46.935527	-14.534706
46.945509	-14.540163
46.955491	-14.545619
46.965473	-14.551076
46.975455	-14.556532
46.985437	-14.561988
46.995419	-14.567443
47.005401	-14.572899
47.015383	-14.578354
47.025365	-14.583809
47.035347	-14.589264
47.045329	-14.594719
47.055311	-14.600173
47.065293	-14.605628
47.075275	-14.611082
47.085257	-14.616536
47.095239	-14.62199
47.105221	-14.627443
47.115203	-14.632897
47.125185	-14.63835
47.135167	-14.643803
47.145149	-14.649256
47.155131	-14.654708
47.165113	-14.660161
47.175095	-14.665613
47.185077	-14.671065
47.195059	-14.676516
47.205041	-14.681968
47.215023	-14.687419
47.225005	-14.69287
47.234987	-14.698321
47.244969	-14.703772
47.254951	-14.709222
47.264933	-14.714672
47.274915	-14.720122
47.284897	-14.725572
47.294879	-14.731022
47.304861	-14.736471
47.314843	-14.74192
47.324825	-14.747369
47.334807	-14.752817
47.344789	-14.758266
47.354771	-14.763714
47.364753	-14.769162
47.374735	-14.774609
47.384717	-14.780057
47.394699	-14.785504
47.404681	-14.790951
47.414663	-14.796397
47.424645	-14.801844
47.434627	-14.80729
47.444609	-14.812736
47.454591	-14.818182
47.464573	-14.823627
47.474555	-14.829072
47.484537	-14.834517
47.494519	-14.839962
47.504501	-14.845406
47.514483	-14.85085
47.524465	-14.856294
47.534447	-14.861738
47.544429	-14.867181
47.554411	-14.872624
47.564393	-14.878067
47.574375	-14.883509
47.584357	-14.888952
47.594339	-14.894394
47.604321	-14.899835
47.614303	-14.905277
47.624285	-14.910718
47.634267	-14.916159
47.644249	-14.921599
47.654231	-14.92704
47.664213	-14.93248
47.674195	-14.937919
47.684177	-14.943359
47.694159	-14.948798
47.704141	-14.954237
47.714123	-14.959675
47.724105	-14.965114
47.734087	-14.970552
47.744069	-14.975989
47.754051	-14.981427
47.764033	-14.986864
47.774015	-14.992301
47.783997	-14.997737
47.793979	-15.003173
47.803961	-15.008609
47.813943	-15.014045
47.823925	-15.01948
47.833907	-15.024915
47.843889	-15.03035
47.853871	-15.035784
47.863853	-15.041218
47.873835	-15.046652
47.883817	-15.052085
47.893799	-15.057518
47.903781	-15.062951
47.913763	-15.068383
47.923745	-15.073816
47.933727	-15.079247
47.943709	-15.084679
47.953691	-15.09011
47.963673	-15.095541
47.973655	-15.100971
47.983637	-15.106401
47.993619	-15.111831
48.003601	-15.117261
48.013583	-15.12269
48.023565	-15.128118
48.033547	-15.133547
48.043529	-15.138975
48.053511	-15.144403
48.063493	-15.14983
48.073475	-15.155257
48.083457	-15.160684
48.093439	-15.16611
48.103421	-15.171536
48.113403	-15.176962
48.123385	-15.182387
48.133367	-15.187812
48.143349	-15.193237
48.153331	-15.198661
48.163313	-15.204085
48.173295	-15.209508
48.183277	-15.214932
48.193259	-15.220354
48.203241	-15.225777
48.213223	-15.231199
48.223205	-15.23662
48.233187	-15.242042
48.243169	-15.247463
48.253151	-15.252883
48.263133	-15.258303
48.273115	-15.263723
48.283097	-15.269143
48.293079	-15.274562
48.303061	-15.27998
48.313043	-15.285399
48.323025	-15.290816
48.333007	-15.296234
48.342989	-15.301651
48.352971	-15.307068
48.362953	-15.312484
48.372935	-15.3179
48.382917	-15.323316
48.392899	-15.328731
48.402881	-15.334145
48.412863	-15.33956
48.422845	-15.344974
48.432827	-15.350387
48.442809	-15.3558
48.452791	-15.361213
48.462773	-15.366625
48.472755	-15.372037
48.482737	-15.377449
48.492719	-15.38286
48.502701	-15.388271
48.512683	-15.393681
48.522665	-15.399091
48.532647	-15.4045
48.542629	-15.409909
48.552611	-15.415318
48.562593	-15.420726
48.572575	-15.426134
48.582557	-15.431541
48.592539	-15.436948
48.602521	-15.442354
48.612503	-15.44776
48.622484	-15.453166
48.632466	-15.458571
48.642448	-15.463976
48.65243	-15.46938
48.662412	-15.474784
48.672394	-15.480187
48.682376	-15.48559
48.692358	-15.490993
48.70234	-15.496395
48.712322	-15.501796
48.722304	-15.507198
48.732286	-15.512598
48.742268	-15.517999
48.75225	-15.523398
48.762232	-15.528798
48.772214	-15.534197
48.782196	-15.539595
48.792178	-15.544993
48.80216	-15.550391
48.812142	-15.555788
48.822124	-15.561184
48.832106	-15.566581
48.842088	-15.571976
48.85207	-15.577371
48.862052	-15.582766
48.872034	-15.58816
48.882016	-15.593554
48.891998	-15.598948
48.90198	-15.60434
48.911962	-15.609733
48.921944	-15.615125
48.931926	-15.620516
48.941908	-15.625907
48.95189	-15.631297
48.961872	-15.636687
48.971854	-15.642077
48.981836	-15.647466
48.991818	-15.652854
49.0018	-15.658242
49.011782	-15.66363
49.021764	-15.669017
49.031746	-15.674403
49.041728	-15.679789
49.05171	-15.685175
49.061692	-15.69056
49.071674	-15.695944
49.081656	-15.701328
49.091638	-15.706712
49.10162	-15.712095
49.111602	-15.717477
49.121584	-15.722859
49.131566	-15.728241
49.141548	-15.733622
49.15153	-15.739002
49.161512	-15.744382
49.171494	-15.749762
49.181476	-15.755141
49.191458	-15.760519
49.20144	-15.765897
49.211422	-15.771274
49.221404	-15.776651
49.231386	-15.782027
49.241368	-15.787403
49.25135	-15.792778
49.261332	-15.798153
49.271314	-15.803527
49.281296	-15.8089
49.291278	-15.814273
49.30126	-15.819646
49.311242	-15.825018
49.321224	-15.830389
49.331206	-15.83576
49.341188	-15.841131
49.35117	-15.8465
49.361152	-15.85187
49.371134	-15.857238
49.381116	-15.862607
49.391098	-15.867974
49.40108	-15.873341
49.411062	-15.878708
49.421044	-15.884074
49.431026	-15.889439
49.441008	-15.894804
49.45099	-15.900168
49.460972	-15.905532
49.470954	-15.910895
49.480936	-15.916257
49.490918	-15.921619
49.5009	-15.926981
49.510882	-15.932342
49.520864	-15.937702
49.530846	-15.943062
49.540828	-15.948421
49.55081	-15.953779
49.560792	-15.959137
49.570774	-15.964495
49.580756	-15.969852
49.590738	-15.975208
49.60072	-15.980563
49.610702	-15.985918
49.620684	-15.991273
49.630666	-15.996627
49.640648	-16.00198
49.65063	-16.007333
49.660612	-16.012685
49.670594	-16.018036
49.680576	-16.023387
49.690558	-16.028738
49.70054	-16.034087
49.710522	-16.039436
49.720504	-16.044785
49.730486	-16.050133
49.740468	-16.05548
49.75045	-16.060827
49.760432	-16.066173
49.770414	-16.071518
49.780396	-16.076863
49.790378	-16.082207
49.80036	-16.087551
49.810342	-16.092894
49.820324	-16.098236
49.830306	-16.103578
49.840288	-16.108919
49.85027	-16.114259
49.860252	-16.119599
49.870234	-16.124939
49.880216	-16.130277
49.890198	-16.135615
49.90018	-16.140953
49.910162	-16.146289
49.920144	-16.151625
49.930126	-16.156961
49.940108	-16.162296
49.95009	-16.16763
49.960072	-16.172963
49.970054	-16.178296
49.980036	-16.183628
49.990018	-16.18896
50	-16.194291
