Freq_GHz	Norm_dB
0.1	0
0.109982	-1.1042744e-05
0.11996399	-2.3135358e-05
0.12994599	-3.6277839e-05
0.13992799	-5.0470182e-05
0.14990998	-6.5712382e-05
0.15989198	-8.2004434e-05
0.16987397	-9.9346332e-05
0.17985597	-0.00011773807
0.18983797	-0.00013717964
0.19981996	-0.00015767104
0.20980196	-0.00017921226
0.21978396	-0.00020180329
0.22976595	-0.00022544412
0.23974795	-0.00025013475
0.24972995	-0.00027587516
0.25971194	-0.00030266536
0.26969394	-0.00033050532
0.27967594	-0.00035939504
0.28965793	-0.00038933451
0.29963993	-0.00042032372
0.30962192	-0.00045236266
0.31960392	-0.00048545131
0.32958592	-0.00051958967
0.33956791	-0.00055477772
0.34954991	-0.00059101545
0.35953191	-0.00062830285
0.3695139	-0.00066663991
0.3794959	-0.0007060266
0.3894779	-0.00074646293
0.39945989	-0.00078794886
0.40944189	-0.0008304844
0.41942388	-0.00087406952
0.42940588	-0.0009187042
0.43938788	-0.00096438845
0.44936987	-0.0010111222
0.45935187	-0.0010589055
0.46933387	-0.0011077383
0.47931586	-0.0011576206
0.48929786	-0.0012085524
0.49927986	-0.0012605336
0.50926185	-0.0013135642
0.51924385	-0.0013676443
0.52922585	-0.0014227738
0.53920784	-0.0014789526
0.54918984	-0.0015361808
0.55917183	-0.0015944583
0.56915383	-0.0016537852
0.57913583	-0.0017141613
0.58911782	-0.0017755868
0.59909982	-0.0018380614
0.60908182	-0.0019015853
0.61906381	-0.0019661585
0.62904581	-0.0020317808
0.63902781	-0.0020984523
0.6490098	-0.0021661729
0.6589918	-0.0022349426
0.66897379	-0.0023047614
0.67895579	-0.0023756293
0.68893779	-0.0024475463
0.69891978	-0.0025205123
0.70890178	-0.0025945272
0.71888378	-0.0026695912
0.72886577	-0.002745704
0.73884777	-0.0028228658
0.74882977	-0.0029010765
0.75881176	-0.0029803361
0.76879376	-0.0030606445
0.77877576	-0.0031420017
0.78875775	-0.0032244076
0.79873975	-0.0033078624
0.80872174	-0.0033923658
0.81870374	-0.003477918
0.82868574	-0.0035645188
0.83866773	-0.0036521682
0.84864973	-0.0037408663
0.85863173	-0.0038306129
0.86861372	-0.0039214081
0.87859572	-0.0040132517
0.88857772	-0.0041061439
0.89855971	-0.0042000845
0.90854171	-0.0042950735
0.9185237	-0.0043911109
0.9285057	-0.0044881967
0.9384877	-0.0045863307
0.94846969	-0.0046855131
0.95845169	-0.0047857437
0.96843369	-0.0048870225
0.97841568	-0.0049893495
0.98839768	-0.0050927246
0.99837968	-0.0051971478
1.0083617	-0.0053026192
1.0183437	-0.0054091385
1.0283257	-0.0055167058
1.0383077	-0.0056253212
1.0482897	-0.0057349844
1.0582717	-0.0058456955
1.0682537	-0.0059574545
1.0782356	-0.0060702613
1.0882176	-0.0061841158
1.0981996	-0.0062990181
1.1081816	-0.0064149681
1.1181636	-0.0065319657
1.1281456	-0.006650011
1.1381276	-0.0067691038
1.1481096	-0.0068892442
1.1580916	-0.0070104321
1.1680736	-0.0071326674
1.1780556	-0.0072559501
1.1880376	-0.0073802802
1.1980196	-0.0075056576
1.2080016	-0.0076320823
1.2179836	-0.0077595542
1.2279656	-0.0078880734
1.2379476	-0.0080176397
1.2479296	-0.0081482531
1.2579116	-0.0082799135
1.2678936	-0.008412621
1.2778756	-0.0085463755
1.2878576	-0.0086811769
1.2978396	-0.0088170252
1.3078216	-0.0089539203
1.3178036	-0.0090918622
1.3277856	-0.0092308509
1.3377676	-0.0093708862
1.3477495	-0.0095119682
1.3577315	-0.0096540969
1.3677135	-0.009797272
1.3776955	-0.0099414937
1.3876775	-0.010086762
1.3976595	-0.010233076
1.4076415	-0.010380437
1.4176235	-0.010528845
1.4276055	-0.010678298
1.4375875	-0.010828798
1.4475695	-0.010980344
1.4575515	-0.011132936
1.4675335	-0.011286574
1.4775155	-0.011441258
1.4874975	-0.011596988
1.4974795	-0.011753764
1.5074615	-0.011911585
1.5174435	-0.012070453
1.5274255	-0.012230366
1.5374075	-0.012391325
1.5473895	-0.01255333
1.5573715	-0.01271638
1.5673535	-0.012880476
1.5773355	-0.013045617
1.5873175	-0.013211804
1.5972995	-0.013379036
1.6072815	-0.013547313
1.6172635	-0.013716636
1.6272454	-0.013887003
1.6372274	-0.014058416
1.6472094	-0.014230874
1.6571914	-0.014404377
1.6671734	-0.014578925
1.6771554	-0.014754518
1.6871374	-0.014931156
1.6971194	-0.015108839
1.7071014	-0.015287566
1.7170834	-0.015467338
1.7270654	-0.015648155
1.7370474	-0.015830016
1.7470294	-0.016012922
1.7570114	-0.016196872
1.7669934	-0.016381866
1.7769754	-0.016567905
1.7869574	-0.016754988
1.7969394	-0.016943115
1.8069214	-0.017132287
1.8169034	-0.017322502
1.8268854	-0.017513762
1.8368674	-0.017706065
1.8468494	-0.017899413
1.8568314	-0.018093804
1.8668134	-0.018289239
1.8767954	-0.018485718
1.8867774	-0.01868324
1.8967594	-0.018881806
1.9067413	-0.019081415
1.9167233	-0.019282068
1.9267053	-0.019483764
1.9366873	-0.019686504
1.9466693	-0.019890286
1.9566513	-0.020095112
1.9666333	-0.020300981
1.9766153	-0.020507893
1.9865973	-0.020715848
1.9965793	-0.020924846
2.0065613	-0.021134887
2.0165433	-0.021345971
2.0265253	-0.021558097
2.0365073	-0.021771266
2.0464893	-0.021985478
2.0564713	-0.022200732
2.0664533	-0.022417028
2.0764353	-0.022634367
2.0864173	-0.022852748
2.0963993	-0.023072172
2.1063813	-0.023292637
2.1163633	-0.023514145
2.1263453	-0.023736694
2.1363273	-0.023960286
2.1463093	-0.02418492
2.1562913	-0.024410595
2.1662733	-0.024637312
2.1762553	-0.024865071
2.1862372	-0.025093871
2.1962192	-0.025323713
2.2062012	-0.025554596
2.2161832	-0.025786521
2.2261652	-0.026019486
2.2361472	-0.026253494
2.2461292	-0.026488542
2.2561112	-0.026724631
2.2660932	-0.026961762
2.2760752	-0.027199933
2.2860572	-0.027439145
2.2960392	-0.027679398
2.3060212	-0.027920692
2.3160032	-0.028163026
2.3259852	-0.028406401
2.3359672	-0.028650816
2.3459492	-0.028896272
2.3559312	-0.029142768
2.3659132	-0.029390305
2.3758952	-0.029638881
2.3858772	-0.029888498
2.3958592	-0.030139154
2.4058412	-0.030390851
2.4158232	-0.030643587
2.4258052	-0.030897363
2.4357872	-0.031152179
2.4457692	-0.031408035
2.4557512	-0.03166493
2.4657331	-0.031922865
2.4757151	-0.032181839
2.4856971	-0.032441852
2.4956791	-0.032702905
2.5056611	-0.032964996
2.5156431	-0.033228127
2.5256251	-0.033492297
2.5356071	-0.033757505
2.5455891	-0.034023753
2.5555711	-0.034291039
2.5655531	-0.034559364
2.5755351	-0.034828728
2.5855171	-0.03509913
2.5954991	-0.03537057
2.6054811	-0.035643049
2.6154631	-0.035916566
2.6254451	-0.036191121
2.6354271	-0.036466715
2.6454091	-0.036743346
2.6553911	-0.037021015
2.6653731	-0.037299723
2.6753551	-0.037579467
2.6853371	-0.03786025
2.6953191	-0.03814207
2.7053011	-0.038424928
2.7152831	-0.038708823
2.7252651	-0.038993756
2.735247	-0.039279725
2.745229	-0.039566732
2.755211	-0.039854776
2.765193	-0.040143857
2.775175	-0.040433975
2.785157	-0.04072513
2.795139	-0.041017321
2.805121	-0.04131055
2.815103	-0.041604814
2.825085	-0.041900116
2.835067	-0.042196453
2.845049	-0.042493827
2.855031	-0.042792237
2.865013	-0.043091684
2.874995	-0.043392166
2.884977	-0.043693684
2.894959	-0.043996239
2.904941	-0.044299829
2.914923	-0.044604454
2.924905	-0.044910116
2.934887	-0.045216813
2.944869	-0.045524545
2.954851	-0.045833313
2.964833	-0.046143115
2.974815	-0.046453953
2.984797	-0.046765827
2.994779	-0.047078735
3.004761	-0.047392678
3.0147429	-0.047707656
3.0247249	-0.048023668
3.0347069	-0.048340715
3.0446889	-0.048658797
3.0546709	-0.048977913
3.0646529	-0.049298064
3.0746349	-0.049619249
3.0846169	-0.049941468
3.0945989	-0.050264721
3.1045809	-0.050589008
3.1145629	-0.050914329
3.1245449	-0.051240683
3.1345269	-0.051568072
3.1445089	-0.051896494
3.1544909	-0.05222595
3.1644729	-0.052556439
3.1744549	-0.052887961
3.1844369	-0.053220517
3.1944189	-0.053554106
3.2044009	-0.053888728
3.2143829	-0.054224382
3.2243649	-0.05456107
3.2343469	-0.054898791
3.2443289	-0.055237544
3.2543109	-0.05557733
3.2642929	-0.055918148
3.2742749	-0.056259999
3.2842569	-0.056602882
3.2942388	-0.056946797
3.3042208	-0.057291745
3.3142028	-0.057637724
3.3241848	-0.057984736
3.3341668	-0.058332779
3.3441488	-0.058681854
3.3541308	-0.059031961
3.3641128	-0.059383099
3.3740948	-0.059735269
3.3840768	-0.06008847
3.3940588	-0.060442702
3.4040408	-0.060797966
3.4140228	-0.061154261
3.4240048	-0.061511586
3.4339868	-0.061869943
3.4439688	-0.06222933
3.4539508	-0.062589748
3.4639328	-0.062951197
3.4739148	-0.063313676
3.4838968	-0.063677186
3.4938788	-0.064041725
3.5038608	-0.064407296
3.5138428	-0.064773896
3.5238248	-0.065141526
3.5338068	-0.065510186
3.5437888	-0.065879876
3.5537708	-0.066250596
3.5637528	-0.066622345
3.5737347	-0.066995124
3.5837167	-0.067368933
3.5936987	-0.06774377
3.6036807	-0.068119637
3.6136627	-0.068496533
3.6236447	-0.068874458
3.6336267	-0.069253412
3.6436087	-0.069633395
3.6535907	-0.070014407
3.6635727	-0.070396447
3.6735547	-0.070779516
3.6835367	-0.071163614
3.6935187	-0.071548739
3.7035007	-0.071934893
3.7134827	-0.072322076
3.7234647	-0.072710286
3.7334467	-0.073099524
3.7434287	-0.07348979
3.7534107	-0.073881084
3.7633927	-0.074273405
3.7733747	-0.074666754
3.7833567	-0.075061131
3.7933387	-0.075456535
3.8033207	-0.075852966
3.8133027	-0.076250424
3.8232847	-0.07664891
3.8332667	-0.077048422
3.8432486	-0.077448961
3.8532306	-0.077850527
3.8632126	-0.07825312
3.8731946	-0.078656739
3.8831766	-0.079061385
3.8931586	-0.079467057
3.9031406	-0.079873755
3.9131226	-0.08028148
3.9231046	-0.08069023
3.9330866	-0.081100007
3.9430686	-0.08151081
3.9530506	-0.081922638
3.9630326	-0.082335492
3.9730146	-0.082749371
3.9829966	-0.083164276
3.9929786	-0.083580206
4.0029606	-0.083997162
4.0129426	-0.084415143
4.0229246	-0.084834149
4.0329066	-0.085254179
4.0428886	-0.085675235
4.0528706	-0.086097315
4.0628526	-0.08652042
4.0728346	-0.08694455
4.0828166	-0.087369704
4.0927986	-0.087795883
4.1027806	-0.088223085
4.1127626	-0.088651312
4.1227445	-0.089080563
4.1327265	-0.089510838
4.1427085	-0.089942137
4.1526905	-0.090374459
4.1626725	-0.090807806
4.1726545	-0.091242175
4.1826365	-0.091677568
4.1926185	-0.092113985
4.2026005	-0.092551425
4.2125825	-0.092989888
4.2225645	-0.093429374
4.2325465	-0.093869882
4.2425285	-0.094311414
4.2525105	-0.094753969
4.2624925	-0.095197546
4.2724745	-0.095642146
4.2824565	-0.096087768
4.2924385	-0.096534412
4.3024205	-0.096982079
4.3124025	-0.097430768
4.3223845	-0.097880479
4.3323665	-0.098331211
4.3423485	-0.098782966
4.3523305	-0.099235742
4.3623125	-0.09968954
4.3722945	-0.10014436
4.3822765	-0.1006002
4.3922585	-0.10105706
4.4022404	-0.10151495
4.4122224	-0.10197385
4.4222044	-0.10243378
4.4321864	-0.10289472
4.4421684	-0.10335669
4.4521504	-0.10381968
4.4621324	-0.10428369
4.4721144	-0.10474872
4.4820964	-0.10521477
4.4920784	-0.10568184
4.5020604	-0.10614993
4.5120424	-0.10661904
4.5220244	-0.10708917
4.5320064	-0.10756032
4.5419884	-0.10803249
4.5519704	-0.10850568
4.5619524	-0.10897989
4.5719344	-0.10945512
4.5819164	-0.10993136
4.5918984	-0.11040863
4.6018804	-0.11088692
4.6118624	-0.11136622
4.6218444	-0.11184655
4.6318264	-0.11232789
4.6418084	-0.11281026
4.6517904	-0.11329364
4.6617724	-0.11377804
4.6717544	-0.11426346
4.6817363	-0.11474989
4.6917183	-0.11523735
4.7017003	-0.11572582
4.7116823	-0.11621531
4.7216643	-0.11670582
4.7316463	-0.11719735
4.7416283	-0.11768989
4.7516103	-0.11818346
4.7615923	-0.11867804
4.7715743	-0.11917364
4.7815563	-0.11967025
4.7915383	-0.12016788
4.8015203	-0.12066653
4.8115023	-0.1211662
4.8214843	-0.12166688
4.8314663	-0.12216859
4.8414483	-0.1226713
4.8514303	-0.12317504
4.8614123	-0.12367979
4.8713943	-0.12418556
4.8813763	-0.12469234
4.8913583	-0.12520014
4.9013403	-0.12570896
4.9113223	-0.12621879
4.9213043	-0.12672964
4.9312863	-0.1272415
4.9412683	-0.12775438
4.9512503	-0.12826828
4.9612322	-0.12878319
4.9712142	-0.12929912
4.9811962	-0.12981606
4.9911782	-0.13033402
5.0011602	-0.13085299
5.0111422	-0.13137298
5.0211242	-0.13189398
5.0311062	-0.132416
5.0410882	-0.13293903
5.0510702	-0.13346308
5.0610522	-0.13398814
5.0710342	-0.13451422
5.0810162	-0.13504131
5.0909982	-0.13556942
5.1009802	-0.13609854
5.1109622	-0.13662867
5.1209442	-0.13715982
5.1309262	-0.13769198
5.1409082	-0.13822516
5.1508902	-0.13875935
5.1608722	-0.13929455
5.1708542	-0.13983077
5.1808362	-0.140368
5.1908182	-0.14090624
5.2008002	-0.1414455
5.2107822	-0.14198577
5.2207642	-0.14252706
5.2307461	-0.14306935
5.2407281	-0.14361266
5.2507101	-0.14415698
5.2606921	-0.14470232
5.2706741	-0.14524867
5.2806561	-0.14579603
5.2906381	-0.1463444
5.3006201	-0.14689378
5.3106021	-0.14744418
5.3205841	-0.14799559
5.3305661	-0.14854801
5.3405481	-0.14910145
5.3505301	-0.14965589
5.3605121	-0.15021135
5.3704941	-0.15076782
5.3804761	-0.1513253
5.3904581	-0.15188379
5.4004401	-0.15244329
5.4104221	-0.15300381
5.4204041	-0.15356533
5.4303861	-0.15412787
5.4403681	-0.15469142
5.4503501	-0.15525598
5.4603321	-0.15582155
5.4703141	-0.15638813
5.4802961	-0.15695572
5.4902781	-0.15752432
5.5002601	-0.15809393
5.510242	-0.15866456
5.520224	-0.15923619
5.530206	-0.15980883
5.540188	-0.16038248
5.55017	-0.16095715
5.560152	-0.16153282
5.570134	-0.1621095
5.580116	-0.1626872
5.590098	-0.1632659
5.60008	-0.16384561
5.610062	-0.16442633
5.620044	-0.16500806
5.630026	-0.1655908
5.640008	-0.16617455
5.64999	-0.16675931
5.659972	-0.16734508
5.669954	-0.16793186
5.679936	-0.16851964
5.689918	-0.16910844
5.6999	-0.16969824
5.709882	-0.17028905
5.719864	-0.17088087
5.729846	-0.1714737
5.739828	-0.17206754
5.74981	-0.17266238
5.759792	-0.17325824
5.769774	-0.1738551
5.779756	-0.17445297
5.7897379	-0.17505184
5.7997199	-0.17565173
5.8097019	-0.17625262
5.8196839	-0.17685452
5.8296659	-0.17745743
5.8396479	-0.17806135
5.8496299	-0.17866627
5.8596119	-0.1792722
5.8695939	-0.17987914
5.8795759	-0.18048708
5.8895579	-0.18109603
5.8995399	-0.18170599
5.9095219	-0.18231696
5.9195039	-0.18292893
5.9294859	-0.18354191
5.9394679	-0.18415589
5.9494499	-0.18477089
5.9594319	-0.18538688
5.9694139	-0.18600389
5.9793959	-0.1866219
5.9893779	-0.18724092
5.9993599	-0.18786094
6.0093419	-0.18848197
6.0193239	-0.18910401
6.0293059	-0.18972705
6.0392879	-0.1903511
6.0492699	-0.19097615
6.0592519	-0.19160221
6.0692338	-0.19222928
6.0792158	-0.19285735
6.0891978	-0.19348642
6.0991798	-0.1941165
6.1091618	-0.19474759
6.1191438	-0.19537968
6.1291258	-0.19601278
6.1391078	-0.19664688
6.1490898	-0.19728198
6.1590718	-0.1979181
6.1690538	-0.19855521
6.1790358	-0.19919333
6.1890178	-0.19983246
6.1989998	-0.20047259
6.2089818	-0.20111372
6.2189638	-0.20175586
6.2289458	-0.20239901
6.2389278	-0.20304315
6.2489098	-0.20368831
6.2588918	-0.20433446
6.2688738	-0.20498162
6.2788558	-0.20562979
6.2888378	-0.20627895
6.2988198	-0.20692912
6.3088018	-0.2075803
6.3187838	-0.20823248
6.3287658	-0.20888566
6.3387477	-0.20953985
6.3487297	-0.21019504
6.3587117	-0.21085123
6.3686937	-0.21150843
6.3786757	-0.21216663
6.3886577	-0.21282583
6.3986397	-0.21348604
6.4086217	-0.21414724
6.4186037	-0.21480946
6.4285857	-0.21547267
6.4385677	-0.21613689
6.4485497	-0.21680211
6.4585317	-0.21746833
6.4685137	-0.21813556
6.4784957	-0.21880378
6.4884777	-0.21947302
6.4984597	-0.22014325
6.5084417	-0.22081448
6.5184237	-0.22148672
6.5284057	-0.22215996
6.5383877	-0.2228342
6.5483697	-0.22350945
6.5583517	-0.22418569
6.5683337	-0.22486294
6.5783157	-0.22554119
6.5882977	-0.22622044
6.5982797	-0.22690069
6.6082617	-0.22758195
6.6182436	-0.2282642
6.6282256	-0.22894746
6.6382076	-0.22963172
6.6481896	-0.23031698
6.6581716	-0.23100324
6.6681536	-0.23169051
6.6781356	-0.23237877
6.6881176	-0.23306804
6.6980996	-0.2337583
6.7080816	-0.23444957
6.7180636	-0.23514184
6.7280456	-0.23583511
6.7380276	-0.23652938
6.7480096	-0.23722465
6.7579916	-0.23792093
6.7679736	-0.2386182
6.7779556	-0.23931647
6.7879376	-0.24001574
6.7979196	-0.24071602
6.8079016	-0.24141729
6.8178836	-0.24211957
6.8278656	-0.24282284
6.8378476	-0.24352712
6.8478296	-0.2442324
6.8578116	-0.24493867
6.8677936	-0.24564595
6.8777756	-0.24635422
6.8877576	-0.2470635
6.8977395	-0.24777378
6.9077215	-0.24848505
6.9177035	-0.24919733
6.9276855	-0.2499106
6.9376675	-0.25062488
6.9476495	-0.25134015
6.9576315	-0.25205643
6.9676135	-0.2527737
6.9775955	-0.25349197
6.9875775	-0.25421125
6.9975595	-0.25493152
7.0075415	-0.25565279
7.0175235	-0.25637506
7.0275055	-0.25709833
7.0374875	-0.2578226
7.0474695	-0.25854787
7.0574515	-0.25927413
7.0674335	-0.2600014
7.0774155	-0.26072966
7.0873975	-0.26145893
7.0973795	-0.26218919
7.1073615	-0.26292045
7.1173435	-0.26365271
7.1273255	-0.26438597
7.1373075	-0.26512023
7.1472895	-0.26585549
7.1572715	-0.26659174
7.1672535	-0.26732899
7.1772354	-0.26806725
7.1872174	-0.2688065
7.1971994	-0.26954674
7.2071814	-0.27028799
7.2171634	-0.27103024
7.2271454	-0.27177348
7.2371274	-0.27251772
7.2471094	-0.27326296
7.2570914	-0.2740092
7.2670734	-0.27475644
7.2770554	-0.27550467
7.2870374	-0.2762539
7.2970194	-0.27700413
7.3070014	-0.27775536
7.3169834	-0.27850759
7.3269654	-0.27926081
7.3369474	-0.28001503
7.3469294	-0.28077025
7.3569114	-0.28152647
7.3668934	-0.28228368
7.3768754	-0.2830419
7.3868574	-0.28380111
7.3968394	-0.28456131
7.4068214	-0.28532252
7.4168034	-0.28608472
7.4267854	-0.28684792
7.4367674	-0.28761212
7.4467493	-0.28837731
7.4567313	-0.28914351
7.4667133	-0.2899107
7.4766953	-0.29067888
7.4866773	-0.29144807
7.4966593	-0.29221825
7.5066413	-0.29298943
7.5166233	-0.2937616
7.5266053	-0.29453477
7.5365873	-0.29530894
7.5465693	-0.29608411
7.5565513	-0.29686027
7.5665333	-0.29763744
7.5765153	-0.29841559
7.5864973	-0.29919475
7.5964793	-0.2999749
7.6064613	-0.30075605
7.6164433	-0.30153819
7.6264253	-0.30232133
7.6364073	-0.30310547
7.6463893	-0.30389061
7.6563713	-0.30467674
7.6663533	-0.30546387
7.6763353	-0.306252
7.6863173	-0.30704112
7.6962993	-0.30783124
7.7062813	-0.30862235
7.7162633	-0.30941446
7.7262452	-0.31020757
7.7362272	-0.31100168
7.7462092	-0.31179678
7.7561912	-0.31259288
7.7661732	-0.31338997
7.7761552	-0.31418806
7.7861372	-0.31498715
7.7961192	-0.31578723
7.8061012	-0.31658831
7.8160832	-0.31739039
7.8260652	-0.31819346
7.8360472	-0.31899753
7.8460292	-0.3198026
7.8560112	-0.32060866
7.8659932	-0.32141572
7.8759752	-0.32222377
7.8859572	-0.32303282
7.8959392	-0.32384287
7.9059212	-0.32465391
7.9159032	-0.32546595
7.9258852	-0.32627898
7.9358672	-0.32709301
7.9458492	-0.32790804
7.9558312	-0.32872406
7.9658132	-0.32954108
7.9757952	-0.3303591
7.9857772	-0.33117811
7.9957592	-0.33199812
8.0057411	-0.33281912
8.0157231	-0.33364112
8.0257051	-0.33446412
8.0356871	-0.33528811
8.0456691	-0.3361131
8.0556511	-0.33693908
8.0656331	-0.33776606
8.0756151	-0.33859403
8.0855971	-0.33942301
8.0955791	-0.34025297
8.1055611	-0.34108394
8.1155431	-0.3419159
8.1255251	-0.34274885
8.1355071	-0.3435828
8.1454891	-0.34441775
8.1554711	-0.34525369
8.1654531	-0.34609063
8.1754351	-0.34692857
8.1854171	-0.3477675
8.1953991	-0.34860742
8.2053811	-0.34944834
8.2153631	-0.35029026
8.2253451	-0.35113318
8.2353271	-0.35197709
8.2453091	-0.35282199
8.2552911	-0.35366789
8.2652731	-0.35451479
8.2752551	-0.35536268
8.285237	-0.35621157
8.295219	-0.35706146
8.305201	-0.35791234
8.315183	-0.35876422
8.325165	-0.35961709
8.335147	-0.36047096
8.345129	-0.36132582
8.355111	-0.36218168
8.365093	-0.36303854
8.375075	-0.36389639
8.385057	-0.36475524
8.395039	-0.36561508
8.405021	-0.36647592
8.415003	-0.36733776
8.424985	-0.36820059
8.434967	-0.36906442
8.444949	-0.36992924
8.454931	-0.37079506
8.464913	-0.37166188
8.474895	-0.37252969
8.484877	-0.3733985
8.494859	-0.3742683
8.504841	-0.3751391
8.514823	-0.3760109
8.524805	-0.37688369
8.534787	-0.37775747
8.544769	-0.37863226
8.554751	-0.37950804
8.5647329	-0.38038481
8.5747149	-0.38126259
8.5846969	-0.38214135
8.5946789	-0.38302112
8.6046609	-0.38390188
8.6146429	-0.38478363
8.6246249	-0.38566639
8.6346069	-0.38655014
8.6445889	-0.38743488
8.6545709	-0.38832062
8.6645529	-0.38920736
8.6745349	-0.39009509
8.6845169	-0.39098382
8.6944989	-0.39187355
8.7044809	-0.39276427
8.7144629	-0.39365599
8.7244449	-0.39454871
8.7344269	-0.39544242
8.7444089	-0.39633712
8.7543909	-0.39723283
8.7643729	-0.39812953
8.7743549	-0.39902723
8.7843369	-0.39992592
8.7943189	-0.40082561
8.8043009	-0.4017263
8.8142829	-0.40262798
8.8242649	-0.40353066
8.8342468	-0.40443434
8.8442288	-0.40533901
8.8542108	-0.40624468
8.8641928	-0.40715135
8.8741748	-0.40805901
8.8841568	-0.40896767
8.8941388	-0.40987733
8.9041208	-0.41078798
8.9141028	-0.41169964
8.9240848	-0.41261228
8.9340668	-0.41352593
8.9440488	-0.41444057
8.9540308	-0.41535621
8.9640128	-0.41627284
8.9739948	-0.41719048
8.9839768	-0.41810911
8.9939588	-0.41902873
9.0039408	-0.41994936
9.0139228	-0.42087098
9.0239048	-0.4217936
9.0338868	-0.42271721
9.0438688	-0.42364183
9.0538508	-0.42456744
9.0638328	-0.42549405
9.0738148	-0.42642165
9.0837968	-0.42735025
9.0937788	-0.42827985
9.1037608	-0.42921045
9.1137427	-0.43014205
9.1237247	-0.43107464
9.1337067	-0.43200823
9.1436887	-0.43294282
9.1536707	-0.43387841
9.1636527	-0.43481499
9.1736347	-0.43575257
9.1836167	-0.43669115
9.1935987	-0.43763073
9.2035807	-0.43857131
9.2135627	-0.43951288
9.2235447	-0.44045545
9.2335267	-0.44139902
9.2435087	-0.44234359
9.2534907	-0.44328916
9.2634727	-0.44423572
9.2734547	-0.44518328
9.2834367	-0.44613185
9.2934187	-0.44708141
9.3034007	-0.44803196
9.3133827	-0.44898352
9.3233647	-0.44993608
9.3333467	-0.45088963
9.3433287	-0.45184418
9.3533107	-0.45279974
9.3632927	-0.45375629
9.3732747	-0.45471383
9.3832567	-0.45567238
9.3932386	-0.45663193
9.4032206	-0.45759248
9.4132026	-0.45855402
9.4231846	-0.45951657
9.4331666	-0.46048011
9.4431486	-0.46144465
9.4531306	-0.46241019
9.4631126	-0.46337674
9.4730946	-0.46434428
9.4830766	-0.46531282
9.4930586	-0.46628236
9.5030406	-0.4672529
9.5130226	-0.46822444
9.5230046	-0.46919697
9.5329866	-0.47017051
9.5429686	-0.47114505
9.5529506	-0.47212059
9.5629326	-0.47309713
9.5729146	-0.47407467
9.5828966	-0.47505321
9.5928786	-0.47603274
9.6028606	-0.47701328
9.6128426	-0.47799482
9.6228246	-0.47897736
9.6328066	-0.4799609
9.6427886	-0.48094544
9.6527706	-0.48193099
9.6627526	-0.48291753
9.6727345	-0.48390507
9.6827165	-0.48489361
9.6926985	-0.48588316
9.7026805	-0.4868737
9.7126625	-0.48786525
9.7226445	-0.4888578
9.7326265	-0.48985135
9.7426085	-0.4908459
9.7525905	-0.49184145
9.7625725	-0.492838
9.7725545	-0.49383556
9.7825365	-0.49483411
9.7925185	-0.49583367
9.8025005	-0.49683423
9.8124825	-0.49783579
9.8224645	-0.49883835
9.8324465	-0.49984192
9.8424285	-0.50084648
9.8524105	-0.50185205
9.8623925	-0.50285862
9.8723745	-0.5038662
9.8823565	-0.50487477
9.8923385	-0.50588435
9.9023205	-0.50689493
9.9123025	-0.50790652
9.9222845	-0.5089191
9.9322665	-0.50993269
9.9422484	-0.51094728
9.9522304	-0.51196288
9.9622124	-0.51297948
9.9721944	-0.51399708
9.9821764	-0.51501568
9.9921584	-0.51603529
10.00214	-0.5170559
10.012122	-0.51807751
10.022104	-0.51910013
10.032086	-0.52012375
10.042068	-0.52114838
10.05205	-0.52217401
10.062032	-0.52320064
10.072014	-0.52422828
10.081996	-0.52525692
10.091978	-0.52628656
10.10196	-0.52731721
10.111942	-0.52834887
10.121924	-0.52938152
10.131906	-0.53041519
10.141888	-0.53144985
10.15187	-0.53248553
10.161852	-0.5335222
10.171834	-0.53455989
10.181816	-0.53559857
10.191798	-0.53663827
10.20178	-0.53767896
10.211762	-0.53872067
10.221744	-0.53976338
10.231726	-0.54080709
10.241708	-0.54185181
10.25169	-0.54289754
10.261672	-0.54394427
10.271654	-0.54499201
10.281636	-0.54604075
10.291618	-0.5470905
10.3016	-0.54814126
10.311582	-0.54919302
10.321564	-0.55024579
10.331546	-0.55129956
10.341528	-0.55235435
10.35151	-0.55341013
10.361492	-0.55446693
10.371474	-0.55552473
10.381456	-0.55658355
10.391438	-0.55764336
10.40142	-0.55870419
10.411402	-0.55976602
10.421384	-0.56082886
10.431366	-0.56189271
10.441348	-0.56295756
10.45133	-0.56402343
10.461312	-0.5650903
10.471294	-0.56615818
10.481276	-0.56722707
10.491258	-0.56829697
10.50124	-0.56936787
10.511222	-0.57043978
10.521204	-0.57151271
10.531186	-0.57258664
10.541168	-0.57366158
10.55115	-0.57473753
10.561132	-0.57581449
10.571114	-0.57689246
10.581096	-0.57797143
10.591078	-0.57905142
10.60106	-0.58013242
10.611042	-0.58121442
10.621024	-0.58229744
10.631006	-0.58338147
10.640988	-0.58446651
10.65097	-0.58555255
10.660952	-0.58663961
10.670934	-0.58772768
10.680916	-0.58881676
10.690898	-0.58990685
10.70088	-0.59099795
10.710862	-0.59209006
10.720844	-0.59318318
10.730826	-0.59427732
10.740808	-0.59537246
10.75079	-0.59646862
10.760772	-0.59756579
10.770754	-0.59866397
10.780736	-0.59976317
10.790718	-0.60086337
10.8007	-0.60196459
10.810682	-0.60306682
10.820664	-0.60417006
10.830646	-0.60527432
10.840628	-0.60637959
10.85061	-0.60748587
10.860592	-0.60859316
10.870574	-0.60970147
10.880556	-0.61081079
10.890538	-0.61192112
10.90052	-0.61303247
10.910502	-0.61414483
10.920484	-0.61525821
10.930466	-0.6163726
10.940448	-0.617488
10.95043	-0.61860442
10.960412	-0.61972185
10.970394	-0.6208403
10.980376	-0.62195976
10.990358	-0.62308024
11.00034	-0.62420173
11.010322	-0.62532424
11.020304	-0.62644776
11.030286	-0.6275723
11.040268	-0.62869785
11.05025	-0.62982442
11.060232	-0.63095201
11.070214	-0.63208061
11.080196	-0.63321023
11.090178	-0.63434086
11.10016	-0.63547251
11.110142	-0.63660518
11.120124	-0.63773886
11.130106	-0.63887356
11.140088	-0.64000928
11.15007	-0.64114602
11.160052	-0.64228377
11.170034	-0.64342254
11.180016	-0.64456233
11.189998	-0.64570313
11.19998	-0.64684496
11.209962	-0.6479878
11.219944	-0.64913166
11.229926	-0.65027654
11.239908	-0.65142244
11.24989	-0.65256935
11.259872	-0.65371729
11.269854	-0.65486624
11.279836	-0.65601622
11.289818	-0.65716721
11.2998	-0.65831923
11.309782	-0.65947226
11.319764	-0.66062631
11.329746	-0.66178138
11.339728	-0.66293748
11.34971	-0.66409459
11.359692	-0.66525273
11.369674	-0.66641188
11.379656	-0.66757206
11.389638	-0.66873325
11.39962	-0.66989547
11.409602	-0.67105871
11.419584	-0.67222297
11.429566	-0.67338826
11.439548	-0.67455456
11.44953	-0.67572189
11.459512	-0.67689024
11.469494	-0.67805961
11.479476	-0.67923001
11.489458	-0.68040142
11.49944	-0.68157386
11.509422	-0.68274733
11.519404	-0.68392181
11.529386	-0.68509732
11.539368	-0.68627386
11.54935	-0.68745142
11.559332	-0.68863
11.569314	-0.6898096
11.579296	-0.69099023
11.589278	-0.69217189
11.59926	-0.69335457
11.609242	-0.69453827
11.619224	-0.695723
11.629206	-0.69690876
11.639188	-0.69809554
11.64917	-0.69928334
11.659152	-0.70047217
11.669134	-0.70166203
11.679116	-0.70285292
11.689098	-0.70404483
11.69908	-0.70523776
11.709062	-0.70643172
11.719044	-0.70762671
11.729026	-0.70882273
11.739008	-0.71001978
11.74899	-0.71121785
11.758972	-0.71241695
11.768954	-0.71361707
11.778936	-0.71481823
11.788918	-0.71602041
11.7989	-0.71722363
11.808882	-0.71842787
11.818864	-0.71963313
11.828846	-0.72083943
11.838828	-0.72204676
11.84881	-0.72325512
11.858792	-0.7244645
11.868774	-0.72567492
11.878756	-0.72688636
11.888738	-0.72809884
11.89872	-0.72931235
11.908702	-0.73052688
11.918684	-0.73174245
11.928666	-0.73295905
11.938648	-0.73417668
11.94863	-0.73539534
11.958612	-0.73661503
11.968594	-0.73783575
11.978576	-0.73905751
11.988558	-0.74028029
11.99854	-0.74150411
12.008522	-0.74272897
12.018504	-0.74395485
12.028486	-0.74518177
12.038468	-0.74640972
12.04845	-0.7476387
12.058432	-0.74886872
12.068414	-0.75009977
12.078396	-0.75133185
12.088378	-0.75256497
12.09836	-0.75379913
12.108342	-0.75503431
12.118324	-0.75627054
12.128306	-0.75750779
12.138288	-0.75874609
12.14827	-0.75998541
12.158252	-0.76122578
12.168234	-0.76246718
12.178216	-0.76370961
12.188198	-0.76495308
12.19818	-0.76619759
12.208162	-0.76744313
12.218144	-0.76868971
12.228126	-0.76993733
12.238108	-0.77118598
12.24809	-0.77243568
12.258072	-0.77368641
12.268054	-0.77493817
12.278036	-0.77619098
12.288018	-0.77744482
12.298	-0.7786997
12.307982	-0.77995563
12.317964	-0.78121259
12.327946	-0.78247058
12.337928	-0.78372962
12.34791	-0.7849897
12.357892	-0.78625082
12.367874	-0.78751298
12.377856	-0.78877617
12.387838	-0.79004041
12.39782	-0.79130569
12.407802	-0.79257201
12.417784	-0.79383937
12.427766	-0.79510777
12.437748	-0.79637722
12.44773	-0.7976477
12.457712	-0.79891923
12.467694	-0.8001918
12.477676	-0.80146541
12.487658	-0.80274007
12.49764	-0.80401577
12.507622	-0.80529251
12.517604	-0.80657029
12.527586	-0.80784912
12.537568	-0.80912899
12.54755	-0.8104099
12.557532	-0.81169186
12.567514	-0.81297487
12.577495	-0.81425892
12.587477	-0.81554401
12.597459	-0.81683015
12.607441	-0.81811734
12.617423	-0.81940557
12.627405	-0.82069484
12.637387	-0.82198516
12.647369	-0.82327653
12.657351	-0.82456895
12.667333	-0.82586241
12.677315	-0.82715692
12.687297	-0.82845247
12.697279	-0.82974908
12.707261	-0.83104673
12.717243	-0.83234543
12.727225	-0.83364518
12.737207	-0.83494597
12.747189	-0.83624782
12.757171	-0.83755071
12.767153	-0.83885465
12.777135	-0.84015964
12.787117	-0.84146569
12.797099	-0.84277278
12.807081	-0.84408092
12.817063	-0.84539011
12.827045	-0.84670036
12.837027	-0.84801165
12.847009	-0.84932399
12.856991	-0.85063739
12.866973	-0.85195184
12.876955	-0.85326734
12.886937	-0.85458389
12.896919	-0.85590149
12.906901	-0.85722015
12.916883	-0.85853986
12.926865	-0.85986062
12.936847	-0.86118244
12.946829	-0.86250531
12.956811	-0.86382923
12.966793	-0.86515421
12.976775	-0.86648024
12.986757	-0.86780733
12.996739	-0.86913547
13.006721	-0.87046467
13.016703	-0.87179492
13.026685	-0.87312622
13.036667	-0.87445859
13.046649	-0.87579201
13.056631	-0.87712648
13.066613	-0.87846201
13.076595	-0.8797986
13.086577	-0.88113625
13.096559	-0.88247495
13.106541	-0.88381471
13.116523	-0.88515553
13.126505	-0.88649741
13.136487	-0.88784034
13.146469	-0.88918434
13.156451	-0.89052939
13.166433	-0.8918755
13.176415	-0.89322268
13.186397	-0.89457091
13.196379	-0.8959202
13.206361	-0.89727055
13.216343	-0.89862196
13.226325	-0.89997444
13.236307	-0.90132797
13.246289	-0.90268256
13.256271	-0.90403822
13.266253	-0.90539494
13.276235	-0.90675272
13.286217	-0.90811156
13.296199	-0.90947147
13.306181	-0.91083244
13.316163	-0.91219447
13.326145	-0.91355756
13.336127	-0.91492172
13.346109	-0.91628694
13.356091	-0.91765323
13.366073	-0.91902058
13.376055	-0.920389
13.386037	-0.92175848
13.396019	-0.92312902
13.406001	-0.92450064
13.415983	-0.92587331
13.425965	-0.92724706
13.435947	-0.92862187
13.445929	-0.92999774
13.455911	-0.93137469
13.465893	-0.9327527
13.475875	-0.93413178
13.485857	-0.93551192
13.495839	-0.93689314
13.505821	-0.93827542
13.515803	-0.93965877
13.525785	-0.94104319
13.535767	-0.94242868
13.545749	-0.94381524
13.555731	-0.94520287
13.565713	-0.94659156
13.575695	-0.94798133
13.585677	-0.94937217
13.595659	-0.95076408
13.605641	-0.95215706
13.615623	-0.95355111
13.625605	-0.95494624
13.635587	-0.95634243
13.645569	-0.9577397
13.655551	-0.95913804
13.665533	-0.96053746
13.675515	-0.96193794
13.685497	-0.9633395
13.695479	-0.96474214
13.705461	-0.96614584
13.715443	-0.96755062
13.725425	-0.96895648
13.735407	-0.97036341
13.745389	-0.97177142
13.755371	-0.9731805
13.765353	-0.97459066
13.775335	-0.97600189
13.785317	-0.9774142
13.795299	-0.97882758
13.805281	-0.98024205
13.815263	-0.98165758
13.825245	-0.9830742
13.835227	-0.9844919
13.845209	-0.98591067
13.855191	-0.98733052
13.865173	-0.98875145
13.875155	-0.99017346
13.885137	-0.99159655
13.895119	-0.99302071
13.905101	-0.99444596
13.915083	-0.99587229
13.925065	-0.99729969
13.935047	-0.99872818
13.945029	-1.0001577
13.955011	-1.0015884
13.964993	-1.0030201
13.974975	-1.0044529
13.984957	-1.0058868
13.994939	-1.0073218
14.004921	-1.0087579
14.014903	-1.010195
14.024885	-1.0116332
14.034867	-1.0130726
14.044849	-1.014513
14.054831	-1.0159544
14.064813	-1.017397
14.074795	-1.0188406
14.084777	-1.0202854
14.094759	-1.0217312
14.104741	-1.0231781
14.114723	-1.0246261
14.124705	-1.0260752
14.134687	-1.0275253
14.144669	-1.0289766
14.154651	-1.0304289
14.164633	-1.0318823
14.174615	-1.0333369
14.184597	-1.0347925
14.194579	-1.0362491
14.204561	-1.0377069
14.214543	-1.0391658
14.224525	-1.0406257
14.234507	-1.0420868
14.244489	-1.0435489
14.254471	-1.0450122
14.264453	-1.0464765
14.274435	-1.0479419
14.284417	-1.0494084
14.294399	-1.050876
14.304381	-1.0523447
14.314363	-1.0538144
14.324345	-1.0552853
14.334327	-1.0567573
14.344309	-1.0582303
14.354291	-1.0597045
14.364273	-1.0611797
14.374255	-1.062656
14.384237	-1.0641335
14.394219	-1.065612
14.404201	-1.0670916
14.414183	-1.0685723
14.424165	-1.0700541
14.434147	-1.071537
14.444129	-1.073021
14.454111	-1.0745061
14.464093	-1.0759923
14.474075	-1.0774796
14.484057	-1.078968
14.494039	-1.0804575
14.504021	-1.0819481
14.514003	-1.0834398
14.523985	-1.0849326
14.533967	-1.0864265
14.543949	-1.0879214
14.553931	-1.0894175
14.563913	-1.0909147
14.573895	-1.092413
14.583877	-1.0939124
14.593859	-1.0954129
14.603841	-1.0969145
14.613823	-1.0984171
14.623805	-1.0999209
14.633787	-1.1014258
14.643769	-1.1029318
14.653751	-1.1044389
14.663733	-1.1059471
14.673715	-1.1074564
14.683697	-1.1089669
14.693679	-1.1104784
14.703661	-1.111991
14.713643	-1.1135047
14.723625	-1.1150195
14.733607	-1.1165355
14.743589	-1.1180525
14.753571	-1.1195707
14.763553	-1.1210899
14.773535	-1.1226103
14.783517	-1.1241318
14.793499	-1.1256543
14.803481	-1.127178
14.813463	-1.1287028
14.823445	-1.1302287
14.833427	-1.1317557
14.843409	-1.1332839
14.853391	-1.1348131
14.863373	-1.1363434
14.873355	-1.1378749
14.883337	-1.1394075
14.893319	-1.1409411
14.903301	-1.1424759
14.913283	-1.1440118
14.923265	-1.1455488
14.933247	-1.1470869
14.943229	-1.1486262
14.953211	-1.1501665
14.963193	-1.151708
14.973175	-1.1532506
14.983157	-1.1547942
14.993139	-1.156339
15.003121	-1.157885
15.013103	-1.159432
15.023085	-1.1609801
15.033067	-1.1625294
15.043049	-1.1640798
15.053031	-1.1656313
15.063013	-1.1671839
15.072995	-1.1687376
15.082977	-1.1702925
15.092959	-1.1718485
15.102941	-1.1734055
15.112923	-1.1749637
15.122905	-1.1765231
15.132887	-1.1780835
15.142869	-1.1796451
15.152851	-1.1812077
15.162833	-1.1827715
15.172815	-1.1843365
15.182797	-1.1859025
15.192779	-1.1874697
15.202761	-1.189038
15.212743	-1.1906074
15.222725	-1.1921779
15.232707	-1.1937496
15.242689	-1.1953223
15.252671	-1.1968962
15.262653	-1.1984713
15.272635	-1.2000474
15.282617	-1.2016247
15.292599	-1.2032031
15.302581	-1.2047826
15.312563	-1.2063632
15.322545	-1.207945
15.332527	-1.2095279
15.342509	-1.211112
15.35249	-1.2126971
15.362472	-1.2142834
15.372454	-1.2158708
15.382436	-1.2174593
15.392418	-1.219049
15.4024	-1.2206398
15.412382	-1.2222317
15.422364	-1.2238248
15.432346	-1.2254189
15.442328	-1.2270143
15.45231	-1.2286107
15.462292	-1.2302083
15.472274	-1.231807
15.482256	-1.2334068
15.492238	-1.2350078
15.50222	-1.2366099
15.512202	-1.2382131
15.522184	-1.2398175
15.532166	-1.241423
15.542148	-1.2430296
15.55213	-1.2446374
15.562112	-1.2462463
15.572094	-1.2478563
15.582076	-1.2494675
15.592058	-1.2510798
15.60204	-1.2526933
15.612022	-1.2543078
15.622004	-1.2559236
15.631986	-1.2575404
15.641968	-1.2591584
15.65195	-1.2607775
15.661932	-1.2623978
15.671914	-1.2640192
15.681896	-1.2656417
15.691878	-1.2672654
15.70186	-1.2688903
15.711842	-1.2705162
15.721824	-1.2721433
15.731806	-1.2737716
15.741788	-1.2754009
15.75177	-1.2770315
15.761752	-1.2786631
15.771734	-1.280296
15.781716	-1.2819299
15.791698	-1.283565
15.80168	-1.2852012
15.811662	-1.2868386
15.821644	-1.2884771
15.831626	-1.2901168
15.841608	-1.2917576
15.85159	-1.2933996
15.861572	-1.2950427
15.871554	-1.2966869
15.881536	-1.2983323
15.891518	-1.2999789
15.9015	-1.3016266
15.911482	-1.3032754
15.921464	-1.3049254
15.931446	-1.3065765
15.941428	-1.3082288
15.95141	-1.3098823
15.961392	-1.3115368
15.971374	-1.3131926
15.981356	-1.3148494
15.991338	-1.3165075
16.00132	-1.3181667
16.011302	-1.319827
16.021284	-1.3214885
16.031266	-1.3231511
16.041248	-1.3248149
16.05123	-1.3264798
16.061212	-1.3281459
16.071194	-1.3298132
16.081176	-1.3314816
16.091158	-1.3331511
16.10114	-1.3348218
16.111122	-1.3364937
16.121104	-1.3381667
16.131086	-1.3398409
16.141068	-1.3415162
16.15105	-1.3431927
16.161032	-1.3448704
16.171014	-1.3465492
16.180996	-1.3482291
16.190978	-1.3499102
16.20096	-1.3515925
16.210942	-1.3532759
16.220924	-1.3549605
16.230906	-1.3566463
16.240888	-1.3583332
16.25087	-1.3600213
16.260852	-1.3617105
16.270834	-1.3634009
16.280816	-1.3650924
16.290798	-1.3667851
16.30078	-1.368479
16.310762	-1.3701741
16.320744	-1.3718703
16.330726	-1.3735676
16.340708	-1.3752662
16.35069	-1.3769658
16.360672	-1.3786667
16.370654	-1.3803687
16.380636	-1.3820719
16.390618	-1.3837763
16.4006	-1.3854818
16.410582	-1.3871885
16.420564	-1.3888963
16.430546	-1.3906053
16.440528	-1.3923155
16.45051	-1.3940269
16.460492	-1.3957394
16.470474	-1.3974531
16.480456	-1.3991679
16.490438	-1.400884
16.50042	-1.4026012
16.510402	-1.4043195
16.520384	-1.4060391
16.530366	-1.4077598
16.540348	-1.4094817
16.55033	-1.4112047
16.560312	-1.4129289
16.570294	-1.4146543
16.580276	-1.4163809
16.590258	-1.4181087
16.60024	-1.4198376
16.610222	-1.4215677
16.620204	-1.4232989
16.630186	-1.4250314
16.640168	-1.426765
16.65015	-1.4284998
16.660132	-1.4302357
16.670114	-1.4319729
16.680096	-1.4337112
16.690078	-1.4354507
16.70006	-1.4371914
16.710042	-1.4389332
16.720024	-1.4406763
16.730006	-1.4424205
16.739988	-1.4441659
16.74997	-1.4459124
16.759952	-1.4476602
16.769934	-1.4494091
16.779916	-1.4511592
16.789898	-1.4529105
16.79988	-1.454663
16.809862	-1.4564166
16.819844	-1.4581715
16.829826	-1.4599275
16.839808	-1.4616847
16.84979	-1.4634431
16.859772	-1.4652027
16.869754	-1.4669634
16.879736	-1.4687253
16.889718	-1.4704885
16.8997	-1.4722528
16.909682	-1.4740183
16.919664	-1.475785
16.929646	-1.4775528
16.939628	-1.4793219
16.94961	-1.4810921
16.959592	-1.4828636
16.969574	-1.4846362
16.979556	-1.48641
16.989538	-1.488185
16.99952	-1.4899612
17.009502	-1.4917385
17.019484	-1.4935171
17.029466	-1.4952969
17.039448	-1.4970778
17.04943	-1.49886
17.059412	-1.5006433
17.069394	-1.5024278
17.079376	-1.5042135
17.089358	-1.5060004
17.09934	-1.5077885
17.109322	-1.5095778
17.119304	-1.5113683
17.129286	-1.51316
17.139268	-1.5149529
17.14925	-1.516747
17.159232	-1.5185422
17.169214	-1.5203387
17.179196	-1.5221364
17.189178	-1.5239352
17.19916	-1.5257353
17.209142	-1.5275366
17.219124	-1.529339
17.229106	-1.5311427
17.239088	-1.5329475
17.24907	-1.5347536
17.259052	-1.5365608
17.269034	-1.5383693
17.279016	-1.540179
17.288998	-1.5419898
17.29898	-1.5438019
17.308962	-1.5456151
17.318944	-1.5474296
17.328926	-1.5492453
17.338908	-1.5510621
17.34889	-1.5528802
17.358872	-1.5546995
17.368854	-1.55652
17.378836	-1.5583416
17.388818	-1.5601645
17.3988	-1.5619886
17.408782	-1.5638139
17.418764	-1.5656404
17.428746	-1.5674682
17.438728	-1.5692971
17.44871	-1.5711272
17.458692	-1.5729585
17.468674	-1.5747911
17.478656	-1.5766248
17.488638	-1.5784598
17.49862	-1.580296
17.508602	-1.5821334
17.518584	-1.583972
17.528566	-1.5858118
17.538548	-1.5876528
17.54853	-1.589495
17.558512	-1.5913385
17.568494	-1.5931831
17.578476	-1.595029
17.588458	-1.5968761
17.59844	-1.5987244
17.608422	-1.6005739
17.618404	-1.6024246
17.628386	-1.6042765
17.638368	-1.6061297
17.64835	-1.6079841
17.658332	-1.6098397
17.668314	-1.6116965
17.678296	-1.6135545
17.688278	-1.6154137
17.69826	-1.6172742
17.708242	-1.6191358
17.718224	-1.6209987
17.728206	-1.6228629
17.738188	-1.6247282
17.74817	-1.6265947
17.758152	-1.6284625
17.768134	-1.6303315
17.778116	-1.6322017
17.788098	-1.6340732
17.79808	-1.6359458
17.808062	-1.6378197
17.818044	-1.6396948
17.828026	-1.6415711
17.838008	-1.6434487
17.84799	-1.6453275
17.857972	-1.6472075
17.867954	-1.6490887
17.877936	-1.6509711
17.887918	-1.6528548
17.8979	-1.6547397
17.907882	-1.6566258
17.917864	-1.6585132
17.927846	-1.6604018
17.937828	-1.6622916
17.94781	-1.6641826
17.957792	-1.6660749
17.967774	-1.6679684
17.977756	-1.6698631
17.987738	-1.6717591
17.99772	-1.6736563
18.007702	-1.6755547
18.017684	-1.6774543
18.027666	-1.6793552
18.037648	-1.6812573
18.04763	-1.6831607
18.057612	-1.6850653
18.067594	-1.6869711
18.077576	-1.6888781
18.087558	-1.6907864
18.09754	-1.6926959
18.107522	-1.6946067
18.117504	-1.6965186
18.127485	-1.6984319
18.137467	-1.7003463
18.147449	-1.702262
18.157431	-1.7041789
18.167413	-1.7060971
18.177395	-1.7080165
18.187377	-1.7099372
18.197359	-1.711859
18.207341	-1.7137822
18.217323	-1.7157065
18.227305	-1.7176321
18.237287	-1.719559
18.247269	-1.7214871
18.257251	-1.7234164
18.267233	-1.725347
18.277215	-1.7272788
18.287197	-1.7292118
18.297179	-1.7311461
18.307161	-1.7330816
18.317143	-1.7350184
18.327125	-1.7369565
18.337107	-1.7388957
18.347089	-1.7408362
18.357071	-1.742778
18.367053	-1.744721
18.377035	-1.7466653
18.387017	-1.7486108
18.396999	-1.7505575
18.406981	-1.7525055
18.416963	-1.7544547
18.426945	-1.7564052
18.436927	-1.758357
18.446909	-1.76031
18.456891	-1.7622642
18.466873	-1.7642197
18.476855	-1.7661764
18.486837	-1.7681344
18.496819	-1.7700937
18.506801	-1.7720542
18.516783	-1.7740159
18.526765	-1.7759789
18.536747	-1.7779431
18.546729	-1.7799087
18.556711	-1.7818754
18.566693	-1.7838434
18.576675	-1.7858127
18.586657	-1.7877832
18.596639	-1.789755
18.606621	-1.791728
18.616603	-1.7937023
18.626585	-1.7956779
18.636567	-1.7976547
18.646549	-1.7996327
18.656531	-1.8016121
18.666513	-1.8035926
18.676495	-1.8055745
18.686477	-1.8075576
18.696459	-1.8095419
18.706441	-1.8115275
18.716423	-1.8135144
18.726405	-1.8155026
18.736387	-1.817492
18.746369	-1.8194826
18.756351	-1.8214745
18.766333	-1.8234677
18.776315	-1.8254622
18.786297	-1.8274579
18.796279	-1.8294549
18.806261	-1.8314531
18.816243	-1.8334526
18.826225	-1.8354534
18.836207	-1.8374554
18.846189	-1.8394587
18.856171	-1.8414633
18.866153	-1.8434692
18.876135	-1.8454763
18.886117	-1.8474846
18.896099	-1.8494943
18.906081	-1.8515052
18.916063	-1.8535174
18.926045	-1.8555308
18.936027	-1.8575455
18.946009	-1.8595615
18.955991	-1.8615788
18.965973	-1.8635973
18.975955	-1.8656171
18.985937	-1.8676382
18.995919	-1.8696605
19.005901	-1.8716842
19.015883	-1.8737091
19.025865	-1.8757352
19.035847	-1.8777627
19.045829	-1.8797914
19.055811	-1.8818214
19.065793	-1.8838526
19.075775	-1.8858852
19.085757	-1.887919
19.095739	-1.8899541
19.105721	-1.8919905
19.115703	-1.8940281
19.125685	-1.8960671
19.135667	-1.8981073
19.145649	-1.9001488
19.155631	-1.9021915
19.165613	-1.9042356
19.175595	-1.9062809
19.185577	-1.9083275
19.195559	-1.9103754
19.205541	-1.9124245
19.215523	-1.914475
19.225505	-1.9165267
19.235487	-1.9185797
19.245469	-1.920634
19.255451	-1.9226896
19.265433	-1.9247465
19.275415	-1.9268046
19.285397	-1.9288641
19.295379	-1.9309248
19.305361	-1.9329868
19.315343	-1.9350501
19.325325	-1.9371147
19.335307	-1.9391805
19.345289	-1.9412477
19.355271	-1.9433161
19.365253	-1.9453859
19.375235	-1.9474569
19.385217	-1.9495292
19.395199	-1.9516028
19.405181	-1.9536777
19.415163	-1.9557538
19.425145	-1.9578313
19.435127	-1.9599101
19.445109	-1.9619901
19.455091	-1.9640714
19.465073	-1.9661541
19.475055	-1.968238
19.485037	-1.9703232
19.495019	-1.9724097
19.505001	-1.9744975
19.514983	-1.9765866
19.524965	-1.978677
19.534947	-1.9807687
19.544929	-1.9828617
19.554911	-1.984956
19.564893	-1.9870516
19.574875	-1.9891485
19.584857	-1.9912466
19.594839	-1.9933461
19.604821	-1.9954469
19.614803	-1.9975489
19.624785	-1.9996523
19.634767	-2.001757
19.644749	-2.0038629
19.654731	-2.0059702
19.664713	-2.0080788
19.674695	-2.0101887
19.684677	-2.0122998
19.694659	-2.0144123
19.704641	-2.0165261
19.714623	-2.0186412
19.724605	-2.0207575
19.734587	-2.0228752
19.744569	-2.0249942
19.754551	-2.0271145
19.764533	-2.0292361
19.774515	-2.031359
19.784497	-2.0334832
19.794479	-2.0356088
19.804461	-2.0377356
19.814443	-2.0398637
19.824425	-2.0419932
19.834407	-2.0441239
19.844389	-2.046256
19.854371	-2.0483893
19.864353	-2.050524
19.874335	-2.05266
19.884317	-2.0547973
19.894299	-2.0569359
19.904281	-2.0590758
19.914263	-2.061217
19.924245	-2.0633596
19.934227	-2.0655034
19.944209	-2.0676486
19.954191	-2.0697951
19.964173	-2.0719429
19.974155	-2.074092
19.984137	-2.0762424
19.994119	-2.0783941
20.004101	-2.0805472
20.014083	-2.0827015
20.024065	-2.0848572
20.034047	-2.0870142
20.044029	-2.0891725
20.054011	-2.0913322
20.063993	-2.0934931
20.073975	-2.0956554
20.083957	-2.097819
20.093939	-2.0999839
20.103921	-2.1021501
20.113903	-2.1043176
20.123885	-2.1064865
20.133867	-2.1086567
20.143849	-2.1108282
20.153831	-2.113001
20.163813	-2.1151752
20.173795	-2.1173506
20.183777	-2.1195274
20.193759	-2.1217056
20.203741	-2.123885
20.213723	-2.1260658
20.223705	-2.1282479
20.233687	-2.1304313
20.243669	-2.132616
20.253651	-2.1348021
20.263633	-2.1369895
20.273615	-2.1391782
20.283597	-2.1413682
20.293579	-2.1435596
20.303561	-2.1457523
20.313543	-2.1479463
20.323525	-2.1501417
20.333507	-2.1523384
20.343489	-2.1545364
20.353471	-2.1567357
20.363453	-2.1589364
20.373435	-2.1611384
20.383417	-2.1633418
20.393399	-2.1655464
20.403381	-2.1677524
20.413363	-2.1699598
20.423345	-2.1721684
20.433327	-2.1743784
20.443309	-2.1765898
20.453291	-2.1788024
20.463273	-2.1810164
20.473255	-2.1832318
20.483237	-2.1854484
20.493219	-2.1876664
20.503201	-2.1898858
20.513183	-2.1921065
20.523165	-2.1943285
20.533147	-2.1965518
20.543129	-2.1987765
20.553111	-2.2010026
20.563093	-2.2032299
20.573075	-2.2054586
20.583057	-2.2076887
20.593039	-2.2099201
20.603021	-2.2121528
20.613003	-2.2143869
20.622985	-2.2166223
20.632967	-2.218859
20.642949	-2.2210971
20.652931	-2.2233365
20.662913	-2.2255773
20.672895	-2.2278194
20.682877	-2.2300629
20.692859	-2.2323077
20.702841	-2.2345539
20.712823	-2.2368014
20.722805	-2.2390502
20.732787	-2.2413004
20.742769	-2.2435519
20.752751	-2.2458048
20.762733	-2.248059
20.772715	-2.2503146
20.782697	-2.2525715
20.792679	-2.2548298
20.802661	-2.2570894
20.812643	-2.2593504
20.822625	-2.2616127
20.832607	-2.2638764
20.842589	-2.2661414
20.852571	-2.2684077
20.862553	-2.2706755
20.872535	-2.2729445
20.882517	-2.2752149
20.892498	-2.2774867
20.90248	-2.2797598
20.912462	-2.2820343
20.922444	-2.2843101
20.932426	-2.2865873
20.942408	-2.2888659
20.95239	-2.2911458
20.962372	-2.293427
20.972354	-2.2957096
20.982336	-2.2979936
20.992318	-2.3002789
21.0023	-2.3025656
21.012282	-2.3048536
21.022264	-2.307143
21.032246	-2.3094337
21.042228	-2.3117258
21.05221	-2.3140193
21.062192	-2.3163141
21.072174	-2.3186103
21.082156	-2.3209078
21.092138	-2.3232067
21.10212	-2.325507
21.112102	-2.3278086
21.122084	-2.3301116
21.132066	-2.332416
21.142048	-2.3347217
21.15203	-2.3370287
21.162012	-2.3393372
21.171994	-2.341647
21.181976	-2.3439581
21.191958	-2.3462707
21.20194	-2.3485846
21.211922	-2.3508998
21.221904	-2.3532164
21.231886	-2.3555344
21.241868	-2.3578538
21.25185	-2.3601745
21.261832	-2.3624966
21.271814	-2.3648201
21.281796	-2.3671449
21.291778	-2.3694711
21.30176	-2.3717986
21.311742	-2.3741276
21.321724	-2.3764579
21.331706	-2.3787895
21.341688	-2.3811226
21.35167	-2.383457
21.361652	-2.3857928
21.371634	-2.3881299
21.381616	-2.3904684
21.391598	-2.3928083
21.40158	-2.3951496
21.411562	-2.3974923
21.421544	-2.3998363
21.431526	-2.4021817
21.441508	-2.4045284
21.45149	-2.4068766
21.461472	-2.4092261
21.471454	-2.411577
21.481436	-2.4139293
21.491418	-2.4162829
21.5014	-2.4186379
21.511382	-2.4209943
21.521364	-2.4233521
21.531346	-2.4257112
21.541328	-2.4280718
21.55131	-2.4304337
21.561292	-2.432797
21.571274	-2.4351617
21.581256	-2.4375277
21.591238	-2.4398951
21.60122	-2.4422639
21.611202	-2.4446341
21.621184	-2.4470057
21.631166	-2.4493787
21.641148	-2.451753
21.65113	-2.4541287
21.661112	-2.4565058
21.671094	-2.4588843
21.681076	-2.4612642
21.691058	-2.4636454
21.70104	-2.4660281
21.711022	-2.4684121
21.721004	-2.4707975
21.730986	-2.4731843
21.740968	-2.4755725
21.75095	-2.4779621
21.760932	-2.480353
21.770914	-2.4827454
21.780896	-2.4851391
21.790878	-2.4875342
21.80086	-2.4899307
21.810842	-2.4923286
21.820824	-2.4947279
21.830806	-2.4971286
21.840788	-2.4995306
21.85077	-2.5019341
21.860752	-2.5043389
21.870734	-2.5067452
21.880716	-2.5091528
21.890698	-2.5115618
21.90068	-2.5139722
21.910662	-2.5163841
21.920644	-2.5187973
21.930626	-2.5212119
21.940608	-2.5236278
21.95059	-2.5260452
21.960572	-2.528464
21.970554	-2.5308842
21.980536	-2.5333057
21.990518	-2.5357287
22.0005	-2.5381531
22.010482	-2.5405788
22.020464	-2.543006
22.030446	-2.5454345
22.040428	-2.5478645
22.05041	-2.5502958
22.060392	-2.5527286
22.070374	-2.5551627
22.080356	-2.5575983
22.090338	-2.5600352
22.10032	-2.5624736
22.110302	-2.5649133
22.120284	-2.5673544
22.130266	-2.569797
22.140248	-2.5722409
22.15023	-2.5746863
22.160212	-2.577133
22.170194	-2.5795812
22.180176	-2.5820308
22.190158	-2.5844817
22.20014	-2.5869341
22.210122	-2.5893879
22.220104	-2.591843
22.230086	-2.5942996
22.240068	-2.5967576
22.25005	-2.599217
22.260032	-2.6016778
22.270014	-2.60414
22.279996	-2.6066036
22.289978	-2.6090686
22.29996	-2.6115351
22.309942	-2.6140029
22.319924	-2.6164721
22.329906	-2.6189428
22.339888	-2.6214149
22.34987	-2.6238883
22.359852	-2.6263632
22.369834	-2.6288395
22.379816	-2.6313172
22.389798	-2.6337963
22.39978	-2.6362768
22.409762	-2.6387588
22.419744	-2.6412421
22.429726	-2.6437269
22.439708	-2.6462131
22.44969	-2.6487007
22.459672	-2.6511897
22.469654	-2.6536801
22.479636	-2.6561719
22.489618	-2.6586651
22.4996	-2.6611598
22.509582	-2.6636559
22.519564	-2.6661534
22.529546	-2.6686523
22.539528	-2.6711526
22.54951	-2.6736543
22.559492	-2.6761575
22.569474	-2.6786621
22.579456	-2.6811681
22.589438	-2.6836755
22.59942	-2.6861843
22.609402	-2.6886946
22.619384	-2.6912062
22.629366	-2.6937193
22.639348	-2.6962338
22.64933	-2.6987498
22.659312	-2.7012671
22.669294	-2.7037859
22.679276	-2.7063061
22.689258	-2.7088277
22.69924	-2.7113508
22.709222	-2.7138752
22.719204	-2.7164011
22.729186	-2.7189284
22.739168	-2.7214571
22.74915	-2.7239873
22.759132	-2.7265189
22.769114	-2.7290519
22.779096	-2.7315863
22.789078	-2.7341222
22.79906	-2.7366595
22.809042	-2.7391982
22.819024	-2.7417383
22.829006	-2.7442799
22.838988	-2.7468229
22.84897	-2.7493673
22.858952	-2.7519131
22.868934	-2.7544604
22.878916	-2.7570091
22.888898	-2.7595593
22.89888	-2.7621108
22.908862	-2.7646638
22.918844	-2.7672183
22.928826	-2.7697741
22.938808	-2.7723314
22.94879	-2.7748901
22.958772	-2.7774503
22.968754	-2.7800118
22.978736	-2.7825749
22.988718	-2.7851393
22.9987	-2.7877052
23.008682	-2.7902725
23.018664	-2.7928413
23.028646	-2.7954114
23.038628	-2.7979831
23.04861	-2.8005561
23.058592	-2.8031306
23.068574	-2.8057065
23.078556	-2.8082839
23.088538	-2.8108627
23.09852	-2.8134429
23.108502	-2.8160246
23.118484	-2.8186077
23.128466	-2.8211922
23.138448	-2.8237782
23.14843	-2.8263656
23.158412	-2.8289545
23.168394	-2.8315448
23.178376	-2.8341365
23.188358	-2.8367297
23.19834	-2.8393243
23.208322	-2.8419204
23.218304	-2.8445179
23.228286	-2.8471168
23.238268	-2.8497172
23.24825	-2.852319
23.258232	-2.8549223
23.268214	-2.857527
23.278196	-2.8601332
23.288178	-2.8627407
23.29816	-2.8653498
23.308142	-2.8679603
23.318124	-2.8705722
23.328106	-2.8731856
23.338088	-2.8758004
23.34807	-2.8784166
23.358052	-2.8810343
23.368034	-2.8836535
23.378016	-2.8862741
23.387998	-2.8888961
23.39798	-2.8915196
23.407962	-2.8941446
23.417944	-2.896771
23.427926	-2.8993988
23.437908	-2.9020281
23.44789	-2.9046588
23.457872	-2.907291
23.467854	-2.9099246
23.477836	-2.9125597
23.487818	-2.9151962
23.4978	-2.9178342
23.507782	-2.9204736
23.517764	-2.9231145
23.527746	-2.9257569
23.537728	-2.9284006
23.54771	-2.9310459
23.557692	-2.9336926
23.567674	-2.9363407
23.577656	-2.9389903
23.587638	-2.9416414
23.59762	-2.9442939
23.607602	-2.9469478
23.617584	-2.9496032
23.627566	-2.9522601
23.637548	-2.9549184
23.64753	-2.9575782
23.657512	-2.9602394
23.667493	-2.9629021
23.677475	-2.9655662
23.687457	-2.9682318
23.697439	-2.9708989
23.707421	-2.9735674
23.717403	-2.9762374
23.727385	-2.9789088
23.737367	-2.9815817
23.747349	-2.984256
23.757331	-2.9869318
23.767313	-2.9896091
23.777295	-2.9922878
23.787277	-2.994968
23.797259	-2.9976496
23.807241	-3.0003327
23.817223	-3.0030173
23.827205	-3.0057033
23.837187	-3.0083908
23.847169	-3.0110797
23.857151	-3.0137701
23.867133	-3.016462
23.877115	-3.0191553
23.887097	-3.0218501
23.897079	-3.0245464
23.907061	-3.0272441
23.917043	-3.0299433
23.927025	-3.0326439
23.937007	-3.0353461
23.946989	-3.0380496
23.956971	-3.0407547
23.966953	-3.0434612
23.976935	-3.0461692
23.986917	-3.0488786
23.996899	-3.0515895
24.006881	-3.0543019
24.016863	-3.0570157
24.026845	-3.059731
24.036827	-3.0624478
24.046809	-3.0651661
24.056791	-3.0678858
24.066773	-3.0706069
24.076755	-3.0733296
24.086737	-3.0760537
24.096719	-3.0787793
24.106701	-3.0815064
24.116683	-3.0842349
24.126665	-3.0869649
24.136647	-3.0896963
24.146629	-3.0924293
24.156611	-3.0951637
24.166593	-3.0978996
24.176575	-3.1006369
24.186557	-3.1033758
24.196539	-3.1061161
24.206521	-3.1088578
24.216503	-3.1116011
24.226485	-3.1143458
24.236467	-3.117092
24.246449	-3.1198396
24.256431	-3.1225888
24.266413	-3.1253394
24.276395	-3.1280915
24.286377	-3.130845
24.296359	-3.1336001
24.306341	-3.1363566
24.316323	-3.1391146
24.326305	-3.141874
24.336287	-3.144635
24.346269	-3.1473974
24.356251	-3.1501613
24.366233	-3.1529267
24.376215	-3.1556935
24.386197	-3.1584619
24.396179	-3.1612317
24.406161	-3.1640029
24.416143	-3.1667757
24.426125	-3.16955
24.436107	-3.1723257
24.446089	-3.1751029
24.456071	-3.1778816
24.466053	-3.1806617
24.476035	-3.1834434
24.486017	-3.1862265
24.495999	-3.1890111
24.505981	-3.1917972
24.515963	-3.1945848
24.525945	-3.1973738
24.535927	-3.2001643
24.545909	-3.2029564
24.555891	-3.2057499
24.565873	-3.2085448
24.575855	-3.2113413
24.585837	-3.2141393
24.595819	-3.2169387
24.605801	-3.2197396
24.615783	-3.222542
24.625765	-3.2253459
24.635747	-3.2281513
24.645729	-3.2309581
24.655711	-3.2337665
24.665693	-3.2365763
24.675675	-3.2393876
24.685657	-3.2422004
24.695639	-3.2450147
24.705621	-3.2478305
24.715603	-3.2506477
24.725585	-3.2534665
24.735567	-3.2562867
24.745549	-3.2591085
24.755531	-3.2619317
24.765513	-3.2647564
24.775495	-3.2675826
24.785477	-3.2704103
24.795459	-3.2732394
24.805441	-3.2760701
24.815423	-3.2789022
24.825405	-3.2817359
24.835387	-3.284571
24.845369	-3.2874076
24.855351	-3.2902458
24.865333	-3.2930854
24.875315	-3.2959265
24.885297	-3.298769
24.895279	-3.3016131
24.905261	-3.3044587
24.915243	-3.3073058
24.925225	-3.3101543
24.935207	-3.3130044
24.945189	-3.3158559
24.955171	-3.318709
24.965153	-3.3215635
24.975135	-3.3244195
24.985117	-3.327277
24.995099	-3.3301361
25.005081	-3.3329966
25.015063	-3.3358586
25.025045	-3.3387221
25.035027	-3.3415871
25.045009	-3.3444536
25.054991	-3.3473216
25.064973	-3.3501911
25.074955	-3.353062
25.084937	-3.3559345
25.094919	-3.3588085
25.104901	-3.361684
25.114883	-3.364561
25.124865	-3.3674394
25.134847	-3.3703194
25.144829	-3.3732009
25.154811	-3.3760838
25.164793	-3.3789683
25.174775	-3.3818543
25.184757	-3.3847417
25.194739	-3.3876307
25.204721	-3.3905212
25.214703	-3.3934131
25.224685	-3.3963066
25.234667	-3.3992016
25.244649	-3.402098
25.254631	-3.404996
25.264613	-3.4078955
25.274595	-3.4107965
25.284577	-3.4136989
25.294559	-3.4166029
25.304541	-3.4195084
25.314523	-3.4224154
25.324505	-3.4253239
25.334487	-3.4282338
25.344469	-3.4311453
25.354451	-3.4340583
25.364433	-3.4369728
25.374415	-3.4398888
25.384397	-3.4428063
25.394379	-3.4457254
25.404361	-3.4486459
25.414343	-3.4515679
25.424325	-3.4544914
25.434307	-3.4574165
25.444289	-3.460343
25.454271	-3.4632711
25.464253	-3.4662006
25.474235	-3.4691317
25.484217	-3.4720642
25.494199	-3.4749983
25.504181	-3.4779339
25.514163	-3.480871
25.524145	-3.4838096
25.534127	-3.4867497
25.544109	-3.4896913
25.554091	-3.4926344
25.564073	-3.495579
25.574055	-3.4985252
25.584037	-3.5014728
25.594019	-3.504422
25.604001	-3.5073726
25.613983	-3.5103248
25.623965	-3.5132785
25.633947	-3.5162337
25.643929	-3.5191904
25.653911	-3.5221486
25.663893	-3.5251083
25.673875	-3.5280696
25.683857	-3.5310323
25.693839	-3.5339966
25.703821	-3.5369623
25.713803	-3.5399296
25.723785	-3.5428984
25.733767	-3.5458687
25.743749	-3.5488406
25.753731	-3.5518139
25.763713	-3.5547887
25.773695	-3.5577651
25.783677	-3.560743
25.793659	-3.5637224
25.803641	-3.5667033
25.813623	-3.5696857
25.823605	-3.5726696
25.833587	-3.575655
25.843569	-3.578642
25.853551	-3.5816305
25.863533	-3.5846205
25.873515	-3.587612
25.883497	-3.590605
25.893479	-3.5935995
25.903461	-3.5965956
25.913443	-3.5995931
25.923425	-3.6025922
25.933407	-3.6055928
25.943389	-3.6085949
25.953371	-3.6115986
25.963353	-3.6146037
25.973335	-3.6176104
25.983317	-3.6206186
25.993299	-3.6236283
26.003281	-3.6266395
26.013263	-3.6296522
26.023245	-3.6326665
26.033227	-3.6356823
26.043209	-3.6386995
26.053191	-3.6417184
26.063173	-3.6447387
26.073155	-3.6477605
26.083137	-3.6507839
26.093119	-3.6538088
26.103101	-3.6568352
26.113083	-3.6598631
26.123065	-3.6628926
26.133047	-3.6659236
26.143029	-3.6689561
26.153011	-3.6719901
26.162993	-3.6750256
26.172975	-3.6780627
26.182957	-3.6811012
26.192939	-3.6841413
26.202921	-3.687183
26.212903	-3.6902261
26.222885	-3.6932708
26.232867	-3.6963169
26.242849	-3.6993647
26.252831	-3.7024139
26.262813	-3.7054646
26.272795	-3.7085169
26.282777	-3.7115707
26.292759	-3.714626
26.302741	-3.7176829
26.312723	-3.7207413
26.322705	-3.7238012
26.332687	-3.7268626
26.342669	-3.7299255
26.352651	-3.73299
26.362633	-3.736056
26.372615	-3.7391235
26.382597	-3.7421925
26.392579	-3.7452631
26.402561	-3.7483352
26.412543	-3.7514088
26.422525	-3.754484
26.432507	-3.7575606
26.442488	-3.7606388
26.45247	-3.7637185
26.462452	-3.7667998
26.472434	-3.7698826
26.482416	-3.7729669
26.492398	-3.7760527
26.50238	-3.7791401
26.512362	-3.7822289
26.522344	-3.7853193
26.532326	-3.7884113
26.542308	-3.7915048
26.55229	-3.7945997
26.562272	-3.7976963
26.572254	-3.8007943
26.582236	-3.8038939
26.592218	-3.806995
26.6022	-3.8100976
26.612182	-3.8132018
26.622164	-3.8163075
26.632146	-3.8194147
26.642128	-3.8225235
26.65211	-3.8256338
26.662092	-3.8287456
26.672074	-3.8318589
26.682056	-3.8349738
26.692038	-3.8380902
26.70202	-3.8412081
26.712002	-3.8443276
26.721984	-3.8474486
26.731966	-3.8505711
26.741948	-3.8536951
26.75193	-3.8568207
26.761912	-3.8599478
26.771894	-3.8630765
26.781876	-3.8662067
26.791858	-3.8693384
26.80184	-3.8724716
26.811822	-3.8756064
26.821804	-3.8787427
26.831786	-3.8818805
26.841768	-3.8850199
26.85175	-3.8881608
26.861732	-3.8913032
26.871714	-3.8944472
26.881696	-3.8975927
26.891678	-3.9007397
26.90166	-3.9038883
26.911642	-3.9070384
26.921624	-3.91019
26.931606	-3.9133432
26.941588	-3.9164979
26.95157	-3.9196541
26.961552	-3.9228119
26.971534	-3.9259712
26.981516	-3.9291321
26.991498	-3.9322944
27.00148	-3.9354583
27.011462	-3.9386238
27.021444	-3.9417908
27.031426	-3.9449593
27.041408	-3.9481293
27.05139	-3.9513009
27.061372	-3.954474
27.071354	-3.9576487
27.081336	-3.9608248
27.091318	-3.9640026
27.1013	-3.9671818
27.111282	-3.9703626
27.121264	-3.973545
27.131246	-3.9767288
27.141228	-3.9799142
27.15121	-3.9831012
27.161192	-3.9862896
27.171174	-3.9894797
27.181156	-3.9926712
27.191138	-3.9958643
27.20112	-3.9990589
27.211102	-4.0022551
27.221084	-4.0054528
27.231066	-4.008652
27.241048	-4.0118528
27.25103	-4.0150551
27.261012	-4.0182589
27.270994	-4.0214643
27.280976	-4.0246712
27.290958	-4.0278797
27.30094	-4.0310897
27.310922	-4.0343013
27.320904	-4.0375143
27.330886	-4.0407289
27.340868	-4.0439451
27.35085	-4.0471628
27.360832	-4.050382
27.370814	-4.0536028
27.380796	-4.0568251
27.390778	-4.060049
27.40076	-4.0632743
27.410742	-4.0665013
27.420724	-4.0697297
27.430706	-4.0729597
27.440688	-4.0761913
27.45067	-4.0794244
27.460652	-4.082659
27.470634	-4.0858952
27.480616	-4.0891329
27.490598	-4.0923721
27.50058	-4.0956129
27.510562	-4.0988552
27.520544	-4.1020991
27.530526	-4.1053445
27.540508	-4.1085915
27.55049	-4.1118399
27.560472	-4.11509
27.570454	-4.1183415
27.580436	-4.1215947
27.590418	-4.1248493
27.6004	-4.1281055
27.610382	-4.1313632
27.620364	-4.1346225
27.630346	-4.1378833
27.640328	-4.1411457
27.65031	-4.1444096
27.660292	-4.147675
27.670274	-4.150942
27.680256	-4.1542105
27.690238	-4.1574806
27.70022	-4.1607522
27.710202	-4.1640254
27.720184	-4.1673001
27.730166	-4.1705763
27.740148	-4.1738541
27.75013	-4.1771334
27.760112	-4.1804143
27.770094	-4.1836967
27.780076	-4.1869806
27.790058	-4.1902661
27.80004	-4.1935532
27.810022	-4.1968417
27.820004	-4.2001319
27.829986	-4.2034235
27.839968	-4.2067167
27.84995	-4.2100115
27.859932	-4.2133078
27.869914	-4.2166056
27.879896	-4.219905
27.889878	-4.2232059
27.89986	-4.2265084
27.909842	-4.2298124
27.919824	-4.233118
27.929806	-4.2364251
27.939788	-4.2397337
27.94977	-4.2430439
27.959752	-4.2463556
27.969734	-4.2496689
27.979716	-4.2529837
27.989698	-4.2563001
27.99968	-4.259618
28.009662	-4.2629374
28.019644	-4.2662584
28.029626	-4.269581
28.039608	-4.272905
28.04959	-4.2762307
28.059572	-4.2795578
28.069554	-4.2828866
28.079536	-4.2862168
28.089518	-4.2895486
28.0995	-4.292882
28.109482	-4.2962169
28.119464	-4.2995533
28.129446	-4.3028913
28.139428	-4.3062308
28.14941	-4.3095719
28.159392	-4.3129145
28.169374	-4.3162587
28.179356	-4.3196044
28.189338	-4.3229517
28.19932	-4.3263005
28.209302	-4.3296508
28.219284	-4.3330027
28.229266	-4.3363561
28.239248	-4.3397111
28.24923	-4.3430676
28.259212	-4.3464257
28.269194	-4.3497853
28.279176	-4.3531465
28.289158	-4.3565092
28.29914	-4.3598735
28.309122	-4.3632393
28.319104	-4.3666066
28.329086	-4.3699755
28.339068	-4.3733459
28.34905	-4.3767179
28.359032	-4.3800915
28.369014	-4.3834665
28.378996	-4.3868432
28.388978	-4.3902213
28.39896	-4.393601
28.408942	-4.3969823
28.418924	-4.4003651
28.428906	-4.4037495
28.438888	-4.4071354
28.44887	-4.4105228
28.458852	-4.4139118
28.468834	-4.4173023
28.478816	-4.4206944
28.488798	-4.424088
28.49878	-4.4274832
28.508762	-4.4308799
28.518744	-4.4342782
28.528726	-4.437678
28.538708	-4.4410794
28.54869	-4.4444823
28.558672	-4.4478867
28.568654	-4.4512927
28.578636	-4.4547003
28.588618	-4.4581094
28.5986	-4.46152
28.608582	-4.4649322
28.618564	-4.4683459
28.628546	-4.4717612
28.638528	-4.475178
28.64851	-4.4785964
28.658492	-4.4820163
28.668474	-4.4854377
28.678456	-4.4888608
28.688438	-4.4922853
28.69842	-4.4957114
28.708402	-4.4991391
28.718384	-4.5025683
28.728366	-4.505999
28.738348	-4.5094313
28.74833	-4.5128651
28.758312	-4.5163005
28.768294	-4.5197374
28.778276	-4.5231759
28.788258	-4.5266159
28.79824	-4.5300575
28.808222	-4.5335006
28.818204	-4.5369452
28.828186	-4.5403914
28.838168	-4.5438392
28.84815	-4.5472885
28.858132	-4.5507393
28.868114	-4.5541917
28.878096	-4.5576457
28.888078	-4.5611012
28.89806	-4.5645582
28.908042	-4.5680168
28.918024	-4.5714769
28.928006	-4.5749385
28.937988	-4.5784018
28.94797	-4.5818665
28.957952	-4.5853328
28.967934	-4.5888007
28.977916	-4.5922701
28.987898	-4.595741
28.99788	-4.5992135
29.007862	-4.6026876
29.017844	-4.6061631
29.027826	-4.6096403
29.037808	-4.613119
29.04779	-4.6165992
29.057772	-4.6200809
29.067754	-4.6235643
29.077736	-4.6270491
29.087718	-4.6305355
29.0977	-4.6340235
29.107682	-4.637513
29.117664	-4.641004
29.127646	-4.6444966
29.137628	-4.6479908
29.14761	-4.6514864
29.157592	-4.6549837
29.167574	-4.6584825
29.177556	-4.6619828
29.187538	-4.6654846
29.19752	-4.6689881
29.207502	-4.672493
29.217483	-4.6759995
29.227465	-4.6795076
29.237447	-4.6830172
29.247429	-4.6865283
29.257411	-4.690041
29.267393	-4.6935552
29.277375	-4.697071
29.287357	-4.7005883
29.297339	-4.7041072
29.307321	-4.7076276
29.317303	-4.7111495
29.327285	-4.7146731
29.337267	-4.7181981
29.347249	-4.7217247
29.357231	-4.7252528
29.367213	-4.7287825
29.377195	-4.7323137
29.387177	-4.7358465
29.397159	-4.7393808
29.407141	-4.7429167
29.417123	-4.7464541
29.427105	-4.7499931
29.437087	-4.7535335
29.447069	-4.7570756
29.457051	-4.7606192
29.467033	-4.7641643
29.477015	-4.767711
29.486997	-4.7712592
29.496979	-4.774809
29.506961	-4.7783603
29.516943	-4.7819131
29.526925	-4.7854675
29.536907	-4.7890235
29.546889	-4.7925809
29.556871	-4.79614
29.566853	-4.7997005
29.576835	-4.8032627
29.586817	-4.8068263
29.596799	-4.8103915
29.606781	-4.8139583
29.616763	-4.8175266
29.626745	-4.8210964
29.636727	-4.8246678
29.646709	-4.8282407
29.656691	-4.8318151
29.666673	-4.8353911
29.676655	-4.8389687
29.686637	-4.8425478
29.696619	-4.8461284
29.706601	-4.8497106
29.716583	-4.8532943
29.726565	-4.8568796
29.736547	-4.8604664
29.746529	-4.8640547
29.756511	-4.8676446
29.766493	-4.8712361
29.776475	-4.874829
29.786457	-4.8784236
29.796439	-4.8820196
29.806421	-4.8856172
29.816403	-4.8892164
29.826385	-4.892817
29.836367	-4.8964193
29.846349	-4.900023
29.856331	-4.9036284
29.866313	-4.9072352
29.876295	-4.9108436
29.886277	-4.9144535
29.896259	-4.918065
29.906241	-4.921678
29.916223	-4.9252926
29.926205	-4.9289087
29.936187	-4.9325263
29.946169	-4.9361455
29.956151	-4.9397662
29.966133	-4.9433885
29.976115	-4.9470123
29.986097	-4.9506376
29.996079	-4.9542645
30.006061	-4.9578929
30.016043	-4.9615229
30.026025	-4.9651544
30.036007	-4.9687875
30.045989	-4.972422
30.055971	-4.9760582
30.065953	-4.9796958
30.075935	-4.983335
30.085917	-4.9869758
30.095899	-4.990618
30.105881	-4.9942619
30.115863	-4.9979072
30.125845	-5.0015541
30.135827	-5.0052026
30.145809	-5.0088525
30.155791	-5.012504
30.165773	-5.0161571
30.175755	-5.0198117
30.185737	-5.0234678
30.195719	-5.0271255
30.205701	-5.0307847
30.215683	-5.0344454
30.225665	-5.0381077
30.235647	-5.0417715
30.245629	-5.0454369
30.255611	-5.0491038
30.265593	-5.0527722
30.275575	-5.0564422
30.285557	-5.0601137
30.295539	-5.0637867
30.305521	-5.0674613
30.315503	-5.0711374
30.325485	-5.074815
30.335467	-5.0784942
30.345449	-5.082175
30.355431	-5.0858572
30.365413	-5.089541
30.375395	-5.0932263
30.385377	-5.0969132
30.395359	-5.1006016
30.405341	-5.1042915
30.415323	-5.107983
30.425305	-5.111676
30.435287	-5.1153706
30.445269	-5.1190666
30.455251	-5.1227642
30.465233	-5.1264634
30.475215	-5.1301641
30.485197	-5.1338663
30.495179	-5.13757
30.505161	-5.1412753
30.515143	-5.1449821
30.525125	-5.1486905
30.535107	-5.1524004
30.545089	-5.1561118
30.555071	-5.1598247
30.565053	-5.1635392
30.575035	-5.1672552
30.585017	-5.1709728
30.594999	-5.1746919
30.604981	-5.1784125
30.614963	-5.1821346
30.624945	-5.1858583
30.634927	-5.1895835
30.644909	-5.1933103
30.654891	-5.1970385
30.664873	-5.2007683
30.674855	-5.2044997
30.684837	-5.2082326
30.694819	-5.211967
30.704801	-5.2157029
30.714783	-5.2194403
30.724765	-5.2231793
30.734747	-5.2269199
30.744729	-5.2306619
30.754711	-5.2344055
30.764693	-5.2381506
30.774675	-5.2418973
30.784657	-5.2456454
30.794639	-5.2493951
30.804621	-5.2531464
30.814603	-5.2568991
30.824585	-5.2606534
30.834567	-5.2644092
30.844549	-5.2681666
30.854531	-5.2719254
30.864513	-5.2756858
30.874495	-5.2794478
30.884477	-5.2832112
30.894459	-5.2869762
30.904441	-5.2907427
30.914423	-5.2945108
30.924405	-5.2982803
30.934387	-5.3020514
30.944369	-5.3058241
30.954351	-5.3095982
30.964333	-5.3133739
30.974315	-5.3171511
30.984297	-5.3209298
30.994279	-5.3247101
31.004261	-5.3284919
31.014243	-5.3322752
31.024225	-5.33606
31.034207	-5.3398463
31.044189	-5.3436342
31.054171	-5.3474236
31.064153	-5.3512146
31.074135	-5.355007
31.084117	-5.358801
31.094099	-5.3625965
31.104081	-5.3663935
31.114063	-5.3701921
31.124045	-5.3739921
31.134027	-5.3777937
31.144009	-5.3815968
31.153991	-5.3854015
31.163973	-5.3892076
31.173955	-5.3930153
31.183937	-5.3968245
31.193919	-5.4006353
31.203901	-5.4044475
31.213883	-5.4082613
31.223865	-5.4120766
31.233847	-5.4158934
31.243829	-5.4197117
31.253811	-5.4235316
31.263793	-5.427353
31.273775	-5.4311759
31.283757	-5.4350003
31.293739	-5.4388262
31.303721	-5.4426537
31.313703	-5.4464827
31.323685	-5.4503132
31.333667	-5.4541452
31.343649	-5.4579787
31.353631	-5.4618138
31.363613	-5.4656503
31.373595	-5.4694884
31.383577	-5.473328
31.393559	-5.4771691
31.403541	-5.4810118
31.413523	-5.4848559
31.423505	-5.4887016
31.433487	-5.4925488
31.443469	-5.4963975
31.453451	-5.5002477
31.463433	-5.5040995
31.473415	-5.5079527
31.483397	-5.5118075
31.493379	-5.5156638
31.503361	-5.5195216
31.513343	-5.5233809
31.523325	-5.5272418
31.533307	-5.5311041
31.543289	-5.534968
31.553271	-5.5388333
31.563253	-5.5427002
31.573235	-5.5465686
31.583217	-5.5504386
31.593199	-5.55431
31.603181	-5.5581829
31.613163	-5.5620574
31.623145	-5.5659333
31.633127	-5.5698108
31.643109	-5.5736898
31.653091	-5.5775703
31.663073	-5.5814523
31.673055	-5.5853359
31.683037	-5.5892209
31.693019	-5.5931074
31.703001	-5.5969955
31.712983	-5.6008851
31.722965	-5.6047761
31.732947	-5.6086687
31.742929	-5.6125628
31.752911	-5.6164584
31.762893	-5.6203555
31.772875	-5.6242542
31.782857	-5.6281543
31.792839	-5.6320559
31.802821	-5.6359591
31.812803	-5.6398637
31.822785	-5.6437699
31.832767	-5.6476776
31.842749	-5.6515867
31.852731	-5.6554974
31.862713	-5.6594096
31.872695	-5.6633233
31.882677	-5.6672385
31.892659	-5.6711552
31.902641	-5.6750734
31.912623	-5.6789931
31.922605	-5.6829143
31.932587	-5.6868371
31.942569	-5.6907613
31.952551	-5.694687
31.962533	-5.6986142
31.972515	-5.702543
31.982496	-5.7064732
31.992478	-5.710405
32.00246	-5.7143382
32.012442	-5.718273
32.022424	-5.7222092
32.032406	-5.726147
32.042388	-5.7300862
32.05237	-5.734027
32.062352	-5.7379692
32.072334	-5.741913
32.082316	-5.7458582
32.092298	-5.749805
32.10228	-5.7537532
32.112262	-5.757703
32.122244	-5.7616543
32.132226	-5.765607
32.142208	-5.7695613
32.15219	-5.773517
32.162172	-5.7774743
32.172154	-5.781433
32.182136	-5.7853932
32.192118	-5.789355
32.2021	-5.7933182
32.212082	-5.7972829
32.222064	-5.8012492
32.232046	-5.8052169
32.242028	-5.8091861
32.25201	-5.8131568
32.261992	-5.817129
32.271974	-5.8211027
32.281956	-5.8250779
32.291938	-5.8290546
32.30192	-5.8330328
32.311902	-5.8370125
32.321884	-5.8409937
32.331866	-5.8449763
32.341848	-5.8489605
32.35183	-5.8529462
32.361812	-5.8569333
32.371794	-5.8609219
32.381776	-5.8649121
32.391758	-5.8689037
32.40174	-5.8728968
32.411722	-5.8768914
32.421704	-5.8808875
32.431686	-5.884885
32.441668	-5.8888841
32.45165	-5.8928847
32.461632	-5.8968867
32.471614	-5.9008902
32.481596	-5.9048953
32.491578	-5.9089018
32.50156	-5.9129098
32.511542	-5.9169192
32.521524	-5.9209302
32.531506	-5.9249427
32.541488	-5.9289566
32.55147	-5.932972
32.561452	-5.936989
32.571434	-5.9410074
32.581416	-5.9450272
32.591398	-5.9490486
32.60138	-5.9530715
32.611362	-5.9570958
32.621344	-5.9611216
32.631326	-5.9651489
32.641308	-5.9691777
32.65129	-5.973208
32.661272	-5.9772397
32.671254	-5.981273
32.681236	-5.9853077
32.691218	-5.9893439
32.7012	-5.9933815
32.711182	-5.9974207
32.721164	-6.0014613
32.731146	-6.0055035
32.741128	-6.0095471
32.75111	-6.0135921
32.761092	-6.0176387
32.771074	-6.0216867
32.781056	-6.0257362
32.791038	-6.0297872
32.80102	-6.0338397
32.811002	-6.0378936
32.820984	-6.041949
32.830966	-6.0460059
32.840948	-6.0500643
32.85093	-6.0541242
32.860912	-6.0581855
32.870894	-6.0622483
32.880876	-6.0663126
32.890858	-6.0703783
32.90084	-6.0744455
32.910822	-6.0785142
32.920804	-6.0825844
32.930786	-6.086656
32.940768	-6.0907291
32.95075	-6.0948037
32.960732	-6.0988798
32.970714	-6.1029573
32.980696	-6.1070363
32.990678	-6.1111168
33.00066	-6.1151987
33.010642	-6.1192821
33.020624	-6.123367
33.030606	-6.1274534
33.040588	-6.1315412
33.05057	-6.1356305
33.060552	-6.1397212
33.070534	-6.1438134
33.080516	-6.1479071
33.090498	-6.1520023
33.10048	-6.1560989
33.110462	-6.160197
33.120444	-6.1642966
33.130426	-6.1683976
33.140408	-6.1725001
33.15039	-6.176604
33.160372	-6.1807094
33.170354	-6.1848163
33.180336	-6.1889246
33.190318	-6.1930345
33.2003	-6.1971457
33.210282	-6.2012585
33.220264	-6.2053726
33.230246	-6.2094883
33.240228	-6.2136054
33.25021	-6.217724
33.260192	-6.221844
33.270174	-6.2259655
33.280156	-6.2300885
33.290138	-6.2342129
33.30012	-6.2383388
33.310102	-6.2424661
33.320084	-6.2465949
33.330066	-6.2507251
33.340048	-6.2548568
33.35003	-6.25899
33.360012	-6.2631246
33.369994	-6.2672607
33.379976	-6.2713982
33.389958	-6.2755372
33.39994	-6.2796777
33.409922	-6.2838195
33.419904	-6.2879629
33.429886	-6.2921077
33.439868	-6.296254
33.44985	-6.3004017
33.459832	-6.3045508
33.469814	-6.3087014
33.479796	-6.3128535
33.489778	-6.317007
33.49976	-6.321162
33.509742	-6.3253184
33.519724	-6.3294763
33.529706	-6.3336356
33.539688	-6.3377963
33.54967	-6.3419586
33.559652	-6.3461222
33.569634	-6.3502873
33.579616	-6.3544539
33.589598	-6.3586219
33.59958	-6.3627914
33.609562	-6.3669623
33.619544	-6.3711346
33.629526	-6.3753084
33.639508	-6.3794836
33.64949	-6.3836603
33.659472	-6.3878384
33.669454	-6.392018
33.679436	-6.396199
33.689418	-6.4003814
33.6994	-6.4045653
33.709382	-6.4087507
33.719364	-6.4129375
33.729346	-6.4171257
33.739328	-6.4213153
33.74931	-6.4255064
33.759292	-6.429699
33.769274	-6.433893
33.779256	-6.4380884
33.789238	-6.4422852
33.79922	-6.4464835
33.809202	-6.4506833
33.819184	-6.4548844
33.829166	-6.459087
33.839148	-6.4632911
33.84913	-6.4674965
33.859112	-6.4717035
33.869094	-6.4759118
33.879076	-6.4801216
33.889058	-6.4843328
33.89904	-6.4885455
33.909022	-6.4927595
33.919004	-6.4969751
33.928986	-6.501192
33.938968	-6.5054104
33.94895	-6.5096302
33.958932	-6.5138514
33.968914	-6.5180741
33.978896	-6.5222982
33.988878	-6.5265237
33.99886	-6.5307507
34.008842	-6.5349791
34.018824	-6.5392089
34.028806	-6.5434402
34.038788	-6.5476728
34.04877	-6.5519069
34.058752	-6.5561425
34.068734	-6.5603794
34.078716	-6.5646178
34.088698	-6.5688576
34.09868	-6.5730988
34.108662	-6.5773415
34.118644	-6.5815855
34.128626	-6.585831
34.138608	-6.5900779
34.14859	-6.5943263
34.158572	-6.598576
34.168554	-6.6028272
34.178536	-6.6070798
34.188518	-6.6113339
34.1985	-6.6155893
34.208482	-6.6198462
34.218464	-6.6241044
34.228446	-6.6283641
34.238428	-6.6326253
34.24841	-6.6368878
34.258392	-6.6411517
34.268374	-6.6454171
34.278356	-6.6496839
34.288338	-6.6539521
34.29832	-6.6582217
34.308302	-6.6624927
34.318284	-6.6667652
34.328266	-6.671039
34.338248	-6.6753143
34.34823	-6.679591
34.358212	-6.6838691
34.368194	-6.6881486
34.378176	-6.6924295
34.388158	-6.6967118
34.39814	-6.7009956
34.408122	-6.7052807
34.418104	-6.7095673
34.428086	-6.7138552
34.438068	-6.7181446
34.44805	-6.7224354
34.458032	-6.7267276
34.468014	-6.7310211
34.477996	-6.7353161
34.487978	-6.7396125
34.49796	-6.7439104
34.507942	-6.7482096
34.517924	-6.7525102
34.527906	-6.7568122
34.537888	-6.7611156
34.54787	-6.7654205
34.557852	-6.7697267
34.567834	-6.7740343
34.577816	-6.7783433
34.587798	-6.7826538
34.59778	-6.7869656
34.607762	-6.7912788
34.617744	-6.7955935
34.627726	-6.7999095
34.637708	-6.8042269
34.64769	-6.8085457
34.657672	-6.8128659
34.667654	-6.8171876
34.677636	-6.8215106
34.687618	-6.825835
34.6976	-6.8301608
34.707582	-6.834488
34.717564	-6.8388166
34.727546	-6.8431465
34.737528	-6.8474779
34.74751	-6.8518107
34.757491	-6.8561448
34.767473	-6.8604804
34.777455	-6.8648173
34.787437	-6.8691556
34.797419	-6.8734954
34.807401	-6.8778365
34.817383	-6.882179
34.827365	-6.8865228
34.837347	-6.8908681
34.847329	-6.8952148
34.857311	-6.8995628
34.867293	-6.9039122
34.877275	-6.9082631
34.887257	-6.9126153
34.897239	-6.9169688
34.907221	-6.9213238
34.917203	-6.9256802
34.927185	-6.9300379
34.937167	-6.934397
34.947149	-6.9387575
34.957131	-6.9431194
34.967113	-6.9474826
34.977095	-6.9518473
34.987077	-6.9562133
34.997059	-6.9605807
35.007041	-6.9649494
35.017023	-6.9693196
35.027005	-6.9736911
35.036987	-6.978064
35.046969	-6.9824383
35.056951	-6.9868139
35.066933	-6.991191
35.076915	-6.9955694
35.086897	-6.9999492
35.096879	-7.0043303
35.106861	-7.0087128
35.116843	-7.0130967
35.126825	-7.017482
35.136807	-7.0218686
35.146789	-7.0262566
35.156771	-7.030646
35.166753	-7.0350367
35.176735	-7.0394289
35.186717	-7.0438223
35.196699	-7.0482172
35.206681	-7.0526134
35.216663	-7.057011
35.226645	-7.0614099
35.236627	-7.0658102
35.246609	-7.0702119
35.256591	-7.074615
35.266573	-7.0790194
35.276555	-7.0834251
35.286537	-7.0878323
35.296519	-7.0922407
35.306501	-7.0966506
35.316483	-7.1010618
35.326465	-7.1054744
35.336447	-7.1098883
35.346429	-7.1143036
35.356411	-7.1187203
35.366393	-7.1231383
35.376375	-7.1275576
35.386357	-7.1319783
35.396339	-7.1364004
35.406321	-7.1408239
35.416303	-7.1452486
35.426285	-7.1496748
35.436267	-7.1541023
35.446249	-7.1585311
35.456231	-7.1629613
35.466213	-7.1673929
35.476195	-7.1718258
35.486177	-7.17626
35.496159	-7.1806956
35.506141	-7.1851326
35.516123	-7.1895709
35.526105	-7.1940105
35.536087	-7.1984515
35.546069	-7.2028939
35.556051	-7.2073375
35.566033	-7.2117826
35.576015	-7.216229
35.585997	-7.2206767
35.595979	-7.2251257
35.605961	-7.2295762
35.615943	-7.2340279
35.625925	-7.238481
35.635907	-7.2429354
35.645889	-7.2473912
35.655871	-7.2518483
35.665853	-7.2563068
35.675835	-7.2607666
35.685817	-7.2652277
35.695799	-7.2696902
35.705781	-7.274154
35.715763	-7.2786192
35.725745	-7.2830856
35.735727	-7.2875535
35.745709	-7.2920226
35.755691	-7.2964931
35.765673	-7.3009649
35.775655	-7.3054381
35.785637	-7.3099126
35.795619	-7.3143884
35.805601	-7.3188655
35.815583	-7.323344
35.825565	-7.3278238
35.835547	-7.332305
35.845529	-7.3367874
35.855511	-7.3412712
35.865493	-7.3457563
35.875475	-7.3502428
35.885457	-7.3547306
35.895439	-7.3592197
35.905421	-7.3637101
35.915403	-7.3682018
35.925385	-7.3726949
35.935367	-7.3771893
35.945349	-7.381685
35.955331	-7.386182
35.965313	-7.3906804
35.975295	-7.3951801
35.985277	-7.3996811
35.995259	-7.4041834
36.005241	-7.408687
36.015223	-7.413192
36.025205	-7.4176983
36.035187	-7.4222058
36.045169	-7.4267147
36.055151	-7.431225
36.065133	-7.4357365
36.075115	-7.4402493
36.085097	-7.4447635
36.095079	-7.449279
36.105061	-7.4537958
36.115043	-7.4583138
36.125025	-7.4628332
36.135007	-7.467354
36.144989	-7.471876
36.154971	-7.4763993
36.164953	-7.480924
36.174935	-7.4854499
36.184917	-7.4899772
36.194899	-7.4945057
36.204881	-7.4990356
36.214863	-7.5035668
36.224845	-7.5080992
36.234827	-7.512633
36.244809	-7.5171681
36.254791	-7.5217045
36.264773	-7.5262421
36.274755	-7.5307811
36.284737	-7.5353214
36.294719	-7.539863
36.304701	-7.5444059
36.314683	-7.54895
36.324665	-7.5534955
36.334647	-7.5580423
36.344629	-7.5625904
36.354611	-7.5671397
36.364593	-7.5716904
36.374575	-7.5762423
36.384557	-7.5807956
36.394539	-7.5853501
36.404521	-7.5899059
36.414503	-7.5944631
36.424485	-7.5990215
36.434467	-7.6035812
36.444449	-7.6081422
36.454431	-7.6127044
36.464413	-7.617268
36.474395	-7.6218329
36.484377	-7.626399
36.494359	-7.6309664
36.504341	-7.6355351
36.514323	-7.6401051
36.524305	-7.6446764
36.534287	-7.649249
36.544269	-7.6538228
36.554251	-7.6583979
36.564233	-7.6629743
36.574215	-7.667552
36.584197	-7.672131
36.594179	-7.6767112
36.604161	-7.6812927
36.614143	-7.6858755
36.624125	-7.6904596
36.634107	-7.695045
36.644089	-7.6996316
36.654071	-7.7042195
36.664053	-7.7088087
36.674035	-7.7133991
36.684017	-7.7179908
36.693999	-7.7225838
36.703981	-7.7271781
36.713963	-7.7317736
36.723945	-7.7363704
36.733927	-7.7409685
36.743909	-7.7455678
36.753891	-7.7501684
36.763873	-7.7547703
36.773855	-7.7593734
36.783837	-7.7639778
36.793819	-7.7685835
36.803801	-7.7731904
36.813783	-7.7777986
36.823765	-7.7824081
36.833747	-7.7870188
36.843729	-7.7916308
36.853711	-7.796244
36.863693	-7.8008585
36.873675	-7.8054743
36.883657	-7.8100913
36.893639	-7.8147096
36.903621	-7.8193291
36.913603	-7.8239499
36.923585	-7.8285719
36.933567	-7.8331952
36.943549	-7.8378198
36.953531	-7.8424456
36.963513	-7.8470726
36.973495	-7.8517009
36.983477	-7.8563305
36.993459	-7.8609613
37.003441	-7.8655933
37.013423	-7.8702266
37.023405	-7.8748612
37.033387	-7.879497
37.043369	-7.884134
37.053351	-7.8887723
37.063333	-7.8934118
37.073315	-7.8980526
37.083297	-7.9026947
37.093279	-7.9073379
37.103261	-7.9119824
37.113243	-7.9166282
37.123225	-7.9212752
37.133207	-7.9259234
37.143189	-7.9305729
37.153171	-7.9352236
37.163153	-7.9398755
37.173135	-7.9445287
37.183117	-7.9491831
37.193099	-7.9538387
37.203081	-7.9584956
37.213063	-7.9631537
37.223045	-7.9678131
37.233027	-7.9724737
37.243009	-7.9771355
37.252991	-7.9817985
37.262973	-7.9864628
37.272955	-7.9911283
37.282937	-7.995795
37.292919	-8.000463
37.302901	-8.0051322
37.312883	-8.0098026
37.322865	-8.0144742
37.332847	-8.0191471
37.342829	-8.0238212
37.352811	-8.0284965
37.362793	-8.033173
37.372775	-8.0378508
37.382757	-8.0425297
37.392739	-8.0472099
37.402721	-8.0518913
37.412703	-8.056574
37.422685	-8.0612578
37.432667	-8.0659429
37.442649	-8.0706291
37.452631	-8.0753166
37.462613	-8.0800053
37.472595	-8.0846953
37.482577	-8.0893864
37.492559	-8.0940787
37.502541	-8.0987723
37.512523	-8.1034671
37.522505	-8.108163
37.532486	-8.1128602
37.542468	-8.1175586
37.55245	-8.1222582
37.562432	-8.126959
37.572414	-8.131661
37.582396	-8.1363643
37.592378	-8.1410687
37.60236	-8.1457743
37.612342	-8.1504811
37.622324	-8.1551892
37.632306	-8.1598984
37.642288	-8.1646088
37.65227	-8.1693205
37.662252	-8.1740333
37.672234	-8.1787473
37.682216	-8.1834625
37.692198	-8.188179
37.70218	-8.1928966
37.712162	-8.1976154
37.722144	-8.2023354
37.732126	-8.2070566
37.742108	-8.211779
37.75209	-8.2165026
37.762072	-8.2212273
37.772054	-8.2259533
37.782036	-8.2306804
37.792018	-8.2354088
37.802	-8.2401383
37.811982	-8.244869
37.821964	-8.2496009
37.831946	-8.254334
37.841928	-8.2590682
37.85191	-8.2638037
37.861892	-8.2685403
37.871874	-8.2732781
37.881856	-8.2780171
37.891838	-8.2827573
37.90182	-8.2874987
37.911802	-8.2922412
37.921784	-8.2969849
37.931766	-8.3017298
37.941748	-8.3064758
37.95173	-8.3112231
37.961712	-8.3159715
37.971694	-8.3207211
37.981676	-8.3254718
37.991658	-8.3302238
38.00164	-8.3349768
38.011622	-8.3397311
38.021604	-8.3444866
38.031586	-8.3492432
38.041568	-8.3540009
38.05155	-8.3587599
38.061532	-8.36352
38.071514	-8.3682812
38.081496	-8.3730437
38.091478	-8.3778073
38.10146	-8.382572
38.111442	-8.387338
38.121424	-8.392105
38.131406	-8.3968733
38.141388	-8.4016427
38.15137	-8.4064133
38.161352	-8.411185
38.171334	-8.4159578
38.181316	-8.4207319
38.191298	-8.4255071
38.20128	-8.4302834
38.211262	-8.4350609
38.221244	-8.4398395
38.231226	-8.4446193
38.241208	-8.4494003
38.25119	-8.4541824
38.261172	-8.4589656
38.271154	-8.46375
38.281136	-8.4685356
38.291118	-8.4733222
38.3011	-8.4781101
38.311082	-8.482899
38.321064	-8.4876892
38.331046	-8.4924804
38.341028	-8.4972728
38.35101	-8.5020664
38.360992	-8.5068611
38.370974	-8.5116569
38.380956	-8.5164539
38.390938	-8.521252
38.40092	-8.5260512
38.410902	-8.5308516
38.420884	-8.5356531
38.430866	-8.5404557
38.440848	-8.5452595
38.45083	-8.5500644
38.460812	-8.5548705
38.470794	-8.5596776
38.480776	-8.564486
38.490758	-8.5692954
38.50074	-8.5741059
38.510722	-8.5789176
38.520704	-8.5837304
38.530686	-8.5885444
38.540668	-8.5933595
38.55065	-8.5981756
38.560632	-8.602993
38.570614	-8.6078114
38.580596	-8.6126309
38.590578	-8.6174516
38.60056	-8.6222734
38.610542	-8.6270963
38.620524	-8.6319203
38.630506	-8.6367455
38.640488	-8.6415718
38.65047	-8.6463991
38.660452	-8.6512276
38.670434	-8.6560572
38.680416	-8.6608879
38.690398	-8.6657198
38.70038	-8.6705527
38.710362	-8.6753868
38.720344	-8.6802219
38.730326	-8.6850582
38.740308	-8.6898955
38.75029	-8.694734
38.760272	-8.6995736
38.770254	-8.7044143
38.780236	-8.7092561
38.790218	-8.714099
38.8002	-8.718943
38.810182	-8.723788
38.820164	-8.7286342
38.830146	-8.7334815
38.840128	-8.7383299
38.85011	-8.7431794
38.860092	-8.74803
38.870074	-8.7528817
38.880056	-8.7577344
38.890038	-8.7625883
38.90002	-8.7674432
38.910002	-8.7722993
38.919984	-8.7771564
38.929966	-8.7820147
38.939948	-8.786874
38.94993	-8.7917344
38.959912	-8.7965959
38.969894	-8.8014584
38.979876	-8.8063221
38.989858	-8.8111868
38.99984	-8.8160527
39.009822	-8.8209196
39.019804	-8.8257876
39.029786	-8.8306566
39.039768	-8.8355268
39.04975	-8.840398
39.059732	-8.8452703
39.069714	-8.8501437
39.079696	-8.8550182
39.089678	-8.8598937
39.09966	-8.8647703
39.109642	-8.869648
39.119624	-8.8745267
39.129606	-8.8794066
39.139588	-8.8842875
39.14957	-8.8891694
39.159552	-8.8940524
39.169534	-8.8989365
39.179516	-8.9038217
39.189498	-8.9087079
39.19948	-8.9135952
39.209462	-8.9184836
39.219444	-8.923373
39.229426	-8.9282635
39.239408	-8.933155
39.24939	-8.9380476
39.259372	-8.9429413
39.269354	-8.947836
39.279336	-8.9527318
39.289318	-8.9576286
39.2993	-8.9625265
39.309282	-8.9674254
39.319264	-8.9723254
39.329246	-8.9772265
39.339228	-8.9821285
39.34921	-8.9870317
39.359192	-8.9919359
39.369174	-8.9968411
39.379156	-9.0017474
39.389138	-9.0066547
39.39912	-9.0115631
39.409102	-9.0164726
39.419084	-9.021383
39.429066	-9.0262945
39.439048	-9.0312071
39.44903	-9.0361207
39.459012	-9.0410353
39.468994	-9.045951
39.478976	-9.0508677
39.488958	-9.0557854
39.49894	-9.0607042
39.508922	-9.065624
39.518904	-9.0705449
39.528886	-9.0754667
39.538868	-9.0803897
39.54885	-9.0853136
39.558832	-9.0902386
39.568814	-9.0951646
39.578796	-9.1000916
39.588778	-9.1050197
39.59876	-9.1099487
39.608742	-9.1148789
39.618724	-9.11981
39.628706	-9.1247421
39.638688	-9.1296753
39.64867	-9.1346095
39.658652	-9.1395447
39.668634	-9.144481
39.678616	-9.1494182
39.688598	-9.1543565
39.69858	-9.1592958
39.708562	-9.1642361
39.718544	-9.1691774
39.728526	-9.1741197
39.738508	-9.1790631
39.74849	-9.1840074
39.758472	-9.1889528
39.768454	-9.1938991
39.778436	-9.1988465
39.788418	-9.2037949
39.7984	-9.2087443
39.808382	-9.2136947
39.818364	-9.2186461
39.828346	-9.2235985
39.838328	-9.2285519
39.84831	-9.2335063
39.858292	-9.2384617
39.868274	-9.2434181
39.878256	-9.2483755
39.888238	-9.2533339
39.89822	-9.2582933
39.908202	-9.2632537
39.918184	-9.2682151
39.928166	-9.2731775
39.938148	-9.2781408
39.94813	-9.2831052
39.958112	-9.2880705
39.968094	-9.2930369
39.978076	-9.2980042
39.988058	-9.3029725
39.99804	-9.3079418
40.008022	-9.3129121
40.018004	-9.3178834
40.027986	-9.3228556
40.037968	-9.3278289
40.04795	-9.3328031
40.057932	-9.3377783
40.067914	-9.3427544
40.077896	-9.3477316
40.087878	-9.3527097
40.09786	-9.3576888
40.107842	-9.3626689
40.117824	-9.3676499
40.127806	-9.3726319
40.137788	-9.3776149
40.14777	-9.3825989
40.157752	-9.3875838
40.167734	-9.3925697
40.177716	-9.3975566
40.187698	-9.4025444
40.19768	-9.4075332
40.207662	-9.412523
40.217644	-9.4175137
40.227626	-9.4225054
40.237608	-9.4274981
40.24759	-9.4324917
40.257572	-9.4374862
40.267554	-9.4424818
40.277536	-9.4474783
40.287518	-9.4524757
40.297499	-9.4574741
40.307481	-9.4624734
40.317463	-9.4674737
40.327445	-9.472475
40.337427	-9.4774772
40.347409	-9.4824803
40.357391	-9.4874844
40.367373	-9.4924895
40.377355	-9.4974955
40.387337	-9.5025024
40.397319	-9.5075103
40.407301	-9.5125191
40.417283	-9.5175289
40.427265	-9.5225396
40.437247	-9.5275513
40.447229	-9.5325638
40.457211	-9.5375774
40.467193	-9.5425918
40.477175	-9.5476072
40.487157	-9.5526236
40.497139	-9.5576408
40.507121	-9.562659
40.517103	-9.5676782
40.527085	-9.5726982
40.537067	-9.5777192
40.547049	-9.5827411
40.557031	-9.587764
40.567013	-9.5927877
40.576995	-9.5978124
40.586977	-9.6028381
40.596959	-9.6078646
40.606941	-9.6128921
40.616923	-9.6179205
40.626905	-9.6229498
40.636887	-9.62798
40.646869	-9.6330111
40.656851	-9.6380432
40.666833	-9.6430762
40.676815	-9.6481101
40.686797	-9.6531449
40.696779	-9.6581806
40.706761	-9.6632172
40.716743	-9.6682547
40.726725	-9.6732932
40.736707	-9.6783325
40.746689	-9.6833728
40.756671	-9.6884139
40.766653	-9.693456
40.776635	-9.698499
40.786617	-9.7035428
40.796599	-9.7085876
40.806581	-9.7136333
40.816563	-9.7186799
40.826545	-9.7237273
40.836527	-9.7287757
40.846509	-9.733825
40.856491	-9.7388751
40.866473	-9.7439262
40.876455	-9.7489781
40.886437	-9.7540309
40.896419	-9.7590847
40.906401	-9.7641393
40.916383	-9.7691948
40.926365	-9.7742512
40.936347	-9.7793084
40.946329	-9.7843666
40.956311	-9.7894256
40.966293	-9.7944856
40.976275	-9.7995464
40.986257	-9.804608
40.996239	-9.8096706
41.006221	-9.8147341
41.016203	-9.8197984
41.026185	-9.8248636
41.036167	-9.8299296
41.046149	-9.8349966
41.056131	-9.8400644
41.066113	-9.8451331
41.076095	-9.8502026
41.086077	-9.8552731
41.096059	-9.8603443
41.106041	-9.8654165
41.116023	-9.8704895
41.126005	-9.8755634
41.135987	-9.8806382
41.145969	-9.8857138
41.155951	-9.8907903
41.165933	-9.8958676
41.175915	-9.9009458
41.185897	-9.9060248
41.195879	-9.9111047
41.205861	-9.9161855
41.215843	-9.9212671
41.225825	-9.9263496
41.235807	-9.9314329
41.245789	-9.9365171
41.255771	-9.9416021
41.265753	-9.946688
41.275735	-9.9517747
41.285717	-9.9568623
41.295699	-9.9619507
41.305681	-9.9670399
41.315663	-9.97213
41.325645	-9.977221
41.335627	-9.9823127
41.345609	-9.9874054
41.355591	-9.9924988
41.365573	-9.9975931
41.375555	-10.002688
41.385537	-10.007784
41.395519	-10.012881
41.405501	-10.017979
41.415483	-10.023077
41.425465	-10.028176
41.435447	-10.033277
41.445429	-10.038377
41.455411	-10.043479
41.465393	-10.048582
41.475375	-10.053685
41.485357	-10.058789
41.495339	-10.063895
41.505321	-10.069
41.515303	-10.074107
41.525285	-10.079215
41.535267	-10.084323
41.545249	-10.089432
41.555231	-10.094542
41.565213	-10.099653
41.575195	-10.104765
41.585177	-10.109877
41.595159	-10.11499
41.605141	-10.120104
41.615123	-10.125219
41.625105	-10.130335
41.635087	-10.135451
41.645069	-10.140568
41.655051	-10.145687
41.665033	-10.150805
41.675015	-10.155925
41.684997	-10.161046
41.694979	-10.166167
41.704961	-10.171289
41.714943	-10.176412
41.724925	-10.181535
41.734907	-10.18666
41.744889	-10.191785
41.754871	-10.196911
41.764853	-10.202038
41.774835	-10.207165
41.784817	-10.212294
41.794799	-10.217423
41.804781	-10.222553
41.814763	-10.227684
41.824745	-10.232815
41.834727	-10.237948
41.844709	-10.243081
41.854691	-10.248215
41.864673	-10.253349
41.874655	-10.258485
41.884637	-10.263621
41.894619	-10.268758
41.904601	-10.273896
41.914583	-10.279034
41.924565	-10.284174
41.934547	-10.289314
41.944529	-10.294454
41.954511	-10.299596
41.964493	-10.304738
41.974475	-10.309882
41.984457	-10.315025
41.994439	-10.32017
42.004421	-10.325316
42.014403	-10.330462
42.024385	-10.335609
42.034367	-10.340756
42.044349	-10.345905
42.054331	-10.351054
42.064313	-10.356204
42.074295	-10.361355
42.084277	-10.366506
42.094259	-10.371658
42.104241	-10.376811
42.114223	-10.381965
42.124205	-10.38712
42.134187	-10.392275
42.144169	-10.397431
42.154151	-10.402587
42.164133	-10.407745
42.174115	-10.412903
42.184097	-10.418062
42.194079	-10.423222
42.204061	-10.428382
42.214043	-10.433543
42.224025	-10.438705
42.234007	-10.443868
42.243989	-10.449031
42.253971	-10.454195
42.263953	-10.45936
42.273935	-10.464525
42.283917	-10.469692
42.293899	-10.474859
42.303881	-10.480026
42.313863	-10.485195
42.323845	-10.490364
42.333827	-10.495534
42.343809	-10.500704
42.353791	-10.505876
42.363773	-10.511048
42.373755	-10.51622
42.383737	-10.521394
42.393719	-10.526568
42.403701	-10.531743
42.413683	-10.536919
42.423665	-10.542095
42.433647	-10.547272
42.443629	-10.55245
42.453611	-10.557628
42.463593	-10.562807
42.473575	-10.567987
42.483557	-10.573167
42.493539	-10.578349
42.503521	-10.583531
42.513503	-10.588713
42.523485	-10.593897
42.533467	-10.599081
42.543449	-10.604265
42.553431	-10.609451
42.563413	-10.614637
42.573395	-10.619824
42.583377	-10.625011
42.593359	-10.630199
42.603341	-10.635388
42.613323	-10.640578
42.623305	-10.645768
42.633287	-10.650959
42.643269	-10.65615
42.653251	-10.661343
42.663233	-10.666536
42.673215	-10.671729
42.683197	-10.676924
42.693179	-10.682119
42.703161	-10.687314
42.713143	-10.692511
42.723125	-10.697708
42.733107	-10.702905
42.743089	-10.708104
42.753071	-10.713303
42.763053	-10.718502
42.773035	-10.723703
42.783017	-10.728904
42.792999	-10.734105
42.802981	-10.739308
42.812963	-10.744511
42.822945	-10.749714
42.832927	-10.754919
42.842909	-10.760124
42.852891	-10.765329
42.862873	-10.770535
42.872855	-10.775742
42.882837	-10.78095
42.892819	-10.786158
42.902801	-10.791367
42.912783	-10.796577
42.922765	-10.801787
42.932747	-10.806998
42.942729	-10.812209
42.952711	-10.817421
42.962693	-10.822634
42.972675	-10.827847
42.982657	-10.833061
42.992639	-10.838276
43.002621	-10.843491
43.012603	-10.848707
43.022585	-10.853924
43.032567	-10.859141
43.042549	-10.864359
43.052531	-10.869577
43.062513	-10.874796
43.072494	-10.880016
43.082476	-10.885236
43.092458	-10.890457
43.10244	-10.895679
43.112422	-10.900901
43.122404	-10.906124
43.132386	-10.911347
43.142368	-10.916571
43.15235	-10.921796
43.162332	-10.927021
43.172314	-10.932247
43.182296	-10.937474
43.192278	-10.942701
43.20226	-10.947928
43.212242	-10.953157
43.222224	-10.958386
43.232206	-10.963615
43.242188	-10.968845
43.25217	-10.974076
43.262152	-10.979307
43.272134	-10.984539
43.282116	-10.989772
43.292098	-10.995005
43.30208	-11.000239
43.312062	-11.005473
43.322044	-11.010708
43.332026	-11.015944
43.342008	-11.02118
43.35199	-11.026416
43.361972	-11.031654
43.371954	-11.036892
43.381936	-11.04213
43.391918	-11.047369
43.4019	-11.052609
43.411882	-11.057849
43.421864	-11.06309
43.431846	-11.068331
43.441828	-11.073573
43.45181	-11.078816
43.461792	-11.084059
43.471774	-11.089302
43.481756	-11.094547
43.491738	-11.099791
43.50172	-11.105037
43.511702	-11.110283
43.521684	-11.115529
43.531666	-11.120776
43.541648	-11.126024
43.55163	-11.131272
43.561612	-11.136521
43.571594	-11.14177
43.581576	-11.14702
43.591558	-11.15227
43.60154	-11.157521
43.611522	-11.162773
43.621504	-11.168025
43.631486	-11.173278
43.641468	-11.178531
43.65145	-11.183785
43.661432	-11.189039
43.671414	-11.194294
43.681396	-11.199549
43.691378	-11.204805
43.70136	-11.210062
43.711342	-11.215319
43.721324	-11.220576
43.731306	-11.225834
43.741288	-11.231093
43.75127	-11.236352
43.761252	-11.241612
43.771234	-11.246872
43.781216	-11.252133
43.791198	-11.257394
43.80118	-11.262656
43.811162	-11.267918
43.821144	-11.273181
43.831126	-11.278444
43.841108	-11.283708
43.85109	-11.288973
43.861072	-11.294238
43.871054	-11.299503
43.881036	-11.304769
43.891018	-11.310036
43.901	-11.315303
43.910982	-11.32057
43.920964	-11.325838
43.930946	-11.331107
43.940928	-11.336376
43.95091	-11.341645
43.960892	-11.346916
43.970874	-11.352186
43.980856	-11.357457
43.990838	-11.362729
44.00082	-11.368001
44.010802	-11.373273
44.020784	-11.378546
44.030766	-11.38382
44.040748	-11.389094
44.05073	-11.394369
44.060712	-11.399644
44.070694	-11.404919
44.080676	-11.410195
44.090658	-11.415472
44.10064	-11.420749
44.110622	-11.426026
44.120604	-11.431304
44.130586	-11.436583
44.140568	-11.441862
44.15055	-11.447141
44.160532	-11.452421
44.170514	-11.457701
44.180496	-11.462982
44.190478	-11.468264
44.20046	-11.473545
44.210442	-11.478828
44.220424	-11.48411
44.230406	-11.489394
44.240388	-11.494677
44.25037	-11.499961
44.260352	-11.505246
44.270334	-11.510531
44.280316	-11.515817
44.290298	-11.521103
44.30028	-11.526389
44.310262	-11.531676
44.320244	-11.536963
44.330226	-11.542251
44.340208	-11.547539
44.35019	-11.552828
44.360172	-11.558117
44.370154	-11.563407
44.380136	-11.568697
44.390118	-11.573987
44.4001	-11.579278
44.410082	-11.58457
44.420064	-11.589861
44.430046	-11.595154
44.440028	-11.600446
44.45001	-11.605739
44.459992	-11.611033
44.469974	-11.616327
44.479956	-11.621621
44.489938	-11.626916
44.49992	-11.632212
44.509902	-11.637507
44.519884	-11.642803
44.529866	-11.6481
44.539848	-11.653397
44.54983	-11.658694
44.559812	-11.663992
44.569794	-11.669291
44.579776	-11.674589
44.589758	-11.679888
44.59974	-11.685188
44.609722	-11.690488
44.619704	-11.695788
44.629686	-11.701089
44.639668	-11.70639
44.64965	-11.711692
44.659632	-11.716993
44.669614	-11.722296
44.679596	-11.727599
44.689578	-11.732902
44.69956	-11.738205
44.709542	-11.743509
44.719524	-11.748814
44.729506	-11.754118
44.739488	-11.759424
44.74947	-11.764729
44.759452	-11.770035
44.769434	-11.775341
44.779416	-11.780648
44.789398	-11.785955
44.79938	-11.791263
44.809362	-11.796571
44.819344	-11.801879
44.829326	-11.807188
44.839308	-11.812497
44.84929	-11.817806
44.859272	-11.823116
44.869254	-11.828426
44.879236	-11.833736
44.889218	-11.839047
44.8992	-11.844359
44.909182	-11.84967
44.919164	-11.854982
44.929146	-11.860295
44.939128	-11.865607
44.94911	-11.87092
44.959092	-11.876234
44.969074	-11.881548
44.979056	-11.886862
44.989038	-11.892176
44.99902	-11.897491
45.009002	-11.902807
45.018984	-11.908122
45.028966	-11.913438
45.038948	-11.918755
45.04893	-11.924071
45.058912	-11.929388
45.068894	-11.934706
45.078876	-11.940023
45.088858	-11.945341
45.09884	-11.95066
45.108822	-11.955978
45.118804	-11.961297
45.128786	-11.966617
45.138768	-11.971937
45.14875	-11.977257
45.158732	-11.982577
45.168714	-11.987898
45.178696	-11.993219
45.188678	-11.99854
45.19866	-12.003862
45.208642	-12.009184
45.218624	-12.014506
45.228606	-12.019829
45.238588	-12.025152
45.24857	-12.030475
45.258552	-12.035799
45.268534	-12.041123
45.278516	-12.046447
45.288498	-12.051772
45.29848	-12.057097
45.308462	-12.062422
45.318444	-12.067747
45.328426	-12.073073
45.338408	-12.078399
45.34839	-12.083726
45.358372	-12.089052
45.368354	-12.094379
45.378336	-12.099707
45.388318	-12.105034
45.3983	-12.110362
45.408282	-12.11569
45.418264	-12.121019
45.428246	-12.126348
45.438228	-12.131677
45.44821	-12.137006
45.458192	-12.142336
45.468174	-12.147666
45.478156	-12.152996
45.488138	-12.158326
45.49812	-12.163657
45.508102	-12.168988
45.518084	-12.17432
45.528066	-12.179651
45.538048	-12.184983
45.54803	-12.190315
45.558012	-12.195648
45.567994	-12.200981
45.577976	-12.206314
45.587958	-12.211647
45.59794	-12.21698
45.607922	-12.222314
45.617904	-12.227648
45.627886	-12.232982
45.637868	-12.238317
45.64785	-12.243652
45.657832	-12.248987
45.667814	-12.254322
45.677796	-12.259658
45.687778	-12.264994
45.69776	-12.27033
45.707742	-12.275666
45.717724	-12.281003
45.727706	-12.286339
45.737688	-12.291677
45.74767	-12.297014
45.757652	-12.302351
45.767634	-12.307689
45.777616	-12.313027
45.787598	-12.318366
45.79758	-12.323704
45.807562	-12.329043
45.817544	-12.334382
45.827526	-12.339721
45.837508	-12.34506
45.847489	-12.3504
45.857471	-12.35574
45.867453	-12.36108
45.877435	-12.36642
45.887417	-12.371761
45.897399	-12.377102
45.907381	-12.382443
45.917363	-12.387784
45.927345	-12.393125
45.937327	-12.398467
45.947309	-12.403809
45.957291	-12.409151
45.967273	-12.414493
45.977255	-12.419836
45.987237	-12.425178
45.997219	-12.430521
46.007201	-12.435864
46.017183	-12.441207
46.027165	-12.446551
46.037147	-12.451895
46.047129	-12.457238
46.057111	-12.462583
46.067093	-12.467927
46.077075	-12.473271
46.087057	-12.478616
46.097039	-12.483961
46.107021	-12.489306
46.117003	-12.494651
46.126985	-12.499996
46.136967	-12.505342
46.146949	-12.510688
46.156931	-12.516034
46.166913	-12.52138
46.176895	-12.526726
46.186877	-12.532072
46.196859	-12.537419
46.206841	-12.542766
46.216823	-12.548113
46.226805	-12.55346
46.236787	-12.558807
46.246769	-12.564155
46.256751	-12.569502
46.266733	-12.57485
46.276715	-12.580198
46.286697	-12.585546
46.296679	-12.590894
46.306661	-12.596243
46.316643	-12.601591
46.326625	-12.60694
46.336607	-12.612289
46.346589	-12.617638
46.356571	-12.622987
46.366553	-12.628336
46.376535	-12.633686
46.386517	-12.639036
46.396499	-12.644385
46.406481	-12.649735
46.416463	-12.655085
46.426445	-12.660435
46.436427	-12.665786
46.446409	-12.671136
46.456391	-12.676487
46.466373	-12.681837
46.476355	-12.687188
46.486337	-12.692539
46.496319	-12.69789
46.506301	-12.703241
46.516283	-12.708593
46.526265	-12.713944
46.536247	-12.719295
46.546229	-12.724647
46.556211	-12.729999
46.566193	-12.735351
46.576175	-12.740703
46.586157	-12.746055
46.596139	-12.751407
46.606121	-12.756759
46.616103	-12.762112
46.626085	-12.767464
46.636067	-12.772817
46.646049	-12.77817
46.656031	-12.783523
46.666013	-12.788876
46.675995	-12.794229
46.685977	-12.799582
46.695959	-12.804935
46.705941	-12.810288
46.715923	-12.815642
46.725905	-12.820995
46.735887	-12.826349
46.745869	-12.831702
46.755851	-12.837056
46.765833	-12.84241
46.775815	-12.847764
46.785797	-12.853118
46.795779	-12.858472
46.805761	-12.863826
46.815743	-12.86918
46.825725	-12.874535
46.835707	-12.879889
46.845689	-12.885243
46.855671	-12.890598
46.865653	-12.895952
46.875635	-12.901307
46.885617	-12.906662
46.895599	-12.912016
46.905581	-12.917371
46.915563	-12.922726
46.925545	-12.928081
46.935527	-12.933436
46.945509	-12.938791
46.955491	-12.944146
46.965473	-12.949501
46.975455	-12.954856
46.985437	-12.960211
46.995419	-12.965567
47.005401	-12.970922
47.015383	-12.976277
47.025365	-12.981633
47.035347	-12.986988
47.045329	-12.992344
47.055311	-12.997699
47.065293	-13.003055
47.075275	-13.00841
47.085257	-13.013766
47.095239	-13.019121
47.105221	-13.024477
47.115203	-13.029833
47.125185	-13.035188
47.135167	-13.040544
47.145149	-13.0459
47.155131	-13.051255
47.165113	-13.056611
47.175095	-13.061967
47.185077	-13.067323
47.195059	-13.072679
47.205041	-13.078034
47.215023	-13.08339
47.225005	-13.088746
47.234987	-13.094102
47.244969	-13.099458
47.254951	-13.104813
47.264933	-13.110169
47.274915	-13.115525
47.284897	-13.120881
47.294879	-13.126237
47.304861	-13.131593
47.314843	-13.136948
47.324825	-13.142304
47.334807	-13.14766
47.344789	-13.153016
47.354771	-13.158372
47.364753	-13.163727
47.374735	-13.169083
47.384717	-13.174439
47.394699	-13.179794
47.404681	-13.18515
47.414663	-13.190506
47.424645	-13.195861
47.434627	-13.201217
47.444609	-13.206572
47.454591	-13.211928
47.464573	-13.217283
47.474555	-13.222639
47.484537	-13.227994
47.494519	-13.23335
47.504501	-13.238705
47.514483	-13.24406
47.524465	-13.249416
47.534447	-13.254771
47.544429	-13.260126
47.554411	-13.265481
47.564393	-13.270836
47.574375	-13.276191
47.584357	-13.281546
47.594339	-13.286901
47.604321	-13.292256
47.614303	-13.297611
47.624285	-13.302966
47.634267	-13.30832
47.644249	-13.313675
47.654231	-13.319029
47.664213	-13.324384
47.674195	-13.329738
47.684177	-13.335093
47.694159	-13.340447
47.704141	-13.345801
47.714123	-13.351155
47.724105	-13.356509
47.734087	-13.361863
47.744069	-13.367217
47.754051	-13.372571
47.764033	-13.377925
47.774015	-13.383279
47.783997	-13.388632
47.793979	-13.393986
47.803961	-13.399339
47.813943	-13.404692
47.823925	-13.410045
47.833907	-13.415399
47.843889	-13.420752
47.853871	-13.426105
47.863853	-13.431457
47.873835	-13.43681
47.883817	-13.442163
47.893799	-13.447515
47.903781	-13.452868
47.913763	-13.45822
47.923745	-13.463572
47.933727	-13.468924
47.943709	-13.474276
47.953691	-13.479628
47.963673	-13.48498
47.973655	-13.490331
47.983637	-13.495683
47.993619	-13.501034
48.003601	-13.506386
48.013583	-13.511737
48.023565	-13.517088
48.033547	-13.522439
48.043529	-13.527789
48.053511	-13.53314
48.063493	-13.538491
48.073475	-13.543841
48.083457	-13.549191
48.093439	-13.554541
48.103421	-13.559891
48.113403	-13.565241
48.123385	-13.570591
48.133367	-13.57594
48.143349	-13.58129
48.153331	-13.586639
48.163313	-13.591988
48.173295	-13.597337
48.183277	-13.602686
48.193259	-13.608034
48.203241	-13.613383
48.213223	-13.618731
48.223205	-13.624079
48.233187	-13.629427
48.243169	-13.634775
48.253151	-13.640123
48.263133	-13.64547
48.273115	-13.650818
48.283097	-13.656165
48.293079	-13.661512
48.303061	-13.666859
48.313043	-13.672205
48.323025	-13.677552
48.333007	-13.682898
48.342989	-13.688244
48.352971	-13.69359
48.362953	-13.698936
48.372935	-13.704281
48.382917	-13.709627
48.392899	-13.714972
48.402881	-13.720317
48.412863	-13.725662
48.422845	-13.731006
48.432827	-13.736351
48.442809	-13.741695
48.452791	-13.747039
48.462773	-13.752383
48.472755	-13.757726
48.482737	-13.76307
48.492719	-13.768413
48.502701	-13.773756
48.512683	-13.779099
48.522665	-13.784441
48.532647	-13.789784
48.542629	-13.795126
48.552611	-13.800468
48.562593	-13.80581
48.572575	-13.811151
48.582557	-13.816493
48.592539	-13.821834
48.602521	-13.827175
48.612503	-13.832515
48.622484	-13.837856
48.632466	-13.843196
48.642448	-13.848536
48.65243	-13.853875
48.662412	-13.859215
48.672394	-13.864554
48.682376	-13.869893
48.692358	-13.875232
48.70234	-13.88057
48.712322	-13.885909
48.722304	-13.891247
48.732286	-13.896585
48.742268	-13.901922
48.75225	-13.90726
48.762232	-13.912597
48.772214	-13.917933
48.782196	-13.92327
48.792178	-13.928606
48.80216	-13.933942
48.812142	-13.939278
48.822124	-13.944614
48.832106	-13.949949
48.842088	-13.955284
48.85207	-13.960619
48.862052	-13.965953
48.872034	-13.971287
48.882016	-13.976621
48.891998	-13.981955
48.90198	-13.987288
48.911962	-13.992621
48.921944	-13.997954
48.931926	-14.003287
48.941908	-14.008619
48.95189	-14.013951
48.961872	-14.019283
48.971854	-14.024614
48.981836	-14.029945
48.991818	-14.035276
49.0018	-14.040607
49.011782	-14.045937
49.021764	-14.051267
49.031746	-14.056597
49.041728	-14.061926
49.05171	-14.067255
49.061692	-14.072584
49.071674	-14.077912
49.081656	-14.08324
49.091638	-14.088568
49.10162	-14.093896
49.111602	-14.099223
49.121584	-14.10455
49.131566	-14.109877
49.141548	-14.115203
49.15153	-14.120529
49.161512	-14.125855
49.171494	-14.13118
49.181476	-14.136505
49.191458	-14.14183
49.20144	-14.147154
49.211422	-14.152478
49.221404	-14.157802
49.231386	-14.163125
49.241368	-14.168448
49.25135	-14.173771
49.261332	-14.179093
49.271314	-14.184416
49.281296	-14.189737
49.291278	-14.195059
49.30126	-14.20038
49.311242	-14.2057
49.321224	-14.211021
49.331206	-14.216341
49.341188	-14.22166
49.35117	-14.22698
49.361152	-14.232299
49.371134	-14.237617
49.381116	-14.242936
49.391098	-14.248253
49.40108	-14.253571
49.411062	-14.258888
49.421044	-14.264205
49.431026	-14.269521
49.441008	-14.274838
49.45099	-14.280153
49.460972	-14.285469
49.470954	-14.290784
49.480936	-14.296098
49.490918	-14.301412
49.5009	-14.306726
49.510882	-14.31204
49.520864	-14.317353
49.530846	-14.322666
49.540828	-14.327978
49.55081	-14.33329
49.560792	-14.338602
49.570774	-14.343913
49.580756	-14.349224
49.590738	-14.354534
49.60072	-14.359844
49.610702	-14.365154
49.620684	-14.370463
49.630666	-14.375772
49.640648	-14.38108
49.65063	-14.386388
49.660612	-14.391696
49.670594	-14.397003
49.680576	-14.40231
49.690558	-14.407616
49.70054	-14.412922
49.710522	-14.418228
49.720504	-14.423533
49.730486	-14.428838
49.740468	-14.434142
49.75045	-14.439446
49.760432	-14.44475
49.770414	-14.450053
49.780396	-14.455355
49.790378	-14.460658
49.80036	-14.465959
49.810342	-14.471261
49.820324	-14.476562
49.830306	-14.481862
49.840288	-14.487162
49.85027	-14.492462
49.860252	-14.497761
49.870234	-14.50306
49.880216	-14.508358
49.890198	-14.513656
49.90018	-14.518954
49.910162	-14.524251
49.920144	-14.529547
49.930126	-14.534844
49.940108	-14.540139
49.95009	-14.545435
49.960072	-14.550729
49.970054	-14.556024
49.980036	-14.561317
49.990018	-14.566611
50	-14.571904
