Freq_GHz	Norm_dB
0.1	0
0.109982	-2.2110375e-05
0.11996399	-4.6322879e-05
0.12994599	-7.2637508e-05
0.13992799	-0.00010105426
0.14990998	-0.00013157313
0.15989198	-0.00016419411
0.16987397	-0.00019891721
0.17985597	-0.00023574241
0.18983797	-0.00027466972
0.19981996	-0.00031569912
0.20980196	-0.00035883062
0.21978396	-0.0004040642
0.22976595	-0.00045139987
0.23974795	-0.00050083761
0.24972995	-0.00055237742
0.25971194	-0.00060601929
0.26969394	-0.00066176323
0.27967594	-0.00071960921
0.28965793	-0.00077955724
0.29963993	-0.0008416073
0.30962192	-0.0009057594
0.31960392	-0.00097201351
0.32958592	-0.0010403696
0.33956791	-0.0011108278
0.34954991	-0.0011833879
0.35953191	-0.00125805
0.3695139	-0.0013348141
0.3794959	-0.0014136802
0.3894779	-0.0014946482
0.39945989	-0.0015777182
0.40944189	-0.0016628901
0.41942388	-0.0017501639
0.42940588	-0.0018395397
0.43938788	-0.0019310173
0.44936987	-0.0020245969
0.45935187	-0.0021202784
0.46933387	-0.0022180617
0.47931586	-0.0023179469
0.48929786	-0.0024199339
0.49927986	-0.0025240228
0.50926185	-0.0026302135
0.51924385	-0.002738506
0.52922585	-0.0028489003
0.53920784	-0.0029613964
0.54918984	-0.0030759943
0.55917183	-0.0031926939
0.56915383	-0.0033114953
0.57913583	-0.0034323984
0.58911782	-0.0035554032
0.59909982	-0.0036805097
0.60908182	-0.0038077179
0.61906381	-0.0039370278
0.62904581	-0.0040684393
0.63902781	-0.0042019525
0.6490098	-0.0043375673
0.6589918	-0.0044752837
0.66897379	-0.0046151017
0.67895579	-0.0047570212
0.68893779	-0.0049010423
0.69891978	-0.005047165
0.70890178	-0.0051953892
0.71888378	-0.0053457148
0.72886577	-0.005498142
0.73884777	-0.0056526706
0.74882977	-0.0058093007
0.75881176	-0.0059680322
0.76879376	-0.0061288651
0.77877576	-0.0062917994
0.78875775	-0.0064568351
0.79873975	-0.0066239721
0.80872174	-0.0067932104
0.81870374	-0.0069645501
0.82868574	-0.0071379911
0.83866773	-0.0073135333
0.84864973	-0.0074911767
0.85863173	-0.0076709214
0.86861372	-0.0078527673
0.87859572	-0.0080367144
0.88857772	-0.0082227627
0.89855971	-0.008410912
0.90854171	-0.0086011625
0.9185237	-0.0087935141
0.9285057	-0.0089879668
0.9384877	-0.0091845205
0.94846969	-0.0093831752
0.95845169	-0.009583931
0.96843369	-0.0097867877
0.97841568	-0.0099917453
0.98839768	-0.010198804
0.99837968	-0.010407963
1.0083617	-0.010619224
1.0183437	-0.010832585
1.0283257	-0.011048047
1.0383077	-0.01126561
1.0482897	-0.011485273
1.0582717	-0.011707038
1.0682537	-0.011930903
1.0782356	-0.012156869
1.0882176	-0.012384935
1.0981996	-0.012615102
1.1081816	-0.01284737
1.1181636	-0.013081738
1.1281456	-0.013318207
1.1381276	-0.013556776
1.1481096	-0.013797446
1.1580916	-0.014040217
1.1680736	-0.014285087
1.1780556	-0.014532059
1.1880376	-0.01478113
1.1980196	-0.015032302
1.2080016	-0.015285574
1.2179836	-0.015540947
1.2279656	-0.01579842
1.2379476	-0.016057993
1.2479296	-0.016319666
1.2579116	-0.01658344
1.2678936	-0.016849313
1.2778756	-0.017117287
1.2878576	-0.017387361
1.2978396	-0.017659534
1.3078216	-0.017933808
1.3178036	-0.018210182
1.3277856	-0.018488656
1.3377676	-0.018769229
1.3477495	-0.019051903
1.3577315	-0.019336676
1.3677135	-0.01962355
1.3776955	-0.019912523
1.3876775	-0.020203595
1.3976595	-0.020496768
1.4076415	-0.02079204
1.4176235	-0.021089412
1.4276055	-0.021388883
1.4375875	-0.021690454
1.4475695	-0.021994125
1.4575515	-0.022299895
1.4675335	-0.022607764
1.4775155	-0.022917733
1.4874975	-0.023229801
1.4974795	-0.023543969
1.5074615	-0.023860236
1.5174435	-0.024178602
1.5274255	-0.024499068
1.5374075	-0.024821632
1.5473895	-0.025146296
1.5573715	-0.025473059
1.5673535	-0.025801921
1.5773355	-0.026132882
1.5873175	-0.026465942
1.5972995	-0.026801102
1.6072815	-0.02713836
1.6172635	-0.027477717
1.6272454	-0.027819172
1.6372274	-0.028162727
1.6472094	-0.028508381
1.6571914	-0.028856133
1.6671734	-0.029205984
1.6771554	-0.029557933
1.6871374	-0.029911981
1.6971194	-0.030268128
1.7071014	-0.030626373
1.7170834	-0.030986717
1.7270654	-0.031349159
1.7370474	-0.0317137
1.7470294	-0.032080339
1.7570114	-0.032449076
1.7669934	-0.032819911
1.7769754	-0.033192845
1.7869574	-0.033567877
1.7969394	-0.033945007
1.8069214	-0.034324236
1.8169034	-0.034705562
1.8268854	-0.035088986
1.8368674	-0.035474509
1.8468494	-0.035862129
1.8568314	-0.036251847
1.8668134	-0.036643663
1.8767954	-0.037037577
1.8867774	-0.037433588
1.8967594	-0.037831697
1.9067413	-0.038231904
1.9167233	-0.038634209
1.9267053	-0.039038611
1.9366873	-0.03944511
1.9466693	-0.039853707
1.9566513	-0.040264402
1.9666333	-0.040677193
1.9766153	-0.041092083
1.9865973	-0.041509069
1.9965793	-0.041928153
2.0065613	-0.042349334
2.0165433	-0.042772612
2.0265253	-0.043197987
2.0365073	-0.043625459
2.0464893	-0.044055028
2.0564713	-0.044486694
2.0664533	-0.044920457
2.0764353	-0.045356317
2.0864173	-0.045794273
2.0963993	-0.046234327
2.1063813	-0.046676477
2.1163633	-0.047120723
2.1263453	-0.047567067
2.1363273	-0.048015506
2.1463093	-0.048466043
2.1562913	-0.048918675
2.1662733	-0.049373405
2.1762553	-0.04983023
2.1862372	-0.050289152
2.1962192	-0.05075017
2.2062012	-0.051213284
2.2161832	-0.051678494
2.2261652	-0.052145801
2.2361472	-0.052615203
2.2461292	-0.053086701
2.2561112	-0.053560296
2.2660932	-0.054035986
2.2760752	-0.054513772
2.2860572	-0.054993654
2.2960392	-0.055475631
2.3060212	-0.055959704
2.3160032	-0.056445873
2.3259852	-0.056934137
2.3359672	-0.057424497
2.3459492	-0.057916952
2.3559312	-0.058411502
2.3659132	-0.058908148
2.3758952	-0.059406889
2.3858772	-0.059907726
2.3958592	-0.060410657
2.4058412	-0.060915683
2.4158232	-0.061422805
2.4258052	-0.061932022
2.4357872	-0.062443333
2.4457692	-0.062956739
2.4557512	-0.063472241
2.4657331	-0.063989837
2.4757151	-0.064509527
2.4856971	-0.065031312
2.4956791	-0.065555192
2.5056611	-0.066081167
2.5156431	-0.066609235
2.5256251	-0.067139399
2.5356071	-0.067671656
2.5455891	-0.068206008
2.5555711	-0.068742454
2.5655531	-0.069280994
2.5755351	-0.069821629
2.5855171	-0.070364357
2.5954991	-0.07090918
2.6054811	-0.071456096
2.6154631	-0.072005106
2.6254451	-0.07255621
2.6354271	-0.073109408
2.6454091	-0.073664699
2.6553911	-0.074222085
2.6653731	-0.074781563
2.6753551	-0.075343135
2.6853371	-0.075906801
2.6953191	-0.07647256
2.7053011	-0.077040412
2.7152831	-0.077610358
2.7252651	-0.078182397
2.735247	-0.078756528
2.745229	-0.079332753
2.755211	-0.079911071
2.765193	-0.080491482
2.775175	-0.081073986
2.785157	-0.081658583
2.795139	-0.082245272
2.805121	-0.082834054
2.815103	-0.083424929
2.825085	-0.084017896
2.835067	-0.084612956
2.845049	-0.085210108
2.855031	-0.085809352
2.865013	-0.086410689
2.874995	-0.087014118
2.884977	-0.08761964
2.894959	-0.088227253
2.904941	-0.088836958
2.914923	-0.089448756
2.924905	-0.090062645
2.934887	-0.090678626
2.944869	-0.091296699
2.954851	-0.091916864
2.964833	-0.09253912
2.974815	-0.093163468
2.984797	-0.093789907
2.994779	-0.094418438
3.004761	-0.09504906
3.0147429	-0.095681774
3.0247249	-0.096316579
3.0347069	-0.096953475
3.0446889	-0.097592462
3.0546709	-0.09823354
3.0646529	-0.098876709
3.0746349	-0.099521969
3.0846169	-0.10016932
3.0945989	-0.10081876
3.1045809	-0.10147029
3.1145629	-0.10212392
3.1245449	-0.10277963
3.1345269	-0.10343743
3.1445089	-0.10409733
3.1544909	-0.10475931
3.1644729	-0.10542339
3.1744549	-0.10608955
3.1844369	-0.10675781
3.1944189	-0.10742815
3.2044009	-0.10810059
3.2143829	-0.10877511
3.2243649	-0.10945173
3.2343469	-0.11013043
3.2443289	-0.11081123
3.2543109	-0.11149411
3.2642929	-0.11217909
3.2742749	-0.11286615
3.2842569	-0.1135553
3.2942388	-0.11424655
3.3042208	-0.11493988
3.3142028	-0.1156353
3.3241848	-0.11633281
3.3341668	-0.11703241
3.3441488	-0.1177341
3.3541308	-0.11843787
3.3641128	-0.11914374
3.3740948	-0.11985169
3.3840768	-0.12056174
3.3940588	-0.12127387
3.4040408	-0.12198809
3.4140228	-0.1227044
3.4240048	-0.12342279
3.4339868	-0.12414328
3.4439688	-0.12486585
3.4539508	-0.12559052
3.4639328	-0.12631727
3.4739148	-0.1270461
3.4838968	-0.12777703
3.4938788	-0.12851004
3.5038608	-0.12924515
3.5138428	-0.12998234
3.5238248	-0.13072161
3.5338068	-0.13146298
3.5437888	-0.13220643
3.5537708	-0.13295197
3.5637528	-0.1336996
3.5737347	-0.13444931
3.5837167	-0.13520111
3.5936987	-0.135955
3.6036807	-0.13671098
3.6136627	-0.13746904
3.6236447	-0.13822919
3.6336267	-0.13899143
3.6436087	-0.13975575
3.6535907	-0.14052216
3.6635727	-0.14129066
3.6735547	-0.14206124
3.6835367	-0.14283391
3.6935187	-0.14360867
3.7035007	-0.14438551
3.7134827	-0.14516444
3.7234647	-0.14594545
3.7334467	-0.14672855
3.7434287	-0.14751374
3.7534107	-0.14830101
3.7633927	-0.14909037
3.7733747	-0.14988181
3.7833567	-0.15067534
3.7933387	-0.15147096
3.8033207	-0.15226866
3.8133027	-0.15306844
3.8232847	-0.15387032
3.8332667	-0.15467427
3.8432486	-0.15548032
3.8532306	-0.15628844
3.8632126	-0.15709865
3.8731946	-0.15791095
3.8831766	-0.15872533
3.8931586	-0.1595418
3.9031406	-0.16036035
3.9131226	-0.16118099
3.9231046	-0.16200371
3.9330866	-0.16282851
3.9430686	-0.1636554
3.9530506	-0.16448438
3.9630326	-0.16531543
3.9730146	-0.16614857
3.9829966	-0.1669838
3.9929786	-0.16782111
4.0029606	-0.1686605
4.0129426	-0.16950198
4.0229246	-0.17034554
4.0329066	-0.17119119
4.0428886	-0.17203892
4.0528706	-0.17288873
4.0628526	-0.17374062
4.0728346	-0.1745946
4.0828166	-0.17545067
4.0927986	-0.17630881
4.1027806	-0.17716904
4.1127626	-0.17803135
4.1227445	-0.17889574
4.1327265	-0.17976222
4.1427085	-0.18063078
4.1526905	-0.18150142
4.1626725	-0.18237415
4.1726545	-0.18324895
4.1826365	-0.18412584
4.1926185	-0.18500482
4.2026005	-0.18588587
4.2125825	-0.18676901
4.2225645	-0.18765423
4.2325465	-0.18854153
4.2425285	-0.18943091
4.2525105	-0.19032237
4.2624925	-0.19121592
4.2724745	-0.19211155
4.2824565	-0.19300925
4.2924385	-0.19390904
4.3024205	-0.19481092
4.3124025	-0.19571487
4.3223845	-0.1966209
4.3323665	-0.19752902
4.3423485	-0.19843922
4.3523305	-0.19935149
4.3623125	-0.20026585
4.3722945	-0.20118229
4.3822765	-0.20210081
4.3922585	-0.20302141
4.4022404	-0.20394409
4.4122224	-0.20486885
4.4222044	-0.20579569
4.4321864	-0.20672462
4.4421684	-0.20765562
4.4521504	-0.2085887
4.4621324	-0.20952386
4.4721144	-0.21046111
4.4820964	-0.21140043
4.4920784	-0.21234183
4.5020604	-0.21328531
4.5120424	-0.21423087
4.5220244	-0.21517851
4.5320064	-0.21612823
4.5419884	-0.21708003
4.5519704	-0.21803391
4.5619524	-0.21898987
4.5719344	-0.2199479
4.5819164	-0.22090802
4.5918984	-0.22187021
4.6018804	-0.22283449
4.6118624	-0.22380084
4.6218444	-0.22476927
4.6318264	-0.22573978
4.6418084	-0.22671236
4.6517904	-0.22768703
4.6617724	-0.22866377
4.6717544	-0.2296426
4.6817363	-0.2306235
4.6917183	-0.23160647
4.7017003	-0.23259153
4.7116823	-0.23357866
4.7216643	-0.23456787
4.7316463	-0.23555916
4.7416283	-0.23655253
4.7516103	-0.23754797
4.7615923	-0.2385455
4.7715743	-0.23954509
4.7815563	-0.24054677
4.7915383	-0.24155052
4.8015203	-0.24255635
4.8115023	-0.24356426
4.8214843	-0.24457424
4.8314663	-0.2455863
4.8414483	-0.24660044
4.8514303	-0.24761665
4.8614123	-0.24863494
4.8713943	-0.24965531
4.8813763	-0.25067775
4.8913583	-0.25170227
4.9013403	-0.25272887
4.9113223	-0.25375754
4.9213043	-0.25478828
4.9312863	-0.25582111
4.9412683	-0.256856
4.9512503	-0.25789298
4.9612322	-0.25893203
4.9712142	-0.25997315
4.9811962	-0.26101635
4.9911782	-0.26206163
5.0011602	-0.26310898
5.0111422	-0.2641584
5.0211242	-0.26520991
5.0311062	-0.26626348
5.0410882	-0.26731913
5.0510702	-0.26837686
5.0610522	-0.26943666
5.0710342	-0.27049853
5.0810162	-0.27156248
5.0909982	-0.2726285
5.1009802	-0.2736966
5.1109622	-0.27476677
5.1209442	-0.27583902
5.1309262	-0.27691333
5.1409082	-0.27798973
5.1508902	-0.27906819
5.1608722	-0.28014874
5.1708542	-0.28123135
5.1808362	-0.28231604
5.1908182	-0.2834028
5.2008002	-0.28449163
5.2107822	-0.28558254
5.2207642	-0.28667552
5.2307461	-0.28777058
5.2407281	-0.2888677
5.2507101	-0.2899669
5.2606921	-0.29106817
5.2706741	-0.29217152
5.2806561	-0.29327694
5.2906381	-0.29438443
5.3006201	-0.29549399
5.3106021	-0.29660562
5.3205841	-0.29771933
5.3305661	-0.29883511
5.3405481	-0.29995296
5.3505301	-0.30107288
5.3605121	-0.30219488
5.3704941	-0.30331895
5.3804761	-0.30444508
5.3904581	-0.30557329
5.4004401	-0.30670357
5.4104221	-0.30783593
5.4204041	-0.30897035
5.4303861	-0.31010684
5.4403681	-0.31124541
5.4503501	-0.31238605
5.4603321	-0.31352875
5.4703141	-0.31467353
5.4802961	-0.31582038
5.4902781	-0.3169693
5.5002601	-0.31812029
5.510242	-0.31927335
5.520224	-0.32042848
5.530206	-0.32158568
5.540188	-0.32274495
5.55017	-0.32390629
5.560152	-0.32506971
5.570134	-0.32623519
5.580116	-0.32740274
5.590098	-0.32857236
5.60008	-0.32974405
5.610062	-0.3309178
5.620044	-0.33209363
5.630026	-0.33327153
5.640008	-0.3344515
5.64999	-0.33563353
5.659972	-0.33681764
5.669954	-0.33800381
5.679936	-0.33919205
5.689918	-0.34038236
5.6999	-0.34157474
5.709882	-0.34276919
5.719864	-0.34396571
5.729846	-0.34516429
5.739828	-0.34636494
5.74981	-0.34756766
5.759792	-0.34877245
5.769774	-0.34997931
5.779756	-0.35118823
5.7897379	-0.35239922
5.7997199	-0.35361228
5.8097019	-0.35482741
5.8196839	-0.3560446
5.8296659	-0.35726387
5.8396479	-0.35848519
5.8496299	-0.35970859
5.8596119	-0.36093405
5.8695939	-0.36216158
5.8795759	-0.36339118
5.8895579	-0.36462284
5.8995399	-0.36585657
5.9095219	-0.36709237
5.9195039	-0.36833023
5.9294859	-0.36957016
5.9394679	-0.37081215
5.9494499	-0.37205622
5.9594319	-0.37330234
5.9694139	-0.37455054
5.9793959	-0.37580079
5.9893779	-0.37705312
5.9993599	-0.37830751
6.0093419	-0.37956396
6.0193239	-0.38082249
6.0293059	-0.38208307
6.0392879	-0.38334572
6.0492699	-0.38461044
6.0592519	-0.38587722
6.0692338	-0.38714607
6.0792158	-0.38841698
6.0891978	-0.38968996
6.0991798	-0.390965
6.1091618	-0.3922421
6.1191438	-0.39352127
6.1291258	-0.39480251
6.1391078	-0.3960858
6.1490898	-0.39737117
6.1590718	-0.39865859
6.1690538	-0.39994808
6.1790358	-0.40123964
6.1890178	-0.40253325
6.1989998	-0.40382893
6.2089818	-0.40512668
6.2189638	-0.40642649
6.2289458	-0.40772836
6.2389278	-0.40903229
6.2489098	-0.41033829
6.2588918	-0.41164635
6.2688738	-0.41295648
6.2788558	-0.41426866
6.2888378	-0.41558291
6.2988198	-0.41689922
6.3088018	-0.4182176
6.3187838	-0.41953804
6.3287658	-0.42086053
6.3387477	-0.4221851
6.3487297	-0.42351172
6.3587117	-0.42484041
6.3686937	-0.42617115
6.3786757	-0.42750396
6.3886577	-0.42883883
6.3986397	-0.43017576
6.4086217	-0.43151476
6.4186037	-0.43285581
6.4285857	-0.43419893
6.4385677	-0.43554411
6.4485497	-0.43689135
6.4585317	-0.43824065
6.4685137	-0.43959201
6.4784957	-0.44094543
6.4884777	-0.44230091
6.4984597	-0.44365845
6.5084417	-0.44501806
6.5184237	-0.44637972
6.5284057	-0.44774344
6.5383877	-0.44910923
6.5483697	-0.45047707
6.5583517	-0.45184698
6.5683337	-0.45321894
6.5783157	-0.45459296
6.5882977	-0.45596905
6.5982797	-0.45734719
6.6082617	-0.45872739
6.6182436	-0.46010966
6.6282256	-0.46149398
6.6382076	-0.46288036
6.6481896	-0.4642688
6.6581716	-0.46565929
6.6681536	-0.46705185
6.6781356	-0.46844647
6.6881176	-0.46984314
6.6980996	-0.47124187
6.7080816	-0.47264267
6.7180636	-0.47404551
6.7280456	-0.47545042
6.7380276	-0.47685739
6.7480096	-0.47826641
6.7579916	-0.47967749
6.7679736	-0.48109063
6.7779556	-0.48250583
6.7879376	-0.48392309
6.7979196	-0.4853424
6.8079016	-0.48676377
6.8178836	-0.4881872
6.8278656	-0.48961268
6.8378476	-0.49104022
6.8478296	-0.49246982
6.8578116	-0.49390147
6.8677936	-0.49533519
6.8777756	-0.49677096
6.8877576	-0.49820878
6.8977395	-0.49964866
6.9077215	-0.5010906
6.9177035	-0.50253459
6.9276855	-0.50398065
6.9376675	-0.50542875
6.9476495	-0.50687891
6.9576315	-0.50833113
6.9676135	-0.50978541
6.9775955	-0.51124174
6.9875775	-0.51270012
6.9975595	-0.51416056
7.0075415	-0.51562306
7.0175235	-0.51708761
7.0275055	-0.51855421
7.0374875	-0.52002288
7.0474695	-0.52149359
7.0574515	-0.52296636
7.0674335	-0.52444119
7.0774155	-0.52591807
7.0873975	-0.527397
7.0973795	-0.52887799
7.1073615	-0.53036103
7.1173435	-0.53184613
7.1273255	-0.53333328
7.1373075	-0.53482249
7.1472895	-0.53631375
7.1572715	-0.53780706
7.1672535	-0.53930242
7.1772354	-0.54079984
7.1872174	-0.54229932
7.1971994	-0.54380084
7.2071814	-0.54530442
7.2171634	-0.54681006
7.2271454	-0.54831774
7.2371274	-0.54982748
7.2471094	-0.55133927
7.2570914	-0.55285312
7.2670734	-0.55436901
7.2770554	-0.55588696
7.2870374	-0.55740696
7.2970194	-0.55892902
7.3070014	-0.56045312
7.3169834	-0.56197928
7.3269654	-0.56350749
7.3369474	-0.56503775
7.3469294	-0.56657006
7.3569114	-0.56810443
7.3668934	-0.56964085
7.3768754	-0.57117931
7.3868574	-0.57271983
7.3968394	-0.5742624
7.4068214	-0.57580702
7.4168034	-0.57735369
7.4267854	-0.57890242
7.4367674	-0.58045319
7.4467493	-0.58200602
7.4567313	-0.58356089
7.4667133	-0.58511782
7.4766953	-0.58667679
7.4866773	-0.58823782
7.4966593	-0.58980089
7.5066413	-0.59136602
7.5166233	-0.59293319
7.5266053	-0.59450242
7.5365873	-0.59607369
7.5465693	-0.59764702
7.5565513	-0.59922239
7.5665333	-0.60079981
7.5765153	-0.60237929
7.5864973	-0.60396081
7.5964793	-0.60554438
7.6064613	-0.60713
7.6164433	-0.60871767
7.6264253	-0.61030738
7.6364073	-0.61189915
7.6463893	-0.61349296
7.6563713	-0.61508882
7.6663533	-0.61668673
7.6763353	-0.61828669
7.6863173	-0.6198887
7.6962993	-0.62149275
7.7062813	-0.62309886
7.7162633	-0.62470701
7.7262452	-0.6263172
7.7362272	-0.62792945
7.7462092	-0.62954374
7.7561912	-0.63116008
7.7661732	-0.63277847
7.7761552	-0.6343989
7.7861372	-0.63602138
7.7961192	-0.63764591
7.8061012	-0.63927248
7.8160832	-0.6409011
7.8260652	-0.64253177
7.8360472	-0.64416448
7.8460292	-0.64579924
7.8560112	-0.64743605
7.8659932	-0.6490749
7.8759752	-0.6507158
7.8859572	-0.65235874
7.8959392	-0.65400373
7.9059212	-0.65565076
7.9159032	-0.65729984
7.9258852	-0.65895097
7.9358672	-0.66060414
7.9458492	-0.66225936
7.9558312	-0.66391662
7.9658132	-0.66557592
7.9757952	-0.66723727
7.9857772	-0.66890067
7.9957592	-0.67056611
8.0057411	-0.67223359
8.0157231	-0.67390312
8.0257051	-0.67557469
8.0356871	-0.67724831
8.0456691	-0.67892397
8.0556511	-0.68060168
8.0656331	-0.68228143
8.0756151	-0.68396322
8.0855971	-0.68564705
8.0955791	-0.68733293
8.1055611	-0.68902086
8.1155431	-0.69071082
8.1255251	-0.69240283
8.1355071	-0.69409688
8.1454891	-0.69579298
8.1554711	-0.69749111
8.1654531	-0.69919129
8.1754351	-0.70089352
8.1854171	-0.70259778
8.1953991	-0.70430409
8.2053811	-0.70601244
8.2153631	-0.70772283
8.2253451	-0.70943526
8.2353271	-0.71114974
8.2453091	-0.71286626
8.2552911	-0.71458482
8.2652731	-0.71630542
8.2752551	-0.71802806
8.285237	-0.71975274
8.295219	-0.72147947
8.305201	-0.72320823
8.315183	-0.72493904
8.325165	-0.72667188
8.335147	-0.72840677
8.345129	-0.7301437
8.355111	-0.73188267
8.365093	-0.73362368
8.375075	-0.73536673
8.385057	-0.73711182
8.395039	-0.73885895
8.405021	-0.74060811
8.415003	-0.74235932
8.424985	-0.74411257
8.434967	-0.74586786
8.444949	-0.74762519
8.454931	-0.74938456
8.464913	-0.75114596
8.474895	-0.75290941
8.484877	-0.75467489
8.494859	-0.75644241
8.504841	-0.75821198
8.514823	-0.75998358
8.524805	-0.76175721
8.534787	-0.76353289
8.544769	-0.76531061
8.554751	-0.76709036
8.5647329	-0.76887215
8.5747149	-0.77065598
8.5846969	-0.77244185
8.5946789	-0.77422975
8.6046609	-0.7760197
8.6146429	-0.77781168
8.6246249	-0.77960569
8.6346069	-0.78140175
8.6445889	-0.78319984
8.6545709	-0.78499997
8.6645529	-0.78680213
8.6745349	-0.78860633
8.6845169	-0.79041257
8.6944989	-0.79222085
8.7044809	-0.79403116
8.7144629	-0.7958435
8.7244449	-0.79765789
8.7344269	-0.79947431
8.7444089	-0.80129276
8.7543909	-0.80311325
8.7643729	-0.80493578
8.7743549	-0.80676034
8.7843369	-0.80858694
8.7943189	-0.81041557
8.8043009	-0.81224624
8.8142829	-0.81407894
8.8242649	-0.81591368
8.8342468	-0.81775045
8.8442288	-0.81958926
8.8542108	-0.8214301
8.8641928	-0.82327298
8.8741748	-0.82511789
8.8841568	-0.82696484
8.8941388	-0.82881381
8.9041208	-0.83066483
8.9141028	-0.83251787
8.9240848	-0.83437295
8.9340668	-0.83623007
8.9440488	-0.83808921
8.9540308	-0.8399504
8.9640128	-0.84181361
8.9739948	-0.84367886
8.9839768	-0.84554614
8.9939588	-0.84741545
9.0039408	-0.84928679
9.0139228	-0.85116017
9.0239048	-0.85303558
9.0338868	-0.85491302
9.0438688	-0.8567925
9.0538508	-0.85867401
9.0638328	-0.86055754
9.0738148	-0.86244311
9.0837968	-0.86433072
9.0937788	-0.86622035
9.1037608	-0.86811202
9.1137427	-0.87000571
9.1237247	-0.87190144
9.1337067	-0.8737992
9.1436887	-0.87569899
9.1536707	-0.87760081
9.1636527	-0.87950466
9.1736347	-0.88141054
9.1836167	-0.88331846
9.1935987	-0.8852284
9.2035807	-0.88714037
9.2135627	-0.88905438
9.2235447	-0.89097041
9.2335267	-0.89288847
9.2435087	-0.89480856
9.2534907	-0.89673069
9.2634727	-0.89865484
9.2734547	-0.90058102
9.2834367	-0.90250923
9.2934187	-0.90443947
9.3034007	-0.90637174
9.3133827	-0.90830603
9.3233647	-0.91024236
9.3333467	-0.91218071
9.3433287	-0.91412109
9.3533107	-0.9160635
9.3632927	-0.91800794
9.3732747	-0.91995441
9.3832567	-0.9219029
9.3932386	-0.92385343
9.4032206	-0.92580598
9.4132026	-0.92776056
9.4231846	-0.92971716
9.4331666	-0.93167579
9.4431486	-0.93363645
9.4531306	-0.93559914
9.4631126	-0.93756385
9.4730946	-0.93953059
9.4830766	-0.94149936
9.4930586	-0.94347015
9.5030406	-0.94544297
9.5130226	-0.94741782
9.5230046	-0.94939469
9.5329866	-0.95137358
9.5429686	-0.95335451
9.5529506	-0.95533746
9.5629326	-0.95732243
9.5729146	-0.95930943
9.5828966	-0.96129846
9.5928786	-0.96328951
9.6028606	-0.96528258
9.6128426	-0.96727768
9.6228246	-0.96927481
9.6328066	-0.97127396
9.6427886	-0.97327513
9.6527706	-0.97527833
9.6627526	-0.97728355
9.6727345	-0.9792908
9.6827165	-0.98130007
9.6926985	-0.98331136
9.7026805	-0.98532468
9.7126625	-0.98734002
9.7226445	-0.98935739
9.7326265	-0.99137678
9.7426085	-0.99339819
9.7525905	-0.99542162
9.7625725	-0.99744708
9.7725545	-0.99947456
9.7825365	-1.0015041
9.7925185	-1.0035356
9.8025005	-1.0055691
9.8124825	-1.0076047
9.8224645	-1.0096423
9.8324465	-1.0116819
9.8424285	-1.0137235
9.8524105	-1.0157672
9.8623925	-1.0178129
9.8723745	-1.0198606
9.8823565	-1.0219103
9.8923385	-1.023962
9.9023205	-1.0260158
9.9123025	-1.0280716
9.9222845	-1.0301294
9.9322665	-1.0321892
9.9422484	-1.0342511
9.9522304	-1.0363149
9.9622124	-1.0383808
9.9721944	-1.0404487
9.9821764	-1.0425186
9.9921584	-1.0445906
10.00214	-1.0466646
10.012122	-1.0487405
10.022104	-1.0508185
10.032086	-1.0528986
10.042068	-1.0549806
10.05205	-1.0570647
10.062032	-1.0591507
10.072014	-1.0612388
10.081996	-1.063329
10.091978	-1.0654211
10.10196	-1.0675152
10.111942	-1.0696114
10.121924	-1.0717096
10.131906	-1.0738098
10.141888	-1.075912
10.15187	-1.0780163
10.161852	-1.0801225
10.171834	-1.0822308
10.181816	-1.0843411
10.191798	-1.0864534
10.20178	-1.0885677
10.211762	-1.0906841
10.221744	-1.0928024
10.231726	-1.0949228
10.241708	-1.0970452
10.25169	-1.0991696
10.261672	-1.101296
10.271654	-1.1034245
10.281636	-1.1055549
10.291618	-1.1076874
10.3016	-1.1098219
10.311582	-1.1119584
10.321564	-1.1140969
10.331546	-1.1162374
10.341528	-1.11838
10.35151	-1.1205245
10.361492	-1.1226711
10.371474	-1.1248197
10.381456	-1.1269703
10.391438	-1.1291229
10.40142	-1.1312775
10.411402	-1.1334342
10.421384	-1.1355928
10.431366	-1.1377535
10.441348	-1.1399162
10.45133	-1.1420809
10.461312	-1.1442476
10.471294	-1.1464163
10.481276	-1.148587
10.491258	-1.1507598
10.50124	-1.1529345
10.511222	-1.1551113
10.521204	-1.1572901
10.531186	-1.1594709
10.541168	-1.1616537
10.55115	-1.1638385
10.561132	-1.1660253
10.571114	-1.1682142
10.581096	-1.170405
10.591078	-1.1725979
10.60106	-1.1747928
10.611042	-1.1769896
10.621024	-1.1791885
10.631006	-1.1813894
10.640988	-1.1835923
10.65097	-1.1857973
10.660952	-1.1880042
10.670934	-1.1902131
10.680916	-1.1924241
10.690898	-1.1946371
10.70088	-1.196852
10.710862	-1.199069
10.720844	-1.201288
10.730826	-1.203509
10.740808	-1.205732
10.75079	-1.207957
10.760772	-1.210184
10.770754	-1.2124131
10.780736	-1.2146441
10.790718	-1.2168771
10.8007	-1.2191122
10.810682	-1.2213493
10.820664	-1.2235883
10.830646	-1.2258294
10.840628	-1.2280725
10.85061	-1.2303176
10.860592	-1.2325647
10.870574	-1.2348138
10.880556	-1.2370649
10.890538	-1.239318
10.90052	-1.2415731
10.910502	-1.2438302
10.920484	-1.2460894
10.930466	-1.2483505
10.940448	-1.2506136
10.95043	-1.2528788
10.960412	-1.2551459
10.970394	-1.2574151
10.980376	-1.2596863
10.990358	-1.2619594
11.00034	-1.2642346
11.010322	-1.2665118
11.020304	-1.268791
11.030286	-1.2710721
11.040268	-1.2733553
11.05025	-1.2756405
11.060232	-1.2779277
11.070214	-1.2802169
11.080196	-1.2825081
11.090178	-1.2848013
11.10016	-1.2870965
11.110142	-1.2893937
11.120124	-1.2916929
11.130106	-1.2939941
11.140088	-1.2962974
11.15007	-1.2986026
11.160052	-1.3009098
11.170034	-1.303219
11.180016	-1.3055302
11.189998	-1.3078434
11.19998	-1.3101587
11.209962	-1.3124759
11.219944	-1.3147951
11.229926	-1.3171163
11.239908	-1.3194396
11.24989	-1.3217648
11.259872	-1.324092
11.269854	-1.3264212
11.279836	-1.3287525
11.289818	-1.3310857
11.2998	-1.3334209
11.309782	-1.3357581
11.319764	-1.3380973
11.329746	-1.3404386
11.339728	-1.3427818
11.34971	-1.345127
11.359692	-1.3474742
11.369674	-1.3498234
11.379656	-1.3521746
11.389638	-1.3545278
11.39962	-1.356883
11.409602	-1.3592403
11.419584	-1.3615994
11.429566	-1.3639606
11.439548	-1.3663238
11.44953	-1.368689
11.459512	-1.3710562
11.469494	-1.3734254
11.479476	-1.3757966
11.489458	-1.3781698
11.49944	-1.3805449
11.509422	-1.3829221
11.519404	-1.3853013
11.529386	-1.3876824
11.539368	-1.3900656
11.54935	-1.3924507
11.559332	-1.3948378
11.569314	-1.397227
11.579296	-1.3996181
11.589278	-1.4020112
11.59926	-1.4044064
11.609242	-1.4068035
11.619224	-1.4092026
11.629206	-1.4116037
11.639188	-1.4140068
11.64917	-1.4164118
11.659152	-1.4188189
11.669134	-1.421228
11.679116	-1.4236391
11.689098	-1.4260521
11.69908	-1.4284672
11.709062	-1.4308842
11.719044	-1.4333032
11.729026	-1.4357242
11.739008	-1.4381473
11.74899	-1.4405723
11.758972	-1.4429993
11.768954	-1.4454282
11.778936	-1.4478592
11.788918	-1.4502922
11.7989	-1.4527271
11.808882	-1.4551641
11.818864	-1.457603
11.828846	-1.4600439
11.838828	-1.4624869
11.84881	-1.4649318
11.858792	-1.4673787
11.868774	-1.4698275
11.878756	-1.4722784
11.888738	-1.4747313
11.89872	-1.4771861
11.908702	-1.479643
11.918684	-1.4821018
11.928666	-1.4845626
11.938648	-1.4870254
11.94863	-1.4894902
11.958612	-1.491957
11.968594	-1.4944257
11.978576	-1.4968965
11.988558	-1.4993692
11.99854	-1.5018439
12.008522	-1.5043206
12.018504	-1.5067993
12.028486	-1.50928
12.038468	-1.5117627
12.04845	-1.5142473
12.058432	-1.5167339
12.068414	-1.5192226
12.078396	-1.5217132
12.088378	-1.5242057
12.09836	-1.5267003
12.108342	-1.5291969
12.118324	-1.5316954
12.128306	-1.5341959
12.138288	-1.5366984
12.14827	-1.5392029
12.158252	-1.5417094
12.168234	-1.5442179
12.178216	-1.5467283
12.188198	-1.5492407
12.19818	-1.5517551
12.208162	-1.5542715
12.218144	-1.5567899
12.228126	-1.5593102
12.238108	-1.5618326
12.24809	-1.5643569
12.258072	-1.5668832
12.268054	-1.5694114
12.278036	-1.5719417
12.288018	-1.5744739
12.298	-1.5770081
12.307982	-1.5795443
12.317964	-1.5820825
12.327946	-1.5846227
12.337928	-1.5871648
12.34791	-1.5897089
12.357892	-1.592255
12.367874	-1.5948031
12.377856	-1.5973531
12.387838	-1.5999052
12.39782	-1.6024592
12.407802	-1.6050152
12.417784	-1.6075731
12.427766	-1.6101331
12.437748	-1.612695
12.44773	-1.6152589
12.457712	-1.6178247
12.467694	-1.6203926
12.477676	-1.6229624
12.487658	-1.6255342
12.49764	-1.628108
12.507622	-1.6306837
12.517604	-1.6332615
12.527586	-1.6358412
12.537568	-1.6384228
12.54755	-1.6410065
12.557532	-1.6435921
12.567514	-1.6461797
12.577495	-1.6487693
12.587477	-1.6513608
12.597459	-1.6539544
12.607441	-1.6565499
12.617423	-1.6591473
12.627405	-1.6617468
12.637387	-1.6643482
12.647369	-1.6669516
12.657351	-1.669557
12.667333	-1.6721643
12.677315	-1.6747736
12.687297	-1.6773849
12.697279	-1.6799981
12.707261	-1.6826133
12.717243	-1.6852305
12.727225	-1.6878497
12.737207	-1.6904708
12.747189	-1.6930939
12.757171	-1.695719
12.767153	-1.6983461
12.777135	-1.7009751
12.787117	-1.7036061
12.797099	-1.706239
12.807081	-1.7088739
12.817063	-1.7115108
12.827045	-1.7141497
12.837027	-1.7167905
12.847009	-1.7194333
12.856991	-1.7220781
12.866973	-1.7247248
12.876955	-1.7273735
12.886937	-1.7300242
12.896919	-1.7326768
12.906901	-1.7353314
12.916883	-1.737988
12.926865	-1.7406465
12.936847	-1.743307
12.946829	-1.7459695
12.956811	-1.7486339
12.966793	-1.7513003
12.976775	-1.7539687
12.986757	-1.756639
12.996739	-1.7593113
13.006721	-1.7619856
13.016703	-1.7646618
13.026685	-1.76734
13.036667	-1.7700201
13.046649	-1.7727022
13.056631	-1.7753863
13.066613	-1.7780723
13.076595	-1.7807603
13.086577	-1.7834503
13.096559	-1.7861422
13.106541	-1.7888361
13.116523	-1.791532
13.126505	-1.7942298
13.136487	-1.7969295
13.146469	-1.7996313
13.156451	-1.802335
13.166433	-1.8050406
13.176415	-1.8077482
13.186397	-1.8104578
13.196379	-1.8131694
13.206361	-1.8158829
13.216343	-1.8185983
13.226325	-1.8213157
13.236307	-1.8240351
13.246289	-1.8267564
13.256271	-1.8294797
13.266253	-1.832205
13.276235	-1.8349322
13.286217	-1.8376613
13.296199	-1.8403925
13.306181	-1.8431255
13.316163	-1.8458606
13.326145	-1.8485976
13.336127	-1.8513365
13.346109	-1.8540774
13.356091	-1.8568203
13.366073	-1.8595651
13.376055	-1.8623119
13.386037	-1.8650606
13.396019	-1.8678113
13.406001	-1.8705639
13.415983	-1.8733185
13.425965	-1.876075
13.435947	-1.8788335
13.445929	-1.881594
13.455911	-1.8843564
13.465893	-1.8871208
13.475875	-1.8898871
13.485857	-1.8926553
13.495839	-1.8954256
13.505821	-1.8981977
13.515803	-1.9009718
13.525785	-1.9037479
13.535767	-1.9065259
13.545749	-1.9093059
13.555731	-1.9120878
13.565713	-1.9148717
13.575695	-1.9176575
13.585677	-1.9204453
13.595659	-1.923235
13.605641	-1.9260267
13.615623	-1.9288203
13.625605	-1.9316159
13.635587	-1.9344134
13.645569	-1.9372129
13.655551	-1.9400143
13.665533	-1.9428177
13.675515	-1.945623
13.685497	-1.9484303
13.695479	-1.9512395
13.705461	-1.9540506
13.715443	-1.9568637
13.725425	-1.9596788
13.735407	-1.9624958
13.745389	-1.9653147
13.755371	-1.9681356
13.765353	-1.9709584
13.775335	-1.9737832
13.785317	-1.9766099
13.795299	-1.9794386
13.805281	-1.9822692
13.815263	-1.9851018
13.825245	-1.9879363
13.835227	-1.9907727
13.845209	-1.9936111
13.855191	-1.9964514
13.865173	-1.9992937
13.875155	-2.0021379
13.885137	-2.004984
13.895119	-2.0078321
13.905101	-2.0106822
13.915083	-2.0135341
13.925065	-2.0163881
13.935047	-2.0192439
13.945029	-2.0221017
13.955011	-2.0249615
13.964993	-2.0278231
13.974975	-2.0306868
13.984957	-2.0335523
13.994939	-2.0364198
14.004921	-2.0392892
14.014903	-2.0421606
14.024885	-2.0450339
14.034867	-2.0479092
14.044849	-2.0507864
14.054831	-2.0536655
14.064813	-2.0565465
14.074795	-2.0594295
14.084777	-2.0623145
14.094759	-2.0652013
14.104741	-2.0680901
14.114723	-2.0709809
14.124705	-2.0738735
14.134687	-2.0767682
14.144669	-2.0796647
14.154651	-2.0825632
14.164633	-2.0854636
14.174615	-2.0883659
14.184597	-2.0912702
14.194579	-2.0941764
14.204561	-2.0970846
14.214543	-2.0999946
14.224525	-2.1029067
14.234507	-2.1058206
14.244489	-2.1087365
14.254471	-2.1116543
14.264453	-2.114574
14.274435	-2.1174957
14.284417	-2.1204193
14.294399	-2.1233448
14.304381	-2.1262723
14.314363	-2.1292016
14.324345	-2.132133
14.334327	-2.1350662
14.344309	-2.1380014
14.354291	-2.1409385
14.364273	-2.1438775
14.374255	-2.1468185
14.384237	-2.1497614
14.394219	-2.1527062
14.404201	-2.1556529
14.414183	-2.1586016
14.424165	-2.1615522
14.434147	-2.1645047
14.444129	-2.1674591
14.454111	-2.1704155
14.464093	-2.1733738
14.474075	-2.176334
14.484057	-2.1792962
14.494039	-2.1822602
14.504021	-2.1852262
14.514003	-2.1881941
14.523985	-2.191164
14.533967	-2.1941357
14.543949	-2.1971094
14.553931	-2.200085
14.563913	-2.2030625
14.573895	-2.206042
14.583877	-2.2090234
14.593859	-2.2120067
14.603841	-2.2149919
14.613823	-2.217979
14.623805	-2.2209681
14.633787	-2.223959
14.643769	-2.2269519
14.653751	-2.2299467
14.663733	-2.2329435
14.673715	-2.2359421
14.683697	-2.2389427
14.693679	-2.2419452
14.703661	-2.2449496
14.713643	-2.2479559
14.723625	-2.2509641
14.733607	-2.2539743
14.743589	-2.2569864
14.753571	-2.2600003
14.763553	-2.2630162
14.773535	-2.2660341
14.783517	-2.2690538
14.793499	-2.2720754
14.803481	-2.275099
14.813463	-2.2781245
14.823445	-2.2811519
14.833427	-2.2841812
14.843409	-2.2872124
14.853391	-2.2902455
14.863373	-2.2932806
14.873355	-2.2963175
14.883337	-2.2993564
14.893319	-2.3023972
14.903301	-2.3054398
14.913283	-2.3084844
14.923265	-2.3115309
14.933247	-2.3145794
14.943229	-2.3176297
14.953211	-2.3206819
14.963193	-2.3237361
14.973175	-2.3267921
14.983157	-2.3298501
14.993139	-2.33291
15.003121	-2.3359718
15.013103	-2.3390354
15.023085	-2.342101
15.033067	-2.3451685
15.043049	-2.348238
15.053031	-2.3513093
15.063013	-2.3543825
15.072995	-2.3574576
15.082977	-2.3605347
15.092959	-2.3636136
15.102941	-2.3666944
15.112923	-2.3697772
15.122905	-2.3728618
15.132887	-2.3759484
15.142869	-2.3790368
15.152851	-2.3821272
15.162833	-2.3852195
15.172815	-2.3883136
15.182797	-2.3914097
15.192779	-2.3945077
15.202761	-2.3976075
15.212743	-2.4007093
15.222725	-2.403813
15.232707	-2.4069185
15.242689	-2.410026
15.252671	-2.4131354
15.262653	-2.4162466
15.272635	-2.4193598
15.282617	-2.4224749
15.292599	-2.4255918
15.302581	-2.4287107
15.312563	-2.4318314
15.322545	-2.4349541
15.332527	-2.4380787
15.342509	-2.4412051
15.35249	-2.4443334
15.362472	-2.4474637
15.372454	-2.4505958
15.382436	-2.4537298
15.392418	-2.4568658
15.4024	-2.4600036
15.412382	-2.4631433
15.422364	-2.4662849
15.432346	-2.4694284
15.442328	-2.4725738
15.45231	-2.4757211
15.462292	-2.4788702
15.472274	-2.4820213
15.482256	-2.4851743
15.492238	-2.4883291
15.50222	-2.4914859
15.512202	-2.4946445
15.522184	-2.497805
15.532166	-2.5009674
15.542148	-2.5041317
15.55213	-2.5072979
15.562112	-2.510466
15.572094	-2.5136359
15.582076	-2.5168078
15.592058	-2.5199815
15.60204	-2.5231572
15.612022	-2.5263347
15.622004	-2.5295141
15.631986	-2.5326954
15.641968	-2.5358785
15.65195	-2.5390636
15.661932	-2.5422505
15.671914	-2.5454393
15.681896	-2.5486301
15.691878	-2.5518226
15.70186	-2.5550171
15.711842	-2.5582135
15.721824	-2.5614117
15.731806	-2.5646118
15.741788	-2.5678138
15.75177	-2.5710177
15.761752	-2.5742235
15.771734	-2.5774311
15.781716	-2.5806407
15.791698	-2.5838521
15.80168	-2.5870654
15.811662	-2.5902805
15.821644	-2.5934976
15.831626	-2.5967165
15.841608	-2.5999373
15.85159	-2.60316
15.861572	-2.6063845
15.871554	-2.609611
15.881536	-2.6128393
15.891518	-2.6160695
15.9015	-2.6193015
15.911482	-2.6225355
15.921464	-2.6257713
15.931446	-2.629009
15.941428	-2.6322485
15.95141	-2.63549
15.961392	-2.6387333
15.971374	-2.6419785
15.981356	-2.6452255
15.991338	-2.6484745
16.00132	-2.6517253
16.011302	-2.6549779
16.021284	-2.6582325
16.031266	-2.6614889
16.041248	-2.6647472
16.05123	-2.6680073
16.061212	-2.6712694
16.071194	-2.6745333
16.081176	-2.677799
16.091158	-2.6810666
16.10114	-2.6843361
16.111122	-2.6876075
16.121104	-2.6908807
16.131086	-2.6941558
16.141068	-2.6974328
16.15105	-2.7007117
16.161032	-2.7039924
16.171014	-2.7072749
16.180996	-2.7105593
16.190978	-2.7138456
16.20096	-2.7171338
16.210942	-2.7204238
16.220924	-2.7237157
16.230906	-2.7270095
16.240888	-2.7303051
16.25087	-2.7336025
16.260852	-2.7369019
16.270834	-2.7402031
16.280816	-2.7435061
16.290798	-2.7468111
16.30078	-2.7501178
16.310762	-2.7534265
16.320744	-2.756737
16.330726	-2.7600493
16.340708	-2.7633635
16.35069	-2.7666796
16.360672	-2.7699976
16.370654	-2.7733173
16.380636	-2.776639
16.390618	-2.7799625
16.4006	-2.7832879
16.410582	-2.7866151
16.420564	-2.7899441
16.430546	-2.7932751
16.440528	-2.7966078
16.45051	-2.7999425
16.460492	-2.803279
16.470474	-2.8066173
16.480456	-2.8099575
16.490438	-2.8132995
16.50042	-2.8166434
16.510402	-2.8199892
16.520384	-2.8233368
16.530366	-2.8266863
16.540348	-2.8300376
16.55033	-2.8333907
16.560312	-2.8367457
16.570294	-2.8401026
16.580276	-2.8434613
16.590258	-2.8468218
16.60024	-2.8501842
16.610222	-2.8535485
16.620204	-2.8569145
16.630186	-2.8602825
16.640168	-2.8636523
16.65015	-2.8670239
16.660132	-2.8703974
16.670114	-2.8737727
16.680096	-2.8771499
16.690078	-2.8805289
16.70006	-2.8839097
16.710042	-2.8872924
16.720024	-2.890677
16.730006	-2.8940633
16.739988	-2.8974516
16.74997	-2.9008416
16.759952	-2.9042335
16.769934	-2.9076273
16.779916	-2.9110229
16.789898	-2.9144203
16.79988	-2.9178196
16.809862	-2.9212207
16.819844	-2.9246236
16.829826	-2.9280284
16.839808	-2.931435
16.84979	-2.9348435
16.859772	-2.9382538
16.869754	-2.9416659
16.879736	-2.9450799
16.889718	-2.9484957
16.8997	-2.9519133
16.909682	-2.9553328
16.919664	-2.9587541
16.929646	-2.9621773
16.939628	-2.9656022
16.94961	-2.9690291
16.959592	-2.9724577
16.969574	-2.9758882
16.979556	-2.9793205
16.989538	-2.9827546
16.99952	-2.9861906
17.009502	-2.9896284
17.019484	-2.993068
17.029466	-2.9965095
17.039448	-2.9999528
17.04943	-3.0033979
17.059412	-3.0068448
17.069394	-3.0102936
17.079376	-3.0137442
17.089358	-3.0171966
17.09934	-3.0206509
17.109322	-3.0241069
17.119304	-3.0275649
17.129286	-3.0310246
17.139268	-3.0344861
17.14925	-3.0379495
17.159232	-3.0414147
17.169214	-3.0448817
17.179196	-3.0483506
17.189178	-3.0518213
17.19916	-3.0552938
17.209142	-3.0587681
17.219124	-3.0622442
17.229106	-3.0657222
17.239088	-3.0692019
17.24907	-3.0726835
17.259052	-3.076167
17.269034	-3.0796522
17.279016	-3.0831392
17.288998	-3.0866281
17.29898	-3.0901188
17.308962	-3.0936113
17.318944	-3.0971056
17.328926	-3.1006018
17.338908	-3.1040997
17.34889	-3.1075995
17.358872	-3.1111011
17.368854	-3.1146045
17.378836	-3.1181097
17.388818	-3.1216167
17.3988	-3.1251256
17.408782	-3.1286362
17.418764	-3.1321487
17.428746	-3.1356629
17.438728	-3.139179
17.44871	-3.1426969
17.458692	-3.1462166
17.468674	-3.1497382
17.478656	-3.1532615
17.488638	-3.1567866
17.49862	-3.1603136
17.508602	-3.1638423
17.518584	-3.1673729
17.528566	-3.1709052
17.538548	-3.1744394
17.54853	-3.1779754
17.558512	-3.1815132
17.568494	-3.1850528
17.578476	-3.1885942
17.588458	-3.1921374
17.59844	-3.1956824
17.608422	-3.1992292
17.618404	-3.2027778
17.628386	-3.2063282
17.638368	-3.2098804
17.64835	-3.2134344
17.658332	-3.2169902
17.668314	-3.2205478
17.678296	-3.2241072
17.688278	-3.2276685
17.69826	-3.2312315
17.708242	-3.2347963
17.718224	-3.2383629
17.728206	-3.2419313
17.738188	-3.2455015
17.74817	-3.2490735
17.758152	-3.2526473
17.768134	-3.2562229
17.778116	-3.2598003
17.788098	-3.2633795
17.79808	-3.2669605
17.808062	-3.2705432
17.818044	-3.2741278
17.828026	-3.2777141
17.838008	-3.2813023
17.84799	-3.2848922
17.857972	-3.288484
17.867954	-3.2920775
17.877936	-3.2956728
17.887918	-3.2992699
17.8979	-3.3028688
17.907882	-3.3064695
17.917864	-3.310072
17.927846	-3.3136762
17.937828	-3.3172823
17.94781	-3.3208901
17.957792	-3.3244997
17.967774	-3.3281111
17.977756	-3.3317243
17.987738	-3.3353393
17.99772	-3.3389561
18.007702	-3.3425746
18.017684	-3.3461949
18.027666	-3.349817
18.037648	-3.3534409
18.04763	-3.3570666
18.057612	-3.3606941
18.067594	-3.3643233
18.077576	-3.3679543
18.087558	-3.3715871
18.09754	-3.3752217
18.107522	-3.3788581
18.117504	-3.3824962
18.127485	-3.3861361
18.137467	-3.3897778
18.147449	-3.3934213
18.157431	-3.3970665
18.167413	-3.4007136
18.177395	-3.4043624
18.187377	-3.4080129
18.197359	-3.4116653
18.207341	-3.4153194
18.217323	-3.4189753
18.227305	-3.422633
18.237287	-3.4262924
18.247269	-3.4299536
18.257251	-3.4336166
18.267233	-3.4372814
18.277215	-3.4409479
18.287197	-3.4446162
18.297179	-3.4482863
18.307161	-3.4519581
18.317143	-3.4556317
18.327125	-3.4593071
18.337107	-3.4629843
18.347089	-3.4666632
18.357071	-3.4703439
18.367053	-3.4740263
18.377035	-3.4777105
18.387017	-3.4813965
18.396999	-3.4850842
18.406981	-3.4887737
18.416963	-3.492465
18.426945	-3.496158
18.436927	-3.4998528
18.446909	-3.5035494
18.456891	-3.5072477
18.466873	-3.5109478
18.476855	-3.5146496
18.486837	-3.5183532
18.496819	-3.5220586
18.506801	-3.5257657
18.516783	-3.5294746
18.526765	-3.5331852
18.536747	-3.5368976
18.546729	-3.5406117
18.556711	-3.5443277
18.566693	-3.5480453
18.576675	-3.5517647
18.586657	-3.5554859
18.596639	-3.5592088
18.606621	-3.5629335
18.616603	-3.5666599
18.626585	-3.5703881
18.636567	-3.5741181
18.646549	-3.5778498
18.656531	-3.5815832
18.666513	-3.5853184
18.676495	-3.5890553
18.686477	-3.592794
18.696459	-3.5965345
18.706441	-3.6002767
18.716423	-3.6040206
18.726405	-3.6077663
18.736387	-3.6115137
18.746369	-3.6152629
18.756351	-3.6190139
18.766333	-3.6227665
18.776315	-3.6265209
18.786297	-3.6302771
18.796279	-3.634035
18.806261	-3.6377947
18.816243	-3.6415561
18.826225	-3.6453192
18.836207	-3.6490841
18.846189	-3.6528507
18.856171	-3.6566191
18.866153	-3.6603892
18.876135	-3.664161
18.886117	-3.6679346
18.896099	-3.6717099
18.906081	-3.675487
18.916063	-3.6792658
18.926045	-3.6830463
18.936027	-3.6868286
18.946009	-3.6906126
18.955991	-3.6943983
18.965973	-3.6981858
18.975955	-3.701975
18.985937	-3.7057659
18.995919	-3.7095586
19.005901	-3.713353
19.015883	-3.7171492
19.025865	-3.7209471
19.035847	-3.7247467
19.045829	-3.728548
19.055811	-3.7323511
19.065793	-3.7361559
19.075775	-3.7399624
19.085757	-3.7437706
19.095739	-3.7475806
19.105721	-3.7513923
19.115703	-3.7552058
19.125685	-3.7590209
19.135667	-3.7628378
19.145649	-3.7666565
19.155631	-3.7704768
19.165613	-3.7742989
19.175595	-3.7781226
19.185577	-3.7819482
19.195559	-3.7857754
19.205541	-3.7896044
19.215523	-3.793435
19.225505	-3.7972674
19.235487	-3.8011016
19.245469	-3.8049374
19.255451	-3.808775
19.265433	-3.8126142
19.275415	-3.8164552
19.285397	-3.8202979
19.295379	-3.8241424
19.305361	-3.8279885
19.315343	-3.8318364
19.325325	-3.835686
19.335307	-3.8395373
19.345289	-3.8433903
19.355271	-3.847245
19.365253	-3.8511014
19.375235	-3.8549596
19.385217	-3.8588195
19.395199	-3.862681
19.405181	-3.8665443
19.415163	-3.8704093
19.425145	-3.874276
19.435127	-3.8781444
19.445109	-3.8820146
19.455091	-3.8858864
19.465073	-3.8897599
19.475055	-3.8936352
19.485037	-3.8975122
19.495019	-3.9013908
19.505001	-3.9052712
19.514983	-3.9091533
19.524965	-3.913037
19.534947	-3.9169225
19.544929	-3.9208097
19.554911	-3.9246986
19.564893	-3.9285892
19.574875	-3.9324815
19.584857	-3.9363755
19.594839	-3.9402712
19.604821	-3.9441686
19.614803	-3.9480677
19.624785	-3.9519685
19.634767	-3.9558709
19.644749	-3.9597751
19.654731	-3.963681
19.664713	-3.9675886
19.674695	-3.9714979
19.684677	-3.9754089
19.694659	-3.9793215
19.704641	-3.9832359
19.714623	-3.987152
19.724605	-3.9910697
19.734587	-3.9949892
19.744569	-3.9989103
19.754551	-4.0028331
19.764533	-4.0067576
19.774515	-4.0106839
19.784497	-4.0146118
19.794479	-4.0185413
19.804461	-4.0224726
19.814443	-4.0264056
19.824425	-4.0303402
19.834407	-4.0342766
19.844389	-4.0382146
19.854371	-4.0421543
19.864353	-4.0460957
19.874335	-4.0500388
19.884317	-4.0539836
19.894299	-4.05793
19.904281	-4.0618782
19.914263	-4.065828
19.924245	-4.0697795
19.934227	-4.0737327
19.944209	-4.0776876
19.954191	-4.0816441
19.964173	-4.0856023
19.974155	-4.0895622
19.984137	-4.0935238
19.994119	-4.0974871
20.004101	-4.101452
20.014083	-4.1054186
20.024065	-4.1093869
20.034047	-4.1133569
20.044029	-4.1173285
20.054011	-4.1213018
20.063993	-4.1252768
20.073975	-4.1292535
20.083957	-4.1332318
20.093939	-4.1372118
20.103921	-4.1411935
20.113903	-4.1451769
20.123885	-4.1491619
20.133867	-4.1531486
20.143849	-4.1571369
20.153831	-4.161127
20.163813	-4.1651187
20.173795	-4.169112
20.183777	-4.1731071
20.193759	-4.1771038
20.203741	-4.1811021
20.213723	-4.1851022
20.223705	-4.1891039
20.233687	-4.1931072
20.243669	-4.1971122
20.253651	-4.2011189
20.263633	-4.2051273
20.273615	-4.2091373
20.283597	-4.213149
20.293579	-4.2171623
20.303561	-4.2211773
20.313543	-4.2251939
20.323525	-4.2292122
20.333507	-4.2332322
20.343489	-4.2372538
20.353471	-4.2412771
20.363453	-4.2453021
20.373435	-4.2493287
20.383417	-4.2533569
20.393399	-4.2573868
20.403381	-4.2614184
20.413363	-4.2654516
20.423345	-4.2694865
20.433327	-4.273523
20.443309	-4.2775611
20.453291	-4.281601
20.463273	-4.2856424
20.473255	-4.2896856
20.483237	-4.2937303
20.493219	-4.2977768
20.503201	-4.3018248
20.513183	-4.3058746
20.523165	-4.3099259
20.533147	-4.3139789
20.543129	-4.3180336
20.553111	-4.3220899
20.563093	-4.3261478
20.573075	-4.3302074
20.583057	-4.3342687
20.593039	-4.3383315
20.603021	-4.3423961
20.613003	-4.3464622
20.622985	-4.35053
20.632967	-4.3545995
20.642949	-4.3586705
20.652931	-4.3627433
20.662913	-4.3668176
20.672895	-4.3708936
20.682877	-4.3749713
20.692859	-4.3790505
20.702841	-4.3831315
20.712823	-4.387214
20.722805	-4.3912982
20.732787	-4.395384
20.742769	-4.3994715
20.752751	-4.4035605
20.762733	-4.4076513
20.772715	-4.4117436
20.782697	-4.4158376
20.792679	-4.4199332
20.802661	-4.4240304
20.812643	-4.4281293
20.822625	-4.4322298
20.832607	-4.4363319
20.842589	-4.4404357
20.852571	-4.4445411
20.862553	-4.4486481
20.872535	-4.4527567
20.882517	-4.456867
20.892498	-4.4609789
20.90248	-4.4650924
20.912462	-4.4692075
20.922444	-4.4733243
20.932426	-4.4774427
20.942408	-4.4815627
20.95239	-4.4856843
20.962372	-4.4898075
20.972354	-4.4939324
20.982336	-4.4980589
20.992318	-4.502187
21.0023	-4.5063167
21.012282	-4.5104481
21.022264	-4.514581
21.032246	-4.5187156
21.042228	-4.5228518
21.05221	-4.5269896
21.062192	-4.531129
21.072174	-4.53527
21.082156	-4.5394127
21.092138	-4.5435569
21.10212	-4.5477028
21.112102	-4.5518503
21.122084	-4.5559994
21.132066	-4.5601501
21.142048	-4.5643024
21.15203	-4.5684563
21.162012	-4.5726119
21.171994	-4.576769
21.181976	-4.5809277
21.191958	-4.5850881
21.20194	-4.5892501
21.211922	-4.5934136
21.221904	-4.5975788
21.231886	-4.6017456
21.241868	-4.6059139
21.25185	-4.6100839
21.261832	-4.6142555
21.271814	-4.6184287
21.281796	-4.6226035
21.291778	-4.6267799
21.30176	-4.6309578
21.311742	-4.6351374
21.321724	-4.6393186
21.331706	-4.6435014
21.341688	-4.6476858
21.35167	-4.6518718
21.361652	-4.6560593
21.371634	-4.6602485
21.381616	-4.6644393
21.391598	-4.6686316
21.40158	-4.6728256
21.411562	-4.6770211
21.421544	-4.6812182
21.431526	-4.685417
21.441508	-4.6896173
21.45149	-4.6938192
21.461472	-4.6980227
21.471454	-4.7022278
21.481436	-4.7064345
21.491418	-4.7106427
21.5014	-4.7148526
21.511382	-4.719064
21.521364	-4.7232771
21.531346	-4.7274917
21.541328	-4.7317079
21.55131	-4.7359257
21.561292	-4.740145
21.571274	-4.744366
21.581256	-4.7485885
21.591238	-4.7528126
21.60122	-4.7570383
21.611202	-4.7612656
21.621184	-4.7654945
21.631166	-4.7697249
21.641148	-4.7739569
21.65113	-4.7781905
21.661112	-4.7824257
21.671094	-4.7866624
21.681076	-4.7909007
21.691058	-4.7951406
21.70104	-4.7993821
21.711022	-4.8036252
21.721004	-4.8078698
21.730986	-4.812116
21.740968	-4.8163637
21.75095	-4.8206131
21.760932	-4.824864
21.770914	-4.8291165
21.780896	-4.8333705
21.790878	-4.8376261
21.80086	-4.8418833
21.810842	-4.8461421
21.820824	-4.8504024
21.830806	-4.8546643
21.840788	-4.8589278
21.85077	-4.8631928
21.860752	-4.8674594
21.870734	-4.8717275
21.880716	-4.8759973
21.890698	-4.8802685
21.90068	-4.8845414
21.910662	-4.8888158
21.920644	-4.8930918
21.930626	-4.8973693
21.940608	-4.9016484
21.95059	-4.905929
21.960572	-4.9102112
21.970554	-4.914495
21.980536	-4.9187803
21.990518	-4.9230672
22.0005	-4.9273556
22.010482	-4.9316456
22.020464	-4.9359371
22.030446	-4.9402302
22.040428	-4.9445249
22.05041	-4.9488211
22.060392	-4.9531188
22.070374	-4.9574182
22.080356	-4.961719
22.090338	-4.9660214
22.10032	-4.9703254
22.110302	-4.9746309
22.120284	-4.9789379
22.130266	-4.9832466
22.140248	-4.9875567
22.15023	-4.9918684
22.160212	-4.9961816
22.170194	-5.0004964
22.180176	-5.0048128
22.190158	-5.0091306
22.20014	-5.0134501
22.210122	-5.017771
22.220104	-5.0220935
22.230086	-5.0264176
22.240068	-5.0307432
22.25005	-5.0350703
22.260032	-5.039399
22.270014	-5.0437292
22.279996	-5.0480609
22.289978	-5.0523942
22.29996	-5.056729
22.309942	-5.0610654
22.319924	-5.0654033
22.329906	-5.0697427
22.339888	-5.0740837
22.34987	-5.0784262
22.359852	-5.0827702
22.369834	-5.0871158
22.379816	-5.0914629
22.389798	-5.0958115
22.39978	-5.1001616
22.409762	-5.1045133
22.419744	-5.1088665
22.429726	-5.1132213
22.439708	-5.1175776
22.44969	-5.1219354
22.459672	-5.1262947
22.469654	-5.1306555
22.479636	-5.1350179
22.489618	-5.1393818
22.4996	-5.1437472
22.509582	-5.1481142
22.519564	-5.1524827
22.529546	-5.1568527
22.539528	-5.1612242
22.54951	-5.1655972
22.559492	-5.1699718
22.569474	-5.1743479
22.579456	-5.1787255
22.589438	-5.1831046
22.59942	-5.1874852
22.609402	-5.1918674
22.619384	-5.196251
22.629366	-5.2006362
22.639348	-5.2050229
22.64933	-5.2094111
22.659312	-5.2138008
22.669294	-5.2181921
22.679276	-5.2225848
22.689258	-5.2269791
22.69924	-5.2313749
22.709222	-5.2357722
22.719204	-5.2401709
22.729186	-5.2445713
22.739168	-5.2489731
22.74915	-5.2533764
22.759132	-5.2577812
22.769114	-5.2621876
22.779096	-5.2665954
22.789078	-5.2710047
22.79906	-5.2754156
22.809042	-5.279828
22.819024	-5.2842418
22.829006	-5.2886572
22.838988	-5.293074
22.84897	-5.2974924
22.858952	-5.3019123
22.868934	-5.3063336
22.878916	-5.3107565
22.888898	-5.3151809
22.89888	-5.3196067
22.908862	-5.3240341
22.918844	-5.328463
22.928826	-5.3328933
22.938808	-5.3373252
22.94879	-5.3417585
22.958772	-5.3461934
22.968754	-5.3506297
22.978736	-5.3550675
22.988718	-5.3595068
22.9987	-5.3639476
23.008682	-5.36839
23.018664	-5.3728337
23.028646	-5.377279
23.038628	-5.3817258
23.04861	-5.3861741
23.058592	-5.3906238
23.068574	-5.395075
23.078556	-5.3995278
23.088538	-5.403982
23.09852	-5.4084377
23.108502	-5.4128948
23.118484	-5.4173535
23.128466	-5.4218137
23.138448	-5.4262753
23.14843	-5.4307384
23.158412	-5.435203
23.168394	-5.4396691
23.178376	-5.4441366
23.188358	-5.4486056
23.19834	-5.4530762
23.208322	-5.4575481
23.218304	-5.4620216
23.228286	-5.4664966
23.238268	-5.470973
23.24825	-5.4754509
23.258232	-5.4799302
23.268214	-5.4844111
23.278196	-5.4888934
23.288178	-5.4933772
23.29816	-5.4978624
23.308142	-5.5023492
23.318124	-5.5068374
23.328106	-5.5113271
23.338088	-5.5158182
23.34807	-5.5203108
23.358052	-5.5248049
23.368034	-5.5293004
23.378016	-5.5337975
23.387998	-5.5382959
23.39798	-5.5427959
23.407962	-5.5472973
23.417944	-5.5518002
23.427926	-5.5563045
23.437908	-5.5608103
23.44789	-5.5653176
23.457872	-5.5698263
23.467854	-5.5743365
23.477836	-5.5788481
23.487818	-5.5833613
23.4978	-5.5878758
23.507782	-5.5923918
23.517764	-5.5969093
23.527746	-5.6014283
23.537728	-5.6059487
23.54771	-5.6104705
23.557692	-5.6149938
23.567674	-5.6195186
23.577656	-5.6240448
23.587638	-5.6285725
23.59762	-5.6331016
23.607602	-5.6376322
23.617584	-5.6421642
23.627566	-5.6466977
23.637548	-5.6512326
23.64753	-5.655769
23.657512	-5.6603068
23.667493	-5.6648461
23.677475	-5.6693868
23.687457	-5.6739289
23.697439	-5.6784726
23.707421	-5.6830176
23.717403	-5.6875641
23.727385	-5.692112
23.737367	-5.6966614
23.747349	-5.7012123
23.757331	-5.7057645
23.767313	-5.7103182
23.777295	-5.7148734
23.787277	-5.71943
23.797259	-5.723988
23.807241	-5.7285475
23.817223	-5.7331084
23.827205	-5.7376707
23.837187	-5.7422345
23.847169	-5.7467997
23.857151	-5.7513664
23.867133	-5.7559345
23.877115	-5.760504
23.887097	-5.765075
23.897079	-5.7696474
23.907061	-5.7742212
23.917043	-5.7787964
23.927025	-5.7833731
23.937007	-5.7879512
23.946989	-5.7925308
23.956971	-5.7971117
23.966953	-5.8016941
23.976935	-5.8062779
23.986917	-5.8108632
23.996899	-5.8154499
24.006881	-5.820038
24.016863	-5.8246275
24.026845	-5.8292185
24.036827	-5.8338108
24.046809	-5.8384046
24.056791	-5.8429999
24.066773	-5.8475965
24.076755	-5.8521946
24.086737	-5.856794
24.096719	-5.8613949
24.106701	-5.8659973
24.116683	-5.870601
24.126665	-5.8752062
24.136647	-5.8798127
24.146629	-5.8844207
24.156611	-5.8890301
24.166593	-5.8936409
24.176575	-5.8982532
24.186557	-5.9028668
24.196539	-5.9074819
24.206521	-5.9120983
24.216503	-5.9167162
24.226485	-5.9213355
24.236467	-5.9259562
24.246449	-5.9305783
24.256431	-5.9352018
24.266413	-5.9398268
24.276395	-5.9444531
24.286377	-5.9490809
24.296359	-5.95371
24.306341	-5.9583406
24.316323	-5.9629725
24.326305	-5.9676059
24.336287	-5.9722407
24.346269	-5.9768768
24.356251	-5.9815144
24.366233	-5.9861534
24.376215	-5.9907937
24.386197	-5.9954355
24.396179	-6.0000787
24.406161	-6.0047233
24.416143	-6.0093692
24.426125	-6.0140166
24.436107	-6.0186654
24.446089	-6.0233155
24.456071	-6.0279671
24.466053	-6.03262
24.476035	-6.0372744
24.486017	-6.0419301
24.495999	-6.0465872
24.505981	-6.0512458
24.515963	-6.0559057
24.525945	-6.060567
24.535927	-6.0652297
24.545909	-6.0698938
24.555891	-6.0745592
24.565873	-6.0792261
24.575855	-6.0838944
24.585837	-6.088564
24.595819	-6.093235
24.605801	-6.0979074
24.615783	-6.1025812
24.625765	-6.1072564
24.635747	-6.111933
24.645729	-6.1166109
24.655711	-6.1212902
24.665693	-6.1259709
24.675675	-6.130653
24.685657	-6.1353365
24.695639	-6.1400213
24.705621	-6.1447076
24.715603	-6.1493952
24.725585	-6.1540841
24.735567	-6.1587745
24.745549	-6.1634662
24.755531	-6.1681593
24.765513	-6.1728538
24.775495	-6.1775497
24.785477	-6.1822469
24.795459	-6.1869455
24.805441	-6.1916455
24.815423	-6.1963469
24.825405	-6.2010496
24.835387	-6.2057537
24.845369	-6.2104591
24.855351	-6.215166
24.865333	-6.2198741
24.875315	-6.2245837
24.885297	-6.2292946
24.895279	-6.2340069
24.905261	-6.2387206
24.915243	-6.2434356
24.925225	-6.248152
24.935207	-6.2528698
24.945189	-6.2575889
24.955171	-6.2623094
24.965153	-6.2670312
24.975135	-6.2717544
24.985117	-6.276479
24.995099	-6.2812049
25.005081	-6.2859322
25.015063	-6.2906608
25.025045	-6.2953908
25.035027	-6.3001222
25.045009	-6.3048549
25.054991	-6.3095889
25.064973	-6.3143244
25.074955	-6.3190611
25.084937	-6.3237993
25.094919	-6.3285387
25.104901	-6.3332796
25.114883	-6.3380217
25.124865	-6.3427653
25.134847	-6.3475102
25.144829	-6.3522564
25.154811	-6.357004
25.164793	-6.3617529
25.174775	-6.3665032
25.184757	-6.3712548
25.194739	-6.3760078
25.204721	-6.3807621
25.214703	-6.3855178
25.224685	-6.3902748
25.234667	-6.3950331
25.244649	-6.3997928
25.254631	-6.4045538
25.264613	-6.4093162
25.274595	-6.4140799
25.284577	-6.418845
25.294559	-6.4236114
25.304541	-6.4283791
25.314523	-6.4331482
25.324505	-6.4379186
25.334487	-6.4426903
25.344469	-6.4474634
25.354451	-6.4522378
25.364433	-6.4570136
25.374415	-6.4617907
25.384397	-6.4665691
25.394379	-6.4713489
25.404361	-6.4761299
25.414343	-6.4809124
25.424325	-6.4856961
25.434307	-6.4904812
25.444289	-6.4952676
25.454271	-6.5000553
25.464253	-6.5048444
25.474235	-6.5096348
25.484217	-6.5144265
25.494199	-6.5192195
25.504181	-6.5240139
25.514163	-6.5288096
25.524145	-6.5336066
25.534127	-6.538405
25.544109	-6.5432046
25.554091	-6.5480056
25.564073	-6.5528079
25.574055	-6.5576116
25.584037	-6.5624165
25.594019	-6.5672228
25.604001	-6.5720304
25.613983	-6.5768393
25.623965	-6.5816495
25.633947	-6.586461
25.643929	-6.5912739
25.653911	-6.5960881
25.663893	-6.6009035
25.673875	-6.6057203
25.683857	-6.6105385
25.693839	-6.6153579
25.703821	-6.6201786
25.713803	-6.6250007
25.723785	-6.629824
25.733767	-6.6346487
25.743749	-6.6394747
25.753731	-6.644302
25.763713	-6.6491306
25.773695	-6.6539605
25.783677	-6.6587917
25.793659	-6.6636242
25.803641	-6.668458
25.813623	-6.6732932
25.823605	-6.6781296
25.833587	-6.6829673
25.843569	-6.6878064
25.853551	-6.6926467
25.863533	-6.6974883
25.873515	-6.7023313
25.883497	-6.7071755
25.893479	-6.7120211
25.903461	-6.7168679
25.913443	-6.721716
25.923425	-6.7265655
25.933407	-6.7314162
25.943389	-6.7362682
25.953371	-6.7411216
25.963353	-6.7459762
25.973335	-6.7508321
25.983317	-6.7556893
25.993299	-6.7605478
26.003281	-6.7654076
26.013263	-6.7702687
26.023245	-6.7751311
26.033227	-6.7799947
26.043209	-6.7848597
26.053191	-6.7897259
26.063173	-6.7945934
26.073155	-6.7994623
26.083137	-6.8043324
26.093119	-6.8092038
26.103101	-6.8140764
26.113083	-6.8189504
26.123065	-6.8238256
26.133047	-6.8287022
26.143029	-6.83358
26.153011	-6.8384591
26.162993	-6.8433395
26.172975	-6.8482211
26.182957	-6.853104
26.192939	-6.8579883
26.202921	-6.8628738
26.212903	-6.8677605
26.222885	-6.8726486
26.232867	-6.8775379
26.242849	-6.8824285
26.252831	-6.8873204
26.262813	-6.8922135
26.272795	-6.897108
26.282777	-6.9020037
26.292759	-6.9069006
26.302741	-6.9117989
26.312723	-6.9166984
26.322705	-6.9215992
26.332687	-6.9265013
26.342669	-6.9314046
26.352651	-6.9363092
26.362633	-6.941215
26.372615	-6.9461222
26.382597	-6.9510306
26.392579	-6.9559402
26.402561	-6.9608512
26.412543	-6.9657634
26.422525	-6.9706768
26.432507	-6.9755916
26.442488	-6.9805075
26.45247	-6.9854248
26.462452	-6.9903433
26.472434	-6.9952631
26.482416	-7.0001841
26.492398	-7.0051064
26.50238	-7.0100299
26.512362	-7.0149547
26.522344	-7.0198808
26.532326	-7.0248081
26.542308	-7.0297367
26.55229	-7.0346666
26.562272	-7.0395976
26.572254	-7.04453
26.582236	-7.0494636
26.592218	-7.0543984
26.6022	-7.0593345
26.612182	-7.0642719
26.622164	-7.0692105
26.632146	-7.0741503
26.642128	-7.0790915
26.65211	-7.0840338
26.662092	-7.0889774
26.672074	-7.0939223
26.682056	-7.0988684
26.692038	-7.1038157
26.70202	-7.1087643
26.712002	-7.1137141
26.721984	-7.1186652
26.731966	-7.1236175
26.741948	-7.1285711
26.75193	-7.1335259
26.761912	-7.1384819
26.771894	-7.1434392
26.781876	-7.1483978
26.791858	-7.1533575
26.80184	-7.1583185
26.811822	-7.1632808
26.821804	-7.1682443
26.831786	-7.173209
26.841768	-7.1781749
26.85175	-7.1831421
26.861732	-7.1881106
26.871714	-7.1930802
26.881696	-7.1980511
26.891678	-7.2030233
26.90166	-7.2079966
26.911642	-7.2129712
26.921624	-7.217947
26.931606	-7.2229241
26.941588	-7.2279024
26.95157	-7.2328819
26.961552	-7.2378626
26.971534	-7.2428446
26.981516	-7.2478278
26.991498	-7.2528122
27.00148	-7.2577979
27.011462	-7.2627848
27.021444	-7.2677729
27.031426	-7.2727622
27.041408	-7.2777527
27.05139	-7.2827445
27.061372	-7.2877375
27.071354	-7.2927317
27.081336	-7.2977271
27.091318	-7.3027238
27.1013	-7.3077217
27.111282	-7.3127207
27.121264	-7.3177211
27.131246	-7.3227226
27.141228	-7.3277253
27.15121	-7.3327293
27.161192	-7.3377345
27.171174	-7.3427408
27.181156	-7.3477484
27.191138	-7.3527573
27.20112	-7.3577673
27.211102	-7.3627785
27.221084	-7.367791
27.231066	-7.3728046
27.241048	-7.3778195
27.25103	-7.3828356
27.261012	-7.3878529
27.270994	-7.3928714
27.280976	-7.3978911
27.290958	-7.402912
27.30094	-7.4079341
27.310922	-7.4129574
27.320904	-7.417982
27.330886	-7.4230077
27.340868	-7.4280346
27.35085	-7.4330628
27.360832	-7.4380921
27.370814	-7.4431226
27.380796	-7.4481544
27.390778	-7.4531873
27.40076	-7.4582215
27.410742	-7.4632568
27.420724	-7.4682933
27.430706	-7.4733311
27.440688	-7.47837
27.45067	-7.4834101
27.460652	-7.4884515
27.470634	-7.493494
27.480616	-7.4985377
27.490598	-7.5035826
27.50058	-7.5086287
27.510562	-7.513676
27.520544	-7.5187245
27.530526	-7.5237742
27.540508	-7.528825
27.55049	-7.5338771
27.560472	-7.5389303
27.570454	-7.5439848
27.580436	-7.5490404
27.590418	-7.5540972
27.6004	-7.5591552
27.610382	-7.5642144
27.620364	-7.5692747
27.630346	-7.5743363
27.640328	-7.579399
27.65031	-7.5844629
27.660292	-7.589528
27.670274	-7.5945943
27.680256	-7.5996617
27.690238	-7.6047304
27.70022	-7.6098002
27.710202	-7.6148712
27.720184	-7.6199434
27.730166	-7.6250167
27.740148	-7.6300913
27.75013	-7.635167
27.760112	-7.6402439
27.770094	-7.6453219
27.780076	-7.6504012
27.790058	-7.6554816
27.80004	-7.6605631
27.810022	-7.6656459
27.820004	-7.6707298
27.829986	-7.6758149
27.839968	-7.6809012
27.84995	-7.6859886
27.859932	-7.6910772
27.869914	-7.696167
27.879896	-7.701258
27.889878	-7.7063501
27.89986	-7.7114434
27.909842	-7.7165378
27.919824	-7.7216334
27.929806	-7.7267302
27.939788	-7.7318281
27.94977	-7.7369272
27.959752	-7.7420275
27.969734	-7.7471289
27.979716	-7.7522315
27.989698	-7.7573353
27.99968	-7.7624402
28.009662	-7.7675462
28.019644	-7.7726535
28.029626	-7.7777618
28.039608	-7.7828714
28.04959	-7.7879821
28.059572	-7.7930939
28.069554	-7.798207
28.079536	-7.8033211
28.089518	-7.8084364
28.0995	-7.8135529
28.109482	-7.8186706
28.119464	-7.8237893
28.129446	-7.8289093
28.139428	-7.8340304
28.14941	-7.8391526
28.159392	-7.844276
28.169374	-7.8494005
28.179356	-7.8545262
28.189338	-7.859653
28.19932	-7.864781
28.209302	-7.8699101
28.219284	-7.8750404
28.229266	-7.8801718
28.239248	-7.8853044
28.24923	-7.8904381
28.259212	-7.8955729
28.269194	-7.9007089
28.279176	-7.905846
28.289158	-7.9109843
28.29914	-7.9161237
28.309122	-7.9212643
28.319104	-7.926406
28.329086	-7.9315488
28.339068	-7.9366928
28.34905	-7.9418379
28.359032	-7.9469841
28.369014	-7.9521315
28.378996	-7.95728
28.388978	-7.9624296
28.39896	-7.9675804
28.408942	-7.9727323
28.418924	-7.9778854
28.428906	-7.9830396
28.438888	-7.9881949
28.44887	-7.9933513
28.458852	-7.9985089
28.468834	-8.0036676
28.478816	-8.0088275
28.488798	-8.0139884
28.49878	-8.0191505
28.508762	-8.0243137
28.518744	-8.0294781
28.528726	-8.0346435
28.538708	-8.0398101
28.54869	-8.0449779
28.558672	-8.0501467
28.568654	-8.0553167
28.578636	-8.0604878
28.588618	-8.06566
28.5986	-8.0708333
28.608582	-8.0760077
28.618564	-8.0811833
28.628546	-8.08636
28.638528	-8.0915378
28.64851	-8.0967168
28.658492	-8.1018968
28.668474	-8.107078
28.678456	-8.1122602
28.688438	-8.1174436
28.69842	-8.1226281
28.708402	-8.1278138
28.718384	-8.1330005
28.728366	-8.1381884
28.738348	-8.1433773
28.74833	-8.1485674
28.758312	-8.1537586
28.768294	-8.1589509
28.778276	-8.1641443
28.788258	-8.1693388
28.79824	-8.1745344
28.808222	-8.1797311
28.818204	-8.184929
28.828186	-8.1901279
28.838168	-8.195328
28.84815	-8.2005291
28.858132	-8.2057314
28.868114	-8.2109347
28.878096	-8.2161392
28.888078	-8.2213448
28.89806	-8.2265514
28.908042	-8.2317592
28.918024	-8.2369681
28.928006	-8.2421781
28.937988	-8.2473891
28.94797	-8.2526013
28.957952	-8.2578146
28.967934	-8.2630289
28.977916	-8.2682444
28.987898	-8.273461
28.99788	-8.2786786
29.007862	-8.2838974
29.017844	-8.2891172
29.027826	-8.2943381
29.037808	-8.2995602
29.04779	-8.3047833
29.057772	-8.3100075
29.067754	-8.3152328
29.077736	-8.3204592
29.087718	-8.3256867
29.0977	-8.3309153
29.107682	-8.3361449
29.117664	-8.3413757
29.127646	-8.3466075
29.137628	-8.3518404
29.14761	-8.3570744
29.157592	-8.3623095
29.167574	-8.3675457
29.177556	-8.372783
29.187538	-8.3780213
29.19752	-8.3832608
29.207502	-8.3885013
29.217483	-8.3937429
29.227465	-8.3989855
29.237447	-8.4042293
29.247429	-8.4094741
29.257411	-8.41472
29.267393	-8.419967
29.277375	-8.4252151
29.287357	-8.4304642
29.297339	-8.4357145
29.307321	-8.4409658
29.317303	-8.4462181
29.327285	-8.4514716
29.337267	-8.4567261
29.347249	-8.4619817
29.357231	-8.4672383
29.367213	-8.4724961
29.377195	-8.4777549
29.387177	-8.4830148
29.397159	-8.4882757
29.407141	-8.4935377
29.417123	-8.4988008
29.427105	-8.504065
29.437087	-8.5093302
29.447069	-8.5145965
29.457051	-8.5198638
29.467033	-8.5251323
29.477015	-8.5304018
29.486997	-8.5356723
29.496979	-8.5409439
29.506961	-8.5462166
29.516943	-8.5514903
29.526925	-8.5567651
29.536907	-8.562041
29.546889	-8.5673179
29.556871	-8.5725959
29.566853	-8.5778749
29.576835	-8.583155
29.586817	-8.5884362
29.596799	-8.5937184
29.606781	-8.5990017
29.616763	-8.604286
29.626745	-8.6095714
29.636727	-8.6148578
29.646709	-8.6201453
29.656691	-8.6254339
29.666673	-8.6307234
29.676655	-8.6360141
29.686637	-8.6413058
29.696619	-8.6465985
29.706601	-8.6518923
29.716583	-8.6571872
29.726565	-8.6624831
29.736547	-8.66778
29.746529	-8.673078
29.756511	-8.6783771
29.766493	-8.6836772
29.776475	-8.6889783
29.786457	-8.6942805
29.796439	-8.6995837
29.806421	-8.704888
29.816403	-8.7101933
29.826385	-8.7154996
29.836367	-8.720807
29.846349	-8.7261155
29.856331	-8.7314249
29.866313	-8.7367355
29.876295	-8.742047
29.886277	-8.7473596
29.896259	-8.7526733
29.906241	-8.7579879
29.916223	-8.7633036
29.926205	-8.7686204
29.936187	-8.7739382
29.946169	-8.779257
29.956151	-8.7845768
29.966133	-8.7898977
29.976115	-8.7952196
29.986097	-8.8005426
29.996079	-8.8058665
30.006061	-8.8111916
30.016043	-8.8165176
30.026025	-8.8218447
30.036007	-8.8271728
30.045989	-8.8325019
30.055971	-8.8378321
30.065953	-8.8431632
30.075935	-8.8484955
30.085917	-8.8538287
30.095899	-8.859163
30.105881	-8.8644982
30.115863	-8.8698346
30.125845	-8.8751719
30.135827	-8.8805103
30.145809	-8.8858496
30.155791	-8.89119
30.165773	-8.8965315
30.175755	-8.9018739
30.185737	-8.9072174
30.195719	-8.9125619
30.205701	-8.9179074
30.215683	-8.9232539
30.225665	-8.9286014
30.235647	-8.93395
30.245629	-8.9392996
30.255611	-8.9446501
30.265593	-8.9500017
30.275575	-8.9553544
30.285557	-8.960708
30.295539	-8.9660626
30.305521	-8.9714183
30.315503	-8.9767749
30.325485	-8.9821326
30.335467	-8.9874913
30.345449	-8.992851
30.355431	-8.9982117
30.365413	-9.0035734
30.375395	-9.0089361
30.385377	-9.0142999
30.395359	-9.0196646
30.405341	-9.0250304
30.415323	-9.0303971
30.425305	-9.0357649
30.435287	-9.0411336
30.445269	-9.0465034
30.455251	-9.0518741
30.465233	-9.0572459
30.475215	-9.0626187
30.485197	-9.0679924
30.495179	-9.0733672
30.505161	-9.078743
30.515143	-9.0841197
30.525125	-9.0894975
30.535107	-9.0948763
30.545089	-9.100256
30.555071	-9.1056368
30.565053	-9.1110185
30.575035	-9.1164013
30.585017	-9.121785
30.594999	-9.1271698
30.604981	-9.1325555
30.614963	-9.1379422
30.624945	-9.1433299
30.634927	-9.1487186
30.644909	-9.1541083
30.654891	-9.159499
30.664873	-9.1648907
30.674855	-9.1702834
30.684837	-9.175677
30.694819	-9.1810716
30.704801	-9.1864673
30.714783	-9.1918639
30.724765	-9.1972615
30.734747	-9.2026601
30.744729	-9.2080597
30.754711	-9.2134602
30.764693	-9.2188618
30.774675	-9.2242643
30.784657	-9.2296678
30.794639	-9.2350723
30.804621	-9.2404777
30.814603	-9.2458842
30.824585	-9.2512916
30.834567	-9.2567
30.844549	-9.2621094
30.854531	-9.2675198
30.864513	-9.2729311
30.874495	-9.2783434
30.884477	-9.2837567
30.894459	-9.289171
30.904441	-9.2945862
30.914423	-9.3000024
30.924405	-9.3054196
30.934387	-9.3108378
30.944369	-9.3162569
30.954351	-9.321677
30.964333	-9.3270981
30.974315	-9.3325201
30.984297	-9.3379432
30.994279	-9.3433671
31.004261	-9.3487921
31.014243	-9.354218
31.024225	-9.3596449
31.034207	-9.3650728
31.044189	-9.3705016
31.054171	-9.3759314
31.064153	-9.3813621
31.074135	-9.3867938
31.084117	-9.3922265
31.094099	-9.3976602
31.104081	-9.4030948
31.114063	-9.4085303
31.124045	-9.4139669
31.134027	-9.4194043
31.144009	-9.4248428
31.153991	-9.4302822
31.163973	-9.4357226
31.173955	-9.4411639
31.183937	-9.4466062
31.193919	-9.4520494
31.203901	-9.4574936
31.213883	-9.4629387
31.223865	-9.4683848
31.233847	-9.4738319
31.243829	-9.4792799
31.253811	-9.4847289
31.263793	-9.4901788
31.273775	-9.4956296
31.283757	-9.5010815
31.293739	-9.5065342
31.303721	-9.5119879
31.313703	-9.5174426
31.323685	-9.5228982
31.333667	-9.5283548
31.343649	-9.5338123
31.353631	-9.5392708
31.363613	-9.5447302
31.373595	-9.5501905
31.383577	-9.5556518
31.393559	-9.561114
31.403541	-9.5665772
31.413523	-9.5720413
31.423505	-9.5775064
31.433487	-9.5829724
31.443469	-9.5884394
31.453451	-9.5939072
31.463433	-9.5993761
31.473415	-9.6048458
31.483397	-9.6103166
31.493379	-9.6157882
31.503361	-9.6212608
31.513343	-9.6267343
31.523325	-9.6322087
31.533307	-9.6376841
31.543289	-9.6431605
31.553271	-9.6486377
31.563253	-9.6541159
31.573235	-9.659595
31.583217	-9.6650751
31.593199	-9.6705561
31.603181	-9.676038
31.613163	-9.6815209
31.623145	-9.6870046
31.633127	-9.6924893
31.643109	-9.697975
31.653091	-9.7034616
31.663073	-9.708949
31.673055	-9.7144375
31.683037	-9.7199268
31.693019	-9.7254171
31.703001	-9.7309083
31.712983	-9.7364004
31.722965	-9.7418935
31.732947	-9.7473874
31.742929	-9.7528823
31.752911	-9.7583781
31.762893	-9.7638749
31.772875	-9.7693725
31.782857	-9.7748711
31.792839	-9.7803706
31.802821	-9.785871
31.812803	-9.7913723
31.822785	-9.7968746
31.832767	-9.8023777
31.842749	-9.8078818
31.852731	-9.8133868
31.862713	-9.8188927
31.872695	-9.8243996
31.882677	-9.8299073
31.892659	-9.835416
31.902641	-9.8409255
31.912623	-9.846436
31.922605	-9.8519474
31.932587	-9.8574597
31.942569	-9.8629729
31.952551	-9.868487
31.962533	-9.874002
31.972515	-9.879518
31.982496	-9.8850348
31.992478	-9.8905526
32.00246	-9.8960712
32.012442	-9.9015908
32.022424	-9.9071113
32.032406	-9.9126326
32.042388	-9.9181549
32.05237	-9.9236781
32.062352	-9.9292022
32.072334	-9.9347272
32.082316	-9.940253
32.092298	-9.9457798
32.10228	-9.9513075
32.112262	-9.9568361
32.122244	-9.9623656
32.132226	-9.967896
32.142208	-9.9734273
32.15219	-9.9789594
32.162172	-9.9844925
32.172154	-9.9900265
32.182136	-9.9955613
32.192118	-10.001097
32.2021	-10.006634
32.212082	-10.012171
32.222064	-10.01771
32.232046	-10.023249
32.242028	-10.028789
32.25201	-10.03433
32.261992	-10.039872
32.271974	-10.045415
32.281956	-10.050959
32.291938	-10.056504
32.30192	-10.062049
32.311902	-10.067596
32.321884	-10.073143
32.331866	-10.078691
32.341848	-10.08424
32.35183	-10.08979
32.361812	-10.095341
32.371794	-10.100893
32.381776	-10.106446
32.391758	-10.111999
32.40174	-10.117554
32.411722	-10.123109
32.421704	-10.128665
32.431686	-10.134222
32.441668	-10.13978
32.45165	-10.145339
32.461632	-10.150899
32.471614	-10.156459
32.481596	-10.162021
32.491578	-10.167583
32.50156	-10.173146
32.511542	-10.17871
32.521524	-10.184275
32.531506	-10.189841
32.541488	-10.195408
32.55147	-10.200975
32.561452	-10.206544
32.571434	-10.212113
32.581416	-10.217683
32.591398	-10.223254
32.60138	-10.228826
32.611362	-10.234399
32.621344	-10.239972
32.631326	-10.245547
32.641308	-10.251122
32.65129	-10.256698
32.661272	-10.262276
32.671254	-10.267854
32.681236	-10.273432
32.691218	-10.279012
32.7012	-10.284593
32.711182	-10.290174
32.721164	-10.295756
32.731146	-10.30134
32.741128	-10.306924
32.75111	-10.312508
32.761092	-10.318094
32.771074	-10.323681
32.781056	-10.329268
32.791038	-10.334857
32.80102	-10.340446
32.811002	-10.346036
32.820984	-10.351627
32.830966	-10.357218
32.840948	-10.362811
32.85093	-10.368404
32.860912	-10.373999
32.870894	-10.379594
32.880876	-10.38519
32.890858	-10.390787
32.90084	-10.396384
32.910822	-10.401983
32.920804	-10.407582
32.930786	-10.413183
32.940768	-10.418784
32.95075	-10.424386
32.960732	-10.429988
32.970714	-10.435592
32.980696	-10.441196
32.990678	-10.446802
33.00066	-10.452408
33.010642	-10.458015
33.020624	-10.463623
33.030606	-10.469232
33.040588	-10.474841
33.05057	-10.480451
33.060552	-10.486063
33.070534	-10.491675
33.080516	-10.497288
33.090498	-10.502901
33.10048	-10.508516
33.110462	-10.514131
33.120444	-10.519748
33.130426	-10.525365
33.140408	-10.530983
33.15039	-10.536601
33.160372	-10.542221
33.170354	-10.547842
33.180336	-10.553463
33.190318	-10.559085
33.2003	-10.564708
33.210282	-10.570332
33.220264	-10.575956
33.230246	-10.581582
33.240228	-10.587208
33.25021	-10.592835
33.260192	-10.598463
33.270174	-10.604092
33.280156	-10.609721
33.290138	-10.615352
33.30012	-10.620983
33.310102	-10.626615
33.320084	-10.632248
33.330066	-10.637881
33.340048	-10.643516
33.35003	-10.649151
33.360012	-10.654788
33.369994	-10.660424
33.379976	-10.666062
33.389958	-10.671701
33.39994	-10.67734
33.409922	-10.682981
33.419904	-10.688622
33.429886	-10.694264
33.439868	-10.699906
33.44985	-10.70555
33.459832	-10.711194
33.469814	-10.716839
33.479796	-10.722485
33.489778	-10.728132
33.49976	-10.73378
33.509742	-10.739428
33.519724	-10.745078
33.529706	-10.750728
33.539688	-10.756378
33.54967	-10.76203
33.559652	-10.767683
33.569634	-10.773336
33.579616	-10.77899
33.589598	-10.784645
33.59958	-10.790301
33.609562	-10.795957
33.619544	-10.801615
33.629526	-10.807273
33.639508	-10.812932
33.64949	-10.818591
33.659472	-10.824252
33.669454	-10.829913
33.679436	-10.835575
33.689418	-10.841238
33.6994	-10.846902
33.709382	-10.852567
33.719364	-10.858232
33.729346	-10.863898
33.739328	-10.869565
33.74931	-10.875233
33.759292	-10.880901
33.769274	-10.886571
33.779256	-10.892241
33.789238	-10.897912
33.79922	-10.903584
33.809202	-10.909256
33.819184	-10.91493
33.829166	-10.920604
33.839148	-10.926279
33.84913	-10.931954
33.859112	-10.937631
33.869094	-10.943308
33.879076	-10.948986
33.889058	-10.954665
33.89904	-10.960345
33.909022	-10.966025
33.919004	-10.971706
33.928986	-10.977388
33.938968	-10.983071
33.94895	-10.988755
33.958932	-10.994439
33.968914	-11.000124
33.978896	-11.00581
33.988878	-11.011497
33.99886	-11.017184
34.008842	-11.022873
34.018824	-11.028562
34.028806	-11.034252
34.038788	-11.039942
34.04877	-11.045634
34.058752	-11.051326
34.068734	-11.057019
34.078716	-11.062713
34.088698	-11.068407
34.09868	-11.074103
34.108662	-11.079799
34.118644	-11.085495
34.128626	-11.091193
34.138608	-11.096891
34.14859	-11.102591
34.158572	-11.108291
34.168554	-11.113991
34.178536	-11.119693
34.188518	-11.125395
34.1985	-11.131098
34.208482	-11.136802
34.218464	-11.142507
34.228446	-11.148212
34.238428	-11.153918
34.24841	-11.159625
34.258392	-11.165332
34.268374	-11.171041
34.278356	-11.17675
34.288338	-11.18246
34.29832	-11.188171
34.308302	-11.193882
34.318284	-11.199594
34.328266	-11.205307
34.338248	-11.211021
34.34823	-11.216736
34.358212	-11.222451
34.368194	-11.228167
34.378176	-11.233884
34.388158	-11.239601
34.39814	-11.24532
34.408122	-11.251039
34.418104	-11.256759
34.428086	-11.262479
34.438068	-11.2682
34.44805	-11.273923
34.458032	-11.279645
34.468014	-11.285369
34.477996	-11.291093
34.487978	-11.296818
34.49796	-11.302544
34.507942	-11.308271
34.517924	-11.313998
34.527906	-11.319726
34.537888	-11.325455
34.54787	-11.331185
34.557852	-11.336915
34.567834	-11.342646
34.577816	-11.348378
34.587798	-11.354111
34.59778	-11.359844
34.607762	-11.365578
34.617744	-11.371313
34.627726	-11.377048
34.637708	-11.382785
34.64769	-11.388522
34.657672	-11.39426
34.667654	-11.399998
34.677636	-11.405737
34.687618	-11.411477
34.6976	-11.417218
34.707582	-11.42296
34.717564	-11.428702
34.727546	-11.434445
34.737528	-11.440189
34.74751	-11.445933
34.757491	-11.451678
34.767473	-11.457424
34.777455	-11.463171
34.787437	-11.468918
34.797419	-11.474666
34.807401	-11.480415
34.817383	-11.486165
34.827365	-11.491915
34.837347	-11.497666
34.847329	-11.503418
34.857311	-11.50917
34.867293	-11.514923
34.877275	-11.520677
34.887257	-11.526432
34.897239	-11.532187
34.907221	-11.537944
34.917203	-11.5437
34.927185	-11.549458
34.937167	-11.555216
34.947149	-11.560975
34.957131	-11.566735
34.967113	-11.572496
34.977095	-11.578257
34.987077	-11.584019
34.997059	-11.589781
35.007041	-11.595545
35.017023	-11.601309
35.027005	-11.607074
35.036987	-11.612839
35.046969	-11.618605
35.056951	-11.624372
35.066933	-11.63014
35.076915	-11.635908
35.086897	-11.641677
35.096879	-11.647447
35.106861	-11.653218
35.116843	-11.658989
35.126825	-11.664761
35.136807	-11.670533
35.146789	-11.676307
35.156771	-11.682081
35.166753	-11.687856
35.176735	-11.693631
35.186717	-11.699407
35.196699	-11.705184
35.206681	-11.710962
35.216663	-11.71674
35.226645	-11.722519
35.236627	-11.728299
35.246609	-11.734079
35.256591	-11.73986
35.266573	-11.745642
35.276555	-11.751425
35.286537	-11.757208
35.296519	-11.762992
35.306501	-11.768777
35.316483	-11.774562
35.326465	-11.780348
35.336447	-11.786135
35.346429	-11.791922
35.356411	-11.79771
35.366393	-11.803499
35.376375	-11.809289
35.386357	-11.815079
35.396339	-11.82087
35.406321	-11.826661
35.416303	-11.832454
35.426285	-11.838247
35.436267	-11.84404
35.446249	-11.849835
35.456231	-11.85563
35.466213	-11.861425
35.476195	-11.867222
35.486177	-11.873019
35.496159	-11.878817
35.506141	-11.884615
35.516123	-11.890415
35.526105	-11.896214
35.536087	-11.902015
35.546069	-11.907816
35.556051	-11.913618
35.566033	-11.919421
35.576015	-11.925224
35.585997	-11.931028
35.595979	-11.936833
35.605961	-11.942638
35.615943	-11.948444
35.625925	-11.954251
35.635907	-11.960058
35.645889	-11.965866
35.655871	-11.971675
35.665853	-11.977485
35.675835	-11.983295
35.685817	-11.989105
35.695799	-11.994917
35.705781	-12.000729
35.715763	-12.006542
35.725745	-12.012355
35.735727	-12.018169
35.745709	-12.023984
35.755691	-12.0298
35.765673	-12.035616
35.775655	-12.041433
35.785637	-12.04725
35.795619	-12.053068
35.805601	-12.058887
35.815583	-12.064707
35.825565	-12.070527
35.835547	-12.076348
35.845529	-12.082169
35.855511	-12.087992
35.865493	-12.093814
35.875475	-12.099638
35.885457	-12.105462
35.895439	-12.111287
35.905421	-12.117112
35.915403	-12.122938
35.925385	-12.128765
35.935367	-12.134593
35.945349	-12.140421
35.955331	-12.14625
35.965313	-12.152079
35.975295	-12.157909
35.985277	-12.16374
35.995259	-12.169571
36.005241	-12.175403
36.015223	-12.181236
36.025205	-12.18707
36.035187	-12.192904
36.045169	-12.198738
36.055151	-12.204574
36.065133	-12.21041
36.075115	-12.216246
36.085097	-12.222084
36.095079	-12.227922
36.105061	-12.23376
36.115043	-12.239599
36.125025	-12.245439
36.135007	-12.25128
36.144989	-12.257121
36.154971	-12.262963
36.164953	-12.268805
36.174935	-12.274648
36.184917	-12.280492
36.194899	-12.286337
36.204881	-12.292182
36.214863	-12.298027
36.224845	-12.303874
36.234827	-12.309721
36.244809	-12.315568
36.254791	-12.321416
36.264773	-12.327265
36.274755	-12.333115
36.284737	-12.338965
36.294719	-12.344816
36.304701	-12.350667
36.314683	-12.356519
36.324665	-12.362372
36.334647	-12.368225
36.344629	-12.374079
36.354611	-12.379934
36.364593	-12.385789
36.374575	-12.391645
36.384557	-12.397501
36.394539	-12.403359
36.404521	-12.409216
36.414503	-12.415075
36.424485	-12.420934
36.434467	-12.426793
36.444449	-12.432654
36.454431	-12.438514
36.464413	-12.444376
36.474395	-12.450238
36.484377	-12.456101
36.494359	-12.461964
36.504341	-12.467828
36.514323	-12.473693
36.524305	-12.479558
36.534287	-12.485424
36.544269	-12.49129
36.554251	-12.497158
36.564233	-12.503025
36.574215	-12.508894
36.584197	-12.514763
36.594179	-12.520632
36.604161	-12.526502
36.614143	-12.532373
36.624125	-12.538245
36.634107	-12.544117
36.644089	-12.549989
36.654071	-12.555863
36.664053	-12.561736
36.674035	-12.567611
36.684017	-12.573486
36.693999	-12.579362
36.703981	-12.585238
36.713963	-12.591115
36.723945	-12.596993
36.733927	-12.602871
36.743909	-12.608749
36.753891	-12.614629
36.763873	-12.620509
36.773855	-12.626389
36.783837	-12.63227
36.793819	-12.638152
36.803801	-12.644035
36.813783	-12.649918
36.823765	-12.655801
36.833747	-12.661685
36.843729	-12.66757
36.853711	-12.673455
36.863693	-12.679341
36.873675	-12.685228
36.883657	-12.691115
36.893639	-12.697003
36.903621	-12.702891
36.913603	-12.70878
36.923585	-12.71467
36.933567	-12.72056
36.943549	-12.726451
36.953531	-12.732342
36.963513	-12.738234
36.973495	-12.744126
36.983477	-12.75002
36.993459	-12.755913
37.003441	-12.761808
37.013423	-12.767702
37.023405	-12.773598
37.033387	-12.779494
37.043369	-12.785391
37.053351	-12.791288
37.063333	-12.797186
37.073315	-12.803084
37.083297	-12.808983
37.093279	-12.814882
37.103261	-12.820783
37.113243	-12.826683
37.123225	-12.832585
37.133207	-12.838486
37.143189	-12.844389
37.153171	-12.850292
37.163153	-12.856196
37.173135	-12.8621
37.183117	-12.868005
37.193099	-12.87391
37.203081	-12.879816
37.213063	-12.885722
37.223045	-12.891629
37.233027	-12.897537
37.243009	-12.903445
37.252991	-12.909354
37.262973	-12.915263
37.272955	-12.921173
37.282937	-12.927084
37.292919	-12.932995
37.302901	-12.938906
37.312883	-12.944819
37.322865	-12.950731
37.332847	-12.956645
37.342829	-12.962559
37.352811	-12.968473
37.362793	-12.974388
37.372775	-12.980304
37.382757	-12.98622
37.392739	-12.992137
37.402721	-12.998054
37.412703	-13.003972
37.422685	-13.00989
37.432667	-13.015809
37.442649	-13.021729
37.452631	-13.027649
37.462613	-13.033569
37.472595	-13.039491
37.482577	-13.045412
37.492559	-13.051335
37.502541	-13.057258
37.512523	-13.063181
37.522505	-13.069105
37.532486	-13.075029
37.542468	-13.080955
37.55245	-13.08688
37.562432	-13.092806
37.572414	-13.098733
37.582396	-13.10466
37.592378	-13.110588
37.60236	-13.116517
37.612342	-13.122445
37.622324	-13.128375
37.632306	-13.134305
37.642288	-13.140235
37.65227	-13.146167
37.662252	-13.152098
37.672234	-13.15803
37.682216	-13.163963
37.692198	-13.169896
37.70218	-13.17583
37.712162	-13.181765
37.722144	-13.187699
37.732126	-13.193635
37.742108	-13.199571
37.75209	-13.205507
37.762072	-13.211444
37.772054	-13.217382
37.782036	-13.22332
37.792018	-13.229259
37.802	-13.235198
37.811982	-13.241138
37.821964	-13.247078
37.831946	-13.253019
37.841928	-13.25896
37.85191	-13.264902
37.861892	-13.270844
37.871874	-13.276787
37.881856	-13.282731
37.891838	-13.288675
37.90182	-13.294619
37.911802	-13.300564
37.921784	-13.30651
37.931766	-13.312456
37.941748	-13.318402
37.95173	-13.324349
37.961712	-13.330297
37.971694	-13.336245
37.981676	-13.342194
37.991658	-13.348143
38.00164	-13.354093
38.011622	-13.360043
38.021604	-13.365994
38.031586	-13.371945
38.041568	-13.377897
38.05155	-13.383849
38.061532	-13.389802
38.071514	-13.395755
38.081496	-13.401709
38.091478	-13.407663
38.10146	-13.413618
38.111442	-13.419574
38.121424	-13.425529
38.131406	-13.431486
38.141388	-13.437443
38.15137	-13.4434
38.161352	-13.449358
38.171334	-13.455317
38.181316	-13.461275
38.191298	-13.467235
38.20128	-13.473195
38.211262	-13.479155
38.221244	-13.485116
38.231226	-13.491078
38.241208	-13.49704
38.25119	-13.503002
38.261172	-13.508965
38.271154	-13.514929
38.281136	-13.520893
38.291118	-13.526857
38.3011	-13.532822
38.311082	-13.538788
38.321064	-13.544753
38.331046	-13.55072
38.341028	-13.556687
38.35101	-13.562654
38.360992	-13.568622
38.370974	-13.574591
38.380956	-13.58056
38.390938	-13.586529
38.40092	-13.592499
38.410902	-13.598469
38.420884	-13.60444
38.430866	-13.610412
38.440848	-13.616383
38.45083	-13.622356
38.460812	-13.628329
38.470794	-13.634302
38.480776	-13.640276
38.490758	-13.64625
38.50074	-13.652225
38.510722	-13.6582
38.520704	-13.664176
38.530686	-13.670152
38.540668	-13.676129
38.55065	-13.682106
38.560632	-13.688084
38.570614	-13.694062
38.580596	-13.70004
38.590578	-13.70602
38.60056	-13.711999
38.610542	-13.717979
38.620524	-13.72396
38.630506	-13.729941
38.640488	-13.735922
38.65047	-13.741904
38.660452	-13.747886
38.670434	-13.753869
38.680416	-13.759853
38.690398	-13.765837
38.70038	-13.771821
38.710362	-13.777806
38.720344	-13.783791
38.730326	-13.789777
38.740308	-13.795763
38.75029	-13.801749
38.760272	-13.807736
38.770254	-13.813724
38.780236	-13.819712
38.790218	-13.8257
38.8002	-13.831689
38.810182	-13.837679
38.820164	-13.843669
38.830146	-13.849659
38.840128	-13.85565
38.85011	-13.861641
38.860092	-13.867633
38.870074	-13.873625
38.880056	-13.879617
38.890038	-13.885611
38.90002	-13.891604
38.910002	-13.897598
38.919984	-13.903592
38.929966	-13.909587
38.939948	-13.915583
38.94993	-13.921578
38.959912	-13.927575
38.969894	-13.933571
38.979876	-13.939568
38.989858	-13.945566
38.99984	-13.951564
39.009822	-13.957562
39.019804	-13.963561
39.029786	-13.969561
39.039768	-13.97556
39.04975	-13.981561
39.059732	-13.987561
39.069714	-13.993562
39.079696	-13.999564
39.089678	-14.005566
39.09966	-14.011568
39.109642	-14.017571
39.119624	-14.023575
39.129606	-14.029578
39.139588	-14.035583
39.14957	-14.041587
39.159552	-14.047592
39.169534	-14.053598
39.179516	-14.059604
39.189498	-14.06561
39.19948	-14.071617
39.209462	-14.077624
39.219444	-14.083632
39.229426	-14.08964
39.239408	-14.095648
39.24939	-14.101657
39.259372	-14.107666
39.269354	-14.113676
39.279336	-14.119686
39.289318	-14.125697
39.2993	-14.131708
39.309282	-14.13772
39.319264	-14.143731
39.329246	-14.149744
39.339228	-14.155756
39.34921	-14.16177
39.359192	-14.167783
39.369174	-14.173797
39.379156	-14.179812
39.389138	-14.185826
39.39912	-14.191842
39.409102	-14.197857
39.419084	-14.203873
39.429066	-14.20989
39.439048	-14.215907
39.44903	-14.221924
39.459012	-14.227942
39.468994	-14.23396
39.478976	-14.239978
39.488958	-14.245997
39.49894	-14.252017
39.508922	-14.258037
39.518904	-14.264057
39.528886	-14.270077
39.538868	-14.276098
39.54885	-14.28212
39.558832	-14.288141
39.568814	-14.294164
39.578796	-14.300186
39.588778	-14.306209
39.59876	-14.312233
39.608742	-14.318256
39.618724	-14.324281
39.628706	-14.330305
39.638688	-14.33633
39.64867	-14.342355
39.658652	-14.348381
39.668634	-14.354407
39.678616	-14.360434
39.688598	-14.366461
39.69858	-14.372488
39.708562	-14.378516
39.718544	-14.384544
39.728526	-14.390573
39.738508	-14.396602
39.74849	-14.402631
39.758472	-14.408661
39.768454	-14.414691
39.778436	-14.420721
39.788418	-14.426752
39.7984	-14.432783
39.808382	-14.438815
39.818364	-14.444847
39.828346	-14.450879
39.838328	-14.456912
39.84831	-14.462945
39.858292	-14.468979
39.868274	-14.475012
39.878256	-14.481047
39.888238	-14.487081
39.89822	-14.493116
39.908202	-14.499152
39.918184	-14.505188
39.928166	-14.511224
39.938148	-14.51726
39.94813	-14.523297
39.958112	-14.529334
39.968094	-14.535372
39.978076	-14.54141
39.988058	-14.547448
39.99804	-14.553487
40.008022	-14.559526
40.018004	-14.565566
40.027986	-14.571606
40.037968	-14.577646
40.04795	-14.583686
40.057932	-14.589727
40.067914	-14.595769
40.077896	-14.60181
40.087878	-14.607852
40.09786	-14.613895
40.107842	-14.619937
40.117824	-14.62598
40.127806	-14.632024
40.137788	-14.638068
40.14777	-14.644112
40.157752	-14.650156
40.167734	-14.656201
40.177716	-14.662247
40.187698	-14.668292
40.19768	-14.674338
40.207662	-14.680384
40.217644	-14.686431
40.227626	-14.692478
40.237608	-14.698525
40.24759	-14.704573
40.257572	-14.710621
40.267554	-14.716669
40.277536	-14.722718
40.287518	-14.728767
40.297499	-14.734817
40.307481	-14.740866
40.317463	-14.746916
40.327445	-14.752967
40.337427	-14.759018
40.347409	-14.765069
40.357391	-14.77112
40.367373	-14.777172
40.377355	-14.783224
40.387337	-14.789277
40.397319	-14.795329
40.407301	-14.801382
40.417283	-14.807436
40.427265	-14.81349
40.437247	-14.819544
40.447229	-14.825598
40.457211	-14.831653
40.467193	-14.837708
40.477175	-14.843764
40.487157	-14.84982
40.497139	-14.855876
40.507121	-14.861932
40.517103	-14.867989
40.527085	-14.874046
40.537067	-14.880103
40.547049	-14.886161
40.557031	-14.892219
40.567013	-14.898277
40.576995	-14.904336
40.586977	-14.910395
40.596959	-14.916454
40.606941	-14.922514
40.616923	-14.928574
40.626905	-14.934634
40.636887	-14.940695
40.646869	-14.946756
40.656851	-14.952817
40.666833	-14.958879
40.676815	-14.964941
40.686797	-14.971003
40.696779	-14.977065
40.706761	-14.983128
40.716743	-14.989191
40.726725	-14.995254
40.736707	-15.001318
40.746689	-15.007382
40.756671	-15.013446
40.766653	-15.019511
40.776635	-15.025576
40.786617	-15.031641
40.796599	-15.037707
40.806581	-15.043773
40.816563	-15.049839
40.826545	-15.055905
40.836527	-15.061972
40.846509	-15.068039
40.856491	-15.074106
40.866473	-15.080174
40.876455	-15.086242
40.886437	-15.09231
40.896419	-15.098378
40.906401	-15.104447
40.916383	-15.110516
40.926365	-15.116586
40.936347	-15.122655
40.946329	-15.128725
40.956311	-15.134795
40.966293	-15.140866
40.976275	-15.146937
40.986257	-15.153008
40.996239	-15.159079
41.006221	-15.165151
41.016203	-15.171223
41.026185	-15.177295
41.036167	-15.183368
41.046149	-15.18944
41.056131	-15.195513
41.066113	-15.201587
41.076095	-15.20766
41.086077	-15.213734
41.096059	-15.219808
41.106041	-15.225883
41.116023	-15.231958
41.126005	-15.238033
41.135987	-15.244108
41.145969	-15.250183
41.155951	-15.256259
41.165933	-15.262335
41.175915	-15.268412
41.185897	-15.274488
41.195879	-15.280565
41.205861	-15.286642
41.215843	-15.29272
41.225825	-15.298797
41.235807	-15.304875
41.245789	-15.310953
41.255771	-15.317032
41.265753	-15.323111
41.275735	-15.32919
41.285717	-15.335269
41.295699	-15.341348
41.305681	-15.347428
41.315663	-15.353508
41.325645	-15.359588
41.335627	-15.365669
41.345609	-15.37175
41.355591	-15.377831
41.365573	-15.383912
41.375555	-15.389993
41.385537	-15.396075
41.395519	-15.402157
41.405501	-15.40824
41.415483	-15.414322
41.425465	-15.420405
41.435447	-15.426488
41.445429	-15.432571
41.455411	-15.438655
41.465393	-15.444738
41.475375	-15.450822
41.485357	-15.456907
41.495339	-15.462991
41.505321	-15.469076
41.515303	-15.475161
41.525285	-15.481246
41.535267	-15.487331
41.545249	-15.493417
41.555231	-15.499503
41.565213	-15.505589
41.575195	-15.511675
41.585177	-15.517762
41.595159	-15.523849
41.605141	-15.529936
41.615123	-15.536023
41.625105	-15.542111
41.635087	-15.548198
41.645069	-15.554286
41.655051	-15.560374
41.665033	-15.566463
41.675015	-15.572551
41.684997	-15.57864
41.694979	-15.584729
41.704961	-15.590819
41.714943	-15.596908
41.724925	-15.602998
41.734907	-15.609088
41.744889	-15.615178
41.754871	-15.621268
41.764853	-15.627359
41.774835	-15.63345
41.784817	-15.639541
41.794799	-15.645632
41.804781	-15.651724
41.814763	-15.657815
41.824745	-15.663907
41.834727	-15.669999
41.844709	-15.676092
41.854691	-15.682184
41.864673	-15.688277
41.874655	-15.69437
41.884637	-15.700463
41.894619	-15.706556
41.904601	-15.71265
41.914583	-15.718743
41.924565	-15.724837
41.934547	-15.730931
41.944529	-15.737026
41.954511	-15.74312
41.964493	-15.749215
41.974475	-15.75531
41.984457	-15.761405
41.994439	-15.7675
42.004421	-15.773596
42.014403	-15.779691
42.024385	-15.785787
42.034367	-15.791883
42.044349	-15.79798
42.054331	-15.804076
42.064313	-15.810173
42.074295	-15.81627
42.084277	-15.822367
42.094259	-15.828464
42.104241	-15.834561
42.114223	-15.840659
42.124205	-15.846756
42.134187	-15.852854
42.144169	-15.858952
42.154151	-15.865051
42.164133	-15.871149
42.174115	-15.877248
42.184097	-15.883347
42.194079	-15.889446
42.204061	-15.895545
42.214043	-15.901644
42.224025	-15.907744
42.234007	-15.913843
42.243989	-15.919943
42.253971	-15.926043
42.263953	-15.932143
42.273935	-15.938244
42.283917	-15.944344
42.293899	-15.950445
42.303881	-15.956546
42.313863	-15.962647
42.323845	-15.968748
42.333827	-15.974849
42.343809	-15.980951
42.353791	-15.987052
42.363773	-15.993154
42.373755	-15.999256
42.383737	-16.005358
42.393719	-16.01146
42.403701	-16.017563
42.413683	-16.023665
42.423665	-16.029768
42.433647	-16.035871
42.443629	-16.041974
42.453611	-16.048077
42.463593	-16.054181
42.473575	-16.060284
42.483557	-16.066388
42.493539	-16.072492
42.503521	-16.078596
42.513503	-16.0847
42.523485	-16.090804
42.533467	-16.096908
42.543449	-16.103013
42.553431	-16.109117
42.563413	-16.115222
42.573395	-16.121327
42.583377	-16.127432
42.593359	-16.133537
42.603341	-16.139643
42.613323	-16.145748
42.623305	-16.151854
42.633287	-16.157959
42.643269	-16.164065
42.653251	-16.170171
42.663233	-16.176277
42.673215	-16.182384
42.683197	-16.18849
42.693179	-16.194596
42.703161	-16.200703
42.713143	-16.20681
42.723125	-16.212917
42.733107	-16.219024
42.743089	-16.225131
42.753071	-16.231238
42.763053	-16.237345
42.773035	-16.243453
42.783017	-16.249561
42.792999	-16.255668
42.802981	-16.261776
42.812963	-16.267884
42.822945	-16.273992
42.832927	-16.2801
42.842909	-16.286209
42.852891	-16.292317
42.862873	-16.298425
42.872855	-16.304534
42.882837	-16.310643
42.892819	-16.316752
42.902801	-16.32286
42.912783	-16.32897
42.922765	-16.335079
42.932747	-16.341188
42.942729	-16.347297
42.952711	-16.353407
42.962693	-16.359516
42.972675	-16.365626
42.982657	-16.371736
42.992639	-16.377845
43.002621	-16.383955
43.012603	-16.390065
43.022585	-16.396175
43.032567	-16.402286
43.042549	-16.408396
43.052531	-16.414506
43.062513	-16.420617
43.072494	-16.426727
43.082476	-16.432838
43.092458	-16.438949
43.10244	-16.44506
43.112422	-16.451171
43.122404	-16.457282
43.132386	-16.463393
43.142368	-16.469504
43.15235	-16.475615
43.162332	-16.481726
43.172314	-16.487838
43.182296	-16.493949
43.192278	-16.500061
43.20226	-16.506172
43.212242	-16.512284
43.222224	-16.518396
43.232206	-16.524508
43.242188	-16.53062
43.25217	-16.536732
43.262152	-16.542844
43.272134	-16.548956
43.282116	-16.555068
43.292098	-16.56118
43.30208	-16.567292
43.312062	-16.573405
43.322044	-16.579517
43.332026	-16.58563
43.342008	-16.591742
43.35199	-16.597855
43.361972	-16.603968
43.371954	-16.61008
43.381936	-16.616193
43.391918	-16.622306
43.4019	-16.628419
43.411882	-16.634532
43.421864	-16.640645
43.431846	-16.646758
43.441828	-16.652871
43.45181	-16.658984
43.461792	-16.665097
43.471774	-16.671211
43.481756	-16.677324
43.491738	-16.683437
43.50172	-16.689551
43.511702	-16.695664
43.521684	-16.701778
43.531666	-16.707891
43.541648	-16.714005
43.55163	-16.720118
43.561612	-16.726232
43.571594	-16.732345
43.581576	-16.738459
43.591558	-16.744573
43.60154	-16.750687
43.611522	-16.7568
43.621504	-16.762914
43.631486	-16.769028
43.641468	-16.775142
43.65145	-16.781256
43.661432	-16.78737
43.671414	-16.793484
43.681396	-16.799598
43.691378	-16.805712
43.70136	-16.811826
43.711342	-16.81794
43.721324	-16.824054
43.731306	-16.830168
43.741288	-16.836282
43.75127	-16.842396
43.761252	-16.848511
43.771234	-16.854625
43.781216	-16.860739
43.791198	-16.866853
43.80118	-16.872967
43.811162	-16.879082
43.821144	-16.885196
43.831126	-16.89131
43.841108	-16.897424
43.85109	-16.903539
43.861072	-16.909653
43.871054	-16.915767
43.881036	-16.921881
43.891018	-16.927996
43.901	-16.93411
43.910982	-16.940224
43.920964	-16.946338
43.930946	-16.952453
43.940928	-16.958567
43.95091	-16.964681
43.960892	-16.970795
43.970874	-16.97691
43.980856	-16.983024
43.990838	-16.989138
44.00082	-16.995252
44.010802	-17.001367
44.020784	-17.007481
44.030766	-17.013595
44.040748	-17.019709
44.05073	-17.025823
44.060712	-17.031937
44.070694	-17.038051
44.080676	-17.044166
44.090658	-17.05028
44.10064	-17.056394
44.110622	-17.062508
44.120604	-17.068622
44.130586	-17.074736
44.140568	-17.08085
44.15055	-17.086964
44.160532	-17.093078
44.170514	-17.099191
44.180496	-17.105305
44.190478	-17.111419
44.20046	-17.117533
44.210442	-17.123647
44.220424	-17.12976
44.230406	-17.135874
44.240388	-17.141988
44.25037	-17.148101
44.260352	-17.154215
44.270334	-17.160328
44.280316	-17.166442
44.290298	-17.172555
44.30028	-17.178669
44.310262	-17.184782
44.320244	-17.190895
44.330226	-17.197009
44.340208	-17.203122
44.35019	-17.209235
44.360172	-17.215348
44.370154	-17.221461
44.380136	-17.227574
44.390118	-17.233687
44.4001	-17.2398
44.410082	-17.245913
44.420064	-17.252026
44.430046	-17.258139
44.440028	-17.264251
44.45001	-17.270364
44.459992	-17.276477
44.469974	-17.282589
44.479956	-17.288701
44.489938	-17.294814
44.49992	-17.300926
44.509902	-17.307038
44.519884	-17.313151
44.529866	-17.319263
44.539848	-17.325375
44.54983	-17.331487
44.559812	-17.337599
44.569794	-17.34371
44.579776	-17.349822
44.589758	-17.355934
44.59974	-17.362045
44.609722	-17.368157
44.619704	-17.374268
44.629686	-17.38038
44.639668	-17.386491
44.64965	-17.392602
44.659632	-17.398713
44.669614	-17.404824
44.679596	-17.410935
44.689578	-17.417046
44.69956	-17.423157
44.709542	-17.429268
44.719524	-17.435378
44.729506	-17.441489
44.739488	-17.447599
44.74947	-17.453709
44.759452	-17.45982
44.769434	-17.46593
44.779416	-17.47204
44.789398	-17.47815
44.79938	-17.48426
44.809362	-17.490369
44.819344	-17.496479
44.829326	-17.502588
44.839308	-17.508698
44.84929	-17.514807
44.859272	-17.520916
44.869254	-17.527025
44.879236	-17.533134
44.889218	-17.539243
44.8992	-17.545352
44.909182	-17.551461
44.919164	-17.557569
44.929146	-17.563678
44.939128	-17.569786
44.94911	-17.575894
44.959092	-17.582002
44.969074	-17.58811
44.979056	-17.594218
44.989038	-17.600326
44.99902	-17.606433
45.009002	-17.612541
45.018984	-17.618648
45.028966	-17.624755
45.038948	-17.630862
45.04893	-17.636969
45.058912	-17.643076
45.068894	-17.649183
45.078876	-17.655289
45.088858	-17.661396
45.09884	-17.667502
45.108822	-17.673608
45.118804	-17.679714
45.128786	-17.68582
45.138768	-17.691926
45.14875	-17.698032
45.158732	-17.704137
45.168714	-17.710242
45.178696	-17.716348
45.188678	-17.722453
45.19866	-17.728557
45.208642	-17.734662
45.218624	-17.740767
45.228606	-17.746871
45.238588	-17.752975
45.24857	-17.75908
45.258552	-17.765184
45.268534	-17.771287
45.278516	-17.777391
45.288498	-17.783495
45.29848	-17.789598
45.308462	-17.795701
45.318444	-17.801804
45.328426	-17.807907
45.338408	-17.81401
45.34839	-17.820112
45.358372	-17.826215
45.368354	-17.832317
45.378336	-17.838419
45.388318	-17.844521
45.3983	-17.850622
45.408282	-17.856724
45.418264	-17.862825
45.428246	-17.868927
45.438228	-17.875028
45.44821	-17.881128
45.458192	-17.887229
45.468174	-17.893329
45.478156	-17.89943
45.488138	-17.90553
45.49812	-17.91163
45.508102	-17.91773
45.518084	-17.923829
45.528066	-17.929929
45.538048	-17.936028
45.54803	-17.942127
45.558012	-17.948226
45.567994	-17.954324
45.577976	-17.960423
45.587958	-17.966521
45.59794	-17.972619
45.607922	-17.978717
45.617904	-17.984814
45.627886	-17.990912
45.637868	-17.997009
45.64785	-18.003106
45.657832	-18.009203
45.667814	-18.0153
45.677796	-18.021396
45.687778	-18.027492
45.69776	-18.033588
45.707742	-18.039684
45.717724	-18.04578
45.727706	-18.051875
45.737688	-18.05797
45.74767	-18.064065
45.757652	-18.07016
45.767634	-18.076255
45.777616	-18.082349
45.787598	-18.088443
45.79758	-18.094537
45.807562	-18.100631
45.817544	-18.106724
45.827526	-18.112817
45.837508	-18.11891
45.847489	-18.125003
45.857471	-18.131096
45.867453	-18.137188
45.877435	-18.14328
45.887417	-18.149372
45.897399	-18.155464
45.907381	-18.161555
45.917363	-18.167646
45.927345	-18.173737
45.937327	-18.179828
45.947309	-18.185918
45.957291	-18.192009
45.967273	-18.198099
45.977255	-18.204188
45.987237	-18.210278
45.997219	-18.216367
46.007201	-18.222456
46.017183	-18.228545
46.027165	-18.234633
46.037147	-18.240722
46.047129	-18.24681
46.057111	-18.252898
46.067093	-18.258985
46.077075	-18.265072
46.087057	-18.271159
46.097039	-18.277246
46.107021	-18.283333
46.117003	-18.289419
46.126985	-18.295505
46.136967	-18.301591
46.146949	-18.307676
46.156931	-18.313761
46.166913	-18.319846
46.176895	-18.325931
46.186877	-18.332015
46.196859	-18.338099
46.206841	-18.344183
46.216823	-18.350267
46.226805	-18.35635
46.236787	-18.362433
46.246769	-18.368516
46.256751	-18.374598
46.266733	-18.380681
46.276715	-18.386762
46.286697	-18.392844
46.296679	-18.398925
46.306661	-18.405007
46.316643	-18.411087
46.326625	-18.417168
46.336607	-18.423248
46.346589	-18.429328
46.356571	-18.435408
46.366553	-18.441487
46.376535	-18.447566
46.386517	-18.453645
46.396499	-18.459723
46.406481	-18.465802
46.416463	-18.47188
46.426445	-18.477957
46.436427	-18.484034
46.446409	-18.490111
46.456391	-18.496188
46.466373	-18.502265
46.476355	-18.508341
46.486337	-18.514416
46.496319	-18.520492
46.506301	-18.526567
46.516283	-18.532642
46.526265	-18.538717
46.536247	-18.544791
46.546229	-18.550865
46.556211	-18.556938
46.566193	-18.563012
46.576175	-18.569085
46.586157	-18.575157
46.596139	-18.58123
46.606121	-18.587302
46.616103	-18.593373
46.626085	-18.599445
46.636067	-18.605516
46.646049	-18.611586
46.656031	-18.617657
46.666013	-18.623727
46.675995	-18.629797
46.685977	-18.635866
46.695959	-18.641935
46.705941	-18.648004
46.715923	-18.654072
46.725905	-18.66014
46.735887	-18.666208
46.745869	-18.672276
46.755851	-18.678343
46.765833	-18.684409
46.775815	-18.690476
46.785797	-18.696542
46.795779	-18.702607
46.805761	-18.708673
46.815743	-18.714738
46.825725	-18.720802
46.835707	-18.726867
46.845689	-18.732931
46.855671	-18.738994
46.865653	-18.745057
46.875635	-18.75112
46.885617	-18.757183
46.895599	-18.763245
46.905581	-18.769307
46.915563	-18.775368
46.925545	-18.781429
46.935527	-18.78749
46.945509	-18.79355
46.955491	-18.79961
46.965473	-18.80567
46.975455	-18.811729
46.985437	-18.817788
46.995419	-18.823847
47.005401	-18.829905
47.015383	-18.835962
47.025365	-18.84202
47.035347	-18.848077
47.045329	-18.854134
47.055311	-18.86019
47.065293	-18.866246
47.075275	-18.872301
47.085257	-18.878356
47.095239	-18.884411
47.105221	-18.890465
47.115203	-18.896519
47.125185	-18.902573
47.135167	-18.908626
47.145149	-18.914679
47.155131	-18.920731
47.165113	-18.926783
47.175095	-18.932835
47.185077	-18.938886
47.195059	-18.944937
47.205041	-18.950987
47.215023	-18.957037
47.225005	-18.963087
47.234987	-18.969136
47.244969	-18.975185
47.254951	-18.981233
47.264933	-18.987281
47.274915	-18.993329
47.284897	-18.999376
47.294879	-19.005423
47.304861	-19.011469
47.314843	-19.017515
47.324825	-19.02356
47.334807	-19.029606
47.344789	-19.03565
47.354771	-19.041695
47.364753	-19.047738
47.374735	-19.053782
47.384717	-19.059825
47.394699	-19.065867
47.404681	-19.07191
47.414663	-19.077951
47.424645	-19.083993
47.434627	-19.090033
47.444609	-19.096074
47.454591	-19.102114
47.464573	-19.108153
47.474555	-19.114193
47.484537	-19.120231
47.494519	-19.12627
47.504501	-19.132307
47.514483	-19.138345
47.524465	-19.144382
47.534447	-19.150418
47.544429	-19.156454
47.554411	-19.16249
47.564393	-19.168525
47.574375	-19.17456
47.584357	-19.180594
47.594339	-19.186628
47.604321	-19.192661
47.614303	-19.198694
47.624285	-19.204727
47.634267	-19.210759
47.644249	-19.21679
47.654231	-19.222821
47.664213	-19.228852
47.674195	-19.234882
47.684177	-19.240912
47.694159	-19.246941
47.704141	-19.25297
47.714123	-19.258998
47.724105	-19.265026
47.734087	-19.271053
47.744069	-19.27708
47.754051	-19.283107
47.764033	-19.289132
47.774015	-19.295158
47.783997	-19.301183
47.793979	-19.307207
47.803961	-19.313231
47.813943	-19.319255
47.823925	-19.325278
47.833907	-19.331301
47.843889	-19.337323
47.853871	-19.343344
47.863853	-19.349366
47.873835	-19.355386
47.883817	-19.361406
47.893799	-19.367426
47.903781	-19.373445
47.913763	-19.379464
47.923745	-19.385482
47.933727	-19.3915
47.943709	-19.397517
47.953691	-19.403534
47.963673	-19.40955
47.973655	-19.415566
47.983637	-19.421581
47.993619	-19.427595
48.003601	-19.43361
48.013583	-19.439623
48.023565	-19.445636
48.033547	-19.451649
48.043529	-19.457661
48.053511	-19.463673
48.063493	-19.469684
48.073475	-19.475695
48.083457	-19.481705
48.093439	-19.487714
48.103421	-19.493723
48.113403	-19.499732
48.123385	-19.50574
48.133367	-19.511747
48.143349	-19.517754
48.153331	-19.523761
48.163313	-19.529767
48.173295	-19.535772
48.183277	-19.541777
48.193259	-19.547781
48.203241	-19.553785
48.213223	-19.559788
48.223205	-19.565791
48.233187	-19.571793
48.243169	-19.577795
48.253151	-19.583796
48.263133	-19.589796
48.273115	-19.595796
48.283097	-19.601796
48.293079	-19.607795
48.303061	-19.613793
48.313043	-19.619791
48.323025	-19.625788
48.333007	-19.631785
48.342989	-19.637781
48.352971	-19.643776
48.362953	-19.649772
48.372935	-19.655766
48.382917	-19.66176
48.392899	-19.667753
48.402881	-19.673746
48.412863	-19.679738
48.422845	-19.68573
48.432827	-19.691721
48.442809	-19.697712
48.452791	-19.703702
48.462773	-19.709691
48.472755	-19.71568
48.482737	-19.721668
48.492719	-19.727656
48.502701	-19.733643
48.512683	-19.73963
48.522665	-19.745616
48.532647	-19.751601
48.542629	-19.757586
48.552611	-19.76357
48.562593	-19.769554
48.572575	-19.775537
48.582557	-19.781519
48.592539	-19.787501
48.602521	-19.793483
48.612503	-19.799463
48.622484	-19.805444
48.632466	-19.811423
48.642448	-19.817402
48.65243	-19.82338
48.662412	-19.829358
48.672394	-19.835335
48.682376	-19.841312
48.692358	-19.847288
48.70234	-19.853263
48.712322	-19.859238
48.722304	-19.865212
48.732286	-19.871186
48.742268	-19.877159
48.75225	-19.883131
48.762232	-19.889103
48.772214	-19.895074
48.782196	-19.901044
48.792178	-19.907014
48.80216	-19.912983
48.812142	-19.918952
48.822124	-19.92492
48.832106	-19.930887
48.842088	-19.936854
48.85207	-19.94282
48.862052	-19.948786
48.872034	-19.954751
48.882016	-19.960715
48.891998	-19.966679
48.90198	-19.972642
48.911962	-19.978604
48.921944	-19.984566
48.931926	-19.990527
48.941908	-19.996488
48.95189	-20.002447
48.961872	-20.008407
48.971854	-20.014365
48.981836	-20.020323
48.991818	-20.026281
49.0018	-20.032237
49.011782	-20.038193
49.021764	-20.044149
49.031746	-20.050103
49.041728	-20.056057
49.05171	-20.062011
49.061692	-20.067964
49.071674	-20.073916
49.081656	-20.079867
49.091638	-20.085818
49.10162	-20.091768
49.111602	-20.097718
49.121584	-20.103666
49.131566	-20.109615
49.141548	-20.115562
49.15153	-20.121509
49.161512	-20.127455
49.171494	-20.133401
49.181476	-20.139345
49.191458	-20.14529
49.20144	-20.151233
49.211422	-20.157176
49.221404	-20.163118
49.231386	-20.16906
49.241368	-20.175
49.25135	-20.180941
49.261332	-20.18688
49.271314	-20.192819
49.281296	-20.198757
49.291278	-20.204694
49.30126	-20.210631
49.311242	-20.216567
49.321224	-20.222502
49.331206	-20.228437
49.341188	-20.234371
49.35117	-20.240304
49.361152	-20.246237
49.371134	-20.252169
49.381116	-20.2581
49.391098	-20.26403
49.40108	-20.26996
49.411062	-20.275889
49.421044	-20.281818
49.431026	-20.287745
49.441008	-20.293672
49.45099	-20.299598
49.460972	-20.305524
49.470954	-20.311449
49.480936	-20.317373
49.490918	-20.323296
49.5009	-20.329219
49.510882	-20.335141
49.520864	-20.341062
49.530846	-20.346983
49.540828	-20.352903
49.55081	-20.358822
49.560792	-20.36474
49.570774	-20.370658
49.580756	-20.376575
49.590738	-20.382491
49.60072	-20.388407
49.610702	-20.394322
49.620684	-20.400236
49.630666	-20.406149
49.640648	-20.412062
49.65063	-20.417973
49.660612	-20.423885
49.670594	-20.429795
49.680576	-20.435705
49.690558	-20.441614
49.70054	-20.447522
49.710522	-20.453429
49.720504	-20.459336
49.730486	-20.465242
49.740468	-20.471147
49.75045	-20.477051
49.760432	-20.482955
49.770414	-20.488858
49.780396	-20.49476
49.790378	-20.500662
49.80036	-20.506562
49.810342	-20.512462
49.820324	-20.518362
49.830306	-20.52426
49.840288	-20.530158
49.85027	-20.536055
49.860252	-20.541951
49.870234	-20.547846
49.880216	-20.553741
49.890198	-20.559634
49.90018	-20.565528
49.910162	-20.57142
49.920144	-20.577311
49.930126	-20.583202
49.940108	-20.589092
49.95009	-20.594981
49.960072	-20.60087
49.970054	-20.606757
49.980036	-20.612644
49.990018	-20.61853
50	-20.624416
