Freq_GHz	Norm_dB
0.1	0
0.109982	-2.7079302e-05
0.11996399	-5.6733144e-05
0.12994599	-8.8961521e-05
0.13992799	-0.00012376443
0.14990998	-0.00016114186
0.15989198	-0.0002010938
0.16987397	-0.00024362026
0.17985597	-0.00028872122
0.18983797	-0.00033639667
0.19981996	-0.00038664662
0.20980196	-0.00043947103
0.21978396	-0.00049486992
0.22976595	-0.00055284327
0.23974795	-0.00061339107
0.24972995	-0.00067651331
0.25971194	-0.00074220997
0.26969394	-0.00081048105
0.27967594	-0.00088132654
0.28965793	-0.00095474642
0.29963993	-0.0010307407
0.30962192	-0.0011093093
0.31960392	-0.0011904523
0.32958592	-0.0012741696
0.33956791	-0.0013604613
0.34954991	-0.0014493272
0.35953191	-0.0015407675
0.3695139	-0.001634782
0.3794959	-0.0017313708
0.3894779	-0.0018305338
0.39945989	-0.0019322711
0.40944189	-0.0020365826
0.41942388	-0.0021434683
0.42940588	-0.0022529281
0.43938788	-0.0023649621
0.44936987	-0.0024795703
0.45935187	-0.0025967526
0.46933387	-0.0027165089
0.47931586	-0.0028388394
0.48929786	-0.0029637439
0.49927986	-0.0030912224
0.50926185	-0.003221275
0.51924385	-0.0033539015
0.52922585	-0.003489102
0.53920784	-0.0036268764
0.54918984	-0.0037672248
0.55917183	-0.0039101471
0.56915383	-0.0040556432
0.57913583	-0.0042037132
0.58911782	-0.004354357
0.59909982	-0.0045075746
0.60908182	-0.004663366
0.61906381	-0.0048217311
0.62904581	-0.0049826699
0.63902781	-0.0051461825
0.6490098	-0.0053122686
0.6589918	-0.0054809285
0.66897379	-0.0056521619
0.67895579	-0.0058259688
0.68893779	-0.0060023494
0.69891978	-0.0061813034
0.70890178	-0.0063628309
0.71888378	-0.0065469319
0.72886577	-0.0067336063
0.73884777	-0.0069228541
0.74882977	-0.0071146752
0.75881176	-0.0073090696
0.76879376	-0.0075060374
0.77877576	-0.0077055784
0.78875775	-0.0079076926
0.79873975	-0.00811238
0.80872174	-0.0083196405
0.81870374	-0.0085294742
0.82868574	-0.0087418809
0.83866773	-0.0089568607
0.84864973	-0.0091744135
0.85863173	-0.0093945393
0.86861372	-0.0096172379
0.87859572	-0.0098425095
0.88857772	-0.010070354
0.89855971	-0.010300771
0.90854171	-0.010533761
0.9185237	-0.010769324
0.9285057	-0.011007459
0.9384877	-0.011248167
0.94846969	-0.011491448
0.95845169	-0.011737301
0.96843369	-0.011985727
0.97841568	-0.012236726
0.98839768	-0.012490296
0.99837968	-0.012746439
1.0083617	-0.013005155
1.0183437	-0.013266443
1.0283257	-0.013530303
1.0383077	-0.013796735
1.0482897	-0.014065739
1.0582717	-0.014337316
1.0682537	-0.014611465
1.0782356	-0.014888185
1.0882176	-0.015167478
1.0981996	-0.015449343
1.1081816	-0.015733779
1.1181636	-0.016020787
1.1281456	-0.016310368
1.1381276	-0.016602519
1.1481096	-0.016897243
1.1580916	-0.017194538
1.1680736	-0.017494405
1.1780556	-0.017796843
1.1880376	-0.018101853
1.1980196	-0.018409434
1.2080016	-0.018719587
1.2179836	-0.019032311
1.2279656	-0.019347606
1.2379476	-0.019665473
1.2479296	-0.01998591
1.2579116	-0.020308919
1.2678936	-0.020634499
1.2778756	-0.02096265
1.2878576	-0.021293371
1.2978396	-0.021626664
1.3078216	-0.021962527
1.3178036	-0.022300962
1.3277856	-0.022641967
1.3377676	-0.022985542
1.3477495	-0.023331688
1.3577315	-0.023680405
1.3677135	-0.024031692
1.3776955	-0.02438555
1.3876775	-0.024741978
1.3976595	-0.025100976
1.4076415	-0.025462545
1.4176235	-0.025826683
1.4276055	-0.026193392
1.4375875	-0.026562671
1.4475695	-0.02693452
1.4575515	-0.027308938
1.4675335	-0.027685927
1.4775155	-0.028065485
1.4874975	-0.028447614
1.4974795	-0.028832311
1.5074615	-0.029219579
1.5174435	-0.029609416
1.5274255	-0.030001822
1.5374075	-0.030396798
1.5473895	-0.030794343
1.5573715	-0.031194457
1.5673535	-0.031597141
1.5773355	-0.032002393
1.5873175	-0.032410215
1.5972995	-0.032820606
1.6072815	-0.033233565
1.6172635	-0.033649094
1.6272454	-0.034067191
1.6372274	-0.034487857
1.6472094	-0.034911091
1.6571914	-0.035336894
1.6671734	-0.035765266
1.6771554	-0.036196206
1.6871374	-0.036629714
1.6971194	-0.037065791
1.7071014	-0.037504436
1.7170834	-0.037945648
1.7270654	-0.038389429
1.7370474	-0.038835778
1.7470294	-0.039284695
1.7570114	-0.039736179
1.7669934	-0.040190232
1.7769754	-0.040646852
1.7869574	-0.041106039
1.7969394	-0.041567794
1.8069214	-0.042032117
1.8169034	-0.042499006
1.8268854	-0.042968463
1.8368674	-0.043440487
1.8468494	-0.043915079
1.8568314	-0.044392237
1.8668134	-0.044871962
1.8767954	-0.045354254
1.8867774	-0.045839113
1.8967594	-0.046326539
1.9067413	-0.046816531
1.9167233	-0.047309089
1.9267053	-0.047804214
1.9366873	-0.048301906
1.9466693	-0.048802164
1.9566513	-0.049304987
1.9666333	-0.049810377
1.9766153	-0.050318333
1.9865973	-0.050828855
1.9965793	-0.051341943
2.0065613	-0.051857596
2.0165433	-0.052375815
2.0265253	-0.0528966
2.0365073	-0.05341995
2.0464893	-0.053945866
2.0564713	-0.054474347
2.0664533	-0.055005393
2.0764353	-0.055539004
2.0864173	-0.05607518
2.0963993	-0.056613921
2.1063813	-0.057155227
2.1163633	-0.057699098
2.1263453	-0.058245533
2.1363273	-0.058794533
2.1463093	-0.059346098
2.1562913	-0.059900227
2.1662733	-0.06045692
2.1762553	-0.061016177
2.1862372	-0.061577998
2.1962192	-0.062142384
2.2062012	-0.062709333
2.2161832	-0.063278846
2.2261652	-0.063850923
2.2361472	-0.064425563
2.2461292	-0.065002767
2.2561112	-0.065582534
2.2660932	-0.066164865
2.2760752	-0.066749759
2.2860572	-0.067337216
2.2960392	-0.067927236
2.3060212	-0.068519819
2.3160032	-0.069114965
2.3259852	-0.069712673
2.3359672	-0.070312944
2.3459492	-0.070915778
2.3559312	-0.071521173
2.3659132	-0.072129132
2.3758952	-0.072739652
2.3858772	-0.073352735
2.3958592	-0.073968379
2.4058412	-0.074586586
2.4158232	-0.075207354
2.4258052	-0.075830684
2.4357872	-0.076456575
2.4457692	-0.077085028
2.4557512	-0.077716042
2.4657331	-0.078349618
2.4757151	-0.078985755
2.4856971	-0.079624452
2.4956791	-0.080265711
2.5056611	-0.08090953
2.5156431	-0.08155591
2.5256251	-0.082204851
2.5356071	-0.082856352
2.5455891	-0.083510414
2.5555711	-0.084167036
2.5655531	-0.084826218
2.5755351	-0.08548796
2.5855171	-0.086152262
2.5954991	-0.086819124
2.6054811	-0.087488545
2.6154631	-0.088160526
2.6254451	-0.088835067
2.6354271	-0.089512166
2.6454091	-0.090191826
2.6553911	-0.090874044
2.6653731	-0.091558821
2.6753551	-0.092246157
2.6853371	-0.092936052
2.6953191	-0.093628506
2.7053011	-0.094323518
2.7152831	-0.095021088
2.7252651	-0.095721217
2.735247	-0.096423904
2.745229	-0.097129149
2.755211	-0.097836952
2.765193	-0.098547313
2.775175	-0.099260232
2.785157	-0.099975708
2.795139	-0.10069374
2.805121	-0.10141433
2.815103	-0.10213748
2.825085	-0.10286319
2.835067	-0.10359145
2.845049	-0.10432227
2.855031	-0.10505564
2.865013	-0.10579158
2.874995	-0.10653006
2.884977	-0.10727111
2.894959	-0.10801471
2.904941	-0.10876087
2.914923	-0.10950958
2.924905	-0.11026085
2.934887	-0.11101468
2.944869	-0.11177106
2.954851	-0.11252999
2.964833	-0.11329149
2.974815	-0.11405553
2.984797	-0.11482213
2.994779	-0.11559129
3.004761	-0.116363
3.0147429	-0.11713727
3.0247249	-0.11791409
3.0347069	-0.11869346
3.0446889	-0.11947539
3.0546709	-0.12025988
3.0646529	-0.12104691
3.0746349	-0.12183651
3.0846169	-0.12262865
3.0945989	-0.12342335
3.1045809	-0.1242206
3.1145629	-0.12502041
3.1245449	-0.12582277
3.1345269	-0.12662768
3.1445089	-0.12743514
3.1544909	-0.12824516
3.1644729	-0.12905773
3.1744549	-0.12987286
3.1844369	-0.13069053
3.1944189	-0.13151076
3.2044009	-0.13233354
3.2143829	-0.13315887
3.2243649	-0.13398675
3.2343469	-0.13481719
3.2443289	-0.13565018
3.2543109	-0.13648571
3.2642929	-0.1373238
3.2742749	-0.13816444
3.2842569	-0.13900763
3.2942388	-0.13985338
3.3042208	-0.14070167
3.3142028	-0.14155251
3.3241848	-0.14240591
3.3341668	-0.14326185
3.3441488	-0.14412035
3.3541308	-0.14498139
3.3641128	-0.14584499
3.3740948	-0.14671113
3.3840768	-0.14757982
3.3940588	-0.14845107
3.4040408	-0.14932486
3.4140228	-0.1502012
3.4240048	-0.15108009
3.4339868	-0.15196153
3.4439688	-0.15284552
3.4539508	-0.15373205
3.4639328	-0.15462114
3.4739148	-0.15551277
3.4838968	-0.15640695
3.4938788	-0.15730368
3.5038608	-0.15820296
3.5138428	-0.15910478
3.5238248	-0.16000915
3.5338068	-0.16091607
3.5437888	-0.16182554
3.5537708	-0.16273755
3.5637528	-0.16365211
3.5737347	-0.16456921
3.5837167	-0.16548887
3.5936987	-0.16641107
3.6036807	-0.16733581
3.6136627	-0.1682631
3.6236447	-0.16919294
3.6336267	-0.17012532
3.6436087	-0.17106025
3.6535907	-0.17199773
3.6635727	-0.17293775
3.6735547	-0.17388031
3.6835367	-0.17482542
3.6935187	-0.17577307
3.7035007	-0.17672327
3.7134827	-0.17767602
3.7234647	-0.1786313
3.7334467	-0.17958914
3.7434287	-0.18054951
3.7534107	-0.18151243
3.7633927	-0.18247789
3.7733747	-0.1834459
3.7833567	-0.18441645
3.7933387	-0.18538954
3.8033207	-0.18636518
3.8133027	-0.18734336
3.8232847	-0.18832408
3.8332667	-0.18930735
3.8432486	-0.19029315
3.8532306	-0.1912815
3.8632126	-0.19227239
3.8731946	-0.19326582
3.8831766	-0.1942618
3.8931586	-0.19526032
3.9031406	-0.19626137
3.9131226	-0.19726497
3.9231046	-0.19827111
3.9330866	-0.19927979
3.9430686	-0.20029101
3.9530506	-0.20130477
3.9630326	-0.20232107
3.9730146	-0.20333992
3.9829966	-0.2043613
3.9929786	-0.20538522
4.0029606	-0.20641168
4.0129426	-0.20744068
4.0229246	-0.20847222
4.0329066	-0.2095063
4.0428886	-0.21054292
4.0528706	-0.21158207
4.0628526	-0.21262377
4.0728346	-0.213668
4.0828166	-0.21471477
4.0927986	-0.21576408
4.1027806	-0.21681593
4.1127626	-0.21787032
4.1227445	-0.21892724
4.1327265	-0.2199867
4.1427085	-0.2210487
4.1526905	-0.22211323
4.1626725	-0.22318031
4.1726545	-0.22424991
4.1826365	-0.22532206
4.1926185	-0.22639674
4.2026005	-0.22747396
4.2125825	-0.22855371
4.2225645	-0.229636
4.2325465	-0.23072082
4.2425285	-0.23180818
4.2525105	-0.23289807
4.2624925	-0.2339905
4.2724745	-0.23508547
4.2824565	-0.23618297
4.2924385	-0.237283
4.3024205	-0.23838557
4.3124025	-0.23949067
4.3223845	-0.2405983
4.3323665	-0.24170847
4.3423485	-0.24282118
4.3523305	-0.24393641
4.3623125	-0.24505418
4.3722945	-0.24617448
4.3822765	-0.24729732
4.3922585	-0.24842269
4.4022404	-0.24955059
4.4122224	-0.25068102
4.4222044	-0.25181398
4.4321864	-0.25294948
4.4421684	-0.2540875
4.4521504	-0.25522806
4.4621324	-0.25637115
4.4721144	-0.25751677
4.4820964	-0.25866493
4.4920784	-0.25981561
4.5020604	-0.26096882
4.5120424	-0.26212456
4.5220244	-0.26328284
4.5320064	-0.26444364
4.5419884	-0.26560697
4.5519704	-0.26677284
4.5619524	-0.26794123
4.5719344	-0.26911215
4.5819164	-0.2702856
4.5918984	-0.27146158
4.6018804	-0.27264008
4.6118624	-0.27382112
4.6218444	-0.27500468
4.6318264	-0.27619077
4.6418084	-0.27737939
4.6517904	-0.27857054
4.6617724	-0.27976421
4.6717544	-0.28096041
4.6817363	-0.28215914
4.6917183	-0.28336039
4.7017003	-0.28456417
4.7116823	-0.28577048
4.7216643	-0.28697931
4.7316463	-0.28819067
4.7416283	-0.28940456
4.7516103	-0.29062097
4.7615923	-0.2918399
4.7715743	-0.29306136
4.7815563	-0.29428535
4.7915383	-0.29551186
4.8015203	-0.29674089
4.8115023	-0.29797245
4.8214843	-0.29920653
4.8314663	-0.30044314
4.8414483	-0.30168227
4.8514303	-0.30292392
4.8614123	-0.3041681
4.8713943	-0.3054148
4.8813763	-0.30666402
4.8913583	-0.30791576
4.9013403	-0.30917003
4.9113223	-0.31042682
4.9213043	-0.31168613
4.9312863	-0.31294796
4.9412683	-0.31421232
4.9512503	-0.31547919
4.9612322	-0.31674859
4.9712142	-0.31802051
4.9811962	-0.31929494
4.9911782	-0.3205719
5.0011602	-0.32185138
5.0111422	-0.32313338
5.0211242	-0.3244179
5.0311062	-0.32570494
5.0410882	-0.32699449
5.0510702	-0.32828657
5.0610522	-0.32958117
5.0710342	-0.33087828
5.0810162	-0.33217791
5.0909982	-0.33348006
5.1009802	-0.33478473
5.1109622	-0.33609192
5.1209442	-0.33740162
5.1309262	-0.33871385
5.1409082	-0.34002858
5.1508902	-0.34134584
5.1608722	-0.34266561
5.1708542	-0.3439879
5.1808362	-0.34531271
5.1908182	-0.34664003
5.2008002	-0.34796987
5.2107822	-0.34930222
5.2207642	-0.35063709
5.2307461	-0.35197447
5.2407281	-0.35331437
5.2507101	-0.35465678
5.2606921	-0.35600171
5.2706741	-0.35734915
5.2806561	-0.3586991
5.2906381	-0.36005157
5.3006201	-0.36140656
5.3106021	-0.36276405
5.3205841	-0.36412406
5.3305661	-0.36548658
5.3405481	-0.36685162
5.3505301	-0.36821917
5.3605121	-0.36958922
5.3704941	-0.3709618
5.3804761	-0.37233688
5.3904581	-0.37371447
5.4004401	-0.37509458
5.4104221	-0.37647719
5.4204041	-0.37786232
5.4303861	-0.37924996
5.4403681	-0.38064011
5.4503501	-0.38203277
5.4603321	-0.38342793
5.4703141	-0.38482561
5.4802961	-0.3862258
5.4902781	-0.3876285
5.5002601	-0.3890337
5.510242	-0.39044141
5.520224	-0.39185164
5.530206	-0.39326437
5.540188	-0.39467961
5.55017	-0.39609735
5.560152	-0.3975176
5.570134	-0.39894037
5.580116	-0.40036563
5.590098	-0.40179341
5.60008	-0.40322369
5.610062	-0.40465647
5.620044	-0.40609177
5.630026	-0.40752957
5.640008	-0.40896987
5.64999	-0.41041268
5.659972	-0.411858
5.669954	-0.41330582
5.679936	-0.41475614
5.689918	-0.41620897
5.6999	-0.4176643
5.709882	-0.41912214
5.719864	-0.42058248
5.729846	-0.42204532
5.739828	-0.42351066
5.74981	-0.42497851
5.759792	-0.42644887
5.769774	-0.42792172
5.779756	-0.42939707
5.7897379	-0.43087493
5.7997199	-0.43235529
5.8097019	-0.43383815
5.8196839	-0.43532351
5.8296659	-0.43681138
5.8396479	-0.43830174
5.8496299	-0.4397946
5.8596119	-0.44128997
5.8695939	-0.44278783
5.8795759	-0.44428819
5.8895579	-0.44579105
5.8995399	-0.44729642
5.9095219	-0.44880428
5.9195039	-0.45031463
5.9294859	-0.45182749
5.9394679	-0.45334285
5.9494499	-0.4548607
5.9594319	-0.45638105
5.9694139	-0.4579039
5.9793959	-0.45942924
5.9893779	-0.46095708
5.9993599	-0.46248742
6.0093419	-0.46402025
6.0193239	-0.46555558
6.0293059	-0.46709341
6.0392879	-0.46863373
6.0492699	-0.47017654
6.0592519	-0.47172185
6.0692338	-0.47326966
6.0792158	-0.47481996
6.0891978	-0.47637275
6.0991798	-0.47792804
6.1091618	-0.47948582
6.1191438	-0.4810461
6.1291258	-0.48260886
6.1391078	-0.48417412
6.1490898	-0.48574188
6.1590718	-0.48731212
6.1690538	-0.48888486
6.1790358	-0.49046009
6.1890178	-0.49203781
6.1989998	-0.49361802
6.2089818	-0.49520072
6.2189638	-0.49678592
6.2289458	-0.4983736
6.2389278	-0.49996377
6.2489098	-0.50155644
6.2588918	-0.50315159
6.2688738	-0.50474923
6.2788558	-0.50634936
6.2888378	-0.50795198
6.2988198	-0.50955709
6.3088018	-0.51116469
6.3187838	-0.51277477
6.3287658	-0.51438734
6.3387477	-0.5160024
6.3487297	-0.51761995
6.3587117	-0.51923998
6.3686937	-0.5208625
6.3786757	-0.52248751
6.3886577	-0.524115
6.3986397	-0.52574498
6.4086217	-0.52737744
6.4186037	-0.52901239
6.4285857	-0.53064983
6.4385677	-0.53228974
6.4485497	-0.53393215
6.4585317	-0.53557703
6.4685137	-0.5372244
6.4784957	-0.53887426
6.4884777	-0.54052659
6.4984597	-0.54218141
6.5084417	-0.54383872
6.5184237	-0.5454985
6.5284057	-0.54716077
6.5383877	-0.54882552
6.5483697	-0.55049275
6.5583517	-0.55216246
6.5683337	-0.55383465
6.5783157	-0.55550932
6.5882977	-0.55718648
6.5982797	-0.55886611
6.6082617	-0.56054822
6.6182436	-0.56223281
6.6282256	-0.56391989
6.6382076	-0.56560944
6.6481896	-0.56730147
6.6581716	-0.56899597
6.6681536	-0.57069296
6.6781356	-0.57239242
6.6881176	-0.57409436
6.6980996	-0.57579878
6.7080816	-0.57750568
6.7180636	-0.57921505
6.7280456	-0.58092689
6.7380276	-0.58264122
6.7480096	-0.58435802
6.7579916	-0.58607729
6.7679736	-0.58779904
6.7779556	-0.58952327
6.7879376	-0.59124997
6.7979196	-0.59297914
6.8079016	-0.59471079
6.8178836	-0.59644491
6.8278656	-0.5981815
6.8378476	-0.59992057
6.8478296	-0.60166211
6.8578116	-0.60340612
6.8677936	-0.6051526
6.8777756	-0.60690156
6.8877576	-0.60865299
6.8977395	-0.61040689
6.9077215	-0.61216326
6.9177035	-0.6139221
6.9276855	-0.61568341
6.9376675	-0.61744719
6.9476495	-0.61921344
6.9576315	-0.62098216
6.9676135	-0.62275335
6.9775955	-0.62452701
6.9875775	-0.62630313
6.9975595	-0.62808173
7.0075415	-0.62986279
7.0175235	-0.63164632
7.0275055	-0.63343232
7.0374875	-0.63522078
7.0474695	-0.63701171
7.0574515	-0.63880511
7.0674335	-0.64060097
7.0774155	-0.6423993
7.0873975	-0.6442001
7.0973795	-0.64600336
7.1073615	-0.64780908
7.1173435	-0.64961727
7.1273255	-0.65142792
7.1373075	-0.65324104
7.1472895	-0.65505662
7.1572715	-0.65687466
7.1672535	-0.65869517
7.1772354	-0.66051813
7.1872174	-0.66234357
7.1971994	-0.66417146
7.2071814	-0.66600181
7.2171634	-0.66783463
7.2271454	-0.66966991
7.2371274	-0.67150764
7.2471094	-0.67334784
7.2570914	-0.6751905
7.2670734	-0.67703562
7.2770554	-0.67888319
7.2870374	-0.68073323
7.2970194	-0.68258572
7.3070014	-0.68444068
7.3169834	-0.68629809
7.3269654	-0.68815796
7.3369474	-0.69002029
7.3469294	-0.69188507
7.3569114	-0.69375231
7.3668934	-0.69562201
7.3768754	-0.69749416
7.3868574	-0.69936877
7.3968394	-0.70124583
7.4068214	-0.70312535
7.4168034	-0.70500733
7.4267854	-0.70689176
7.4367674	-0.70877864
7.4467493	-0.71066798
7.4567313	-0.71255977
7.4667133	-0.71445401
7.4766953	-0.71635071
7.4866773	-0.71824986
7.4966593	-0.72015146
7.5066413	-0.72205551
7.5166233	-0.72396202
7.5266053	-0.72587097
7.5365873	-0.72778238
7.5465693	-0.72969624
7.5565513	-0.73161255
7.5665333	-0.73353131
7.5765153	-0.73545251
7.5864973	-0.73737617
7.5964793	-0.73930227
7.6064613	-0.74123083
7.6164433	-0.74316183
7.6264253	-0.74509528
7.6364073	-0.74703118
7.6463893	-0.74896952
7.6563713	-0.75091032
7.6663533	-0.75285355
7.6763353	-0.75479924
7.6863173	-0.75674737
7.6962993	-0.75869794
7.7062813	-0.76065096
7.7162633	-0.76260643
7.7262452	-0.76456434
7.7362272	-0.76652469
7.7462092	-0.76848749
7.7561912	-0.77045273
7.7661732	-0.77242042
7.7761552	-0.77439054
7.7861372	-0.77636311
7.7961192	-0.77833813
7.8061012	-0.78031558
7.8160832	-0.78229547
7.8260652	-0.78427781
7.8360472	-0.78626258
7.8460292	-0.7882498
7.8560112	-0.79023946
7.8659932	-0.79223155
7.8759752	-0.79422609
7.8859572	-0.79622306
7.8959392	-0.79822248
7.9059212	-0.80022433
7.9159032	-0.80222862
7.9258852	-0.80423534
7.9358672	-0.8062445
7.9458492	-0.8082561
7.9558312	-0.81027014
7.9658132	-0.81228661
7.9757952	-0.81430552
7.9857772	-0.81632687
7.9957592	-0.81835064
8.0057411	-0.82037686
8.0157231	-0.8224055
8.0257051	-0.82443659
8.0356871	-0.8264701
8.0456691	-0.82850605
8.0556511	-0.83054443
8.0656331	-0.83258524
8.0756151	-0.83462849
8.0855971	-0.83667417
8.0955791	-0.83872227
8.1055611	-0.84077281
8.1155431	-0.84282578
8.1255251	-0.84488119
8.1355071	-0.84693902
8.1454891	-0.84899928
8.1554711	-0.85106197
8.1654531	-0.85312708
8.1754351	-0.85519463
8.1854171	-0.8572646
8.1953991	-0.85933701
8.2053811	-0.86141184
8.2153631	-0.86348909
8.2253451	-0.86556878
8.2353271	-0.86765089
8.2453091	-0.86973542
8.2552911	-0.87182238
8.2652731	-0.87391177
8.2752551	-0.87600358
8.285237	-0.87809781
8.295219	-0.88019447
8.305201	-0.88229356
8.315183	-0.88439506
8.325165	-0.88649899
8.335147	-0.88860534
8.345129	-0.89071412
8.355111	-0.89282531
8.365093	-0.89493893
8.375075	-0.89705497
8.385057	-0.89917342
8.395039	-0.9012943
8.405021	-0.9034176
8.415003	-0.90554332
8.424985	-0.90767146
8.434967	-0.90980201
8.444949	-0.91193499
8.454931	-0.91407038
8.464913	-0.91620819
8.474895	-0.91834841
8.484877	-0.92049106
8.494859	-0.92263612
8.504841	-0.92478359
8.514823	-0.92693349
8.524805	-0.92908579
8.534787	-0.93124051
8.544769	-0.93339765
8.554751	-0.9355572
8.5647329	-0.93771917
8.5747149	-0.93988354
8.5846969	-0.94205033
8.5946789	-0.94421954
8.6046609	-0.94639115
8.6146429	-0.94856518
8.6246249	-0.95074162
8.6346069	-0.95292046
8.6445889	-0.95510172
8.6545709	-0.95728539
8.6645529	-0.95947147
8.6745349	-0.96165996
8.6845169	-0.96385086
8.6944989	-0.96604417
8.7044809	-0.96823988
8.7144629	-0.97043801
8.7244449	-0.97263854
8.7344269	-0.97484147
8.7444089	-0.97704682
8.7543909	-0.97925457
8.7643729	-0.98146472
8.7743549	-0.98367728
8.7843369	-0.98589225
8.7943189	-0.98810962
8.8043009	-0.99032939
8.8142829	-0.99255157
8.8242649	-0.99477616
8.8342468	-0.99700314
8.8442288	-0.99923253
8.8542108	-1.0014643
8.8641928	-1.0036985
8.8741748	-1.0059351
8.8841568	-1.0081741
8.8941388	-1.0104155
8.9041208	-1.0126593
8.9141028	-1.0149055
8.9240848	-1.0171541
8.9340668	-1.0194051
8.9440488	-1.0216585
8.9540308	-1.0239142
8.9640128	-1.0261724
8.9739948	-1.028433
8.9839768	-1.030696
8.9939588	-1.0329614
9.0039408	-1.0352292
9.0139228	-1.0374993
9.0239048	-1.0397719
9.0338868	-1.0420468
9.0438688	-1.0443242
9.0538508	-1.0466039
9.0638328	-1.0488861
9.0738148	-1.0511706
9.0837968	-1.0534575
9.0937788	-1.0557469
9.1037608	-1.0580386
9.1137427	-1.0603327
9.1237247	-1.0626292
9.1337067	-1.0649281
9.1436887	-1.0672293
9.1536707	-1.069533
9.1636527	-1.0718391
9.1736347	-1.0741475
9.1836167	-1.0764583
9.1935987	-1.0787715
9.2035807	-1.0810871
9.2135627	-1.0834051
9.2235447	-1.0857255
9.2335267	-1.0880483
9.2435087	-1.0903734
9.2534907	-1.092701
9.2634727	-1.0950309
9.2734547	-1.0973632
9.2834367	-1.0996979
9.2934187	-1.102035
9.3034007	-1.1043744
9.3133827	-1.1067163
9.3233647	-1.1090605
9.3333467	-1.1114071
9.3433287	-1.1137561
9.3533107	-1.1161075
9.3632927	-1.1184612
9.3732747	-1.1208174
9.3832567	-1.1231759
9.3932386	-1.1255368
9.4032206	-1.1279
9.4132026	-1.1302657
9.4231846	-1.1326337
9.4331666	-1.1350041
9.4431486	-1.1373769
9.4531306	-1.139752
9.4631126	-1.1421296
9.4730946	-1.1445095
9.4830766	-1.1468918
9.4930586	-1.1492764
9.5030406	-1.1516635
9.5130226	-1.1540529
9.5230046	-1.1564447
9.5329866	-1.1588388
9.5429686	-1.1612353
9.5529506	-1.1636342
9.5629326	-1.1660355
9.5729146	-1.1684392
9.5828966	-1.1708452
9.5928786	-1.1732536
9.6028606	-1.1756643
9.6128426	-1.1780774
9.6228246	-1.1804929
9.6328066	-1.1829108
9.6427886	-1.185331
9.6527706	-1.1877536
9.6627526	-1.1901786
9.6727345	-1.1926059
9.6827165	-1.1950356
9.6926985	-1.1974677
9.7026805	-1.1999021
9.7126625	-1.2023389
9.7226445	-1.2047781
9.7326265	-1.2072196
9.7426085	-1.2096635
9.7525905	-1.2121098
9.7625725	-1.2145584
9.7725545	-1.2170094
9.7825365	-1.2194627
9.7925185	-1.2219184
9.8025005	-1.2243765
9.8124825	-1.2268369
9.8224645	-1.2292997
9.8324465	-1.2317648
9.8424285	-1.2342323
9.8524105	-1.2367022
9.8623925	-1.2391744
9.8723745	-1.241649
9.8823565	-1.2441259
9.8923385	-1.2466052
9.9023205	-1.2490868
9.9123025	-1.2515709
9.9222845	-1.2540572
9.9322665	-1.2565459
9.9422484	-1.259037
9.9522304	-1.2615304
9.9622124	-1.2640262
9.9721944	-1.2665243
9.9821764	-1.2690248
9.9921584	-1.2715276
10.00214	-1.2740328
10.012122	-1.2765404
10.022104	-1.2790502
10.032086	-1.2815625
10.042068	-1.2840771
10.05205	-1.286594
10.062032	-1.2891133
10.072014	-1.2916349
10.081996	-1.2941589
10.091978	-1.2966852
10.10196	-1.2992139
10.111942	-1.3017449
10.121924	-1.3042783
10.131906	-1.306814
10.141888	-1.3093521
10.15187	-1.3118925
10.161852	-1.3144352
10.171834	-1.3169803
10.181816	-1.3195277
10.191798	-1.3220775
10.20178	-1.3246296
10.211762	-1.3271841
10.221744	-1.3297409
10.231726	-1.3323
10.241708	-1.3348615
10.25169	-1.3374253
10.261672	-1.3399915
10.271654	-1.34256
10.281636	-1.3451308
10.291618	-1.347704
10.3016	-1.3502795
10.311582	-1.3528574
10.321564	-1.3554375
10.331546	-1.3580201
10.341528	-1.3606049
10.35151	-1.3631921
10.361492	-1.3657816
10.371474	-1.3683735
10.381456	-1.3709677
10.391438	-1.3735642
10.40142	-1.376163
10.411402	-1.3787642
10.421384	-1.3813677
10.431366	-1.3839736
10.441348	-1.3865818
10.45133	-1.3891923
10.461312	-1.3918051
10.471294	-1.3944203
10.481276	-1.3970378
10.491258	-1.3996576
10.50124	-1.4022797
10.511222	-1.4049042
10.521204	-1.407531
10.531186	-1.4101601
10.541168	-1.4127916
10.55115	-1.4154254
10.561132	-1.4180615
10.571114	-1.4206999
10.581096	-1.4233406
10.591078	-1.4259837
10.60106	-1.4286291
10.611042	-1.4312768
10.621024	-1.4339269
10.631006	-1.4365792
10.640988	-1.4392339
10.65097	-1.4418909
10.660952	-1.4445502
10.670934	-1.4472118
10.680916	-1.4498758
10.690898	-1.452542
10.70088	-1.4552106
10.710862	-1.4578815
10.720844	-1.4605547
10.730826	-1.4632303
10.740808	-1.4659081
10.75079	-1.4685883
10.760772	-1.4712707
10.770754	-1.4739555
10.780736	-1.4766426
10.790718	-1.479332
10.8007	-1.4820238
10.810682	-1.4847178
10.820664	-1.4874141
10.830646	-1.4901128
10.840628	-1.4928138
10.85061	-1.495517
10.860592	-1.4982226
10.870574	-1.5009305
10.880556	-1.5036407
10.890538	-1.5063532
10.90052	-1.509068
10.910502	-1.5117851
10.920484	-1.5145046
10.930466	-1.5172263
10.940448	-1.5199503
10.95043	-1.5226766
10.960412	-1.5254053
10.970394	-1.5281362
10.980376	-1.5308695
10.990358	-1.533605
11.00034	-1.5363429
11.010322	-1.539083
11.020304	-1.5418254
11.030286	-1.5445702
11.040268	-1.5473172
11.05025	-1.5500666
11.060232	-1.5528182
11.070214	-1.5555722
11.080196	-1.5583284
11.090178	-1.5610869
11.10016	-1.5638477
11.110142	-1.5666109
11.120124	-1.5693763
11.130106	-1.572144
11.140088	-1.574914
11.15007	-1.5776863
11.160052	-1.5804609
11.170034	-1.5832377
11.180016	-1.5860169
11.189998	-1.5887984
11.19998	-1.5915821
11.209962	-1.5943682
11.219944	-1.5971565
11.229926	-1.5999471
11.239908	-1.60274
11.24989	-1.6055352
11.259872	-1.6083327
11.269854	-1.6111325
11.279836	-1.6139345
11.289818	-1.6167388
11.2998	-1.6195455
11.309782	-1.6223544
11.319764	-1.6251656
11.329746	-1.627979
11.339728	-1.6307948
11.34971	-1.6336128
11.359692	-1.6364331
11.369674	-1.6392557
11.379656	-1.6420806
11.389638	-1.6449078
11.39962	-1.6477372
11.409602	-1.6505689
11.419584	-1.6534029
11.429566	-1.6562392
11.439548	-1.6590777
11.44953	-1.6619186
11.459512	-1.6647617
11.469494	-1.667607
11.479476	-1.6704547
11.489458	-1.6733046
11.49944	-1.6761568
11.509422	-1.6790113
11.519404	-1.681868
11.529386	-1.684727
11.539368	-1.6875883
11.54935	-1.6904518
11.559332	-1.6933177
11.569314	-1.6961857
11.579296	-1.6990561
11.589278	-1.7019287
11.59926	-1.7048036
11.609242	-1.7076808
11.619224	-1.7105602
11.629206	-1.7134419
11.639188	-1.7163259
11.64917	-1.7192121
11.659152	-1.7221006
11.669134	-1.7249913
11.679116	-1.7278844
11.689098	-1.7307796
11.69908	-1.7336772
11.709062	-1.736577
11.719044	-1.739479
11.729026	-1.7423833
11.739008	-1.7452899
11.74899	-1.7481988
11.758972	-1.7511099
11.768954	-1.7540232
11.778936	-1.7569388
11.788918	-1.7598567
11.7989	-1.7627768
11.808882	-1.7656992
11.818864	-1.7686238
11.828846	-1.7715507
11.838828	-1.7744799
11.84881	-1.7774113
11.858792	-1.7803449
11.868774	-1.7832808
11.878756	-1.7862189
11.888738	-1.7891593
11.89872	-1.792102
11.908702	-1.7950469
11.918684	-1.797994
11.928666	-1.8009434
11.938648	-1.8038951
11.94863	-1.806849
11.958612	-1.8098051
11.968594	-1.8127635
11.978576	-1.8157241
11.988558	-1.818687
11.99854	-1.8216521
12.008522	-1.8246195
12.018504	-1.8275891
12.028486	-1.8305609
12.038468	-1.833535
12.04845	-1.8365113
12.058432	-1.8394899
12.068414	-1.8424707
12.078396	-1.8454537
12.088378	-1.848439
12.09836	-1.8514265
12.108342	-1.8544163
12.118324	-1.8574083
12.128306	-1.8604025
12.138288	-1.863399
12.14827	-1.8663977
12.158252	-1.8693986
12.168234	-1.8724018
12.178216	-1.8754072
12.188198	-1.8784148
12.19818	-1.8814247
12.208162	-1.8844368
12.218144	-1.8874511
12.228126	-1.8904677
12.238108	-1.8934864
12.24809	-1.8965074
12.258072	-1.8995307
12.268054	-1.9025562
12.278036	-1.9055839
12.288018	-1.9086138
12.298	-1.9116459
12.307982	-1.9146803
12.317964	-1.9177169
12.327946	-1.9207557
12.337928	-1.9237968
12.34791	-1.92684
12.357892	-1.9298855
12.367874	-1.9329332
12.377856	-1.9359831
12.387838	-1.9390353
12.39782	-1.9420897
12.407802	-1.9451462
12.417784	-1.9482051
12.427766	-1.9512661
12.437748	-1.9543293
12.44773	-1.9573948
12.457712	-1.9604624
12.467694	-1.9635323
12.477676	-1.9666044
12.487658	-1.9696787
12.49764	-1.9727553
12.507622	-1.975834
12.517604	-1.9789149
12.527586	-1.9819981
12.537568	-1.9850835
12.54755	-1.988171
12.557532	-1.9912608
12.567514	-1.9943528
12.577495	-1.997447
12.587477	-2.0005434
12.597459	-2.0036421
12.607441	-2.0067429
12.617423	-2.0098459
12.627405	-2.0129512
12.637387	-2.0160586
12.647369	-2.0191682
12.657351	-2.0222801
12.667333	-2.0253941
12.677315	-2.0285104
12.687297	-2.0316288
12.697279	-2.0347495
12.707261	-2.0378723
12.717243	-2.0409974
12.727225	-2.0441246
12.737207	-2.047254
12.747189	-2.0503857
12.757171	-2.0535195
12.767153	-2.0566555
12.777135	-2.0597938
12.787117	-2.0629342
12.797099	-2.0660768
12.807081	-2.0692216
12.817063	-2.0723686
12.827045	-2.0755178
12.837027	-2.0786692
12.847009	-2.0818227
12.856991	-2.0849785
12.866973	-2.0881364
12.876955	-2.0912966
12.886937	-2.0944589
12.896919	-2.0976234
12.906901	-2.1007901
12.916883	-2.103959
12.926865	-2.10713
12.936847	-2.1103033
12.946829	-2.1134787
12.956811	-2.1166564
12.966793	-2.1198361
12.976775	-2.1230181
12.986757	-2.1262023
12.996739	-2.1293886
13.006721	-2.1325772
13.016703	-2.1357679
13.026685	-2.1389607
13.036667	-2.1421558
13.046649	-2.145353
13.056631	-2.1485524
13.066613	-2.151754
13.076595	-2.1549578
13.086577	-2.1581637
13.096559	-2.1613718
13.106541	-2.1645821
13.116523	-2.1677946
13.126505	-2.1710092
13.136487	-2.174226
13.146469	-2.1774449
13.156451	-2.1806661
13.166433	-2.1838894
13.176415	-2.1871148
13.186397	-2.1903425
13.196379	-2.1935723
13.206361	-2.1968043
13.216343	-2.2000384
13.226325	-2.2032747
13.236307	-2.2065132
13.246289	-2.2097538
13.256271	-2.2129966
13.266253	-2.2162415
13.276235	-2.2194886
13.286217	-2.2227379
13.296199	-2.2259894
13.306181	-2.229243
13.316163	-2.2324987
13.326145	-2.2357566
13.336127	-2.2390167
13.346109	-2.2422789
13.356091	-2.2455433
13.366073	-2.2488098
13.376055	-2.2520785
13.386037	-2.2553493
13.396019	-2.2586223
13.406001	-2.2618975
13.415983	-2.2651748
13.425965	-2.2684542
13.435947	-2.2717358
13.445929	-2.2750196
13.455911	-2.2783055
13.465893	-2.2815935
13.475875	-2.2848837
13.485857	-2.2881761
13.495839	-2.2914706
13.505821	-2.2947672
13.515803	-2.298066
13.525785	-2.3013669
13.535767	-2.3046699
13.545749	-2.3079752
13.555731	-2.3112825
13.565713	-2.314592
13.575695	-2.3179036
13.585677	-2.3212174
13.595659	-2.3245333
13.605641	-2.3278513
13.615623	-2.3311715
13.625605	-2.3344938
13.635587	-2.3378183
13.645569	-2.3411449
13.655551	-2.3444736
13.665533	-2.3478045
13.675515	-2.3511375
13.685497	-2.3544726
13.695479	-2.3578099
13.705461	-2.3611493
13.715443	-2.3644908
13.725425	-2.3678344
13.735407	-2.3711802
13.745389	-2.3745281
13.755371	-2.3778781
13.765353	-2.3812303
13.775335	-2.3845846
13.785317	-2.387941
13.795299	-2.3912995
13.805281	-2.3946602
13.815263	-2.398023
13.825245	-2.4013879
13.835227	-2.4047549
13.845209	-2.4081241
13.855191	-2.4114953
13.865173	-2.4148687
13.875155	-2.4182442
13.885137	-2.4216219
13.895119	-2.4250016
13.905101	-2.4283835
13.915083	-2.4317675
13.925065	-2.4351536
13.935047	-2.4385418
13.945029	-2.4419321
13.955011	-2.4453245
13.964993	-2.4487191
13.974975	-2.4521157
13.984957	-2.4555145
13.994939	-2.4589154
14.004921	-2.4623184
14.014903	-2.4657235
14.024885	-2.4691307
14.034867	-2.47254
14.044849	-2.4759514
14.054831	-2.4793649
14.064813	-2.4827806
14.074795	-2.4861983
14.084777	-2.4896181
14.094759	-2.4930401
14.104741	-2.4964641
14.114723	-2.4998903
14.124705	-2.5033185
14.134687	-2.5067489
14.144669	-2.5101813
14.154651	-2.5136158
14.164633	-2.5170525
14.174615	-2.5204912
14.184597	-2.5239321
14.194579	-2.527375
14.204561	-2.53082
14.214543	-2.5342671
14.224525	-2.5377163
14.234507	-2.5411676
14.244489	-2.544621
14.254471	-2.5480765
14.264453	-2.5515341
14.274435	-2.5549938
14.284417	-2.5584555
14.294399	-2.5619194
14.304381	-2.5653853
14.314363	-2.5688533
14.324345	-2.5723234
14.334327	-2.5757956
14.344309	-2.5792699
14.354291	-2.5827462
14.364273	-2.5862247
14.374255	-2.5897052
14.384237	-2.5931878
14.394219	-2.5966725
14.404201	-2.6001593
14.414183	-2.6036481
14.424165	-2.607139
14.434147	-2.610632
14.444129	-2.6141271
14.454111	-2.6176242
14.464093	-2.6211235
14.474075	-2.6246248
14.484057	-2.6281281
14.494039	-2.6316336
14.504021	-2.6351411
14.514003	-2.6386507
14.523985	-2.6421624
14.533967	-2.6456761
14.543949	-2.6491919
14.553931	-2.6527098
14.563913	-2.6562297
14.573895	-2.6597517
14.583877	-2.6632758
14.593859	-2.6668019
14.603841	-2.6703301
14.613823	-2.6738604
14.623805	-2.6773927
14.633787	-2.6809271
14.643769	-2.6844635
14.653751	-2.6880021
14.663733	-2.6915426
14.673715	-2.6950853
14.683697	-2.6986299
14.693679	-2.7021767
14.703661	-2.7057255
14.713643	-2.7092763
14.723625	-2.7128293
14.733607	-2.7163842
14.743589	-2.7199413
14.753571	-2.7235003
14.763553	-2.7270615
14.773535	-2.7306246
14.783517	-2.7341899
14.793499	-2.7377572
14.803481	-2.7413265
14.813463	-2.7448979
14.823445	-2.7484713
14.833427	-2.7520468
14.843409	-2.7556243
14.853391	-2.7592038
14.863373	-2.7627855
14.873355	-2.7663691
14.883337	-2.7699548
14.893319	-2.7735425
14.903301	-2.7771323
14.913283	-2.7807241
14.923265	-2.784318
14.933247	-2.7879139
14.943229	-2.7915118
14.953211	-2.7951118
14.963193	-2.7987138
14.973175	-2.8023179
14.983157	-2.8059239
14.993139	-2.8095321
15.003121	-2.8131422
15.013103	-2.8167544
15.023085	-2.8203686
15.033067	-2.8239849
15.043049	-2.8276031
15.053031	-2.8312234
15.063013	-2.8348458
15.072995	-2.8384701
15.082977	-2.8420965
15.092959	-2.8457249
15.102941	-2.8493554
15.112923	-2.8529879
15.122905	-2.8566223
15.132887	-2.8602589
15.142869	-2.8638974
15.152851	-2.867538
15.162833	-2.8711805
15.172815	-2.8748251
15.182797	-2.8784718
15.192779	-2.8821204
15.202761	-2.885771
15.212743	-2.8894237
15.222725	-2.8930784
15.232707	-2.8967351
15.242689	-2.9003938
15.252671	-2.9040546
15.262653	-2.9077173
15.272635	-2.9113821
15.282617	-2.9150488
15.292599	-2.9187176
15.302581	-2.9223884
15.312563	-2.9260612
15.322545	-2.929736
15.332527	-2.9334128
15.342509	-2.9370916
15.35249	-2.9407725
15.362472	-2.9444553
15.372454	-2.9481401
15.382436	-2.951827
15.392418	-2.9555158
15.4024	-2.9592066
15.412382	-2.9628995
15.422364	-2.9665943
15.432346	-2.9702912
15.442328	-2.97399
15.45231	-2.9776909
15.462292	-2.9813937
15.472274	-2.9850985
15.482256	-2.9888053
15.492238	-2.9925142
15.50222	-2.996225
15.512202	-2.9999378
15.522184	-3.0036526
15.532166	-3.0073694
15.542148	-3.0110882
15.55213	-3.0148089
15.562112	-3.0185317
15.572094	-3.0222564
15.582076	-3.0259832
15.592058	-3.0297119
15.60204	-3.0334426
15.612022	-3.0371753
15.622004	-3.04091
15.631986	-3.0446466
15.641968	-3.0483853
15.65195	-3.0521259
15.661932	-3.0558685
15.671914	-3.0596131
15.681896	-3.0633596
15.691878	-3.0671082
15.70186	-3.0708587
15.711842	-3.0746112
15.721824	-3.0783656
15.731806	-3.0821221
15.741788	-3.0858805
15.75177	-3.0896409
15.761752	-3.0934033
15.771734	-3.0971676
15.781716	-3.1009339
15.791698	-3.1047022
15.80168	-3.1084724
15.811662	-3.1122446
15.821644	-3.1160188
15.831626	-3.1197949
15.841608	-3.1235731
15.85159	-3.1273531
15.861572	-3.1311352
15.871554	-3.1349192
15.881536	-3.1387051
15.891518	-3.1424931
15.9015	-3.146283
15.911482	-3.1500748
15.921464	-3.1538686
15.931446	-3.1576644
15.941428	-3.1614621
15.95141	-3.1652618
15.961392	-3.1690634
15.971374	-3.172867
15.981356	-3.1766726
15.991338	-3.1804801
16.00132	-3.1842895
16.011302	-3.1881009
16.021284	-3.1919143
16.031266	-3.1957296
16.041248	-3.1995468
16.05123	-3.203366
16.061212	-3.2071872
16.071194	-3.2110103
16.081176	-3.2148353
16.091158	-3.2186623
16.10114	-3.2224912
16.111122	-3.2263221
16.121104	-3.2301549
16.131086	-3.2339897
16.141068	-3.2378264
16.15105	-3.241665
16.161032	-3.2455056
16.171014	-3.2493481
16.180996	-3.2531926
16.190978	-3.257039
16.20096	-3.2608873
16.210942	-3.2647376
16.220924	-3.2685898
16.230906	-3.2724439
16.240888	-3.2762999
16.25087	-3.2801579
16.260852	-3.2840179
16.270834	-3.2878797
16.280816	-3.2917435
16.290798	-3.2956092
16.30078	-3.2994768
16.310762	-3.3033464
16.320744	-3.3072179
16.330726	-3.3110913
16.340708	-3.3149667
16.35069	-3.3188439
16.360672	-3.3227231
16.370654	-3.3266042
16.380636	-3.3304872
16.390618	-3.3343722
16.4006	-3.338259
16.410582	-3.3421478
16.420564	-3.3460385
16.430546	-3.3499311
16.440528	-3.3538257
16.45051	-3.3577221
16.460492	-3.3616205
16.470474	-3.3655207
16.480456	-3.3694229
16.490438	-3.373327
16.50042	-3.377233
16.510402	-3.3811409
16.520384	-3.3850508
16.530366	-3.3889625
16.540348	-3.3928761
16.55033	-3.3967917
16.560312	-3.4007091
16.570294	-3.4046285
16.580276	-3.4085498
16.590258	-3.4124729
16.60024	-3.416398
16.610222	-3.4203249
16.620204	-3.4242538
16.630186	-3.4281846
16.640168	-3.4321172
16.65015	-3.4360518
16.660132	-3.4399882
16.670114	-3.4439266
16.680096	-3.4478668
16.690078	-3.451809
16.70006	-3.455753
16.710042	-3.4596989
16.720024	-3.4636468
16.730006	-3.4675965
16.739988	-3.4715481
16.74997	-3.4755015
16.759952	-3.4794569
16.769934	-3.4834142
16.779916	-3.4873733
16.789898	-3.4913344
16.79988	-3.4952973
16.809862	-3.4992621
16.819844	-3.5032288
16.829826	-3.5071973
16.839808	-3.5111678
16.84979	-3.5151401
16.859772	-3.5191143
16.869754	-3.5230904
16.879736	-3.5270684
16.889718	-3.5310482
16.8997	-3.5350299
16.909682	-3.5390135
16.919664	-3.542999
16.929646	-3.5469863
16.939628	-3.5509755
16.94961	-3.5549666
16.959592	-3.5589596
16.969574	-3.5629544
16.979556	-3.5669511
16.989538	-3.5709496
16.99952	-3.5749501
17.009502	-3.5789524
17.019484	-3.5829565
17.029466	-3.5869626
17.039448	-3.5909704
17.04943	-3.5949802
17.059412	-3.5989918
17.069394	-3.6030053
17.079376	-3.6070206
17.089358	-3.6110378
17.09934	-3.6150569
17.109322	-3.6190778
17.119304	-3.6231005
17.129286	-3.6271252
17.139268	-3.6311517
17.14925	-3.63518
17.159232	-3.6392102
17.169214	-3.6432422
17.179196	-3.6472761
17.189178	-3.6513118
17.19916	-3.6553494
17.209142	-3.6593889
17.219124	-3.6634302
17.229106	-3.6674733
17.239088	-3.6715183
17.24907	-3.6755651
17.259052	-3.6796138
17.269034	-3.6836643
17.279016	-3.6877166
17.288998	-3.6917708
17.29898	-3.6958269
17.308962	-3.6998848
17.318944	-3.7039445
17.328926	-3.708006
17.338908	-3.7120694
17.34889	-3.7161347
17.358872	-3.7202017
17.368854	-3.7242706
17.378836	-3.7283414
17.388818	-3.7324139
17.3988	-3.7364884
17.408782	-3.7405646
17.418764	-3.7446427
17.428746	-3.7487225
17.438728	-3.7528043
17.44871	-3.7568878
17.458692	-3.7609732
17.468674	-3.7650604
17.478656	-3.7691494
17.488638	-3.7732403
17.49862	-3.777333
17.508602	-3.7814275
17.518584	-3.7855238
17.528566	-3.7896219
17.538548	-3.7937219
17.54853	-3.7978237
17.558512	-3.8019273
17.568494	-3.8060327
17.578476	-3.8101399
17.588458	-3.814249
17.59844	-3.8183598
17.608422	-3.8224725
17.618404	-3.826587
17.628386	-3.8307033
17.638368	-3.8348214
17.64835	-3.8389413
17.658332	-3.843063
17.668314	-3.8471866
17.678296	-3.8513119
17.688278	-3.8554391
17.69826	-3.859568
17.708242	-3.8636988
17.718224	-3.8678314
17.728206	-3.8719657
17.738188	-3.8761019
17.74817	-3.8802399
17.758152	-3.8843797
17.768134	-3.8885212
17.778116	-3.8926646
17.788098	-3.8968098
17.79808	-3.9009567
17.808062	-3.9051055
17.818044	-3.9092561
17.828026	-3.9134084
17.838008	-3.9175626
17.84799	-3.9217185
17.857972	-3.9258762
17.867954	-3.9300358
17.877936	-3.9341971
17.887918	-3.9383602
17.8979	-3.942525
17.907882	-3.9466917
17.917864	-3.9508602
17.927846	-3.9550304
17.937828	-3.9592024
17.94781	-3.9633763
17.957792	-3.9675519
17.967774	-3.9717292
17.977756	-3.9759084
17.987738	-3.9800893
17.99772	-3.984272
18.007702	-3.9884565
18.017684	-3.9926428
18.027666	-3.9968309
18.037648	-4.0010207
18.04763	-4.0052123
18.057612	-4.0094056
18.067594	-4.0136008
18.077576	-4.0177977
18.087558	-4.0219964
18.09754	-4.0261968
18.107522	-4.0303991
18.117504	-4.0346031
18.127485	-4.0388088
18.137467	-4.0430163
18.147449	-4.0472256
18.157431	-4.0514367
18.167413	-4.0556495
18.177395	-4.0598641
18.187377	-4.0640804
18.197359	-4.0682985
18.207341	-4.0725184
18.217323	-4.07674
18.227305	-4.0809634
18.237287	-4.0851886
18.247269	-4.0894155
18.257251	-4.0936441
18.267233	-4.0978745
18.277215	-4.1021067
18.287197	-4.1063406
18.297179	-4.1105763
18.307161	-4.1148137
18.317143	-4.1190529
18.327125	-4.1232938
18.337107	-4.1275364
18.347089	-4.1317808
18.357071	-4.136027
18.367053	-4.1402749
18.377035	-4.1445246
18.387017	-4.148776
18.396999	-4.1530291
18.406981	-4.157284
18.416963	-4.1615406
18.426945	-4.165799
18.436927	-4.1700591
18.446909	-4.1743209
18.456891	-4.1785845
18.466873	-4.1828498
18.476855	-4.1871168
18.486837	-4.1913856
18.496819	-4.1956561
18.506801	-4.1999284
18.516783	-4.2042024
18.526765	-4.2084781
18.536747	-4.2127555
18.546729	-4.2170347
18.556711	-4.2213156
18.566693	-4.2255982
18.576675	-4.2298826
18.586657	-4.2341687
18.596639	-4.2384565
18.606621	-4.242746
18.616603	-4.2470373
18.626585	-4.2513303
18.636567	-4.255625
18.646549	-4.2599214
18.656531	-4.2642195
18.666513	-4.2685194
18.676495	-4.2728209
18.686477	-4.2771242
18.696459	-4.2814292
18.706441	-4.285736
18.716423	-4.2900444
18.726405	-4.2943546
18.736387	-4.2986664
18.746369	-4.30298
18.756351	-4.3072953
18.766333	-4.3116123
18.776315	-4.315931
18.786297	-4.3202514
18.796279	-4.3245735
18.806261	-4.3288973
18.816243	-4.3332228
18.826225	-4.3375501
18.836207	-4.341879
18.846189	-4.3462097
18.856171	-4.350542
18.866153	-4.354876
18.876135	-4.3592118
18.886117	-4.3635492
18.896099	-4.3678883
18.906081	-4.3722292
18.916063	-4.3765717
18.926045	-4.3809159
18.936027	-4.3852618
18.946009	-4.3896095
18.955991	-4.3939588
18.965973	-4.3983098
18.975955	-4.4026624
18.985937	-4.4070168
18.995919	-4.4113729
19.005901	-4.4157306
19.015883	-4.4200901
19.025865	-4.4244512
19.035847	-4.428814
19.045829	-4.4331785
19.055811	-4.4375447
19.065793	-4.4419125
19.075775	-4.4462821
19.085757	-4.4506533
19.095739	-4.4550262
19.105721	-4.4594008
19.115703	-4.463777
19.125685	-4.468155
19.135667	-4.4725346
19.145649	-4.4769159
19.155631	-4.4812988
19.165613	-4.4856834
19.175595	-4.4900698
19.185577	-4.4944577
19.195559	-4.4988474
19.205541	-4.5032387
19.215523	-4.5076317
19.225505	-4.5120263
19.235487	-4.5164227
19.245469	-4.5208206
19.255451	-4.5252203
19.265433	-4.5296216
19.275415	-4.5340246
19.285397	-4.5384292
19.295379	-4.5428355
19.305361	-4.5472435
19.315343	-4.5516531
19.325325	-4.5560644
19.335307	-4.5604773
19.345289	-4.5648919
19.355271	-4.5693082
19.365253	-4.5737261
19.375235	-4.5781456
19.385217	-4.5825669
19.395199	-4.5869897
19.405181	-4.5914142
19.415163	-4.5958404
19.425145	-4.6002682
19.435127	-4.6046977
19.445109	-4.6091288
19.455091	-4.6135616
19.465073	-4.617996
19.475055	-4.622432
19.485037	-4.6268697
19.495019	-4.6313091
19.505001	-4.6357501
19.514983	-4.6401927
19.524965	-4.6446369
19.534947	-4.6490828
19.544929	-4.6535304
19.554911	-4.6579796
19.564893	-4.6624304
19.574875	-4.6668828
19.584857	-4.6713369
19.594839	-4.6757926
19.604821	-4.68025
19.614803	-4.684709
19.624785	-4.6891696
19.634767	-4.6936319
19.644749	-4.6980957
19.654731	-4.7025612
19.664713	-4.7070284
19.674695	-4.7114971
19.684677	-4.7159675
19.694659	-4.7204395
19.704641	-4.7249132
19.714623	-4.7293884
19.724605	-4.7338653
19.734587	-4.7383438
19.744569	-4.742824
19.754551	-4.7473057
19.764533	-4.7517891
19.774515	-4.756274
19.784497	-4.7607606
19.794479	-4.7652489
19.804461	-4.7697387
19.814443	-4.7742301
19.824425	-4.7787232
19.834407	-4.7832179
19.844389	-4.7877141
19.854371	-4.792212
19.864353	-4.7967115
19.874335	-4.8012126
19.884317	-4.8057154
19.894299	-4.8102197
19.904281	-4.8147256
19.914263	-4.8192331
19.924245	-4.8237423
19.934227	-4.828253
19.944209	-4.8327654
19.954191	-4.8372793
19.964173	-4.8417949
19.974155	-4.846312
19.984137	-4.8508307
19.994119	-4.8553511
20.004101	-4.859873
20.014083	-4.8643966
20.024065	-4.8689217
20.034047	-4.8734484
20.044029	-4.8779767
20.054011	-4.8825066
20.063993	-4.8870381
20.073975	-4.8915712
20.083957	-4.8961059
20.093939	-4.9006422
20.103921	-4.90518
20.113903	-4.9097195
20.123885	-4.9142605
20.133867	-4.9188031
20.143849	-4.9233473
20.153831	-4.9278931
20.163813	-4.9324405
20.173795	-4.9369894
20.183777	-4.94154
20.193759	-4.9460921
20.203741	-4.9506457
20.213723	-4.955201
20.223705	-4.9597578
20.233687	-4.9643163
20.243669	-4.9688763
20.253651	-4.9734378
20.263633	-4.978001
20.273615	-4.9825657
20.283597	-4.9871319
20.293579	-4.9916998
20.303561	-4.9962692
20.313543	-5.0008402
20.323525	-5.0054128
20.333507	-5.0099869
20.343489	-5.0145626
20.353471	-5.0191398
20.363453	-5.0237187
20.373435	-5.028299
20.383417	-5.032881
20.393399	-5.0374645
20.403381	-5.0420496
20.413363	-5.0466362
20.423345	-5.0512244
20.433327	-5.0558141
20.443309	-5.0604054
20.453291	-5.0649983
20.463273	-5.0695927
20.473255	-5.0741887
20.483237	-5.0787862
20.493219	-5.0833852
20.503201	-5.0879859
20.513183	-5.092588
20.523165	-5.0971918
20.533147	-5.101797
20.543129	-5.1064039
20.553111	-5.1110122
20.563093	-5.1156221
20.573075	-5.1202336
20.583057	-5.1248466
20.593039	-5.1294611
20.603021	-5.1340772
20.613003	-5.1386949
20.622985	-5.143314
20.632967	-5.1479347
20.642949	-5.152557
20.652931	-5.1571808
20.662913	-5.1618061
20.672895	-5.1664329
20.682877	-5.1710613
20.692859	-5.1756913
20.702841	-5.1803227
20.712823	-5.1849557
20.722805	-5.1895903
20.732787	-5.1942263
20.742769	-5.1988639
20.752751	-5.203503
20.762733	-5.2081437
20.772715	-5.2127858
20.782697	-5.2174295
20.792679	-5.2220747
20.802661	-5.2267215
20.812643	-5.2313698
20.822625	-5.2360196
20.832607	-5.2406709
20.842589	-5.2453237
20.852571	-5.2499781
20.862553	-5.2546339
20.872535	-5.2592913
20.882517	-5.2639502
20.892498	-5.2686107
20.90248	-5.2732726
20.912462	-5.277936
20.922444	-5.282601
20.932426	-5.2872675
20.942408	-5.2919355
20.95239	-5.296605
20.962372	-5.301276
20.972354	-5.3059485
20.982336	-5.3106226
20.992318	-5.3152981
21.0023	-5.3199751
21.012282	-5.3246537
21.022264	-5.3293337
21.032246	-5.3340153
21.042228	-5.3386984
21.05221	-5.3433829
21.062192	-5.348069
21.072174	-5.3527565
21.082156	-5.3574456
21.092138	-5.3621362
21.10212	-5.3668282
21.112102	-5.3715218
21.122084	-5.3762168
21.132066	-5.3809134
21.142048	-5.3856114
21.15203	-5.3903109
21.162012	-5.395012
21.171994	-5.3997145
21.181976	-5.4044185
21.191958	-5.409124
21.20194	-5.4138309
21.211922	-5.4185394
21.221904	-5.4232494
21.231886	-5.4279608
21.241868	-5.4326737
21.25185	-5.4373881
21.261832	-5.442104
21.271814	-5.4468214
21.281796	-5.4515403
21.291778	-5.4562606
21.30176	-5.4609824
21.311742	-5.4657057
21.321724	-5.4704305
21.331706	-5.4751567
21.341688	-5.4798845
21.35167	-5.4846137
21.361652	-5.4893443
21.371634	-5.4940765
21.381616	-5.4988101
21.391598	-5.5035452
21.40158	-5.5082817
21.411562	-5.5130198
21.421544	-5.5177593
21.431526	-5.5225002
21.441508	-5.5272427
21.45149	-5.5319866
21.461472	-5.5367319
21.471454	-5.5414788
21.481436	-5.5462271
21.491418	-5.5509768
21.5014	-5.555728
21.511382	-5.5604807
21.521364	-5.5652348
21.531346	-5.5699904
21.541328	-5.5747475
21.55131	-5.579506
21.561292	-5.584266
21.571274	-5.5890274
21.581256	-5.5937903
21.591238	-5.5985546
21.60122	-5.6033204
21.611202	-5.6080876
21.621184	-5.6128563
21.631166	-5.6176264
21.641148	-5.622398
21.65113	-5.627171
21.661112	-5.6319455
21.671094	-5.6367214
21.681076	-5.6414988
21.691058	-5.6462776
21.70104	-5.6510579
21.711022	-5.6558396
21.721004	-5.6606227
21.730986	-5.6654073
21.740968	-5.6701934
21.75095	-5.6749808
21.760932	-5.6797697
21.770914	-5.6845601
21.780896	-5.6893518
21.790878	-5.6941451
21.80086	-5.6989397
21.810842	-5.7037358
21.820824	-5.7085333
21.830806	-5.7133323
21.840788	-5.7181326
21.85077	-5.7229344
21.860752	-5.7277377
21.870734	-5.7325423
21.880716	-5.7373484
21.890698	-5.742156
21.90068	-5.7469649
21.910662	-5.7517753
21.920644	-5.7565871
21.930626	-5.7614003
21.940608	-5.766215
21.95059	-5.771031
21.960572	-5.7758485
21.970554	-5.7806674
21.980536	-5.7854877
21.990518	-5.7903095
22.0005	-5.7951326
22.010482	-5.7999572
22.020464	-5.8047832
22.030446	-5.8096106
22.040428	-5.8144394
22.05041	-5.8192697
22.060392	-5.8241013
22.070374	-5.8289344
22.080356	-5.8337689
22.090338	-5.8386047
22.10032	-5.843442
22.110302	-5.8482807
22.120284	-5.8531208
22.130266	-5.8579623
22.140248	-5.8628052
22.15023	-5.8676495
22.160212	-5.8724953
22.170194	-5.8773424
22.180176	-5.8821909
22.190158	-5.8870408
22.20014	-5.8918921
22.210122	-5.8967449
22.220104	-5.901599
22.230086	-5.9064545
22.240068	-5.9113114
22.25005	-5.9161697
22.260032	-5.9210294
22.270014	-5.9258905
22.279996	-5.930753
22.289978	-5.9356169
22.29996	-5.9404822
22.309942	-5.9453488
22.319924	-5.9502169
22.329906	-5.9550863
22.339888	-5.9599571
22.34987	-5.9648293
22.359852	-5.9697029
22.369834	-5.9745779
22.379816	-5.9794543
22.389798	-5.984332
22.39978	-5.9892112
22.409762	-5.9940917
22.419744	-5.9989736
22.429726	-6.0038569
22.439708	-6.0087415
22.44969	-6.0136275
22.459672	-6.0185149
22.469654	-6.0234037
22.479636	-6.0282939
22.489618	-6.0331854
22.4996	-6.0380783
22.509582	-6.0429726
22.519564	-6.0478683
22.529546	-6.0527653
22.539528	-6.0576637
22.54951	-6.0625634
22.559492	-6.0674646
22.569474	-6.0723671
22.579456	-6.0772709
22.589438	-6.0821761
22.59942	-6.0870827
22.609402	-6.0919907
22.619384	-6.0969
22.629366	-6.1018107
22.639348	-6.1067228
22.64933	-6.1116362
22.659312	-6.1165509
22.669294	-6.121467
22.679276	-6.1263845
22.689258	-6.1313034
22.69924	-6.1362236
22.709222	-6.1411451
22.719204	-6.146068
22.729186	-6.1509923
22.739168	-6.1559179
22.74915	-6.1608449
22.759132	-6.1657732
22.769114	-6.1707028
22.779096	-6.1756339
22.789078	-6.1805662
22.79906	-6.1854999
22.809042	-6.190435
22.819024	-6.1953714
22.829006	-6.2003091
22.838988	-6.2052482
22.84897	-6.2101887
22.858952	-6.2151304
22.868934	-6.2200736
22.878916	-6.225018
22.888898	-6.2299638
22.89888	-6.234911
22.908862	-6.2398594
22.918844	-6.2448093
22.928826	-6.2497604
22.938808	-6.2547129
22.94879	-6.2596667
22.958772	-6.2646219
22.968754	-6.2695784
22.978736	-6.2745362
22.988718	-6.2794953
22.9987	-6.2844558
23.008682	-6.2894176
23.018664	-6.2943808
23.028646	-6.2993453
23.038628	-6.3043111
23.04861	-6.3092782
23.058592	-6.3142466
23.068574	-6.3192164
23.078556	-6.3241875
23.088538	-6.3291599
23.09852	-6.3341337
23.108502	-6.3391087
23.118484	-6.3440851
23.128466	-6.3490628
23.138448	-6.3540418
23.14843	-6.3590222
23.158412	-6.3640038
23.168394	-6.3689868
23.178376	-6.3739711
23.188358	-6.3789567
23.19834	-6.3839436
23.208322	-6.3889318
23.218304	-6.3939214
23.228286	-6.3989122
23.238268	-6.4039044
23.24825	-6.4088979
23.258232	-6.4138926
23.268214	-6.4188887
23.278196	-6.4238861
23.288178	-6.4288848
23.29816	-6.4338848
23.308142	-6.4388861
23.318124	-6.4438887
23.328106	-6.4488926
23.338088	-6.4538979
23.34807	-6.4589044
23.358052	-6.4639122
23.368034	-6.4689213
23.378016	-6.4739317
23.387998	-6.4789434
23.39798	-6.4839564
23.407962	-6.4889707
23.417944	-6.4939863
23.427926	-6.4990032
23.437908	-6.5040214
23.44789	-6.5090409
23.457872	-6.5140617
23.467854	-6.5190837
23.477836	-6.5241071
23.487818	-6.5291317
23.4978	-6.5341577
23.507782	-6.5391849
23.517764	-6.5442134
23.527746	-6.5492432
23.537728	-6.5542742
23.54771	-6.5593066
23.557692	-6.5643402
23.567674	-6.5693752
23.577656	-6.5744114
23.587638	-6.5794488
23.59762	-6.5844876
23.607602	-6.5895277
23.617584	-6.594569
23.627566	-6.5996116
23.637548	-6.6046555
23.64753	-6.6097006
23.657512	-6.614747
23.667493	-6.6197947
23.677475	-6.6248437
23.687457	-6.629894
23.697439	-6.6349455
23.707421	-6.6399983
23.717403	-6.6450523
23.727385	-6.6501076
23.737367	-6.6551642
23.747349	-6.6602221
23.757331	-6.6652812
23.767313	-6.6703416
23.777295	-6.6754033
23.787277	-6.6804662
23.797259	-6.6855304
23.807241	-6.6905959
23.817223	-6.6956626
23.827205	-6.7007305
23.837187	-6.7057998
23.847169	-6.7108703
23.857151	-6.715942
23.867133	-6.721015
23.877115	-6.7260893
23.887097	-6.7311648
23.897079	-6.7362416
23.907061	-6.7413196
23.917043	-6.7463989
23.927025	-6.7514794
23.937007	-6.7565612
23.946989	-6.7616443
23.956971	-6.7667286
23.966953	-6.7718141
23.976935	-6.7769009
23.986917	-6.7819889
23.996899	-6.7870782
24.006881	-6.7921687
24.016863	-6.7972605
24.026845	-6.8023535
24.036827	-6.8074478
24.046809	-6.8125433
24.056791	-6.81764
24.066773	-6.822738
24.076755	-6.8278372
24.086737	-6.8329377
24.096719	-6.8380394
24.106701	-6.8431423
24.116683	-6.8482465
24.126665	-6.8533519
24.136647	-6.8584586
24.146629	-6.8635665
24.156611	-6.8686756
24.166593	-6.8737859
24.176575	-6.8788975
24.186557	-6.8840103
24.196539	-6.8891244
24.206521	-6.8942397
24.216503	-6.8993562
24.226485	-6.9044739
24.236467	-6.9095928
24.246449	-6.914713
24.256431	-6.9198344
24.266413	-6.9249571
24.276395	-6.9300809
24.286377	-6.935206
24.296359	-6.9403323
24.306341	-6.9454599
24.316323	-6.9505886
24.326305	-6.9557186
24.336287	-6.9608498
24.346269	-6.9659822
24.356251	-6.9711158
24.366233	-6.9762506
24.376215	-6.9813867
24.386197	-6.986524
24.396179	-6.9916624
24.406161	-6.9968021
24.416143	-7.001943
24.426125	-7.0070852
24.436107	-7.0122285
24.446089	-7.017373
24.456071	-7.0225188
24.466053	-7.0276658
24.476035	-7.0328139
24.486017	-7.0379633
24.495999	-7.0431139
24.505981	-7.0482657
24.515963	-7.0534187
24.525945	-7.0585729
24.535927	-7.0637283
24.545909	-7.0688849
24.555891	-7.0740427
24.565873	-7.0792017
24.575855	-7.0843619
24.585837	-7.0895233
24.595819	-7.0946859
24.605801	-7.0998497
24.615783	-7.1050147
24.625765	-7.1101809
24.635747	-7.1153483
24.645729	-7.1205169
24.655711	-7.1256866
24.665693	-7.1308576
24.675675	-7.1360298
24.685657	-7.1412031
24.695639	-7.1463777
24.705621	-7.1515534
24.715603	-7.1567303
24.725585	-7.1619084
24.735567	-7.1670877
24.745549	-7.1722682
24.755531	-7.1774499
24.765513	-7.1826327
24.775495	-7.1878167
24.785477	-7.193002
24.795459	-7.1981884
24.805441	-7.2033759
24.815423	-7.2085647
24.825405	-7.2137546
24.835387	-7.2189458
24.845369	-7.2241381
24.855351	-7.2293315
24.865333	-7.2345262
24.875315	-7.239722
24.885297	-7.244919
24.895279	-7.2501172
24.905261	-7.2553166
24.915243	-7.2605171
24.925225	-7.2657188
24.935207	-7.2709217
24.945189	-7.2761257
24.955171	-7.2813309
24.965153	-7.2865373
24.975135	-7.2917449
24.985117	-7.2969536
24.995099	-7.3021635
25.005081	-7.3073745
25.015063	-7.3125867
25.025045	-7.3178001
25.035027	-7.3230146
25.045009	-7.3282303
25.054991	-7.3334472
25.064973	-7.3386652
25.074955	-7.3438844
25.084937	-7.3491048
25.094919	-7.3543263
25.104901	-7.3595489
25.114883	-7.3647728
25.124865	-7.3699977
25.134847	-7.3752239
25.144829	-7.3804512
25.154811	-7.3856796
25.164793	-7.3909092
25.174775	-7.3961399
25.184757	-7.4013718
25.194739	-7.4066049
25.204721	-7.4118391
25.214703	-7.4170745
25.224685	-7.422311
25.234667	-7.4275486
25.244649	-7.4327874
25.254631	-7.4380273
25.264613	-7.4432684
25.274595	-7.4485107
25.284577	-7.453754
25.294559	-7.4589986
25.304541	-7.4642442
25.314523	-7.469491
25.324505	-7.474739
25.334487	-7.4799881
25.344469	-7.4852383
25.354451	-7.4904896
25.364433	-7.4957421
25.374415	-7.5009958
25.384397	-7.5062506
25.394379	-7.5115065
25.404361	-7.5167635
25.414343	-7.5220217
25.424325	-7.527281
25.434307	-7.5325415
25.444289	-7.537803
25.454271	-7.5430657
25.464253	-7.5483296
25.474235	-7.5535945
25.484217	-7.5588606
25.494199	-7.5641279
25.504181	-7.5693962
25.514163	-7.5746657
25.524145	-7.5799363
25.534127	-7.585208
25.544109	-7.5904809
25.554091	-7.5957549
25.564073	-7.60103
25.574055	-7.6063062
25.584037	-7.6115835
25.594019	-7.616862
25.604001	-7.6221416
25.613983	-7.6274223
25.623965	-7.6327041
25.633947	-7.637987
25.643929	-7.6432711
25.653911	-7.6485563
25.663893	-7.6538425
25.673875	-7.6591299
25.683857	-7.6644185
25.693839	-7.6697081
25.703821	-7.6749988
25.713803	-7.6802907
25.723785	-7.6855836
25.733767	-7.6908777
25.743749	-7.6961729
25.753731	-7.7014692
25.763713	-7.7067666
25.773695	-7.7120651
25.783677	-7.7173647
25.793659	-7.7226654
25.803641	-7.7279672
25.813623	-7.7332701
25.823605	-7.7385741
25.833587	-7.7438793
25.843569	-7.7491855
25.853551	-7.7544928
25.863533	-7.7598012
25.873515	-7.7651108
25.883497	-7.7704214
25.893479	-7.7757331
25.903461	-7.7810459
25.913443	-7.7863599
25.923425	-7.7916749
25.933407	-7.796991
25.943389	-7.8023082
25.953371	-7.8076265
25.963353	-7.8129459
25.973335	-7.8182663
25.983317	-7.8235879
25.993299	-7.8289106
26.003281	-7.8342343
26.013263	-7.8395592
26.023245	-7.8448851
26.033227	-7.8502121
26.043209	-7.8555402
26.053191	-7.8608694
26.063173	-7.8661997
26.073155	-7.871531
26.083137	-7.8768635
26.093119	-7.882197
26.103101	-7.8875316
26.113083	-7.8928673
26.123065	-7.898204
26.133047	-7.9035419
26.143029	-7.9088808
26.153011	-7.9142208
26.162993	-7.9195619
26.172975	-7.9249041
26.182957	-7.9302473
26.192939	-7.9355916
26.202921	-7.940937
26.212903	-7.9462834
26.222885	-7.951631
26.232867	-7.9569796
26.242849	-7.9623293
26.252831	-7.96768
26.262813	-7.9730318
26.272795	-7.9783847
26.282777	-7.9837387
26.292759	-7.9890937
26.302741	-7.9944498
26.312723	-7.999807
26.322705	-8.0051652
26.332687	-8.0105245
26.342669	-8.0158848
26.352651	-8.0212463
26.362633	-8.0266087
26.372615	-8.0319723
26.382597	-8.0373369
26.392579	-8.0427026
26.402561	-8.0480693
26.412543	-8.0534371
26.422525	-8.0588059
26.432507	-8.0641758
26.442488	-8.0695468
26.45247	-8.0749188
26.462452	-8.0802919
26.472434	-8.085666
26.482416	-8.0910412
26.492398	-8.0964174
26.50238	-8.1017947
26.512362	-8.1071731
26.522344	-8.1125525
26.532326	-8.1179329
26.542308	-8.1233144
26.55229	-8.1286969
26.562272	-8.1340805
26.572254	-8.1394652
26.582236	-8.1448509
26.592218	-8.1502376
26.6022	-8.1556254
26.612182	-8.1610142
26.622164	-8.1664041
26.632146	-8.171795
26.642128	-8.1771869
26.65211	-8.1825799
26.662092	-8.187974
26.672074	-8.193369
26.682056	-8.1987652
26.692038	-8.2041623
26.70202	-8.2095605
26.712002	-8.2149598
26.721984	-8.22036
26.731966	-8.2257613
26.741948	-8.2311637
26.75193	-8.2365671
26.761912	-8.2419715
26.771894	-8.2473769
26.781876	-8.2527834
26.791858	-8.2581909
26.80184	-8.2635995
26.811822	-8.269009
26.821804	-8.2744196
26.831786	-8.2798313
26.841768	-8.2852439
26.85175	-8.2906576
26.861732	-8.2960723
26.871714	-8.3014881
26.881696	-8.3069048
26.891678	-8.3123226
26.90166	-8.3177415
26.911642	-8.3231613
26.921624	-8.3285822
26.931606	-8.3340041
26.941588	-8.339427
26.95157	-8.3448509
26.961552	-8.3502758
26.971534	-8.3557018
26.981516	-8.3611288
26.991498	-8.3665568
27.00148	-8.3719858
27.011462	-8.3774159
27.021444	-8.3828469
27.031426	-8.388279
27.041408	-8.3937121
27.05139	-8.3991462
27.061372	-8.4045813
27.071354	-8.4100174
27.081336	-8.4154546
27.091318	-8.4208927
27.1013	-8.4263319
27.111282	-8.431772
27.121264	-8.4372132
27.131246	-8.4426554
27.141228	-8.4480986
27.15121	-8.4535428
27.161192	-8.458988
27.171174	-8.4644342
27.181156	-8.4698814
27.191138	-8.4753296
27.20112	-8.4807788
27.211102	-8.4862291
27.221084	-8.4916803
27.231066	-8.4971325
27.241048	-8.5025857
27.25103	-8.50804
27.261012	-8.5134952
27.270994	-8.5189514
27.280976	-8.5244086
27.290958	-8.5298669
27.30094	-8.5353261
27.310922	-8.5407863
27.320904	-8.5462475
27.330886	-8.5517097
27.340868	-8.5571729
27.35085	-8.5626371
27.360832	-8.5681022
27.370814	-8.5735684
27.380796	-8.5790356
27.390778	-8.5845037
27.40076	-8.5899729
27.410742	-8.595443
27.420724	-8.6009141
27.430706	-8.6063862
27.440688	-8.6118593
27.45067	-8.6173334
27.460652	-8.6228085
27.470634	-8.6282845
27.480616	-8.6337615
27.490598	-8.6392396
27.50058	-8.6447186
27.510562	-8.6501985
27.520544	-8.6556795
27.530526	-8.6611614
27.540508	-8.6666444
27.55049	-8.6721283
27.560472	-8.6776131
27.570454	-8.683099
27.580436	-8.6885858
27.590418	-8.6940736
27.6004	-8.6995624
27.610382	-8.7050522
27.620364	-8.7105429
27.630346	-8.7160346
27.640328	-8.7215273
27.65031	-8.727021
27.660292	-8.7325156
27.670274	-8.7380112
27.680256	-8.7435078
27.690238	-8.7490053
27.70022	-8.7545038
27.710202	-8.7600033
27.720184	-8.7655037
27.730166	-8.7710051
27.740148	-8.7765075
27.75013	-8.7820108
27.760112	-8.7875151
27.770094	-8.7930204
27.780076	-8.7985266
27.790058	-8.8040338
27.80004	-8.809542
27.810022	-8.8150511
27.820004	-8.8205612
27.829986	-8.8260722
27.839968	-8.8315842
27.84995	-8.8370972
27.859932	-8.8426111
27.869914	-8.848126
27.879896	-8.8536418
27.889878	-8.8591586
27.89986	-8.8646764
27.909842	-8.8701951
27.919824	-8.8757147
27.929806	-8.8812353
27.939788	-8.8867569
27.94977	-8.8922794
27.959752	-8.8978029
27.969734	-8.9033273
27.979716	-8.9088526
27.989698	-8.914379
27.99968	-8.9199062
28.009662	-8.9254344
28.019644	-8.9309636
28.029626	-8.9364937
28.039608	-8.9420247
28.04959	-8.9475567
28.059572	-8.9530897
28.069554	-8.9586236
28.079536	-8.9641584
28.089518	-8.9696942
28.0995	-8.9752309
28.109482	-8.9807685
28.119464	-8.9863071
28.129446	-8.9918467
28.139428	-8.9973872
28.14941	-9.0029286
28.159392	-9.0084709
28.169374	-9.0140142
28.179356	-9.0195584
28.189338	-9.0251036
28.19932	-9.0306497
28.209302	-9.0361967
28.219284	-9.0417447
28.229266	-9.0472936
28.239248	-9.0528435
28.24923	-9.0583942
28.259212	-9.0639459
28.269194	-9.0694986
28.279176	-9.0750521
28.289158	-9.0806066
28.29914	-9.086162
28.309122	-9.0917184
28.319104	-9.0972757
28.329086	-9.1028339
28.339068	-9.108393
28.34905	-9.113953
28.359032	-9.119514
28.369014	-9.1250759
28.378996	-9.1306388
28.388978	-9.1362025
28.39896	-9.1417672
28.408942	-9.1473328
28.418924	-9.1528993
28.428906	-9.1584667
28.438888	-9.1640351
28.44887	-9.1696044
28.458852	-9.1751746
28.468834	-9.1807457
28.478816	-9.1863177
28.488798	-9.1918907
28.49878	-9.1974645
28.508762	-9.2030393
28.518744	-9.208615
28.528726	-9.2141916
28.538708	-9.2197692
28.54869	-9.2253476
28.558672	-9.2309269
28.568654	-9.2365072
28.578636	-9.2420884
28.588618	-9.2476704
28.5986	-9.2532534
28.608582	-9.2588373
28.618564	-9.2644221
28.628546	-9.2700079
28.638528	-9.2755945
28.64851	-9.281182
28.658492	-9.2867704
28.668474	-9.2923598
28.678456	-9.29795
28.688438	-9.3035412
28.69842	-9.3091332
28.708402	-9.3147262
28.718384	-9.32032
28.728366	-9.3259148
28.738348	-9.3315104
28.74833	-9.337107
28.758312	-9.3427045
28.768294	-9.3483028
28.778276	-9.3539021
28.788258	-9.3595022
28.79824	-9.3651033
28.808222	-9.3707052
28.818204	-9.376308
28.828186	-9.3819118
28.838168	-9.3875164
28.84815	-9.3931219
28.858132	-9.3987283
28.868114	-9.4043357
28.878096	-9.4099439
28.888078	-9.4155529
28.89806	-9.4211629
28.908042	-9.4267738
28.918024	-9.4323856
28.928006	-9.4379982
28.937988	-9.4436117
28.94797	-9.4492262
28.957952	-9.4548415
28.967934	-9.4604577
28.977916	-9.4660747
28.987898	-9.4716927
28.99788	-9.4773116
29.007862	-9.4829313
29.017844	-9.4885519
29.027826	-9.4941734
29.037808	-9.4997958
29.04779	-9.505419
29.057772	-9.5110432
29.067754	-9.5166682
29.077736	-9.5222941
29.087718	-9.5279209
29.0977	-9.5335485
29.107682	-9.5391771
29.117664	-9.5448065
29.127646	-9.5504368
29.137628	-9.5560679
29.14761	-9.5617
29.157592	-9.5673329
29.167574	-9.5729667
29.177556	-9.5786013
29.187538	-9.5842369
29.19752	-9.5898733
29.207502	-9.5955105
29.217483	-9.6011487
29.227465	-9.6067877
29.237447	-9.6124276
29.247429	-9.6180683
29.257411	-9.6237099
29.267393	-9.6293524
29.277375	-9.6349958
29.287357	-9.64064
29.297339	-9.6462851
29.307321	-9.651931
29.317303	-9.6575778
29.327285	-9.6632255
29.337267	-9.668874
29.347249	-9.6745234
29.357231	-9.6801737
29.367213	-9.6858248
29.377195	-9.6914768
29.387177	-9.6971296
29.397159	-9.7027833
29.407141	-9.7084379
29.417123	-9.7140933
29.427105	-9.7197496
29.437087	-9.7254067
29.447069	-9.7310647
29.457051	-9.7367236
29.467033	-9.7423833
29.477015	-9.7480438
29.486997	-9.7537052
29.496979	-9.7593675
29.506961	-9.7650306
29.516943	-9.7706946
29.526925	-9.7763594
29.536907	-9.782025
29.546889	-9.7876916
29.556871	-9.7933589
29.566853	-9.7990271
29.576835	-9.8046962
29.586817	-9.8103661
29.596799	-9.8160369
29.606781	-9.8217085
29.616763	-9.8273809
29.626745	-9.8330542
29.636727	-9.8387284
29.646709	-9.8444033
29.656691	-9.8500792
29.666673	-9.8557558
29.676655	-9.8614333
29.686637	-9.8671117
29.696619	-9.8727909
29.706601	-9.8784709
29.716583	-9.8841518
29.726565	-9.8898335
29.736547	-9.895516
29.746529	-9.9011994
29.756511	-9.9068837
29.766493	-9.9125687
29.776475	-9.9182546
29.786457	-9.9239413
29.796439	-9.9296289
29.806421	-9.9353173
29.816403	-9.9410065
29.826385	-9.9466966
29.836367	-9.9523875
29.846349	-9.9580792
29.856331	-9.9637718
29.866313	-9.9694652
29.876295	-9.9751594
29.886277	-9.9808545
29.896259	-9.9865504
29.906241	-9.9922471
29.916223	-9.9979446
29.926205	-10.003643
29.936187	-10.009342
29.946169	-10.015042
29.956151	-10.020743
29.966133	-10.026445
29.976115	-10.032147
29.986097	-10.03785
29.996079	-10.043555
30.006061	-10.04926
30.016043	-10.054965
30.026025	-10.060672
30.036007	-10.066379
30.045989	-10.072088
30.055971	-10.077797
30.065953	-10.083507
30.075935	-10.089217
30.085917	-10.094929
30.095899	-10.100641
30.105881	-10.106354
30.115863	-10.112068
30.125845	-10.117783
30.135827	-10.123499
30.145809	-10.129215
30.155791	-10.134932
30.165773	-10.14065
30.175755	-10.146369
30.185737	-10.152089
30.195719	-10.157809
30.205701	-10.16353
30.215683	-10.169253
30.225665	-10.174975
30.235647	-10.180699
30.245629	-10.186424
30.255611	-10.192149
30.265593	-10.197875
30.275575	-10.203602
30.285557	-10.20933
30.295539	-10.215058
30.305521	-10.220788
30.315503	-10.226518
30.325485	-10.232249
30.335467	-10.23798
30.345449	-10.243713
30.355431	-10.249446
30.365413	-10.255181
30.375395	-10.260916
30.385377	-10.266651
30.395359	-10.272388
30.405341	-10.278125
30.415323	-10.283863
30.425305	-10.289602
30.435287	-10.295342
30.445269	-10.301083
30.455251	-10.306824
30.465233	-10.312566
30.475215	-10.318309
30.485197	-10.324053
30.495179	-10.329797
30.505161	-10.335542
30.515143	-10.341289
30.525125	-10.347035
30.535107	-10.352783
30.545089	-10.358532
30.555071	-10.364281
30.565053	-10.370031
30.575035	-10.375782
30.585017	-10.381533
30.594999	-10.387286
30.604981	-10.393039
30.614963	-10.398793
30.624945	-10.404548
30.634927	-10.410303
30.644909	-10.41606
30.654891	-10.421817
30.664873	-10.427575
30.674855	-10.433333
30.684837	-10.439093
30.694819	-10.444853
30.704801	-10.450614
30.714783	-10.456376
30.724765	-10.462139
30.734747	-10.467902
30.744729	-10.473666
30.754711	-10.479431
30.764693	-10.485197
30.774675	-10.490963
30.784657	-10.49673
30.794639	-10.502498
30.804621	-10.508267
30.814603	-10.514037
30.824585	-10.519807
30.834567	-10.525578
30.844549	-10.53135
30.854531	-10.537123
30.864513	-10.542896
30.874495	-10.548671
30.884477	-10.554446
30.894459	-10.560221
30.904441	-10.565998
30.914423	-10.571775
30.924405	-10.577553
30.934387	-10.583332
30.944369	-10.589112
30.954351	-10.594892
30.964333	-10.600673
30.974315	-10.606455
30.984297	-10.612238
30.994279	-10.618021
31.004261	-10.623805
31.014243	-10.62959
31.024225	-10.635376
31.034207	-10.641162
31.044189	-10.64695
31.054171	-10.652738
31.064153	-10.658526
31.074135	-10.664316
31.084117	-10.670106
31.094099	-10.675897
31.104081	-10.681689
31.114063	-10.687482
31.124045	-10.693275
31.134027	-10.699069
31.144009	-10.704864
31.153991	-10.710659
31.163973	-10.716456
31.173955	-10.722253
31.183937	-10.728051
31.193919	-10.733849
31.203901	-10.739649
31.213883	-10.745449
31.223865	-10.75125
31.233847	-10.757051
31.243829	-10.762853
31.253811	-10.768657
31.263793	-10.77446
31.273775	-10.780265
31.283757	-10.78607
31.293739	-10.791876
31.303721	-10.797683
31.313703	-10.803491
31.323685	-10.809299
31.333667	-10.815108
31.343649	-10.820918
31.353631	-10.826729
31.363613	-10.83254
31.373595	-10.838352
31.383577	-10.844165
31.393559	-10.849978
31.403541	-10.855792
31.413523	-10.861607
31.423505	-10.867423
31.433487	-10.87324
31.443469	-10.879057
31.453451	-10.884875
31.463433	-10.890694
31.473415	-10.896513
31.483397	-10.902333
31.493379	-10.908154
31.503361	-10.913976
31.513343	-10.919798
31.523325	-10.925621
31.533307	-10.931445
31.543289	-10.93727
31.553271	-10.943095
31.563253	-10.948921
31.573235	-10.954748
31.583217	-10.960575
31.593199	-10.966403
31.603181	-10.972232
31.613163	-10.978062
31.623145	-10.983893
31.633127	-10.989724
31.643109	-10.995556
31.653091	-11.001388
31.663073	-11.007222
31.673055	-11.013056
31.683037	-11.01889
31.693019	-11.024726
31.703001	-11.030562
31.712983	-11.036399
31.722965	-11.042237
31.732947	-11.048075
31.742929	-11.053914
31.752911	-11.059754
31.762893	-11.065595
31.772875	-11.071436
31.782857	-11.077278
31.792839	-11.083121
31.802821	-11.088964
31.812803	-11.094808
31.822785	-11.100653
31.832767	-11.106499
31.842749	-11.112345
31.852731	-11.118192
31.862713	-11.12404
31.872695	-11.129888
31.882677	-11.135737
31.892659	-11.141587
31.902641	-11.147438
31.912623	-11.153289
31.922605	-11.159141
31.932587	-11.164994
31.942569	-11.170847
31.952551	-11.176701
31.962533	-11.182556
31.972515	-11.188412
31.982496	-11.194268
31.992478	-11.200125
32.00246	-11.205983
32.012442	-11.211841
32.022424	-11.2177
32.032406	-11.22356
32.042388	-11.22942
32.05237	-11.235282
32.062352	-11.241144
32.072334	-11.247006
32.082316	-11.252869
32.092298	-11.258734
32.10228	-11.264598
32.112262	-11.270464
32.122244	-11.27633
32.132226	-11.282197
32.142208	-11.288064
32.15219	-11.293932
32.162172	-11.299801
32.172154	-11.305671
32.182136	-11.311541
32.192118	-11.317412
32.2021	-11.323284
32.212082	-11.329156
32.222064	-11.335029
32.232046	-11.340903
32.242028	-11.346778
32.25201	-11.352653
32.261992	-11.358529
32.271974	-11.364405
32.281956	-11.370283
32.291938	-11.376161
32.30192	-11.382039
32.311902	-11.387919
32.321884	-11.393799
32.331866	-11.399679
32.341848	-11.405561
32.35183	-11.411443
32.361812	-11.417326
32.371794	-11.423209
32.381776	-11.429093
32.391758	-11.434978
32.40174	-11.440863
32.411722	-11.44675
32.421704	-11.452637
32.431686	-11.458524
32.441668	-11.464412
32.45165	-11.470301
32.461632	-11.476191
32.471614	-11.482081
32.481596	-11.487972
32.491578	-11.493864
32.50156	-11.499756
32.511542	-11.505649
32.521524	-11.511543
32.531506	-11.517437
32.541488	-11.523332
32.55147	-11.529228
32.561452	-11.535124
32.571434	-11.541022
32.581416	-11.546919
32.591398	-11.552818
32.60138	-11.558717
32.611362	-11.564617
32.621344	-11.570517
32.631326	-11.576418
32.641308	-11.58232
32.65129	-11.588222
32.661272	-11.594126
32.671254	-11.600029
32.681236	-11.605934
32.691218	-11.611839
32.7012	-11.617745
32.711182	-11.623651
32.721164	-11.629558
32.731146	-11.635466
32.741128	-11.641375
32.75111	-11.647284
32.761092	-11.653194
32.771074	-11.659104
32.781056	-11.665015
32.791038	-11.670927
32.80102	-11.67684
32.811002	-11.682753
32.820984	-11.688666
32.830966	-11.694581
32.840948	-11.700496
32.85093	-11.706412
32.860912	-11.712328
32.870894	-11.718245
32.880876	-11.724163
32.890858	-11.730082
32.90084	-11.736001
32.910822	-11.74192
32.920804	-11.747841
32.930786	-11.753762
32.940768	-11.759683
32.95075	-11.765606
32.960732	-11.771529
32.970714	-11.777452
32.980696	-11.783377
32.990678	-11.789302
33.00066	-11.795227
33.010642	-11.801154
33.020624	-11.807081
33.030606	-11.813008
33.040588	-11.818936
33.05057	-11.824865
33.060552	-11.830795
33.070534	-11.836725
33.080516	-11.842656
33.090498	-11.848587
33.10048	-11.854519
33.110462	-11.860452
33.120444	-11.866386
33.130426	-11.87232
33.140408	-11.878254
33.15039	-11.88419
33.160372	-11.890126
33.170354	-11.896062
33.180336	-11.901999
33.190318	-11.907937
33.2003	-11.913876
33.210282	-11.919815
33.220264	-11.925755
33.230246	-11.931695
33.240228	-11.937637
33.25021	-11.943578
33.260192	-11.949521
33.270174	-11.955464
33.280156	-11.961407
33.290138	-11.967352
33.30012	-11.973297
33.310102	-11.979242
33.320084	-11.985188
33.330066	-11.991135
33.340048	-11.997083
33.35003	-12.003031
33.360012	-12.00898
33.369994	-12.014929
33.379976	-12.020879
33.389958	-12.02683
33.39994	-12.032781
33.409922	-12.038733
33.419904	-12.044685
33.429886	-12.050638
33.439868	-12.056592
33.44985	-12.062547
33.459832	-12.068502
33.469814	-12.074457
33.479796	-12.080414
33.489778	-12.086371
33.49976	-12.092328
33.509742	-12.098286
33.519724	-12.104245
33.529706	-12.110204
33.539688	-12.116164
33.54967	-12.122125
33.559652	-12.128086
33.569634	-12.134048
33.579616	-12.140011
33.589598	-12.145974
33.59958	-12.151938
33.609562	-12.157902
33.619544	-12.163867
33.629526	-12.169833
33.639508	-12.175799
33.64949	-12.181766
33.659472	-12.187733
33.669454	-12.193701
33.679436	-12.19967
33.689418	-12.205639
33.6994	-12.211609
33.709382	-12.21758
33.719364	-12.223551
33.729346	-12.229523
33.739328	-12.235495
33.74931	-12.241468
33.759292	-12.247442
33.769274	-12.253416
33.779256	-12.259391
33.789238	-12.265366
33.79922	-12.271342
33.809202	-12.277319
33.819184	-12.283296
33.829166	-12.289274
33.839148	-12.295253
33.84913	-12.301232
33.859112	-12.307211
33.869094	-12.313192
33.879076	-12.319173
33.889058	-12.325154
33.89904	-12.331136
33.909022	-12.337119
33.919004	-12.343102
33.928986	-12.349086
33.938968	-12.355071
33.94895	-12.361056
33.958932	-12.367041
33.968914	-12.373028
33.978896	-12.379015
33.988878	-12.385002
33.99886	-12.39099
34.008842	-12.396979
34.018824	-12.402968
34.028806	-12.408958
34.038788	-12.414949
34.04877	-12.42094
34.058752	-12.426932
34.068734	-12.432924
34.078716	-12.438917
34.088698	-12.44491
34.09868	-12.450904
34.108662	-12.456899
34.118644	-12.462894
34.128626	-12.46889
34.138608	-12.474886
34.14859	-12.480883
34.158572	-12.486881
34.168554	-12.492879
34.178536	-12.498878
34.188518	-12.504877
34.1985	-12.510877
34.208482	-12.516878
34.218464	-12.522879
34.228446	-12.528881
34.238428	-12.534883
34.24841	-12.540886
34.258392	-12.546889
34.268374	-12.552893
34.278356	-12.558898
34.288338	-12.564903
34.29832	-12.570909
34.308302	-12.576916
34.318284	-12.582922
34.328266	-12.58893
34.338248	-12.594938
34.34823	-12.600947
34.358212	-12.606956
34.368194	-12.612966
34.378176	-12.618976
34.388158	-12.624987
34.39814	-12.630999
34.408122	-12.637011
34.418104	-12.643024
34.428086	-12.649037
34.438068	-12.655051
34.44805	-12.661066
34.458032	-12.667081
34.468014	-12.673096
34.477996	-12.679113
34.487978	-12.685129
34.49796	-12.691147
34.507942	-12.697164
34.517924	-12.703183
34.527906	-12.709202
34.537888	-12.715222
34.54787	-12.721242
34.557852	-12.727263
34.567834	-12.733284
34.577816	-12.739306
34.587798	-12.745328
34.59778	-12.751351
34.607762	-12.757375
34.617744	-12.763399
34.627726	-12.769424
34.637708	-12.775449
34.64769	-12.781475
34.657672	-12.787501
34.667654	-12.793528
34.677636	-12.799556
34.687618	-12.805584
34.6976	-12.811612
34.707582	-12.817641
34.717564	-12.823671
34.727546	-12.829702
34.737528	-12.835732
34.74751	-12.841764
34.757491	-12.847796
34.767473	-12.853828
34.777455	-12.859861
34.787437	-12.865895
34.797419	-12.871929
34.807401	-12.877964
34.817383	-12.883999
34.827365	-12.890035
34.837347	-12.896072
34.847329	-12.902109
34.857311	-12.908146
34.867293	-12.914184
34.877275	-12.920223
34.887257	-12.926262
34.897239	-12.932302
34.907221	-12.938342
34.917203	-12.944383
34.927185	-12.950424
34.937167	-12.956466
34.947149	-12.962509
34.957131	-12.968552
34.967113	-12.974595
34.977095	-12.980639
34.987077	-12.986684
34.997059	-12.992729
35.007041	-12.998775
35.017023	-13.004821
35.027005	-13.010868
35.036987	-13.016915
35.046969	-13.022963
35.056951	-13.029012
35.066933	-13.035061
35.076915	-13.04111
35.086897	-13.04716
35.096879	-13.053211
35.106861	-13.059262
35.116843	-13.065314
35.126825	-13.071366
35.136807	-13.077418
35.146789	-13.083472
35.156771	-13.089526
35.166753	-13.09558
35.176735	-13.101635
35.186717	-13.10769
35.196699	-13.113746
35.206681	-13.119803
35.216663	-13.12586
35.226645	-13.131917
35.236627	-13.137975
35.246609	-13.144034
35.256591	-13.150093
35.266573	-13.156153
35.276555	-13.162213
35.286537	-13.168274
35.296519	-13.174335
35.306501	-13.180397
35.316483	-13.186459
35.326465	-13.192522
35.336447	-13.198585
35.346429	-13.204649
35.356411	-13.210713
35.366393	-13.216778
35.376375	-13.222844
35.386357	-13.22891
35.396339	-13.234976
35.406321	-13.241043
35.416303	-13.247111
35.426285	-13.253179
35.436267	-13.259247
35.446249	-13.265316
35.456231	-13.271386
35.466213	-13.277456
35.476195	-13.283527
35.486177	-13.289598
35.496159	-13.29567
35.506141	-13.301742
35.516123	-13.307815
35.526105	-13.313888
35.536087	-13.319962
35.546069	-13.326036
35.556051	-13.332111
35.566033	-13.338186
35.576015	-13.344262
35.585997	-13.350338
35.595979	-13.356415
35.605961	-13.362492
35.615943	-13.36857
35.625925	-13.374648
35.635907	-13.380727
35.645889	-13.386806
35.655871	-13.392886
35.665853	-13.398967
35.675835	-13.405048
35.685817	-13.411129
35.695799	-13.417211
35.705781	-13.423293
35.715763	-13.429376
35.725745	-13.435459
35.735727	-13.441543
35.745709	-13.447628
35.755691	-13.453713
35.765673	-13.459798
35.775655	-13.465884
35.785637	-13.47197
35.795619	-13.478057
35.805601	-13.484145
35.815583	-13.490233
35.825565	-13.496321
35.835547	-13.50241
35.845529	-13.508499
35.855511	-13.514589
35.865493	-13.52068
35.875475	-13.526771
35.885457	-13.532862
35.895439	-13.538954
35.905421	-13.545046
35.915403	-13.551139
35.925385	-13.557232
35.935367	-13.563326
35.945349	-13.569421
35.955331	-13.575515
35.965313	-13.581611
35.975295	-13.587706
35.985277	-13.593803
35.995259	-13.5999
36.005241	-13.605997
36.015223	-13.612095
36.025205	-13.618193
36.035187	-13.624292
36.045169	-13.630391
36.055151	-13.63649
36.065133	-13.642591
36.075115	-13.648691
36.085097	-13.654793
36.095079	-13.660894
36.105061	-13.666996
36.115043	-13.673099
36.125025	-13.679202
36.135007	-13.685306
36.144989	-13.69141
36.154971	-13.697514
36.164953	-13.703619
36.174935	-13.709725
36.184917	-13.715831
36.194899	-13.721937
36.204881	-13.728044
36.214863	-13.734151
36.224845	-13.740259
36.234827	-13.746367
36.244809	-13.752476
36.254791	-13.758586
36.264773	-13.764695
36.274755	-13.770806
36.284737	-13.776916
36.294719	-13.783027
36.304701	-13.789139
36.314683	-13.795251
36.324665	-13.801364
36.334647	-13.807477
36.344629	-13.81359
36.354611	-13.819704
36.364593	-13.825819
36.374575	-13.831934
36.384557	-13.838049
36.394539	-13.844165
36.404521	-13.850281
36.414503	-13.856398
36.424485	-13.862515
36.434467	-13.868633
36.444449	-13.874751
36.454431	-13.88087
36.464413	-13.886989
36.474395	-13.893108
36.484377	-13.899228
36.494359	-13.905349
36.504341	-13.91147
36.514323	-13.917591
36.524305	-13.923713
36.534287	-13.929835
36.544269	-13.935958
36.554251	-13.942081
36.564233	-13.948205
36.574215	-13.954329
36.584197	-13.960454
36.594179	-13.966579
36.604161	-13.972704
36.614143	-13.97883
36.624125	-13.984957
36.634107	-13.991084
36.644089	-13.997211
36.654071	-14.003339
36.664053	-14.009467
36.674035	-14.015596
36.684017	-14.021725
36.693999	-14.027854
36.703981	-14.033984
36.713963	-14.040115
36.723945	-14.046246
36.733927	-14.052377
36.743909	-14.058509
36.753891	-14.064641
36.763873	-14.070774
36.773855	-14.076907
36.783837	-14.08304
36.793819	-14.089174
36.803801	-14.095309
36.813783	-14.101444
36.823765	-14.107579
36.833747	-14.113715
36.843729	-14.119851
36.853711	-14.125988
36.863693	-14.132125
36.873675	-14.138262
36.883657	-14.1444
36.893639	-14.150539
36.903621	-14.156678
36.913603	-14.162817
36.923585	-14.168957
36.933567	-14.175097
36.943549	-14.181237
36.953531	-14.187378
36.963513	-14.19352
36.973495	-14.199662
36.983477	-14.205804
36.993459	-14.211947
37.003441	-14.21809
37.013423	-14.224234
37.023405	-14.230378
37.033387	-14.236522
37.043369	-14.242667
37.053351	-14.248812
37.063333	-14.254958
37.073315	-14.261104
37.083297	-14.267251
37.093279	-14.273398
37.103261	-14.279545
37.113243	-14.285693
37.123225	-14.291841
37.133207	-14.29799
37.143189	-14.304139
37.153171	-14.310289
37.163153	-14.316439
37.173135	-14.322589
37.183117	-14.32874
37.193099	-14.334891
37.203081	-14.341043
37.213063	-14.347195
37.223045	-14.353348
37.233027	-14.3595
37.243009	-14.365654
37.252991	-14.371808
37.262973	-14.377962
37.272955	-14.384116
37.282937	-14.390271
37.292919	-14.396427
37.302901	-14.402582
37.312883	-14.408739
37.322865	-14.414895
37.332847	-14.421052
37.342829	-14.42721
37.352811	-14.433368
37.362793	-14.439526
37.372775	-14.445685
37.382757	-14.451844
37.392739	-14.458003
37.402721	-14.464163
37.412703	-14.470323
37.422685	-14.476484
37.432667	-14.482645
37.442649	-14.488807
37.452631	-14.494969
37.462613	-14.501131
37.472595	-14.507294
37.482577	-14.513457
37.492559	-14.51962
37.502541	-14.525784
37.512523	-14.531949
37.522505	-14.538113
37.532486	-14.544279
37.542468	-14.550444
37.55245	-14.55661
37.562432	-14.562776
37.572414	-14.568943
37.582396	-14.57511
37.592378	-14.581278
37.60236	-14.587446
37.612342	-14.593614
37.622324	-14.599783
37.632306	-14.605952
37.642288	-14.612121
37.65227	-14.618291
37.662252	-14.624461
37.672234	-14.630632
37.682216	-14.636803
37.692198	-14.642975
37.70218	-14.649146
37.712162	-14.655319
37.722144	-14.661491
37.732126	-14.667664
37.742108	-14.673837
37.75209	-14.680011
37.762072	-14.686185
37.772054	-14.69236
37.782036	-14.698535
37.792018	-14.70471
37.802	-14.710886
37.811982	-14.717062
37.821964	-14.723238
37.831946	-14.729415
37.841928	-14.735592
37.85191	-14.74177
37.861892	-14.747948
37.871874	-14.754126
37.881856	-14.760305
37.891838	-14.766484
37.90182	-14.772663
37.911802	-14.778843
37.921784	-14.785023
37.931766	-14.791204
37.941748	-14.797385
37.95173	-14.803566
37.961712	-14.809748
37.971694	-14.81593
37.981676	-14.822113
37.991658	-14.828295
38.00164	-14.834479
38.011622	-14.840662
38.021604	-14.846846
38.031586	-14.85303
38.041568	-14.859215
38.05155	-14.8654
38.061532	-14.871585
38.071514	-14.877771
38.081496	-14.883957
38.091478	-14.890144
38.10146	-14.896331
38.111442	-14.902518
38.121424	-14.908705
38.131406	-14.914893
38.141388	-14.921082
38.15137	-14.92727
38.161352	-14.933459
38.171334	-14.939649
38.181316	-14.945838
38.191298	-14.952029
38.20128	-14.958219
38.211262	-14.96441
38.221244	-14.970601
38.231226	-14.976792
38.241208	-14.982984
38.25119	-14.989177
38.261172	-14.995369
38.271154	-15.001562
38.281136	-15.007755
38.291118	-15.013949
38.3011	-15.020143
38.311082	-15.026337
38.321064	-15.032532
38.331046	-15.038727
38.341028	-15.044922
38.35101	-15.051118
38.360992	-15.057314
38.370974	-15.063511
38.380956	-15.069707
38.390938	-15.075905
38.40092	-15.082102
38.410902	-15.0883
38.420884	-15.094498
38.430866	-15.100697
38.440848	-15.106895
38.45083	-15.113095
38.460812	-15.119294
38.470794	-15.125494
38.480776	-15.131694
38.490758	-15.137895
38.50074	-15.144096
38.510722	-15.150297
38.520704	-15.156498
38.530686	-15.1627
38.540668	-15.168902
38.55065	-15.175105
38.560632	-15.181308
38.570614	-15.187511
38.580596	-15.193715
38.590578	-15.199919
38.60056	-15.206123
38.610542	-15.212327
38.620524	-15.218532
38.630506	-15.224737
38.640488	-15.230943
38.65047	-15.237149
38.660452	-15.243355
38.670434	-15.249562
38.680416	-15.255768
38.690398	-15.261976
38.70038	-15.268183
38.710362	-15.274391
38.720344	-15.280599
38.730326	-15.286808
38.740308	-15.293016
38.75029	-15.299225
38.760272	-15.305435
38.770254	-15.311645
38.780236	-15.317855
38.790218	-15.324065
38.8002	-15.330276
38.810182	-15.336487
38.820164	-15.342698
38.830146	-15.34891
38.840128	-15.355122
38.85011	-15.361334
38.860092	-15.367547
38.870074	-15.37376
38.880056	-15.379973
38.890038	-15.386187
38.90002	-15.3924
38.910002	-15.398615
38.919984	-15.404829
38.929966	-15.411044
38.939948	-15.417259
38.94993	-15.423474
38.959912	-15.42969
38.969894	-15.435906
38.979876	-15.442122
38.989858	-15.448339
38.99984	-15.454556
39.009822	-15.460773
39.019804	-15.466991
39.029786	-15.473209
39.039768	-15.479427
39.04975	-15.485645
39.059732	-15.491864
39.069714	-15.498083
39.079696	-15.504303
39.089678	-15.510522
39.09966	-15.516742
39.109642	-15.522962
39.119624	-15.529183
39.129606	-15.535404
39.139588	-15.541625
39.14957	-15.547847
39.159552	-15.554068
39.169534	-15.56029
39.179516	-15.566513
39.189498	-15.572735
39.19948	-15.578958
39.209462	-15.585181
39.219444	-15.591405
39.229426	-15.597629
39.239408	-15.603853
39.24939	-15.610077
39.259372	-15.616302
39.269354	-15.622527
39.279336	-15.628752
39.289318	-15.634977
39.2993	-15.641203
39.309282	-15.647429
39.319264	-15.653656
39.329246	-15.659882
39.339228	-15.666109
39.34921	-15.672336
39.359192	-15.678564
39.369174	-15.684792
39.379156	-15.69102
39.389138	-15.697248
39.39912	-15.703477
39.409102	-15.709706
39.419084	-15.715935
39.429066	-15.722164
39.439048	-15.728394
39.44903	-15.734624
39.459012	-15.740854
39.468994	-15.747085
39.478976	-15.753315
39.488958	-15.759547
39.49894	-15.765778
39.508922	-15.77201
39.518904	-15.778241
39.528886	-15.784474
39.538868	-15.790706
39.54885	-15.796939
39.558832	-15.803172
39.568814	-15.809405
39.578796	-15.815638
39.588778	-15.821872
39.59876	-15.828106
39.608742	-15.83434
39.618724	-15.840575
39.628706	-15.84681
39.638688	-15.853045
39.64867	-15.85928
39.658652	-15.865516
39.668634	-15.871752
39.678616	-15.877988
39.688598	-15.884224
39.69858	-15.890461
39.708562	-15.896698
39.718544	-15.902935
39.728526	-15.909172
39.738508	-15.91541
39.74849	-15.921648
39.758472	-15.927886
39.768454	-15.934124
39.778436	-15.940363
39.788418	-15.946602
39.7984	-15.952841
39.808382	-15.95908
39.818364	-15.96532
39.828346	-15.97156
39.838328	-15.9778
39.84831	-15.984041
39.858292	-15.990281
39.868274	-15.996522
39.878256	-16.002763
39.888238	-16.009005
39.89822	-16.015246
39.908202	-16.021488
39.918184	-16.02773
39.928166	-16.033973
39.938148	-16.040215
39.94813	-16.046458
39.958112	-16.052701
39.968094	-16.058944
39.978076	-16.065188
39.988058	-16.071432
39.99804	-16.077676
40.008022	-16.08392
40.018004	-16.090164
40.027986	-16.096409
40.037968	-16.102654
40.04795	-16.108899
40.057932	-16.115145
40.067914	-16.12139
40.077896	-16.127636
40.087878	-16.133882
40.09786	-16.140129
40.107842	-16.146375
40.117824	-16.152622
40.127806	-16.158869
40.137788	-16.165116
40.14777	-16.171364
40.157752	-16.177611
40.167734	-16.183859
40.177716	-16.190107
40.187698	-16.196356
40.19768	-16.202604
40.207662	-16.208853
40.217644	-16.215102
40.227626	-16.221351
40.237608	-16.227601
40.24759	-16.23385
40.257572	-16.2401
40.267554	-16.24635
40.277536	-16.252601
40.287518	-16.258851
40.297499	-16.265102
40.307481	-16.271353
40.317463	-16.277604
40.327445	-16.283856
40.337427	-16.290107
40.347409	-16.296359
40.357391	-16.302611
40.367373	-16.308863
40.377355	-16.315116
40.387337	-16.321368
40.397319	-16.327621
40.407301	-16.333874
40.417283	-16.340127
40.427265	-16.346381
40.437247	-16.352634
40.447229	-16.358888
40.457211	-16.365142
40.467193	-16.371397
40.477175	-16.377651
40.487157	-16.383906
40.497139	-16.390161
40.507121	-16.396416
40.517103	-16.402671
40.527085	-16.408926
40.537067	-16.415182
40.547049	-16.421438
40.557031	-16.427694
40.567013	-16.43395
40.576995	-16.440207
40.586977	-16.446463
40.596959	-16.45272
40.606941	-16.458977
40.616923	-16.465234
40.626905	-16.471492
40.636887	-16.477749
40.646869	-16.484007
40.656851	-16.490265
40.666833	-16.496523
40.676815	-16.502781
40.686797	-16.50904
40.696779	-16.515298
40.706761	-16.521557
40.716743	-16.527816
40.726725	-16.534075
40.736707	-16.540335
40.746689	-16.546594
40.756671	-16.552854
40.766653	-16.559114
40.776635	-16.565374
40.786617	-16.571635
40.796599	-16.577895
40.806581	-16.584156
40.816563	-16.590416
40.826545	-16.596677
40.836527	-16.602939
40.846509	-16.6092
40.856491	-16.615461
40.866473	-16.621723
40.876455	-16.627985
40.886437	-16.634247
40.896419	-16.640509
40.906401	-16.646772
40.916383	-16.653034
40.926365	-16.659297
40.936347	-16.66556
40.946329	-16.671823
40.956311	-16.678086
40.966293	-16.684349
40.976275	-16.690613
40.986257	-16.696876
40.996239	-16.70314
41.006221	-16.709404
41.016203	-16.715668
41.026185	-16.721932
41.036167	-16.728197
41.046149	-16.734462
41.056131	-16.740726
41.066113	-16.746991
41.076095	-16.753256
41.086077	-16.759522
41.096059	-16.765787
41.106041	-16.772052
41.116023	-16.778318
41.126005	-16.784584
41.135987	-16.79085
41.145969	-16.797116
41.155951	-16.803382
41.165933	-16.809649
41.175915	-16.815915
41.185897	-16.822182
41.195879	-16.828449
41.205861	-16.834716
41.215843	-16.840983
41.225825	-16.84725
41.235807	-16.853518
41.245789	-16.859785
41.255771	-16.866053
41.265753	-16.872321
41.275735	-16.878589
41.285717	-16.884857
41.295699	-16.891125
41.305681	-16.897394
41.315663	-16.903662
41.325645	-16.909931
41.335627	-16.916199
41.345609	-16.922468
41.355591	-16.928737
41.365573	-16.935007
41.375555	-16.941276
41.385537	-16.947545
41.395519	-16.953815
41.405501	-16.960085
41.415483	-16.966354
41.425465	-16.972624
41.435447	-16.978894
41.445429	-16.985165
41.455411	-16.991435
41.465393	-16.997705
41.475375	-17.003976
41.485357	-17.010247
41.495339	-17.016517
41.505321	-17.022788
41.515303	-17.029059
41.525285	-17.035331
41.535267	-17.041602
41.545249	-17.047873
41.555231	-17.054145
41.565213	-17.060416
41.575195	-17.066688
41.585177	-17.07296
41.595159	-17.079232
41.605141	-17.085504
41.615123	-17.091776
41.625105	-17.098048
41.635087	-17.104321
41.645069	-17.110593
41.655051	-17.116866
41.665033	-17.123139
41.675015	-17.129412
41.684997	-17.135684
41.694979	-17.141957
41.704961	-17.148231
41.714943	-17.154504
41.724925	-17.160777
41.734907	-17.167051
41.744889	-17.173324
41.754871	-17.179598
41.764853	-17.185871
41.774835	-17.192145
41.784817	-17.198419
41.794799	-17.204693
41.804781	-17.210967
41.814763	-17.217242
41.824745	-17.223516
41.834727	-17.22979
41.844709	-17.236065
41.854691	-17.242339
41.864673	-17.248614
41.874655	-17.254889
41.884637	-17.261163
41.894619	-17.267438
41.904601	-17.273713
41.914583	-17.279988
41.924565	-17.286264
41.934547	-17.292539
41.944529	-17.298814
41.954511	-17.30509
41.964493	-17.311365
41.974475	-17.317641
41.984457	-17.323916
41.994439	-17.330192
42.004421	-17.336468
42.014403	-17.342744
42.024385	-17.34902
42.034367	-17.355296
42.044349	-17.361572
42.054331	-17.367848
42.064313	-17.374124
42.074295	-17.380401
42.084277	-17.386677
42.094259	-17.392953
42.104241	-17.39923
42.114223	-17.405507
42.124205	-17.411783
42.134187	-17.41806
42.144169	-17.424337
42.154151	-17.430614
42.164133	-17.43689
42.174115	-17.443167
42.184097	-17.449444
42.194079	-17.455722
42.204061	-17.461999
42.214043	-17.468276
42.224025	-17.474553
42.234007	-17.480831
42.243989	-17.487108
42.253971	-17.493385
42.263953	-17.499663
42.273935	-17.50594
42.283917	-17.512218
42.293899	-17.518496
42.303881	-17.524773
42.313863	-17.531051
42.323845	-17.537329
42.333827	-17.543607
42.343809	-17.549885
42.353791	-17.556163
42.363773	-17.562441
42.373755	-17.568719
42.383737	-17.574997
42.393719	-17.581275
42.403701	-17.587553
42.413683	-17.593831
42.423665	-17.60011
42.433647	-17.606388
42.443629	-17.612666
42.453611	-17.618945
42.463593	-17.625223
42.473575	-17.631501
42.483557	-17.63778
42.493539	-17.644058
42.503521	-17.650337
42.513503	-17.656615
42.523485	-17.662894
42.533467	-17.669173
42.543449	-17.675451
42.553431	-17.68173
42.563413	-17.688009
42.573395	-17.694287
42.583377	-17.700566
42.593359	-17.706845
42.603341	-17.713124
42.613323	-17.719403
42.623305	-17.725681
42.633287	-17.73196
42.643269	-17.738239
42.653251	-17.744518
42.663233	-17.750797
42.673215	-17.757076
42.683197	-17.763355
42.693179	-17.769634
42.703161	-17.775913
42.713143	-17.782192
42.723125	-17.788471
42.733107	-17.79475
42.743089	-17.801029
42.753071	-17.807308
42.763053	-17.813587
42.773035	-17.819866
42.783017	-17.826145
42.792999	-17.832425
42.802981	-17.838704
42.812963	-17.844983
42.822945	-17.851262
42.832927	-17.857541
42.842909	-17.86382
42.852891	-17.870099
42.862873	-17.876378
42.872855	-17.882657
42.882837	-17.888936
42.892819	-17.895216
42.902801	-17.901495
42.912783	-17.907774
42.922765	-17.914053
42.932747	-17.920332
42.942729	-17.926611
42.952711	-17.93289
42.962693	-17.939169
42.972675	-17.945448
42.982657	-17.951727
42.992639	-17.958006
43.002621	-17.964285
43.012603	-17.970564
43.022585	-17.976843
43.032567	-17.983122
43.042549	-17.989401
43.052531	-17.99568
43.062513	-18.001959
43.072494	-18.008238
43.082476	-18.014517
43.092458	-18.020796
43.10244	-18.027074
43.112422	-18.033353
43.122404	-18.039632
43.132386	-18.045911
43.142368	-18.052189
43.15235	-18.058468
43.162332	-18.064747
43.172314	-18.071026
43.182296	-18.077304
43.192278	-18.083583
43.20226	-18.089861
43.212242	-18.09614
43.222224	-18.102418
43.232206	-18.108697
43.242188	-18.114975
43.25217	-18.121253
43.262152	-18.127532
43.272134	-18.13381
43.282116	-18.140088
43.292098	-18.146367
43.30208	-18.152645
43.312062	-18.158923
43.322044	-18.165201
43.332026	-18.171479
43.342008	-18.177757
43.35199	-18.184035
43.361972	-18.190313
43.371954	-18.196591
43.381936	-18.202869
43.391918	-18.209146
43.4019	-18.215424
43.411882	-18.221702
43.421864	-18.227979
43.431846	-18.234257
43.441828	-18.240534
43.45181	-18.246812
43.461792	-18.253089
43.471774	-18.259366
43.481756	-18.265644
43.491738	-18.271921
43.50172	-18.278198
43.511702	-18.284475
43.521684	-18.290752
43.531666	-18.297029
43.541648	-18.303306
43.55163	-18.309583
43.561612	-18.31586
43.571594	-18.322136
43.581576	-18.328413
43.591558	-18.334689
43.60154	-18.340966
43.611522	-18.347242
43.621504	-18.353519
43.631486	-18.359795
43.641468	-18.366071
43.65145	-18.372347
43.661432	-18.378623
43.671414	-18.384899
43.681396	-18.391175
43.691378	-18.397451
43.70136	-18.403726
43.711342	-18.410002
43.721324	-18.416278
43.731306	-18.422553
43.741288	-18.428828
43.75127	-18.435104
43.761252	-18.441379
43.771234	-18.447654
43.781216	-18.453929
43.791198	-18.460204
43.80118	-18.466479
43.811162	-18.472754
43.821144	-18.479028
43.831126	-18.485303
43.841108	-18.491577
43.85109	-18.497852
43.861072	-18.504126
43.871054	-18.5104
43.881036	-18.516674
43.891018	-18.522948
43.901	-18.529222
43.910982	-18.535496
43.920964	-18.54177
43.930946	-18.548043
43.940928	-18.554317
43.95091	-18.56059
43.960892	-18.566863
43.970874	-18.573136
43.980856	-18.579409
43.990838	-18.585682
44.00082	-18.591955
44.010802	-18.598228
44.020784	-18.6045
44.030766	-18.610773
44.040748	-18.617045
44.05073	-18.623317
44.060712	-18.62959
44.070694	-18.635862
44.080676	-18.642133
44.090658	-18.648405
44.10064	-18.654677
44.110622	-18.660948
44.120604	-18.66722
44.130586	-18.673491
44.140568	-18.679762
44.15055	-18.686033
44.160532	-18.692304
44.170514	-18.698575
44.180496	-18.704846
44.190478	-18.711116
44.20046	-18.717386
44.210442	-18.723657
44.220424	-18.729927
44.230406	-18.736197
44.240388	-18.742467
44.25037	-18.748736
44.260352	-18.755006
44.270334	-18.761275
44.280316	-18.767545
44.290298	-18.773814
44.30028	-18.780083
44.310262	-18.786352
44.320244	-18.79262
44.330226	-18.798889
44.340208	-18.805157
44.35019	-18.811426
44.360172	-18.817694
44.370154	-18.823962
44.380136	-18.830229
44.390118	-18.836497
44.4001	-18.842765
44.410082	-18.849032
44.420064	-18.855299
44.430046	-18.861566
44.440028	-18.867833
44.45001	-18.8741
44.459992	-18.880367
44.469974	-18.886633
44.479956	-18.892899
44.489938	-18.899165
44.49992	-18.905431
44.509902	-18.911697
44.519884	-18.917963
44.529866	-18.924228
44.539848	-18.930493
44.54983	-18.936758
44.559812	-18.943023
44.569794	-18.949288
44.579776	-18.955553
44.589758	-18.961817
44.59974	-18.968081
44.609722	-18.974345
44.619704	-18.980609
44.629686	-18.986873
44.639668	-18.993137
44.64965	-18.9994
44.659632	-19.005663
44.669614	-19.011926
44.679596	-19.018189
44.689578	-19.024452
44.69956	-19.030714
44.709542	-19.036976
44.719524	-19.043238
44.729506	-19.0495
44.739488	-19.055762
44.74947	-19.062023
44.759452	-19.068285
44.769434	-19.074546
44.779416	-19.080807
44.789398	-19.087068
44.79938	-19.093328
44.809362	-19.099588
44.819344	-19.105849
44.829326	-19.112108
44.839308	-19.118368
44.84929	-19.124628
44.859272	-19.130887
44.869254	-19.137146
44.879236	-19.143405
44.889218	-19.149664
44.8992	-19.155922
44.909182	-19.162181
44.919164	-19.168439
44.929146	-19.174697
44.939128	-19.180954
44.94911	-19.187212
44.959092	-19.193469
44.969074	-19.199726
44.979056	-19.205983
44.989038	-19.21224
44.99902	-19.218496
45.009002	-19.224752
45.018984	-19.231008
45.028966	-19.237264
45.038948	-19.24352
45.04893	-19.249775
45.058912	-19.25603
45.068894	-19.262285
45.078876	-19.268539
45.088858	-19.274794
45.09884	-19.281048
45.108822	-19.287302
45.118804	-19.293556
45.128786	-19.299809
45.138768	-19.306062
45.14875	-19.312315
45.158732	-19.318568
45.168714	-19.324821
45.178696	-19.331073
45.188678	-19.337325
45.19866	-19.343577
45.208642	-19.349828
45.218624	-19.35608
45.228606	-19.362331
45.238588	-19.368582
45.24857	-19.374832
45.258552	-19.381083
45.268534	-19.387333
45.278516	-19.393583
45.288498	-19.399832
45.29848	-19.406082
45.308462	-19.412331
45.318444	-19.418579
45.328426	-19.424828
45.338408	-19.431076
45.34839	-19.437325
45.358372	-19.443572
45.368354	-19.44982
45.378336	-19.456067
45.388318	-19.462314
45.3983	-19.468561
45.408282	-19.474808
45.418264	-19.481054
45.428246	-19.4873
45.438228	-19.493546
45.44821	-19.499791
45.458192	-19.506036
45.468174	-19.512281
45.478156	-19.518526
45.488138	-19.52477
45.49812	-19.531014
45.508102	-19.537258
45.518084	-19.543502
45.528066	-19.549745
45.538048	-19.555988
45.54803	-19.562231
45.558012	-19.568473
45.567994	-19.574715
45.577976	-19.580957
45.587958	-19.587199
45.59794	-19.59344
45.607922	-19.599681
45.617904	-19.605922
45.627886	-19.612162
45.637868	-19.618402
45.64785	-19.624642
45.657832	-19.630882
45.667814	-19.637121
45.677796	-19.64336
45.687778	-19.649599
45.69776	-19.655837
45.707742	-19.662075
45.717724	-19.668313
45.727706	-19.674551
45.737688	-19.680788
45.74767	-19.687025
45.757652	-19.693261
45.767634	-19.699498
45.777616	-19.705734
45.787598	-19.711969
45.79758	-19.718205
45.807562	-19.72444
45.817544	-19.730674
45.827526	-19.736909
45.837508	-19.743143
45.847489	-19.749377
45.857471	-19.75561
45.867453	-19.761843
45.877435	-19.768076
45.887417	-19.774309
45.897399	-19.780541
45.907381	-19.786773
45.917363	-19.793005
45.927345	-19.799236
45.937327	-19.805467
45.947309	-19.811697
45.957291	-19.817928
45.967273	-19.824158
45.977255	-19.830387
45.987237	-19.836616
45.997219	-19.842845
46.007201	-19.849074
46.017183	-19.855302
46.027165	-19.86153
46.037147	-19.867758
46.047129	-19.873985
46.057111	-19.880212
46.067093	-19.886439
46.077075	-19.892665
46.087057	-19.898891
46.097039	-19.905116
46.107021	-19.911342
46.117003	-19.917567
46.126985	-19.923791
46.136967	-19.930015
46.146949	-19.936239
46.156931	-19.942463
46.166913	-19.948686
46.176895	-19.954909
46.186877	-19.961131
46.196859	-19.967353
46.206841	-19.973575
46.216823	-19.979796
46.226805	-19.986017
46.236787	-19.992238
46.246769	-19.998458
46.256751	-20.004678
46.266733	-20.010897
46.276715	-20.017117
46.286697	-20.023335
46.296679	-20.029554
46.306661	-20.035772
46.316643	-20.04199
46.326625	-20.048207
46.336607	-20.054424
46.346589	-20.060641
46.356571	-20.066857
46.366553	-20.073073
46.376535	-20.079288
46.386517	-20.085503
46.396499	-20.091718
46.406481	-20.097932
46.416463	-20.104146
46.426445	-20.11036
46.436427	-20.116573
46.446409	-20.122786
46.456391	-20.128998
46.466373	-20.13521
46.476355	-20.141422
46.486337	-20.147633
46.496319	-20.153844
46.506301	-20.160054
46.516283	-20.166264
46.526265	-20.172474
46.536247	-20.178683
46.546229	-20.184892
46.556211	-20.191101
46.566193	-20.197309
46.576175	-20.203517
46.586157	-20.209724
46.596139	-20.215931
46.606121	-20.222137
46.616103	-20.228343
46.626085	-20.234549
46.636067	-20.240754
46.646049	-20.246959
46.656031	-20.253163
46.666013	-20.259367
46.675995	-20.265571
46.685977	-20.271774
46.695959	-20.277977
46.705941	-20.284179
46.715923	-20.290381
46.725905	-20.296583
46.735887	-20.302784
46.745869	-20.308984
46.755851	-20.315185
46.765833	-20.321384
46.775815	-20.327584
46.785797	-20.333783
46.795779	-20.339981
46.805761	-20.346179
46.815743	-20.352377
46.825725	-20.358574
46.835707	-20.364771
46.845689	-20.370968
46.855671	-20.377163
46.865653	-20.383359
46.875635	-20.389554
46.885617	-20.395749
46.895599	-20.401943
46.905581	-20.408137
46.915563	-20.41433
46.925545	-20.420523
46.935527	-20.426715
46.945509	-20.432907
46.955491	-20.439099
46.965473	-20.44529
46.975455	-20.45148
46.985437	-20.45767
46.995419	-20.46386
47.005401	-20.470049
47.015383	-20.476238
47.025365	-20.482427
47.035347	-20.488614
47.045329	-20.494802
47.055311	-20.500989
47.065293	-20.507175
47.075275	-20.513361
47.085257	-20.519547
47.095239	-20.525732
47.105221	-20.531917
47.115203	-20.538101
47.125185	-20.544284
47.135167	-20.550468
47.145149	-20.55665
47.155131	-20.562833
47.165113	-20.569015
47.175095	-20.575196
47.185077	-20.581377
47.195059	-20.587557
47.205041	-20.593737
47.215023	-20.599916
47.225005	-20.606095
47.234987	-20.612274
47.244969	-20.618452
47.254951	-20.624629
47.264933	-20.630806
47.274915	-20.636983
47.284897	-20.643159
47.294879	-20.649334
47.304861	-20.655509
47.314843	-20.661684
47.324825	-20.667858
47.334807	-20.674031
47.344789	-20.680204
47.354771	-20.686377
47.364753	-20.692549
47.374735	-20.698721
47.384717	-20.704892
47.394699	-20.711062
47.404681	-20.717232
47.414663	-20.723402
47.424645	-20.729571
47.434627	-20.735739
47.444609	-20.741907
47.454591	-20.748075
47.464573	-20.754242
47.474555	-20.760408
47.484537	-20.766574
47.494519	-20.77274
47.504501	-20.778905
47.514483	-20.785069
47.524465	-20.791233
47.534447	-20.797396
47.544429	-20.803559
47.554411	-20.809721
47.564393	-20.815883
47.574375	-20.822044
47.584357	-20.828205
47.594339	-20.834365
47.604321	-20.840525
47.614303	-20.846684
47.624285	-20.852843
47.634267	-20.859001
47.644249	-20.865158
47.654231	-20.871315
47.664213	-20.877472
47.674195	-20.883628
47.684177	-20.889783
47.694159	-20.895938
47.704141	-20.902092
47.714123	-20.908246
47.724105	-20.914399
47.734087	-20.920552
47.744069	-20.926704
47.754051	-20.932855
47.764033	-20.939006
47.774015	-20.945157
47.783997	-20.951307
47.793979	-20.957456
47.803961	-20.963605
47.813943	-20.969753
47.823925	-20.975901
47.833907	-20.982048
47.843889	-20.988195
47.853871	-20.994341
47.863853	-21.000486
47.873835	-21.006631
47.883817	-21.012775
47.893799	-21.018919
47.903781	-21.025062
47.913763	-21.031205
47.923745	-21.037347
47.933727	-21.043488
47.943709	-21.049629
47.953691	-21.055769
47.963673	-21.061909
47.973655	-21.068048
47.983637	-21.074187
47.993619	-21.080324
48.003601	-21.086462
48.013583	-21.092599
48.023565	-21.098735
48.033547	-21.104871
48.043529	-21.111006
48.053511	-21.11714
48.063493	-21.123274
48.073475	-21.129407
48.083457	-21.13554
48.093439	-21.141672
48.103421	-21.147803
48.113403	-21.153934
48.123385	-21.160065
48.133367	-21.166194
48.143349	-21.172323
48.153331	-21.178452
48.163313	-21.18458
48.173295	-21.190707
48.183277	-21.196834
48.193259	-21.20296
48.203241	-21.209085
48.213223	-21.21521
48.223205	-21.221334
48.233187	-21.227458
48.243169	-21.233581
48.253151	-21.239703
48.263133	-21.245825
48.273115	-21.251946
48.283097	-21.258067
48.293079	-21.264187
48.303061	-21.270306
48.313043	-21.276425
48.323025	-21.282543
48.333007	-21.28866
48.342989	-21.294777
48.352971	-21.300893
48.362953	-21.307009
48.372935	-21.313124
48.382917	-21.319238
48.392899	-21.325352
48.402881	-21.331465
48.412863	-21.337577
48.422845	-21.343689
48.432827	-21.3498
48.442809	-21.355911
48.452791	-21.36202
48.462773	-21.36813
48.472755	-21.374238
48.482737	-21.380346
48.492719	-21.386453
48.502701	-21.39256
48.512683	-21.398666
48.522665	-21.404771
48.532647	-21.410876
48.542629	-21.41698
48.552611	-21.423083
48.562593	-21.429186
48.572575	-21.435288
48.582557	-21.441389
48.592539	-21.44749
48.602521	-21.45359
48.612503	-21.459689
48.622484	-21.465788
48.632466	-21.471886
48.642448	-21.477983
48.65243	-21.48408
48.662412	-21.490176
48.672394	-21.496272
48.682376	-21.502366
48.692358	-21.50846
48.70234	-21.514554
48.712322	-21.520646
48.722304	-21.526738
48.732286	-21.53283
48.742268	-21.53892
48.75225	-21.54501
48.762232	-21.5511
48.772214	-21.557188
48.782196	-21.563276
48.792178	-21.569363
48.80216	-21.57545
48.812142	-21.581536
48.822124	-21.587621
48.832106	-21.593705
48.842088	-21.599789
48.85207	-21.605872
48.862052	-21.611955
48.872034	-21.618036
48.882016	-21.624117
48.891998	-21.630198
48.90198	-21.636277
48.911962	-21.642356
48.921944	-21.648434
48.931926	-21.654512
48.941908	-21.660589
48.95189	-21.666665
48.961872	-21.67274
48.971854	-21.678815
48.981836	-21.684889
48.991818	-21.690962
49.0018	-21.697034
49.011782	-21.703106
49.021764	-21.709177
49.031746	-21.715248
49.041728	-21.721317
49.05171	-21.727386
49.061692	-21.733454
49.071674	-21.739522
49.081656	-21.745589
49.091638	-21.751655
49.10162	-21.75772
49.111602	-21.763784
49.121584	-21.769848
49.131566	-21.775911
49.141548	-21.781974
49.15153	-21.788035
49.161512	-21.794096
49.171494	-21.800156
49.181476	-21.806216
49.191458	-21.812275
49.20144	-21.818333
49.211422	-21.82439
49.221404	-21.830446
49.231386	-21.836502
49.241368	-21.842557
49.25135	-21.848611
49.261332	-21.854665
49.271314	-21.860717
49.281296	-21.866769
49.291278	-21.87282
49.30126	-21.878871
49.311242	-21.884921
49.321224	-21.89097
49.331206	-21.897018
49.341188	-21.903065
49.35117	-21.909112
49.361152	-21.915158
49.371134	-21.921203
49.381116	-21.927247
49.391098	-21.933291
49.40108	-21.939334
49.411062	-21.945376
49.421044	-21.951417
49.431026	-21.957458
49.441008	-21.963497
49.45099	-21.969536
49.460972	-21.975574
49.470954	-21.981612
49.480936	-21.987649
49.490918	-21.993684
49.5009	-21.99972
49.510882	-22.005754
49.520864	-22.011787
49.530846	-22.01782
49.540828	-22.023852
49.55081	-22.029883
49.560792	-22.035914
49.570774	-22.041943
49.580756	-22.047972
49.590738	-22.054
49.60072	-22.060027
49.610702	-22.066054
49.620684	-22.072079
49.630666	-22.078104
49.640648	-22.084128
49.65063	-22.090151
49.660612	-22.096174
49.670594	-22.102195
49.680576	-22.108216
49.690558	-22.114236
49.70054	-22.120255
49.710522	-22.126273
49.720504	-22.132291
49.730486	-22.138308
49.740468	-22.144324
49.75045	-22.150339
49.760432	-22.156353
49.770414	-22.162367
49.780396	-22.168379
49.790378	-22.174391
49.80036	-22.180402
49.810342	-22.186412
49.820324	-22.192422
49.830306	-22.19843
49.840288	-22.204438
49.85027	-22.210445
49.860252	-22.216451
49.870234	-22.222456
49.880216	-22.228461
49.890198	-22.234464
49.90018	-22.240467
49.910162	-22.246469
49.920144	-22.25247
49.930126	-22.25847
49.940108	-22.26447
49.95009	-22.270468
49.960072	-22.276466
49.970054	-22.282463
49.980036	-22.288459
49.990018	-22.294454
50	-22.300448
