Freq_GHz	r_fit	x_fit	R_fit_ohm	X_fit_ohm	Re_S11	Im_S11	S11_dB	S11_deg
0.01	3.99998	-0.00850563	199.999	-0.425281	0.6	-0.000680454	-4.43698	-0.0649786
0.0187763	3.99993	-0.0159702	199.997	-0.798509	0.599999	-0.00127764	-4.43698	-0.122005
0.0275525	3.99985	-0.0234344	199.993	-1.17172	0.599997	-0.00187482	-4.43698	-0.179032
0.0363288	3.99974	-0.030898	199.987	-1.5449	0.599995	-0.002472	-4.43698	-0.236059
0.045105	3.9996	-0.0383609	199.98	-1.91804	0.599992	-0.00306918	-4.43698	-0.293086
0.0538813	3.99943	-0.0458228	199.972	-2.29114	0.599988	-0.00366635	-4.43698	-0.350113
0.0626576	3.99923	-0.0532837	199.962	-2.66419	0.599984	-0.00426352	-4.43699	-0.40714
0.0714338	3.999	-0.0607433	199.95	-3.03717	0.599979	-0.00486069	-4.43699	-0.464167
0.0802101	3.99874	-0.0682015	199.937	-3.41008	0.599974	-0.00545785	-4.43699	-0.521194
0.0889863	3.99845	-0.0756581	199.923	-3.7829	0.599968	-0.006055	-4.437	-0.578222
0.0977626	3.99813	-0.0831129	199.907	-4.15564	0.599961	-0.00665215	-4.437	-0.635249
0.106539	3.99778	-0.0905657	199.889	-4.52828	0.599954	-0.0072493	-4.43701	-0.692276
0.115315	3.9974	-0.0980163	199.87	-4.90082	0.599946	-0.00784643	-4.43701	-0.749304
0.124091	3.997	-0.105465	199.85	-5.27323	0.599938	-0.00844356	-4.43702	-0.806331
0.132868	3.99656	-0.11291	199.828	-5.64552	0.599929	-0.00904068	-4.43702	-0.863359
0.141644	3.99609	-0.120354	199.804	-6.01768	0.599919	-0.00963779	-4.43703	-0.920386
0.15042	3.99559	-0.127794	199.779	-6.3897	0.599908	-0.0102349	-4.43704	-0.977414
0.159196	3.99506	-0.135231	199.753	-6.76156	0.599897	-0.010832	-4.43704	-1.03444
0.167973	3.9945	-0.142665	199.725	-7.13326	0.599886	-0.0114291	-4.43705	-1.09147
0.176749	3.99391	-0.150096	199.695	-7.5048	0.599874	-0.0120261	-4.43706	-1.1485
0.185525	3.99329	-0.157523	199.664	-7.87616	0.599861	-0.0126232	-4.43707	-1.20553
0.194301	3.99264	-0.164947	199.632	-8.24733	0.599847	-0.0132202	-4.43708	-1.26256
0.203078	3.99196	-0.172366	199.598	-8.6183	0.599833	-0.0138173	-4.43709	-1.31958
0.211854	3.99125	-0.179782	199.563	-8.98908	0.599818	-0.0144143	-4.4371	-1.37661
0.22063	3.99052	-0.187193	199.526	-9.35964	0.599803	-0.0150113	-4.43711	-1.43364
0.229406	3.98975	-0.1946	199.487	-9.72998	0.599787	-0.0156083	-4.43712	-1.49067
0.238183	3.98895	-0.202002	199.448	-10.1001	0.59977	-0.0162052	-4.43713	-1.5477
0.246959	3.98813	-0.209399	199.406	-10.47	0.599753	-0.0168022	-4.43714	-1.60473
0.255735	3.98727	-0.216792	199.363	-10.8396	0.599735	-0.0173991	-4.43715	-1.66176
0.264512	3.98638	-0.224179	199.319	-11.209	0.599717	-0.017996	-4.43717	-1.71879
0.273288	3.98547	-0.231561	199.273	-11.5781	0.599698	-0.0185929	-4.43718	-1.77582
0.282064	3.98452	-0.238938	199.226	-11.9469	0.599678	-0.0191898	-4.43719	-1.83285
0.29084	3.98355	-0.246309	199.178	-12.3154	0.599658	-0.0197867	-4.43721	-1.88988
0.299617	3.98255	-0.253674	199.127	-12.6837	0.599637	-0.0203835	-4.43722	-1.94691
0.308393	3.98151	-0.261033	199.076	-13.0517	0.599615	-0.0209803	-4.43724	-2.00394
0.317169	3.98045	-0.268386	199.023	-13.4193	0.599593	-0.0215771	-4.43725	-2.06097
0.325945	3.97936	-0.275733	198.968	-13.7867	0.59957	-0.0221739	-4.43727	-2.11801
0.334722	3.97824	-0.283074	198.912	-14.1537	0.599547	-0.0227707	-4.43728	-2.17504
0.343498	3.97709	-0.290407	198.855	-14.5204	0.599522	-0.0233674	-4.4373	-2.23207
0.352274	3.97591	-0.297734	198.796	-14.8867	0.599498	-0.0239641	-4.43732	-2.2891
0.36105	3.97471	-0.305054	198.735	-15.2527	0.599472	-0.0245608	-4.43733	-2.34613
0.369827	3.97347	-0.312367	198.674	-15.6184	0.599446	-0.0251574	-4.43735	-2.40317
0.378603	3.97221	-0.319673	198.61	-15.9836	0.59942	-0.0257541	-4.43737	-2.4602
0.387379	3.97091	-0.326971	198.546	-16.3485	0.599393	-0.0263507	-4.43739	-2.51723
0.396155	3.96959	-0.334261	198.479	-16.7131	0.599365	-0.0269473	-4.43741	-2.57427
0.404932	3.96824	-0.341544	198.412	-17.0772	0.599336	-0.0275438	-4.43742	-2.6313
0.413708	3.96686	-0.348819	198.343	-17.4409	0.599307	-0.0281404	-4.43744	-2.68834
0.422484	3.96545	-0.356085	198.272	-17.8043	0.599278	-0.0287368	-4.43746	-2.74537
0.43126	3.96401	-0.363344	198.201	-18.1672	0.599247	-0.0293333	-4.43749	-2.80241
0.440037	3.96255	-0.370594	198.127	-18.5297	0.599216	-0.0299298	-4.43751	-2.85944
0.448813	3.96105	-0.377835	198.053	-18.8917	0.599185	-0.0305262	-4.43753	-2.91648
0.457589	3.95953	-0.385067	197.977	-19.2534	0.599153	-0.0311225	-4.43755	-2.97351
0.466365	3.95798	-0.392291	197.899	-19.6145	0.59912	-0.0317189	-4.43757	-3.03055
0.475142	3.9564	-0.399505	197.82	-19.9753	0.599086	-0.0323152	-4.43759	-3.08759
0.483918	3.9548	-0.406711	197.74	-20.3355	0.599052	-0.0329115	-4.43762	-3.14463
0.492694	3.95316	-0.413906	197.658	-20.6953	0.599018	-0.0335077	-4.43764	-3.20166
0.50147	3.9515	-0.421093	197.575	-21.0546	0.598982	-0.0341039	-4.43766	-3.2587
0.510247	3.94981	-0.428269	197.49	-21.4135	0.598946	-0.0347001	-4.43769	-3.31574
0.519023	3.94809	-0.435436	197.405	-21.7718	0.59891	-0.0352963	-4.43771	-3.37278
0.527799	3.94634	-0.442593	197.317	-22.1296	0.598873	-0.0358924	-4.43774	-3.42982
0.536576	3.94457	-0.449739	197.229	-22.487	0.598835	-0.0364884	-4.43776	-3.48686
0.545352	3.94277	-0.456875	197.138	-22.8438	0.598796	-0.0370845	-4.43779	-3.5439
0.554128	3.94094	-0.464001	197.047	-23.2001	0.598757	-0.0376805	-4.43782	-3.60094
0.562904	3.93908	-0.471116	196.954	-23.5558	0.598718	-0.0382764	-4.43784	-3.65798
0.571681	3.9372	-0.47822	196.86	-23.911	0.598677	-0.0388724	-4.43787	-3.71502
0.580457	3.93529	-0.485314	196.765	-24.2657	0.598637	-0.0394682	-4.4379	-3.77206
0.589233	3.93335	-0.492396	196.668	-24.6198	0.598595	-0.0400641	-4.43793	-3.82911
0.598009	3.93139	-0.499467	196.569	-24.9734	0.598553	-0.0406599	-4.43796	-3.88615
0.606786	3.9294	-0.506527	196.47	-25.3263	0.59851	-0.0412556	-4.43798	-3.94319
0.615562	3.92738	-0.513575	196.369	-25.6787	0.598467	-0.0418514	-4.43801	-4.00024
0.624338	3.92533	-0.520611	196.267	-26.0306	0.598423	-0.042447	-4.43804	-4.05728
0.633114	3.92326	-0.527636	196.163	-26.3818	0.598378	-0.0430427	-4.43807	-4.11433
0.641891	3.92116	-0.534648	196.058	-26.7324	0.598333	-0.0436382	-4.4381	-4.17137
0.650667	3.91903	-0.541649	195.952	-27.0825	0.598287	-0.0442338	-4.43814	-4.22842
0.659443	3.91688	-0.548637	195.844	-27.4319	0.59824	-0.0448293	-4.43817	-4.28546
0.668219	3.9147	-0.555613	195.735	-27.7807	0.598193	-0.0454247	-4.4382	-4.34251
0.676996	3.9125	-0.562577	195.625	-28.1288	0.598145	-0.0460201	-4.43823	-4.39956
0.685772	3.91027	-0.569527	195.513	-28.4764	0.598097	-0.0466155	-4.43826	-4.45661
0.694548	3.90801	-0.576465	195.401	-28.8233	0.598048	-0.0472108	-4.4383	-4.51365
0.703324	3.90573	-0.58339	195.286	-29.1695	0.597998	-0.0478061	-4.43833	-4.5707
0.712101	3.90342	-0.590302	195.171	-29.5151	0.597948	-0.0484013	-4.43836	-4.62775
0.720877	3.90109	-0.597201	195.054	-29.86	0.597897	-0.0489965	-4.4384	-4.6848
0.729653	3.89873	-0.604086	194.936	-30.2043	0.597846	-0.0495916	-4.43843	-4.74185
0.738429	3.89634	-0.610958	194.817	-30.5479	0.597794	-0.0501867	-4.43847	-4.79891
0.747206	3.89393	-0.617816	194.696	-30.8908	0.597741	-0.0507817	-4.43851	-4.85596
0.755982	3.89149	-0.62466	194.575	-31.233	0.597688	-0.0513766	-4.43854	-4.91301
0.764758	3.88903	-0.631491	194.451	-31.5745	0.597634	-0.0519716	-4.43858	-4.97006
0.773535	3.88654	-0.638307	194.327	-31.9154	0.597579	-0.0525664	-4.43861	-5.02712
0.782311	3.88403	-0.645109	194.202	-32.2555	0.597524	-0.0531612	-4.43865	-5.08417
0.791087	3.88149	-0.651897	194.075	-32.5949	0.597468	-0.053756	-4.43869	-5.14123
0.799863	3.87893	-0.658671	193.947	-32.9335	0.597412	-0.0543507	-4.43873	-5.19828
0.80864	3.87634	-0.66543	193.817	-33.2715	0.597355	-0.0549453	-4.43877	-5.25534
0.817416	3.87373	-0.672174	193.687	-33.6087	0.597297	-0.0555399	-4.43881	-5.3124
0.826192	3.8711	-0.678904	193.555	-33.9452	0.597239	-0.0561344	-4.43884	-5.36945
0.834968	3.86844	-0.685619	193.422	-34.2809	0.59718	-0.0567289	-4.43888	-5.42651
0.843745	3.86575	-0.692318	193.288	-34.6159	0.59712	-0.0573233	-4.43892	-5.48357
0.852521	3.86304	-0.699003	193.152	-34.9501	0.59706	-0.0579177	-4.43897	-5.54063
0.861297	3.86031	-0.705672	193.016	-35.2836	0.596999	-0.058512	-4.43901	-5.59769
0.870073	3.85755	-0.712326	192.878	-35.6163	0.596938	-0.0591062	-4.43905	-5.65475
0.87885	3.85477	-0.718964	192.739	-35.9482	0.596876	-0.0597004	-4.43909	-5.71181
0.887626	3.85197	-0.725587	192.598	-36.2794	0.596813	-0.0602945	-4.43913	-5.76888
0.896402	3.84914	-0.732194	192.457	-36.6097	0.59675	-0.0608886	-4.43918	-5.82594
0.905178	3.84629	-0.738785	192.315	-36.9393	0.596686	-0.0614826	-4.43922	-5.883
0.913955	3.84342	-0.74536	192.171	-37.268	0.596621	-0.0620765	-4.43926	-5.94007
0.922731	3.84052	-0.751919	192.026	-37.596	0.596556	-0.0626704	-4.43931	-5.99713
0.931507	3.8376	-0.758462	191.88	-37.9231	0.59649	-0.0632642	-4.43935	-6.0542
0.940283	3.83465	-0.764989	191.733	-38.2494	0.596424	-0.063858	-4.4394	-6.11127
0.94906	3.83168	-0.771499	191.584	-38.5749	0.596357	-0.0644516	-4.43944	-6.16833
0.957836	3.82869	-0.777992	191.435	-38.8996	0.596289	-0.0650453	-4.43949	-6.2254
0.966612	3.82568	-0.784469	191.284	-39.2234	0.596221	-0.0656388	-4.43953	-6.28247
0.975388	3.82265	-0.790929	191.132	-39.5465	0.596152	-0.0662323	-4.43958	-6.33954
0.984165	3.81959	-0.797372	190.979	-39.8686	0.596083	-0.0668257	-4.43963	-6.39661
0.992941	3.81651	-0.803799	190.825	-40.1899	0.596013	-0.0674191	-4.43967	-6.45368
1.00172	3.81341	-0.810208	190.67	-40.5104	0.595942	-0.0680123	-4.43972	-6.51076
1.01049	3.81028	-0.8166	190.514	-40.83	0.595871	-0.0686055	-4.43977	-6.56783
1.01927	3.80714	-0.822975	190.357	-41.1487	0.595799	-0.0691987	-4.43982	-6.6249
1.02805	3.80397	-0.829332	190.198	-41.4666	0.595726	-0.0697918	-4.43987	-6.68198
1.03682	3.80078	-0.835672	190.039	-41.7836	0.595653	-0.0703848	-4.43992	-6.73905
1.0456	3.79757	-0.841994	189.878	-42.0997	0.595579	-0.0709777	-4.43997	-6.79613
1.05437	3.79434	-0.848299	189.717	-42.415	0.595505	-0.0715705	-4.44002	-6.85321
1.06315	3.79108	-0.854586	189.554	-42.7293	0.595429	-0.0721633	-4.44007	-6.91028
1.07193	3.78781	-0.860855	189.39	-43.0428	0.595354	-0.072756	-4.44012	-6.96736
1.0807	3.78451	-0.867106	189.226	-43.3553	0.595277	-0.0733487	-4.44017	-7.02444
1.08948	3.78119	-0.873339	189.06	-43.667	0.595201	-0.0739412	-4.44022	-7.08152
1.09826	3.77786	-0.879554	188.893	-43.9777	0.595123	-0.0745337	-4.44027	-7.1386
1.10703	3.7745	-0.885751	188.725	-44.2876	0.595045	-0.0751261	-4.44033	-7.19569
1.11581	3.77112	-0.89193	188.556	-44.5965	0.594966	-0.0757185	-4.44038	-7.25277
1.12458	3.76772	-0.89809	188.386	-44.9045	0.594887	-0.0763107	-4.44043	-7.30985
1.13336	3.7643	-0.904231	188.215	-45.2116	0.594807	-0.0769029	-4.44049	-7.36694
1.14214	3.76086	-0.910354	188.043	-45.5177	0.594726	-0.077495	-4.44054	-7.42402
1.15091	3.7574	-0.916458	187.87	-45.8229	0.594645	-0.078087	-4.4406	-7.48111
1.15969	3.75392	-0.922544	187.696	-46.1272	0.594563	-0.078679	-4.44065	-7.5382
1.16847	3.75042	-0.928611	187.521	-46.4305	0.59448	-0.0792708	-4.44071	-7.59529
1.17724	3.7469	-0.934658	187.345	-46.7329	0.594397	-0.0798626	-4.44076	-7.65238
1.18602	3.74336	-0.940687	187.168	-47.0344	0.594314	-0.0804543	-4.44082	-7.70947
1.19479	3.7398	-0.946697	186.99	-47.3348	0.594229	-0.081046	-4.44088	-7.76656
1.20357	3.73623	-0.952688	186.811	-47.6344	0.594144	-0.0816375	-4.44093	-7.82365
1.21235	3.73263	-0.958659	186.632	-47.9329	0.594059	-0.082229	-4.44099	-7.88074
1.22112	3.72902	-0.964611	186.451	-48.2306	0.593972	-0.0828203	-4.44105	-7.93784
1.2299	3.72538	-0.970544	186.269	-48.5272	0.593886	-0.0834116	-4.44111	-7.99493
1.23868	3.72173	-0.976457	186.086	-48.8228	0.593798	-0.0840028	-4.44117	-8.05203
1.24745	3.71806	-0.982351	185.903	-49.1175	0.59371	-0.0845939	-4.44123	-8.10913
1.25623	3.71437	-0.988225	185.718	-49.4112	0.593621	-0.085185	-4.44128	-8.16622
1.26501	3.71066	-0.994079	185.533	-49.704	0.593532	-0.0857759	-4.44135	-8.22332
1.27378	3.70693	-0.999914	185.347	-49.9957	0.593442	-0.0863668	-4.44141	-8.28042
1.28256	3.70319	-1.00573	185.16	-50.2865	0.593352	-0.0869576	-4.44147	-8.33752
1.29133	3.69943	-1.01152	184.971	-50.5762	0.593261	-0.0875483	-4.44153	-8.39463
1.30011	3.69565	-1.0173	184.782	-50.865	0.593169	-0.0881388	-4.44159	-8.45173
1.30889	3.69185	-1.02305	184.593	-51.1527	0.593076	-0.0887294	-4.44165	-8.50883
1.31766	3.68804	-1.02879	184.402	-51.4395	0.592983	-0.0893198	-4.44171	-8.56594
1.32644	3.6842	-1.0345	184.21	-51.7252	0.59289	-0.0899101	-4.44178	-8.62305
1.33522	3.68036	-1.0402	184.018	-52.01	0.592796	-0.0905003	-4.44184	-8.68015
1.34399	3.67649	-1.04587	183.824	-52.2937	0.592701	-0.0910905	-4.4419	-8.73726
1.35277	3.67261	-1.05153	183.63	-52.5764	0.592605	-0.0916805	-4.44197	-8.79437
1.36154	3.66871	-1.05716	183.435	-52.8581	0.592509	-0.0922705	-4.44203	-8.85148
1.37032	3.66479	-1.06278	183.24	-53.1388	0.592412	-0.0928604	-4.4421	-8.90859
1.3791	3.66086	-1.06837	183.043	-53.4184	0.592315	-0.0934501	-4.44216	-8.96571
1.38787	3.65691	-1.07394	182.845	-53.6971	0.592217	-0.0940398	-4.44223	-9.02282
1.39665	3.65294	-1.07949	182.647	-53.9746	0.592119	-0.0946294	-4.4423	-9.07994
1.40543	3.64896	-1.08502	182.448	-54.2512	0.592019	-0.0952189	-4.44236	-9.13705
1.4142	3.64496	-1.09053	182.248	-54.5267	0.59192	-0.0958082	-4.44243	-9.19417
1.42298	3.64095	-1.09602	182.047	-54.8012	0.591819	-0.0963975	-4.4425	-9.25129
1.43175	3.63692	-1.10149	181.846	-55.0747	0.591718	-0.0969867	-4.44256	-9.30841
1.44053	3.63288	-1.10694	181.644	-55.3471	0.591617	-0.0975758	-4.44263	-9.36553
1.44931	3.62882	-1.11237	181.441	-55.6185	0.591514	-0.0981648	-4.4427	-9.42265
1.45808	3.62474	-1.11778	181.237	-55.8888	0.591412	-0.0987537	-4.44277	-9.47977
1.46686	3.62065	-1.12316	181.032	-56.1581	0.591308	-0.0993425	-4.44284	-9.5369
1.47564	3.61654	-1.12853	180.827	-56.4263	0.591204	-0.0999312	-4.44291	-9.59402
1.48441	3.61242	-1.13387	180.621	-56.6935	0.591099	-0.10052	-4.44298	-9.65115
1.49319	3.60829	-1.13919	180.414	-56.9596	0.590994	-0.101108	-4.44305	-9.70827
1.50196	3.60414	-1.14449	180.207	-57.2246	0.590888	-0.101697	-4.44312	-9.7654
1.51074	3.59998	-1.14977	179.999	-57.4886	0.590781	-0.102285	-4.44319	-9.82253
1.51952	3.5958	-1.15503	179.79	-57.7516	0.590674	-0.102873	-4.44327	-9.87966
1.52829	3.59161	-1.16027	179.58	-58.0135	0.590566	-0.103461	-4.44334	-9.9368
1.53707	3.5874	-1.16549	179.37	-58.2743	0.590458	-0.104049	-4.44341	-9.99393
1.54585	3.58318	-1.17068	179.159	-58.534	0.590349	-0.104637	-4.44348	-10.0511
1.55462	3.57894	-1.17585	178.947	-58.7927	0.590239	-0.105225	-4.44356	-10.1082
1.5634	3.5747	-1.18101	178.735	-59.0503	0.590129	-0.105812	-4.44363	-10.1653
1.57217	3.57044	-1.18614	178.522	-59.3068	0.590018	-0.1064	-4.44371	-10.2225
1.58095	3.56616	-1.19125	178.308	-59.5623	0.589907	-0.106987	-4.44378	-10.2796
1.58973	3.56187	-1.19633	178.094	-59.8167	0.589795	-0.107575	-4.44385	-10.3368
1.5985	3.55757	-1.2014	177.879	-60.07	0.589682	-0.108162	-4.44393	-10.3939
1.60728	3.55326	-1.20645	177.663	-60.3223	0.589569	-0.108749	-4.44401	-10.451
1.61606	3.54893	-1.21147	177.447	-60.5734	0.589455	-0.109336	-4.44408	-10.5082
1.62483	3.54459	-1.21647	177.23	-60.8235	0.58934	-0.109923	-4.44416	-10.5653
1.63361	3.54024	-1.22145	177.012	-61.0725	0.589225	-0.11051	-4.44424	-10.6225
1.64238	3.53588	-1.22641	176.794	-61.3204	0.589109	-0.111096	-4.44431	-10.6796
1.65116	3.5315	-1.23135	176.575	-61.5673	0.588993	-0.111683	-4.44439	-10.7368
1.65994	3.52711	-1.23626	176.356	-61.813	0.588876	-0.112269	-4.44447	-10.7939
1.66871	3.52271	-1.24115	176.136	-62.0577	0.588758	-0.112856	-4.44455	-10.8511
1.67749	3.5183	-1.24603	175.915	-62.3013	0.58864	-0.113442	-4.44463	-10.9082
1.68627	3.51388	-1.25088	175.694	-62.5438	0.588521	-0.114028	-4.44471	-10.9654
1.69504	3.50944	-1.2557	175.472	-62.7852	0.588402	-0.114614	-4.44479	-11.0225
1.70382	3.505	-1.26051	175.25	-63.0255	0.588282	-0.1152	-4.44487	-11.0797
1.71259	3.50054	-1.26529	175.027	-63.2647	0.588161	-0.115786	-4.44495	-11.1369
1.72137	3.49607	-1.27006	174.803	-63.5029	0.58804	-0.116371	-4.44503	-11.194
1.73015	3.49159	-1.2748	174.579	-63.7399	0.587918	-0.116957	-4.44511	-11.2512
1.73892	3.4871	-1.27952	174.355	-63.9759	0.587795	-0.117542	-4.44519	-11.3083
1.7477	3.4826	-1.28421	174.13	-64.2107	0.587672	-0.118127	-4.44528	-11.3655
1.75648	3.47808	-1.28889	173.904	-64.4445	0.587548	-0.118713	-4.44536	-11.4227
1.76525	3.47356	-1.29354	173.678	-64.6772	0.587424	-0.119298	-4.44544	-11.4798
1.77403	3.46903	-1.29818	173.451	-64.9088	0.587299	-0.119883	-4.44552	-11.537
1.7828	3.46448	-1.30279	173.224	-65.1393	0.587173	-0.120467	-4.44561	-11.5942
1.79158	3.45993	-1.30737	172.996	-65.3687	0.587047	-0.121052	-4.44569	-11.6514
1.80036	3.45537	-1.31194	172.768	-65.597	0.58692	-0.121637	-4.44578	-11.7085
1.80913	3.45079	-1.31648	172.54	-65.8242	0.586793	-0.122221	-4.44586	-11.7657
1.81791	3.44621	-1.32101	172.31	-66.0503	0.586665	-0.122805	-4.44595	-11.8229
1.82669	3.44162	-1.32551	172.081	-66.2753	0.586536	-0.123389	-4.44603	-11.8801
1.83546	3.43701	-1.32998	171.851	-66.4992	0.586407	-0.123973	-4.44612	-11.9372
1.84424	3.4324	-1.33444	171.62	-66.722	0.586277	-0.124557	-4.44621	-11.9944
1.85301	3.42778	-1.33888	171.389	-66.9438	0.586147	-0.125141	-4.44629	-12.0516
1.86179	3.42315	-1.34329	171.158	-67.1644	0.586016	-0.125725	-4.44638	-12.1088
1.87057	3.41851	-1.34768	170.926	-67.3839	0.585884	-0.126308	-4.44647	-12.166
1.87934	3.41387	-1.35205	170.693	-67.6024	0.585752	-0.126892	-4.44656	-12.2232
1.88812	3.40921	-1.35639	170.46	-67.8197	0.585619	-0.127475	-4.44665	-12.2803
1.8969	3.40454	-1.36072	170.227	-68.036	0.585485	-0.128058	-4.44673	-12.3375
1.90567	3.39987	-1.36502	169.994	-68.2511	0.585351	-0.128641	-4.44682	-12.3947
1.91445	3.39519	-1.3693	169.76	-68.4652	0.585216	-0.129224	-4.44691	-12.4519
1.92322	3.3905	-1.37356	169.525	-68.6781	0.585081	-0.129807	-4.447	-12.5091
1.932	3.3858	-1.3778	169.29	-68.89	0.584945	-0.13039	-4.44709	-12.5663
1.94078	3.3811	-1.38202	169.055	-69.1008	0.584808	-0.130972	-4.44719	-12.6235
1.94955	3.37638	-1.38621	168.819	-69.3105	0.584671	-0.131554	-4.44728	-12.6807
1.95833	3.37166	-1.39038	168.583	-69.519	0.584533	-0.132137	-4.44737	-12.7379
1.96711	3.36694	-1.39453	168.347	-69.7265	0.584395	-0.132719	-4.44746	-12.7951
1.97588	3.3622	-1.39866	168.11	-69.9329	0.584256	-0.133301	-4.44755	-12.8523
1.98466	3.35746	-1.40276	167.873	-70.1382	0.584116	-0.133882	-4.44765	-12.9095
1.99343	3.35271	-1.40685	167.635	-70.3425	0.583976	-0.134464	-4.44774	-12.9667
2.00221	3.34795	-1.41091	167.397	-70.5456	0.583835	-0.135046	-4.44783	-13.0239
2.01099	3.34318	-1.41495	167.159	-70.7476	0.583694	-0.135627	-4.44793	-13.0811
2.01976	3.33841	-1.41897	166.921	-70.9486	0.583552	-0.136208	-4.44802	-13.1383
2.02854	3.33364	-1.42297	166.682	-71.1485	0.583409	-0.13679	-4.44812	-13.1955
2.03732	3.32885	-1.42694	166.443	-71.3472	0.583266	-0.137371	-4.44821	-13.2528
2.04609	3.32406	-1.4309	166.203	-71.5449	0.583122	-0.137951	-4.44831	-13.31
2.05487	3.31926	-1.43483	165.963	-71.7415	0.582977	-0.138532	-4.4484	-13.3672
2.06364	3.31446	-1.43874	165.723	-71.937	0.582832	-0.139113	-4.4485	-13.4244
2.07242	3.30965	-1.44263	165.483	-72.1315	0.582687	-0.139693	-4.4486	-13.4816
2.0812	3.30484	-1.4465	165.242	-72.3248	0.58254	-0.140273	-4.44869	-13.5388
2.08997	3.30001	-1.45034	165.001	-72.5171	0.582393	-0.140854	-4.44879	-13.5961
2.09875	3.29519	-1.45417	164.759	-72.7083	0.582246	-0.141434	-4.44889	-13.6533
2.10753	3.29036	-1.45797	164.518	-72.8984	0.582098	-0.142013	-4.44899	-13.7105
2.1163	3.28552	-1.46175	164.276	-73.0874	0.581949	-0.142593	-4.44909	-13.7678
2.12508	3.28067	-1.46551	164.034	-73.2754	0.5818	-0.143173	-4.44919	-13.825
2.13385	3.27583	-1.46924	163.791	-73.4622	0.58165	-0.143752	-4.44929	-13.8822
2.14263	3.27097	-1.47296	163.549	-73.648	0.581499	-0.144331	-4.44938	-13.9394
2.15141	3.26611	-1.47666	163.306	-73.8328	0.581348	-0.144911	-4.44949	-13.9967
2.16018	3.26125	-1.48033	163.062	-74.0164	0.581196	-0.14549	-4.44959	-14.0539
2.16896	3.25638	-1.48398	162.819	-74.199	0.581044	-0.146068	-4.44969	-14.1112
2.17774	3.25151	-1.48761	162.575	-74.3805	0.580891	-0.146647	-4.44979	-14.1684
2.18651	3.24663	-1.49122	162.332	-74.561	0.580737	-0.147226	-4.44989	-14.2256
2.19529	3.24175	-1.49481	162.087	-74.7403	0.580583	-0.147804	-4.44999	-14.2829
2.20406	3.23686	-1.49837	161.843	-74.9186	0.580428	-0.148382	-4.45009	-14.3401
2.21284	3.23197	-1.50192	161.599	-75.0959	0.580273	-0.14896	-4.4502	-14.3974
2.22162	3.22708	-1.50544	161.354	-75.2721	0.580117	-0.149538	-4.4503	-14.4546
2.23039	3.22218	-1.50894	161.109	-75.4472	0.57996	-0.150116	-4.4504	-14.5119
2.23917	3.21727	-1.51243	160.864	-75.6213	0.579803	-0.150694	-4.45051	-14.5691
2.24795	3.21237	-1.51589	160.618	-75.7943	0.579645	-0.151271	-4.45061	-14.6264
2.25672	3.20746	-1.51932	160.373	-75.9662	0.579487	-0.151849	-4.45072	-14.6836
2.2655	3.20254	-1.52274	160.127	-76.1371	0.579327	-0.152426	-4.45082	-14.7409
2.27427	3.19763	-1.52614	159.881	-76.3069	0.579168	-0.153003	-4.45093	-14.7981
2.28305	3.19271	-1.52951	159.635	-76.4757	0.579008	-0.15358	-4.45103	-14.8554
2.29183	3.18778	-1.53287	159.389	-76.6435	0.578847	-0.154156	-4.45114	-14.9127
2.3006	3.18286	-1.5362	159.143	-76.8102	0.578685	-0.154733	-4.45125	-14.9699
2.30938	3.17793	-1.53952	158.896	-76.9758	0.578523	-0.155309	-4.45136	-15.0272
2.31816	3.17299	-1.54281	158.65	-77.1404	0.57836	-0.155885	-4.45146	-15.0845
2.32693	3.16806	-1.54608	158.403	-77.304	0.578197	-0.156462	-4.45157	-15.1417
2.33571	3.16312	-1.54933	158.156	-77.4665	0.578033	-0.157037	-4.45168	-15.199
2.34448	3.15818	-1.55256	157.909	-77.6279	0.577869	-0.157613	-4.45179	-15.2563
2.35326	3.15323	-1.55577	157.662	-77.7884	0.577704	-0.158189	-4.4519	-15.3136
2.36204	3.14829	-1.55896	157.414	-77.9478	0.577538	-0.158764	-4.45201	-15.3708
2.37081	3.14334	-1.56212	157.167	-78.1062	0.577372	-0.15934	-4.45212	-15.4281
2.37959	3.13839	-1.56527	156.919	-78.2635	0.577205	-0.159915	-4.45223	-15.4854
2.38837	3.13343	-1.5684	156.672	-78.4198	0.577037	-0.16049	-4.45234	-15.5427
2.39714	3.12848	-1.5715	156.424	-78.5751	0.576869	-0.161064	-4.45245	-15.6
2.40592	3.12352	-1.57459	156.176	-78.7294	0.5767	-0.161639	-4.45256	-15.6572
2.41469	3.11856	-1.57765	155.928	-78.8826	0.576531	-0.162213	-4.45267	-15.7145
2.42347	3.1136	-1.5807	155.68	-79.0348	0.576361	-0.162788	-4.45278	-15.7718
2.43225	3.10864	-1.58372	155.432	-79.186	0.576191	-0.163362	-4.45289	-15.8291
2.44102	3.10368	-1.58672	155.184	-79.3362	0.57602	-0.163936	-4.45301	-15.8864
2.4498	3.09871	-1.58971	154.936	-79.4854	0.575848	-0.16451	-4.45312	-15.9437
2.45858	3.09375	-1.59267	154.687	-79.6335	0.575676	-0.165083	-4.45323	-16.001
2.46735	3.08878	-1.59561	154.439	-79.7807	0.575503	-0.165657	-4.45335	-16.0583
2.47613	3.08381	-1.59854	154.191	-79.9268	0.575329	-0.16623	-4.45346	-16.1156
2.4849	3.07884	-1.60144	153.942	-80.0719	0.575155	-0.166803	-4.45358	-16.1729
2.49368	3.07387	-1.60432	153.693	-80.2161	0.57498	-0.167376	-4.45369	-16.2302
2.50246	3.0689	-1.60718	153.445	-80.3592	0.574805	-0.167949	-4.45381	-16.2875
2.51123	3.06393	-1.61003	153.196	-80.5013	0.574629	-0.168521	-4.45392	-16.3448
2.52001	3.05895	-1.61285	152.948	-80.6425	0.574452	-0.169094	-4.45404	-16.4021
2.52879	3.05398	-1.61565	152.699	-80.7826	0.574275	-0.169666	-4.45415	-16.4595
2.53756	3.049	-1.61843	152.45	-80.9217	0.574098	-0.170238	-4.45427	-16.5168
2.54634	3.04403	-1.6212	152.201	-81.0599	0.573919	-0.17081	-4.45439	-16.5741
2.55512	3.03905	-1.62394	151.953	-81.1971	0.57374	-0.171382	-4.45451	-16.6314
2.56389	3.03408	-1.62667	151.704	-81.3333	0.573561	-0.171953	-4.45462	-16.6887
2.57267	3.0291	-1.62937	151.455	-81.4685	0.573381	-0.172525	-4.45474	-16.746
2.58144	3.02413	-1.63205	151.206	-81.6027	0.5732	-0.173096	-4.45486	-16.8034
2.59022	3.01915	-1.63472	150.958	-81.736	0.573019	-0.173667	-4.45498	-16.8607
2.599	3.01418	-1.63736	150.709	-81.8682	0.572837	-0.174238	-4.4551	-16.918
2.60777	3.0092	-1.63999	150.46	-81.9995	0.572654	-0.174809	-4.45522	-16.9754
2.61655	3.00423	-1.6426	150.211	-82.1299	0.572471	-0.175379	-4.45534	-17.0327
2.62533	2.99925	-1.64518	149.963	-82.2592	0.572287	-0.17595	-4.45546	-17.09
2.6341	2.99428	-1.64775	149.714	-82.3876	0.572103	-0.17652	-4.45558	-17.1474
2.64288	2.9893	-1.6503	149.465	-82.5151	0.571918	-0.17709	-4.4557	-17.2047
2.65165	2.98433	-1.65283	149.217	-82.6416	0.571733	-0.177659	-4.45582	-17.262
2.66043	2.97936	-1.65534	148.968	-82.7671	0.571546	-0.178229	-4.45595	-17.3194
2.66921	2.97439	-1.65783	148.719	-82.8917	0.57136	-0.178799	-4.45607	-17.3767
2.67798	2.96941	-1.66031	148.471	-83.0153	0.571172	-0.179368	-4.45619	-17.4341
2.68676	2.96445	-1.66276	148.222	-83.138	0.570985	-0.179937	-4.45631	-17.4914
2.69554	2.95948	-1.66519	147.974	-83.2597	0.570796	-0.180506	-4.45644	-17.5488
2.70431	2.95451	-1.66761	147.725	-83.3805	0.570607	-0.181074	-4.45656	-17.6061
2.71309	2.94954	-1.67001	147.477	-83.5003	0.570417	-0.181643	-4.45668	-17.6635
2.72186	2.94458	-1.67239	147.229	-83.6193	0.570227	-0.182211	-4.45681	-17.7208
2.73064	2.93961	-1.67474	146.981	-83.7372	0.570036	-0.182779	-4.45693	-17.7782
2.73942	2.93465	-1.67709	146.732	-83.8543	0.569845	-0.183347	-4.45706	-17.8356
2.74819	2.92969	-1.67941	146.484	-83.9704	0.569652	-0.183915	-4.45718	-17.8929
2.75697	2.92473	-1.68171	146.236	-84.0856	0.56946	-0.184483	-4.45731	-17.9503
2.76575	2.91977	-1.684	145.988	-84.1998	0.569267	-0.18505	-4.45744	-18.0077
2.77452	2.91481	-1.68626	145.741	-84.3132	0.569073	-0.185617	-4.45756	-18.065
2.7833	2.90986	-1.68851	145.493	-84.4256	0.568878	-0.186184	-4.45769	-18.1224
2.79207	2.90491	-1.69074	145.245	-84.5371	0.568683	-0.186751	-4.45782	-18.1798
2.80085	2.89996	-1.69295	144.998	-84.6477	0.568487	-0.187318	-4.45794	-18.2372
2.80963	2.89501	-1.69515	144.75	-84.7574	0.568291	-0.187884	-4.45807	-18.2945
2.8184	2.89006	-1.69732	144.503	-84.8662	0.568094	-0.18845	-4.4582	-18.3519
2.82718	2.88511	-1.69948	144.256	-84.974	0.567897	-0.189017	-4.45833	-18.4093
2.83596	2.88017	-1.70162	144.009	-85.081	0.567699	-0.189582	-4.45846	-18.4667
2.84473	2.87523	-1.70374	143.762	-85.1871	0.5675	-0.190148	-4.45859	-18.5241
2.85351	2.87029	-1.70585	143.515	-85.2923	0.567301	-0.190714	-4.45872	-18.5815
2.86228	2.86536	-1.70793	143.268	-85.3966	0.567101	-0.191279	-4.45885	-18.6389
2.87106	2.86043	-1.71	143.021	-85.5	0.566901	-0.191844	-4.45898	-18.6962
2.87984	2.85549	-1.71205	142.775	-85.6025	0.5667	-0.192409	-4.45911	-18.7536
2.88861	2.85057	-1.71408	142.528	-85.7041	0.566498	-0.192974	-4.45924	-18.811
2.89739	2.84564	-1.7161	142.282	-85.8048	0.566296	-0.193538	-4.45937	-18.8684
2.90617	2.84072	-1.71809	142.036	-85.9047	0.566093	-0.194102	-4.4595	-18.9258
2.91494	2.8358	-1.72007	141.79	-86.0037	0.56589	-0.194666	-4.45964	-18.9833
2.92372	2.83088	-1.72204	141.544	-86.1018	0.565686	-0.19523	-4.45977	-19.0407
2.93249	2.82597	-1.72398	141.298	-86.1991	0.565481	-0.195794	-4.4599	-19.0981
2.94127	2.82106	-1.72591	141.053	-86.2955	0.565276	-0.196358	-4.46004	-19.1555
2.95005	2.81615	-1.72782	140.807	-86.391	0.56507	-0.196921	-4.46017	-19.2129
2.95882	2.81124	-1.72971	140.562	-86.4856	0.564864	-0.197484	-4.4603	-19.2703
2.9676	2.80634	-1.73159	140.317	-86.5794	0.564657	-0.198047	-4.46044	-19.3277
2.97638	2.80144	-1.73345	140.072	-86.6724	0.56445	-0.19861	-4.46057	-19.3851
2.98515	2.79655	-1.73529	139.827	-86.7645	0.564242	-0.199172	-4.46071	-19.4426
2.99393	2.79166	-1.73711	139.583	-86.8557	0.564033	-0.199734	-4.46084	-19.5
3.0027	2.78677	-1.73892	139.338	-86.9461	0.563824	-0.200297	-4.46098	-19.5574
3.01148	2.78189	-1.74071	139.094	-87.0357	0.563614	-0.200858	-4.46111	-19.6149
3.02026	2.777	-1.74249	138.85	-87.1244	0.563403	-0.20142	-4.46125	-19.6723
3.02903	2.77213	-1.74425	138.606	-87.2123	0.563192	-0.201982	-4.46139	-19.7297
3.03781	2.76725	-1.74599	138.363	-87.2994	0.562981	-0.202543	-4.46152	-19.7872
3.04659	2.76238	-1.74771	138.119	-87.3856	0.562768	-0.203104	-4.46166	-19.8446
3.05536	2.75752	-1.74942	137.876	-87.471	0.562555	-0.203665	-4.4618	-19.902
3.06414	2.75265	-1.75111	137.633	-87.5555	0.562342	-0.204226	-4.46194	-19.9595
3.07291	2.74779	-1.75279	137.39	-87.6393	0.562128	-0.204786	-4.46208	-20.0169
3.08169	2.74294	-1.75444	137.147	-87.7222	0.561913	-0.205346	-4.46222	-20.0744
3.09047	2.73809	-1.75609	136.904	-87.8043	0.561698	-0.205906	-4.46235	-20.1318
3.09924	2.73324	-1.75771	136.662	-87.8856	0.561482	-0.206466	-4.46249	-20.1893
3.10802	2.7284	-1.75932	136.42	-87.9661	0.561266	-0.207026	-4.46263	-20.2467
3.1168	2.72356	-1.76092	136.178	-88.0458	0.561049	-0.207585	-4.46277	-20.3042
3.12557	2.71873	-1.76249	135.936	-88.1247	0.560832	-0.208144	-4.46292	-20.3617
3.13435	2.7139	-1.76406	135.695	-88.2028	0.560614	-0.208703	-4.46306	-20.4191
3.14312	2.70907	-1.7656	135.454	-88.2801	0.560395	-0.209262	-4.4632	-20.4766
3.1519	2.70425	-1.76713	135.212	-88.3566	0.560175	-0.209821	-4.46334	-20.534
3.16068	2.69943	-1.76865	134.972	-88.4323	0.559956	-0.210379	-4.46348	-20.5915
3.16945	2.69462	-1.77014	134.731	-88.5072	0.559735	-0.210937	-4.46362	-20.649
3.17823	2.68981	-1.77163	134.491	-88.5813	0.559514	-0.211495	-4.46377	-20.7065
3.18701	2.68501	-1.77309	134.25	-88.6546	0.559292	-0.212053	-4.46391	-20.7639
3.19578	2.68021	-1.77454	134.01	-88.7272	0.55907	-0.21261	-4.46405	-20.8214
3.20456	2.67542	-1.77598	133.771	-88.799	0.558847	-0.213167	-4.4642	-20.8789
3.21333	2.67063	-1.7774	133.531	-88.87	0.558624	-0.213724	-4.46434	-20.9364
3.22211	2.66584	-1.77881	133.292	-88.9403	0.5584	-0.214281	-4.46448	-20.9939
3.23089	2.66106	-1.7802	133.053	-89.0098	0.558175	-0.214838	-4.46463	-21.0514
3.23966	2.65629	-1.78157	132.814	-89.0785	0.55795	-0.215394	-4.46477	-21.1089
3.24844	2.65152	-1.78293	132.576	-89.1465	0.557724	-0.21595	-4.46492	-21.1663
3.25722	2.64675	-1.78427	132.338	-89.2137	0.557498	-0.216506	-4.46506	-21.2238
3.26599	2.64199	-1.7856	132.1	-89.2801	0.557271	-0.217062	-4.46521	-21.2813
3.27477	2.63723	-1.78692	131.862	-89.3458	0.557044	-0.217617	-4.46536	-21.3388
3.28354	2.63248	-1.78822	131.624	-89.4108	0.556816	-0.218173	-4.4655	-21.3963
3.29232	2.62774	-1.7895	131.387	-89.475	0.556587	-0.218728	-4.46565	-21.4539
3.3011	2.623	-1.79077	131.15	-89.5384	0.556358	-0.219283	-4.4658	-21.5114
3.30987	2.61826	-1.79202	130.913	-89.6012	0.556128	-0.219837	-4.46594	-21.5689
3.31865	2.61353	-1.79326	130.677	-89.6632	0.555897	-0.220392	-4.46609	-21.6264
3.32743	2.60881	-1.79449	130.441	-89.7244	0.555666	-0.220946	-4.46624	-21.6839
3.3362	2.60409	-1.7957	130.205	-89.7849	0.555435	-0.2215	-4.46639	-21.7414
3.34498	2.59938	-1.79689	129.969	-89.8447	0.555203	-0.222053	-4.46654	-21.7989
3.35375	2.59467	-1.79808	129.733	-89.9038	0.55497	-0.222607	-4.46669	-21.8565
3.36253	2.58997	-1.79924	129.498	-89.9622	0.554737	-0.22316	-4.46684	-21.914
3.37131	2.58527	-1.8004	129.263	-90.0198	0.554503	-0.223713	-4.46699	-21.9715
3.38008	2.58058	-1.80154	129.029	-90.0768	0.554268	-0.224266	-4.46714	-22.0291
3.38886	2.57589	-1.80266	128.795	-90.133	0.554033	-0.224818	-4.46729	-22.0866
3.39764	2.57121	-1.80377	128.561	-90.1885	0.553797	-0.225371	-4.46744	-22.1441
3.40641	2.56654	-1.80487	128.327	-90.2433	0.553561	-0.225923	-4.46759	-22.2017
3.41519	2.56187	-1.80595	128.093	-90.2974	0.553324	-0.226475	-4.46774	-22.2592
3.42396	2.5572	-1.80702	127.86	-90.3508	0.553087	-0.227026	-4.46789	-22.3167
3.43274	2.55254	-1.80807	127.627	-90.4035	0.552849	-0.227578	-4.46804	-22.3743
3.44152	2.54789	-1.80911	127.395	-90.4555	0.55261	-0.228129	-4.4682	-22.4318
3.45029	2.54325	-1.81014	127.162	-90.5068	0.552371	-0.22868	-4.46835	-22.4894
3.45907	2.5386	-1.81115	126.93	-90.5575	0.552132	-0.229231	-4.4685	-22.5469
3.46785	2.53397	-1.81215	126.698	-90.6074	0.551891	-0.229781	-4.46866	-22.6045
3.47662	2.52934	-1.81313	126.467	-90.6567	0.55165	-0.230331	-4.46881	-22.6621
3.4854	2.52472	-1.81411	126.236	-90.7053	0.551409	-0.230881	-4.46896	-22.7196
3.49417	2.5201	-1.81506	126.005	-90.7532	0.551167	-0.231431	-4.46912	-22.7772
3.50295	2.51549	-1.81601	125.774	-90.8005	0.550924	-0.231981	-4.46927	-22.8348
3.51173	2.51088	-1.81694	125.544	-90.847	0.550681	-0.23253	-4.46943	-22.8923
3.5205	2.50629	-1.81786	125.314	-90.893	0.550437	-0.233079	-4.46958	-22.9499
3.52928	2.50169	-1.81876	125.085	-90.9382	0.550193	-0.233628	-4.46974	-23.0075
3.53806	2.49711	-1.81966	124.855	-90.9828	0.549948	-0.234176	-4.4699	-23.0651
3.54683	2.49253	-1.82053	124.626	-91.0267	0.549703	-0.234725	-4.47005	-23.1226
3.55561	2.48795	-1.8214	124.398	-91.07	0.549456	-0.235273	-4.47021	-23.1802
3.56438	2.48338	-1.82225	124.169	-91.1127	0.54921	-0.235821	-4.47037	-23.2378
3.57316	2.47882	-1.82309	123.941	-91.1546	0.548963	-0.236368	-4.47052	-23.2954
3.58194	2.47427	-1.82392	123.713	-91.196	0.548715	-0.236916	-4.47068	-23.353
3.59071	2.46972	-1.82473	123.486	-91.2367	0.548466	-0.237463	-4.47084	-23.4106
3.59949	2.46517	-1.82553	123.259	-91.2767	0.548217	-0.23801	-4.471	-23.4682
3.60827	2.46064	-1.82632	123.032	-91.3162	0.547968	-0.238556	-4.47115	-23.5258
3.61704	2.45611	-1.8271	122.805	-91.3549	0.547718	-0.239103	-4.47131	-23.5834
3.62582	2.45158	-1.82786	122.579	-91.3931	0.547467	-0.239649	-4.47147	-23.641
3.63459	2.44706	-1.82861	122.353	-91.4306	0.547216	-0.240195	-4.47163	-23.6986
3.64337	2.44255	-1.82935	122.128	-91.4675	0.546964	-0.240741	-4.47179	-23.7562
3.65215	2.43805	-1.83008	121.902	-91.5038	0.546711	-0.241286	-4.47195	-23.8138
3.66092	2.43355	-1.83079	121.678	-91.5395	0.546458	-0.241831	-4.47211	-23.8714
3.6697	2.42906	-1.83149	121.453	-91.5746	0.546205	-0.242376	-4.47227	-23.929
3.67848	2.42457	-1.83218	121.229	-91.609	0.545951	-0.242921	-4.47243	-23.9867
3.68725	2.4201	-1.83286	121.005	-91.6428	0.545696	-0.243465	-4.4726	-24.0443
3.69603	2.41562	-1.83352	120.781	-91.6761	0.545441	-0.244009	-4.47276	-24.1019
3.7048	2.41116	-1.83417	120.558	-91.7087	0.545185	-0.244553	-4.47292	-24.1595
3.71358	2.4067	-1.83481	120.335	-91.7407	0.544928	-0.245097	-4.47308	-24.2172
3.72236	2.40225	-1.83544	120.112	-91.7721	0.544671	-0.24564	-4.47324	-24.2748
3.73113	2.3978	-1.83606	119.89	-91.803	0.544414	-0.246184	-4.47341	-24.3324
3.73991	2.39337	-1.83666	119.668	-91.8332	0.544156	-0.246726	-4.47357	-24.3901
3.74869	2.38893	-1.83726	119.447	-91.8629	0.543897	-0.247269	-4.47373	-24.4477
3.75746	2.38451	-1.83784	119.225	-91.8919	0.543638	-0.247812	-4.4739	-24.5054
3.76624	2.38009	-1.83841	119.005	-91.9204	0.543378	-0.248354	-4.47406	-24.563
3.77502	2.37568	-1.83897	118.784	-91.9483	0.543117	-0.248896	-4.47422	-24.6207
3.78379	2.37127	-1.83951	118.564	-91.9756	0.542856	-0.249437	-4.47439	-24.6783
3.79257	2.36688	-1.84005	118.344	-92.0024	0.542595	-0.249979	-4.47455	-24.736
3.80134	2.36249	-1.84057	118.124	-92.0286	0.542333	-0.25052	-4.47472	-24.7936
3.81012	2.3581	-1.84108	117.905	-92.0542	0.54207	-0.251061	-4.47488	-24.8513
3.8189	2.35372	-1.84158	117.686	-92.0792	0.541807	-0.251601	-4.47505	-24.909
3.82767	2.34935	-1.84207	117.468	-92.1037	0.541543	-0.252142	-4.47522	-24.9666
3.83645	2.34499	-1.84255	117.25	-92.1276	0.541278	-0.252682	-4.47538	-25.0243
3.84523	2.34064	-1.84302	117.032	-92.151	0.541013	-0.253222	-4.47555	-25.082
3.854	2.33629	-1.84348	116.814	-92.1738	0.540748	-0.253761	-4.47572	-25.1397
3.86278	2.33194	-1.84392	116.597	-92.196	0.540482	-0.254301	-4.47588	-25.1973
3.87155	2.32761	-1.84435	116.38	-92.2177	0.540215	-0.25484	-4.47605	-25.255
3.88033	2.32328	-1.84478	116.164	-92.2389	0.539948	-0.255379	-4.47622	-25.3127
3.88911	2.31896	-1.84519	115.948	-92.2595	0.53968	-0.255917	-4.47639	-25.3704
3.89788	2.31464	-1.84559	115.732	-92.2796	0.539411	-0.256455	-4.47656	-25.4281
3.90666	2.31034	-1.84598	115.517	-92.2991	0.539142	-0.256993	-4.47673	-25.4858
3.91544	2.30604	-1.84636	115.302	-92.3181	0.538873	-0.257531	-4.47689	-25.5435
3.92421	2.30174	-1.84673	115.087	-92.3366	0.538603	-0.258069	-4.47706	-25.6012
3.93299	2.29746	-1.84709	114.873	-92.3545	0.538332	-0.258606	-4.47723	-25.6589
3.94176	2.29318	-1.84744	114.659	-92.3719	0.538061	-0.259143	-4.4774	-25.7166
3.95054	2.28891	-1.84778	114.445	-92.3888	0.537789	-0.25968	-4.47757	-25.7743
3.95932	2.28464	-1.8481	114.232	-92.4051	0.537516	-0.260216	-4.47774	-25.832
3.96809	2.28039	-1.84842	114.019	-92.421	0.537243	-0.260752	-4.47791	-25.8897
3.97687	2.27614	-1.84873	113.807	-92.4363	0.53697	-0.261288	-4.47809	-25.9474
3.98565	2.27189	-1.84902	113.595	-92.4511	0.536696	-0.261824	-4.47826	-26.0052
3.99442	2.26766	-1.84931	113.383	-92.4654	0.536421	-0.262359	-4.47843	-26.0629
4.0032	2.26343	-1.84958	113.171	-92.4792	0.536146	-0.262894	-4.4786	-26.1206
4.01197	2.25921	-1.84985	112.96	-92.4925	0.53587	-0.263429	-4.47877	-26.1783
4.02075	2.25499	-1.85011	112.75	-92.5053	0.535594	-0.263964	-4.47895	-26.2361
4.02953	2.25079	-1.85035	112.539	-92.5176	0.535317	-0.264498	-4.47912	-26.2938
4.0383	2.24659	-1.85059	112.329	-92.5294	0.53504	-0.265032	-4.47929	-26.3515
4.04708	2.2424	-1.85081	112.12	-92.5406	0.534761	-0.265566	-4.47947	-26.4093
4.05586	2.23821	-1.85103	111.911	-92.5514	0.534483	-0.266099	-4.47964	-26.467
4.06463	2.23403	-1.85123	111.702	-92.5617	0.534204	-0.266633	-4.47981	-26.5248
4.07341	2.22986	-1.85143	111.493	-92.5716	0.533924	-0.267165	-4.47999	-26.5825
4.08218	2.2257	-1.85162	111.285	-92.5809	0.533644	-0.267698	-4.48016	-26.6403
4.09096	2.22154	-1.85179	111.077	-92.5897	0.533363	-0.26823	-4.48034	-26.698
4.09974	2.2174	-1.85196	110.87	-92.5981	0.533081	-0.268763	-4.48051	-26.7558
4.10851	2.21325	-1.85212	110.663	-92.606	0.532799	-0.269294	-4.48069	-26.8135
4.11729	2.20912	-1.85227	110.456	-92.6134	0.532517	-0.269826	-4.48086	-26.8713
4.12607	2.20499	-1.85241	110.25	-92.6204	0.532234	-0.270357	-4.48104	-26.9291
4.13484	2.20088	-1.85254	110.044	-92.6269	0.53195	-0.270888	-4.48121	-26.9868
4.14362	2.19676	-1.85266	109.838	-92.6329	0.531666	-0.271419	-4.48139	-27.0446
4.15239	2.19266	-1.85277	109.633	-92.6384	0.531381	-0.271949	-4.48157	-27.1024
4.16117	2.18856	-1.85287	109.428	-92.6435	0.531096	-0.27248	-4.48174	-27.1602
4.16995	2.18447	-1.85296	109.224	-92.6481	0.53081	-0.27301	-4.48192	-27.218
4.17872	2.18039	-1.85305	109.02	-92.6523	0.530523	-0.273539	-4.4821	-27.2757
4.1875	2.17632	-1.85312	108.816	-92.656	0.530236	-0.274068	-4.48228	-27.3335
4.19628	2.17225	-1.85319	108.613	-92.6593	0.529949	-0.274598	-4.48246	-27.3913
4.20505	2.16819	-1.85324	108.41	-92.6621	0.529661	-0.275126	-4.48263	-27.4491
4.21383	2.16414	-1.85329	108.207	-92.6645	0.529372	-0.275655	-4.48281	-27.5069
4.2226	2.16009	-1.85333	108.005	-92.6664	0.529083	-0.276183	-4.48299	-27.5647
4.23138	2.15606	-1.85336	107.803	-92.6679	0.528793	-0.276711	-4.48317	-27.6225
4.24016	2.15203	-1.85338	107.601	-92.6689	0.528503	-0.277239	-4.48335	-27.6803
4.24893	2.148	-1.85339	107.4	-92.6695	0.528212	-0.277766	-4.48353	-27.7381
4.25771	2.14399	-1.85339	107.199	-92.6697	0.52792	-0.278293	-4.48371	-27.7959
4.26649	2.13998	-1.85339	106.999	-92.6695	0.527628	-0.27882	-4.48389	-27.8538
4.27526	2.13598	-1.85338	106.799	-92.6688	0.527336	-0.279346	-4.48407	-27.9116
4.28404	2.13199	-1.85335	106.599	-92.6676	0.527042	-0.279872	-4.48425	-27.9694
4.29281	2.128	-1.85332	106.4	-92.6661	0.526749	-0.280398	-4.48443	-28.0272
4.30159	2.12403	-1.85328	106.201	-92.6641	0.526454	-0.280924	-4.48461	-28.085
4.31037	2.12006	-1.85324	106.003	-92.6618	0.52616	-0.281449	-4.4848	-28.1429
4.31914	2.11609	-1.85318	105.805	-92.659	0.525864	-0.281974	-4.48498	-28.2007
4.32792	2.11214	-1.85311	105.607	-92.6557	0.525568	-0.282499	-4.48516	-28.2586
4.3367	2.10819	-1.85304	105.41	-92.6521	0.525272	-0.283024	-4.48534	-28.3164
4.34547	2.10425	-1.85296	105.212	-92.6481	0.524975	-0.283548	-4.48553	-28.3742
4.35425	2.10032	-1.85287	105.016	-92.6436	0.524677	-0.284072	-4.48571	-28.4321
4.36302	2.09639	-1.85278	104.82	-92.6388	0.524379	-0.284595	-4.48589	-28.4899
4.3718	2.09247	-1.85267	104.624	-92.6335	0.52408	-0.285119	-4.48607	-28.5478
4.38058	2.08856	-1.85256	104.428	-92.6279	0.523781	-0.285642	-4.48626	-28.6056
4.38935	2.08466	-1.85244	104.233	-92.6218	0.523481	-0.286164	-4.48644	-28.6635
4.39813	2.08077	-1.85231	104.038	-92.6153	0.523181	-0.286687	-4.48663	-28.7214
4.40691	2.07688	-1.85217	103.844	-92.6085	0.52288	-0.287209	-4.48681	-28.7792
4.41568	2.073	-1.85202	103.65	-92.6012	0.522579	-0.287731	-4.487	-28.8371
4.42446	2.06913	-1.85187	103.456	-92.5936	0.522277	-0.288252	-4.48718	-28.895
4.43323	2.06526	-1.85171	103.263	-92.5856	0.521974	-0.288774	-4.48737	-28.9528
4.44201	2.0614	-1.85154	103.07	-92.5772	0.521671	-0.289295	-4.48755	-29.0107
4.45079	2.05755	-1.85137	102.878	-92.5684	0.521367	-0.289815	-4.48774	-29.0686
4.45956	2.05371	-1.85118	102.686	-92.5592	0.521063	-0.290336	-4.48792	-29.1265
4.46834	2.04988	-1.85099	102.494	-92.5497	0.520758	-0.290856	-4.48811	-29.1844
4.47712	2.04605	-1.8508	102.302	-92.5398	0.520453	-0.291375	-4.4883	-29.2423
4.48589	2.04223	-1.85059	102.111	-92.5295	0.520147	-0.291895	-4.48848	-29.3002
4.49467	2.03842	-1.85038	101.921	-92.5188	0.519841	-0.292414	-4.48867	-29.3581
4.50344	2.03461	-1.85016	101.731	-92.5078	0.519534	-0.292933	-4.48886	-29.416
4.51222	2.03081	-1.84993	101.541	-92.4964	0.519226	-0.293451	-4.48905	-29.4739
4.521	2.02702	-1.84969	101.351	-92.4846	0.518918	-0.29397	-4.48923	-29.5318
4.52977	2.02324	-1.84945	101.162	-92.4725	0.518609	-0.294488	-4.48942	-29.5897
4.53855	2.01947	-1.8492	100.973	-92.46	0.5183	-0.295005	-4.48961	-29.6476
4.54733	2.0157	-1.84894	100.785	-92.4471	0.517991	-0.295523	-4.4898	-29.7055
4.5561	2.01194	-1.84868	100.597	-92.4339	0.51768	-0.29604	-4.48999	-29.7634
4.56488	2.00819	-1.84841	100.409	-92.4203	0.51737	-0.296556	-4.49018	-29.8214
4.57365	2.00444	-1.84813	100.222	-92.4064	0.517058	-0.297073	-4.49036	-29.8793
4.58243	2.00071	-1.84784	100.035	-92.3922	0.516746	-0.297589	-4.49055	-29.9372
4.59121	1.99698	-1.84755	99.8488	-92.3775	0.516434	-0.298105	-4.49074	-29.9951
4.59998	1.99325	-1.84725	99.6627	-92.3626	0.516121	-0.29862	-4.49093	-30.0531
4.60876	1.98954	-1.84695	99.477	-92.3473	0.515807	-0.299136	-4.49112	-30.111
4.61754	1.98583	-1.84663	99.2916	-92.3316	0.515493	-0.29965	-4.49131	-30.169
4.62631	1.98213	-1.84631	99.1066	-92.3156	0.515179	-0.300165	-4.49151	-30.2269
4.63509	1.97844	-1.84599	98.922	-92.2993	0.514863	-0.300679	-4.4917	-30.2849
4.64386	1.97476	-1.84565	98.7378	-92.2826	0.514548	-0.301193	-4.49189	-30.3428
4.65264	1.97108	-1.84531	98.5539	-92.2656	0.514231	-0.301707	-4.49208	-30.4008
4.66142	1.96741	-1.84497	98.3704	-92.2483	0.513915	-0.30222	-4.49227	-30.4587
4.67019	1.96375	-1.84461	98.1873	-92.2307	0.513597	-0.302733	-4.49246	-30.5167
4.67897	1.96009	-1.84425	98.0046	-92.2127	0.513279	-0.303246	-4.49266	-30.5746
4.68775	1.95644	-1.84389	97.8222	-92.1944	0.512961	-0.303759	-4.49285	-30.6326
4.69652	1.9528	-1.84351	97.6402	-92.1757	0.512642	-0.304271	-4.49304	-30.6906
4.7053	1.94917	-1.84314	97.4586	-92.1568	0.512322	-0.304782	-4.49323	-30.7486
4.71407	1.94555	-1.84275	97.2773	-92.1375	0.512002	-0.305294	-4.49343	-30.8065
4.72285	1.94193	-1.84236	97.0965	-92.1179	0.511682	-0.305805	-4.49362	-30.8645
4.73163	1.93832	-1.84196	96.916	-92.098	0.511361	-0.306316	-4.49381	-30.9225
4.7404	1.93472	-1.84156	96.7358	-92.0778	0.511039	-0.306827	-4.49401	-30.9805
4.74918	1.93112	-1.84114	96.5561	-92.0572	0.510717	-0.307337	-4.4942	-31.0385
4.75796	1.92753	-1.84073	96.3767	-92.0364	0.510394	-0.307847	-4.4944	-31.0965
4.76673	1.92395	-1.8403	96.1977	-92.0152	0.510071	-0.308356	-4.49459	-31.1545
4.77551	1.92038	-1.83988	96.019	-91.9938	0.509747	-0.308866	-4.49478	-31.2125
4.78428	1.91682	-1.83944	95.8408	-91.972	0.509422	-0.309374	-4.49498	-31.2705
4.79306	1.91326	-1.839	95.6629	-91.95	0.509098	-0.309883	-4.49517	-31.3285
4.80184	1.90971	-1.83855	95.4853	-91.9276	0.508772	-0.310391	-4.49537	-31.3865
4.81061	1.90616	-1.8381	95.3082	-91.9049	0.508446	-0.310899	-4.49557	-31.4445
4.81939	1.90263	-1.83764	95.1314	-91.882	0.50812	-0.311407	-4.49576	-31.5025
4.82817	1.8991	-1.83717	94.955	-91.8587	0.507792	-0.311914	-4.49596	-31.5606
4.83694	1.89558	-1.8367	94.7789	-91.8352	0.507465	-0.312422	-4.49615	-31.6186
4.84572	1.89207	-1.83623	94.6033	-91.8113	0.507137	-0.312928	-4.49635	-31.6766
4.85449	1.88856	-1.83574	94.4279	-91.7872	0.506808	-0.313435	-4.49655	-31.7347
4.86327	1.88506	-1.83526	94.253	-91.7628	0.506479	-0.313941	-4.49674	-31.7927
4.87205	1.88157	-1.83476	94.0784	-91.7381	0.506149	-0.314446	-4.49694	-31.8507
4.88082	1.87808	-1.83426	93.9042	-91.7131	0.505819	-0.314952	-4.49714	-31.9088
4.8896	1.87461	-1.83376	93.7304	-91.6878	0.505488	-0.315457	-4.49734	-31.9668
4.89838	1.87114	-1.83325	93.5569	-91.6623	0.505156	-0.315962	-4.49753	-32.0249
4.90715	1.86768	-1.83273	93.3838	-91.6365	0.504825	-0.316466	-4.49773	-32.0829
4.91593	1.86422	-1.83221	93.2111	-91.6104	0.504492	-0.31697	-4.49793	-32.141
4.9247	1.86077	-1.83168	93.0387	-91.584	0.504159	-0.317474	-4.49813	-32.199
4.93348	1.85733	-1.83115	92.8667	-91.5574	0.503826	-0.317978	-4.49833	-32.2571
4.94226	1.8539	-1.83061	92.6951	-91.5304	0.503492	-0.318481	-4.49853	-32.3152
4.95103	1.85048	-1.83007	92.5238	-91.5033	0.503157	-0.318984	-4.49873	-32.3732
4.95981	1.84706	-1.82952	92.3529	-91.4758	0.502822	-0.319486	-4.49893	-32.4313
4.96859	1.84365	-1.82896	92.1824	-91.4481	0.502486	-0.319988	-4.49913	-32.4894
4.97736	1.84024	-1.8284	92.0122	-91.4201	0.50215	-0.32049	-4.49933	-32.5475
4.98614	1.83685	-1.82784	91.8424	-91.3919	0.501813	-0.320992	-4.49953	-32.6056
4.99491	1.83346	-1.82727	91.6729	-91.3634	0.501476	-0.321493	-4.49973	-32.6636
5.00369	1.83008	-1.82669	91.5039	-91.3346	0.501138	-0.321994	-4.49993	-32.7217
5.01247	1.8267	-1.82611	91.3351	-91.3056	0.5008	-0.322494	-4.50013	-32.7798
5.02124	1.82334	-1.82553	91.1668	-91.2763	0.500461	-0.322994	-4.50033	-32.8379
5.03002	1.81998	-1.82494	90.9988	-91.2468	0.500122	-0.323494	-4.50053	-32.896
5.0388	1.81662	-1.82434	90.8311	-91.217	0.499782	-0.323994	-4.50073	-32.9541
5.04757	1.81328	-1.82374	90.6639	-91.1869	0.499441	-0.324493	-4.50093	-33.0122
5.05635	1.80994	-1.82313	90.497	-91.1567	0.499101	-0.324992	-4.50113	-33.0703
5.06513	1.80661	-1.82252	90.3304	-91.1261	0.498759	-0.32549	-4.50133	-33.1285
5.0739	1.80328	-1.82191	90.1642	-91.0954	0.498417	-0.325988	-4.50154	-33.1866
5.08268	1.79997	-1.82129	89.9984	-91.0643	0.498074	-0.326486	-4.50174	-33.2447
5.09145	1.79666	-1.82066	89.8329	-91.0331	0.497731	-0.326984	-4.50194	-33.3028
5.10023	1.79336	-1.82003	89.6678	-91.0016	0.497388	-0.327481	-4.50214	-33.361
5.10901	1.79006	-1.8194	89.503	-90.9698	0.497044	-0.327978	-4.50235	-33.4191
5.11778	1.78677	-1.81876	89.3386	-90.9379	0.496699	-0.328474	-4.50255	-33.4772
5.12656	1.78349	-1.81811	89.1746	-90.9057	0.496354	-0.32897	-4.50275	-33.5354
5.13534	1.78022	-1.81746	89.0109	-90.8732	0.496008	-0.329466	-4.50296	-33.5935
5.14411	1.77695	-1.81681	88.8476	-90.8405	0.495662	-0.329961	-4.50316	-33.6517
5.15289	1.77369	-1.81615	88.6846	-90.8076	0.495315	-0.330457	-4.50337	-33.7098
5.16166	1.77044	-1.81549	88.522	-90.7745	0.494968	-0.330951	-4.50357	-33.768
5.17044	1.76719	-1.81482	88.3597	-90.7411	0.49462	-0.331446	-4.50377	-33.8261
5.17922	1.76396	-1.81415	88.1978	-90.7075	0.494272	-0.33194	-4.50398	-33.8843
5.18799	1.76073	-1.81347	88.0363	-90.6737	0.493923	-0.332434	-4.50418	-33.9424
5.19677	1.7575	-1.81279	87.8751	-90.6397	0.493573	-0.332927	-4.50439	-34.0006
5.20555	1.75428	-1.81211	87.7142	-90.6054	0.493223	-0.33342	-4.50459	-34.0588
5.21432	1.75107	-1.81142	87.5537	-90.5709	0.492873	-0.333913	-4.5048	-34.1169
5.2231	1.74787	-1.81072	87.3936	-90.5362	0.492522	-0.334405	-4.505	-34.1751
5.23187	1.74468	-1.81003	87.2338	-90.5013	0.492171	-0.334897	-4.50521	-34.2333
5.24065	1.74149	-1.80932	87.0744	-90.4662	0.491819	-0.335389	-4.50542	-34.2915
5.24943	1.73831	-1.80862	86.9153	-90.4308	0.491466	-0.33588	-4.50562	-34.3497
5.2582	1.73513	-1.80791	86.7566	-90.3953	0.491113	-0.336371	-4.50583	-34.4079
5.26698	1.73196	-1.80719	86.5982	-90.3595	0.490759	-0.336862	-4.50603	-34.4661
5.27576	1.7288	-1.80647	86.4401	-90.3235	0.490405	-0.337352	-4.50624	-34.5243
5.28453	1.72565	-1.80575	86.2824	-90.2873	0.490051	-0.337842	-4.50645	-34.5825
5.29331	1.7225	-1.80502	86.1251	-90.2509	0.489696	-0.338332	-4.50665	-34.6407
5.30208	1.71936	-1.80429	85.9681	-90.2143	0.48934	-0.338821	-4.50686	-34.6989
5.31086	1.71623	-1.80355	85.8115	-90.1775	0.488984	-0.33931	-4.50707	-34.7571
5.31964	1.7131	-1.80281	85.6552	-90.1405	0.488627	-0.339798	-4.50728	-34.8153
5.32841	1.70998	-1.80207	85.4992	-90.1033	0.48827	-0.340287	-4.50748	-34.8735
5.33719	1.70687	-1.80132	85.3436	-90.0659	0.487912	-0.340775	-4.50769	-34.9318
5.34597	1.70377	-1.80057	85.1884	-90.0283	0.487554	-0.341262	-4.5079	-34.99
5.35474	1.70067	-1.79981	85.0334	-89.9905	0.487195	-0.341749	-4.50811	-35.0482
5.36352	1.69758	-1.79905	84.8789	-89.9525	0.486836	-0.342236	-4.50832	-35.1065
5.37229	1.69449	-1.79829	84.7247	-89.9143	0.486476	-0.342722	-4.50853	-35.1647
5.38107	1.69142	-1.79752	84.5708	-89.8759	0.486116	-0.343209	-4.50873	-35.2229
5.38985	1.68834	-1.79675	84.4172	-89.8374	0.485755	-0.343694	-4.50894	-35.2812
5.39862	1.68528	-1.79597	84.264	-89.7986	0.485393	-0.34418	-4.50915	-35.3394
5.4074	1.68222	-1.79519	84.1112	-89.7596	0.485032	-0.344665	-4.50936	-35.3977
5.41618	1.67917	-1.79441	83.9587	-89.7205	0.484669	-0.345149	-4.50957	-35.456
5.42495	1.67613	-1.79362	83.8065	-89.6812	0.484306	-0.345634	-4.50978	-35.5142
5.43373	1.67309	-1.79283	83.6546	-89.6417	0.483943	-0.346118	-4.50999	-35.5725
5.4425	1.67006	-1.79204	83.5032	-89.602	0.483579	-0.346601	-4.5102	-35.6307
5.45128	1.66704	-1.79124	83.352	-89.5621	0.483214	-0.347084	-4.51041	-35.689
5.46006	1.66402	-1.79044	83.2012	-89.5221	0.48285	-0.347567	-4.51062	-35.7473
5.46883	1.66101	-1.78964	83.0507	-89.4818	0.482484	-0.34805	-4.51083	-35.8056
5.47761	1.65801	-1.78883	82.9006	-89.4414	0.482118	-0.348532	-4.51104	-35.8639
5.48639	1.65502	-1.78802	82.7508	-89.4008	0.481752	-0.349014	-4.51125	-35.9221
5.49516	1.65203	-1.7872	82.6013	-89.3601	0.481385	-0.349495	-4.51146	-35.9804
5.50394	1.64904	-1.78638	82.4521	-89.3191	0.481017	-0.349976	-4.51168	-36.0387
5.51271	1.64607	-1.78556	82.3033	-89.278	0.480649	-0.350457	-4.51189	-36.097
5.52149	1.6431	-1.78474	82.1549	-89.2368	0.48028	-0.350937	-4.5121	-36.1553
5.53027	1.64014	-1.78391	82.0068	-89.1953	0.479911	-0.351417	-4.51231	-36.2136
5.53904	1.63718	-1.78307	81.859	-89.1537	0.479542	-0.351897	-4.51252	-36.2719
5.54782	1.63423	-1.78224	81.7115	-89.1119	0.479172	-0.352376	-4.51273	-36.3303
5.5566	1.63129	-1.7814	81.5644	-89.07	0.478801	-0.352855	-4.51295	-36.3886
5.56537	1.62835	-1.78056	81.4176	-89.0278	0.47843	-0.353334	-4.51316	-36.4469
5.57415	1.62542	-1.77971	81.2711	-88.9856	0.478058	-0.353812	-4.51337	-36.5052
5.58292	1.6225	-1.77886	81.1249	-88.9431	0.477686	-0.35429	-4.51358	-36.5635
5.5917	1.61958	-1.77801	80.9791	-88.9005	0.477314	-0.354767	-4.5138	-36.6219
5.60048	1.61667	-1.77716	80.8337	-88.8578	0.47694	-0.355244	-4.51401	-36.6802
5.60925	1.61377	-1.7763	80.6885	-88.8148	0.476567	-0.355721	-4.51422	-36.7385
5.61803	1.61087	-1.77544	80.5437	-88.7718	0.476193	-0.356197	-4.51444	-36.7969
5.62681	1.60798	-1.77457	80.3992	-88.7285	0.475818	-0.356673	-4.51465	-36.8552
5.63558	1.6051	-1.7737	80.255	-88.6851	0.475443	-0.357149	-4.51486	-36.9136
5.64436	1.60222	-1.77283	80.1112	-88.6416	0.475067	-0.357624	-4.51508	-36.9719
5.65313	1.59935	-1.77196	79.9677	-88.5979	0.474691	-0.358099	-4.51529	-37.0303
5.66191	1.59649	-1.77108	79.8245	-88.554	0.474314	-0.358573	-4.51551	-37.0887
5.67069	1.59363	-1.7702	79.6816	-88.51	0.473937	-0.359048	-4.51572	-37.147
5.67946	1.59078	-1.76932	79.5391	-88.4659	0.473559	-0.359521	-4.51593	-37.2054
5.68824	1.58794	-1.76843	79.3968	-88.4216	0.473181	-0.359995	-4.51615	-37.2638
5.69702	1.5851	-1.76754	79.2549	-88.3772	0.472802	-0.360468	-4.51636	-37.3221
5.70579	1.58227	-1.76665	79.1134	-88.3326	0.472423	-0.36094	-4.51658	-37.3805
5.71457	1.57944	-1.76576	78.9721	-88.2878	0.472043	-0.361413	-4.51679	-37.4389
5.72334	1.57662	-1.76486	78.8312	-88.243	0.471663	-0.361884	-4.51701	-37.4973
5.73212	1.57381	-1.76396	78.6906	-88.1979	0.471283	-0.362356	-4.51722	-37.5557
5.7409	1.57101	-1.76306	78.5503	-88.1528	0.470901	-0.362827	-4.51744	-37.6141
5.74967	1.56821	-1.76215	78.4103	-88.1075	0.47052	-0.363298	-4.51765	-37.6725
5.75845	1.56541	-1.76124	78.2707	-88.062	0.470137	-0.363768	-4.51787	-37.7309
5.76723	1.56263	-1.76033	78.1313	-88.0165	0.469755	-0.364238	-4.51809	-37.7893
5.776	1.55985	-1.75941	77.9923	-87.9707	0.469371	-0.364708	-4.5183	-37.8477
5.78478	1.55707	-1.7585	77.8536	-87.9249	0.468988	-0.365177	-4.51852	-37.9061
5.79355	1.5543	-1.75758	77.7152	-87.8789	0.468603	-0.365646	-4.51873	-37.9645
5.80233	1.55154	-1.75666	77.5772	-87.8328	0.468219	-0.366114	-4.51895	-38.0229
5.81111	1.54879	-1.75573	77.4394	-87.7865	0.467833	-0.366583	-4.51917	-38.0814
5.81988	1.54604	-1.7548	77.302	-87.7402	0.467448	-0.36705	-4.51938	-38.1398
5.82866	1.5433	-1.75387	77.1648	-87.6936	0.467061	-0.367518	-4.5196	-38.1982
5.83744	1.54056	-1.75294	77.028	-87.647	0.466675	-0.367985	-4.51982	-38.2567
5.84621	1.53783	-1.752	76.8915	-87.6002	0.466288	-0.368451	-4.52003	-38.3151
5.85499	1.53511	-1.75107	76.7553	-87.5533	0.4659	-0.368917	-4.52025	-38.3735
5.86376	1.53239	-1.75013	76.6195	-87.5063	0.465512	-0.369383	-4.52047	-38.432
5.87254	1.52968	-1.74918	76.4839	-87.4592	0.465123	-0.369849	-4.52069	-38.4904
5.88132	1.52697	-1.74824	76.3486	-87.4119	0.464734	-0.370314	-4.5209	-38.5489
5.89009	1.52427	-1.74729	76.2137	-87.3645	0.464344	-0.370778	-4.52112	-38.6074
5.89887	1.52158	-1.74634	76.0791	-87.317	0.463954	-0.371243	-4.52134	-38.6658
5.90765	1.51889	-1.74539	75.9447	-87.2693	0.463563	-0.371707	-4.52156	-38.7243
5.91642	1.51621	-1.74443	75.8107	-87.2216	0.463172	-0.37217	-4.52178	-38.7828
5.9252	1.51354	-1.74347	75.677	-87.1737	0.46278	-0.372633	-4.52199	-38.8412
5.93397	1.51087	-1.74251	75.5436	-87.1257	0.462388	-0.373096	-4.52221	-38.8997
5.94275	1.50821	-1.74155	75.4105	-87.0776	0.461995	-0.373558	-4.52243	-38.9582
5.95153	1.50555	-1.74059	75.2777	-87.0293	0.461602	-0.37402	-4.52265	-39.0167
5.9603	1.5029	-1.73962	75.1452	-86.981	0.461208	-0.374482	-4.52287	-39.0752
5.96908	1.50026	-1.73865	75.013	-86.9325	0.460814	-0.374943	-4.52309	-39.1337
5.97786	1.49762	-1.73768	74.8811	-86.884	0.46042	-0.375404	-4.52331	-39.1922
5.98663	1.49499	-1.73671	74.7496	-86.8353	0.460024	-0.375864	-4.52353	-39.2507
5.99541	1.49237	-1.73573	74.6183	-86.7865	0.459629	-0.376324	-4.52374	-39.3092
6.00418	1.48975	-1.73475	74.4873	-86.7376	0.459233	-0.376784	-4.52396	-39.3677
6.01296	1.48713	-1.73377	74.3566	-86.6885	0.458836	-0.377243	-4.52418	-39.4262
6.02174	1.48452	-1.73279	74.2262	-86.6394	0.458439	-0.377702	-4.5244	-39.4847
6.03051	1.48192	-1.7318	74.0962	-86.5902	0.458041	-0.378161	-4.52462	-39.5432
6.03929	1.47933	-1.73082	73.9664	-86.5408	0.457643	-0.378619	-4.52484	-39.6017
6.04807	1.47674	-1.72983	73.8369	-86.4914	0.457245	-0.379076	-4.52506	-39.6603
6.05684	1.47415	-1.72884	73.7077	-86.4418	0.456846	-0.379534	-4.52528	-39.7188
6.06562	1.47158	-1.72784	73.5789	-86.3922	0.456446	-0.379991	-4.5255	-39.7773
6.07439	1.46901	-1.72685	73.4503	-86.3424	0.456046	-0.380447	-4.52572	-39.8359
6.08317	1.46644	-1.72585	73.322	-86.2926	0.455645	-0.380903	-4.52594	-39.8944
6.09195	1.46388	-1.72485	73.194	-86.2426	0.455244	-0.381359	-4.52616	-39.953
6.10072	1.46133	-1.72385	73.0663	-86.1925	0.454843	-0.381814	-4.52638	-40.0115
6.1095	1.45878	-1.72285	72.9389	-86.1424	0.454441	-0.382269	-4.52661	-40.0701
6.11828	1.45624	-1.72184	72.8118	-86.0921	0.454038	-0.382724	-4.52683	-40.1286
6.12705	1.4537	-1.72084	72.6849	-86.0418	0.453636	-0.383178	-4.52705	-40.1872
6.13583	1.45117	-1.71983	72.5584	-85.9913	0.453232	-0.383632	-4.52727	-40.2458
6.1446	1.44864	-1.71882	72.4322	-85.9408	0.452828	-0.384085	-4.52749	-40.3043
6.15338	1.44612	-1.7178	72.3062	-85.8901	0.452424	-0.384538	-4.52771	-40.3629
6.16216	1.44361	-1.71679	72.1806	-85.8394	0.452019	-0.38499	-4.52793	-40.4215
6.17093	1.4411	-1.71577	72.0552	-85.7885	0.451613	-0.385443	-4.52815	-40.4801
6.17971	1.4386	-1.71475	71.9301	-85.7376	0.451208	-0.385894	-4.52838	-40.5387
6.18849	1.43611	-1.71373	71.8054	-85.6866	0.450801	-0.386346	-4.5286	-40.5972
6.19726	1.43362	-1.71271	71.6809	-85.6355	0.450394	-0.386797	-4.52882	-40.6558
6.20604	1.43113	-1.71169	71.5566	-85.5843	0.449987	-0.387247	-4.52904	-40.7144
6.21481	1.42865	-1.71066	71.4327	-85.533	0.449579	-0.387697	-4.52926	-40.773
6.22359	1.42618	-1.70963	71.3091	-85.4816	0.449171	-0.388147	-4.52948	-40.8316
6.23237	1.42371	-1.7086	71.1857	-85.4302	0.448762	-0.388596	-4.52971	-40.8903
6.24114	1.42125	-1.70757	71.0627	-85.3786	0.448353	-0.389045	-4.52993	-40.9489
6.24992	1.4188	-1.70654	70.9399	-85.327	0.447943	-0.389494	-4.53015	-41.0075
6.2587	1.41635	-1.70551	70.8174	-85.2753	0.447533	-0.389942	-4.53037	-41.0661
6.26747	1.4139	-1.70447	70.6951	-85.2234	0.447122	-0.39039	-4.5306	-41.1247
6.27625	1.41146	-1.70343	70.5732	-85.1716	0.446711	-0.390837	-4.53082	-41.1834
6.28503	1.40903	-1.70239	70.4516	-85.1196	0.4463	-0.391284	-4.53104	-41.242
6.2938	1.4066	-1.70135	70.3302	-85.0675	0.445887	-0.39173	-4.53126	-41.3006
6.30258	1.40418	-1.70031	70.2091	-85.0154	0.445475	-0.392176	-4.53149	-41.3593
6.31135	1.40177	-1.69926	70.0883	-84.9632	0.445062	-0.392622	-4.53171	-41.4179
6.32013	1.39935	-1.69822	69.9677	-84.9109	0.444648	-0.393067	-4.53193	-41.4766
6.32891	1.39695	-1.69717	69.8475	-84.8585	0.444234	-0.393512	-4.53216	-41.5352
6.33768	1.39455	-1.69612	69.7275	-84.8061	0.44382	-0.393957	-4.53238	-41.5939
6.34646	1.39216	-1.69507	69.6078	-84.7535	0.443405	-0.394401	-4.5326	-41.6525
6.35524	1.38977	-1.69402	69.4884	-84.7009	0.442989	-0.394844	-4.53283	-41.7112
6.36401	1.38738	-1.69296	69.3692	-84.6482	0.442573	-0.395288	-4.53305	-41.7699
6.37279	1.38501	-1.69191	69.2504	-84.5955	0.442157	-0.39573	-4.53327	-41.8285
6.38156	1.38264	-1.69085	69.1318	-84.5427	0.44174	-0.396173	-4.5335	-41.8872
6.39034	1.38027	-1.6898	69.0135	-84.4898	0.441323	-0.396615	-4.53372	-41.9459
6.39912	1.37791	-1.68874	68.8954	-84.4368	0.440905	-0.397056	-4.53394	-42.0046
6.40789	1.37555	-1.68767	68.7776	-84.3837	0.440487	-0.397498	-4.53417	-42.0633
6.41667	1.3732	-1.68661	68.6601	-84.3306	0.440068	-0.397938	-4.53439	-42.122
6.42545	1.37086	-1.68555	68.5429	-84.2774	0.439649	-0.398379	-4.53462	-42.1807
6.43422	1.36852	-1.68448	68.4259	-84.2242	0.439229	-0.398819	-4.53484	-42.2394
6.443	1.36618	-1.68342	68.3092	-84.1708	0.438809	-0.399258	-4.53506	-42.2981
6.45177	1.36386	-1.68235	68.1928	-84.1174	0.438388	-0.399697	-4.53529	-42.3568
6.46055	1.36153	-1.68128	68.0767	-84.064	0.437967	-0.400136	-4.53551	-42.4155
6.46933	1.35922	-1.68021	67.9608	-84.0104	0.437545	-0.400574	-4.53574	-42.4742
6.4781	1.3569	-1.67914	67.8452	-83.9568	0.437123	-0.401012	-4.53596	-42.5329
6.48688	1.3546	-1.67806	67.7298	-83.9032	0.436701	-0.401449	-4.53619	-42.5916
6.49566	1.3523	-1.67699	67.6148	-83.8494	0.436278	-0.401886	-4.53641	-42.6504
6.50443	1.35	-1.67591	67.4999	-83.7956	0.435854	-0.402323	-4.53664	-42.7091
6.51321	1.34771	-1.67484	67.3854	-83.7418	0.43543	-0.402759	-4.53686	-42.7678
6.52198	1.34542	-1.67376	67.2711	-83.6878	0.435006	-0.403195	-4.53709	-42.8266
6.53076	1.34314	-1.67268	67.1571	-83.6339	0.434581	-0.40363	-4.53731	-42.8853
6.53954	1.34087	-1.6716	67.0433	-83.5798	0.434156	-0.404065	-4.53754	-42.9441
6.54831	1.3386	-1.67051	66.9299	-83.5257	0.43373	-0.4045	-4.53776	-43.0028
6.55709	1.33633	-1.66943	66.8166	-83.4715	0.433304	-0.404934	-4.53799	-43.0616
6.56587	1.33407	-1.66835	66.7037	-83.4173	0.432877	-0.405368	-4.53821	-43.1203
6.57464	1.33182	-1.66726	66.591	-83.363	0.43245	-0.405801	-4.53844	-43.1791
6.58342	1.32957	-1.66617	66.4785	-83.3087	0.432022	-0.406234	-4.53866	-43.2379
6.59219	1.32733	-1.66509	66.3663	-83.2543	0.431594	-0.406666	-4.53889	-43.2967
6.60097	1.32509	-1.664	66.2544	-83.1998	0.431165	-0.407098	-4.53911	-43.3554
6.60975	1.32285	-1.66291	66.1427	-83.1453	0.430736	-0.407529	-4.53934	-43.4142
6.61852	1.32063	-1.66181	66.0313	-83.0907	0.430307	-0.407961	-4.53956	-43.473
6.6273	1.3184	-1.66072	65.9202	-83.0361	0.429877	-0.408391	-4.53979	-43.5318
6.63608	1.31619	-1.65963	65.8093	-82.9814	0.429446	-0.408822	-4.54001	-43.5906
6.64485	1.31397	-1.65853	65.6987	-82.9267	0.429016	-0.409251	-4.54024	-43.6494
6.65363	1.31177	-1.65744	65.5883	-82.8719	0.428584	-0.409681	-4.54047	-43.7082
6.6624	1.30956	-1.65634	65.4782	-82.817	0.428152	-0.41011	-4.54069	-43.767
6.67118	1.30737	-1.65524	65.3683	-82.7621	0.42772	-0.410538	-4.54092	-43.8258
6.67996	1.30517	-1.65414	65.2587	-82.7072	0.427287	-0.410967	-4.54114	-43.8846
6.68873	1.30299	-1.65304	65.1493	-82.6522	0.426854	-0.411394	-4.54137	-43.9434
6.69751	1.3008	-1.65194	65.0402	-82.5972	0.42642	-0.411822	-4.54159	-44.0022
6.70629	1.29863	-1.65084	64.9314	-82.5421	0.425986	-0.412248	-4.54182	-44.0611
6.71506	1.29646	-1.64974	64.8228	-82.4869	0.425552	-0.412675	-4.54205	-44.1199
6.72384	1.29429	-1.64863	64.7144	-82.4317	0.425117	-0.413101	-4.54227	-44.1787
6.73261	1.29213	-1.64753	64.6063	-82.3765	0.424681	-0.413526	-4.5425	-44.2376
6.74139	1.28997	-1.64642	64.4984	-82.3212	0.424245	-0.413952	-4.54272	-44.2964
6.75017	1.28782	-1.64532	64.3908	-82.2658	0.423809	-0.414376	-4.54295	-44.3552
6.75894	1.28567	-1.64421	64.2835	-82.2105	0.423372	-0.414801	-4.54318	-44.4141
6.76772	1.28353	-1.6431	64.1764	-82.155	0.422935	-0.415224	-4.5434	-44.4729
6.7765	1.28139	-1.64199	64.0695	-82.0996	0.422497	-0.415648	-4.54363	-44.5318
6.78527	1.27926	-1.64088	63.9629	-82.044	0.422059	-0.416071	-4.54386	-44.5907
6.79405	1.27713	-1.63977	63.8566	-81.9885	0.42162	-0.416493	-4.54408	-44.6495
6.80282	1.27501	-1.63866	63.7504	-81.9329	0.421181	-0.416915	-4.54431	-44.7084
6.8116	1.27289	-1.63754	63.6446	-81.8772	0.420741	-0.417337	-4.54454	-44.7673
6.82038	1.27078	-1.63643	63.5389	-81.8215	0.420301	-0.417758	-4.54476	-44.8261
6.82915	1.26867	-1.63532	63.4336	-81.7658	0.419861	-0.418179	-4.54499	-44.885
6.83793	1.26657	-1.6342	63.3284	-81.71	0.41942	-0.418599	-4.54522	-44.9439
6.84671	1.26447	-1.63308	63.2235	-81.6542	0.418978	-0.419019	-4.54544	-45.0028
6.85548	1.26238	-1.63197	63.1189	-81.5983	0.418537	-0.419439	-4.54567	-45.0617
6.86426	1.26029	-1.63085	63.0144	-81.5425	0.418094	-0.419858	-4.54589	-45.1206
6.87303	1.25821	-1.62973	62.9103	-81.4865	0.417652	-0.420277	-4.54612	-45.1795
6.88181	1.25613	-1.62861	62.8063	-81.4305	0.417208	-0.420695	-4.54635	-45.2384
6.89059	1.25405	-1.62749	62.7027	-81.3745	0.416765	-0.421113	-4.54657	-45.2973
6.89936	1.25198	-1.62637	62.5992	-81.3185	0.416321	-0.42153	-4.5468	-45.3562
6.90814	1.24992	-1.62525	62.496	-81.2624	0.415876	-0.421947	-4.54703	-45.4151
6.91692	1.24786	-1.62413	62.393	-81.2063	0.415431	-0.422363	-4.54726	-45.4741
6.92569	1.24581	-1.623	62.2903	-81.1501	0.414986	-0.422779	-4.54748	-45.533
6.93447	1.24376	-1.62188	62.1878	-81.0939	0.41454	-0.423195	-4.54771	-45.5919
6.94324	1.24171	-1.62075	62.0855	-81.0377	0.414093	-0.42361	-4.54794	-45.6509
6.95202	1.23967	-1.61963	61.9835	-80.9814	0.413647	-0.424024	-4.54816	-45.7098
6.9608	1.23763	-1.6185	61.8817	-80.9251	0.413199	-0.424439	-4.54839	-45.7687
6.96957	1.2356	-1.61738	61.7801	-80.8688	0.412752	-0.424852	-4.54862	-45.8277
6.97835	1.23358	-1.61625	61.6788	-80.8124	0.412304	-0.425266	-4.54884	-45.8866
6.98713	1.23155	-1.61512	61.5777	-80.7561	0.411855	-0.425679	-4.54907	-45.9456
6.9959	1.22954	-1.61399	61.4769	-80.6996	0.411406	-0.426091	-4.5493	-46.0045
7.00468	1.22753	-1.61286	61.3763	-80.6432	0.410957	-0.426503	-4.54952	-46.0635
7.01345	1.22552	-1.61173	61.2759	-80.5867	0.410507	-0.426915	-4.54975	-46.1225
7.02223	1.22351	-1.6106	61.1757	-80.5302	0.410056	-0.427326	-4.54998	-46.1814
7.03101	1.22152	-1.60947	61.0758	-80.4736	0.409606	-0.427736	-4.55021	-46.2404
7.03978	1.21952	-1.60834	60.9761	-80.417	0.409154	-0.428147	-4.55043	-46.2994
7.04856	1.21753	-1.60721	60.8766	-80.3604	0.408703	-0.428556	-4.55066	-46.3584
7.05734	1.21555	-1.60608	60.7774	-80.3038	0.408251	-0.428966	-4.55089	-46.4174
7.06611	1.21357	-1.60494	60.6784	-80.2471	0.407798	-0.429375	-4.55111	-46.4764
7.07489	1.21159	-1.60381	60.5796	-80.1904	0.407345	-0.429783	-4.55134	-46.5354
7.08366	1.20962	-1.60267	60.481	-80.1337	0.406892	-0.430191	-4.55157	-46.5944
7.09244	1.20765	-1.60154	60.3827	-80.0769	0.406438	-0.430599	-4.55179	-46.6534
7.10122	1.20569	-1.6004	60.2846	-80.0202	0.405984	-0.431006	-4.55202	-46.7124
7.10999	1.20373	-1.59927	60.1867	-79.9634	0.405529	-0.431412	-4.55225	-46.7714
7.11877	1.20178	-1.59813	60.0891	-79.9065	0.405074	-0.431819	-4.55248	-46.8304
7.12755	1.19983	-1.59699	59.9916	-79.8497	0.404618	-0.432224	-4.5527	-46.8894
7.13632	1.19789	-1.59586	59.8944	-79.7928	0.404162	-0.43263	-4.55293	-46.9484
7.1451	1.19595	-1.59472	59.7975	-79.7359	0.403706	-0.433034	-4.55316	-47.0075
7.15387	1.19401	-1.59358	59.7007	-79.679	0.403249	-0.433439	-4.55338	-47.0665
7.16265	1.19208	-1.59244	59.6042	-79.622	0.402791	-0.433843	-4.55361	-47.1255
7.17143	1.19016	-1.5913	59.5079	-79.5651	0.402334	-0.434246	-4.55384	-47.1846
7.1802	1.18824	-1.59016	59.4118	-79.5081	0.401875	-0.434649	-4.55407	-47.2436
7.18898	1.18632	-1.58902	59.3159	-79.4511	0.401417	-0.435052	-4.55429	-47.3027
7.19776	1.18441	-1.58788	59.2203	-79.394	0.400958	-0.435454	-4.55452	-47.3617
7.20653	1.1825	-1.58674	59.1248	-79.337	0.400498	-0.435856	-4.55475	-47.4208
7.21531	1.18059	-1.5856	59.0296	-79.2799	0.400038	-0.436257	-4.55497	-47.4798
7.22408	1.17869	-1.58446	58.9346	-79.2228	0.399578	-0.436657	-4.5552	-47.5389
7.23286	1.1768	-1.58331	58.8399	-79.1657	0.399117	-0.437058	-4.55543	-47.598
7.24164	1.17491	-1.58217	58.7453	-79.1085	0.398656	-0.437458	-4.55565	-47.657
7.25041	1.17302	-1.58103	58.651	-79.0514	0.398194	-0.437857	-4.55588	-47.7161
7.25919	1.17114	-1.57988	58.5569	-78.9942	0.397732	-0.438256	-4.55611	-47.7752
7.26797	1.16926	-1.57874	58.463	-78.937	0.397269	-0.438654	-4.55633	-47.8343
7.27674	1.16739	-1.5776	58.3693	-78.8798	0.396806	-0.439052	-4.55656	-47.8934
7.28552	1.16552	-1.57645	58.2758	-78.8226	0.396343	-0.43945	-4.55679	-47.9525
7.29429	1.16365	-1.57531	58.1825	-78.7653	0.395879	-0.439847	-4.55702	-48.0116
7.30307	1.16179	-1.57416	58.0895	-78.708	0.395415	-0.440244	-4.55724	-48.0707
7.31185	1.15993	-1.57302	57.9967	-78.6508	0.39495	-0.44064	-4.55747	-48.1298
7.32062	1.15808	-1.57187	57.904	-78.5935	0.394485	-0.441035	-4.5577	-48.1889
7.3294	1.15623	-1.57072	57.8116	-78.5362	0.39402	-0.441431	-4.55792	-48.248
7.33818	1.15439	-1.56958	57.7194	-78.4788	0.393554	-0.441826	-4.55815	-48.3071
7.34695	1.15255	-1.56843	57.6274	-78.4215	0.393087	-0.44222	-4.55838	-48.3662
7.35573	1.15071	-1.56728	57.5357	-78.3641	0.392621	-0.442614	-4.5586	-48.4254
7.3645	1.14888	-1.56614	57.4441	-78.3068	0.392153	-0.443007	-4.55883	-48.4845
7.37328	1.14706	-1.56499	57.3528	-78.2494	0.391686	-0.4434	-4.55906	-48.5436
7.38206	1.14523	-1.56384	57.2616	-78.192	0.391218	-0.443793	-4.55928	-48.6028
7.39083	1.14341	-1.56269	57.1707	-78.1346	0.390749	-0.444185	-4.55951	-48.6619
7.39961	1.1416	-1.56154	57.0799	-78.0771	0.39028	-0.444576	-4.55974	-48.7211
7.40839	1.13979	-1.56039	56.9894	-78.0197	0.389811	-0.444967	-4.55996	-48.7802
7.41716	1.13798	-1.55925	56.8991	-77.9623	0.389341	-0.445358	-4.56019	-48.8394
7.42594	1.13618	-1.5581	56.809	-77.9048	0.388871	-0.445748	-4.56042	-48.8985
7.43471	1.13438	-1.55695	56.7191	-77.8473	0.3884	-0.446138	-4.56064	-48.9577
7.44349	1.13259	-1.5558	56.6294	-77.7898	0.387929	-0.446527	-4.56087	-49.0169
7.45227	1.1308	-1.55465	56.5399	-77.7323	0.387458	-0.446916	-4.56109	-49.076
7.46104	1.12901	-1.5535	56.4506	-77.6748	0.386986	-0.447304	-4.56132	-49.1352
7.46982	1.12723	-1.55235	56.3616	-77.6173	0.386514	-0.447692	-4.56155	-49.1944
7.4786	1.12545	-1.5512	56.2727	-77.5598	0.386041	-0.448079	-4.56177	-49.2536
7.48737	1.12368	-1.55005	56.184	-77.5023	0.385568	-0.448466	-4.562	-49.3128
7.49615	1.12191	-1.54889	56.0955	-77.4447	0.385094	-0.448852	-4.56223	-49.372
7.50492	1.12015	-1.54774	56.0073	-77.3872	0.38462	-0.449238	-4.56245	-49.4312
7.5137	1.11838	-1.54659	55.9192	-77.3296	0.384146	-0.449624	-4.56268	-49.4904
7.52248	1.11663	-1.54544	55.8313	-77.2721	0.383671	-0.450009	-4.5629	-49.5496
7.53125	1.11487	-1.54429	55.7436	-77.2145	0.383196	-0.450393	-4.56313	-49.6088
7.54003	1.11312	-1.54314	55.6562	-77.1569	0.38272	-0.450777	-4.56336	-49.668
7.54881	1.11138	-1.54199	55.5689	-77.0993	0.382244	-0.451161	-4.56358	-49.7272
7.55758	1.10964	-1.54083	55.4818	-77.0417	0.381768	-0.451544	-4.56381	-49.7864
7.56636	1.1079	-1.53968	55.395	-76.9841	0.381291	-0.451927	-4.56403	-49.8456
7.57514	1.10617	-1.53853	55.3083	-76.9265	0.380814	-0.452309	-4.56426	-49.9049
7.58391	1.10444	-1.53738	55.2218	-76.8689	0.380336	-0.45269	-4.56448	-49.9641
7.59269	1.10271	-1.53623	55.1355	-76.8113	0.379858	-0.453072	-4.56471	-50.0233
7.60146	1.10099	-1.53507	55.0494	-76.7537	0.379379	-0.453452	-4.56493	-50.0826
7.61024	1.09927	-1.53392	54.9635	-76.6961	0.3789	-0.453833	-4.56516	-50.1418
7.61902	1.09756	-1.53277	54.8779	-76.6384	0.378421	-0.454213	-4.56539	-50.2011
7.62779	1.09585	-1.53162	54.7924	-76.5808	0.377941	-0.454592	-4.56561	-50.2603
7.63657	1.09414	-1.53046	54.707	-76.5232	0.377461	-0.454971	-4.56584	-50.3196
7.64535	1.09244	-1.52931	54.6219	-76.4655	0.376981	-0.455349	-4.56606	-50.3789
7.65412	1.09074	-1.52816	54.537	-76.4079	0.3765	-0.455727	-4.56629	-50.4381
7.6629	1.08905	-1.527	54.4523	-76.3502	0.376018	-0.456104	-4.56651	-50.4974
7.67167	1.08736	-1.52585	54.3678	-76.2926	0.375536	-0.456481	-4.56674	-50.5567
7.68045	1.08567	-1.5247	54.2834	-76.2349	0.375054	-0.456858	-4.56696	-50.616
7.68923	1.08399	-1.52355	54.1993	-76.1773	0.374572	-0.457234	-4.56719	-50.6752
7.698	1.08231	-1.52239	54.1153	-76.1196	0.374089	-0.457609	-4.56741	-50.7345
7.70678	1.08063	-1.52124	54.0315	-76.0619	0.373605	-0.457984	-4.56764	-50.7938
7.71556	1.07896	-1.52009	53.948	-76.0043	0.373121	-0.458359	-4.56786	-50.8531
7.72433	1.07729	-1.51893	53.8646	-75.9466	0.372637	-0.458733	-4.56809	-50.9124
7.73311	1.07563	-1.51778	53.7814	-75.889	0.372152	-0.459106	-4.56831	-50.9717
7.74188	1.07397	-1.51663	53.6984	-75.8313	0.371667	-0.45948	-4.56853	-51.031
7.75066	1.07231	-1.51547	53.6155	-75.7737	0.371182	-0.459852	-4.56876	-51.0903
7.75944	1.07066	-1.51432	53.5329	-75.716	0.370696	-0.460224	-4.56898	-51.1497
7.76821	1.06901	-1.51317	53.4505	-75.6583	0.37021	-0.460596	-4.56921	-51.209
7.77699	1.06736	-1.51201	53.3682	-75.6007	0.369723	-0.460967	-4.56943	-51.2683
7.78577	1.06572	-1.51086	53.2861	-75.543	0.369236	-0.461338	-4.56966	-51.3276
7.79454	1.06408	-1.50971	53.2042	-75.4854	0.368749	-0.461708	-4.56988	-51.387
7.80332	1.06245	-1.50855	53.1225	-75.4277	0.368261	-0.462078	-4.5701	-51.4463
7.81209	1.06082	-1.5074	53.041	-75.3701	0.367773	-0.462447	-4.57033	-51.5056
7.82087	1.05919	-1.50625	52.9597	-75.3124	0.367284	-0.462816	-4.57055	-51.565
7.82965	1.05757	-1.5051	52.8785	-75.2548	0.366795	-0.463184	-4.57077	-51.6243
7.83842	1.05595	-1.50394	52.7975	-75.1971	0.366306	-0.463552	-4.571	-51.6837
7.8472	1.05434	-1.50279	52.7168	-75.1395	0.365816	-0.463919	-4.57122	-51.743
7.85598	1.05272	-1.50164	52.6362	-75.0818	0.365325	-0.464286	-4.57145	-51.8024
7.86475	1.05111	-1.50048	52.5557	-75.0242	0.364835	-0.464652	-4.57167	-51.8618
7.87353	1.04951	-1.49933	52.4755	-74.9666	0.364344	-0.465018	-4.57189	-51.9211
7.8823	1.04791	-1.49818	52.3954	-74.9089	0.363852	-0.465384	-4.57211	-51.9805
7.89108	1.04631	-1.49703	52.3156	-74.8513	0.363361	-0.465748	-4.57234	-52.0399
7.89986	1.04472	-1.49587	52.2359	-74.7937	0.362868	-0.466113	-4.57256	-52.0993
7.90863	1.04313	-1.49472	52.1563	-74.7361	0.362376	-0.466477	-4.57278	-52.1587
7.91741	1.04154	-1.49357	52.077	-74.6785	0.361883	-0.46684	-4.57301	-52.2181
7.92619	1.03996	-1.49242	51.9978	-74.6209	0.361389	-0.467203	-4.57323	-52.2775
7.93496	1.03838	-1.49127	51.9188	-74.5633	0.360895	-0.467565	-4.57345	-52.3369
7.94374	1.0368	-1.49011	51.84	-74.5057	0.360401	-0.467927	-4.57367	-52.3963
7.95251	1.03523	-1.48896	51.7614	-74.4481	0.359907	-0.468289	-4.5739	-52.4557
7.96129	1.03366	-1.48781	51.683	-74.3905	0.359412	-0.46865	-4.57412	-52.5151
7.97007	1.03209	-1.48666	51.6047	-74.3329	0.358916	-0.46901	-4.57434	-52.5745
7.97884	1.03053	-1.48551	51.5266	-74.2754	0.358421	-0.46937	-4.57456	-52.6339
7.98762	1.02897	-1.48436	51.4487	-74.2178	0.357924	-0.46973	-4.57479	-52.6933
7.9964	1.02742	-1.48321	51.3709	-74.1603	0.357428	-0.470089	-4.57501	-52.7528
8.00517	1.02587	-1.48205	51.2933	-74.1027	0.356931	-0.470447	-4.57523	-52.8122
8.01395	1.02432	-1.4809	51.2159	-74.0452	0.356434	-0.470805	-4.57545	-52.8716
8.02272	1.02277	-1.47975	51.1387	-73.9876	0.355936	-0.471163	-4.57567	-52.9311
8.0315	1.02123	-1.4786	51.0616	-73.9301	0.355438	-0.47152	-4.57589	-52.9905
8.04028	1.0197	-1.47745	50.9848	-73.8726	0.354939	-0.471876	-4.57612	-53.05
8.04905	1.01816	-1.4763	50.9081	-73.8151	0.354441	-0.472232	-4.57634	-53.1094
8.05783	1.01663	-1.47515	50.8315	-73.7576	0.353941	-0.472588	-4.57656	-53.1689
8.06661	1.0151	-1.474	50.7552	-73.7001	0.353442	-0.472943	-4.57678	-53.2283
8.07538	1.01358	-1.47285	50.679	-73.6426	0.352942	-0.473297	-4.577	-53.2878
8.08416	1.01206	-1.4717	50.6029	-73.5851	0.352441	-0.473651	-4.57722	-53.3473
8.09293	1.01054	-1.47055	50.5271	-73.5277	0.351941	-0.474005	-4.57744	-53.4067
8.10171	1.00903	-1.4694	50.4514	-73.4702	0.351439	-0.474358	-4.57766	-53.4662
8.11049	1.00752	-1.46826	50.3759	-73.4128	0.350938	-0.47471	-4.57788	-53.5257
8.11926	1.00601	-1.46711	50.3005	-73.3554	0.350436	-0.475062	-4.5781	-53.5852
8.12804	1.00451	-1.46596	50.2254	-73.2979	0.349934	-0.475414	-4.57832	-53.6447
8.13682	1.00301	-1.46481	50.1503	-73.2405	0.349431	-0.475765	-4.57854	-53.7042
8.14559	1.00151	-1.46366	50.0755	-73.1831	0.348928	-0.476116	-4.57876	-53.7637
8.15437	1.00002	-1.46251	50.0008	-73.1257	0.348424	-0.476466	-4.57898	-53.8232
8.16314	0.998526	-1.46137	49.9263	-73.0684	0.347921	-0.476815	-4.5792	-53.8827
8.17192	0.997039	-1.46022	49.852	-73.011	0.347416	-0.477164	-4.57942	-53.9422
8.1807	0.995556	-1.45907	49.7778	-72.9536	0.346912	-0.477513	-4.57964	-54.0017
8.18947	0.994076	-1.45793	49.7038	-72.8963	0.346407	-0.477861	-4.57986	-54.0612
8.19825	0.992599	-1.45678	49.6299	-72.839	0.345901	-0.478208	-4.58008	-54.1207
8.20703	0.991125	-1.45563	49.5563	-72.7816	0.345396	-0.478555	-4.5803	-54.1803
8.2158	0.989655	-1.45449	49.4827	-72.7243	0.34489	-0.478902	-4.58052	-54.2398
8.22458	0.988188	-1.45334	49.4094	-72.667	0.344383	-0.479248	-4.58074	-54.2993
8.23335	0.986724	-1.4522	49.3362	-72.6098	0.343876	-0.479593	-4.58095	-54.3589
8.24213	0.985263	-1.45105	49.2632	-72.5525	0.343369	-0.479938	-4.58117	-54.4184
8.25091	0.983806	-1.4499	49.1903	-72.4952	0.342861	-0.480283	-4.58139	-54.478
8.25968	0.982352	-1.44876	49.1176	-72.438	0.342353	-0.480627	-4.58161	-54.5375
8.26846	0.980901	-1.44762	49.0451	-72.3808	0.341845	-0.480971	-4.58183	-54.5971
8.27724	0.979453	-1.44647	48.9727	-72.3235	0.341336	-0.481314	-4.58205	-54.6566
8.28601	0.978009	-1.44533	48.9004	-72.2663	0.340827	-0.481656	-4.58226	-54.7162
8.29479	0.976568	-1.44418	48.8284	-72.2091	0.340318	-0.481998	-4.58248	-54.7758
8.30356	0.97513	-1.44304	48.7565	-72.152	0.339808	-0.48234	-4.5827	-54.8353
8.31234	0.973695	-1.4419	48.6847	-72.0948	0.339298	-0.482681	-4.58292	-54.8949
8.32112	0.972263	-1.44075	48.6132	-72.0377	0.338787	-0.483021	-4.58313	-54.9545
8.32989	0.970835	-1.43961	48.5417	-71.9805	0.338276	-0.483361	-4.58335	-55.0141
8.33867	0.96941	-1.43847	48.4705	-71.9234	0.337765	-0.4837	-4.58357	-55.0737
8.34745	0.967987	-1.43733	48.3994	-71.8663	0.337253	-0.484039	-4.58378	-55.1332
8.35622	0.966568	-1.43618	48.3284	-71.8092	0.336741	-0.484378	-4.584	-55.1928
8.365	0.965153	-1.43504	48.2576	-71.7522	0.336229	-0.484716	-4.58422	-55.2524
8.37377	0.96374	-1.4339	48.187	-71.6951	0.335716	-0.485053	-4.58443	-55.312
8.38255	0.96233	-1.43276	48.1165	-71.6381	0.335203	-0.48539	-4.58465	-55.3717
8.39133	0.960924	-1.43162	48.0462	-71.581	0.334689	-0.485727	-4.58487	-55.4313
8.4001	0.95952	-1.43048	47.976	-71.524	0.334175	-0.486062	-4.58508	-55.4909
8.40888	0.95812	-1.42934	47.906	-71.467	0.333661	-0.486398	-4.5853	-55.5505
8.41766	0.956723	-1.4282	47.8362	-71.4101	0.333146	-0.486733	-4.58551	-55.6101
8.42643	0.955329	-1.42706	47.7664	-71.3531	0.332632	-0.487067	-4.58573	-55.6698
8.43521	0.953938	-1.42592	47.6969	-71.2962	0.332116	-0.487401	-4.58594	-55.7294
8.44398	0.95255	-1.42478	47.6275	-71.2392	0.3316	-0.487734	-4.58616	-55.789
8.45276	0.951165	-1.42365	47.5583	-71.1823	0.331084	-0.488067	-4.58637	-55.8487
8.46154	0.949783	-1.42251	47.4892	-71.1254	0.330568	-0.488399	-4.58659	-55.9083
8.47031	0.948405	-1.42137	47.4202	-71.0686	0.330051	-0.488731	-4.5868	-55.968
8.47909	0.947029	-1.42023	47.3514	-71.0117	0.329534	-0.489063	-4.58702	-56.0276
8.48787	0.945656	-1.4191	47.2828	-70.9549	0.329016	-0.489393	-4.58723	-56.0873
8.49664	0.944286	-1.41796	47.2143	-70.8981	0.328499	-0.489724	-4.58745	-56.1469
8.50542	0.94292	-1.41683	47.146	-70.8413	0.32798	-0.490053	-4.58766	-56.2066
8.51419	0.941556	-1.41569	47.0778	-70.7845	0.327462	-0.490383	-4.58788	-56.2663
8.52297	0.940195	-1.41455	47.0098	-70.7277	0.326943	-0.490711	-4.58809	-56.3259
8.53175	0.938838	-1.41342	46.9419	-70.671	0.326424	-0.491039	-4.5883	-56.3856
8.54052	0.937483	-1.41228	46.8742	-70.6142	0.325904	-0.491367	-4.58852	-56.4453
8.5493	0.936131	-1.41115	46.8066	-70.5575	0.325384	-0.491694	-4.58873	-56.505
8.55808	0.934783	-1.41002	46.7391	-70.5008	0.324863	-0.492021	-4.58894	-56.5647
8.56685	0.933437	-1.40888	46.6718	-70.4441	0.324343	-0.492347	-4.58915	-56.6244
8.57563	0.932094	-1.40775	46.6047	-70.3875	0.323822	-0.492673	-4.58937	-56.6841
8.5844	0.930754	-1.40662	46.5377	-70.3309	0.3233	-0.492998	-4.58958	-56.7438
8.59318	0.929417	-1.40548	46.4709	-70.2742	0.322778	-0.493322	-4.58979	-56.8035
8.60196	0.928083	-1.40435	46.4042	-70.2176	0.322256	-0.493646	-4.59	-56.8632
8.61073	0.926752	-1.40322	46.3376	-70.1611	0.321734	-0.49397	-4.59022	-56.9229
8.61951	0.925424	-1.40209	46.2712	-70.1045	0.321211	-0.494293	-4.59043	-56.9826
8.62829	0.924099	-1.40096	46.2049	-70.048	0.320688	-0.494615	-4.59064	-57.0423
8.63706	0.922776	-1.39983	46.1388	-69.9914	0.320164	-0.494937	-4.59085	-57.1021
8.64584	0.921457	-1.3987	46.0728	-69.9349	0.31964	-0.495259	-4.59106	-57.1618
8.65461	0.92014	-1.39757	46.007	-69.8785	0.319116	-0.49558	-4.59127	-57.2215
8.66339	0.918826	-1.39644	45.9413	-69.822	0.318591	-0.4959	-4.59148	-57.2813
8.67217	0.917516	-1.39531	45.8758	-69.7656	0.318066	-0.49622	-4.59169	-57.341
8.68094	0.916208	-1.39418	45.8104	-69.7092	0.317541	-0.49654	-4.5919	-57.4008
8.68972	0.914902	-1.39306	45.7451	-69.6528	0.317015	-0.496858	-4.59211	-57.4605
8.6985	0.9136	-1.39193	45.68	-69.5964	0.316489	-0.497177	-4.59232	-57.5203
8.70727	0.912301	-1.3908	45.615	-69.54	0.315963	-0.497495	-4.59253	-57.58
8.71605	0.911004	-1.38967	45.5502	-69.4837	0.315436	-0.497812	-4.59274	-57.6398
8.72482	0.90971	-1.38855	45.4855	-69.4274	0.314909	-0.498129	-4.59295	-57.6995
8.7336	0.908419	-1.38742	45.421	-69.3711	0.314382	-0.498445	-4.59316	-57.7593
8.74238	0.907131	-1.3863	45.3566	-69.3148	0.313854	-0.49876	-4.59337	-57.8191
8.75115	0.905846	-1.38517	45.2923	-69.2586	0.313326	-0.499076	-4.59358	-57.8789
8.75993	0.904563	-1.38405	45.2282	-69.2024	0.312798	-0.49939	-4.59379	-57.9386
8.76871	0.903283	-1.38292	45.1642	-69.1462	0.312269	-0.499704	-4.594	-57.9984
8.77748	0.902007	-1.3818	45.1003	-69.09	0.31174	-0.500018	-4.59421	-58.0582
8.78626	0.900732	-1.38068	45.0366	-69.0338	0.31121	-0.500331	-4.59441	-58.118
8.79504	0.899461	-1.37955	44.973	-68.9777	0.310681	-0.500644	-4.59462	-58.1778
8.80381	0.898192	-1.37843	44.9096	-68.9216	0.310151	-0.500956	-4.59483	-58.2376
8.81259	0.896926	-1.37731	44.8463	-68.8655	0.30962	-0.501267	-4.59504	-58.2974
8.82136	0.895663	-1.37619	44.7832	-68.8094	0.309089	-0.501578	-4.59524	-58.3572
8.83014	0.894403	-1.37507	44.7201	-68.7534	0.308558	-0.501889	-4.59545	-58.417
8.83892	0.893145	-1.37395	44.6572	-68.6973	0.308027	-0.502199	-4.59566	-58.4769
8.84769	0.89189	-1.37283	44.5945	-68.6413	0.307495	-0.502508	-4.59586	-58.5367
8.85647	0.890638	-1.37171	44.5319	-68.5854	0.306963	-0.502817	-4.59607	-58.5965
8.86525	0.889388	-1.37059	44.4694	-68.5294	0.30643	-0.503125	-4.59628	-58.6563
8.87402	0.888141	-1.36947	44.4071	-68.4735	0.305897	-0.503433	-4.59648	-58.7162
8.8828	0.886897	-1.36835	44.3449	-68.4176	0.305364	-0.50374	-4.59669	-58.776
8.89157	0.885656	-1.36723	44.2828	-68.3617	0.304831	-0.504047	-4.59689	-58.8359
8.90035	0.884417	-1.36612	44.2209	-68.3058	0.304297	-0.504353	-4.5971	-58.8957
8.90913	0.883181	-1.365	44.159	-68.25	0.303763	-0.504659	-4.5973	-58.9556
8.9179	0.881948	-1.36388	44.0974	-68.1942	0.303228	-0.504964	-4.59751	-59.0154
8.92668	0.880717	-1.36277	44.0358	-68.1384	0.302693	-0.505269	-4.59771	-59.0753
8.93546	0.879489	-1.36165	43.9744	-68.0826	0.302158	-0.505573	-4.59792	-59.1351
8.94423	0.878263	-1.36054	43.9132	-68.0269	0.301623	-0.505876	-4.59812	-59.195
8.95301	0.87704	-1.35942	43.852	-67.9712	0.301087	-0.506179	-4.59833	-59.2549
8.96178	0.87582	-1.35831	43.791	-67.9155	0.300551	-0.506482	-4.59853	-59.3147
8.97056	0.874603	-1.3572	43.7301	-67.8598	0.300014	-0.506784	-4.59873	-59.3746
8.97934	0.873388	-1.35608	43.6694	-67.8041	0.299477	-0.507085	-4.59894	-59.4345
8.98811	0.872176	-1.35497	43.6088	-67.7485	0.29894	-0.507386	-4.59914	-59.4944
8.99689	0.870966	-1.35386	43.5483	-67.6929	0.298403	-0.507686	-4.59934	-59.5543
9.00567	0.869759	-1.35275	43.4879	-67.6374	0.297865	-0.507986	-4.59954	-59.6142
9.01444	0.868554	-1.35164	43.4277	-67.5818	0.297327	-0.508285	-4.59975	-59.6741
9.02322	0.867352	-1.35053	43.3676	-67.5263	0.296788	-0.508584	-4.59995	-59.734
9.03199	0.866153	-1.34942	43.3077	-67.4708	0.296249	-0.508882	-4.60015	-59.7939
9.04077	0.864956	-1.34831	43.2478	-67.4153	0.29571	-0.50918	-4.60035	-59.8538
9.04955	0.863762	-1.3472	43.1881	-67.3599	0.295171	-0.509477	-4.60055	-59.9137
9.05832	0.862571	-1.34609	43.1285	-67.3044	0.294631	-0.509774	-4.60075	-59.9736
9.0671	0.861381	-1.34498	43.0691	-67.2491	0.294091	-0.51007	-4.60096	-60.0335
9.07588	0.860195	-1.34387	43.0097	-67.1937	0.293551	-0.510365	-4.60116	-60.0935
9.08465	0.859011	-1.34277	42.9506	-67.1383	0.29301	-0.51066	-4.60136	-60.1534
9.09343	0.85783	-1.34166	42.8915	-67.083	0.292469	-0.510955	-4.60156	-60.2133
9.1022	0.856651	-1.34055	42.8325	-67.0277	0.291927	-0.511249	-4.60176	-60.2733
9.11098	0.855474	-1.33945	42.7737	-66.9725	0.291386	-0.511542	-4.60196	-60.3332
9.11976	0.8543	-1.33834	42.715	-66.9172	0.290844	-0.511835	-4.60216	-60.3931
9.12853	0.853129	-1.33724	42.6565	-66.862	0.290301	-0.512127	-4.60235	-60.4531
9.13731	0.85196	-1.33614	42.598	-66.8068	0.289759	-0.512419	-4.60255	-60.513
9.14609	0.850794	-1.33503	42.5397	-66.7516	0.289216	-0.51271	-4.60275	-60.573
9.15486	0.84963	-1.33393	42.4815	-66.6965	0.288672	-0.513001	-4.60295	-60.633
9.16364	0.848469	-1.33283	42.4234	-66.6414	0.288129	-0.513291	-4.60315	-60.6929
9.17241	0.84731	-1.33173	42.3655	-66.5863	0.287585	-0.51358	-4.60335	-60.7529
9.18119	0.846153	-1.33063	42.3077	-66.5313	0.287041	-0.513869	-4.60354	-60.8129
9.18997	0.845	-1.32952	42.25	-66.4762	0.286496	-0.514158	-4.60374	-60.8728
9.19874	0.843848	-1.32842	42.1924	-66.4212	0.285951	-0.514446	-4.60394	-60.9328
9.20752	0.842699	-1.32732	42.135	-66.3662	0.285406	-0.514733	-4.60414	-60.9928
9.2163	0.841552	-1.32623	42.0776	-66.3113	0.28486	-0.51502	-4.60433	-61.0528
9.22507	0.840408	-1.32513	42.0204	-66.2564	0.284315	-0.515306	-4.60453	-61.1128
9.23385	0.839267	-1.32403	41.9633	-66.2015	0.283768	-0.515592	-4.60472	-61.1728
9.24262	0.838127	-1.32293	41.9064	-66.1466	0.283222	-0.515877	-4.60492	-61.2328
9.2514	0.836991	-1.32183	41.8495	-66.0917	0.282675	-0.516162	-4.60512	-61.2928
9.26018	0.835856	-1.32074	41.7928	-66.0369	0.282128	-0.516446	-4.60531	-61.3528
9.26895	0.834724	-1.31964	41.7362	-65.9821	0.281581	-0.51673	-4.60551	-61.4128
9.27773	0.833594	-1.31855	41.6797	-65.9274	0.281033	-0.517013	-4.6057	-61.4728
9.28651	0.832467	-1.31745	41.6234	-65.8726	0.280485	-0.517295	-4.6059	-61.5328
9.29528	0.831342	-1.31636	41.5671	-65.8179	0.279937	-0.517577	-4.60609	-61.5928
9.30406	0.83022	-1.31526	41.511	-65.7632	0.279388	-0.517859	-4.60628	-61.6529
9.31283	0.8291	-1.31417	41.455	-65.7086	0.278839	-0.51814	-4.60648	-61.7129
9.32161	0.827982	-1.31308	41.3991	-65.654	0.27829	-0.51842	-4.60667	-61.7729
9.33039	0.826867	-1.31199	41.3433	-65.5994	0.27774	-0.5187	-4.60686	-61.833
9.33916	0.825754	-1.3109	41.2877	-65.5448	0.27719	-0.518979	-4.60706	-61.893
9.34794	0.824643	-1.30981	41.2322	-65.4903	0.27664	-0.519258	-4.60725	-61.9531
9.35672	0.823535	-1.30871	41.1768	-65.4357	0.27609	-0.519536	-4.60744	-62.0131
9.36549	0.822429	-1.30763	41.1215	-65.3813	0.275539	-0.519814	-4.60763	-62.0732
9.37427	0.821326	-1.30654	41.0663	-65.3268	0.274988	-0.520091	-4.60783	-62.1332
9.38304	0.820224	-1.30545	41.0112	-65.2724	0.274437	-0.520367	-4.60802	-62.1933
9.39182	0.819125	-1.30436	40.9563	-65.218	0.273885	-0.520643	-4.60821	-62.2533
9.4006	0.818029	-1.30327	40.9014	-65.1636	0.273333	-0.520918	-4.6084	-62.3134
9.40937	0.816934	-1.30218	40.8467	-65.1092	0.272781	-0.521193	-4.60859	-62.3735
9.41815	0.815842	-1.3011	40.7921	-65.0549	0.272228	-0.521468	-4.60878	-62.4335
9.42693	0.814753	-1.30001	40.7376	-65.0006	0.271675	-0.521741	-4.60897	-62.4936
9.4357	0.813665	-1.29893	40.6833	-64.9464	0.271122	-0.522015	-4.60916	-62.5537
9.44448	0.81258	-1.29784	40.629	-64.8921	0.270568	-0.522287	-4.60935	-62.6138
9.45325	0.811498	-1.29676	40.5749	-64.8379	0.270015	-0.522559	-4.60954	-62.6739
9.46203	0.810417	-1.29568	40.5208	-64.7838	0.269461	-0.522831	-4.60973	-62.734
9.47081	0.809339	-1.29459	40.4669	-64.7296	0.268906	-0.523102	-4.60992	-62.7941
9.47958	0.808263	-1.29351	40.4131	-64.6755	0.268351	-0.523372	-4.6101	-62.8542
9.48836	0.807189	-1.29243	40.3595	-64.6214	0.267796	-0.523642	-4.61029	-62.9143
9.49714	0.806118	-1.29135	40.3059	-64.5673	0.267241	-0.523912	-4.61048	-62.9744
9.50591	0.805048	-1.29027	40.2524	-64.5133	0.266686	-0.52418	-4.61067	-63.0345
9.51469	0.803981	-1.28919	40.1991	-64.4593	0.26613	-0.524449	-4.61085	-63.0946
9.52346	0.802917	-1.28811	40.1458	-64.4053	0.265574	-0.524716	-4.61104	-63.1547
9.53224	0.801854	-1.28703	40.0927	-64.3514	0.265017	-0.524983	-4.61123	-63.2149
9.54102	0.800794	-1.28595	40.0397	-64.2975	0.26446	-0.52525	-4.61141	-63.275
9.54979	0.799736	-1.28487	39.9868	-64.2436	0.263903	-0.525516	-4.6116	-63.3351
9.55857	0.79868	-1.28379	39.934	-64.1897	0.263346	-0.525781	-4.61179	-63.3953
9.56735	0.797626	-1.28272	39.8813	-64.1359	0.262788	-0.526046	-4.61197	-63.4554
9.57612	0.796575	-1.28164	39.8287	-64.0821	0.26223	-0.526311	-4.61216	-63.5156
9.5849	0.795526	-1.28057	39.7763	-64.0283	0.261672	-0.526574	-4.61234	-63.5757
9.59367	0.794479	-1.27949	39.7239	-63.9746	0.261114	-0.526838	-4.61252	-63.6358
9.60245	0.793434	-1.27842	39.6717	-63.9209	0.260555	-0.5271	-4.61271	-63.696
9.61123	0.792391	-1.27734	39.6196	-63.8672	0.259996	-0.527362	-4.61289	-63.7562
9.62	0.791351	-1.27627	39.5675	-63.8135	0.259437	-0.527624	-4.61308	-63.8163
9.62878	0.790312	-1.2752	39.5156	-63.7599	0.258877	-0.527885	-4.61326	-63.8765
9.63756	0.789276	-1.27413	39.4638	-63.7063	0.258317	-0.528146	-4.61344	-63.9367
9.64633	0.788242	-1.27306	39.4121	-63.6528	0.257757	-0.528405	-4.61362	-63.9968
9.65511	0.78721	-1.27198	39.3605	-63.5992	0.257196	-0.528665	-4.61381	-64.057
9.66388	0.786181	-1.27091	39.309	-63.5457	0.256635	-0.528924	-4.61399	-64.1172
9.67266	0.785153	-1.26985	39.2577	-63.4923	0.256074	-0.529182	-4.61417	-64.1774
9.68144	0.784128	-1.26878	39.2064	-63.4388	0.255513	-0.529439	-4.61435	-64.2376
9.69021	0.783104	-1.26771	39.1552	-63.3854	0.254951	-0.529697	-4.61453	-64.2977
9.69899	0.782083	-1.26664	39.1042	-63.332	0.254389	-0.529953	-4.61471	-64.3579
9.70777	0.781064	-1.26557	39.0532	-63.2787	0.253827	-0.530209	-4.61489	-64.4181
9.71654	0.780047	-1.26451	39.0024	-63.2253	0.253265	-0.530464	-4.61507	-64.4783
9.72532	0.779032	-1.26344	38.9516	-63.172	0.252702	-0.530719	-4.61525	-64.5386
9.73409	0.77802	-1.26238	38.901	-63.1188	0.252139	-0.530974	-4.61543	-64.5988
9.74287	0.777009	-1.26131	38.8505	-63.0655	0.251576	-0.531227	-4.61561	-64.659
9.75165	0.776001	-1.26025	38.8	-63.0123	0.251012	-0.531481	-4.61579	-64.7192
9.76042	0.774994	-1.25918	38.7497	-62.9592	0.250448	-0.531733	-4.61597	-64.7794
9.7692	0.77399	-1.25812	38.6995	-62.906	0.249884	-0.531985	-4.61614	-64.8396
9.77798	0.772988	-1.25706	38.6494	-62.8529	0.249319	-0.532237	-4.61632	-64.8999
9.78675	0.771988	-1.256	38.5994	-62.7998	0.248755	-0.532488	-4.6165	-64.9601
9.79553	0.770989	-1.25494	38.5495	-62.7468	0.24819	-0.532738	-4.61668	-65.0203
9.8043	0.769993	-1.25388	38.4997	-62.6938	0.247624	-0.532988	-4.61685	-65.0806
9.81308	0.768999	-1.25282	38.45	-62.6408	0.247059	-0.533237	-4.61703	-65.1408
9.82186	0.768008	-1.25176	38.4004	-62.5878	0.246493	-0.533486	-4.61721	-65.2011
9.83063	0.767018	-1.2507	38.3509	-62.5349	0.245927	-0.533734	-4.61738	-65.2613
9.83941	0.76603	-1.24964	38.3015	-62.482	0.245361	-0.533981	-4.61756	-65.3216
9.84819	0.765044	-1.24858	38.2522	-62.4291	0.244794	-0.534228	-4.61773	-65.3818
9.85696	0.76406	-1.24753	38.203	-62.3763	0.244227	-0.534475	-4.61791	-65.4421
9.86574	0.763079	-1.24647	38.1539	-62.3235	0.24366	-0.534721	-4.61808	-65.5023
9.87451	0.762099	-1.24541	38.1049	-62.2707	0.243092	-0.534966	-4.61825	-65.5626
9.88329	0.761121	-1.24436	38.0561	-62.2179	0.242525	-0.535211	-4.61843	-65.6229
9.89207	0.760146	-1.2433	38.0073	-62.1652	0.241957	-0.535455	-4.6186	-65.6832
9.90084	0.759172	-1.24225	37.9586	-62.1125	0.241388	-0.535699	-4.61877	-65.7434
9.90962	0.7582	-1.2412	37.91	-62.0599	0.24082	-0.535942	-4.61895	-65.8037
9.9184	0.757231	-1.24015	37.8615	-62.0073	0.240251	-0.536184	-4.61912	-65.864
9.92717	0.756263	-1.23909	37.8131	-61.9547	0.239682	-0.536426	-4.61929	-65.9243
9.93595	0.755297	-1.23804	37.7649	-61.9021	0.239113	-0.536667	-4.61946	-65.9846
9.94472	0.754333	-1.23699	37.7167	-61.8496	0.238543	-0.536908	-4.61963	-66.0449
9.9535	0.753372	-1.23594	37.6686	-61.7971	0.237973	-0.537148	-4.6198	-66.1052
9.96228	0.752412	-1.23489	37.6206	-61.7446	0.237403	-0.537388	-4.61997	-66.1655
9.97105	0.751454	-1.23384	37.5727	-61.6922	0.236833	-0.537627	-4.62014	-66.2258
9.97983	0.750498	-1.2328	37.5249	-61.6398	0.236262	-0.537865	-4.62031	-66.2861
9.98861	0.749545	-1.23175	37.4772	-61.5874	0.235691	-0.538103	-4.62048	-66.3464
9.99738	0.748593	-1.2307	37.4296	-61.535	0.23512	-0.538341	-4.62065	-66.4067
10.0062	0.747643	-1.22965	37.3821	-61.4827	0.234549	-0.538578	-4.62082	-66.4671
10.0149	0.746695	-1.22861	37.3347	-61.4305	0.233977	-0.538814	-4.62099	-66.5274
10.0237	0.745749	-1.22756	37.2874	-61.3782	0.233405	-0.539049	-4.62115	-66.5877
10.0325	0.744804	-1.22652	37.2402	-61.326	0.232833	-0.539284	-4.62132	-66.648
10.0413	0.743862	-1.22548	37.1931	-61.2738	0.23226	-0.539519	-4.62149	-66.7084
10.05	0.742922	-1.22443	37.1461	-61.2216	0.231687	-0.539753	-4.62165	-66.7687
10.0588	0.741983	-1.22339	37.0992	-61.1695	0.231114	-0.539986	-4.62182	-66.8291
10.0676	0.741047	-1.22235	37.0524	-61.1174	0.230541	-0.540219	-4.62199	-66.8894
10.0764	0.740112	-1.22131	37.0056	-61.0654	0.229968	-0.540451	-4.62215	-66.9497
10.0851	0.73918	-1.22027	36.959	-61.0133	0.229394	-0.540683	-4.62232	-67.0101
10.0939	0.738249	-1.21923	36.9125	-60.9613	0.22882	-0.540914	-4.62248	-67.0705
10.1027	0.73732	-1.21819	36.866	-60.9094	0.228246	-0.541145	-4.62265	-67.1308
10.1115	0.736393	-1.21715	36.8197	-60.8574	0.227671	-0.541375	-4.62281	-67.1912
10.1203	0.735468	-1.21611	36.7734	-60.8055	0.227096	-0.541604	-4.62297	-67.2515
10.129	0.734545	-1.21507	36.7272	-60.7536	0.226521	-0.541833	-4.62314	-67.3119
10.1378	0.733624	-1.21404	36.6812	-60.7018	0.225946	-0.542061	-4.6233	-67.3723
10.1466	0.732704	-1.213	36.6352	-60.65	0.22537	-0.542289	-4.62346	-67.4327
10.1554	0.731787	-1.21196	36.5893	-60.5982	0.224795	-0.542516	-4.62362	-67.493
10.1641	0.730871	-1.21093	36.5435	-60.5465	0.224218	-0.542742	-4.62379	-67.5534
10.1729	0.729957	-1.20989	36.4979	-60.4947	0.223642	-0.542968	-4.62395	-67.6138
10.1817	0.729045	-1.20886	36.4523	-60.4431	0.223066	-0.543193	-4.62411	-67.6742
10.1905	0.728135	-1.20783	36.4067	-60.3914	0.222489	-0.543418	-4.62427	-67.7346
10.1992	0.727227	-1.2068	36.3613	-60.3398	0.221912	-0.543642	-4.62443	-67.795
10.208	0.72632	-1.20576	36.316	-60.2882	0.221334	-0.543866	-4.62459	-67.8554
10.2168	0.725415	-1.20473	36.2708	-60.2366	0.220757	-0.544089	-4.62475	-67.9158
10.2256	0.724513	-1.2037	36.2256	-60.1851	0.220179	-0.544312	-4.62491	-67.9762
10.2343	0.723612	-1.20267	36.1806	-60.1336	0.219601	-0.544533	-4.62507	-68.0366
10.2431	0.722712	-1.20164	36.1356	-60.0822	0.219023	-0.544755	-4.62522	-68.097
10.2519	0.721815	-1.20061	36.0908	-60.0307	0.218444	-0.544976	-4.62538	-68.1575
10.2607	0.72092	-1.19959	36.046	-59.9793	0.217866	-0.545196	-4.62554	-68.2179
10.2694	0.720026	-1.19856	36.0013	-59.928	0.217286	-0.545415	-4.6257	-68.2783
10.2782	0.719134	-1.19753	35.9567	-59.8766	0.216707	-0.545634	-4.62585	-68.3387
10.287	0.718244	-1.19651	35.9122	-59.8253	0.216128	-0.545853	-4.62601	-68.3992
10.2958	0.717355	-1.19548	35.8678	-59.774	0.215548	-0.546071	-4.62616	-68.4596
10.3046	0.716469	-1.19446	35.8234	-59.7228	0.214968	-0.546288	-4.62632	-68.52
10.3133	0.715584	-1.19343	35.7792	-59.6716	0.214388	-0.546505	-4.62648	-68.5805
10.3221	0.714701	-1.19241	35.7351	-59.6204	0.213807	-0.546721	-4.62663	-68.6409
10.3309	0.71382	-1.19139	35.691	-59.5693	0.213227	-0.546936	-4.62678	-68.7014
10.3397	0.71294	-1.19036	35.647	-59.5182	0.212646	-0.547151	-4.62694	-68.7618
10.3484	0.712063	-1.18934	35.6031	-59.4671	0.212065	-0.547366	-4.62709	-68.8223
10.3572	0.711187	-1.18832	35.5593	-59.416	0.211483	-0.54758	-4.62724	-68.8827
10.366	0.710313	-1.1873	35.5156	-59.365	0.210901	-0.547793	-4.6274	-68.9432
10.3748	0.70944	-1.18628	35.472	-59.314	0.21032	-0.548006	-4.62755	-69.0036
10.3835	0.70857	-1.18526	35.4285	-59.2631	0.209737	-0.548218	-4.6277	-69.0641
10.3923	0.707701	-1.18424	35.385	-59.2122	0.209155	-0.548429	-4.62785	-69.1246
10.4011	0.706834	-1.18323	35.3417	-59.1613	0.208572	-0.54864	-4.628	-69.1851
10.4099	0.705968	-1.18221	35.2984	-59.1104	0.20799	-0.54885	-4.62815	-69.2455
10.4186	0.705105	-1.18119	35.2552	-59.0596	0.207407	-0.54906	-4.6283	-69.306
10.4274	0.704243	-1.18018	35.2121	-59.0088	0.206823	-0.549269	-4.62845	-69.3665
10.4362	0.703382	-1.17916	35.1691	-58.958	0.20624	-0.549478	-4.6286	-69.427
10.445	0.702524	-1.17815	35.1262	-58.9073	0.205656	-0.549686	-4.62875	-69.4875
10.4537	0.701667	-1.17713	35.0833	-58.8566	0.205072	-0.549893	-4.6289	-69.548
10.4625	0.700812	-1.17612	35.0406	-58.806	0.204488	-0.5501	-4.62905	-69.6085
10.4713	0.699959	-1.17511	34.9979	-58.7553	0.203903	-0.550307	-4.62919	-69.669
10.4801	0.699107	-1.17409	34.9553	-58.7047	0.203319	-0.550512	-4.62934	-69.7295
10.4889	0.698257	-1.17308	34.9128	-58.6542	0.202734	-0.550717	-4.62949	-69.79
10.4976	0.697409	-1.17207	34.8704	-58.6036	0.202149	-0.550922	-4.62963	-69.8505
10.5064	0.696562	-1.17106	34.8281	-58.5531	0.201563	-0.551126	-4.62978	-69.911
10.5152	0.695717	-1.17005	34.7859	-58.5026	0.200978	-0.551329	-4.62992	-69.9715
10.524	0.694874	-1.16904	34.7437	-58.4522	0.200392	-0.551532	-4.63007	-70.032
10.5327	0.694032	-1.16804	34.7016	-58.4018	0.199806	-0.551734	-4.63021	-70.0926
10.5415	0.693192	-1.16703	34.6596	-58.3514	0.19922	-0.551936	-4.63036	-70.1531
10.5503	0.692354	-1.16602	34.6177	-58.3011	0.198633	-0.552137	-4.6305	-70.2136
10.5591	0.691518	-1.16502	34.5759	-58.2508	0.198046	-0.552337	-4.63064	-70.2742
10.5678	0.690683	-1.16401	34.5341	-58.2005	0.19746	-0.552537	-4.63079	-70.3347
10.5766	0.68985	-1.163	34.4925	-58.1502	0.196872	-0.552736	-4.63093	-70.3952
10.5854	0.689018	-1.162	34.4509	-58.1	0.196285	-0.552935	-4.63107	-70.4558
10.5942	0.688188	-1.161	34.4094	-58.0498	0.195697	-0.553133	-4.63121	-70.5163
10.6029	0.68736	-1.15999	34.368	-57.9997	0.19511	-0.553331	-4.63135	-70.5769
10.6117	0.686533	-1.15899	34.3267	-57.9496	0.194522	-0.553528	-4.63149	-70.6374
10.6205	0.685708	-1.15799	34.2854	-57.8995	0.193933	-0.553724	-4.63163	-70.698
10.6293	0.684885	-1.15699	34.2442	-57.8494	0.193345	-0.55392	-4.63177	-70.7585
10.638	0.684063	-1.15599	34.2032	-57.7994	0.192756	-0.554115	-4.63191	-70.8191
10.6468	0.683243	-1.15499	34.1622	-57.7494	0.192167	-0.55431	-4.63205	-70.8797
10.6556	0.682425	-1.15399	34.1212	-57.6995	0.191578	-0.554504	-4.63219	-70.9402
10.6644	0.681608	-1.15299	34.0804	-57.6496	0.190989	-0.554697	-4.63233	-71.0008
10.6732	0.680792	-1.15199	34.0396	-57.5997	0.190399	-0.55489	-4.63246	-71.0614
10.6819	0.679979	-1.151	33.9989	-57.5498	0.18981	-0.555082	-4.6326	-71.1219
10.6907	0.679167	-1.15	33.9583	-57.5	0.18922	-0.555274	-4.63274	-71.1825
10.6995	0.678356	-1.149	33.9178	-57.4502	0.188629	-0.555465	-4.63287	-71.2431
10.7083	0.677547	-1.14801	33.8774	-57.4004	0.188039	-0.555655	-4.63301	-71.3037
10.717	0.67674	-1.14701	33.837	-57.3507	0.187448	-0.555845	-4.63314	-71.3643
10.7258	0.675935	-1.14602	33.7967	-57.301	0.186858	-0.556034	-4.63328	-71.4249
10.7346	0.67513	-1.14503	33.7565	-57.2513	0.186267	-0.556223	-4.63341	-71.4855
10.7434	0.674328	-1.14403	33.7164	-57.2017	0.185675	-0.556411	-4.63355	-71.5461
10.7521	0.673527	-1.14304	33.6764	-57.1521	0.185084	-0.556599	-4.63368	-71.6067
10.7609	0.672728	-1.14205	33.6364	-57.1025	0.184492	-0.556786	-4.63381	-71.6673
10.7697	0.67193	-1.14106	33.5965	-57.053	0.1839	-0.556972	-4.63394	-71.7279
10.7785	0.671134	-1.14007	33.5567	-57.0035	0.183308	-0.557158	-4.63408	-71.7885
10.7872	0.670339	-1.13908	33.517	-56.954	0.182716	-0.557343	-4.63421	-71.8491
10.796	0.669546	-1.13809	33.4773	-56.9046	0.182123	-0.557528	-4.63434	-71.9097
10.8048	0.668754	-1.1371	33.4377	-56.8552	0.181531	-0.557712	-4.63447	-71.9703
10.8136	0.667965	-1.13612	33.3982	-56.8058	0.180938	-0.557895	-4.6346	-72.031
10.8224	0.667176	-1.13513	33.3588	-56.7564	0.180345	-0.558078	-4.63473	-72.0916
10.8311	0.666389	-1.13414	33.3195	-56.7071	0.179751	-0.55826	-4.63486	-72.1522
10.8399	0.665604	-1.13316	33.2802	-56.6578	0.179158	-0.558442	-4.63499	-72.2129
10.8487	0.66482	-1.13217	33.241	-56.6086	0.178564	-0.558623	-4.63511	-72.2735
10.8575	0.664038	-1.13119	33.2019	-56.5594	0.17797	-0.558803	-4.63524	-72.3341
10.8662	0.663257	-1.1302	33.1629	-56.5102	0.177376	-0.558983	-4.63537	-72.3948
10.875	0.662478	-1.12922	33.1239	-56.4611	0.176782	-0.559163	-4.63549	-72.4554
10.8838	0.6617	-1.12824	33.085	-56.4119	0.176187	-0.559341	-4.63562	-72.5161
10.8926	0.660924	-1.12726	33.0462	-56.3628	0.175593	-0.559519	-4.63575	-72.5767
10.9013	0.660149	-1.12628	33.0075	-56.3138	0.174998	-0.559697	-4.63587	-72.6374
10.9101	0.659376	-1.1253	32.9688	-56.2648	0.174403	-0.559874	-4.636	-72.698
10.9189	0.658604	-1.12432	32.9302	-56.2158	0.173807	-0.56005	-4.63612	-72.7587
10.9277	0.657834	-1.12334	32.8917	-56.1668	0.173212	-0.560226	-4.63624	-72.8193
10.9364	0.657066	-1.12236	32.8533	-56.1179	0.172616	-0.560401	-4.63637	-72.88
10.9452	0.656299	-1.12138	32.8149	-56.069	0.17202	-0.560575	-4.63649	-72.9407
10.954	0.655533	-1.1204	32.7766	-56.0202	0.171424	-0.560749	-4.63661	-73.0013
10.9628	0.654769	-1.11943	32.7384	-55.9713	0.170828	-0.560923	-4.63673	-73.062
10.9715	0.654006	-1.11845	32.7003	-55.9225	0.170231	-0.561095	-4.63685	-73.1227
10.9803	0.653245	-1.11748	32.6622	-55.8738	0.169635	-0.561268	-4.63698	-73.1834
10.9891	0.652485	-1.1165	32.6243	-55.825	0.169038	-0.561439	-4.6371	-73.244
10.9979	0.651727	-1.11553	32.5863	-55.7763	0.168441	-0.56161	-4.63722	-73.3047
11.0067	0.65097	-1.11455	32.5485	-55.7277	0.167843	-0.561781	-4.63733	-73.3654
11.0154	0.650215	-1.11358	32.5107	-55.679	0.167246	-0.56195	-4.63745	-73.4261
11.0242	0.649461	-1.11261	32.473	-55.6304	0.166648	-0.56212	-4.63757	-73.4868
11.033	0.648708	-1.11164	32.4354	-55.5819	0.166051	-0.562288	-4.63769	-73.5475
11.0418	0.647958	-1.11067	32.3979	-55.5333	0.165453	-0.562456	-4.63781	-73.6082
11.0505	0.647208	-1.1097	32.3604	-55.4848	0.164854	-0.562624	-4.63792	-73.6689
11.0593	0.64646	-1.10873	32.323	-55.4363	0.164256	-0.56279	-4.63804	-73.7296
11.0681	0.645713	-1.10776	32.2857	-55.3879	0.163657	-0.562957	-4.63816	-73.7903
11.0769	0.644968	-1.10679	32.2484	-55.3395	0.163059	-0.563122	-4.63827	-73.851
11.0856	0.644225	-1.10582	32.2112	-55.2911	0.16246	-0.563287	-4.63839	-73.9117
11.0944	0.643482	-1.10486	32.1741	-55.2428	0.161861	-0.563452	-4.6385	-73.9724
11.1032	0.642741	-1.10389	32.1371	-55.1945	0.161261	-0.563616	-4.63861	-74.0332
11.112	0.642002	-1.10292	32.1001	-55.1462	0.160662	-0.563779	-4.63873	-74.0939
11.1207	0.641264	-1.10196	32.0632	-55.0979	0.160062	-0.563941	-4.63884	-74.1546
11.1295	0.640528	-1.10099	32.0264	-55.0497	0.159462	-0.564103	-4.63895	-74.2153
11.1383	0.639792	-1.10003	31.9896	-55.0015	0.158862	-0.564265	-4.63906	-74.2761
11.1471	0.639059	-1.09907	31.9529	-54.9534	0.158262	-0.564426	-4.63917	-74.3368
11.1558	0.638326	-1.09811	31.9163	-54.9053	0.157662	-0.564586	-4.63928	-74.3975
11.1646	0.637595	-1.09714	31.8798	-54.8572	0.157061	-0.564746	-4.63939	-74.4583
11.1734	0.636866	-1.09618	31.8433	-54.8091	0.15646	-0.564905	-4.6395	-74.519
11.1822	0.636138	-1.09522	31.8069	-54.7611	0.155859	-0.565063	-4.63961	-74.5797
11.191	0.635411	-1.09426	31.7706	-54.7131	0.155258	-0.565221	-4.63972	-74.6405
11.1997	0.634686	-1.0933	31.7343	-54.6651	0.154657	-0.565378	-4.63983	-74.7012
11.2085	0.633962	-1.09234	31.6981	-54.6172	0.154055	-0.565535	-4.63994	-74.762
11.2173	0.633239	-1.09139	31.662	-54.5693	0.153454	-0.565691	-4.64004	-74.8227
11.2261	0.632518	-1.09043	31.6259	-54.5215	0.152852	-0.565847	-4.64015	-74.8835
11.2348	0.631798	-1.08947	31.5899	-54.4736	0.15225	-0.566001	-4.64026	-74.9443
11.2436	0.63108	-1.08852	31.554	-54.4258	0.151648	-0.566156	-4.64036	-75.005
11.2524	0.630363	-1.08756	31.5182	-54.3781	0.151046	-0.566309	-4.64047	-75.0658
11.2612	0.629647	-1.08661	31.4824	-54.3303	0.150443	-0.566462	-4.64057	-75.1265
11.2699	0.628933	-1.08565	31.4467	-54.2826	0.14984	-0.566615	-4.64067	-75.1873
11.2787	0.62822	-1.0847	31.411	-54.2349	0.149237	-0.566767	-4.64078	-75.2481
11.2875	0.627509	-1.08375	31.3754	-54.1873	0.148634	-0.566918	-4.64088	-75.3089
11.2963	0.626798	-1.08279	31.3399	-54.1397	0.148031	-0.567069	-4.64098	-75.3696
11.305	0.62609	-1.08184	31.3045	-54.0921	0.147428	-0.567219	-4.64108	-75.4304
11.3138	0.625382	-1.08089	31.2691	-54.0446	0.146824	-0.567368	-4.64119	-75.4912
11.3226	0.624676	-1.07994	31.2338	-53.9971	0.146221	-0.567517	-4.64129	-75.552
11.3314	0.623971	-1.07899	31.1986	-53.9496	0.145617	-0.567665	-4.64139	-75.6128
11.3402	0.623268	-1.07804	31.1634	-53.9021	0.145013	-0.567813	-4.64149	-75.6736
11.3489	0.622566	-1.07709	31.1283	-53.8547	0.144409	-0.56796	-4.64158	-75.7344
11.3577	0.621865	-1.07615	31.0932	-53.8073	0.143804	-0.568107	-4.64168	-75.7952
11.3665	0.621165	-1.0752	31.0583	-53.76	0.1432	-0.568253	-4.64178	-75.856
11.3753	0.620467	-1.07425	31.0234	-53.7127	0.142595	-0.568398	-4.64188	-75.9168
11.384	0.619771	-1.07331	30.9885	-53.6654	0.14199	-0.568543	-4.64197	-75.9776
11.3928	0.619075	-1.07236	30.9538	-53.6181	0.141385	-0.568687	-4.64207	-76.0384
11.4016	0.618381	-1.07142	30.919	-53.5709	0.14078	-0.56883	-4.64217	-76.0992
11.4104	0.617688	-1.07047	30.8844	-53.5237	0.140175	-0.568973	-4.64226	-76.16
11.4191	0.616997	-1.06953	30.8498	-53.4765	0.139569	-0.569115	-4.64236	-76.2208
11.4279	0.616306	-1.06859	30.8153	-53.4294	0.138963	-0.569257	-4.64245	-76.2816
11.4367	0.615618	-1.06765	30.7809	-53.3823	0.138358	-0.569398	-4.64254	-76.3424
11.4455	0.61493	-1.0667	30.7465	-53.3352	0.137752	-0.569538	-4.64264	-76.4032
11.4542	0.614244	-1.06576	30.7122	-53.2882	0.137146	-0.569678	-4.64273	-76.4641
11.463	0.613559	-1.06482	30.6779	-53.2412	0.136539	-0.569817	-4.64282	-76.5249
11.4718	0.612875	-1.06388	30.6437	-53.1942	0.135933	-0.569956	-4.64291	-76.5857
11.4806	0.612193	-1.06295	30.6096	-53.1473	0.135326	-0.570094	-4.643	-76.6466
11.4893	0.611511	-1.06201	30.5756	-53.1004	0.134719	-0.570232	-4.64309	-76.7074
11.4981	0.610832	-1.06107	30.5416	-53.0535	0.134112	-0.570368	-4.64318	-76.7682
11.5069	0.610153	-1.06013	30.5077	-53.0067	0.133505	-0.570505	-4.64327	-76.8291
11.5157	0.609476	-1.0592	30.4738	-52.9599	0.132898	-0.57064	-4.64336	-76.8899
11.5245	0.6088	-1.05826	30.44	-52.9131	0.132291	-0.570775	-4.64345	-76.9507
11.5332	0.608125	-1.05733	30.4063	-52.8663	0.131683	-0.57091	-4.64353	-77.0116
11.542	0.607452	-1.05639	30.3726	-52.8196	0.131076	-0.571044	-4.64362	-77.0724
11.5508	0.606779	-1.05546	30.339	-52.7729	0.130468	-0.571177	-4.64371	-77.1333
11.5596	0.606109	-1.05453	30.3054	-52.7263	0.12986	-0.571309	-4.64379	-77.1941
11.5683	0.605439	-1.05359	30.2719	-52.6796	0.129252	-0.571441	-4.64388	-77.255
11.5771	0.604771	-1.05266	30.2385	-52.6331	0.128643	-0.571573	-4.64396	-77.3159
11.5859	0.604103	-1.05173	30.2052	-52.5865	0.128035	-0.571704	-4.64405	-77.3767
11.5947	0.603438	-1.0508	30.1719	-52.54	0.127426	-0.571834	-4.64413	-77.4376
11.6034	0.602773	-1.04987	30.1386	-52.4935	0.126818	-0.571963	-4.64421	-77.4984
11.6122	0.602109	-1.04894	30.1055	-52.447	0.126209	-0.572092	-4.64429	-77.5593
11.621	0.601447	-1.04801	30.0724	-52.4006	0.1256	-0.572221	-4.64438	-77.6202
11.6298	0.600786	-1.04708	30.0393	-52.3542	0.124991	-0.572349	-4.64446	-77.681
11.6385	0.600127	-1.04616	30.0063	-52.3078	0.124381	-0.572476	-4.64454	-77.7419
11.6473	0.599468	-1.04523	29.9734	-52.2615	0.123772	-0.572602	-4.64462	-77.8028
11.6561	0.598811	-1.0443	29.9406	-52.2151	0.123162	-0.572728	-4.6447	-77.8637
11.6649	0.598155	-1.04338	29.9078	-52.1689	0.122552	-0.572854	-4.64478	-77.9246
11.6736	0.5975	-1.04245	29.875	-52.1226	0.121943	-0.572978	-4.64485	-77.9854
11.6824	0.596847	-1.04153	29.8423	-52.0764	0.121333	-0.573103	-4.64493	-78.0463
11.6912	0.596195	-1.0406	29.8097	-52.0302	0.120722	-0.573226	-4.64501	-78.1072
11.7	0.595544	-1.03968	29.7772	-51.9841	0.120112	-0.573349	-4.64508	-78.1681
11.7088	0.594894	-1.03876	29.7447	-51.938	0.119502	-0.573471	-4.64516	-78.229
11.7175	0.594245	-1.03784	29.7123	-51.8919	0.118891	-0.573593	-4.64524	-78.2899
11.7263	0.593598	-1.03692	29.6799	-51.8458	0.11828	-0.573714	-4.64531	-78.3508
11.7351	0.592951	-1.036	29.6476	-51.7998	0.117669	-0.573835	-4.64538	-78.4117
11.7439	0.592306	-1.03508	29.6153	-51.7538	0.117058	-0.573955	-4.64546	-78.4726
11.7526	0.591663	-1.03416	29.5831	-51.7078	0.116447	-0.574074	-4.64553	-78.5335
11.7614	0.59102	-1.03324	29.551	-51.6619	0.115836	-0.574193	-4.6456	-78.5944
11.7702	0.590378	-1.03232	29.5189	-51.616	0.115225	-0.574311	-4.64567	-78.6553
11.779	0.589738	-1.0314	29.4869	-51.5701	0.114613	-0.574428	-4.64574	-78.7162
11.7877	0.589099	-1.03049	29.455	-51.5243	0.114001	-0.574545	-4.64582	-78.7771
11.7965	0.588461	-1.02957	29.4231	-51.4785	0.11339	-0.574661	-4.64589	-78.838
11.8053	0.587825	-1.02865	29.3912	-51.4327	0.112778	-0.574777	-4.64595	-78.8989
11.8141	0.587189	-1.02774	29.3595	-51.387	0.112166	-0.574892	-4.64602	-78.9599
11.8228	0.586555	-1.02682	29.3277	-51.3412	0.111553	-0.575006	-4.64609	-79.0208
11.8316	0.585922	-1.02591	29.2961	-51.2956	0.110941	-0.57512	-4.64616	-79.0817
11.8404	0.58529	-1.025	29.2645	-51.2499	0.110329	-0.575233	-4.64623	-79.1426
11.8492	0.584659	-1.02409	29.2329	-51.2043	0.109716	-0.575346	-4.64629	-79.2036
11.8579	0.584029	-1.02317	29.2015	-51.1587	0.109103	-0.575458	-4.64636	-79.2645
11.8667	0.583401	-1.02226	29.17	-51.1131	0.108491	-0.575569	-4.64642	-79.3254
11.8755	0.582773	-1.02135	29.1387	-51.0676	0.107878	-0.57568	-4.64649	-79.3864
11.8843	0.582147	-1.02044	29.1074	-51.0221	0.107264	-0.57579	-4.64655	-79.4473
11.8931	0.581522	-1.01953	29.0761	-50.9767	0.106651	-0.5759	-4.64661	-79.5082
11.9018	0.580899	-1.01862	29.0449	-50.9312	0.106038	-0.576009	-4.64668	-79.5692
11.9106	0.580276	-1.01772	29.0138	-50.8858	0.105424	-0.576117	-4.64674	-79.6301
11.9194	0.579654	-1.01681	28.9827	-50.8404	0.104811	-0.576225	-4.6468	-79.691
11.9282	0.579034	-1.0159	28.9517	-50.7951	0.104197	-0.576332	-4.64686	-79.752
11.9369	0.578415	-1.015	28.9207	-50.7498	0.103583	-0.576439	-4.64692	-79.8129
11.9457	0.577797	-1.01409	28.8898	-50.7045	0.102969	-0.576545	-4.64698	-79.8739
11.9545	0.57718	-1.01319	28.859	-50.6593	0.102355	-0.57665	-4.64704	-79.9348
11.9633	0.576564	-1.01228	28.8282	-50.614	0.101741	-0.576755	-4.6471	-79.9958
11.972	0.575949	-1.01138	28.7975	-50.5688	0.101127	-0.576859	-4.64715	-80.0567
11.9808	0.575335	-1.01047	28.7668	-50.5237	0.100512	-0.576962	-4.64721	-80.1177
11.9896	0.574723	-1.00957	28.7362	-50.4786	0.0998977	-0.577065	-4.64727	-80.1787
11.9984	0.574112	-1.00867	28.7056	-50.4335	0.099283	-0.577167	-4.64732	-80.2396
12.0071	0.573501	-1.00777	28.6751	-50.3884	0.0986683	-0.577269	-4.64738	-80.3006
12.0159	0.572892	-1.00687	28.6446	-50.3434	0.0980533	-0.57737	-4.64743	-80.3616
12.0247	0.572284	-1.00597	28.6142	-50.2984	0.0974383	-0.57747	-4.64749	-80.4225
12.0335	0.571678	-1.00507	28.5839	-50.2534	0.0968232	-0.57757	-4.64754	-80.4835
12.0423	0.571072	-1.00417	28.5536	-50.2085	0.0962079	-0.577669	-4.64759	-80.5445
12.051	0.570467	-1.00327	28.5234	-50.1635	0.0955926	-0.577768	-4.64764	-80.6054
12.0598	0.569864	-1.00237	28.4932	-50.1187	0.0949771	-0.577866	-4.6477	-80.6664
12.0686	0.569261	-1.00148	28.4631	-50.0738	0.0943615	-0.577963	-4.64775	-80.7274
12.0774	0.56866	-1.00058	28.433	-50.029	0.0937458	-0.57806	-4.6478	-80.7884
12.0861	0.56806	-0.999684	28.403	-49.9842	0.09313	-0.578156	-4.64785	-80.8493
12.0949	0.567461	-0.998789	28.373	-49.9394	0.092514	-0.578252	-4.6479	-80.9103
12.1037	0.566863	-0.997894	28.3431	-49.8947	0.091898	-0.578347	-4.64794	-80.9713
12.1125	0.566266	-0.997	28.3133	-49.85	0.0912819	-0.578441	-4.64799	-81.0323
12.1212	0.56567	-0.996107	28.2835	-49.8054	0.0906656	-0.578535	-4.64804	-81.0933
12.13	0.565075	-0.995214	28.2538	-49.7607	0.0900492	-0.578628	-4.64808	-81.1543
12.1388	0.564481	-0.994322	28.2241	-49.7161	0.0894328	-0.57872	-4.64813	-81.2153
12.1476	0.563889	-0.993431	28.1944	-49.6715	0.0888162	-0.578812	-4.64817	-81.2763
12.1563	0.563297	-0.99254	28.1649	-49.627	0.0881995	-0.578903	-4.64822	-81.3373
12.1651	0.562707	-0.991649	28.1353	-49.5825	0.0875827	-0.578994	-4.64826	-81.3982
12.1739	0.562118	-0.99076	28.1059	-49.538	0.0869658	-0.579084	-4.64831	-81.4592
12.1827	0.561529	-0.989871	28.0765	-49.4935	0.0863488	-0.579174	-4.64835	-81.5202
12.1914	0.560942	-0.988982	28.0471	-49.4491	0.0857317	-0.579262	-4.64839	-81.5812
12.2002	0.560356	-0.988094	28.0178	-49.4047	0.0851145	-0.579351	-4.64843	-81.6423
12.209	0.559771	-0.987207	27.9885	-49.3604	0.0844972	-0.579438	-4.64847	-81.7033
12.2178	0.559187	-0.98632	27.9593	-49.316	0.0838798	-0.579525	-4.64851	-81.7643
12.2266	0.558604	-0.985434	27.9302	-49.2717	0.0832623	-0.579612	-4.64855	-81.8253
12.2353	0.558022	-0.984549	27.9011	-49.2274	0.0826447	-0.579697	-4.64859	-81.8863
12.2441	0.557441	-0.983664	27.8721	-49.1832	0.082027	-0.579782	-4.64863	-81.9473
12.2529	0.556861	-0.98278	27.8431	-49.139	0.0814092	-0.579867	-4.64866	-82.0083
12.2617	0.556283	-0.981896	27.8141	-49.0948	0.0807913	-0.579951	-4.6487	-82.0693
12.2704	0.555705	-0.981013	27.7852	-49.0507	0.0801733	-0.580034	-4.64874	-82.1303
12.2792	0.555128	-0.980131	27.7564	-49.0065	0.0795552	-0.580117	-4.64877	-82.1914
12.288	0.554553	-0.979249	27.7276	-48.9624	0.078937	-0.580199	-4.64881	-82.2524
12.2968	0.553978	-0.978368	27.6989	-48.9184	0.0783188	-0.580281	-4.64884	-82.3134
12.3055	0.553404	-0.977487	27.6702	-48.8744	0.0777004	-0.580361	-4.64887	-82.3744
12.3143	0.552832	-0.976607	27.6416	-48.8303	0.0770819	-0.580442	-4.64891	-82.4355
12.3231	0.55226	-0.975728	27.613	-48.7864	0.0764633	-0.580521	-4.64894	-82.4965
12.3319	0.55169	-0.974849	27.5845	-48.7424	0.0758447	-0.5806	-4.64897	-82.5575
12.3406	0.551121	-0.97397	27.556	-48.6985	0.0752259	-0.580679	-4.649	-82.6185
12.3494	0.550552	-0.973093	27.5276	-48.6546	0.0746071	-0.580756	-4.64903	-82.6796
12.3582	0.549985	-0.972216	27.4992	-48.6108	0.0739881	-0.580834	-4.64906	-82.7406
12.367	0.549418	-0.971339	27.4709	-48.567	0.0733691	-0.58091	-4.64909	-82.8016
12.3757	0.548853	-0.970464	27.4427	-48.5232	0.07275	-0.580986	-4.64912	-82.8627
12.3845	0.548289	-0.969588	27.4144	-48.4794	0.0721308	-0.581062	-4.64914	-82.9237
12.3933	0.547726	-0.968714	27.3863	-48.4357	0.0715115	-0.581136	-4.64917	-82.9848
12.4021	0.547163	-0.96784	27.3582	-48.392	0.0708921	-0.58121	-4.6492	-83.0458
12.4109	0.546602	-0.966966	27.3301	-48.3483	0.0702727	-0.581284	-4.64922	-83.1068
12.4196	0.546042	-0.966093	27.3021	-48.3047	0.0696531	-0.581357	-4.64925	-83.1679
12.4284	0.545482	-0.965221	27.2741	-48.2611	0.0690335	-0.581429	-4.64927	-83.2289
12.4372	0.544924	-0.964349	27.2462	-48.2175	0.0684138	-0.581501	-4.64929	-83.29
12.446	0.544367	-0.963478	27.2183	-48.1739	0.067794	-0.581572	-4.64932	-83.351
12.4547	0.543811	-0.962608	27.1905	-48.1304	0.0671741	-0.581642	-4.64934	-83.4121
12.4635	0.543255	-0.961738	27.1628	-48.0869	0.0665541	-0.581712	-4.64936	-83.4731
12.4723	0.542701	-0.960869	27.1351	-48.0434	0.0659341	-0.581781	-4.64938	-83.5342
12.4811	0.542148	-0.96	27.1074	-48	0.0653139	-0.58185	-4.6494	-83.5952
12.4898	0.541596	-0.959132	27.0798	-47.9566	0.0646937	-0.581918	-4.64942	-83.6563
12.4986	0.541044	-0.958264	27.0522	-47.9132	0.0640734	-0.581985	-4.64944	-83.7173
12.5074	0.540494	-0.957397	27.0247	-47.8699	0.063453	-0.582052	-4.64946	-83.7784
12.5162	0.539945	-0.956531	26.9972	-47.8266	0.0628326	-0.582118	-4.64947	-83.8395
12.5249	0.539396	-0.955665	26.9698	-47.7833	0.0622121	-0.582184	-4.64949	-83.9005
12.5337	0.538849	-0.9548	26.9424	-47.74	0.0615914	-0.582249	-4.6495	-83.9616
12.5425	0.538303	-0.953936	26.9151	-47.6968	0.0609708	-0.582313	-4.64952	-84.0227
12.5513	0.537757	-0.953072	26.8879	-47.6536	0.06035	-0.582377	-4.64953	-84.0837
12.5601	0.537213	-0.952208	26.8606	-47.6104	0.0597292	-0.58244	-4.64955	-84.1448
12.5688	0.536669	-0.951345	26.8335	-47.5673	0.0591083	-0.582502	-4.64956	-84.2059
12.5776	0.536127	-0.950483	26.8063	-47.5242	0.0584873	-0.582564	-4.64957	-84.2669
12.5864	0.535585	-0.949622	26.7793	-47.4811	0.0578662	-0.582625	-4.64958	-84.328
12.5952	0.535045	-0.94876	26.7522	-47.438	0.0572451	-0.582686	-4.6496	-84.3891
12.6039	0.534505	-0.9479	26.7252	-47.395	0.0566239	-0.582746	-4.64961	-84.4501
12.6127	0.533966	-0.94704	26.6983	-47.352	0.0560026	-0.582805	-4.64962	-84.5112
12.6215	0.533428	-0.946181	26.6714	-47.309	0.0553813	-0.582864	-4.64962	-84.5723
12.6303	0.532892	-0.945322	26.6446	-47.2661	0.0547598	-0.582922	-4.64963	-84.6334
12.639	0.532356	-0.944464	26.6178	-47.2232	0.0541384	-0.58298	-4.64964	-84.6944
12.6478	0.531821	-0.943607	26.5911	-47.1803	0.0535168	-0.583037	-4.64965	-84.7555
12.6566	0.531287	-0.94275	26.5644	-47.1375	0.0528952	-0.583093	-4.64965	-84.8166
12.6654	0.530754	-0.941893	26.5377	-47.0947	0.0522735	-0.583149	-4.64966	-84.8777
12.6741	0.530222	-0.941037	26.5111	-47.0519	0.0516517	-0.583204	-4.64966	-84.9388
12.6829	0.529691	-0.940182	26.4846	-47.0091	0.0510299	-0.583258	-4.64967	-84.9999
12.6917	0.529161	-0.939328	26.458	-46.9664	0.050408	-0.583312	-4.64967	-85.0609
12.7005	0.528632	-0.938474	26.4316	-46.9237	0.0497861	-0.583365	-4.64967	-85.122
12.7092	0.528103	-0.93762	26.4052	-46.881	0.0491641	-0.583418	-4.64967	-85.1831
12.718	0.527576	-0.936767	26.3788	-46.8384	0.048542	-0.58347	-4.64967	-85.2442
12.7268	0.52705	-0.935915	26.3525	-46.7957	0.0479198	-0.583521	-4.64968	-85.3053
12.7356	0.526524	-0.935063	26.3262	-46.7532	0.0472976	-0.583572	-4.64968	-85.3664
12.7444	0.526	-0.934212	26.3	-46.7106	0.0466754	-0.583622	-4.64967	-85.4275
12.7531	0.525476	-0.933361	26.2738	-46.6681	0.046053	-0.583672	-4.64967	-85.4886
12.7619	0.524953	-0.932511	26.2477	-46.6256	0.0454306	-0.583721	-4.64967	-85.5497
12.7707	0.524432	-0.931662	26.2216	-46.5831	0.0448082	-0.583769	-4.64967	-85.6108
12.7795	0.523911	-0.930813	26.1955	-46.5407	0.0441857	-0.583817	-4.64966	-85.6719
12.7882	0.523391	-0.929965	26.1695	-46.4982	0.0435631	-0.583864	-4.64966	-85.733
12.797	0.522872	-0.929117	26.1436	-46.4559	0.0429405	-0.58391	-4.64965	-85.7941
12.8058	0.522354	-0.92827	26.1177	-46.4135	0.0423178	-0.583956	-4.64965	-85.8552
12.8146	0.521836	-0.927424	26.0918	-46.3712	0.0416951	-0.584001	-4.64964	-85.9163
12.8233	0.52132	-0.926578	26.066	-46.3289	0.0410723	-0.584046	-4.64963	-85.9774
12.8321	0.520805	-0.925732	26.0402	-46.2866	0.0404495	-0.58409	-4.64962	-86.0385
12.8409	0.52029	-0.924888	26.0145	-46.2444	0.0398266	-0.584134	-4.64962	-86.0996
12.8497	0.519777	-0.924043	25.9888	-46.2022	0.0392036	-0.584176	-4.64961	-86.1607
12.8584	0.519264	-0.9232	25.9632	-46.16	0.0385806	-0.584218	-4.6496	-86.2218
12.8672	0.518752	-0.922357	25.9376	-46.1178	0.0379575	-0.58426	-4.64958	-86.2829
12.876	0.518241	-0.921514	25.9121	-46.0757	0.0373344	-0.584301	-4.64957	-86.344
12.8848	0.517731	-0.920672	25.8866	-46.0336	0.0367113	-0.584341	-4.64956	-86.4051
12.8935	0.517222	-0.919831	25.8611	-45.9915	0.0360881	-0.584381	-4.64955	-86.4662
12.9023	0.516714	-0.91899	25.8357	-45.9495	0.0354648	-0.58442	-4.64953	-86.5273
12.9111	0.516206	-0.91815	25.8103	-45.9075	0.0348415	-0.584459	-4.64952	-86.5884
12.9199	0.5157	-0.91731	25.785	-45.8655	0.0342181	-0.584496	-4.6495	-86.6496
12.9287	0.515194	-0.916471	25.7597	-45.8235	0.0335947	-0.584534	-4.64949	-86.7107
12.9374	0.51469	-0.915632	25.7345	-45.7816	0.0329713	-0.58457	-4.64947	-86.7718
12.9462	0.514186	-0.914794	25.7093	-45.7397	0.0323478	-0.584606	-4.64945	-86.8329
12.955	0.513683	-0.913957	25.6842	-45.6978	0.0317243	-0.584642	-4.64943	-86.894
12.9638	0.513181	-0.91312	25.659	-45.656	0.0311007	-0.584677	-4.64941	-86.9551
12.9725	0.51268	-0.912284	25.634	-45.6142	0.030477	-0.584711	-4.6494	-87.0163
12.9813	0.512179	-0.911448	25.609	-45.5724	0.0298534	-0.584744	-4.64937	-87.0774
12.9901	0.51168	-0.910613	25.584	-45.5307	0.0292296	-0.584777	-4.64935	-87.1385
12.9989	0.511181	-0.909778	25.5591	-45.4889	0.0286059	-0.58481	-4.64933	-87.1996
13.0076	0.510684	-0.908944	25.5342	-45.4472	0.0279821	-0.584841	-4.64931	-87.2607
13.0164	0.510187	-0.908111	25.5093	-45.4056	0.0273582	-0.584872	-4.64928	-87.3219
13.0252	0.509691	-0.907278	25.4845	-45.3639	0.0267344	-0.584903	-4.64926	-87.383
13.034	0.509196	-0.906446	25.4598	-45.3223	0.0261104	-0.584933	-4.64924	-87.4441
13.0427	0.508702	-0.905614	25.4351	-45.2807	0.0254865	-0.584962	-4.64921	-87.5052
13.0515	0.508208	-0.904783	25.4104	-45.2391	0.0248625	-0.584991	-4.64918	-87.5664
13.0603	0.507716	-0.903952	25.3858	-45.1976	0.0242384	-0.585019	-4.64916	-87.6275
13.0691	0.507224	-0.903122	25.3612	-45.1561	0.0236144	-0.585046	-4.64913	-87.6886
13.0778	0.506733	-0.902293	25.3367	-45.1146	0.0229903	-0.585073	-4.6491	-87.7497
13.0866	0.506243	-0.901464	25.3122	-45.0732	0.0223661	-0.585099	-4.64907	-87.8109
13.0954	0.505754	-0.900635	25.2877	-45.0318	0.0217419	-0.585125	-4.64904	-87.872
13.1042	0.505266	-0.899808	25.2633	-44.9904	0.0211177	-0.58515	-4.64901	-87.9331
13.113	0.504778	-0.89898	25.2389	-44.949	0.0204935	-0.585174	-4.64898	-87.9943
13.1217	0.504292	-0.898154	25.2146	-44.9077	0.0198692	-0.585198	-4.64894	-88.0554
13.1305	0.503806	-0.897327	25.1903	-44.8664	0.0192449	-0.585221	-4.64891	-88.1165
13.1393	0.503321	-0.896502	25.166	-44.8251	0.0186205	-0.585243	-4.64888	-88.1777
13.1481	0.502837	-0.895677	25.1418	-44.7838	0.0179962	-0.585265	-4.64884	-88.2388
13.1568	0.502354	-0.894852	25.1177	-44.7426	0.0173717	-0.585286	-4.64881	-88.2999
13.1656	0.501871	-0.894028	25.0936	-44.7014	0.0167473	-0.585307	-4.64877	-88.3611
13.1744	0.50139	-0.893205	25.0695	-44.6602	0.0161228	-0.585327	-4.64873	-88.4222
13.1832	0.500909	-0.892382	25.0454	-44.6191	0.0154984	-0.585346	-4.6487	-88.4833
13.1919	0.500429	-0.89156	25.0214	-44.578	0.0148738	-0.585365	-4.64866	-88.5445
13.2007	0.49995	-0.890738	24.9975	-44.5369	0.0142493	-0.585383	-4.64862	-88.6056
13.2095	0.499472	-0.889917	24.9736	-44.4959	0.0136247	-0.585401	-4.64858	-88.6667
13.2183	0.498994	-0.889096	24.9497	-44.4548	0.0130001	-0.585418	-4.64854	-88.7279
13.227	0.498517	-0.888276	24.9259	-44.4138	0.0123755	-0.585434	-4.6485	-88.789
13.2358	0.498042	-0.887457	24.9021	-44.3728	0.0117508	-0.58545	-4.64845	-88.8501
13.2446	0.497567	-0.886638	24.8783	-44.3319	0.0111262	-0.585465	-4.64841	-88.9113
13.2534	0.497092	-0.88582	24.8546	-44.291	0.0105015	-0.58548	-4.64837	-88.9724
13.2622	0.496619	-0.885002	24.8309	-44.2501	0.00987676	-0.585494	-4.64832	-89.0336
13.2709	0.496146	-0.884184	24.8073	-44.2092	0.00925203	-0.585507	-4.64828	-89.0947
13.2797	0.495675	-0.883368	24.7837	-44.1684	0.00862727	-0.585519	-4.64823	-89.1558
13.2885	0.495204	-0.882551	24.7602	-44.1276	0.00800249	-0.585531	-4.64818	-89.217
13.2973	0.494734	-0.881736	24.7367	-44.0868	0.00737769	-0.585543	-4.64814	-89.2781
13.306	0.494264	-0.880921	24.7132	-44.046	0.00675287	-0.585554	-4.64809	-89.3393
13.3148	0.493796	-0.880106	24.6898	-44.0053	0.00612804	-0.585564	-4.64804	-89.4004
13.3236	0.493328	-0.879292	24.6664	-43.9646	0.00550318	-0.585573	-4.64799	-89.4616
13.3324	0.492861	-0.878479	24.643	-43.9239	0.00487831	-0.585582	-4.64794	-89.5227
13.3411	0.492395	-0.877666	24.6197	-43.8833	0.00425342	-0.585591	-4.64789	-89.5838
13.3499	0.491929	-0.876853	24.5965	-43.8427	0.00362852	-0.585599	-4.64783	-89.645
13.3587	0.491465	-0.876042	24.5732	-43.8021	0.0030036	-0.585606	-4.64778	-89.7061
13.3675	0.491001	-0.87523	24.5501	-43.7615	0.00237867	-0.585612	-4.64773	-89.7673
13.3762	0.490538	-0.87442	24.5269	-43.721	0.00175373	-0.585618	-4.64767	-89.8284
13.385	0.490076	-0.873609	24.5038	-43.6805	0.00112877	-0.585623	-4.64762	-89.8896
13.3938	0.489615	-0.8728	24.4807	-43.64	0.000503799	-0.585628	-4.64756	-89.9507
13.4026	0.489154	-0.871991	24.4577	-43.5995	-0.000121183	-0.585632	-4.6475	-90.0119
13.4113	0.488694	-0.871182	24.4347	-43.5591	-0.000746177	-0.585635	-4.64745	-90.073
13.4201	0.488235	-0.870374	24.4118	-43.5187	-0.00137118	-0.585638	-4.64739	-90.1341
13.4289	0.487777	-0.869566	24.3888	-43.4783	-0.00199619	-0.58564	-4.64733	-90.1953
13.4377	0.487319	-0.86876	24.366	-43.438	-0.00262122	-0.585642	-4.64727	-90.2564
13.4465	0.486863	-0.867953	24.3431	-43.3977	-0.00324625	-0.585643	-4.64721	-90.3176
13.4552	0.486407	-0.867147	24.3203	-43.3574	-0.00387128	-0.585643	-4.64714	-90.3787
13.464	0.485951	-0.866342	24.2976	-43.3171	-0.00449633	-0.585643	-4.64708	-90.4399
13.4728	0.485497	-0.865537	24.2749	-43.2769	-0.00512138	-0.585642	-4.64702	-90.501
13.4816	0.485043	-0.864733	24.2522	-43.2366	-0.00574644	-0.585641	-4.64696	-90.5622
13.4903	0.484591	-0.863929	24.2295	-43.1965	-0.0063715	-0.585639	-4.64689	-90.6233
13.4991	0.484138	-0.863126	24.2069	-43.1563	-0.00699657	-0.585636	-4.64682	-90.6845
13.5079	0.483687	-0.862323	24.1844	-43.1162	-0.00762164	-0.585633	-4.64676	-90.7456
13.5167	0.483237	-0.861521	24.1618	-43.0761	-0.00824671	-0.585629	-4.64669	-90.8068
13.5254	0.482787	-0.86072	24.1393	-43.036	-0.00887178	-0.585624	-4.64662	-90.8679
13.5342	0.482338	-0.859919	24.1169	-42.9959	-0.00949686	-0.585619	-4.64655	-90.9291
13.543	0.481889	-0.859118	24.0945	-42.9559	-0.0101219	-0.585613	-4.64648	-90.9902
13.5518	0.481442	-0.858318	24.0721	-42.9159	-0.010747	-0.585607	-4.64641	-91.0514
13.5605	0.480995	-0.857519	24.0498	-42.8759	-0.0113721	-0.5856	-4.64634	-91.1125
13.5693	0.480549	-0.85672	24.0275	-42.836	-0.0119972	-0.585592	-4.64627	-91.1737
13.5781	0.480104	-0.855921	24.0052	-42.7961	-0.0126222	-0.585584	-4.6462	-91.2348
13.5869	0.479659	-0.855124	23.983	-42.7562	-0.0132473	-0.585575	-4.64612	-91.296
13.5956	0.479216	-0.854326	23.9608	-42.7163	-0.0138724	-0.585566	-4.64605	-91.3571
13.6044	0.478773	-0.85353	23.9386	-42.6765	-0.0144975	-0.585556	-4.64598	-91.4183
13.6132	0.47833	-0.852733	23.9165	-42.6367	-0.0151225	-0.585545	-4.6459	-91.4794
13.622	0.477889	-0.851938	23.8944	-42.5969	-0.0157476	-0.585534	-4.64582	-91.5406
13.6308	0.477448	-0.851142	23.8724	-42.5571	-0.0163726	-0.585522	-4.64575	-91.6017
13.6395	0.477008	-0.850348	23.8504	-42.5174	-0.0169977	-0.585509	-4.64567	-91.6629
13.6483	0.476569	-0.849554	23.8284	-42.4777	-0.0176227	-0.585496	-4.64559	-91.724
13.6571	0.47613	-0.84876	23.8065	-42.438	-0.0182477	-0.585482	-4.64551	-91.7852
13.6659	0.475692	-0.847967	23.7846	-42.3983	-0.0188728	-0.585468	-4.64543	-91.8463
13.6746	0.475255	-0.847174	23.7627	-42.3587	-0.0194978	-0.585453	-4.64535	-91.9075
13.6834	0.474819	-0.846382	23.7409	-42.3191	-0.0201228	-0.585437	-4.64526	-91.9686
13.6922	0.474383	-0.845591	23.7191	-42.2795	-0.0207478	-0.585421	-4.64518	-92.0298
13.701	0.473948	-0.8448	23.6974	-42.24	-0.0213728	-0.585404	-4.6451	-92.0909
13.7097	0.473514	-0.84401	23.6757	-42.2005	-0.0219977	-0.585387	-4.64501	-92.1521
13.7185	0.47308	-0.84322	23.654	-42.161	-0.0226227	-0.585369	-4.64493	-92.2132
13.7273	0.472648	-0.84243	23.6324	-42.1215	-0.0232476	-0.58535	-4.64484	-92.2744
13.7361	0.472216	-0.841641	23.6108	-42.0821	-0.0238726	-0.585331	-4.64475	-92.3355
13.7448	0.471784	-0.840853	23.5892	-42.0426	-0.0244975	-0.585311	-4.64466	-92.3966
13.7536	0.471354	-0.840065	23.5677	-42.0033	-0.0251224	-0.585291	-4.64457	-92.4578
13.7624	0.470924	-0.839278	23.5462	-41.9639	-0.0257473	-0.58527	-4.64448	-92.5189
13.7712	0.470495	-0.838491	23.5247	-41.9246	-0.0263722	-0.585248	-4.64439	-92.5801
13.7799	0.470066	-0.837705	23.5033	-41.8852	-0.026997	-0.585225	-4.6443	-92.6412
13.7887	0.469639	-0.836919	23.4819	-41.846	-0.0276219	-0.585203	-4.64421	-92.7024
13.7975	0.469212	-0.836134	23.4606	-41.8067	-0.0282467	-0.585179	-4.64412	-92.7635
13.8063	0.468785	-0.835349	23.4393	-41.7675	-0.0288715	-0.585155	-4.64402	-92.8247
13.8151	0.46836	-0.834565	23.418	-41.7282	-0.0294963	-0.58513	-4.64393	-92.8858
13.8238	0.467935	-0.833781	23.3967	-41.6891	-0.030121	-0.585105	-4.64383	-92.947
13.8326	0.467511	-0.832998	23.3755	-41.6499	-0.0307458	-0.585079	-4.64374	-93.0081
13.8414	0.467087	-0.832216	23.3544	-41.6108	-0.0313705	-0.585052	-4.64364	-93.0693
13.8502	0.466665	-0.831433	23.3332	-41.5717	-0.0319952	-0.585025	-4.64354	-93.1304
13.8589	0.466243	-0.830652	23.3121	-41.5326	-0.0326199	-0.584997	-4.64344	-93.1915
13.8677	0.465821	-0.829871	23.2911	-41.4935	-0.0332445	-0.584969	-4.64334	-93.2527
13.8765	0.465401	-0.82909	23.27	-41.4545	-0.0338691	-0.58494	-4.64324	-93.3138
13.8853	0.464981	-0.82831	23.249	-41.4155	-0.0344937	-0.58491	-4.64314	-93.375
13.894	0.464561	-0.827531	23.2281	-41.3765	-0.0351183	-0.58488	-4.64304	-93.4361
13.9028	0.464143	-0.826752	23.2071	-41.3376	-0.0357429	-0.584849	-4.64294	-93.4973
13.9116	0.463725	-0.825973	23.1862	-41.2987	-0.0363674	-0.584817	-4.64283	-93.5584
13.9204	0.463308	-0.825195	23.1654	-41.2598	-0.0369919	-0.584785	-4.64273	-93.6195
13.9291	0.462891	-0.824418	23.1446	-41.2209	-0.0376163	-0.584752	-4.64262	-93.6807
13.9379	0.462475	-0.823641	23.1238	-41.182	-0.0382408	-0.584719	-4.64252	-93.7418
13.9467	0.46206	-0.822864	23.103	-41.1432	-0.0388652	-0.584685	-4.64241	-93.803
13.9555	0.461646	-0.822088	23.0823	-41.1044	-0.0394896	-0.584651	-4.6423	-93.8641
13.9643	0.461232	-0.821313	23.0616	-41.0656	-0.0401139	-0.584615	-4.6422	-93.9253
13.973	0.460819	-0.820538	23.041	-41.0269	-0.0407382	-0.58458	-4.64209	-93.9864
13.9818	0.460407	-0.819763	23.0203	-40.9882	-0.0413625	-0.584543	-4.64198	-94.0475
13.9906	0.459995	-0.81899	22.9997	-40.9495	-0.0419868	-0.584506	-4.64186	-94.1087
13.9994	0.459584	-0.818216	22.9792	-40.9108	-0.042611	-0.584469	-4.64175	-94.1698
14.0081	0.459174	-0.817443	22.9587	-40.8722	-0.0432352	-0.58443	-4.64164	-94.2309
14.0169	0.458764	-0.816671	22.9382	-40.8335	-0.0438593	-0.584392	-4.64153	-94.2921
14.0257	0.458355	-0.815899	22.9177	-40.7949	-0.0444835	-0.584352	-4.64141	-94.3532
14.0345	0.457947	-0.815128	22.8973	-40.7564	-0.0451075	-0.584312	-4.6413	-94.4143
14.0432	0.457539	-0.814357	22.8769	-40.7178	-0.0457316	-0.584272	-4.64118	-94.4755
14.052	0.457132	-0.813586	22.8566	-40.6793	-0.0463556	-0.58423	-4.64106	-94.5366
14.0608	0.456726	-0.812816	22.8363	-40.6408	-0.0469796	-0.584188	-4.64095	-94.5977
14.0696	0.45632	-0.812047	22.816	-40.6024	-0.0476035	-0.584146	-4.64083	-94.6589
14.0783	0.455915	-0.811278	22.7958	-40.5639	-0.0482274	-0.584103	-4.64071	-94.72
14.0871	0.455511	-0.81051	22.7755	-40.5255	-0.0488512	-0.584059	-4.64059	-94.7811
14.0959	0.455107	-0.809742	22.7554	-40.4871	-0.0494751	-0.584015	-4.64047	-94.8423
14.1047	0.454704	-0.808975	22.7352	-40.4487	-0.0500988	-0.58397	-4.64034	-94.9034
14.1134	0.454302	-0.808208	22.7151	-40.4104	-0.0507226	-0.583924	-4.64022	-94.9645
14.1222	0.4539	-0.807442	22.695	-40.3721	-0.0513462	-0.583878	-4.6401	-95.0257
14.131	0.453499	-0.806676	22.675	-40.3338	-0.0519699	-0.583832	-4.63997	-95.0868
14.1398	0.453099	-0.80591	22.6549	-40.2955	-0.0525935	-0.583784	-4.63985	-95.1479
14.1486	0.452699	-0.805146	22.6349	-40.2573	-0.053217	-0.583736	-4.63972	-95.209
14.1573	0.4523	-0.804381	22.615	-40.2191	-0.0538405	-0.583688	-4.63959	-95.2702
14.1661	0.451902	-0.803617	22.5951	-40.1809	-0.054464	-0.583639	-4.63947	-95.3313
14.1749	0.451504	-0.802854	22.5752	-40.1427	-0.0550874	-0.583589	-4.63934	-95.3924
14.1837	0.451107	-0.802091	22.5553	-40.1046	-0.0557108	-0.583538	-4.63921	-95.4535
14.1924	0.45071	-0.801329	22.5355	-40.0664	-0.0563341	-0.583487	-4.63908	-95.5147
14.2012	0.450314	-0.800567	22.5157	-40.0284	-0.0569574	-0.583436	-4.63894	-95.5758
14.21	0.449919	-0.799806	22.496	-39.9903	-0.0575806	-0.583384	-4.63881	-95.6369
14.2188	0.449525	-0.799045	22.4762	-39.9522	-0.0582038	-0.583331	-4.63868	-95.698
14.2275	0.449131	-0.798285	22.4565	-39.9142	-0.0588269	-0.583277	-4.63855	-95.7591
14.2363	0.448738	-0.797525	22.4369	-39.8762	-0.05945	-0.583223	-4.63841	-95.8203
14.2451	0.448345	-0.796765	22.4173	-39.8383	-0.060073	-0.583169	-4.63828	-95.8814
14.2539	0.447953	-0.796006	22.3977	-39.8003	-0.060696	-0.583113	-4.63814	-95.9425
14.2626	0.447562	-0.795248	22.3781	-39.7624	-0.0613189	-0.583058	-4.638	-96.0036
14.2714	0.447171	-0.79449	22.3586	-39.7245	-0.0619418	-0.583001	-4.63786	-96.0647
14.2802	0.446781	-0.793733	22.339	-39.6866	-0.0625646	-0.582944	-4.63772	-96.1258
14.289	0.446392	-0.792976	22.3196	-39.6488	-0.0631873	-0.582886	-4.63758	-96.1869
14.2977	0.446003	-0.792219	22.3001	-39.611	-0.06381	-0.582828	-4.63744	-96.2481
14.3065	0.445615	-0.791464	22.2807	-39.5732	-0.0644327	-0.582769	-4.6373	-96.3092
14.3153	0.445227	-0.790708	22.2614	-39.5354	-0.0650553	-0.58271	-4.63716	-96.3703
14.3241	0.44484	-0.789953	22.242	-39.4977	-0.0656778	-0.58265	-4.63702	-96.4314
14.3329	0.444454	-0.789199	22.2227	-39.4599	-0.0663003	-0.582589	-4.63687	-96.4925
14.3416	0.444068	-0.788445	22.2034	-39.4222	-0.0669227	-0.582528	-4.63673	-96.5536
14.3504	0.443683	-0.787691	22.1842	-39.3846	-0.067545	-0.582466	-4.63658	-96.6147
14.3592	0.443299	-0.786938	22.1649	-39.3469	-0.0681673	-0.582403	-4.63643	-96.6758
14.368	0.442915	-0.786186	22.1458	-39.3093	-0.0687896	-0.58234	-4.63629	-96.7369
14.3767	0.442532	-0.785434	22.1266	-39.2717	-0.0694117	-0.582276	-4.63614	-96.798
14.3855	0.442149	-0.784682	22.1075	-39.2341	-0.0700338	-0.582212	-4.63599	-96.8591
14.3943	0.441767	-0.783931	22.0884	-39.1966	-0.0706559	-0.582147	-4.63584	-96.9202
14.4031	0.441386	-0.783181	22.0693	-39.159	-0.0712779	-0.582081	-4.63569	-96.9813
14.4118	0.441005	-0.782431	22.0503	-39.1215	-0.0718998	-0.582015	-4.63553	-97.0424
14.4206	0.440625	-0.781681	22.0313	-39.0841	-0.0725216	-0.581949	-4.63538	-97.1035
14.4294	0.440246	-0.780932	22.0123	-39.0466	-0.0731434	-0.581881	-4.63523	-97.1646
14.4382	0.439867	-0.780183	21.9933	-39.0092	-0.0737651	-0.581813	-4.63507	-97.2257
14.4469	0.439489	-0.779435	21.9744	-38.9718	-0.0743868	-0.581745	-4.63492	-97.2868
14.4557	0.439111	-0.778688	21.9556	-38.9344	-0.0750084	-0.581676	-4.63476	-97.3479
14.4645	0.438734	-0.77794	21.9367	-38.897	-0.0756299	-0.581606	-4.6346	-97.409
14.4733	0.438358	-0.777194	21.9179	-38.8597	-0.0762514	-0.581535	-4.63445	-97.4701
14.4821	0.437982	-0.776448	21.8991	-38.8224	-0.0768727	-0.581464	-4.63429	-97.5311
14.4908	0.437607	-0.775702	21.8803	-38.7851	-0.0774941	-0.581393	-4.63413	-97.5922
14.4996	0.437232	-0.774957	21.8616	-38.7478	-0.0781153	-0.581321	-4.63397	-97.6533
14.5084	0.436858	-0.774212	21.8429	-38.7106	-0.0787365	-0.581248	-4.6338	-97.7144
14.5172	0.436485	-0.773468	21.8242	-38.6734	-0.0793576	-0.581174	-4.63364	-97.7755
14.5259	0.436112	-0.772724	21.8056	-38.6362	-0.0799786	-0.5811	-4.63348	-97.8366
14.5347	0.435739	-0.77198	21.787	-38.599	-0.0805996	-0.581026	-4.63331	-97.8976
14.5435	0.435368	-0.771238	21.7684	-38.5619	-0.0812204	-0.580951	-4.63315	-97.9587
14.5523	0.434997	-0.770495	21.7498	-38.5248	-0.0818412	-0.580875	-4.63298	-98.0198
14.561	0.434626	-0.769753	21.7313	-38.4877	-0.082462	-0.580798	-4.63282	-98.0809
14.5698	0.434257	-0.769012	21.7128	-38.4506	-0.0830826	-0.580721	-4.63265	-98.1419
14.5786	0.433887	-0.768271	21.6944	-38.4135	-0.0837032	-0.580644	-4.63248	-98.203
14.5874	0.433519	-0.76753	21.6759	-38.3765	-0.0843237	-0.580566	-4.63231	-98.2641
14.5961	0.433151	-0.766791	21.6575	-38.3395	-0.0849441	-0.580487	-4.63214	-98.3252
14.6049	0.432783	-0.766051	21.6392	-38.3025	-0.0855645	-0.580407	-4.63197	-98.3862
14.6137	0.432416	-0.765312	21.6208	-38.2656	-0.0861848	-0.580327	-4.6318	-98.4473
14.6225	0.43205	-0.764573	21.6025	-38.2287	-0.0868049	-0.580247	-4.63162	-98.5084
14.6312	0.431684	-0.763835	21.5842	-38.1918	-0.0874251	-0.580165	-4.63145	-98.5694
14.64	0.431319	-0.763098	21.5659	-38.1549	-0.0880451	-0.580084	-4.63127	-98.6305
14.6488	0.430954	-0.762361	21.5477	-38.118	-0.088665	-0.580001	-4.6311	-98.6915
14.6576	0.43059	-0.761624	21.5295	-38.0812	-0.0892849	-0.579918	-4.63092	-98.7526
14.6664	0.430227	-0.760888	21.5113	-38.0444	-0.0899047	-0.579835	-4.63074	-98.8137
14.6751	0.429864	-0.760152	21.4932	-38.0076	-0.0905244	-0.57975	-4.63057	-98.8747
14.6839	0.429502	-0.759417	21.4751	-37.9708	-0.091144	-0.579665	-4.63039	-98.9358
14.6927	0.42914	-0.758682	21.457	-37.9341	-0.0917635	-0.57958	-4.63021	-98.9968
14.7015	0.428779	-0.757948	21.439	-37.8974	-0.092383	-0.579494	-4.63003	-99.0579
14.7102	0.428419	-0.757214	21.4209	-37.8607	-0.0930023	-0.579407	-4.62984	-99.1189
14.719	0.428059	-0.75648	21.4029	-37.824	-0.0936216	-0.57932	-4.62966	-99.18
14.7278	0.427699	-0.755747	21.385	-37.7874	-0.0942408	-0.579232	-4.62948	-99.241
14.7366	0.42734	-0.755015	21.367	-37.7507	-0.0948599	-0.579144	-4.62929	-99.3021
14.7453	0.426982	-0.754283	21.3491	-37.7141	-0.0954789	-0.579055	-4.62911	-99.3631
14.7541	0.426624	-0.753551	21.3312	-37.6776	-0.0960978	-0.578965	-4.62892	-99.4241
14.7629	0.426267	-0.75282	21.3134	-37.641	-0.0967166	-0.578875	-4.62873	-99.4852
14.7717	0.425911	-0.75209	21.2955	-37.6045	-0.0973354	-0.578784	-4.62854	-99.5462
14.7804	0.425555	-0.75136	21.2777	-37.568	-0.097954	-0.578693	-4.62836	-99.6073
14.7892	0.425199	-0.75063	21.26	-37.5315	-0.0985726	-0.578601	-4.62817	-99.6683
14.798	0.424844	-0.749901	21.2422	-37.495	-0.099191	-0.578508	-4.62797	-99.7293
14.8068	0.42449	-0.749172	21.2245	-37.4586	-0.0998094	-0.578415	-4.62778	-99.7904
14.8155	0.424136	-0.748444	21.2068	-37.4222	-0.100428	-0.578321	-4.62759	-99.8514
14.8243	0.423783	-0.747716	21.1892	-37.3858	-0.101046	-0.578227	-4.6274	-99.9124
14.8331	0.423431	-0.746989	21.1715	-37.3494	-0.101664	-0.578132	-4.6272	-99.9734
14.8419	0.423079	-0.746262	21.1539	-37.3131	-0.102282	-0.578036	-4.62701	-100.034
14.8507	0.422727	-0.745535	21.1364	-37.2768	-0.1029	-0.57794	-4.62681	-100.095
14.8594	0.422376	-0.744809	21.1188	-37.2405	-0.103518	-0.577843	-4.62661	-100.157
14.8682	0.422026	-0.744084	21.1013	-37.2042	-0.104135	-0.577746	-4.62642	-100.218
14.877	0.421676	-0.743359	21.0838	-37.1679	-0.104753	-0.577648	-4.62622	-100.279
14.8858	0.421326	-0.742634	21.0663	-37.1317	-0.10537	-0.577549	-4.62602	-100.34
14.8945	0.420978	-0.74191	21.0489	-37.0955	-0.105988	-0.57745	-4.62582	-100.401
14.9033	0.420629	-0.741186	21.0315	-37.0593	-0.106605	-0.57735	-4.62561	-100.462
14.9121	0.420282	-0.740463	21.0141	-37.0232	-0.107222	-0.57725	-4.62541	-100.523
14.9209	0.419935	-0.73974	20.9967	-36.987	-0.10784	-0.577149	-4.62521	-100.584
14.9296	0.419588	-0.739018	20.9794	-36.9509	-0.108457	-0.577047	-4.625	-100.645
14.9384	0.419242	-0.738296	20.9621	-36.9148	-0.109073	-0.576945	-4.6248	-100.706
14.9472	0.418897	-0.737575	20.9448	-36.8787	-0.10969	-0.576842	-4.62459	-100.767
14.956	0.418552	-0.736854	20.9276	-36.8427	-0.110307	-0.576739	-4.62438	-100.828
14.9647	0.418207	-0.736133	20.9104	-36.8067	-0.110923	-0.576635	-4.62418	-100.889
14.9735	0.417863	-0.735413	20.8932	-36.7707	-0.11154	-0.57653	-4.62397	-100.95
14.9823	0.41752	-0.734694	20.876	-36.7347	-0.112156	-0.576425	-4.62376	-101.011
14.9911	0.417177	-0.733975	20.8589	-36.6987	-0.112773	-0.57632	-4.62355	-101.072
14.9998	0.416835	-0.733256	20.8417	-36.6628	-0.113389	-0.576213	-4.62334	-101.133
15.0086	0.416493	-0.732538	20.8247	-36.6269	-0.114005	-0.576106	-4.62312	-101.194
15.0174	0.416152	-0.73182	20.8076	-36.591	-0.114621	-0.575999	-4.62291	-101.255
15.0262	0.415811	-0.731103	20.7906	-36.5551	-0.115237	-0.575891	-4.6227	-101.316
15.035	0.415471	-0.730386	20.7736	-36.5193	-0.115852	-0.575782	-4.62248	-101.377
15.0437	0.415132	-0.72967	20.7566	-36.4835	-0.116468	-0.575673	-4.62226	-101.437
15.0525	0.414793	-0.728954	20.7396	-36.4477	-0.117084	-0.575563	-4.62205	-101.498
15.0613	0.414454	-0.728238	20.7227	-36.4119	-0.117699	-0.575452	-4.62183	-101.559
15.0701	0.414116	-0.727523	20.7058	-36.3762	-0.118314	-0.575341	-4.62161	-101.62
15.0788	0.413778	-0.726808	20.6889	-36.3404	-0.118929	-0.57523	-4.62139	-101.681
15.0876	0.413442	-0.726094	20.6721	-36.3047	-0.119544	-0.575117	-4.62117	-101.742
15.0964	0.413105	-0.725381	20.6553	-36.269	-0.120159	-0.575005	-4.62095	-101.803
15.1052	0.412769	-0.724667	20.6385	-36.2334	-0.120774	-0.574891	-4.62072	-101.864
15.1139	0.412434	-0.723954	20.6217	-36.1977	-0.121389	-0.574777	-4.6205	-101.925
15.1227	0.412099	-0.723242	20.6049	-36.1621	-0.122004	-0.574662	-4.62028	-101.986
15.1315	0.411765	-0.72253	20.5882	-36.1265	-0.122618	-0.574547	-4.62005	-102.047
15.1403	0.411431	-0.721819	20.5715	-36.0909	-0.123232	-0.574431	-4.61983	-102.108
15.149	0.411097	-0.721108	20.5549	-36.0554	-0.123847	-0.574315	-4.6196	-102.169
15.1578	0.410765	-0.720397	20.5382	-36.0199	-0.124461	-0.574198	-4.61937	-102.23
15.1666	0.410432	-0.719687	20.5216	-35.9843	-0.125075	-0.57408	-4.61914	-102.291
15.1754	0.410101	-0.718977	20.505	-35.9489	-0.125689	-0.573962	-4.61891	-102.352
15.1842	0.409769	-0.718268	20.4885	-35.9134	-0.126302	-0.573843	-4.61868	-102.413
15.1929	0.409439	-0.717559	20.4719	-35.878	-0.126916	-0.573724	-4.61845	-102.474
15.2017	0.409108	-0.716851	20.4554	-35.8425	-0.12753	-0.573604	-4.61822	-102.535
15.2105	0.408779	-0.716143	20.4389	-35.8071	-0.128143	-0.573484	-4.61798	-102.596
15.2193	0.408449	-0.715435	20.4225	-35.7718	-0.128756	-0.573363	-4.61775	-102.657
15.228	0.408121	-0.714728	20.406	-35.7364	-0.12937	-0.573241	-4.61751	-102.718
15.2368	0.407793	-0.714022	20.3896	-35.7011	-0.129983	-0.573119	-4.61728	-102.778
15.2456	0.407465	-0.713315	20.3732	-35.6658	-0.130595	-0.572996	-4.61704	-102.839
15.2544	0.407138	-0.71261	20.3569	-35.6305	-0.131208	-0.572872	-4.6168	-102.9
15.2631	0.406811	-0.711904	20.3405	-35.5952	-0.131821	-0.572748	-4.61656	-102.961
15.2719	0.406485	-0.7112	20.3242	-35.56	-0.132433	-0.572623	-4.61632	-103.022
15.2807	0.406159	-0.710495	20.308	-35.5248	-0.133046	-0.572498	-4.61608	-103.083
15.2895	0.405834	-0.709791	20.2917	-35.4896	-0.133658	-0.572372	-4.61584	-103.144
15.2982	0.405509	-0.709088	20.2755	-35.4544	-0.13427	-0.572246	-4.6156	-103.205
15.307	0.405185	-0.708385	20.2593	-35.4192	-0.134882	-0.572119	-4.61535	-103.266
15.3158	0.404861	-0.707682	20.2431	-35.3841	-0.135494	-0.571991	-4.61511	-103.327
15.3246	0.404538	-0.70698	20.2269	-35.349	-0.136106	-0.571863	-4.61486	-103.388
15.3333	0.404216	-0.706278	20.2108	-35.3139	-0.136718	-0.571734	-4.61461	-103.448
15.3421	0.403893	-0.705576	20.1947	-35.2788	-0.137329	-0.571605	-4.61437	-103.509
15.3509	0.403572	-0.704875	20.1786	-35.2438	-0.137941	-0.571475	-4.61412	-103.57
15.3597	0.403251	-0.704175	20.1625	-35.2087	-0.138552	-0.571345	-4.61387	-103.631
15.3685	0.40293	-0.703475	20.1465	-35.1737	-0.139163	-0.571214	-4.61362	-103.692
15.3772	0.40261	-0.702775	20.1305	-35.1388	-0.139774	-0.571082	-4.61337	-103.753
15.386	0.40229	-0.702076	20.1145	-35.1038	-0.140385	-0.57095	-4.61312	-103.814
15.3948	0.401971	-0.701377	20.0985	-35.0689	-0.140995	-0.570817	-4.61286	-103.875
15.4036	0.401652	-0.700679	20.0826	-35.0339	-0.141606	-0.570683	-4.61261	-103.936
15.4123	0.401334	-0.699981	20.0667	-34.9991	-0.142216	-0.570549	-4.61235	-103.996
15.4211	0.401016	-0.699284	20.0508	-34.9642	-0.142827	-0.570415	-4.6121	-104.057
15.4299	0.400699	-0.698587	20.0349	-34.9293	-0.143437	-0.570279	-4.61184	-104.118
15.4387	0.400382	-0.69789	20.0191	-34.8945	-0.144047	-0.570144	-4.61158	-104.179
15.4474	0.400066	-0.697194	20.0033	-34.8597	-0.144657	-0.570007	-4.61132	-104.24
15.4562	0.39975	-0.696498	19.9875	-34.8249	-0.145266	-0.56987	-4.61107	-104.301
15.465	0.399434	-0.695803	19.9717	-34.7901	-0.145876	-0.569733	-4.6108	-104.362
15.4738	0.39912	-0.695108	19.956	-34.7554	-0.146486	-0.569595	-4.61054	-104.423
15.4825	0.398805	-0.694413	19.9403	-34.7207	-0.147095	-0.569456	-4.61028	-104.483
15.4913	0.398491	-0.693719	19.9246	-34.686	-0.147704	-0.569317	-4.61002	-104.544
15.5001	0.398178	-0.693026	19.9089	-34.6513	-0.148313	-0.569177	-4.60975	-104.605
15.5089	0.397865	-0.692332	19.8932	-34.6166	-0.148922	-0.569036	-4.60949	-104.666
15.5176	0.397552	-0.69164	19.8776	-34.582	-0.149531	-0.568895	-4.60922	-104.727
15.5264	0.39724	-0.690947	19.862	-34.5474	-0.150139	-0.568754	-4.60896	-104.788
15.5352	0.396929	-0.690255	19.8464	-34.5128	-0.150748	-0.568612	-4.60869	-104.848
15.544	0.396618	-0.689564	19.8309	-34.4782	-0.151356	-0.568469	-4.60842	-104.909
15.5528	0.396307	-0.688873	19.8154	-34.4436	-0.151964	-0.568325	-4.60815	-104.97
15.5615	0.395997	-0.688182	19.7999	-34.4091	-0.152572	-0.568181	-4.60788	-105.031
15.5703	0.395688	-0.687492	19.7844	-34.3746	-0.15318	-0.568037	-4.60761	-105.092
15.5791	0.395378	-0.686802	19.7689	-34.3401	-0.153788	-0.567892	-4.60733	-105.153
15.5879	0.39507	-0.686113	19.7535	-34.3056	-0.154395	-0.567746	-4.60706	-105.213
15.5966	0.394761	-0.685424	19.7381	-34.2712	-0.155003	-0.5676	-4.60678	-105.274
15.6054	0.394454	-0.684735	19.7227	-34.2368	-0.15561	-0.567453	-4.60651	-105.335
15.6142	0.394146	-0.684047	19.7073	-34.2024	-0.156217	-0.567306	-4.60623	-105.396
15.623	0.39384	-0.683359	19.692	-34.168	-0.156824	-0.567158	-4.60596	-105.457
15.6317	0.393533	-0.682672	19.6767	-34.1336	-0.157431	-0.567009	-4.60568	-105.517
15.6405	0.393227	-0.681985	19.6614	-34.0993	-0.158038	-0.56686	-4.6054	-105.578
15.6493	0.392922	-0.681299	19.6461	-34.0649	-0.158644	-0.56671	-4.60512	-105.639
15.6581	0.392617	-0.680613	19.6308	-34.0306	-0.159251	-0.56656	-4.60484	-105.7
15.6668	0.392312	-0.679927	19.6156	-33.9964	-0.159857	-0.566409	-4.60455	-105.761
15.6756	0.392008	-0.679242	19.6004	-33.9621	-0.160463	-0.566258	-4.60427	-105.821
15.6844	0.391705	-0.678557	19.5852	-33.9279	-0.161069	-0.566106	-4.60399	-105.882
15.6932	0.391402	-0.677873	19.5701	-33.8936	-0.161675	-0.565953	-4.6037	-105.943
15.702	0.391099	-0.677189	19.5549	-33.8594	-0.16228	-0.5658	-4.60342	-106.004
15.7107	0.390797	-0.676505	19.5398	-33.8253	-0.162886	-0.565646	-4.60313	-106.064
15.7195	0.390495	-0.675822	19.5247	-33.7911	-0.163491	-0.565492	-4.60284	-106.125
15.7283	0.390194	-0.67514	19.5097	-33.757	-0.164096	-0.565337	-4.60255	-106.186
15.7371	0.389893	-0.674457	19.4946	-33.7229	-0.164701	-0.565181	-4.60226	-106.247
15.7458	0.389592	-0.673776	19.4796	-33.6888	-0.165306	-0.565025	-4.60197	-106.308
15.7546	0.389292	-0.673094	19.4646	-33.6547	-0.16591	-0.564868	-4.60168	-106.368
15.7634	0.388993	-0.672413	19.4496	-33.6207	-0.166515	-0.564711	-4.60139	-106.429
15.7722	0.388694	-0.671732	19.4347	-33.5866	-0.167119	-0.564553	-4.6011	-106.49
15.7809	0.388395	-0.671052	19.4198	-33.5526	-0.167723	-0.564395	-4.6008	-106.551
15.7897	0.388097	-0.670372	19.4049	-33.5186	-0.168327	-0.564236	-4.60051	-106.611
15.7985	0.387799	-0.669693	19.39	-33.4847	-0.168931	-0.564077	-4.60021	-106.672
15.8073	0.387502	-0.669014	19.3751	-33.4507	-0.169535	-0.563916	-4.59991	-106.733
15.816	0.387205	-0.668335	19.3603	-33.4168	-0.170138	-0.563756	-4.59961	-106.794
15.8248	0.386909	-0.667657	19.3454	-33.3829	-0.170742	-0.563595	-4.59932	-106.854
15.8336	0.386613	-0.66698	19.3306	-33.349	-0.171345	-0.563433	-4.59902	-106.915
15.8424	0.386317	-0.666302	19.3159	-33.3151	-0.171948	-0.56327	-4.59871	-106.976
15.8511	0.386022	-0.665625	19.3011	-33.2813	-0.172551	-0.563107	-4.59841	-107.036
15.8599	0.385728	-0.664949	19.2864	-33.2474	-0.173153	-0.562944	-4.59811	-107.097
15.8687	0.385434	-0.664273	19.2717	-33.2136	-0.173756	-0.56278	-4.59781	-107.158
15.8775	0.38514	-0.663597	19.257	-33.1798	-0.174358	-0.562615	-4.5975	-107.219
15.8863	0.384847	-0.662922	19.2423	-33.1461	-0.17496	-0.56245	-4.5972	-107.279
15.895	0.384554	-0.662247	19.2277	-33.1123	-0.175562	-0.562284	-4.59689	-107.34
15.9038	0.384261	-0.661572	19.2131	-33.0786	-0.176164	-0.562118	-4.59658	-107.401
15.9126	0.383969	-0.660898	19.1985	-33.0449	-0.176766	-0.561951	-4.59627	-107.461
15.9214	0.383678	-0.660225	19.1839	-33.0112	-0.177367	-0.561783	-4.59596	-107.522
15.9301	0.383387	-0.659551	19.1693	-32.9776	-0.177969	-0.561615	-4.59565	-107.583
15.9389	0.383096	-0.658878	19.1548	-32.9439	-0.17857	-0.561446	-4.59534	-107.643
15.9477	0.382806	-0.658206	19.1403	-32.9103	-0.179171	-0.561277	-4.59503	-107.704
15.9565	0.382516	-0.657534	19.1258	-32.8767	-0.179771	-0.561107	-4.59472	-107.765
15.9652	0.382227	-0.656862	19.1113	-32.8431	-0.180372	-0.560937	-4.5944	-107.825
15.974	0.381938	-0.656191	19.0969	-32.8095	-0.180972	-0.560766	-4.59409	-107.886
15.9828	0.381649	-0.65552	19.0825	-32.776	-0.181573	-0.560594	-4.59377	-107.947
15.9916	0.381361	-0.65485	19.0681	-32.7425	-0.182173	-0.560422	-4.59345	-108.007
16.0003	0.381074	-0.65418	19.0537	-32.709	-0.182773	-0.56025	-4.59313	-108.068
16.0091	0.380786	-0.65351	19.0393	-32.6755	-0.183372	-0.560076	-4.59282	-108.129
16.0179	0.3805	-0.652841	19.025	-32.642	-0.183972	-0.559903	-4.5925	-108.189
16.0267	0.380213	-0.652172	19.0107	-32.6086	-0.184571	-0.559728	-4.59217	-108.25
16.0354	0.379927	-0.651503	18.9964	-32.5752	-0.185171	-0.559553	-4.59185	-108.311
16.0442	0.379642	-0.650835	18.9821	-32.5418	-0.18577	-0.559378	-4.59153	-108.371
16.053	0.379357	-0.650168	18.9678	-32.5084	-0.186368	-0.559202	-4.59121	-108.432
16.0618	0.379072	-0.6495	18.9536	-32.475	-0.186967	-0.559025	-4.59088	-108.493
16.0706	0.378788	-0.648834	18.9394	-32.4417	-0.187566	-0.558848	-4.59056	-108.553
16.0793	0.378504	-0.648167	18.9252	-32.4084	-0.188164	-0.55867	-4.59023	-108.614
16.0881	0.37822	-0.647501	18.911	-32.3751	-0.188762	-0.558492	-4.5899	-108.674
16.0969	0.377937	-0.646835	18.8969	-32.3418	-0.18936	-0.558313	-4.58957	-108.735
16.1057	0.377655	-0.64617	18.8827	-32.3085	-0.189958	-0.558133	-4.58924	-108.796
16.1144	0.377373	-0.645505	18.8686	-32.2753	-0.190555	-0.557953	-4.58891	-108.856
16.1232	0.377091	-0.644841	18.8545	-32.242	-0.191153	-0.557773	-4.58858	-108.917
16.132	0.37681	-0.644177	18.8405	-32.2088	-0.19175	-0.557592	-4.58825	-108.978
16.1408	0.376529	-0.643513	18.8264	-32.1757	-0.192347	-0.55741	-4.58791	-109.038
16.1495	0.376248	-0.64285	18.8124	-32.1425	-0.192944	-0.557228	-4.58758	-109.099
16.1583	0.375968	-0.642187	18.7984	-32.1093	-0.19354	-0.557045	-4.58724	-109.159
16.1671	0.375688	-0.641524	18.7844	-32.0762	-0.194137	-0.556861	-4.58691	-109.22
16.1759	0.375409	-0.640862	18.7705	-32.0431	-0.194733	-0.556677	-4.58657	-109.28
16.1846	0.37513	-0.640201	18.7565	-32.01	-0.195329	-0.556493	-4.58623	-109.341
16.1934	0.374852	-0.639539	18.7426	-31.977	-0.195925	-0.556308	-4.58589	-109.402
16.2022	0.374574	-0.638878	18.7287	-31.9439	-0.19652	-0.556122	-4.58555	-109.462
16.211	0.374296	-0.638218	18.7148	-31.9109	-0.197116	-0.555936	-4.58521	-109.523
16.2197	0.374019	-0.637558	18.7009	-31.8779	-0.197711	-0.555749	-4.58487	-109.583
16.2285	0.373742	-0.636898	18.6871	-31.8449	-0.198306	-0.555562	-4.58453	-109.644
16.2373	0.373466	-0.636238	18.6733	-31.8119	-0.198901	-0.555374	-4.58418	-109.704
16.2461	0.37319	-0.635579	18.6595	-31.779	-0.199496	-0.555185	-4.58384	-109.765
16.2549	0.372914	-0.634921	18.6457	-31.746	-0.20009	-0.554996	-4.58349	-109.826
16.2636	0.372639	-0.634263	18.6319	-31.7131	-0.200685	-0.554807	-4.58315	-109.886
16.2724	0.372364	-0.633605	18.6182	-31.6802	-0.201279	-0.554617	-4.5828	-109.947
16.2812	0.37209	-0.632947	18.6045	-31.6474	-0.201873	-0.554426	-4.58245	-110.007
16.29	0.371816	-0.63229	18.5908	-31.6145	-0.202467	-0.554235	-4.5821	-110.068
16.2987	0.371542	-0.631634	18.5771	-31.5817	-0.20306	-0.554043	-4.58175	-110.128
16.3075	0.371269	-0.630977	18.5635	-31.5489	-0.203654	-0.553851	-4.5814	-110.189
16.3163	0.370996	-0.630322	18.5498	-31.5161	-0.204247	-0.553658	-4.58104	-110.249
16.3251	0.370724	-0.629666	18.5362	-31.4833	-0.20484	-0.553464	-4.58069	-110.31
16.3338	0.370452	-0.629011	18.5226	-31.4505	-0.205432	-0.55327	-4.58034	-110.37
16.3426	0.37018	-0.628356	18.509	-31.4178	-0.206025	-0.553076	-4.57998	-110.431
16.3514	0.369909	-0.627702	18.4955	-31.3851	-0.206617	-0.55288	-4.57962	-110.491
16.3602	0.369638	-0.627048	18.4819	-31.3524	-0.207209	-0.552685	-4.57927	-110.552
16.3689	0.369368	-0.626394	18.4684	-31.3197	-0.207801	-0.552488	-4.57891	-110.612
16.3777	0.369098	-0.625741	18.4549	-31.2871	-0.208393	-0.552292	-4.57855	-110.673
16.3865	0.368828	-0.625088	18.4414	-31.2544	-0.208985	-0.552094	-4.57819	-110.733
16.3953	0.368559	-0.624436	18.428	-31.2218	-0.209576	-0.551896	-4.57783	-110.794
16.4041	0.36829	-0.623784	18.4145	-31.1892	-0.210167	-0.551698	-4.57747	-110.854
16.4128	0.368022	-0.623132	18.4011	-31.1566	-0.210758	-0.551499	-4.5771	-110.915
16.4216	0.367754	-0.622481	18.3877	-31.124	-0.211349	-0.551299	-4.57674	-110.975
16.4304	0.367486	-0.62183	18.3743	-31.0915	-0.211939	-0.551099	-4.57637	-111.036
16.4392	0.367219	-0.621179	18.3609	-31.059	-0.21253	-0.550898	-4.57601	-111.096
16.4479	0.366952	-0.620529	18.3476	-31.0265	-0.21312	-0.550697	-4.57564	-111.156
16.4567	0.366685	-0.61988	18.3343	-30.994	-0.21371	-0.550495	-4.57527	-111.217
16.4655	0.366419	-0.61923	18.321	-30.9615	-0.214299	-0.550293	-4.5749	-111.277
16.4743	0.366154	-0.618581	18.3077	-30.9291	-0.214889	-0.55009	-4.57453	-111.338
16.483	0.365888	-0.617933	18.2944	-30.8966	-0.215478	-0.549886	-4.57416	-111.398
16.4918	0.365623	-0.617284	18.2812	-30.8642	-0.216067	-0.549682	-4.57379	-111.459
16.5006	0.365359	-0.616636	18.2679	-30.8318	-0.216656	-0.549478	-4.57342	-111.519
16.5094	0.365095	-0.615989	18.2547	-30.7994	-0.217245	-0.549273	-4.57304	-111.579
16.5181	0.364831	-0.615342	18.2415	-30.7671	-0.217833	-0.549067	-4.57267	-111.64
16.5269	0.364567	-0.614695	18.2284	-30.7348	-0.218421	-0.548861	-4.57229	-111.7
16.5357	0.364304	-0.614049	18.2152	-30.7024	-0.219009	-0.548654	-4.57192	-111.761
16.5445	0.364042	-0.613403	18.2021	-30.6701	-0.219597	-0.548447	-4.57154	-111.821
16.5532	0.363779	-0.612757	18.189	-30.6379	-0.220185	-0.548239	-4.57116	-111.881
16.562	0.363518	-0.612112	18.1759	-30.6056	-0.220772	-0.54803	-4.57078	-111.942
16.5708	0.363256	-0.611467	18.1628	-30.5733	-0.221359	-0.547821	-4.5704	-112.002
16.5796	0.362995	-0.610822	18.1497	-30.5411	-0.221946	-0.547612	-4.57002	-112.063
16.5884	0.362734	-0.610178	18.1367	-30.5089	-0.222533	-0.547402	-4.56964	-112.123
16.5971	0.362474	-0.609535	18.1237	-30.4767	-0.223119	-0.547191	-4.56925	-112.183
16.6059	0.362214	-0.608891	18.1107	-30.4446	-0.223706	-0.54698	-4.56887	-112.244
16.6147	0.361954	-0.608248	18.0977	-30.4124	-0.224292	-0.546768	-4.56848	-112.304
16.6235	0.361695	-0.607606	18.0847	-30.3803	-0.224878	-0.546556	-4.5681	-112.364
16.6322	0.361436	-0.606963	18.0718	-30.3482	-0.225463	-0.546343	-4.56771	-112.425
16.641	0.361177	-0.606321	18.0589	-30.3161	-0.226049	-0.54613	-4.56732	-112.485
16.6498	0.360919	-0.60568	18.046	-30.284	-0.226634	-0.545916	-4.56693	-112.546
16.6586	0.360661	-0.605039	18.0331	-30.2519	-0.227219	-0.545702	-4.56654	-112.606
16.6673	0.360404	-0.604398	18.0202	-30.2199	-0.227804	-0.545487	-4.56615	-112.666
16.6761	0.360147	-0.603758	18.0073	-30.1879	-0.228388	-0.545271	-4.56576	-112.727
16.6849	0.35989	-0.603118	17.9945	-30.1559	-0.228973	-0.545055	-4.56536	-112.787
16.6937	0.359634	-0.602478	17.9817	-30.1239	-0.229557	-0.544838	-4.56497	-112.847
16.7024	0.359378	-0.601839	17.9689	-30.0919	-0.23014	-0.544621	-4.56457	-112.907
16.7112	0.359123	-0.6012	17.9561	-30.06	-0.230724	-0.544403	-4.56418	-112.968
16.72	0.358867	-0.600561	17.9434	-30.0281	-0.231308	-0.544185	-4.56378	-113.028
16.7288	0.358613	-0.599923	17.9306	-29.9961	-0.231891	-0.543966	-4.56338	-113.088
16.7375	0.358358	-0.599285	17.9179	-29.9643	-0.232474	-0.543747	-4.56298	-113.149
16.7463	0.358104	-0.598648	17.9052	-29.9324	-0.233056	-0.543527	-4.56258	-113.209
16.7551	0.35785	-0.59801	17.8925	-29.9005	-0.233639	-0.543307	-4.56218	-113.269
16.7639	0.357597	-0.597374	17.8798	-29.8687	-0.234221	-0.543086	-4.56178	-113.33
16.7727	0.357344	-0.596737	17.8672	-29.8369	-0.234803	-0.542864	-4.56138	-113.39
16.7814	0.357091	-0.596101	17.8546	-29.8051	-0.235385	-0.542642	-4.56097	-113.45
16.7902	0.356839	-0.595466	17.8419	-29.7733	-0.235967	-0.542419	-4.56057	-113.51
16.799	0.356587	-0.59483	17.8293	-29.7415	-0.236548	-0.542196	-4.56016	-113.571
16.8078	0.356335	-0.594195	17.8168	-29.7098	-0.237129	-0.541973	-4.55976	-113.631
16.8165	0.356084	-0.593561	17.8042	-29.678	-0.23771	-0.541748	-4.55935	-113.691
16.8253	0.355833	-0.592927	17.7917	-29.6463	-0.238291	-0.541524	-4.55894	-113.751
16.8341	0.355583	-0.592293	17.7791	-29.6146	-0.238871	-0.541298	-4.55853	-113.812
16.8429	0.355333	-0.591659	17.7666	-29.583	-0.239452	-0.541073	-4.55812	-113.872
16.8516	0.355083	-0.591026	17.7541	-29.5513	-0.240032	-0.540846	-4.55771	-113.932
16.8604	0.354833	-0.590394	17.7417	-29.5197	-0.240611	-0.540619	-4.5573	-113.992
16.8692	0.354584	-0.589761	17.7292	-29.4881	-0.241191	-0.540392	-4.55688	-114.052
16.878	0.354336	-0.589129	17.7168	-29.4565	-0.24177	-0.540164	-4.55647	-114.113
16.8867	0.354087	-0.588498	17.7044	-29.4249	-0.242349	-0.539935	-4.55605	-114.173
16.8955	0.353839	-0.587866	17.692	-29.3933	-0.242928	-0.539706	-4.55564	-114.233
16.9043	0.353592	-0.587235	17.6796	-29.3618	-0.243507	-0.539477	-4.55522	-114.293
16.9131	0.353344	-0.586605	17.6672	-29.3302	-0.244085	-0.539246	-4.5548	-114.353
16.9219	0.353097	-0.585974	17.6549	-29.2987	-0.244663	-0.539016	-4.55438	-114.414
16.9306	0.352851	-0.585345	17.6425	-29.2672	-0.245241	-0.538785	-4.55396	-114.474
16.9394	0.352604	-0.584715	17.6302	-29.2358	-0.245819	-0.538553	-4.55354	-114.534
16.9482	0.352359	-0.584086	17.6179	-29.2043	-0.246396	-0.538321	-4.55312	-114.594
16.957	0.352113	-0.583457	17.6057	-29.1729	-0.246973	-0.538088	-4.5527	-114.654
16.9657	0.351868	-0.582829	17.5934	-29.1414	-0.24755	-0.537854	-4.55227	-114.714
16.9745	0.351623	-0.582201	17.5811	-29.11	-0.248127	-0.537621	-4.55185	-114.775
16.9833	0.351378	-0.581573	17.5689	-29.0786	-0.248703	-0.537386	-4.55142	-114.835
16.9921	0.351134	-0.580946	17.5567	-29.0473	-0.24928	-0.537151	-4.55099	-114.895
17.0008	0.35089	-0.580319	17.5445	-29.0159	-0.249856	-0.536916	-4.55056	-114.955
17.0096	0.350647	-0.579692	17.5323	-28.9846	-0.250431	-0.53668	-4.55014	-115.015
17.0184	0.350404	-0.579066	17.5202	-28.9533	-0.251007	-0.536443	-4.54971	-115.075
17.0272	0.350161	-0.57844	17.5081	-28.922	-0.251582	-0.536206	-4.54927	-115.135
17.0359	0.349919	-0.577814	17.4959	-28.8907	-0.252157	-0.535968	-4.54884	-115.196
17.0447	0.349676	-0.577189	17.4838	-28.8594	-0.252732	-0.53573	-4.54841	-115.256
17.0535	0.349435	-0.576564	17.4717	-28.8282	-0.253306	-0.535492	-4.54798	-115.316
17.0623	0.349193	-0.575939	17.4597	-28.797	-0.25388	-0.535252	-4.54754	-115.376
17.071	0.348952	-0.575315	17.4476	-28.7658	-0.254454	-0.535013	-4.54711	-115.436
17.0798	0.348711	-0.574691	17.4356	-28.7346	-0.255028	-0.534772	-4.54667	-115.496
17.0886	0.348471	-0.574068	17.4236	-28.7034	-0.255602	-0.534532	-4.54623	-115.556
17.0974	0.348231	-0.573445	17.4115	-28.6722	-0.256175	-0.53429	-4.54579	-115.616
17.1062	0.347991	-0.572822	17.3996	-28.6411	-0.256748	-0.534049	-4.54535	-115.676
17.1149	0.347752	-0.572199	17.3876	-28.61	-0.257321	-0.533806	-4.54491	-115.736
17.1237	0.347513	-0.571577	17.3756	-28.5789	-0.257893	-0.533563	-4.54447	-115.796
17.1325	0.347274	-0.570956	17.3637	-28.5478	-0.258466	-0.53332	-4.54403	-115.856
17.1413	0.347036	-0.570334	17.3518	-28.5167	-0.259038	-0.533076	-4.54358	-115.917
17.15	0.346798	-0.569713	17.3399	-28.4857	-0.259609	-0.532831	-4.54314	-115.977
17.1588	0.34656	-0.569092	17.328	-28.4546	-0.260181	-0.532586	-4.54269	-116.037
17.1676	0.346322	-0.568472	17.3161	-28.4236	-0.260752	-0.532341	-4.54225	-116.097
17.1764	0.346085	-0.567852	17.3043	-28.3926	-0.261323	-0.532095	-4.5418	-116.157
17.1851	0.345849	-0.567232	17.2924	-28.3616	-0.261894	-0.531848	-4.54135	-116.217
17.1939	0.345612	-0.566613	17.2806	-28.3307	-0.262465	-0.531601	-4.5409	-116.277
17.2027	0.345376	-0.565994	17.2688	-28.2997	-0.263035	-0.531353	-4.54045	-116.337
17.2115	0.345141	-0.565376	17.257	-28.2688	-0.263605	-0.531105	-4.54	-116.397
17.2202	0.344905	-0.564757	17.2453	-28.2379	-0.264175	-0.530857	-4.53955	-116.457
17.229	0.34467	-0.564139	17.2335	-28.207	-0.264744	-0.530607	-4.5391	-116.517
17.2378	0.344435	-0.563522	17.2218	-28.1761	-0.265313	-0.530358	-4.53864	-116.577
17.2466	0.344201	-0.562905	17.21	-28.1452	-0.265882	-0.530107	-4.53819	-116.637
17.2553	0.343967	-0.562288	17.1983	-28.1144	-0.266451	-0.529857	-4.53773	-116.697
17.2641	0.343733	-0.561671	17.1867	-28.0836	-0.267019	-0.529605	-4.53727	-116.757
17.2729	0.3435	-0.561055	17.175	-28.0527	-0.267588	-0.529354	-4.53682	-116.817
17.2817	0.343267	-0.560439	17.1633	-28.022	-0.268156	-0.529101	-4.53636	-116.877
17.2905	0.343034	-0.559824	17.1517	-27.9912	-0.268723	-0.528848	-4.5359	-116.936
17.2992	0.342801	-0.559208	17.1401	-27.9604	-0.269291	-0.528595	-4.53544	-116.996
17.308	0.342569	-0.558594	17.1285	-27.9297	-0.269858	-0.528341	-4.53497	-117.056
17.3168	0.342337	-0.557979	17.1169	-27.899	-0.270425	-0.528087	-4.53451	-117.116
17.3256	0.342106	-0.557365	17.1053	-27.8682	-0.270991	-0.527832	-4.53405	-117.176
17.3343	0.341875	-0.556751	17.0937	-27.8376	-0.271558	-0.527576	-4.53358	-117.236
17.3431	0.341644	-0.556138	17.0822	-27.8069	-0.272124	-0.52732	-4.53312	-117.296
17.3519	0.341413	-0.555525	17.0707	-27.7762	-0.27269	-0.527064	-4.53265	-117.356
17.3607	0.341183	-0.554912	17.0592	-27.7456	-0.273255	-0.526807	-4.53218	-117.416
17.3694	0.340953	-0.554299	17.0477	-27.715	-0.273821	-0.526549	-4.53171	-117.476
17.3782	0.340724	-0.553687	17.0362	-27.6844	-0.274386	-0.526291	-4.53124	-117.536
17.387	0.340494	-0.553075	17.0247	-27.6538	-0.274951	-0.526033	-4.53077	-117.596
17.3958	0.340266	-0.552464	17.0133	-27.6232	-0.275515	-0.525774	-4.5303	-117.655
17.4045	0.340037	-0.551853	17.0018	-27.5926	-0.276079	-0.525514	-4.52983	-117.715
17.4133	0.339809	-0.551242	16.9904	-27.5621	-0.276643	-0.525254	-4.52935	-117.775
17.4221	0.339581	-0.550632	16.979	-27.5316	-0.277207	-0.524993	-4.52888	-117.835
17.4309	0.339353	-0.550022	16.9676	-27.5011	-0.277771	-0.524732	-4.5284	-117.895
17.4396	0.339126	-0.549412	16.9563	-27.4706	-0.278334	-0.52447	-4.52793	-117.955
17.4484	0.338899	-0.548802	16.9449	-27.4401	-0.278897	-0.524208	-4.52745	-118.015
17.4572	0.338672	-0.548193	16.9336	-27.4097	-0.27946	-0.523946	-4.52697	-118.074
17.466	0.338446	-0.547585	16.9223	-27.3792	-0.280022	-0.523682	-4.52649	-118.134
17.4748	0.338219	-0.546976	16.911	-27.3488	-0.280584	-0.523419	-4.52601	-118.194
17.4835	0.337994	-0.546368	16.8997	-27.3184	-0.281146	-0.523154	-4.52553	-118.254
17.4923	0.337768	-0.54576	16.8884	-27.288	-0.281707	-0.52289	-4.52505	-118.314
17.5011	0.337543	-0.545153	16.8772	-27.2577	-0.282269	-0.522624	-4.52457	-118.373
17.5099	0.337318	-0.544546	16.8659	-27.2273	-0.28283	-0.522359	-4.52408	-118.433
17.5186	0.337094	-0.543939	16.8547	-27.197	-0.283391	-0.522092	-4.5236	-118.493
17.5274	0.336869	-0.543333	16.8435	-27.1666	-0.283951	-0.521826	-4.52311	-118.553
17.5362	0.336645	-0.542727	16.8323	-27.1363	-0.284511	-0.521558	-4.52262	-118.613
17.545	0.336422	-0.542121	16.8211	-27.106	-0.285071	-0.521291	-4.52214	-118.672
17.5537	0.336199	-0.541516	16.8099	-27.0758	-0.285631	-0.521022	-4.52165	-118.732
17.5625	0.335976	-0.54091	16.7988	-27.0455	-0.28619	-0.520753	-4.52116	-118.792
17.5713	0.335753	-0.540306	16.7876	-27.0153	-0.28675	-0.520484	-4.52067	-118.852
17.5801	0.335531	-0.539701	16.7765	-26.9851	-0.287308	-0.520214	-4.52017	-118.911
17.5888	0.335308	-0.539097	16.7654	-26.9549	-0.287867	-0.519944	-4.51968	-118.971
17.5976	0.335087	-0.538493	16.7543	-26.9247	-0.288425	-0.519673	-4.51919	-119.031
17.6064	0.334865	-0.53789	16.7433	-26.8945	-0.288983	-0.519402	-4.51869	-119.091
17.6152	0.334644	-0.537287	16.7322	-26.8643	-0.289541	-0.51913	-4.5182	-119.15
17.624	0.334423	-0.536684	16.7212	-26.8342	-0.290098	-0.518857	-4.5177	-119.21
17.6327	0.334203	-0.536082	16.7101	-26.8041	-0.290656	-0.518585	-4.5172	-119.27
17.6415	0.333982	-0.53548	16.6991	-26.774	-0.291213	-0.518311	-4.5167	-119.329
17.6503	0.333762	-0.534878	16.6881	-26.7439	-0.291769	-0.518037	-4.5162	-119.389
17.6591	0.333543	-0.534276	16.6771	-26.7138	-0.292326	-0.517763	-4.5157	-119.449
17.6678	0.333323	-0.533675	16.6662	-26.6838	-0.292882	-0.517488	-4.5152	-119.508
17.6766	0.333104	-0.533074	16.6552	-26.6537	-0.293437	-0.517213	-4.5147	-119.568
17.6854	0.332886	-0.532474	16.6443	-26.6237	-0.293993	-0.516937	-4.5142	-119.628
17.6942	0.332667	-0.531874	16.6334	-26.5937	-0.294548	-0.51666	-4.51369	-119.687
17.7029	0.332449	-0.531274	16.6225	-26.5637	-0.295103	-0.516383	-4.51319	-119.747
17.7117	0.332231	-0.530675	16.6116	-26.5337	-0.295658	-0.516106	-4.51268	-119.807
17.7205	0.332014	-0.530075	16.6007	-26.5038	-0.296212	-0.515828	-4.51217	-119.866
17.7293	0.331796	-0.529476	16.5898	-26.4738	-0.296766	-0.51555	-4.51167	-119.926
17.738	0.331579	-0.528878	16.579	-26.4439	-0.29732	-0.515271	-4.51116	-119.986
17.7468	0.331363	-0.52828	16.5681	-26.414	-0.297874	-0.514991	-4.51065	-120.045
17.7556	0.331146	-0.527682	16.5573	-26.3841	-0.298427	-0.514711	-4.51013	-120.105
17.7644	0.33093	-0.527084	16.5465	-26.3542	-0.29898	-0.514431	-4.50962	-120.165
17.7731	0.330715	-0.526487	16.5357	-26.3244	-0.299532	-0.51415	-4.50911	-120.224
17.7819	0.330499	-0.52589	16.525	-26.2945	-0.300085	-0.513869	-4.5086	-120.284
17.7907	0.330284	-0.525294	16.5142	-26.2647	-0.300637	-0.513587	-4.50808	-120.343
17.7995	0.330069	-0.524697	16.5035	-26.2349	-0.301189	-0.513304	-4.50756	-120.403
17.8083	0.329854	-0.524101	16.4927	-26.2051	-0.30174	-0.513021	-4.50705	-120.462
17.817	0.32964	-0.523506	16.482	-26.1753	-0.302291	-0.512738	-4.50653	-120.522
17.8258	0.329426	-0.52291	16.4713	-26.1455	-0.302842	-0.512454	-4.50601	-120.582
17.8346	0.329212	-0.522315	16.4606	-26.1158	-0.303393	-0.51217	-4.50549	-120.641
17.8434	0.328999	-0.521721	16.4499	-26.086	-0.303943	-0.511885	-4.50497	-120.701
17.8521	0.328786	-0.521126	16.4393	-26.0563	-0.304493	-0.511599	-4.50445	-120.76
17.8609	0.328573	-0.520532	16.4286	-26.0266	-0.305043	-0.511313	-4.50393	-120.82
17.8697	0.32836	-0.519939	16.418	-25.9969	-0.305592	-0.511027	-4.5034	-120.879
17.8785	0.328148	-0.519345	16.4074	-25.9673	-0.306142	-0.51074	-4.50288	-120.939
17.8872	0.327936	-0.518752	16.3968	-25.9376	-0.306691	-0.510453	-4.50235	-120.998
17.896	0.327724	-0.51816	16.3862	-25.908	-0.307239	-0.510165	-4.50183	-121.058
17.9048	0.327513	-0.517567	16.3756	-25.8784	-0.307787	-0.509877	-4.5013	-121.117
17.9136	0.327302	-0.516975	16.3651	-25.8487	-0.308335	-0.509588	-4.50077	-121.177
17.9223	0.327091	-0.516383	16.3545	-25.8192	-0.308883	-0.509298	-4.50024	-121.236
17.9311	0.32688	-0.515792	16.344	-25.7896	-0.309431	-0.509009	-4.49971	-121.296
17.9399	0.32667	-0.515201	16.3335	-25.76	-0.309978	-0.508718	-4.49918	-121.355
17.9487	0.32646	-0.51461	16.323	-25.7305	-0.310524	-0.508427	-4.49865	-121.415
17.9574	0.32625	-0.514019	16.3125	-25.701	-0.311071	-0.508136	-4.49812	-121.474
17.9662	0.326041	-0.513429	16.302	-25.6714	-0.311617	-0.507844	-4.49758	-121.534
17.975	0.325832	-0.512839	16.2916	-25.642	-0.312163	-0.507552	-4.49705	-121.593
17.9838	0.325623	-0.512249	16.2811	-25.6125	-0.312709	-0.507259	-4.49651	-121.652
17.9926	0.325414	-0.51166	16.2707	-25.583	-0.313254	-0.506966	-4.49597	-121.712
18.0013	0.325206	-0.511071	16.2603	-25.5536	-0.313799	-0.506672	-4.49544	-121.771
18.0101	0.324998	-0.510483	16.2499	-25.5241	-0.314344	-0.506378	-4.4949	-121.831
18.0189	0.32479	-0.509894	16.2395	-25.4947	-0.314888	-0.506083	-4.49436	-121.89
18.0277	0.324583	-0.509306	16.2291	-25.4653	-0.315432	-0.505788	-4.49382	-121.95
18.0364	0.324376	-0.508719	16.2188	-25.4359	-0.315976	-0.505492	-4.49327	-122.009
18.0452	0.324169	-0.508131	16.2084	-25.4066	-0.31652	-0.505196	-4.49273	-122.068
18.054	0.323962	-0.507544	16.1981	-25.3772	-0.317063	-0.504899	-4.49219	-122.128
18.0628	0.323756	-0.506957	16.1878	-25.3479	-0.317606	-0.504602	-4.49164	-122.187
18.0715	0.32355	-0.506371	16.1775	-25.3185	-0.318149	-0.504304	-4.4911	-122.246
18.0803	0.323344	-0.505785	16.1672	-25.2892	-0.318691	-0.504006	-4.49055	-122.306
18.0891	0.323138	-0.505199	16.1569	-25.2599	-0.319233	-0.503708	-4.49	-122.365
18.0979	0.322933	-0.504613	16.1467	-25.2307	-0.319775	-0.503409	-4.48946	-122.424
18.1066	0.322728	-0.504028	16.1364	-25.2014	-0.320316	-0.503109	-4.48891	-122.484
18.1154	0.322523	-0.503443	16.1262	-25.1722	-0.320857	-0.502809	-4.48836	-122.543
18.1242	0.322319	-0.502859	16.1159	-25.1429	-0.321398	-0.502508	-4.4878	-122.602
18.133	0.322115	-0.502274	16.1057	-25.1137	-0.321938	-0.502207	-4.48725	-122.662
18.1418	0.321911	-0.50169	16.0955	-25.0845	-0.322478	-0.501906	-4.4867	-122.721
18.1505	0.321707	-0.501107	16.0854	-25.0553	-0.323018	-0.501604	-4.48615	-122.78
18.1593	0.321504	-0.500523	16.0752	-25.0262	-0.323558	-0.501301	-4.48559	-122.84
18.1681	0.321301	-0.49994	16.065	-24.997	-0.324097	-0.500998	-4.48503	-122.899
18.1769	0.321098	-0.499357	16.0549	-24.9679	-0.324636	-0.500695	-4.48448	-122.958
18.1856	0.320896	-0.498775	16.0448	-24.9388	-0.325175	-0.500391	-4.48392	-123.017
18.1944	0.320693	-0.498193	16.0347	-24.9096	-0.325713	-0.500086	-4.48336	-123.077
18.2032	0.320491	-0.497611	16.0246	-24.8806	-0.326251	-0.499781	-4.4828	-123.136
18.212	0.32029	-0.49703	16.0145	-24.8515	-0.326789	-0.499476	-4.48224	-123.195
18.2207	0.320088	-0.496448	16.0044	-24.8224	-0.327326	-0.49917	-4.48168	-123.254
18.2295	0.319887	-0.495867	15.9944	-24.7934	-0.327863	-0.498864	-4.48112	-123.314
18.2383	0.319686	-0.495287	15.9843	-24.7643	-0.3284	-0.498557	-4.48055	-123.373
18.2471	0.319486	-0.494706	15.9743	-24.7353	-0.328936	-0.49825	-4.47999	-123.432
18.2558	0.319285	-0.494127	15.9643	-24.7063	-0.329473	-0.497942	-4.47942	-123.491
18.2646	0.319085	-0.493547	15.9543	-24.6773	-0.330008	-0.497634	-4.47886	-123.551
18.2734	0.318885	-0.492967	15.9443	-24.6484	-0.330544	-0.497325	-4.47829	-123.61
18.2822	0.318686	-0.492388	15.9343	-24.6194	-0.331079	-0.497016	-4.47772	-123.669
18.2909	0.318487	-0.49181	15.9243	-24.5905	-0.331614	-0.496706	-4.47715	-123.728
18.2997	0.318287	-0.491231	15.9144	-24.5616	-0.332149	-0.496396	-4.47658	-123.787
18.3085	0.318089	-0.490653	15.9044	-24.5326	-0.332683	-0.496085	-4.47601	-123.846
18.3173	0.31789	-0.490075	15.8945	-24.5038	-0.333217	-0.495774	-4.47544	-123.906
18.3261	0.317692	-0.489497	15.8846	-24.4749	-0.33375	-0.495463	-4.47487	-123.965
18.3348	0.317494	-0.48892	15.8747	-24.446	-0.334284	-0.495151	-4.47429	-124.024
18.3436	0.317296	-0.488343	15.8648	-24.4172	-0.334817	-0.494838	-4.47372	-124.083
18.3524	0.317099	-0.487767	15.8549	-24.3883	-0.335349	-0.494525	-4.47314	-124.142
18.3612	0.316902	-0.48719	15.8451	-24.3595	-0.335882	-0.494212	-4.47256	-124.201
18.3699	0.316705	-0.486614	15.8352	-24.3307	-0.336414	-0.493898	-4.47199	-124.26
18.3787	0.316508	-0.486038	15.8254	-24.3019	-0.336945	-0.493584	-4.47141	-124.319
18.3875	0.316312	-0.485463	15.8156	-24.2731	-0.337477	-0.493269	-4.47083	-124.379
18.3963	0.316115	-0.484888	15.8058	-24.2444	-0.338008	-0.492953	-4.47025	-124.438
18.405	0.31592	-0.484313	15.796	-24.2156	-0.338539	-0.492638	-4.46967	-124.497
18.4138	0.315724	-0.483738	15.7862	-24.1869	-0.339069	-0.492321	-4.46908	-124.556
18.4226	0.315529	-0.483164	15.7764	-24.1582	-0.339599	-0.492005	-4.4685	-124.615
18.4314	0.315334	-0.48259	15.7667	-24.1295	-0.340129	-0.491687	-4.46792	-124.674
18.4401	0.315139	-0.482016	15.7569	-24.1008	-0.340659	-0.49137	-4.46733	-124.733
18.4489	0.314944	-0.481443	15.7472	-24.0721	-0.341188	-0.491052	-4.46675	-124.792
18.4577	0.31475	-0.48087	15.7375	-24.0435	-0.341716	-0.490733	-4.46616	-124.851
18.4665	0.314556	-0.480297	15.7278	-24.0149	-0.342245	-0.490414	-4.46557	-124.91
18.4752	0.314362	-0.479725	15.7181	-23.9862	-0.342773	-0.490094	-4.46498	-124.969
18.484	0.314168	-0.479152	15.7084	-23.9576	-0.343301	-0.489774	-4.46439	-125.028
18.4928	0.313975	-0.47858	15.6987	-23.929	-0.343829	-0.489454	-4.4638	-125.087
18.5016	0.313782	-0.478009	15.6891	-23.9004	-0.344356	-0.489133	-4.46321	-125.146
18.5104	0.313589	-0.477438	15.6795	-23.8719	-0.344883	-0.488811	-4.46262	-125.205
18.5191	0.313396	-0.476866	15.6698	-23.8433	-0.345409	-0.48849	-4.46202	-125.264
18.5279	0.313204	-0.476296	15.6602	-23.8148	-0.345935	-0.488167	-4.46143	-125.323
18.5367	0.313012	-0.475725	15.6506	-23.7863	-0.346461	-0.487845	-4.46083	-125.382
18.5455	0.31282	-0.475155	15.641	-23.7578	-0.346987	-0.487521	-4.46024	-125.441
18.5542	0.312629	-0.474585	15.6314	-23.7293	-0.347512	-0.487198	-4.45964	-125.5
18.563	0.312438	-0.474016	15.6219	-23.7008	-0.348037	-0.486873	-4.45904	-125.559
18.5718	0.312246	-0.473447	15.6123	-23.6723	-0.348562	-0.486549	-4.45844	-125.618
18.5806	0.312056	-0.472878	15.6028	-23.6439	-0.349086	-0.486224	-4.45784	-125.677
18.5893	0.311865	-0.472309	15.5933	-23.6154	-0.34961	-0.485898	-4.45724	-125.735
18.5981	0.311675	-0.471741	15.5837	-23.587	-0.350133	-0.485572	-4.45664	-125.794
18.6069	0.311485	-0.471172	15.5742	-23.5586	-0.350657	-0.485246	-4.45604	-125.853
18.6157	0.311295	-0.470605	15.5648	-23.5302	-0.35118	-0.484919	-4.45543	-125.912
18.6244	0.311105	-0.470037	15.5553	-23.5019	-0.351702	-0.484591	-4.45483	-125.971
18.6332	0.310916	-0.46947	15.5458	-23.4735	-0.352224	-0.484263	-4.45422	-126.03
18.642	0.310727	-0.468903	15.5364	-23.4452	-0.352746	-0.483935	-4.45362	-126.089
18.6508	0.310538	-0.468336	15.5269	-23.4168	-0.353268	-0.483606	-4.45301	-126.148
18.6595	0.31035	-0.46777	15.5175	-23.3885	-0.353789	-0.483277	-4.4524	-126.206
18.6683	0.310161	-0.467204	15.5081	-23.3602	-0.35431	-0.482947	-4.45179	-126.265
18.6771	0.309973	-0.466638	15.4987	-23.3319	-0.354831	-0.482617	-4.45118	-126.324
18.6859	0.309786	-0.466073	15.4893	-23.3036	-0.355351	-0.482287	-4.45057	-126.383
18.6947	0.309598	-0.465508	15.4799	-23.2754	-0.355871	-0.481956	-4.44996	-126.442
18.7034	0.309411	-0.464943	15.4705	-23.2471	-0.356391	-0.481624	-4.44934	-126.501
18.7122	0.309224	-0.464378	15.4612	-23.2189	-0.35691	-0.481292	-4.44873	-126.559
18.721	0.309037	-0.463814	15.4518	-23.1907	-0.357429	-0.48096	-4.44812	-126.618
18.7298	0.30885	-0.46325	15.4425	-23.1625	-0.357947	-0.480627	-4.4475	-126.677
18.7385	0.308664	-0.462686	15.4332	-23.1343	-0.358466	-0.480294	-4.44688	-126.736
18.7473	0.308478	-0.462123	15.4239	-23.1061	-0.358984	-0.47996	-4.44626	-126.794
18.7561	0.308292	-0.461559	15.4146	-23.078	-0.359501	-0.479626	-4.44565	-126.853
18.7649	0.308106	-0.460996	15.4053	-23.0498	-0.360018	-0.479291	-4.44503	-126.912
18.7736	0.307921	-0.460434	15.396	-23.0217	-0.360535	-0.478956	-4.44441	-126.971
18.7824	0.307736	-0.459872	15.3868	-22.9936	-0.361052	-0.47862	-4.44378	-127.029
18.7912	0.307551	-0.45931	15.3775	-22.9655	-0.361568	-0.478284	-4.44316	-127.088
18.8	0.307366	-0.458748	15.3683	-22.9374	-0.362084	-0.477948	-4.44254	-127.147
18.8087	0.307182	-0.458186	15.3591	-22.9093	-0.3626	-0.477611	-4.44192	-127.206
18.8175	0.306998	-0.457625	15.3499	-22.8813	-0.363115	-0.477274	-4.44129	-127.264
18.8263	0.306814	-0.457064	15.3407	-22.8532	-0.36363	-0.476936	-4.44066	-127.323
18.8351	0.30663	-0.456504	15.3315	-22.8252	-0.364144	-0.476598	-4.44004	-127.382
18.8439	0.306446	-0.455943	15.3223	-22.7972	-0.364658	-0.476259	-4.43941	-127.44
18.8526	0.306263	-0.455383	15.3132	-22.7692	-0.365172	-0.47592	-4.43878	-127.499
18.8614	0.30608	-0.454823	15.304	-22.7412	-0.365686	-0.47558	-4.43815	-127.558
18.8702	0.305897	-0.454264	15.2949	-22.7132	-0.366199	-0.47524	-4.43752	-127.616
18.879	0.305715	-0.453705	15.2857	-22.6852	-0.366712	-0.4749	-4.43689	-127.675
18.8877	0.305533	-0.453146	15.2766	-22.6573	-0.367224	-0.474559	-4.43626	-127.733
18.8965	0.305351	-0.452587	15.2675	-22.6294	-0.367736	-0.474217	-4.43562	-127.792
18.9053	0.305169	-0.452029	15.2584	-22.6014	-0.368248	-0.473876	-4.43499	-127.851
18.9141	0.304987	-0.451471	15.2494	-22.5735	-0.368759	-0.473533	-4.43435	-127.909
18.9228	0.304806	-0.450913	15.2403	-22.5457	-0.36927	-0.473191	-4.43372	-127.968
18.9316	0.304625	-0.450356	15.2312	-22.5178	-0.369781	-0.472848	-4.43308	-128.026
18.9404	0.304444	-0.449798	15.2222	-22.4899	-0.370292	-0.472504	-4.43244	-128.085
18.9492	0.304263	-0.449241	15.2132	-22.4621	-0.370802	-0.47216	-4.4318	-128.144
18.9579	0.304083	-0.448685	15.2041	-22.4342	-0.371311	-0.471815	-4.43117	-128.202
18.9667	0.303903	-0.448128	15.1951	-22.4064	-0.371821	-0.471471	-4.43052	-128.261
18.9755	0.303723	-0.447572	15.1861	-22.3786	-0.37233	-0.471125	-4.42988	-128.319
18.9843	0.303543	-0.447016	15.1772	-22.3508	-0.372838	-0.470779	-4.42924	-128.378
18.993	0.303364	-0.446461	15.1682	-22.323	-0.373347	-0.470433	-4.4286	-128.436
19.0018	0.303184	-0.445906	15.1592	-22.2953	-0.373855	-0.470087	-4.42795	-128.495
19.0106	0.303005	-0.445351	15.1503	-22.2675	-0.374362	-0.469739	-4.42731	-128.553
19.0194	0.302827	-0.444796	15.1413	-22.2398	-0.374869	-0.469392	-4.42666	-128.612
19.0282	0.302648	-0.444241	15.1324	-22.2121	-0.375376	-0.469044	-4.42601	-128.67
19.0369	0.30247	-0.443687	15.1235	-22.1844	-0.375883	-0.468696	-4.42537	-128.729
19.0457	0.302292	-0.443133	15.1146	-22.1567	-0.376389	-0.468347	-4.42472	-128.787
19.0545	0.302114	-0.44258	15.1057	-22.129	-0.376895	-0.467997	-4.42407	-128.846
19.0633	0.301936	-0.442026	15.0968	-22.1013	-0.377401	-0.467648	-4.42342	-128.904
19.072	0.301759	-0.441473	15.0879	-22.0737	-0.377906	-0.467298	-4.42277	-128.963
19.0808	0.301581	-0.440921	15.0791	-22.046	-0.37841	-0.466947	-4.42211	-129.021
19.0896	0.301404	-0.440368	15.0702	-22.0184	-0.378915	-0.466596	-4.42146	-129.079
19.0984	0.301228	-0.439816	15.0614	-21.9908	-0.379419	-0.466245	-4.42081	-129.138
19.1071	0.301051	-0.439264	15.0526	-21.9632	-0.379923	-0.465893	-4.42015	-129.196
19.1159	0.300875	-0.438712	15.0437	-21.9356	-0.380426	-0.46554	-4.4195	-129.255
19.1247	0.300699	-0.438161	15.0349	-21.908	-0.380929	-0.465188	-4.41884	-129.313
19.1335	0.300523	-0.43761	15.0262	-21.8805	-0.381432	-0.464834	-4.41818	-129.371
19.1422	0.300347	-0.437059	15.0174	-21.8529	-0.381934	-0.464481	-4.41752	-129.43
19.151	0.300172	-0.436508	15.0086	-21.8254	-0.382436	-0.464127	-4.41686	-129.488
19.1598	0.299997	-0.435958	14.9998	-21.7979	-0.382938	-0.463772	-4.4162	-129.547
19.1686	0.299822	-0.435408	14.9911	-21.7704	-0.383439	-0.463417	-4.41554	-129.605
19.1773	0.299647	-0.434858	14.9824	-21.7429	-0.38394	-0.463062	-4.41488	-129.663
19.1861	0.299473	-0.434309	14.9736	-21.7154	-0.38444	-0.462706	-4.41422	-129.722
19.1949	0.299299	-0.433759	14.9649	-21.688	-0.384941	-0.46235	-4.41355	-129.78
19.2037	0.299125	-0.43321	14.9562	-21.6605	-0.38544	-0.461993	-4.41289	-129.838
19.2125	0.298951	-0.432662	14.9475	-21.6331	-0.38594	-0.461636	-4.41222	-129.896
19.2212	0.298777	-0.432113	14.9389	-21.6057	-0.386439	-0.461279	-4.41155	-129.955
19.23	0.298604	-0.431565	14.9302	-21.5783	-0.386938	-0.460921	-4.41089	-130.013
19.2388	0.298431	-0.431017	14.9215	-21.5509	-0.387436	-0.460563	-4.41022	-130.071
19.2476	0.298258	-0.43047	14.9129	-21.5235	-0.387934	-0.460204	-4.40955	-130.13
19.2563	0.298085	-0.429922	14.9042	-21.4961	-0.388432	-0.459845	-4.40888	-130.188
19.2651	0.297912	-0.429375	14.8956	-21.4688	-0.388929	-0.459485	-4.40821	-130.246
19.2739	0.29774	-0.428828	14.887	-21.4414	-0.389426	-0.459125	-4.40753	-130.304
19.2827	0.297568	-0.428282	14.8784	-21.4141	-0.389923	-0.458765	-4.40686	-130.363
19.2914	0.297396	-0.427736	14.8698	-21.3868	-0.390419	-0.458404	-4.40619	-130.421
19.3002	0.297225	-0.42719	14.8612	-21.3595	-0.390915	-0.458043	-4.40551	-130.479
19.309	0.297053	-0.426644	14.8527	-21.3322	-0.39141	-0.457681	-4.40484	-130.537
19.3178	0.296882	-0.426098	14.8441	-21.3049	-0.391905	-0.457319	-4.40416	-130.595
19.3265	0.296711	-0.425553	14.8356	-21.2777	-0.3924	-0.456956	-4.40348	-130.654
19.3353	0.29654	-0.425008	14.827	-21.2504	-0.392895	-0.456593	-4.4028	-130.712
19.3441	0.29637	-0.424464	14.8185	-21.2232	-0.393389	-0.45623	-4.40213	-130.77
19.3529	0.2962	-0.423919	14.81	-21.196	-0.393882	-0.455866	-4.40145	-130.828
19.3617	0.296029	-0.423375	14.8015	-21.1688	-0.394376	-0.455502	-4.40076	-130.886
19.3704	0.29586	-0.422831	14.793	-21.1416	-0.394869	-0.455137	-4.40008	-130.944
19.3792	0.29569	-0.422288	14.7845	-21.1144	-0.395361	-0.454772	-4.3994	-131.002
19.388	0.29552	-0.421744	14.776	-21.0872	-0.395853	-0.454407	-4.39872	-131.061
19.3968	0.295351	-0.421201	14.7676	-21.0601	-0.396345	-0.454041	-4.39803	-131.119
19.4055	0.295182	-0.420659	14.7591	-21.0329	-0.396837	-0.453675	-4.39735	-131.177
19.4143	0.295013	-0.420116	14.7507	-21.0058	-0.397328	-0.453308	-4.39666	-131.235
19.4231	0.294845	-0.419574	14.7422	-20.9787	-0.397819	-0.452941	-4.39597	-131.293
19.4319	0.294676	-0.419032	14.7338	-20.9516	-0.398309	-0.452573	-4.39528	-131.351
19.4406	0.294508	-0.41849	14.7254	-20.9245	-0.398799	-0.452205	-4.3946	-131.409
19.4494	0.29434	-0.417948	14.717	-20.8974	-0.399289	-0.451837	-4.39391	-131.467
19.4582	0.294172	-0.417407	14.7086	-20.8704	-0.399778	-0.451468	-4.39322	-131.525
19.467	0.294005	-0.416866	14.7002	-20.8433	-0.400267	-0.451099	-4.39252	-131.583
19.4757	0.293838	-0.416326	14.6919	-20.8163	-0.400755	-0.450729	-4.39183	-131.641
19.4845	0.29367	-0.415785	14.6835	-20.7893	-0.401243	-0.450359	-4.39114	-131.699
19.4933	0.293504	-0.415245	14.6752	-20.7623	-0.401731	-0.449989	-4.39044	-131.757
19.5021	0.293337	-0.414705	14.6668	-20.7353	-0.402219	-0.449618	-4.38975	-131.815
19.5108	0.29317	-0.414166	14.6585	-20.7083	-0.402706	-0.449247	-4.38905	-131.873
19.5196	0.293004	-0.413626	14.6502	-20.6813	-0.403192	-0.448875	-4.38836	-131.931
19.5284	0.292838	-0.413087	14.6419	-20.6544	-0.403679	-0.448503	-4.38766	-131.989
19.5372	0.292672	-0.412548	14.6336	-20.6274	-0.404165	-0.44813	-4.38696	-132.047
19.546	0.292507	-0.41201	14.6253	-20.6005	-0.40465	-0.447757	-4.38626	-132.105
19.5547	0.292341	-0.411471	14.6171	-20.5736	-0.405135	-0.447384	-4.38556	-132.163
19.5635	0.292176	-0.410933	14.6088	-20.5467	-0.40562	-0.44701	-4.38486	-132.221
19.5723	0.292011	-0.410395	14.6005	-20.5198	-0.406105	-0.446636	-4.38416	-132.279
19.5811	0.291846	-0.409858	14.5923	-20.4929	-0.406589	-0.446262	-4.38345	-132.337
19.5898	0.291681	-0.409321	14.5841	-20.466	-0.407073	-0.445887	-4.38275	-132.395
19.5986	0.291517	-0.408783	14.5758	-20.4392	-0.407556	-0.445511	-4.38205	-132.452
19.6074	0.291353	-0.408247	14.5676	-20.4123	-0.408039	-0.445136	-4.38134	-132.51
19.6162	0.291189	-0.40771	14.5594	-20.3855	-0.408521	-0.44476	-4.38063	-132.568
19.6249	0.291025	-0.407174	14.5512	-20.3587	-0.409004	-0.444383	-4.37993	-132.626
19.6337	0.290861	-0.406638	14.5431	-20.3319	-0.409485	-0.444006	-4.37922	-132.684
19.6425	0.290698	-0.406102	14.5349	-20.3051	-0.409967	-0.443629	-4.37851	-132.742
19.6513	0.290535	-0.405567	14.5267	-20.2783	-0.410448	-0.443251	-4.3778	-132.8
19.66	0.290372	-0.405031	14.5186	-20.2516	-0.410929	-0.442873	-4.37709	-132.857
19.6688	0.290209	-0.404497	14.5105	-20.2248	-0.411409	-0.442494	-4.37638	-132.915
19.6776	0.290047	-0.403962	14.5023	-20.1981	-0.411889	-0.442115	-4.37566	-132.973
19.6864	0.289884	-0.403427	14.4942	-20.1714	-0.412368	-0.441736	-4.37495	-133.031
19.6951	0.289722	-0.402893	14.4861	-20.1447	-0.412848	-0.441356	-4.37424	-133.089
19.7039	0.28956	-0.402359	14.478	-20.118	-0.413326	-0.440976	-4.37352	-133.146
19.7127	0.289398	-0.401825	14.4699	-20.0913	-0.413805	-0.440595	-4.37281	-133.204
19.7215	0.289237	-0.401292	14.4618	-20.0646	-0.414283	-0.440214	-4.37209	-133.262
19.7303	0.289075	-0.400759	14.4538	-20.0379	-0.414761	-0.439833	-4.37137	-133.32
19.739	0.288914	-0.400226	14.4457	-20.0113	-0.415238	-0.439451	-4.37065	-133.377
19.7478	0.288753	-0.399693	14.4377	-19.9847	-0.415715	-0.439069	-4.36993	-133.435
19.7566	0.288593	-0.399161	14.4296	-19.958	-0.416191	-0.438686	-4.36921	-133.493
19.7654	0.288432	-0.398629	14.4216	-19.9314	-0.416667	-0.438304	-4.36849	-133.55
19.7741	0.288272	-0.398097	14.4136	-19.9048	-0.417143	-0.43792	-4.36777	-133.608
19.7829	0.288111	-0.397565	14.4056	-19.8783	-0.417619	-0.437536	-4.36705	-133.666
19.7917	0.287952	-0.397034	14.3976	-19.8517	-0.418094	-0.437152	-4.36632	-133.723
19.8005	0.287792	-0.396503	14.3896	-19.8251	-0.418568	-0.436768	-4.3656	-133.781
19.8092	0.287632	-0.395972	14.3816	-19.7986	-0.419042	-0.436383	-4.36487	-133.839
19.818	0.287473	-0.395441	14.3736	-19.772	-0.419516	-0.435997	-4.36415	-133.896
19.8268	0.287314	-0.394911	14.3657	-19.7455	-0.41999	-0.435612	-4.36342	-133.954
19.8356	0.287155	-0.39438	14.3577	-19.719	-0.420463	-0.435226	-4.36269	-134.012
19.8443	0.286996	-0.393851	14.3498	-19.6925	-0.420936	-0.434839	-4.36196	-134.069
19.8531	0.286837	-0.393321	14.3419	-19.666	-0.421408	-0.434452	-4.36123	-134.127
19.8619	0.286679	-0.392791	14.334	-19.6396	-0.42188	-0.434065	-4.3605	-134.184
19.8707	0.286521	-0.392262	14.326	-19.6131	-0.422351	-0.433677	-4.35977	-134.242
19.8794	0.286363	-0.391733	14.3181	-19.5867	-0.422823	-0.433289	-4.35904	-134.3
19.8882	0.286205	-0.391205	14.3103	-19.5602	-0.423293	-0.432901	-4.35831	-134.357
19.897	0.286047	-0.390676	14.3024	-19.5338	-0.423764	-0.432512	-4.35757	-134.415
19.9058	0.28589	-0.390148	14.2945	-19.5074	-0.424234	-0.432123	-4.35684	-134.472
19.9146	0.285733	-0.38962	14.2866	-19.481	-0.424703	-0.431733	-4.3561	-134.53
19.9233	0.285576	-0.389093	14.2788	-19.4546	-0.425173	-0.431343	-4.35537	-134.587
19.9321	0.285419	-0.388565	14.271	-19.4283	-0.425641	-0.430953	-4.35463	-134.645
19.9409	0.285262	-0.388038	14.2631	-19.4019	-0.42611	-0.430562	-4.35389	-134.702
19.9497	0.285106	-0.387511	14.2553	-19.3756	-0.426578	-0.430171	-4.35315	-134.76
19.9584	0.28495	-0.386985	14.2475	-19.3492	-0.427046	-0.429779	-4.35241	-134.817
19.9672	0.284794	-0.386458	14.2397	-19.3229	-0.427513	-0.429387	-4.35167	-134.875
19.976	0.284638	-0.385932	14.2319	-19.2966	-0.42798	-0.428995	-4.35093	-134.932
19.9848	0.284482	-0.385406	14.2241	-19.2703	-0.428446	-0.428602	-4.35019	-134.99
19.9935	0.284327	-0.384881	14.2163	-19.244	-0.428913	-0.428209	-4.34945	-135.047
20.0023	0.284171	-0.384355	14.2086	-19.2178	-0.429378	-0.427816	-4.3487	-135.104
20.0111	0.284016	-0.38383	14.2008	-19.1915	-0.429844	-0.427422	-4.34796	-135.162
20.0199	0.283862	-0.383305	14.1931	-19.1653	-0.430309	-0.427028	-4.34721	-135.219
20.0286	0.283707	-0.38278	14.1853	-19.139	-0.430773	-0.426633	-4.34647	-135.277
20.0374	0.283552	-0.382256	14.1776	-19.1128	-0.431237	-0.426238	-4.34572	-135.334
20.0462	0.283398	-0.381732	14.1699	-19.0866	-0.431701	-0.425843	-4.34497	-135.391
20.055	0.283244	-0.381208	14.1622	-19.0604	-0.432164	-0.425447	-4.34422	-135.449
20.0638	0.28309	-0.380684	14.1545	-19.0342	-0.432627	-0.425051	-4.34347	-135.506
20.0725	0.282936	-0.380161	14.1468	-19.008	-0.43309	-0.424654	-4.34272	-135.563
20.0813	0.282783	-0.379637	14.1391	-18.9819	-0.433552	-0.424258	-4.34197	-135.621
20.0901	0.282629	-0.379115	14.1315	-18.9557	-0.434014	-0.42386	-4.34122	-135.678
20.0989	0.282476	-0.378592	14.1238	-18.9296	-0.434476	-0.423463	-4.34046	-135.735
20.1076	0.282323	-0.378069	14.1162	-18.9035	-0.434937	-0.423065	-4.33971	-135.793
20.1164	0.28217	-0.377547	14.1085	-18.8774	-0.435397	-0.422666	-4.33896	-135.85
20.1252	0.282018	-0.377025	14.1009	-18.8513	-0.435857	-0.422267	-4.3382	-135.907
20.134	0.281865	-0.376503	14.0933	-18.8252	-0.436317	-0.421868	-4.33744	-135.965
20.1427	0.281713	-0.375982	14.0856	-18.7991	-0.436777	-0.421469	-4.33669	-136.022
20.1515	0.281561	-0.375461	14.078	-18.773	-0.437236	-0.421069	-4.33593	-136.079
20.1603	0.281409	-0.37494	14.0704	-18.747	-0.437695	-0.420669	-4.33517	-136.136
20.1691	0.281257	-0.374419	14.0629	-18.7209	-0.438153	-0.420268	-4.33441	-136.194
20.1778	0.281106	-0.373898	14.0553	-18.6949	-0.438611	-0.419867	-4.33365	-136.251
20.1866	0.280954	-0.373378	14.0477	-18.6689	-0.439068	-0.419466	-4.33289	-136.308
20.1954	0.280803	-0.372858	14.0402	-18.6429	-0.439525	-0.419064	-4.33213	-136.365
20.2042	0.280652	-0.372338	14.0326	-18.6169	-0.439982	-0.418662	-4.33136	-136.422
20.2129	0.280502	-0.371819	14.0251	-18.5909	-0.440438	-0.418259	-4.3306	-136.48
20.2217	0.280351	-0.371299	14.0175	-18.565	-0.440894	-0.417856	-4.32983	-136.537
20.2305	0.280201	-0.37078	14.01	-18.539	-0.44135	-0.417453	-4.32907	-136.594
20.2393	0.28005	-0.370261	14.0025	-18.5131	-0.441805	-0.41705	-4.3283	-136.651
20.2481	0.2799	-0.369743	13.995	-18.4871	-0.442259	-0.416646	-4.32754	-136.708
20.2568	0.27975	-0.369224	13.9875	-18.4612	-0.442714	-0.416241	-4.32677	-136.765
20.2656	0.279601	-0.368706	13.98	-18.4353	-0.443168	-0.415837	-4.326	-136.822
20.2744	0.279451	-0.368188	13.9726	-18.4094	-0.443621	-0.415432	-4.32523	-136.879
20.2832	0.279302	-0.367671	13.9651	-18.3835	-0.444074	-0.415026	-4.32446	-136.937
20.2919	0.279153	-0.367153	13.9576	-18.3577	-0.444527	-0.41462	-4.32369	-136.994
20.3007	0.279004	-0.366636	13.9502	-18.3318	-0.444979	-0.414214	-4.32292	-137.051
20.3095	0.278855	-0.366119	13.9428	-18.306	-0.445431	-0.413808	-4.32214	-137.108
20.3183	0.278707	-0.365603	13.9353	-18.2801	-0.445883	-0.413401	-4.32137	-137.165
20.327	0.278558	-0.365086	13.9279	-18.2543	-0.446334	-0.412994	-4.3206	-137.222
20.3358	0.27841	-0.36457	13.9205	-18.2285	-0.446784	-0.412586	-4.31982	-137.279
20.3446	0.278262	-0.364054	13.9131	-18.2027	-0.447235	-0.412178	-4.31904	-137.336
20.3534	0.278114	-0.363538	13.9057	-18.1769	-0.447685	-0.41177	-4.31827	-137.393
20.3621	0.277966	-0.363023	13.8983	-18.1511	-0.448134	-0.411361	-4.31749	-137.45
20.3709	0.277819	-0.362507	13.8909	-18.1254	-0.448583	-0.410952	-4.31671	-137.507
20.3797	0.277672	-0.361992	13.8836	-18.0996	-0.449032	-0.410542	-4.31593	-137.564
20.3885	0.277524	-0.361477	13.8762	-18.0739	-0.44948	-0.410133	-4.31515	-137.621
20.3972	0.277377	-0.360963	13.8689	-18.0481	-0.449928	-0.409722	-4.31437	-137.678
20.406	0.277231	-0.360449	13.8615	-18.0224	-0.450376	-0.409312	-4.31359	-137.735
20.4148	0.277084	-0.359934	13.8542	-17.9967	-0.450823	-0.408901	-4.31281	-137.792
20.4236	0.276938	-0.359421	13.8469	-17.971	-0.451269	-0.40849	-4.31202	-137.849
20.4324	0.276791	-0.358907	13.8396	-17.9453	-0.451716	-0.408078	-4.31124	-137.905
20.4411	0.276645	-0.358394	13.8323	-17.9197	-0.452161	-0.407666	-4.31046	-137.962
20.4499	0.276499	-0.35788	13.825	-17.894	-0.452607	-0.407254	-4.30967	-138.019
20.4587	0.276354	-0.357368	13.8177	-17.8684	-0.453052	-0.406841	-4.30888	-138.076
20.4675	0.276208	-0.356855	13.8104	-17.8427	-0.453497	-0.406428	-4.3081	-138.133
20.4762	0.276063	-0.356342	13.8031	-17.8171	-0.453941	-0.406015	-4.30731	-138.19
20.485	0.275917	-0.35583	13.7959	-17.7915	-0.454385	-0.405601	-4.30652	-138.247
20.4938	0.275772	-0.355318	13.7886	-17.7659	-0.454828	-0.405187	-4.30573	-138.303
20.5026	0.275628	-0.354806	13.7814	-17.7403	-0.455271	-0.404773	-4.30494	-138.36
20.5113	0.275483	-0.354295	13.7741	-17.7147	-0.455714	-0.404358	-4.30415	-138.417
20.5201	0.275338	-0.353784	13.7669	-17.6892	-0.456156	-0.403943	-4.30336	-138.474
20.5289	0.275194	-0.353273	13.7597	-17.6636	-0.456598	-0.403528	-4.30256	-138.531
20.5377	0.27505	-0.352762	13.7525	-17.6381	-0.457039	-0.403112	-4.30177	-138.587
20.5464	0.274906	-0.352251	13.7453	-17.6126	-0.45748	-0.402696	-4.30097	-138.644
20.5552	0.274762	-0.351741	13.7381	-17.587	-0.457921	-0.402279	-4.30018	-138.701
20.564	0.274618	-0.351231	13.7309	-17.5615	-0.458361	-0.401862	-4.29938	-138.758
20.5728	0.274475	-0.350721	13.7237	-17.536	-0.458801	-0.401445	-4.29859	-138.814
20.5816	0.274332	-0.350211	13.7166	-17.5106	-0.45924	-0.401027	-4.29779	-138.871
20.5903	0.274189	-0.349702	13.7094	-17.4851	-0.459679	-0.400609	-4.29699	-138.928
20.5991	0.274046	-0.349192	13.7023	-17.4596	-0.460118	-0.400191	-4.29619	-138.985
20.6079	0.273903	-0.348683	13.6951	-17.4342	-0.460556	-0.399773	-4.29539	-139.041
20.6167	0.27376	-0.348175	13.688	-17.4087	-0.460993	-0.399354	-4.29459	-139.098
20.6254	0.273618	-0.347666	13.6809	-17.3833	-0.461431	-0.398934	-4.29379	-139.155
20.6342	0.273475	-0.347158	13.6738	-17.3579	-0.461868	-0.398515	-4.29299	-139.211
20.643	0.273333	-0.34665	13.6667	-17.3325	-0.462304	-0.398095	-4.29218	-139.268
20.6518	0.273191	-0.346142	13.6596	-17.3071	-0.46274	-0.397674	-4.29138	-139.325
20.6605	0.27305	-0.345634	13.6525	-17.2817	-0.463176	-0.397254	-4.29058	-139.381
20.6693	0.272908	-0.345127	13.6454	-17.2563	-0.463611	-0.396833	-4.28977	-139.438
20.6781	0.272767	-0.34462	13.6383	-17.231	-0.464046	-0.396411	-4.28896	-139.494
20.6869	0.272625	-0.344113	13.6313	-17.2056	-0.46448	-0.39599	-4.28816	-139.551
20.6956	0.272484	-0.343606	13.6242	-17.1803	-0.464914	-0.395568	-4.28735	-139.608
20.7044	0.272343	-0.3431	13.6172	-17.155	-0.465348	-0.395145	-4.28654	-139.664
20.7132	0.272203	-0.342593	13.6101	-17.1297	-0.465781	-0.394722	-4.28573	-139.721
20.722	0.272062	-0.342087	13.6031	-17.1044	-0.466214	-0.394299	-4.28492	-139.777
20.7307	0.271922	-0.341582	13.5961	-17.0791	-0.466646	-0.393876	-4.28411	-139.834
20.7395	0.271781	-0.341076	13.5891	-17.0538	-0.467078	-0.393452	-4.2833	-139.89
20.7483	0.271641	-0.340571	13.5821	-17.0285	-0.46751	-0.393028	-4.28249	-139.947
20.7571	0.271502	-0.340066	13.5751	-17.0033	-0.467941	-0.392604	-4.28167	-140.003
20.7659	0.271362	-0.339561	13.5681	-16.978	-0.468372	-0.392179	-4.28086	-140.06
20.7746	0.271222	-0.339056	13.5611	-16.9528	-0.468802	-0.391754	-4.28005	-140.116
20.7834	0.271083	-0.338552	13.5541	-16.9276	-0.469232	-0.391328	-4.27923	-140.173
20.7922	0.270944	-0.338047	13.5472	-16.9024	-0.469661	-0.390903	-4.27841	-140.229
20.801	0.270804	-0.337543	13.5402	-16.8772	-0.47009	-0.390476	-4.2776	-140.286
20.8097	0.270666	-0.33704	13.5333	-16.852	-0.470519	-0.39005	-4.27678	-140.342
20.8185	0.270527	-0.336536	13.5263	-16.8268	-0.470947	-0.389623	-4.27596	-140.398
20.8273	0.270388	-0.336033	13.5194	-16.8016	-0.471375	-0.389196	-4.27514	-140.455
20.8361	0.27025	-0.33553	13.5125	-16.7765	-0.471802	-0.388769	-4.27432	-140.511
20.8448	0.270112	-0.335027	13.5056	-16.7513	-0.472229	-0.388341	-4.2735	-140.568
20.8536	0.269973	-0.334524	13.4987	-16.7262	-0.472656	-0.387913	-4.27268	-140.624
20.8624	0.269836	-0.334022	13.4918	-16.7011	-0.473082	-0.387484	-4.27186	-140.68
20.8712	0.269698	-0.33352	13.4849	-16.676	-0.473508	-0.387056	-4.27103	-140.737
20.8799	0.26956	-0.333018	13.478	-16.6509	-0.473933	-0.386626	-4.27021	-140.793
20.8887	0.269423	-0.332516	13.4711	-16.6258	-0.474358	-0.386197	-4.26939	-140.849
20.8975	0.269286	-0.332014	13.4643	-16.6007	-0.474782	-0.385767	-4.26856	-140.906
20.9063	0.269148	-0.331513	13.4574	-16.5757	-0.475206	-0.385337	-4.26773	-140.962
20.915	0.269011	-0.331012	13.4506	-16.5506	-0.47563	-0.384907	-4.26691	-141.018
20.9238	0.268875	-0.330511	13.4437	-16.5256	-0.476053	-0.384476	-4.26608	-141.075
20.9326	0.268738	-0.33001	13.4369	-16.5005	-0.476476	-0.384045	-4.26525	-141.131
20.9414	0.268602	-0.32951	13.4301	-16.4755	-0.476898	-0.383614	-4.26442	-141.187
20.9502	0.268465	-0.32901	13.4233	-16.4505	-0.47732	-0.383182	-4.26359	-141.243
20.9589	0.268329	-0.32851	13.4165	-16.4255	-0.477742	-0.38275	-4.26276	-141.3
20.9677	0.268193	-0.32801	13.4097	-16.4005	-0.478163	-0.382317	-4.26193	-141.356
20.9765	0.268057	-0.327511	13.4029	-16.3755	-0.478584	-0.381885	-4.2611	-141.412
20.9853	0.267922	-0.327011	13.3961	-16.3506	-0.479004	-0.381452	-4.26027	-141.468
20.994	0.267786	-0.326512	13.3893	-16.3256	-0.479424	-0.381018	-4.25943	-141.524
21.0028	0.267651	-0.326013	13.3825	-16.3007	-0.479843	-0.380585	-4.2586	-141.581
21.0116	0.267516	-0.325515	13.3758	-16.2757	-0.480262	-0.380151	-4.25776	-141.637
21.0204	0.267381	-0.325016	13.369	-16.2508	-0.480681	-0.379716	-4.25693	-141.693
21.0291	0.267246	-0.324518	13.3623	-16.2259	-0.481099	-0.379282	-4.25609	-141.749
21.0379	0.267111	-0.32402	13.3556	-16.201	-0.481517	-0.378847	-4.25525	-141.805
21.0467	0.266977	-0.323522	13.3488	-16.1761	-0.481934	-0.378411	-4.25442	-141.861
21.0555	0.266842	-0.323025	13.3421	-16.1512	-0.482351	-0.377976	-4.25358	-141.917
21.0642	0.266708	-0.322527	13.3354	-16.1264	-0.482767	-0.37754	-4.25274	-141.973
21.073	0.266574	-0.32203	13.3287	-16.1015	-0.483183	-0.377104	-4.2519	-142.03
21.0818	0.26644	-0.321533	13.322	-16.0767	-0.483599	-0.376667	-4.25106	-142.086
21.0906	0.266306	-0.321036	13.3153	-16.0518	-0.484014	-0.37623	-4.25021	-142.142
21.0993	0.266173	-0.32054	13.3086	-16.027	-0.484429	-0.375793	-4.24937	-142.198
21.1081	0.266039	-0.320044	13.302	-16.0022	-0.484843	-0.375355	-4.24853	-142.254
21.1169	0.265906	-0.319548	13.2953	-15.9774	-0.485257	-0.374918	-4.24768	-142.31
21.1257	0.265773	-0.319052	13.2886	-15.9526	-0.485671	-0.37448	-4.24684	-142.366
21.1345	0.26564	-0.318556	13.282	-15.9278	-0.486084	-0.374041	-4.24599	-142.422
21.1432	0.265507	-0.318061	13.2754	-15.903	-0.486496	-0.373602	-4.24515	-142.478
21.152	0.265374	-0.317566	13.2687	-15.8783	-0.486909	-0.373163	-4.2443	-142.534
21.1608	0.265242	-0.317071	13.2621	-15.8535	-0.487321	-0.372724	-4.24345	-142.59
21.1696	0.26511	-0.316576	13.2555	-15.8288	-0.487732	-0.372284	-4.24261	-142.646
21.1783	0.264977	-0.316081	13.2489	-15.8041	-0.488143	-0.371844	-4.24176	-142.702
21.1871	0.264845	-0.315587	13.2423	-15.7794	-0.488553	-0.371404	-4.24091	-142.757
21.1959	0.264713	-0.315093	13.2357	-15.7546	-0.488964	-0.370963	-4.24006	-142.813
21.2047	0.264582	-0.314599	13.2291	-15.73	-0.489373	-0.370522	-4.2392	-142.869
21.2134	0.26445	-0.314105	13.2225	-15.7053	-0.489782	-0.370081	-4.23835	-142.925
21.2222	0.264319	-0.313612	13.2159	-15.6806	-0.490191	-0.369639	-4.2375	-142.981
21.231	0.264187	-0.313119	13.2094	-15.6559	-0.4906	-0.369197	-4.23665	-143.037
21.2398	0.264056	-0.312626	13.2028	-15.6313	-0.491008	-0.368755	-4.23579	-143.093
21.2485	0.263925	-0.312133	13.1963	-15.6066	-0.491415	-0.368313	-4.23494	-143.149
21.2573	0.263795	-0.31164	13.1897	-15.582	-0.491822	-0.36787	-4.23408	-143.205
21.2661	0.263664	-0.311148	13.1832	-15.5574	-0.492229	-0.367427	-4.23323	-143.26
21.2749	0.263533	-0.310656	13.1767	-15.5328	-0.492635	-0.366983	-4.23237	-143.316
21.2837	0.263403	-0.310164	13.1702	-15.5082	-0.493041	-0.36654	-4.23151	-143.372
21.2924	0.263273	-0.309672	13.1636	-15.4836	-0.493447	-0.366096	-4.23065	-143.428
21.3012	0.263143	-0.30918	13.1571	-15.459	-0.493852	-0.365651	-4.22979	-143.483
21.31	0.263013	-0.308689	13.1506	-15.4345	-0.494256	-0.365207	-4.22893	-143.539
21.3188	0.262883	-0.308198	13.1442	-15.4099	-0.49466	-0.364762	-4.22807	-143.595
21.3275	0.262754	-0.307707	13.1377	-15.3854	-0.495064	-0.364316	-4.22721	-143.651
21.3363	0.262624	-0.307216	13.1312	-15.3608	-0.495467	-0.363871	-4.22635	-143.706
21.3451	0.262495	-0.306726	13.1247	-15.3363	-0.49587	-0.363425	-4.22549	-143.762
21.3539	0.262366	-0.306236	13.1183	-15.3118	-0.496272	-0.362979	-4.22462	-143.818
21.3626	0.262237	-0.305746	13.1118	-15.2873	-0.496674	-0.362532	-4.22376	-143.874
21.3714	0.262108	-0.305256	13.1054	-15.2628	-0.497076	-0.362086	-4.22289	-143.929
21.3802	0.261979	-0.304766	13.099	-15.2383	-0.497477	-0.361638	-4.22203	-143.985
21.389	0.261851	-0.304277	13.0925	-15.2138	-0.497878	-0.361191	-4.22116	-144.041
21.3977	0.261722	-0.303787	13.0861	-15.1894	-0.498278	-0.360743	-4.2203	-144.096
21.4065	0.261594	-0.303298	13.0797	-15.1649	-0.498678	-0.360295	-4.21943	-144.152
21.4153	0.261466	-0.30281	13.0733	-15.1405	-0.499077	-0.359847	-4.21856	-144.207
21.4241	0.261338	-0.302321	13.0669	-15.116	-0.499476	-0.359399	-4.21769	-144.263
21.4328	0.26121	-0.301833	13.0605	-15.0916	-0.499875	-0.35895	-4.21682	-144.319
21.4416	0.261082	-0.301344	13.0541	-15.0672	-0.500273	-0.358501	-4.21595	-144.374
21.4504	0.260955	-0.300856	13.0477	-15.0428	-0.500671	-0.358051	-4.21508	-144.43
21.4592	0.260828	-0.300369	13.0414	-15.0184	-0.501068	-0.357601	-4.21421	-144.485
21.468	0.2607	-0.299881	13.035	-14.9941	-0.501465	-0.357151	-4.21333	-144.541
21.4767	0.260573	-0.299394	13.0287	-14.9697	-0.501861	-0.356701	-4.21246	-144.596
21.4855	0.260446	-0.298907	13.0223	-14.9453	-0.502257	-0.35625	-4.21159	-144.652
21.4943	0.26032	-0.29842	13.016	-14.921	-0.502652	-0.355799	-4.21071	-144.707
21.5031	0.260193	-0.297933	13.0097	-14.8966	-0.503048	-0.355348	-4.20984	-144.763
21.5118	0.260067	-0.297446	13.0033	-14.8723	-0.503442	-0.354897	-4.20896	-144.818
21.5206	0.25994	-0.29696	12.997	-14.848	-0.503836	-0.354445	-4.20808	-144.874
21.5294	0.259814	-0.296474	12.9907	-14.8237	-0.50423	-0.353993	-4.20721	-144.929
21.5382	0.259688	-0.295988	12.9844	-14.7994	-0.504624	-0.353541	-4.20633	-144.985
21.5469	0.259562	-0.295502	12.9781	-14.7751	-0.505016	-0.353088	-4.20545	-145.04
21.5557	0.259436	-0.295017	12.9718	-14.7508	-0.505409	-0.352635	-4.20457	-145.096
21.5645	0.259311	-0.294532	12.9655	-14.7266	-0.505801	-0.352182	-4.20369	-145.151
21.5733	0.259185	-0.294047	12.9593	-14.7023	-0.506193	-0.351728	-4.20281	-145.206
21.582	0.25906	-0.293562	12.953	-14.6781	-0.506584	-0.351274	-4.20193	-145.262
21.5908	0.258935	-0.293077	12.9467	-14.6539	-0.506974	-0.35082	-4.20104	-145.317
21.5996	0.25881	-0.292593	12.9405	-14.6296	-0.507365	-0.350366	-4.20016	-145.373
21.6084	0.258685	-0.292108	12.9342	-14.6054	-0.507755	-0.349911	-4.19928	-145.428
21.6171	0.25856	-0.291624	12.928	-14.5812	-0.508144	-0.349456	-4.19839	-145.483
21.6259	0.258436	-0.291141	12.9218	-14.557	-0.508533	-0.349001	-4.19751	-145.539
21.6347	0.258311	-0.290657	12.9156	-14.5328	-0.508922	-0.348545	-4.19662	-145.594
21.6435	0.258187	-0.290173	12.9093	-14.5087	-0.50931	-0.34809	-4.19574	-145.649
21.6523	0.258063	-0.28969	12.9031	-14.4845	-0.509698	-0.347633	-4.19485	-145.705
21.661	0.257939	-0.289207	12.8969	-14.4604	-0.510085	-0.347177	-4.19396	-145.76
21.6698	0.257815	-0.288724	12.8907	-14.4362	-0.510472	-0.34672	-4.19307	-145.815
21.6786	0.257691	-0.288242	12.8845	-14.4121	-0.510858	-0.346263	-4.19218	-145.87
21.6874	0.257567	-0.287759	12.8784	-14.388	-0.511244	-0.345806	-4.19129	-145.926
21.6961	0.257444	-0.287277	12.8722	-14.3639	-0.511629	-0.345349	-4.1904	-145.981
21.7049	0.257321	-0.286795	12.866	-14.3398	-0.512015	-0.344891	-4.18951	-146.036
21.7137	0.257197	-0.286313	12.8599	-14.3157	-0.512399	-0.344433	-4.18862	-146.091
21.7225	0.257074	-0.285832	12.8537	-14.2916	-0.512783	-0.343974	-4.18773	-146.146
21.7312	0.256952	-0.28535	12.8476	-14.2675	-0.513167	-0.343516	-4.18684	-146.202
21.74	0.256829	-0.284869	12.8414	-14.2435	-0.51355	-0.343057	-4.18594	-146.257
21.7488	0.256706	-0.284388	12.8353	-14.2194	-0.513933	-0.342598	-4.18505	-146.312
21.7576	0.256584	-0.283907	12.8292	-14.1954	-0.514316	-0.342138	-4.18415	-146.367
21.7663	0.256461	-0.283427	12.8231	-14.1713	-0.514698	-0.341678	-4.18326	-146.422
21.7751	0.256339	-0.282946	12.817	-14.1473	-0.515079	-0.341218	-4.18236	-146.477
21.7839	0.256217	-0.282466	12.8109	-14.1233	-0.515461	-0.340758	-4.18146	-146.532
21.7927	0.256095	-0.281986	12.8048	-14.0993	-0.515841	-0.340298	-4.18057	-146.587
21.8015	0.255973	-0.281506	12.7987	-14.0753	-0.516221	-0.339837	-4.17967	-146.642
21.8102	0.255852	-0.281027	12.7926	-14.0513	-0.516601	-0.339376	-4.17877	-146.698
21.819	0.25573	-0.280547	12.7865	-14.0274	-0.516981	-0.338914	-4.17787	-146.753
21.8278	0.255609	-0.280068	12.7804	-14.0034	-0.51736	-0.338453	-4.17697	-146.808
21.8366	0.255488	-0.279589	12.7744	-13.9795	-0.517738	-0.337991	-4.17607	-146.863
21.8453	0.255367	-0.27911	12.7683	-13.9555	-0.518116	-0.337528	-4.17516	-146.918
21.8541	0.255246	-0.278632	12.7623	-13.9316	-0.518494	-0.337066	-4.17426	-146.973
21.8629	0.255125	-0.278153	12.7562	-13.9077	-0.518871	-0.336603	-4.17336	-147.028
21.8717	0.255004	-0.277675	12.7502	-13.8838	-0.519248	-0.33614	-4.17246	-147.083
21.8804	0.254884	-0.277197	12.7442	-13.8599	-0.519624	-0.335677	-4.17155	-147.138
21.8892	0.254763	-0.276719	12.7382	-13.836	-0.52	-0.335213	-4.17065	-147.193
21.898	0.254643	-0.276242	12.7322	-13.8121	-0.520375	-0.334749	-4.16974	-147.247
21.9068	0.254523	-0.275764	12.7261	-13.7882	-0.52075	-0.334285	-4.16883	-147.302
21.9155	0.254403	-0.275287	12.7201	-13.7644	-0.521125	-0.333821	-4.16793	-147.357
21.9243	0.254283	-0.27481	12.7142	-13.7405	-0.521499	-0.333356	-4.16702	-147.412
21.9331	0.254163	-0.274333	12.7082	-13.7167	-0.521873	-0.332891	-4.16611	-147.467
21.9419	0.254044	-0.273857	12.7022	-13.6928	-0.522246	-0.332426	-4.1652	-147.522
21.9506	0.253924	-0.27338	12.6962	-13.669	-0.522619	-0.331961	-4.16429	-147.577
21.9594	0.253805	-0.272904	12.6903	-13.6452	-0.522991	-0.331495	-4.16338	-147.632
21.9682	0.253686	-0.272428	12.6843	-13.6214	-0.523363	-0.331029	-4.16247	-147.686
21.977	0.253567	-0.271952	12.6783	-13.5976	-0.523734	-0.330563	-4.16156	-147.741
21.9858	0.253448	-0.271477	12.6724	-13.5738	-0.524105	-0.330097	-4.16065	-147.796
21.9945	0.253329	-0.271001	12.6665	-13.5501	-0.524476	-0.32963	-4.15973	-147.851
22.0033	0.25321	-0.270526	12.6605	-13.5263	-0.524846	-0.329163	-4.15882	-147.906
22.0121	0.253092	-0.270051	12.6546	-13.5025	-0.525216	-0.328696	-4.15791	-147.96
22.0209	0.252974	-0.269576	12.6487	-13.4788	-0.525585	-0.328228	-4.15699	-148.015
22.0296	0.252855	-0.269101	12.6428	-13.4551	-0.525954	-0.32776	-4.15608	-148.07
22.0384	0.252737	-0.268627	12.6369	-13.4313	-0.526322	-0.327292	-4.15516	-148.125
22.0472	0.252619	-0.268153	12.631	-13.4076	-0.52669	-0.326824	-4.15424	-148.179
22.056	0.252502	-0.267679	12.6251	-13.3839	-0.527057	-0.326355	-4.15333	-148.234
22.0647	0.252384	-0.267205	12.6192	-13.3602	-0.527424	-0.325886	-4.15241	-148.289
22.0735	0.252266	-0.266731	12.6133	-13.3365	-0.527791	-0.325417	-4.15149	-148.343
22.0823	0.252149	-0.266257	12.6074	-13.3129	-0.528157	-0.324948	-4.15057	-148.398
22.0911	0.252032	-0.265784	12.6016	-13.2892	-0.528523	-0.324478	-4.14965	-148.453
22.0998	0.251914	-0.265311	12.5957	-13.2656	-0.528888	-0.324009	-4.14873	-148.507
22.1086	0.251797	-0.264838	12.5899	-13.2419	-0.529253	-0.323538	-4.14781	-148.562
22.1174	0.25168	-0.264365	12.584	-13.2183	-0.529617	-0.323068	-4.14689	-148.617
22.1262	0.251564	-0.263893	12.5782	-13.1946	-0.529981	-0.322597	-4.14597	-148.671
22.1349	0.251447	-0.263421	12.5724	-13.171	-0.530345	-0.322127	-4.14504	-148.726
22.1437	0.25133	-0.262948	12.5665	-13.1474	-0.530708	-0.321655	-4.14412	-148.78
22.1525	0.251214	-0.262477	12.5607	-13.1238	-0.53107	-0.321184	-4.1432	-148.835
22.1613	0.251098	-0.262005	12.5549	-13.1002	-0.531432	-0.320712	-4.14227	-148.89
22.1701	0.250982	-0.261533	12.5491	-13.0767	-0.531794	-0.320241	-4.14135	-148.944
22.1788	0.250866	-0.261062	12.5433	-13.0531	-0.532155	-0.319768	-4.14042	-148.999
22.1876	0.25075	-0.260591	12.5375	-13.0295	-0.532516	-0.319296	-4.13949	-149.053
22.1964	0.250634	-0.26012	12.5317	-13.006	-0.532877	-0.318823	-4.13857	-149.108
22.2052	0.250519	-0.259649	12.5259	-12.9824	-0.533236	-0.31835	-4.13764	-149.162
22.2139	0.250403	-0.259178	12.5202	-12.9589	-0.533596	-0.317877	-4.13671	-149.217
22.2227	0.250288	-0.258708	12.5144	-12.9354	-0.533955	-0.317404	-4.13578	-149.271
22.2315	0.250173	-0.258238	12.5086	-12.9119	-0.534313	-0.31693	-4.13485	-149.326
22.2403	0.250057	-0.257768	12.5029	-12.8884	-0.534672	-0.316456	-4.13392	-149.38
22.249	0.249943	-0.257298	12.4971	-12.8649	-0.535029	-0.315982	-4.13299	-149.434
22.2578	0.249828	-0.256828	12.4914	-12.8414	-0.535387	-0.315508	-4.13206	-149.489
22.2666	0.249713	-0.256359	12.4857	-12.8179	-0.535743	-0.315033	-4.13112	-149.543
22.2754	0.249598	-0.255889	12.4799	-12.7945	-0.5361	-0.314558	-4.13019	-149.598
22.2841	0.249484	-0.25542	12.4742	-12.771	-0.536456	-0.314083	-4.12926	-149.652
22.2929	0.24937	-0.254952	12.4685	-12.7476	-0.536811	-0.313608	-4.12832	-149.706
22.3017	0.249256	-0.254483	12.4628	-12.7241	-0.537166	-0.313132	-4.12739	-149.761
22.3105	0.249141	-0.254014	12.4571	-12.7007	-0.537521	-0.312657	-4.12645	-149.815
22.3192	0.249028	-0.253546	12.4514	-12.6773	-0.537875	-0.31218	-4.12552	-149.869
22.328	0.248914	-0.253078	12.4457	-12.6539	-0.538228	-0.311704	-4.12458	-149.924
22.3368	0.2488	-0.25261	12.44	-12.6305	-0.538582	-0.311228	-4.12365	-149.978
22.3456	0.248687	-0.252142	12.4343	-12.6071	-0.538934	-0.310751	-4.12271	-150.032
22.3544	0.248573	-0.251675	12.4287	-12.5837	-0.539287	-0.310274	-4.12177	-150.086
22.3631	0.24846	-0.251207	12.423	-12.5604	-0.539639	-0.309796	-4.12083	-150.141
22.3719	0.248347	-0.25074	12.4173	-12.537	-0.53999	-0.309319	-4.11989	-150.195
22.3807	0.248234	-0.250273	12.4117	-12.5137	-0.540341	-0.308841	-4.11895	-150.249
22.3895	0.248121	-0.249806	12.406	-12.4903	-0.540691	-0.308363	-4.11801	-150.303
22.3982	0.248008	-0.24934	12.4004	-12.467	-0.541042	-0.307885	-4.11707	-150.358
22.407	0.247895	-0.248873	12.3948	-12.4437	-0.541391	-0.307406	-4.11613	-150.412
22.4158	0.247783	-0.248407	12.3891	-12.4203	-0.54174	-0.306928	-4.11519	-150.466
22.4246	0.24767	-0.247941	12.3835	-12.397	-0.542089	-0.306449	-4.11424	-150.52
22.4333	0.247558	-0.247475	12.3779	-12.3738	-0.542437	-0.30597	-4.1133	-150.574
22.4421	0.247446	-0.247009	12.3723	-12.3505	-0.542785	-0.30549	-4.11235	-150.628
22.4509	0.247334	-0.246544	12.3667	-12.3272	-0.543133	-0.30501	-4.11141	-150.682
22.4597	0.247222	-0.246079	12.3611	-12.3039	-0.54348	-0.304531	-4.11046	-150.737
22.4684	0.24711	-0.245613	12.3555	-12.2807	-0.543826	-0.30405	-4.10952	-150.791
22.4772	0.246998	-0.245148	12.3499	-12.2574	-0.544172	-0.30357	-4.10857	-150.845
22.486	0.246887	-0.244684	12.3443	-12.2342	-0.544518	-0.303089	-4.10762	-150.899
22.4948	0.246776	-0.244219	12.3388	-12.211	-0.544863	-0.302609	-4.10668	-150.953
22.5036	0.246664	-0.243755	12.3332	-12.1877	-0.545208	-0.302128	-4.10573	-151.007
22.5123	0.246553	-0.243291	12.3277	-12.1645	-0.545552	-0.301646	-4.10478	-151.061
22.5211	0.246442	-0.242826	12.3221	-12.1413	-0.545896	-0.301165	-4.10383	-151.115
22.5299	0.246331	-0.242363	12.3166	-12.1181	-0.546239	-0.300683	-4.10288	-151.169
22.5387	0.24622	-0.241899	12.311	-12.0949	-0.546582	-0.300201	-4.10193	-151.223
22.5474	0.24611	-0.241436	12.3055	-12.0718	-0.546924	-0.299719	-4.10098	-151.277
22.5562	0.245999	-0.240972	12.3	-12.0486	-0.547266	-0.299236	-4.10003	-151.331
22.565	0.245889	-0.240509	12.2944	-12.0255	-0.547608	-0.298754	-4.09907	-151.385
22.5738	0.245778	-0.240046	12.2889	-12.0023	-0.547949	-0.298271	-4.09812	-151.439
22.5825	0.245668	-0.239584	12.2834	-11.9792	-0.54829	-0.297788	-4.09717	-151.493
22.5913	0.245558	-0.239121	12.2779	-11.956	-0.54863	-0.297304	-4.09621	-151.547
22.6001	0.245448	-0.238659	12.2724	-11.9329	-0.54897	-0.296821	-4.09526	-151.6
22.6089	0.245338	-0.238196	12.2669	-11.9098	-0.549309	-0.296337	-4.0943	-151.654
22.6176	0.245229	-0.237734	12.2614	-11.8867	-0.549648	-0.295853	-4.09335	-151.708
22.6264	0.245119	-0.237273	12.2559	-11.8636	-0.549986	-0.295369	-4.09239	-151.762
22.6352	0.24501	-0.236811	12.2505	-11.8405	-0.550324	-0.294884	-4.09143	-151.816
22.644	0.2449	-0.23635	12.245	-11.8175	-0.550662	-0.2944	-4.09048	-151.87
22.6527	0.244791	-0.235888	12.2395	-11.7944	-0.550999	-0.293915	-4.08952	-151.924
22.6615	0.244682	-0.235427	12.2341	-11.7714	-0.551335	-0.29343	-4.08856	-151.977
22.6703	0.244573	-0.234966	12.2286	-11.7483	-0.551671	-0.292944	-4.0876	-152.031
22.6791	0.244464	-0.234506	12.2232	-11.7253	-0.552007	-0.292459	-4.08664	-152.085
22.6879	0.244355	-0.234045	12.2178	-11.7023	-0.552342	-0.291973	-4.08568	-152.139
22.6966	0.244247	-0.233585	12.2123	-11.6792	-0.552677	-0.291487	-4.08472	-152.192
22.7054	0.244138	-0.233124	12.2069	-11.6562	-0.553011	-0.291001	-4.08376	-152.246
22.7142	0.24403	-0.232664	12.2015	-11.6332	-0.553345	-0.290514	-4.0828	-152.3
22.723	0.243922	-0.232205	12.1961	-11.6102	-0.553679	-0.290027	-4.08183	-152.354
22.7317	0.243813	-0.231745	12.1907	-11.5873	-0.554012	-0.289541	-4.08087	-152.407
22.7405	0.243705	-0.231286	12.1853	-11.5643	-0.554344	-0.289053	-4.07991	-152.461
22.7493	0.243597	-0.230826	12.1799	-11.5413	-0.554676	-0.288566	-4.07894	-152.515
22.7581	0.24349	-0.230367	12.1745	-11.5184	-0.555008	-0.288079	-4.07798	-152.568
22.7668	0.243382	-0.229908	12.1691	-11.4954	-0.555339	-0.287591	-4.07701	-152.622
22.7756	0.243274	-0.22945	12.1637	-11.4725	-0.55567	-0.287103	-4.07605	-152.676
22.7844	0.243167	-0.228991	12.1584	-11.4495	-0.556	-0.286615	-4.07508	-152.729
22.7932	0.24306	-0.228533	12.153	-11.4266	-0.55633	-0.286126	-4.07411	-152.783
22.8019	0.242952	-0.228074	12.1476	-11.4037	-0.556659	-0.285638	-4.07315	-152.836
22.8107	0.242845	-0.227616	12.1423	-11.3808	-0.556988	-0.285149	-4.07218	-152.89
22.8195	0.242738	-0.227159	12.1369	-11.3579	-0.557316	-0.28466	-4.07121	-152.943
22.8283	0.242632	-0.226701	12.1316	-11.335	-0.557644	-0.284171	-4.07024	-152.997
22.837	0.242525	-0.226243	12.1262	-11.3122	-0.557972	-0.283681	-4.06927	-153.051
22.8458	0.242418	-0.225786	12.1209	-11.2893	-0.558299	-0.283191	-4.0683	-153.104
22.8546	0.242312	-0.225329	12.1156	-11.2664	-0.558626	-0.282702	-4.06733	-153.158
22.8634	0.242205	-0.224872	12.1103	-11.2436	-0.558952	-0.282212	-4.06636	-153.211
22.8722	0.242099	-0.224415	12.105	-11.2208	-0.559278	-0.281721	-4.06538	-153.265
22.8809	0.241993	-0.223959	12.0996	-11.1979	-0.559603	-0.281231	-4.06441	-153.318
22.8897	0.241887	-0.223502	12.0943	-11.1751	-0.559928	-0.28074	-4.06344	-153.371
22.8985	0.241781	-0.223046	12.0891	-11.1523	-0.560252	-0.280249	-4.06247	-153.425
22.9073	0.241675	-0.22259	12.0838	-11.1295	-0.560576	-0.279758	-4.06149	-153.478
22.916	0.24157	-0.222134	12.0785	-11.1067	-0.5609	-0.279267	-4.06052	-153.532
22.9248	0.241464	-0.221678	12.0732	-11.0839	-0.561223	-0.278775	-4.05954	-153.585
22.9336	0.241359	-0.221223	12.0679	-11.0611	-0.561545	-0.278283	-4.05857	-153.638
22.9424	0.241253	-0.220767	12.0627	-11.0384	-0.561867	-0.277791	-4.05759	-153.692
22.9511	0.241148	-0.220312	12.0574	-11.0156	-0.562189	-0.277299	-4.05661	-153.745
22.9599	0.241043	-0.219857	12.0521	-10.9929	-0.56251	-0.276807	-4.05564	-153.799
22.9687	0.240938	-0.219402	12.0469	-10.9701	-0.562831	-0.276314	-4.05466	-153.852
22.9775	0.240833	-0.218948	12.0416	-10.9474	-0.563151	-0.275822	-4.05368	-153.905
22.9862	0.240728	-0.218493	12.0364	-10.9247	-0.563471	-0.275329	-4.0527	-153.958
22.995	0.240624	-0.218039	12.0312	-10.902	-0.56379	-0.274835	-4.05172	-154.012
23.0038	0.240519	-0.217585	12.0259	-10.8792	-0.564109	-0.274342	-4.05074	-154.065
23.0126	0.240415	-0.217131	12.0207	-10.8565	-0.564428	-0.273849	-4.04976	-154.118
23.0214	0.24031	-0.216677	12.0155	-10.8339	-0.564746	-0.273355	-4.04878	-154.172
23.0301	0.240206	-0.216224	12.0103	-10.8112	-0.565063	-0.272861	-4.0478	-154.225
23.0389	0.240102	-0.21577	12.0051	-10.7885	-0.56538	-0.272367	-4.04682	-154.278
23.0477	0.239998	-0.215317	11.9999	-10.7658	-0.565697	-0.271872	-4.04583	-154.331
23.0565	0.239894	-0.214864	11.9947	-10.7432	-0.566013	-0.271378	-4.04485	-154.384
23.0652	0.23979	-0.214411	11.9895	-10.7205	-0.566329	-0.270883	-4.04387	-154.438
23.074	0.239687	-0.213958	11.9843	-10.6979	-0.566644	-0.270388	-4.04288	-154.491
23.0828	0.239583	-0.213506	11.9792	-10.6753	-0.566959	-0.269893	-4.0419	-154.544
23.0916	0.23948	-0.213053	11.974	-10.6527	-0.567274	-0.269397	-4.04091	-154.597
23.1003	0.239377	-0.212601	11.9688	-10.6301	-0.567588	-0.268902	-4.03993	-154.65
23.1091	0.239273	-0.212149	11.9637	-10.6075	-0.567901	-0.268406	-4.03894	-154.703
23.1179	0.23917	-0.211697	11.9585	-10.5849	-0.568214	-0.26791	-4.03795	-154.756
23.1267	0.239067	-0.211245	11.9534	-10.5623	-0.568527	-0.267414	-4.03697	-154.809
23.1354	0.238964	-0.210794	11.9482	-10.5397	-0.568839	-0.266918	-4.03598	-154.862
23.1442	0.238862	-0.210343	11.9431	-10.5171	-0.56915	-0.266421	-4.03499	-154.916
23.153	0.238759	-0.209891	11.938	-10.4946	-0.569462	-0.265925	-4.034	-154.969
23.1618	0.238657	-0.20944	11.9328	-10.472	-0.569772	-0.265428	-4.03301	-155.022
23.1705	0.238554	-0.20899	11.9277	-10.4495	-0.570083	-0.264931	-4.03202	-155.075
23.1793	0.238452	-0.208539	11.9226	-10.4269	-0.570392	-0.264433	-4.03103	-155.128
23.1881	0.23835	-0.208088	11.9175	-10.4044	-0.570702	-0.263936	-4.03004	-155.181
23.1969	0.238248	-0.207638	11.9124	-10.3819	-0.571011	-0.263438	-4.02905	-155.234
23.2057	0.238146	-0.207188	11.9073	-10.3594	-0.571319	-0.26294	-4.02806	-155.287
23.2144	0.238044	-0.206738	11.9022	-10.3369	-0.571627	-0.262442	-4.02707	-155.339
23.2232	0.237942	-0.206288	11.8971	-10.3144	-0.571935	-0.261944	-4.02608	-155.392
23.232	0.23784	-0.205839	11.892	-10.2919	-0.572242	-0.261446	-4.02508	-155.445
23.2408	0.237739	-0.205389	11.8869	-10.2695	-0.572548	-0.260947	-4.02409	-155.498
23.2495	0.237637	-0.20494	11.8819	-10.247	-0.572855	-0.260448	-4.02309	-155.551
23.2583	0.237536	-0.204491	11.8768	-10.2245	-0.57316	-0.259949	-4.0221	-155.604
23.2671	0.237435	-0.204042	11.8717	-10.2021	-0.573466	-0.25945	-4.0211	-155.657
23.2759	0.237334	-0.203593	11.8667	-10.1797	-0.57377	-0.258951	-4.02011	-155.71
23.2846	0.237233	-0.203144	11.8616	-10.1572	-0.574075	-0.258451	-4.01911	-155.762
23.2934	0.237132	-0.202696	11.8566	-10.1348	-0.574379	-0.257952	-4.01812	-155.815
23.3022	0.237031	-0.202248	11.8516	-10.1124	-0.574682	-0.257452	-4.01712	-155.868
23.311	0.23693	-0.2018	11.8465	-10.09	-0.574985	-0.256952	-4.01612	-155.921
23.3197	0.23683	-0.201352	11.8415	-10.0676	-0.575288	-0.256452	-4.01512	-155.974
23.3285	0.236729	-0.200904	11.8365	-10.0452	-0.57559	-0.255951	-4.01412	-156.026
23.3373	0.236629	-0.200456	11.8315	-10.0228	-0.575891	-0.25545	-4.01312	-156.079
23.3461	0.236529	-0.200009	11.8264	-10.0004	-0.576193	-0.25495	-4.01212	-156.132
23.3548	0.236429	-0.199562	11.8214	-9.97809	-0.576493	-0.254449	-4.01112	-156.185
23.3636	0.236329	-0.199115	11.8164	-9.95573	-0.576794	-0.253948	-4.01012	-156.237
23.3724	0.236229	-0.198668	11.8114	-9.93339	-0.577093	-0.253446	-4.00912	-156.29
23.3812	0.236129	-0.198221	11.8065	-9.91105	-0.577393	-0.252945	-4.00812	-156.343
23.39	0.236029	-0.197774	11.8015	-9.88872	-0.577692	-0.252443	-4.00712	-156.395
23.3987	0.23593	-0.197328	11.7965	-9.8664	-0.57799	-0.251941	-4.00612	-156.448
23.4075	0.23583	-0.196882	11.7915	-9.84409	-0.578288	-0.251439	-4.00511	-156.501
23.4163	0.235731	-0.196436	11.7865	-9.82178	-0.578586	-0.250937	-4.00411	-156.553
23.4251	0.235632	-0.19599	11.7816	-9.79949	-0.578883	-0.250435	-4.00311	-156.606
23.4338	0.235533	-0.195544	11.7766	-9.7772	-0.579179	-0.249932	-4.0021	-156.658
23.4426	0.235433	-0.195098	11.7717	-9.75492	-0.579475	-0.249429	-4.0011	-156.711
23.4514	0.235335	-0.194653	11.7667	-9.73265	-0.579771	-0.248926	-4.00009	-156.764
23.4602	0.235236	-0.194208	11.7618	-9.71039	-0.580066	-0.248423	-3.99909	-156.816
23.4689	0.235137	-0.193763	11.7568	-9.68814	-0.580361	-0.24792	-3.99808	-156.869
23.4777	0.235038	-0.193318	11.7519	-9.66589	-0.580655	-0.247416	-3.99707	-156.921
23.4865	0.23494	-0.192873	11.747	-9.64365	-0.580949	-0.246913	-3.99606	-156.974
23.4953	0.234841	-0.192428	11.7421	-9.62142	-0.581243	-0.246409	-3.99506	-157.026
23.504	0.234743	-0.191984	11.7372	-9.5992	-0.581536	-0.245905	-3.99405	-157.079
23.5128	0.234645	-0.19154	11.7322	-9.57699	-0.581828	-0.245401	-3.99304	-157.131
23.5216	0.234547	-0.191096	11.7273	-9.55479	-0.58212	-0.244897	-3.99203	-157.184
23.5304	0.234449	-0.190652	11.7224	-9.53259	-0.582412	-0.244392	-3.99102	-157.236
23.5391	0.234351	-0.190208	11.7175	-9.51041	-0.582703	-0.243888	-3.99001	-157.288
23.5479	0.234253	-0.189765	11.7127	-9.48823	-0.582994	-0.243383	-3.989	-157.341
23.5567	0.234155	-0.189321	11.7078	-9.46606	-0.583284	-0.242878	-3.98799	-157.393
23.5655	0.234058	-0.188878	11.7029	-9.44389	-0.583574	-0.242373	-3.98698	-157.446
23.5743	0.23396	-0.188435	11.698	-9.42174	-0.583863	-0.241867	-3.98597	-157.498
23.583	0.233863	-0.187992	11.6931	-9.39959	-0.584152	-0.241362	-3.98495	-157.55
23.5918	0.233766	-0.187549	11.6883	-9.37745	-0.58444	-0.240856	-3.98394	-157.603
23.6006	0.233668	-0.187106	11.6834	-9.35532	-0.584728	-0.240351	-3.98293	-157.655
23.6094	0.233571	-0.186664	11.6786	-9.3332	-0.585015	-0.239845	-3.98191	-157.707
23.6181	0.233474	-0.186222	11.6737	-9.31109	-0.585302	-0.239338	-3.9809	-157.76
23.6269	0.233378	-0.18578	11.6689	-9.28898	-0.585589	-0.238832	-3.97989	-157.812
23.6357	0.233281	-0.185338	11.664	-9.26689	-0.585875	-0.238326	-3.97887	-157.864
23.6445	0.233184	-0.184896	11.6592	-9.2448	-0.586161	-0.237819	-3.97785	-157.916
23.6532	0.233088	-0.184454	11.6544	-9.22272	-0.586446	-0.237312	-3.97684	-157.969
23.662	0.232991	-0.184013	11.6496	-9.20065	-0.586731	-0.236805	-3.97582	-158.021
23.6708	0.232895	-0.183572	11.6447	-9.17858	-0.587015	-0.236298	-3.97481	-158.073
23.6796	0.232798	-0.183131	11.6399	-9.15653	-0.587299	-0.235791	-3.97379	-158.125
23.6883	0.232702	-0.18269	11.6351	-9.13448	-0.587582	-0.235284	-3.97277	-158.178
23.6971	0.232606	-0.182249	11.6303	-9.11244	-0.587865	-0.234776	-3.97175	-158.23
23.7059	0.23251	-0.181808	11.6255	-9.09041	-0.588147	-0.234268	-3.97073	-158.282
23.7147	0.232414	-0.181368	11.6207	-9.06838	-0.588429	-0.23376	-3.96971	-158.334
23.7235	0.232319	-0.180927	11.6159	-9.04637	-0.588711	-0.233252	-3.96869	-158.386
23.7322	0.232223	-0.180487	11.6112	-9.02436	-0.588992	-0.232744	-3.96767	-158.438
23.741	0.232128	-0.180047	11.6064	-9.00236	-0.589273	-0.232236	-3.96665	-158.49
23.7498	0.232032	-0.179607	11.6016	-8.98037	-0.589553	-0.231727	-3.96563	-158.542
23.7586	0.231937	-0.179168	11.5968	-8.95839	-0.589832	-0.231219	-3.96461	-158.594
23.7673	0.231842	-0.178728	11.5921	-8.93641	-0.590112	-0.23071	-3.96359	-158.647
23.7761	0.231746	-0.178289	11.5873	-8.91444	-0.59039	-0.230201	-3.96257	-158.699
23.7849	0.231651	-0.17785	11.5826	-8.89248	-0.590669	-0.229692	-3.96155	-158.751
23.7937	0.231556	-0.177411	11.5778	-8.87053	-0.590947	-0.229182	-3.96052	-158.803
23.8024	0.231462	-0.176972	11.5731	-8.84859	-0.591224	-0.228673	-3.9595	-158.855
23.8112	0.231367	-0.176533	11.5683	-8.82665	-0.591501	-0.228163	-3.95847	-158.907
23.82	0.231272	-0.176095	11.5636	-8.80473	-0.591778	-0.227653	-3.95745	-158.959
23.8288	0.231178	-0.175656	11.5589	-8.78281	-0.592054	-0.227144	-3.95643	-159.011
23.8375	0.231083	-0.175218	11.5542	-8.7609	-0.592329	-0.226633	-3.9554	-159.062
23.8463	0.230989	-0.17478	11.5494	-8.739	-0.592604	-0.226123	-3.95437	-159.114
23.8551	0.230895	-0.174342	11.5447	-8.7171	-0.592879	-0.225613	-3.95335	-159.166
23.8639	0.230801	-0.173904	11.54	-8.69521	-0.593153	-0.225102	-3.95232	-159.218
23.8726	0.230706	-0.173467	11.5353	-8.67333	-0.593427	-0.224592	-3.9513	-159.27
23.8814	0.230613	-0.173029	11.5306	-8.65146	-0.5937	-0.224081	-3.95027	-159.322
23.8902	0.230519	-0.172592	11.5259	-8.6296	-0.593973	-0.22357	-3.94924	-159.374
23.899	0.230425	-0.172155	11.5212	-8.60774	-0.594245	-0.223059	-3.94821	-159.426
23.9078	0.230331	-0.171718	11.5166	-8.5859	-0.594517	-0.222548	-3.94718	-159.477
23.9165	0.230238	-0.171281	11.5119	-8.56406	-0.594789	-0.222036	-3.94615	-159.529
23.9253	0.230144	-0.170845	11.5072	-8.54223	-0.59506	-0.221525	-3.94513	-159.581
23.9341	0.230051	-0.170408	11.5025	-8.5204	-0.59533	-0.221013	-3.9441	-159.633
23.9429	0.229958	-0.169972	11.4979	-8.49859	-0.5956	-0.220501	-3.94306	-159.685
23.9516	0.229865	-0.169536	11.4932	-8.47678	-0.59587	-0.219989	-3.94203	-159.736
23.9604	0.229771	-0.1691	11.4886	-8.45498	-0.596139	-0.219477	-3.941	-159.788
23.9692	0.229679	-0.168664	11.4839	-8.43319	-0.596408	-0.218965	-3.93997	-159.84
23.978	0.229586	-0.168228	11.4793	-8.41141	-0.596676	-0.218452	-3.93894	-159.892
23.9867	0.229493	-0.167793	11.4746	-8.38963	-0.596944	-0.21794	-3.93791	-159.943
23.9955	0.2294	-0.167357	11.47	-8.36786	-0.597211	-0.217427	-3.93687	-159.995
24.0043	0.229308	-0.166922	11.4654	-8.3461	-0.597478	-0.216914	-3.93584	-160.047
24.0131	0.229215	-0.166487	11.4608	-8.32435	-0.597745	-0.216401	-3.93481	-160.098
24.0218	0.229123	-0.166052	11.4561	-8.3026	-0.598011	-0.215888	-3.93377	-160.15
24.0306	0.22903	-0.165617	11.4515	-8.28087	-0.598276	-0.215375	-3.93274	-160.202
24.0394	0.228938	-0.165183	11.4469	-8.25914	-0.598541	-0.214861	-3.9317	-160.253
24.0482	0.228846	-0.164748	11.4423	-8.23742	-0.598806	-0.214348	-3.93067	-160.305
24.0569	0.228754	-0.164314	11.4377	-8.2157	-0.59907	-0.213834	-3.92963	-160.356
24.0657	0.228662	-0.16388	11.4331	-8.194	-0.599334	-0.21332	-3.9286	-160.408
24.0745	0.22857	-0.163446	11.4285	-8.1723	-0.599597	-0.212806	-3.92756	-160.459
24.0833	0.228479	-0.163012	11.4239	-8.15061	-0.59986	-0.212292	-3.92652	-160.511
24.0921	0.228387	-0.162579	11.4194	-8.12893	-0.600122	-0.211778	-3.92549	-160.562
24.1008	0.228296	-0.162145	11.4148	-8.10725	-0.600384	-0.211264	-3.92445	-160.614
24.1096	0.228204	-0.161712	11.4102	-8.08559	-0.600645	-0.210749	-3.92341	-160.665
24.1184	0.228113	-0.161279	11.4056	-8.06393	-0.600906	-0.210235	-3.92237	-160.717
24.1272	0.228022	-0.160846	11.4011	-8.04228	-0.601167	-0.20972	-3.92133	-160.768
24.1359	0.227931	-0.160413	11.3965	-8.02063	-0.601427	-0.209205	-3.9203	-160.82
24.1447	0.227839	-0.15998	11.392	-7.999	-0.601686	-0.20869	-3.91926	-160.871
24.1535	0.227749	-0.159547	11.3874	-7.97737	-0.601946	-0.208175	-3.91822	-160.923
24.1623	0.227658	-0.159115	11.3829	-7.95575	-0.602204	-0.207659	-3.91718	-160.974
24.171	0.227567	-0.158683	11.3783	-7.93414	-0.602462	-0.207144	-3.91614	-161.026
24.1798	0.227476	-0.158251	11.3738	-7.91253	-0.60272	-0.206628	-3.91509	-161.077
24.1886	0.227386	-0.157819	11.3693	-7.89094	-0.602977	-0.206113	-3.91405	-161.128
24.1974	0.227295	-0.157387	11.3648	-7.86935	-0.603234	-0.205597	-3.91301	-161.18
24.2061	0.227205	-0.156955	11.3602	-7.84777	-0.603491	-0.205081	-3.91197	-161.231
24.2149	0.227115	-0.156524	11.3557	-7.82619	-0.603747	-0.204565	-3.91093	-161.282
24.2237	0.227024	-0.156093	11.3512	-7.80463	-0.604002	-0.204049	-3.90988	-161.334
24.2325	0.226934	-0.155661	11.3467	-7.78307	-0.604257	-0.203532	-3.90884	-161.385
24.2413	0.226844	-0.15523	11.3422	-7.76152	-0.604512	-0.203016	-3.9078	-161.436
24.25	0.226754	-0.154799	11.3377	-7.73997	-0.604766	-0.202499	-3.90675	-161.487
24.2588	0.226664	-0.154369	11.3332	-7.71844	-0.605019	-0.201983	-3.90571	-161.539
24.2676	0.226575	-0.153938	11.3287	-7.69691	-0.605272	-0.201466	-3.90466	-161.59
24.2764	0.226485	-0.153508	11.3243	-7.67539	-0.605525	-0.200949	-3.90362	-161.641
24.2851	0.226396	-0.153078	11.3198	-7.65388	-0.605777	-0.200432	-3.90257	-161.692
24.2939	0.226306	-0.152647	11.3153	-7.63237	-0.606029	-0.199914	-3.90152	-161.744
24.3027	0.226217	-0.152218	11.3108	-7.61088	-0.606281	-0.199397	-3.90048	-161.795
24.3115	0.226128	-0.151788	11.3064	-7.58939	-0.606532	-0.19888	-3.89943	-161.846
24.3202	0.226038	-0.151358	11.3019	-7.5679	-0.606782	-0.198362	-3.89838	-161.897
24.329	0.225949	-0.150929	11.2975	-7.54643	-0.607032	-0.197844	-3.89734	-161.948
24.3378	0.22586	-0.150499	11.293	-7.52496	-0.607282	-0.197326	-3.89629	-161.999
24.3466	0.225771	-0.15007	11.2886	-7.5035	-0.607531	-0.196809	-3.89524	-162.05
24.3553	0.225683	-0.149641	11.2841	-7.48205	-0.607779	-0.19629	-3.89419	-162.101
24.3641	0.225594	-0.149212	11.2797	-7.46061	-0.608027	-0.195772	-3.89314	-162.153
24.3729	0.225505	-0.148783	11.2753	-7.43917	-0.608275	-0.195254	-3.89209	-162.204
24.3817	0.225417	-0.148355	11.2708	-7.41774	-0.608522	-0.194735	-3.89104	-162.255
24.3904	0.225328	-0.147926	11.2664	-7.39632	-0.608769	-0.194217	-3.88999	-162.306
24.3992	0.22524	-0.147498	11.262	-7.37491	-0.609015	-0.193698	-3.88894	-162.357
24.408	0.225152	-0.14707	11.2576	-7.3535	-0.609261	-0.193179	-3.88789	-162.408
24.4168	0.225063	-0.146642	11.2532	-7.3321	-0.609507	-0.19266	-3.88684	-162.459
24.4256	0.224975	-0.146214	11.2488	-7.31071	-0.609752	-0.192141	-3.88579	-162.51
24.4343	0.224887	-0.145786	11.2444	-7.28932	-0.609996	-0.191622	-3.88474	-162.561
24.4431	0.224799	-0.145359	11.24	-7.26795	-0.61024	-0.191103	-3.88369	-162.612
24.4519	0.224712	-0.144932	11.2356	-7.24658	-0.610484	-0.190584	-3.88263	-162.662
24.4607	0.224624	-0.144504	11.2312	-7.22522	-0.610727	-0.190064	-3.88158	-162.713
24.4694	0.224536	-0.144077	11.2268	-7.20386	-0.61097	-0.189545	-3.88053	-162.764
24.4782	0.224449	-0.14365	11.2224	-7.18252	-0.611212	-0.189025	-3.87947	-162.815
24.487	0.224361	-0.143224	11.2181	-7.16118	-0.611454	-0.188505	-3.87842	-162.866
24.4958	0.224274	-0.142797	11.2137	-7.13985	-0.611695	-0.187985	-3.87736	-162.917
24.5045	0.224187	-0.14237	11.2093	-7.11852	-0.611936	-0.187465	-3.87631	-162.968
24.5133	0.2241	-0.141944	11.205	-7.09721	-0.612176	-0.186945	-3.87525	-163.019
24.5221	0.224012	-0.141518	11.2006	-7.0759	-0.612416	-0.186424	-3.8742	-163.069
24.5309	0.223925	-0.141092	11.1963	-7.0546	-0.612656	-0.185904	-3.87314	-163.12
24.5396	0.223839	-0.140666	11.1919	-7.0333	-0.612895	-0.185384	-3.87209	-163.171
24.5484	0.223752	-0.14024	11.1876	-7.01201	-0.613133	-0.184863	-3.87103	-163.222
24.5572	0.223665	-0.139815	11.1833	-6.99073	-0.613372	-0.184342	-3.86997	-163.272
24.566	0.223578	-0.139389	11.1789	-6.96946	-0.613609	-0.183821	-3.86892	-163.323
24.5747	0.223492	-0.138964	11.1746	-6.9482	-0.613846	-0.1833	-3.86786	-163.374
24.5835	0.223405	-0.138539	11.1703	-6.92694	-0.614083	-0.182779	-3.8668	-163.425
24.5923	0.223319	-0.138114	11.1659	-6.90569	-0.614319	-0.182258	-3.86574	-163.475
24.6011	0.223233	-0.137689	11.1616	-6.88445	-0.614555	-0.181737	-3.86468	-163.526
24.6099	0.223146	-0.137264	11.1573	-6.86321	-0.614791	-0.181215	-3.86362	-163.577
24.6186	0.22306	-0.13684	11.153	-6.84198	-0.615026	-0.180694	-3.86257	-163.627
24.6274	0.222974	-0.136415	11.1487	-6.82076	-0.61526	-0.180172	-3.86151	-163.678
24.6362	0.222888	-0.135991	11.1444	-6.79955	-0.615494	-0.179651	-3.86045	-163.729
24.645	0.222803	-0.135567	11.1401	-6.77834	-0.615728	-0.179129	-3.85939	-163.779
24.6537	0.222717	-0.135143	11.1358	-6.75715	-0.615961	-0.178607	-3.85833	-163.83
24.6625	0.222631	-0.134719	11.1316	-6.73596	-0.616194	-0.178085	-3.85726	-163.88
24.6713	0.222546	-0.134295	11.1273	-6.71477	-0.616426	-0.177563	-3.8562	-163.931
24.6801	0.22246	-0.133872	11.123	-6.6936	-0.616658	-0.177041	-3.85514	-163.981
24.6888	0.222375	-0.133449	11.1187	-6.67243	-0.616889	-0.176518	-3.85408	-164.032
24.6976	0.222289	-0.133025	11.1145	-6.65126	-0.61712	-0.175996	-3.85302	-164.082
24.7064	0.222204	-0.132602	11.1102	-6.63011	-0.61735	-0.175473	-3.85196	-164.133
24.7152	0.222119	-0.132179	11.1059	-6.60896	-0.61758	-0.174951	-3.85089	-164.183
24.7239	0.222034	-0.131756	11.1017	-6.58782	-0.61781	-0.174428	-3.84983	-164.234
24.7327	0.221949	-0.131334	11.0974	-6.56669	-0.618039	-0.173905	-3.84877	-164.284
24.7415	0.221864	-0.130911	11.0932	-6.54556	-0.618267	-0.173382	-3.8477	-164.335
24.7503	0.221779	-0.130489	11.089	-6.52445	-0.618495	-0.172859	-3.84664	-164.385
24.759	0.221694	-0.130067	11.0847	-6.50334	-0.618723	-0.172336	-3.84557	-164.436
24.7678	0.22161	-0.129645	11.0805	-6.48223	-0.61895	-0.171813	-3.84451	-164.486
24.7766	0.221525	-0.129223	11.0763	-6.46113	-0.619177	-0.171289	-3.84344	-164.536
24.7854	0.221441	-0.128801	11.072	-6.44005	-0.619403	-0.170766	-3.84238	-164.587
24.7942	0.221356	-0.128379	11.0678	-6.41896	-0.619629	-0.170243	-3.84131	-164.637
24.8029	0.221272	-0.127958	11.0636	-6.39789	-0.619855	-0.169719	-3.84025	-164.687
24.8117	0.221188	-0.127536	11.0594	-6.37682	-0.620079	-0.169195	-3.83918	-164.738
24.8205	0.221104	-0.127115	11.0552	-6.35576	-0.620304	-0.168671	-3.83811	-164.788
24.8293	0.22102	-0.126694	11.051	-6.33471	-0.620528	-0.168148	-3.83705	-164.838
24.838	0.220936	-0.126273	11.0468	-6.31366	-0.620752	-0.167624	-3.83598	-164.889
24.8468	0.220852	-0.125852	11.0426	-6.29262	-0.620975	-0.167099	-3.83491	-164.939
24.8556	0.220768	-0.125432	11.0384	-6.27159	-0.621197	-0.166575	-3.83384	-164.989
24.8644	0.220684	-0.125011	11.0342	-6.25057	-0.62142	-0.166051	-3.83277	-165.039
24.8731	0.220601	-0.124591	11.03	-6.22955	-0.621641	-0.165527	-3.83171	-165.09
24.8819	0.220517	-0.124171	11.0259	-6.20854	-0.621863	-0.165002	-3.83064	-165.14
24.8907	0.220434	-0.123751	11.0217	-6.18754	-0.622084	-0.164478	-3.82957	-165.19
24.8995	0.220351	-0.123331	11.0175	-6.16654	-0.622304	-0.163953	-3.8285	-165.24
24.9082	0.220267	-0.122911	11.0134	-6.14555	-0.622524	-0.163428	-3.82743	-165.29
24.917	0.220184	-0.122491	11.0092	-6.12457	-0.622743	-0.162903	-3.82636	-165.34
24.9258	0.220101	-0.122072	11.005	-6.1036	-0.622963	-0.162379	-3.82529	-165.391
24.9346	0.220018	-0.121653	11.0009	-6.08263	-0.623181	-0.161854	-3.82422	-165.441
24.9434	0.219935	-0.121233	10.9967	-6.06167	-0.623399	-0.161328	-3.82315	-165.491
24.9521	0.219852	-0.120814	10.9926	-6.04072	-0.623617	-0.160803	-3.82207	-165.541
24.9609	0.219769	-0.120395	10.9885	-6.01977	-0.623834	-0.160278	-3.821	-165.591
24.9697	0.219687	-0.119977	10.9843	-5.99883	-0.624051	-0.159753	-3.81993	-165.641
24.9785	0.219604	-0.119558	10.9802	-5.9779	-0.624267	-0.159227	-3.81886	-165.691
24.9872	0.219522	-0.11914	10.9761	-5.95698	-0.624483	-0.158702	-3.81779	-165.741
24.996	0.219439	-0.118721	10.972	-5.93606	-0.624699	-0.158176	-3.81671	-165.791
25.0048	0.219357	-0.118303	10.9678	-5.91515	-0.624914	-0.15765	-3.81564	-165.841
25.0136	0.219274	-0.117885	10.9637	-5.89425	-0.625128	-0.157125	-3.81457	-165.891
25.0223	0.219192	-0.117467	10.9596	-5.87335	-0.625342	-0.156599	-3.81349	-165.941
25.0311	0.21911	-0.117049	10.9555	-5.85246	-0.625556	-0.156073	-3.81242	-165.991
25.0399	0.219028	-0.116632	10.9514	-5.83158	-0.625769	-0.155547	-3.81135	-166.041
25.0487	0.218946	-0.116214	10.9473	-5.8107	-0.625982	-0.155021	-3.81027	-166.091
25.0574	0.218864	-0.115797	10.9432	-5.78983	-0.626194	-0.154495	-3.8092	-166.141
25.0662	0.218783	-0.115379	10.9391	-5.76897	-0.626406	-0.153968	-3.80812	-166.191
25.075	0.218701	-0.114962	10.935	-5.74812	-0.626617	-0.153442	-3.80705	-166.241
25.0838	0.218619	-0.114545	10.931	-5.72727	-0.626828	-0.152915	-3.80597	-166.29
25.0925	0.218538	-0.114129	10.9269	-5.70643	-0.627039	-0.152389	-3.80489	-166.34
25.1013	0.218456	-0.113712	10.9228	-5.6856	-0.627249	-0.151862	-3.80382	-166.39
25.1101	0.218375	-0.113295	10.9187	-5.66477	-0.627458	-0.151336	-3.80274	-166.44
25.1189	0.218294	-0.112879	10.9147	-5.64395	-0.627667	-0.150809	-3.80166	-166.49
25.1277	0.218212	-0.112463	10.9106	-5.62314	-0.627876	-0.150282	-3.80059	-166.539
25.1364	0.218131	-0.112047	10.9066	-5.60234	-0.628084	-0.149755	-3.79951	-166.589
25.1452	0.21805	-0.111631	10.9025	-5.58154	-0.628292	-0.149228	-3.79843	-166.639
25.154	0.217969	-0.111215	10.8985	-5.56075	-0.628499	-0.148701	-3.79735	-166.689
25.1628	0.217888	-0.110799	10.8944	-5.53996	-0.628706	-0.148174	-3.79628	-166.738
25.1715	0.217808	-0.110384	10.8904	-5.51919	-0.628913	-0.147647	-3.7952	-166.788
25.1803	0.217727	-0.109968	10.8863	-5.49842	-0.629119	-0.14712	-3.79412	-166.838
25.1891	0.217646	-0.109553	10.8823	-5.47765	-0.629324	-0.146592	-3.79304	-166.888
25.1979	0.217566	-0.109138	10.8783	-5.4569	-0.629529	-0.146065	-3.79196	-166.937
25.2066	0.217485	-0.108723	10.8743	-5.43615	-0.629734	-0.145537	-3.79088	-166.987
25.2154	0.217405	-0.108308	10.8702	-5.41541	-0.629938	-0.14501	-3.7898	-167.037
25.2242	0.217325	-0.107893	10.8662	-5.39467	-0.630142	-0.144482	-3.78872	-167.086
25.233	0.217244	-0.107479	10.8622	-5.37394	-0.630345	-0.143954	-3.78764	-167.136
25.2417	0.217164	-0.107064	10.8582	-5.35322	-0.630548	-0.143426	-3.78656	-167.185
25.2505	0.217084	-0.10665	10.8542	-5.3325	-0.63075	-0.142899	-3.78548	-167.235
25.2593	0.217004	-0.106236	10.8502	-5.3118	-0.630952	-0.142371	-3.7844	-167.284
25.2681	0.216924	-0.105822	10.8462	-5.29109	-0.631153	-0.141843	-3.78332	-167.334
25.2768	0.216844	-0.105408	10.8422	-5.2704	-0.631354	-0.141315	-3.78224	-167.384
25.2856	0.216765	-0.104994	10.8382	-5.24971	-0.631555	-0.140786	-3.78115	-167.433
25.2944	0.216685	-0.104581	10.8342	-5.22903	-0.631755	-0.140258	-3.78007	-167.483
25.3032	0.216605	-0.104167	10.8303	-5.20836	-0.631955	-0.13973	-3.77899	-167.532
25.312	0.216526	-0.103754	10.8263	-5.18769	-0.632154	-0.139202	-3.77791	-167.582
25.3207	0.216446	-0.103341	10.8223	-5.16703	-0.632353	-0.138673	-3.77682	-167.631
25.3295	0.216367	-0.102928	10.8184	-5.14638	-0.632551	-0.138145	-3.77574	-167.68
25.3383	0.216288	-0.102515	10.8144	-5.12573	-0.632749	-0.137616	-3.77466	-167.73
25.3471	0.216209	-0.102102	10.8104	-5.10509	-0.632946	-0.137087	-3.77357	-167.779
25.3558	0.216129	-0.101689	10.8065	-5.08446	-0.633143	-0.136559	-3.77249	-167.829
25.3646	0.21605	-0.101277	10.8025	-5.06383	-0.63334	-0.13603	-3.7714	-167.878
25.3734	0.215971	-0.100864	10.7986	-5.04322	-0.633536	-0.135501	-3.77032	-167.927
25.3822	0.215893	-0.100452	10.7946	-5.0226	-0.633731	-0.134972	-3.76923	-167.977
25.3909	0.215814	-0.10004	10.7907	-5.002	-0.633927	-0.134443	-3.76815	-168.026
25.3997	0.215735	-0.099628	10.7867	-4.9814	-0.634121	-0.133914	-3.76706	-168.075
25.4085	0.215656	-0.0992162	10.7828	-4.96081	-0.634316	-0.133385	-3.76598	-168.125
25.4173	0.215578	-0.0988045	10.7789	-4.94022	-0.634509	-0.132856	-3.76489	-168.174
25.426	0.215499	-0.0983929	10.775	-4.91964	-0.634703	-0.132327	-3.76381	-168.223
25.4348	0.215421	-0.0979815	10.771	-4.89907	-0.634896	-0.131798	-3.76272	-168.273
25.4436	0.215342	-0.0975702	10.7671	-4.87851	-0.635088	-0.131268	-3.76163	-168.322
25.4524	0.215264	-0.097159	10.7632	-4.85795	-0.63528	-0.130739	-3.76055	-168.371
25.4612	0.215186	-0.096748	10.7593	-4.8374	-0.635472	-0.130209	-3.75946	-168.42
25.4699	0.215108	-0.0963371	10.7554	-4.81685	-0.635663	-0.12968	-3.75837	-168.469
25.4787	0.21503	-0.0959263	10.7515	-4.79632	-0.635854	-0.12915	-3.75729	-168.519
25.4875	0.214952	-0.0955157	10.7476	-4.77579	-0.636044	-0.128621	-3.7562	-168.568
25.4963	0.214874	-0.0951052	10.7437	-4.75526	-0.636234	-0.128091	-3.75511	-168.617
25.505	0.214796	-0.0946949	10.7398	-4.73474	-0.636423	-0.127561	-3.75402	-168.666
25.5138	0.214719	-0.0942846	10.7359	-4.71423	-0.636612	-0.127031	-3.75293	-168.715
25.5226	0.214641	-0.0938746	10.732	-4.69373	-0.6368	-0.126502	-3.75184	-168.764
25.5314	0.214563	-0.0934646	10.7282	-4.67323	-0.636988	-0.125972	-3.75076	-168.813
25.5401	0.214486	-0.0930548	10.7243	-4.65274	-0.637176	-0.125442	-3.74967	-168.863
25.5489	0.214408	-0.0926451	10.7204	-4.63226	-0.637363	-0.124912	-3.74858	-168.912
25.5577	0.214331	-0.0922356	10.7166	-4.61178	-0.63755	-0.124382	-3.74749	-168.961
25.5665	0.214254	-0.0918261	10.7127	-4.59131	-0.637736	-0.123851	-3.7464	-169.01
25.5752	0.214177	-0.0914169	10.7088	-4.57084	-0.637922	-0.123321	-3.74531	-169.059
25.584	0.2141	-0.0910077	10.705	-4.55039	-0.638107	-0.122791	-3.74422	-169.108
25.5928	0.214022	-0.0905987	10.7011	-4.52993	-0.638292	-0.122261	-3.74313	-169.157
25.6016	0.213946	-0.0901898	10.6973	-4.50949	-0.638476	-0.12173	-3.74204	-169.206
25.6103	0.213869	-0.0897811	10.6934	-4.48905	-0.63866	-0.1212	-3.74095	-169.255
25.6191	0.213792	-0.0893724	10.6896	-4.46862	-0.638844	-0.120669	-3.73985	-169.304
25.6279	0.213715	-0.088964	10.6858	-4.4482	-0.639027	-0.120139	-3.73876	-169.353
25.6367	0.213638	-0.0885556	10.6819	-4.42778	-0.63921	-0.119608	-3.73767	-169.401
25.6455	0.213562	-0.0881474	10.6781	-4.40737	-0.639392	-0.119078	-3.73658	-169.45
25.6542	0.213485	-0.0877393	10.6743	-4.38697	-0.639574	-0.118547	-3.73549	-169.499
25.663	0.213409	-0.0873313	10.6704	-4.36657	-0.639755	-0.118016	-3.73439	-169.548
25.6718	0.213333	-0.0869235	10.6666	-4.34618	-0.639936	-0.117486	-3.7333	-169.597
25.6806	0.213256	-0.0865158	10.6628	-4.32579	-0.640116	-0.116955	-3.73221	-169.646
25.6893	0.21318	-0.0861083	10.659	-4.30541	-0.640296	-0.116424	-3.73112	-169.695
25.6981	0.213104	-0.0857008	10.6552	-4.28504	-0.640476	-0.115893	-3.73002	-169.743
25.7069	0.213028	-0.0852936	10.6514	-4.26468	-0.640655	-0.115362	-3.72893	-169.792
25.7157	0.212952	-0.0848864	10.6476	-4.24432	-0.640834	-0.114831	-3.72784	-169.841
25.7244	0.212876	-0.0844794	10.6438	-4.22397	-0.641012	-0.1143	-3.72674	-169.89
25.7332	0.2128	-0.0840725	10.64	-4.20362	-0.64119	-0.113769	-3.72565	-169.939
25.742	0.212724	-0.0836657	10.6362	-4.18328	-0.641367	-0.113238	-3.72455	-169.987
25.7508	0.212649	-0.083259	10.6324	-4.16295	-0.641544	-0.112706	-3.72346	-170.036
25.7595	0.212573	-0.0828525	10.6287	-4.14263	-0.64172	-0.112175	-3.72236	-170.085
25.7683	0.212498	-0.0824462	10.6249	-4.12231	-0.641896	-0.111644	-3.72127	-170.133
25.7771	0.212422	-0.0820399	10.6211	-4.102	-0.642072	-0.111113	-3.72017	-170.182
25.7859	0.212347	-0.0816338	10.6173	-4.08169	-0.642247	-0.110581	-3.71908	-170.231
25.7946	0.212271	-0.0812278	10.6136	-4.06139	-0.642422	-0.11005	-3.71798	-170.279
25.8034	0.212196	-0.0808219	10.6098	-4.0411	-0.642596	-0.109518	-3.71689	-170.328
25.8122	0.212121	-0.0804162	10.606	-4.02081	-0.64277	-0.108987	-3.71579	-170.377
25.821	0.212046	-0.0800106	10.6023	-4.00053	-0.642943	-0.108455	-3.7147	-170.425
25.8298	0.211971	-0.0796052	10.5985	-3.98026	-0.643116	-0.107924	-3.7136	-170.474
25.8385	0.211896	-0.0791998	10.5948	-3.95999	-0.643288	-0.107392	-3.7125	-170.522
25.8473	0.211821	-0.0787946	10.5911	-3.93973	-0.64346	-0.106861	-3.71141	-170.571
25.8561	0.211746	-0.0783895	10.5873	-3.91948	-0.643632	-0.106329	-3.71031	-170.619
25.8649	0.211671	-0.0779846	10.5836	-3.89923	-0.643803	-0.105797	-3.70921	-170.668
25.8736	0.211597	-0.0775798	10.5798	-3.87899	-0.643974	-0.105265	-3.70812	-170.716
25.8824	0.211522	-0.0771751	10.5761	-3.85875	-0.644144	-0.104733	-3.70702	-170.765
25.8912	0.211448	-0.0767705	10.5724	-3.83853	-0.644314	-0.104202	-3.70592	-170.813
25.9	0.211373	-0.0763661	10.5687	-3.8183	-0.644483	-0.10367	-3.70482	-170.862
25.9087	0.211299	-0.0759618	10.5649	-3.79809	-0.644652	-0.103138	-3.70372	-170.91
25.9175	0.211225	-0.0755576	10.5612	-3.77788	-0.644821	-0.102606	-3.70263	-170.959
25.9263	0.21115	-0.0751536	10.5575	-3.75768	-0.644989	-0.102074	-3.70153	-171.007
25.9351	0.211076	-0.0747497	10.5538	-3.73748	-0.645156	-0.101542	-3.70043	-171.056
25.9438	0.211002	-0.0743459	10.5501	-3.71729	-0.645323	-0.10101	-3.69933	-171.104
25.9526	0.210928	-0.0739422	10.5464	-3.69711	-0.64549	-0.100478	-3.69823	-171.152
25.9614	0.210854	-0.0735387	10.5427	-3.67693	-0.645656	-0.0999455	-3.69713	-171.201
25.9702	0.21078	-0.0731353	10.539	-3.65676	-0.645822	-0.0994133	-3.69603	-171.249
25.9789	0.210707	-0.072732	10.5353	-3.6366	-0.645988	-0.0988811	-3.69493	-171.297
25.9877	0.210633	-0.0723289	10.5316	-3.61644	-0.646153	-0.0983488	-3.69383	-171.346
25.9965	0.210559	-0.0719258	10.528	-3.59629	-0.646317	-0.0978166	-3.69273	-171.394
26.0053	0.210486	-0.071523	10.5243	-3.57615	-0.646481	-0.0972843	-3.69163	-171.442
26.0141	0.210412	-0.0711202	10.5206	-3.55601	-0.646645	-0.0967519	-3.69053	-171.49
26.0228	0.210339	-0.0707176	10.5169	-3.53588	-0.646808	-0.0962195	-3.68943	-171.539
26.0316	0.210265	-0.070315	10.5133	-3.51575	-0.646971	-0.0956871	-3.68833	-171.587
26.0404	0.210192	-0.0699127	10.5096	-3.49563	-0.647133	-0.0951547	-3.68723	-171.635
26.0492	0.210119	-0.0695104	10.5059	-3.47552	-0.647295	-0.0946222	-3.68613	-171.683
26.0579	0.210046	-0.0691083	10.5023	-3.45541	-0.647456	-0.0940897	-3.68503	-171.732
26.0667	0.209973	-0.0687063	10.4986	-3.43531	-0.647617	-0.0935572	-3.68393	-171.78
26.0755	0.2099	-0.0683044	10.495	-3.41522	-0.647778	-0.0930247	-3.68282	-171.828
26.0843	0.209827	-0.0679027	10.4913	-3.39513	-0.647938	-0.0924921	-3.68172	-171.876
26.093	0.209754	-0.067501	10.4877	-3.37505	-0.648098	-0.0919595	-3.68062	-171.924
26.1018	0.209681	-0.0670995	10.4841	-3.35498	-0.648257	-0.0914268	-3.67952	-171.972
26.1106	0.209608	-0.0666982	10.4804	-3.33491	-0.648416	-0.0908942	-3.67842	-172.02
26.1194	0.209536	-0.0662969	10.4768	-3.31485	-0.648574	-0.0903615	-3.67731	-172.068
26.1281	0.209463	-0.0658958	10.4732	-3.29479	-0.648732	-0.0898287	-3.67621	-172.116
26.1369	0.209391	-0.0654948	10.4695	-3.27474	-0.64889	-0.089296	-3.67511	-172.165
26.1457	0.209318	-0.065094	10.4659	-3.2547	-0.649047	-0.0887632	-3.674	-172.213
26.1545	0.209246	-0.0646932	10.4623	-3.23466	-0.649203	-0.0882304	-3.6729	-172.261
26.1633	0.209173	-0.0642926	10.4587	-3.21463	-0.649359	-0.0876976	-3.6718	-172.309
26.172	0.209101	-0.0638921	10.4551	-3.19461	-0.649515	-0.0871648	-3.67069	-172.357
26.1808	0.209029	-0.0634918	10.4515	-3.17459	-0.649671	-0.0866319	-3.66959	-172.405
26.1896	0.208957	-0.0630915	10.4478	-3.15458	-0.649825	-0.086099	-3.66849	-172.453
26.1984	0.208885	-0.0626914	10.4442	-3.13457	-0.64998	-0.0855661	-3.66738	-172.5
26.2071	0.208813	-0.0622914	10.4406	-3.11457	-0.650134	-0.0850332	-3.66628	-172.548
26.2159	0.208741	-0.0618916	10.4371	-3.09458	-0.650287	-0.0845002	-3.66517	-172.596
26.2247	0.208669	-0.0614918	10.4335	-3.07459	-0.65044	-0.0839672	-3.66407	-172.644
26.2335	0.208598	-0.0610922	10.4299	-3.05461	-0.650593	-0.0834342	-3.66297	-172.692
26.2422	0.208526	-0.0606927	10.4263	-3.03464	-0.650745	-0.0829012	-3.66186	-172.74
26.251	0.208454	-0.0602934	10.4227	-3.01467	-0.650897	-0.0823682	-3.66076	-172.788
26.2598	0.208383	-0.0598941	10.4191	-2.99471	-0.651049	-0.0818351	-3.65965	-172.836
26.2686	0.208311	-0.059495	10.4156	-2.97475	-0.6512	-0.081302	-3.65855	-172.883
26.2773	0.20824	-0.059096	10.412	-2.9548	-0.65135	-0.0807689	-3.65744	-172.931
26.2861	0.208168	-0.0586972	10.4084	-2.93486	-0.6515	-0.0802358	-3.65633	-172.979
26.2949	0.208097	-0.0582984	10.4049	-2.91492	-0.65165	-0.0797027	-3.65523	-173.027
26.3037	0.208026	-0.0578998	10.4013	-2.89499	-0.651799	-0.0791695	-3.65412	-173.075
26.3124	0.207955	-0.0575013	10.3977	-2.87507	-0.651948	-0.0786364	-3.65302	-173.122
26.3212	0.207884	-0.0571029	10.3942	-2.85515	-0.652096	-0.0781032	-3.65191	-173.17
26.33	0.207813	-0.0567047	10.3906	-2.83523	-0.652244	-0.07757	-3.6508	-173.218
