Freq_GHz	r_fit	x_fit	R_fit_ohm	X_fit_ohm	Re_S11	Im_S11	S11_dB	S11_deg
0.01	1.2	-0.000545516	60	-0.0272758	0.090909	-0.00022542	-20.8278	-0.142072
0.0204435	1.2	-0.00111522	59.9999	-0.0557611	0.0909085	-0.000460836	-20.8278	-0.290443
0.030887	1.2	-0.00168493	59.9998	-0.0842463	0.0909078	-0.000696253	-20.8277	-0.438813
0.0413304	1.19999	-0.00225462	59.9996	-0.112731	0.0909068	-0.000931668	-20.8276	-0.587181
0.0517739	1.19999	-0.00282431	59.9994	-0.141216	0.0909055	-0.00116708	-20.8275	-0.735546
0.0622174	1.19998	-0.00339399	59.9991	-0.1697	0.0909039	-0.0014025	-20.8273	-0.883908
0.0726609	1.19998	-0.00396366	59.9988	-0.198183	0.090902	-0.00163791	-20.8271	-1.03227
0.0831044	1.19997	-0.00453331	59.9984	-0.226666	0.0908998	-0.00187332	-20.8269	-1.18062
0.0935478	1.19996	-0.00510295	59.998	-0.255148	0.0908973	-0.00210872	-20.8266	-1.32896
0.103991	1.19995	-0.00567258	59.9975	-0.283629	0.0908946	-0.00234413	-20.8264	-1.47731
0.114435	1.19994	-0.00624218	59.997	-0.312109	0.0908915	-0.00257953	-20.826	-1.62564
0.124878	1.19993	-0.00681176	59.9964	-0.340588	0.0908881	-0.00281493	-20.8257	-1.77396
0.135322	1.19992	-0.00738132	59.9958	-0.369066	0.0908845	-0.00305033	-20.8253	-1.92228
0.145765	1.1999	-0.00795085	59.9951	-0.397543	0.0908806	-0.00328573	-20.8249	-2.07059
0.156209	1.19989	-0.00852036	59.9944	-0.426018	0.0908763	-0.00352112	-20.8245	-2.21889
0.166652	1.19987	-0.00908983	59.9936	-0.454492	0.0908718	-0.0037565	-20.824	-2.36717
0.177096	1.19986	-0.00965928	59.9928	-0.482964	0.090867	-0.00399189	-20.8235	-2.51545
0.187539	1.19984	-0.0102287	59.9919	-0.511435	0.0908619	-0.00422726	-20.823	-2.66371
0.197983	1.19982	-0.0107981	59.991	-0.539904	0.0908565	-0.00446264	-20.8224	-2.81196
0.208426	1.1998	-0.0113674	59.99	-0.568371	0.0908508	-0.00469801	-20.8218	-2.9602
0.21887	1.19978	-0.0119367	59.989	-0.596836	0.0908448	-0.00493337	-20.8212	-3.10842
0.229313	1.19976	-0.012506	59.9879	-0.625299	0.0908385	-0.00516873	-20.8206	-3.25663
0.239757	1.19974	-0.0130752	59.9868	-0.65376	0.0908319	-0.00540408	-20.8199	-3.40482
0.2502	1.19971	-0.0136444	59.9856	-0.682219	0.090825	-0.00563943	-20.8192	-3.553
0.260644	1.19969	-0.0142135	59.9844	-0.710675	0.0908179	-0.00587477	-20.8184	-3.70116
0.271087	1.19966	-0.0147826	59.9831	-0.739129	0.0908104	-0.00611011	-20.8177	-3.8493
0.281531	1.19964	-0.0153516	59.9818	-0.767581	0.0908027	-0.00634544	-20.8169	-3.99742
0.291974	1.19961	-0.0159206	59.9804	-0.796029	0.0907946	-0.00658076	-20.816	-4.14553
0.302417	1.19958	-0.0164895	59.979	-0.824476	0.0907863	-0.00681607	-20.8152	-4.29361
0.312861	1.19955	-0.0170584	59.9775	-0.852919	0.0907777	-0.00705138	-20.8143	-4.44167
0.323304	1.19952	-0.0176272	59.976	-0.881359	0.0907687	-0.00728668	-20.8134	-4.58972
0.333748	1.19949	-0.0181959	59.9744	-0.909797	0.0907595	-0.00752197	-20.8124	-4.73774
0.344191	1.19945	-0.0187646	59.9727	-0.938231	0.09075	-0.00775726	-20.8114	-4.88573
0.354635	1.19942	-0.0193332	59.9711	-0.966662	0.0907402	-0.00799253	-20.8104	-5.03371
0.365078	1.19939	-0.0199018	59.9693	-0.99509	0.0907301	-0.0082278	-20.8094	-5.18166
0.375522	1.19935	-0.0204703	59.9676	-1.02351	0.0907197	-0.00846306	-20.8083	-5.32958
0.385965	1.19931	-0.0210387	59.9657	-1.05194	0.0907091	-0.00869831	-20.8072	-5.47748
0.396409	1.19928	-0.0216071	59.9639	-1.08035	0.0906981	-0.00893355	-20.8061	-5.62535
0.406852	1.19924	-0.0221753	59.9619	-1.10877	0.0906868	-0.00916878	-20.8049	-5.7732
0.417296	1.1992	-0.0227435	59.96	-1.13718	0.0906753	-0.009404	-20.8038	-5.92102
0.427739	1.19916	-0.0233117	59.9579	-1.16558	0.0906634	-0.00963921	-20.8025	-6.06881
0.438183	1.19912	-0.0238797	59.9558	-1.19399	0.0906513	-0.00987441	-20.8013	-6.21657
0.448626	1.19907	-0.0244477	59.9537	-1.22238	0.0906388	-0.0101096	-20.8	-6.3643
0.45907	1.19903	-0.0250155	59.9515	-1.25078	0.0906261	-0.0103448	-20.7987	-6.51201
0.469513	1.19899	-0.0255833	59.9493	-1.27917	0.0906131	-0.0105799	-20.7974	-6.65968
0.479957	1.19894	-0.026151	59.947	-1.30755	0.0905998	-0.0108151	-20.796	-6.80732
0.4904	1.19889	-0.0267187	59.9447	-1.33593	0.0905862	-0.0110502	-20.7946	-6.95492
0.500844	1.19885	-0.0272862	59.9423	-1.36431	0.0905723	-0.0112854	-20.7932	-7.1025
0.511287	1.1988	-0.0278536	59.9399	-1.39268	0.0905581	-0.0115205	-20.7917	-7.25004
0.521731	1.19875	-0.028421	59.9374	-1.42105	0.0905436	-0.0117556	-20.7902	-7.39754
0.532174	1.1987	-0.0289882	59.9349	-1.44941	0.0905288	-0.0119907	-20.7887	-7.54501
0.542618	1.19865	-0.0295554	59.9323	-1.47777	0.0905137	-0.0122258	-20.7872	-7.69245
0.553061	1.19859	-0.0301224	59.9297	-1.50612	0.0904984	-0.0124609	-20.7856	-7.83985
0.563505	1.19854	-0.0306893	59.927	-1.53447	0.0904827	-0.0126959	-20.784	-7.98721
0.573948	1.19849	-0.0312562	59.9243	-1.56281	0.0904668	-0.012931	-20.7824	-8.13453
0.584391	1.19843	-0.0318229	59.9215	-1.59115	0.0904505	-0.013166	-20.7807	-8.28182
0.594835	1.19837	-0.0323895	59.9187	-1.61948	0.090434	-0.013401	-20.779	-8.42906
0.605278	1.19832	-0.032956	59.9158	-1.6478	0.0904172	-0.013636	-20.7773	-8.57627
0.615722	1.19826	-0.0335224	59.9129	-1.67612	0.0904001	-0.013871	-20.7756	-8.72343
0.626165	1.1982	-0.0340887	59.9099	-1.70444	0.0903826	-0.014106	-20.7738	-8.87056
0.636609	1.19814	-0.0346549	59.9069	-1.73275	0.0903649	-0.0143409	-20.772	-9.01764
0.647052	1.19808	-0.035221	59.9038	-1.76105	0.0903469	-0.0145759	-20.7701	-9.16468
0.657496	1.19801	-0.0357869	59.9007	-1.78934	0.0903287	-0.0148108	-20.7683	-9.31168
0.667939	1.19795	-0.0363527	59.8975	-1.81764	0.0903101	-0.0150457	-20.7664	-9.45863
0.678383	1.19789	-0.0369184	59.8943	-1.84592	0.0902912	-0.0152806	-20.7645	-9.60554
0.688826	1.19782	-0.037484	59.891	-1.8742	0.090272	-0.0155155	-20.7625	-9.7524
0.69927	1.19775	-0.0380494	59.8877	-1.90247	0.0902526	-0.0157503	-20.7605	-9.89922
0.709713	1.19769	-0.0386147	59.8843	-1.93074	0.0902328	-0.0159852	-20.7585	-10.046
0.720157	1.19762	-0.0391799	59.8809	-1.95899	0.0902128	-0.01622	-20.7565	-10.1927
0.7306	1.19755	-0.0397449	59.8774	-1.98725	0.0901924	-0.0164548	-20.7544	-10.3394
0.741044	1.19748	-0.0403098	59.8739	-2.01549	0.0901718	-0.0166896	-20.7523	-10.486
0.751487	1.19741	-0.0408746	59.8703	-2.04373	0.0901509	-0.0169244	-20.7502	-10.6326
0.761931	1.19733	-0.0414392	59.8667	-2.07196	0.0901297	-0.0171591	-20.748	-10.7791
0.772374	1.19726	-0.0420037	59.863	-2.10019	0.0901082	-0.0173939	-20.7458	-10.9256
0.782818	1.19719	-0.0425681	59.8593	-2.1284	0.0900864	-0.0176286	-20.7436	-11.072
0.793261	1.19711	-0.0431323	59.8555	-2.15661	0.0900643	-0.0178633	-20.7414	-11.2184
0.803705	1.19703	-0.0436963	59.8517	-2.18482	0.0900419	-0.018098	-20.7391	-11.3647
0.814148	1.19696	-0.0442603	59.8478	-2.21301	0.0900192	-0.0183326	-20.7368	-11.511
0.824592	1.19688	-0.044824	59.8439	-2.2412	0.0899962	-0.0185673	-20.7345	-11.6572
0.835035	1.1968	-0.0453876	59.84	-2.26938	0.089973	-0.0188019	-20.7321	-11.8034
0.845478	1.19672	-0.0459511	59.8359	-2.29755	0.0899494	-0.0190365	-20.7297	-11.9495
0.855922	1.19664	-0.0465144	59.8319	-2.32572	0.0899256	-0.0192711	-20.7273	-12.0955
0.866365	1.19656	-0.0470775	59.8278	-2.35388	0.0899014	-0.0195056	-20.7249	-12.2415
0.876809	1.19647	-0.0476405	59.8236	-2.38203	0.089877	-0.0197402	-20.7224	-12.3875
0.887252	1.19639	-0.0482033	59.8194	-2.41017	0.0898523	-0.0199747	-20.7199	-12.5334
0.897696	1.1963	-0.048766	59.8151	-2.4383	0.0898273	-0.0202092	-20.7174	-12.6792
0.908139	1.19622	-0.0493285	59.8108	-2.46642	0.089802	-0.0204437	-20.7148	-12.825
0.918583	1.19613	-0.0498908	59.8064	-2.49454	0.0897764	-0.0206781	-20.7123	-12.9707
0.929026	1.19604	-0.050453	59.802	-2.52265	0.0897505	-0.0209125	-20.7097	-13.1163
0.93947	1.19595	-0.051015	59.7976	-2.55075	0.0897243	-0.021147	-20.707	-13.2619
0.949913	1.19586	-0.0515768	59.7931	-2.57884	0.0896978	-0.0213813	-20.7044	-13.4074
0.960357	1.19577	-0.0521384	59.7885	-2.60692	0.089671	-0.0216157	-20.7017	-13.5529
0.9708	1.19568	-0.0526999	59.7839	-2.63499	0.089644	-0.02185	-20.6989	-13.6983
0.981244	1.19558	-0.0532612	59.7792	-2.66306	0.0896166	-0.0220844	-20.6962	-13.8436
0.991687	1.19549	-0.0538223	59.7745	-2.69111	0.089589	-0.0223186	-20.6934	-13.9889
1.00213	1.1954	-0.0543832	59.7698	-2.71916	0.089561	-0.0225529	-20.6906	-14.1341
1.01257	1.1953	-0.0549439	59.765	-2.7472	0.0895328	-0.0227872	-20.6878	-14.2793
1.02302	1.1952	-0.0555045	59.7601	-2.77522	0.0895043	-0.0230214	-20.6849	-14.4244
1.03346	1.1951	-0.0560648	59.7552	-2.80324	0.0894755	-0.0232556	-20.682	-14.5694
1.0439	1.19501	-0.056625	59.7503	-2.83125	0.0894464	-0.0234897	-20.6791	-14.7143
1.05435	1.19491	-0.057185	59.7453	-2.85925	0.089417	-0.0237239	-20.6762	-14.8592
1.06479	1.1948	-0.0577448	59.7402	-2.88724	0.0893873	-0.023958	-20.6732	-15.004
1.07524	1.1947	-0.0583044	59.7351	-2.91522	0.0893573	-0.0241921	-20.6702	-15.1488
1.08568	1.1946	-0.0588638	59.73	-2.94319	0.089327	-0.0244262	-20.6672	-15.2935
1.09612	1.1945	-0.059423	59.7248	-2.97115	0.0892964	-0.0246602	-20.6641	-15.4381
1.10657	1.19439	-0.059982	59.7195	-2.9991	0.0892656	-0.0248942	-20.661	-15.5826
1.11701	1.19428	-0.0605408	59.7142	-3.02704	0.0892344	-0.0251282	-20.6579	-15.7271
1.12745	1.19418	-0.0610994	59.7089	-3.05497	0.089203	-0.0253622	-20.6548	-15.8715
1.1379	1.19407	-0.0616578	59.7035	-3.08289	0.0891712	-0.0255961	-20.6516	-16.0158
1.14834	1.19396	-0.062216	59.698	-3.1108	0.0891392	-0.02583	-20.6485	-16.1601
1.15878	1.19385	-0.0627739	59.6926	-3.1387	0.0891069	-0.0260639	-20.6452	-16.3043
1.16923	1.19374	-0.0633317	59.687	-3.16658	0.0890743	-0.0262978	-20.642	-16.4484
1.17967	1.19363	-0.0638892	59.6814	-3.19446	0.0890414	-0.0265316	-20.6387	-16.5924
1.19011	1.19352	-0.0644466	59.6758	-3.22233	0.0890082	-0.0267654	-20.6354	-16.7364
1.20056	1.1934	-0.0650037	59.6701	-3.25018	0.0889747	-0.0269991	-20.6321	-16.8803
1.211	1.19329	-0.0655606	59.6644	-3.27803	0.0889409	-0.0272329	-20.6288	-17.0241
1.22144	1.19317	-0.0661172	59.6586	-3.30586	0.0889068	-0.0274666	-20.6254	-17.1678
1.23189	1.19306	-0.0666737	59.6528	-3.33368	0.0888725	-0.0277003	-20.622	-17.3115
1.24233	1.19294	-0.0672299	59.6469	-3.3615	0.0888378	-0.0279339	-20.6186	-17.4551
1.25277	1.19282	-0.0677859	59.641	-3.3893	0.0888029	-0.0281675	-20.6151	-17.5986
1.26322	1.1927	-0.0683417	59.635	-3.41708	0.0887676	-0.0284011	-20.6116	-17.742
1.27366	1.19258	-0.0688972	59.629	-3.44486	0.0887321	-0.0286347	-20.6081	-17.8854
1.2841	1.19246	-0.0694525	59.6229	-3.47263	0.0886963	-0.0288682	-20.6046	-18.0287
1.29455	1.19234	-0.0700076	59.6168	-3.50038	0.0886602	-0.0291017	-20.601	-18.1718
1.30499	1.19221	-0.0705624	59.6106	-3.52812	0.0886238	-0.0293352	-20.5975	-18.315
1.31544	1.19209	-0.071117	59.6044	-3.55585	0.0885871	-0.0295686	-20.5939	-18.458
1.32588	1.19196	-0.0716714	59.5981	-3.58357	0.0885501	-0.029802	-20.5902	-18.6009
1.33632	1.19184	-0.0722255	59.5918	-3.61128	0.0885128	-0.0300354	-20.5866	-18.7438
1.34677	1.19171	-0.0727794	59.5855	-3.63897	0.0884752	-0.0302687	-20.5829	-18.8866
1.35721	1.19158	-0.073333	59.579	-3.66665	0.0884374	-0.030502	-20.5792	-19.0293
1.36765	1.19145	-0.0738864	59.5726	-3.69432	0.0883992	-0.0307353	-20.5754	-19.1719
1.3781	1.19132	-0.0744396	59.5661	-3.72198	0.0883608	-0.0309685	-20.5717	-19.3145
1.38854	1.19119	-0.0749924	59.5595	-3.74962	0.088322	-0.0312017	-20.5679	-19.4569
1.39898	1.19106	-0.0755451	59.5529	-3.77725	0.088283	-0.0314349	-20.564	-19.5993
1.40943	1.19093	-0.0760975	59.5463	-3.80487	0.0882437	-0.0316681	-20.5602	-19.7416
1.41987	1.19079	-0.0766496	59.5396	-3.83248	0.0882041	-0.0319012	-20.5563	-19.8838
1.43031	1.19066	-0.0772015	59.5328	-3.86007	0.0881642	-0.0321342	-20.5524	-20.0259
1.44076	1.19052	-0.0777531	59.526	-3.88765	0.088124	-0.0323673	-20.5485	-20.1679
1.4512	1.19038	-0.0783044	59.5192	-3.91522	0.0880835	-0.0326003	-20.5446	-20.3098
1.46164	1.19025	-0.0788555	59.5123	-3.94278	0.0880427	-0.0328332	-20.5406	-20.4517
1.47209	1.19011	-0.0794063	59.5054	-3.97032	0.0880016	-0.0330662	-20.5366	-20.5935
1.48253	1.18997	-0.0799569	59.4984	-3.99784	0.0879603	-0.0332991	-20.5326	-20.7351
1.49297	1.18983	-0.0805072	59.4913	-4.02536	0.0879186	-0.0335319	-20.5286	-20.8767
1.50342	1.18969	-0.0810572	59.4843	-4.05286	0.0878767	-0.0337647	-20.5245	-21.0182
1.51386	1.18954	-0.081607	59.4771	-4.08035	0.0878344	-0.0339975	-20.5204	-21.1596
1.5243	1.1894	-0.0821564	59.47	-4.10782	0.0877919	-0.0342303	-20.5163	-21.3009
1.53475	1.18925	-0.0827056	59.4627	-4.13528	0.0877491	-0.034463	-20.5122	-21.4422
1.54519	1.18911	-0.0832546	59.4555	-4.16273	0.087706	-0.0346957	-20.508	-21.5833
1.55564	1.18896	-0.0838032	59.4482	-4.19016	0.0876626	-0.0349283	-20.5038	-21.7243
1.56608	1.18882	-0.0843516	59.4408	-4.21758	0.0876189	-0.0351609	-20.4996	-21.8653
1.57652	1.18867	-0.0848996	59.4334	-4.24498	0.0875749	-0.0353935	-20.4953	-22.0061
1.58697	1.18852	-0.0854474	59.4259	-4.27237	0.0875306	-0.035626	-20.4911	-22.1469
1.59741	1.18837	-0.085995	59.4184	-4.29975	0.0874861	-0.0358585	-20.4868	-22.2876
1.60785	1.18822	-0.0865422	59.4108	-4.32711	0.0874412	-0.0360909	-20.4825	-22.4282
1.6183	1.18806	-0.0870891	59.4032	-4.35446	0.0873961	-0.0363234	-20.4782	-22.5686
1.62874	1.18791	-0.0876358	59.3956	-4.38179	0.0873506	-0.0365557	-20.4738	-22.709
1.63918	1.18776	-0.0881821	59.3879	-4.40911	0.0873049	-0.0367881	-20.4694	-22.8493
1.64963	1.1876	-0.0887282	59.3802	-4.43641	0.0872589	-0.0370204	-20.465	-22.9895
1.66007	1.18745	-0.0892739	59.3724	-4.4637	0.0872126	-0.0372526	-20.4606	-23.1296
1.67051	1.18729	-0.0898194	59.3645	-4.49097	0.087166	-0.0374848	-20.4561	-23.2696
1.68096	1.18713	-0.0903646	59.3566	-4.51823	0.0871191	-0.037717	-20.4516	-23.4095
1.6914	1.18697	-0.0909094	59.3487	-4.54547	0.0870719	-0.0379491	-20.4471	-23.5493
1.70184	1.18681	-0.091454	59.3407	-4.5727	0.0870244	-0.0381812	-20.4426	-23.6891
1.71229	1.18665	-0.0919982	59.3327	-4.59991	0.0869767	-0.0384133	-20.4381	-23.8287
1.72273	1.18649	-0.0925422	59.3246	-4.62711	0.0869286	-0.0386453	-20.4335	-23.9682
1.73317	1.18633	-0.0930858	59.3165	-4.65429	0.0868803	-0.0388772	-20.4289	-24.1076
1.74362	1.18617	-0.0936291	59.3083	-4.68146	0.0868316	-0.0391092	-20.4243	-24.2469
1.75406	1.186	-0.0941722	59.3001	-4.70861	0.0867827	-0.0393411	-20.4196	-24.3861
1.7645	1.18584	-0.0947149	59.2919	-4.73574	0.0867335	-0.0395729	-20.415	-24.5253
1.77495	1.18567	-0.0952572	59.2835	-4.76286	0.086684	-0.0398047	-20.4103	-24.6643
1.78539	1.1855	-0.0957993	59.2752	-4.78997	0.0866342	-0.0400365	-20.4056	-24.8032
1.79584	1.18534	-0.0963411	59.2668	-4.81705	0.0865841	-0.0402682	-20.4008	-24.942
1.80628	1.18517	-0.0968825	59.2583	-4.84412	0.0865337	-0.0404998	-20.3961	-25.0807
1.81672	1.185	-0.0974236	59.2498	-4.87118	0.086483	-0.0407315	-20.3913	-25.2193
1.82717	1.18483	-0.0979644	59.2413	-4.89822	0.0864321	-0.040963	-20.3865	-25.3578
1.83761	1.18465	-0.0985048	59.2327	-4.92524	0.0863808	-0.0411946	-20.3817	-25.4962
1.84805	1.18448	-0.099045	59.2241	-4.95225	0.0863293	-0.0414261	-20.3768	-25.6345
1.8585	1.18431	-0.0995848	59.2154	-4.97924	0.0862775	-0.0416575	-20.372	-25.7727
1.86894	1.18413	-0.100124	59.2067	-5.00621	0.0862253	-0.0418889	-20.3671	-25.9108
1.87938	1.18396	-0.100663	59.1979	-5.03317	0.0861729	-0.0421203	-20.3622	-26.0488
1.88983	1.18378	-0.101202	59.1891	-5.06011	0.0861202	-0.0423516	-20.3572	-26.1867
1.90027	1.1836	-0.101741	59.1802	-5.08703	0.0860672	-0.0425829	-20.3523	-26.3245
1.91071	1.18343	-0.102279	59.1713	-5.11394	0.0860139	-0.0428141	-20.3473	-26.4622
1.92116	1.18325	-0.102817	59.1623	-5.14083	0.0859604	-0.0430453	-20.3423	-26.5997
1.9316	1.18307	-0.103354	59.1533	-5.1677	0.0859065	-0.0432764	-20.3373	-26.7372
1.94204	1.18289	-0.103891	59.1443	-5.19456	0.0858523	-0.0435075	-20.3322	-26.8746
1.95249	1.1827	-0.104428	59.1352	-5.2214	0.0857979	-0.0437385	-20.3272	-27.0118
1.96293	1.18252	-0.104964	59.1261	-5.24822	0.0857432	-0.0439695	-20.3221	-27.149
1.97337	1.18234	-0.1055	59.1169	-5.27502	0.0856881	-0.0442004	-20.317	-27.286
1.98382	1.18215	-0.106036	59.1076	-5.30181	0.0856328	-0.0444313	-20.3118	-27.4229
1.99426	1.18197	-0.106572	59.0983	-5.32858	0.0855772	-0.0446622	-20.3067	-27.5598
2.0047	1.18178	-0.107107	59.089	-5.35533	0.0855213	-0.044893	-20.3015	-27.6965
2.01515	1.18159	-0.107641	59.0796	-5.38206	0.0854651	-0.0451237	-20.2963	-27.8331
2.02559	1.1814	-0.108175	59.0702	-5.40877	0.0854087	-0.0453544	-20.2911	-27.9696
2.03604	1.18122	-0.108709	59.0608	-5.43547	0.0853519	-0.0455851	-20.2859	-28.106
2.04648	1.18103	-0.109243	59.0513	-5.46215	0.0852949	-0.0458157	-20.2806	-28.2422
2.05692	1.18083	-0.109776	59.0417	-5.48881	0.0852375	-0.0460462	-20.2753	-28.3784
2.06737	1.18064	-0.110309	59.0321	-5.51546	0.0851799	-0.0462767	-20.27	-28.5145
2.07781	1.18045	-0.110842	59.0225	-5.54208	0.0851219	-0.0465072	-20.2647	-28.6504
2.08825	1.18026	-0.111374	59.0128	-5.56869	0.0850637	-0.0467376	-20.2594	-28.7862
2.0987	1.18006	-0.111906	59.003	-5.59528	0.0850052	-0.046968	-20.254	-28.922
2.10914	1.17986	-0.112437	58.9932	-5.62185	0.0849464	-0.0471983	-20.2486	-29.0576
2.11958	1.17967	-0.112968	58.9834	-5.6484	0.0848874	-0.0474285	-20.2432	-29.1931
2.13003	1.17947	-0.113499	58.9735	-5.67493	0.084828	-0.0476587	-20.2378	-29.3285
2.14047	1.17927	-0.114029	58.9636	-5.70145	0.0847683	-0.0478889	-20.2324	-29.4638
2.15091	1.17907	-0.114559	58.9537	-5.72794	0.0847084	-0.048119	-20.2269	-29.5989
2.16136	1.17887	-0.115088	58.9437	-5.75442	0.0846481	-0.048349	-20.2214	-29.734
2.1718	1.17867	-0.115618	58.9336	-5.78088	0.0845876	-0.048579	-20.2159	-29.8689
2.18224	1.17847	-0.116146	58.9235	-5.80731	0.0845268	-0.0488089	-20.2104	-30.0037
2.19269	1.17827	-0.116675	58.9134	-5.83373	0.0844657	-0.0490388	-20.2049	-30.1385
2.20313	1.17806	-0.117203	58.9032	-5.86013	0.0844043	-0.0492687	-20.1993	-30.2731
2.21357	1.17786	-0.11773	58.8929	-5.88652	0.0843426	-0.0494984	-20.1937	-30.4075
2.22402	1.17765	-0.118258	58.8827	-5.91288	0.0842806	-0.0497282	-20.1881	-30.5419
2.23446	1.17745	-0.118784	58.8723	-5.93922	0.0842184	-0.0499578	-20.1825	-30.6762
2.2449	1.17724	-0.119311	58.862	-5.96554	0.0841558	-0.0501875	-20.1768	-30.8103
2.25535	1.17703	-0.119837	58.8516	-5.99184	0.084093	-0.050417	-20.1712	-30.9443
2.26579	1.17682	-0.120363	58.8411	-6.01813	0.0840298	-0.0506465	-20.1655	-31.0783
2.27624	1.17661	-0.120888	58.8306	-6.04439	0.0839664	-0.050876	-20.1598	-31.2121
2.28668	1.1764	-0.121413	58.8201	-6.07064	0.0839027	-0.0511054	-20.1541	-31.3457
2.29712	1.17619	-0.121937	58.8095	-6.09686	0.0838387	-0.0513348	-20.1483	-31.4793
2.30757	1.17598	-0.122461	58.7988	-6.12306	0.0837744	-0.0515641	-20.1426	-31.6127
2.31801	1.17576	-0.122985	58.7881	-6.14925	0.0837098	-0.0517933	-20.1368	-31.7461
2.32845	1.17555	-0.123508	58.7774	-6.17541	0.083645	-0.0520225	-20.131	-31.8793
2.3389	1.17533	-0.124031	58.7667	-6.20156	0.0835798	-0.0522516	-20.1252	-32.0124
2.34934	1.17512	-0.124554	58.7558	-6.22768	0.0835144	-0.0524807	-20.1194	-32.1454
2.35978	1.1749	-0.125076	58.745	-6.25378	0.0834486	-0.0527097	-20.1135	-32.2782
2.37023	1.17468	-0.125597	58.7341	-6.27986	0.0833826	-0.0529386	-20.1077	-32.411
2.38067	1.17446	-0.126119	58.7231	-6.30593	0.0833163	-0.0531675	-20.1018	-32.5436
2.39111	1.17424	-0.126639	58.7121	-6.33197	0.0832497	-0.0533964	-20.0959	-32.6761
2.40156	1.17402	-0.12716	58.7011	-6.35799	0.0831828	-0.0536251	-20.0899	-32.8085
2.412	1.1738	-0.12768	58.69	-6.38399	0.0831156	-0.0538539	-20.084	-32.9408
2.42244	1.17358	-0.128199	58.6789	-6.40997	0.0830482	-0.0540825	-20.078	-33.0729
2.43289	1.17336	-0.128719	58.6678	-6.43593	0.0829804	-0.0543111	-20.0721	-33.205
2.44333	1.17313	-0.129237	58.6565	-6.46186	0.0829124	-0.0545397	-20.0661	-33.3369
2.45377	1.17291	-0.129756	58.6453	-6.48778	0.082844	-0.0547682	-20.06	-33.4687
2.46422	1.17268	-0.130273	58.634	-6.51367	0.0827754	-0.0549966	-20.054	-33.6004
2.47466	1.17245	-0.130791	58.6227	-6.53955	0.0827065	-0.055225	-20.048	-33.7319
2.48511	1.17223	-0.131308	58.6113	-6.5654	0.0826373	-0.0554533	-20.0419	-33.8634
2.49555	1.172	-0.131825	58.5998	-6.59123	0.0825678	-0.0556815	-20.0358	-33.9947
2.50599	1.17177	-0.132341	58.5884	-6.61704	0.082498	-0.0559097	-20.0297	-34.1259
2.51644	1.17154	-0.132857	58.5769	-6.64283	0.082428	-0.0561379	-20.0236	-34.257
2.52688	1.17131	-0.133372	58.5653	-6.66859	0.0823576	-0.0563659	-20.0175	-34.3879
2.53732	1.17107	-0.133887	58.5537	-6.69434	0.082287	-0.0565939	-20.0113	-34.5188
2.54777	1.17084	-0.134401	58.5421	-6.72006	0.0822161	-0.0568219	-20.0051	-34.6495
2.55821	1.17061	-0.134915	58.5304	-6.74576	0.0821449	-0.0570498	-19.9989	-34.7801
2.56865	1.17037	-0.135429	58.5186	-6.77144	0.0820733	-0.0572776	-19.9927	-34.9105
2.5791	1.17014	-0.135942	58.5069	-6.7971	0.0820016	-0.0575054	-19.9865	-35.0409
2.58954	1.1699	-0.136455	58.495	-6.82273	0.0819295	-0.0577331	-19.9803	-35.1711
2.59998	1.16966	-0.136967	58.4832	-6.84835	0.0818571	-0.0579607	-19.974	-35.3012
2.61043	1.16943	-0.137479	58.4713	-6.87394	0.0817845	-0.0581883	-19.9677	-35.4312
2.62087	1.16919	-0.13799	58.4593	-6.89951	0.0817115	-0.0584158	-19.9614	-35.5611
2.63131	1.16895	-0.138501	58.4473	-6.92505	0.0816383	-0.0586432	-19.9551	-35.6908
2.64176	1.16871	-0.139012	58.4353	-6.95058	0.0815648	-0.0588706	-19.9488	-35.8204
2.6522	1.16846	-0.139522	58.4232	-6.97608	0.081491	-0.0590979	-19.9425	-35.9499
2.66264	1.16822	-0.140031	58.4111	-7.00156	0.0814169	-0.0593252	-19.9361	-36.0793
2.67309	1.16798	-0.14054	58.399	-7.02701	0.0813425	-0.0595524	-19.9297	-36.2086
2.68353	1.16774	-0.141049	58.3868	-7.05245	0.0812678	-0.0597795	-19.9234	-36.3377
2.69397	1.16749	-0.141557	58.3745	-7.07786	0.0811929	-0.0600066	-19.9169	-36.4667
2.70442	1.16724	-0.142065	58.3622	-7.10324	0.0811176	-0.0602336	-19.9105	-36.5956
2.71486	1.167	-0.142572	58.3499	-7.12861	0.0810421	-0.0604605	-19.9041	-36.7243
2.72531	1.16675	-0.143079	58.3375	-7.15395	0.0809663	-0.0606874	-19.8976	-36.853
2.73575	1.1665	-0.143585	58.3251	-7.17927	0.0808902	-0.0609142	-19.8912	-36.9815
2.74619	1.16625	-0.144091	58.3127	-7.20456	0.0808138	-0.0611409	-19.8847	-37.1099
2.75664	1.166	-0.144597	58.3002	-7.22984	0.0807371	-0.0613676	-19.8782	-37.2382
2.76708	1.16575	-0.145102	58.2876	-7.25508	0.0806601	-0.0615942	-19.8717	-37.3663
2.77752	1.1655	-0.145606	58.275	-7.28031	0.0805829	-0.0618207	-19.8651	-37.4943
2.78797	1.16525	-0.14611	58.2624	-7.30551	0.0805053	-0.0620472	-19.8586	-37.6222
2.79841	1.165	-0.146614	58.2498	-7.33069	0.0804275	-0.0622736	-19.852	-37.75
2.80885	1.16474	-0.147117	58.237	-7.35584	0.0803494	-0.0624999	-19.8455	-37.8776
2.8193	1.16449	-0.14762	58.2243	-7.38098	0.080271	-0.0627262	-19.8389	-38.0051
2.82974	1.16423	-0.148122	58.2115	-7.40608	0.0801923	-0.0629524	-19.8323	-38.1325
2.84018	1.16397	-0.148623	58.1987	-7.43117	0.0801133	-0.0631785	-19.8256	-38.2598
2.85063	1.16372	-0.149125	58.1858	-7.45623	0.0800341	-0.0634046	-19.819	-38.387
2.86107	1.16346	-0.149625	58.1729	-7.48126	0.0799545	-0.0636306	-19.8123	-38.514
2.87151	1.1632	-0.150125	58.1599	-7.50627	0.0798747	-0.0638565	-19.8057	-38.6409
2.88196	1.16294	-0.150625	58.1469	-7.53126	0.0797946	-0.0640823	-19.799	-38.7677
2.8924	1.16268	-0.151125	58.1339	-7.55623	0.0797141	-0.0643081	-19.7923	-38.8943
2.90284	1.16242	-0.151623	58.1208	-7.58116	0.0796335	-0.0645338	-19.7856	-39.0208
2.91329	1.16215	-0.152122	58.1077	-7.60608	0.0795525	-0.0647595	-19.7789	-39.1472
2.92373	1.16189	-0.152619	58.0945	-7.63097	0.0794712	-0.0649851	-19.7721	-39.2735
2.93417	1.16163	-0.153117	58.0813	-7.65584	0.0793896	-0.0652106	-19.7654	-39.3996
2.94462	1.16136	-0.153614	58.068	-7.68068	0.0793078	-0.065436	-19.7586	-39.5257
2.95506	1.1611	-0.15411	58.0548	-7.7055	0.0792257	-0.0656614	-19.7518	-39.6516
2.96551	1.16083	-0.154606	58.0414	-7.73029	0.0791433	-0.0658867	-19.745	-39.7773
2.97595	1.16056	-0.155101	58.0281	-7.75506	0.0790606	-0.0661119	-19.7382	-39.903
2.98639	1.16029	-0.155596	58.0146	-7.7798	0.0789776	-0.066337	-19.7314	-40.0285
2.99684	1.16002	-0.15609	58.0012	-7.80452	0.0788943	-0.0665621	-19.7245	-40.1539
3.00728	1.15975	-0.156584	57.9877	-7.82921	0.0788107	-0.0667871	-19.7177	-40.2792
3.01772	1.15948	-0.157078	57.9742	-7.85388	0.0787269	-0.067012	-19.7108	-40.4043
3.02817	1.15921	-0.15757	57.9606	-7.87852	0.0786427	-0.0672369	-19.7039	-40.5293
3.03861	1.15894	-0.158063	57.947	-7.90314	0.0785583	-0.0674617	-19.697	-40.6542
3.04905	1.15867	-0.158555	57.9333	-7.92773	0.0784736	-0.0676864	-19.6901	-40.779
3.0595	1.15839	-0.159046	57.9196	-7.9523	0.0783886	-0.067911	-19.6832	-40.9036
3.06994	1.15812	-0.159537	57.9059	-7.97684	0.0783034	-0.0681356	-19.6763	-41.0281
3.08038	1.15784	-0.160027	57.8921	-8.00136	0.0782178	-0.0683601	-19.6693	-41.1525
3.09083	1.15757	-0.160517	57.8783	-8.02585	0.0781319	-0.0685845	-19.6624	-41.2768
3.10127	1.15729	-0.161006	57.8644	-8.05032	0.0780458	-0.0688088	-19.6554	-41.4009
3.11171	1.15701	-0.161495	57.8505	-8.07476	0.0779594	-0.0690331	-19.6484	-41.5249
3.12216	1.15673	-0.161983	57.8366	-8.09917	0.0778727	-0.0692573	-19.6414	-41.6488
3.1326	1.15645	-0.162471	57.8226	-8.12356	0.0777857	-0.0694814	-19.6344	-41.7725
3.14304	1.15617	-0.162958	57.8086	-8.14792	0.0776984	-0.0697054	-19.6274	-41.8962
3.15349	1.15589	-0.163445	57.7945	-8.17226	0.0776109	-0.0699294	-19.6203	-42.0197
3.16393	1.15561	-0.163931	57.7804	-8.19657	0.077523	-0.0701533	-19.6133	-42.143
3.17437	1.15533	-0.164417	57.7663	-8.22086	0.0774349	-0.0703771	-19.6062	-42.2663
3.18482	1.15504	-0.164902	57.7521	-8.24512	0.0773465	-0.0706008	-19.5991	-42.3894
3.19526	1.15476	-0.165387	57.7379	-8.26935	0.0772577	-0.0708245	-19.5921	-42.5124
3.20571	1.15447	-0.165871	57.7237	-8.29356	0.0771688	-0.071048	-19.585	-42.6353
3.21615	1.15419	-0.166355	57.7094	-8.31774	0.0770795	-0.0712715	-19.5778	-42.758
3.22659	1.1539	-0.166838	57.695	-8.34189	0.0769899	-0.071495	-19.5707	-42.8806
3.23704	1.15361	-0.16732	57.6807	-8.36602	0.0769001	-0.0717183	-19.5636	-43.0031
3.24748	1.15332	-0.167802	57.6662	-8.39012	0.0768099	-0.0719416	-19.5564	-43.1255
3.25792	1.15304	-0.168284	57.6518	-8.4142	0.0767195	-0.0721648	-19.5493	-43.2477
3.26837	1.15275	-0.168765	57.6373	-8.43825	0.0766288	-0.0723879	-19.5421	-43.3698
3.27881	1.15246	-0.169245	57.6228	-8.46227	0.0765379	-0.0726109	-19.5349	-43.4918
3.28925	1.15216	-0.169725	57.6082	-8.48627	0.0764466	-0.0728339	-19.5277	-43.6137
3.2997	1.15187	-0.170205	57.5936	-8.51024	0.076355	-0.0730567	-19.5205	-43.7354
3.31014	1.15158	-0.170684	57.5789	-8.53418	0.0762632	-0.0732795	-19.5133	-43.857
3.32058	1.15128	-0.171162	57.5642	-8.55809	0.0761711	-0.0735022	-19.506	-43.9785
3.33103	1.15099	-0.17164	57.5495	-8.58198	0.0760787	-0.0737249	-19.4988	-44.0998
3.34147	1.1507	-0.172117	57.5348	-8.60584	0.075986	-0.0739474	-19.4915	-44.221
3.35191	1.1504	-0.172594	57.5199	-8.62968	0.075893	-0.0741699	-19.4843	-44.3421
3.36236	1.1501	-0.17307	57.5051	-8.65348	0.0757997	-0.0743923	-19.477	-44.4631
3.3728	1.1498	-0.173545	57.4902	-8.67726	0.0757062	-0.0746146	-19.4697	-44.5839
3.38324	1.14951	-0.17402	57.4753	-8.70102	0.0756123	-0.0748368	-19.4624	-44.7047
3.39369	1.14921	-0.174495	57.4603	-8.72474	0.0755182	-0.075059	-19.4551	-44.8253
3.40413	1.14891	-0.174969	57.4453	-8.74844	0.0754238	-0.075281	-19.4477	-44.9457
3.41457	1.14861	-0.175442	57.4303	-8.77211	0.0753292	-0.075503	-19.4404	-45.0661
3.42502	1.1483	-0.175915	57.4152	-8.79575	0.0752342	-0.0757249	-19.4331	-45.1863
3.43546	1.148	-0.176387	57.4001	-8.81937	0.0751389	-0.0759467	-19.4257	-45.3063
3.44591	1.1477	-0.176859	57.385	-8.84296	0.0750434	-0.0761685	-19.4183	-45.4263
3.45635	1.1474	-0.17733	57.3698	-8.86652	0.0749476	-0.0763901	-19.411	-45.5461
3.46679	1.14709	-0.177801	57.3546	-8.89005	0.0748515	-0.0766117	-19.4036	-45.6658
3.47724	1.14679	-0.178271	57.3393	-8.91355	0.0747551	-0.0768332	-19.3962	-45.7854
3.48768	1.14648	-0.178741	57.324	-8.93703	0.0746584	-0.0770546	-19.3888	-45.9049
3.49812	1.14617	-0.17921	57.3087	-8.96048	0.0745615	-0.0772759	-19.3813	-46.0242
3.50857	1.14587	-0.179678	57.2933	-8.9839	0.0744642	-0.0774971	-19.3739	-46.1434
3.51901	1.14556	-0.180146	57.2779	-9.00729	0.0743667	-0.0777183	-19.3665	-46.2625
3.52945	1.14525	-0.180613	57.2624	-9.03066	0.0742689	-0.0779393	-19.359	-46.3814
3.5399	1.14494	-0.18108	57.2469	-9.054	0.0741708	-0.0781603	-19.3515	-46.5002
3.55034	1.14463	-0.181546	57.2314	-9.0773	0.0740724	-0.0783812	-19.3441	-46.6189
3.56078	1.14432	-0.182012	57.2158	-9.10059	0.0739738	-0.078602	-19.3366	-46.7375
3.57123	1.144	-0.182477	57.2002	-9.12384	0.0738748	-0.0788227	-19.3291	-46.8559
3.58167	1.14369	-0.182941	57.1846	-9.14706	0.0737756	-0.0790434	-19.3216	-46.9742
3.59211	1.14338	-0.183405	57.1689	-9.17026	0.0736761	-0.0792639	-19.3141	-47.0924
3.60256	1.14306	-0.183868	57.1532	-9.19342	0.0735763	-0.0794844	-19.3066	-47.2105
3.613	1.14275	-0.184331	57.1375	-9.21656	0.0734762	-0.0797047	-19.299	-47.3284
3.62344	1.14243	-0.184793	57.1217	-9.23967	0.0733759	-0.079925	-19.2915	-47.4462
3.63389	1.14212	-0.185255	57.1058	-9.26275	0.0732753	-0.0801452	-19.2839	-47.5639
3.64433	1.1418	-0.185716	57.09	-9.28581	0.0731743	-0.0803653	-19.2764	-47.6815
3.65477	1.14148	-0.186177	57.0741	-9.30883	0.0730731	-0.0805854	-19.2688	-47.7989
3.66522	1.14116	-0.186636	57.0581	-9.33182	0.0729716	-0.0808053	-19.2612	-47.9162
3.67566	1.14084	-0.187096	57.0422	-9.35479	0.0728699	-0.0810251	-19.2536	-48.0334
3.68611	1.14052	-0.187555	57.0262	-9.37773	0.0727678	-0.0812449	-19.246	-48.1505
3.69655	1.1402	-0.188013	57.0101	-9.40063	0.0726655	-0.0814646	-19.2384	-48.2674
3.70699	1.13988	-0.18847	56.994	-9.42351	0.0725629	-0.0816841	-19.2308	-48.3842
3.71744	1.13956	-0.188927	56.9779	-9.44636	0.07246	-0.0819036	-19.2232	-48.5009
3.72788	1.13924	-0.189384	56.9618	-9.46918	0.0723568	-0.082123	-19.2155	-48.6174
3.73832	1.13891	-0.18984	56.9456	-9.49198	0.0722533	-0.0823423	-19.2079	-48.7339
3.74877	1.13859	-0.190295	56.9294	-9.51474	0.0721496	-0.0825616	-19.2002	-48.8502
3.75921	1.13826	-0.190749	56.9131	-9.53747	0.0720455	-0.0827807	-19.1926	-48.9664
3.76965	1.13794	-0.191203	56.8968	-9.56017	0.0719412	-0.0829997	-19.1849	-49.0824
3.7801	1.13761	-0.191657	56.8805	-9.58285	0.0718366	-0.0832187	-19.1772	-49.1983
3.79054	1.13728	-0.19211	56.8641	-9.60549	0.0717318	-0.0834375	-19.1695	-49.3141
3.80098	1.13695	-0.192562	56.8477	-9.62811	0.0716266	-0.0836563	-19.1618	-49.4298
3.81143	1.13662	-0.193014	56.8312	-9.65069	0.0715212	-0.083875	-19.1541	-49.5454
3.82187	1.1363	-0.193465	56.8148	-9.67325	0.0714154	-0.0840935	-19.1464	-49.6608
3.83231	1.13597	-0.193916	56.7983	-9.69578	0.0713094	-0.084312	-19.1387	-49.7761
3.84276	1.13563	-0.194365	56.7817	-9.71827	0.0712031	-0.0845304	-19.131	-49.8913
3.8532	1.1353	-0.194815	56.7651	-9.74074	0.0710966	-0.0847487	-19.1232	-50.0064
3.86364	1.13497	-0.195264	56.7485	-9.76318	0.0709897	-0.0849669	-19.1155	-50.1213
3.87409	1.13464	-0.195712	56.7318	-9.78558	0.0708826	-0.085185	-19.1077	-50.2361
3.88453	1.1343	-0.196159	56.7152	-9.80796	0.0707752	-0.0854031	-19.1	-50.3508
3.89497	1.13397	-0.196606	56.6984	-9.83031	0.0706675	-0.085621	-19.0922	-50.4654
3.90542	1.13363	-0.197053	56.6817	-9.85263	0.0705595	-0.0858388	-19.0844	-50.5798
3.91586	1.1333	-0.197498	56.6649	-9.87491	0.0704513	-0.0860566	-19.0766	-50.6941
3.92631	1.13296	-0.197943	56.648	-9.89717	0.0703427	-0.0862742	-19.0688	-50.8083
3.93675	1.13262	-0.198388	56.6312	-9.9194	0.0702339	-0.0864918	-19.061	-50.9224
3.94719	1.13229	-0.198832	56.6143	-9.94159	0.0701248	-0.0867092	-19.0532	-51.0363
3.95764	1.13195	-0.199275	56.5973	-9.96376	0.0700154	-0.0869266	-19.0454	-51.1501
3.96808	1.13161	-0.199718	56.5804	-9.98589	0.0699058	-0.0871438	-19.0376	-51.2638
3.97852	1.13127	-0.20016	56.5634	-10.008	0.0697958	-0.087361	-19.0297	-51.3774
3.98897	1.13093	-0.200601	56.5463	-10.0301	0.0696856	-0.0875781	-19.0219	-51.4908
3.99941	1.13059	-0.201042	56.5293	-10.0521	0.0695751	-0.087795	-19.014	-51.6042
4.00985	1.13024	-0.201483	56.5121	-10.0741	0.0694643	-0.0880119	-19.0062	-51.7174
4.0203	1.1299	-0.201922	56.495	-10.0961	0.0693532	-0.0882287	-18.9983	-51.8305
4.03074	1.12956	-0.202361	56.4778	-10.1181	0.0692419	-0.0884454	-18.9904	-51.9434
4.04118	1.12921	-0.2028	56.4606	-10.14	0.0691302	-0.088662	-18.9826	-52.0563
4.05163	1.12887	-0.203238	56.4434	-10.1619	0.0690183	-0.0888785	-18.9747	-52.169
4.06207	1.12852	-0.203675	56.4261	-10.1837	0.0689062	-0.0890949	-18.9668	-52.2816
4.07251	1.12818	-0.204111	56.4088	-10.2056	0.0687937	-0.0893112	-18.9589	-52.394
4.08296	1.12783	-0.204547	56.3914	-10.2274	0.0686809	-0.0895273	-18.951	-52.5064
4.0934	1.12748	-0.204983	56.3741	-10.2491	0.0685679	-0.0897434	-18.943	-52.6186
4.10384	1.12713	-0.205417	56.3566	-10.2709	0.0684546	-0.0899594	-18.9351	-52.7307
4.11429	1.12678	-0.205852	56.3392	-10.2926	0.068341	-0.0901753	-18.9272	-52.8427
4.12473	1.12643	-0.206285	56.3217	-10.3143	0.0682271	-0.0903911	-18.9193	-52.9545
4.13518	1.12608	-0.206718	56.3042	-10.3359	0.068113	-0.0906068	-18.9113	-53.0663
4.14562	1.12573	-0.20715	56.2866	-10.3575	0.0679985	-0.0908224	-18.9034	-53.1779
4.15606	1.12538	-0.207582	56.2691	-10.3791	0.0678838	-0.0910379	-18.8954	-53.2894
4.16651	1.12503	-0.208013	56.2514	-10.4006	0.0677688	-0.0912533	-18.8874	-53.4008
4.17695	1.12468	-0.208443	56.2338	-10.4222	0.0676536	-0.0914686	-18.8795	-53.512
4.18739	1.12432	-0.208873	56.2161	-10.4436	0.067538	-0.0916838	-18.8715	-53.6231
4.19784	1.12397	-0.209302	56.1984	-10.4651	0.0674222	-0.0918989	-18.8635	-53.7341
4.20828	1.12361	-0.20973	56.1806	-10.4865	0.0673061	-0.0921139	-18.8555	-53.845
4.21872	1.12326	-0.210158	56.1629	-10.5079	0.0671897	-0.0923288	-18.8475	-53.9558
4.22917	1.1229	-0.210586	56.1451	-10.5293	0.067073	-0.0925436	-18.8395	-54.0664
4.23961	1.12254	-0.211012	56.1272	-10.5506	0.0669561	-0.0927583	-18.8315	-54.177
4.25005	1.12219	-0.211438	56.1093	-10.5719	0.0668389	-0.0929729	-18.8235	-54.2874
4.2605	1.12183	-0.211863	56.0914	-10.5932	0.0667214	-0.0931874	-18.8155	-54.3977
4.27094	1.12147	-0.212288	56.0735	-10.6144	0.0666036	-0.0934017	-18.8075	-54.5078
4.28138	1.12111	-0.212712	56.0555	-10.6356	0.0664855	-0.093616	-18.7994	-54.6179
4.29183	1.12075	-0.213136	56.0375	-10.6568	0.0663672	-0.0938302	-18.7914	-54.7278
4.30227	1.12039	-0.213558	56.0194	-10.6779	0.0662485	-0.0940443	-18.7834	-54.8376
4.31271	1.12003	-0.21398	56.0014	-10.699	0.0661296	-0.0942582	-18.7753	-54.9473
4.32316	1.11967	-0.214402	55.9833	-10.7201	0.0660105	-0.0944721	-18.7672	-55.0569
4.3336	1.1193	-0.214823	55.9651	-10.7411	0.065891	-0.0946859	-18.7592	-55.1663
4.34404	1.11894	-0.215243	55.9469	-10.7622	0.0657713	-0.0948995	-18.7511	-55.2756
4.35449	1.11857	-0.215663	55.9287	-10.7831	0.0656513	-0.0951131	-18.743	-55.3848
4.36493	1.11821	-0.216082	55.9105	-10.8041	0.065531	-0.0953265	-18.735	-55.4939
4.37538	1.11784	-0.2165	55.8922	-10.825	0.0654104	-0.0955398	-18.7269	-55.6029
4.38582	1.11748	-0.216918	55.8739	-10.8459	0.0652896	-0.0957531	-18.7188	-55.7117
4.39626	1.11711	-0.217335	55.8556	-10.8667	0.0651684	-0.0959662	-18.7107	-55.8205
4.40671	1.11674	-0.217751	55.8372	-10.8875	0.065047	-0.0961792	-18.7026	-55.9291
4.41715	1.11638	-0.218167	55.8188	-10.9083	0.0649253	-0.0963921	-18.6945	-56.0376
4.42759	1.11601	-0.218582	55.8004	-10.9291	0.0648034	-0.0966049	-18.6864	-56.146
4.43804	1.11564	-0.218996	55.782	-10.9498	0.0646811	-0.0968176	-18.6783	-56.2542
4.44848	1.11527	-0.21941	55.7635	-10.9705	0.0645586	-0.0970302	-18.6701	-56.3624
4.45892	1.1149	-0.219823	55.745	-10.9912	0.0644358	-0.0972427	-18.662	-56.4704
4.46937	1.11453	-0.220235	55.7264	-11.0118	0.0643127	-0.0974551	-18.6539	-56.5783
4.47981	1.11416	-0.220647	55.7078	-11.0324	0.0641894	-0.0976674	-18.6457	-56.6861
4.49025	1.11378	-0.221058	55.6892	-11.0529	0.0640658	-0.0978795	-18.6376	-56.7938
4.5007	1.11341	-0.221469	55.6706	-11.0734	0.0639419	-0.0980916	-18.6295	-56.9013
4.51114	1.11304	-0.221879	55.6519	-11.0939	0.0638177	-0.0983035	-18.6213	-57.0088
4.52158	1.11266	-0.222288	55.6332	-11.1144	0.0636932	-0.0985154	-18.6132	-57.1161
4.53203	1.11229	-0.222697	55.6144	-11.1348	0.0635685	-0.0987271	-18.605	-57.2233
4.54247	1.11191	-0.223104	55.5957	-11.1552	0.0634435	-0.0989387	-18.5968	-57.3304
4.55291	1.11154	-0.223512	55.5769	-11.1756	0.0633182	-0.0991502	-18.5887	-57.4374
4.56336	1.11116	-0.223918	55.558	-11.1959	0.0631926	-0.0993616	-18.5805	-57.5442
4.5738	1.11078	-0.224324	55.5392	-11.2162	0.0630668	-0.0995729	-18.5723	-57.6509
4.58424	1.11041	-0.224729	55.5203	-11.2365	0.0629406	-0.0997841	-18.5641	-57.7576
4.59469	1.11003	-0.225134	55.5014	-11.2567	0.0628142	-0.0999951	-18.5559	-57.8641
4.60513	1.10965	-0.225538	55.4824	-11.2769	0.0626876	-0.100206	-18.5477	-57.9705
4.61558	1.10927	-0.225941	55.4634	-11.2971	0.0625606	-0.100417	-18.5395	-58.0767
4.62602	1.10889	-0.226344	55.4444	-11.3172	0.0624334	-0.100628	-18.5313	-58.1829
4.63646	1.10851	-0.226746	55.4254	-11.3373	0.0623059	-0.100838	-18.5231	-58.2889
4.64691	1.10813	-0.227147	55.4063	-11.3574	0.0621781	-0.101049	-18.5149	-58.3949
4.65735	1.10774	-0.227548	55.3872	-11.3774	0.06205	-0.101259	-18.5067	-58.5007
4.66779	1.10736	-0.227948	55.3681	-11.3974	0.0619217	-0.101469	-18.4985	-58.6064
4.67824	1.10698	-0.228347	55.3489	-11.4174	0.0617931	-0.10168	-18.4902	-58.712
4.68868	1.10659	-0.228746	55.3297	-11.4373	0.0616642	-0.10189	-18.482	-58.8175
4.69912	1.10621	-0.229144	55.3105	-11.4572	0.061535	-0.1021	-18.4738	-58.9228
4.70957	1.10583	-0.229541	55.2913	-11.477	0.0614056	-0.102309	-18.4655	-59.0281
4.72001	1.10544	-0.229938	55.272	-11.4969	0.0612759	-0.102519	-18.4573	-59.1332
4.73045	1.10505	-0.230334	55.2527	-11.5167	0.0611459	-0.102729	-18.4491	-59.2382
4.7409	1.10467	-0.230729	55.2333	-11.5364	0.0610156	-0.102938	-18.4408	-59.3431
4.75134	1.10428	-0.231123	55.214	-11.5562	0.0608851	-0.103148	-18.4326	-59.4479
4.76178	1.10389	-0.231517	55.1946	-11.5759	0.0607542	-0.103357	-18.4243	-59.5526
4.77223	1.1035	-0.231911	55.1751	-11.5955	0.0606231	-0.103566	-18.416	-59.6571
4.78267	1.10311	-0.232303	55.1557	-11.6152	0.0604918	-0.103775	-18.4078	-59.7616
4.79311	1.10272	-0.232695	55.1362	-11.6348	0.0603601	-0.103984	-18.3995	-59.8659
4.80356	1.10233	-0.233086	55.1167	-11.6543	0.0602282	-0.104193	-18.3912	-59.9701
4.814	1.10194	-0.233477	55.0972	-11.6738	0.060096	-0.104401	-18.383	-60.0742
4.82444	1.10155	-0.233867	55.0776	-11.6933	0.0599635	-0.10461	-18.3747	-60.1782
4.83489	1.10116	-0.234256	55.058	-11.7128	0.0598308	-0.104818	-18.3664	-60.2821
4.84533	1.10077	-0.234645	55.0384	-11.7322	0.0596978	-0.105027	-18.3581	-60.3859
4.85578	1.10037	-0.235032	55.0187	-11.7516	0.0595645	-0.105235	-18.3498	-60.4895
4.86622	1.09998	-0.23542	54.999	-11.771	0.0594309	-0.105443	-18.3415	-60.5931
4.87666	1.09959	-0.235806	54.9793	-11.7903	0.0592971	-0.105651	-18.3332	-60.6965
4.88711	1.09919	-0.236192	54.9596	-11.8096	0.0591629	-0.105859	-18.3249	-60.7998
4.89755	1.0988	-0.236577	54.9398	-11.8289	0.0590285	-0.106067	-18.3166	-60.9031
4.90799	1.0984	-0.236962	54.92	-11.8481	0.0588939	-0.106274	-18.3083	-61.0062
4.91844	1.098	-0.237345	54.9002	-11.8673	0.0587589	-0.106482	-18.3	-61.1092
4.92888	1.09761	-0.237728	54.8803	-11.8864	0.0586237	-0.106689	-18.2917	-61.212
4.93932	1.09721	-0.238111	54.8604	-11.9055	0.0584882	-0.106896	-18.2834	-61.3148
4.94977	1.09681	-0.238493	54.8405	-11.9246	0.0583524	-0.107104	-18.2751	-61.4175
4.96021	1.09641	-0.238874	54.8206	-11.9437	0.0582164	-0.107311	-18.2668	-61.52
4.97065	1.09601	-0.239254	54.8006	-11.9627	0.0580801	-0.107518	-18.2584	-61.6225
4.9811	1.09561	-0.239634	54.7806	-11.9817	0.0579435	-0.107724	-18.2501	-61.7248
4.99154	1.09521	-0.240013	54.7606	-12.0006	0.0578066	-0.107931	-18.2418	-61.827
5.00198	1.09481	-0.240391	54.7406	-12.0196	0.0576695	-0.108138	-18.2334	-61.9291
5.01243	1.09441	-0.240769	54.7205	-12.0384	0.0575321	-0.108344	-18.2251	-62.0311
5.02287	1.09401	-0.241146	54.7004	-12.0573	0.0573944	-0.10855	-18.2168	-62.133
5.03331	1.09361	-0.241522	54.6803	-12.0761	0.0572565	-0.108756	-18.2084	-62.2348
5.04376	1.0932	-0.241897	54.6601	-12.0949	0.0571182	-0.108963	-18.2001	-62.3364
5.0542	1.0928	-0.242272	54.6399	-12.1136	0.0569797	-0.109168	-18.1917	-62.438
5.06464	1.09239	-0.242646	54.6197	-12.1323	0.0568409	-0.109374	-18.1834	-62.5395
5.07509	1.09199	-0.24302	54.5995	-12.151	0.0567019	-0.10958	-18.175	-62.6408
5.08553	1.09158	-0.243393	54.5792	-12.1696	0.0565626	-0.109786	-18.1667	-62.742
5.09598	1.09118	-0.243765	54.5589	-12.1882	0.056423	-0.109991	-18.1583	-62.8432
5.10642	1.09077	-0.244136	54.5386	-12.2068	0.0562831	-0.110196	-18.15	-62.9442
5.11686	1.09037	-0.244507	54.5183	-12.2253	0.056143	-0.110402	-18.1416	-63.0451
5.12731	1.08996	-0.244877	54.4979	-12.2438	0.0560026	-0.110607	-18.1332	-63.1459
5.13775	1.08955	-0.245246	54.4775	-12.2623	0.0558619	-0.110812	-18.1249	-63.2466
5.14819	1.08914	-0.245615	54.4571	-12.2807	0.0557209	-0.111016	-18.1165	-63.3472
5.15864	1.08873	-0.245983	54.4366	-12.2991	0.0555797	-0.111221	-18.1081	-63.4477
5.16908	1.08832	-0.24635	54.4162	-12.3175	0.0554382	-0.111426	-18.0997	-63.5481
5.17952	1.08791	-0.246717	54.3957	-12.3358	0.0552964	-0.11163	-18.0914	-63.6483
5.18997	1.0875	-0.247083	54.3751	-12.3541	0.0551544	-0.111835	-18.083	-63.7485
5.20041	1.08709	-0.247448	54.3546	-12.3724	0.055012	-0.112039	-18.0746	-63.8485
5.21085	1.08668	-0.247812	54.334	-12.3906	0.0548694	-0.112243	-18.0662	-63.9485
5.2213	1.08627	-0.248176	54.3134	-12.4088	0.0547266	-0.112447	-18.0578	-64.0483
5.23174	1.08586	-0.248539	54.2928	-12.4269	0.0545834	-0.112651	-18.0494	-64.1481
5.24218	1.08544	-0.248901	54.2721	-12.4451	0.05444	-0.112854	-18.0411	-64.2477
5.25263	1.08503	-0.249263	54.2514	-12.4631	0.0542963	-0.113058	-18.0327	-64.3472
5.26307	1.08461	-0.249624	54.2307	-12.4812	0.0541524	-0.113261	-18.0243	-64.4467
5.27351	1.0842	-0.249984	54.21	-12.4992	0.0540082	-0.113465	-18.0159	-64.546
5.28396	1.08378	-0.250344	54.1892	-12.5172	0.0538637	-0.113668	-18.0075	-64.6452
5.2944	1.08337	-0.250703	54.1684	-12.5351	0.0537189	-0.113871	-17.9991	-64.7443
5.30484	1.08295	-0.251061	54.1476	-12.553	0.0535739	-0.114074	-17.9907	-64.8433
5.31529	1.08254	-0.251418	54.1268	-12.5709	0.0534286	-0.114277	-17.9823	-64.9422
5.32573	1.08212	-0.251775	54.1059	-12.5887	0.053283	-0.114479	-17.9739	-65.041
5.33618	1.0817	-0.252131	54.085	-12.6065	0.0531371	-0.114682	-17.9655	-65.1397
5.34662	1.08128	-0.252486	54.0641	-12.6243	0.052991	-0.114884	-17.957	-65.2382
5.35706	1.08086	-0.252841	54.0432	-12.642	0.0528446	-0.115087	-17.9486	-65.3367
5.36751	1.08044	-0.253195	54.0222	-12.6597	0.052698	-0.115289	-17.9402	-65.4351
5.37795	1.08002	-0.253548	54.0012	-12.6774	0.052551	-0.115491	-17.9318	-65.5334
5.38839	1.0796	-0.253901	53.9802	-12.695	0.0524038	-0.115693	-17.9234	-65.6315
5.39884	1.07918	-0.254252	53.9592	-12.7126	0.0522564	-0.115895	-17.915	-65.7296
5.40928	1.07876	-0.254603	53.9381	-12.7302	0.0521086	-0.116096	-17.9066	-65.8275
5.41972	1.07834	-0.254954	53.9171	-12.7477	0.0519606	-0.116298	-17.8981	-65.9254
5.43017	1.07792	-0.255304	53.896	-12.7652	0.0518123	-0.116499	-17.8897	-66.0232
5.44061	1.0775	-0.255653	53.8748	-12.7826	0.0516638	-0.1167	-17.8813	-66.1208
5.45105	1.07707	-0.256001	53.8537	-12.8	0.0515149	-0.116901	-17.8729	-66.2184
5.4615	1.07665	-0.256348	53.8325	-12.8174	0.0513658	-0.117102	-17.8644	-66.3158
5.47194	1.07623	-0.256695	53.8113	-12.8348	0.0512165	-0.117303	-17.856	-66.4132
5.48238	1.0758	-0.257041	53.7901	-12.8521	0.0510668	-0.117504	-17.8476	-66.5104
5.49283	1.07538	-0.257387	53.7688	-12.8693	0.0509169	-0.117705	-17.8392	-66.6075
5.50327	1.07495	-0.257731	53.7475	-12.8866	0.0507668	-0.117905	-17.8307	-66.7046
5.51371	1.07452	-0.258075	53.7262	-12.9038	0.0506163	-0.118105	-17.8223	-66.8015
5.52416	1.0741	-0.258419	53.7049	-12.9209	0.0504656	-0.118306	-17.8139	-66.8984
5.5346	1.07367	-0.258761	53.6836	-12.9381	0.0503146	-0.118506	-17.8054	-66.9951
5.54505	1.07324	-0.259103	53.6622	-12.9552	0.0501634	-0.118706	-17.797	-67.0917
5.55549	1.07282	-0.259444	53.6408	-12.9722	0.0500119	-0.118905	-17.7885	-67.1883
5.56593	1.07239	-0.259785	53.6194	-12.9892	0.0498601	-0.119105	-17.7801	-67.2847
5.57638	1.07196	-0.260125	53.5979	-13.0062	0.049708	-0.119305	-17.7717	-67.381
5.58682	1.07153	-0.260464	53.5765	-13.0232	0.0495557	-0.119504	-17.7632	-67.4773
5.59726	1.0711	-0.260802	53.555	-13.0401	0.0494031	-0.119703	-17.7548	-67.5734
5.60771	1.07067	-0.261139	53.5335	-13.057	0.0492502	-0.119902	-17.7463	-67.6695
5.61815	1.07024	-0.261476	53.512	-13.0738	0.0490971	-0.120101	-17.7379	-67.7654
5.62859	1.06981	-0.261812	53.4904	-13.0906	0.0489437	-0.1203	-17.7295	-67.8612
5.63904	1.06938	-0.262148	53.4688	-13.1074	0.04879	-0.120499	-17.721	-67.957
5.64948	1.06894	-0.262483	53.4472	-13.1241	0.0486361	-0.120698	-17.7126	-68.0526
5.65992	1.06851	-0.262817	53.4256	-13.1408	0.0484819	-0.120896	-17.7041	-68.1481
5.67037	1.06808	-0.26315	53.404	-13.1575	0.0483274	-0.121094	-17.6957	-68.2436
5.68081	1.06765	-0.263482	53.3823	-13.1741	0.0481727	-0.121292	-17.6872	-68.3389
5.69125	1.06721	-0.263814	53.3606	-13.1907	0.0480177	-0.12149	-17.6788	-68.4342
5.7017	1.06678	-0.264145	53.3389	-13.2073	0.0478624	-0.121688	-17.6703	-68.5293
5.71214	1.06634	-0.264476	53.3171	-13.2238	0.0477069	-0.121886	-17.6619	-68.6244
5.72258	1.06591	-0.264805	53.2954	-13.2403	0.0475511	-0.122084	-17.6534	-68.7193
5.73303	1.06547	-0.265134	53.2736	-13.2567	0.047395	-0.122281	-17.645	-68.8142
5.74347	1.06504	-0.265463	53.2518	-13.2731	0.0472386	-0.122479	-17.6365	-68.9089
5.75391	1.0646	-0.26579	53.23	-13.2895	0.047082	-0.122676	-17.6281	-69.0036
5.76436	1.06416	-0.266117	53.2081	-13.3059	0.0469251	-0.122873	-17.6196	-69.0981
5.7748	1.06373	-0.266443	53.1863	-13.3222	0.046768	-0.12307	-17.6112	-69.1926
5.78525	1.06329	-0.266768	53.1644	-13.3384	0.0466106	-0.123267	-17.6027	-69.287
5.79569	1.06285	-0.267093	53.1425	-13.3547	0.0464529	-0.123463	-17.5943	-69.3812
5.80613	1.06241	-0.267417	53.1205	-13.3709	0.046295	-0.12366	-17.5858	-69.4754
5.81658	1.06197	-0.26774	53.0986	-13.387	0.0461367	-0.123856	-17.5773	-69.5695
5.82702	1.06153	-0.268063	53.0766	-13.4031	0.0459783	-0.124052	-17.5689	-69.6635
5.83746	1.06109	-0.268384	53.0546	-13.4192	0.0458195	-0.124248	-17.5604	-69.7574
5.84791	1.06065	-0.268705	53.0326	-13.4353	0.0456605	-0.124444	-17.552	-69.8511
5.85835	1.06021	-0.269026	53.0105	-13.4513	0.0455012	-0.12464	-17.5435	-69.9448
5.86879	1.05977	-0.269345	52.9885	-13.4673	0.0453417	-0.124836	-17.5351	-70.0384
5.87924	1.05933	-0.269664	52.9664	-13.4832	0.0451819	-0.125031	-17.5266	-70.1319
5.88968	1.05889	-0.269982	52.9443	-13.4991	0.0450218	-0.125227	-17.5181	-70.2253
5.90012	1.05844	-0.2703	52.9222	-13.515	0.0448614	-0.125422	-17.5097	-70.3187
5.91057	1.058	-0.270616	52.9	-13.5308	0.0447008	-0.125617	-17.5012	-70.4119
5.92101	1.05756	-0.270932	52.8778	-13.5466	0.04454	-0.125812	-17.4928	-70.505
5.93145	1.05711	-0.271248	52.8557	-13.5624	0.0443788	-0.126007	-17.4843	-70.598
5.9419	1.05667	-0.271562	52.8335	-13.5781	0.0442174	-0.126201	-17.4758	-70.691
5.95234	1.05622	-0.271876	52.8112	-13.5938	0.0440558	-0.126396	-17.4674	-70.7838
5.96278	1.05578	-0.272189	52.789	-13.6095	0.0438938	-0.12659	-17.4589	-70.8766
5.97323	1.05533	-0.272501	52.7667	-13.6251	0.0437316	-0.126784	-17.4505	-70.9692
5.98367	1.05489	-0.272813	52.7444	-13.6407	0.0435692	-0.126979	-17.442	-71.0618
5.99411	1.05444	-0.273124	52.7221	-13.6562	0.0434064	-0.127173	-17.4336	-71.1542
6.00456	1.054	-0.273434	52.6998	-13.6717	0.0432434	-0.127366	-17.4251	-71.2466
6.015	1.05355	-0.273743	52.6774	-13.6872	0.0430802	-0.12756	-17.4166	-71.3389
6.02545	1.0531	-0.274052	52.6551	-13.7026	0.0429166	-0.127753	-17.4082	-71.4311
6.03589	1.05265	-0.27436	52.6327	-13.718	0.0427529	-0.127947	-17.3997	-71.5232
6.04633	1.05221	-0.274667	52.6103	-13.7334	0.0425888	-0.12814	-17.3913	-71.6152
6.05678	1.05176	-0.274974	52.5878	-13.7487	0.0424245	-0.128333	-17.3828	-71.7071
6.06722	1.05131	-0.27528	52.5654	-13.764	0.0422599	-0.128526	-17.3743	-71.7989
6.07766	1.05086	-0.275585	52.5429	-13.7792	0.0420951	-0.128719	-17.3659	-71.8906
6.08811	1.05041	-0.275889	52.5204	-13.7945	0.04193	-0.128911	-17.3574	-71.9823
6.09855	1.04996	-0.276193	52.4979	-13.8096	0.0417646	-0.129104	-17.349	-72.0738
6.10899	1.04951	-0.276496	52.4754	-13.8248	0.0415989	-0.129296	-17.3405	-72.1653
6.11944	1.04906	-0.276798	52.4528	-13.8399	0.041433	-0.129488	-17.3321	-72.2566
6.12988	1.04861	-0.277099	52.4303	-13.855	0.0412669	-0.12968	-17.3236	-72.3479
6.14032	1.04815	-0.2774	52.4077	-13.87	0.0411005	-0.129872	-17.3151	-72.4391
6.15077	1.0477	-0.2777	52.3851	-13.885	0.0409338	-0.130064	-17.3067	-72.5302
6.16121	1.04725	-0.277999	52.3624	-13.8999	0.0407668	-0.130256	-17.2982	-72.6212
6.17165	1.0468	-0.278297	52.3398	-13.9149	0.0405996	-0.130447	-17.2898	-72.7121
6.1821	1.04634	-0.278595	52.3171	-13.9298	0.0404321	-0.130638	-17.2813	-72.8029
6.19254	1.04589	-0.278892	52.2945	-13.9446	0.0402644	-0.13083	-17.2729	-72.8936
6.20298	1.04544	-0.279189	52.2718	-13.9594	0.0400964	-0.131021	-17.2644	-72.9843
6.21343	1.04498	-0.279484	52.249	-13.9742	0.0399281	-0.131211	-17.256	-73.0748
6.22387	1.04453	-0.279779	52.2263	-13.9889	0.0397596	-0.131402	-17.2475	-73.1653
6.23431	1.04407	-0.280073	52.2035	-14.0037	0.0395908	-0.131593	-17.239	-73.2556
6.24476	1.04362	-0.280366	52.1808	-14.0183	0.0394217	-0.131783	-17.2306	-73.3459
6.2552	1.04316	-0.280659	52.158	-14.033	0.0392524	-0.131973	-17.2221	-73.4361
6.26565	1.0427	-0.280951	52.1352	-14.0476	0.0390828	-0.132163	-17.2137	-73.5262
6.27609	1.04225	-0.281242	52.1123	-14.0621	0.038913	-0.132353	-17.2052	-73.6162
6.28653	1.04179	-0.281533	52.0895	-14.0766	0.0387429	-0.132543	-17.1968	-73.7062
6.29698	1.04133	-0.281822	52.0666	-14.0911	0.0385725	-0.132733	-17.1883	-73.796
6.30742	1.04087	-0.282111	52.0437	-14.1056	0.0384019	-0.132922	-17.1799	-73.8857
6.31786	1.04042	-0.2824	52.0208	-14.12	0.038231	-0.133112	-17.1714	-73.9754
6.32831	1.03996	-0.282687	51.9979	-14.1344	0.0380599	-0.133301	-17.163	-74.065
6.33875	1.0395	-0.282974	51.975	-14.1487	0.0378884	-0.13349	-17.1545	-74.1545
6.34919	1.03904	-0.28326	51.952	-14.163	0.0377168	-0.133679	-17.1461	-74.2439
6.35964	1.03858	-0.283545	51.929	-14.1773	0.0375448	-0.133867	-17.1377	-74.3332
6.37008	1.03812	-0.28383	51.906	-14.1915	0.0373726	-0.134056	-17.1292	-74.4224
6.38052	1.03766	-0.284114	51.883	-14.2057	0.0372002	-0.134244	-17.1208	-74.5115
6.39097	1.0372	-0.284397	51.86	-14.2198	0.0370275	-0.134433	-17.1123	-74.6006
6.40141	1.03674	-0.284679	51.837	-14.234	0.0368545	-0.134621	-17.1039	-74.6895
6.41185	1.03628	-0.284961	51.8139	-14.248	0.0366813	-0.134809	-17.0954	-74.7784
6.4223	1.03582	-0.285242	51.7908	-14.2621	0.0365078	-0.134997	-17.087	-74.8672
6.43274	1.03535	-0.285522	51.7677	-14.2761	0.036334	-0.135184	-17.0786	-74.9559
6.44318	1.03489	-0.285801	51.7446	-14.2901	0.03616	-0.135372	-17.0701	-75.0445
6.45363	1.03443	-0.28608	51.7215	-14.304	0.0359857	-0.135559	-17.0617	-75.1331
6.46407	1.03397	-0.286358	51.6983	-14.3179	0.0358112	-0.135746	-17.0532	-75.2215
6.47451	1.0335	-0.286635	51.6752	-14.3318	0.0356364	-0.135933	-17.0448	-75.3099
6.48496	1.03304	-0.286912	51.652	-14.3456	0.0354613	-0.13612	-17.0364	-75.3982
6.4954	1.03258	-0.287188	51.6288	-14.3594	0.035286	-0.136307	-17.0279	-75.4863
6.50585	1.03211	-0.287463	51.6056	-14.3731	0.0351104	-0.136493	-17.0195	-75.5745
6.51629	1.03165	-0.287737	51.5823	-14.3868	0.0349346	-0.13668	-17.0111	-75.6625
6.52673	1.03118	-0.288011	51.5591	-14.4005	0.0347585	-0.136866	-17.0026	-75.7504
6.53718	1.03072	-0.288283	51.5358	-14.4142	0.0345821	-0.137052	-16.9942	-75.8383
6.54762	1.03025	-0.288556	51.5126	-14.4278	0.0344055	-0.137238	-16.9858	-75.926
6.55806	1.02979	-0.288827	51.4893	-14.4413	0.0342286	-0.137424	-16.9774	-76.0137
6.56851	1.02932	-0.289098	51.4659	-14.4549	0.0340515	-0.137609	-16.9689	-76.1013
6.57895	1.02885	-0.289367	51.4426	-14.4684	0.0338741	-0.137795	-16.9605	-76.1888
6.58939	1.02839	-0.289637	51.4193	-14.4818	0.0336965	-0.13798	-16.9521	-76.2763
6.59984	1.02792	-0.289905	51.3959	-14.4952	0.0335186	-0.138165	-16.9437	-76.3636
6.61028	1.02745	-0.290173	51.3725	-14.5086	0.0333404	-0.13835	-16.9352	-76.4509
6.62072	1.02698	-0.29044	51.3491	-14.522	0.033162	-0.138535	-16.9268	-76.5381
6.63117	1.02651	-0.290706	51.3257	-14.5353	0.0329833	-0.13872	-16.9184	-76.6252
6.64161	1.02605	-0.290971	51.3023	-14.5486	0.0328043	-0.138904	-16.91	-76.7122
6.65205	1.02558	-0.291236	51.2789	-14.5618	0.0326251	-0.139089	-16.9016	-76.7991
6.6625	1.02511	-0.2915	51.2554	-14.575	0.0324457	-0.139273	-16.8932	-76.886
6.67294	1.02464	-0.291763	51.2319	-14.5882	0.032266	-0.139457	-16.8847	-76.9728
6.68338	1.02417	-0.292026	51.2084	-14.6013	0.032086	-0.139641	-16.8763	-77.0594
6.69383	1.0237	-0.292288	51.1849	-14.6144	0.0319058	-0.139824	-16.8679	-77.146
6.70427	1.02323	-0.292549	51.1614	-14.6274	0.0317253	-0.140008	-16.8595	-77.2326
6.71471	1.02276	-0.292809	51.1379	-14.6405	0.0315445	-0.140191	-16.8511	-77.319
6.72516	1.02229	-0.293069	51.1143	-14.6534	0.0313635	-0.140374	-16.8427	-77.4054
6.7356	1.02182	-0.293328	51.0908	-14.6664	0.0311823	-0.140557	-16.8343	-77.4917
6.74605	1.02134	-0.293586	51.0672	-14.6793	0.0310008	-0.14074	-16.8259	-77.5779
6.75649	1.02087	-0.293843	51.0436	-14.6922	0.030819	-0.140923	-16.8175	-77.664
6.76693	1.0204	-0.2941	51.02	-14.705	0.030637	-0.141105	-16.8091	-77.75
6.77738	1.01993	-0.294356	50.9964	-14.7178	0.0304547	-0.141288	-16.8007	-77.836
6.78782	1.01945	-0.294611	50.9727	-14.7305	0.0302721	-0.14147	-16.7923	-77.9219
6.79826	1.01898	-0.294865	50.9491	-14.7433	0.0300893	-0.141652	-16.7839	-78.0076
6.80871	1.01851	-0.295119	50.9254	-14.756	0.0299063	-0.141834	-16.7755	-78.0934
6.81915	1.01803	-0.295372	50.9017	-14.7686	0.029723	-0.142016	-16.7671	-78.179
6.82959	1.01756	-0.295624	50.878	-14.7812	0.0295394	-0.142197	-16.7587	-78.2646
6.84004	1.01709	-0.295876	50.8543	-14.7938	0.0293556	-0.142379	-16.7503	-78.35
6.85048	1.01661	-0.296127	50.8306	-14.8063	0.0291715	-0.14256	-16.7419	-78.4354
6.86092	1.01614	-0.296377	50.8068	-14.8188	0.0289872	-0.142741	-16.7335	-78.5207
6.87137	1.01566	-0.296626	50.7831	-14.8313	0.0288026	-0.142922	-16.7251	-78.606
6.88181	1.01519	-0.296875	50.7593	-14.8437	0.0286177	-0.143103	-16.7167	-78.6911
6.89225	1.01471	-0.297122	50.7355	-14.8561	0.0284326	-0.143283	-16.7084	-78.7762
6.9027	1.01423	-0.297369	50.7117	-14.8685	0.0282473	-0.143464	-16.7	-78.8612
6.91314	1.01376	-0.297616	50.6879	-14.8808	0.0280617	-0.143644	-16.6916	-78.9461
6.92358	1.01328	-0.297861	50.6641	-14.8931	0.0278758	-0.143824	-16.6832	-79.031
6.93403	1.01281	-0.298106	50.6403	-14.9053	0.0276897	-0.144004	-16.6748	-79.1158
6.94447	1.01233	-0.298351	50.6164	-14.9175	0.0275033	-0.144184	-16.6665	-79.2004
6.95491	1.01185	-0.298594	50.5926	-14.9297	0.0273167	-0.144363	-16.6581	-79.2851
6.96536	1.01137	-0.298837	50.5687	-14.9418	0.0271298	-0.144543	-16.6497	-79.3696
6.9758	1.0109	-0.299079	50.5448	-14.9539	0.0269427	-0.144722	-16.6413	-79.454
6.98625	1.01042	-0.29932	50.5209	-14.966	0.0267553	-0.144901	-16.633	-79.5384
6.99669	1.00994	-0.29956	50.497	-14.978	0.0265677	-0.14508	-16.6246	-79.6227
7.00713	1.00946	-0.2998	50.473	-14.99	0.0263798	-0.145259	-16.6162	-79.7069
7.01758	1.00898	-0.300039	50.4491	-15.002	0.0261916	-0.145437	-16.6079	-79.7911
7.02802	1.0085	-0.300277	50.4251	-15.0139	0.0260032	-0.145616	-16.5995	-79.8752
7.03846	1.00802	-0.300515	50.4011	-15.0257	0.0258145	-0.145794	-16.5912	-79.9592
7.04891	1.00754	-0.300752	50.3772	-15.0376	0.0256256	-0.145972	-16.5828	-80.0431
7.05935	1.00706	-0.300988	50.3532	-15.0494	0.0254365	-0.14615	-16.5744	-80.1269
7.06979	1.00658	-0.301223	50.3292	-15.0612	0.0252471	-0.146327	-16.5661	-80.2107
7.08024	1.0061	-0.301458	50.3051	-15.0729	0.0250574	-0.146505	-16.5577	-80.2944
7.09068	1.00562	-0.301692	50.2811	-15.0846	0.0248675	-0.146682	-16.5494	-80.378
7.10112	1.00514	-0.301925	50.257	-15.0962	0.0246773	-0.14686	-16.541	-80.4615
7.11157	1.00466	-0.302157	50.233	-15.1079	0.0244869	-0.147037	-16.5327	-80.545
7.12201	1.00418	-0.302389	50.2089	-15.1194	0.0242962	-0.147213	-16.5243	-80.6284
7.13245	1.0037	-0.30262	50.1848	-15.131	0.0241052	-0.14739	-16.516	-80.7117
7.1429	1.00321	-0.30285	50.1607	-15.1425	0.0239141	-0.147567	-16.5077	-80.7949
7.15334	1.00273	-0.303079	50.1366	-15.154	0.0237226	-0.147743	-16.4993	-80.8781
7.16378	1.00225	-0.303308	50.1125	-15.1654	0.0235309	-0.147919	-16.491	-80.9611
7.17423	1.00177	-0.303536	50.0883	-15.1768	0.023339	-0.148095	-16.4826	-81.0442
7.18467	1.00128	-0.303763	50.0642	-15.1882	0.0231468	-0.148271	-16.4743	-81.1271
7.19512	1.0008	-0.30399	50.04	-15.1995	0.0229543	-0.148447	-16.466	-81.21
7.20556	1.00032	-0.304216	50.0159	-15.2108	0.0227617	-0.148622	-16.4576	-81.2927
7.216	0.999834	-0.304441	49.9917	-15.222	0.0225687	-0.148797	-16.4493	-81.3755
7.22645	0.99935	-0.304665	49.9675	-15.2333	0.0223755	-0.148973	-16.441	-81.4581
7.23689	0.998866	-0.304889	49.9433	-15.2444	0.0221821	-0.149147	-16.4327	-81.5407
7.24733	0.998381	-0.305112	49.9191	-15.2556	0.0219884	-0.149322	-16.4243	-81.6231
7.25778	0.997897	-0.305334	49.8948	-15.2667	0.0217944	-0.149497	-16.416	-81.7056
7.26822	0.997412	-0.305555	49.8706	-15.2778	0.0216002	-0.149671	-16.4077	-81.7879
7.27866	0.996927	-0.305776	49.8463	-15.2888	0.0214058	-0.149846	-16.3994	-81.8702
7.28911	0.996441	-0.305996	49.8221	-15.2998	0.0212111	-0.15002	-16.3911	-81.9524
7.29955	0.995956	-0.306215	49.7978	-15.3108	0.0210161	-0.150194	-16.3828	-82.0345
7.30999	0.99547	-0.306434	49.7735	-15.3217	0.0208209	-0.150367	-16.3745	-82.1166
7.32044	0.994984	-0.306651	49.7492	-15.3326	0.0206254	-0.150541	-16.3661	-82.1985
7.33088	0.994498	-0.306868	49.7249	-15.3434	0.0204297	-0.150714	-16.3578	-82.2804
7.34132	0.994011	-0.307085	49.7006	-15.3542	0.0202338	-0.150887	-16.3495	-82.3623
7.35177	0.993525	-0.3073	49.6762	-15.365	0.0200376	-0.15106	-16.3412	-82.444
7.36221	0.993038	-0.307515	49.6519	-15.3758	0.0198411	-0.151233	-16.3329	-82.5257
7.37265	0.992551	-0.307729	49.6275	-15.3865	0.0196444	-0.151406	-16.3246	-82.6074
7.3831	0.992063	-0.307943	49.6032	-15.3971	0.0194475	-0.151578	-16.3163	-82.6889
7.39354	0.991576	-0.308155	49.5788	-15.4078	0.0192503	-0.151751	-16.3081	-82.7704
7.40398	0.991088	-0.308367	49.5544	-15.4184	0.0190528	-0.151923	-16.2998	-82.8518
7.41443	0.9906	-0.308578	49.53	-15.4289	0.0188551	-0.152095	-16.2915	-82.9331
7.42487	0.990112	-0.308789	49.5056	-15.4394	0.0186572	-0.152267	-16.2832	-83.0144
7.43532	0.989623	-0.308998	49.4812	-15.4499	0.018459	-0.152438	-16.2749	-83.0956
7.44576	0.989135	-0.309207	49.4567	-15.4604	0.0182606	-0.15261	-16.2666	-83.1767
7.4562	0.988646	-0.309416	49.4323	-15.4708	0.0180619	-0.152781	-16.2583	-83.2577
7.46665	0.988157	-0.309623	49.4078	-15.4812	0.0178629	-0.152952	-16.2501	-83.3387
7.47709	0.987668	-0.30983	49.3834	-15.4915	0.0176638	-0.153123	-16.2418	-83.4196
7.48753	0.987178	-0.310036	49.3589	-15.5018	0.0174643	-0.153294	-16.2335	-83.5005
7.49798	0.986689	-0.310241	49.3344	-15.5121	0.0172646	-0.153464	-16.2252	-83.5812
7.50842	0.986199	-0.310446	49.3099	-15.5223	0.0170647	-0.153634	-16.217	-83.6619
7.51886	0.985709	-0.31065	49.2854	-15.5325	0.0168645	-0.153805	-16.2087	-83.7426
7.52931	0.985218	-0.310853	49.2609	-15.5427	0.0166641	-0.153975	-16.2004	-83.8231
7.53975	0.984728	-0.311056	49.2364	-15.5528	0.0164634	-0.154144	-16.1922	-83.9036
7.55019	0.984237	-0.311257	49.2119	-15.5629	0.0162625	-0.154314	-16.1839	-83.984
7.56064	0.983747	-0.311458	49.1873	-15.5729	0.0160614	-0.154483	-16.1757	-84.0644
7.57108	0.983256	-0.311659	49.1628	-15.5829	0.0158599	-0.154653	-16.1674	-84.1447
7.58152	0.982764	-0.311858	49.1382	-15.5929	0.0156583	-0.154822	-16.1592	-84.2249
7.59197	0.982273	-0.312057	49.1136	-15.6028	0.0154564	-0.154991	-16.1509	-84.305
7.60241	0.981781	-0.312255	49.0891	-15.6127	0.0152542	-0.155159	-16.1427	-84.3851
7.61285	0.98129	-0.312452	49.0645	-15.6226	0.0150518	-0.155328	-16.1344	-84.4651
7.6233	0.980798	-0.312649	49.0399	-15.6324	0.0148492	-0.155496	-16.1262	-84.545
7.63374	0.980305	-0.312845	49.0153	-15.6422	0.0146463	-0.155664	-16.1179	-84.6249
7.64418	0.979813	-0.31304	48.9907	-15.652	0.0144432	-0.155832	-16.1097	-84.7047
7.65463	0.979321	-0.313234	48.966	-15.6617	0.0142398	-0.156	-16.1015	-84.7845
7.66507	0.978828	-0.313428	48.9414	-15.6714	0.0140362	-0.156168	-16.0932	-84.8641
7.67552	0.978335	-0.313621	48.9167	-15.6811	0.0138323	-0.156335	-16.085	-84.9437
7.68596	0.977842	-0.313813	48.8921	-15.6907	0.0136282	-0.156502	-16.0768	-85.0233
7.6964	0.977349	-0.314005	48.8674	-15.7003	0.0134238	-0.156669	-16.0686	-85.1027
7.70685	0.976855	-0.314196	48.8428	-15.7098	0.0132192	-0.156836	-16.0603	-85.1821
7.71729	0.976362	-0.314386	48.8181	-15.7193	0.0130144	-0.157003	-16.0521	-85.2614
7.72773	0.975868	-0.314575	48.7934	-15.7288	0.0128093	-0.157169	-16.0439	-85.3407
7.73818	0.975374	-0.314764	48.7687	-15.7382	0.0126039	-0.157336	-16.0357	-85.4199
7.74862	0.97488	-0.314952	48.744	-15.7476	0.0123983	-0.157502	-16.0275	-85.499
7.75906	0.974385	-0.315139	48.7193	-15.757	0.0121925	-0.157668	-16.0193	-85.5781
7.76951	0.973891	-0.315326	48.6945	-15.7663	0.0119864	-0.157833	-16.011	-85.6571
7.77995	0.973396	-0.315511	48.6698	-15.7756	0.0117801	-0.157999	-16.0028	-85.736
7.79039	0.972902	-0.315696	48.6451	-15.7848	0.0115736	-0.158164	-15.9946	-85.8149
7.80084	0.972407	-0.315881	48.6203	-15.794	0.0113667	-0.15833	-15.9864	-85.8937
7.81128	0.971911	-0.316064	48.5956	-15.8032	0.0111597	-0.158495	-15.9782	-85.9724
7.82172	0.971416	-0.316247	48.5708	-15.8124	0.0109524	-0.158659	-15.97	-86.0511
7.83217	0.970921	-0.316429	48.546	-15.8215	0.0107449	-0.158824	-15.9618	-86.1297
7.84261	0.970425	-0.316611	48.5213	-15.8305	0.0105371	-0.158988	-15.9537	-86.2082
7.85305	0.969929	-0.316792	48.4965	-15.8396	0.0103291	-0.159153	-15.9455	-86.2867
7.8635	0.969433	-0.316972	48.4717	-15.8486	0.0101208	-0.159317	-15.9373	-86.3651
7.87394	0.968937	-0.317151	48.4469	-15.8575	0.00991231	-0.159481	-15.9291	-86.4434
7.88438	0.968441	-0.317329	48.4221	-15.8665	0.00970356	-0.159644	-15.9209	-86.5217
7.89483	0.967945	-0.317507	48.3972	-15.8754	0.00949457	-0.159808	-15.9127	-86.5999
7.90527	0.967448	-0.317684	48.3724	-15.8842	0.00928534	-0.159971	-15.9046	-86.6781
7.91572	0.966951	-0.317861	48.3476	-15.893	0.00907586	-0.160134	-15.8964	-86.7561
7.92616	0.966455	-0.318036	48.3227	-15.9018	0.00886615	-0.160297	-15.8882	-86.8342
7.9366	0.965958	-0.318211	48.2979	-15.9106	0.00865619	-0.16046	-15.8801	-86.9121
7.94705	0.96546	-0.318386	48.273	-15.9193	0.00844599	-0.160622	-15.8719	-86.99
7.95749	0.964963	-0.318559	48.2482	-15.928	0.00823555	-0.160785	-15.8637	-87.0678
7.96793	0.964466	-0.318732	48.2233	-15.9366	0.00802486	-0.160947	-15.8556	-87.1456
7.97838	0.963968	-0.318904	48.1984	-15.9452	0.00781394	-0.161109	-15.8474	-87.2233
7.98882	0.96347	-0.319076	48.1735	-15.9538	0.00760277	-0.16127	-15.8393	-87.3009
7.99926	0.962972	-0.319246	48.1486	-15.9623	0.00739137	-0.161432	-15.8311	-87.3785
8.00971	0.962474	-0.319416	48.1237	-15.9708	0.00717972	-0.161593	-15.823	-87.456
8.02015	0.961976	-0.319585	48.0988	-15.9793	0.00696783	-0.161755	-15.8148	-87.5334
8.03059	0.961478	-0.319754	48.0739	-15.9877	0.00675571	-0.161916	-15.8067	-87.6108
8.04104	0.96098	-0.319922	48.049	-15.9961	0.00654334	-0.162076	-15.7985	-87.6881
8.05148	0.960481	-0.320089	48.0241	-16.0044	0.00633073	-0.162237	-15.7904	-87.7654
8.06192	0.959982	-0.320255	47.9991	-16.0128	0.00611788	-0.162397	-15.7823	-87.8426
8.07237	0.959483	-0.320421	47.9742	-16.021	0.00590479	-0.162558	-15.7741	-87.9197
8.08281	0.958985	-0.320586	47.9492	-16.0293	0.00569147	-0.162718	-15.766	-87.9967
8.09325	0.958485	-0.32075	47.9243	-16.0375	0.0054779	-0.162877	-15.7579	-88.0738
8.1037	0.957986	-0.320914	47.8993	-16.0457	0.00526409	-0.163037	-15.7497	-88.1507
8.11414	0.957487	-0.321076	47.8743	-16.0538	0.00505005	-0.163197	-15.7416	-88.2276
8.12458	0.956987	-0.321239	47.8494	-16.0619	0.00483576	-0.163356	-15.7335	-88.3044
8.13503	0.956488	-0.3214	47.8244	-16.07	0.00462124	-0.163515	-15.7254	-88.3811
8.14547	0.955988	-0.321561	47.7994	-16.078	0.00440648	-0.163674	-15.7173	-88.4578
8.15592	0.955488	-0.321721	47.7744	-16.086	0.00419147	-0.163832	-15.7092	-88.5345
8.16636	0.954988	-0.32188	47.7494	-16.094	0.00397623	-0.163991	-15.7011	-88.611
8.1768	0.954488	-0.322038	47.7244	-16.1019	0.00376076	-0.164149	-15.693	-88.6875
8.18725	0.953988	-0.322196	47.6994	-16.1098	0.00354504	-0.164307	-15.6849	-88.764
8.19769	0.953487	-0.322353	47.6744	-16.1177	0.00332908	-0.164465	-15.6768	-88.8404
8.20813	0.952987	-0.32251	47.6494	-16.1255	0.00311289	-0.164623	-15.6687	-88.9167
8.21858	0.952486	-0.322666	47.6243	-16.1333	0.00289646	-0.16478	-15.6606	-88.993
8.22902	0.951986	-0.322821	47.5993	-16.141	0.00267979	-0.164937	-15.6525	-89.0692
8.23946	0.951485	-0.322975	47.5742	-16.1487	0.00246289	-0.165094	-15.6444	-89.1453
8.24991	0.950984	-0.323128	47.5492	-16.1564	0.00224575	-0.165251	-15.6363	-89.2214
8.26035	0.950483	-0.323281	47.5241	-16.1641	0.00202837	-0.165408	-15.6282	-89.2974
8.27079	0.949982	-0.323434	47.4991	-16.1717	0.00181075	-0.165565	-15.6201	-89.3734
8.28124	0.949481	-0.323585	47.474	-16.1792	0.0015929	-0.165721	-15.6121	-89.4493
8.29168	0.948979	-0.323736	47.449	-16.1868	0.00137481	-0.165877	-15.604	-89.5251
8.30212	0.948478	-0.323886	47.4239	-16.1943	0.00115648	-0.166033	-15.5959	-89.6009
8.31257	0.947976	-0.324035	47.3988	-16.2018	0.00093792	-0.166188	-15.5878	-89.6766
8.32301	0.947474	-0.324184	47.3737	-16.2092	0.000719121	-0.166344	-15.5798	-89.7523
8.33345	0.946973	-0.324332	47.3486	-16.2166	0.000500086	-0.166499	-15.5717	-89.8279
8.3439	0.946471	-0.324479	47.3235	-16.2239	0.000280815	-0.166654	-15.5637	-89.9035
8.35434	0.945969	-0.324626	47.2984	-16.2313	6.13086e-05	-0.166809	-15.5556	-89.9789
8.36478	0.945467	-0.324771	47.2733	-16.2386	-0.000158433	-0.166964	-15.5475	-90.0544
8.37523	0.944964	-0.324916	47.2482	-16.2458	-0.000378411	-0.167118	-15.5395	-90.1297
8.38567	0.944462	-0.325061	47.2231	-16.253	-0.000598624	-0.167273	-15.5314	-90.205
8.39612	0.94396	-0.325205	47.198	-16.2602	-0.000819072	-0.167427	-15.5234	-90.2803
8.40656	0.943457	-0.325348	47.1729	-16.2674	-0.00103975	-0.167581	-15.5154	-90.3555
8.417	0.942955	-0.32549	47.1477	-16.2745	-0.00126067	-0.167734	-15.5073	-90.4306
8.42745	0.942452	-0.325632	47.1226	-16.2816	-0.00148182	-0.167888	-15.4993	-90.5057
8.43789	0.941949	-0.325772	47.0975	-16.2886	-0.00170321	-0.168041	-15.4912	-90.5807
8.44833	0.941446	-0.325913	47.0723	-16.2956	-0.00192483	-0.168194	-15.4832	-90.6557
8.45878	0.940943	-0.326052	47.0472	-16.3026	-0.00214669	-0.168347	-15.4752	-90.7306
8.46922	0.94044	-0.326191	47.022	-16.3096	-0.00236878	-0.1685	-15.4672	-90.8054
8.47966	0.939937	-0.326329	46.9969	-16.3165	-0.0025911	-0.168652	-15.4591	-90.8802
8.49011	0.939434	-0.326467	46.9717	-16.3233	-0.00281366	-0.168804	-15.4511	-90.9549
8.50055	0.938931	-0.326603	46.9465	-16.3302	-0.00303645	-0.168957	-15.4431	-91.0296
8.51099	0.938427	-0.326739	46.9214	-16.337	-0.00325947	-0.169108	-15.4351	-91.1042
8.52144	0.937924	-0.326875	46.8962	-16.3437	-0.00348273	-0.16926	-15.4271	-91.1788
8.53188	0.93742	-0.327009	46.871	-16.3505	-0.00370622	-0.169411	-15.4191	-91.2533
8.54232	0.936917	-0.327143	46.8458	-16.3572	-0.00392994	-0.169563	-15.4111	-91.3277
8.55277	0.936413	-0.327276	46.8207	-16.3638	-0.00415389	-0.169714	-15.4031	-91.4021
8.56321	0.935909	-0.327409	46.7955	-16.3704	-0.00437808	-0.169865	-15.3951	-91.4764
8.57365	0.935405	-0.327541	46.7703	-16.377	-0.0046025	-0.170015	-15.3871	-91.5507
8.5841	0.934901	-0.327672	46.7451	-16.3836	-0.00482715	-0.170166	-15.3791	-91.6249
8.59454	0.934397	-0.327802	46.7199	-16.3901	-0.00505204	-0.170316	-15.3711	-91.6991
8.60498	0.933893	-0.327932	46.6947	-16.3966	-0.00527715	-0.170466	-15.3631	-91.7732
8.61543	0.933389	-0.328061	46.6695	-16.4031	-0.0055025	-0.170616	-15.3551	-91.8472
8.62587	0.932885	-0.32819	46.6442	-16.4095	-0.00572808	-0.170765	-15.3471	-91.9212
8.63632	0.932381	-0.328317	46.619	-16.4159	-0.00595389	-0.170915	-15.3392	-91.9951
8.64676	0.931876	-0.328444	46.5938	-16.4222	-0.00617994	-0.171064	-15.3312	-92.069
8.6572	0.931372	-0.328571	46.5686	-16.4285	-0.00640621	-0.171213	-15.3232	-92.1428
8.66765	0.930867	-0.328696	46.5434	-16.4348	-0.00663271	-0.171361	-15.3152	-92.2166
8.67809	0.930363	-0.328821	46.5181	-16.4411	-0.00685945	-0.17151	-15.3073	-92.2903
8.68853	0.929858	-0.328945	46.4929	-16.4473	-0.00708641	-0.171658	-15.2993	-92.3639
8.69898	0.929353	-0.329069	46.4677	-16.4534	-0.00731361	-0.171807	-15.2913	-92.4375
8.70942	0.928849	-0.329192	46.4424	-16.4596	-0.00754104	-0.171954	-15.2834	-92.5111
8.71986	0.928344	-0.329314	46.4172	-16.4657	-0.00776869	-0.172102	-15.2754	-92.5846
8.73031	0.927839	-0.329435	46.3919	-16.4718	-0.00799658	-0.17225	-15.2675	-92.658
8.74075	0.927334	-0.329556	46.3667	-16.4778	-0.0082247	-0.172397	-15.2595	-92.7314
8.75119	0.926829	-0.329676	46.3414	-16.4838	-0.00845304	-0.172544	-15.2516	-92.8047
8.76164	0.926324	-0.329796	46.3162	-16.4898	-0.00868162	-0.172691	-15.2436	-92.878
8.77208	0.925819	-0.329914	46.2909	-16.4957	-0.00891042	-0.172838	-15.2357	-92.9512
8.78252	0.925313	-0.330032	46.2657	-16.5016	-0.00913946	-0.172984	-15.2278	-93.0244
8.79297	0.924808	-0.33015	46.2404	-16.5075	-0.00936872	-0.17313	-15.2198	-93.0975
8.80341	0.924303	-0.330266	46.2151	-16.5133	-0.00959821	-0.173276	-15.2119	-93.1705
8.81385	0.923797	-0.330382	46.1899	-16.5191	-0.00982793	-0.173422	-15.204	-93.2435
8.8243	0.923292	-0.330497	46.1646	-16.5249	-0.0100579	-0.173568	-15.1961	-93.3165
8.83474	0.922787	-0.330612	46.1393	-16.5306	-0.0102881	-0.173713	-15.1881	-93.3893
8.84519	0.922281	-0.330726	46.1141	-16.5363	-0.0105185	-0.173858	-15.1802	-93.4622
8.85563	0.921776	-0.330839	46.0888	-16.542	-0.0107491	-0.174003	-15.1723	-93.535
8.86607	0.92127	-0.330952	46.0635	-16.5476	-0.01098	-0.174148	-15.1644	-93.6077
8.87652	0.920764	-0.331064	46.0382	-16.5532	-0.011211	-0.174293	-15.1565	-93.6804
8.88696	0.920259	-0.331175	46.0129	-16.5587	-0.0114424	-0.174437	-15.1486	-93.753
8.8974	0.919753	-0.331285	45.9876	-16.5643	-0.0116739	-0.174581	-15.1407	-93.8256
8.90785	0.919247	-0.331395	45.9624	-16.5698	-0.0119057	-0.174725	-15.1328	-93.8981
8.91829	0.918741	-0.331504	45.9371	-16.5752	-0.0121377	-0.174869	-15.1249	-93.9705
8.92873	0.918235	-0.331613	45.9118	-16.5806	-0.0123699	-0.175012	-15.117	-94.0429
8.93918	0.917729	-0.331721	45.8865	-16.586	-0.0126023	-0.175156	-15.1091	-94.1153
8.94962	0.917223	-0.331828	45.8612	-16.5914	-0.012835	-0.175299	-15.1012	-94.1876
8.96006	0.916717	-0.331934	45.8359	-16.5967	-0.0130679	-0.175441	-15.0933	-94.2599
8.97051	0.916211	-0.33204	45.8106	-16.602	-0.0133011	-0.175584	-15.0854	-94.3321
8.98095	0.915705	-0.332145	45.7853	-16.6072	-0.0135344	-0.175727	-15.0776	-94.4042
8.99139	0.915199	-0.332249	45.76	-16.6125	-0.013768	-0.175869	-15.0697	-94.4763
9.00184	0.914693	-0.332353	45.7347	-16.6176	-0.0140018	-0.176011	-15.0618	-94.5483
9.01228	0.914187	-0.332456	45.7094	-16.6228	-0.0142358	-0.176152	-15.054	-94.6203
9.02272	0.913681	-0.332558	45.684	-16.6279	-0.0144701	-0.176294	-15.0461	-94.6923
9.03317	0.913175	-0.33266	45.6587	-16.633	-0.0147046	-0.176435	-15.0382	-94.7642
9.04361	0.912668	-0.332761	45.6334	-16.6381	-0.0149393	-0.176577	-15.0304	-94.836
9.05405	0.912162	-0.332861	45.6081	-16.6431	-0.0151742	-0.176717	-15.0225	-94.9078
9.0645	0.911656	-0.332961	45.5828	-16.6481	-0.0154094	-0.176858	-15.0147	-94.9795
9.07494	0.911149	-0.33306	45.5575	-16.653	-0.0156447	-0.176999	-15.0068	-95.0512
9.08539	0.910643	-0.333158	45.5322	-16.6579	-0.0158803	-0.177139	-14.999	-95.1228
9.09583	0.910137	-0.333256	45.5068	-16.6628	-0.0161162	-0.177279	-14.9911	-95.1944
9.10627	0.90963	-0.333353	45.4815	-16.6677	-0.0163522	-0.177419	-14.9833	-95.2659
9.11672	0.909124	-0.333449	45.4562	-16.6725	-0.0165885	-0.177558	-14.9754	-95.3374
9.12716	0.908617	-0.333545	45.4309	-16.6772	-0.016825	-0.177698	-14.9676	-95.4088
9.1376	0.908111	-0.33364	45.4055	-16.682	-0.0170617	-0.177837	-14.9598	-95.4802
9.14805	0.907604	-0.333734	45.3802	-16.6867	-0.0172987	-0.177976	-14.9519	-95.5515
9.15849	0.907098	-0.333828	45.3549	-16.6914	-0.0175358	-0.178115	-14.9441	-95.6228
9.16893	0.906591	-0.333921	45.3296	-16.696	-0.0177732	-0.178253	-14.9363	-95.694
9.17938	0.906085	-0.334013	45.3042	-16.7007	-0.0180108	-0.178391	-14.9285	-95.7652
9.18982	0.905578	-0.334105	45.2789	-16.7052	-0.0182487	-0.178529	-14.9207	-95.8363
9.20026	0.905072	-0.334196	45.2536	-16.7098	-0.0184867	-0.178667	-14.9129	-95.9074
9.21071	0.904565	-0.334286	45.2283	-16.7143	-0.018725	-0.178805	-14.905	-95.9784
9.22115	0.904058	-0.334376	45.2029	-16.7188	-0.0189635	-0.178942	-14.8972	-96.0494
9.23159	0.903552	-0.334465	45.1776	-16.7232	-0.0192022	-0.179079	-14.8894	-96.1203
9.24204	0.903045	-0.334553	45.1523	-16.7276	-0.0194412	-0.179216	-14.8816	-96.1912
9.25248	0.902539	-0.33464	45.1269	-16.732	-0.0196804	-0.179353	-14.8738	-96.262
9.26292	0.902032	-0.334727	45.1016	-16.7364	-0.0199197	-0.17949	-14.866	-96.3328
9.27337	0.901525	-0.334814	45.0763	-16.7407	-0.0201594	-0.179626	-14.8583	-96.4035
9.28381	0.901019	-0.334899	45.0509	-16.745	-0.0203992	-0.179762	-14.8505	-96.4742
9.29425	0.900512	-0.334984	45.0256	-16.7492	-0.0206392	-0.179898	-14.8427	-96.5448
9.3047	0.900005	-0.335069	45.0003	-16.7534	-0.0208795	-0.180034	-14.8349	-96.6154
9.31514	0.899499	-0.335152	44.9749	-16.7576	-0.02112	-0.180169	-14.8271	-96.6859
9.32559	0.898992	-0.335235	44.9496	-16.7618	-0.0213607	-0.180304	-14.8194	-96.7564
9.33603	0.898485	-0.335318	44.9243	-16.7659	-0.0216016	-0.180439	-14.8116	-96.8268
9.34647	0.897978	-0.335399	44.8989	-16.77	-0.0218428	-0.180574	-14.8038	-96.8972
9.35692	0.897472	-0.33548	44.8736	-16.774	-0.0220842	-0.180708	-14.7961	-96.9675
9.36736	0.896965	-0.335561	44.8483	-16.778	-0.0223258	-0.180843	-14.7883	-97.0378
9.3778	0.896458	-0.33564	44.8229	-16.782	-0.0225676	-0.180977	-14.7805	-97.108
9.38825	0.895952	-0.335719	44.7976	-16.786	-0.0228096	-0.181111	-14.7728	-97.1782
9.39869	0.895445	-0.335798	44.7723	-16.7899	-0.0230518	-0.181244	-14.765	-97.2483
9.40913	0.894938	-0.335875	44.7469	-16.7938	-0.0232943	-0.181378	-14.7573	-97.3184
9.41958	0.894432	-0.335953	44.7216	-16.7976	-0.023537	-0.181511	-14.7495	-97.3885
9.43002	0.893925	-0.336029	44.6963	-16.8014	-0.0237799	-0.181644	-14.7418	-97.4585
9.44046	0.893418	-0.336105	44.6709	-16.8052	-0.024023	-0.181776	-14.734	-97.5284
9.45091	0.892912	-0.33618	44.6456	-16.809	-0.0242664	-0.181909	-14.7263	-97.5983
9.46135	0.892405	-0.336254	44.6203	-16.8127	-0.0245099	-0.182041	-14.7186	-97.6682
9.47179	0.891899	-0.336328	44.5949	-16.8164	-0.0247537	-0.182173	-14.7109	-97.738
9.48224	0.891392	-0.336401	44.5696	-16.8201	-0.0249977	-0.182305	-14.7031	-97.8077
9.49268	0.890885	-0.336474	44.5443	-16.8237	-0.0252419	-0.182437	-14.6954	-97.8774
9.50312	0.890379	-0.336546	44.5189	-16.8273	-0.0254863	-0.182568	-14.6877	-97.9471
9.51357	0.889872	-0.336617	44.4936	-16.8308	-0.025731	-0.182699	-14.68	-98.0167
9.52401	0.889366	-0.336687	44.4683	-16.8344	-0.0259758	-0.18283	-14.6723	-98.0863
9.53445	0.888859	-0.336757	44.443	-16.8379	-0.0262209	-0.182961	-14.6645	-98.1558
9.5449	0.888353	-0.336826	44.4176	-16.8413	-0.0264662	-0.183091	-14.6568	-98.2252
9.55534	0.887846	-0.336895	44.3923	-16.8447	-0.0267117	-0.183222	-14.6491	-98.2947
9.56579	0.88734	-0.336963	44.367	-16.8481	-0.0269574	-0.183352	-14.6414	-98.364
9.57623	0.886833	-0.33703	44.3417	-16.8515	-0.0272034	-0.183481	-14.6337	-98.4334
9.58667	0.886327	-0.337097	44.3163	-16.8548	-0.0274495	-0.183611	-14.626	-98.5027
9.59712	0.88582	-0.337163	44.291	-16.8581	-0.0276959	-0.18374	-14.6183	-98.5719
9.60756	0.885314	-0.337228	44.2657	-16.8614	-0.0279425	-0.183869	-14.6107	-98.6411
9.618	0.884807	-0.337293	44.2404	-16.8646	-0.0281893	-0.183998	-14.603	-98.7102
9.62845	0.884301	-0.337357	44.2151	-16.8678	-0.0284363	-0.184127	-14.5953	-98.7793
9.63889	0.883795	-0.33742	44.1897	-16.871	-0.0286835	-0.184255	-14.5876	-98.8484
9.64933	0.883288	-0.337483	44.1644	-16.8742	-0.028931	-0.184383	-14.5799	-98.9174
9.65978	0.882782	-0.337545	44.1391	-16.8773	-0.0291786	-0.184511	-14.5723	-98.9863
9.67022	0.882276	-0.337607	44.1138	-16.8803	-0.0294265	-0.184639	-14.5646	-99.0553
9.68066	0.88177	-0.337668	44.0885	-16.8834	-0.0296746	-0.184766	-14.5569	-99.1241
9.69111	0.881263	-0.337728	44.0632	-16.8864	-0.0299229	-0.184894	-14.5493	-99.1929
9.70155	0.880757	-0.337787	44.0379	-16.8894	-0.0301714	-0.185021	-14.5416	-99.2617
9.71199	0.880251	-0.337846	44.0126	-16.8923	-0.0304201	-0.185147	-14.534	-99.3305
9.72244	0.879745	-0.337905	43.9873	-16.8952	-0.0306691	-0.185274	-14.5263	-99.3991
9.73288	0.879239	-0.337962	43.9619	-16.8981	-0.0309182	-0.1854	-14.5187	-99.4678
9.74332	0.878733	-0.338019	43.9366	-16.901	-0.0311676	-0.185526	-14.511	-99.5364
9.75377	0.878227	-0.338076	43.9113	-16.9038	-0.0314172	-0.185652	-14.5034	-99.6049
9.76421	0.877721	-0.338131	43.886	-16.9066	-0.031667	-0.185778	-14.4957	-99.6734
9.77465	0.877215	-0.338187	43.8608	-16.9093	-0.031917	-0.185903	-14.4881	-99.7419
9.7851	0.876709	-0.338241	43.8355	-16.9121	-0.0321672	-0.186028	-14.4805	-99.8103
9.79554	0.876203	-0.338295	43.8102	-16.9147	-0.0324176	-0.186153	-14.4728	-99.8787
9.80599	0.875697	-0.338348	43.7849	-16.9174	-0.0326682	-0.186278	-14.4652	-99.947
9.81643	0.875192	-0.338401	43.7596	-16.92	-0.0329191	-0.186403	-14.4576	-100.015
9.82687	0.874686	-0.338453	43.7343	-16.9226	-0.0331701	-0.186527	-14.45	-100.084
9.83732	0.87418	-0.338504	43.709	-16.9252	-0.0334214	-0.186651	-14.4423	-100.152
9.84776	0.873675	-0.338554	43.6837	-16.9277	-0.0336729	-0.186774	-14.4347	-100.22
9.8582	0.873169	-0.338605	43.6585	-16.9302	-0.0339246	-0.186898	-14.4271	-100.288
9.86865	0.872663	-0.338654	43.6332	-16.9327	-0.0341765	-0.187021	-14.4195	-100.356
9.87909	0.872158	-0.338703	43.6079	-16.9351	-0.0344286	-0.187144	-14.4119	-100.424
9.88953	0.871652	-0.338751	43.5826	-16.9375	-0.0346809	-0.187267	-14.4043	-100.492
9.89998	0.871147	-0.338798	43.5574	-16.9399	-0.0349335	-0.18739	-14.3967	-100.56
9.91042	0.870642	-0.338845	43.5321	-16.9423	-0.0351862	-0.187512	-14.3891	-100.628
9.92086	0.870136	-0.338891	43.5068	-16.9446	-0.0354392	-0.187634	-14.3815	-100.696
9.93131	0.869631	-0.338937	43.4816	-16.9469	-0.0356923	-0.187756	-14.3739	-100.763
9.94175	0.869126	-0.338982	43.4563	-16.9491	-0.0359457	-0.187878	-14.3664	-100.831
9.95219	0.868621	-0.339026	43.431	-16.9513	-0.0361993	-0.187999	-14.3588	-100.899
9.96264	0.868116	-0.33907	43.4058	-16.9535	-0.0364531	-0.18812	-14.3512	-100.967
9.97308	0.86761	-0.339113	43.3805	-16.9557	-0.0367071	-0.188241	-14.3436	-101.034
9.98352	0.867105	-0.339156	43.3553	-16.9578	-0.0369613	-0.188362	-14.3361	-101.102
9.99397	0.8666	-0.339198	43.33	-16.9599	-0.0372157	-0.188482	-14.3285	-101.169
10.0044	0.866096	-0.339239	43.3048	-16.9619	-0.0374703	-0.188602	-14.3209	-101.237
10.0149	0.865591	-0.33928	43.2795	-16.964	-0.0377251	-0.188722	-14.3134	-101.304
10.0253	0.865086	-0.33932	43.2543	-16.966	-0.0379802	-0.188842	-14.3058	-101.372
10.0357	0.864581	-0.339359	43.2291	-16.9679	-0.0382354	-0.188962	-14.2983	-101.439
10.0462	0.864076	-0.339398	43.2038	-16.9699	-0.0384908	-0.189081	-14.2907	-101.506
10.0566	0.863572	-0.339436	43.1786	-16.9718	-0.0387465	-0.1892	-14.2832	-101.574
10.0671	0.863067	-0.339473	43.1534	-16.9737	-0.0390024	-0.189319	-14.2756	-101.641
10.0775	0.862563	-0.33951	43.1281	-16.9755	-0.0392584	-0.189437	-14.2681	-101.708
10.088	0.862058	-0.339546	43.1029	-16.9773	-0.0395147	-0.189556	-14.2605	-101.775
10.0984	0.861554	-0.339582	43.0777	-16.9791	-0.0397712	-0.189674	-14.253	-101.842
10.1088	0.86105	-0.339617	43.0525	-16.9809	-0.0400279	-0.189791	-14.2455	-101.909
10.1193	0.860545	-0.339652	43.0273	-16.9826	-0.0402848	-0.189909	-14.2379	-101.976
10.1297	0.860041	-0.339685	43.0021	-16.9843	-0.0405419	-0.190026	-14.2304	-102.043
10.1402	0.859537	-0.339719	42.9769	-16.9859	-0.0407992	-0.190143	-14.2229	-102.11
10.1506	0.859033	-0.339751	42.9517	-16.9876	-0.0410567	-0.19026	-14.2154	-102.177
10.1611	0.858529	-0.339783	42.9265	-16.9892	-0.0413144	-0.190377	-14.2079	-102.244
10.1715	0.858025	-0.339814	42.9013	-16.9907	-0.0415723	-0.190493	-14.2003	-102.311
10.182	0.857521	-0.339845	42.8761	-16.9923	-0.0418304	-0.190609	-14.1928	-102.378
10.1924	0.857018	-0.339875	42.8509	-16.9938	-0.0420888	-0.190725	-14.1853	-102.444
10.2028	0.856514	-0.339905	42.8257	-16.9952	-0.0423473	-0.190841	-14.1778	-102.511
10.2133	0.85601	-0.339934	42.8005	-16.9967	-0.042606	-0.190956	-14.1703	-102.578
10.2237	0.855507	-0.339962	42.7753	-16.9981	-0.042865	-0.191072	-14.1628	-102.644
10.2342	0.855003	-0.33999	42.7502	-16.9995	-0.0431241	-0.191186	-14.1553	-102.711
10.2446	0.8545	-0.340017	42.725	-17.0008	-0.0433835	-0.191301	-14.1478	-102.777
10.2551	0.853996	-0.340043	42.6998	-17.0022	-0.043643	-0.191416	-14.1404	-102.844
10.2655	0.853493	-0.340069	42.6747	-17.0035	-0.0439028	-0.19153	-14.1329	-102.91
10.2759	0.85299	-0.340094	42.6495	-17.0047	-0.0441627	-0.191644	-14.1254	-102.977
10.2864	0.852487	-0.340119	42.6243	-17.0059	-0.0444229	-0.191757	-14.1179	-103.043
10.2968	0.851984	-0.340143	42.5992	-17.0072	-0.0446832	-0.191871	-14.1105	-103.109
10.3073	0.851481	-0.340166	42.574	-17.0083	-0.0449438	-0.191984	-14.103	-103.176
10.3177	0.850978	-0.340189	42.5489	-17.0095	-0.0452046	-0.192097	-14.0955	-103.242
10.3282	0.850475	-0.340211	42.5238	-17.0106	-0.0454655	-0.19221	-14.0881	-103.308
10.3386	0.849972	-0.340233	42.4986	-17.0117	-0.0457267	-0.192322	-14.0806	-103.374
10.349	0.84947	-0.340254	42.4735	-17.0127	-0.0459881	-0.192434	-14.0731	-103.44
10.3595	0.848967	-0.340275	42.4484	-17.0137	-0.0462496	-0.192546	-14.0657	-103.507
10.3699	0.848465	-0.340294	42.4232	-17.0147	-0.0465114	-0.192658	-14.0582	-103.573
10.3804	0.847962	-0.340314	42.3981	-17.0157	-0.0467734	-0.19277	-14.0508	-103.639
10.3908	0.84746	-0.340332	42.373	-17.0166	-0.0470355	-0.192881	-14.0433	-103.705
10.4013	0.846958	-0.34035	42.3479	-17.0175	-0.0472979	-0.192992	-14.0359	-103.77
10.4117	0.846456	-0.340368	42.3228	-17.0184	-0.0475605	-0.193103	-14.0285	-103.836
10.4222	0.845954	-0.340384	42.2977	-17.0192	-0.0478232	-0.193213	-14.021	-103.902
10.4326	0.845452	-0.340401	42.2726	-17.02	-0.0480862	-0.193323	-14.0136	-103.968
10.443	0.84495	-0.340416	42.2475	-17.0208	-0.0483494	-0.193433	-14.0062	-104.034
10.4535	0.844448	-0.340431	42.2224	-17.0216	-0.0486127	-0.193543	-13.9987	-104.099
10.4639	0.843946	-0.340446	42.1973	-17.0223	-0.0488763	-0.193653	-13.9913	-104.165
10.4744	0.843445	-0.340459	42.1722	-17.023	-0.0491401	-0.193762	-13.9839	-104.231
10.4848	0.842943	-0.340473	42.1472	-17.0236	-0.049404	-0.193871	-13.9765	-104.296
10.4953	0.842442	-0.340485	42.1221	-17.0243	-0.0496682	-0.19398	-13.9691	-104.362
10.5057	0.841941	-0.340497	42.097	-17.0249	-0.0499326	-0.194088	-13.9617	-104.427
10.5161	0.841439	-0.340509	42.072	-17.0254	-0.0501971	-0.194197	-13.9543	-104.493
10.5266	0.840938	-0.34052	42.0469	-17.026	-0.0504619	-0.194305	-13.9469	-104.558
10.537	0.840437	-0.34053	42.0219	-17.0265	-0.0507268	-0.194412	-13.9395	-104.624
10.5475	0.839936	-0.340539	41.9968	-17.027	-0.050992	-0.19452	-13.9321	-104.689
10.5579	0.839435	-0.340549	41.9718	-17.0274	-0.0512573	-0.194627	-13.9247	-104.754
10.5684	0.838935	-0.340557	41.9467	-17.0279	-0.0515229	-0.194734	-13.9173	-104.82
10.5788	0.838434	-0.340565	41.9217	-17.0282	-0.0517886	-0.194841	-13.9099	-104.885
10.5892	0.837933	-0.340572	41.8967	-17.0286	-0.0520545	-0.194948	-13.9025	-104.95
10.5997	0.837433	-0.340579	41.8717	-17.0289	-0.0523207	-0.195054	-13.8952	-105.015
10.6101	0.836933	-0.340585	41.8466	-17.0293	-0.052587	-0.19516	-13.8878	-105.081
10.6206	0.836432	-0.340591	41.8216	-17.0295	-0.0528535	-0.195266	-13.8804	-105.146
10.631	0.835932	-0.340596	41.7966	-17.0298	-0.0531202	-0.195371	-13.873	-105.211
10.6415	0.835432	-0.3406	41.7716	-17.03	-0.0533872	-0.195476	-13.8657	-105.276
10.6519	0.834932	-0.340604	41.7466	-17.0302	-0.0536543	-0.195581	-13.8583	-105.341
10.6624	0.834432	-0.340607	41.7216	-17.0304	-0.0539216	-0.195686	-13.851	-105.406
10.6728	0.833933	-0.34061	41.6966	-17.0305	-0.0541891	-0.195791	-13.8436	-105.471
10.6832	0.833433	-0.340612	41.6717	-17.0306	-0.0544568	-0.195895	-13.8363	-105.535
10.6937	0.832934	-0.340613	41.6467	-17.0307	-0.0547247	-0.195999	-13.8289	-105.6
10.7041	0.832434	-0.340614	41.6217	-17.0307	-0.0549927	-0.196103	-13.8216	-105.665
10.7146	0.831935	-0.340614	41.5967	-17.0307	-0.055261	-0.196206	-13.8142	-105.73
10.725	0.831436	-0.340614	41.5718	-17.0307	-0.0555295	-0.196309	-13.8069	-105.794
10.7355	0.830936	-0.340613	41.5468	-17.0307	-0.0557981	-0.196412	-13.7995	-105.859
10.7459	0.830437	-0.340612	41.5219	-17.0306	-0.056067	-0.196515	-13.7922	-105.924
10.7563	0.829939	-0.34061	41.4969	-17.0305	-0.0563361	-0.196618	-13.7849	-105.988
10.7668	0.82944	-0.340607	41.472	-17.0304	-0.0566053	-0.19672	-13.7776	-106.053
10.7772	0.828941	-0.340604	41.4471	-17.0302	-0.0568747	-0.196822	-13.7702	-106.117
10.7877	0.828443	-0.3406	41.4221	-17.03	-0.0571444	-0.196924	-13.7629	-106.182
10.7981	0.827944	-0.340596	41.3972	-17.0298	-0.0574142	-0.197025	-13.7556	-106.246
10.8086	0.827446	-0.340591	41.3723	-17.0295	-0.0576842	-0.197126	-13.7483	-106.311
10.819	0.826948	-0.340585	41.3474	-17.0293	-0.0579544	-0.197227	-13.741	-106.375
10.8294	0.82645	-0.340579	41.3225	-17.029	-0.0582248	-0.197328	-13.7337	-106.44
10.8399	0.825952	-0.340573	41.2976	-17.0286	-0.0584954	-0.197428	-13.7264	-106.504
10.8503	0.825454	-0.340566	41.2727	-17.0283	-0.0587661	-0.197529	-13.7191	-106.568
10.8608	0.824956	-0.340558	41.2478	-17.0279	-0.0590371	-0.197629	-13.7118	-106.632
10.8712	0.824458	-0.340549	41.2229	-17.0275	-0.0593083	-0.197728	-13.7045	-106.697
10.8817	0.823961	-0.340541	41.198	-17.027	-0.0595796	-0.197828	-13.6972	-106.761
10.8921	0.823463	-0.340531	41.1732	-17.0266	-0.0598511	-0.197927	-13.6899	-106.825
10.9026	0.822966	-0.340521	41.1483	-17.0261	-0.0601229	-0.198026	-13.6826	-106.889
10.913	0.822469	-0.34051	41.1234	-17.0255	-0.0603948	-0.198124	-13.6753	-106.953
10.9234	0.821972	-0.340499	41.0986	-17.025	-0.0606669	-0.198223	-13.6681	-107.017
10.9339	0.821475	-0.340487	41.0738	-17.0244	-0.0609392	-0.198321	-13.6608	-107.081
10.9443	0.820978	-0.340475	41.0489	-17.0238	-0.0612117	-0.198419	-13.6535	-107.145
10.9548	0.820482	-0.340462	41.0241	-17.0231	-0.0614843	-0.198516	-13.6463	-107.209
10.9652	0.819985	-0.340449	40.9992	-17.0224	-0.0617572	-0.198614	-13.639	-107.273
10.9757	0.819489	-0.340435	40.9744	-17.0217	-0.0620303	-0.198711	-13.6317	-107.336
10.9861	0.818992	-0.34042	40.9496	-17.021	-0.0623035	-0.198808	-13.6245	-107.4
10.9965	0.818496	-0.340405	40.9248	-17.0203	-0.0625769	-0.198904	-13.6172	-107.464
11.007	0.818	-0.340389	40.9	-17.0195	-0.0628505	-0.199001	-13.61	-107.528
11.0174	0.817504	-0.340373	40.8752	-17.0187	-0.0631243	-0.199097	-13.6027	-107.591
11.0279	0.817008	-0.340356	40.8504	-17.0178	-0.0633983	-0.199192	-13.5955	-107.655
11.0383	0.816513	-0.340339	40.8256	-17.0169	-0.0636725	-0.199288	-13.5882	-107.719
11.0488	0.816017	-0.340321	40.8009	-17.016	-0.0639469	-0.199383	-13.581	-107.782
11.0592	0.815522	-0.340302	40.7761	-17.0151	-0.0642214	-0.199478	-13.5738	-107.846
11.0696	0.815026	-0.340283	40.7513	-17.0142	-0.0644961	-0.199573	-13.5665	-107.909
11.0801	0.814531	-0.340264	40.7266	-17.0132	-0.0647711	-0.199668	-13.5593	-107.973
11.0905	0.814036	-0.340244	40.7018	-17.0122	-0.0650462	-0.199762	-13.5521	-108.036
11.101	0.813541	-0.340223	40.6771	-17.0111	-0.0653215	-0.199856	-13.5449	-108.1
11.1114	0.813047	-0.340202	40.6523	-17.0101	-0.0655969	-0.199949	-13.5377	-108.163
11.1219	0.812552	-0.34018	40.6276	-17.009	-0.0658726	-0.200043	-13.5304	-108.226
11.1323	0.812057	-0.340157	40.6029	-17.0079	-0.0661485	-0.200136	-13.5232	-108.29
11.1428	0.811563	-0.340134	40.5782	-17.0067	-0.0664245	-0.200229	-13.516	-108.353
11.1532	0.811069	-0.340111	40.5534	-17.0055	-0.0667007	-0.200322	-13.5088	-108.416
11.1636	0.810575	-0.340087	40.5287	-17.0043	-0.0669771	-0.200414	-13.5016	-108.479
11.1741	0.810081	-0.340062	40.504	-17.0031	-0.0672537	-0.200506	-13.4944	-108.542
11.1845	0.809587	-0.340037	40.4793	-17.0018	-0.0675305	-0.200598	-13.4872	-108.606
11.195	0.809093	-0.340011	40.4547	-17.0006	-0.0678074	-0.20069	-13.48	-108.669
11.2054	0.8086	-0.339985	40.43	-16.9993	-0.0680845	-0.200781	-13.4728	-108.732
11.2159	0.808106	-0.339958	40.4053	-16.9979	-0.0683619	-0.200872	-13.4657	-108.795
11.2263	0.807613	-0.339931	40.3807	-16.9965	-0.0686394	-0.200963	-13.4585	-108.858
11.2367	0.80712	-0.339903	40.356	-16.9951	-0.068917	-0.201054	-13.4513	-108.921
11.2472	0.806627	-0.339874	40.3313	-16.9937	-0.0691949	-0.201144	-13.4441	-108.984
11.2576	0.806134	-0.339845	40.3067	-16.9923	-0.069473	-0.201234	-13.4369	-109.046
11.2681	0.805641	-0.339816	40.2821	-16.9908	-0.0697512	-0.201324	-13.4298	-109.109
11.2785	0.805149	-0.339786	40.2574	-16.9893	-0.0700296	-0.201413	-13.4226	-109.172
11.289	0.804656	-0.339755	40.2328	-16.9878	-0.0703082	-0.201502	-13.4155	-109.235
11.2994	0.804164	-0.339724	40.2082	-16.9862	-0.070587	-0.201591	-13.4083	-109.298
11.3098	0.803672	-0.339692	40.1836	-16.9846	-0.0708659	-0.20168	-13.4011	-109.36
11.3203	0.80318	-0.33966	40.159	-16.983	-0.0711451	-0.201769	-13.394	-109.423
11.3307	0.802688	-0.339627	40.1344	-16.9814	-0.0714244	-0.201857	-13.3868	-109.486
11.3412	0.802196	-0.339594	40.1098	-16.9797	-0.0717039	-0.201945	-13.3797	-109.548
11.3516	0.801705	-0.33956	40.0852	-16.978	-0.0719836	-0.202032	-13.3725	-109.611
11.3621	0.801213	-0.339525	40.0607	-16.9763	-0.0722634	-0.20212	-13.3654	-109.673
11.3725	0.800722	-0.33949	40.0361	-16.9745	-0.0725435	-0.202207	-13.3583	-109.736
11.383	0.800231	-0.339455	40.0115	-16.9727	-0.0728237	-0.202294	-13.3511	-109.798
11.3934	0.79974	-0.339419	39.987	-16.9709	-0.0731041	-0.20238	-13.344	-109.861
11.4038	0.799249	-0.339382	39.9625	-16.9691	-0.0733846	-0.202467	-13.3369	-109.923
11.4143	0.798758	-0.339345	39.9379	-16.9673	-0.0736654	-0.202553	-13.3298	-109.986
11.4247	0.798268	-0.339308	39.9134	-16.9654	-0.0739463	-0.202638	-13.3226	-110.048
11.4352	0.797778	-0.339269	39.8889	-16.9635	-0.0742274	-0.202724	-13.3155	-110.11
11.4456	0.797287	-0.339231	39.8644	-16.9615	-0.0745087	-0.202809	-13.3084	-110.173
11.4561	0.796797	-0.339191	39.8399	-16.9596	-0.0747902	-0.202894	-13.3013	-110.235
11.4665	0.796307	-0.339152	39.8154	-16.9576	-0.0750718	-0.202979	-13.2942	-110.297
11.4769	0.795818	-0.339111	39.7909	-16.9556	-0.0753537	-0.203063	-13.2871	-110.359
11.4874	0.795328	-0.33907	39.7664	-16.9535	-0.0756357	-0.203147	-13.28	-110.421
11.4978	0.794838	-0.339029	39.7419	-16.9514	-0.0759178	-0.203231	-13.2729	-110.483
11.5083	0.794349	-0.338987	39.7175	-16.9494	-0.0762002	-0.203315	-13.2658	-110.545
11.5187	0.79386	-0.338945	39.693	-16.9472	-0.0764827	-0.203398	-13.2587	-110.607
11.5292	0.793371	-0.338902	39.6685	-16.9451	-0.0767654	-0.203481	-13.2516	-110.669
11.5396	0.792882	-0.338858	39.6441	-16.9429	-0.0770483	-0.203564	-13.2445	-110.731
11.55	0.792393	-0.338814	39.6197	-16.9407	-0.0773314	-0.203647	-13.2374	-110.793
11.5605	0.791905	-0.338769	39.5952	-16.9385	-0.0776146	-0.203729	-13.2304	-110.855
11.5709	0.791417	-0.338724	39.5708	-16.9362	-0.077898	-0.203811	-13.2233	-110.917
11.5814	0.790928	-0.338679	39.5464	-16.9339	-0.0781816	-0.203893	-13.2162	-110.979
11.5918	0.79044	-0.338633	39.522	-16.9316	-0.0784653	-0.203974	-13.2092	-111.041
11.6023	0.789952	-0.338586	39.4976	-16.9293	-0.0787493	-0.204055	-13.2021	-111.103
11.6127	0.789465	-0.338539	39.4732	-16.9269	-0.0790334	-0.204136	-13.195	-111.164
11.6232	0.788977	-0.338491	39.4488	-16.9246	-0.0793176	-0.204217	-13.188	-111.226
11.6336	0.78849	-0.338443	39.4245	-16.9221	-0.0796021	-0.204297	-13.1809	-111.288
11.644	0.788002	-0.338394	39.4001	-16.9197	-0.0798867	-0.204377	-13.1739	-111.349
11.6545	0.787515	-0.338345	39.3758	-16.9172	-0.0801715	-0.204457	-13.1668	-111.411
11.6649	0.787028	-0.338295	39.3514	-16.9147	-0.0804565	-0.204537	-13.1598	-111.473
11.6754	0.786541	-0.338245	39.3271	-16.9122	-0.0807416	-0.204616	-13.1527	-111.534
11.6858	0.786055	-0.338194	39.3027	-16.9097	-0.081027	-0.204695	-13.1457	-111.596
11.6963	0.785568	-0.338142	39.2784	-16.9071	-0.0813124	-0.204774	-13.1386	-111.657
11.7067	0.785082	-0.338091	39.2541	-16.9045	-0.0815981	-0.204852	-13.1316	-111.719
11.7171	0.784596	-0.338038	39.2298	-16.9019	-0.0818839	-0.20493	-13.1246	-111.78
11.7276	0.78411	-0.337985	39.2055	-16.8993	-0.0821699	-0.205008	-13.1176	-111.842
11.738	0.783624	-0.337932	39.1812	-16.8966	-0.0824561	-0.205086	-13.1105	-111.903
11.7485	0.783139	-0.337878	39.1569	-16.8939	-0.0827425	-0.205163	-13.1035	-111.964
11.7589	0.782653	-0.337823	39.1327	-16.8912	-0.083029	-0.20524	-13.0965	-112.026
11.7694	0.782168	-0.337768	39.1084	-16.8884	-0.0833157	-0.205317	-13.0895	-112.087
11.7798	0.781683	-0.337713	39.0841	-16.8856	-0.0836025	-0.205394	-13.0825	-112.148
11.7902	0.781198	-0.337657	39.0599	-16.8828	-0.0838896	-0.20547	-13.0755	-112.209
11.8007	0.780713	-0.3376	39.0356	-16.88	-0.0841768	-0.205546	-13.0685	-112.27
11.8111	0.780228	-0.337543	39.0114	-16.8772	-0.0844641	-0.205622	-13.0615	-112.332
11.8216	0.779744	-0.337486	38.9872	-16.8743	-0.0847517	-0.205697	-13.0545	-112.393
11.832	0.77926	-0.337428	38.963	-16.8714	-0.0850394	-0.205772	-13.0475	-112.454
11.8425	0.778775	-0.337369	38.9388	-16.8685	-0.0853272	-0.205847	-13.0405	-112.515
11.8529	0.778292	-0.33731	38.9146	-16.8655	-0.0856153	-0.205922	-13.0335	-112.576
11.8634	0.777808	-0.337251	38.8904	-16.8625	-0.0859035	-0.205996	-13.0265	-112.637
11.8738	0.777324	-0.337191	38.8662	-16.8595	-0.0861919	-0.20607	-13.0195	-112.698
11.8842	0.776841	-0.33713	38.842	-16.8565	-0.0864804	-0.206144	-13.0125	-112.759
11.8947	0.776357	-0.337069	38.8179	-16.8534	-0.0867691	-0.206218	-13.0056	-112.82
11.9051	0.775874	-0.337007	38.7937	-16.8504	-0.087058	-0.206291	-12.9986	-112.881
11.9156	0.775391	-0.336945	38.7696	-16.8473	-0.0873471	-0.206364	-12.9916	-112.941
11.926	0.774909	-0.336883	38.7454	-16.8441	-0.0876363	-0.206436	-12.9847	-113.002
11.9365	0.774426	-0.33682	38.7213	-16.841	-0.0879257	-0.206509	-12.9777	-113.063
11.9469	0.773944	-0.336756	38.6972	-16.8378	-0.0882152	-0.206581	-12.9707	-113.124
11.9573	0.773462	-0.336692	38.6731	-16.8346	-0.0885049	-0.206653	-12.9638	-113.184
11.9678	0.77298	-0.336627	38.649	-16.8314	-0.0887948	-0.206724	-12.9568	-113.245
11.9782	0.772498	-0.336562	38.6249	-16.8281	-0.0890849	-0.206796	-12.9499	-113.306
11.9887	0.772016	-0.336496	38.6008	-16.8248	-0.0893751	-0.206867	-12.9429	-113.366
11.9991	0.771535	-0.33643	38.5767	-16.8215	-0.0896655	-0.206937	-12.936	-113.427
12.0096	0.771053	-0.336364	38.5527	-16.8182	-0.089956	-0.207008	-12.929	-113.488
12.02	0.770572	-0.336297	38.5286	-16.8148	-0.0902467	-0.207078	-12.9221	-113.548
12.0304	0.770091	-0.336229	38.5046	-16.8115	-0.0905376	-0.207148	-12.9152	-113.609
12.0409	0.76961	-0.336161	38.4805	-16.808	-0.0908286	-0.207217	-12.9082	-113.669
12.0513	0.76913	-0.336092	38.4565	-16.8046	-0.0911198	-0.207287	-12.9013	-113.73
12.0618	0.768649	-0.336023	38.4325	-16.8012	-0.0914112	-0.207356	-12.8944	-113.79
12.0722	0.768169	-0.335954	38.4085	-16.7977	-0.0917027	-0.207424	-12.8875	-113.85
12.0827	0.767689	-0.335884	38.3845	-16.7942	-0.0919944	-0.207493	-12.8806	-113.911
12.0931	0.767209	-0.335813	38.3605	-16.7907	-0.0922863	-0.207561	-12.8736	-113.971
12.1036	0.766729	-0.335742	38.3365	-16.7871	-0.0925783	-0.207629	-12.8667	-114.031
12.114	0.76625	-0.33567	38.3125	-16.7835	-0.0928704	-0.207697	-12.8598	-114.092
12.1244	0.765771	-0.335598	38.2885	-16.7799	-0.0931628	-0.207764	-12.8529	-114.152
12.1349	0.765291	-0.335526	38.2646	-16.7763	-0.0934553	-0.207831	-12.846	-114.212
12.1453	0.764812	-0.335453	38.2406	-16.7726	-0.093748	-0.207898	-12.8391	-114.272
12.1558	0.764334	-0.335379	38.2167	-16.769	-0.0940408	-0.207964	-12.8322	-114.332
12.1662	0.763855	-0.335305	38.1928	-16.7653	-0.0943338	-0.208031	-12.8253	-114.392
12.1767	0.763377	-0.335231	38.1688	-16.7615	-0.0946269	-0.208097	-12.8184	-114.453
12.1871	0.762898	-0.335156	38.1449	-16.7578	-0.0949202	-0.208162	-12.8115	-114.513
12.1975	0.76242	-0.33508	38.121	-16.754	-0.0952137	-0.208228	-12.8047	-114.573
12.208	0.761943	-0.335005	38.0971	-16.7502	-0.0955073	-0.208293	-12.7978	-114.633
12.2184	0.761465	-0.334928	38.0732	-16.7464	-0.0958011	-0.208358	-12.7909	-114.693
12.2289	0.760987	-0.334851	38.0494	-16.7426	-0.096095	-0.208422	-12.784	-114.753
12.2393	0.76051	-0.334774	38.0255	-16.7387	-0.0963892	-0.208486	-12.7772	-114.812
12.2498	0.760033	-0.334696	38.0017	-16.7348	-0.0966834	-0.20855	-12.7703	-114.872
12.2602	0.759556	-0.334618	37.9778	-16.7309	-0.0969778	-0.208614	-12.7634	-114.932
12.2706	0.759079	-0.334539	37.954	-16.7269	-0.0972724	-0.208677	-12.7566	-114.992
12.2811	0.758603	-0.334459	37.9301	-16.723	-0.0975672	-0.20874	-12.7497	-115.052
12.2915	0.758127	-0.33438	37.9063	-16.719	-0.0978621	-0.208803	-12.7429	-115.112
12.302	0.75765	-0.334299	37.8825	-16.715	-0.0981571	-0.208866	-12.736	-115.171
12.3124	0.757174	-0.334218	37.8587	-16.7109	-0.0984523	-0.208928	-12.7292	-115.231
12.3229	0.756699	-0.334137	37.8349	-16.7069	-0.0987477	-0.20899	-12.7223	-115.291
12.3333	0.756223	-0.334056	37.8112	-16.7028	-0.0990432	-0.209052	-12.7155	-115.35
12.3438	0.755748	-0.333973	37.7874	-16.6987	-0.0993389	-0.209113	-12.7086	-115.41
12.3542	0.755273	-0.333891	37.7636	-16.6945	-0.0996348	-0.209174	-12.7018	-115.47
12.3646	0.754798	-0.333808	37.7399	-16.6904	-0.0999308	-0.209235	-12.695	-115.529
12.3751	0.754323	-0.333724	37.7161	-16.6862	-0.100227	-0.209296	-12.6881	-115.589
12.3855	0.753848	-0.33364	37.6924	-16.682	-0.100523	-0.209356	-12.6813	-115.648
12.396	0.753374	-0.333555	37.6687	-16.6778	-0.10082	-0.209416	-12.6745	-115.708
12.4064	0.752899	-0.33347	37.645	-16.6735	-0.101116	-0.209475	-12.6677	-115.767
12.4169	0.752425	-0.333385	37.6213	-16.6692	-0.101413	-0.209535	-12.6609	-115.827
12.4273	0.751952	-0.333299	37.5976	-16.6649	-0.10171	-0.209594	-12.654	-115.886
12.4377	0.751478	-0.333212	37.5739	-16.6606	-0.102007	-0.209653	-12.6472	-115.945
12.4482	0.751004	-0.333125	37.5502	-16.6563	-0.102304	-0.209711	-12.6404	-116.005
12.4586	0.750531	-0.333038	37.5266	-16.6519	-0.102602	-0.20977	-12.6336	-116.064
12.4691	0.750058	-0.33295	37.5029	-16.6475	-0.102899	-0.209828	-12.6268	-116.123
12.4795	0.749585	-0.332862	37.4793	-16.6431	-0.103197	-0.209885	-12.62	-116.183
12.49	0.749113	-0.332773	37.4556	-16.6386	-0.103495	-0.209943	-12.6132	-116.242
12.5004	0.74864	-0.332684	37.432	-16.6342	-0.103793	-0.21	-12.6064	-116.301
12.5108	0.748168	-0.332594	37.4084	-16.6297	-0.104091	-0.210056	-12.5996	-116.36
12.5213	0.747696	-0.332504	37.3848	-16.6252	-0.104389	-0.210113	-12.5929	-116.419
12.5317	0.747224	-0.332413	37.3612	-16.6207	-0.104688	-0.210169	-12.5861	-116.478
12.5422	0.746752	-0.332322	37.3376	-16.6161	-0.104986	-0.210225	-12.5793	-116.538
12.5526	0.746281	-0.33223	37.314	-16.6115	-0.105285	-0.210281	-12.5725	-116.597
12.5631	0.74581	-0.332138	37.2905	-16.6069	-0.105584	-0.210336	-12.5657	-116.656
12.5735	0.745339	-0.332046	37.2669	-16.6023	-0.105883	-0.210391	-12.559	-116.715
12.584	0.744868	-0.331953	37.2434	-16.5976	-0.106182	-0.210446	-12.5522	-116.774
12.5944	0.744397	-0.331859	37.2199	-16.593	-0.106482	-0.2105	-12.5454	-116.833
12.6048	0.743927	-0.331765	37.1963	-16.5883	-0.106781	-0.210555	-12.5387	-116.892
12.6153	0.743456	-0.331671	37.1728	-16.5836	-0.107081	-0.210608	-12.5319	-116.95
12.6257	0.742986	-0.331576	37.1493	-16.5788	-0.107381	-0.210662	-12.5252	-117.009
12.6362	0.742517	-0.331481	37.1258	-16.574	-0.107681	-0.210715	-12.5184	-117.068
12.6466	0.742047	-0.331385	37.1023	-16.5693	-0.107981	-0.210768	-12.5117	-117.127
12.6571	0.741577	-0.331289	37.0789	-16.5645	-0.108281	-0.210821	-12.5049	-117.186
12.6675	0.741108	-0.331192	37.0554	-16.5596	-0.108581	-0.210874	-12.4982	-117.245
12.6779	0.740639	-0.331095	37.032	-16.5548	-0.108882	-0.210926	-12.4914	-117.303
12.6884	0.74017	-0.330998	37.0085	-16.5499	-0.109183	-0.210978	-12.4847	-117.362
12.6988	0.739702	-0.3309	36.9851	-16.545	-0.109484	-0.211029	-12.478	-117.421
12.7093	0.739233	-0.330801	36.9617	-16.5401	-0.109785	-0.21108	-12.4713	-117.479
12.7197	0.738765	-0.330702	36.9383	-16.5351	-0.110086	-0.211131	-12.4645	-117.538
12.7302	0.738297	-0.330603	36.9149	-16.5301	-0.110387	-0.211182	-12.4578	-117.597
12.7406	0.737829	-0.330503	36.8915	-16.5252	-0.110689	-0.211233	-12.4511	-117.655
12.751	0.737362	-0.330403	36.8681	-16.5201	-0.11099	-0.211283	-12.4444	-117.714
12.7615	0.736894	-0.330302	36.8447	-16.5151	-0.111292	-0.211332	-12.4377	-117.772
12.7719	0.736427	-0.330201	36.8214	-16.51	-0.111594	-0.211382	-12.4309	-117.831
12.7824	0.73596	-0.330099	36.798	-16.505	-0.111896	-0.211431	-12.4242	-117.889
12.7928	0.735493	-0.329997	36.7747	-16.4999	-0.112198	-0.21148	-12.4175	-117.948
12.8033	0.735027	-0.329895	36.7513	-16.4947	-0.1125	-0.211529	-12.4108	-118.006
12.8137	0.734561	-0.329792	36.728	-16.4896	-0.112803	-0.211577	-12.4041	-118.064
12.8242	0.734094	-0.329688	36.7047	-16.4844	-0.113105	-0.211625	-12.3974	-118.123
12.8346	0.733628	-0.329585	36.6814	-16.4792	-0.113408	-0.211673	-12.3907	-118.181
12.845	0.733163	-0.32948	36.6581	-16.474	-0.113711	-0.21172	-12.3841	-118.239
12.8555	0.732697	-0.329375	36.6349	-16.4688	-0.114014	-0.211767	-12.3774	-118.298
12.8659	0.732232	-0.32927	36.6116	-16.4635	-0.114317	-0.211814	-12.3707	-118.356
12.8764	0.731767	-0.329165	36.5883	-16.4582	-0.114621	-0.211861	-12.364	-118.414
12.8868	0.731302	-0.329059	36.5651	-16.4529	-0.114924	-0.211907	-12.3573	-118.472
12.8973	0.730837	-0.328952	36.5419	-16.4476	-0.115228	-0.211953	-12.3507	-118.531
12.9077	0.730373	-0.328845	36.5186	-16.4423	-0.115531	-0.211999	-12.344	-118.589
12.9181	0.729909	-0.328738	36.4954	-16.4369	-0.115835	-0.212044	-12.3373	-118.647
12.9286	0.729445	-0.32863	36.4722	-16.4315	-0.116139	-0.212089	-12.3307	-118.705
12.939	0.728981	-0.328522	36.449	-16.4261	-0.116443	-0.212134	-12.324	-118.763
12.9495	0.728517	-0.328413	36.4259	-16.4206	-0.116748	-0.212179	-12.3173	-118.821
12.9599	0.728054	-0.328304	36.4027	-16.4152	-0.117052	-0.212223	-12.3107	-118.879
12.9704	0.727591	-0.328194	36.3795	-16.4097	-0.117357	-0.212267	-12.304	-118.937
12.9808	0.727128	-0.328084	36.3564	-16.4042	-0.117662	-0.21231	-12.2974	-118.995
12.9912	0.726665	-0.327974	36.3332	-16.3987	-0.117966	-0.212354	-12.2907	-119.053
13.0017	0.726202	-0.327863	36.3101	-16.3931	-0.118272	-0.212397	-12.2841	-119.111
13.0121	0.72574	-0.327751	36.287	-16.3876	-0.118577	-0.212439	-12.2775	-119.169
13.0226	0.725278	-0.32764	36.2639	-16.382	-0.118882	-0.212482	-12.2708	-119.227
13.033	0.724816	-0.327527	36.2408	-16.3764	-0.119187	-0.212524	-12.2642	-119.285
13.0435	0.724355	-0.327415	36.2177	-16.3707	-0.119493	-0.212566	-12.2576	-119.342
13.0539	0.723893	-0.327302	36.1947	-16.3651	-0.119799	-0.212607	-12.2509	-119.4
13.0644	0.723432	-0.327188	36.1716	-16.3594	-0.120105	-0.212648	-12.2443	-119.458
13.0748	0.722971	-0.327074	36.1485	-16.3537	-0.120411	-0.212689	-12.2377	-119.516
13.0852	0.72251	-0.32696	36.1255	-16.348	-0.120717	-0.21273	-12.2311	-119.573
13.0957	0.722049	-0.326845	36.1025	-16.3423	-0.121023	-0.21277	-12.2244	-119.631
13.1061	0.721589	-0.32673	36.0795	-16.3365	-0.121329	-0.21281	-12.2178	-119.689
13.1166	0.721129	-0.326614	36.0564	-16.3307	-0.121636	-0.21285	-12.2112	-119.746
13.127	0.720669	-0.326498	36.0335	-16.3249	-0.121943	-0.212889	-12.2046	-119.804
13.1375	0.720209	-0.326382	36.0105	-16.3191	-0.122249	-0.212929	-12.198	-119.862
13.1479	0.71975	-0.326265	35.9875	-16.3132	-0.122556	-0.212967	-12.1914	-119.919
13.1583	0.719291	-0.326148	35.9645	-16.3074	-0.122863	-0.213006	-12.1848	-119.977
13.1688	0.718832	-0.32603	35.9416	-16.3015	-0.123171	-0.213044	-12.1782	-120.034
13.1792	0.718373	-0.325912	35.9186	-16.2956	-0.123478	-0.213082	-12.1716	-120.092
13.1897	0.717914	-0.325793	35.8957	-16.2896	-0.123786	-0.21312	-12.165	-120.149
13.2001	0.717456	-0.325674	35.8728	-16.2837	-0.124093	-0.213157	-12.1585	-120.207
13.2106	0.716998	-0.325554	35.8499	-16.2777	-0.124401	-0.213194	-12.1519	-120.264
13.221	0.71654	-0.325435	35.827	-16.2717	-0.124709	-0.213231	-12.1453	-120.321
13.2314	0.716082	-0.325314	35.8041	-16.2657	-0.125017	-0.213267	-12.1387	-120.379
13.2419	0.715624	-0.325194	35.7812	-16.2597	-0.125325	-0.213303	-12.1322	-120.436
13.2523	0.715167	-0.325072	35.7584	-16.2536	-0.125633	-0.213339	-12.1256	-120.493
13.2628	0.71471	-0.324951	35.7355	-16.2475	-0.125942	-0.213375	-12.119	-120.551
13.2732	0.714253	-0.324829	35.7127	-16.2414	-0.12625	-0.21341	-12.1125	-120.608
13.2837	0.713797	-0.324706	35.6898	-16.2353	-0.126559	-0.213445	-12.1059	-120.665
13.2941	0.71334	-0.324584	35.667	-16.2292	-0.126868	-0.213479	-12.0993	-120.722
13.3046	0.712884	-0.32446	35.6442	-16.223	-0.127177	-0.213514	-12.0928	-120.78
13.315	0.712428	-0.324337	35.6214	-16.2168	-0.127486	-0.213548	-12.0862	-120.837
13.3254	0.711973	-0.324213	35.5986	-16.2106	-0.127795	-0.213581	-12.0797	-120.894
13.3359	0.711517	-0.324088	35.5759	-16.2044	-0.128104	-0.213615	-12.0731	-120.951
13.3463	0.711062	-0.323963	35.5531	-16.1982	-0.128414	-0.213648	-12.0666	-121.008
13.3568	0.710607	-0.323838	35.5303	-16.1919	-0.128724	-0.213681	-12.0601	-121.065
13.3672	0.710152	-0.323712	35.5076	-16.1856	-0.129033	-0.213713	-12.0535	-121.122
13.3777	0.709697	-0.323586	35.4849	-16.1793	-0.129343	-0.213745	-12.047	-121.179
13.3881	0.709243	-0.32346	35.4621	-16.173	-0.129653	-0.213777	-12.0405	-121.236
13.3985	0.708789	-0.323333	35.4394	-16.1666	-0.129963	-0.213809	-12.0339	-121.293
13.409	0.708335	-0.323205	35.4167	-16.1603	-0.130274	-0.21384	-12.0274	-121.35
13.4194	0.707881	-0.323078	35.3941	-16.1539	-0.130584	-0.213871	-12.0209	-121.407
13.4299	0.707428	-0.322949	35.3714	-16.1475	-0.130894	-0.213902	-12.0144	-121.464
13.4403	0.706975	-0.322821	35.3487	-16.141	-0.131205	-0.213932	-12.0079	-121.521
13.4508	0.706522	-0.322692	35.3261	-16.1346	-0.131516	-0.213962	-12.0013	-121.578
13.4612	0.706069	-0.322562	35.3034	-16.1281	-0.131827	-0.213992	-11.9948	-121.635
13.4716	0.705616	-0.322433	35.2808	-16.1216	-0.132138	-0.214021	-11.9883	-121.691
13.4821	0.705164	-0.322302	35.2582	-16.1151	-0.132449	-0.21405	-11.9818	-121.748
13.4925	0.704712	-0.322172	35.2356	-16.1086	-0.13276	-0.214079	-11.9753	-121.805
13.503	0.70426	-0.322041	35.213	-16.102	-0.133072	-0.214108	-11.9688	-121.862
13.5134	0.703808	-0.321909	35.1904	-16.0955	-0.133383	-0.214136	-11.9623	-121.918
13.5239	0.703357	-0.321777	35.1678	-16.0889	-0.133695	-0.214164	-11.9558	-121.975
13.5343	0.702906	-0.321645	35.1453	-16.0823	-0.134007	-0.214191	-11.9494	-122.032
13.5448	0.702455	-0.321513	35.1227	-16.0756	-0.134319	-0.214219	-11.9429	-122.088
13.5552	0.702004	-0.32138	35.1002	-16.069	-0.134631	-0.214246	-11.9364	-122.145
13.5656	0.701554	-0.321246	35.0777	-16.0623	-0.134943	-0.214272	-11.9299	-122.202
13.5761	0.701103	-0.321112	35.0552	-16.0556	-0.135255	-0.214299	-11.9234	-122.258
13.5865	0.700653	-0.320978	35.0327	-16.0489	-0.135567	-0.214325	-11.917	-122.315
13.597	0.700204	-0.320843	35.0102	-16.0422	-0.13588	-0.214351	-11.9105	-122.371
13.6074	0.699754	-0.320708	34.9877	-16.0354	-0.136193	-0.214376	-11.904	-122.428
13.6179	0.699305	-0.320573	34.9652	-16.0286	-0.136505	-0.214401	-11.8976	-122.484
13.6283	0.698856	-0.320437	34.9428	-16.0219	-0.136818	-0.214426	-11.8911	-122.541
13.6387	0.698407	-0.320301	34.9203	-16.015	-0.137131	-0.214451	-11.8847	-122.597
13.6492	0.697958	-0.320164	34.8979	-16.0082	-0.137444	-0.214475	-11.8782	-122.653
13.6596	0.69751	-0.320027	34.8755	-16.0014	-0.137758	-0.214499	-11.8717	-122.71
13.6701	0.697061	-0.31989	34.8531	-15.9945	-0.138071	-0.214522	-11.8653	-122.766
13.6805	0.696614	-0.319752	34.8307	-15.9876	-0.138385	-0.214546	-11.8589	-122.823
13.691	0.696166	-0.319614	34.8083	-15.9807	-0.138698	-0.214569	-11.8524	-122.879
13.7014	0.695718	-0.319475	34.7859	-15.9738	-0.139012	-0.214591	-11.846	-122.935
13.7118	0.695271	-0.319336	34.7636	-15.9668	-0.139326	-0.214614	-11.8395	-122.991
13.7223	0.694824	-0.319197	34.7412	-15.9599	-0.13964	-0.214636	-11.8331	-123.048
13.7327	0.694377	-0.319057	34.7189	-15.9529	-0.139954	-0.214657	-11.8267	-123.104
13.7432	0.693931	-0.318917	34.6965	-15.9459	-0.140268	-0.214679	-11.8202	-123.16
13.7536	0.693484	-0.318777	34.6742	-15.9388	-0.140582	-0.2147	-11.8138	-123.216
13.7641	0.693038	-0.318636	34.6519	-15.9318	-0.140897	-0.214721	-11.8074	-123.272
13.7745	0.692593	-0.318494	34.6296	-15.9247	-0.141212	-0.214741	-11.801	-123.328
13.785	0.692147	-0.318353	34.6073	-15.9176	-0.141526	-0.214761	-11.7946	-123.385
13.7954	0.691702	-0.318211	34.5851	-15.9105	-0.141841	-0.214781	-11.7881	-123.441
13.8058	0.691256	-0.318068	34.5628	-15.9034	-0.142156	-0.214801	-11.7817	-123.497
13.8163	0.690812	-0.317925	34.5406	-15.8963	-0.142471	-0.21482	-11.7753	-123.553
13.8267	0.690367	-0.317782	34.5183	-15.8891	-0.142786	-0.214839	-11.7689	-123.609
13.8372	0.689922	-0.317638	34.4961	-15.8819	-0.143102	-0.214858	-11.7625	-123.665
13.8476	0.689478	-0.317494	34.4739	-15.8747	-0.143417	-0.214876	-11.7561	-123.721
13.8581	0.689034	-0.31735	34.4517	-15.8675	-0.143732	-0.214894	-11.7497	-123.777
13.8685	0.688591	-0.317205	34.4295	-15.8603	-0.144048	-0.214912	-11.7433	-123.833
13.8789	0.688147	-0.31706	34.4074	-15.853	-0.144364	-0.214929	-11.737	-123.889
13.8894	0.687704	-0.316915	34.3852	-15.8457	-0.14468	-0.214946	-11.7306	-123.944
13.8998	0.687261	-0.316769	34.363	-15.8384	-0.144996	-0.214963	-11.7242	-124
13.9103	0.686818	-0.316622	34.3409	-15.8311	-0.145312	-0.21498	-11.7178	-124.056
13.9207	0.686376	-0.316476	34.3188	-15.8238	-0.145628	-0.214996	-11.7114	-124.112
13.9312	0.685933	-0.316329	34.2967	-15.8164	-0.145944	-0.215011	-11.7051	-124.168
13.9416	0.685491	-0.316181	34.2746	-15.8091	-0.146261	-0.215027	-11.6987	-124.223
13.952	0.685049	-0.316033	34.2525	-15.8017	-0.146577	-0.215042	-11.6923	-124.279
13.9625	0.684608	-0.315885	34.2304	-15.7943	-0.146894	-0.215057	-11.6859	-124.335
13.9729	0.684167	-0.315737	34.2083	-15.7868	-0.147211	-0.215072	-11.6796	-124.391
13.9834	0.683725	-0.315588	34.1863	-15.7794	-0.147528	-0.215086	-11.6732	-124.446
13.9938	0.683285	-0.315438	34.1642	-15.7719	-0.147845	-0.2151	-11.6669	-124.502
14.0043	0.682844	-0.315289	34.1422	-15.7644	-0.148162	-0.215114	-11.6605	-124.558
14.0147	0.682404	-0.315139	34.1202	-15.7569	-0.148479	-0.215127	-11.6542	-124.613
14.0252	0.681963	-0.314988	34.0982	-15.7494	-0.148796	-0.21514	-11.6478	-124.669
14.0356	0.681523	-0.314837	34.0762	-15.7419	-0.149114	-0.215153	-11.6415	-124.724
14.046	0.681084	-0.314686	34.0542	-15.7343	-0.149431	-0.215165	-11.6351	-124.78
14.0565	0.680644	-0.314535	34.0322	-15.7267	-0.149749	-0.215177	-11.6288	-124.835
14.0669	0.680205	-0.314383	34.0103	-15.7191	-0.150067	-0.215189	-11.6225	-124.891
14.0774	0.679766	-0.314231	33.9883	-15.7115	-0.150385	-0.2152	-11.6161	-124.946
14.0878	0.679328	-0.314078	33.9664	-15.7039	-0.150703	-0.215211	-11.6098	-125.002
14.0983	0.678889	-0.313925	33.9445	-15.6962	-0.151021	-0.215222	-11.6035	-125.057
14.1087	0.678451	-0.313771	33.9225	-15.6886	-0.151339	-0.215233	-11.5971	-125.113
14.1191	0.678013	-0.313618	33.9006	-15.6809	-0.151657	-0.215243	-11.5908	-125.168
14.1296	0.677575	-0.313464	33.8788	-15.6732	-0.151976	-0.215253	-11.5845	-125.223
14.14	0.677138	-0.313309	33.8569	-15.6655	-0.152294	-0.215262	-11.5782	-125.279
14.1505	0.6767	-0.313154	33.835	-15.6577	-0.152613	-0.215271	-11.5719	-125.334
14.1609	0.676263	-0.312999	33.8132	-15.65	-0.152932	-0.21528	-11.5656	-125.389
14.1714	0.675827	-0.312843	33.7913	-15.6422	-0.153251	-0.215289	-11.5593	-125.445
14.1818	0.67539	-0.312688	33.7695	-15.6344	-0.15357	-0.215297	-11.553	-125.5
14.1922	0.674954	-0.312531	33.7477	-15.6266	-0.153889	-0.215305	-11.5467	-125.555
14.2027	0.674518	-0.312375	33.7259	-15.6187	-0.154208	-0.215313	-11.5404	-125.61
14.2131	0.674082	-0.312218	33.7041	-15.6109	-0.154527	-0.21532	-11.5341	-125.666
14.2236	0.673646	-0.31206	33.6823	-15.603	-0.154847	-0.215327	-11.5278	-125.721
14.234	0.673211	-0.311902	33.6606	-15.5951	-0.155166	-0.215334	-11.5215	-125.776
14.2445	0.672776	-0.311744	33.6388	-15.5872	-0.155486	-0.21534	-11.5152	-125.831
14.2549	0.672341	-0.311586	33.6171	-15.5793	-0.155806	-0.215346	-11.5089	-125.886
14.2654	0.671907	-0.311427	33.5953	-15.5713	-0.156125	-0.215352	-11.5026	-125.941
14.2758	0.671472	-0.311268	33.5736	-15.5634	-0.156445	-0.215357	-11.4964	-125.996
14.2862	0.671038	-0.311108	33.5519	-15.5554	-0.156765	-0.215363	-11.4901	-126.051
14.2967	0.670604	-0.310948	33.5302	-15.5474	-0.157085	-0.215367	-11.4838	-126.106
14.3071	0.670171	-0.310788	33.5085	-15.5394	-0.157406	-0.215372	-11.4775	-126.161
14.3176	0.669737	-0.310627	33.4869	-15.5314	-0.157726	-0.215376	-11.4713	-126.216
14.328	0.669304	-0.310466	33.4652	-15.5233	-0.158046	-0.21538	-11.465	-126.271
14.3385	0.668871	-0.310305	33.4436	-15.5153	-0.158367	-0.215383	-11.4588	-126.326
14.3489	0.668439	-0.310143	33.4219	-15.5072	-0.158688	-0.215387	-11.4525	-126.381
14.3593	0.668006	-0.309981	33.4003	-15.4991	-0.159008	-0.215389	-11.4462	-126.436
14.3698	0.667574	-0.309819	33.3787	-15.4909	-0.159329	-0.215392	-11.44	-126.491
14.3802	0.667142	-0.309656	33.3571	-15.4828	-0.15965	-0.215394	-11.4337	-126.546
14.3907	0.666711	-0.309493	33.3355	-15.4747	-0.159971	-0.215396	-11.4275	-126.601
14.4011	0.666279	-0.30933	33.314	-15.4665	-0.160292	-0.215398	-11.4213	-126.655
14.4116	0.665848	-0.309166	33.2924	-15.4583	-0.160614	-0.215399	-11.415	-126.71
14.422	0.665417	-0.309002	33.2709	-15.4501	-0.160935	-0.2154	-11.4088	-126.765
14.4324	0.664986	-0.308837	33.2493	-15.4419	-0.161256	-0.215401	-11.4025	-126.82
14.4429	0.664556	-0.308672	33.2278	-15.4336	-0.161578	-0.215401	-11.3963	-126.875
14.4533	0.664126	-0.308507	33.2063	-15.4254	-0.1619	-0.215401	-11.3901	-126.929
14.4638	0.663696	-0.308342	33.1848	-15.4171	-0.162221	-0.215401	-11.3839	-126.984
14.4742	0.663266	-0.308176	33.1633	-15.4088	-0.162543	-0.2154	-11.3776	-127.039
14.4847	0.662837	-0.308009	33.1418	-15.4005	-0.162865	-0.215399	-11.3714	-127.093
14.4951	0.662408	-0.307843	33.1204	-15.3921	-0.163187	-0.215398	-11.3652	-127.148
14.5056	0.661979	-0.307676	33.0989	-15.3838	-0.163509	-0.215396	-11.359	-127.202
14.516	0.66155	-0.307509	33.0775	-15.3754	-0.163832	-0.215394	-11.3528	-127.257
14.5264	0.661122	-0.307341	33.0561	-15.3671	-0.164154	-0.215392	-11.3466	-127.312
14.5369	0.660693	-0.307173	33.0347	-15.3587	-0.164476	-0.215389	-11.3404	-127.366
14.5473	0.660265	-0.307005	33.0133	-15.3502	-0.164799	-0.215387	-11.3342	-127.421
14.5578	0.659838	-0.306836	32.9919	-15.3418	-0.165121	-0.215383	-11.328	-127.475
14.5682	0.65941	-0.306667	32.9705	-15.3334	-0.165444	-0.21538	-11.3218	-127.53
14.5787	0.658983	-0.306498	32.9492	-15.3249	-0.165767	-0.215376	-11.3156	-127.584
14.5891	0.658556	-0.306328	32.9278	-15.3164	-0.16609	-0.215372	-11.3094	-127.639
14.5995	0.658129	-0.306158	32.9065	-15.3079	-0.166413	-0.215367	-11.3032	-127.693
14.61	0.657703	-0.305988	32.8851	-15.2994	-0.166736	-0.215362	-11.297	-127.747
14.6204	0.657277	-0.305817	32.8638	-15.2909	-0.167059	-0.215357	-11.2908	-127.802
14.6309	0.656851	-0.305646	32.8425	-15.2823	-0.167382	-0.215352	-11.2847	-127.856
14.6413	0.656425	-0.305475	32.8213	-15.2737	-0.167706	-0.215346	-11.2785	-127.911
14.6518	0.656	-0.305303	32.8	-15.2652	-0.168029	-0.21534	-11.2723	-127.965
14.6622	0.655574	-0.305131	32.7787	-15.2566	-0.168353	-0.215334	-11.2661	-128.019
14.6726	0.655149	-0.304959	32.7575	-15.2479	-0.168677	-0.215327	-11.26	-128.073
14.6831	0.654725	-0.304786	32.7362	-15.2393	-0.169	-0.21532	-11.2538	-128.128
14.6935	0.6543	-0.304613	32.715	-15.2306	-0.169324	-0.215312	-11.2476	-128.182
14.704	0.653876	-0.30444	32.6938	-15.222	-0.169648	-0.215305	-11.2415	-128.236
14.7144	0.653452	-0.304266	32.6726	-15.2133	-0.169972	-0.215297	-11.2353	-128.29
14.7249	0.653028	-0.304092	32.6514	-15.2046	-0.170296	-0.215288	-11.2292	-128.345
14.7353	0.652605	-0.303917	32.6302	-15.1959	-0.17062	-0.215279	-11.223	-128.399
14.7458	0.652182	-0.303743	32.6091	-15.1871	-0.170945	-0.21527	-11.2169	-128.453
14.7562	0.651759	-0.303568	32.5879	-15.1784	-0.171269	-0.215261	-11.2107	-128.507
14.7666	0.651336	-0.303392	32.5668	-15.1696	-0.171593	-0.215251	-11.2046	-128.561
14.7771	0.650913	-0.303217	32.5457	-15.1608	-0.171918	-0.215241	-11.1985	-128.615
14.7875	0.650491	-0.303041	32.5246	-15.152	-0.172243	-0.215231	-11.1923	-128.669
14.798	0.650069	-0.302864	32.5035	-15.1432	-0.172567	-0.21522	-11.1862	-128.723
14.8084	0.649648	-0.302688	32.4824	-15.1344	-0.172892	-0.21521	-11.1801	-128.777
14.8189	0.649226	-0.302511	32.4613	-15.1255	-0.173217	-0.215198	-11.1739	-128.831
14.8293	0.648805	-0.302333	32.4402	-15.1167	-0.173542	-0.215187	-11.1678	-128.885
14.8397	0.648384	-0.302156	32.4192	-15.1078	-0.173867	-0.215175	-11.1617	-128.939
14.8502	0.647963	-0.301978	32.3982	-15.0989	-0.174192	-0.215162	-11.1556	-128.993
14.8606	0.647543	-0.301799	32.3771	-15.09	-0.174518	-0.21515	-11.1495	-129.047
14.8711	0.647122	-0.301621	32.3561	-15.081	-0.174843	-0.215137	-11.1433	-129.101
14.8815	0.646703	-0.301442	32.3351	-15.0721	-0.175168	-0.215124	-11.1372	-129.155
14.892	0.646283	-0.301262	32.3141	-15.0631	-0.175494	-0.21511	-11.1311	-129.209
14.9024	0.645863	-0.301083	32.2932	-15.0541	-0.17582	-0.215096	-11.125	-129.263
14.9128	0.645444	-0.300903	32.2722	-15.0451	-0.176145	-0.215082	-11.1189	-129.316
14.9233	0.645025	-0.300722	32.2513	-15.0361	-0.176471	-0.215067	-11.1128	-129.37
14.9337	0.644606	-0.300542	32.2303	-15.0271	-0.176797	-0.215052	-11.1067	-129.424
14.9442	0.644188	-0.300361	32.2094	-15.018	-0.177123	-0.215037	-11.1006	-129.478
14.9546	0.64377	-0.30018	32.1885	-15.009	-0.177449	-0.215022	-11.0945	-129.531
14.9651	0.643352	-0.299998	32.1676	-14.9999	-0.177775	-0.215006	-11.0884	-129.585
14.9755	0.642934	-0.299816	32.1467	-14.9908	-0.178101	-0.21499	-11.0824	-129.639
14.986	0.642517	-0.299634	32.1258	-14.9817	-0.178427	-0.214973	-11.0763	-129.693
14.9964	0.6421	-0.299452	32.105	-14.9726	-0.178754	-0.214956	-11.0702	-129.746
15.0068	0.641683	-0.299269	32.0841	-14.9634	-0.17908	-0.214939	-11.0641	-129.8
15.0173	0.641266	-0.299086	32.0633	-14.9543	-0.179407	-0.214922	-11.0581	-129.854
15.0277	0.64085	-0.298902	32.0425	-14.9451	-0.179733	-0.214904	-11.052	-129.907
15.0382	0.640433	-0.298718	32.0217	-14.9359	-0.18006	-0.214886	-11.0459	-129.961
15.0486	0.640017	-0.298534	32.0009	-14.9267	-0.180387	-0.214867	-11.0399	-130.014
15.0591	0.639602	-0.29835	31.9801	-14.9175	-0.180714	-0.214848	-11.0338	-130.068
15.0695	0.639186	-0.298165	31.9593	-14.9083	-0.18104	-0.214829	-11.0277	-130.121
15.0799	0.638771	-0.29798	31.9386	-14.899	-0.181367	-0.21481	-11.0217	-130.175
15.0904	0.638356	-0.297795	31.9178	-14.8897	-0.181695	-0.21479	-11.0156	-130.228
15.1008	0.637942	-0.297609	31.8971	-14.8805	-0.182022	-0.21477	-11.0096	-130.282
15.1113	0.637527	-0.297423	31.8764	-14.8712	-0.182349	-0.214749	-11.0035	-130.335
15.1217	0.637113	-0.297237	31.8557	-14.8619	-0.182676	-0.214729	-10.9975	-130.389
15.1322	0.636699	-0.29705	31.835	-14.8525	-0.183004	-0.214708	-10.9914	-130.442
15.1426	0.636286	-0.296864	31.8143	-14.8432	-0.183331	-0.214686	-10.9854	-130.496
15.153	0.635872	-0.296676	31.7936	-14.8338	-0.183659	-0.214664	-10.9794	-130.549
15.1635	0.635459	-0.296489	31.773	-14.8244	-0.183986	-0.214642	-10.9733	-130.602
15.1739	0.635046	-0.296301	31.7523	-14.8151	-0.184314	-0.21462	-10.9673	-130.656
15.1844	0.634634	-0.296113	31.7317	-14.8056	-0.184642	-0.214597	-10.9613	-130.709
15.1948	0.634221	-0.295924	31.7111	-14.7962	-0.18497	-0.214574	-10.9552	-130.762
15.2053	0.633809	-0.295736	31.6905	-14.7868	-0.185297	-0.214551	-10.9492	-130.816
15.2157	0.633397	-0.295547	31.6699	-14.7773	-0.185625	-0.214527	-10.9432	-130.869
15.2262	0.632986	-0.295357	31.6493	-14.7679	-0.185954	-0.214503	-10.9372	-130.922
15.2366	0.632574	-0.295168	31.6287	-14.7584	-0.186282	-0.214478	-10.9312	-130.975
15.247	0.632163	-0.294978	31.6082	-14.7489	-0.18661	-0.214454	-10.9252	-131.029
15.2575	0.631752	-0.294787	31.5876	-14.7394	-0.186938	-0.214429	-10.9191	-131.082
15.2679	0.631342	-0.294597	31.5671	-14.7298	-0.187267	-0.214403	-10.9131	-131.135
15.2784	0.630931	-0.294406	31.5466	-14.7203	-0.187595	-0.214378	-10.9071	-131.188
15.2888	0.630521	-0.294215	31.5261	-14.7107	-0.187924	-0.214351	-10.9011	-131.241
15.2993	0.630111	-0.294023	31.5056	-14.7012	-0.188252	-0.214325	-10.8951	-131.294
15.3097	0.629702	-0.293831	31.4851	-14.6916	-0.188581	-0.214298	-10.8891	-131.348
15.3201	0.629293	-0.293639	31.4646	-14.682	-0.18891	-0.214271	-10.8832	-131.401
15.3306	0.628883	-0.293447	31.4442	-14.6723	-0.189238	-0.214244	-10.8772	-131.454
15.341	0.628475	-0.293254	31.4237	-14.6627	-0.189567	-0.214216	-10.8712	-131.507
15.3515	0.628066	-0.293061	31.4033	-14.6531	-0.189896	-0.214188	-10.8652	-131.56
15.3619	0.627658	-0.292868	31.3829	-14.6434	-0.190225	-0.21416	-10.8592	-131.613
15.3724	0.62725	-0.292674	31.3625	-14.6337	-0.190554	-0.214131	-10.8532	-131.666
15.3828	0.626842	-0.292481	31.3421	-14.624	-0.190883	-0.214102	-10.8473	-131.719
15.3932	0.626435	-0.292286	31.3217	-14.6143	-0.191213	-0.214073	-10.8413	-131.772
15.4037	0.626027	-0.292092	31.3014	-14.6046	-0.191542	-0.214043	-10.8353	-131.825
15.4141	0.62562	-0.291897	31.281	-14.5949	-0.191871	-0.214013	-10.8293	-131.878
15.4246	0.625213	-0.291702	31.2607	-14.5851	-0.192201	-0.213983	-10.8234	-131.93
15.435	0.624807	-0.291507	31.2403	-14.5753	-0.19253	-0.213952	-10.8174	-131.983
15.4455	0.624401	-0.291311	31.22	-14.5656	-0.19286	-0.213921	-10.8115	-132.036
15.4559	0.623995	-0.291115	31.1997	-14.5558	-0.19319	-0.21389	-10.8055	-132.089
15.4664	0.623589	-0.290919	31.1794	-14.5459	-0.193519	-0.213858	-10.7996	-132.142
15.4768	0.623184	-0.290722	31.1592	-14.5361	-0.193849	-0.213826	-10.7936	-132.195
15.4872	0.622778	-0.290525	31.1389	-14.5263	-0.194179	-0.213793	-10.7877	-132.247
15.4977	0.622373	-0.290328	31.1187	-14.5164	-0.194509	-0.213761	-10.7817	-132.3
15.5081	0.621969	-0.290131	31.0984	-14.5065	-0.194839	-0.213728	-10.7758	-132.353
15.5186	0.621564	-0.289933	31.0782	-14.4967	-0.195169	-0.213694	-10.7698	-132.406
15.529	0.62116	-0.289735	31.058	-14.4868	-0.195499	-0.213661	-10.7639	-132.458
15.5395	0.620756	-0.289537	31.0378	-14.4768	-0.195829	-0.213627	-10.758	-132.511
15.5499	0.620352	-0.289338	31.0176	-14.4669	-0.196159	-0.213592	-10.752	-132.564
15.5603	0.619949	-0.289139	30.9974	-14.457	-0.19649	-0.213558	-10.7461	-132.616
15.5708	0.619546	-0.28894	30.9773	-14.447	-0.19682	-0.213523	-10.7402	-132.669
15.5812	0.619143	-0.288741	30.9571	-14.437	-0.19715	-0.213487	-10.7343	-132.722
15.5917	0.61874	-0.288541	30.937	-14.4271	-0.197481	-0.213452	-10.7283	-132.774
15.6021	0.618338	-0.288341	30.9169	-14.4171	-0.197811	-0.213415	-10.7224	-132.827
15.6126	0.617936	-0.288141	30.8968	-14.407	-0.198142	-0.213379	-10.7165	-132.88
15.623	0.617534	-0.28794	30.8767	-14.397	-0.198473	-0.213342	-10.7106	-132.932
15.6334	0.617132	-0.287739	30.8566	-14.387	-0.198804	-0.213305	-10.7047	-132.985
15.6439	0.616731	-0.287538	30.8365	-14.3769	-0.199134	-0.213268	-10.6988	-133.037
15.6543	0.61633	-0.287337	30.8165	-14.3668	-0.199465	-0.21323	-10.6929	-133.09
15.6648	0.615929	-0.287135	30.7964	-14.3568	-0.199796	-0.213192	-10.687	-133.142
15.6752	0.615528	-0.286933	30.7764	-14.3467	-0.200127	-0.213154	-10.6811	-133.195
15.6857	0.615128	-0.286731	30.7564	-14.3365	-0.200458	-0.213115	-10.6752	-133.247
15.6961	0.614728	-0.286528	30.7364	-14.3264	-0.200789	-0.213076	-10.6693	-133.299
15.7066	0.614328	-0.286325	30.7164	-14.3163	-0.20112	-0.213037	-10.6634	-133.352
15.717	0.613928	-0.286122	30.6964	-14.3061	-0.201452	-0.212997	-10.6575	-133.404
15.7274	0.613529	-0.285919	30.6764	-14.2959	-0.201783	-0.212957	-10.6516	-133.457
15.7379	0.61313	-0.285715	30.6565	-14.2858	-0.202114	-0.212917	-10.6457	-133.509
15.7483	0.612731	-0.285511	30.6366	-14.2756	-0.202446	-0.212876	-10.6399	-133.561
15.7588	0.612333	-0.285307	30.6166	-14.2653	-0.202777	-0.212835	-10.634	-133.614
15.7692	0.611934	-0.285102	30.5967	-14.2551	-0.203109	-0.212793	-10.6281	-133.666
15.7797	0.611536	-0.284898	30.5768	-14.2449	-0.20344	-0.212752	-10.6223	-133.718
15.7901	0.611138	-0.284692	30.5569	-14.2346	-0.203772	-0.21271	-10.6164	-133.771
15.8005	0.610741	-0.284487	30.537	-14.2244	-0.204104	-0.212667	-10.6105	-133.823
15.811	0.610344	-0.284281	30.5172	-14.2141	-0.204435	-0.212625	-10.6047	-133.875
15.8214	0.609947	-0.284076	30.4973	-14.2038	-0.204767	-0.212582	-10.5988	-133.927
15.8319	0.60955	-0.283869	30.4775	-14.1935	-0.205099	-0.212538	-10.5929	-133.98
15.8423	0.609153	-0.283663	30.4577	-14.1831	-0.205431	-0.212494	-10.5871	-134.032
15.8528	0.608757	-0.283456	30.4379	-14.1728	-0.205763	-0.21245	-10.5812	-134.084
15.8632	0.608361	-0.283249	30.4181	-14.1625	-0.206095	-0.212406	-10.5754	-134.136
15.8736	0.607966	-0.283042	30.3983	-14.1521	-0.206427	-0.212361	-10.5695	-134.188
15.8841	0.60757	-0.282834	30.3785	-14.1417	-0.206759	-0.212316	-10.5637	-134.24
15.8945	0.607175	-0.282627	30.3587	-14.1313	-0.207091	-0.212271	-10.5579	-134.292
15.905	0.60678	-0.282418	30.339	-14.1209	-0.207423	-0.212225	-10.552	-134.344
15.9154	0.606385	-0.28221	30.3193	-14.1105	-0.207756	-0.212179	-10.5462	-134.397
15.9259	0.605991	-0.282001	30.2995	-14.1001	-0.208088	-0.212132	-10.5404	-134.449
15.9363	0.605597	-0.281792	30.2798	-14.0896	-0.20842	-0.212086	-10.5345	-134.501
15.9468	0.605203	-0.281583	30.2601	-14.0792	-0.208753	-0.212038	-10.5287	-134.553
15.9572	0.604809	-0.281374	30.2405	-14.0687	-0.209085	-0.211991	-10.5229	-134.605
15.9676	0.604416	-0.281164	30.2208	-14.0582	-0.209418	-0.211943	-10.5171	-134.657
15.9781	0.604023	-0.280954	30.2011	-14.0477	-0.209751	-0.211895	-10.5112	-134.709
15.9885	0.60363	-0.280744	30.1815	-14.0372	-0.210083	-0.211847	-10.5054	-134.761
15.999	0.603237	-0.280533	30.1619	-14.0267	-0.210416	-0.211798	-10.4996	-134.812
16.0094	0.602845	-0.280323	30.1422	-14.0161	-0.210749	-0.211749	-10.4938	-134.864
16.0199	0.602453	-0.280112	30.1226	-14.0056	-0.211081	-0.211699	-10.488	-134.916
16.0303	0.602061	-0.2799	30.103	-13.995	-0.211414	-0.211649	-10.4822	-134.968
16.0407	0.601669	-0.279689	30.0835	-13.9844	-0.211747	-0.211599	-10.4764	-135.02
16.0512	0.601278	-0.279477	30.0639	-13.9738	-0.21208	-0.211549	-10.4706	-135.072
16.0616	0.600887	-0.279265	30.0443	-13.9632	-0.212413	-0.211498	-10.4648	-135.124
16.0721	0.600496	-0.279052	30.0248	-13.9526	-0.212746	-0.211447	-10.459	-135.176
16.0825	0.600105	-0.27884	30.0053	-13.942	-0.213079	-0.211395	-10.4532	-135.227
16.093	0.599715	-0.278627	29.9858	-13.9313	-0.213412	-0.211343	-10.4474	-135.279
16.1034	0.599325	-0.278414	29.9663	-13.9207	-0.213746	-0.211291	-10.4416	-135.331
16.1138	0.598935	-0.2782	29.9468	-13.91	-0.214079	-0.211239	-10.4358	-135.383
16.1243	0.598546	-0.277987	29.9273	-13.8993	-0.214412	-0.211186	-10.4301	-135.434
16.1347	0.598157	-0.277773	29.9078	-13.8886	-0.214745	-0.211133	-10.4243	-135.486
16.1452	0.597767	-0.277558	29.8884	-13.8779	-0.215079	-0.211079	-10.4185	-135.538
16.1556	0.597379	-0.277344	29.8689	-13.8672	-0.215412	-0.211025	-10.4127	-135.589
16.1661	0.59699	-0.277129	29.8495	-13.8565	-0.215746	-0.210971	-10.407	-135.641
16.1765	0.596602	-0.276914	29.8301	-13.8457	-0.216079	-0.210916	-10.4012	-135.693
16.187	0.596214	-0.276699	29.8107	-13.8349	-0.216413	-0.210861	-10.3954	-135.744
16.1974	0.595826	-0.276483	29.7913	-13.8242	-0.216746	-0.210806	-10.3897	-135.796
16.2078	0.595439	-0.276268	29.7719	-13.8134	-0.21708	-0.210751	-10.3839	-135.848
16.2183	0.595052	-0.276052	29.7526	-13.8026	-0.217413	-0.210695	-10.3782	-135.899
16.2287	0.594665	-0.275835	29.7332	-13.7918	-0.217747	-0.210639	-10.3724	-135.951
16.2392	0.594278	-0.275619	29.7139	-13.7809	-0.218081	-0.210582	-10.3667	-136.002
16.2496	0.593892	-0.275402	29.6946	-13.7701	-0.218415	-0.210525	-10.3609	-136.054
16.2601	0.593505	-0.275185	29.6753	-13.7593	-0.218749	-0.210468	-10.3552	-136.105
16.2705	0.59312	-0.274968	29.656	-13.7484	-0.219082	-0.21041	-10.3494	-136.157
16.2809	0.592734	-0.27475	29.6367	-13.7375	-0.219416	-0.210352	-10.3437	-136.208
16.2914	0.592349	-0.274532	29.6174	-13.7266	-0.21975	-0.210294	-10.3379	-136.26
16.3018	0.591963	-0.274314	29.5982	-13.7157	-0.220084	-0.210235	-10.3322	-136.311
16.3123	0.591578	-0.274096	29.5789	-13.7048	-0.220418	-0.210176	-10.3265	-136.363
16.3227	0.591194	-0.273878	29.5597	-13.6939	-0.220752	-0.210117	-10.3207	-136.414
16.3332	0.59081	-0.273659	29.5405	-13.6829	-0.221086	-0.210057	-10.315	-136.465
16.3436	0.590425	-0.27344	29.5213	-13.672	-0.221421	-0.209997	-10.3093	-136.517
16.354	0.590042	-0.27322	29.5021	-13.661	-0.221755	-0.209937	-10.3036	-136.568
16.3645	0.589658	-0.273001	29.4829	-13.65	-0.222089	-0.209876	-10.2979	-136.619
16.3749	0.589275	-0.272781	29.4637	-13.6391	-0.222423	-0.209815	-10.2921	-136.671
16.3854	0.588892	-0.272561	29.4446	-13.6281	-0.222758	-0.209754	-10.2864	-136.722
16.3958	0.588509	-0.272341	29.4254	-13.617	-0.223092	-0.209692	-10.2807	-136.773
16.4063	0.588126	-0.27212	29.4063	-13.606	-0.223426	-0.20963	-10.275	-136.825
16.4167	0.587744	-0.271899	29.3872	-13.595	-0.223761	-0.209568	-10.2693	-136.876
16.4272	0.587362	-0.271678	29.3681	-13.5839	-0.224095	-0.209505	-10.2636	-136.927
16.4376	0.58698	-0.271457	29.349	-13.5729	-0.22443	-0.209442	-10.2579	-136.978
16.448	0.586599	-0.271236	29.3299	-13.5618	-0.224764	-0.209378	-10.2522	-137.03
16.4585	0.586217	-0.271014	29.3109	-13.5507	-0.225099	-0.209315	-10.2465	-137.081
16.4689	0.585836	-0.270792	29.2918	-13.5396	-0.225433	-0.209251	-10.2408	-137.132
16.4794	0.585456	-0.270569	29.2728	-13.5285	-0.225768	-0.209186	-10.2351	-137.183
16.4898	0.585075	-0.270347	29.2538	-13.5173	-0.226103	-0.209121	-10.2294	-137.234
16.5003	0.584695	-0.270124	29.2347	-13.5062	-0.226437	-0.209056	-10.2238	-137.286
16.5107	0.584315	-0.269901	29.2157	-13.4951	-0.226772	-0.208991	-10.2181	-137.337
16.5211	0.583935	-0.269678	29.1968	-13.4839	-0.227107	-0.208925	-10.2124	-137.388
16.5316	0.583556	-0.269454	29.1778	-13.4727	-0.227442	-0.208859	-10.2067	-137.439
16.542	0.583177	-0.269231	29.1588	-13.4615	-0.227776	-0.208792	-10.201	-137.49
16.5525	0.582798	-0.269007	29.1399	-13.4503	-0.228111	-0.208726	-10.1954	-137.541
16.5629	0.582419	-0.268783	29.1209	-13.4391	-0.228446	-0.208658	-10.1897	-137.592
16.5734	0.582041	-0.268558	29.102	-13.4279	-0.228781	-0.208591	-10.184	-137.643
16.5838	0.581662	-0.268333	29.0831	-13.4167	-0.229116	-0.208523	-10.1784	-137.694
16.5942	0.581284	-0.268109	29.0642	-13.4054	-0.229451	-0.208455	-10.1727	-137.745
16.6047	0.580907	-0.267883	29.0453	-13.3942	-0.229786	-0.208386	-10.1671	-137.796
16.6151	0.580529	-0.267658	29.0265	-13.3829	-0.230121	-0.208317	-10.1614	-137.847
16.6256	0.580152	-0.267432	29.0076	-13.3716	-0.230456	-0.208248	-10.1558	-137.898
16.636	0.579775	-0.267206	28.9888	-13.3603	-0.230791	-0.208179	-10.1501	-137.949
16.6465	0.579399	-0.26698	28.9699	-13.349	-0.231126	-0.208109	-10.1445	-138
16.6569	0.579022	-0.266754	28.9511	-13.3377	-0.231461	-0.208038	-10.1388	-138.051
16.6674	0.578646	-0.266527	28.9323	-13.3264	-0.231796	-0.207968	-10.1332	-138.102
16.6778	0.57827	-0.266301	28.9135	-13.315	-0.232132	-0.207897	-10.1275	-138.152
16.6882	0.577895	-0.266074	28.8947	-13.3037	-0.232467	-0.207825	-10.1219	-138.203
16.6987	0.57752	-0.265846	28.876	-13.2923	-0.232802	-0.207754	-10.1163	-138.254
16.7091	0.577144	-0.265619	28.8572	-13.2809	-0.233137	-0.207682	-10.1106	-138.305
16.7196	0.57677	-0.265391	28.8385	-13.2695	-0.233473	-0.20761	-10.105	-138.356
16.73	0.576395	-0.265163	28.8198	-13.2581	-0.233808	-0.207537	-10.0994	-138.407
16.7405	0.576021	-0.264935	28.801	-13.2467	-0.234143	-0.207464	-10.0938	-138.457
16.7509	0.575647	-0.264706	28.7823	-13.2353	-0.234479	-0.207391	-10.0881	-138.508
16.7613	0.575273	-0.264478	28.7637	-13.2239	-0.234814	-0.207317	-10.0825	-138.559
16.7718	0.574899	-0.264249	28.745	-13.2124	-0.23515	-0.207243	-10.0769	-138.61
16.7822	0.574526	-0.264019	28.7263	-13.201	-0.235485	-0.207168	-10.0713	-138.66
16.7927	0.574153	-0.26379	28.7077	-13.1895	-0.23582	-0.207094	-10.0657	-138.711
16.8031	0.57378	-0.26356	28.689	-13.178	-0.236156	-0.207019	-10.0601	-138.762
16.8136	0.573408	-0.263331	28.6704	-13.1665	-0.236491	-0.206943	-10.0545	-138.812
16.824	0.573036	-0.263101	28.6518	-13.155	-0.236827	-0.206867	-10.0489	-138.863
16.8344	0.572664	-0.26287	28.6332	-13.1435	-0.237163	-0.206791	-10.0433	-138.914
16.8449	0.572292	-0.26264	28.6146	-13.132	-0.237498	-0.206715	-10.0377	-138.964
16.8553	0.571921	-0.262409	28.596	-13.1204	-0.237834	-0.206638	-10.0321	-139.015
16.8658	0.571549	-0.262178	28.5775	-13.1089	-0.238169	-0.206561	-10.0265	-139.065
16.8762	0.571178	-0.261947	28.5589	-13.0973	-0.238505	-0.206483	-10.0209	-139.116
16.8867	0.570808	-0.261715	28.5404	-13.0858	-0.238841	-0.206406	-10.0153	-139.166
16.8971	0.570437	-0.261484	28.5219	-13.0742	-0.239176	-0.206327	-10.0097	-139.217
16.9076	0.570067	-0.261252	28.5034	-13.0626	-0.239512	-0.206249	-10.0041	-139.268
16.918	0.569697	-0.26102	28.4849	-13.051	-0.239848	-0.20617	-9.99856	-139.318
16.9284	0.569328	-0.260787	28.4664	-13.0394	-0.240183	-0.206091	-9.99299	-139.369
16.9389	0.568958	-0.260555	28.4479	-13.0277	-0.240519	-0.206011	-9.98742	-139.419
16.9493	0.568589	-0.260322	28.4294	-13.0161	-0.240855	-0.205931	-9.98185	-139.469
16.9598	0.56822	-0.260089	28.411	-13.0044	-0.241191	-0.205851	-9.97628	-139.52
16.9702	0.567851	-0.259856	28.3926	-12.9928	-0.241527	-0.205771	-9.97071	-139.57
16.9807	0.567483	-0.259622	28.3742	-12.9811	-0.241862	-0.20569	-9.96515	-139.621
16.9911	0.567115	-0.259389	28.3557	-12.9694	-0.242198	-0.205608	-9.95959	-139.671
17.0015	0.566747	-0.259155	28.3374	-12.9577	-0.242534	-0.205527	-9.95403	-139.722
17.012	0.56638	-0.258921	28.319	-12.946	-0.24287	-0.205445	-9.94848	-139.772
17.0224	0.566012	-0.258686	28.3006	-12.9343	-0.243206	-0.205363	-9.94292	-139.822
17.0329	0.565645	-0.258452	28.2823	-12.9226	-0.243542	-0.20528	-9.93737	-139.873
17.0433	0.565278	-0.258217	28.2639	-12.9108	-0.243878	-0.205197	-9.93183	-139.923
17.0538	0.564912	-0.257982	28.2456	-12.8991	-0.244214	-0.205114	-9.92628	-139.973
17.0642	0.564545	-0.257747	28.2273	-12.8873	-0.24455	-0.20503	-9.92074	-140.024
17.0746	0.564179	-0.257511	28.209	-12.8756	-0.244886	-0.204946	-9.9152	-140.074
17.0851	0.563813	-0.257276	28.1907	-12.8638	-0.245221	-0.204861	-9.90967	-140.124
17.0955	0.563448	-0.25704	28.1724	-12.852	-0.245557	-0.204777	-9.90413	-140.174
17.106	0.563083	-0.256804	28.1541	-12.8402	-0.245893	-0.204692	-9.8986	-140.225
17.1164	0.562718	-0.256567	28.1359	-12.8284	-0.246229	-0.204606	-9.89307	-140.275
17.1269	0.562353	-0.256331	28.1176	-12.8165	-0.246565	-0.204521	-9.88755	-140.325
17.1373	0.561988	-0.256094	28.0994	-12.8047	-0.246902	-0.204434	-9.88202	-140.375
17.1478	0.561624	-0.255857	28.0812	-12.7929	-0.247238	-0.204348	-9.8765	-140.425
17.1582	0.56126	-0.25562	28.063	-12.781	-0.247574	-0.204261	-9.87098	-140.476
17.1686	0.560896	-0.255383	28.0448	-12.7691	-0.24791	-0.204174	-9.86547	-140.526
17.1791	0.560533	-0.255145	28.0266	-12.7573	-0.248246	-0.204087	-9.85995	-140.576
17.1895	0.560169	-0.254907	28.0085	-12.7454	-0.248582	-0.203999	-9.85444	-140.626
17.2	0.559807	-0.254669	27.9903	-12.7335	-0.248918	-0.20391	-9.84893	-140.676
17.2104	0.559444	-0.254431	27.9722	-12.7215	-0.249254	-0.203822	-9.84343	-140.726
17.2209	0.559081	-0.254192	27.9541	-12.7096	-0.24959	-0.203733	-9.83793	-140.776
17.2313	0.558719	-0.253954	27.936	-12.6977	-0.249926	-0.203644	-9.83243	-140.826
17.2417	0.558357	-0.253715	27.9179	-12.6857	-0.250262	-0.203554	-9.82693	-140.876
17.2522	0.557995	-0.253476	27.8998	-12.6738	-0.250598	-0.203464	-9.82143	-140.926
17.2626	0.557634	-0.253237	27.8817	-12.6618	-0.250935	-0.203374	-9.81594	-140.976
17.2731	0.557273	-0.252997	27.8636	-12.6499	-0.251271	-0.203284	-9.81045	-141.026
17.2835	0.556912	-0.252757	27.8456	-12.6379	-0.251607	-0.203193	-9.80496	-141.076
17.294	0.556551	-0.252517	27.8276	-12.6259	-0.251943	-0.203101	-9.79948	-141.126
17.3044	0.556191	-0.252277	27.8095	-12.6139	-0.252279	-0.20301	-9.794	-141.176
17.3148	0.555831	-0.252037	27.7915	-12.6018	-0.252615	-0.202918	-9.78852	-141.226
17.3253	0.555471	-0.251796	27.7735	-12.5898	-0.252952	-0.202825	-9.78304	-141.276
17.3357	0.555111	-0.251556	27.7555	-12.5778	-0.253288	-0.202733	-9.77757	-141.326
17.3462	0.554752	-0.251315	27.7376	-12.5657	-0.253624	-0.20264	-9.77209	-141.376
17.3566	0.554392	-0.251074	27.7196	-12.5537	-0.25396	-0.202546	-9.76662	-141.426
17.3671	0.554034	-0.250832	27.7017	-12.5416	-0.254296	-0.202452	-9.76116	-141.476
17.3775	0.553675	-0.250591	27.6837	-12.5295	-0.254632	-0.202358	-9.75569	-141.526
17.388	0.553316	-0.250349	27.6658	-12.5174	-0.254969	-0.202264	-9.75023	-141.575
17.3984	0.552958	-0.250107	27.6479	-12.5053	-0.255305	-0.202169	-9.74477	-141.625
17.4088	0.5526	-0.249865	27.63	-12.4932	-0.255641	-0.202074	-9.73932	-141.675
17.4193	0.552243	-0.249622	27.6121	-12.4811	-0.255977	-0.201979	-9.73386	-141.725
17.4297	0.551885	-0.24938	27.5943	-12.469	-0.256313	-0.201883	-9.72841	-141.775
17.4402	0.551528	-0.249137	27.5764	-12.4568	-0.25665	-0.201787	-9.72296	-141.824
17.4506	0.551172	-0.248894	27.5586	-12.4447	-0.256986	-0.20169	-9.71752	-141.874
17.4611	0.550815	-0.248651	27.5407	-12.4325	-0.257322	-0.201593	-9.71207	-141.924
17.4715	0.550459	-0.248407	27.5229	-12.4204	-0.257658	-0.201496	-9.70663	-141.974
17.4819	0.550102	-0.248164	27.5051	-12.4082	-0.257994	-0.201399	-9.70119	-142.023
17.4924	0.549747	-0.24792	27.4873	-12.396	-0.258331	-0.201301	-9.69576	-142.073
17.5028	0.549391	-0.247676	27.4696	-12.3838	-0.258667	-0.201202	-9.69033	-142.123
17.5133	0.549036	-0.247432	27.4518	-12.3716	-0.259003	-0.201104	-9.68489	-142.172
17.5237	0.548681	-0.247187	27.434	-12.3594	-0.259339	-0.201005	-9.67947	-142.222
17.5342	0.548326	-0.246942	27.4163	-12.3471	-0.259675	-0.200906	-9.67404	-142.272
17.5446	0.547971	-0.246698	27.3986	-12.3349	-0.260012	-0.200806	-9.66862	-142.321
17.555	0.547617	-0.246453	27.3808	-12.3226	-0.260348	-0.200706	-9.6632	-142.371
17.5655	0.547263	-0.246207	27.3631	-12.3104	-0.260684	-0.200606	-9.65778	-142.42
17.5759	0.546909	-0.245962	27.3455	-12.2981	-0.26102	-0.200505	-9.65236	-142.47
17.5864	0.546556	-0.245716	27.3278	-12.2858	-0.261356	-0.200404	-9.64695	-142.52
17.5968	0.546202	-0.245471	27.3101	-12.2735	-0.261692	-0.200303	-9.64154	-142.569
17.6073	0.545849	-0.245225	27.2925	-12.2612	-0.262028	-0.200201	-9.63613	-142.619
17.6177	0.545496	-0.244978	27.2748	-12.2489	-0.262365	-0.200099	-9.63073	-142.668
17.6282	0.545144	-0.244732	27.2572	-12.2366	-0.262701	-0.199996	-9.62533	-142.718
17.6386	0.544792	-0.244485	27.2396	-12.2243	-0.263037	-0.199894	-9.61993	-142.767
17.649	0.54444	-0.244239	27.222	-12.2119	-0.263373	-0.199791	-9.61453	-142.817
17.6595	0.544088	-0.243992	27.2044	-12.1996	-0.263709	-0.199687	-9.60913	-142.866
17.6699	0.543736	-0.243744	27.1868	-12.1872	-0.264045	-0.199583	-9.60374	-142.916
17.6804	0.543385	-0.243497	27.1693	-12.1749	-0.264381	-0.199479	-9.59835	-142.965
17.6908	0.543034	-0.24325	27.1517	-12.1625	-0.264717	-0.199375	-9.59296	-143.014
17.7013	0.542683	-0.243002	27.1342	-12.1501	-0.265054	-0.19927	-9.58758	-143.064
17.7117	0.542333	-0.242754	27.1166	-12.1377	-0.26539	-0.199165	-9.5822	-143.113
17.7221	0.541983	-0.242506	27.0991	-12.1253	-0.265726	-0.199059	-9.57682	-143.163
17.7326	0.541633	-0.242257	27.0816	-12.1129	-0.266062	-0.198953	-9.57144	-143.212
17.743	0.541283	-0.242009	27.0641	-12.1004	-0.266398	-0.198847	-9.56607	-143.261
17.7535	0.540933	-0.24176	27.0467	-12.088	-0.266734	-0.19874	-9.56069	-143.311
17.7639	0.540584	-0.241511	27.0292	-12.0756	-0.26707	-0.198633	-9.55532	-143.36
17.7744	0.540235	-0.241262	27.0118	-12.0631	-0.267406	-0.198526	-9.54996	-143.409
17.7848	0.539886	-0.241013	26.9943	-12.0506	-0.267742	-0.198419	-9.54459	-143.459
17.7952	0.539538	-0.240763	26.9769	-12.0382	-0.268078	-0.198311	-9.53923	-143.508
17.8057	0.53919	-0.240514	26.9595	-12.0257	-0.268414	-0.198202	-9.53387	-143.557
17.8161	0.538842	-0.240264	26.9421	-12.0132	-0.26875	-0.198094	-9.52851	-143.606
17.8266	0.538494	-0.240014	26.9247	-12.0007	-0.269086	-0.197985	-9.52316	-143.656
17.837	0.538147	-0.239764	26.9073	-11.9882	-0.269422	-0.197875	-9.51781	-143.705
17.8475	0.537799	-0.239513	26.89	-11.9757	-0.269758	-0.197766	-9.51246	-143.754
17.8579	0.537452	-0.239263	26.8726	-11.9631	-0.270094	-0.197655	-9.50711	-143.803
17.8684	0.537106	-0.239012	26.8553	-11.9506	-0.27043	-0.197545	-9.50177	-143.852
17.8788	0.536759	-0.238761	26.838	-11.938	-0.270765	-0.197434	-9.49643	-143.902
17.8892	0.536413	-0.23851	26.8207	-11.9255	-0.271101	-0.197323	-9.49109	-143.951
17.8997	0.536067	-0.238258	26.8034	-11.9129	-0.271437	-0.197212	-9.48575	-144
17.9101	0.535721	-0.238007	26.7861	-11.9003	-0.271773	-0.1971	-9.48042	-144.049
17.9206	0.535376	-0.237755	26.7688	-11.8878	-0.272109	-0.196988	-9.47509	-144.098
17.931	0.535031	-0.237503	26.7515	-11.8752	-0.272445	-0.196875	-9.46976	-144.147
17.9415	0.534686	-0.237251	26.7343	-11.8626	-0.27278	-0.196762	-9.46443	-144.196
17.9519	0.534341	-0.236999	26.7171	-11.8499	-0.273116	-0.196649	-9.45911	-144.245
17.9623	0.533997	-0.236746	26.6998	-11.8373	-0.273452	-0.196536	-9.45379	-144.294
17.9728	0.533652	-0.236494	26.6826	-11.8247	-0.273788	-0.196422	-9.44847	-144.343
17.9832	0.533309	-0.236241	26.6654	-11.812	-0.274123	-0.196308	-9.44315	-144.392
17.9937	0.532965	-0.235988	26.6482	-11.7994	-0.274459	-0.196193	-9.43784	-144.441
18.0041	0.532621	-0.235735	26.6311	-11.7867	-0.274795	-0.196078	-9.43253	-144.49
18.0146	0.532278	-0.235481	26.6139	-11.7741	-0.27513	-0.195963	-9.42722	-144.539
18.025	0.531935	-0.235228	26.5968	-11.7614	-0.275466	-0.195847	-9.42191	-144.588
18.0354	0.531593	-0.234974	26.5796	-11.7487	-0.275802	-0.195731	-9.41661	-144.637
18.0459	0.53125	-0.23472	26.5625	-11.736	-0.276137	-0.195615	-9.41131	-144.686
18.0563	0.530908	-0.234466	26.5454	-11.7233	-0.276473	-0.195498	-9.40601	-144.735
18.0668	0.530566	-0.234212	26.5283	-11.7106	-0.276808	-0.195381	-9.40071	-144.784
18.0772	0.530224	-0.233957	26.5112	-11.6979	-0.277144	-0.195264	-9.39542	-144.833
18.0877	0.529883	-0.233703	26.4941	-11.6851	-0.277479	-0.195146	-9.39013	-144.882
18.0981	0.529542	-0.233448	26.4771	-11.6724	-0.277815	-0.195028	-9.38484	-144.931
18.1086	0.529201	-0.233193	26.46	-11.6596	-0.27815	-0.194909	-9.37955	-144.98
18.119	0.52886	-0.232938	26.443	-11.6469	-0.278486	-0.194791	-9.37427	-145.029
18.1294	0.52852	-0.232682	26.426	-11.6341	-0.278821	-0.194672	-9.36899	-145.077
18.1399	0.52818	-0.232427	26.409	-11.6213	-0.279157	-0.194552	-9.36371	-145.126
18.1503	0.52784	-0.232171	26.392	-11.6086	-0.279492	-0.194432	-9.35843	-145.175
18.1608	0.5275	-0.231915	26.375	-11.5958	-0.279827	-0.194312	-9.35316	-145.224
18.1712	0.527161	-0.231659	26.358	-11.583	-0.280163	-0.194192	-9.34789	-145.273
18.1817	0.526821	-0.231403	26.3411	-11.5702	-0.280498	-0.194071	-9.34262	-145.321
18.1921	0.526482	-0.231147	26.3241	-11.5573	-0.280833	-0.193949	-9.33735	-145.37
18.2025	0.526144	-0.23089	26.3072	-11.5445	-0.281168	-0.193828	-9.33209	-145.419
18.213	0.525805	-0.230634	26.2903	-11.5317	-0.281504	-0.193706	-9.32683	-145.468
18.2234	0.525467	-0.230377	26.2734	-11.5188	-0.281839	-0.193584	-9.32157	-145.516
18.2339	0.525129	-0.23012	26.2565	-11.506	-0.282174	-0.193461	-9.31631	-145.565
18.2443	0.524792	-0.229862	26.2396	-11.4931	-0.282509	-0.193338	-9.31106	-145.614
18.2548	0.524454	-0.229605	26.2227	-11.4802	-0.282844	-0.193215	-9.30581	-145.662
18.2652	0.524117	-0.229347	26.2058	-11.4674	-0.283179	-0.193091	-9.30056	-145.711
18.2756	0.52378	-0.229089	26.189	-11.4545	-0.283514	-0.192967	-9.29531	-145.76
18.2861	0.523443	-0.228832	26.1722	-11.4416	-0.283849	-0.192843	-9.29007	-145.808
18.2965	0.523107	-0.228573	26.1553	-11.4287	-0.284184	-0.192718	-9.28483	-145.857
18.307	0.522771	-0.228315	26.1385	-11.4158	-0.284519	-0.192593	-9.27959	-145.906
18.3174	0.522435	-0.228057	26.1217	-11.4028	-0.284854	-0.192468	-9.27435	-145.954
18.3279	0.522099	-0.227798	26.105	-11.3899	-0.285189	-0.192342	-9.26912	-146.003
18.3383	0.521764	-0.227539	26.0882	-11.377	-0.285524	-0.192216	-9.26389	-146.051
18.3488	0.521429	-0.22728	26.0714	-11.364	-0.285859	-0.192089	-9.25866	-146.1
18.3592	0.521094	-0.227021	26.0547	-11.3511	-0.286193	-0.191963	-9.25343	-146.148
18.3696	0.520759	-0.226762	26.0379	-11.3381	-0.286528	-0.191835	-9.24821	-146.197
18.3801	0.520424	-0.226502	26.0212	-11.3251	-0.286863	-0.191708	-9.24299	-146.246
18.3905	0.52009	-0.226243	26.0045	-11.3121	-0.287198	-0.19158	-9.23777	-146.294
18.401	0.519756	-0.225983	25.9878	-11.2991	-0.287532	-0.191452	-9.23255	-146.343
18.4114	0.519423	-0.225723	25.9711	-11.2862	-0.287867	-0.191323	-9.22734	-146.391
18.4219	0.519089	-0.225463	25.9545	-11.2731	-0.288201	-0.191195	-9.22213	-146.439
18.4323	0.518756	-0.225203	25.9378	-11.2601	-0.288536	-0.191065	-9.21692	-146.488
18.4427	0.518423	-0.224942	25.9212	-11.2471	-0.28887	-0.190936	-9.21171	-146.536
18.4532	0.51809	-0.224681	25.9045	-11.2341	-0.289205	-0.190806	-9.20651	-146.585
18.4636	0.517758	-0.224421	25.8879	-11.221	-0.289539	-0.190676	-9.20131	-146.633
18.4741	0.517426	-0.22416	25.8713	-11.208	-0.289874	-0.190545	-9.19611	-146.682
18.4845	0.517094	-0.223899	25.8547	-11.1949	-0.290208	-0.190414	-9.19091	-146.73
18.495	0.516762	-0.223637	25.8381	-11.1819	-0.290542	-0.190283	-9.18572	-146.778
18.5054	0.51643	-0.223376	25.8215	-11.1688	-0.290877	-0.190151	-9.18053	-146.827
18.5158	0.516099	-0.223114	25.805	-11.1557	-0.291211	-0.190019	-9.17534	-146.875
18.5263	0.515768	-0.222852	25.7884	-11.1426	-0.291545	-0.189887	-9.17015	-146.923
18.5367	0.515438	-0.222591	25.7719	-11.1295	-0.291879	-0.189754	-9.16497	-146.972
18.5472	0.515107	-0.222328	25.7554	-11.1164	-0.292214	-0.189621	-9.15979	-147.02
18.5576	0.514777	-0.222066	25.7388	-11.1033	-0.292548	-0.189487	-9.15461	-147.068
18.5681	0.514447	-0.221804	25.7223	-11.0902	-0.292882	-0.189354	-9.14943	-147.117
18.5785	0.514117	-0.221541	25.7059	-11.0771	-0.293216	-0.189219	-9.14426	-147.165
18.589	0.513788	-0.221278	25.6894	-11.0639	-0.29355	-0.189085	-9.13909	-147.213
18.5994	0.513458	-0.221015	25.6729	-11.0508	-0.293884	-0.18895	-9.13392	-147.261
18.6098	0.513129	-0.220752	25.6565	-11.0376	-0.294218	-0.188815	-9.12875	-147.31
18.6203	0.512801	-0.220489	25.64	-11.0245	-0.294551	-0.18868	-9.12359	-147.358
18.6307	0.512472	-0.220226	25.6236	-11.0113	-0.294885	-0.188544	-9.11843	-147.406
18.6412	0.512144	-0.219962	25.6072	-10.9981	-0.295219	-0.188407	-9.11327	-147.454
18.6516	0.511816	-0.219698	25.5908	-10.9849	-0.295553	-0.188271	-9.10811	-147.502
18.6621	0.511488	-0.219435	25.5744	-10.9717	-0.295886	-0.188134	-9.10296	-147.55
18.6725	0.511161	-0.219171	25.558	-10.9585	-0.29622	-0.187997	-9.0978	-147.599
18.6829	0.510833	-0.218906	25.5417	-10.9453	-0.296554	-0.187859	-9.09265	-147.647
18.6934	0.510506	-0.218642	25.5253	-10.9321	-0.296887	-0.187721	-9.08751	-147.695
18.7038	0.510179	-0.218378	25.509	-10.9189	-0.297221	-0.187583	-9.08236	-147.743
18.7143	0.509853	-0.218113	25.4926	-10.9056	-0.297554	-0.187444	-9.07722	-147.791
18.7247	0.509527	-0.217848	25.4763	-10.8924	-0.297888	-0.187305	-9.07208	-147.839
18.7352	0.509201	-0.217583	25.46	-10.8792	-0.298221	-0.187166	-9.06694	-147.887
18.7456	0.508875	-0.217318	25.4437	-10.8659	-0.298554	-0.187026	-9.06181	-147.935
18.756	0.508549	-0.217053	25.4275	-10.8526	-0.298888	-0.186886	-9.05668	-147.983
18.7665	0.508224	-0.216787	25.4112	-10.8394	-0.299221	-0.186746	-9.05155	-148.031
18.7769	0.507899	-0.216522	25.3949	-10.8261	-0.299554	-0.186605	-9.04642	-148.079
18.7874	0.507574	-0.216256	25.3787	-10.8128	-0.299887	-0.186464	-9.0413	-148.127
18.7978	0.507249	-0.21599	25.3625	-10.7995	-0.30022	-0.186323	-9.03617	-148.175
18.8083	0.506925	-0.215724	25.3463	-10.7862	-0.300553	-0.186181	-9.03105	-148.223
18.8187	0.506601	-0.215458	25.33	-10.7729	-0.300886	-0.186039	-9.02594	-148.271
18.8292	0.506277	-0.215192	25.3139	-10.7596	-0.301219	-0.185896	-9.02082	-148.319
18.8396	0.505953	-0.214925	25.2977	-10.7462	-0.301552	-0.185753	-9.01571	-148.367
18.85	0.50563	-0.214658	25.2815	-10.7329	-0.301885	-0.18561	-9.0106	-148.415
18.8605	0.505307	-0.214392	25.2654	-10.7196	-0.302218	-0.185467	-9.00549	-148.463
18.8709	0.504984	-0.214125	25.2492	-10.7062	-0.30255	-0.185323	-9.00039	-148.511
18.8814	0.504662	-0.213857	25.2331	-10.6929	-0.302883	-0.185179	-8.99528	-148.559
18.8918	0.504339	-0.21359	25.217	-10.6795	-0.303216	-0.185034	-8.99018	-148.607
18.9023	0.504017	-0.213323	25.2008	-10.6661	-0.303548	-0.184889	-8.98508	-148.655
18.9127	0.503695	-0.213055	25.1848	-10.6528	-0.303881	-0.184744	-8.97999	-148.703
18.9231	0.503373	-0.212787	25.1687	-10.6394	-0.304213	-0.184598	-8.9749	-148.75
18.9336	0.503052	-0.21252	25.1526	-10.626	-0.304546	-0.184452	-8.96981	-148.798
18.944	0.502731	-0.212252	25.1365	-10.6126	-0.304878	-0.184306	-8.96472	-148.846
18.9545	0.50241	-0.211983	25.1205	-10.5992	-0.305211	-0.184159	-8.95963	-148.894
18.9649	0.502089	-0.211715	25.1045	-10.5858	-0.305543	-0.184012	-8.95455	-148.942
18.9754	0.501769	-0.211447	25.0884	-10.5723	-0.305875	-0.183865	-8.94947	-148.989
18.9858	0.501449	-0.211178	25.0724	-10.5589	-0.306207	-0.183717	-8.94439	-149.037
18.9962	0.501129	-0.210909	25.0564	-10.5455	-0.306539	-0.183569	-8.93931	-149.085
19.0067	0.500809	-0.21064	25.0404	-10.532	-0.306871	-0.183421	-8.93424	-149.133
19.0171	0.500489	-0.210371	25.0245	-10.5186	-0.307203	-0.183272	-8.92917	-149.18
19.0276	0.50017	-0.210102	25.0085	-10.5051	-0.307535	-0.183123	-8.9241	-149.228
19.038	0.499851	-0.209833	24.9926	-10.4916	-0.307867	-0.182974	-8.91903	-149.276
19.0485	0.499532	-0.209563	24.9766	-10.4782	-0.308199	-0.182824	-8.91397	-149.324
19.0589	0.499214	-0.209294	24.9607	-10.4647	-0.308531	-0.182674	-8.90891	-149.371
19.0694	0.498896	-0.209024	24.9448	-10.4512	-0.308862	-0.182523	-8.90385	-149.419
19.0798	0.498578	-0.208754	24.9289	-10.4377	-0.309194	-0.182373	-8.89879	-149.467
19.0902	0.49826	-0.208484	24.913	-10.4242	-0.309526	-0.182221	-8.89374	-149.514
19.1007	0.497942	-0.208214	24.8971	-10.4107	-0.309857	-0.18207	-8.88869	-149.562
19.1111	0.497625	-0.207943	24.8813	-10.3972	-0.310189	-0.181918	-8.88364	-149.609
19.1216	0.497308	-0.207673	24.8654	-10.3836	-0.31052	-0.181766	-8.87859	-149.657
19.132	0.496991	-0.207402	24.8496	-10.3701	-0.310851	-0.181613	-8.87355	-149.705
19.1425	0.496675	-0.207132	24.8337	-10.3566	-0.311183	-0.18146	-8.86851	-149.752
19.1529	0.496358	-0.206861	24.8179	-10.343	-0.311514	-0.181307	-8.86347	-149.8
19.1633	0.496042	-0.20659	24.8021	-10.3295	-0.311845	-0.181154	-8.85843	-149.847
19.1738	0.495726	-0.206318	24.7863	-10.3159	-0.312176	-0.181	-8.8534	-149.895
19.1842	0.495411	-0.206047	24.7705	-10.3023	-0.312507	-0.180845	-8.84836	-149.942
19.1947	0.495095	-0.205775	24.7548	-10.2888	-0.312838	-0.180691	-8.84333	-149.99
19.2051	0.49478	-0.205504	24.739	-10.2752	-0.313169	-0.180536	-8.83831	-150.037
19.2156	0.494465	-0.205232	24.7233	-10.2616	-0.3135	-0.18038	-8.83328	-150.085
19.226	0.494151	-0.20496	24.7075	-10.248	-0.313831	-0.180225	-8.82826	-150.132
19.2364	0.493836	-0.204688	24.6918	-10.2344	-0.314161	-0.180069	-8.82324	-150.18
19.2469	0.493522	-0.204416	24.6761	-10.2208	-0.314492	-0.179912	-8.81822	-150.227
19.2573	0.493208	-0.204144	24.6604	-10.2072	-0.314823	-0.179756	-8.81321	-150.275
19.2678	0.492895	-0.203871	24.6447	-10.1936	-0.315153	-0.179599	-8.80819	-150.322
19.2782	0.492581	-0.203598	24.6291	-10.1799	-0.315484	-0.179441	-8.80318	-150.37
19.2887	0.492268	-0.203326	24.6134	-10.1663	-0.315814	-0.179283	-8.79818	-150.417
19.2991	0.491955	-0.203053	24.5977	-10.1526	-0.316144	-0.179125	-8.79317	-150.464
19.3096	0.491642	-0.20278	24.5821	-10.139	-0.316475	-0.178967	-8.78817	-150.512
19.32	0.49133	-0.202507	24.5665	-10.1253	-0.316805	-0.178808	-8.78317	-150.559
19.3304	0.491017	-0.202233	24.5509	-10.1117	-0.317135	-0.178649	-8.77817	-150.607
19.3409	0.490705	-0.20196	24.5353	-10.098	-0.317465	-0.178489	-8.77317	-150.654
19.3513	0.490394	-0.201686	24.5197	-10.0843	-0.317795	-0.17833	-8.76818	-150.701
19.3618	0.490082	-0.201413	24.5041	-10.0706	-0.318125	-0.178169	-8.76319	-150.749
19.3722	0.489771	-0.201139	24.4885	-10.0569	-0.318455	-0.178009	-8.7582	-150.796
19.3827	0.48946	-0.200865	24.473	-10.0432	-0.318785	-0.177848	-8.75321	-150.843
19.3931	0.489149	-0.200591	24.4575	-10.0295	-0.319114	-0.177687	-8.74823	-150.89
19.4035	0.488838	-0.200316	24.4419	-10.0158	-0.319444	-0.177525	-8.74325	-150.938
19.414	0.488528	-0.200042	24.4264	-10.0021	-0.319773	-0.177363	-8.73827	-150.985
19.4244	0.488218	-0.199768	24.4109	-9.98838	-0.320103	-0.177201	-8.73329	-151.032
19.4349	0.487908	-0.199493	24.3954	-9.97465	-0.320432	-0.177038	-8.72832	-151.079
19.4453	0.487599	-0.199218	24.3799	-9.96091	-0.320762	-0.176875	-8.72335	-151.127
19.4558	0.487289	-0.198943	24.3645	-9.94716	-0.321091	-0.176712	-8.71838	-151.174
19.4662	0.48698	-0.198668	24.349	-9.93341	-0.32142	-0.176549	-8.71341	-151.221
19.4766	0.486671	-0.198393	24.3336	-9.91965	-0.321749	-0.176385	-8.70845	-151.268
19.4871	0.486362	-0.198118	24.3181	-9.90589	-0.322078	-0.17622	-8.70348	-151.315
19.4975	0.486054	-0.197842	24.3027	-9.89211	-0.322407	-0.176056	-8.69853	-151.363
19.508	0.485746	-0.197567	24.2873	-9.87833	-0.322736	-0.175891	-8.69357	-151.41
19.5184	0.485438	-0.197291	24.2719	-9.86455	-0.323065	-0.175725	-8.68861	-151.457
19.5289	0.48513	-0.197015	24.2565	-9.85076	-0.323394	-0.175559	-8.68366	-151.504
19.5393	0.484823	-0.196739	24.2411	-9.83696	-0.323723	-0.175393	-8.67871	-151.551
19.5498	0.484515	-0.196463	24.2258	-9.82315	-0.324051	-0.175227	-8.67376	-151.598
19.5602	0.484208	-0.196187	24.2104	-9.80934	-0.32438	-0.17506	-8.66882	-151.645
19.5706	0.483902	-0.19591	24.1951	-9.79552	-0.324708	-0.174893	-8.66387	-151.692
19.5811	0.483595	-0.195634	24.1797	-9.7817	-0.325037	-0.174726	-8.65893	-151.739
19.5915	0.483289	-0.195357	24.1644	-9.76787	-0.325365	-0.174558	-8.654	-151.786
19.602	0.482983	-0.195081	24.1491	-9.75403	-0.325693	-0.17439	-8.64906	-151.834
19.6124	0.482677	-0.194804	24.1338	-9.74019	-0.326021	-0.174221	-8.64413	-151.881
19.6229	0.482371	-0.194527	24.1186	-9.72634	-0.326349	-0.174052	-8.6392	-151.928
19.6333	0.482066	-0.19425	24.1033	-9.71248	-0.326677	-0.173883	-8.63427	-151.975
19.6437	0.481761	-0.193972	24.088	-9.69862	-0.327005	-0.173714	-8.62934	-152.022
19.6542	0.481456	-0.193695	24.0728	-9.68475	-0.327333	-0.173544	-8.62442	-152.069
19.6646	0.481151	-0.193417	24.0576	-9.67087	-0.327661	-0.173374	-8.6195	-152.116
19.6751	0.480847	-0.19314	24.0423	-9.65699	-0.327989	-0.173203	-8.61458	-152.163
19.6855	0.480543	-0.192862	24.0271	-9.6431	-0.328316	-0.173032	-8.60966	-152.209
19.696	0.480239	-0.192584	24.0119	-9.6292	-0.328644	-0.172861	-8.60475	-152.256
19.7064	0.479935	-0.192306	23.9967	-9.6153	-0.328971	-0.17269	-8.59983	-152.303
19.7168	0.479631	-0.192028	23.9816	-9.6014	-0.329299	-0.172518	-8.59492	-152.35
19.7273	0.479328	-0.19175	23.9664	-9.58748	-0.329626	-0.172345	-8.59002	-152.397
19.7377	0.479025	-0.191471	23.9513	-9.57356	-0.329953	-0.172173	-8.58511	-152.444
19.7482	0.478722	-0.191193	23.9361	-9.55964	-0.33028	-0.172	-8.58021	-152.491
19.7586	0.47842	-0.190914	23.921	-9.5457	-0.330607	-0.171826	-8.57531	-152.538
19.7691	0.478117	-0.190635	23.9059	-9.53177	-0.330934	-0.171653	-8.57041	-152.585
19.7795	0.477815	-0.190356	23.8908	-9.51782	-0.331261	-0.171479	-8.56552	-152.631
19.79	0.477514	-0.190077	23.8757	-9.50387	-0.331588	-0.171304	-8.56063	-152.678
19.8004	0.477212	-0.189798	23.8606	-9.48991	-0.331914	-0.17113	-8.55573	-152.725
19.8108	0.476911	-0.189519	23.8455	-9.47595	-0.332241	-0.170955	-8.55085	-152.772
19.8213	0.476609	-0.18924	23.8305	-9.46198	-0.332567	-0.170779	-8.54596	-152.819
19.8317	0.476309	-0.18896	23.8154	-9.448	-0.332894	-0.170604	-8.54108	-152.865
19.8422	0.476008	-0.18868	23.8004	-9.43402	-0.33322	-0.170428	-8.5362	-152.912
19.8526	0.475707	-0.188401	23.7854	-9.42003	-0.333547	-0.170251	-8.53132	-152.959
19.8631	0.475407	-0.188121	23.7704	-9.40604	-0.333873	-0.170075	-8.52644	-153.006
19.8735	0.475107	-0.187841	23.7554	-9.39204	-0.334199	-0.169897	-8.52157	-153.052
19.8839	0.474808	-0.187561	23.7404	-9.37803	-0.334525	-0.16972	-8.5167	-153.099
19.8944	0.474508	-0.18728	23.7254	-9.36402	-0.334851	-0.169542	-8.51183	-153.146
19.9048	0.474209	-0.187	23.7104	-9.35	-0.335177	-0.169364	-8.50696	-153.193
19.9153	0.47391	-0.18672	23.6955	-9.33598	-0.335502	-0.169186	-8.5021	-153.239
19.9257	0.473611	-0.186439	23.6805	-9.32195	-0.335828	-0.169007	-8.49724	-153.286
19.9362	0.473312	-0.186158	23.6656	-9.30792	-0.336153	-0.168828	-8.49238	-153.333
19.9466	0.473014	-0.185877	23.6507	-9.29387	-0.336479	-0.168648	-8.48752	-153.379
19.957	0.472716	-0.185597	23.6358	-9.27983	-0.336804	-0.168468	-8.48266	-153.426
19.9675	0.472418	-0.185315	23.6209	-9.26577	-0.33713	-0.168288	-8.47781	-153.473
19.9779	0.47212	-0.185034	23.606	-9.25171	-0.337455	-0.168108	-8.47296	-153.519
19.9884	0.471823	-0.184753	23.5911	-9.23765	-0.33778	-0.167927	-8.46811	-153.566
19.9988	0.471526	-0.184471	23.5763	-9.22357	-0.338105	-0.167746	-8.46327	-153.612
20.0093	0.471229	-0.18419	23.5614	-9.2095	-0.33843	-0.167564	-8.45843	-153.659
20.0197	0.470932	-0.183908	23.5466	-9.19541	-0.338755	-0.167382	-8.45359	-153.706
20.0302	0.470636	-0.183626	23.5318	-9.18132	-0.339079	-0.1672	-8.44875	-153.752
20.0406	0.470339	-0.183345	23.517	-9.16723	-0.339404	-0.167018	-8.44391	-153.799
20.051	0.470043	-0.183063	23.5022	-9.15313	-0.339728	-0.166835	-8.43908	-153.845
20.0615	0.469748	-0.18278	23.4874	-9.13902	-0.340053	-0.166651	-8.43425	-153.892
20.0719	0.469452	-0.182498	23.4726	-9.12491	-0.340377	-0.166468	-8.42942	-153.938
20.0824	0.469157	-0.182216	23.4578	-9.11079	-0.340701	-0.166284	-8.42459	-153.985
20.0928	0.468862	-0.181933	23.4431	-9.09667	-0.341026	-0.1661	-8.41977	-154.031
20.1033	0.468567	-0.181651	23.4283	-9.08254	-0.34135	-0.165915	-8.41495	-154.078
20.1137	0.468272	-0.181368	23.4136	-9.0684	-0.341674	-0.16573	-8.41013	-154.124
20.1241	0.467978	-0.181085	23.3989	-9.05426	-0.341998	-0.165545	-8.40531	-154.171
20.1346	0.467683	-0.180802	23.3842	-9.04012	-0.342321	-0.165359	-8.40049	-154.217
20.145	0.467389	-0.180519	23.3695	-9.02596	-0.342645	-0.165173	-8.39568	-154.263
20.1555	0.467096	-0.180236	23.3548	-9.0118	-0.342969	-0.164987	-8.39087	-154.31
20.1659	0.466802	-0.179953	23.3401	-8.99764	-0.343292	-0.1648	-8.38607	-154.356
20.1764	0.466509	-0.179669	23.3254	-8.98347	-0.343615	-0.164613	-8.38126	-154.403
20.1868	0.466216	-0.179386	23.3108	-8.9693	-0.343939	-0.164426	-8.37646	-154.449
20.1972	0.465923	-0.179102	23.2962	-8.95512	-0.344262	-0.164238	-8.37166	-154.495
20.2077	0.465631	-0.178819	23.2815	-8.94093	-0.344585	-0.16405	-8.36686	-154.542
20.2181	0.465338	-0.178535	23.2669	-8.92674	-0.344908	-0.163862	-8.36206	-154.588
20.2286	0.465046	-0.178251	23.2523	-8.91254	-0.345231	-0.163673	-8.35727	-154.634
20.239	0.464754	-0.177967	23.2377	-8.89834	-0.345554	-0.163484	-8.35248	-154.681
20.2495	0.464463	-0.177683	23.2231	-8.88413	-0.345876	-0.163295	-8.34769	-154.727
20.2599	0.464171	-0.177398	23.2086	-8.86991	-0.346199	-0.163105	-8.3429	-154.773
20.2704	0.46388	-0.177114	23.194	-8.85569	-0.346521	-0.162915	-8.33812	-154.82
20.2808	0.463589	-0.176829	23.1794	-8.84147	-0.346844	-0.162724	-8.33334	-154.866
20.2912	0.463298	-0.176545	23.1649	-8.82724	-0.347166	-0.162534	-8.32856	-154.912
20.3017	0.463008	-0.17626	23.1504	-8.813	-0.347488	-0.162343	-8.32378	-154.959
20.3121	0.462717	-0.175975	23.1359	-8.79876	-0.34781	-0.162151	-8.31901	-155.005
20.3226	0.462427	-0.17569	23.1214	-8.78451	-0.348132	-0.161959	-8.31423	-155.051
20.333	0.462137	-0.175405	23.1069	-8.77026	-0.348454	-0.161767	-8.30946	-155.097
20.3435	0.461848	-0.17512	23.0924	-8.756	-0.348776	-0.161575	-8.3047	-155.143
20.3539	0.461558	-0.174835	23.0779	-8.74174	-0.349097	-0.161382	-8.29993	-155.19
20.3643	0.461269	-0.174549	23.0635	-8.72747	-0.349419	-0.161189	-8.29517	-155.236
20.3748	0.46098	-0.174264	23.049	-8.7132	-0.34974	-0.160995	-8.29041	-155.282
20.3852	0.460692	-0.173978	23.0346	-8.69892	-0.350062	-0.160802	-8.28565	-155.328
20.3957	0.460403	-0.173693	23.0202	-8.68463	-0.350383	-0.160607	-8.28089	-155.374
20.4061	0.460115	-0.173407	23.0057	-8.67034	-0.350704	-0.160413	-8.27614	-155.421
20.4166	0.459827	-0.173121	22.9913	-8.65605	-0.351025	-0.160218	-8.27139	-155.467
20.427	0.459539	-0.172835	22.977	-8.64174	-0.351346	-0.160023	-8.26664	-155.513
20.4374	0.459252	-0.172549	22.9626	-8.62744	-0.351667	-0.159827	-8.26189	-155.559
20.4479	0.458964	-0.172263	22.9482	-8.61313	-0.351988	-0.159632	-8.25715	-155.605
20.4583	0.458677	-0.171976	22.9339	-8.59881	-0.352308	-0.159435	-8.25241	-155.651
20.4688	0.45839	-0.17169	22.9195	-8.58449	-0.352629	-0.159239	-8.24767	-155.697
20.4792	0.458104	-0.171403	22.9052	-8.57016	-0.352949	-0.159042	-8.24293	-155.743
20.4897	0.457817	-0.171117	22.8909	-8.55583	-0.353269	-0.158845	-8.2382	-155.789
20.5001	0.457531	-0.17083	22.8765	-8.54149	-0.353589	-0.158647	-8.23346	-155.835
20.5106	0.457245	-0.170543	22.8622	-8.52715	-0.353909	-0.158449	-8.22873	-155.881
20.521	0.456959	-0.170256	22.848	-8.5128	-0.354229	-0.158251	-8.22401	-155.927
20.5314	0.456674	-0.169969	22.8337	-8.49844	-0.354549	-0.158053	-8.21928	-155.973
20.5419	0.456388	-0.169682	22.8194	-8.48409	-0.354869	-0.157854	-8.21456	-156.019
20.5523	0.456103	-0.169394	22.8052	-8.46972	-0.355188	-0.157655	-8.20984	-156.065
20.5628	0.455818	-0.169107	22.7909	-8.45535	-0.355508	-0.157455	-8.20512	-156.111
20.5732	0.455534	-0.16882	22.7767	-8.44098	-0.355827	-0.157255	-8.2004	-156.157
20.5837	0.455249	-0.168532	22.7625	-8.4266	-0.356146	-0.157055	-8.19569	-156.203
20.5941	0.454965	-0.168244	22.7483	-8.41222	-0.356466	-0.156854	-8.19098	-156.249
20.6045	0.454681	-0.167957	22.7341	-8.39783	-0.356785	-0.156653	-8.18627	-156.295
20.615	0.454397	-0.167669	22.7199	-8.38343	-0.357103	-0.156452	-8.18156	-156.341
20.6254	0.454114	-0.167381	22.7057	-8.36903	-0.357422	-0.156251	-8.17685	-156.387
20.6359	0.453831	-0.167093	22.6915	-8.35463	-0.357741	-0.156049	-8.17215	-156.433
20.6463	0.453548	-0.166804	22.6774	-8.34022	-0.358059	-0.155846	-8.16745	-156.479
20.6568	0.453265	-0.166516	22.6632	-8.3258	-0.358378	-0.155644	-8.16275	-156.525
20.6672	0.452982	-0.166228	22.6491	-8.31138	-0.358696	-0.155441	-8.15806	-156.571
20.6776	0.4527	-0.165939	22.635	-8.29696	-0.359014	-0.155238	-8.15337	-156.616
20.6881	0.452418	-0.165651	22.6209	-8.28253	-0.359333	-0.155034	-8.14868	-156.662
20.6985	0.452136	-0.165362	22.6068	-8.26809	-0.359651	-0.15483	-8.14399	-156.708
20.709	0.451854	-0.165073	22.5927	-8.25365	-0.359968	-0.154626	-8.1393	-156.754
20.7194	0.451572	-0.164784	22.5786	-8.23921	-0.360286	-0.154421	-8.13462	-156.8
20.7299	0.451291	-0.164495	22.5646	-8.22476	-0.360604	-0.154216	-8.12994	-156.845
20.7403	0.45101	-0.164206	22.5505	-8.2103	-0.360921	-0.154011	-8.12526	-156.891
20.7508	0.450729	-0.163917	22.5365	-8.19584	-0.361239	-0.153805	-8.12058	-156.937
20.7612	0.450449	-0.163628	22.5224	-8.18138	-0.361556	-0.153599	-8.11591	-156.983
20.7716	0.450168	-0.163338	22.5084	-8.16691	-0.361873	-0.153393	-8.11123	-157.029
20.7821	0.449888	-0.163049	22.4944	-8.15244	-0.36219	-0.153187	-8.10656	-157.074
20.7925	0.449608	-0.162759	22.4804	-8.13796	-0.362507	-0.15298	-8.1019	-157.12
20.803	0.449328	-0.162469	22.4664	-8.12347	-0.362824	-0.152772	-8.09723	-157.166
20.8134	0.449049	-0.16218	22.4524	-8.10898	-0.36314	-0.152565	-8.09257	-157.211
20.8239	0.44877	-0.16189	22.4385	-8.09449	-0.363457	-0.152357	-8.08791	-157.257
20.8343	0.448491	-0.1616	22.4245	-8.07999	-0.363773	-0.152148	-8.08325	-157.303
20.8447	0.448212	-0.16131	22.4106	-8.06549	-0.36409	-0.15194	-8.07859	-157.349
20.8552	0.447933	-0.16102	22.3967	-8.05098	-0.364406	-0.151731	-8.07394	-157.394
20.8656	0.447655	-0.160729	22.3827	-8.03647	-0.364722	-0.151522	-8.06929	-157.44
20.8761	0.447377	-0.160439	22.3688	-8.02195	-0.365038	-0.151312	-8.06464	-157.485
20.8865	0.447099	-0.160149	22.3549	-8.00743	-0.365354	-0.151102	-8.05999	-157.531
20.897	0.446821	-0.159858	22.341	-7.9929	-0.365669	-0.150892	-8.05535	-157.577
20.9074	0.446543	-0.159567	22.3272	-7.97837	-0.365985	-0.150681	-8.05071	-157.622
20.9178	0.446266	-0.159277	22.3133	-7.96383	-0.3663	-0.15047	-8.04607	-157.668
20.9283	0.445989	-0.158986	22.2995	-7.94929	-0.366616	-0.150259	-8.04143	-157.714
20.9387	0.445712	-0.158695	22.2856	-7.93474	-0.366931	-0.150047	-8.03679	-157.759
20.9492	0.445436	-0.158404	22.2718	-7.92019	-0.367246	-0.149835	-8.03216	-157.805
20.9596	0.445159	-0.158113	22.258	-7.90564	-0.367561	-0.149623	-8.02753	-157.85
20.9701	0.444883	-0.157822	22.2441	-7.89108	-0.367875	-0.14941	-8.0229	-157.896
20.9805	0.444607	-0.15753	22.2303	-7.87651	-0.36819	-0.149197	-8.01828	-157.941
20.991	0.444331	-0.157239	22.2166	-7.86194	-0.368505	-0.148984	-8.01365	-157.987
21.0014	0.444056	-0.156947	22.2028	-7.84737	-0.368819	-0.14877	-8.00903	-158.032
21.0118	0.44378	-0.156656	22.189	-7.83279	-0.369133	-0.148556	-8.00441	-158.078
21.0223	0.443505	-0.156364	22.1753	-7.8182	-0.369447	-0.148342	-7.9998	-158.123
21.0327	0.44323	-0.156072	22.1615	-7.80362	-0.369761	-0.148127	-7.99518	-158.169
21.0432	0.442956	-0.15578	22.1478	-7.78902	-0.370075	-0.147912	-7.99057	-158.214
21.0536	0.442681	-0.155489	22.1341	-7.77443	-0.370389	-0.147697	-7.98596	-158.26
21.0641	0.442407	-0.155197	22.1204	-7.75983	-0.370703	-0.147481	-7.98135	-158.305
21.0745	0.442133	-0.154904	22.1067	-7.74522	-0.371016	-0.147265	-7.97675	-158.351
21.0849	0.441859	-0.154612	22.093	-7.73061	-0.37133	-0.147049	-7.97214	-158.396
21.0954	0.441586	-0.15432	22.0793	-7.71599	-0.371643	-0.146833	-7.96754	-158.441
21.1058	0.441312	-0.154027	22.0656	-7.70137	-0.371956	-0.146616	-7.96294	-158.487
21.1163	0.441039	-0.153735	22.052	-7.68675	-0.372269	-0.146398	-7.95835	-158.532
21.1267	0.440766	-0.153442	22.0383	-7.67212	-0.372582	-0.146181	-7.95375	-158.578
21.1372	0.440494	-0.15315	22.0247	-7.65749	-0.372895	-0.145963	-7.94916	-158.623
21.1476	0.440221	-0.152857	22.0111	-7.64285	-0.373207	-0.145744	-7.94457	-158.668
21.158	0.439949	-0.152564	21.9974	-7.62821	-0.37352	-0.145526	-7.93999	-158.714
21.1685	0.439677	-0.152271	21.9838	-7.61356	-0.373832	-0.145307	-7.9354	-158.759
21.1789	0.439405	-0.151978	21.9703	-7.59891	-0.374144	-0.145088	-7.93082	-158.804
21.1894	0.439133	-0.151685	21.9567	-7.58425	-0.374456	-0.144868	-7.92624	-158.85
21.1998	0.438862	-0.151392	21.9431	-7.56959	-0.374768	-0.144648	-7.92166	-158.895
21.2103	0.438591	-0.151099	21.9295	-7.55493	-0.37508	-0.144428	-7.91709	-158.94
21.2207	0.43832	-0.150805	21.916	-7.54026	-0.375391	-0.144207	-7.91251	-158.986
21.2312	0.438049	-0.150512	21.9025	-7.52559	-0.375703	-0.143986	-7.90794	-159.031
21.2416	0.437779	-0.150218	21.8889	-7.51091	-0.376014	-0.143765	-7.90337	-159.076
21.252	0.437508	-0.149925	21.8754	-7.49623	-0.376325	-0.143544	-7.89881	-159.121
21.2625	0.437238	-0.149631	21.8619	-7.48154	-0.376636	-0.143322	-7.89424	-159.167
21.2729	0.436968	-0.149337	21.8484	-7.46685	-0.376947	-0.143099	-7.88968	-159.212
21.2834	0.436699	-0.149043	21.8349	-7.45216	-0.377258	-0.142877	-7.88512	-159.257
21.2938	0.436429	-0.148749	21.8215	-7.43746	-0.377569	-0.142654	-7.88057	-159.302
21.3043	0.43616	-0.148455	21.808	-7.42276	-0.377879	-0.142431	-7.87601	-159.348
21.3147	0.435891	-0.148161	21.7946	-7.40805	-0.37819	-0.142207	-7.87146	-159.393
21.3251	0.435622	-0.147867	21.7811	-7.39334	-0.3785	-0.141983	-7.86691	-159.438
21.3356	0.435354	-0.147572	21.7677	-7.37862	-0.37881	-0.141759	-7.86236	-159.483
21.346	0.435085	-0.147278	21.7543	-7.3639	-0.37912	-0.141534	-7.85781	-159.528
21.3565	0.434817	-0.146984	21.7409	-7.34918	-0.37943	-0.14131	-7.85327	-159.573
21.3669	0.434549	-0.146689	21.7275	-7.33445	-0.37974	-0.141084	-7.84873	-159.618
21.3774	0.434282	-0.146394	21.7141	-7.31971	-0.380049	-0.140859	-7.84419	-159.664
21.3878	0.434014	-0.1461	21.7007	-7.30498	-0.380359	-0.140633	-7.83965	-159.709
21.3982	0.433747	-0.145805	21.6873	-7.29024	-0.380668	-0.140407	-7.83512	-159.754
21.4087	0.43348	-0.14551	21.674	-7.27549	-0.380977	-0.14018	-7.83059	-159.799
21.4191	0.433213	-0.145215	21.6606	-7.26074	-0.381286	-0.139954	-7.82606	-159.844
21.4296	0.432946	-0.14492	21.6473	-7.24599	-0.381595	-0.139726	-7.82153	-159.889
21.44	0.43268	-0.144625	21.634	-7.23123	-0.381903	-0.139499	-7.817	-159.934
21.4505	0.432413	-0.144329	21.6207	-7.21647	-0.382212	-0.139271	-7.81248	-159.979
21.4609	0.432147	-0.144034	21.6074	-7.2017	-0.38252	-0.139043	-7.80796	-160.024
21.4714	0.431882	-0.143739	21.5941	-7.18693	-0.382829	-0.138814	-7.80344	-160.069
21.4818	0.431616	-0.143443	21.5808	-7.17216	-0.383137	-0.138586	-7.79893	-160.114
21.4922	0.431351	-0.143148	21.5675	-7.15738	-0.383445	-0.138357	-7.79441	-160.159
21.5027	0.431086	-0.142852	21.5543	-7.14259	-0.383753	-0.138127	-7.7899	-160.204
21.5131	0.430821	-0.142556	21.541	-7.12781	-0.38406	-0.137897	-7.78539	-160.249
21.5236	0.430556	-0.14226	21.5278	-7.11302	-0.384368	-0.137667	-7.78088	-160.294
21.534	0.430291	-0.141964	21.5146	-7.09822	-0.384675	-0.137437	-7.77638	-160.339
21.5445	0.430027	-0.141668	21.5014	-7.08342	-0.384982	-0.137206	-7.77188	-160.384
21.5549	0.429763	-0.141372	21.4881	-7.06862	-0.385289	-0.136975	-7.76738	-160.429
21.5653	0.429499	-0.141076	21.475	-7.05381	-0.385596	-0.136744	-7.76288	-160.474
21.5758	0.429235	-0.14078	21.4618	-7.039	-0.385903	-0.136512	-7.75838	-160.519
21.5862	0.428972	-0.140484	21.4486	-7.02419	-0.38621	-0.13628	-7.75389	-160.564
21.5967	0.428709	-0.140187	21.4354	-7.00937	-0.386516	-0.136047	-7.7494	-160.609
21.6071	0.428446	-0.139891	21.4223	-6.99455	-0.386823	-0.135815	-7.74491	-160.654
21.6176	0.428183	-0.139594	21.4091	-6.97972	-0.387129	-0.135582	-7.74042	-160.699
21.628	0.42792	-0.139298	21.396	-6.96489	-0.387435	-0.135348	-7.73594	-160.743
21.6384	0.427658	-0.139001	21.3829	-6.95006	-0.387741	-0.135115	-7.73145	-160.788
21.6489	0.427396	-0.138704	21.3698	-6.93522	-0.388046	-0.134881	-7.72697	-160.833
21.6593	0.427134	-0.138407	21.3567	-6.92037	-0.388352	-0.134646	-7.7225	-160.878
21.6698	0.426872	-0.138111	21.3436	-6.90553	-0.388657	-0.134412	-7.71802	-160.923
21.6802	0.42661	-0.137814	21.3305	-6.89068	-0.388963	-0.134177	-7.71355	-160.968
21.6907	0.426349	-0.137516	21.3175	-6.87582	-0.389268	-0.133941	-7.70908	-161.012
21.7011	0.426088	-0.137219	21.3044	-6.86097	-0.389573	-0.133706	-7.70461	-161.057
21.7116	0.425827	-0.136922	21.2913	-6.8461	-0.389878	-0.13347	-7.70014	-161.102
21.722	0.425566	-0.136625	21.2783	-6.83124	-0.390182	-0.133234	-7.69568	-161.147
21.7324	0.425306	-0.136327	21.2653	-6.81637	-0.390487	-0.132997	-7.69122	-161.192
21.7429	0.425045	-0.13603	21.2523	-6.8015	-0.390791	-0.13276	-7.68676	-161.236
21.7533	0.424785	-0.135732	21.2393	-6.78662	-0.391095	-0.132523	-7.6823	-161.281
21.7638	0.424525	-0.135435	21.2263	-6.77174	-0.391399	-0.132285	-7.67784	-161.326
21.7742	0.424266	-0.135137	21.2133	-6.75685	-0.391703	-0.132047	-7.67339	-161.37
21.7847	0.424006	-0.134839	21.2003	-6.74196	-0.392007	-0.131809	-7.66894	-161.415
21.7951	0.423747	-0.134541	21.1874	-6.72707	-0.392311	-0.131571	-7.66449	-161.46
21.8055	0.423488	-0.134244	21.1744	-6.71218	-0.392614	-0.131332	-7.66005	-161.505
21.816	0.423229	-0.133946	21.1615	-6.69728	-0.392917	-0.131093	-7.6556	-161.549
21.8264	0.422971	-0.133647	21.1485	-6.68237	-0.39322	-0.130853	-7.65116	-161.594
21.8369	0.422712	-0.133349	21.1356	-6.66746	-0.393523	-0.130613	-7.64672	-161.639
21.8473	0.422454	-0.133051	21.1227	-6.65255	-0.393826	-0.130373	-7.64228	-161.683
21.8578	0.422196	-0.132753	21.1098	-6.63764	-0.394129	-0.130133	-7.63785	-161.728
21.8682	0.421938	-0.132454	21.0969	-6.62272	-0.394431	-0.129892	-7.63342	-161.773
21.8786	0.421681	-0.132156	21.084	-6.6078	-0.394734	-0.129651	-7.62899	-161.817
21.8891	0.421423	-0.131857	21.0712	-6.59287	-0.395036	-0.12941	-7.62456	-161.862
21.8995	0.421166	-0.131559	21.0583	-6.57794	-0.395338	-0.129168	-7.62013	-161.906
21.91	0.420909	-0.13126	21.0455	-6.56301	-0.39564	-0.128926	-7.61571	-161.951
21.9204	0.420652	-0.130961	21.0326	-6.54807	-0.395941	-0.128683	-7.61129	-161.996
21.9309	0.420396	-0.130663	21.0198	-6.53313	-0.396243	-0.128441	-7.60687	-162.04
21.9413	0.42014	-0.130364	21.007	-6.51819	-0.396544	-0.128198	-7.60245	-162.085
21.9518	0.419883	-0.130065	20.9942	-6.50324	-0.396845	-0.127954	-7.59804	-162.129
21.9622	0.419627	-0.129766	20.9814	-6.48829	-0.397146	-0.127711	-7.59363	-162.174
21.9726	0.419372	-0.129467	20.9686	-6.47333	-0.397447	-0.127467	-7.58922	-162.218
21.9831	0.419116	-0.129168	20.9558	-6.45838	-0.397748	-0.127223	-7.58481	-162.263
21.9935	0.418861	-0.128868	20.943	-6.44341	-0.398049	-0.126978	-7.5804	-162.307
22.004	0.418606	-0.128569	20.9303	-6.42845	-0.398349	-0.126733	-7.576	-162.352
22.0144	0.418351	-0.12827	20.9176	-6.41348	-0.398649	-0.126488	-7.5716	-162.396
22.0249	0.418096	-0.12797	20.9048	-6.39851	-0.398949	-0.126242	-7.5672	-162.441
22.0353	0.417842	-0.127671	20.8921	-6.38353	-0.399249	-0.125996	-7.5628	-162.485
22.0457	0.417588	-0.127371	20.8794	-6.36855	-0.399549	-0.12575	-7.55841	-162.53
22.0562	0.417334	-0.127071	20.8667	-6.35357	-0.399848	-0.125504	-7.55401	-162.574
22.0666	0.41708	-0.126772	20.854	-6.33858	-0.400148	-0.125257	-7.54962	-162.618
22.0771	0.416826	-0.126472	20.8413	-6.32359	-0.400447	-0.12501	-7.54524	-162.663
22.0875	0.416573	-0.126172	20.8286	-6.3086	-0.400746	-0.124762	-7.54085	-162.707
22.098	0.416319	-0.125872	20.816	-6.2936	-0.401045	-0.124515	-7.53647	-162.752
22.1084	0.416066	-0.125572	20.8033	-6.2786	-0.401344	-0.124266	-7.53209	-162.796
22.1188	0.415813	-0.125272	20.7907	-6.26359	-0.401642	-0.124018	-7.52771	-162.84
22.1293	0.415561	-0.124972	20.778	-6.24859	-0.401941	-0.123769	-7.52333	-162.885
22.1397	0.415308	-0.124672	20.7654	-6.23358	-0.402239	-0.12352	-7.51896	-162.929
22.1502	0.415056	-0.124371	20.7528	-6.21856	-0.402537	-0.123271	-7.51459	-162.974
22.1606	0.414804	-0.124071	20.7402	-6.20354	-0.402835	-0.123021	-7.51022	-163.018
22.1711	0.414552	-0.12377	20.7276	-6.18852	-0.403133	-0.122771	-7.50585	-163.062
22.1815	0.414301	-0.12347	20.715	-6.1735	-0.40343	-0.122521	-7.50148	-163.107
22.192	0.414049	-0.123169	20.7025	-6.15847	-0.403728	-0.12227	-7.49712	-163.151
22.2024	0.413798	-0.122869	20.6899	-6.14344	-0.404025	-0.122019	-7.49276	-163.195
22.2128	0.413547	-0.122568	20.6774	-6.1284	-0.404322	-0.121768	-7.4884	-163.239
22.2233	0.413296	-0.122267	20.6648	-6.11336	-0.404619	-0.121517	-7.48404	-163.284
22.2337	0.413046	-0.121966	20.6523	-6.09832	-0.404915	-0.121265	-7.47969	-163.328
22.2442	0.412795	-0.121666	20.6398	-6.08328	-0.405212	-0.121012	-7.47534	-163.372
22.2546	0.412545	-0.121365	20.6273	-6.06823	-0.405508	-0.12076	-7.47099	-163.417
22.2651	0.412295	-0.121064	20.6148	-6.05318	-0.405804	-0.120507	-7.46664	-163.461
22.2755	0.412046	-0.120762	20.6023	-6.03812	-0.4061	-0.120254	-7.46229	-163.505
22.2859	0.411796	-0.120461	20.5898	-6.02307	-0.406396	-0.120001	-7.45795	-163.549
22.2964	0.411547	-0.12016	20.5773	-6.008	-0.406692	-0.119747	-7.45361	-163.593
22.3068	0.411297	-0.119859	20.5649	-5.99294	-0.406987	-0.119493	-7.44927	-163.638
22.3173	0.411048	-0.119557	20.5524	-5.97787	-0.407283	-0.119238	-7.44494	-163.682
22.3277	0.4108	-0.119256	20.54	-5.9628	-0.407578	-0.118984	-7.4406	-163.726
22.3382	0.410551	-0.118955	20.5276	-5.94773	-0.407873	-0.118729	-7.43627	-163.77
22.3486	0.410303	-0.118653	20.5151	-5.93265	-0.408168	-0.118473	-7.43194	-163.814
22.359	0.410055	-0.118351	20.5027	-5.91757	-0.408462	-0.118218	-7.42761	-163.858
22.3695	0.409807	-0.11805	20.4903	-5.90248	-0.408757	-0.117962	-7.42329	-163.903
22.3799	0.409559	-0.117748	20.4779	-5.88739	-0.409051	-0.117705	-7.41896	-163.947
22.3904	0.409311	-0.117446	20.4656	-5.8723	-0.409345	-0.117449	-7.41464	-163.991
22.4008	0.409064	-0.117144	20.4532	-5.85721	-0.409639	-0.117192	-7.41032	-164.035
22.4113	0.408817	-0.116842	20.4408	-5.84211	-0.409933	-0.116935	-7.40601	-164.079
22.4217	0.40857	-0.11654	20.4285	-5.82701	-0.410226	-0.116677	-7.40169	-164.123
22.4322	0.408323	-0.116238	20.4162	-5.81191	-0.41052	-0.116419	-7.39738	-164.167
22.4426	0.408077	-0.115936	20.4038	-5.7968	-0.410813	-0.116161	-7.39307	-164.211
22.453	0.40783	-0.115634	20.3915	-5.78169	-0.411106	-0.115903	-7.38876	-164.255
22.4635	0.407584	-0.115332	20.3792	-5.76658	-0.411399	-0.115644	-7.38446	-164.299
22.4739	0.407338	-0.115029	20.3669	-5.75146	-0.411691	-0.115385	-7.38015	-164.343
22.4844	0.407093	-0.114727	20.3546	-5.73635	-0.411984	-0.115126	-7.37585	-164.387
22.4948	0.406847	-0.114424	20.3424	-5.72122	-0.412276	-0.114866	-7.37155	-164.431
22.5053	0.406602	-0.114122	20.3301	-5.7061	-0.412568	-0.114606	-7.36726	-164.475
22.5157	0.406357	-0.113819	20.3178	-5.69097	-0.41286	-0.114346	-7.36296	-164.519
22.5261	0.406112	-0.113517	20.3056	-5.67584	-0.413152	-0.114085	-7.35867	-164.563
22.5366	0.405867	-0.113214	20.2933	-5.6607	-0.413444	-0.113824	-7.35438	-164.607
22.547	0.405622	-0.112911	20.2811	-5.64557	-0.413735	-0.113563	-7.35009	-164.651
22.5575	0.405378	-0.112609	20.2689	-5.63043	-0.414026	-0.113301	-7.34581	-164.695
22.5679	0.405134	-0.112306	20.2567	-5.61528	-0.414317	-0.11304	-7.34153	-164.739
22.5784	0.40489	-0.112003	20.2445	-5.60014	-0.414608	-0.112777	-7.33724	-164.783
22.5888	0.404646	-0.1117	20.2323	-5.58499	-0.414899	-0.112515	-7.33297	-164.827
22.5992	0.404403	-0.111397	20.2201	-5.56983	-0.415189	-0.112252	-7.32869	-164.871
22.6097	0.404159	-0.111094	20.208	-5.55468	-0.41548	-0.111989	-7.32441	-164.915
22.6201	0.403916	-0.11079	20.1958	-5.53952	-0.41577	-0.111726	-7.32014	-164.959
22.6306	0.403673	-0.110487	20.1837	-5.52436	-0.41606	-0.111462	-7.31587	-165.003
22.641	0.40343	-0.110184	20.1715	-5.50919	-0.416349	-0.111198	-7.3116	-165.047
22.6515	0.403188	-0.10988	20.1594	-5.49402	-0.416639	-0.110934	-7.30734	-165.09
22.6619	0.402945	-0.109577	20.1473	-5.47885	-0.416928	-0.110669	-7.30308	-165.134
22.6724	0.402703	-0.109274	20.1352	-5.46368	-0.417218	-0.110404	-7.29881	-165.178
22.6828	0.402461	-0.10897	20.1231	-5.4485	-0.417507	-0.110139	-7.29456	-165.222
22.6932	0.40222	-0.108666	20.111	-5.43332	-0.417795	-0.109874	-7.2903	-165.266
22.7037	0.401978	-0.108363	20.0989	-5.41814	-0.418084	-0.109608	-7.28604	-165.31
22.7141	0.401737	-0.108059	20.0868	-5.40296	-0.418372	-0.109342	-7.28179	-165.353
22.7246	0.401495	-0.107755	20.0748	-5.38777	-0.418661	-0.109075	-7.27754	-165.397
22.735	0.401255	-0.107452	20.0627	-5.37258	-0.418949	-0.108808	-7.27329	-165.441
22.7455	0.401014	-0.107148	20.0507	-5.35738	-0.419237	-0.108541	-7.26905	-165.485
22.7559	0.400773	-0.106844	20.0387	-5.34218	-0.419524	-0.108274	-7.2648	-165.528
22.7663	0.400533	-0.10654	20.0266	-5.32698	-0.419812	-0.108006	-7.26056	-165.572
22.7768	0.400293	-0.106236	20.0146	-5.31178	-0.420099	-0.107738	-7.25632	-165.616
22.7872	0.400053	-0.105932	20.0026	-5.29658	-0.420386	-0.10747	-7.25209	-165.66
22.7977	0.399813	-0.105627	19.9906	-5.28137	-0.420673	-0.107201	-7.24785	-165.703
22.8081	0.399573	-0.105323	19.9787	-5.26616	-0.42096	-0.106933	-7.24362	-165.747
22.8186	0.399334	-0.105019	19.9667	-5.25094	-0.421247	-0.106663	-7.23939	-165.791
22.829	0.399095	-0.104715	19.9547	-5.23573	-0.421533	-0.106394	-7.23516	-165.835
22.8394	0.398856	-0.10441	19.9428	-5.22051	-0.421819	-0.106124	-7.23093	-165.878
22.8499	0.398617	-0.104106	19.9308	-5.20528	-0.422105	-0.105854	-7.22671	-165.922
22.8603	0.398378	-0.103801	19.9189	-5.19006	-0.422391	-0.105584	-7.22249	-165.966
22.8708	0.39814	-0.103497	19.907	-5.17483	-0.422676	-0.105313	-7.21827	-166.009
22.8812	0.397901	-0.103192	19.8951	-5.1596	-0.422962	-0.105042	-7.21405	-166.053
22.8917	0.397663	-0.102887	19.8832	-5.14437	-0.423247	-0.104771	-7.20984	-166.096
22.9021	0.397426	-0.102583	19.8713	-5.12913	-0.423532	-0.104499	-7.20562	-166.14
22.9126	0.397188	-0.102278	19.8594	-5.11389	-0.423817	-0.104227	-7.20141	-166.184
22.923	0.39695	-0.101973	19.8475	-5.09865	-0.424102	-0.103955	-7.1972	-166.227
22.9334	0.396713	-0.101668	19.8357	-5.0834	-0.424386	-0.103682	-7.193	-166.271
22.9439	0.396476	-0.101363	19.8238	-5.06816	-0.42467	-0.10341	-7.18879	-166.315
22.9543	0.396239	-0.101058	19.812	-5.05291	-0.424954	-0.103136	-7.18459	-166.358
22.9648	0.396003	-0.100753	19.8001	-5.03765	-0.425238	-0.102863	-7.18039	-166.402
22.9752	0.395766	-0.100448	19.7883	-5.0224	-0.425522	-0.102589	-7.17619	-166.445
22.9857	0.39553	-0.100143	19.7765	-5.00714	-0.425805	-0.102315	-7.172	-166.489
22.9961	0.395294	-0.0998376	19.7647	-4.99188	-0.426089	-0.102041	-7.16781	-166.532
23.0065	0.395058	-0.0995323	19.7529	-4.97661	-0.426372	-0.101766	-7.16361	-166.576
23.017	0.394822	-0.099227	19.7411	-4.96135	-0.426655	-0.101491	-7.15943	-166.619
23.0274	0.394587	-0.0989216	19.7293	-4.94608	-0.426937	-0.101216	-7.15524	-166.663
23.0379	0.394351	-0.0986161	19.7176	-4.93081	-0.42722	-0.100941	-7.15105	-166.706
23.0483	0.394116	-0.0983107	19.7058	-4.91553	-0.427502	-0.100665	-7.14687	-166.75
23.0588	0.393881	-0.0980051	19.6941	-4.90026	-0.427784	-0.100389	-7.14269	-166.793
23.0692	0.393646	-0.0976995	19.6823	-4.88498	-0.428066	-0.100112	-7.13851	-166.837
23.0796	0.393412	-0.0973939	19.6706	-4.86969	-0.428348	-0.0998357	-7.13434	-166.88
23.0901	0.393178	-0.0970882	19.6589	-4.85441	-0.428629	-0.0995587	-7.13017	-166.924
23.1005	0.392943	-0.0967824	19.6472	-4.83912	-0.42891	-0.0992814	-7.12599	-166.967
23.111	0.392709	-0.0964766	19.6355	-4.82383	-0.429191	-0.0990039	-7.12182	-167.01
23.1214	0.392476	-0.0961708	19.6238	-4.80854	-0.429472	-0.098726	-7.11766	-167.054
23.1319	0.392242	-0.0958649	19.6121	-4.79324	-0.429753	-0.0984478	-7.11349	-167.097
23.1423	0.392009	-0.0955589	19.6004	-4.77795	-0.430034	-0.0981693	-7.10933	-167.141
23.1528	0.391775	-0.0952529	19.5888	-4.76265	-0.430314	-0.0978905	-7.10517	-167.184
23.1632	0.391542	-0.0949469	19.5771	-4.74734	-0.430594	-0.0976114	-7.10101	-167.227
23.1736	0.39131	-0.0946408	19.5655	-4.73204	-0.430874	-0.097332	-7.09685	-167.271
23.1841	0.391077	-0.0943346	19.5538	-4.71673	-0.431153	-0.0970524	-7.0927	-167.314
23.1945	0.390845	-0.0940284	19.5422	-4.70142	-0.431433	-0.0967724	-7.08855	-167.358
23.205	0.390612	-0.0937222	19.5306	-4.68611	-0.431712	-0.0964921	-7.0844	-167.401
23.2154	0.39038	-0.0934158	19.519	-4.67079	-0.431991	-0.0962116	-7.08025	-167.444
23.2259	0.390148	-0.0931095	19.5074	-4.65547	-0.43227	-0.0959307	-7.07611	-167.488
23.2363	0.389917	-0.0928031	19.4958	-4.64015	-0.432549	-0.0956496	-7.07196	-167.531
23.2467	0.389685	-0.0924966	19.4843	-4.62483	-0.432827	-0.0953681	-7.06782	-167.574
23.2572	0.389454	-0.0921901	19.4727	-4.60951	-0.433105	-0.0950864	-7.06368	-167.617
23.2676	0.389223	-0.0918836	19.4611	-4.59418	-0.433384	-0.0948044	-7.05955	-167.661
23.2781	0.388992	-0.091577	19.4496	-4.57885	-0.433661	-0.094522	-7.05541	-167.704
23.2885	0.388761	-0.0912703	19.4381	-4.56352	-0.433939	-0.0942394	-7.05128	-167.747
23.299	0.388531	-0.0909636	19.4265	-4.54818	-0.434216	-0.0939565	-7.04715	-167.79
23.3094	0.3883	-0.0906568	19.415	-4.53284	-0.434494	-0.0936733	-7.04302	-167.834
23.3198	0.38807	-0.09035	19.4035	-4.5175	-0.434771	-0.0933898	-7.0389	-167.877
23.3303	0.38784	-0.0900432	19.392	-4.50216	-0.435047	-0.093106	-7.03477	-167.92
23.3407	0.38761	-0.0897363	19.3805	-4.48681	-0.435324	-0.0928219	-7.03065	-167.963
23.3512	0.387381	-0.0894293	19.369	-4.47147	-0.4356	-0.0925376	-7.02653	-168.007
23.3616	0.387151	-0.0891224	19.3576	-4.45612	-0.435877	-0.0922529	-7.02242	-168.05
23.3721	0.386922	-0.0888153	19.3461	-4.44077	-0.436153	-0.0919679	-7.0183	-168.093
23.3825	0.386693	-0.0885082	19.3347	-4.42541	-0.436428	-0.0916827	-7.01419	-168.136
23.393	0.386464	-0.0882011	19.3232	-4.41005	-0.436704	-0.0913971	-7.01008	-168.179
23.4034	0.386236	-0.0878939	19.3118	-4.3947	-0.436979	-0.0911113	-7.00597	-168.222
23.4138	0.386007	-0.0875867	19.3004	-4.37933	-0.437254	-0.0908252	-7.00186	-168.266
23.4243	0.385779	-0.0872794	19.2889	-4.36397	-0.437529	-0.0905388	-6.99776	-168.309
23.4347	0.385551	-0.0869721	19.2775	-4.3486	-0.437804	-0.0902521	-6.99366	-168.352
23.4452	0.385323	-0.0866647	19.2661	-4.33323	-0.438079	-0.0899651	-6.98956	-168.395
23.4556	0.385095	-0.0863573	19.2548	-4.31786	-0.438353	-0.0896778	-6.98546	-168.438
23.4661	0.384868	-0.0860498	19.2434	-4.30249	-0.438627	-0.0893902	-6.98136	-168.481
23.4765	0.38464	-0.0857423	19.232	-4.28712	-0.438901	-0.0891023	-6.97727	-168.524
23.4869	0.384413	-0.0854347	19.2207	-4.27174	-0.439175	-0.0888142	-6.97318	-168.567
23.4974	0.384186	-0.0851271	19.2093	-4.25636	-0.439448	-0.0885257	-6.96909	-168.61
23.5078	0.383959	-0.0848195	19.198	-4.24097	-0.439721	-0.088237	-6.965	-168.653
23.5183	0.383733	-0.0845118	19.1866	-4.22559	-0.439994	-0.087948	-6.96092	-168.696
23.5287	0.383506	-0.0842041	19.1753	-4.2102	-0.440267	-0.0876587	-6.95684	-168.739
23.5392	0.38328	-0.0838963	19.164	-4.19481	-0.44054	-0.0873691	-6.95276	-168.782
23.5496	0.383054	-0.0835884	19.1527	-4.17942	-0.440812	-0.0870792	-6.94868	-168.826
23.5601	0.382828	-0.0832806	19.1414	-4.16403	-0.441084	-0.086789	-6.9446	-168.869
23.5705	0.382603	-0.0829726	19.1301	-4.14863	-0.441356	-0.0864986	-6.94053	-168.912
23.5809	0.382377	-0.0826647	19.1189	-4.13323	-0.441628	-0.0862078	-6.93646	-168.954
23.5914	0.382152	-0.0823567	19.1076	-4.11783	-0.4419	-0.0859168	-6.93239	-168.997
23.6018	0.381927	-0.0820486	19.0963	-4.10243	-0.442171	-0.0856255	-6.92832	-169.04
23.6123	0.381702	-0.0817405	19.0851	-4.08703	-0.442442	-0.0853339	-6.92425	-169.083
23.6227	0.381477	-0.0814324	19.0739	-4.07162	-0.442713	-0.085042	-6.92019	-169.126
23.6332	0.381253	-0.0811242	19.0626	-4.05621	-0.442984	-0.0847498	-6.91613	-169.169
23.6436	0.381028	-0.080816	19.0514	-4.0408	-0.443254	-0.0844573	-6.91207	-169.212
23.654	0.380804	-0.0805077	19.0402	-4.02538	-0.443524	-0.0841646	-6.90801	-169.255
23.6645	0.38058	-0.0801994	19.029	-4.00997	-0.443794	-0.0838715	-6.90396	-169.298
23.6749	0.380356	-0.079891	19.0178	-3.99455	-0.444064	-0.0835782	-6.89991	-169.341
23.6854	0.380133	-0.0795826	19.0066	-3.97913	-0.444334	-0.0832846	-6.89586	-169.384
23.6958	0.379909	-0.0792742	18.9955	-3.96371	-0.444603	-0.0829907	-6.89181	-169.427
23.7063	0.379686	-0.0789657	18.9843	-3.94828	-0.444872	-0.0826966	-6.88776	-169.47
23.7167	0.379463	-0.0786571	18.9731	-3.93286	-0.445141	-0.0824021	-6.88372	-169.512
23.7271	0.37924	-0.0783486	18.962	-3.91743	-0.44541	-0.0821074	-6.87968	-169.555
23.7376	0.379017	-0.0780399	18.9509	-3.902	-0.445678	-0.0818124	-6.87564	-169.598
23.748	0.378795	-0.0777313	18.9397	-3.88656	-0.445947	-0.081517	-6.8716	-169.641
23.7585	0.378572	-0.0774226	18.9286	-3.87113	-0.446215	-0.0812215	-6.86756	-169.684
23.7689	0.37835	-0.0771138	18.9175	-3.85569	-0.446482	-0.0809256	-6.86353	-169.727
23.7794	0.378128	-0.0768051	18.9064	-3.84025	-0.44675	-0.0806294	-6.8595	-169.769
23.7898	0.377907	-0.0764962	18.8953	-3.82481	-0.447017	-0.080333	-6.85547	-169.812
23.8003	0.377685	-0.0761874	18.8843	-3.80937	-0.447285	-0.0800363	-6.85145	-169.855
23.8107	0.377464	-0.0758785	18.8732	-3.79392	-0.447552	-0.0797393	-6.84742	-169.898
23.8211	0.377242	-0.0755695	18.8621	-3.77848	-0.447818	-0.079442	-6.8434	-169.941
23.8316	0.377021	-0.0752605	18.8511	-3.76303	-0.448085	-0.0791444	-6.83938	-169.983
23.842	0.3768	-0.0749515	18.84	-3.74757	-0.448351	-0.0788466	-6.83536	-170.026
23.8525	0.37658	-0.0746424	18.829	-3.73212	-0.448617	-0.0785485	-6.83134	-170.069
23.8629	0.376359	-0.0743333	18.818	-3.71666	-0.448883	-0.0782501	-6.82733	-170.111
23.8734	0.376139	-0.0740241	18.8069	-3.70121	-0.449149	-0.0779514	-6.82332	-170.154
23.8838	0.375919	-0.0737149	18.7959	-3.68575	-0.449414	-0.0776524	-6.81931	-170.197
23.8942	0.375699	-0.0734057	18.7849	-3.67028	-0.449679	-0.0773532	-6.8153	-170.24
23.9047	0.375479	-0.0730964	18.774	-3.65482	-0.449944	-0.0770537	-6.8113	-170.282
23.9151	0.375259	-0.0727871	18.763	-3.63936	-0.450209	-0.0767539	-6.80729	-170.325
23.9256	0.37504	-0.0724777	18.752	-3.62389	-0.450473	-0.0764538	-6.80329	-170.368
23.936	0.374821	-0.0721684	18.741	-3.60842	-0.450737	-0.0761534	-6.79929	-170.41
23.9465	0.374602	-0.0718589	18.7301	-3.59295	-0.451002	-0.0758528	-6.7953	-170.453
23.9569	0.374383	-0.0715494	18.7191	-3.57747	-0.451265	-0.0755519	-6.7913	-170.496
23.9673	0.374164	-0.0712399	18.7082	-3.562	-0.451529	-0.0752507	-6.78731	-170.538
23.9778	0.373946	-0.0709304	18.6973	-3.54652	-0.451792	-0.0749492	-6.78332	-170.581
23.9882	0.373727	-0.0706208	18.6864	-3.53104	-0.452055	-0.0746475	-6.77933	-170.623
23.9987	0.373509	-0.0703112	18.6755	-3.51556	-0.452318	-0.0743455	-6.77534	-170.666
24.0091	0.373291	-0.0700015	18.6646	-3.50007	-0.452581	-0.0740432	-6.77136	-170.709
24.0196	0.373074	-0.0696918	18.6537	-3.48459	-0.452843	-0.0737406	-6.76738	-170.751
24.03	0.372856	-0.069382	18.6428	-3.4691	-0.453106	-0.0734377	-6.7634	-170.794
24.0405	0.372639	-0.0690722	18.6319	-3.45361	-0.453368	-0.0731346	-6.75942	-170.836
24.0509	0.372421	-0.0687624	18.6211	-3.43812	-0.453629	-0.0728312	-6.75545	-170.879
24.0613	0.372204	-0.0684526	18.6102	-3.42263	-0.453891	-0.0725275	-6.75147	-170.921
24.0718	0.371987	-0.0681427	18.5994	-3.40713	-0.454152	-0.0722236	-6.7475	-170.964
24.0822	0.371771	-0.0678327	18.5885	-3.39164	-0.454413	-0.0719193	-6.74353	-171.006
24.0927	0.371554	-0.0675227	18.5777	-3.37614	-0.454674	-0.0716148	-6.73957	-171.049
24.1031	0.371338	-0.0672127	18.5669	-3.36064	-0.454935	-0.07131	-6.7356	-171.091
24.1136	0.371122	-0.0669027	18.5561	-3.34513	-0.455195	-0.071005	-6.73164	-171.134
24.124	0.370906	-0.0665926	18.5453	-3.32963	-0.455455	-0.0706997	-6.72768	-171.176
24.1344	0.37069	-0.0662825	18.5345	-3.31412	-0.455715	-0.0703941	-6.72372	-171.219
24.1449	0.370474	-0.0659723	18.5237	-3.29862	-0.455975	-0.0700882	-6.71976	-171.261
24.1553	0.370259	-0.0656621	18.5129	-3.28311	-0.456234	-0.069782	-6.71581	-171.304
24.1658	0.370044	-0.0653519	18.5022	-3.26759	-0.456494	-0.0694756	-6.71186	-171.346
24.1762	0.369828	-0.0650416	18.4914	-3.25208	-0.456753	-0.0691689	-6.70791	-171.389
24.1867	0.369613	-0.0647313	18.4807	-3.23657	-0.457011	-0.068862	-6.70396	-171.431
24.1971	0.369399	-0.064421	18.4699	-3.22105	-0.45727	-0.0685547	-6.70001	-171.474
24.2075	0.369184	-0.0641106	18.4592	-3.20553	-0.457528	-0.0682472	-6.69607	-171.516
24.218	0.36897	-0.0638002	18.4485	-3.19001	-0.457786	-0.0679394	-6.69213	-171.558
24.2284	0.368756	-0.0634897	18.4378	-3.17449	-0.458044	-0.0676314	-6.68819	-171.601
24.2389	0.368542	-0.0631792	18.4271	-3.15896	-0.458302	-0.0673231	-6.68425	-171.643
24.2493	0.368328	-0.0628687	18.4164	-3.14344	-0.458559	-0.0670145	-6.68032	-171.686
24.2598	0.368114	-0.0625582	18.4057	-3.12791	-0.458816	-0.0667056	-6.67638	-171.728
24.2702	0.367901	-0.0622476	18.395	-3.11238	-0.459073	-0.0663965	-6.67245	-171.77
24.2807	0.367687	-0.0619369	18.3844	-3.09685	-0.45933	-0.0660871	-6.66852	-171.813
24.2911	0.367474	-0.0616263	18.3737	-3.08131	-0.459586	-0.0657774	-6.6646	-171.855
24.3015	0.367261	-0.0613156	18.3631	-3.06578	-0.459842	-0.0654674	-6.66067	-171.897
24.312	0.367048	-0.0610049	18.3524	-3.05024	-0.460098	-0.0651572	-6.65675	-171.94
24.3224	0.366836	-0.0606941	18.3418	-3.0347	-0.460354	-0.0648467	-6.65283	-171.982
24.3329	0.366623	-0.0603833	18.3312	-3.01916	-0.46061	-0.064536	-6.64891	-172.024
24.3433	0.366411	-0.0600725	18.3206	-3.00362	-0.460865	-0.064225	-6.645	-172.066
24.3538	0.366199	-0.0597616	18.31	-2.98808	-0.46112	-0.0639137	-6.64108	-172.109
24.3642	0.365987	-0.0594507	18.2994	-2.97253	-0.461375	-0.0636021	-6.63717	-172.151
24.3746	0.365775	-0.0591397	18.2888	-2.95699	-0.461629	-0.0632903	-6.63326	-172.193
24.3851	0.365564	-0.0588288	18.2782	-2.94144	-0.461883	-0.0629782	-6.62935	-172.236
24.3955	0.365352	-0.0585178	18.2676	-2.92589	-0.462137	-0.0626659	-6.62545	-172.278
24.406	0.365141	-0.0582067	18.2571	-2.91034	-0.462391	-0.0623533	-6.62154	-172.32
24.4164	0.36493	-0.0578957	18.2465	-2.89478	-0.462645	-0.0620404	-6.61764	-172.362
24.4269	0.364719	-0.0575846	18.236	-2.87923	-0.462898	-0.0617272	-6.61374	-172.404
24.4373	0.364509	-0.0572734	18.2254	-2.86367	-0.463151	-0.0614138	-6.60985	-172.447
24.4477	0.364298	-0.0569622	18.2149	-2.84811	-0.463404	-0.0611001	-6.60595	-172.489
24.4582	0.364088	-0.056651	18.2044	-2.83255	-0.463657	-0.0607862	-6.60206	-172.531
24.4686	0.363878	-0.0563398	18.1939	-2.81699	-0.463909	-0.0604719	-6.59817	-172.573
24.4791	0.363668	-0.0560285	18.1834	-2.80143	-0.464161	-0.0601575	-6.59428	-172.615
24.4895	0.363458	-0.0557172	18.1729	-2.78586	-0.464413	-0.0598427	-6.59039	-172.658
24.5	0.363248	-0.0554059	18.1624	-2.77029	-0.464665	-0.0595277	-6.58651	-172.7
24.5104	0.363039	-0.0550945	18.1519	-2.75473	-0.464916	-0.0592124	-6.58263	-172.742
24.5209	0.36283	-0.0547831	18.1415	-2.73916	-0.465167	-0.0588969	-6.57875	-172.784
24.5313	0.362621	-0.0544717	18.131	-2.72359	-0.465418	-0.0585811	-6.57487	-172.826
24.5417	0.362412	-0.0541602	18.1206	-2.70801	-0.465669	-0.058265	-6.57099	-172.868
24.5522	0.362203	-0.0538487	18.1101	-2.69244	-0.465919	-0.0579487	-6.56712	-172.91
24.5626	0.361994	-0.0535372	18.0997	-2.67686	-0.46617	-0.0576321	-6.56325	-172.952
24.5731	0.361786	-0.0532257	18.0893	-2.66128	-0.466419	-0.0573153	-6.55938	-172.994
24.5835	0.361578	-0.0529141	18.0789	-2.6457	-0.466669	-0.0569982	-6.55551	-173.036
24.594	0.36137	-0.0526025	18.0685	-2.63012	-0.466919	-0.0566808	-6.55164	-173.079
24.6044	0.361162	-0.0522908	18.0581	-2.61454	-0.467168	-0.0563632	-6.54778	-173.121
24.6148	0.360954	-0.0519791	18.0477	-2.59896	-0.467417	-0.0560453	-6.54392	-173.163
24.6253	0.360746	-0.0516674	18.0373	-2.58337	-0.467666	-0.0557271	-6.54006	-173.205
24.6357	0.360539	-0.0513557	18.027	-2.56778	-0.467914	-0.0554087	-6.5362	-173.247
24.6462	0.360332	-0.0510439	18.0166	-2.55219	-0.468162	-0.05509	-6.53235	-173.289
24.6566	0.360125	-0.0507321	18.0062	-2.5366	-0.46841	-0.0547711	-6.52849	-173.331
24.6671	0.359918	-0.0504203	17.9959	-2.52101	-0.468658	-0.0544519	-6.52464	-173.373
24.6775	0.359711	-0.0501084	17.9856	-2.50542	-0.468906	-0.0541324	-6.52079	-173.415
24.6879	0.359505	-0.0497965	17.9752	-2.48982	-0.469153	-0.0538127	-6.51695	-173.457
24.6984	0.359298	-0.0494846	17.9649	-2.47423	-0.4694	-0.0534928	-6.5131	-173.499
24.7088	0.359092	-0.0491726	17.9546	-2.45863	-0.469647	-0.0531725	-6.50926	-173.541
24.7193	0.358886	-0.0488606	17.9443	-2.44303	-0.469893	-0.052852	-6.50542	-173.583
24.7297	0.35868	-0.0485486	17.934	-2.42743	-0.470139	-0.0525313	-6.50158	-173.624
24.7402	0.358475	-0.0482366	17.9237	-2.41183	-0.470385	-0.0522103	-6.49775	-173.666
24.7506	0.358269	-0.0479245	17.9135	-2.39622	-0.470631	-0.051889	-6.49391	-173.708
24.7611	0.358064	-0.0476124	17.9032	-2.38062	-0.470877	-0.0515675	-6.49008	-173.75
24.7715	0.357859	-0.0473003	17.8929	-2.36501	-0.471122	-0.0512457	-6.48625	-173.792
24.7819	0.357654	-0.0469881	17.8827	-2.34941	-0.471367	-0.0509237	-6.48242	-173.834
24.7924	0.357449	-0.0466759	17.8725	-2.3338	-0.471612	-0.0506014	-6.4786	-173.876
24.8028	0.357245	-0.0463637	17.8622	-2.31818	-0.471856	-0.0502789	-6.47477	-173.918
24.8133	0.35704	-0.0460514	17.852	-2.30257	-0.472101	-0.049956	-6.47095	-173.96
24.8237	0.356836	-0.0457392	17.8418	-2.28696	-0.472345	-0.049633	-6.46713	-174.001
24.8342	0.356632	-0.0454269	17.8316	-2.27134	-0.472588	-0.0493097	-6.46331	-174.043
24.8446	0.356428	-0.0451145	17.8214	-2.25573	-0.472832	-0.0489861	-6.4595	-174.085
24.855	0.356224	-0.0448022	17.8112	-2.24011	-0.473075	-0.0486623	-6.45569	-174.127
24.8655	0.35602	-0.0444898	17.801	-2.22449	-0.473318	-0.0483382	-6.45187	-174.169
24.8759	0.355817	-0.0441774	17.7908	-2.20887	-0.473561	-0.0480139	-6.44807	-174.211
24.8864	0.355614	-0.0438649	17.7807	-2.19325	-0.473804	-0.0476893	-6.44426	-174.252
24.8968	0.355411	-0.0435525	17.7705	-2.17762	-0.474046	-0.0473645	-6.44045	-174.294
24.9073	0.355208	-0.04324	17.7604	-2.162	-0.474288	-0.0470394	-6.43665	-174.336
24.9177	0.355005	-0.0429274	17.7502	-2.14637	-0.47453	-0.046714	-6.43285	-174.378
24.9281	0.354802	-0.0426149	17.7401	-2.13074	-0.474771	-0.0463885	-6.42905	-174.42
24.9386	0.3546	-0.0423023	17.73	-2.11511	-0.475012	-0.0460626	-6.42525	-174.461
24.949	0.354398	-0.0419897	17.7199	-2.09948	-0.475253	-0.0457365	-6.42146	-174.503
24.9595	0.354195	-0.041677	17.7098	-2.08385	-0.475494	-0.0454102	-6.41767	-174.545
24.9699	0.353994	-0.0413644	17.6997	-2.06822	-0.475735	-0.0450836	-6.41388	-174.586
24.9804	0.353792	-0.0410517	17.6896	-2.05258	-0.475975	-0.0447567	-6.41009	-174.628
24.9908	0.35359	-0.040739	17.6795	-2.03695	-0.476215	-0.0444296	-6.4063	-174.67
25.0013	0.353389	-0.0404262	17.6694	-2.02131	-0.476455	-0.0441023	-6.40252	-174.712
25.0117	0.353188	-0.0401135	17.6594	-2.00567	-0.476694	-0.0437747	-6.39874	-174.753
25.0221	0.352987	-0.0398007	17.6493	-1.99003	-0.476933	-0.0434468	-6.39496	-174.795
25.0326	0.352786	-0.0394879	17.6393	-1.97439	-0.477172	-0.0431187	-6.39118	-174.837
25.043	0.352585	-0.039175	17.6292	-1.95875	-0.477411	-0.0427904	-6.3874	-174.878
25.0535	0.352384	-0.0388621	17.6192	-1.94311	-0.477649	-0.0424618	-6.38363	-174.92
25.0639	0.352184	-0.0385492	17.6092	-1.92746	-0.477888	-0.0421329	-6.37986	-174.962
25.0744	0.351984	-0.0382363	17.5992	-1.91182	-0.478126	-0.0418038	-6.37609	-175.003
25.0848	0.351784	-0.0379234	17.5892	-1.89617	-0.478363	-0.0414745	-6.37232	-175.045
25.0952	0.351584	-0.0376104	17.5792	-1.88052	-0.478601	-0.0411449	-6.36856	-175.086
25.1057	0.351384	-0.0372974	17.5692	-1.86487	-0.478838	-0.040815	-6.36479	-175.128
25.1161	0.351184	-0.0369844	17.5592	-1.84922	-0.479075	-0.040485	-6.36103	-175.17
25.1266	0.350985	-0.0366713	17.5493	-1.83357	-0.479311	-0.0401546	-6.35727	-175.211
25.137	0.350786	-0.0363582	17.5393	-1.81791	-0.479548	-0.039824	-6.35351	-175.253
25.1475	0.350587	-0.0360451	17.5293	-1.80226	-0.479784	-0.0394932	-6.34976	-175.294
25.1579	0.350388	-0.035732	17.5194	-1.7866	-0.48002	-0.0391621	-6.34601	-175.336
25.1683	0.350189	-0.0354189	17.5095	-1.77094	-0.480255	-0.0388308	-6.34226	-175.377
25.1788	0.34999	-0.0351057	17.4995	-1.75528	-0.480491	-0.0384993	-6.33851	-175.419
25.1892	0.349792	-0.0347925	17.4896	-1.73962	-0.480726	-0.0381675	-6.33476	-175.46
25.1997	0.349594	-0.0344793	17.4797	-1.72396	-0.480961	-0.0378354	-6.33102	-175.502
25.2101	0.349396	-0.034166	17.4698	-1.7083	-0.481195	-0.0375031	-6.32727	-175.544
25.2206	0.349198	-0.0338527	17.4599	-1.69264	-0.48143	-0.0371706	-6.32353	-175.585
25.231	0.349	-0.0335394	17.45	-1.67697	-0.481664	-0.0368378	-6.31979	-175.627
25.2415	0.348803	-0.0332261	17.4401	-1.66131	-0.481897	-0.0365048	-6.31606	-175.668
25.2519	0.348605	-0.0329128	17.4303	-1.64564	-0.482131	-0.0361715	-6.31232	-175.709
25.2623	0.348408	-0.0325994	17.4204	-1.62997	-0.482364	-0.035838	-6.30859	-175.751
25.2728	0.348211	-0.032286	17.4105	-1.6143	-0.482597	-0.0355042	-6.30486	-175.792
25.2832	0.348014	-0.0319726	17.4007	-1.59863	-0.48283	-0.0351702	-6.30113	-175.834
25.2937	0.347817	-0.0316592	17.3909	-1.58296	-0.483063	-0.034836	-6.29741	-175.875
25.3041	0.347621	-0.0313457	17.381	-1.56729	-0.483295	-0.0345015	-6.29368	-175.917
25.3146	0.347424	-0.0310322	17.3712	-1.55161	-0.483527	-0.0341668	-6.28996	-175.958
25.325	0.347228	-0.0307187	17.3614	-1.53594	-0.483758	-0.0338318	-6.28624	-176
25.3354	0.347032	-0.0304052	17.3516	-1.52026	-0.48399	-0.0334966	-6.28252	-176.041
25.3459	0.346836	-0.0300916	17.3418	-1.50458	-0.484221	-0.0331612	-6.27881	-176.082
25.3563	0.34664	-0.0297781	17.332	-1.4889	-0.484452	-0.0328255	-6.27509	-176.124
25.3668	0.346444	-0.0294645	17.3222	-1.47322	-0.484683	-0.0324895	-6.27138	-176.165
25.3772	0.346249	-0.0291508	17.3125	-1.45754	-0.484913	-0.0321534	-6.26767	-176.206
25.3877	0.346054	-0.0288372	17.3027	-1.44186	-0.485143	-0.031817	-6.26396	-176.248
25.3981	0.345859	-0.0285235	17.2929	-1.42618	-0.485373	-0.0314803	-6.26026	-176.289
25.4085	0.345664	-0.0282098	17.2832	-1.41049	-0.485603	-0.0311435	-6.25655	-176.33
25.419	0.345469	-0.0278961	17.2734	-1.39481	-0.485832	-0.0308063	-6.25285	-176.372
25.4294	0.345274	-0.0275824	17.2637	-1.37912	-0.486061	-0.030469	-6.24915	-176.413
25.4399	0.34508	-0.0272687	17.254	-1.36343	-0.48629	-0.0301314	-6.24546	-176.454
25.4503	0.344886	-0.0269549	17.2443	-1.34774	-0.486518	-0.0297936	-6.24176	-176.496
25.4608	0.344691	-0.0266411	17.2346	-1.33205	-0.486747	-0.0294555	-6.23807	-176.537
25.4712	0.344497	-0.0263273	17.2249	-1.31636	-0.486975	-0.0291172	-6.23438	-176.578
25.4817	0.344304	-0.0260134	17.2152	-1.30067	-0.487202	-0.0287786	-6.23069	-176.62
25.4921	0.34411	-0.0256996	17.2055	-1.28498	-0.48743	-0.0284399	-6.227	-176.661
25.5025	0.343916	-0.0253857	17.1958	-1.26928	-0.487657	-0.0281008	-6.22331	-176.702
25.513	0.343723	-0.0250718	17.1862	-1.25359	-0.487884	-0.0277616	-6.21963	-176.743
25.5234	0.34353	-0.0247579	17.1765	-1.23789	-0.488111	-0.0274221	-6.21595	-176.784
25.5339	0.343337	-0.0244439	17.1668	-1.2222	-0.488337	-0.0270824	-6.21227	-176.826
25.5443	0.343144	-0.0241299	17.1572	-1.2065	-0.488563	-0.0267424	-6.2086	-176.867
25.5548	0.342951	-0.023816	17.1476	-1.1908	-0.488789	-0.0264022	-6.20492	-176.908
25.5652	0.342759	-0.023502	17.1379	-1.1751	-0.489014	-0.0260618	-6.20125	-176.949
25.5756	0.342567	-0.0231879	17.1283	-1.1594	-0.48924	-0.0257212	-6.19758	-176.991
25.5861	0.342374	-0.0228739	17.1187	-1.14369	-0.489465	-0.0253803	-6.19391	-177.032
25.5965	0.342182	-0.0225598	17.1091	-1.12799	-0.48969	-0.0250392	-6.19024	-177.073
25.607	0.34199	-0.0222457	17.0995	-1.11229	-0.489914	-0.0246978	-6.18658	-177.114
25.6174	0.341799	-0.0219316	17.0899	-1.09658	-0.490138	-0.0243562	-6.18291	-177.155
25.6279	0.341607	-0.0216175	17.0804	-1.08087	-0.490362	-0.0240144	-6.17925	-177.196
25.6383	0.341416	-0.0213033	17.0708	-1.06517	-0.490586	-0.0236724	-6.1756	-177.237
25.6487	0.341225	-0.0209892	17.0612	-1.04946	-0.490809	-0.0233301	-6.17194	-177.279
25.6592	0.341034	-0.020675	17.0517	-1.03375	-0.491033	-0.0229876	-6.16829	-177.32
25.6696	0.340843	-0.0203608	17.0421	-1.01804	-0.491256	-0.0226448	-6.16463	-177.361
25.6801	0.340652	-0.0200466	17.0326	-1.00233	-0.491478	-0.0223018	-6.16098	-177.402
25.6905	0.340461	-0.0197323	17.0231	-0.986616	-0.4917	-0.0219586	-6.15733	-177.443
25.701	0.340271	-0.019418	17.0135	-0.970902	-0.491923	-0.0216152	-6.15369	-177.484
25.7114	0.340081	-0.0191038	17.004	-0.955188	-0.492144	-0.0212715	-6.15004	-177.525
25.7219	0.33989	-0.0187895	16.9945	-0.939473	-0.492366	-0.0209276	-6.1464	-177.566
25.7323	0.3397	-0.0184751	16.985	-0.923757	-0.492587	-0.0205835	-6.14276	-177.607
25.7427	0.339511	-0.0181608	16.9755	-0.90804	-0.492808	-0.0202392	-6.13912	-177.648
25.7532	0.339321	-0.0178464	16.9661	-0.892322	-0.493029	-0.0198946	-6.13549	-177.689
25.7636	0.339132	-0.0175321	16.9566	-0.876603	-0.493249	-0.0195498	-6.13185	-177.73
25.7741	0.338942	-0.0172177	16.9471	-0.860884	-0.493469	-0.0192048	-6.12822	-177.771
25.7845	0.338753	-0.0169033	16.9377	-0.845163	-0.493689	-0.0188595	-6.12459	-177.812
25.795	0.338564	-0.0165888	16.9282	-0.829441	-0.493909	-0.018514	-6.12096	-177.853
25.8054	0.338375	-0.0162744	16.9188	-0.813719	-0.494128	-0.0181683	-6.11734	-177.894
25.8158	0.338187	-0.0159599	16.9093	-0.797995	-0.494347	-0.0178224	-6.11371	-177.935
25.8263	0.337998	-0.0156454	16.8999	-0.782271	-0.494566	-0.0174762	-6.11009	-177.976
25.8367	0.33781	-0.0153309	16.8905	-0.766546	-0.494785	-0.0171298	-6.10647	-178.017
25.8472	0.337621	-0.0150164	16.8811	-0.75082	-0.495003	-0.0167832	-6.10286	-178.058
25.8576	0.337433	-0.0147019	16.8717	-0.735093	-0.495221	-0.0164363	-6.09924	-178.099
25.8681	0.337246	-0.0143873	16.8623	-0.719365	-0.495439	-0.0160893	-6.09563	-178.14
25.8785	0.337058	-0.0140727	16.8529	-0.703636	-0.495656	-0.015742	-6.09202	-178.181
25.8889	0.33687	-0.0137581	16.8435	-0.687906	-0.495873	-0.0153945	-6.08841	-178.222
25.8994	0.336683	-0.0134435	16.8341	-0.672176	-0.49609	-0.0150467	-6.0848	-178.263
25.9098	0.336496	-0.0131289	16.8248	-0.656444	-0.496307	-0.0146988	-6.08119	-178.304
25.9203	0.336308	-0.0128142	16.8154	-0.640712	-0.496523	-0.0143506	-6.07759	-178.344
25.9307	0.336121	-0.0124996	16.8061	-0.624979	-0.496739	-0.0140022	-6.07399	-178.385
25.9412	0.335935	-0.0121849	16.7967	-0.609245	-0.496955	-0.0136535	-6.07039	-178.426
25.9516	0.335748	-0.0118702	16.7874	-0.59351	-0.49717	-0.0133047	-6.06679	-178.467
25.9621	0.335562	-0.0115555	16.7781	-0.577775	-0.497385	-0.0129556	-6.0632	-178.508
25.9725	0.335375	-0.0112408	16.7688	-0.562038	-0.4976	-0.0126063	-6.0596	-178.549
25.9829	0.335189	-0.010926	16.7595	-0.546301	-0.497815	-0.0122568	-6.05601	-178.59
25.9934	0.335003	-0.0106113	16.7502	-0.530563	-0.498029	-0.0119071	-6.05242	-178.63
26.0038	0.334817	-0.0102965	16.7409	-0.514824	-0.498243	-0.0115571	-6.04883	-178.671
26.0143	0.334632	-0.00998169	16.7316	-0.499085	-0.498457	-0.0112069	-6.04525	-178.712
26.0247	0.334446	-0.00966688	16.7223	-0.483344	-0.498671	-0.0108565	-6.04167	-178.753
26.0352	0.334261	-0.00935205	16.713	-0.467603	-0.498884	-0.0105059	-6.03808	-178.794
26.0456	0.334075	-0.00903721	16.7038	-0.451861	-0.499097	-0.0101551	-6.03451	-178.834
26.056	0.33389	-0.00872235	16.6945	-0.436118	-0.49931	-0.00980404	-6.03093	-178.875
26.0665	0.333705	-0.00840748	16.6853	-0.420374	-0.499522	-0.00945276	-6.02735	-178.916
26.0769	0.333521	-0.00809259	16.676	-0.40463	-0.499734	-0.00910127	-6.02378	-178.957
26.0874	0.333336	-0.00777769	16.6668	-0.388884	-0.499946	-0.00874956	-6.02021	-178.997
26.0978	0.333152	-0.00746276	16.6576	-0.373138	-0.500157	-0.00839764	-6.01664	-179.038
26.1083	0.332967	-0.00714783	16.6484	-0.357391	-0.500369	-0.00804549	-6.01307	-179.079
26.1187	0.332783	-0.00683288	16.6392	-0.341644	-0.50058	-0.00769313	-6.00951	-179.12
26.1291	0.332599	-0.00651791	16.63	-0.325896	-0.500791	-0.00734056	-6.00595	-179.16
26.1396	0.332415	-0.00620293	16.6208	-0.310146	-0.501001	-0.00698776	-6.00238	-179.201
26.15	0.332232	-0.00588793	16.6116	-0.294397	-0.501211	-0.00663475	-5.99883	-179.242
26.1605	0.332048	-0.00557292	16.6024	-0.278646	-0.501421	-0.00628153	-5.99527	-179.282
26.1709	0.331865	-0.00525789	16.5932	-0.262895	-0.501631	-0.00592809	-5.99171	-179.323
26.1814	0.331682	-0.00494285	16.5841	-0.247143	-0.50184	-0.00557444	-5.98816	-179.364
26.1918	0.331498	-0.0046278	16.5749	-0.23139	-0.502049	-0.00522057	-5.98461	-179.404
26.2023	0.331316	-0.00431273	16.5658	-0.215636	-0.502258	-0.00486648	-5.98106	-179.445
26.2127	0.331133	-0.00399764	16.5566	-0.199882	-0.502466	-0.00451219	-5.97751	-179.485
26.2231	0.33095	-0.00368254	16.5475	-0.184127	-0.502674	-0.00415768	-5.97397	-179.526
26.2336	0.330768	-0.00336743	16.5384	-0.168371	-0.502882	-0.00380295	-5.97043	-179.567
26.244	0.330585	-0.0030523	16.5293	-0.152615	-0.50309	-0.00344802	-5.96689	-179.607
26.2545	0.330403	-0.00273716	16.5202	-0.136858	-0.503297	-0.00309287	-5.96335	-179.648
26.2649	0.330221	-0.002422	16.5111	-0.1211	-0.503504	-0.00273751	-5.95981	-179.688
26.2754	0.33004	-0.00210683	16.502	-0.105342	-0.503711	-0.00238194	-5.95627	-179.729
26.2858	0.329858	-0.00179165	16.4929	-0.0895825	-0.503917	-0.00202615	-5.95274	-179.77
26.2962	0.329676	-0.00147645	16.4838	-0.0738226	-0.504124	-0.00167016	-5.94921	-179.81
26.3067	0.329495	-0.00116124	16.4747	-0.0580621	-0.50433	-0.00131395	-5.94568	-179.851
26.3171	0.329314	-0.000846017	16.4657	-0.0423008	-0.504535	-0.000957533	-5.94216	-179.891
26.3276	0.329133	-0.000530779	16.4566	-0.0265389	-0.50474	-0.000600906	-5.93863	-179.932
26.338	0.328952	-0.000215527	16.4476	-0.0107764	-0.504946	-0.00024407	-5.93511	-179.972
26.3485	0.328771	9.97377e-05	16.4385	0.00498688	-0.50515	0.000112977	-5.93159	179.987
26.3589	0.32859	0.000415016	16.4295	0.0207508	-0.505355	0.000470232	-5.92807	179.947
26.3693	0.32841	0.000730307	16.4205	0.0365153	-0.505559	0.000827696	-5.92455	179.906
26.3798	0.32823	0.00104561	16.4115	0.0522805	-0.505763	0.00118537	-5.92104	179.866
26.3902	0.328049	0.00136093	16.4025	0.0680464	-0.505967	0.00154325	-5.91752	179.825
26.4007	0.327869	0.00167626	16.3935	0.0838129	-0.50617	0.00190134	-5.91401	179.785
26.4111	0.32769	0.0019916	16.3845	0.09958	-0.506373	0.00225963	-5.9105	179.744
26.4216	0.32751	0.00230696	16.3755	0.115348	-0.506576	0.00261814	-5.907	179.704
26.432	0.32733	0.00262232	16.3665	0.131116	-0.506778	0.00297685	-5.90349	179.663
26.4425	0.327151	0.0029377	16.3575	0.146885	-0.50698	0.00333576	-5.89999	179.623
26.4529	0.326972	0.0032531	16.3486	0.162655	-0.507182	0.00369489	-5.89649	179.583
26.4633	0.326793	0.0035685	16.3396	0.178425	-0.507384	0.00405422	-5.89299	179.542
26.4738	0.326614	0.00388392	16.3307	0.194196	-0.507585	0.00441375	-5.88949	179.502
26.4842	0.326435	0.00419935	16.3217	0.209967	-0.507786	0.00477349	-5.886	179.461
26.4947	0.326256	0.00451479	16.3128	0.22574	-0.507987	0.00513343	-5.88251	179.421
26.5051	0.326078	0.00483024	16.3039	0.241512	-0.508187	0.00549358	-5.87902	179.381
26.5156	0.325899	0.00514571	16.295	0.257286	-0.508387	0.00585393	-5.87553	179.34
26.526	0.325721	0.00546119	16.2861	0.273059	-0.508587	0.00621449	-5.87204	179.3
26.5364	0.325543	0.00577668	16.2772	0.288834	-0.508787	0.00657525	-5.86856	179.26
26.5469	0.325365	0.00609218	16.2683	0.304609	-0.508986	0.00693621	-5.86507	179.219
26.5573	0.325187	0.00640769	16.2594	0.320384	-0.509185	0.00729738	-5.86159	179.179
26.5678	0.32501	0.00672321	16.2505	0.336161	-0.509384	0.00765874	-5.85811	179.139
26.5782	0.324832	0.00703875	16.2416	0.351937	-0.509582	0.00802031	-5.85464	179.098
26.5887	0.324655	0.00735429	16.2328	0.367715	-0.50978	0.00838208	-5.85116	179.058
26.5991	0.324478	0.00766985	16.2239	0.383493	-0.509978	0.00874406	-5.84769	179.018
26.6095	0.324301	0.00798542	16.215	0.399271	-0.510176	0.00910623	-5.84422	178.977
26.62	0.324124	0.008301	16.2062	0.41505	-0.510373	0.00946861	-5.84075	178.937
26.6304	0.323947	0.00861659	16.1974	0.43083	-0.51057	0.00983118	-5.83728	178.897
26.6409	0.323771	0.00893219	16.1885	0.44661	-0.510767	0.010194	-5.83382	178.857
26.6513	0.323594	0.0092478	16.1797	0.46239	-0.510963	0.0105569	-5.83035	178.816
26.6618	0.323418	0.00956343	16.1709	0.478171	-0.511159	0.0109201	-5.82689	178.776
26.6722	0.323242	0.00987906	16.1621	0.493953	-0.511355	0.0112835	-5.82344	178.736
26.6827	0.323066	0.0101947	16.1533	0.509735	-0.511551	0.011647	-5.81998	178.696
26.6931	0.32289	0.0105104	16.1445	0.525518	-0.511746	0.0120108	-5.81652	178.655
26.7035	0.322715	0.010826	16.1357	0.541301	-0.511941	0.0123748	-5.81307	178.615
26.714	0.322539	0.0111417	16.127	0.557085	-0.512135	0.0127389	-5.80962	178.575
26.7244	0.322364	0.0114574	16.1182	0.572869	-0.51233	0.0131033	-5.80617	178.535
26.7349	0.322189	0.0117731	16.1094	0.588654	-0.512524	0.0134679	-5.80272	178.495
26.7453	0.322013	0.0120888	16.1007	0.604439	-0.512717	0.0138326	-5.79928	178.455
26.7558	0.321839	0.0124045	16.0919	0.620225	-0.512911	0.0141976	-5.79584	178.414
26.7662	0.321664	0.0127202	16.0832	0.636011	-0.513104	0.0145627	-5.79239	178.374
26.7766	0.321489	0.013036	16.0745	0.651798	-0.513297	0.0149281	-5.78896	178.334
26.7871	0.321315	0.0133517	16.0657	0.667585	-0.513489	0.0152936	-5.78552	178.294
26.7975	0.32114	0.0136675	16.057	0.683373	-0.513682	0.0156593	-5.78208	178.254
26.808	0.320966	0.0139832	16.0483	0.699161	-0.513874	0.0160253	-5.77865	178.214
26.8184	0.320792	0.014299	16.0396	0.71495	-0.514065	0.0163914	-5.77522	178.174
26.8289	0.320618	0.0146148	16.0309	0.730739	-0.514257	0.0167577	-5.77179	178.134
26.8393	0.320444	0.0149306	16.0222	0.746529	-0.514448	0.0171242	-5.76836	178.094
26.8497	0.320271	0.0152464	16.0135	0.762319	-0.514639	0.0174909	-5.76494	178.053
26.8602	0.320097	0.0155622	16.0049	0.778109	-0.514829	0.0178578	-5.76151	178.013
26.8706	0.319924	0.015878	15.9962	0.7939	-0.515019	0.0182249	-5.75809	177.973
26.8811	0.319751	0.0161938	15.9875	0.809692	-0.515209	0.0185922	-5.75467	177.933
26.8915	0.319578	0.0165097	15.9789	0.825484	-0.515399	0.0189597	-5.75126	177.893
26.902	0.319405	0.0168255	15.9703	0.841276	-0.515588	0.0193273	-5.74784	177.853
26.9124	0.319232	0.0171414	15.9616	0.857069	-0.515777	0.0196952	-5.74443	177.813
26.9229	0.31906	0.0174572	15.953	0.872862	-0.515966	0.0200632	-5.74102	177.773
26.9333	0.318887	0.0177731	15.9444	0.888656	-0.516154	0.0204315	-5.73761	177.733
26.9437	0.318715	0.018089	15.9358	0.90445	-0.516343	0.0207999	-5.7342	177.693
26.9542	0.318543	0.0184049	15.9271	0.920244	-0.51653	0.0211685	-5.73079	177.653
26.9646	0.318371	0.0187208	15.9185	0.936039	-0.516718	0.0215373	-5.72739	177.613
26.9751	0.318199	0.0190367	15.91	0.951834	-0.516905	0.0219063	-5.72399	177.573
26.9855	0.318027	0.0193526	15.9014	0.96763	-0.517092	0.0222755	-5.72059	177.533
26.996	0.317856	0.0196685	15.8928	0.983426	-0.517279	0.0226448	-5.71719	177.493
27.0064	0.317684	0.0199845	15.8842	0.999223	-0.517465	0.0230144	-5.7138	177.453
27.0168	0.317513	0.0203004	15.8757	1.01502	-0.517651	0.0233841	-5.7104	177.414
27.0273	0.317342	0.0206163	15.8671	1.03082	-0.517837	0.0237541	-5.70701	177.374
27.0377	0.317171	0.0209323	15.8586	1.04661	-0.518022	0.0241242	-5.70362	177.334
27.0482	0.317	0.0212482	15.85	1.06241	-0.518207	0.0244945	-5.70023	177.294
27.0586	0.316829	0.0215642	15.8415	1.07821	-0.518392	0.024865	-5.69685	177.254
27.0691	0.316659	0.0218802	15.8329	1.09401	-0.518577	0.0252357	-5.69346	177.214
27.0795	0.316489	0.0221962	15.8244	1.10981	-0.518761	0.0256065	-5.69008	177.174
27.0899	0.316318	0.0225122	15.8159	1.12561	-0.518945	0.0259776	-5.6867	177.134
27.1004	0.316148	0.0228282	15.8074	1.14141	-0.519129	0.0263488	-5.68332	177.094
27.1108	0.315978	0.0231442	15.7989	1.15721	-0.519312	0.0267202	-5.67995	177.055
27.1213	0.315808	0.0234602	15.7904	1.17301	-0.519495	0.0270918	-5.67658	177.015
27.1317	0.315639	0.0237762	15.7819	1.18881	-0.519678	0.0274636	-5.6732	176.975
27.1422	0.315469	0.0240922	15.7735	1.20461	-0.51986	0.0278356	-5.66983	176.935
27.1526	0.3153	0.0244083	15.765	1.22041	-0.520042	0.0282077	-5.66646	176.895
27.1631	0.31513	0.0247243	15.7565	1.23622	-0.520224	0.0285801	-5.6631	176.855
27.1735	0.314961	0.0250404	15.7481	1.25202	-0.520406	0.0289526	-5.65973	176.816
27.1839	0.314792	0.0253564	15.7396	1.26782	-0.520587	0.0293253	-5.65637	176.776
27.1944	0.314624	0.0256725	15.7312	1.28362	-0.520768	0.0296981	-5.65301	176.736
27.2048	0.314455	0.0259885	15.7227	1.29943	-0.520949	0.0300712	-5.64965	176.696
27.2153	0.314286	0.0263046	15.7143	1.31523	-0.521129	0.0304444	-5.6463	176.657
27.2257	0.314118	0.0266207	15.7059	1.33104	-0.521309	0.0308179	-5.64294	176.617
27.2362	0.31395	0.0269368	15.6975	1.34684	-0.521489	0.0311915	-5.63959	176.577
27.2466	0.313782	0.0272529	15.6891	1.36264	-0.521668	0.0315653	-5.63624	176.537
27.257	0.313614	0.027569	15.6807	1.37845	-0.521847	0.0319392	-5.63289	176.498
27.2675	0.313446	0.0278851	15.6723	1.39425	-0.522026	0.0323134	-5.62955	176.458
27.2779	0.313278	0.0282012	15.6639	1.41006	-0.522205	0.0326877	-5.6262	176.418
27.2884	0.313111	0.0285173	15.6555	1.42587	-0.522383	0.0330622	-5.62286	176.379
27.2988	0.312943	0.0288334	15.6472	1.44167	-0.522561	0.0334368	-5.61952	176.339
27.3093	0.312776	0.0291496	15.6388	1.45748	-0.522738	0.0338117	-5.61618	176.299
27.3197	0.312609	0.0294657	15.6304	1.47329	-0.522916	0.0341867	-5.61284	176.259
27.3301	0.312442	0.0297818	15.6221	1.48909	-0.523093	0.0345619	-5.60951	176.22
27.3406	0.312275	0.030098	15.6137	1.5049	-0.52327	0.0349373	-5.60617	176.18
27.351	0.312108	0.0304141	15.6054	1.52071	-0.523446	0.0353129	-5.60284	176.141
27.3615	0.311942	0.0307303	15.5971	1.53652	-0.523622	0.0356886	-5.59951	176.101
27.3719	0.311775	0.0310465	15.5888	1.55232	-0.523798	0.0360645	-5.59619	176.061
27.3824	0.311609	0.0313626	15.5805	1.56813	-0.523973	0.0364406	-5.59286	176.022
27.3928	0.311443	0.0316788	15.5721	1.58394	-0.524148	0.0368169	-5.58954	175.982
27.4033	0.311277	0.031995	15.5638	1.59975	-0.524323	0.0371933	-5.58622	175.942
27.4137	0.311111	0.0323112	15.5556	1.61556	-0.524498	0.0375699	-5.5829	175.903
27.4241	0.310945	0.0326274	15.5473	1.63137	-0.524672	0.0379467	-5.57958	175.863
27.4346	0.31078	0.0329436	15.539	1.64718	-0.524846	0.0383236	-5.57627	175.824
27.445	0.310614	0.0332598	15.5307	1.66299	-0.52502	0.0387008	-5.57295	175.784
27.4555	0.310449	0.033576	15.5225	1.6788	-0.525193	0.0390781	-5.56964	175.745
27.4659	0.310284	0.0338922	15.5142	1.69461	-0.525366	0.0394555	-5.56633	175.705
27.4764	0.310119	0.0342084	15.5059	1.71042	-0.525539	0.0398332	-5.56302	175.666
27.4868	0.309954	0.0345246	15.4977	1.72623	-0.525711	0.040211	-5.55972	175.626
27.4972	0.309789	0.0348408	15.4895	1.74204	-0.525883	0.040589	-5.55641	175.587
27.5077	0.309625	0.035157	15.4812	1.75785	-0.526055	0.0409672	-5.55311	175.547
27.5181	0.30946	0.0354733	15.473	1.77366	-0.526227	0.0413455	-5.54981	175.508
27.5286	0.309296	0.0357895	15.4648	1.78948	-0.526398	0.041724	-5.54652	175.468
27.539	0.309132	0.0361058	15.4566	1.80529	-0.526569	0.0421027	-5.54322	175.429
27.5495	0.308968	0.036422	15.4484	1.8211	-0.52674	0.0424815	-5.53993	175.389
27.5599	0.308804	0.0367382	15.4402	1.83691	-0.52691	0.0428605	-5.53663	175.35
27.5703	0.30864	0.0370545	15.432	1.85272	-0.52708	0.0432397	-5.53334	175.31
27.5808	0.308476	0.0373708	15.4238	1.86854	-0.527249	0.043619	-5.53005	175.271
27.5912	0.308313	0.037687	15.4156	1.88435	-0.527419	0.0439985	-5.52677	175.231
27.6017	0.30815	0.0380033	15.4075	1.90016	-0.527588	0.0443782	-5.52348	175.192
27.6121	0.307986	0.0383195	15.3993	1.91598	-0.527757	0.0447581	-5.5202	175.152
27.6226	0.307823	0.0386358	15.3912	1.93179	-0.527925	0.0451381	-5.51692	175.113
27.633	0.30766	0.0389521	15.383	1.9476	-0.528093	0.0455183	-5.51364	175.074
27.6435	0.307498	0.0392684	15.3749	1.96342	-0.528261	0.0458986	-5.51037	175.034
27.6539	0.307335	0.0395847	15.3667	1.97923	-0.528429	0.0462791	-5.50709	174.995
27.6643	0.307172	0.0399009	15.3586	1.99505	-0.528596	0.0466598	-5.50382	174.956
27.6748	0.30701	0.0402172	15.3505	2.01086	-0.528763	0.0470406	-5.50055	174.916
27.6852	0.306848	0.0405335	15.3424	2.02668	-0.528929	0.0474216	-5.49728	174.877
27.6957	0.306686	0.0408498	15.3343	2.04249	-0.529095	0.0478028	-5.49401	174.837
27.7061	0.306524	0.0411661	15.3262	2.05831	-0.529261	0.0481842	-5.49075	174.798
27.7166	0.306362	0.0414824	15.3181	2.07412	-0.529427	0.0485657	-5.48748	174.759
27.727	0.3062	0.0417987	15.31	2.08994	-0.529592	0.0489473	-5.48422	174.719
27.7374	0.306039	0.042115	15.3019	2.10575	-0.529757	0.0493291	-5.48096	174.68
27.7479	0.305877	0.0424313	15.2939	2.12157	-0.529922	0.0497111	-5.47771	174.641
27.7583	0.305716	0.0427476	15.2858	2.13738	-0.530087	0.0500933	-5.47445	174.602
27.7688	0.305555	0.043064	15.2777	2.1532	-0.530251	0.0504756	-5.4712	174.562
27.7792	0.305394	0.0433803	15.2697	2.16901	-0.530415	0.0508581	-5.46795	174.523
27.7897	0.305233	0.0436966	15.2617	2.18483	-0.530578	0.0512407	-5.4647	174.484
27.8001	0.305072	0.0440129	15.2536	2.20065	-0.530741	0.0516235	-5.46145	174.444
27.8105	0.304912	0.0443293	15.2456	2.21646	-0.530904	0.0520065	-5.4582	174.405
27.821	0.304751	0.0446456	15.2376	2.23228	-0.531067	0.0523896	-5.45496	174.366
27.8314	0.304591	0.0449619	15.2295	2.2481	-0.531229	0.0527728	-5.45172	174.327
27.8419	0.304431	0.0452782	15.2215	2.26391	-0.531391	0.0531563	-5.44848	174.288
27.8523	0.304271	0.0455946	15.2135	2.27973	-0.531552	0.0535399	-5.44524	174.248
27.8628	0.304111	0.0459109	15.2055	2.29555	-0.531714	0.0539236	-5.442	174.209
27.8732	0.303951	0.0462273	15.1975	2.31136	-0.531875	0.0543075	-5.43877	174.17
27.8837	0.303791	0.0465436	15.1896	2.32718	-0.532035	0.0546916	-5.43554	174.131
27.8941	0.303632	0.0468599	15.1816	2.343	-0.532196	0.0550758	-5.43231	174.092
27.9045	0.303472	0.0471763	15.1736	2.35881	-0.532356	0.0554602	-5.42908	174.052
27.915	0.303313	0.0474926	15.1657	2.37463	-0.532516	0.0558448	-5.42585	174.013
27.9254	0.303154	0.047809	15.1577	2.39045	-0.532675	0.0562295	-5.42263	173.974
27.9359	0.302995	0.0481253	15.1498	2.40627	-0.532834	0.0566143	-5.4194	173.935
27.9463	0.302836	0.0484417	15.1418	2.42208	-0.532993	0.0569993	-5.41618	173.896
27.9568	0.302678	0.048758	15.1339	2.4379	-0.533151	0.0573845	-5.41297	173.857
27.9672	0.302519	0.0490744	15.126	2.45372	-0.53331	0.0577698	-5.40975	173.818
27.9776	0.302361	0.0493908	15.118	2.46954	-0.533468	0.0581553	-5.40653	173.779
27.9881	0.302202	0.0497071	15.1101	2.48536	-0.533625	0.0585409	-5.40332	173.739
27.9985	0.302044	0.0500235	15.1022	2.50117	-0.533782	0.0589267	-5.40011	173.7
28.009	0.301886	0.0503398	15.0943	2.51699	-0.533939	0.0593126	-5.3969	173.661
28.0194	0.301728	0.0506562	15.0864	2.53281	-0.534096	0.0596987	-5.39369	173.622
28.0299	0.30157	0.0509726	15.0785	2.54863	-0.534252	0.0600849	-5.39049	173.583
28.0403	0.301413	0.0512889	15.0706	2.56445	-0.534408	0.0604713	-5.38728	173.544
28.0507	0.301255	0.0516053	15.0628	2.58026	-0.534564	0.0608579	-5.38408	173.505
28.0612	0.301098	0.0519217	15.0549	2.59608	-0.534719	0.0612446	-5.38088	173.466
28.0716	0.300941	0.052238	15.047	2.6119	-0.534874	0.0616314	-5.37768	173.427
28.0821	0.300784	0.0525544	15.0392	2.62772	-0.535029	0.0620184	-5.37449	173.388
28.0925	0.300627	0.0528708	15.0313	2.64354	-0.535183	0.0624055	-5.37129	173.349
28.103	0.30047	0.0531871	15.0235	2.65936	-0.535338	0.0627928	-5.3681	173.31
28.1134	0.300313	0.0535035	15.0157	2.67518	-0.535491	0.0631803	-5.36491	173.271
28.1239	0.300157	0.0538199	15.0078	2.69099	-0.535645	0.0635679	-5.36172	173.232
28.1343	0.3	0.0541362	15	2.70681	-0.535798	0.0639556	-5.35854	173.193
28.1447	0.299844	0.0544526	14.9922	2.72263	-0.535951	0.0643435	-5.35535	173.154
28.1552	0.299688	0.054769	14.9844	2.73845	-0.536103	0.0647316	-5.35217	173.115
28.1656	0.299532	0.0550854	14.9766	2.75427	-0.536256	0.0651198	-5.34899	173.076
28.1761	0.299376	0.0554017	14.9688	2.77009	-0.536407	0.0655081	-5.34581	173.037
28.1865	0.29922	0.0557181	14.961	2.78591	-0.536559	0.0658966	-5.34263	172.998
28.197	0.299064	0.0560345	14.9532	2.80172	-0.53671	0.0662852	-5.33946	172.959
28.2074	0.298909	0.0563509	14.9454	2.81754	-0.536861	0.066674	-5.33629	172.921
28.2178	0.298754	0.0566672	14.9377	2.83336	-0.537012	0.0670629	-5.33312	172.882
28.2283	0.298598	0.0569836	14.9299	2.84918	-0.537162	0.067452	-5.32995	172.843
28.2387	0.298443	0.0573	14.9222	2.865	-0.537312	0.0678412	-5.32678	172.804
28.2492	0.298288	0.0576164	14.9144	2.88082	-0.537462	0.0682306	-5.32361	172.765
28.2596	0.298133	0.0579327	14.9067	2.89664	-0.537611	0.0686201	-5.32045	172.726
28.2701	0.297979	0.0582491	14.8989	2.91245	-0.53776	0.0690097	-5.31729	172.687
28.2805	0.297824	0.0585655	14.8912	2.92827	-0.537909	0.0693995	-5.31413	172.648
28.2909	0.29767	0.0588818	14.8835	2.94409	-0.538057	0.0697894	-5.31097	172.61
28.3014	0.297515	0.0591982	14.8758	2.95991	-0.538206	0.0701795	-5.30781	172.571
28.3118	0.297361	0.0595146	14.8681	2.97573	-0.538353	0.0705697	-5.30466	172.532
28.3223	0.297207	0.059831	14.8604	2.99155	-0.538501	0.0709601	-5.30151	172.493
28.3327	0.297053	0.0601473	14.8527	3.00737	-0.538648	0.0713506	-5.29836	172.454
28.3432	0.2969	0.0604637	14.845	3.02318	-0.538795	0.0717413	-5.29521	172.416
28.3536	0.296746	0.0607801	14.8373	3.039	-0.538941	0.0721321	-5.29206	172.377
28.3641	0.296592	0.0610964	14.8296	3.05482	-0.539088	0.072523	-5.28892	172.338
28.3745	0.296439	0.0614128	14.8219	3.07064	-0.539233	0.0729141	-5.28578	172.299
28.3849	0.296286	0.0617292	14.8143	3.08646	-0.539379	0.0733053	-5.28263	172.261
28.3954	0.296133	0.0620455	14.8066	3.10228	-0.539524	0.0736966	-5.2795	172.222
28.4058	0.29598	0.0623619	14.799	3.11809	-0.539669	0.0740881	-5.27636	172.183
28.4163	0.295827	0.0626782	14.7913	3.13391	-0.539814	0.0744797	-5.27322	172.144
28.4267	0.295674	0.0629946	14.7837	3.14973	-0.539958	0.0748715	-5.27009	172.106
28.4372	0.295521	0.063311	14.7761	3.16555	-0.540102	0.0752634	-5.26696	172.067
28.4476	0.295369	0.0636273	14.7684	3.18137	-0.540246	0.0756555	-5.26383	172.028
28.458	0.295216	0.0639437	14.7608	3.19718	-0.540389	0.0760476	-5.2607	171.99
28.4685	0.295064	0.06426	14.7532	3.213	-0.540532	0.07644	-5.25758	171.951
28.4789	0.294912	0.0645764	14.7456	3.22882	-0.540675	0.0768324	-5.25445	171.912
28.4894	0.29476	0.0648927	14.738	3.24464	-0.540817	0.077225	-5.25133	171.873
28.4998	0.294608	0.0652091	14.7304	3.26045	-0.540959	0.0776177	-5.24821	171.835
28.5103	0.294457	0.0655254	14.7228	3.27627	-0.541101	0.0780106	-5.24509	171.796
28.5207	0.294305	0.0658418	14.7153	3.29209	-0.541242	0.0784036	-5.24198	171.758
28.5311	0.294154	0.0661581	14.7077	3.30791	-0.541383	0.0787967	-5.23886	171.719
28.5416	0.294002	0.0664745	14.7001	3.32372	-0.541524	0.07919	-5.23575	171.68
28.552	0.293851	0.0667908	14.6926	3.33954	-0.541665	0.0795834	-5.23264	171.642
28.5625	0.2937	0.0671072	14.685	3.35536	-0.541805	0.0799769	-5.22953	171.603
28.5729	0.293549	0.0674235	14.6775	3.37118	-0.541945	0.0803706	-5.22642	171.564
28.5834	0.293398	0.0677398	14.6699	3.38699	-0.542084	0.0807644	-5.22332	171.526
28.5938	0.293248	0.0680562	14.6624	3.40281	-0.542223	0.0811583	-5.22021	171.487
28.6043	0.293097	0.0683725	14.6549	3.41863	-0.542362	0.0815524	-5.21711	171.449
28.6147	0.292947	0.0686888	14.6473	3.43444	-0.542501	0.0819466	-5.21401	171.41
28.6251	0.292796	0.0690052	14.6398	3.45026	-0.542639	0.0823409	-5.21092	171.372
28.6356	0.292646	0.0693215	14.6323	3.46607	-0.542777	0.0827354	-5.20782	171.333
28.646	0.292496	0.0696378	14.6248	3.48189	-0.542914	0.08313	-5.20473	171.295
28.6565	0.292346	0.0699541	14.6173	3.49771	-0.543052	0.0835247	-5.20164	171.256
28.6669	0.292197	0.0702705	14.6098	3.51352	-0.543189	0.0839196	-5.19855	171.218
28.6774	0.292047	0.0705868	14.6023	3.52934	-0.543325	0.0843146	-5.19546	171.179
28.6878	0.291897	0.0709031	14.5949	3.54515	-0.543462	0.0847097	-5.19237	171.141
28.6982	0.291748	0.0712194	14.5874	3.56097	-0.543598	0.0851049	-5.18929	171.102
28.7087	0.291599	0.0715357	14.5799	3.57679	-0.543733	0.0855003	-5.1862	171.064
28.7191	0.29145	0.071852	14.5725	3.5926	-0.543868	0.0858958	-5.18312	171.025
28.7296	0.2913	0.0721683	14.565	3.60842	-0.544004	0.0862914	-5.18004	170.987
28.74	0.291152	0.0724846	14.5576	3.62423	-0.544138	0.0866872	-5.17697	170.948
28.7505	0.291003	0.0728009	14.5501	3.64005	-0.544273	0.087083	-5.17389	170.91
28.7609	0.290854	0.0731172	14.5427	3.65586	-0.544407	0.0874791	-5.17082	170.871
28.7713	0.290706	0.0734335	14.5353	3.67168	-0.54454	0.0878752	-5.16775	170.833
28.7818	0.290557	0.0737498	14.5279	3.68749	-0.544674	0.0882714	-5.16468	170.795
28.7922	0.290409	0.0740661	14.5205	3.7033	-0.544807	0.0886678	-5.16161	170.756
28.8027	0.290261	0.0743824	14.513	3.71912	-0.54494	0.0890643	-5.15855	170.718
28.8131	0.290113	0.0746986	14.5056	3.73493	-0.545072	0.089461	-5.15548	170.679
28.8236	0.289965	0.0750149	14.4983	3.75075	-0.545204	0.0898577	-5.15242	170.641
28.834	0.289817	0.0753312	14.4909	3.76656	-0.545336	0.0902546	-5.14936	170.603
28.8445	0.28967	0.0756474	14.4835	3.78237	-0.545467	0.0906516	-5.1463	170.564
28.8549	0.289522	0.0759637	14.4761	3.79819	-0.545599	0.0910488	-5.14324	170.526
28.8653	0.289375	0.07628	14.4687	3.814	-0.545729	0.091446	-5.14019	170.488
28.8758	0.289228	0.0765962	14.4614	3.82981	-0.54586	0.0918434	-5.13714	170.449
28.8862	0.28908	0.0769125	14.454	3.84562	-0.54599	0.0922409	-5.13409	170.411
28.8967	0.288933	0.0772287	14.4467	3.86144	-0.54612	0.0926385	-5.13104	170.373
28.9071	0.288787	0.077545	14.4393	3.87725	-0.546249	0.0930363	-5.12799	170.334
28.9176	0.28864	0.0778612	14.432	3.89306	-0.546379	0.0934341	-5.12495	170.296
28.928	0.288493	0.0781775	14.4247	3.90887	-0.546508	0.0938321	-5.1219	170.258
28.9384	0.288347	0.0784937	14.4173	3.92469	-0.546636	0.0942302	-5.11886	170.219
28.9489	0.2882	0.0788099	14.41	3.9405	-0.546764	0.0946285	-5.11582	170.181
28.9593	0.288054	0.0791262	14.4027	3.95631	-0.546892	0.0950268	-5.11278	170.143
28.9698	0.287908	0.0794424	14.3954	3.97212	-0.54702	0.0954253	-5.10975	170.105
28.9802	0.287762	0.0797586	14.3881	3.98793	-0.547147	0.0958238	-5.10671	170.066
28.9907	0.287616	0.0800748	14.3808	4.00374	-0.547274	0.0962225	-5.10368	170.028
29.0011	0.28747	0.080391	14.3735	4.01955	-0.547401	0.0966214	-5.10065	169.99
29.0115	0.287325	0.0807072	14.3662	4.03536	-0.547527	0.0970203	-5.09762	169.952
29.022	0.287179	0.0810234	14.359	4.05117	-0.547653	0.0974194	-5.0946	169.913
29.0324	0.287034	0.0813396	14.3517	4.06698	-0.547779	0.0978185	-5.09157	169.875
29.0429	0.286889	0.0816558	14.3444	4.08279	-0.547904	0.0982178	-5.08855	169.837
29.0533	0.286743	0.081972	14.3372	4.0986	-0.548029	0.0986172	-5.08553	169.799
29.0638	0.286598	0.0822882	14.3299	4.11441	-0.548154	0.0990168	-5.08251	169.761
29.0742	0.286454	0.0826044	14.3227	4.13022	-0.548278	0.0994164	-5.07949	169.723
29.0847	0.286309	0.0829206	14.3154	4.14603	-0.548402	0.0998161	-5.07648	169.684
29.0951	0.286164	0.0832367	14.3082	4.16184	-0.548526	0.100216	-5.07346	169.646
29.1055	0.28602	0.0835529	14.301	4.17765	-0.548649	0.100616	-5.07045	169.608
29.116	0.285875	0.0838691	14.2938	4.19345	-0.548772	0.101016	-5.06744	169.57
29.1264	0.285731	0.0841852	14.2866	4.20926	-0.548895	0.101416	-5.06443	169.532
29.1369	0.285587	0.0845014	14.2793	4.22507	-0.549017	0.101817	-5.06143	169.494
29.1473	0.285443	0.0848175	14.2721	4.24088	-0.549139	0.102217	-5.05842	169.456
29.1578	0.285299	0.0851337	14.2649	4.25668	-0.549261	0.102618	-5.05542	169.418
29.1682	0.285155	0.0854498	14.2578	4.27249	-0.549383	0.103018	-5.05242	169.379
29.1786	0.285012	0.0857659	14.2506	4.2883	-0.549504	0.103419	-5.04942	169.341
29.1891	0.284868	0.0860821	14.2434	4.3041	-0.549624	0.10382	-5.04642	169.303
29.1995	0.284725	0.0863982	14.2362	4.31991	-0.549745	0.104221	-5.04343	169.265
29.21	0.284581	0.0867143	14.2291	4.33572	-0.549865	0.104622	-5.04043	169.227
29.2204	0.284438	0.0870304	14.2219	4.35152	-0.549985	0.105023	-5.03744	169.189
29.2309	0.284295	0.0873465	14.2148	4.36733	-0.550104	0.105425	-5.03445	169.151
29.2413	0.284152	0.0876626	14.2076	4.38313	-0.550224	0.105826	-5.03146	169.113
29.2517	0.284009	0.0879787	14.2005	4.39894	-0.550342	0.106228	-5.02848	169.075
29.2622	0.283867	0.0882948	14.1933	4.41474	-0.550461	0.106629	-5.02549	169.037
29.2726	0.283724	0.0886109	14.1862	4.43055	-0.550579	0.107031	-5.02251	168.999
29.2831	0.283582	0.088927	14.1791	4.44635	-0.550697	0.107433	-5.01953	168.961
29.2935	0.28344	0.0892431	14.172	4.46215	-0.550814	0.107835	-5.01655	168.923
29.304	0.283297	0.0895591	14.1649	4.47796	-0.550932	0.108237	-5.01358	168.885
29.3144	0.283155	0.0898752	14.1578	4.49376	-0.551048	0.108639	-5.0106	168.847
29.3249	0.283013	0.0901913	14.1507	4.50956	-0.551165	0.109041	-5.00763	168.809
29.3353	0.282872	0.0905073	14.1436	4.52537	-0.551281	0.109444	-5.00466	168.771
29.3457	0.28273	0.0908234	14.1365	4.54117	-0.551397	0.109846	-5.00169	168.733
29.3562	0.282588	0.0911394	14.1294	4.55697	-0.551513	0.110249	-4.99872	168.695
29.3666	0.282447	0.0914554	14.1223	4.57277	-0.551628	0.110652	-4.99575	168.658
29.3771	0.282305	0.0917715	14.1153	4.58857	-0.551743	0.111054	-4.99279	168.62
29.3875	0.282164	0.0920875	14.1082	4.60437	-0.551857	0.111457	-4.98983	168.582
29.398	0.282023	0.0924035	14.1012	4.62017	-0.551972	0.11186	-4.98687	168.544
29.4084	0.281882	0.0927195	14.0941	4.63598	-0.552086	0.112264	-4.98391	168.506
29.4188	0.281741	0.0930355	14.0871	4.65178	-0.552199	0.112667	-4.98095	168.468
29.4293	0.281601	0.0933515	14.08	4.66758	-0.552313	0.11307	-4.978	168.43
29.4397	0.28146	0.0936675	14.073	4.68338	-0.552426	0.113474	-4.97504	168.392
29.4502	0.28132	0.0939835	14.066	4.69917	-0.552538	0.113877	-4.97209	168.355
29.4606	0.281179	0.0942995	14.059	4.71497	-0.55265	0.114281	-4.96914	168.317
29.4711	0.281039	0.0946154	14.0519	4.73077	-0.552762	0.114685	-4.96619	168.279
29.4815	0.280899	0.0949314	14.0449	4.74657	-0.552874	0.115088	-4.96325	168.241
29.4919	0.280759	0.0952474	14.0379	4.76237	-0.552985	0.115492	-4.96031	168.203
29.5024	0.280619	0.0955633	14.0309	4.77817	-0.553096	0.115896	-4.95736	168.165
29.5128	0.280479	0.0958793	14.024	4.79396	-0.553207	0.116301	-4.95442	168.128
29.5233	0.280339	0.0961952	14.017	4.80976	-0.553317	0.116705	-4.95148	168.09
29.5337	0.2802	0.0965111	14.01	4.82556	-0.553427	0.117109	-4.94855	168.052
29.5442	0.28006	0.0968271	14.003	4.84135	-0.553537	0.117514	-4.94561	168.014
29.5546	0.279921	0.097143	13.9961	4.85715	-0.553646	0.117918	-4.94268	167.977
29.5651	0.279782	0.0974589	13.9891	4.87295	-0.553756	0.118323	-4.93975	167.939
29.5755	0.279643	0.0977748	13.9821	4.88874	-0.553864	0.118727	-4.93682	167.901
29.5859	0.279504	0.0980907	13.9752	4.90454	-0.553973	0.119132	-4.93389	167.863
29.5964	0.279365	0.0984066	13.9683	4.92033	-0.554081	0.119537	-4.93097	167.826
29.6068	0.279227	0.0987225	13.9613	4.93613	-0.554188	0.119942	-4.92804	167.788
29.6173	0.279088	0.0990384	13.9544	4.95192	-0.554296	0.120347	-4.92512	167.75
29.6277	0.278949	0.0993543	13.9475	4.96771	-0.554403	0.120753	-4.9222	167.713
29.6382	0.278811	0.0996701	13.9406	4.98351	-0.55451	0.121158	-4.91928	167.675
29.6486	0.278673	0.099986	13.9336	4.9993	-0.554616	0.121563	-4.91637	167.637
29.659	0.278535	0.100302	13.9267	5.01509	-0.554722	0.121969	-4.91345	167.599
29.6695	0.278397	0.100618	13.9198	5.03088	-0.554828	0.122374	-4.91054	167.562
29.6799	0.278259	0.100934	13.9129	5.04668	-0.554933	0.12278	-4.90763	167.524
29.6904	0.278121	0.101249	13.9061	5.06247	-0.555038	0.123186	-4.90472	167.487
29.7008	0.277984	0.101565	13.8992	5.07826	-0.555143	0.123592	-4.90181	167.449
29.7113	0.277846	0.101881	13.8923	5.09405	-0.555248	0.123998	-4.8989	167.411
29.7217	0.277709	0.102197	13.8854	5.10984	-0.555352	0.124404	-4.896	167.374
29.7321	0.277571	0.102513	13.8786	5.12563	-0.555455	0.12481	-4.8931	167.336
29.7426	0.277434	0.102828	13.8717	5.14142	-0.555559	0.125216	-4.8902	167.298
29.753	0.277297	0.103144	13.8649	5.15721	-0.555662	0.125623	-4.8873	167.261
29.7635	0.27716	0.10346	13.858	5.173	-0.555765	0.126029	-4.8844	167.223
29.7739	0.277023	0.103776	13.8512	5.18879	-0.555867	0.126436	-4.88151	167.186
29.7844	0.276887	0.104091	13.8443	5.20457	-0.555969	0.126842	-4.87862	167.148
29.7948	0.27675	0.104407	13.8375	5.22036	-0.556071	0.127249	-4.87572	167.111
29.8053	0.276614	0.104723	13.8307	5.23615	-0.556173	0.127656	-4.87283	167.073
29.8157	0.276477	0.105039	13.8239	5.25194	-0.556274	0.128063	-4.86995	167.036
29.8261	0.276341	0.105354	13.8171	5.26772	-0.556375	0.12847	-4.86706	166.998
29.8366	0.276205	0.10567	13.8103	5.28351	-0.556475	0.128877	-4.86418	166.96
29.847	0.276069	0.105986	13.8035	5.29929	-0.556575	0.129284	-4.86129	166.923
29.8575	0.275933	0.106302	13.7967	5.31508	-0.556675	0.129691	-4.85841	166.885
29.8679	0.275797	0.106617	13.7899	5.33086	-0.556775	0.130098	-4.85554	166.848
29.8784	0.275662	0.106933	13.7831	5.34665	-0.556874	0.130506	-4.85266	166.811
29.8888	0.275526	0.107249	13.7763	5.36243	-0.556973	0.130913	-4.84978	166.773
29.8992	0.275391	0.107564	13.7695	5.37822	-0.557071	0.131321	-4.84691	166.736
29.9097	0.275256	0.10788	13.7628	5.394	-0.55717	0.131728	-4.84404	166.698
29.9201	0.27512	0.108196	13.756	5.40978	-0.557267	0.132136	-4.84117	166.661
29.9306	0.274985	0.108511	13.7493	5.42557	-0.557365	0.132544	-4.8383	166.623
29.941	0.27485	0.108827	13.7425	5.44135	-0.557462	0.132952	-4.83544	166.586
29.9515	0.274716	0.109143	13.7358	5.45713	-0.557559	0.13336	-4.83257	166.548
29.9619	0.274581	0.109458	13.729	5.47291	-0.557656	0.133768	-4.82971	166.511
29.9723	0.274446	0.109774	13.7223	5.48869	-0.557752	0.134176	-4.82685	166.474
29.9828	0.274312	0.110089	13.7156	5.50447	-0.557848	0.134584	-4.82399	166.436
29.9932	0.274177	0.110405	13.7089	5.52025	-0.557943	0.134993	-4.82113	166.399
30.0037	0.274043	0.110721	13.7022	5.53603	-0.558039	0.135401	-4.81828	166.361
30.0141	0.273909	0.111036	13.6955	5.55181	-0.558133	0.13581	-4.81542	166.324
30.0246	0.273775	0.111352	13.6887	5.56759	-0.558228	0.136218	-4.81257	166.287
30.035	0.273641	0.111667	13.6821	5.58337	-0.558322	0.136627	-4.80972	166.249
30.0455	0.273507	0.111983	13.6754	5.59915	-0.558416	0.137036	-4.80687	166.212
30.0559	0.273374	0.112298	13.6687	5.61492	-0.55851	0.137445	-4.80403	166.175
30.0663	0.27324	0.112614	13.662	5.6307	-0.558603	0.137853	-4.80118	166.137
30.0768	0.273107	0.11293	13.6553	5.64648	-0.558696	0.138262	-4.79834	166.1
30.0872	0.272973	0.113245	13.6487	5.66225	-0.558789	0.138671	-4.7955	166.063
30.0977	0.27284	0.113561	13.642	5.67803	-0.558881	0.139081	-4.79266	166.025
30.1081	0.272707	0.113876	13.6353	5.6938	-0.558973	0.13949	-4.78982	165.988
30.1186	0.272574	0.114192	13.6287	5.70958	-0.559064	0.139899	-4.78699	165.951
30.129	0.272441	0.114507	13.6221	5.72535	-0.559156	0.140309	-4.78415	165.914
30.1394	0.272308	0.114823	13.6154	5.74113	-0.559247	0.140718	-4.78132	165.876
30.1499	0.272176	0.115138	13.6088	5.7569	-0.559337	0.141127	-4.77849	165.839
30.1603	0.272043	0.115453	13.6022	5.77267	-0.559427	0.141537	-4.77566	165.802
30.1708	0.271911	0.115769	13.5955	5.78845	-0.559517	0.141947	-4.77284	165.765
30.1812	0.271778	0.116084	13.5889	5.80422	-0.559607	0.142357	-4.77001	165.727
30.1917	0.271646	0.1164	13.5823	5.81999	-0.559696	0.142766	-4.76719	165.69
30.2021	0.271514	0.116715	13.5757	5.83576	-0.559785	0.143176	-4.76437	165.653
30.2125	0.271382	0.117031	13.5691	5.85153	-0.559874	0.143586	-4.76155	165.616
30.223	0.27125	0.117346	13.5625	5.8673	-0.559962	0.143996	-4.75873	165.579
30.2334	0.271119	0.117661	13.5559	5.88307	-0.56005	0.144406	-4.75591	165.541
30.2439	0.270987	0.117977	13.5493	5.89884	-0.560138	0.144817	-4.7531	165.504
30.2543	0.270855	0.118292	13.5428	5.91461	-0.560225	0.145227	-4.75029	165.467
30.2648	0.270724	0.118608	13.5362	5.93038	-0.560312	0.145637	-4.74748	165.43
30.2752	0.270593	0.118923	13.5296	5.94614	-0.560399	0.146048	-4.74467	165.393
30.2857	0.270462	0.119238	13.5231	5.96191	-0.560485	0.146458	-4.74186	165.356
30.2961	0.270331	0.119554	13.5165	5.97768	-0.560571	0.146869	-4.73906	165.319
30.3065	0.2702	0.119869	13.51	5.99344	-0.560657	0.147279	-4.73625	165.281
30.317	0.270069	0.120184	13.5034	6.00921	-0.560742	0.14769	-4.73345	165.244
30.3274	0.269938	0.1205	13.4969	6.02498	-0.560827	0.148101	-4.73065	165.207
30.3379	0.269807	0.120815	13.4904	6.04074	-0.560912	0.148512	-4.72785	165.17
30.3483	0.269677	0.12113	13.4838	6.05651	-0.560996	0.148923	-4.72506	165.133
30.3588	0.269547	0.121445	13.4773	6.07227	-0.56108	0.149334	-4.72226	165.096
30.3692	0.269416	0.121761	13.4708	6.08803	-0.561164	0.149745	-4.71947	165.059
30.3796	0.269286	0.122076	13.4643	6.1038	-0.561247	0.150156	-4.71668	165.022
30.3901	0.269156	0.122391	13.4578	6.11956	-0.56133	0.150567	-4.71389	164.985
30.4005	0.269026	0.122706	13.4513	6.13532	-0.561413	0.150978	-4.7111	164.948
30.411	0.268896	0.123022	13.4448	6.15108	-0.561495	0.15139	-4.70832	164.911
30.4214	0.268767	0.123337	13.4383	6.16684	-0.561578	0.151801	-4.70553	164.874
30.4319	0.268637	0.123652	13.4318	6.1826	-0.561659	0.152212	-4.70275	164.837
30.4423	0.268507	0.123967	13.4254	6.19836	-0.561741	0.152624	-4.69997	164.8
30.4527	0.268378	0.124282	13.4189	6.21412	-0.561822	0.153036	-4.69719	164.763
30.4632	0.268249	0.124598	13.4124	6.22988	-0.561902	0.153447	-4.69441	164.726
30.4736	0.26812	0.124913	13.406	6.24564	-0.561983	0.153859	-4.69164	164.689
30.4841	0.267991	0.125228	13.3995	6.2614	-0.562063	0.154271	-4.68886	164.652
30.4945	0.267862	0.125543	13.3931	6.27715	-0.562143	0.154683	-4.68609	164.615
30.505	0.267733	0.125858	13.3866	6.29291	-0.562222	0.155095	-4.68332	164.578
30.5154	0.267604	0.126173	13.3802	6.30867	-0.562301	0.155507	-4.68055	164.541
30.5259	0.267476	0.126488	13.3738	6.32442	-0.56238	0.155919	-4.67779	164.504
30.5363	0.267347	0.126804	13.3674	6.34018	-0.562458	0.156331	-4.67502	164.467
30.5467	0.267219	0.127119	13.3609	6.35593	-0.562536	0.156743	-4.67226	164.43
30.5572	0.26709	0.127434	13.3545	6.37169	-0.562614	0.157155	-4.6695	164.393
30.5676	0.266962	0.127749	13.3481	6.38744	-0.562691	0.157567	-4.66674	164.356
30.5781	0.266834	0.128064	13.3417	6.40319	-0.562768	0.15798	-4.66398	164.32
30.5885	0.266706	0.128379	13.3353	6.41895	-0.562845	0.158392	-4.66123	164.283
30.599	0.266578	0.128694	13.3289	6.4347	-0.562922	0.158805	-4.65847	164.246
30.6094	0.266451	0.129009	13.3225	6.45045	-0.562998	0.159217	-4.65572	164.209
30.6198	0.266323	0.129324	13.3162	6.4662	-0.563074	0.15963	-4.65297	164.172
30.6303	0.266196	0.129639	13.3098	6.48195	-0.563149	0.160042	-4.65022	164.135
30.6407	0.266068	0.129954	13.3034	6.4977	-0.563224	0.160455	-4.64747	164.098
30.6512	0.265941	0.130269	13.297	6.51345	-0.563299	0.160868	-4.64473	164.062
30.6616	0.265814	0.130584	13.2907	6.5292	-0.563373	0.161281	-4.64199	164.025
30.6721	0.265687	0.130899	13.2843	6.54495	-0.563447	0.161694	-4.63924	163.988
30.6825	0.26556	0.131214	13.278	6.56069	-0.563521	0.162107	-4.6365	163.951
30.6929	0.265433	0.131529	13.2716	6.57644	-0.563595	0.16252	-4.63376	163.914
30.7034	0.265306	0.131844	13.2653	6.59219	-0.563668	0.162933	-4.63103	163.878
30.7138	0.265179	0.132159	13.259	6.60793	-0.563741	0.163346	-4.62829	163.841
30.7243	0.265053	0.132474	13.2526	6.62368	-0.563813	0.163759	-4.62556	163.804
30.7347	0.264927	0.132788	13.2463	6.63942	-0.563885	0.164172	-4.62283	163.767
30.7452	0.2648	0.133103	13.24	6.65517	-0.563957	0.164586	-4.6201	163.731
30.7556	0.264674	0.133418	13.2337	6.67091	-0.564028	0.164999	-4.61737	163.694
30.7661	0.264548	0.133733	13.2274	6.68666	-0.5641	0.165412	-4.61465	163.657
30.7765	0.264422	0.134048	13.2211	6.7024	-0.56417	0.165826	-4.61192	163.62
30.7869	0.264296	0.134363	13.2148	6.71814	-0.564241	0.166239	-4.6092	163.584
30.7974	0.26417	0.134678	13.2085	6.73388	-0.564311	0.166653	-4.60648	163.547
30.8078	0.264045	0.134992	13.2022	6.74962	-0.564381	0.167067	-4.60376	163.51
30.8183	0.263919	0.135307	13.196	6.76536	-0.56445	0.16748	-4.60104	163.474
30.8287	0.263794	0.135622	13.1897	6.7811	-0.564519	0.167894	-4.59833	163.437
30.8392	0.263668	0.135937	13.1834	6.79684	-0.564588	0.168308	-4.59561	163.4
30.8496	0.263543	0.136252	13.1772	6.81258	-0.564657	0.168722	-4.5929	163.364
30.86	0.263418	0.136566	13.1709	6.82832	-0.564725	0.169135	-4.59019	163.327
30.8705	0.263293	0.136881	13.1647	6.84406	-0.564793	0.169549	-4.58748	163.29
30.8809	0.263168	0.137196	13.1584	6.85979	-0.56486	0.169963	-4.58477	163.254
30.8914	0.263043	0.137511	13.1522	6.87553	-0.564927	0.170377	-4.58207	163.217
30.9018	0.262919	0.137825	13.1459	6.89127	-0.564994	0.170792	-4.57937	163.181
30.9123	0.262794	0.13814	13.1397	6.907	-0.565061	0.171206	-4.57666	163.144
30.9227	0.26267	0.138455	13.1335	6.92273	-0.565127	0.17162	-4.57396	163.107
30.9331	0.262545	0.138769	13.1273	6.93847	-0.565193	0.172034	-4.57127	163.071
30.9436	0.262421	0.139084	13.1211	6.9542	-0.565258	0.172448	-4.56857	163.034
30.954	0.262297	0.139399	13.1149	6.96994	-0.565323	0.172863	-4.56587	162.998
30.9645	0.262173	0.139713	13.1086	6.98567	-0.565388	0.173277	-4.56318	162.961
30.9749	0.262049	0.140028	13.1025	7.0014	-0.565453	0.173692	-4.56049	162.924
30.9854	0.261925	0.140343	13.0963	7.01713	-0.565517	0.174106	-4.5578	162.888
30.9958	0.261802	0.140657	13.0901	7.03286	-0.565581	0.174521	-4.55511	162.851
31.0063	0.261678	0.140972	13.0839	7.04859	-0.565644	0.174935	-4.55243	162.815
31.0167	0.261554	0.141286	13.0777	7.06432	-0.565708	0.17535	-4.54974	162.778
31.0271	0.261431	0.141601	13.0716	7.08005	-0.565771	0.175764	-4.54706	162.742
31.0376	0.261308	0.141916	13.0654	7.09578	-0.565833	0.176179	-4.54438	162.705
31.048	0.261185	0.14223	13.0592	7.1115	-0.565895	0.176594	-4.5417	162.669
31.0585	0.261062	0.142545	13.0531	7.12723	-0.565957	0.177009	-4.53902	162.632
31.0689	0.260939	0.142859	13.0469	7.14296	-0.566019	0.177423	-4.53635	162.596
31.0794	0.260816	0.143174	13.0408	7.15868	-0.56608	0.177838	-4.53367	162.559
31.0898	0.260693	0.143488	13.0346	7.17441	-0.566141	0.178253	-4.531	162.523
31.1002	0.26057	0.143803	13.0285	7.19013	-0.566201	0.178668	-4.52833	162.487
31.1107	0.260448	0.144117	13.0224	7.20585	-0.566262	0.179083	-4.52566	162.45
31.1211	0.260325	0.144432	13.0163	7.22158	-0.566322	0.179498	-4.52299	162.414
31.1316	0.260203	0.144746	13.0101	7.2373	-0.566381	0.179913	-4.52033	162.377
31.142	0.260081	0.14506	13.004	7.25302	-0.56644	0.180329	-4.51766	162.341
31.1525	0.259959	0.145375	12.9979	7.26874	-0.566499	0.180744	-4.515	162.305
31.1629	0.259837	0.145689	12.9918	7.28446	-0.566558	0.181159	-4.51234	162.268
31.1733	0.259715	0.146004	12.9857	7.30018	-0.566616	0.181574	-4.50968	162.232
31.1838	0.259593	0.146318	12.9796	7.3159	-0.566674	0.18199	-4.50703	162.195
31.1942	0.259471	0.146632	12.9736	7.33162	-0.566732	0.182405	-4.50437	162.159
31.2047	0.25935	0.146947	12.9675	7.34734	-0.566789	0.18282	-4.50172	162.123
31.2151	0.259228	0.147261	12.9614	7.36306	-0.566846	0.183236	-4.49907	162.086
31.2256	0.259107	0.147575	12.9553	7.37877	-0.566903	0.183651	-4.49642	162.05
31.236	0.258985	0.14789	12.9493	7.39449	-0.566959	0.184067	-4.49377	162.014
31.2465	0.258864	0.148204	12.9432	7.41021	-0.567015	0.184482	-4.49112	161.977
31.2569	0.258743	0.148518	12.9372	7.42592	-0.56707	0.184898	-4.48848	161.941
31.2673	0.258622	0.148833	12.9311	7.44163	-0.567126	0.185313	-4.48583	161.905
31.2778	0.258501	0.149147	12.9251	7.45735	-0.567181	0.185729	-4.48319	161.868
31.2882	0.258381	0.149461	12.919	7.47306	-0.567235	0.186145	-4.48055	161.832
31.2987	0.25826	0.149775	12.913	7.48877	-0.56729	0.18656	-4.47792	161.796
31.3091	0.258139	0.15009	12.907	7.50449	-0.567344	0.186976	-4.47528	161.76
31.3196	0.258019	0.150404	12.901	7.5202	-0.567397	0.187392	-4.47264	161.723
31.33	0.257899	0.150718	12.8949	7.53591	-0.56745	0.187808	-4.47001	161.687
