Freq_GHz	r_fit	x_fit	R_fit_ohm	X_fit_ohm	Re_S11	Im_S11	S11_dB	S11_deg
0.01	0.76	-0.000120403	38	-0.00602013	-0.136364	-7.77392e-05	-17.306	-179.967
0.02	0.759999	-0.000240805	38	-0.0120402	-0.136364	-0.000155478	-17.306	-179.935
0.03	0.759999	-0.000361206	37.9999	-0.0180603	-0.136364	-0.000233217	-17.306	-179.902
0.04	0.759998	-0.000481607	37.9999	-0.0240804	-0.136365	-0.000310956	-17.3059	-179.869
0.05	0.759997	-0.000602006	37.9998	-0.0301003	-0.136366	-0.000388694	-17.3059	-179.837
0.06	0.759995	-0.000722404	37.9998	-0.0361202	-0.136366	-0.000466431	-17.3058	-179.804
0.07	0.759994	-0.0008428	37.9997	-0.04214	-0.136367	-0.000544167	-17.3057	-179.771
0.08	0.759992	-0.000963194	37.9996	-0.0481597	-0.136369	-0.000621903	-17.3056	-179.739
0.09	0.75999	-0.00108359	37.9995	-0.0541793	-0.13637	-0.000699637	-17.3055	-179.706
0.1	0.759987	-0.00120397	37.9994	-0.0601987	-0.136371	-0.000777371	-17.3054	-179.673
0.11	0.759985	-0.00132436	37.9992	-0.066218	-0.136373	-0.000855103	-17.3053	-179.641
0.12	0.759982	-0.00144474	37.9991	-0.0722371	-0.136375	-0.000932833	-17.3051	-179.608
0.13	0.759978	-0.00156512	37.9989	-0.0782561	-0.136377	-0.00101056	-17.305	-179.575
0.14	0.759975	-0.0016855	37.9987	-0.0842748	-0.136379	-0.00108829	-17.3048	-179.543
0.15	0.759971	-0.00180587	37.9986	-0.0902933	-0.136381	-0.00116601	-17.3046	-179.51
0.16	0.759967	-0.00192623	37.9984	-0.0963116	-0.136383	-0.00124374	-17.3044	-179.478
0.17	0.759963	-0.00204659	37.9982	-0.10233	-0.136386	-0.00132146	-17.3042	-179.445
0.18	0.759959	-0.00216695	37.9979	-0.108347	-0.136389	-0.00139918	-17.304	-179.412
0.19	0.759954	-0.0022873	37.9977	-0.114365	-0.136391	-0.00147689	-17.3037	-179.38
0.2	0.759949	-0.00240764	37.9974	-0.120382	-0.136395	-0.00155461	-17.3035	-179.347
0.21	0.759944	-0.00252798	37.9972	-0.126399	-0.136398	-0.00163232	-17.3032	-179.314
0.22	0.759938	-0.00264831	37.9969	-0.132416	-0.136401	-0.00171003	-17.303	-179.282
0.23	0.759932	-0.00276864	37.9966	-0.138432	-0.136404	-0.00178773	-17.3027	-179.249
0.24	0.759926	-0.00288896	37.9963	-0.144448	-0.136408	-0.00186544	-17.3024	-179.217
0.25	0.75992	-0.00300927	37.996	-0.150463	-0.136412	-0.00194314	-17.3021	-179.184
0.26	0.759914	-0.00312957	37.9957	-0.156478	-0.136416	-0.00202083	-17.3018	-179.151
0.27	0.759907	-0.00324986	37.9953	-0.162493	-0.13642	-0.00209853	-17.3014	-179.119
0.28	0.7599	-0.00337015	37.995	-0.168508	-0.136424	-0.00217621	-17.3011	-179.086
0.29	0.759893	-0.00349043	37.9946	-0.174521	-0.136429	-0.0022539	-17.3007	-179.054
0.3	0.759885	-0.0036107	37.9943	-0.180535	-0.136433	-0.00233158	-17.3003	-179.021
0.31	0.759877	-0.00373096	37.9939	-0.186548	-0.136438	-0.00240926	-17.3	-178.988
0.32	0.759869	-0.00385121	37.9935	-0.19256	-0.136443	-0.00248693	-17.2996	-178.956
0.33	0.759861	-0.00397145	37.993	-0.198572	-0.136448	-0.0025646	-17.2991	-178.923
0.34	0.759852	-0.00409168	37.9926	-0.204584	-0.136453	-0.00264227	-17.2987	-178.891
0.35	0.759844	-0.0042119	37.9922	-0.210595	-0.136458	-0.00271993	-17.2983	-178.858
0.36	0.759834	-0.00433211	37.9917	-0.216605	-0.136464	-0.00279758	-17.2978	-178.826
0.37	0.759825	-0.00445231	37.9913	-0.222615	-0.136469	-0.00287523	-17.2974	-178.793
0.38	0.759816	-0.00457249	37.9908	-0.228625	-0.136475	-0.00295288	-17.2969	-178.76
0.39	0.759806	-0.00469267	37.9903	-0.234634	-0.136481	-0.00303052	-17.2964	-178.728
0.4	0.759796	-0.00481283	37.9898	-0.240642	-0.136487	-0.00310816	-17.2959	-178.695
0.41	0.759785	-0.00493298	37.9893	-0.246649	-0.136493	-0.00318579	-17.2954	-178.663
0.42	0.759775	-0.00505312	37.9887	-0.252656	-0.1365	-0.00326341	-17.2949	-178.63
0.43	0.759764	-0.00517325	37.9882	-0.258662	-0.136506	-0.00334103	-17.2943	-178.598
0.44	0.759753	-0.00529336	37.9876	-0.264668	-0.136513	-0.00341865	-17.2938	-178.565
0.45	0.759741	-0.00541346	37.9871	-0.270673	-0.13652	-0.00349626	-17.2932	-178.533
0.46	0.75973	-0.00553355	37.9865	-0.276677	-0.136527	-0.00357386	-17.2927	-178.501
0.47	0.759718	-0.00565362	37.9859	-0.282681	-0.136534	-0.00365145	-17.2921	-178.468
0.48	0.759706	-0.00577367	37.9853	-0.288684	-0.136541	-0.00372904	-17.2915	-178.436
0.49	0.759693	-0.00589372	37.9847	-0.294686	-0.136549	-0.00380663	-17.2909	-178.403
0.5	0.759681	-0.00601374	37.984	-0.300687	-0.136557	-0.0038842	-17.2902	-178.371
0.51	0.759668	-0.00613376	37.9834	-0.306688	-0.136564	-0.00396178	-17.2896	-178.338
0.52	0.759655	-0.00625375	37.9827	-0.312688	-0.136572	-0.00403934	-17.289	-178.306
0.53	0.759641	-0.00637373	37.9821	-0.318687	-0.13658	-0.0041169	-17.2883	-178.273
0.54	0.759628	-0.0064937	37.9814	-0.324685	-0.136589	-0.00419445	-17.2876	-178.241
0.55	0.759614	-0.00661364	37.9807	-0.330682	-0.136597	-0.00427199	-17.2869	-178.209
0.56	0.7596	-0.00673358	37.98	-0.336679	-0.136606	-0.00434952	-17.2862	-178.176
0.57	0.759585	-0.00685349	37.9793	-0.342674	-0.136614	-0.00442705	-17.2855	-178.144
0.58	0.75957	-0.00697339	37.9785	-0.348669	-0.136623	-0.00450457	-17.2848	-178.112
0.59	0.759556	-0.00709326	37.9778	-0.354663	-0.136632	-0.00458208	-17.2841	-178.079
0.6	0.75954	-0.00721312	37.977	-0.360656	-0.136641	-0.00465959	-17.2833	-178.047
0.61	0.759525	-0.00733297	37.9762	-0.366648	-0.136651	-0.00473709	-17.2825	-178.015
0.62	0.759509	-0.00745279	37.9755	-0.372639	-0.13666	-0.00481458	-17.2818	-177.982
0.63	0.759493	-0.00757259	37.9747	-0.37863	-0.13667	-0.00489206	-17.281	-177.95
0.64	0.759477	-0.00769238	37.9739	-0.384619	-0.13668	-0.00496953	-17.2802	-177.918
0.65	0.759461	-0.00781214	37.973	-0.390607	-0.13669	-0.00504699	-17.2794	-177.885
0.66	0.759444	-0.00793189	37.9722	-0.396595	-0.1367	-0.00512445	-17.2785	-177.853
0.67	0.759427	-0.00805162	37.9713	-0.402581	-0.13671	-0.00520189	-17.2777	-177.821
0.68	0.75941	-0.00817132	37.9705	-0.408566	-0.13672	-0.00527933	-17.2769	-177.789
0.69	0.759392	-0.00829101	37.9696	-0.41455	-0.136731	-0.00535676	-17.276	-177.756
0.7	0.759375	-0.00841067	37.9687	-0.420533	-0.136742	-0.00543418	-17.2751	-177.724
0.71	0.759357	-0.00853031	37.9678	-0.426515	-0.136753	-0.00551159	-17.2742	-177.692
0.72	0.759338	-0.00864993	37.9669	-0.432496	-0.136764	-0.00558899	-17.2733	-177.66
0.73	0.75932	-0.00876953	37.966	-0.438476	-0.136775	-0.00566638	-17.2724	-177.628
0.74	0.759301	-0.0088891	37.9651	-0.444455	-0.136786	-0.00574376	-17.2715	-177.596
0.75	0.759282	-0.00900866	37.9641	-0.450433	-0.136798	-0.00582114	-17.2706	-177.563
0.76	0.759263	-0.00912819	37.9631	-0.456409	-0.136809	-0.0058985	-17.2696	-177.531
0.77	0.759243	-0.00924769	37.9622	-0.462385	-0.136821	-0.00597585	-17.2687	-177.499
0.78	0.759224	-0.00936718	37.9612	-0.468359	-0.136833	-0.00605319	-17.2677	-177.467
0.79	0.759203	-0.00948664	37.9602	-0.474332	-0.136845	-0.00613052	-17.2667	-177.435
0.8	0.759183	-0.00960607	37.9592	-0.480304	-0.136857	-0.00620784	-17.2657	-177.403
0.81	0.759163	-0.00972548	37.9581	-0.486274	-0.13687	-0.00628515	-17.2647	-177.371
0.82	0.759142	-0.00984487	37.9571	-0.492243	-0.136882	-0.00636245	-17.2637	-177.339
0.83	0.759121	-0.00996423	37.956	-0.498212	-0.136895	-0.00643974	-17.2626	-177.307
0.84	0.7591	-0.0100836	37.955	-0.504178	-0.136908	-0.00651702	-17.2616	-177.275
0.85	0.759078	-0.0102029	37.9539	-0.510144	-0.136921	-0.00659429	-17.2605	-177.243
0.86	0.759056	-0.0103222	37.9528	-0.516108	-0.136934	-0.00667154	-17.2595	-177.211
0.87	0.759034	-0.0104414	37.9517	-0.522071	-0.136947	-0.00674879	-17.2584	-177.179
0.88	0.759012	-0.0105606	37.9506	-0.528032	-0.136961	-0.00682602	-17.2573	-177.147
0.89	0.758989	-0.0106799	37.9495	-0.533993	-0.136975	-0.00690324	-17.2562	-177.115
0.9	0.758967	-0.010799	37.9483	-0.539952	-0.136988	-0.00698045	-17.2551	-177.083
0.91	0.758943	-0.0109182	37.9472	-0.545909	-0.137002	-0.00705764	-17.2539	-177.051
0.92	0.75892	-0.0110373	37.946	-0.551865	-0.137017	-0.00713483	-17.2528	-177.019
0.93	0.758897	-0.0111564	37.9448	-0.55782	-0.137031	-0.007212	-17.2516	-176.987
0.94	0.758873	-0.0112755	37.9436	-0.563773	-0.137045	-0.00728916	-17.2505	-176.955
0.95	0.758849	-0.0113945	37.9424	-0.569725	-0.13706	-0.00736631	-17.2493	-176.924
0.96	0.758824	-0.0115135	37.9412	-0.575675	-0.137074	-0.00744345	-17.2481	-176.892
0.97	0.7588	-0.0116325	37.94	-0.581624	-0.137089	-0.00752057	-17.2469	-176.86
0.98	0.758775	-0.0117514	37.9387	-0.587572	-0.137104	-0.00759768	-17.2457	-176.828
0.99	0.75875	-0.0118704	37.9375	-0.593518	-0.13712	-0.00767478	-17.2444	-176.796
1	0.758724	-0.0119892	37.9362	-0.599462	-0.137135	-0.00775186	-17.2432	-176.765
1.01	0.758699	-0.0121081	37.9349	-0.605405	-0.13715	-0.00782893	-17.2419	-176.733
1.02	0.758673	-0.0122269	37.9337	-0.611346	-0.137166	-0.00790599	-17.2407	-176.701
1.03	0.758647	-0.0123457	37.9323	-0.617286	-0.137182	-0.00798303	-17.2394	-176.67
1.04	0.758621	-0.0124645	37.931	-0.623225	-0.137198	-0.00806006	-17.2381	-176.638
1.05	0.758594	-0.0125832	37.9297	-0.629161	-0.137214	-0.00813708	-17.2368	-176.606
1.06	0.758567	-0.0127019	37.9284	-0.635096	-0.13723	-0.00821408	-17.2355	-176.575
1.07	0.75854	-0.0128206	37.927	-0.64103	-0.137247	-0.00829107	-17.2341	-176.543
1.08	0.758513	-0.0129392	37.9256	-0.646962	-0.137263	-0.00836804	-17.2328	-176.511
1.09	0.758485	-0.0130578	37.9243	-0.652892	-0.13728	-0.008445	-17.2315	-176.48
1.1	0.758457	-0.0131764	37.9229	-0.65882	-0.137297	-0.00852195	-17.2301	-176.448
1.11	0.758429	-0.0132949	37.9215	-0.664747	-0.137314	-0.00859888	-17.2287	-176.417
1.12	0.758401	-0.0134134	37.92	-0.670672	-0.137331	-0.0086758	-17.2273	-176.385
1.13	0.758372	-0.0135319	37.9186	-0.676596	-0.137348	-0.0087527	-17.2259	-176.354
1.14	0.758343	-0.0136503	37.9172	-0.682517	-0.137366	-0.00882959	-17.2245	-176.322
1.15	0.758314	-0.0137687	37.9157	-0.688437	-0.137384	-0.00890646	-17.2231	-176.291
1.16	0.758285	-0.0138871	37.9142	-0.694356	-0.137401	-0.00898331	-17.2217	-176.259
1.17	0.758255	-0.0140054	37.9127	-0.700272	-0.137419	-0.00906015	-17.2202	-176.228
1.18	0.758225	-0.0141237	37.9113	-0.706187	-0.137437	-0.00913698	-17.2187	-176.197
1.19	0.758195	-0.014242	37.9097	-0.7121	-0.137456	-0.00921379	-17.2173	-176.165
1.2	0.758165	-0.0143602	37.9082	-0.718011	-0.137474	-0.00929058	-17.2158	-176.134
1.21	0.758134	-0.0144784	37.9067	-0.72392	-0.137493	-0.00936736	-17.2143	-176.102
1.22	0.758103	-0.0145965	37.9051	-0.729827	-0.137511	-0.00944412	-17.2128	-176.071
1.23	0.758072	-0.0147147	37.9036	-0.735733	-0.13753	-0.00952087	-17.2113	-176.04
1.24	0.75804	-0.0148327	37.902	-0.741637	-0.137549	-0.0095976	-17.2097	-176.009
1.25	0.758009	-0.0149508	37.9004	-0.747539	-0.137568	-0.00967431	-17.2082	-175.977
1.26	0.757977	-0.0150688	37.8988	-0.753438	-0.137588	-0.00975101	-17.2066	-175.946
1.27	0.757945	-0.0151867	37.8972	-0.759336	-0.137607	-0.00982769	-17.2051	-175.915
1.28	0.757912	-0.0153046	37.8956	-0.765232	-0.137627	-0.00990435	-17.2035	-175.884
1.29	0.75788	-0.0154225	37.894	-0.771127	-0.137647	-0.009981	-17.2019	-175.853
1.3	0.757847	-0.0155404	37.8923	-0.777019	-0.137667	-0.0100576	-17.2003	-175.822
1.31	0.757814	-0.0156582	37.8907	-0.782909	-0.137687	-0.0101342	-17.1987	-175.79
1.32	0.75778	-0.0157759	37.889	-0.788797	-0.137707	-0.0102108	-17.1971	-175.759
1.33	0.757746	-0.0158937	37.8873	-0.794683	-0.137727	-0.0102874	-17.1954	-175.728
1.34	0.757713	-0.0160113	37.8856	-0.800567	-0.137748	-0.010364	-17.1938	-175.697
1.35	0.757678	-0.016129	37.8839	-0.80645	-0.137769	-0.0104405	-17.1921	-175.666
1.36	0.757644	-0.0162466	37.8822	-0.81233	-0.13779	-0.010517	-17.1904	-175.635
1.37	0.757609	-0.0163642	37.8805	-0.818208	-0.137811	-0.0105935	-17.1888	-175.604
1.38	0.757574	-0.0164817	37.8787	-0.824084	-0.137832	-0.01067	-17.1871	-175.573
1.39	0.757539	-0.0165991	37.877	-0.829957	-0.137853	-0.0107465	-17.1853	-175.542
1.4	0.757504	-0.0167166	37.8752	-0.835829	-0.137875	-0.010823	-17.1836	-175.512
1.41	0.757468	-0.016834	37.8734	-0.841699	-0.137896	-0.0108994	-17.1819	-175.481
1.42	0.757432	-0.0169513	37.8716	-0.847566	-0.137918	-0.0109758	-17.1802	-175.45
1.43	0.757396	-0.0170686	37.8698	-0.853432	-0.13794	-0.0110522	-17.1784	-175.419
1.44	0.75736	-0.0171859	37.868	-0.859295	-0.137962	-0.0111286	-17.1766	-175.388
1.45	0.757323	-0.0173031	37.8661	-0.865156	-0.137984	-0.0112049	-17.1749	-175.358
1.46	0.757286	-0.0174203	37.8643	-0.871014	-0.138007	-0.0112813	-17.1731	-175.327
1.47	0.757249	-0.0175374	37.8624	-0.876871	-0.138029	-0.0113576	-17.1713	-175.296
1.48	0.757211	-0.0176545	37.8606	-0.882725	-0.138052	-0.0114339	-17.1694	-175.265
1.49	0.757174	-0.0177715	37.8587	-0.888577	-0.138075	-0.0115102	-17.1676	-175.235
1.5	0.757136	-0.0178885	37.8568	-0.894427	-0.138098	-0.0115864	-17.1658	-175.204
1.51	0.757098	-0.0180055	37.8549	-0.900275	-0.138121	-0.0116627	-17.1639	-175.174
1.52	0.757059	-0.0181224	37.853	-0.90612	-0.138145	-0.0117389	-17.1621	-175.143
1.53	0.75702	-0.0182393	37.851	-0.911963	-0.138168	-0.0118151	-17.1602	-175.112
1.54	0.756981	-0.0183561	37.8491	-0.917804	-0.138192	-0.0118913	-17.1583	-175.082
1.55	0.756942	-0.0184728	37.8471	-0.923642	-0.138215	-0.0119674	-17.1564	-175.051
1.56	0.756903	-0.0185896	37.8451	-0.929478	-0.138239	-0.0120436	-17.1545	-175.021
1.57	0.756863	-0.0187062	37.8432	-0.935311	-0.138264	-0.0121197	-17.1526	-174.99
1.58	0.756823	-0.0188229	37.8412	-0.941143	-0.138288	-0.0121958	-17.1507	-174.96
1.59	0.756783	-0.0189394	37.8392	-0.946971	-0.138312	-0.0122719	-17.1487	-174.93
1.6	0.756743	-0.019056	37.8371	-0.952798	-0.138337	-0.0123479	-17.1468	-174.899
1.61	0.756702	-0.0191724	37.8351	-0.958622	-0.138361	-0.0124239	-17.1448	-174.869
1.62	0.756661	-0.0192889	37.8331	-0.964443	-0.138386	-0.0125	-17.1428	-174.839
1.63	0.75662	-0.0194053	37.831	-0.970263	-0.138411	-0.0125759	-17.1409	-174.808
1.64	0.756578	-0.0195216	37.8289	-0.976079	-0.138436	-0.0126519	-17.1389	-174.778
1.65	0.756537	-0.0196379	37.8268	-0.981893	-0.138462	-0.0127279	-17.1369	-174.748
1.66	0.756495	-0.0197541	37.8247	-0.987705	-0.138487	-0.0128038	-17.1348	-174.718
1.67	0.756453	-0.0198703	37.8226	-0.993514	-0.138513	-0.0128797	-17.1328	-174.688
1.68	0.75641	-0.0199864	37.8205	-0.999321	-0.138539	-0.0129556	-17.1308	-174.657
1.69	0.756368	-0.0201025	37.8184	-1.00513	-0.138565	-0.0130314	-17.1287	-174.627
1.7	0.756325	-0.0202185	37.8162	-1.01093	-0.138591	-0.0131073	-17.1266	-174.597
1.71	0.756282	-0.0203345	37.8141	-1.01673	-0.138617	-0.0131831	-17.1246	-174.567
1.72	0.756238	-0.0204504	37.8119	-1.02252	-0.138643	-0.0132589	-17.1225	-174.537
1.73	0.756194	-0.0205663	37.8097	-1.02832	-0.13867	-0.0133347	-17.1204	-174.507
1.74	0.756151	-0.0206821	37.8075	-1.03411	-0.138697	-0.0134104	-17.1183	-174.477
1.75	0.756106	-0.0207979	37.8053	-1.0399	-0.138723	-0.0134861	-17.1161	-174.447
1.76	0.756062	-0.0209136	37.8031	-1.04568	-0.13875	-0.0135618	-17.114	-174.417
1.77	0.756017	-0.0210293	37.8009	-1.05146	-0.138778	-0.0136375	-17.1119	-174.388
1.78	0.755972	-0.0211449	37.7986	-1.05725	-0.138805	-0.0137132	-17.1097	-174.358
1.79	0.755927	-0.0212605	37.7964	-1.06302	-0.138832	-0.0137888	-17.1076	-174.328
1.8	0.755882	-0.021376	37.7941	-1.0688	-0.13886	-0.0138644	-17.1054	-174.298
1.81	0.755836	-0.0214914	37.7918	-1.07457	-0.138888	-0.01394	-17.1032	-174.268
1.82	0.75579	-0.0216068	37.7895	-1.08034	-0.138916	-0.0140155	-17.101	-174.239
1.83	0.755744	-0.0217222	37.7872	-1.08611	-0.138944	-0.0140911	-17.0988	-174.209
1.84	0.755698	-0.0218374	37.7849	-1.09187	-0.138972	-0.0141666	-17.0966	-174.179
1.85	0.755651	-0.0219527	37.7826	-1.09763	-0.139	-0.0142421	-17.0943	-174.15
1.86	0.755604	-0.0220678	37.7802	-1.10339	-0.139029	-0.0143175	-17.0921	-174.12
1.87	0.755557	-0.022183	37.7779	-1.10915	-0.139058	-0.014393	-17.0898	-174.091
1.88	0.75551	-0.022298	37.7755	-1.1149	-0.139087	-0.0144684	-17.0876	-174.061
1.89	0.755462	-0.022413	37.7731	-1.12065	-0.139115	-0.0145438	-17.0853	-174.032
1.9	0.755414	-0.022528	37.7707	-1.1264	-0.139145	-0.0146191	-17.083	-174.002
1.91	0.755366	-0.0226429	37.7683	-1.13214	-0.139174	-0.0146945	-17.0807	-173.973
1.92	0.755318	-0.0227577	37.7659	-1.13789	-0.139203	-0.0147698	-17.0784	-173.943
1.93	0.755269	-0.0228725	37.7635	-1.14362	-0.139233	-0.0148451	-17.0761	-173.914
1.94	0.75522	-0.0229872	37.761	-1.14936	-0.139263	-0.0149203	-17.0737	-173.885
1.95	0.755171	-0.0231019	37.7586	-1.15509	-0.139293	-0.0149956	-17.0714	-173.855
1.96	0.755122	-0.0232165	37.7561	-1.16082	-0.139323	-0.0150708	-17.069	-173.826
1.97	0.755072	-0.023331	37.7536	-1.16655	-0.139353	-0.015146	-17.0667	-173.797
1.98	0.755022	-0.0234455	37.7511	-1.17227	-0.139383	-0.0152211	-17.0643	-173.768
1.99	0.754972	-0.0235599	37.7486	-1.178	-0.139414	-0.0152962	-17.0619	-173.739
2	0.754922	-0.0236743	37.7461	-1.18371	-0.139445	-0.0153714	-17.0595	-173.71
2.01	0.754871	-0.0237886	37.7436	-1.18943	-0.139475	-0.0154464	-17.0571	-173.68
2.02	0.75482	-0.0239028	37.741	-1.19514	-0.139506	-0.0155215	-17.0547	-173.651
2.03	0.754769	-0.024017	37.7385	-1.20085	-0.139537	-0.0155965	-17.0523	-173.622
2.04	0.754718	-0.0241311	37.7359	-1.20656	-0.139569	-0.0156715	-17.0498	-173.593
2.05	0.754666	-0.0242452	37.7333	-1.21226	-0.1396	-0.0157465	-17.0474	-173.564
2.06	0.754615	-0.0243592	37.7307	-1.21796	-0.139632	-0.0158214	-17.0449	-173.535
2.07	0.754563	-0.0244731	37.7281	-1.22366	-0.139664	-0.0158963	-17.0424	-173.507
2.08	0.75451	-0.024587	37.7255	-1.22935	-0.139695	-0.0159712	-17.04	-173.478
2.09	0.754458	-0.0247008	37.7229	-1.23504	-0.139727	-0.0160461	-17.0375	-173.449
2.1	0.754405	-0.0248146	37.7202	-1.24073	-0.13976	-0.0161209	-17.035	-173.42
2.11	0.754352	-0.0249283	37.7176	-1.24641	-0.139792	-0.0161957	-17.0324	-173.391
2.12	0.754299	-0.0250419	37.7149	-1.25209	-0.139825	-0.0162705	-17.0299	-173.363
2.13	0.754245	-0.0251554	37.7123	-1.25777	-0.139857	-0.0163453	-17.0274	-173.334
2.14	0.754191	-0.0252689	37.7096	-1.26345	-0.13989	-0.01642	-17.0248	-173.305
2.15	0.754137	-0.0253824	37.7069	-1.26912	-0.139923	-0.0164947	-17.0223	-173.277
2.16	0.754083	-0.0254957	37.7041	-1.27479	-0.139956	-0.0165694	-17.0197	-173.248
2.17	0.754028	-0.025609	37.7014	-1.28045	-0.139989	-0.016644	-17.0171	-173.22
2.18	0.753974	-0.0257223	37.6987	-1.28611	-0.140023	-0.0167186	-17.0146	-173.191
2.19	0.753919	-0.0258354	37.6959	-1.29177	-0.140056	-0.0167932	-17.012	-173.163
2.2	0.753863	-0.0259486	37.6932	-1.29743	-0.14009	-0.0168677	-17.0093	-173.134
2.21	0.753808	-0.0260616	37.6904	-1.30308	-0.140124	-0.0169422	-17.0067	-173.106
2.22	0.753752	-0.0261746	37.6876	-1.30873	-0.140158	-0.0170167	-17.0041	-173.078
2.23	0.753696	-0.0262875	37.6848	-1.31437	-0.140192	-0.0170912	-17.0015	-173.049
2.24	0.75364	-0.0264003	37.682	-1.32002	-0.140226	-0.0171656	-16.9988	-173.021
2.25	0.753584	-0.0265131	37.6792	-1.32566	-0.140261	-0.01724	-16.9961	-172.993
2.26	0.753527	-0.0266258	37.6763	-1.33129	-0.140296	-0.0173144	-16.9935	-172.964
2.27	0.75347	-0.0267385	37.6735	-1.33692	-0.14033	-0.0173888	-16.9908	-172.936
2.28	0.753413	-0.026851	37.6706	-1.34255	-0.140365	-0.0174631	-16.9881	-172.908
2.29	0.753355	-0.0269635	37.6678	-1.34818	-0.1404	-0.0175374	-16.9854	-172.88
2.3	0.753298	-0.027076	37.6649	-1.3538	-0.140436	-0.0176116	-16.9827	-172.852
2.31	0.75324	-0.0271883	37.662	-1.35942	-0.140471	-0.0176858	-16.98	-172.824
2.32	0.753182	-0.0273006	37.6591	-1.36503	-0.140507	-0.01776	-16.9772	-172.796
2.33	0.753123	-0.0274129	37.6562	-1.37064	-0.140542	-0.0178342	-16.9745	-172.768
2.34	0.753064	-0.027525	37.6532	-1.37625	-0.140578	-0.0179083	-16.9717	-172.74
2.35	0.753006	-0.0276371	37.6503	-1.38186	-0.140614	-0.0179824	-16.969	-172.712
2.36	0.752946	-0.0277491	37.6473	-1.38746	-0.14065	-0.0180565	-16.9662	-172.684
2.37	0.752887	-0.0278611	37.6444	-1.39305	-0.140687	-0.0181305	-16.9634	-172.657
2.38	0.752827	-0.027973	37.6414	-1.39865	-0.140723	-0.0182045	-16.9606	-172.629
2.39	0.752768	-0.0280848	37.6384	-1.40424	-0.14076	-0.0182785	-16.9578	-172.601
2.4	0.752707	-0.0281965	37.6354	-1.40983	-0.140796	-0.0183525	-16.955	-172.574
2.41	0.752647	-0.0283082	37.6324	-1.41541	-0.140833	-0.0184264	-16.9522	-172.546
2.42	0.752587	-0.0284198	37.6293	-1.42099	-0.14087	-0.0185003	-16.9493	-172.518
2.43	0.752526	-0.0285313	37.6263	-1.42657	-0.140908	-0.0185741	-16.9465	-172.491
2.44	0.752465	-0.0286428	37.6232	-1.43214	-0.140945	-0.0186479	-16.9436	-172.463
2.45	0.752403	-0.0287541	37.6202	-1.43771	-0.140983	-0.0187217	-16.9408	-172.436
2.46	0.752342	-0.0288654	37.6171	-1.44327	-0.14102	-0.0187955	-16.9379	-172.408
2.47	0.75228	-0.0289767	37.614	-1.44883	-0.141058	-0.0188692	-16.935	-172.381
2.48	0.752218	-0.0290878	37.6109	-1.45439	-0.141096	-0.0189429	-16.9321	-172.353
2.49	0.752156	-0.0291989	37.6078	-1.45995	-0.141134	-0.0190165	-16.9292	-172.326
2.5	0.752093	-0.0293099	37.6047	-1.4655	-0.141172	-0.0190901	-16.9263	-172.299
2.51	0.75203	-0.0294209	37.6015	-1.47104	-0.141211	-0.0191637	-16.9234	-172.272
2.52	0.751967	-0.0295317	37.5984	-1.47659	-0.141249	-0.0192373	-16.9204	-172.244
2.53	0.751904	-0.0296425	37.5952	-1.48213	-0.141288	-0.0193108	-16.9175	-172.217
2.54	0.751841	-0.0297532	37.592	-1.48766	-0.141327	-0.0193843	-16.9145	-172.19
2.55	0.751777	-0.0298639	37.5888	-1.49319	-0.141366	-0.0194577	-16.9116	-172.163
2.56	0.751713	-0.0299744	37.5856	-1.49872	-0.141405	-0.0195312	-16.9086	-172.136
2.57	0.751649	-0.0300849	37.5824	-1.50425	-0.141445	-0.0196045	-16.9056	-172.109
2.58	0.751584	-0.0301953	37.5792	-1.50977	-0.141484	-0.0196779	-16.9026	-172.082
2.59	0.75152	-0.0303057	37.576	-1.51528	-0.141524	-0.0197512	-16.8996	-172.055
2.6	0.751455	-0.0304159	37.5727	-1.5208	-0.141564	-0.0198245	-16.8966	-172.028
2.61	0.75139	-0.0305261	37.5695	-1.5263	-0.141604	-0.0198977	-16.8936	-172.001
2.62	0.751324	-0.0306362	37.5662	-1.53181	-0.141644	-0.019971	-16.8906	-171.975
2.63	0.751259	-0.0307462	37.5629	-1.53731	-0.141684	-0.0200441	-16.8875	-171.948
2.64	0.751193	-0.0308562	37.5596	-1.54281	-0.141724	-0.0201173	-16.8845	-171.921
2.65	0.751127	-0.030966	37.5563	-1.5483	-0.141765	-0.0201904	-16.8814	-171.894
2.66	0.75106	-0.0310758	37.553	-1.55379	-0.141806	-0.0202635	-16.8783	-171.868
2.67	0.750994	-0.0311855	37.5497	-1.55928	-0.141846	-0.0203365	-16.8753	-171.841
2.68	0.750927	-0.0312952	37.5463	-1.56476	-0.141887	-0.0204095	-16.8722	-171.815
2.69	0.75086	-0.0314047	37.543	-1.57024	-0.141929	-0.0204825	-16.8691	-171.788
2.7	0.750792	-0.0315142	37.5396	-1.57571	-0.14197	-0.0205554	-16.866	-171.762
2.71	0.750725	-0.0316236	37.5362	-1.58118	-0.142011	-0.0206283	-16.8629	-171.735
2.72	0.750657	-0.0317329	37.5329	-1.58665	-0.142053	-0.0207012	-16.8597	-171.709
2.73	0.750589	-0.0318421	37.5294	-1.59211	-0.142095	-0.020774	-16.8566	-171.682
2.74	0.750521	-0.0319513	37.526	-1.59757	-0.142137	-0.0208468	-16.8534	-171.656
2.75	0.750452	-0.0320604	37.5226	-1.60302	-0.142179	-0.0209196	-16.8503	-171.63
2.76	0.750383	-0.0321694	37.5192	-1.60847	-0.142221	-0.0209923	-16.8471	-171.604
2.77	0.750314	-0.0322783	37.5157	-1.61391	-0.142263	-0.021065	-16.844	-171.577
2.78	0.750245	-0.0323871	37.5123	-1.61936	-0.142306	-0.0211376	-16.8408	-171.551
2.79	0.750176	-0.0324959	37.5088	-1.62479	-0.142349	-0.0212102	-16.8376	-171.525
2.8	0.750106	-0.0326045	37.5053	-1.63023	-0.142391	-0.0212828	-16.8344	-171.499
2.81	0.750036	-0.0327131	37.5018	-1.63565	-0.142434	-0.0213553	-16.8312	-171.473
2.82	0.749966	-0.0328216	37.4983	-1.64108	-0.142477	-0.0214278	-16.8279	-171.447
2.83	0.749896	-0.03293	37.4948	-1.6465	-0.142521	-0.0215003	-16.8247	-171.421
2.84	0.749825	-0.0330383	37.4912	-1.65192	-0.142564	-0.0215727	-16.8215	-171.395
2.85	0.749754	-0.0331466	37.4877	-1.65733	-0.142608	-0.0216451	-16.8182	-171.369
2.86	0.749683	-0.0332548	37.4841	-1.66274	-0.142651	-0.0217174	-16.815	-171.344
2.87	0.749612	-0.0333628	37.4806	-1.66814	-0.142695	-0.0217897	-16.8117	-171.318
2.88	0.74954	-0.0334708	37.477	-1.67354	-0.142739	-0.021862	-16.8084	-171.292
2.89	0.749468	-0.0335788	37.4734	-1.67894	-0.142784	-0.0219342	-16.8051	-171.267
2.9	0.749396	-0.0336866	37.4698	-1.68433	-0.142828	-0.0220064	-16.8018	-171.241
2.91	0.749324	-0.0337943	37.4662	-1.68972	-0.142872	-0.0220786	-16.7985	-171.215
2.92	0.749251	-0.033902	37.4626	-1.6951	-0.142917	-0.0221507	-16.7952	-171.19
2.93	0.749179	-0.0340096	37.4589	-1.70048	-0.142962	-0.0222228	-16.7919	-171.164
2.94	0.749106	-0.034117	37.4553	-1.70585	-0.143007	-0.0222948	-16.7886	-171.139
2.95	0.749032	-0.0342244	37.4516	-1.71122	-0.143052	-0.0223668	-16.7852	-171.113
2.96	0.748959	-0.0343318	37.4479	-1.71659	-0.143097	-0.0224388	-16.7819	-171.088
2.97	0.748885	-0.034439	37.4443	-1.72195	-0.143142	-0.0225107	-16.7785	-171.063
2.98	0.748811	-0.0345461	37.4406	-1.72731	-0.143188	-0.0225826	-16.7752	-171.038
2.99	0.748737	-0.0346532	37.4369	-1.73266	-0.143234	-0.0226544	-16.7718	-171.012
3	0.748663	-0.0347601	37.4331	-1.73801	-0.143279	-0.0227262	-16.7684	-170.987
3.01	0.748588	-0.034867	37.4294	-1.74335	-0.143325	-0.022798	-16.765	-170.962
3.02	0.748513	-0.0349738	37.4257	-1.74869	-0.143372	-0.0228697	-16.7616	-170.937
3.03	0.748438	-0.0350805	37.4219	-1.75402	-0.143418	-0.0229414	-16.7582	-170.912
3.04	0.748363	-0.0351871	37.4181	-1.75936	-0.143464	-0.0230131	-16.7548	-170.887
3.05	0.748287	-0.0352936	37.4144	-1.76468	-0.143511	-0.0230847	-16.7514	-170.862
3.06	0.748211	-0.0354001	37.4106	-1.77	-0.143558	-0.0231562	-16.7479	-170.837
3.07	0.748135	-0.0355064	37.4068	-1.77532	-0.143604	-0.0232278	-16.7445	-170.812
3.08	0.748059	-0.0356127	37.4029	-1.78063	-0.143652	-0.0232993	-16.741	-170.787
3.09	0.747982	-0.0357188	37.3991	-1.78594	-0.143699	-0.0233707	-16.7376	-170.762
3.1	0.747906	-0.0358249	37.3953	-1.79124	-0.143746	-0.0234421	-16.7341	-170.738
3.11	0.747829	-0.0359309	37.3914	-1.79654	-0.143794	-0.0235135	-16.7306	-170.713
3.12	0.747751	-0.0360368	37.3876	-1.80184	-0.143841	-0.0235848	-16.7271	-170.688
3.13	0.747674	-0.0361426	37.3837	-1.80713	-0.143889	-0.0236561	-16.7236	-170.664
3.14	0.747596	-0.0362483	37.3798	-1.81241	-0.143937	-0.0237273	-16.7201	-170.639
3.15	0.747518	-0.0363539	37.3759	-1.8177	-0.143985	-0.0237985	-16.7166	-170.615
3.16	0.74744	-0.0364594	37.372	-1.82297	-0.144033	-0.0238697	-16.7131	-170.59
3.17	0.747362	-0.0365649	37.3681	-1.82824	-0.144082	-0.0239408	-16.7095	-170.566
3.18	0.747283	-0.0366702	37.3642	-1.83351	-0.14413	-0.0240118	-16.706	-170.541
3.19	0.747204	-0.0367755	37.3602	-1.83877	-0.144179	-0.0240829	-16.7025	-170.517
3.2	0.747125	-0.0368806	37.3563	-1.84403	-0.144228	-0.0241539	-16.6989	-170.493
3.21	0.747046	-0.0369857	37.3523	-1.84928	-0.144277	-0.0242248	-16.6953	-170.469
3.22	0.746966	-0.0370906	37.3483	-1.85453	-0.144326	-0.0242957	-16.6918	-170.444
3.23	0.746887	-0.0371955	37.3443	-1.85978	-0.144375	-0.0243666	-16.6882	-170.42
3.24	0.746807	-0.0373003	37.3403	-1.86502	-0.144425	-0.0244374	-16.6846	-170.396
3.25	0.746726	-0.037405	37.3363	-1.87025	-0.144474	-0.0245082	-16.681	-170.372
3.26	0.746646	-0.0375096	37.3323	-1.87548	-0.144524	-0.0245789	-16.6774	-170.348
3.27	0.746565	-0.0376141	37.3283	-1.8807	-0.144574	-0.0246496	-16.6738	-170.324
3.28	0.746484	-0.0377185	37.3242	-1.88592	-0.144624	-0.0247202	-16.6701	-170.3
3.29	0.746403	-0.0378228	37.3202	-1.89114	-0.144674	-0.0247908	-16.6665	-170.276
3.3	0.746322	-0.037927	37.3161	-1.89635	-0.144724	-0.0248614	-16.6629	-170.253
3.31	0.74624	-0.0380311	37.312	-1.90156	-0.144775	-0.0249319	-16.6592	-170.229
3.32	0.746158	-0.0381352	37.3079	-1.90676	-0.144825	-0.0250024	-16.6556	-170.205
3.33	0.746076	-0.0382391	37.3038	-1.91195	-0.144876	-0.0250728	-16.6519	-170.181
3.34	0.745994	-0.0383429	37.2997	-1.91715	-0.144927	-0.0251432	-16.6482	-170.158
3.35	0.745911	-0.0384467	37.2956	-1.92233	-0.144978	-0.0252135	-16.6445	-170.134
3.36	0.745829	-0.0385503	37.2914	-1.92751	-0.145029	-0.0252838	-16.6408	-170.111
3.37	0.745746	-0.0386538	37.2873	-1.93269	-0.145081	-0.0253541	-16.6371	-170.087
3.38	0.745662	-0.0387573	37.2831	-1.93786	-0.145132	-0.0254243	-16.6334	-170.064
3.39	0.745579	-0.0388606	37.279	-1.94303	-0.145184	-0.0254944	-16.6297	-170.04
3.4	0.745495	-0.0389639	37.2748	-1.94819	-0.145236	-0.0255646	-16.626	-170.017
3.41	0.745411	-0.039067	37.2706	-1.95335	-0.145288	-0.0256346	-16.6223	-169.994
3.42	0.745327	-0.0391701	37.2664	-1.9585	-0.14534	-0.0257047	-16.6185	-169.97
3.43	0.745243	-0.039273	37.2621	-1.96365	-0.145392	-0.0257746	-16.6148	-169.947
3.44	0.745158	-0.0393759	37.2579	-1.96879	-0.145445	-0.0258446	-16.611	-169.924
3.45	0.745073	-0.0394786	37.2537	-1.97393	-0.145497	-0.0259145	-16.6073	-169.901
3.46	0.744988	-0.0395813	37.2494	-1.97906	-0.14555	-0.0259843	-16.6035	-169.878
3.47	0.744903	-0.0396838	37.2452	-1.98419	-0.145603	-0.0260541	-16.5997	-169.855
3.48	0.744818	-0.0397863	37.2409	-1.98931	-0.145656	-0.0261239	-16.5959	-169.832
3.49	0.744732	-0.0398886	37.2366	-1.99443	-0.145709	-0.0261936	-16.5921	-169.809
3.5	0.744646	-0.0399909	37.2323	-1.99954	-0.145762	-0.0262632	-16.5883	-169.786
3.51	0.74456	-0.040093	37.228	-2.00465	-0.145816	-0.0263328	-16.5845	-169.763
3.52	0.744473	-0.0401951	37.2237	-2.00975	-0.14587	-0.0264024	-16.5807	-169.741
3.53	0.744387	-0.040297	37.2193	-2.01485	-0.145923	-0.0264719	-16.5769	-169.718
3.54	0.7443	-0.0403989	37.215	-2.01994	-0.145977	-0.0265414	-16.5731	-169.695
3.55	0.744213	-0.0405006	37.2106	-2.02503	-0.146031	-0.0266108	-16.5692	-169.672
3.56	0.744125	-0.0406023	37.2063	-2.03011	-0.146085	-0.0266802	-16.5654	-169.65
3.57	0.744038	-0.0407038	37.2019	-2.03519	-0.14614	-0.0267496	-16.5615	-169.627
3.58	0.74395	-0.0408052	37.1975	-2.04026	-0.146194	-0.0268188	-16.5576	-169.605
3.59	0.743862	-0.0409066	37.1931	-2.04533	-0.146249	-0.0268881	-16.5538	-169.582
3.6	0.743774	-0.0410078	37.1887	-2.05039	-0.146304	-0.0269573	-16.5499	-169.56
3.61	0.743685	-0.0411089	37.1843	-2.05545	-0.146359	-0.0270264	-16.546	-169.538
3.62	0.743597	-0.04121	37.1798	-2.0605	-0.146414	-0.0270955	-16.5421	-169.515
3.63	0.743508	-0.0413109	37.1754	-2.06554	-0.146469	-0.0271646	-16.5382	-169.493
3.64	0.743419	-0.0414117	37.1709	-2.07058	-0.146525	-0.0272336	-16.5343	-169.471
3.65	0.743329	-0.0415124	37.1665	-2.07562	-0.14658	-0.0273025	-16.5304	-169.449
3.66	0.74324	-0.041613	37.162	-2.08065	-0.146636	-0.0273714	-16.5265	-169.427
3.67	0.74315	-0.0417135	37.1575	-2.08568	-0.146692	-0.0274403	-16.5225	-169.405
3.68	0.74306	-0.0418139	37.153	-2.0907	-0.146748	-0.0275091	-16.5186	-169.383
3.69	0.74297	-0.0419142	37.1485	-2.09571	-0.146804	-0.0275779	-16.5146	-169.361
3.7	0.742879	-0.0420144	37.144	-2.10072	-0.14686	-0.0276466	-16.5107	-169.339
3.71	0.742788	-0.0421145	37.1394	-2.10572	-0.146917	-0.0277152	-16.5067	-169.317
3.72	0.742697	-0.0422145	37.1349	-2.11072	-0.146973	-0.0277839	-16.5027	-169.295
3.73	0.742606	-0.0423143	37.1303	-2.11572	-0.14703	-0.0278524	-16.4988	-169.273
3.74	0.742515	-0.0424141	37.1257	-2.1207	-0.147087	-0.0279209	-16.4948	-169.252
3.75	0.742423	-0.0425137	37.1212	-2.12569	-0.147144	-0.0279894	-16.4908	-169.23
3.76	0.742331	-0.0426133	37.1166	-2.13066	-0.147201	-0.0280578	-16.4868	-169.208
3.77	0.742239	-0.0427127	37.112	-2.13564	-0.147258	-0.0281262	-16.4828	-169.187
3.78	0.742147	-0.0428121	37.1074	-2.1406	-0.147316	-0.0281945	-16.4788	-169.165
3.79	0.742055	-0.0429113	37.1027	-2.14556	-0.147373	-0.0282628	-16.4748	-169.144
3.8	0.741962	-0.0430104	37.0981	-2.15052	-0.147431	-0.028331	-16.4707	-169.122
3.81	0.741869	-0.0431094	37.0934	-2.15547	-0.147489	-0.0283992	-16.4667	-169.101
3.82	0.741776	-0.0432083	37.0888	-2.16042	-0.147547	-0.0284673	-16.4627	-169.08
3.83	0.741682	-0.0433071	37.0841	-2.16536	-0.147605	-0.0285353	-16.4586	-169.058
3.84	0.741589	-0.0434058	37.0794	-2.17029	-0.147664	-0.0286034	-16.4545	-169.037
3.85	0.741495	-0.0435044	37.0747	-2.17522	-0.147722	-0.0286713	-16.4505	-169.016
3.86	0.741401	-0.0436028	37.07	-2.18014	-0.147781	-0.0287392	-16.4464	-168.995
3.87	0.741307	-0.0437012	37.0653	-2.18506	-0.14784	-0.0288071	-16.4423	-168.974
3.88	0.741212	-0.0437994	37.0606	-2.18997	-0.147899	-0.0288749	-16.4382	-168.953
3.89	0.741117	-0.0438976	37.0559	-2.19488	-0.147958	-0.0289427	-16.4342	-168.932
3.9	0.741022	-0.0439956	37.0511	-2.19978	-0.148017	-0.0290104	-16.4301	-168.911
3.91	0.740927	-0.0440935	37.0464	-2.20468	-0.148077	-0.029078	-16.4259	-168.89
3.92	0.740832	-0.0441913	37.0416	-2.20957	-0.148136	-0.0291456	-16.4218	-168.869
3.93	0.740736	-0.044289	37.0368	-2.21445	-0.148196	-0.0292132	-16.4177	-168.849
3.94	0.740641	-0.0443866	37.032	-2.21933	-0.148256	-0.0292807	-16.4136	-168.828
3.95	0.740544	-0.0444841	37.0272	-2.2242	-0.148316	-0.0293481	-16.4095	-168.807
3.96	0.740448	-0.0445814	37.0224	-2.22907	-0.148376	-0.0294155	-16.4053	-168.786
3.97	0.740352	-0.0446787	37.0176	-2.23393	-0.148436	-0.0294829	-16.4012	-168.766
3.98	0.740255	-0.0447758	37.0128	-2.23879	-0.148497	-0.0295502	-16.397	-168.745
3.99	0.740158	-0.0448728	37.0079	-2.24364	-0.148557	-0.0296174	-16.3929	-168.725
4	0.740061	-0.0449697	37.003	-2.24849	-0.148618	-0.0296846	-16.3887	-168.705
4.01	0.739964	-0.0450665	36.9982	-2.25333	-0.148679	-0.0297518	-16.3845	-168.684
4.02	0.739866	-0.0451632	36.9933	-2.25816	-0.14874	-0.0298188	-16.3803	-168.664
4.03	0.739768	-0.0452598	36.9884	-2.26299	-0.148801	-0.0298859	-16.3761	-168.644
4.04	0.73967	-0.0453562	36.9835	-2.26781	-0.148862	-0.0299528	-16.3719	-168.623
4.05	0.739572	-0.0454526	36.9786	-2.27263	-0.148924	-0.0300198	-16.3677	-168.603
4.06	0.739474	-0.0455488	36.9737	-2.27744	-0.148985	-0.0300866	-16.3635	-168.583
4.07	0.739375	-0.0456449	36.9687	-2.28225	-0.149047	-0.0301535	-16.3593	-168.563
4.08	0.739276	-0.0457409	36.9638	-2.28705	-0.149109	-0.0302202	-16.3551	-168.543
4.09	0.739177	-0.0458368	36.9588	-2.29184	-0.149171	-0.0302869	-16.3509	-168.523
4.1	0.739078	-0.0459326	36.9539	-2.29663	-0.149233	-0.0303536	-16.3466	-168.503
4.11	0.738978	-0.0460282	36.9489	-2.30141	-0.149296	-0.0304202	-16.3424	-168.483
4.12	0.738878	-0.0461238	36.9439	-2.30619	-0.149358	-0.0304867	-16.3381	-168.463
4.13	0.738778	-0.0462192	36.9389	-2.31096	-0.149421	-0.0305532	-16.3339	-168.444
4.14	0.738678	-0.0463145	36.9339	-2.31572	-0.149484	-0.0306197	-16.3296	-168.424
4.15	0.738578	-0.0464097	36.9289	-2.32048	-0.149547	-0.030686	-16.3254	-168.404
4.16	0.738477	-0.0465047	36.9239	-2.32524	-0.14961	-0.0307524	-16.3211	-168.385
4.17	0.738376	-0.0465997	36.9188	-2.32998	-0.149673	-0.0308186	-16.3168	-168.365
4.18	0.738275	-0.0466945	36.9138	-2.33473	-0.149736	-0.0308849	-16.3125	-168.346
4.19	0.738174	-0.0467892	36.9087	-2.33946	-0.1498	-0.030951	-16.3082	-168.326
4.2	0.738072	-0.0468838	36.9036	-2.34419	-0.149863	-0.0310171	-16.3039	-168.307
4.21	0.737971	-0.0469783	36.8985	-2.34892	-0.149927	-0.0310832	-16.2996	-168.287
4.22	0.737869	-0.0470727	36.8934	-2.35364	-0.149991	-0.0311492	-16.2953	-168.268
4.23	0.737767	-0.0471669	36.8883	-2.35835	-0.150055	-0.0312151	-16.291	-168.249
4.24	0.737664	-0.0472611	36.8832	-2.36305	-0.15012	-0.031281	-16.2867	-168.229
4.25	0.737562	-0.0473551	36.8781	-2.36775	-0.150184	-0.0313468	-16.2823	-168.21
4.26	0.737459	-0.047449	36.8729	-2.37245	-0.150249	-0.0314126	-16.278	-168.191
4.27	0.737356	-0.0475428	36.8678	-2.37714	-0.150313	-0.0314783	-16.2737	-168.172
4.28	0.737253	-0.0476364	36.8626	-2.38182	-0.150378	-0.031544	-16.2693	-168.153
4.29	0.737149	-0.0477299	36.8575	-2.3865	-0.150443	-0.0316096	-16.2649	-168.134
4.3	0.737046	-0.0478234	36.8523	-2.39117	-0.150508	-0.0316751	-16.2606	-168.115
4.31	0.736942	-0.0479167	36.8471	-2.39583	-0.150573	-0.0317406	-16.2562	-168.096
4.32	0.736838	-0.0480098	36.8419	-2.40049	-0.150639	-0.0318061	-16.2518	-168.078
4.33	0.736733	-0.0481029	36.8367	-2.40514	-0.150704	-0.0318714	-16.2475	-168.059
4.34	0.736629	-0.0481958	36.8314	-2.40979	-0.15077	-0.0319368	-16.2431	-168.04
4.35	0.736524	-0.0482886	36.8262	-2.41443	-0.150836	-0.032002	-16.2387	-168.022
4.36	0.736419	-0.0483813	36.821	-2.41907	-0.150902	-0.0320672	-16.2343	-168.003
4.37	0.736314	-0.0484739	36.8157	-2.42369	-0.150968	-0.0321324	-16.2299	-167.984
4.38	0.736209	-0.0485663	36.8104	-2.42832	-0.151035	-0.0321975	-16.2255	-167.966
4.39	0.736103	-0.0486587	36.8052	-2.43293	-0.151101	-0.0322625	-16.221	-167.947
4.4	0.735997	-0.0487509	36.7999	-2.43754	-0.151168	-0.0323275	-16.2166	-167.929
4.41	0.735891	-0.048843	36.7946	-2.44215	-0.151234	-0.0323924	-16.2122	-167.911
4.42	0.735785	-0.0489349	36.7893	-2.44675	-0.151301	-0.0324573	-16.2078	-167.892
4.43	0.735679	-0.0490267	36.7839	-2.45134	-0.151368	-0.0325221	-16.2033	-167.874
4.44	0.735572	-0.0491185	36.7786	-2.45592	-0.151435	-0.0325868	-16.1989	-167.856
4.45	0.735465	-0.0492101	36.7733	-2.4605	-0.151503	-0.0326515	-16.1944	-167.838
4.46	0.735358	-0.0493015	36.7679	-2.46508	-0.15157	-0.0327161	-16.19	-167.82
4.47	0.735251	-0.0493929	36.7626	-2.46964	-0.151638	-0.0327807	-16.1855	-167.802
4.48	0.735144	-0.0494841	36.7572	-2.4742	-0.151706	-0.0328452	-16.181	-167.784
4.49	0.735036	-0.0495752	36.7518	-2.47876	-0.151774	-0.0329096	-16.1765	-167.766
4.5	0.734928	-0.0496662	36.7464	-2.48331	-0.151842	-0.032974	-16.1721	-167.748
4.51	0.73482	-0.049757	36.741	-2.48785	-0.15191	-0.0330383	-16.1676	-167.73
4.52	0.734712	-0.0498477	36.7356	-2.49239	-0.151978	-0.0331026	-16.1631	-167.712
4.53	0.734603	-0.0499383	36.7302	-2.49692	-0.152047	-0.0331668	-16.1586	-167.694
4.54	0.734494	-0.0500288	36.7247	-2.50144	-0.152115	-0.033231	-16.1541	-167.677
4.55	0.734385	-0.0501191	36.7193	-2.50596	-0.152184	-0.0332951	-16.1496	-167.659
4.56	0.734276	-0.0502094	36.7138	-2.51047	-0.152253	-0.0333591	-16.145	-167.642
4.57	0.734167	-0.0502995	36.7083	-2.51497	-0.152322	-0.0334231	-16.1405	-167.624
4.58	0.734057	-0.0503894	36.7029	-2.51947	-0.152391	-0.033487	-16.136	-167.607
4.59	0.733948	-0.0504793	36.6974	-2.52396	-0.152461	-0.0335508	-16.1315	-167.589
4.6	0.733838	-0.050569	36.6919	-2.52845	-0.15253	-0.0336146	-16.1269	-167.572
4.61	0.733727	-0.0506586	36.6864	-2.53293	-0.1526	-0.0336783	-16.1224	-167.554
4.62	0.733617	-0.050748	36.6809	-2.5374	-0.15267	-0.033742	-16.1178	-167.537
4.63	0.733506	-0.0508374	36.6753	-2.54187	-0.15274	-0.0338056	-16.1133	-167.52
4.64	0.733396	-0.0509266	36.6698	-2.54633	-0.15281	-0.0338692	-16.1087	-167.503
4.65	0.733285	-0.0510157	36.6642	-2.55078	-0.15288	-0.0339326	-16.1041	-167.486
4.66	0.733173	-0.0511046	36.6587	-2.55523	-0.15295	-0.0339961	-16.0996	-167.469
4.67	0.733062	-0.0511934	36.6531	-2.55967	-0.153021	-0.0340594	-16.095	-167.452
4.68	0.73295	-0.0512821	36.6475	-2.56411	-0.153091	-0.0341227	-16.0904	-167.435
4.69	0.732838	-0.0513707	36.6419	-2.56854	-0.153162	-0.034186	-16.0858	-167.418
4.7	0.732726	-0.0514591	36.6363	-2.57296	-0.153233	-0.0342491	-16.0812	-167.401
4.71	0.732614	-0.0515475	36.6307	-2.57737	-0.153304	-0.0343123	-16.0766	-167.384
4.72	0.732502	-0.0516356	36.6251	-2.58178	-0.153376	-0.0343753	-16.072	-167.367
4.73	0.732389	-0.0517237	36.6194	-2.58618	-0.153447	-0.0344383	-16.0674	-167.351
4.74	0.732276	-0.0518116	36.6138	-2.59058	-0.153518	-0.0345012	-16.0628	-167.334
4.75	0.732163	-0.0518994	36.6081	-2.59497	-0.15359	-0.0345641	-16.0582	-167.317
4.76	0.73205	-0.0519871	36.6025	-2.59935	-0.153662	-0.0346269	-16.0536	-167.301
4.77	0.731936	-0.0520746	36.5968	-2.60373	-0.153734	-0.0346896	-16.0489	-167.284
4.78	0.731822	-0.052162	36.5911	-2.6081	-0.153806	-0.0347523	-16.0443	-167.268
4.79	0.731709	-0.0522493	36.5854	-2.61246	-0.153878	-0.0348149	-16.0396	-167.251
4.8	0.731594	-0.0523364	36.5797	-2.61682	-0.153951	-0.0348775	-16.035	-167.235
4.81	0.73148	-0.0524234	36.574	-2.62117	-0.154023	-0.03494	-16.0303	-167.219
4.82	0.731366	-0.0525103	36.5683	-2.62552	-0.154096	-0.0350024	-16.0257	-167.203
4.83	0.731251	-0.0525971	36.5625	-2.62985	-0.154169	-0.0350648	-16.021	-167.186
4.84	0.731136	-0.0526837	36.5568	-2.63418	-0.154242	-0.0351271	-16.0164	-167.17
4.85	0.731021	-0.0527702	36.551	-2.63851	-0.154315	-0.0351893	-16.0117	-167.154
4.86	0.730905	-0.0528565	36.5453	-2.64283	-0.154388	-0.0352515	-16.007	-167.138
4.87	0.73079	-0.0529427	36.5395	-2.64714	-0.154462	-0.0353136	-16.0023	-167.122
4.88	0.730674	-0.0530288	36.5337	-2.65144	-0.154535	-0.0353756	-15.9976	-167.106
4.89	0.730558	-0.0531148	36.5279	-2.65574	-0.154609	-0.0354376	-15.9929	-167.09
4.9	0.730442	-0.0532006	36.5221	-2.66003	-0.154683	-0.0354995	-15.9882	-167.075
4.91	0.730326	-0.0532863	36.5163	-2.66432	-0.154757	-0.0355613	-15.9835	-167.059
4.92	0.730209	-0.0533719	36.5105	-2.66859	-0.154831	-0.0356231	-15.9788	-167.043
4.93	0.730092	-0.0534573	36.5046	-2.67286	-0.154905	-0.0356848	-15.9741	-167.027
4.94	0.729975	-0.0535426	36.4988	-2.67713	-0.154979	-0.0357465	-15.9694	-167.012
4.95	0.729858	-0.0536277	36.4929	-2.68139	-0.155054	-0.0358081	-15.9647	-166.996
4.96	0.729741	-0.0537127	36.487	-2.68564	-0.155129	-0.0358696	-15.96	-166.981
4.97	0.729623	-0.0537976	36.4812	-2.68988	-0.155204	-0.0359311	-15.9552	-166.965
4.98	0.729506	-0.0538824	36.4753	-2.69412	-0.155279	-0.0359925	-15.9505	-166.95
4.99	0.729388	-0.053967	36.4694	-2.69835	-0.155354	-0.0360538	-15.9457	-166.934
5	0.729269	-0.0540515	36.4635	-2.70257	-0.155429	-0.0361151	-15.941	-166.919
5.01	0.729151	-0.0541358	36.4576	-2.70679	-0.155504	-0.0361762	-15.9362	-166.904
5.02	0.729032	-0.0542201	36.4516	-2.711	-0.15558	-0.0362374	-15.9315	-166.889
5.03	0.728914	-0.0543041	36.4457	-2.71521	-0.155656	-0.0362984	-15.9267	-166.873
5.04	0.728795	-0.0543881	36.4397	-2.7194	-0.155731	-0.0363594	-15.922	-166.858
5.05	0.728676	-0.0544719	36.4338	-2.72359	-0.155807	-0.0364204	-15.9172	-166.843
5.06	0.728556	-0.0545555	36.4278	-2.72778	-0.155884	-0.0364812	-15.9124	-166.828
5.07	0.728437	-0.0546391	36.4218	-2.73195	-0.15596	-0.036542	-15.9076	-166.813
5.08	0.728317	-0.0547225	36.4158	-2.73612	-0.156036	-0.0366028	-15.9029	-166.798
5.09	0.728197	-0.0548057	36.4098	-2.74029	-0.156113	-0.0366634	-15.8981	-166.783
5.1	0.728077	-0.0548889	36.4038	-2.74444	-0.15619	-0.036724	-15.8933	-166.769
5.11	0.727956	-0.0549718	36.3978	-2.74859	-0.156266	-0.0367846	-15.8885	-166.754
5.12	0.727836	-0.0550547	36.3918	-2.75273	-0.156343	-0.036845	-15.8837	-166.739
5.13	0.727715	-0.0551374	36.3857	-2.75687	-0.156421	-0.0369054	-15.8789	-166.725
5.14	0.727594	-0.05522	36.3797	-2.761	-0.156498	-0.0369657	-15.874	-166.71
5.15	0.727473	-0.0553024	36.3736	-2.76512	-0.156575	-0.037026	-15.8692	-166.695
5.16	0.727351	-0.0553847	36.3676	-2.76924	-0.156653	-0.0370862	-15.8644	-166.681
5.17	0.72723	-0.0554669	36.3615	-2.77334	-0.156731	-0.0371463	-15.8596	-166.666
5.18	0.727108	-0.0555489	36.3554	-2.77744	-0.156808	-0.0372064	-15.8547	-166.652
5.19	0.726986	-0.0556308	36.3493	-2.78154	-0.156886	-0.0372664	-15.8499	-166.638
5.2	0.726864	-0.0557125	36.3432	-2.78563	-0.156965	-0.0373263	-15.8451	-166.623
5.21	0.726742	-0.0557941	36.3371	-2.78971	-0.157043	-0.0373861	-15.8402	-166.609
5.22	0.726619	-0.0558756	36.331	-2.79378	-0.157121	-0.0374459	-15.8354	-166.595
5.23	0.726496	-0.0559569	36.3248	-2.79785	-0.1572	-0.0375056	-15.8305	-166.581
5.24	0.726374	-0.0560381	36.3187	-2.8019	-0.157278	-0.0375653	-15.8257	-166.567
5.25	0.72625	-0.0561191	36.3125	-2.80596	-0.157357	-0.0376248	-15.8208	-166.553
5.26	0.726127	-0.0562001	36.3064	-2.81	-0.157436	-0.0376844	-15.8159	-166.539
5.27	0.726004	-0.0562808	36.3002	-2.81404	-0.157515	-0.0377438	-15.8111	-166.525
5.28	0.72588	-0.0563614	36.294	-2.81807	-0.157595	-0.0378032	-15.8062	-166.511
5.29	0.725756	-0.0564419	36.2878	-2.8221	-0.157674	-0.0378625	-15.8013	-166.497
5.3	0.725632	-0.0565223	36.2816	-2.82611	-0.157754	-0.0379217	-15.7964	-166.483
5.31	0.725508	-0.0566025	36.2754	-2.83012	-0.157833	-0.0379808	-15.7915	-166.47
5.32	0.725383	-0.0566825	36.2692	-2.83413	-0.157913	-0.0380399	-15.7867	-166.456
5.33	0.725258	-0.0567625	36.2629	-2.83812	-0.157993	-0.038099	-15.7818	-166.442
5.34	0.725133	-0.0568422	36.2567	-2.84211	-0.158073	-0.0381579	-15.7769	-166.429
5.35	0.725008	-0.0569219	36.2504	-2.84609	-0.158154	-0.0382168	-15.772	-166.415
5.36	0.724883	-0.0570014	36.2442	-2.85007	-0.158234	-0.0382756	-15.767	-166.402
5.37	0.724758	-0.0570807	36.2379	-2.85404	-0.158315	-0.0383343	-15.7621	-166.388
5.38	0.724632	-0.0571599	36.2316	-2.858	-0.158395	-0.038393	-15.7572	-166.375
5.39	0.724506	-0.057239	36.2253	-2.86195	-0.158476	-0.0384516	-15.7523	-166.362
5.4	0.72438	-0.0573179	36.219	-2.8659	-0.158557	-0.0385101	-15.7474	-166.348
5.41	0.724254	-0.0573967	36.2127	-2.86984	-0.158638	-0.0385686	-15.7424	-166.335
5.42	0.724127	-0.0574753	36.2064	-2.87377	-0.158719	-0.038627	-15.7375	-166.322
5.43	0.724001	-0.0575538	36.2	-2.87769	-0.158801	-0.0386853	-15.7326	-166.309
5.44	0.723874	-0.0576322	36.1937	-2.88161	-0.158882	-0.0387435	-15.7276	-166.296
5.45	0.723747	-0.0577104	36.1873	-2.88552	-0.158964	-0.0388017	-15.7227	-166.283
5.46	0.72362	-0.0577885	36.181	-2.88942	-0.159046	-0.0388598	-15.7177	-166.27
5.47	0.723492	-0.0578664	36.1746	-2.89332	-0.159128	-0.0389178	-15.7128	-166.257
5.48	0.723365	-0.0579442	36.1682	-2.89721	-0.15921	-0.0389758	-15.7078	-166.244
5.49	0.723237	-0.0580218	36.1619	-2.90109	-0.159292	-0.0390336	-15.7029	-166.231
5.5	0.723109	-0.0580993	36.1555	-2.90496	-0.159375	-0.0390914	-15.6979	-166.219
5.51	0.722981	-0.0581766	36.149	-2.90883	-0.159457	-0.0391492	-15.6929	-166.206
5.52	0.722853	-0.0582538	36.1426	-2.91269	-0.15954	-0.0392068	-15.688	-166.193
5.53	0.722724	-0.0583309	36.1362	-2.91654	-0.159623	-0.0392644	-15.683	-166.181
5.54	0.722595	-0.0584078	36.1298	-2.92039	-0.159705	-0.039322	-15.678	-166.168
5.55	0.722466	-0.0584845	36.1233	-2.92423	-0.159789	-0.0393794	-15.673	-166.156
5.56	0.722337	-0.0585611	36.1169	-2.92806	-0.159872	-0.0394368	-15.668	-166.143
5.57	0.722208	-0.0586376	36.1104	-2.93188	-0.159955	-0.0394941	-15.663	-166.131
5.58	0.722079	-0.0587139	36.1039	-2.9357	-0.160039	-0.0395513	-15.658	-166.118
5.59	0.721949	-0.0587901	36.0974	-2.93951	-0.160122	-0.0396085	-15.653	-166.106
5.6	0.721819	-0.0588662	36.091	-2.94331	-0.160206	-0.0396655	-15.648	-166.094
5.61	0.721689	-0.058942	36.0845	-2.9471	-0.16029	-0.0397225	-15.643	-166.082
5.62	0.721559	-0.0590178	36.0779	-2.95089	-0.160374	-0.0397795	-15.638	-166.069
5.63	0.721428	-0.0590934	36.0714	-2.95467	-0.160458	-0.0398363	-15.633	-166.057
5.64	0.721298	-0.0591688	36.0649	-2.95844	-0.160543	-0.0398931	-15.628	-166.045
5.65	0.721167	-0.0592441	36.0583	-2.96221	-0.160627	-0.0399498	-15.623	-166.033
5.66	0.721036	-0.0593193	36.0518	-2.96596	-0.160712	-0.0400065	-15.6179	-166.021
5.67	0.720905	-0.0593943	36.0452	-2.96971	-0.160797	-0.040063	-15.6129	-166.009
5.68	0.720773	-0.0594691	36.0387	-2.97346	-0.160882	-0.0401195	-15.6079	-165.998
5.69	0.720642	-0.0595438	36.0321	-2.97719	-0.160967	-0.0401759	-15.6028	-165.986
5.7	0.72051	-0.0596184	36.0255	-2.98092	-0.161052	-0.0402323	-15.5978	-165.974
5.71	0.720378	-0.0596928	36.0189	-2.98464	-0.161137	-0.0402885	-15.5927	-165.962
5.72	0.720246	-0.059767	36.0123	-2.98835	-0.161223	-0.0403447	-15.5877	-165.951
5.73	0.720114	-0.0598411	36.0057	-2.99206	-0.161308	-0.0404008	-15.5826	-165.939
5.74	0.719981	-0.0599151	35.9991	-2.99576	-0.161394	-0.0404569	-15.5776	-165.928
5.75	0.719849	-0.0599889	35.9924	-2.99945	-0.16148	-0.0405128	-15.5725	-165.916
5.76	0.719716	-0.0600626	35.9858	-3.00313	-0.161566	-0.0405687	-15.5675	-165.905
5.77	0.719583	-0.0601361	35.9791	-3.0068	-0.161652	-0.0406245	-15.5624	-165.893
5.78	0.71945	-0.0602095	35.9725	-3.01047	-0.161738	-0.0406803	-15.5573	-165.882
5.79	0.719316	-0.0602827	35.9658	-3.01413	-0.161825	-0.0407359	-15.5523	-165.871
5.8	0.719183	-0.0603557	35.9591	-3.01779	-0.161911	-0.0407915	-15.5472	-165.859
5.81	0.719049	-0.0604287	35.9524	-3.02143	-0.161998	-0.040847	-15.5421	-165.848
5.82	0.718915	-0.0605014	35.9457	-3.02507	-0.162085	-0.0409024	-15.537	-165.837
5.83	0.718781	-0.060574	35.939	-3.0287	-0.162172	-0.0409578	-15.5319	-165.826
5.84	0.718647	-0.0606465	35.9323	-3.03232	-0.162259	-0.0410131	-15.5269	-165.815
5.85	0.718512	-0.0607188	35.9256	-3.03594	-0.162346	-0.0410683	-15.5218	-165.804
5.86	0.718377	-0.060791	35.9189	-3.03955	-0.162434	-0.0411234	-15.5167	-165.793
5.87	0.718242	-0.060863	35.9121	-3.04315	-0.162521	-0.0411784	-15.5116	-165.782
5.88	0.718107	-0.0609348	35.9054	-3.04674	-0.162609	-0.0412334	-15.5065	-165.771
5.89	0.717972	-0.0610065	35.8986	-3.05033	-0.162697	-0.0412883	-15.5014	-165.76
5.9	0.717837	-0.0610781	35.8918	-3.0539	-0.162785	-0.0413431	-15.4962	-165.75
5.91	0.717701	-0.0611495	35.8851	-3.05748	-0.162873	-0.0413978	-15.4911	-165.739
5.92	0.717565	-0.0612208	35.8783	-3.06104	-0.162961	-0.0414525	-15.486	-165.728
5.93	0.717429	-0.0612919	35.8715	-3.06459	-0.16305	-0.0415071	-15.4809	-165.718
5.94	0.717293	-0.0613628	35.8647	-3.06814	-0.163138	-0.0415616	-15.4758	-165.707
5.95	0.717157	-0.0614336	35.8578	-3.07168	-0.163227	-0.041616	-15.4706	-165.697
5.96	0.71702	-0.0615042	35.851	-3.07521	-0.163316	-0.0416704	-15.4655	-165.686
5.97	0.716884	-0.0615747	35.8442	-3.07874	-0.163405	-0.0417246	-15.4604	-165.676
5.98	0.716747	-0.0616451	35.8373	-3.08225	-0.163494	-0.0417788	-15.4553	-165.666
5.99	0.71661	-0.0617152	35.8305	-3.08576	-0.163583	-0.0418329	-15.4501	-165.655
6	0.716473	-0.0617853	35.8236	-3.08926	-0.163672	-0.041887	-15.445	-165.645
6.01	0.716335	-0.0618551	35.8168	-3.09276	-0.163762	-0.0419409	-15.4398	-165.635
6.02	0.716198	-0.0619249	35.8099	-3.09624	-0.163852	-0.0419948	-15.4347	-165.625
6.03	0.71606	-0.0619944	35.803	-3.09972	-0.163941	-0.0420486	-15.4295	-165.615
6.04	0.715922	-0.0620638	35.7961	-3.10319	-0.164031	-0.0421023	-15.4244	-165.605
6.05	0.715784	-0.0621331	35.7892	-3.10666	-0.164121	-0.0421559	-15.4192	-165.595
6.06	0.715646	-0.0622022	35.7823	-3.11011	-0.164212	-0.0422095	-15.4141	-165.585
6.07	0.715507	-0.0622712	35.7754	-3.11356	-0.164302	-0.042263	-15.4089	-165.575
6.08	0.715368	-0.06234	35.7684	-3.117	-0.164392	-0.0423164	-15.4037	-165.565
6.09	0.71523	-0.0624086	35.7615	-3.12043	-0.164483	-0.0423697	-15.3986	-165.555
6.1	0.715091	-0.0624771	35.7545	-3.12385	-0.164574	-0.0424229	-15.3934	-165.545
6.11	0.714951	-0.0625454	35.7476	-3.12727	-0.164665	-0.0424761	-15.3882	-165.536
6.12	0.714812	-0.0626136	35.7406	-3.13068	-0.164756	-0.0425292	-15.383	-165.526
6.13	0.714673	-0.0626816	35.7336	-3.13408	-0.164847	-0.0425822	-15.3779	-165.516
6.14	0.714533	-0.0627495	35.7266	-3.13747	-0.164938	-0.0426351	-15.3727	-165.507
6.15	0.714393	-0.0628172	35.7196	-3.14086	-0.16503	-0.0426879	-15.3675	-165.497
6.16	0.714253	-0.0628847	35.7126	-3.14424	-0.165121	-0.0427407	-15.3623	-165.488
6.17	0.714113	-0.0629521	35.7056	-3.14761	-0.165213	-0.0427934	-15.3571	-165.478
6.18	0.713972	-0.0630194	35.6986	-3.15097	-0.165305	-0.042846	-15.3519	-165.469
6.19	0.713832	-0.0630865	35.6916	-3.15432	-0.165397	-0.0428985	-15.3467	-165.46
6.2	0.713691	-0.0631534	35.6845	-3.15767	-0.165489	-0.0429509	-15.3415	-165.45
6.21	0.71355	-0.0632202	35.6775	-3.16101	-0.165581	-0.0430033	-15.3363	-165.441
6.22	0.713409	-0.0632868	35.6704	-3.16434	-0.165674	-0.0430555	-15.3311	-165.432
6.23	0.713267	-0.0633532	35.6634	-3.16766	-0.165766	-0.0431077	-15.3259	-165.423
6.24	0.713126	-0.0634195	35.6563	-3.17098	-0.165859	-0.0431598	-15.3207	-165.414
6.25	0.712984	-0.0634857	35.6492	-3.17428	-0.165952	-0.0432118	-15.3155	-165.405
6.26	0.712842	-0.0635516	35.6421	-3.17758	-0.166044	-0.0432638	-15.3102	-165.396
6.27	0.7127	-0.0636175	35.635	-3.18087	-0.166138	-0.0433156	-15.305	-165.387
6.28	0.712558	-0.0636831	35.6279	-3.18416	-0.166231	-0.0433674	-15.2998	-165.378
6.29	0.712416	-0.0637487	35.6208	-3.18743	-0.166324	-0.0434191	-15.2946	-165.369
6.3	0.712273	-0.063814	35.6137	-3.1907	-0.166418	-0.0434707	-15.2894	-165.361
6.31	0.712131	-0.0638792	35.6065	-3.19396	-0.166511	-0.0435223	-15.2841	-165.352
6.32	0.711988	-0.0639442	35.5994	-3.19721	-0.166605	-0.0435737	-15.2789	-165.343
6.33	0.711845	-0.0640091	35.5922	-3.20046	-0.166699	-0.0436251	-15.2737	-165.335
6.34	0.711702	-0.0640738	35.5851	-3.20369	-0.166793	-0.0436764	-15.2684	-165.326
6.35	0.711558	-0.0641384	35.5779	-3.20692	-0.166887	-0.0437276	-15.2632	-165.317
6.36	0.711415	-0.0642028	35.5707	-3.21014	-0.166981	-0.0437787	-15.2579	-165.309
6.37	0.711271	-0.064267	35.5636	-3.21335	-0.167076	-0.0438297	-15.2527	-165.301
6.38	0.711127	-0.0643311	35.5564	-3.21656	-0.167171	-0.0438807	-15.2474	-165.292
6.39	0.710983	-0.064395	35.5492	-3.21975	-0.167265	-0.0439315	-15.2422	-165.284
6.4	0.710839	-0.0644588	35.5419	-3.22294	-0.16736	-0.0439823	-15.2369	-165.276
6.41	0.710694	-0.0645224	35.5347	-3.22612	-0.167455	-0.044033	-15.2317	-165.267
6.42	0.71055	-0.0645858	35.5275	-3.22929	-0.16755	-0.0440836	-15.2264	-165.259
6.43	0.710405	-0.0646491	35.5203	-3.23246	-0.167645	-0.0441341	-15.2211	-165.251
6.44	0.71026	-0.0647122	35.513	-3.23561	-0.167741	-0.0441846	-15.2159	-165.243
6.45	0.710115	-0.0647752	35.5058	-3.23876	-0.167836	-0.0442349	-15.2106	-165.235
6.46	0.70997	-0.064838	35.4985	-3.2419	-0.167932	-0.0442852	-15.2053	-165.227
6.47	0.709824	-0.0649006	35.4912	-3.24503	-0.168028	-0.0443354	-15.2001	-165.219
6.48	0.709679	-0.0649631	35.4839	-3.24816	-0.168124	-0.0443855	-15.1948	-165.211
6.49	0.709533	-0.0650254	35.4767	-3.25127	-0.16822	-0.0444355	-15.1895	-165.203
6.5	0.709387	-0.0650876	35.4694	-3.25438	-0.168316	-0.0444855	-15.1842	-165.195
6.51	0.709241	-0.0651496	35.462	-3.25748	-0.168413	-0.0445353	-15.179	-165.188
6.52	0.709095	-0.0652114	35.4547	-3.26057	-0.168509	-0.0445851	-15.1737	-165.18
6.53	0.708948	-0.0652731	35.4474	-3.26365	-0.168606	-0.0446348	-15.1684	-165.172
6.54	0.708802	-0.0653346	35.4401	-3.26673	-0.168702	-0.0446844	-15.1631	-165.165
6.55	0.708655	-0.0653959	35.4327	-3.2698	-0.168799	-0.0447339	-15.1578	-165.157
6.56	0.708508	-0.0654571	35.4254	-3.27286	-0.168896	-0.0447833	-15.1525	-165.15
6.57	0.708361	-0.0655182	35.418	-3.27591	-0.168993	-0.0448326	-15.1472	-165.142
6.58	0.708214	-0.065579	35.4107	-3.27895	-0.169091	-0.0448819	-15.1419	-165.135
6.59	0.708066	-0.0656397	35.4033	-3.28199	-0.169188	-0.044931	-15.1366	-165.127
6.6	0.707918	-0.0657003	35.3959	-3.28501	-0.169286	-0.0449801	-15.1313	-165.12
6.61	0.707771	-0.0657606	35.3885	-3.28803	-0.169383	-0.0450291	-15.126	-165.113
6.62	0.707623	-0.0658208	35.3811	-3.29104	-0.169481	-0.045078	-15.1207	-165.106
6.63	0.707475	-0.0658809	35.3737	-3.29404	-0.169579	-0.0451268	-15.1154	-165.098
6.64	0.707326	-0.0659408	35.3663	-3.29704	-0.169677	-0.0451756	-15.1101	-165.091
6.65	0.707178	-0.0660005	35.3589	-3.30002	-0.169776	-0.0452242	-15.1048	-165.084
6.66	0.707029	-0.06606	35.3515	-3.303	-0.169874	-0.0452728	-15.0995	-165.077
6.67	0.706881	-0.0661194	35.344	-3.30597	-0.169973	-0.0453212	-15.0941	-165.07
6.68	0.706732	-0.0661787	35.3366	-3.30893	-0.170071	-0.0453696	-15.0888	-165.063
6.69	0.706583	-0.0662377	35.3291	-3.31189	-0.17017	-0.0454179	-15.0835	-165.056
6.7	0.706433	-0.0662966	35.3217	-3.31483	-0.170269	-0.0454661	-15.0782	-165.049
6.71	0.706284	-0.0663554	35.3142	-3.31777	-0.170368	-0.0455142	-15.0728	-165.043
6.72	0.706134	-0.066414	35.3067	-3.3207	-0.170467	-0.0455623	-15.0675	-165.036
6.73	0.705985	-0.0664724	35.2992	-3.32362	-0.170566	-0.0456102	-15.0622	-165.029
6.74	0.705835	-0.0665306	35.2917	-3.32653	-0.170666	-0.0456581	-15.0569	-165.022
6.75	0.705685	-0.0665887	35.2842	-3.32943	-0.170765	-0.0457058	-15.0515	-165.016
6.76	0.705534	-0.0666466	35.2767	-3.33233	-0.170865	-0.0457535	-15.0462	-165.009
6.77	0.705384	-0.0667043	35.2692	-3.33522	-0.170965	-0.0458011	-15.0408	-165.003
6.78	0.705233	-0.0667619	35.2617	-3.3381	-0.171065	-0.0458486	-15.0355	-164.996
6.79	0.705083	-0.0668194	35.2541	-3.34097	-0.171165	-0.045896	-15.0302	-164.99
6.8	0.704932	-0.0668766	35.2466	-3.34383	-0.171265	-0.0459433	-15.0248	-164.983
6.81	0.704781	-0.0669337	35.239	-3.34668	-0.171366	-0.0459906	-15.0195	-164.977
6.82	0.704629	-0.0669906	35.2315	-3.34953	-0.171466	-0.0460377	-15.0141	-164.971
6.83	0.704478	-0.0670474	35.2239	-3.35237	-0.171567	-0.0460848	-15.0088	-164.965
6.84	0.704327	-0.067104	35.2163	-3.3552	-0.171668	-0.0461317	-15.0034	-164.958
6.85	0.704175	-0.0671604	35.2087	-3.35802	-0.171769	-0.0461786	-14.9981	-164.952
6.86	0.704023	-0.0672166	35.2011	-3.36083	-0.17187	-0.0462254	-14.9927	-164.946
6.87	0.703871	-0.0672727	35.1935	-3.36364	-0.171971	-0.0462721	-14.9873	-164.94
6.88	0.703719	-0.0673287	35.1859	-3.36643	-0.172072	-0.0463187	-14.982	-164.934
6.89	0.703566	-0.0673844	35.1783	-3.36922	-0.172174	-0.0463652	-14.9766	-164.928
6.9	0.703414	-0.06744	35.1707	-3.372	-0.172275	-0.0464117	-14.9713	-164.922
6.91	0.703261	-0.0674954	35.1631	-3.37477	-0.172377	-0.046458	-14.9659	-164.916
6.92	0.703108	-0.0675507	35.1554	-3.37754	-0.172479	-0.0465042	-14.9605	-164.911
6.93	0.702955	-0.0676058	35.1478	-3.38029	-0.172581	-0.0465504	-14.9551	-164.905
6.94	0.702802	-0.0676607	35.1401	-3.38304	-0.172683	-0.0465965	-14.9498	-164.899
6.95	0.702649	-0.0677155	35.1325	-3.38577	-0.172785	-0.0466424	-14.9444	-164.893
6.96	0.702496	-0.0677701	35.1248	-3.3885	-0.172888	-0.0466883	-14.939	-164.888
6.97	0.702342	-0.0678245	35.1171	-3.39122	-0.17299	-0.0467341	-14.9336	-164.882
6.98	0.702188	-0.0678787	35.1094	-3.39394	-0.173093	-0.0467798	-14.9283	-164.877
6.99	0.702034	-0.0679328	35.1017	-3.39664	-0.173196	-0.0468254	-14.9229	-164.871
7	0.70188	-0.0679867	35.094	-3.39934	-0.173298	-0.0468709	-14.9175	-164.866
7.01	0.701726	-0.0680405	35.0863	-3.40202	-0.173401	-0.0469164	-14.9121	-164.86
7.02	0.701572	-0.0680941	35.0786	-3.4047	-0.173505	-0.0469617	-14.9067	-164.855
7.03	0.701417	-0.0681475	35.0709	-3.40737	-0.173608	-0.047007	-14.9013	-164.85
7.04	0.701262	-0.0682007	35.0631	-3.41004	-0.173711	-0.0470521	-14.896	-164.844
7.05	0.701107	-0.0682538	35.0554	-3.41269	-0.173815	-0.0470972	-14.8906	-164.839
7.06	0.700952	-0.0683067	35.0476	-3.41534	-0.173919	-0.0471421	-14.8852	-164.834
7.07	0.700797	-0.0683594	35.0399	-3.41797	-0.174023	-0.047187	-14.8798	-164.829
7.08	0.700642	-0.068412	35.0321	-3.4206	-0.174126	-0.0472318	-14.8744	-164.824
7.09	0.700486	-0.0684644	35.0243	-3.42322	-0.174231	-0.0472765	-14.869	-164.819
7.1	0.700331	-0.0685166	35.0165	-3.42583	-0.174335	-0.0473211	-14.8636	-164.814
7.11	0.700175	-0.0685687	35.0088	-3.42844	-0.174439	-0.0473656	-14.8582	-164.809
7.12	0.700019	-0.0686206	35.001	-3.43103	-0.174544	-0.04741	-14.8528	-164.804
7.13	0.699863	-0.0686723	34.9931	-3.43362	-0.174648	-0.0474543	-14.8474	-164.799
7.14	0.699707	-0.0687239	34.9853	-3.43619	-0.174753	-0.0474985	-14.842	-164.794
7.15	0.69955	-0.0687753	34.9775	-3.43876	-0.174858	-0.0475427	-14.8365	-164.789
7.16	0.699394	-0.0688265	34.9697	-3.44132	-0.174963	-0.0475867	-14.8311	-164.785
7.17	0.699237	-0.0688775	34.9619	-3.44388	-0.175068	-0.0476307	-14.8257	-164.78
7.18	0.69908	-0.0689284	34.954	-3.44642	-0.175173	-0.0476745	-14.8203	-164.775
7.19	0.698923	-0.0689791	34.9462	-3.44895	-0.175279	-0.0477183	-14.8149	-164.771
7.2	0.698766	-0.0690296	34.9383	-3.45148	-0.175384	-0.0477619	-14.8095	-164.766
7.21	0.698609	-0.06908	34.9304	-3.454	-0.17549	-0.0478055	-14.8041	-164.762
7.22	0.698451	-0.0691302	34.9226	-3.45651	-0.175596	-0.047849	-14.7986	-164.757
7.23	0.698294	-0.0691802	34.9147	-3.45901	-0.175702	-0.0478923	-14.7932	-164.753
7.24	0.698136	-0.06923	34.9068	-3.4615	-0.175808	-0.0479356	-14.7878	-164.749
7.25	0.697978	-0.0692797	34.8989	-3.46399	-0.175914	-0.0479788	-14.7824	-164.744
7.26	0.69782	-0.0693292	34.891	-3.46646	-0.17602	-0.0480219	-14.777	-164.74
7.27	0.697661	-0.0693785	34.8831	-3.46893	-0.176127	-0.0480649	-14.7715	-164.736
7.28	0.697503	-0.0694277	34.8752	-3.47139	-0.176233	-0.0481078	-14.7661	-164.732
7.29	0.697345	-0.0694767	34.8672	-3.47383	-0.17634	-0.0481506	-14.7607	-164.727
7.3	0.697186	-0.0695255	34.8593	-3.47628	-0.176447	-0.0481934	-14.7552	-164.723
7.31	0.697027	-0.0695742	34.8514	-3.47871	-0.176554	-0.048236	-14.7498	-164.719
7.32	0.696868	-0.0696226	34.8434	-3.48113	-0.176661	-0.0482785	-14.7444	-164.715
7.33	0.696709	-0.0696709	34.8354	-3.48355	-0.176768	-0.0483209	-14.7389	-164.711
7.34	0.69655	-0.0697191	34.8275	-3.48595	-0.176876	-0.0483633	-14.7335	-164.707
7.35	0.69639	-0.069767	34.8195	-3.48835	-0.176983	-0.0484055	-14.7281	-164.704
7.36	0.696231	-0.0698148	34.8115	-3.49074	-0.177091	-0.0484476	-14.7226	-164.7
7.37	0.696071	-0.0698624	34.8035	-3.49312	-0.177199	-0.0484897	-14.7172	-164.696
7.38	0.695911	-0.0699099	34.7955	-3.49549	-0.177307	-0.0485316	-14.7117	-164.692
7.39	0.695751	-0.0699571	34.7875	-3.49786	-0.177415	-0.0485735	-14.7063	-164.688
7.4	0.695591	-0.0700042	34.7795	-3.50021	-0.177523	-0.0486153	-14.7009	-164.685
7.41	0.69543	-0.0700512	34.7715	-3.50256	-0.177631	-0.0486569	-14.6954	-164.681
7.42	0.69527	-0.0700979	34.7635	-3.5049	-0.177739	-0.0486985	-14.69	-164.678
7.43	0.695109	-0.0701445	34.7555	-3.50722	-0.177848	-0.0487399	-14.6845	-164.674
7.44	0.694949	-0.0701909	34.7474	-3.50954	-0.177957	-0.0487813	-14.6791	-164.671
7.45	0.694788	-0.0702371	34.7394	-3.51186	-0.178065	-0.0488226	-14.6736	-164.667
7.46	0.694627	-0.0702832	34.7313	-3.51416	-0.178174	-0.0488638	-14.6682	-164.664
7.47	0.694465	-0.0703291	34.7233	-3.51645	-0.178283	-0.0489048	-14.6627	-164.661
7.48	0.694304	-0.0703748	34.7152	-3.51874	-0.178393	-0.0489458	-14.6572	-164.657
7.49	0.694143	-0.0704203	34.7071	-3.52102	-0.178502	-0.0489867	-14.6518	-164.654
7.5	0.693981	-0.0704657	34.699	-3.52328	-0.178611	-0.0490275	-14.6463	-164.651
7.51	0.693819	-0.0705109	34.691	-3.52554	-0.178721	-0.0490682	-14.6409	-164.648
7.52	0.693657	-0.0705559	34.6829	-3.52779	-0.178831	-0.0491088	-14.6354	-164.645
7.53	0.693495	-0.0706007	34.6748	-3.53004	-0.178941	-0.0491493	-14.63	-164.641
7.54	0.693333	-0.0706454	34.6666	-3.53227	-0.17905	-0.0491897	-14.6245	-164.638
7.55	0.693171	-0.0706899	34.6585	-3.53449	-0.179161	-0.04923	-14.619	-164.635
7.56	0.693008	-0.0707342	34.6504	-3.53671	-0.179271	-0.0492701	-14.6136	-164.632
7.57	0.692845	-0.0707783	34.6423	-3.53892	-0.179381	-0.0493102	-14.6081	-164.63
7.58	0.692683	-0.0708223	34.6341	-3.54111	-0.179492	-0.0493502	-14.6026	-164.627
7.59	0.69252	-0.0708661	34.626	-3.5433	-0.179602	-0.0493901	-14.5972	-164.624
7.6	0.692357	-0.0709097	34.6178	-3.54548	-0.179713	-0.0494299	-14.5917	-164.621
7.61	0.692193	-0.0709531	34.6097	-3.54766	-0.179824	-0.0494696	-14.5862	-164.618
7.62	0.69203	-0.0709964	34.6015	-3.54982	-0.179935	-0.0495092	-14.5808	-164.616
7.63	0.691866	-0.0710395	34.5933	-3.55197	-0.180046	-0.0495488	-14.5753	-164.613
7.64	0.691703	-0.0710824	34.5851	-3.55412	-0.180157	-0.0495882	-14.5698	-164.61
7.65	0.691539	-0.0711252	34.5769	-3.55626	-0.180269	-0.0496275	-14.5643	-164.608
7.66	0.691375	-0.0711677	34.5688	-3.55839	-0.18038	-0.0496667	-14.5589	-164.605
7.67	0.691211	-0.0712101	34.5605	-3.56051	-0.180492	-0.0497058	-14.5534	-164.603
7.68	0.691047	-0.0712523	34.5523	-3.56262	-0.180603	-0.0497448	-14.5479	-164.601
7.69	0.690882	-0.0712944	34.5441	-3.56472	-0.180715	-0.0497837	-14.5424	-164.598
7.7	0.690718	-0.0713362	34.5359	-3.56681	-0.180827	-0.0498225	-14.5369	-164.596
7.71	0.690553	-0.0713779	34.5277	-3.5689	-0.180939	-0.0498612	-14.5315	-164.593
7.72	0.690388	-0.0714194	34.5194	-3.57097	-0.181052	-0.0498998	-14.526	-164.591
7.73	0.690224	-0.0714607	34.5112	-3.57304	-0.181164	-0.0499383	-14.5205	-164.589
7.74	0.690058	-0.0715019	34.5029	-3.5751	-0.181277	-0.0499767	-14.515	-164.587
7.75	0.689893	-0.0715429	34.4947	-3.57714	-0.181389	-0.050015	-14.5095	-164.585
7.76	0.689728	-0.0715837	34.4864	-3.57918	-0.181502	-0.0500532	-14.504	-164.583
7.77	0.689562	-0.0716243	34.4781	-3.58122	-0.181615	-0.0500913	-14.4986	-164.581
7.78	0.689397	-0.0716648	34.4698	-3.58324	-0.181728	-0.0501293	-14.4931	-164.579
7.79	0.689231	-0.071705	34.4616	-3.58525	-0.181841	-0.0501672	-14.4876	-164.577
7.8	0.689065	-0.0717451	34.4533	-3.58726	-0.181954	-0.050205	-14.4821	-164.575
7.81	0.688899	-0.0717851	34.445	-3.58925	-0.182068	-0.0502427	-14.4766	-164.573
7.82	0.688733	-0.0718248	34.4366	-3.59124	-0.182181	-0.0502803	-14.4711	-164.571
7.83	0.688567	-0.0718644	34.4283	-3.59322	-0.182295	-0.0503178	-14.4656	-164.569
7.84	0.6884	-0.0719037	34.42	-3.59519	-0.182409	-0.0503551	-14.4601	-164.567
7.85	0.688234	-0.071943	34.4117	-3.59715	-0.182523	-0.0503924	-14.4546	-164.566
7.86	0.688067	-0.071982	34.4033	-3.5991	-0.182637	-0.0504296	-14.4491	-164.564
7.87	0.6879	-0.0720208	34.395	-3.60104	-0.182751	-0.0504667	-14.4436	-164.563
7.88	0.687733	-0.0720595	34.3867	-3.60298	-0.182865	-0.0505037	-14.4381	-164.561
7.89	0.687566	-0.072098	34.3783	-3.6049	-0.18298	-0.0505405	-14.4326	-164.559
7.9	0.687399	-0.0721363	34.3699	-3.60682	-0.183094	-0.0505773	-14.4271	-164.558
7.91	0.687231	-0.0721745	34.3616	-3.60872	-0.183209	-0.050614	-14.4216	-164.556
7.92	0.687064	-0.0722125	34.3532	-3.61062	-0.183324	-0.0506506	-14.4161	-164.555
7.93	0.686896	-0.0722502	34.3448	-3.61251	-0.183439	-0.050687	-14.4106	-164.554
7.94	0.686728	-0.0722878	34.3364	-3.61439	-0.183554	-0.0507234	-14.4051	-164.552
7.95	0.68656	-0.0723253	34.328	-3.61626	-0.183669	-0.0507596	-14.3996	-164.551
7.96	0.686392	-0.0723625	34.3196	-3.61813	-0.183784	-0.0507958	-14.3941	-164.55
7.97	0.686224	-0.0723996	34.3112	-3.61998	-0.1839	-0.0508318	-14.3886	-164.549
7.98	0.686056	-0.0724365	34.3028	-3.62182	-0.184015	-0.0508678	-14.3831	-164.547
7.99	0.685887	-0.0724732	34.2944	-3.62366	-0.184131	-0.0509036	-14.3776	-164.546
8	0.685718	-0.0725098	34.2859	-3.62549	-0.184247	-0.0509394	-14.3721	-164.545
8.01	0.68555	-0.0725461	34.2775	-3.62731	-0.184363	-0.050975	-14.3666	-164.544
8.02	0.685381	-0.0725823	34.269	-3.62911	-0.184479	-0.0510105	-14.3611	-164.543
8.03	0.685212	-0.0726183	34.2606	-3.63091	-0.184595	-0.051046	-14.3556	-164.542
8.04	0.685043	-0.0726541	34.2521	-3.63271	-0.184711	-0.0510813	-14.3501	-164.541
8.05	0.684873	-0.0726898	34.2437	-3.63449	-0.184827	-0.0511165	-14.3446	-164.541
8.06	0.684704	-0.0727252	34.2352	-3.63626	-0.184944	-0.0511516	-14.3391	-164.54
8.07	0.684534	-0.0727605	34.2267	-3.63802	-0.185061	-0.0511866	-14.3336	-164.539
8.08	0.684365	-0.0727956	34.2182	-3.63978	-0.185178	-0.0512215	-14.328	-164.538
8.09	0.684195	-0.0728305	34.2097	-3.64153	-0.185294	-0.0512563	-14.3225	-164.537
8.1	0.684025	-0.0728653	34.2013	-3.64326	-0.185412	-0.051291	-14.317	-164.537
8.11	0.683855	-0.0728998	34.1927	-3.64499	-0.185529	-0.0513256	-14.3115	-164.536
8.12	0.683685	-0.0729342	34.1842	-3.64671	-0.185646	-0.0513601	-14.306	-164.536
8.13	0.683514	-0.0729684	34.1757	-3.64842	-0.185763	-0.0513944	-14.3005	-164.535
8.14	0.683344	-0.0730024	34.1672	-3.65012	-0.185881	-0.0514287	-14.295	-164.535
8.15	0.683173	-0.0730363	34.1587	-3.65181	-0.185999	-0.0514629	-14.2894	-164.534
8.16	0.683003	-0.07307	34.1501	-3.6535	-0.186116	-0.0514969	-14.2839	-164.534
8.17	0.682832	-0.0731034	34.1416	-3.65517	-0.186234	-0.0515309	-14.2784	-164.533
8.18	0.682661	-0.0731367	34.133	-3.65684	-0.186352	-0.0515647	-14.2729	-164.533
8.19	0.68249	-0.0731699	34.1245	-3.65849	-0.186471	-0.0515985	-14.2674	-164.533
8.2	0.682318	-0.0732028	34.1159	-3.66014	-0.186589	-0.0516321	-14.2619	-164.532
8.21	0.682147	-0.0732356	34.1074	-3.66178	-0.186707	-0.0516656	-14.2563	-164.532
8.22	0.681976	-0.0732682	34.0988	-3.66341	-0.186826	-0.051699	-14.2508	-164.532
8.23	0.681804	-0.0733006	34.0902	-3.66503	-0.186944	-0.0517324	-14.2453	-164.532
8.24	0.681632	-0.0733328	34.0816	-3.66664	-0.187063	-0.0517656	-14.2398	-164.532
8.25	0.68146	-0.0733648	34.073	-3.66824	-0.187182	-0.0517987	-14.2343	-164.532
8.26	0.681288	-0.0733967	34.0644	-3.66983	-0.187301	-0.0518317	-14.2287	-164.532
8.27	0.681116	-0.0734284	34.0558	-3.67142	-0.18742	-0.0518645	-14.2232	-164.532
8.28	0.680944	-0.0734599	34.0472	-3.67299	-0.18754	-0.0518973	-14.2177	-164.532
8.29	0.680772	-0.0734912	34.0386	-3.67456	-0.187659	-0.05193	-14.2122	-164.532
8.3	0.680599	-0.0735223	34.03	-3.67611	-0.187779	-0.0519625	-14.2066	-164.532
8.31	0.680426	-0.0735533	34.0213	-3.67766	-0.187898	-0.051995	-14.2011	-164.532
8.32	0.680254	-0.073584	34.0127	-3.6792	-0.188018	-0.0520273	-14.1956	-164.532
8.33	0.680081	-0.0736146	34.004	-3.68073	-0.188138	-0.0520596	-14.1901	-164.533
8.34	0.679908	-0.073645	33.9954	-3.68225	-0.188258	-0.0520917	-14.1845	-164.533
8.35	0.679735	-0.0736752	33.9867	-3.68376	-0.188378	-0.0521237	-14.179	-164.533
8.36	0.679561	-0.0737053	33.9781	-3.68526	-0.188498	-0.0521556	-14.1735	-164.534
8.37	0.679388	-0.0737352	33.9694	-3.68676	-0.188619	-0.0521875	-14.168	-164.534
8.38	0.679214	-0.0737648	33.9607	-3.68824	-0.188739	-0.0522191	-14.1624	-164.535
8.39	0.679041	-0.0737943	33.952	-3.68972	-0.18886	-0.0522507	-14.1569	-164.535
8.4	0.678867	-0.0738236	33.9434	-3.69118	-0.188981	-0.0522822	-14.1514	-164.536
8.41	0.678693	-0.0738528	33.9347	-3.69264	-0.189101	-0.0523136	-14.1458	-164.536
8.42	0.678519	-0.0738817	33.926	-3.69409	-0.189222	-0.0523448	-14.1403	-164.537
8.43	0.678345	-0.0739105	33.9173	-3.69553	-0.189344	-0.052376	-14.1348	-164.538
8.44	0.678171	-0.0739391	33.9085	-3.69695	-0.189465	-0.052407	-14.1292	-164.538
8.45	0.677996	-0.0739675	33.8998	-3.69837	-0.189586	-0.052438	-14.1237	-164.539
8.46	0.677822	-0.0739957	33.8911	-3.69979	-0.189708	-0.0524688	-14.1182	-164.54
8.47	0.677647	-0.0740238	33.8824	-3.70119	-0.189829	-0.0524995	-14.1127	-164.541
8.48	0.677472	-0.0740516	33.8736	-3.70258	-0.189951	-0.0525301	-14.1071	-164.541
8.49	0.677298	-0.0740793	33.8649	-3.70396	-0.190073	-0.0525606	-14.1016	-164.542
8.5	0.677123	-0.0741068	33.8561	-3.70534	-0.190195	-0.052591	-14.0961	-164.543
8.51	0.676948	-0.0741341	33.8474	-3.7067	-0.190317	-0.0526212	-14.0905	-164.544
8.52	0.676772	-0.0741612	33.8386	-3.70806	-0.190439	-0.0526514	-14.085	-164.545
8.53	0.676597	-0.0741882	33.8298	-3.70941	-0.190561	-0.0526815	-14.0795	-164.546
8.54	0.676421	-0.0742149	33.8211	-3.71075	-0.190684	-0.0527114	-14.0739	-164.547
8.55	0.676246	-0.0742415	33.8123	-3.71208	-0.190806	-0.0527412	-14.0684	-164.549
8.56	0.67607	-0.0742679	33.8035	-3.71339	-0.190929	-0.0527709	-14.0629	-164.55
8.57	0.675894	-0.0742941	33.7947	-3.71471	-0.191052	-0.0528006	-14.0573	-164.551
8.58	0.675718	-0.0743201	33.7859	-3.71601	-0.191175	-0.05283	-14.0518	-164.552
8.59	0.675542	-0.074346	33.7771	-3.7173	-0.191298	-0.0528594	-14.0462	-164.553
8.6	0.675366	-0.0743716	33.7683	-3.71858	-0.191421	-0.0528887	-14.0407	-164.555
8.61	0.67519	-0.0743971	33.7595	-3.71986	-0.191544	-0.0529179	-14.0352	-164.556
8.62	0.675013	-0.0744224	33.7507	-3.72112	-0.191668	-0.0529469	-14.0296	-164.558
8.63	0.674837	-0.0744475	33.7418	-3.72238	-0.191791	-0.0529759	-14.0241	-164.559
8.64	0.67466	-0.0744724	33.733	-3.72362	-0.191915	-0.0530047	-14.0186	-164.56
8.65	0.674483	-0.0744972	33.7242	-3.72486	-0.192039	-0.0530334	-14.013	-164.562
8.66	0.674306	-0.0745218	33.7153	-3.72609	-0.192163	-0.053062	-14.0075	-164.564
8.67	0.674129	-0.0745461	33.7065	-3.72731	-0.192287	-0.0530905	-14.002	-164.565
8.68	0.673952	-0.0745703	33.6976	-3.72852	-0.192411	-0.0531189	-13.9964	-164.567
8.69	0.673775	-0.0745943	33.6887	-3.72972	-0.192535	-0.0531471	-13.9909	-164.568
8.7	0.673598	-0.0746181	33.6799	-3.73091	-0.19266	-0.0531753	-13.9853	-164.57
8.71	0.67342	-0.0746418	33.671	-3.73209	-0.192784	-0.0532033	-13.9798	-164.572
8.72	0.673242	-0.0746652	33.6621	-3.73326	-0.192909	-0.0532313	-13.9743	-164.574
8.73	0.673065	-0.0746885	33.6532	-3.73443	-0.193033	-0.0532591	-13.9687	-164.575
8.74	0.672887	-0.0747116	33.6443	-3.73558	-0.193158	-0.0532868	-13.9632	-164.577
8.75	0.672709	-0.0747345	33.6354	-3.73672	-0.193283	-0.0533144	-13.9576	-164.579
8.76	0.672531	-0.0747572	33.6265	-3.73786	-0.193408	-0.0533418	-13.9521	-164.581
8.77	0.672353	-0.0747797	33.6176	-3.73899	-0.193534	-0.0533692	-13.9466	-164.583
8.78	0.672174	-0.0748021	33.6087	-3.7401	-0.193659	-0.0533965	-13.941	-164.585
8.79	0.671996	-0.0748243	33.5998	-3.74121	-0.193784	-0.0534236	-13.9355	-164.587
8.8	0.671817	-0.0748462	33.5909	-3.74231	-0.19391	-0.0534506	-13.93	-164.589
8.81	0.671639	-0.074868	33.5819	-3.7434	-0.194036	-0.0534775	-13.9244	-164.591
8.82	0.67146	-0.0748896	33.573	-3.74448	-0.194161	-0.0535043	-13.9189	-164.594
8.83	0.671281	-0.0749111	33.5641	-3.74555	-0.194287	-0.053531	-13.9133	-164.596
8.84	0.671102	-0.0749323	33.5551	-3.74662	-0.194413	-0.0535576	-13.9078	-164.598
8.85	0.670923	-0.0749534	33.5462	-3.74767	-0.19454	-0.053584	-13.9023	-164.6
8.86	0.670744	-0.0749742	33.5372	-3.74871	-0.194666	-0.0536103	-13.8967	-164.603
8.87	0.670565	-0.0749949	33.5282	-3.74975	-0.194792	-0.0536366	-13.8912	-164.605
8.88	0.670385	-0.0750154	33.5193	-3.75077	-0.194919	-0.0536627	-13.8856	-164.607
8.89	0.670206	-0.0750357	33.5103	-3.75179	-0.195045	-0.0536887	-13.8801	-164.61
8.9	0.670026	-0.0750559	33.5013	-3.75279	-0.195172	-0.0537145	-13.8746	-164.612
8.91	0.669846	-0.0750758	33.4923	-3.75379	-0.195299	-0.0537403	-13.869	-164.615
8.92	0.669666	-0.0750956	33.4833	-3.75478	-0.195426	-0.0537659	-13.8635	-164.617
8.93	0.669486	-0.0751151	33.4743	-3.75576	-0.195553	-0.0537915	-13.8579	-164.62
8.94	0.669306	-0.0751345	33.4653	-3.75673	-0.19568	-0.0538169	-13.8524	-164.622
8.95	0.669126	-0.0751537	33.4563	-3.75769	-0.195808	-0.0538422	-13.8469	-164.625
8.96	0.668946	-0.0751727	33.4473	-3.75864	-0.195935	-0.0538674	-13.8413	-164.628
8.97	0.668765	-0.0751916	33.4383	-3.75958	-0.196063	-0.0538924	-13.8358	-164.63
8.98	0.668585	-0.0752102	33.4292	-3.76051	-0.19619	-0.0539174	-13.8302	-164.633
8.99	0.668404	-0.0752287	33.4202	-3.76143	-0.196318	-0.0539422	-13.8247	-164.636
9	0.668223	-0.0752469	33.4112	-3.76235	-0.196446	-0.053967	-13.8192	-164.639
9.01	0.668042	-0.075265	33.4021	-3.76325	-0.196574	-0.0539916	-13.8136	-164.642
9.02	0.667861	-0.0752829	33.3931	-3.76415	-0.196702	-0.054016	-13.8081	-164.645
9.03	0.66768	-0.0753006	33.384	-3.76503	-0.196831	-0.0540404	-13.8025	-164.648
9.04	0.667499	-0.0753182	33.3749	-3.76591	-0.196959	-0.0540647	-13.797	-164.651
9.05	0.667318	-0.0753355	33.3659	-3.76678	-0.197088	-0.0540888	-13.7914	-164.654
9.06	0.667136	-0.0753527	33.3568	-3.76763	-0.197216	-0.0541128	-13.7859	-164.657
9.07	0.666955	-0.0753697	33.3477	-3.76848	-0.197345	-0.0541367	-13.7804	-164.66
9.08	0.666773	-0.0753864	33.3387	-3.76932	-0.197474	-0.0541605	-13.7748	-164.663
9.09	0.666591	-0.075403	33.3296	-3.77015	-0.197603	-0.0541842	-13.7693	-164.666
9.1	0.666409	-0.0754194	33.3205	-3.77097	-0.197732	-0.0542077	-13.7637	-164.669
9.11	0.666227	-0.0754357	33.3114	-3.77178	-0.197861	-0.0542312	-13.7582	-164.672
9.12	0.666045	-0.0754517	33.3023	-3.77259	-0.19799	-0.0542545	-13.7527	-164.676
9.13	0.665863	-0.0754676	33.2932	-3.77338	-0.19812	-0.0542777	-13.7471	-164.679
9.14	0.665681	-0.0754832	33.284	-3.77416	-0.198249	-0.0543008	-13.7416	-164.682
9.15	0.665499	-0.0754987	33.2749	-3.77494	-0.198379	-0.0543237	-13.736	-164.686
9.16	0.665316	-0.075514	33.2658	-3.7757	-0.198509	-0.0543466	-13.7305	-164.689
9.17	0.665133	-0.0755291	33.2567	-3.77646	-0.198639	-0.0543693	-13.725	-164.693
9.18	0.664951	-0.075544	33.2475	-3.7772	-0.198769	-0.0543919	-13.7194	-164.696
9.19	0.664768	-0.0755588	33.2384	-3.77794	-0.198899	-0.0544144	-13.7139	-164.7
9.2	0.664585	-0.0755733	33.2293	-3.77867	-0.199029	-0.0544368	-13.7084	-164.703
9.21	0.664402	-0.0755877	33.2201	-3.77938	-0.19916	-0.054459	-13.7028	-164.707
9.22	0.664219	-0.0756019	33.2109	-3.78009	-0.19929	-0.0544811	-13.6973	-164.71
9.23	0.664036	-0.0756158	33.2018	-3.78079	-0.199421	-0.0545032	-13.6917	-164.714
9.24	0.663852	-0.0756296	33.1926	-3.78148	-0.199551	-0.0545251	-13.6862	-164.718
9.25	0.663669	-0.0756433	33.1834	-3.78216	-0.199682	-0.0545468	-13.6807	-164.721
9.26	0.663485	-0.0756567	33.1743	-3.78283	-0.199813	-0.0545685	-13.6751	-164.725
9.27	0.663302	-0.0756699	33.1651	-3.7835	-0.199944	-0.05459	-13.6696	-164.729
9.28	0.663118	-0.075683	33.1559	-3.78415	-0.200075	-0.0546114	-13.664	-164.733
9.29	0.662934	-0.0756958	33.1467	-3.78479	-0.200207	-0.0546327	-13.6585	-164.737
9.3	0.66275	-0.0757085	33.1375	-3.78543	-0.200338	-0.0546539	-13.653	-164.741
9.31	0.662566	-0.075721	33.1283	-3.78605	-0.20047	-0.054675	-13.6474	-164.744
9.32	0.662382	-0.0757333	33.1191	-3.78667	-0.200601	-0.0546959	-13.6419	-164.748
9.33	0.662198	-0.0757454	33.1099	-3.78727	-0.200733	-0.0547167	-13.6364	-164.752
9.34	0.662013	-0.0757574	33.1007	-3.78787	-0.200865	-0.0547374	-13.6308	-164.757
9.35	0.661829	-0.0757691	33.0914	-3.78845	-0.200997	-0.054758	-13.6253	-164.761
9.36	0.661644	-0.0757806	33.0822	-3.78903	-0.201129	-0.0547785	-13.6198	-164.765
9.37	0.66146	-0.075792	33.073	-3.7896	-0.201261	-0.0547988	-13.6142	-164.769
9.38	0.661275	-0.0758032	33.0637	-3.79016	-0.201393	-0.054819	-13.6087	-164.773
9.39	0.66109	-0.0758142	33.0545	-3.79071	-0.201526	-0.0548391	-13.6031	-164.777
9.4	0.660905	-0.075825	33.0452	-3.79125	-0.201658	-0.0548591	-13.5976	-164.782
9.41	0.66072	-0.0758356	33.036	-3.79178	-0.201791	-0.0548789	-13.5921	-164.786
9.42	0.660535	-0.075846	33.0267	-3.7923	-0.201924	-0.0548987	-13.5865	-164.79
9.43	0.660349	-0.0758563	33.0175	-3.79281	-0.202057	-0.0549183	-13.581	-164.795
9.44	0.660164	-0.0758663	33.0082	-3.79332	-0.20219	-0.0549378	-13.5755	-164.799
9.45	0.659979	-0.0758762	32.9989	-3.79381	-0.202323	-0.0549571	-13.5699	-164.803
9.46	0.659793	-0.0758859	32.9897	-3.79429	-0.202456	-0.0549764	-13.5644	-164.808
9.47	0.659607	-0.0758954	32.9804	-3.79477	-0.202589	-0.0549955	-13.5589	-164.812
9.48	0.659422	-0.0759047	32.9711	-3.79523	-0.202723	-0.0550145	-13.5533	-164.817
9.49	0.659236	-0.0759138	32.9618	-3.79569	-0.202856	-0.0550334	-13.5478	-164.821
9.5	0.65905	-0.0759227	32.9525	-3.79613	-0.20299	-0.0550521	-13.5423	-164.826
9.51	0.658864	-0.0759314	32.9432	-3.79657	-0.203124	-0.0550708	-13.5367	-164.831
9.52	0.658678	-0.07594	32.9339	-3.797	-0.203258	-0.0550893	-13.5312	-164.835
9.53	0.658491	-0.0759483	32.9246	-3.79742	-0.203392	-0.0551077	-13.5257	-164.84
9.54	0.658305	-0.0759565	32.9152	-3.79783	-0.203526	-0.0551259	-13.5201	-164.845
9.55	0.658119	-0.0759645	32.9059	-3.79823	-0.20366	-0.0551441	-13.5146	-164.85
9.56	0.657932	-0.0759723	32.8966	-3.79862	-0.203794	-0.0551621	-13.5091	-164.854
9.57	0.657745	-0.0759799	32.8873	-3.799	-0.203929	-0.05518	-13.5036	-164.859
9.58	0.657559	-0.0759873	32.8779	-3.79937	-0.204063	-0.0551978	-13.498	-164.864
9.59	0.657372	-0.0759946	32.8686	-3.79973	-0.204198	-0.0552154	-13.4925	-164.869
9.6	0.657185	-0.0760016	32.8592	-3.80008	-0.204333	-0.055233	-13.487	-164.874
9.61	0.656998	-0.0760085	32.8499	-3.80042	-0.204468	-0.0552504	-13.4814	-164.879
9.62	0.656811	-0.0760151	32.8405	-3.80076	-0.204603	-0.0552677	-13.4759	-164.884
9.63	0.656623	-0.0760216	32.8312	-3.80108	-0.204738	-0.0552848	-13.4704	-164.889
9.64	0.656436	-0.0760279	32.8218	-3.8014	-0.204873	-0.0553019	-13.4649	-164.894
9.65	0.656249	-0.076034	32.8124	-3.8017	-0.205009	-0.0553188	-13.4593	-164.899
9.66	0.656061	-0.0760399	32.8031	-3.802	-0.205144	-0.0553356	-13.4538	-164.904
9.67	0.655874	-0.0760457	32.7937	-3.80228	-0.20528	-0.0553522	-13.4483	-164.909
9.68	0.655686	-0.0760512	32.7843	-3.80256	-0.205415	-0.0553688	-13.4427	-164.915
9.69	0.655498	-0.0760565	32.7749	-3.80283	-0.205551	-0.0553852	-13.4372	-164.92
9.7	0.65531	-0.0760617	32.7655	-3.80309	-0.205687	-0.0554015	-13.4317	-164.925
9.71	0.655122	-0.0760667	32.7561	-3.80333	-0.205823	-0.0554176	-13.4262	-164.931
9.72	0.654934	-0.0760715	32.7467	-3.80357	-0.205959	-0.0554337	-13.4206	-164.936
9.73	0.654746	-0.0760761	32.7373	-3.8038	-0.206095	-0.0554496	-13.4151	-164.941
9.74	0.654558	-0.0760805	32.7279	-3.80402	-0.206232	-0.0554654	-13.4096	-164.947
9.75	0.65437	-0.0760847	32.7185	-3.80423	-0.206368	-0.055481	-13.4041	-164.952
9.76	0.654181	-0.0760887	32.7091	-3.80444	-0.206505	-0.0554966	-13.3986	-164.958
9.77	0.653993	-0.0760926	32.6996	-3.80463	-0.206641	-0.055512	-13.393	-164.963
9.78	0.653804	-0.0760962	32.6902	-3.80481	-0.206778	-0.0555273	-13.3875	-164.969
9.79	0.653615	-0.0760997	32.6808	-3.80498	-0.206915	-0.0555424	-13.382	-164.974
9.8	0.653427	-0.0761029	32.6713	-3.80515	-0.207052	-0.0555575	-13.3765	-164.98
9.81	0.653238	-0.076106	32.6619	-3.8053	-0.207189	-0.0555724	-13.3709	-164.985
9.82	0.653049	-0.0761089	32.6524	-3.80545	-0.207326	-0.0555872	-13.3654	-164.991
9.83	0.65286	-0.0761116	32.643	-3.80558	-0.207464	-0.0556018	-13.3599	-164.997
9.84	0.65267	-0.0761141	32.6335	-3.80571	-0.207601	-0.0556164	-13.3544	-165.003
9.85	0.652481	-0.0761165	32.6241	-3.80582	-0.207739	-0.0556308	-13.3489	-165.008
9.86	0.652292	-0.0761186	32.6146	-3.80593	-0.207876	-0.0556451	-13.3433	-165.014
9.87	0.652102	-0.0761206	32.6051	-3.80603	-0.208014	-0.0556592	-13.3378	-165.02
9.88	0.651913	-0.0761223	32.5956	-3.80612	-0.208152	-0.0556732	-13.3323	-165.026
9.89	0.651723	-0.0761239	32.5862	-3.8062	-0.20829	-0.0556871	-13.3268	-165.032
9.9	0.651534	-0.0761253	32.5767	-3.80626	-0.208428	-0.0557009	-13.3213	-165.038
9.91	0.651344	-0.0761265	32.5672	-3.80632	-0.208566	-0.0557146	-13.3158	-165.044
9.92	0.651154	-0.0761275	32.5577	-3.80637	-0.208705	-0.0557281	-13.3102	-165.05
9.93	0.650964	-0.0761283	32.5482	-3.80642	-0.208843	-0.0557415	-13.3047	-165.056
9.94	0.650774	-0.0761289	32.5387	-3.80645	-0.208982	-0.0557548	-13.2992	-165.062
9.95	0.650584	-0.0761294	32.5292	-3.80647	-0.20912	-0.0557679	-13.2937	-165.068
9.96	0.650394	-0.0761296	32.5197	-3.80648	-0.209259	-0.0557809	-13.2882	-165.074
9.97	0.650203	-0.0761297	32.5102	-3.80648	-0.209398	-0.0557938	-13.2827	-165.08
9.98	0.650013	-0.0761296	32.5006	-3.80648	-0.209537	-0.0558065	-13.2772	-165.086
9.99	0.649823	-0.0761293	32.4911	-3.80646	-0.209676	-0.0558192	-13.2717	-165.093
10	0.649632	-0.0761287	32.4816	-3.80644	-0.209815	-0.0558317	-13.2661	-165.099
10.01	0.649441	-0.076128	32.4721	-3.8064	-0.209954	-0.055844	-13.2606	-165.105
10.02	0.649251	-0.0761272	32.4625	-3.80636	-0.210094	-0.0558563	-13.2551	-165.112
10.03	0.64906	-0.0761261	32.453	-3.8063	-0.210233	-0.0558684	-13.2496	-165.118
10.04	0.648869	-0.0761248	32.4434	-3.80624	-0.210373	-0.0558804	-13.2441	-165.124
10.05	0.648678	-0.0761234	32.4339	-3.80617	-0.210513	-0.0558922	-13.2386	-165.131
10.06	0.648487	-0.0761217	32.4243	-3.80609	-0.210652	-0.055904	-13.2331	-165.137
10.07	0.648296	-0.0761199	32.4148	-3.806	-0.210792	-0.0559156	-13.2276	-165.144
10.08	0.648104	-0.0761179	32.4052	-3.80589	-0.210932	-0.055927	-13.2221	-165.15
10.09	0.647913	-0.0761157	32.3957	-3.80578	-0.211073	-0.0559384	-13.2166	-165.157
10.1	0.647722	-0.0761133	32.3861	-3.80566	-0.211213	-0.0559496	-13.2111	-165.163
10.11	0.64753	-0.0761107	32.3765	-3.80553	-0.211353	-0.0559607	-13.2056	-165.17
10.12	0.647339	-0.0761079	32.3669	-3.8054	-0.211494	-0.0559716	-13.2001	-165.177
10.13	0.647147	-0.0761049	32.3573	-3.80525	-0.211634	-0.0559825	-13.1946	-165.183
10.14	0.646955	-0.0761018	32.3478	-3.80509	-0.211775	-0.0559932	-13.1891	-165.19
10.15	0.646763	-0.0760984	32.3382	-3.80492	-0.211916	-0.0560037	-13.1835	-165.197
10.16	0.646571	-0.0760949	32.3286	-3.80475	-0.212057	-0.0560142	-13.178	-165.203
10.17	0.646379	-0.0760912	32.319	-3.80456	-0.212198	-0.0560245	-13.1725	-165.21
10.18	0.646187	-0.0760873	32.3094	-3.80436	-0.212339	-0.0560347	-13.167	-165.217
10.19	0.645995	-0.0760832	32.2998	-3.80416	-0.21248	-0.0560447	-13.1615	-165.224
10.2	0.645803	-0.0760789	32.2901	-3.80394	-0.212621	-0.0560546	-13.156	-165.231
10.21	0.645611	-0.0760744	32.2805	-3.80372	-0.212763	-0.0560644	-13.1505	-165.238
10.22	0.645418	-0.0760697	32.2709	-3.80349	-0.212904	-0.0560741	-13.145	-165.245
10.23	0.645226	-0.0760648	32.2613	-3.80324	-0.213046	-0.0560836	-13.1396	-165.252
10.24	0.645033	-0.0760598	32.2517	-3.80299	-0.213187	-0.056093	-13.1341	-165.259
10.25	0.64484	-0.0760546	32.242	-3.80273	-0.213329	-0.0561022	-13.1286	-165.266
10.26	0.644648	-0.0760491	32.2324	-3.80246	-0.213471	-0.0561114	-13.1231	-165.273
10.27	0.644455	-0.0760435	32.2227	-3.80218	-0.213613	-0.0561204	-13.1176	-165.28
10.28	0.644262	-0.0760377	32.2131	-3.80188	-0.213755	-0.0561292	-13.1121	-165.287
10.29	0.644069	-0.0760317	32.2035	-3.80158	-0.213898	-0.056138	-13.1066	-165.294
10.3	0.643876	-0.0760255	32.1938	-3.80128	-0.21404	-0.0561466	-13.1011	-165.301
10.31	0.643683	-0.0760191	32.1841	-3.80096	-0.214183	-0.0561551	-13.0956	-165.309
10.32	0.64349	-0.0760126	32.1745	-3.80063	-0.214325	-0.0561634	-13.0901	-165.316
10.33	0.643296	-0.0760058	32.1648	-3.80029	-0.214468	-0.0561716	-13.0846	-165.323
10.34	0.643103	-0.0759989	32.1552	-3.79994	-0.214611	-0.0561797	-13.0791	-165.331
10.35	0.64291	-0.0759917	32.1455	-3.79959	-0.214754	-0.0561876	-13.0736	-165.338
10.36	0.642716	-0.0759844	32.1358	-3.79922	-0.214897	-0.0561955	-13.0681	-165.345
10.37	0.642522	-0.0759769	32.1261	-3.79884	-0.21504	-0.0562031	-13.0627	-165.353
10.38	0.642329	-0.0759692	32.1164	-3.79846	-0.215183	-0.0562107	-13.0572	-165.36
10.39	0.642135	-0.0759613	32.1068	-3.79806	-0.215326	-0.0562181	-13.0517	-165.368
10.4	0.641941	-0.0759532	32.0971	-3.79766	-0.21547	-0.0562254	-13.0462	-165.375
10.41	0.641747	-0.0759449	32.0874	-3.79725	-0.215613	-0.0562325	-13.0407	-165.383
10.42	0.641553	-0.0759364	32.0777	-3.79682	-0.215757	-0.0562396	-13.0352	-165.39
10.43	0.641359	-0.0759278	32.068	-3.79639	-0.2159	-0.0562465	-13.0297	-165.398
10.44	0.641165	-0.075919	32.0583	-3.79595	-0.216044	-0.0562532	-13.0243	-165.405
10.45	0.640971	-0.0759099	32.0485	-3.7955	-0.216188	-0.0562598	-13.0188	-165.413
10.46	0.640777	-0.0759007	32.0388	-3.79503	-0.216332	-0.0562663	-13.0133	-165.421
10.47	0.640582	-0.0758913	32.0291	-3.79456	-0.216476	-0.0562727	-13.0078	-165.429
10.48	0.640388	-0.0758817	32.0194	-3.79408	-0.216621	-0.0562789	-13.0023	-165.436
10.49	0.640193	-0.0758719	32.0097	-3.79359	-0.216765	-0.056285	-12.9969	-165.444
10.5	0.639999	-0.0758619	31.9999	-3.7931	-0.216909	-0.0562909	-12.9914	-165.452
10.51	0.639804	-0.0758517	31.9902	-3.79259	-0.217054	-0.0562968	-12.9859	-165.46
10.52	0.639609	-0.0758414	31.9805	-3.79207	-0.217199	-0.0563024	-12.9804	-165.468
10.53	0.639414	-0.0758308	31.9707	-3.79154	-0.217343	-0.056308	-12.9749	-165.475
10.54	0.63922	-0.0758201	31.961	-3.791	-0.217488	-0.0563134	-12.9695	-165.483
10.55	0.639025	-0.0758091	31.9512	-3.79046	-0.217633	-0.0563187	-12.964	-165.491
10.56	0.63883	-0.075798	31.9415	-3.7899	-0.217778	-0.0563238	-12.9585	-165.499
10.57	0.638634	-0.0757867	31.9317	-3.78934	-0.217923	-0.0563289	-12.953	-165.507
10.58	0.638439	-0.0757752	31.922	-3.78876	-0.218069	-0.0563337	-12.9476	-165.515
10.59	0.638244	-0.0757635	31.9122	-3.78818	-0.218214	-0.0563385	-12.9421	-165.523
10.6	0.638049	-0.0757517	31.9024	-3.78758	-0.218359	-0.0563431	-12.9366	-165.532
10.61	0.637853	-0.0757396	31.8927	-3.78698	-0.218505	-0.0563476	-12.9312	-165.54
10.62	0.637658	-0.0757273	31.8829	-3.78637	-0.218651	-0.0563519	-12.9257	-165.548
10.63	0.637462	-0.0757149	31.8731	-3.78574	-0.218796	-0.0563561	-12.9202	-165.556
10.64	0.637267	-0.0757022	31.8633	-3.78511	-0.218942	-0.0563602	-12.9148	-165.564
10.65	0.637071	-0.0756894	31.8535	-3.78447	-0.219088	-0.0563641	-12.9093	-165.573
10.66	0.636875	-0.0756764	31.8438	-3.78382	-0.219234	-0.0563679	-12.9038	-165.581
10.67	0.636679	-0.0756632	31.834	-3.78316	-0.21938	-0.0563716	-12.8984	-165.589
10.68	0.636483	-0.0756498	31.8242	-3.78249	-0.219527	-0.0563751	-12.8929	-165.597
10.69	0.636287	-0.0756362	31.8144	-3.78181	-0.219673	-0.0563785	-12.8874	-165.606
10.7	0.636091	-0.0756224	31.8046	-3.78112	-0.21982	-0.0563818	-12.882	-165.614
10.71	0.635895	-0.0756085	31.7948	-3.78042	-0.219966	-0.0563849	-12.8765	-165.623
10.72	0.635699	-0.0755943	31.785	-3.77972	-0.220113	-0.0563879	-12.871	-165.631
10.73	0.635503	-0.07558	31.7751	-3.779	-0.22026	-0.0563907	-12.8656	-165.64
10.74	0.635307	-0.0755654	31.7653	-3.77827	-0.220406	-0.0563934	-12.8601	-165.648
10.75	0.63511	-0.0755507	31.7555	-3.77754	-0.220553	-0.056396	-12.8547	-165.657
10.76	0.634914	-0.0755358	31.7457	-3.77679	-0.2207	-0.0563984	-12.8492	-165.665
10.77	0.634717	-0.0755207	31.7359	-3.77603	-0.220848	-0.0564007	-12.8437	-165.674
10.78	0.634521	-0.0755054	31.726	-3.77527	-0.220995	-0.0564029	-12.8383	-165.682
10.79	0.634324	-0.0754899	31.7162	-3.7745	-0.221142	-0.0564049	-12.8328	-165.691
10.8	0.634127	-0.0754742	31.7064	-3.77371	-0.22129	-0.0564068	-12.8274	-165.7
10.81	0.63393	-0.0754584	31.6965	-3.77292	-0.221437	-0.0564086	-12.8219	-165.709
10.82	0.633733	-0.0754423	31.6867	-3.77212	-0.221585	-0.0564102	-12.8165	-165.717
10.83	0.633536	-0.0754261	31.6768	-3.7713	-0.221733	-0.0564117	-12.811	-165.726
10.84	0.633339	-0.0754097	31.667	-3.77048	-0.221881	-0.056413	-12.8056	-165.735
10.85	0.633142	-0.075393	31.6571	-3.76965	-0.222029	-0.0564142	-12.8001	-165.744
10.86	0.632945	-0.0753762	31.6473	-3.76881	-0.222177	-0.0564153	-12.7947	-165.753
10.87	0.632748	-0.0753592	31.6374	-3.76796	-0.222325	-0.0564162	-12.7892	-165.761
10.88	0.632551	-0.075342	31.6275	-3.7671	-0.222473	-0.056417	-12.7838	-165.77
10.89	0.632353	-0.0753247	31.6177	-3.76623	-0.222621	-0.0564177	-12.7783	-165.779
10.9	0.632156	-0.0753071	31.6078	-3.76535	-0.22277	-0.0564182	-12.7729	-165.788
10.91	0.631959	-0.0752893	31.5979	-3.76447	-0.222919	-0.0564185	-12.7674	-165.797
10.92	0.631761	-0.0752714	31.588	-3.76357	-0.223067	-0.0564188	-12.762	-165.806
10.93	0.631563	-0.0752533	31.5782	-3.76266	-0.223216	-0.0564189	-12.7566	-165.815
10.94	0.631366	-0.0752349	31.5683	-3.76175	-0.223365	-0.0564188	-12.7511	-165.824
10.95	0.631168	-0.0752164	31.5584	-3.76082	-0.223514	-0.0564187	-12.7457	-165.833
10.96	0.63097	-0.0751977	31.5485	-3.75989	-0.223663	-0.0564183	-12.7402	-165.843
10.97	0.630772	-0.0751788	31.5386	-3.75894	-0.223812	-0.0564179	-12.7348	-165.852
10.98	0.630574	-0.0751597	31.5287	-3.75799	-0.223961	-0.0564173	-12.7293	-165.861
10.99	0.630376	-0.0751405	31.5188	-3.75702	-0.224111	-0.0564166	-12.7239	-165.87
11	0.630178	-0.075121	31.5089	-3.75605	-0.22426	-0.0564157	-12.7185	-165.879
11.01	0.62998	-0.0751013	31.499	-3.75507	-0.224409	-0.0564147	-12.713	-165.889
11.02	0.629782	-0.0750815	31.4891	-3.75408	-0.224559	-0.0564135	-12.7076	-165.898
11.03	0.629584	-0.0750615	31.4792	-3.75307	-0.224709	-0.0564122	-12.7022	-165.907
11.04	0.629385	-0.0750413	31.4693	-3.75206	-0.224859	-0.0564108	-12.6967	-165.917
11.05	0.629187	-0.0750208	31.4594	-3.75104	-0.225009	-0.0564092	-12.6913	-165.926
11.06	0.628989	-0.0750003	31.4494	-3.75001	-0.225159	-0.0564075	-12.6859	-165.936
11.07	0.62879	-0.0749795	31.4395	-3.74897	-0.225309	-0.0564057	-12.6804	-165.945
11.08	0.628592	-0.0749585	31.4296	-3.74792	-0.225459	-0.0564037	-12.675	-165.954
11.09	0.628393	-0.0749373	31.4196	-3.74687	-0.225609	-0.0564015	-12.6696	-165.964
11.1	0.628194	-0.074916	31.4097	-3.7458	-0.22576	-0.0563993	-12.6642	-165.973
11.11	0.627995	-0.0748944	31.3998	-3.74472	-0.22591	-0.0563969	-12.6587	-165.983
11.12	0.627797	-0.0748727	31.3898	-3.74363	-0.226061	-0.0563943	-12.6533	-165.993
11.13	0.627598	-0.0748508	31.3799	-3.74254	-0.226211	-0.0563916	-12.6479	-166.002
11.14	0.627399	-0.0748286	31.3699	-3.74143	-0.226362	-0.0563888	-12.6425	-166.012
11.15	0.6272	-0.0748063	31.36	-3.74032	-0.226513	-0.0563858	-12.637	-166.021
11.16	0.627001	-0.0747839	31.35	-3.73919	-0.226664	-0.0563827	-12.6316	-166.031
11.17	0.626802	-0.0747612	31.3401	-3.73806	-0.226815	-0.0563794	-12.6262	-166.041
11.18	0.626603	-0.0747383	31.3301	-3.73692	-0.226966	-0.056376	-12.6208	-166.051
11.19	0.626403	-0.0747152	31.3202	-3.73576	-0.227118	-0.0563725	-12.6153	-166.06
11.2	0.626204	-0.074692	31.3102	-3.7346	-0.227269	-0.0563688	-12.6099	-166.07
11.21	0.626005	-0.0746686	31.3002	-3.73343	-0.22742	-0.056365	-12.6045	-166.08
11.22	0.625805	-0.0746449	31.2903	-3.73225	-0.227572	-0.056361	-12.5991	-166.09
11.23	0.625606	-0.0746211	31.2803	-3.73106	-0.227724	-0.0563569	-12.5937	-166.1
11.24	0.625406	-0.0745971	31.2703	-3.72986	-0.227875	-0.0563527	-12.5883	-166.11
11.25	0.625207	-0.0745729	31.2603	-3.72865	-0.228027	-0.0563483	-12.5828	-166.12
11.26	0.625007	-0.0745485	31.2503	-3.72743	-0.228179	-0.0563437	-12.5774	-166.13
11.27	0.624807	-0.074524	31.2404	-3.7262	-0.228331	-0.0563391	-12.572	-166.14
11.28	0.624608	-0.0744992	31.2304	-3.72496	-0.228483	-0.0563342	-12.5666	-166.15
11.29	0.624408	-0.0744743	31.2204	-3.72371	-0.228635	-0.0563293	-12.5612	-166.16
11.3	0.624208	-0.0744491	31.2104	-3.72246	-0.228788	-0.0563242	-12.5558	-166.17
11.31	0.624008	-0.0744238	31.2004	-3.72119	-0.22894	-0.0563189	-12.5504	-166.18
11.32	0.623808	-0.0743983	31.1904	-3.71991	-0.229093	-0.0563136	-12.545	-166.19
11.33	0.623608	-0.0743726	31.1804	-3.71863	-0.229245	-0.056308	-12.5396	-166.2
11.34	0.623408	-0.0743467	31.1704	-3.71733	-0.229398	-0.0563024	-12.5342	-166.21
11.35	0.623208	-0.0743206	31.1604	-3.71603	-0.229551	-0.0562965	-12.5288	-166.22
11.36	0.623007	-0.0742943	31.1504	-3.71472	-0.229704	-0.0562906	-12.5234	-166.231
11.37	0.622807	-0.0742679	31.1404	-3.71339	-0.229857	-0.0562845	-12.518	-166.241
11.38	0.622607	-0.0742412	31.1303	-3.71206	-0.23001	-0.0562782	-12.5126	-166.251
11.39	0.622406	-0.0742144	31.1203	-3.71072	-0.230163	-0.0562718	-12.5072	-166.261
11.4	0.622206	-0.0741874	31.1103	-3.70937	-0.230316	-0.0562653	-12.5018	-166.272
11.41	0.622005	-0.0741602	31.1003	-3.70801	-0.230469	-0.0562586	-12.4964	-166.282
11.42	0.621805	-0.0741328	31.0902	-3.70664	-0.230623	-0.0562518	-12.491	-166.292
11.43	0.621604	-0.0741052	31.0802	-3.70526	-0.230776	-0.0562448	-12.4856	-166.303
11.44	0.621404	-0.0740774	31.0702	-3.70387	-0.23093	-0.0562377	-12.4802	-166.313
11.45	0.621203	-0.0740494	31.0601	-3.70247	-0.231084	-0.0562305	-12.4748	-166.324
11.46	0.621002	-0.0740213	31.0501	-3.70106	-0.231237	-0.0562231	-12.4694	-166.334
11.47	0.620801	-0.0739929	31.0401	-3.69965	-0.231391	-0.0562155	-12.464	-166.345
11.48	0.6206	-0.0739644	31.03	-3.69822	-0.231545	-0.0562079	-12.4586	-166.355
11.49	0.620399	-0.0739357	31.02	-3.69678	-0.231699	-0.0562	-12.4532	-166.366
11.5	0.620198	-0.0739067	31.0099	-3.69534	-0.231853	-0.0561921	-12.4478	-166.376
11.51	0.619997	-0.0738776	30.9999	-3.69388	-0.232008	-0.0561839	-12.4425	-166.387
11.52	0.619796	-0.0738484	30.9898	-3.69242	-0.232162	-0.0561757	-12.4371	-166.398
11.53	0.619595	-0.0738189	30.9798	-3.69094	-0.232316	-0.0561673	-12.4317	-166.408
11.54	0.619394	-0.0737892	30.9697	-3.68946	-0.232471	-0.0561587	-12.4263	-166.419
11.55	0.619193	-0.0737594	30.9596	-3.68797	-0.232626	-0.05615	-12.4209	-166.43
11.56	0.618991	-0.0737293	30.9496	-3.68647	-0.23278	-0.0561412	-12.4155	-166.441
11.57	0.61879	-0.0736991	30.9395	-3.68495	-0.232935	-0.0561322	-12.4102	-166.451
11.58	0.618589	-0.0736687	30.9294	-3.68343	-0.23309	-0.056123	-12.4048	-166.462
11.59	0.618387	-0.0736381	30.9194	-3.6819	-0.233245	-0.0561138	-12.3994	-166.473
11.6	0.618186	-0.0736073	30.9093	-3.68036	-0.2334	-0.0561043	-12.394	-166.484
11.61	0.617984	-0.0735763	30.8992	-3.67881	-0.233555	-0.0560948	-12.3886	-166.495
11.62	0.617783	-0.0735451	30.8891	-3.67726	-0.23371	-0.056085	-12.3833	-166.506
11.63	0.617581	-0.0735138	30.879	-3.67569	-0.233866	-0.0560752	-12.3779	-166.516
11.64	0.617379	-0.0734822	30.869	-3.67411	-0.234021	-0.0560652	-12.3725	-166.527
11.65	0.617177	-0.0734505	30.8589	-3.67252	-0.234177	-0.056055	-12.3672	-166.538
11.66	0.616976	-0.0734186	30.8488	-3.67093	-0.234332	-0.0560447	-12.3618	-166.549
11.67	0.616774	-0.0733865	30.8387	-3.66932	-0.234488	-0.0560342	-12.3564	-166.56
11.68	0.616572	-0.0733542	30.8286	-3.66771	-0.234644	-0.0560237	-12.351	-166.571
11.69	0.61637	-0.0733217	30.8185	-3.66608	-0.2348	-0.0560129	-12.3457	-166.583
11.7	0.616168	-0.073289	30.8084	-3.66445	-0.234956	-0.056002	-12.3403	-166.594
11.71	0.615966	-0.0732561	30.7983	-3.66281	-0.235112	-0.055991	-12.3349	-166.605
11.72	0.615764	-0.0732231	30.7882	-3.66115	-0.235268	-0.0559798	-12.3296	-166.616
11.73	0.615562	-0.0731899	30.7781	-3.65949	-0.235424	-0.0559685	-12.3242	-166.627
11.74	0.615359	-0.0731564	30.768	-3.65782	-0.23558	-0.055957	-12.3189	-166.638
11.75	0.615157	-0.0731228	30.7579	-3.65614	-0.235737	-0.0559454	-12.3135	-166.649
11.76	0.614955	-0.073089	30.7477	-3.65445	-0.235893	-0.0559336	-12.3081	-166.661
11.77	0.614753	-0.073055	30.7376	-3.65275	-0.23605	-0.0559217	-12.3028	-166.672
11.78	0.61455	-0.0730209	30.7275	-3.65104	-0.236207	-0.0559096	-12.2974	-166.683
11.79	0.614348	-0.0729865	30.7174	-3.64932	-0.236363	-0.0558974	-12.2921	-166.695
11.8	0.614145	-0.0729519	30.7073	-3.6476	-0.23652	-0.055885	-12.2867	-166.706
11.81	0.613943	-0.0729172	30.6971	-3.64586	-0.236677	-0.0558725	-12.2813	-166.717
11.82	0.61374	-0.0728823	30.687	-3.64411	-0.236834	-0.0558599	-12.276	-166.729
11.83	0.613537	-0.0728472	30.6769	-3.64236	-0.236991	-0.055847	-12.2706	-166.74
11.84	0.613335	-0.0728119	30.6667	-3.64059	-0.237148	-0.0558341	-12.2653	-166.752
11.85	0.613132	-0.0727764	30.6566	-3.63882	-0.237306	-0.055821	-12.2599	-166.763
11.86	0.612929	-0.0727407	30.6465	-3.63704	-0.237463	-0.0558077	-12.2546	-166.775
11.87	0.612727	-0.0727048	30.6363	-3.63524	-0.237621	-0.0557943	-12.2492	-166.786
11.88	0.612524	-0.0726688	30.6262	-3.63344	-0.237778	-0.0557808	-12.2439	-166.798
11.89	0.612321	-0.0726326	30.616	-3.63163	-0.237936	-0.0557671	-12.2386	-166.809
11.9	0.612118	-0.0725961	30.6059	-3.62981	-0.238093	-0.0557532	-12.2332	-166.821
11.91	0.611915	-0.0725595	30.5957	-3.62798	-0.238251	-0.0557392	-12.2279	-166.832
11.92	0.611712	-0.0725227	30.5856	-3.62614	-0.238409	-0.0557251	-12.2225	-166.844
11.93	0.611509	-0.0724857	30.5754	-3.62429	-0.238567	-0.0557108	-12.2172	-166.856
11.94	0.611306	-0.0724486	30.5653	-3.62243	-0.238725	-0.0556964	-12.2118	-166.867
11.95	0.611102	-0.0724112	30.5551	-3.62056	-0.238883	-0.0556818	-12.2065	-166.879
11.96	0.610899	-0.0723737	30.545	-3.61868	-0.239042	-0.055667	-12.2012	-166.891
11.97	0.610696	-0.0723359	30.5348	-3.6168	-0.2392	-0.0556521	-12.1958	-166.903
11.98	0.610493	-0.072298	30.5246	-3.6149	-0.239358	-0.0556371	-12.1905	-166.914
11.99	0.610289	-0.0722599	30.5145	-3.61299	-0.239517	-0.0556219	-12.1852	-166.926
12	0.610086	-0.0722216	30.5043	-3.61108	-0.239675	-0.0556066	-12.1798	-166.938
12.01	0.609883	-0.0721831	30.4941	-3.60916	-0.239834	-0.0555911	-12.1745	-166.95
12.02	0.609679	-0.0721445	30.484	-3.60722	-0.239993	-0.0555754	-12.1692	-166.962
12.03	0.609476	-0.0721056	30.4738	-3.60528	-0.240152	-0.0555596	-12.1638	-166.974
12.04	0.609272	-0.0720666	30.4636	-3.60333	-0.240311	-0.0555437	-12.1585	-166.986
12.05	0.609068	-0.0720273	30.4534	-3.60137	-0.24047	-0.0555276	-12.1532	-166.998
12.06	0.608865	-0.0719879	30.4432	-3.5994	-0.240629	-0.0555114	-12.1479	-167.01
12.07	0.608661	-0.0719483	30.4331	-3.59742	-0.240788	-0.055495	-12.1425	-167.022
12.08	0.608457	-0.0719085	30.4229	-3.59543	-0.240947	-0.0554784	-12.1372	-167.034
12.09	0.608254	-0.0718686	30.4127	-3.59343	-0.241107	-0.0554617	-12.1319	-167.046
12.1	0.60805	-0.0718284	30.4025	-3.59142	-0.241266	-0.0554449	-12.1266	-167.058
12.11	0.607846	-0.0717881	30.3923	-3.5894	-0.241425	-0.0554279	-12.1213	-167.07
12.12	0.607642	-0.0717475	30.3821	-3.58738	-0.241585	-0.0554108	-12.1159	-167.082
12.13	0.607438	-0.0717068	30.3719	-3.58534	-0.241745	-0.0553935	-12.1106	-167.094
12.14	0.607234	-0.0716659	30.3617	-3.58329	-0.241905	-0.055376	-12.1053	-167.106
12.15	0.60703	-0.0716248	30.3515	-3.58124	-0.242064	-0.0553584	-12.1	-167.118
12.16	0.606826	-0.0715835	30.3413	-3.57918	-0.242224	-0.0553407	-12.0947	-167.131
12.17	0.606622	-0.0715421	30.3311	-3.5771	-0.242384	-0.0553227	-12.0894	-167.143
12.18	0.606418	-0.0715004	30.3209	-3.57502	-0.242544	-0.0553047	-12.084	-167.155
12.19	0.606214	-0.0714586	30.3107	-3.57293	-0.242705	-0.0552865	-12.0787	-167.167
12.2	0.60601	-0.0714166	30.3005	-3.57083	-0.242865	-0.0552681	-12.0734	-167.18
12.21	0.605805	-0.0713744	30.2903	-3.56872	-0.243025	-0.0552496	-12.0681	-167.192
12.22	0.605601	-0.071332	30.2801	-3.5666	-0.243186	-0.055231	-12.0628	-167.204
12.23	0.605397	-0.0712894	30.2698	-3.56447	-0.243346	-0.0552121	-12.0575	-167.217
12.24	0.605192	-0.0712466	30.2596	-3.56233	-0.243507	-0.0551932	-12.0522	-167.229
12.25	0.604988	-0.0712037	30.2494	-3.56018	-0.243668	-0.055174	-12.0469	-167.242
12.26	0.604784	-0.0711605	30.2392	-3.55803	-0.243828	-0.0551548	-12.0416	-167.254
12.27	0.604579	-0.0711172	30.229	-3.55586	-0.243989	-0.0551354	-12.0363	-167.266
12.28	0.604375	-0.0710737	30.2187	-3.55368	-0.24415	-0.0551158	-12.031	-167.279
12.29	0.60417	-0.07103	30.2085	-3.5515	-0.244311	-0.055096	-12.0257	-167.291
12.3	0.603965	-0.0709861	30.1983	-3.54931	-0.244472	-0.0550762	-12.0204	-167.304
12.31	0.603761	-0.0709421	30.188	-3.5471	-0.244633	-0.0550561	-12.0151	-167.317
12.32	0.603556	-0.0708978	30.1778	-3.54489	-0.244795	-0.0550359	-12.0098	-167.329
12.33	0.603351	-0.0708534	30.1676	-3.54267	-0.244956	-0.0550156	-12.0045	-167.342
12.34	0.603147	-0.0708088	30.1573	-3.54044	-0.245117	-0.0549951	-11.9992	-167.354
12.35	0.602942	-0.0707639	30.1471	-3.5382	-0.245279	-0.0549744	-11.9939	-167.367
12.36	0.602737	-0.070719	30.1369	-3.53595	-0.24544	-0.0549536	-11.9886	-167.38
12.37	0.602532	-0.0706738	30.1266	-3.53369	-0.245602	-0.0549327	-11.9834	-167.392
12.38	0.602328	-0.0706284	30.1164	-3.53142	-0.245764	-0.0549116	-11.9781	-167.405
12.39	0.602123	-0.0705829	30.1061	-3.52914	-0.245926	-0.0548903	-11.9728	-167.418
12.4	0.601918	-0.0705371	30.0959	-3.52686	-0.246088	-0.0548689	-11.9675	-167.431
12.41	0.601713	-0.0704912	30.0856	-3.52456	-0.24625	-0.0548473	-11.9622	-167.443
12.42	0.601508	-0.0704451	30.0754	-3.52226	-0.246412	-0.0548256	-11.9569	-167.456
12.43	0.601303	-0.0703988	30.0651	-3.51994	-0.246574	-0.0548037	-11.9517	-167.469
12.44	0.601098	-0.0703524	30.0549	-3.51762	-0.246736	-0.0547817	-11.9464	-167.482
12.45	0.600892	-0.0703057	30.0446	-3.51529	-0.246898	-0.0547595	-11.9411	-167.495
12.46	0.600687	-0.0702589	30.0344	-3.51294	-0.247061	-0.0547372	-11.9358	-167.508
12.47	0.600482	-0.0702118	30.0241	-3.51059	-0.247223	-0.0547147	-11.9305	-167.521
12.48	0.600277	-0.0701646	30.0138	-3.50823	-0.247386	-0.054692	-11.9253	-167.534
12.49	0.600072	-0.0701172	30.0036	-3.50586	-0.247548	-0.0546692	-11.92	-167.547
12.5	0.599866	-0.0700696	29.9933	-3.50348	-0.247711	-0.0546462	-11.9147	-167.56
12.51	0.599661	-0.0700219	29.9831	-3.50109	-0.247874	-0.0546231	-11.9094	-167.573
12.52	0.599456	-0.0699739	29.9728	-3.4987	-0.248037	-0.0545998	-11.9042	-167.586
12.53	0.59925	-0.0699258	29.9625	-3.49629	-0.2482	-0.0545764	-11.8989	-167.599
12.54	0.599045	-0.0698775	29.9522	-3.49387	-0.248363	-0.0545528	-11.8936	-167.612
12.55	0.59884	-0.069829	29.942	-3.49145	-0.248526	-0.0545291	-11.8884	-167.625
12.56	0.598634	-0.0697803	29.9317	-3.48901	-0.248689	-0.0545052	-11.8831	-167.638
12.57	0.598429	-0.0697314	29.9214	-3.48657	-0.248852	-0.0544812	-11.8778	-167.651
12.58	0.598223	-0.0696824	29.9112	-3.48412	-0.249015	-0.054457	-11.8726	-167.664
12.59	0.598017	-0.0696331	29.9009	-3.48166	-0.249179	-0.0544326	-11.8673	-167.677
12.6	0.597812	-0.0695837	29.8906	-3.47919	-0.249342	-0.0544081	-11.8621	-167.691
12.61	0.597606	-0.0695341	29.8803	-3.4767	-0.249506	-0.0543834	-11.8568	-167.704
12.62	0.597401	-0.0694843	29.87	-3.47422	-0.24967	-0.0543586	-11.8515	-167.717
12.63	0.597195	-0.0694343	29.8597	-3.47172	-0.249833	-0.0543336	-11.8463	-167.73
12.64	0.596989	-0.0693842	29.8495	-3.46921	-0.249997	-0.0543085	-11.841	-167.744
12.65	0.596783	-0.0693338	29.8392	-3.46669	-0.250161	-0.0542832	-11.8358	-167.757
12.66	0.596578	-0.0692833	29.8289	-3.46417	-0.250325	-0.0542577	-11.8305	-167.77
12.67	0.596372	-0.0692326	29.8186	-3.46163	-0.250489	-0.0542321	-11.8253	-167.784
12.68	0.596166	-0.0691817	29.8083	-3.45908	-0.250653	-0.0542063	-11.82	-167.797
12.69	0.59596	-0.0691306	29.798	-3.45653	-0.250817	-0.0541804	-11.8148	-167.811
12.7	0.595754	-0.0690794	29.7877	-3.45397	-0.250982	-0.0541543	-11.8095	-167.824
12.71	0.595548	-0.0690279	29.7774	-3.4514	-0.251146	-0.0541281	-11.8043	-167.837
12.72	0.595342	-0.0689763	29.7671	-3.44881	-0.25131	-0.0541017	-11.799	-167.851
12.73	0.595136	-0.0689245	29.7568	-3.44622	-0.251475	-0.0540752	-11.7938	-167.864
12.74	0.59493	-0.0688725	29.7465	-3.44362	-0.251639	-0.0540484	-11.7886	-167.878
12.75	0.594724	-0.0688203	29.7362	-3.44101	-0.251804	-0.0540216	-11.7833	-167.891
12.76	0.594518	-0.0687679	29.7259	-3.4384	-0.251969	-0.0539946	-11.7781	-167.905
12.77	0.594312	-0.0687154	29.7156	-3.43577	-0.252133	-0.0539674	-11.7728	-167.919
12.78	0.594106	-0.0686627	29.7053	-3.43313	-0.252298	-0.05394	-11.7676	-167.932
12.79	0.5939	-0.0686098	29.695	-3.43049	-0.252463	-0.0539125	-11.7624	-167.946
12.8	0.593694	-0.0685567	29.6847	-3.42783	-0.252628	-0.0538849	-11.7571	-167.959
12.81	0.593487	-0.0685034	29.6744	-3.42517	-0.252793	-0.0538571	-11.7519	-167.973
12.82	0.593281	-0.0684499	29.6641	-3.4225	-0.252959	-0.0538291	-11.7467	-167.987
12.83	0.593075	-0.0683963	29.6537	-3.41981	-0.253124	-0.053801	-11.7414	-168
12.84	0.592869	-0.0683425	29.6434	-3.41712	-0.253289	-0.0537727	-11.7362	-168.014
12.85	0.592662	-0.0682884	29.6331	-3.41442	-0.253455	-0.0537443	-11.731	-168.028
12.86	0.592456	-0.0682343	29.6228	-3.41171	-0.25362	-0.0537157	-11.7258	-168.042
12.87	0.59225	-0.0681799	29.6125	-3.40899	-0.253786	-0.0536869	-11.7205	-168.055
12.88	0.592043	-0.0681253	29.6022	-3.40627	-0.253951	-0.053658	-11.7153	-168.069
12.89	0.591837	-0.0680706	29.5918	-3.40353	-0.254117	-0.0536289	-11.7101	-168.083
12.9	0.59163	-0.0680157	29.5815	-3.40078	-0.254283	-0.0535997	-11.7049	-168.097
12.91	0.591424	-0.0679606	29.5712	-3.39803	-0.254448	-0.0535703	-11.6996	-168.111
12.92	0.591217	-0.0679053	29.5609	-3.39526	-0.254614	-0.0535407	-11.6944	-168.125
12.93	0.591011	-0.0678498	29.5505	-3.39249	-0.25478	-0.053511	-11.6892	-168.139
12.94	0.590804	-0.0677942	29.5402	-3.38971	-0.254946	-0.0534811	-11.684	-168.153
12.95	0.590598	-0.0677383	29.5299	-3.38692	-0.255113	-0.0534511	-11.6788	-168.167
12.96	0.590391	-0.0676823	29.5196	-3.38412	-0.255279	-0.0534209	-11.6736	-168.181
12.97	0.590185	-0.0676261	29.5092	-3.38131	-0.255445	-0.0533906	-11.6684	-168.195
12.98	0.589978	-0.0675697	29.4989	-3.37849	-0.255611	-0.0533601	-11.6631	-168.209
12.99	0.589771	-0.0675132	29.4886	-3.37566	-0.255778	-0.0533294	-11.6579	-168.223
13	0.589565	-0.0674564	29.4782	-3.37282	-0.255944	-0.0532986	-11.6527	-168.237
13.01	0.589358	-0.0673995	29.4679	-3.36998	-0.256111	-0.0532676	-11.6475	-168.251
13.02	0.589151	-0.0673424	29.4576	-3.36712	-0.256278	-0.0532364	-11.6423	-168.265
13.03	0.588944	-0.0672851	29.4472	-3.36426	-0.256444	-0.0532051	-11.6371	-168.279
13.04	0.588738	-0.0672276	29.4369	-3.36138	-0.256611	-0.0531737	-11.6319	-168.293
13.05	0.588531	-0.06717	29.4265	-3.3585	-0.256778	-0.053142	-11.6267	-168.307
13.06	0.588324	-0.0671122	29.4162	-3.35561	-0.256945	-0.0531103	-11.6215	-168.321
13.07	0.588117	-0.0670542	29.4059	-3.35271	-0.257112	-0.0530783	-11.6163	-168.336
13.08	0.58791	-0.066996	29.3955	-3.3498	-0.257279	-0.0530462	-11.6111	-168.35
13.09	0.587703	-0.0669376	29.3852	-3.34688	-0.257446	-0.0530139	-11.6059	-168.364
13.1	0.587496	-0.066879	29.3748	-3.34395	-0.257613	-0.0529815	-11.6007	-168.378
13.11	0.58729	-0.0668203	29.3645	-3.34101	-0.257781	-0.0529489	-11.5955	-168.393
13.12	0.587083	-0.0667614	29.3541	-3.33807	-0.257948	-0.0529162	-11.5903	-168.407
13.13	0.586876	-0.0667023	29.3438	-3.33511	-0.258115	-0.0528833	-11.5851	-168.421
13.14	0.586669	-0.066643	29.3334	-3.33215	-0.258283	-0.0528502	-11.58	-168.436
13.15	0.586462	-0.0665835	29.3231	-3.32918	-0.25845	-0.0528169	-11.5748	-168.45
13.16	0.586255	-0.0665239	29.3127	-3.32619	-0.258618	-0.0527836	-11.5696	-168.464
13.17	0.586047	-0.0664641	29.3024	-3.3232	-0.258786	-0.05275	-11.5644	-168.479
13.18	0.58584	-0.066404	29.292	-3.3202	-0.258954	-0.0527163	-11.5592	-168.493
13.19	0.585633	-0.0663439	29.2817	-3.31719	-0.259121	-0.0526824	-11.554	-168.508
13.2	0.585426	-0.0662835	29.2713	-3.31417	-0.259289	-0.0526484	-11.5488	-168.522
13.21	0.585219	-0.0662229	29.261	-3.31115	-0.259457	-0.0526142	-11.5437	-168.537
13.22	0.585012	-0.0661622	29.2506	-3.30811	-0.259625	-0.0525798	-11.5385	-168.551
13.23	0.584805	-0.0661013	29.2402	-3.30507	-0.259794	-0.0525453	-11.5333	-168.566
13.24	0.584597	-0.0660402	29.2299	-3.30201	-0.259962	-0.0525106	-11.5281	-168.58
13.25	0.58439	-0.065979	29.2195	-3.29895	-0.26013	-0.0524757	-11.523	-168.595
13.26	0.584183	-0.0659175	29.2092	-3.29588	-0.260298	-0.0524407	-11.5178	-168.609
13.27	0.583976	-0.0658559	29.1988	-3.29279	-0.260467	-0.0524056	-11.5126	-168.624
13.28	0.583768	-0.0657941	29.1884	-3.2897	-0.260635	-0.0523702	-11.5074	-168.639
13.29	0.583561	-0.0657321	29.1781	-3.2866	-0.260804	-0.0523347	-11.5023	-168.653
13.3	0.583354	-0.0656699	29.1677	-3.2835	-0.260972	-0.0522991	-11.4971	-168.668
13.31	0.583147	-0.0656076	29.1573	-3.28038	-0.261141	-0.0522633	-11.4919	-168.683
13.32	0.582939	-0.065545	29.147	-3.27725	-0.26131	-0.0522273	-11.4868	-168.697
13.33	0.582732	-0.0654823	29.1366	-3.27412	-0.261479	-0.0521911	-11.4816	-168.712
13.34	0.582524	-0.0654194	29.1262	-3.27097	-0.261648	-0.0521548	-11.4764	-168.727
13.35	0.582317	-0.0653564	29.1159	-3.26782	-0.261816	-0.0521183	-11.4713	-168.742
13.36	0.58211	-0.0652931	29.1055	-3.26466	-0.261986	-0.0520817	-11.4661	-168.756
13.37	0.581902	-0.0652297	29.0951	-3.26148	-0.262155	-0.0520449	-11.461	-168.771
13.38	0.581695	-0.0651661	29.0847	-3.2583	-0.262324	-0.052008	-11.4558	-168.786
13.39	0.581487	-0.0651023	29.0744	-3.25512	-0.262493	-0.0519708	-11.4507	-168.801
13.4	0.58128	-0.0650383	29.064	-3.25192	-0.262662	-0.0519335	-11.4455	-168.816
13.41	0.581072	-0.0649742	29.0536	-3.24871	-0.262832	-0.0518961	-11.4403	-168.831
13.42	0.580865	-0.0649099	29.0432	-3.24549	-0.263001	-0.0518585	-11.4352	-168.846
13.43	0.580657	-0.0648454	29.0329	-3.24227	-0.263171	-0.0518207	-11.43	-168.86
13.44	0.58045	-0.0647807	29.0225	-3.23903	-0.26334	-0.0517828	-11.4249	-168.875
13.45	0.580242	-0.0647158	29.0121	-3.23579	-0.26351	-0.0517447	-11.4198	-168.89
13.46	0.580035	-0.0646508	29.0017	-3.23254	-0.263679	-0.0517064	-11.4146	-168.905
13.47	0.579827	-0.0645856	28.9913	-3.22928	-0.263849	-0.0516679	-11.4095	-168.92
13.48	0.579619	-0.0645202	28.981	-3.22601	-0.264019	-0.0516294	-11.4043	-168.935
13.49	0.579412	-0.0644546	28.9706	-3.22273	-0.264189	-0.0515906	-11.3992	-168.95
13.5	0.579204	-0.0643888	28.9602	-3.21944	-0.264359	-0.0515517	-11.394	-168.965
13.51	0.578996	-0.0643229	28.9498	-3.21615	-0.264529	-0.0515126	-11.3889	-168.981
13.52	0.578789	-0.0642568	28.9394	-3.21284	-0.264699	-0.0514733	-11.3838	-168.996
13.53	0.578581	-0.0641905	28.9291	-3.20953	-0.264869	-0.0514339	-11.3786	-169.011
13.54	0.578373	-0.064124	28.9187	-3.2062	-0.265039	-0.0513943	-11.3735	-169.026
13.55	0.578166	-0.0640574	28.9083	-3.20287	-0.26521	-0.0513546	-11.3684	-169.041
13.56	0.577958	-0.0639906	28.8979	-3.19953	-0.26538	-0.0513147	-11.3632	-169.056
13.57	0.57775	-0.0639236	28.8875	-3.19618	-0.26555	-0.0512746	-11.3581	-169.071
13.58	0.577542	-0.0638564	28.8771	-3.19282	-0.265721	-0.0512343	-11.353	-169.087
13.59	0.577335	-0.063789	28.8667	-3.18945	-0.265891	-0.0511939	-11.3478	-169.102
13.6	0.577127	-0.0637215	28.8563	-3.18607	-0.266062	-0.0511534	-11.3427	-169.117
13.61	0.576919	-0.0636538	28.846	-3.18269	-0.266233	-0.0511126	-11.3376	-169.132
13.62	0.576711	-0.0635859	28.8356	-3.17929	-0.266403	-0.0510717	-11.3325	-169.148
13.63	0.576504	-0.0635178	28.8252	-3.17589	-0.266574	-0.0510307	-11.3273	-169.163
13.64	0.576296	-0.0634496	28.8148	-3.17248	-0.266745	-0.0509894	-11.3222	-169.178
13.65	0.576088	-0.0633811	28.8044	-3.16906	-0.266916	-0.050948	-11.3171	-169.194
13.66	0.57588	-0.0633125	28.794	-3.16563	-0.267087	-0.0509065	-11.312	-169.209
13.67	0.575672	-0.0632438	28.7836	-3.16219	-0.267258	-0.0508647	-11.3069	-169.224
13.68	0.575464	-0.0631748	28.7732	-3.15874	-0.267429	-0.0508228	-11.3017	-169.24
13.69	0.575256	-0.0631057	28.7628	-3.15528	-0.2676	-0.0507808	-11.2966	-169.255
13.7	0.575048	-0.0630364	28.7524	-3.15182	-0.267772	-0.0507386	-11.2915	-169.271
13.71	0.574841	-0.0629669	28.742	-3.14834	-0.267943	-0.0506962	-11.2864	-169.286
13.72	0.574633	-0.0628972	28.7316	-3.14486	-0.268114	-0.0506536	-11.2813	-169.301
13.73	0.574425	-0.0628274	28.7212	-3.14137	-0.268286	-0.0506109	-11.2762	-169.317
13.74	0.574217	-0.0627573	28.7108	-3.13787	-0.268457	-0.050568	-11.2711	-169.332
13.75	0.574009	-0.0626871	28.7004	-3.13436	-0.268629	-0.0505249	-11.266	-169.348
13.76	0.573801	-0.0626168	28.69	-3.13084	-0.2688	-0.0504817	-11.2609	-169.364
13.77	0.573593	-0.0625462	28.6796	-3.12731	-0.268972	-0.0504383	-11.2558	-169.379
13.78	0.573385	-0.0624755	28.6692	-3.12377	-0.269144	-0.0503948	-11.2507	-169.395
13.79	0.573177	-0.0624046	28.6588	-3.12023	-0.269316	-0.050351	-11.2456	-169.41
13.8	0.572969	-0.0623335	28.6484	-3.11667	-0.269487	-0.0503072	-11.2405	-169.426
13.81	0.572761	-0.0622622	28.638	-3.11311	-0.269659	-0.0502631	-11.2354	-169.442
13.82	0.572553	-0.0621908	28.6276	-3.10954	-0.269831	-0.0502189	-11.2303	-169.457
13.83	0.572345	-0.0621192	28.6172	-3.10596	-0.270003	-0.0501745	-11.2252	-169.473
13.84	0.572137	-0.0620474	28.6068	-3.10237	-0.270175	-0.0501299	-11.2201	-169.489
13.85	0.571929	-0.0619755	28.5964	-3.09877	-0.270348	-0.0500852	-11.215	-169.504
13.86	0.571721	-0.0619033	28.586	-3.09517	-0.27052	-0.0500403	-11.2099	-169.52
13.87	0.571513	-0.061831	28.5756	-3.09155	-0.270692	-0.0499952	-11.2048	-169.536
13.88	0.571305	-0.0617585	28.5652	-3.08793	-0.270864	-0.04995	-11.1997	-169.551
13.89	0.571097	-0.0616858	28.5548	-3.08429	-0.271037	-0.0499046	-11.1946	-169.567
13.9	0.570888	-0.061613	28.5444	-3.08065	-0.271209	-0.0498591	-11.1896	-169.583
13.91	0.57068	-0.06154	28.534	-3.077	-0.271382	-0.0498133	-11.1845	-169.599
13.92	0.570472	-0.0614668	28.5236	-3.07334	-0.271554	-0.0497674	-11.1794	-169.615
13.93	0.570264	-0.0613934	28.5132	-3.06967	-0.271727	-0.0497214	-11.1743	-169.631
13.94	0.570056	-0.0613199	28.5028	-3.06599	-0.2719	-0.0496751	-11.1692	-169.646
13.95	0.569848	-0.0612462	28.4924	-3.06231	-0.272073	-0.0496287	-11.1642	-169.662
13.96	0.56964	-0.0611723	28.482	-3.05861	-0.272245	-0.0495822	-11.1591	-169.678
13.97	0.569432	-0.0610982	28.4716	-3.05491	-0.272418	-0.0495354	-11.154	-169.694
13.98	0.569223	-0.061024	28.4612	-3.0512	-0.272591	-0.0494885	-11.1489	-169.71
13.99	0.569015	-0.0609495	28.4508	-3.04748	-0.272764	-0.0494415	-11.1439	-169.726
14	0.568807	-0.0608749	28.4404	-3.04375	-0.272937	-0.0493942	-11.1388	-169.742
14.01	0.568599	-0.0608002	28.43	-3.04001	-0.27311	-0.0493468	-11.1337	-169.758
14.02	0.568391	-0.0607252	28.4195	-3.03626	-0.273284	-0.0492992	-11.1286	-169.774
14.03	0.568183	-0.0606501	28.4091	-3.03251	-0.273457	-0.0492515	-11.1236	-169.79
14.04	0.567974	-0.0605748	28.3987	-3.02874	-0.27363	-0.0492036	-11.1185	-169.806
14.05	0.567766	-0.0604994	28.3883	-3.02497	-0.273803	-0.0491555	-11.1135	-169.822
14.06	0.567558	-0.0604237	28.3779	-3.02119	-0.273977	-0.0491072	-11.1084	-169.838
14.07	0.56735	-0.0603479	28.3675	-3.01739	-0.27415	-0.0490588	-11.1033	-169.854
14.08	0.567142	-0.0602719	28.3571	-3.0136	-0.274324	-0.0490102	-11.0983	-169.871
14.09	0.566934	-0.0601957	28.3467	-3.00979	-0.274497	-0.0489614	-11.0932	-169.887
14.1	0.566725	-0.0601194	28.3363	-3.00597	-0.274671	-0.0489125	-11.0882	-169.903
14.11	0.566517	-0.0600429	28.3259	-3.00214	-0.274845	-0.0488634	-11.0831	-169.919
14.12	0.566309	-0.0599662	28.3154	-2.99831	-0.275019	-0.0488141	-11.0781	-169.935
14.13	0.566101	-0.0598893	28.305	-2.99447	-0.275192	-0.0487647	-11.073	-169.951
14.14	0.565892	-0.0598123	28.2946	-2.99061	-0.275366	-0.0487151	-11.0679	-169.968
14.15	0.565684	-0.0597351	28.2842	-2.98675	-0.27554	-0.0486653	-11.0629	-169.984
14.16	0.565476	-0.0596577	28.2738	-2.98289	-0.275714	-0.0486154	-11.0579	-170
14.17	0.565268	-0.0595801	28.2634	-2.97901	-0.275888	-0.0485652	-11.0528	-170.016
14.18	0.565059	-0.0595024	28.253	-2.97512	-0.276062	-0.048515	-11.0478	-170.033
14.19	0.564851	-0.0594245	28.2426	-2.97123	-0.276236	-0.0484645	-11.0427	-170.049
14.2	0.564643	-0.0593464	28.2321	-2.96732	-0.276411	-0.0484139	-11.0377	-170.065
14.21	0.564435	-0.0592682	28.2217	-2.96341	-0.276585	-0.0483631	-11.0326	-170.082
14.22	0.564226	-0.0591898	28.2113	-2.95949	-0.276759	-0.0483121	-11.0276	-170.098
14.23	0.564018	-0.0591112	28.2009	-2.95556	-0.276933	-0.048261	-11.0226	-170.114
14.24	0.56381	-0.0590324	28.1905	-2.95162	-0.277108	-0.0482097	-11.0175	-170.131
14.25	0.563602	-0.0589535	28.1801	-2.94767	-0.277282	-0.0481582	-11.0125	-170.147
14.26	0.563393	-0.0588743	28.1697	-2.94372	-0.277457	-0.0481065	-11.0075	-170.164
14.27	0.563185	-0.058795	28.1593	-2.93975	-0.277631	-0.0480547	-11.0024	-170.18
14.28	0.562977	-0.0587156	28.1488	-2.93578	-0.277806	-0.0480027	-10.9974	-170.197
14.29	0.562769	-0.0586359	28.1384	-2.9318	-0.277981	-0.0479506	-10.9924	-170.213
14.3	0.56256	-0.0585561	28.128	-2.92781	-0.278156	-0.0478982	-10.9873	-170.23
14.31	0.562352	-0.0584762	28.1176	-2.92381	-0.27833	-0.0478457	-10.9823	-170.246
14.32	0.562144	-0.058396	28.1072	-2.9198	-0.278505	-0.047793	-10.9773	-170.263
14.33	0.561936	-0.0583157	28.0968	-2.91578	-0.27868	-0.0477402	-10.9723	-170.279
14.34	0.561727	-0.0582352	28.0864	-2.91176	-0.278855	-0.0476872	-10.9672	-170.296
14.35	0.561519	-0.0581545	28.076	-2.90773	-0.27903	-0.047634	-10.9622	-170.312
14.36	0.561311	-0.0580737	28.0655	-2.90368	-0.279205	-0.0475806	-10.9572	-170.329
14.37	0.561102	-0.0579927	28.0551	-2.89963	-0.27938	-0.0475271	-10.9522	-170.345
14.38	0.560894	-0.0579115	28.0447	-2.89557	-0.279555	-0.0474734	-10.9472	-170.362
14.39	0.560686	-0.0578301	28.0343	-2.89151	-0.279731	-0.0474195	-10.9422	-170.379
14.4	0.560478	-0.0577486	28.0239	-2.88743	-0.279906	-0.0473655	-10.9371	-170.395
14.41	0.560269	-0.0576669	28.0135	-2.88334	-0.280081	-0.0473113	-10.9321	-170.412
14.42	0.560061	-0.057585	28.0031	-2.87925	-0.280257	-0.0472569	-10.9271	-170.429
14.43	0.559853	-0.057503	27.9926	-2.87515	-0.280432	-0.0472023	-10.9221	-170.446
14.44	0.559645	-0.0574208	27.9822	-2.87104	-0.280608	-0.0471476	-10.9171	-170.462
14.45	0.559436	-0.0573384	27.9718	-2.86692	-0.280783	-0.0470927	-10.9121	-170.479
14.46	0.559228	-0.0572558	27.9614	-2.86279	-0.280959	-0.0470376	-10.9071	-170.496
14.47	0.55902	-0.0571731	27.951	-2.85865	-0.281134	-0.0469823	-10.9021	-170.513
14.48	0.558812	-0.0570902	27.9406	-2.85451	-0.28131	-0.0469269	-10.8971	-170.529
14.49	0.558603	-0.0570071	27.9302	-2.85036	-0.281486	-0.0468713	-10.8921	-170.546
14.5	0.558395	-0.0569239	27.9198	-2.84619	-0.281662	-0.0468156	-10.8871	-170.563
14.51	0.558187	-0.0568405	27.9093	-2.84202	-0.281837	-0.0467596	-10.8821	-170.58
14.52	0.557978	-0.0567569	27.8989	-2.83784	-0.282013	-0.0467035	-10.8771	-170.597
14.53	0.55777	-0.0566731	27.8885	-2.83366	-0.282189	-0.0466472	-10.8721	-170.614
14.54	0.557562	-0.0565892	27.8781	-2.82946	-0.282365	-0.0465908	-10.8671	-170.631
14.55	0.557354	-0.0565051	27.8677	-2.82526	-0.282541	-0.0465342	-10.8621	-170.647
14.56	0.557145	-0.0564208	27.8573	-2.82104	-0.282717	-0.0464773	-10.8571	-170.664
14.57	0.556937	-0.0563364	27.8469	-2.81682	-0.282894	-0.0464204	-10.8521	-170.681
14.58	0.556729	-0.0562518	27.8364	-2.81259	-0.28307	-0.0463632	-10.8472	-170.698
14.59	0.556521	-0.056167	27.826	-2.80835	-0.283246	-0.0463059	-10.8422	-170.715
14.6	0.556313	-0.0560821	27.8156	-2.8041	-0.283422	-0.0462484	-10.8372	-170.732
14.61	0.556104	-0.055997	27.8052	-2.79985	-0.283599	-0.0461907	-10.8322	-170.749
14.62	0.555896	-0.0559117	27.7948	-2.79558	-0.283775	-0.0461329	-10.8272	-170.766
14.63	0.555688	-0.0558262	27.7844	-2.79131	-0.283952	-0.0460749	-10.8222	-170.783
14.64	0.55548	-0.0557406	27.774	-2.78703	-0.284128	-0.0460167	-10.8173	-170.8
14.65	0.555271	-0.0556548	27.7636	-2.78274	-0.284305	-0.0459583	-10.8123	-170.817
14.66	0.555063	-0.0555688	27.7532	-2.77844	-0.284481	-0.0458998	-10.8073	-170.835
14.67	0.554855	-0.0554827	27.7427	-2.77413	-0.284658	-0.0458411	-10.8023	-170.852
14.68	0.554647	-0.0553964	27.7323	-2.76982	-0.284835	-0.0457822	-10.7974	-170.869
14.69	0.554439	-0.0553099	27.7219	-2.7655	-0.285011	-0.0457232	-10.7924	-170.886
14.7	0.55423	-0.0552233	27.7115	-2.76116	-0.285188	-0.0456639	-10.7874	-170.903
14.71	0.554022	-0.0551364	27.7011	-2.75682	-0.285365	-0.0456045	-10.7825	-170.92
14.72	0.553814	-0.0550495	27.6907	-2.75247	-0.285542	-0.045545	-10.7775	-170.937
14.73	0.553606	-0.0549623	27.6803	-2.74812	-0.285719	-0.0454852	-10.7725	-170.955
14.74	0.553398	-0.054875	27.6699	-2.74375	-0.285896	-0.0454253	-10.7676	-170.972
14.75	0.553189	-0.0547875	27.6595	-2.73938	-0.286073	-0.0453652	-10.7626	-170.989
14.76	0.552981	-0.0546998	27.6491	-2.73499	-0.28625	-0.0453049	-10.7576	-171.006
14.77	0.552773	-0.054612	27.6387	-2.7306	-0.286427	-0.0452445	-10.7527	-171.024
14.78	0.552565	-0.054524	27.6282	-2.7262	-0.286604	-0.0451838	-10.7477	-171.041
14.79	0.552357	-0.0544359	27.6178	-2.72179	-0.286781	-0.045123	-10.7428	-171.058
14.8	0.552149	-0.0543475	27.6074	-2.71738	-0.286959	-0.0450621	-10.7378	-171.076
14.81	0.551941	-0.054259	27.597	-2.71295	-0.287136	-0.0450009	-10.7329	-171.093
14.82	0.551732	-0.0541704	27.5866	-2.70852	-0.287313	-0.0449396	-10.7279	-171.11
14.83	0.551524	-0.0540815	27.5762	-2.70408	-0.287491	-0.0448781	-10.723	-171.128
14.84	0.551316	-0.0539925	27.5658	-2.69963	-0.287668	-0.0448164	-10.718	-171.145
14.85	0.551108	-0.0539034	27.5554	-2.69517	-0.287845	-0.0447546	-10.7131	-171.162
14.86	0.5509	-0.053814	27.545	-2.6907	-0.288023	-0.0446926	-10.7081	-171.18
14.87	0.550692	-0.0537245	27.5346	-2.68623	-0.288201	-0.0446304	-10.7032	-171.197
14.88	0.550484	-0.0536348	27.5242	-2.68174	-0.288378	-0.044568	-10.6982	-171.215
14.89	0.550276	-0.053545	27.5138	-2.67725	-0.288556	-0.0445054	-10.6933	-171.232
14.9	0.550068	-0.053455	27.5034	-2.67275	-0.288734	-0.0444427	-10.6884	-171.25
14.91	0.54986	-0.0533648	27.493	-2.66824	-0.288911	-0.0443798	-10.6834	-171.267
14.92	0.549652	-0.0532745	27.4826	-2.66372	-0.289089	-0.0443167	-10.6785	-171.285
14.93	0.549444	-0.0531839	27.4722	-2.6592	-0.289267	-0.0442535	-10.6735	-171.302
14.94	0.549235	-0.0530933	27.4618	-2.65466	-0.289445	-0.0441901	-10.6686	-171.32
14.95	0.549027	-0.0530024	27.4514	-2.65012	-0.289623	-0.0441265	-10.6637	-171.337
14.96	0.548819	-0.0529114	27.441	-2.64557	-0.289801	-0.0440627	-10.6588	-171.355
14.97	0.548611	-0.0528202	27.4306	-2.64101	-0.289979	-0.0439987	-10.6538	-171.372
14.98	0.548403	-0.0527289	27.4202	-2.63644	-0.290157	-0.0439346	-10.6489	-171.39
14.99	0.548195	-0.0526374	27.4098	-2.63187	-0.290335	-0.0438703	-10.644	-171.407
15	0.547987	-0.0525457	27.3994	-2.62728	-0.290513	-0.0438058	-10.639	-171.425
15.01	0.547779	-0.0524538	27.389	-2.62269	-0.290691	-0.0437412	-10.6341	-171.443
15.02	0.547572	-0.0523618	27.3786	-2.61809	-0.29087	-0.0436763	-10.6292	-171.46
15.03	0.547364	-0.0522696	27.3682	-2.61348	-0.291048	-0.0436113	-10.6243	-171.478
15.04	0.547156	-0.0521773	27.3578	-2.60886	-0.291226	-0.0435462	-10.6194	-171.496
15.05	0.546948	-0.0520848	27.3474	-2.60424	-0.291405	-0.0434808	-10.6144	-171.513
15.06	0.54674	-0.0519921	27.337	-2.5996	-0.291583	-0.0434153	-10.6095	-171.531
15.07	0.546532	-0.0518992	27.3266	-2.59496	-0.291761	-0.0433495	-10.6046	-171.549
15.08	0.546324	-0.0518062	27.3162	-2.59031	-0.29194	-0.0432837	-10.5997	-171.567
15.09	0.546116	-0.0517131	27.3058	-2.58565	-0.292118	-0.0432176	-10.5948	-171.584
15.1	0.545908	-0.0516197	27.2954	-2.58099	-0.292297	-0.0431513	-10.5899	-171.602
15.11	0.5457	-0.0515262	27.285	-2.57631	-0.292476	-0.0430849	-10.585	-171.62
15.12	0.545492	-0.0514325	27.2746	-2.57163	-0.292654	-0.0430183	-10.5801	-171.638
15.13	0.545285	-0.0513387	27.2642	-2.56693	-0.292833	-0.0429515	-10.5752	-171.656
15.14	0.545077	-0.0512447	27.2538	-2.56223	-0.293012	-0.0428846	-10.5703	-171.673
15.15	0.544869	-0.0511505	27.2434	-2.55753	-0.293191	-0.0428175	-10.5653	-171.691
15.16	0.544661	-0.0510562	27.2331	-2.55281	-0.293369	-0.0427502	-10.5604	-171.709
15.17	0.544453	-0.0509617	27.2227	-2.54808	-0.293548	-0.0426827	-10.5555	-171.727
15.18	0.544245	-0.050867	27.2123	-2.54335	-0.293727	-0.042615	-10.5507	-171.745
15.19	0.544038	-0.0507722	27.2019	-2.53861	-0.293906	-0.0425472	-10.5458	-171.763
15.2	0.54383	-0.0506772	27.1915	-2.53386	-0.294085	-0.0424792	-10.5409	-171.781
15.21	0.543622	-0.050582	27.1811	-2.5291	-0.294264	-0.042411	-10.536	-171.799
15.22	0.543414	-0.0504867	27.1707	-2.52434	-0.294443	-0.0423426	-10.5311	-171.817
15.23	0.543207	-0.0503912	27.1603	-2.51956	-0.294622	-0.0422741	-10.5262	-171.835
15.24	0.542999	-0.0502956	27.1499	-2.51478	-0.294801	-0.0422053	-10.5213	-171.853
15.25	0.542791	-0.0501998	27.1396	-2.50999	-0.294981	-0.0421364	-10.5164	-171.871
15.26	0.542584	-0.0501038	27.1292	-2.50519	-0.29516	-0.0420673	-10.5115	-171.889
15.27	0.542376	-0.0500076	27.1188	-2.50038	-0.295339	-0.0419981	-10.5066	-171.907
15.28	0.542168	-0.0499113	27.1084	-2.49557	-0.295518	-0.0419286	-10.5018	-171.925
15.29	0.541961	-0.0498148	27.098	-2.49074	-0.295698	-0.041859	-10.4969	-171.943
15.3	0.541753	-0.0497182	27.0876	-2.48591	-0.295877	-0.0417892	-10.492	-171.961
15.31	0.541545	-0.0496214	27.0773	-2.48107	-0.296057	-0.0417193	-10.4871	-171.979
15.32	0.541338	-0.0495244	27.0669	-2.47622	-0.296236	-0.0416491	-10.4822	-171.997
15.33	0.54113	-0.0494273	27.0565	-2.47137	-0.296415	-0.0415788	-10.4774	-172.015
15.34	0.540922	-0.04933	27.0461	-2.4665	-0.296595	-0.0415083	-10.4725	-172.033
15.35	0.540715	-0.0492326	27.0357	-2.46163	-0.296775	-0.0414376	-10.4676	-172.051
15.36	0.540507	-0.0491349	27.0254	-2.45675	-0.296954	-0.0413667	-10.4627	-172.07
15.37	0.5403	-0.0490372	27.015	-2.45186	-0.297134	-0.0412957	-10.4579	-172.088
15.38	0.540092	-0.0489392	27.0046	-2.44696	-0.297313	-0.0412245	-10.453	-172.106
15.39	0.539885	-0.0488411	26.9942	-2.44206	-0.297493	-0.0411531	-10.4481	-172.124
15.4	0.539677	-0.0487428	26.9839	-2.43714	-0.297673	-0.0410815	-10.4433	-172.142
15.41	0.53947	-0.0486444	26.9735	-2.43222	-0.297853	-0.0410097	-10.4384	-172.161
15.42	0.539262	-0.0485458	26.9631	-2.42729	-0.298033	-0.0409378	-10.4335	-172.179
15.43	0.539055	-0.048447	26.9527	-2.42235	-0.298212	-0.0408657	-10.4287	-172.197
15.44	0.538847	-0.0483481	26.9424	-2.41741	-0.298392	-0.0407934	-10.4238	-172.215
15.45	0.53864	-0.048249	26.932	-2.41245	-0.298572	-0.0407209	-10.419	-172.234
15.46	0.538433	-0.0481498	26.9216	-2.40749	-0.298752	-0.0406483	-10.4141	-172.252
15.47	0.538225	-0.0480504	26.9113	-2.40252	-0.298932	-0.0405755	-10.4093	-172.27
15.48	0.538018	-0.0479508	26.9009	-2.39754	-0.299112	-0.0405024	-10.4044	-172.289
15.49	0.53781	-0.0478511	26.8905	-2.39255	-0.299292	-0.0404293	-10.3996	-172.307
15.5	0.537603	-0.0477512	26.8802	-2.38756	-0.299472	-0.0403559	-10.3947	-172.325
15.51	0.537396	-0.0476511	26.8698	-2.38256	-0.299653	-0.0402823	-10.3899	-172.344
15.52	0.537188	-0.0475509	26.8594	-2.37754	-0.299833	-0.0402086	-10.385	-172.362
15.53	0.536981	-0.0474505	26.8491	-2.37253	-0.300013	-0.0401347	-10.3802	-172.38
15.54	0.536774	-0.04735	26.8387	-2.3675	-0.300193	-0.0400606	-10.3753	-172.399
15.55	0.536567	-0.0472493	26.8283	-2.36246	-0.300374	-0.0399863	-10.3705	-172.417
15.56	0.536359	-0.0471484	26.818	-2.35742	-0.300554	-0.0399119	-10.3656	-172.436
15.57	0.536152	-0.0470474	26.8076	-2.35237	-0.300734	-0.0398373	-10.3608	-172.454
15.58	0.535945	-0.0469462	26.7972	-2.34731	-0.300915	-0.0397625	-10.356	-172.473
15.59	0.535738	-0.0468448	26.7869	-2.34224	-0.301095	-0.0396875	-10.3511	-172.491
15.6	0.535531	-0.0467433	26.7765	-2.33717	-0.301276	-0.0396123	-10.3463	-172.51
15.61	0.535323	-0.0466416	26.7662	-2.33208	-0.301456	-0.039537	-10.3415	-172.528
15.62	0.535116	-0.0465398	26.7558	-2.32699	-0.301637	-0.0394615	-10.3366	-172.547
15.63	0.534909	-0.0464378	26.7455	-2.32189	-0.301817	-0.0393857	-10.3318	-172.565
15.64	0.534702	-0.0463357	26.7351	-2.31678	-0.301998	-0.0393099	-10.327	-172.584
15.65	0.534495	-0.0462333	26.7247	-2.31167	-0.302178	-0.0392338	-10.3221	-172.602
15.66	0.534288	-0.0461309	26.7144	-2.30654	-0.302359	-0.0391575	-10.3173	-172.621
15.67	0.534081	-0.0460282	26.704	-2.30141	-0.30254	-0.0390811	-10.3125	-172.639
15.68	0.533874	-0.0459254	26.6937	-2.29627	-0.30272	-0.0390045	-10.3077	-172.658
15.69	0.533667	-0.0458225	26.6833	-2.29112	-0.302901	-0.0389277	-10.3028	-172.677
15.7	0.53346	-0.0457194	26.673	-2.28597	-0.303082	-0.0388508	-10.298	-172.695
15.71	0.533253	-0.0456161	26.6626	-2.2808	-0.303263	-0.0387736	-10.2932	-172.714
15.72	0.533046	-0.0455126	26.6523	-2.27563	-0.303444	-0.0386963	-10.2884	-172.733
15.73	0.532839	-0.045409	26.6419	-2.27045	-0.303624	-0.0386188	-10.2836	-172.751
15.74	0.532632	-0.0453053	26.6316	-2.26526	-0.303805	-0.0385411	-10.2788	-172.77
15.75	0.532425	-0.0452014	26.6213	-2.26007	-0.303986	-0.0384632	-10.2739	-172.789
15.76	0.532218	-0.0450973	26.6109	-2.25487	-0.304167	-0.0383851	-10.2691	-172.807
15.77	0.532011	-0.0449931	26.6006	-2.24965	-0.304348	-0.0383069	-10.2643	-172.826
15.78	0.531805	-0.0448887	26.5902	-2.24443	-0.304529	-0.0382285	-10.2595	-172.845
15.79	0.531598	-0.0447841	26.5799	-2.23921	-0.30471	-0.0381499	-10.2547	-172.864
15.8	0.531391	-0.0446794	26.5695	-2.23397	-0.304891	-0.0380711	-10.2499	-172.882
15.81	0.531184	-0.0445745	26.5592	-2.22873	-0.305073	-0.0379922	-10.2451	-172.901
15.82	0.530977	-0.0444695	26.5489	-2.22347	-0.305254	-0.037913	-10.2403	-172.92
15.83	0.530771	-0.0443643	26.5385	-2.21822	-0.305435	-0.0378337	-10.2355	-172.939
15.84	0.530564	-0.044259	26.5282	-2.21295	-0.305616	-0.0377542	-10.2307	-172.958
15.85	0.530357	-0.0441535	26.5179	-2.20767	-0.305797	-0.0376745	-10.2259	-172.977
15.86	0.530151	-0.0440478	26.5075	-2.20239	-0.305979	-0.0375946	-10.2211	-172.995
15.87	0.529944	-0.043942	26.4972	-2.1971	-0.30616	-0.0375146	-10.2163	-173.014
15.88	0.529737	-0.043836	26.4869	-2.1918	-0.306341	-0.0374344	-10.2115	-173.033
15.89	0.529531	-0.0437298	26.4765	-2.18649	-0.306523	-0.037354	-10.2067	-173.052
15.9	0.529324	-0.0436235	26.4662	-2.18118	-0.306704	-0.0372734	-10.2019	-173.071
15.91	0.529117	-0.0435171	26.4559	-2.17585	-0.306886	-0.0371926	-10.1971	-173.09
15.92	0.528911	-0.0434105	26.4455	-2.17052	-0.307067	-0.0371116	-10.1924	-173.109
15.93	0.528704	-0.0433037	26.4352	-2.16518	-0.307248	-0.0370305	-10.1876	-173.128
15.94	0.528498	-0.0431968	26.4249	-2.15984	-0.30743	-0.0369492	-10.1828	-173.147
15.95	0.528291	-0.0430897	26.4146	-2.15448	-0.307611	-0.0368677	-10.178	-173.166
15.96	0.528085	-0.0429824	26.4042	-2.14912	-0.307793	-0.036786	-10.1732	-173.185
15.97	0.527879	-0.042875	26.3939	-2.14375	-0.307975	-0.0367041	-10.1685	-173.204
15.98	0.527672	-0.0427675	26.3836	-2.13837	-0.308156	-0.0366221	-10.1637	-173.223
15.99	0.527466	-0.0426597	26.3733	-2.13299	-0.308338	-0.0365398	-10.1589	-173.242
16	0.527259	-0.0425519	26.363	-2.12759	-0.30852	-0.0364574	-10.1541	-173.261
16.01	0.527053	-0.0424438	26.3526	-2.12219	-0.308701	-0.0363748	-10.1493	-173.28
16.02	0.526847	-0.0423356	26.3423	-2.11678	-0.308883	-0.0362921	-10.1446	-173.299
16.03	0.52664	-0.0422273	26.332	-2.11136	-0.309065	-0.0362091	-10.1398	-173.318
16.04	0.526434	-0.0421188	26.3217	-2.10594	-0.309246	-0.0361259	-10.135	-173.337
16.05	0.526228	-0.0420101	26.3114	-2.10051	-0.309428	-0.0360426	-10.1303	-173.356
16.06	0.526022	-0.0419013	26.3011	-2.09507	-0.30961	-0.0359591	-10.1255	-173.375
16.07	0.525815	-0.0417923	26.2908	-2.08962	-0.309792	-0.0358754	-10.1207	-173.394
16.08	0.525609	-0.0416832	26.2805	-2.08416	-0.309974	-0.0357915	-10.116	-173.413
16.09	0.525403	-0.0415739	26.2702	-2.0787	-0.310156	-0.0357075	-10.1112	-173.433
16.1	0.525197	-0.0414645	26.2598	-2.07322	-0.310338	-0.0356232	-10.1065	-173.452
16.11	0.524991	-0.0413549	26.2495	-2.06774	-0.31052	-0.0355388	-10.1017	-173.471
16.12	0.524785	-0.0412451	26.2392	-2.06226	-0.310702	-0.0354542	-10.0969	-173.49
16.13	0.524579	-0.0411352	26.2289	-2.05676	-0.310884	-0.0353694	-10.0922	-173.509
16.14	0.524373	-0.0410251	26.2186	-2.05126	-0.311066	-0.0352845	-10.0874	-173.529
16.15	0.524167	-0.0409149	26.2083	-2.04575	-0.311248	-0.0351993	-10.0827	-173.548
16.16	0.523961	-0.0408045	26.198	-2.04023	-0.31143	-0.035114	-10.0779	-173.567
16.17	0.523755	-0.040694	26.1877	-2.0347	-0.311612	-0.0350284	-10.0732	-173.586
16.18	0.523549	-0.0405833	26.1774	-2.02917	-0.311794	-0.0349427	-10.0684	-173.606
16.19	0.523343	-0.0404725	26.1671	-2.02362	-0.311976	-0.0348568	-10.0637	-173.625
16.2	0.523137	-0.0403615	26.1568	-2.01807	-0.312158	-0.0347708	-10.059	-173.644
16.21	0.522931	-0.0402503	26.1465	-2.01252	-0.31234	-0.0346845	-10.0542	-173.663
16.22	0.522725	-0.040139	26.1363	-2.00695	-0.312523	-0.0345981	-10.0495	-173.683
16.23	0.522519	-0.0400275	26.126	-2.00138	-0.312705	-0.0345115	-10.0447	-173.702
16.24	0.522314	-0.0399159	26.1157	-1.9958	-0.312887	-0.0344247	-10.04	-173.721
16.25	0.522108	-0.0398042	26.1054	-1.99021	-0.313069	-0.0343377	-10.0353	-173.741
16.26	0.521902	-0.0396922	26.0951	-1.98461	-0.313252	-0.0342505	-10.0305	-173.76
16.27	0.521696	-0.0395801	26.0848	-1.97901	-0.313434	-0.0341631	-10.0258	-173.78
16.28	0.521491	-0.0394679	26.0745	-1.9734	-0.313616	-0.0340756	-10.0211	-173.799
16.29	0.521285	-0.0393555	26.0642	-1.96778	-0.313799	-0.0339879	-10.0163	-173.818
16.3	0.521079	-0.039243	26.054	-1.96215	-0.313981	-0.0339	-10.0116	-173.838
16.31	0.520874	-0.0391303	26.0437	-1.95651	-0.314164	-0.0338119	-10.0069	-173.857
16.32	0.520668	-0.0390174	26.0334	-1.95087	-0.314346	-0.0337236	-10.0021	-173.877
16.33	0.520463	-0.0389044	26.0231	-1.94522	-0.314529	-0.0336351	-9.99741	-173.896
16.34	0.520257	-0.0387912	26.0129	-1.93956	-0.314711	-0.0335465	-9.99269	-173.916
16.35	0.520052	-0.0386779	26.0026	-1.9339	-0.314894	-0.0334576	-9.98797	-173.935
16.36	0.519846	-0.0385645	25.9923	-1.92822	-0.315076	-0.0333686	-9.98325	-173.955
16.37	0.519641	-0.0384508	25.982	-1.92254	-0.315259	-0.0332794	-9.97853	-173.974
16.38	0.519435	-0.0383371	25.9718	-1.91685	-0.315441	-0.0331901	-9.97382	-173.994
16.39	0.51923	-0.0382231	25.9615	-1.91116	-0.315624	-0.0331005	-9.9691	-174.013
16.4	0.519024	-0.038109	25.9512	-1.90545	-0.315806	-0.0330107	-9.96439	-174.033
16.41	0.518819	-0.0379948	25.941	-1.89974	-0.315989	-0.0329208	-9.95968	-174.052
16.42	0.518614	-0.0378804	25.9307	-1.89402	-0.316172	-0.0328307	-9.95496	-174.072
16.43	0.518408	-0.0377659	25.9204	-1.88829	-0.316354	-0.0327404	-9.95026	-174.091
16.44	0.518203	-0.0376512	25.9102	-1.88256	-0.316537	-0.0326499	-9.94555	-174.111
16.45	0.517998	-0.0375363	25.8999	-1.87682	-0.31672	-0.0325592	-9.94084	-174.131
16.46	0.517793	-0.0374213	25.8896	-1.87107	-0.316902	-0.0324684	-9.93614	-174.15
16.47	0.517588	-0.0373062	25.8794	-1.86531	-0.317085	-0.0323773	-9.93143	-174.17
16.48	0.517382	-0.0371909	25.8691	-1.85954	-0.317268	-0.0322861	-9.92673	-174.189
16.49	0.517177	-0.0370754	25.8589	-1.85377	-0.317451	-0.0321947	-9.92203	-174.209
16.5	0.516972	-0.0369598	25.8486	-1.84799	-0.317634	-0.0321031	-9.91733	-174.229
16.51	0.516767	-0.036844	25.8384	-1.8422	-0.317816	-0.0320113	-9.91264	-174.248
16.52	0.516562	-0.0367281	25.8281	-1.83641	-0.317999	-0.0319193	-9.90794	-174.268
16.53	0.516357	-0.0366121	25.8179	-1.8306	-0.318182	-0.0318272	-9.90325	-174.288
16.54	0.516152	-0.0364958	25.8076	-1.82479	-0.318365	-0.0317348	-9.89856	-174.308
16.55	0.515947	-0.0363795	25.7974	-1.81897	-0.318548	-0.0316423	-9.89387	-174.327
16.56	0.515742	-0.0362629	25.7871	-1.81315	-0.318731	-0.0315496	-9.88918	-174.347
16.57	0.515537	-0.0361463	25.7769	-1.80731	-0.318914	-0.0314567	-9.88449	-174.367
16.58	0.515333	-0.0360294	25.7666	-1.80147	-0.319097	-0.0313636	-9.8798	-174.386
16.59	0.515128	-0.0359125	25.7564	-1.79562	-0.31928	-0.0312704	-9.87512	-174.406
16.6	0.514923	-0.0357953	25.7461	-1.78977	-0.319463	-0.0311769	-9.87043	-174.426
16.61	0.514718	-0.0356781	25.7359	-1.7839	-0.319646	-0.0310833	-9.86575	-174.446
16.62	0.514513	-0.0355606	25.7257	-1.77803	-0.319829	-0.0309895	-9.86107	-174.466
16.63	0.514309	-0.0354431	25.7154	-1.77215	-0.320012	-0.0308954	-9.85639	-174.485
16.64	0.514104	-0.0353253	25.7052	-1.76627	-0.320195	-0.0308013	-9.85172	-174.505
16.65	0.513899	-0.0352074	25.695	-1.76037	-0.320378	-0.0307069	-9.84704	-174.525
16.66	0.513695	-0.0350894	25.6847	-1.75447	-0.320561	-0.0306123	-9.84237	-174.545
16.67	0.51349	-0.0349712	25.6745	-1.74856	-0.320744	-0.0305176	-9.8377	-174.565
16.68	0.513286	-0.0348529	25.6643	-1.74264	-0.320927	-0.0304226	-9.83302	-174.585
16.69	0.513081	-0.0347344	25.6541	-1.73672	-0.32111	-0.0303275	-9.82836	-174.605
16.7	0.512877	-0.0346158	25.6438	-1.73079	-0.321293	-0.0302322	-9.82369	-174.625
16.71	0.512672	-0.034497	25.6336	-1.72485	-0.321476	-0.0301367	-9.81902	-174.644
16.72	0.512468	-0.0343781	25.6234	-1.7189	-0.321659	-0.030041	-9.81436	-174.664
16.73	0.512263	-0.034259	25.6132	-1.71295	-0.321843	-0.0299452	-9.80969	-174.684
16.74	0.512059	-0.0341397	25.6029	-1.70699	-0.322026	-0.0298491	-9.80503	-174.704
16.75	0.511855	-0.0340204	25.5927	-1.70102	-0.322209	-0.0297529	-9.80037	-174.724
16.76	0.51165	-0.0339008	25.5825	-1.69504	-0.322392	-0.0296565	-9.79571	-174.744
16.77	0.511446	-0.0337811	25.5723	-1.68906	-0.322575	-0.0295599	-9.79106	-174.764
16.78	0.511242	-0.0336613	25.5621	-1.68307	-0.322759	-0.0294631	-9.7864	-174.784
16.79	0.511038	-0.0335413	25.5519	-1.67707	-0.322942	-0.0293661	-9.78175	-174.804
16.8	0.510833	-0.0334212	25.5417	-1.67106	-0.323125	-0.0292689	-9.77709	-174.824
16.81	0.510629	-0.0333009	25.5315	-1.66505	-0.323309	-0.0291716	-9.77244	-174.844
16.82	0.510425	-0.0331805	25.5213	-1.65903	-0.323492	-0.029074	-9.76779	-174.864
16.83	0.510221	-0.0330599	25.5111	-1.653	-0.323675	-0.0289763	-9.76315	-174.884
16.84	0.510017	-0.0329392	25.5008	-1.64696	-0.323858	-0.0288784	-9.7585	-174.904
16.85	0.509813	-0.0328183	25.4906	-1.64092	-0.324042	-0.0287803	-9.75385	-174.925
16.86	0.509609	-0.0326973	25.4804	-1.63487	-0.324225	-0.028682	-9.74921	-174.945
16.87	0.509405	-0.0325761	25.4702	-1.62881	-0.324409	-0.0285835	-9.74457	-174.965
16.88	0.509201	-0.0324548	25.4601	-1.62274	-0.324592	-0.0284849	-9.73993	-174.985
16.89	0.508997	-0.0323333	25.4499	-1.61667	-0.324775	-0.028386	-9.73529	-175.005
16.9	0.508793	-0.0322117	25.4397	-1.61059	-0.324959	-0.028287	-9.73065	-175.025
16.91	0.50859	-0.03209	25.4295	-1.6045	-0.325142	-0.0281878	-9.72602	-175.045
16.92	0.508386	-0.0319681	25.4193	-1.5984	-0.325326	-0.0280884	-9.72138	-175.065
16.93	0.508182	-0.031846	25.4091	-1.5923	-0.325509	-0.0279888	-9.71675	-175.086
16.94	0.507978	-0.0317238	25.3989	-1.58619	-0.325692	-0.027889	-9.71212	-175.106
16.95	0.507775	-0.0316014	25.3887	-1.58007	-0.325876	-0.027789	-9.70749	-175.126
16.96	0.507571	-0.0314789	25.3785	-1.57395	-0.326059	-0.0276889	-9.70286	-175.146
16.97	0.507367	-0.0313563	25.3684	-1.56781	-0.326243	-0.0275885	-9.69824	-175.166
16.98	0.507164	-0.0312335	25.3582	-1.56167	-0.326426	-0.027488	-9.69361	-175.187
16.99	0.50696	-0.0311105	25.348	-1.55553	-0.32661	-0.0273873	-9.68899	-175.207
17	0.506757	-0.0309874	25.3378	-1.54937	-0.326793	-0.0272864	-9.68437	-175.227
17.01	0.506553	-0.0308642	25.3277	-1.54321	-0.326977	-0.0271853	-9.67975	-175.247
17.02	0.50635	-0.0307408	25.3175	-1.53704	-0.32716	-0.027084	-9.67513	-175.268
17.03	0.506146	-0.0306173	25.3073	-1.53086	-0.327344	-0.0269826	-9.67051	-175.288
17.04	0.505943	-0.0304936	25.2971	-1.52468	-0.327527	-0.0268809	-9.66589	-175.308
17.05	0.505739	-0.0303698	25.287	-1.51849	-0.327711	-0.0267791	-9.66128	-175.328
17.06	0.505536	-0.0302458	25.2768	-1.51229	-0.327894	-0.026677	-9.65667	-175.349
17.07	0.505333	-0.0301217	25.2666	-1.50608	-0.328078	-0.0265748	-9.65206	-175.369
17.08	0.50513	-0.0299974	25.2565	-1.49987	-0.328262	-0.0264724	-9.64745	-175.389
17.09	0.504926	-0.029873	25.2463	-1.49365	-0.328445	-0.0263698	-9.64284	-175.41
17.1	0.504723	-0.0297485	25.2362	-1.48742	-0.328629	-0.0262671	-9.63823	-175.43
17.11	0.50452	-0.0296238	25.226	-1.48119	-0.328812	-0.0261641	-9.63363	-175.45
17.12	0.504317	-0.0294989	25.2159	-1.47495	-0.328996	-0.026061	-9.62902	-175.471
17.13	0.504114	-0.0293739	25.2057	-1.4687	-0.32918	-0.0259576	-9.62442	-175.491
17.14	0.503911	-0.0292488	25.1955	-1.46244	-0.329363	-0.0258541	-9.61982	-175.512
17.15	0.503708	-0.0291235	25.1854	-1.45617	-0.329547	-0.0257504	-9.61522	-175.532
17.16	0.503505	-0.0289981	25.1752	-1.4499	-0.32973	-0.0256465	-9.61062	-175.552
17.17	0.503302	-0.0288725	25.1651	-1.44362	-0.329914	-0.0255424	-9.60603	-175.573
17.18	0.503099	-0.0287468	25.155	-1.43734	-0.330098	-0.0254381	-9.60143	-175.593
17.19	0.502896	-0.0286209	25.1448	-1.43105	-0.330281	-0.0253337	-9.59684	-175.614
17.2	0.502693	-0.0284949	25.1347	-1.42474	-0.330465	-0.025229	-9.59225	-175.634
17.21	0.502491	-0.0283687	25.1245	-1.41844	-0.330649	-0.0251242	-9.58766	-175.655
17.22	0.502288	-0.0282424	25.1144	-1.41212	-0.330832	-0.0250191	-9.58307	-175.675
17.23	0.502085	-0.028116	25.1043	-1.4058	-0.331016	-0.0249139	-9.57849	-175.696
17.24	0.501883	-0.0279894	25.0941	-1.39947	-0.3312	-0.0248085	-9.5739	-175.716
17.25	0.50168	-0.0278627	25.084	-1.39313	-0.331383	-0.0247029	-9.56932	-175.737
17.26	0.501477	-0.0277358	25.0739	-1.38679	-0.331567	-0.0245971	-9.56474	-175.757
17.27	0.501275	-0.0276088	25.0637	-1.38044	-0.331751	-0.0244912	-9.56016	-175.778
17.28	0.501072	-0.0274816	25.0536	-1.37408	-0.331935	-0.024385	-9.55558	-175.798
17.29	0.50087	-0.0273543	25.0435	-1.36771	-0.332118	-0.0242787	-9.551	-175.819
17.3	0.500667	-0.0272268	25.0334	-1.36134	-0.332302	-0.0241721	-9.54642	-175.84
17.31	0.500465	-0.0270992	25.0232	-1.35496	-0.332486	-0.0240654	-9.54185	-175.86
17.32	0.500262	-0.0269715	25.0131	-1.34857	-0.332669	-0.0239585	-9.53728	-175.881
17.33	0.50006	-0.0268436	25.003	-1.34218	-0.332853	-0.0238514	-9.53271	-175.901
17.34	0.499858	-0.0267156	24.9929	-1.33578	-0.333037	-0.0237441	-9.52814	-175.922
17.35	0.499656	-0.0265874	24.9828	-1.32937	-0.333221	-0.0236367	-9.52357	-175.943
17.36	0.499453	-0.0264591	24.9727	-1.32295	-0.333404	-0.023529	-9.519	-175.963
17.37	0.499251	-0.0263306	24.9626	-1.31653	-0.333588	-0.0234211	-9.51444	-175.984
17.38	0.499049	-0.026202	24.9524	-1.3101	-0.333772	-0.0233131	-9.50987	-176.005
17.39	0.498847	-0.0260733	24.9423	-1.30366	-0.333955	-0.0232049	-9.50531	-176.025
17.4	0.498645	-0.0259444	24.9322	-1.29722	-0.334139	-0.0230965	-9.50075	-176.046
17.41	0.498443	-0.0258153	24.9221	-1.29077	-0.334323	-0.0229879	-9.49619	-176.067
17.42	0.498241	-0.0256862	24.912	-1.28431	-0.334507	-0.0228791	-9.49163	-176.087
17.43	0.498039	-0.0255568	24.9019	-1.27784	-0.33469	-0.0227701	-9.48708	-176.108
17.44	0.497837	-0.0254274	24.8918	-1.27137	-0.334874	-0.0226609	-9.48252	-176.129
17.45	0.497635	-0.0252978	24.8817	-1.26489	-0.335058	-0.0225516	-9.47797	-176.149
17.46	0.497433	-0.025168	24.8717	-1.2584	-0.335242	-0.022442	-9.47342	-176.17
17.47	0.497231	-0.0250381	24.8616	-1.25191	-0.335425	-0.0223323	-9.46887	-176.191
17.48	0.49703	-0.0249081	24.8515	-1.24541	-0.335609	-0.0222223	-9.46432	-176.212
17.49	0.496828	-0.0247779	24.8414	-1.2389	-0.335793	-0.0221122	-9.45978	-176.232
17.5	0.496626	-0.0246476	24.8313	-1.23238	-0.335977	-0.0220019	-9.45523	-176.253
17.51	0.496424	-0.0245172	24.8212	-1.22586	-0.336161	-0.0218914	-9.45069	-176.274
17.52	0.496223	-0.0243866	24.8111	-1.21933	-0.336344	-0.0217808	-9.44614	-176.295
17.53	0.496021	-0.0242558	24.8011	-1.21279	-0.336528	-0.0216699	-9.4416	-176.316
17.54	0.49582	-0.024125	24.791	-1.20625	-0.336712	-0.0215588	-9.43707	-176.336
17.55	0.495618	-0.0239939	24.7809	-1.1997	-0.336896	-0.0214476	-9.43253	-176.357
17.56	0.495417	-0.0238628	24.7708	-1.19314	-0.337079	-0.0213361	-9.42799	-176.378
17.57	0.495215	-0.0237315	24.7608	-1.18657	-0.337263	-0.0212245	-9.42346	-176.399
17.58	0.495014	-0.0236	24.7507	-1.18	-0.337447	-0.0211127	-9.41893	-176.42
17.59	0.494813	-0.0234684	24.7406	-1.17342	-0.337631	-0.0210007	-9.41439	-176.441
17.6	0.494611	-0.0233367	24.7306	-1.16684	-0.337814	-0.0208885	-9.40986	-176.462
17.61	0.49441	-0.0232048	24.7205	-1.16024	-0.337998	-0.0207761	-9.40534	-176.483
17.62	0.494209	-0.0230728	24.7104	-1.15364	-0.338182	-0.0206635	-9.40081	-176.503
17.63	0.494008	-0.0229407	24.7004	-1.14703	-0.338366	-0.0205508	-9.39628	-176.524
17.64	0.493807	-0.0228084	24.6903	-1.14042	-0.338549	-0.0204378	-9.39176	-176.545
17.65	0.493605	-0.022676	24.6803	-1.1338	-0.338733	-0.0203247	-9.38724	-176.566
17.66	0.493404	-0.0225434	24.6702	-1.12717	-0.338917	-0.0202114	-9.38272	-176.587
17.67	0.493203	-0.0224107	24.6602	-1.12053	-0.339101	-0.0200979	-9.3782	-176.608
17.68	0.493002	-0.0222778	24.6501	-1.11389	-0.339284	-0.0199841	-9.37368	-176.629
17.69	0.492801	-0.0221449	24.6401	-1.10724	-0.339468	-0.0198702	-9.36917	-176.65
17.7	0.492601	-0.0220117	24.63	-1.10059	-0.339652	-0.0197562	-9.36465	-176.671
17.71	0.4924	-0.0218785	24.62	-1.09392	-0.339836	-0.0196419	-9.36014	-176.692
17.72	0.492199	-0.0217451	24.6099	-1.08725	-0.340019	-0.0195274	-9.35563	-176.713
17.73	0.491998	-0.0216115	24.5999	-1.08058	-0.340203	-0.0194128	-9.35112	-176.734
17.74	0.491797	-0.0214778	24.5899	-1.07389	-0.340387	-0.0192979	-9.34661	-176.755
17.75	0.491597	-0.021344	24.5798	-1.0672	-0.34057	-0.0191829	-9.3421	-176.776
17.76	0.491396	-0.02121	24.5698	-1.0605	-0.340754	-0.0190677	-9.3376	-176.797
17.77	0.491195	-0.0210759	24.5598	-1.0538	-0.340938	-0.0189522	-9.33309	-176.818
17.78	0.490995	-0.0209417	24.5497	-1.04708	-0.341122	-0.0188366	-9.32859	-176.839
17.79	0.490794	-0.0208073	24.5397	-1.04036	-0.341305	-0.0187209	-9.32409	-176.86
17.8	0.490594	-0.0206728	24.5297	-1.03364	-0.341489	-0.0186049	-9.31959	-176.882
17.81	0.490393	-0.0205381	24.5197	-1.02691	-0.341673	-0.0184887	-9.3151	-176.903
17.82	0.490193	-0.0204033	24.5097	-1.02017	-0.341856	-0.0183723	-9.3106	-176.924
17.83	0.489993	-0.0202684	24.4996	-1.01342	-0.34204	-0.0182558	-9.30611	-176.945
17.84	0.489792	-0.0201333	24.4896	-1.00667	-0.342224	-0.018139	-9.30161	-176.966
17.85	0.489592	-0.0199981	24.4796	-0.999905	-0.342407	-0.0180221	-9.29712	-176.987
17.86	0.489392	-0.0198627	24.4696	-0.993137	-0.342591	-0.017905	-9.29263	-177.008
17.87	0.489192	-0.0197273	24.4596	-0.986363	-0.342775	-0.0177877	-9.28814	-177.029
17.88	0.488992	-0.0195916	24.4496	-0.979582	-0.342958	-0.0176702	-9.28366	-177.051
17.89	0.488791	-0.0194559	24.4396	-0.972793	-0.343142	-0.0175525	-9.27917	-177.072
17.9	0.488591	-0.01932	24.4296	-0.965998	-0.343326	-0.0174346	-9.27469	-177.093
17.91	0.488391	-0.0191839	24.4196	-0.959196	-0.343509	-0.0173165	-9.27021	-177.114
17.92	0.488191	-0.0190477	24.4096	-0.952387	-0.343693	-0.0171983	-9.26573	-177.135
17.93	0.487992	-0.0189114	24.3996	-0.945572	-0.343877	-0.0170798	-9.26125	-177.157
17.94	0.487792	-0.018775	24.3896	-0.938749	-0.34406	-0.0169612	-9.25677	-177.178
17.95	0.487592	-0.0186384	24.3796	-0.93192	-0.344244	-0.0168424	-9.25229	-177.199
17.96	0.487392	-0.0185017	24.3696	-0.925083	-0.344427	-0.0167233	-9.24782	-177.22
17.97	0.487192	-0.0183648	24.3596	-0.91824	-0.344611	-0.0166041	-9.24335	-177.241
17.98	0.486993	-0.0182278	24.3496	-0.91139	-0.344795	-0.0164847	-9.23887	-177.263
17.99	0.486793	-0.0180907	24.3396	-0.904534	-0.344978	-0.0163651	-9.23441	-177.284
18	0.486593	-0.0179534	24.3297	-0.89767	-0.345162	-0.0162453	-9.22994	-177.305
18.01	0.486394	-0.017816	24.3197	-0.890799	-0.345345	-0.0161254	-9.22547	-177.327
18.02	0.486194	-0.0176784	24.3097	-0.883922	-0.345529	-0.0160052	-9.22101	-177.348
18.03	0.485995	-0.0175408	24.2997	-0.877038	-0.345712	-0.0158849	-9.21654	-177.369
18.04	0.485795	-0.0174029	24.2898	-0.870147	-0.345896	-0.0157643	-9.21208	-177.391
18.05	0.485596	-0.017265	24.2798	-0.863249	-0.346079	-0.0156436	-9.20762	-177.412
18.06	0.485396	-0.0171269	24.2698	-0.856345	-0.346263	-0.0155227	-9.20316	-177.433
18.07	0.485197	-0.0169887	24.2599	-0.849434	-0.346446	-0.0154016	-9.1987	-177.455
18.08	0.484998	-0.0168503	24.2499	-0.842516	-0.34663	-0.0152802	-9.19425	-177.476
18.09	0.484799	-0.0167118	24.2399	-0.835591	-0.346813	-0.0151588	-9.18979	-177.497
18.1	0.484599	-0.0165732	24.23	-0.828659	-0.346997	-0.0150371	-9.18534	-177.519
18.11	0.4844	-0.0164344	24.22	-0.821721	-0.34718	-0.0149152	-9.18089	-177.54
18.12	0.484201	-0.0162955	24.2101	-0.814776	-0.347364	-0.0147931	-9.17644	-177.561
18.13	0.484002	-0.0161565	24.2001	-0.807824	-0.347547	-0.0146709	-9.17199	-177.583
18.14	0.483803	-0.0160173	24.1902	-0.800865	-0.347731	-0.0145484	-9.16754	-177.604
18.15	0.483604	-0.015878	24.1802	-0.793899	-0.347914	-0.0144258	-9.1631	-177.626
18.16	0.483405	-0.0157385	24.1703	-0.786927	-0.348098	-0.014303	-9.15866	-177.647
18.17	0.483206	-0.015599	24.1603	-0.779948	-0.348281	-0.0141799	-9.15421	-177.669
18.18	0.483008	-0.0154593	24.1504	-0.772963	-0.348464	-0.0140567	-9.14977	-177.69
18.19	0.482809	-0.0153194	24.1404	-0.76597	-0.348648	-0.0139333	-9.14533	-177.711
18.2	0.48261	-0.0151794	24.1305	-0.758971	-0.348831	-0.0138098	-9.1409	-177.733
18.21	0.482411	-0.0150393	24.1206	-0.751965	-0.349014	-0.013686	-9.13646	-177.754
18.22	0.482213	-0.0148991	24.1106	-0.744953	-0.349198	-0.013562	-9.13203	-177.776
18.23	0.482014	-0.0147587	24.1007	-0.737934	-0.349381	-0.0134378	-9.12759	-177.797
18.24	0.481815	-0.0146182	24.0908	-0.730908	-0.349564	-0.0133135	-9.12316	-177.819
18.25	0.481617	-0.0144775	24.0808	-0.723875	-0.349748	-0.0131889	-9.11873	-177.84
18.26	0.481419	-0.0143367	24.0709	-0.716836	-0.349931	-0.0130642	-9.1143	-177.862
18.27	0.48122	-0.0141958	24.061	-0.70979	-0.350114	-0.0129393	-9.10988	-177.883
18.28	0.481022	-0.0140547	24.0511	-0.702737	-0.350297	-0.0128142	-9.10545	-177.905
18.29	0.480823	-0.0139136	24.0412	-0.695678	-0.350481	-0.0126889	-9.10103	-177.927
18.3	0.480625	-0.0137722	24.0313	-0.688611	-0.350664	-0.0125634	-9.09661	-177.948
18.31	0.480427	-0.0136308	24.0213	-0.681539	-0.350847	-0.0124377	-9.09219	-177.97
18.32	0.480229	-0.0134892	24.0114	-0.674459	-0.35103	-0.0123118	-9.08777	-177.991
18.33	0.480031	-0.0133475	24.0015	-0.667373	-0.351214	-0.0121857	-9.08335	-178.013
18.34	0.479832	-0.0132056	23.9916	-0.660281	-0.351397	-0.0120595	-9.07893	-178.034
18.35	0.479634	-0.0130636	23.9817	-0.653181	-0.35158	-0.011933	-9.07452	-178.056
18.36	0.479436	-0.0129215	23.9718	-0.646075	-0.351763	-0.0118064	-9.07011	-178.078
18.37	0.479238	-0.0127793	23.9619	-0.638963	-0.351946	-0.0116796	-9.0657	-178.099
18.38	0.479041	-0.0126369	23.952	-0.631844	-0.352129	-0.0115525	-9.06129	-178.121
18.39	0.478843	-0.0124944	23.9421	-0.624718	-0.352312	-0.0114253	-9.05688	-178.143
18.4	0.478645	-0.0123517	23.9322	-0.617585	-0.352495	-0.0112979	-9.05247	-178.164
18.41	0.478447	-0.0122089	23.9224	-0.610446	-0.352679	-0.0111703	-9.04807	-178.186
18.42	0.478249	-0.012066	23.9125	-0.603301	-0.352862	-0.0110425	-9.04366	-178.208
18.43	0.478052	-0.011923	23.9026	-0.596148	-0.353045	-0.0109146	-9.03926	-178.229
18.44	0.477854	-0.0117798	23.8927	-0.588989	-0.353228	-0.0107864	-9.03486	-178.251
18.45	0.477656	-0.0116365	23.8828	-0.581824	-0.353411	-0.010658	-9.03046	-178.273
18.46	0.477459	-0.011493	23.8729	-0.574652	-0.353594	-0.0105295	-9.02606	-178.294
18.47	0.477261	-0.0113495	23.8631	-0.567473	-0.353777	-0.0104008	-9.02167	-178.316
18.48	0.477064	-0.0112058	23.8532	-0.560288	-0.35396	-0.0102718	-9.01727	-178.338
18.49	0.476867	-0.0110619	23.8433	-0.553096	-0.354142	-0.0101427	-9.01288	-178.359
18.5	0.476669	-0.010918	23.8335	-0.545898	-0.354325	-0.0100134	-9.00849	-178.381
18.51	0.476472	-0.0107739	23.8236	-0.538693	-0.354508	-0.00988389	-9.0041	-178.403
18.52	0.476275	-0.0106296	23.8137	-0.531482	-0.354691	-0.00975419	-8.99971	-178.425
18.53	0.476078	-0.0104853	23.8039	-0.524264	-0.354874	-0.00962431	-8.99532	-178.446
18.54	0.47588	-0.0103408	23.794	-0.517039	-0.355057	-0.00949423	-8.99094	-178.468
18.55	0.475683	-0.0101962	23.7842	-0.509808	-0.35524	-0.00936396	-8.98655	-178.49
18.56	0.475486	-0.0100514	23.7743	-0.50257	-0.355422	-0.0092335	-8.98217	-178.512
18.57	0.475289	-0.00990652	23.7645	-0.495326	-0.355605	-0.00910285	-8.97779	-178.534
18.58	0.475092	-0.00976151	23.7546	-0.488076	-0.355788	-0.00897201	-8.97341	-178.555
18.59	0.474895	-0.00961637	23.7448	-0.480818	-0.355971	-0.00884098	-8.96904	-178.577
18.6	0.474699	-0.00947109	23.7349	-0.473555	-0.356153	-0.00870975	-8.96466	-178.599
18.61	0.474502	-0.00932569	23.7251	-0.466285	-0.356336	-0.00857834	-8.96029	-178.621
18.62	0.474305	-0.00918016	23.7152	-0.459008	-0.356519	-0.00844673	-8.95591	-178.643
18.63	0.474108	-0.00903449	23.7054	-0.451725	-0.356702	-0.00831493	-8.95154	-178.665
18.64	0.473912	-0.0088887	23.6956	-0.444435	-0.356884	-0.00818294	-8.94717	-178.687
18.65	0.473715	-0.00874278	23.6857	-0.437139	-0.357067	-0.00805076	-8.9428	-178.708
18.66	0.473518	-0.00859672	23.6759	-0.429836	-0.357249	-0.00791839	-8.93844	-178.73
18.67	0.473322	-0.00845054	23.6661	-0.422527	-0.357432	-0.00778583	-8.93407	-178.752
18.68	0.473125	-0.00830423	23.6563	-0.415211	-0.357615	-0.00765308	-8.92971	-178.774
18.69	0.472929	-0.00815779	23.6464	-0.407889	-0.357797	-0.00752013	-8.92535	-178.796
18.7	0.472733	-0.00801122	23.6366	-0.400561	-0.35798	-0.007387	-8.92098	-178.818
18.71	0.472536	-0.00786452	23.6268	-0.393226	-0.358162	-0.00725367	-8.91663	-178.84
18.72	0.47234	-0.00771769	23.617	-0.385885	-0.358345	-0.00712015	-8.91227	-178.862
18.73	0.472144	-0.00757074	23.6072	-0.378537	-0.358527	-0.00698644	-8.90791	-178.884
18.74	0.471948	-0.00742365	23.5974	-0.371182	-0.358709	-0.00685254	-8.90356	-178.906
18.75	0.471751	-0.00727644	23.5876	-0.363822	-0.358892	-0.00671845	-8.89921	-178.928
18.76	0.471555	-0.00712909	23.5778	-0.356455	-0.359074	-0.00658417	-8.89485	-178.95
18.77	0.471359	-0.00698162	23.568	-0.349081	-0.359257	-0.00644969	-8.8905	-178.971
18.78	0.471163	-0.00683402	23.5582	-0.341701	-0.359439	-0.00631503	-8.88616	-178.993
18.79	0.470967	-0.0066863	23.5484	-0.334315	-0.359621	-0.00618017	-8.88181	-179.015
18.8	0.470772	-0.00653844	23.5386	-0.326922	-0.359804	-0.00604512	-8.87746	-179.037
18.81	0.470576	-0.00639046	23.5288	-0.319523	-0.359986	-0.00590988	-8.87312	-179.059
18.82	0.47038	-0.00624234	23.519	-0.312117	-0.360168	-0.00577445	-8.86878	-179.081
18.83	0.470184	-0.00609411	23.5092	-0.304705	-0.36035	-0.00563883	-8.86444	-179.103
18.84	0.469989	-0.00594574	23.4994	-0.297287	-0.360533	-0.00550302	-8.8601	-179.126
18.85	0.469793	-0.00579724	23.4896	-0.289862	-0.360715	-0.00536701	-8.85576	-179.148
18.86	0.469597	-0.00564862	23.4799	-0.282431	-0.360897	-0.00523082	-8.85142	-179.17
18.87	0.469402	-0.00549987	23.4701	-0.274994	-0.361079	-0.00509443	-8.84709	-179.192
18.88	0.469206	-0.005351	23.4603	-0.26755	-0.361261	-0.00495785	-8.84276	-179.214
18.89	0.469011	-0.00520199	23.4505	-0.2601	-0.361443	-0.00482108	-8.83843	-179.236
18.9	0.468816	-0.00505286	23.4408	-0.252643	-0.361625	-0.00468412	-8.8341	-179.258
18.91	0.46862	-0.0049036	23.431	-0.24518	-0.361807	-0.00454697	-8.82977	-179.28
18.92	0.468425	-0.00475422	23.4212	-0.237711	-0.361989	-0.00440962	-8.82544	-179.302
18.93	0.46823	-0.00460471	23.4115	-0.230235	-0.362171	-0.00427209	-8.82112	-179.324
18.94	0.468035	-0.00445507	23.4017	-0.222754	-0.362353	-0.00413436	-8.81679	-179.346
18.95	0.467839	-0.00430531	23.392	-0.215265	-0.362535	-0.00399644	-8.81247	-179.368
18.96	0.467644	-0.00415542	23.3822	-0.207771	-0.362717	-0.00385833	-8.80815	-179.391
18.97	0.467449	-0.0040054	23.3725	-0.20027	-0.362899	-0.00372003	-8.80383	-179.413
18.98	0.467254	-0.00385526	23.3627	-0.192763	-0.363081	-0.00358154	-8.79951	-179.435
18.99	0.467059	-0.00370499	23.353	-0.185249	-0.363263	-0.00344285	-8.7952	-179.457
19	0.466865	-0.00355459	23.3432	-0.17773	-0.363444	-0.00330398	-8.79088	-179.479
19.01	0.46667	-0.00340407	23.3335	-0.170204	-0.363626	-0.00316491	-8.78657	-179.501
19.02	0.466475	-0.00325343	23.3237	-0.162671	-0.363808	-0.00302566	-8.78226	-179.524
19.03	0.46628	-0.00310265	23.314	-0.155133	-0.36399	-0.00288621	-8.77795	-179.546
19.04	0.466086	-0.00295176	23.3043	-0.147588	-0.364171	-0.00274657	-8.77364	-179.568
19.05	0.465891	-0.00280073	23.2946	-0.140037	-0.364353	-0.00260673	-8.76933	-179.59
19.06	0.465696	-0.00264958	23.2848	-0.132479	-0.364535	-0.00246671	-8.76503	-179.612
19.07	0.465502	-0.00249831	23.2751	-0.124916	-0.364716	-0.0023265	-8.76072	-179.635
19.08	0.465308	-0.00234691	23.2654	-0.117346	-0.364898	-0.00218609	-8.75642	-179.657
19.09	0.465113	-0.00219539	23.2557	-0.109769	-0.365079	-0.00204549	-8.75212	-179.679
19.1	0.464919	-0.00204374	23.2459	-0.102187	-0.365261	-0.0019047	-8.74782	-179.701
19.11	0.464724	-0.00189197	23.2362	-0.0945983	-0.365442	-0.00176372	-8.74352	-179.723
19.12	0.46453	-0.00174007	23.2265	-0.0870034	-0.365624	-0.00162255	-8.73923	-179.746
19.13	0.464336	-0.00158804	23.2168	-0.0794022	-0.365805	-0.00148119	-8.73493	-179.768
19.14	0.464142	-0.0014359	23.2071	-0.0717949	-0.365987	-0.00133964	-8.73064	-179.79
19.15	0.463948	-0.00128363	23.1974	-0.0641813	-0.366168	-0.00119789	-8.72635	-179.813
19.16	0.463754	-0.00113123	23.1877	-0.0565615	-0.366349	-0.00105595	-8.72206	-179.835
19.17	0.46356	-0.000978709	23.178	-0.0489355	-0.366531	-0.000913824	-8.71777	-179.857
19.18	0.463366	-0.000826065	23.1683	-0.0413033	-0.366712	-0.000771504	-8.71348	-179.879
19.19	0.463172	-0.000673297	23.1586	-0.0336649	-0.366893	-0.000628993	-8.7092	-179.902
19.2	0.462978	-0.000520405	23.1489	-0.0260203	-0.367074	-0.000486291	-8.70491	-179.924
19.21	0.462784	-0.00036739	23.1392	-0.0183695	-0.367255	-0.000343397	-8.70063	-179.946
19.22	0.462591	-0.00021425	23.1295	-0.0107125	-0.367437	-0.000200312	-8.69635	-179.969
19.23	0.462397	-6.09876e-05	23.1198	-0.00304938	-0.367618	-5.7035e-05	-8.69207	-179.991
19.24	0.462203	9.23986e-05	23.1102	0.00461993	-0.367799	8.6433e-05	-8.68779	179.987
19.25	0.46201	0.000245908	23.1005	0.0122954	-0.36798	0.000230092	-8.68352	179.964
19.26	0.461816	0.000399541	23.0908	0.019977	-0.368161	0.000373943	-8.67924	179.942
19.27	0.461623	0.000553297	23.0811	0.0276648	-0.368342	0.000517985	-8.67497	179.919
19.28	0.461429	0.000707175	23.0715	0.0353588	-0.368523	0.000662219	-8.6707	179.897
19.29	0.461236	0.000861177	23.0618	0.0430589	-0.368704	0.000806643	-8.66643	179.875
19.3	0.461043	0.0010153	23.0521	0.0507651	-0.368885	0.000951259	-8.66216	179.852
19.31	0.46085	0.00116955	23.0425	0.0584774	-0.369065	0.00109607	-8.65789	179.83
19.32	0.460656	0.00132392	23.0328	0.0661959	-0.369246	0.00124107	-8.65363	179.807
19.33	0.460463	0.00147841	23.0232	0.0739205	-0.369427	0.00138626	-8.64936	179.785
19.34	0.46027	0.00163303	23.0135	0.0816513	-0.369608	0.00153164	-8.6451	179.763
19.35	0.460077	0.00178776	23.0039	0.0893881	-0.369789	0.00167721	-8.64084	179.74
19.36	0.459884	0.00194262	22.9942	0.0971311	-0.369969	0.00182297	-8.63658	179.718
19.37	0.459691	0.0020976	22.9846	0.10488	-0.37015	0.00196893	-8.63232	179.695
19.38	0.459498	0.0022527	22.9749	0.112635	-0.370331	0.00211508	-8.62807	179.673
19.39	0.459306	0.00240793	22.9653	0.120396	-0.370511	0.00226141	-8.62381	179.65
19.4	0.459113	0.00256328	22.9556	0.128164	-0.370692	0.00240794	-8.61956	179.628
19.41	0.45892	0.00271874	22.946	0.135937	-0.370872	0.00255466	-8.61531	179.605
19.42	0.458727	0.00287433	22.9364	0.143717	-0.371053	0.00270158	-8.61106	179.583
19.43	0.458535	0.00303004	22.9267	0.151502	-0.371233	0.00284868	-8.60681	179.56
19.44	0.458342	0.00318588	22.9171	0.159294	-0.371414	0.00299597	-8.60256	179.538
19.45	0.45815	0.00334183	22.9075	0.167092	-0.371594	0.00314346	-8.59832	179.515
19.46	0.457957	0.00349791	22.8979	0.174895	-0.371774	0.00329114	-8.59407	179.493
19.47	0.457765	0.0036541	22.8883	0.182705	-0.371955	0.003439	-8.58983	179.47
19.48	0.457573	0.00381042	22.8786	0.190521	-0.372135	0.00358706	-8.58559	179.448
19.49	0.45738	0.00396685	22.869	0.198343	-0.372315	0.00373531	-8.58135	179.425
19.5	0.457188	0.00412341	22.8594	0.206171	-0.372495	0.00388376	-8.57711	179.403
19.51	0.456996	0.00428009	22.8498	0.214005	-0.372675	0.00403239	-8.57288	179.38
19.52	0.456804	0.00443689	22.8402	0.221844	-0.372856	0.00418121	-8.56864	179.358
19.53	0.456612	0.00459381	22.8306	0.22969	-0.373036	0.00433023	-8.56441	179.335
19.54	0.45642	0.00475085	22.821	0.237542	-0.373216	0.00447944	-8.56018	179.312
19.55	0.456228	0.00490801	22.8114	0.2454	-0.373396	0.00462883	-8.55595	179.29
19.56	0.456036	0.00506529	22.8018	0.253264	-0.373576	0.00477842	-8.55172	179.267
19.57	0.455844	0.00522269	22.7922	0.261134	-0.373756	0.0049282	-8.54749	179.245
19.58	0.455653	0.00538021	22.7826	0.26901	-0.373936	0.00507817	-8.54326	179.222
19.59	0.455461	0.00553785	22.773	0.276892	-0.374115	0.00522834	-8.53904	179.199
19.6	0.455269	0.0056956	22.7635	0.28478	-0.374295	0.00537869	-8.53482	179.177
19.61	0.455078	0.00585348	22.7539	0.292674	-0.374475	0.00552924	-8.5306	179.154
19.62	0.454886	0.00601148	22.7443	0.300574	-0.374655	0.00567997	-8.52638	179.131
19.63	0.454694	0.0061696	22.7347	0.30848	-0.374834	0.0058309	-8.52216	179.109
19.64	0.454503	0.00632783	22.7252	0.316392	-0.375014	0.00598202	-8.51794	179.086
19.65	0.454312	0.00648619	22.7156	0.324309	-0.375194	0.00613333	-8.51373	179.063
19.66	0.45412	0.00664466	22.706	0.332233	-0.375373	0.00628483	-8.50952	179.041
19.67	0.453929	0.00680326	22.6965	0.340163	-0.375553	0.00643652	-8.5053	179.018
19.68	0.453738	0.00696197	22.6869	0.348098	-0.375732	0.0065884	-8.50109	178.995
19.69	0.453547	0.0071208	22.6773	0.35604	-0.375912	0.00674047	-8.49688	178.973
19.7	0.453356	0.00727975	22.6678	0.363987	-0.376091	0.00689274	-8.49268	178.95
19.71	0.453164	0.00743882	22.6582	0.371941	-0.376271	0.00704519	-8.48847	178.927
19.72	0.452973	0.007598	22.6487	0.3799	-0.37645	0.00719784	-8.48427	178.905
19.73	0.452783	0.00775731	22.6391	0.387865	-0.376629	0.00735068	-8.48006	178.882
19.74	0.452592	0.00791673	22.6296	0.395836	-0.376809	0.00750371	-8.47586	178.859
19.75	0.452401	0.00807627	22.62	0.403813	-0.376988	0.00765692	-8.47166	178.836
19.76	0.45221	0.00823593	22.6105	0.411796	-0.377167	0.00781033	-8.46747	178.814
19.77	0.452019	0.0083957	22.601	0.419785	-0.377346	0.00796394	-8.46327	178.791
19.78	0.451829	0.0085556	22.5914	0.42778	-0.377525	0.00811773	-8.45907	178.768
19.79	0.451638	0.00871561	22.5819	0.43578	-0.377704	0.00827171	-8.45488	178.745
19.8	0.451448	0.00887574	22.5724	0.443787	-0.377883	0.00842589	-8.45069	178.723
19.81	0.451257	0.00903598	22.5629	0.451799	-0.378062	0.00858025	-8.4465	178.7
19.82	0.451067	0.00919635	22.5533	0.459817	-0.378241	0.00873481	-8.44231	178.677
19.83	0.450876	0.00935683	22.5438	0.467841	-0.37842	0.00888955	-8.43812	178.654
19.84	0.450686	0.00951743	22.5343	0.475871	-0.378599	0.00904449	-8.43394	178.631
19.85	0.450496	0.00967814	22.5248	0.483907	-0.378778	0.00919962	-8.42975	178.609
19.86	0.450305	0.00983897	22.5153	0.491949	-0.378956	0.00935494	-8.42557	178.586
19.87	0.450115	0.00999992	22.5058	0.499996	-0.379135	0.00951045	-8.42139	178.563
19.88	0.449925	0.010161	22.4963	0.508049	-0.379314	0.00966615	-8.41721	178.54
19.89	0.449735	0.0103222	22.4868	0.516108	-0.379492	0.00982204	-8.41303	178.517
19.9	0.449545	0.0104835	22.4773	0.524173	-0.379671	0.00997812	-8.40885	178.495
19.91	0.449355	0.0106449	22.4678	0.532244	-0.37985	0.0101344	-8.40468	178.472
19.92	0.449165	0.0108064	22.4583	0.540321	-0.380028	0.0102909	-8.4005	178.449
19.93	0.448976	0.0109681	22.4488	0.548403	-0.380206	0.0104475	-8.39633	178.426
19.94	0.448786	0.0111298	22.4393	0.556491	-0.380385	0.0106044	-8.39216	178.403
19.95	0.448596	0.0112917	22.4298	0.564585	-0.380563	0.0107614	-8.38799	178.38
19.96	0.448406	0.0114537	22.4203	0.572685	-0.380741	0.0109186	-8.38383	178.357
19.97	0.448217	0.0116158	22.4108	0.58079	-0.38092	0.011076	-8.37966	178.334
19.98	0.448027	0.011778	22.4014	0.588902	-0.381098	0.0112336	-8.3755	178.312
19.99	0.447838	0.0119404	22.3919	0.597019	-0.381276	0.0113914	-8.37133	178.289
20	0.447649	0.0121028	22.3824	0.605142	-0.381454	0.0115494	-8.36717	178.266
20.01	0.447459	0.0122654	22.373	0.61327	-0.381632	0.0117076	-8.36301	178.243
20.02	0.44727	0.0124281	22.3635	0.621405	-0.38181	0.011866	-8.35885	178.22
20.03	0.447081	0.0125909	22.354	0.629545	-0.381988	0.0120245	-8.3547	178.197
20.04	0.446891	0.0127538	22.3446	0.637691	-0.382166	0.0121833	-8.35054	178.174
20.05	0.446702	0.0129168	22.3351	0.645842	-0.382344	0.0123422	-8.34639	178.151
20.06	0.446513	0.01308	22.3257	0.654	-0.382522	0.0125014	-8.34223	178.128
20.07	0.446324	0.0132433	22.3162	0.662163	-0.3827	0.0126607	-8.33808	178.105
20.08	0.446135	0.0134066	22.3068	0.670332	-0.382878	0.0128202	-8.33394	178.082
20.09	0.445946	0.0135701	22.2973	0.678506	-0.383055	0.0129799	-8.32979	178.059
20.1	0.445758	0.0137337	22.2879	0.686687	-0.383233	0.0131398	-8.32564	178.036
20.11	0.445569	0.0138975	22.2784	0.694873	-0.383411	0.0132999	-8.3215	178.013
20.12	0.44538	0.0140613	22.269	0.703064	-0.383588	0.0134601	-8.31735	177.99
20.13	0.445191	0.0142252	22.2596	0.711262	-0.383766	0.0136206	-8.31321	177.967
20.14	0.445003	0.0143893	22.2501	0.719465	-0.383943	0.0137813	-8.30907	177.944
20.15	0.444814	0.0145535	22.2407	0.727674	-0.38412	0.0139421	-8.30493	177.921
20.16	0.444626	0.0147178	22.2313	0.735888	-0.384298	0.0141031	-8.3008	177.898
20.17	0.444437	0.0148822	22.2219	0.744108	-0.384475	0.0142644	-8.29666	177.875
20.18	0.444249	0.0150467	22.2125	0.752334	-0.384652	0.0144258	-8.29253	177.852
20.19	0.444061	0.0152113	22.203	0.760566	-0.38483	0.0145874	-8.2884	177.829
20.2	0.443873	0.0153761	22.1936	0.768803	-0.385007	0.0147492	-8.28426	177.806
20.21	0.443684	0.0155409	22.1842	0.777046	-0.385184	0.0149112	-8.28013	177.783
20.22	0.443496	0.0157059	22.1748	0.785294	-0.385361	0.0150733	-8.27601	177.76
20.23	0.443308	0.015871	22.1654	0.793548	-0.385538	0.0152357	-8.27188	177.737
20.24	0.44312	0.0160362	22.156	0.801808	-0.385715	0.0153983	-8.26776	177.714
20.25	0.442932	0.0162015	22.1466	0.810074	-0.385892	0.015561	-8.26363	177.691
20.26	0.442744	0.0163669	22.1372	0.818345	-0.386069	0.015724	-8.25951	177.668
20.27	0.442556	0.0165324	22.1278	0.826621	-0.386245	0.0158871	-8.25539	177.645
20.28	0.442369	0.0166981	22.1184	0.834904	-0.386422	0.0160504	-8.25127	177.622
20.29	0.442181	0.0168638	22.109	0.843192	-0.386599	0.0162139	-8.24716	177.598
20.3	0.441993	0.0170297	22.0997	0.851485	-0.386776	0.0163776	-8.24304	177.575
20.31	0.441806	0.0171957	22.0903	0.859785	-0.386952	0.0165415	-8.23893	177.552
20.32	0.441618	0.0173618	22.0809	0.868089	-0.387129	0.0167056	-8.23481	177.529
20.33	0.441431	0.017528	22.0715	0.8764	-0.387305	0.0168698	-8.2307	177.506
20.34	0.441243	0.0176943	22.0622	0.884716	-0.387482	0.0170343	-8.22659	177.483
20.35	0.441056	0.0178607	22.0528	0.893037	-0.387658	0.0171989	-8.22248	177.46
20.36	0.440869	0.0180273	22.0434	0.901364	-0.387834	0.0173638	-8.21838	177.437
20.37	0.440681	0.0181939	22.0341	0.909697	-0.388011	0.0175288	-8.21427	177.413
20.38	0.440494	0.0183607	22.0247	0.918035	-0.388187	0.017694	-8.21017	177.39
20.39	0.440307	0.0185276	22.0154	0.926379	-0.388363	0.0178594	-8.20607	177.367
20.4	0.44012	0.0186946	22.006	0.934729	-0.388539	0.018025	-8.20197	177.344
20.41	0.439933	0.0188617	21.9967	0.943084	-0.388715	0.0181908	-8.19787	177.321
20.42	0.439746	0.0190289	21.9873	0.951444	-0.388891	0.0183567	-8.19377	177.297
20.43	0.439559	0.0191962	21.978	0.95981	-0.389067	0.0185229	-8.18968	177.274
20.44	0.439372	0.0193636	21.9686	0.968182	-0.389243	0.0186893	-8.18558	177.251
20.45	0.439186	0.0195312	21.9593	0.976559	-0.389419	0.0188558	-8.18149	177.228
20.46	0.438999	0.0196988	21.9499	0.984942	-0.389595	0.0190225	-8.1774	177.205
20.47	0.438812	0.0198666	21.9406	0.99333	-0.38977	0.0191895	-8.17331	177.181
20.48	0.438626	0.0200345	21.9313	1.00172	-0.389946	0.0193566	-8.16922	177.158
20.49	0.438439	0.0202025	21.922	1.01012	-0.390122	0.0195239	-8.16513	177.135
20.5	0.438253	0.0203706	21.9126	1.01853	-0.390297	0.0196914	-8.16105	177.112
20.51	0.438066	0.0205388	21.9033	1.02694	-0.390473	0.019859	-8.15696	177.089
20.52	0.43788	0.0207071	21.894	1.03535	-0.390648	0.0200269	-8.15288	177.065
20.53	0.437694	0.0208755	21.8847	1.04378	-0.390824	0.020195	-8.1488	177.042
20.54	0.437507	0.021044	21.8754	1.0522	-0.390999	0.0203632	-8.14472	177.019
20.55	0.437321	0.0212127	21.8661	1.06063	-0.391174	0.0205316	-8.14064	176.995
20.56	0.437135	0.0213814	21.8568	1.06907	-0.39135	0.0207003	-8.13657	176.972
20.57	0.436949	0.0215503	21.8475	1.07752	-0.391525	0.0208691	-8.13249	176.949
20.58	0.436763	0.0217193	21.8382	1.08596	-0.3917	0.0210381	-8.12842	176.926
20.59	0.436577	0.0218884	21.8289	1.09442	-0.391875	0.0212073	-8.12435	176.902
20.6	0.436391	0.0220576	21.8196	1.10288	-0.39205	0.0213766	-8.12028	176.879
20.61	0.436206	0.0222269	21.8103	1.11134	-0.392225	0.0215462	-8.11621	176.856
20.62	0.43602	0.0223963	21.801	1.11981	-0.3924	0.021716	-8.11214	176.832
20.63	0.435834	0.0225658	21.7917	1.12829	-0.392575	0.0218859	-8.10808	176.809
20.64	0.435649	0.0227354	21.7824	1.13677	-0.392749	0.0220561	-8.10402	176.786
20.65	0.435463	0.0229052	21.7731	1.14526	-0.392924	0.0222264	-8.09995	176.762
20.66	0.435277	0.023075	21.7639	1.15375	-0.393099	0.0223969	-8.09589	176.739
20.67	0.435092	0.023245	21.7546	1.16225	-0.393273	0.0225676	-8.09183	176.716
20.68	0.434907	0.023415	21.7453	1.17075	-0.393448	0.0227385	-8.08778	176.692
20.69	0.434721	0.0235852	21.7361	1.17926	-0.393622	0.0229096	-8.08372	176.669
20.7	0.434536	0.0237555	21.7268	1.18777	-0.393797	0.0230808	-8.07966	176.646
20.71	0.434351	0.0239259	21.7175	1.19629	-0.393971	0.0232523	-8.07561	176.622
20.72	0.434166	0.0240964	21.7083	1.20482	-0.394145	0.0234239	-8.07156	176.599
20.73	0.433981	0.024267	21.699	1.21335	-0.39432	0.0235958	-8.06751	176.576
20.74	0.433796	0.0244377	21.6898	1.22188	-0.394494	0.0237678	-8.06346	176.552
20.75	0.433611	0.0246085	21.6805	1.23042	-0.394668	0.02394	-8.05941	176.529
20.76	0.433426	0.0247794	21.6713	1.23897	-0.394842	0.0241124	-8.05537	176.505
20.77	0.433241	0.0249504	21.6621	1.24752	-0.395016	0.024285	-8.05132	176.482
20.78	0.433056	0.0251216	21.6528	1.25608	-0.39519	0.0244578	-8.04728	176.459
20.79	0.432872	0.0252928	21.6436	1.26464	-0.395364	0.0246308	-8.04324	176.435
20.8	0.432687	0.0254642	21.6343	1.27321	-0.395538	0.0248039	-8.0392	176.412
20.81	0.432502	0.0256357	21.6251	1.28178	-0.395711	0.0249773	-8.03516	176.388
20.82	0.432318	0.0258072	21.6159	1.29036	-0.395885	0.0251508	-8.03113	176.365
20.83	0.432133	0.0259789	21.6067	1.29895	-0.396059	0.0253245	-8.02709	176.341
20.84	0.431949	0.0261507	21.5974	1.30753	-0.396232	0.0254984	-8.02306	176.318
20.85	0.431765	0.0263226	21.5882	1.31613	-0.396406	0.0256725	-8.01903	176.295
20.86	0.43158	0.0264946	21.579	1.32473	-0.396579	0.0258468	-8.015	176.271
20.87	0.431396	0.0266667	21.5698	1.33333	-0.396752	0.0260213	-8.01097	176.248
20.88	0.431212	0.0268389	21.5606	1.34194	-0.396926	0.0261959	-8.00694	176.224
20.89	0.431028	0.0270112	21.5514	1.35056	-0.397099	0.0263708	-8.00291	176.201
20.9	0.430844	0.0271836	21.5422	1.35918	-0.397272	0.0265458	-7.99889	176.177
20.91	0.43066	0.0273561	21.533	1.36781	-0.397445	0.026721	-7.99487	176.154
20.92	0.430476	0.0275288	21.5238	1.37644	-0.397618	0.0268965	-7.99085	176.13
20.93	0.430292	0.0277015	21.5146	1.38508	-0.397791	0.0270721	-7.98683	176.107
20.94	0.430108	0.0278744	21.5054	1.39372	-0.397964	0.0272478	-7.98281	176.083
20.95	0.429925	0.0280473	21.4962	1.40237	-0.398137	0.0274238	-7.97879	176.06
20.96	0.429741	0.0282204	21.4871	1.41102	-0.39831	0.0276	-7.97478	176.036
20.97	0.429557	0.0283935	21.4779	1.41968	-0.398483	0.0277763	-7.97076	176.013
20.98	0.429374	0.0285668	21.4687	1.42834	-0.398655	0.0279529	-7.96675	175.989
20.99	0.429191	0.0287402	21.4595	1.43701	-0.398828	0.0281296	-7.96274	175.966
21	0.429007	0.0289137	21.4504	1.44568	-0.399	0.0283065	-7.95873	175.942
21.01	0.428824	0.0290872	21.4412	1.45436	-0.399173	0.0284836	-7.95472	175.918
21.02	0.42864	0.0292609	21.432	1.46305	-0.399345	0.0286609	-7.95072	175.895
21.03	0.428457	0.0294347	21.4229	1.47174	-0.399518	0.0288384	-7.94671	175.871
21.04	0.428274	0.0296086	21.4137	1.48043	-0.39969	0.0290161	-7.94271	175.848
21.05	0.428091	0.0297826	21.4046	1.48913	-0.399862	0.0291939	-7.93871	175.824
21.06	0.427908	0.0299567	21.3954	1.49784	-0.400034	0.0293719	-7.93471	175.801
21.07	0.427725	0.0301309	21.3863	1.50655	-0.400206	0.0295502	-7.93071	175.777
21.08	0.427542	0.0303052	21.3771	1.51526	-0.400378	0.0297286	-7.92671	175.754
21.09	0.427359	0.0304797	21.368	1.52398	-0.40055	0.0299072	-7.92272	175.73
21.1	0.427177	0.0306542	21.3588	1.53271	-0.400722	0.030086	-7.91872	175.706
21.11	0.426994	0.0308288	21.3497	1.54144	-0.400894	0.030265	-7.91473	175.683
21.12	0.426811	0.0310036	21.3406	1.55018	-0.401066	0.0304441	-7.91074	175.659
21.13	0.426629	0.0311784	21.3314	1.55892	-0.401237	0.0306235	-7.90675	175.635
21.14	0.426446	0.0313533	21.3223	1.56767	-0.401409	0.030803	-7.90276	175.612
21.15	0.426264	0.0315284	21.3132	1.57642	-0.40158	0.0309827	-7.89877	175.588
21.16	0.426081	0.0317035	21.3041	1.58518	-0.401752	0.0311626	-7.89479	175.565
21.17	0.425899	0.0318788	21.2949	1.59394	-0.401923	0.0313427	-7.89081	175.541
21.18	0.425717	0.0320541	21.2858	1.60271	-0.402095	0.031523	-7.88682	175.517
21.19	0.425534	0.0322296	21.2767	1.61148	-0.402266	0.0317035	-7.88284	175.494
21.2	0.425352	0.0324051	21.2676	1.62026	-0.402437	0.0318842	-7.87886	175.47
21.21	0.42517	0.0325808	21.2585	1.62904	-0.402608	0.032065	-7.87489	175.446
21.22	0.424988	0.0327566	21.2494	1.63783	-0.402779	0.032246	-7.87091	175.423
21.23	0.424806	0.0329324	21.2403	1.64662	-0.40295	0.0324273	-7.86694	175.399
21.24	0.424624	0.0331084	21.2312	1.65542	-0.403121	0.0326087	-7.86296	175.375
21.25	0.424442	0.0332845	21.2221	1.66422	-0.403292	0.0327903	-7.85899	175.352
21.26	0.424261	0.0334607	21.213	1.67303	-0.403463	0.032972	-7.85502	175.328
21.27	0.424079	0.0336369	21.2039	1.68185	-0.403633	0.033154	-7.85106	175.304
21.28	0.423897	0.0338133	21.1949	1.69067	-0.403804	0.0333362	-7.84709	175.281
21.29	0.423716	0.0339898	21.1858	1.69949	-0.403975	0.0335185	-7.84312	175.257
21.3	0.423534	0.0341664	21.1767	1.70832	-0.404145	0.033701	-7.83916	175.233
21.31	0.423353	0.0343431	21.1676	1.71715	-0.404315	0.0338837	-7.8352	175.21
21.32	0.423171	0.0345199	21.1586	1.72599	-0.404486	0.0340666	-7.83124	175.186
21.33	0.42299	0.0346967	21.1495	1.73484	-0.404656	0.0342497	-7.82728	175.162
21.34	0.422809	0.0348737	21.1404	1.74369	-0.404826	0.034433	-7.82332	175.138
21.35	0.422628	0.0350508	21.1314	1.75254	-0.404996	0.0346164	-7.81936	175.115
21.36	0.422446	0.035228	21.1223	1.7614	-0.405166	0.0348001	-7.81541	175.091
21.37	0.422265	0.0354053	21.1133	1.77027	-0.405336	0.0349839	-7.81146	175.067
21.38	0.422084	0.0355827	21.1042	1.77914	-0.405506	0.0351679	-7.8075	175.043
21.39	0.421903	0.0357602	21.0952	1.78801	-0.405676	0.0353521	-7.80355	175.02
21.4	0.421723	0.0359378	21.0861	1.79689	-0.405846	0.0355365	-7.79961	174.996
21.41	0.421542	0.0361155	21.0771	1.80578	-0.406016	0.0357211	-7.79566	174.972
21.42	0.421361	0.0362933	21.0681	1.81467	-0.406185	0.0359058	-7.79171	174.948
21.43	0.42118	0.0364712	21.059	1.82356	-0.406355	0.0360908	-7.78777	174.925
21.44	0.421	0.0366492	21.05	1.83246	-0.406524	0.0362759	-7.78383	174.901
21.45	0.420819	0.0368273	21.041	1.84137	-0.406694	0.0364612	-7.77989	174.877
21.46	0.420639	0.0370056	21.0319	1.85028	-0.406863	0.0366467	-7.77595	174.853
21.47	0.420458	0.0371839	21.0229	1.85919	-0.407032	0.0368324	-7.77201	174.829
21.48	0.420278	0.0373623	21.0139	1.86811	-0.407201	0.0370183	-7.76807	174.806
21.49	0.420098	0.0375408	21.0049	1.87704	-0.40737	0.0372043	-7.76414	174.782
21.5	0.419917	0.0377194	20.9959	1.88597	-0.407539	0.0373906	-7.7602	174.758
21.51	0.419737	0.0378981	20.9869	1.8949	-0.407708	0.037577	-7.75627	174.734
21.52	0.419557	0.0380769	20.9779	1.90384	-0.407877	0.0377636	-7.75234	174.71
21.53	0.419377	0.0382558	20.9688	1.91279	-0.408046	0.0379504	-7.74841	174.686
21.54	0.419197	0.0384348	20.9599	1.92174	-0.408215	0.0381374	-7.74448	174.663
21.55	0.419017	0.0386139	20.9509	1.9307	-0.408383	0.0383246	-7.74056	174.639
21.56	0.418837	0.0387931	20.9419	1.93966	-0.408552	0.0385119	-7.73663	174.615
21.57	0.418657	0.0389724	20.9329	1.94862	-0.40872	0.0386994	-7.73271	174.591
21.58	0.418478	0.0391518	20.9239	1.95759	-0.408889	0.0388872	-7.72879	174.567
21.59	0.418298	0.0393313	20.9149	1.96657	-0.409057	0.0390751	-7.72487	174.543
21.6	0.418118	0.0395109	20.9059	1.97555	-0.409225	0.0392632	-7.72095	174.52
21.61	0.417939	0.0396906	20.8969	1.98453	-0.409394	0.0394514	-7.71703	174.496
21.62	0.417759	0.0398704	20.888	1.99352	-0.409562	0.0396399	-7.71312	174.472
21.63	0.41758	0.0400503	20.879	2.00252	-0.40973	0.0398285	-7.70921	174.448
21.64	0.417401	0.0402303	20.87	2.01152	-0.409898	0.0400174	-7.70529	174.424
21.65	0.417221	0.0404104	20.8611	2.02052	-0.410066	0.0402064	-7.70138	174.4
21.66	0.417042	0.0405906	20.8521	2.02953	-0.410233	0.0403956	-7.69747	174.376
21.67	0.416863	0.0407709	20.8432	2.03855	-0.410401	0.040585	-7.69356	174.352
21.68	0.416684	0.0409513	20.8342	2.04757	-0.410569	0.0407745	-7.68966	174.328
21.69	0.416505	0.0411318	20.8253	2.05659	-0.410736	0.0409643	-7.68575	174.305
21.7	0.416326	0.0413124	20.8163	2.06562	-0.410904	0.0411542	-7.68185	174.281
21.71	0.416147	0.0414931	20.8074	2.07465	-0.411071	0.0413444	-7.67795	174.257
21.72	0.415968	0.0416739	20.7984	2.08369	-0.411238	0.0415347	-7.67405	174.233
21.73	0.41579	0.0418548	20.7895	2.09274	-0.411406	0.0417251	-7.67015	174.209
21.74	0.415611	0.0420357	20.7805	2.10179	-0.411573	0.0419158	-7.66625	174.185
21.75	0.415432	0.0422168	20.7716	2.11084	-0.41174	0.0421067	-7.66236	174.161
21.76	0.415254	0.042398	20.7627	2.1199	-0.411907	0.0422977	-7.65846	174.137
21.77	0.415075	0.0425793	20.7538	2.12896	-0.412074	0.0424889	-7.65457	174.113
21.78	0.414897	0.0427606	20.7448	2.13803	-0.412241	0.0426804	-7.65068	174.089
21.79	0.414719	0.0429421	20.7359	2.14711	-0.412407	0.042872	-7.64679	174.065
21.8	0.41454	0.0431237	20.727	2.15618	-0.412574	0.0430637	-7.6429	174.041
21.81	0.414362	0.0433053	20.7181	2.16527	-0.412741	0.0432557	-7.63901	174.017
21.82	0.414184	0.0434871	20.7092	2.17435	-0.412907	0.0434478	-7.63513	173.993
21.83	0.414006	0.0436689	20.7003	2.18345	-0.413074	0.0436402	-7.63125	173.969
21.84	0.413828	0.0438509	20.6914	2.19255	-0.41324	0.0438327	-7.62736	173.945
21.85	0.41365	0.044033	20.6825	2.20165	-0.413406	0.0440254	-7.62348	173.921
21.86	0.413472	0.0442151	20.6736	2.21075	-0.413572	0.0442182	-7.6196	173.897
21.87	0.413294	0.0443973	20.6647	2.21987	-0.413739	0.0444113	-7.61573	173.873
21.88	0.413116	0.0445797	20.6558	2.22898	-0.413905	0.0446046	-7.61185	173.849
21.89	0.412939	0.0447621	20.6469	2.23811	-0.414071	0.044798	-7.60797	173.825
21.9	0.412761	0.0449446	20.638	2.24723	-0.414236	0.0449916	-7.6041	173.801
21.91	0.412583	0.0451273	20.6292	2.25636	-0.414402	0.0451854	-7.60023	173.777
21.92	0.412406	0.04531	20.6203	2.2655	-0.414568	0.0453794	-7.59636	173.753
21.93	0.412228	0.0454928	20.6114	2.27464	-0.414733	0.0455735	-7.59249	173.729
21.94	0.412051	0.0456757	20.6025	2.28379	-0.414899	0.0457679	-7.58862	173.705
21.95	0.411874	0.0458587	20.5937	2.29294	-0.415064	0.0459624	-7.58476	173.681
21.96	0.411696	0.0460419	20.5848	2.30209	-0.41523	0.0461571	-7.58089	173.657
21.97	0.411519	0.0462251	20.576	2.31125	-0.415395	0.046352	-7.57703	173.633
21.98	0.411342	0.0464084	20.5671	2.32042	-0.41556	0.0465471	-7.57317	173.609
21.99	0.411165	0.0465918	20.5583	2.32959	-0.415725	0.0467423	-7.56931	173.585
22	0.410988	0.0467752	20.5494	2.33876	-0.41589	0.0469378	-7.56545	173.561
22.01	0.410811	0.0469588	20.5406	2.34794	-0.416055	0.0471334	-7.5616	173.537
22.02	0.410634	0.0471425	20.5317	2.35713	-0.41622	0.0473292	-7.55774	173.513
22.03	0.410458	0.0473263	20.5229	2.36631	-0.416385	0.0475252	-7.55389	173.489
22.04	0.410281	0.0475101	20.514	2.37551	-0.41655	0.0477213	-7.55004	173.464
22.05	0.410104	0.0476941	20.5052	2.38471	-0.416714	0.0479177	-7.54619	173.44
22.06	0.409928	0.0478782	20.4964	2.39391	-0.416879	0.0481142	-7.54234	173.416
22.07	0.409751	0.0480623	20.4876	2.40312	-0.417043	0.0483109	-7.53849	173.392
22.08	0.409575	0.0482466	20.4787	2.41233	-0.417207	0.0485078	-7.53464	173.368
22.09	0.409398	0.0484309	20.4699	2.42155	-0.417372	0.0487049	-7.5308	173.344
22.1	0.409222	0.0486154	20.4611	2.43077	-0.417536	0.0489022	-7.52696	173.32
22.11	0.409046	0.0487999	20.4523	2.43999	-0.4177	0.0490996	-7.52311	173.296
22.12	0.408869	0.0489845	20.4435	2.44923	-0.417864	0.0492972	-7.51927	173.272
22.13	0.408693	0.0491692	20.4347	2.45846	-0.418028	0.049495	-7.51543	173.248
22.14	0.408517	0.049354	20.4259	2.4677	-0.418192	0.049693	-7.5116	173.223
22.15	0.408341	0.0495389	20.4171	2.47695	-0.418355	0.0498912	-7.50776	173.199
22.16	0.408165	0.0497239	20.4083	2.4862	-0.418519	0.0500895	-7.50393	173.175
22.17	0.407989	0.049909	20.3995	2.49545	-0.418683	0.0502881	-7.5001	173.151
22.18	0.407814	0.0500942	20.3907	2.50471	-0.418846	0.0504868	-7.49626	173.127
22.19	0.407638	0.0502795	20.3819	2.51398	-0.419009	0.0506857	-7.49244	173.103
22.2	0.407462	0.0504649	20.3731	2.52324	-0.419173	0.0508848	-7.48861	173.079
22.21	0.407287	0.0506504	20.3643	2.53252	-0.419336	0.051084	-7.48478	173.054
22.22	0.407111	0.0508359	20.3556	2.5418	-0.419499	0.0512835	-7.48096	173.03
22.23	0.406936	0.0510216	20.3468	2.55108	-0.419662	0.0514831	-7.47713	173.006
22.24	0.40676	0.0512073	20.338	2.56037	-0.419825	0.0516829	-7.47331	172.982
22.25	0.406585	0.0513932	20.3292	2.56966	-0.419988	0.0518829	-7.46949	172.958
22.26	0.40641	0.0515791	20.3205	2.57895	-0.420151	0.052083	-7.46567	172.934
22.27	0.406235	0.0517651	20.3117	2.58826	-0.420313	0.0522834	-7.46185	172.909
22.28	0.406059	0.0519512	20.303	2.59756	-0.420476	0.0524839	-7.45804	172.885
22.29	0.405884	0.0521374	20.2942	2.60687	-0.420638	0.0526846	-7.45422	172.861
22.3	0.405709	0.0523237	20.2855	2.61619	-0.420801	0.0528855	-7.45041	172.837
22.31	0.405534	0.0525101	20.2767	2.62551	-0.420963	0.0530865	-7.4466	172.813
22.32	0.40536	0.0526966	20.268	2.63483	-0.421125	0.0532878	-7.44279	172.788
22.33	0.405185	0.0528832	20.2592	2.64416	-0.421287	0.0534892	-7.43898	172.764
22.34	0.40501	0.0530699	20.2505	2.65349	-0.421449	0.0536908	-7.43517	172.74
22.35	0.404835	0.0532566	20.2418	2.66283	-0.421611	0.0538926	-7.43137	172.716
22.36	0.404661	0.0534435	20.233	2.67217	-0.421773	0.0540946	-7.42756	172.691
22.37	0.404486	0.0536304	20.2243	2.68152	-0.421935	0.0542967	-7.42376	172.667
22.38	0.404312	0.0538175	20.2156	2.69087	-0.422097	0.054499	-7.41996	172.643
22.39	0.404137	0.0540046	20.2069	2.70023	-0.422258	0.0547015	-7.41616	172.619
22.4	0.403963	0.0541918	20.1982	2.70959	-0.42242	0.0549042	-7.41236	172.594
22.41	0.403789	0.0543791	20.1894	2.71896	-0.422581	0.0551071	-7.40857	172.57
22.42	0.403615	0.0545665	20.1807	2.72833	-0.422742	0.0553101	-7.40477	172.546
22.43	0.40344	0.054754	20.172	2.7377	-0.422904	0.0555134	-7.40098	172.522
22.44	0.403266	0.0549416	20.1633	2.74708	-0.423065	0.0557168	-7.39719	172.497
22.45	0.403092	0.0551293	20.1546	2.75646	-0.423226	0.0559204	-7.39339	172.473
22.46	0.402918	0.0553171	20.1459	2.76585	-0.423387	0.0561241	-7.38961	172.449
22.47	0.402745	0.0555049	20.1372	2.77525	-0.423547	0.0563281	-7.38582	172.425
22.48	0.402571	0.0556929	20.1285	2.78464	-0.423708	0.0565322	-7.38203	172.4
22.49	0.402397	0.0558809	20.1199	2.79405	-0.423869	0.0567365	-7.37825	172.376
22.5	0.402223	0.056069	20.1112	2.80345	-0.424029	0.056941	-7.37446	172.352
22.51	0.40205	0.0562573	20.1025	2.81286	-0.42419	0.0571456	-7.37068	172.327
22.52	0.401876	0.0564456	20.0938	2.82228	-0.42435	0.0573505	-7.3669	172.303
22.53	0.401703	0.056634	20.0851	2.8317	-0.42451	0.0575555	-7.36312	172.279
22.54	0.401529	0.0568225	20.0765	2.84112	-0.424671	0.0577607	-7.35935	172.255
22.55	0.401356	0.057011	20.0678	2.85055	-0.424831	0.0579661	-7.35557	172.23
22.56	0.401183	0.0571997	20.0591	2.85999	-0.424991	0.0581716	-7.3518	172.206
22.57	0.40101	0.0573885	20.0505	2.86942	-0.425151	0.0583773	-7.34803	172.182
22.58	0.400837	0.0575773	20.0418	2.87887	-0.42531	0.0585832	-7.34425	172.157
22.59	0.400664	0.0577663	20.0332	2.88831	-0.42547	0.0587893	-7.34048	172.133
22.6	0.400491	0.0579553	20.0245	2.89776	-0.42563	0.0589956	-7.33672	172.109
22.61	0.400318	0.0581444	20.0159	2.90722	-0.425789	0.0592021	-7.33295	172.084
22.62	0.400145	0.0583336	20.0072	2.91668	-0.425949	0.0594087	-7.32918	172.06
22.63	0.399972	0.0585229	19.9986	2.92615	-0.426108	0.0596155	-7.32542	172.036
22.64	0.399799	0.0587123	19.99	2.93562	-0.426267	0.0598225	-7.32166	172.011
22.65	0.399627	0.0589018	19.9813	2.94509	-0.426426	0.0600296	-7.3179	171.987
22.66	0.399454	0.0590914	19.9727	2.95457	-0.426585	0.060237	-7.31414	171.963
22.67	0.399282	0.059281	19.9641	2.96405	-0.426744	0.0604445	-7.31038	171.938
22.68	0.399109	0.0594707	19.9555	2.97354	-0.426903	0.0606522	-7.30663	171.914
22.69	0.398937	0.0596606	19.9468	2.98303	-0.427062	0.06086	-7.30287	171.889
22.7	0.398764	0.0598505	19.9382	2.99252	-0.42722	0.0610681	-7.29912	171.865
22.71	0.398592	0.0600405	19.9296	3.00203	-0.427379	0.0612763	-7.29537	171.841
22.72	0.39842	0.0602306	19.921	3.01153	-0.427537	0.0614847	-7.29162	171.816
22.73	0.398248	0.0604208	19.9124	3.02104	-0.427696	0.0616933	-7.28787	171.792
22.74	0.398076	0.0606111	19.9038	3.03055	-0.427854	0.061902	-7.28412	171.768
22.75	0.397904	0.0608014	19.8952	3.04007	-0.428012	0.062111	-7.28038	171.743
22.76	0.397732	0.0609919	19.8866	3.04959	-0.42817	0.0623201	-7.27663	171.719
22.77	0.39756	0.0611824	19.878	3.05912	-0.428328	0.0625294	-7.27289	171.694
22.78	0.397388	0.061373	19.8694	3.06865	-0.428486	0.0627388	-7.26915	171.67
22.79	0.397217	0.0615638	19.8608	3.07819	-0.428644	0.0629485	-7.26541	171.646
22.8	0.397045	0.0617546	19.8523	3.08773	-0.428801	0.0631583	-7.26167	171.621
22.81	0.396874	0.0619454	19.8437	3.09727	-0.428959	0.0633683	-7.25793	171.597
22.82	0.396702	0.0621364	19.8351	3.10682	-0.429116	0.0635785	-7.2542	171.572
22.83	0.396531	0.0623275	19.8265	3.11637	-0.429274	0.0637888	-7.25046	171.548
22.84	0.396359	0.0625186	19.818	3.12593	-0.429431	0.0639993	-7.24673	171.523
22.85	0.396188	0.0627099	19.8094	3.13549	-0.429588	0.06421	-7.243	171.499
22.86	0.396017	0.0629012	19.8008	3.14506	-0.429745	0.0644209	-7.23927	171.475
22.87	0.395846	0.0630926	19.7923	3.15463	-0.429902	0.064632	-7.23554	171.45
22.88	0.395674	0.0632841	19.7837	3.16421	-0.430059	0.0648432	-7.23182	171.426
22.89	0.395503	0.0634757	19.7752	3.17378	-0.430215	0.0650546	-7.22809	171.401
22.9	0.395332	0.0636674	19.7666	3.18337	-0.430372	0.0652662	-7.22437	171.377
22.91	0.395162	0.0638591	19.7581	3.19296	-0.430529	0.0654779	-7.22065	171.352
22.92	0.394991	0.064051	19.7495	3.20255	-0.430685	0.0656899	-7.21693	171.328
22.93	0.39482	0.0642429	19.741	3.21215	-0.430841	0.065902	-7.21321	171.303
22.94	0.394649	0.0644349	19.7325	3.22175	-0.430998	0.0661143	-7.20949	171.279
22.95	0.394479	0.064627	19.7239	3.23135	-0.431154	0.0663267	-7.20578	171.254
22.96	0.394308	0.0648192	19.7154	3.24096	-0.43131	0.0665394	-7.20206	171.23
22.97	0.394138	0.0650115	19.7069	3.25058	-0.431466	0.0667522	-7.19835	171.205
22.98	0.393967	0.0652039	19.6984	3.26019	-0.431622	0.0669652	-7.19464	171.181
22.99	0.393797	0.0653963	19.6898	3.26982	-0.431777	0.0671783	-7.19093	171.157
23	0.393627	0.0655889	19.6813	3.27944	-0.431933	0.0673917	-7.18722	171.132
23.01	0.393457	0.0657815	19.6728	3.28907	-0.432088	0.0676052	-7.18351	171.108
23.02	0.393286	0.0659742	19.6643	3.29871	-0.432244	0.0678189	-7.17981	171.083
23.03	0.393116	0.066167	19.6558	3.30835	-0.432399	0.0680327	-7.1761	171.059
23.04	0.392946	0.0663599	19.6473	3.31799	-0.432554	0.0682468	-7.1724	171.034
23.05	0.392776	0.0665528	19.6388	3.32764	-0.432709	0.068461	-7.1687	171.009
23.06	0.392607	0.0667459	19.6303	3.33729	-0.432864	0.0686754	-7.165	170.985
23.07	0.392437	0.066939	19.6218	3.34695	-0.433019	0.0688899	-7.1613	170.96
23.08	0.392267	0.0671322	19.6134	3.35661	-0.433174	0.0691047	-7.15761	170.936
23.09	0.392097	0.0673255	19.6049	3.36628	-0.433329	0.0693196	-7.15391	170.911
23.1	0.391928	0.0675189	19.5964	3.37595	-0.433483	0.0695347	-7.15022	170.887
23.11	0.391758	0.0677124	19.5879	3.38562	-0.433638	0.0697499	-7.14653	170.862
23.12	0.391589	0.067906	19.5794	3.3953	-0.433792	0.0699654	-7.14284	170.838
23.13	0.391419	0.0680996	19.571	3.40498	-0.433946	0.070181	-7.13915	170.813
23.14	0.39125	0.0682933	19.5625	3.41467	-0.4341	0.0703968	-7.13546	170.789
23.15	0.391081	0.0684871	19.554	3.42436	-0.434254	0.0706127	-7.13177	170.764
23.16	0.390912	0.068681	19.5456	3.43405	-0.434408	0.0708288	-7.12809	170.74
23.17	0.390743	0.068875	19.5371	3.44375	-0.434562	0.0710451	-7.12441	170.715
23.18	0.390574	0.0690691	19.5287	3.45345	-0.434716	0.0712616	-7.12073	170.69
23.19	0.390405	0.0692632	19.5202	3.46316	-0.43487	0.0714783	-7.11705	170.666
23.2	0.390236	0.0694575	19.5118	3.47287	-0.435023	0.0716951	-7.11337	170.641
23.21	0.390067	0.0696518	19.5033	3.48259	-0.435176	0.0719121	-7.10969	170.617
23.22	0.389898	0.0698462	19.4949	3.49231	-0.43533	0.0721293	-7.10601	170.592
23.23	0.389729	0.0700407	19.4865	3.50203	-0.435483	0.0723466	-7.10234	170.568
23.24	0.389561	0.0702352	19.478	3.51176	-0.435636	0.0725641	-7.09867	170.543
23.25	0.389392	0.0704299	19.4696	3.52149	-0.435789	0.0727818	-7.095	170.518
23.26	0.389224	0.0706246	19.4612	3.53123	-0.435942	0.0729997	-7.09133	170.494
23.27	0.389055	0.0708195	19.4528	3.54097	-0.436095	0.0732177	-7.08766	170.469
23.28	0.388887	0.0710144	19.4443	3.55072	-0.436247	0.0734359	-7.08399	170.445
23.29	0.388719	0.0712093	19.4359	3.56047	-0.4364	0.0736543	-7.08033	170.42
23.3	0.38855	0.0714044	19.4275	3.57022	-0.436552	0.0738728	-7.07666	170.395
23.31	0.388382	0.0715996	19.4191	3.57998	-0.436704	0.0740916	-7.073	170.371
23.32	0.388214	0.0717948	19.4107	3.58974	-0.436857	0.0743105	-7.06934	170.346
23.33	0.388046	0.0719901	19.4023	3.59951	-0.437009	0.0745295	-7.06568	170.322
23.34	0.387878	0.0721855	19.3939	3.60928	-0.437161	0.0747488	-7.06202	170.297
23.35	0.38771	0.072381	19.3855	3.61905	-0.437313	0.0749682	-7.05837	170.272
23.36	0.387543	0.0725766	19.3771	3.62883	-0.437464	0.0751878	-7.05471	170.248
23.37	0.387375	0.0727722	19.3687	3.63861	-0.437616	0.0754075	-7.05106	170.223
23.38	0.387207	0.0729679	19.3604	3.6484	-0.437768	0.0756275	-7.04741	170.198
23.39	0.38704	0.0731638	19.352	3.65819	-0.437919	0.0758476	-7.04376	170.174
23.4	0.386872	0.0733597	19.3436	3.66798	-0.43807	0.0760678	-7.04011	170.149
23.41	0.386705	0.0735556	19.3352	3.67778	-0.438222	0.0762883	-7.03646	170.125
23.42	0.386537	0.0737517	19.3269	3.68758	-0.438373	0.0765089	-7.03282	170.1
23.43	0.38637	0.0739478	19.3185	3.69739	-0.438524	0.0767297	-7.02917	170.075
23.44	0.386203	0.0741441	19.3101	3.7072	-0.438675	0.0769506	-7.02553	170.051
23.45	0.386035	0.0743404	19.3018	3.71702	-0.438825	0.0771718	-7.02189	170.026
23.46	0.385868	0.0745368	19.2934	3.72684	-0.438976	0.0773931	-7.01825	170.001
23.47	0.385701	0.0747332	19.2851	3.73666	-0.439127	0.0776145	-7.01461	169.977
23.48	0.385534	0.0749298	19.2767	3.74649	-0.439277	0.0778362	-7.01097	169.952
23.49	0.385367	0.0751264	19.2684	3.75632	-0.439427	0.078058	-7.00734	169.927
23.5	0.385201	0.0753231	19.26	3.76616	-0.439578	0.07828	-7.0037	169.903
23.51	0.385034	0.0755199	19.2517	3.776	-0.439728	0.0785021	-7.00007	169.878
23.52	0.384867	0.0757168	19.2434	3.78584	-0.439878	0.0787245	-6.99644	169.853
23.53	0.384701	0.0759137	19.235	3.79569	-0.440028	0.0789469	-6.99281	169.829
23.54	0.384534	0.0761108	19.2267	3.80554	-0.440177	0.0791696	-6.98918	169.804
23.55	0.384367	0.0763079	19.2184	3.8154	-0.440327	0.0793925	-6.98556	169.779
23.56	0.384201	0.0765051	19.2101	3.82526	-0.440476	0.0796155	-6.98193	169.754
23.57	0.384035	0.0767024	19.2017	3.83512	-0.440626	0.0798386	-6.97831	169.73
23.58	0.383868	0.0768997	19.1934	3.84499	-0.440775	0.080062	-6.97469	169.705
23.59	0.383702	0.0770972	19.1851	3.85486	-0.440924	0.0802855	-6.97106	169.68
23.6	0.383536	0.0772947	19.1768	3.86474	-0.441073	0.0805092	-6.96745	169.656
23.61	0.38337	0.0774923	19.1685	3.87462	-0.441222	0.080733	-6.96383	169.631
23.62	0.383204	0.07769	19.1602	3.8845	-0.441371	0.0809571	-6.96021	169.606
23.63	0.383038	0.0778878	19.1519	3.89439	-0.44152	0.0811812	-6.9566	169.582
23.64	0.382872	0.0780856	19.1436	3.90428	-0.441669	0.0814056	-6.95298	169.557
23.65	0.382706	0.0782835	19.1353	3.91418	-0.441817	0.0816301	-6.94937	169.532
23.66	0.382541	0.0784815	19.127	3.92408	-0.441965	0.0818548	-6.94576	169.507
23.67	0.382375	0.0786796	19.1188	3.93398	-0.442114	0.0820797	-6.94215	169.483
23.68	0.382209	0.0788778	19.1105	3.94389	-0.442262	0.0823048	-6.93855	169.458
23.69	0.382044	0.079076	19.1022	3.9538	-0.44241	0.08253	-6.93494	169.433
23.7	0.381878	0.0792743	19.0939	3.96372	-0.442558	0.0827553	-6.93134	169.408
23.71	0.381713	0.0794727	19.0857	3.97364	-0.442706	0.0829809	-6.92773	169.384
23.72	0.381548	0.0796712	19.0774	3.98356	-0.442853	0.0832066	-6.92413	169.359
23.73	0.381383	0.0798698	19.0691	3.99349	-0.443001	0.0834325	-6.92053	169.334
23.74	0.381217	0.0800684	19.0609	4.00342	-0.443148	0.0836585	-6.91693	169.309
23.75	0.381052	0.0802671	19.0526	4.01336	-0.443296	0.0838847	-6.91334	169.285
23.76	0.380887	0.0804659	19.0444	4.0233	-0.443443	0.0841111	-6.90974	169.26
23.77	0.380722	0.0806648	19.0361	4.03324	-0.44359	0.0843377	-6.90615	169.235
23.78	0.380557	0.0808638	19.0279	4.04319	-0.443737	0.0845644	-6.90255	169.21
23.79	0.380393	0.0810628	19.0196	4.05314	-0.443884	0.0847913	-6.89896	169.186
23.8	0.380228	0.0812619	19.0114	4.0631	-0.444031	0.0850184	-6.89537	169.161
23.81	0.380063	0.0814611	19.0032	4.07306	-0.444177	0.0852456	-6.89179	169.136
23.82	0.379898	0.0816604	18.9949	4.08302	-0.444324	0.085473	-6.8882	169.111
23.83	0.379734	0.0818597	18.9867	4.09299	-0.44447	0.0857005	-6.88461	169.086
23.84	0.379569	0.0820592	18.9785	4.10296	-0.444617	0.0859283	-6.88103	169.062
23.85	0.379405	0.0822587	18.9703	4.11293	-0.444763	0.0861562	-6.87745	169.037
23.86	0.379241	0.0824582	18.962	4.12291	-0.444909	0.0863842	-6.87387	169.012
23.87	0.379076	0.0826579	18.9538	4.1329	-0.445055	0.0866125	-6.87029	168.987
23.88	0.378912	0.0828576	18.9456	4.14288	-0.4452	0.0868408	-6.86671	168.962
23.89	0.378748	0.0830575	18.9374	4.15287	-0.445346	0.0870694	-6.86314	168.938
23.9	0.378584	0.0832574	18.9292	4.16287	-0.445492	0.0872981	-6.85956	168.913
23.91	0.37842	0.0834573	18.921	4.17287	-0.445637	0.087527	-6.85599	168.888
23.92	0.378256	0.0836574	18.9128	4.18287	-0.445782	0.0877561	-6.85242	168.863
23.93	0.378092	0.0838575	18.9046	4.19288	-0.445928	0.0879853	-6.84885	168.838
23.94	0.377928	0.0840577	18.8964	4.20289	-0.446073	0.0882147	-6.84528	168.814
23.95	0.377765	0.084258	18.8882	4.2129	-0.446218	0.0884443	-6.84171	168.789
23.96	0.377601	0.0844584	18.8801	4.22292	-0.446363	0.088674	-6.83814	168.764
23.97	0.377438	0.0846588	18.8719	4.23294	-0.446507	0.0889039	-6.83458	168.739
23.98	0.377274	0.0848593	18.8637	4.24297	-0.446652	0.089134	-6.83102	168.714
23.99	0.377111	0.0850599	18.8555	4.253	-0.446796	0.0893642	-6.82746	168.689
24	0.376947	0.0852606	18.8474	4.26303	-0.446941	0.0895946	-6.8239	168.665
24.01	0.376784	0.0854613	18.8392	4.27307	-0.447085	0.0898251	-6.82034	168.64
24.02	0.376621	0.0856622	18.831	4.28311	-0.447229	0.0900559	-6.81678	168.615
24.03	0.376458	0.0858631	18.8229	4.29315	-0.447373	0.0902867	-6.81322	168.59
24.04	0.376295	0.086064	18.8147	4.3032	-0.447517	0.0905178	-6.80967	168.565
24.05	0.376131	0.0862651	18.8066	4.31325	-0.447661	0.090749	-6.80612	168.54
24.06	0.375969	0.0864662	18.7984	4.32331	-0.447804	0.0909804	-6.80257	168.516
24.07	0.375806	0.0866674	18.7903	4.33337	-0.447948	0.0912119	-6.79902	168.491
24.08	0.375643	0.0868687	18.7821	4.34343	-0.448091	0.0914436	-6.79547	168.466
24.09	0.37548	0.0870701	18.774	4.3535	-0.448235	0.0916755	-6.79192	168.441
24.1	0.375317	0.0872715	18.7659	4.36357	-0.448378	0.0919076	-6.78838	168.416
24.11	0.375155	0.087473	18.7577	4.37365	-0.448521	0.0921398	-6.78483	168.391
24.12	0.374992	0.0876746	18.7496	4.38373	-0.448664	0.0923721	-6.78129	168.366
24.13	0.37483	0.0878763	18.7415	4.39381	-0.448806	0.0926047	-6.77775	168.341
24.14	0.374668	0.088078	18.7334	4.4039	-0.448949	0.0928374	-6.77421	168.317
24.15	0.374505	0.0882798	18.7253	4.41399	-0.449091	0.0930702	-6.77067	168.292
24.16	0.374343	0.0884817	18.7171	4.42408	-0.449234	0.0933033	-6.76714	168.267
24.17	0.374181	0.0886837	18.709	4.43418	-0.449376	0.0935364	-6.7636	168.242
24.18	0.374019	0.0888857	18.7009	4.44429	-0.449518	0.0937698	-6.76007	168.217
24.19	0.373857	0.0890878	18.6928	4.45439	-0.44966	0.0940033	-6.75654	168.192
24.2	0.373695	0.08929	18.6847	4.4645	-0.449802	0.094237	-6.75301	168.167
24.21	0.373533	0.0894923	18.6766	4.47461	-0.449944	0.0944708	-6.74948	168.142
24.22	0.373371	0.0896946	18.6685	4.48473	-0.450086	0.0947048	-6.74595	168.117
24.23	0.373209	0.089897	18.6605	4.49485	-0.450227	0.094939	-6.74242	168.093
24.24	0.373048	0.0900995	18.6524	4.50498	-0.450369	0.0951733	-6.7389	168.068
24.25	0.372886	0.0903021	18.6443	4.5151	-0.45051	0.0954078	-6.73538	168.043
24.26	0.372724	0.0905047	18.6362	4.52524	-0.450651	0.0956425	-6.73185	168.018
24.27	0.372563	0.0907075	18.6281	4.53537	-0.450792	0.0958773	-6.72833	167.993
24.28	0.372401	0.0909102	18.6201	4.54551	-0.450933	0.0961123	-6.72482	167.968
24.29	0.37224	0.0911131	18.612	4.55566	-0.451074	0.0963474	-6.7213	167.943
24.3	0.372079	0.091316	18.6039	4.5658	-0.451214	0.0965828	-6.71778	167.918
24.31	0.371918	0.0915191	18.5959	4.57595	-0.451355	0.0968182	-6.71427	167.893
24.32	0.371757	0.0917222	18.5878	4.58611	-0.451495	0.0970539	-6.71076	167.868
24.33	0.371595	0.0919253	18.5798	4.59627	-0.451635	0.0972897	-6.70724	167.843
24.34	0.371434	0.0921286	18.5717	4.60643	-0.451776	0.0975256	-6.70373	167.818
24.35	0.371274	0.0923319	18.5637	4.61659	-0.451916	0.0977617	-6.70023	167.793
24.36	0.371113	0.0925352	18.5556	4.62676	-0.452055	0.097998	-6.69672	167.769
24.37	0.370952	0.0927387	18.5476	4.63694	-0.452195	0.0982344	-6.69321	167.744
24.38	0.370791	0.0929422	18.5396	4.64711	-0.452335	0.098471	-6.68971	167.719
24.39	0.370631	0.0931458	18.5315	4.65729	-0.452474	0.0987078	-6.68621	167.694
24.4	0.37047	0.0933495	18.5235	4.66748	-0.452614	0.0989447	-6.68271	167.669
24.41	0.37031	0.0935533	18.5155	4.67766	-0.452753	0.0991818	-6.67921	167.644
24.42	0.370149	0.0937571	18.5075	4.68786	-0.452892	0.0994191	-6.67571	167.619
24.43	0.369989	0.093961	18.4994	4.69805	-0.453031	0.0996565	-6.67221	167.594
24.44	0.369828	0.094165	18.4914	4.70825	-0.45317	0.099894	-6.66872	167.569
24.45	0.369668	0.094369	18.4834	4.71845	-0.453309	0.100132	-6.66522	167.544
24.46	0.369508	0.0945731	18.4754	4.72866	-0.453447	0.10037	-6.66173	167.519
24.47	0.369348	0.0947773	18.4674	4.73887	-0.453586	0.100608	-6.65824	167.494
24.48	0.369188	0.0949816	18.4594	4.74908	-0.453724	0.100846	-6.65475	167.469
24.49	0.369028	0.0951859	18.4514	4.7593	-0.453862	0.101084	-6.65126	167.444
24.5	0.368868	0.0953904	18.4434	4.76952	-0.454	0.101323	-6.64778	167.419
24.51	0.368708	0.0955948	18.4354	4.77974	-0.454138	0.101562	-6.64429	167.394
24.52	0.368549	0.0957994	18.4274	4.78997	-0.454276	0.1018	-6.64081	167.369
24.53	0.368389	0.096004	18.4195	4.8002	-0.454414	0.102039	-6.63733	167.344
24.54	0.368229	0.0962087	18.4115	4.81044	-0.454551	0.102279	-6.63385	167.319
24.55	0.36807	0.0964135	18.4035	4.82068	-0.454689	0.102518	-6.63037	167.294
24.56	0.367911	0.0966183	18.3955	4.83092	-0.454826	0.102757	-6.62689	167.269
24.57	0.367751	0.0968233	18.3876	4.84116	-0.454963	0.102997	-6.62341	167.244
24.58	0.367592	0.0970283	18.3796	4.85141	-0.4551	0.103237	-6.61994	167.219
24.59	0.367433	0.0972333	18.3716	4.86167	-0.455237	0.103477	-6.61647	167.194
24.6	0.367273	0.0974385	18.3637	4.87192	-0.455374	0.103717	-6.613	167.169
24.61	0.367114	0.0976437	18.3557	4.88218	-0.45551	0.103957	-6.60953	167.144
24.62	0.366955	0.0978489	18.3478	4.89245	-0.455647	0.104198	-6.60606	167.119
24.63	0.366796	0.0980543	18.3398	4.90271	-0.455783	0.104438	-6.60259	167.094
24.64	0.366638	0.0982597	18.3319	4.91299	-0.45592	0.104679	-6.59912	167.069
24.65	0.366479	0.0984652	18.3239	4.92326	-0.456056	0.10492	-6.59566	167.044
24.66	0.36632	0.0986708	18.316	4.93354	-0.456192	0.105161	-6.5922	167.019
24.67	0.366161	0.0988764	18.3081	4.94382	-0.456327	0.105402	-6.58874	166.994
24.68	0.366003	0.0990821	18.3001	4.95411	-0.456463	0.105644	-6.58528	166.969
24.69	0.365844	0.0992879	18.2922	4.96439	-0.456599	0.105885	-6.58182	166.944
24.7	0.365686	0.0994937	18.2843	4.97469	-0.456734	0.106127	-6.57836	166.919
24.71	0.365527	0.0996997	18.2764	4.98498	-0.456869	0.106369	-6.5749	166.894
24.72	0.365369	0.0999057	18.2685	4.99528	-0.457005	0.106611	-6.57145	166.869
24.73	0.365211	0.100112	18.2605	5.00559	-0.45714	0.106853	-6.568	166.844
24.74	0.365053	0.100318	18.2526	5.01589	-0.457275	0.107095	-6.56455	166.819
24.75	0.364894	0.100524	18.2447	5.0262	-0.457409	0.107338	-6.5611	166.794
24.76	0.364736	0.10073	18.2368	5.03652	-0.457544	0.10758	-6.55765	166.769
24.77	0.364578	0.100937	18.2289	5.04683	-0.457678	0.107823	-6.5542	166.744
24.78	0.364421	0.101143	18.221	5.05715	-0.457813	0.108066	-6.55076	166.719
24.79	0.364263	0.10135	18.2131	5.06748	-0.457947	0.108309	-6.54731	166.693
24.8	0.364105	0.101556	18.2052	5.07781	-0.458081	0.108553	-6.54387	166.668
24.81	0.363947	0.101763	18.1974	5.08814	-0.458215	0.108796	-6.54043	166.643
24.82	0.36379	0.101969	18.1895	5.09847	-0.458349	0.10904	-6.53699	166.618
24.83	0.363632	0.102176	18.1816	5.10881	-0.458483	0.109283	-6.53355	166.593
24.84	0.363475	0.102383	18.1737	5.11915	-0.458616	0.109527	-6.53012	166.568
24.85	0.363317	0.10259	18.1659	5.1295	-0.45875	0.109771	-6.52668	166.543
24.86	0.36316	0.102797	18.158	5.13985	-0.458883	0.110016	-6.52325	166.518
24.87	0.363003	0.103004	18.1501	5.1502	-0.459016	0.11026	-6.51982	166.493
24.88	0.362845	0.103211	18.1423	5.16056	-0.459149	0.110504	-6.51638	166.468
24.89	0.362688	0.103418	18.1344	5.17092	-0.459282	0.110749	-6.51296	166.443
24.9	0.362531	0.103626	18.1266	5.18128	-0.459415	0.110994	-6.50953	166.418
24.91	0.362374	0.103833	18.1187	5.19164	-0.459547	0.111239	-6.5061	166.393
24.92	0.362217	0.10404	18.1109	5.20201	-0.45968	0.111484	-6.50268	166.368
24.93	0.362061	0.104248	18.103	5.21239	-0.459812	0.111729	-6.49925	166.342
24.94	0.361904	0.104455	18.0952	5.22276	-0.459944	0.111975	-6.49583	166.317
24.95	0.361747	0.104663	18.0874	5.23314	-0.460076	0.11222	-6.49241	166.292
24.96	0.36159	0.104871	18.0795	5.24353	-0.460208	0.112466	-6.48899	166.267
24.97	0.361434	0.105078	18.0717	5.25391	-0.46034	0.112712	-6.48557	166.242
24.98	0.361277	0.105286	18.0639	5.26431	-0.460472	0.112958	-6.48216	166.217
24.99	0.361121	0.105494	18.056	5.2747	-0.460603	0.113204	-6.47874	166.192
25	0.360965	0.105702	18.0482	5.2851	-0.460735	0.113451	-6.47533	166.167
25.01	0.360808	0.10591	18.0404	5.2955	-0.460866	0.113697	-6.47192	166.142
25.02	0.360652	0.106118	18.0326	5.3059	-0.460997	0.113944	-6.46851	166.117
25.03	0.360496	0.106326	18.0248	5.31631	-0.461128	0.114191	-6.4651	166.091
25.04	0.36034	0.106534	18.017	5.32672	-0.461259	0.114438	-6.46169	166.066
25.05	0.360184	0.106743	18.0092	5.33713	-0.461389	0.114685	-6.45829	166.041
25.06	0.360028	0.106951	18.0014	5.34755	-0.46152	0.114932	-6.45488	166.016
25.07	0.359872	0.107159	17.9936	5.35797	-0.46165	0.11518	-6.45148	165.991
25.08	0.359716	0.107368	17.9858	5.3684	-0.46178	0.115427	-6.44808	165.966
25.09	0.359561	0.107577	17.978	5.37883	-0.461911	0.115675	-6.44468	165.941
25.1	0.359405	0.107785	17.9703	5.38926	-0.46204	0.115923	-6.44128	165.916
25.11	0.359249	0.107994	17.9625	5.39969	-0.46217	0.116171	-6.43788	165.89
25.12	0.359094	0.108203	17.9547	5.41013	-0.4623	0.116419	-6.43449	165.865
25.13	0.358939	0.108411	17.9469	5.42057	-0.46243	0.116668	-6.43109	165.84
25.14	0.358783	0.10862	17.9392	5.43102	-0.462559	0.116916	-6.4277	165.815
25.15	0.358628	0.108829	17.9314	5.44147	-0.462688	0.117165	-6.42431	165.79
25.16	0.358473	0.109038	17.9236	5.45192	-0.462817	0.117414	-6.42092	165.765
25.17	0.358318	0.109247	17.9159	5.46237	-0.462946	0.117663	-6.41753	165.74
25.18	0.358162	0.109457	17.9081	5.47283	-0.463075	0.117912	-6.41415	165.714
25.19	0.358007	0.109666	17.9004	5.48329	-0.463204	0.118161	-6.41076	165.689
25.2	0.357852	0.109875	17.8926	5.49376	-0.463332	0.11841	-6.40738	165.664
25.21	0.357698	0.110085	17.8849	5.50423	-0.463461	0.11866	-6.40399	165.639
25.22	0.357543	0.110294	17.8771	5.5147	-0.463589	0.11891	-6.40061	165.614
25.23	0.357388	0.110503	17.8694	5.52517	-0.463717	0.11916	-6.39723	165.589
25.24	0.357233	0.110713	17.8617	5.53565	-0.463845	0.11941	-6.39386	165.564
25.25	0.357079	0.110923	17.8539	5.54613	-0.463973	0.11966	-6.39048	165.538
25.26	0.356924	0.111132	17.8462	5.55662	-0.464101	0.11991	-6.3871	165.513
25.27	0.35677	0.111342	17.8385	5.56711	-0.464228	0.120161	-6.38373	165.488
25.28	0.356616	0.111552	17.8308	5.5776	-0.464356	0.120411	-6.38036	165.463
25.29	0.356461	0.111762	17.8231	5.5881	-0.464483	0.120662	-6.37699	165.438
25.3	0.356307	0.111972	17.8153	5.59859	-0.46461	0.120913	-6.37362	165.413
25.31	0.356153	0.112182	17.8076	5.6091	-0.464737	0.121164	-6.37025	165.387
25.32	0.355999	0.112392	17.7999	5.6196	-0.464864	0.121415	-6.36688	165.362
25.33	0.355845	0.112602	17.7922	5.63011	-0.464991	0.121667	-6.36352	165.337
25.34	0.355691	0.112812	17.7845	5.64062	-0.465117	0.121918	-6.36015	165.312
25.35	0.355537	0.113023	17.7768	5.65114	-0.465244	0.12217	-6.35679	165.287
25.36	0.355383	0.113233	17.7692	5.66166	-0.46537	0.122422	-6.35343	165.262
25.37	0.355229	0.113444	17.7615	5.67218	-0.465496	0.122674	-6.35007	165.236
25.38	0.355076	0.113654	17.7538	5.6827	-0.465622	0.122926	-6.34671	165.211
25.39	0.354922	0.113865	17.7461	5.69323	-0.465748	0.123178	-6.34336	165.186
25.4	0.354769	0.114075	17.7384	5.70376	-0.465874	0.123431	-6.34	165.161
25.41	0.354615	0.114286	17.7308	5.7143	-0.465999	0.123683	-6.33665	165.136
25.42	0.354462	0.114497	17.7231	5.72483	-0.466125	0.123936	-6.3333	165.11
25.43	0.354308	0.114708	17.7154	5.73538	-0.46625	0.124189	-6.32995	165.085
25.44	0.354155	0.114918	17.7078	5.74592	-0.466375	0.124442	-6.3266	165.06
25.45	0.354002	0.115129	17.7001	5.75647	-0.4665	0.124695	-6.32325	165.035
25.46	0.353849	0.11534	17.6924	5.76702	-0.466625	0.124948	-6.31991	165.01
25.47	0.353696	0.115551	17.6848	5.77757	-0.46675	0.125202	-6.31656	164.984
25.48	0.353543	0.115763	17.6771	5.78813	-0.466874	0.125455	-6.31322	164.959
25.49	0.35339	0.115974	17.6695	5.79869	-0.466999	0.125709	-6.30988	164.934
25.5	0.353237	0.116185	17.6619	5.80926	-0.467123	0.125963	-6.30654	164.909
25.51	0.353084	0.116396	17.6542	5.81982	-0.467247	0.126217	-6.3032	164.884
25.52	0.352932	0.116608	17.6466	5.83039	-0.467371	0.126471	-6.29986	164.858
25.53	0.352779	0.116819	17.639	5.84097	-0.467495	0.126726	-6.29652	164.833
25.54	0.352627	0.117031	17.6313	5.85155	-0.467618	0.12698	-6.29319	164.808
25.55	0.352474	0.117243	17.6237	5.86213	-0.467742	0.127235	-6.28986	164.783
25.56	0.352322	0.117454	17.6161	5.87271	-0.467865	0.12749	-6.28652	164.757
25.57	0.352169	0.117666	17.6085	5.8833	-0.467988	0.127745	-6.28319	164.732
25.58	0.352017	0.117878	17.6009	5.89389	-0.468111	0.128	-6.27987	164.707
25.59	0.351865	0.11809	17.5932	5.90448	-0.468234	0.128255	-6.27654	164.682
25.6	0.351713	0.118302	17.5856	5.91508	-0.468357	0.12851	-6.27321	164.657
25.61	0.351561	0.118514	17.578	5.92568	-0.46848	0.128766	-6.26989	164.631
25.62	0.351409	0.118726	17.5704	5.93628	-0.468602	0.129021	-6.26657	164.606
25.63	0.351257	0.118938	17.5628	5.94688	-0.468725	0.129277	-6.26324	164.581
25.64	0.351105	0.11915	17.5552	5.95749	-0.468847	0.129533	-6.25992	164.556
25.65	0.350953	0.119362	17.5477	5.96811	-0.468969	0.129789	-6.25661	164.53
25.66	0.350802	0.119574	17.5401	5.97872	-0.469091	0.130045	-6.25329	164.505
25.67	0.35065	0.119787	17.5325	5.98934	-0.469212	0.130302	-6.24997	164.48
25.68	0.350498	0.119999	17.5249	5.99996	-0.469334	0.130558	-6.24666	164.455
25.69	0.350347	0.120212	17.5173	6.01059	-0.469455	0.130815	-6.24335	164.429
25.7	0.350195	0.120424	17.5098	6.02121	-0.469577	0.131072	-6.24004	164.404
25.71	0.350044	0.120637	17.5022	6.03185	-0.469698	0.131329	-6.23673	164.379
25.72	0.349893	0.12085	17.4946	6.04248	-0.469819	0.131586	-6.23342	164.354
25.73	0.349742	0.121062	17.4871	6.05312	-0.46994	0.131843	-6.23011	164.328
25.74	0.349591	0.121275	17.4795	6.06376	-0.47006	0.132101	-6.2268	164.303
25.75	0.349439	0.121488	17.472	6.0744	-0.470181	0.132358	-6.2235	164.278
25.76	0.349288	0.121701	17.4644	6.08505	-0.470301	0.132616	-6.2202	164.253
25.77	0.349138	0.121914	17.4569	6.0957	-0.470421	0.132874	-6.2169	164.227
25.78	0.348987	0.122127	17.4493	6.10635	-0.470542	0.133132	-6.2136	164.202
25.79	0.348836	0.12234	17.4418	6.11701	-0.470662	0.13339	-6.2103	164.177
25.8	0.348685	0.122553	17.4343	6.12767	-0.470781	0.133648	-6.207	164.152
25.81	0.348535	0.122767	17.4267	6.13833	-0.470901	0.133906	-6.20371	164.126
25.82	0.348384	0.12298	17.4192	6.149	-0.47102	0.134165	-6.20041	164.101
25.83	0.348234	0.123193	17.4117	6.15967	-0.47114	0.134424	-6.19712	164.076
25.84	0.348083	0.123407	17.4042	6.17034	-0.471259	0.134683	-6.19383	164.05
25.85	0.347933	0.12362	17.3966	6.18101	-0.471378	0.134942	-6.19054	164.025
25.86	0.347782	0.123834	17.3891	6.19169	-0.471497	0.135201	-6.18725	164
25.87	0.347632	0.124047	17.3816	6.20237	-0.471616	0.13546	-6.18397	163.975
25.88	0.347482	0.124261	17.3741	6.21306	-0.471734	0.135719	-6.18068	163.949
25.89	0.347332	0.124475	17.3666	6.22374	-0.471853	0.135979	-6.1774	163.924
25.9	0.347182	0.124689	17.3591	6.23444	-0.471971	0.136239	-6.17411	163.899
25.91	0.347032	0.124903	17.3516	6.24513	-0.472089	0.136498	-6.17083	163.873
25.92	0.346882	0.125117	17.3441	6.25583	-0.472207	0.136758	-6.16755	163.848
25.93	0.346732	0.125331	17.3366	6.26653	-0.472325	0.137018	-6.16428	163.823
25.94	0.346583	0.125545	17.3291	6.27723	-0.472442	0.137279	-6.161	163.798
25.95	0.346433	0.125759	17.3217	6.28793	-0.47256	0.137539	-6.15772	163.772
25.96	0.346283	0.125973	17.3142	6.29864	-0.472677	0.1378	-6.15445	163.747
25.97	0.346134	0.126187	17.3067	6.30936	-0.472794	0.13806	-6.15118	163.722
25.98	0.345985	0.126401	17.2992	6.32007	-0.472911	0.138321	-6.14791	163.696
25.99	0.345835	0.126616	17.2918	6.33079	-0.473028	0.138582	-6.14464	163.671
26	0.345686	0.12683	17.2843	6.34151	-0.473145	0.138843	-6.14137	163.646
26.01	0.345537	0.127045	17.2768	6.35224	-0.473262	0.139104	-6.1381	163.621
26.02	0.345387	0.127259	17.2694	6.36296	-0.473378	0.139366	-6.13484	163.595
26.03	0.345238	0.127474	17.2619	6.37369	-0.473494	0.139627	-6.13158	163.57
26.04	0.345089	0.127689	17.2545	6.38443	-0.47361	0.139889	-6.12831	163.545
26.05	0.34494	0.127903	17.247	6.39516	-0.473726	0.140151	-6.12505	163.519
26.06	0.344792	0.128118	17.2396	6.4059	-0.473842	0.140413	-6.12179	163.494
26.07	0.344643	0.128333	17.2321	6.41665	-0.473958	0.140675	-6.11854	163.469
26.08	0.344494	0.128548	17.2247	6.42739	-0.474073	0.140937	-6.11528	163.443
26.09	0.344345	0.128763	17.2173	6.43814	-0.474189	0.141199	-6.11202	163.418
26.1	0.344197	0.128978	17.2098	6.44889	-0.474304	0.141462	-6.10877	163.393
26.11	0.344048	0.129193	17.2024	6.45965	-0.474419	0.141724	-6.10552	163.367
26.12	0.3439	0.129408	17.195	6.4704	-0.474534	0.141987	-6.10227	163.342
26.13	0.343751	0.129623	17.1876	6.48116	-0.474649	0.14225	-6.09902	163.317
26.14	0.343603	0.129839	17.1802	6.49193	-0.474763	0.142513	-6.09577	163.291
26.15	0.343455	0.130054	17.1727	6.50269	-0.474878	0.142776	-6.09252	163.266
26.16	0.343307	0.130269	17.1653	6.51346	-0.474992	0.14304	-6.08928	163.241
26.17	0.343159	0.130485	17.1579	6.52424	-0.475106	0.143303	-6.08604	163.215
26.18	0.343011	0.1307	17.1505	6.53501	-0.47522	0.143567	-6.08279	163.19
26.19	0.342863	0.130916	17.1431	6.54579	-0.475334	0.14383	-6.07955	163.165
26.2	0.342715	0.131131	17.1357	6.55657	-0.475447	0.144094	-6.07632	163.139
26.21	0.342567	0.131347	17.1283	6.56736	-0.475561	0.144358	-6.07308	163.114
26.22	0.342419	0.131563	17.121	6.57814	-0.475674	0.144622	-6.06984	163.089
26.23	0.342271	0.131779	17.1136	6.58894	-0.475787	0.144887	-6.06661	163.063
26.24	0.342124	0.131995	17.1062	6.59973	-0.4759	0.145151	-6.06337	163.038
26.25	0.341976	0.132211	17.0988	6.61053	-0.476013	0.145416	-6.06014	163.013
26.26	0.341829	0.132426	17.0914	6.62132	-0.476126	0.14568	-6.05691	162.987
26.27	0.341681	0.132643	17.0841	6.63213	-0.476238	0.145945	-6.05368	162.962
26.28	0.341534	0.132859	17.0767	6.64293	-0.476351	0.14621	-6.05045	162.937
26.29	0.341387	0.133075	17.0693	6.65374	-0.476463	0.146475	-6.04723	162.911
26.3	0.34124	0.133291	17.062	6.66455	-0.476575	0.146741	-6.044	162.886
26.31	0.341093	0.133507	17.0546	6.67537	-0.476687	0.147006	-6.04078	162.861
26.32	0.340946	0.133724	17.0473	6.68618	-0.476798	0.147271	-6.03756	162.835
26.33	0.340799	0.13394	17.0399	6.697	-0.47691	0.147537	-6.03434	162.81
26.34	0.340652	0.134157	17.0326	6.70783	-0.477021	0.147803	-6.03112	162.785
26.35	0.340505	0.134373	17.0252	6.71865	-0.477133	0.148069	-6.0279	162.759
26.36	0.340358	0.13459	17.0179	6.72948	-0.477244	0.148335	-6.02469	162.734
26.37	0.340211	0.134806	17.0106	6.74031	-0.477355	0.148601	-6.02147	162.709
26.38	0.340065	0.135023	17.0032	6.75115	-0.477466	0.148867	-6.01826	162.683
26.39	0.339918	0.13524	16.9959	6.76198	-0.477576	0.149134	-6.01505	162.658
26.4	0.339772	0.135456	16.9886	6.77282	-0.477687	0.1494	-6.01184	162.633
26.41	0.339625	0.135673	16.9813	6.78367	-0.477797	0.149667	-6.00863	162.607
26.42	0.339479	0.13589	16.9739	6.79451	-0.477907	0.149934	-6.00542	162.582
26.43	0.339333	0.136107	16.9666	6.80536	-0.478017	0.150201	-6.00221	162.556
26.44	0.339186	0.136324	16.9593	6.81622	-0.478127	0.150468	-5.99901	162.531
26.45	0.33904	0.136541	16.952	6.82707	-0.478237	0.150735	-5.99581	162.506
26.46	0.338894	0.136759	16.9447	6.83793	-0.478346	0.151003	-5.9926	162.48
26.47	0.338748	0.136976	16.9374	6.84879	-0.478455	0.15127	-5.9894	162.455
26.48	0.338602	0.137193	16.9301	6.85965	-0.478565	0.151538	-5.98621	162.43
26.49	0.338457	0.13741	16.9228	6.87052	-0.478674	0.151806	-5.98301	162.404
26.5	0.338311	0.137628	16.9155	6.88139	-0.478782	0.152073	-5.97981	162.379
26.51	0.338165	0.137845	16.9083	6.89226	-0.478891	0.152341	-5.97662	162.353
26.52	0.338019	0.138063	16.901	6.90314	-0.479	0.15261	-5.97342	162.328
26.53	0.337874	0.13828	16.8937	6.91401	-0.479108	0.152878	-5.97023	162.303
26.54	0.337728	0.138498	16.8864	6.92489	-0.479216	0.153146	-5.96704	162.277
26.55	0.337583	0.138716	16.8791	6.93578	-0.479324	0.153415	-5.96385	162.252
26.56	0.337438	0.138933	16.8719	6.94666	-0.479432	0.153684	-5.96067	162.227
26.57	0.337292	0.139151	16.8646	6.95755	-0.47954	0.153953	-5.95748	162.201
26.58	0.337147	0.139369	16.8574	6.96845	-0.479648	0.154222	-5.9543	162.176
26.59	0.337002	0.139587	16.8501	6.97934	-0.479755	0.154491	-5.95111	162.15
26.6	0.336857	0.139805	16.8428	6.99024	-0.479862	0.15476	-5.94793	162.125
26.61	0.336712	0.140023	16.8356	7.00114	-0.479969	0.155029	-5.94475	162.1
26.62	0.336567	0.140241	16.8283	7.01204	-0.480076	0.155299	-5.94157	162.074
26.63	0.336422	0.140459	16.8211	7.02295	-0.480183	0.155568	-5.9384	162.049
26.64	0.336277	0.140677	16.8139	7.03386	-0.480289	0.155838	-5.93522	162.023
26.65	0.336132	0.140895	16.8066	7.04477	-0.480396	0.156108	-5.93205	161.998
26.66	0.335988	0.141114	16.7994	7.05568	-0.480502	0.156378	-5.92887	161.973
26.67	0.335843	0.141332	16.7922	7.0666	-0.480608	0.156648	-5.9257	161.947
26.68	0.335699	0.14155	16.7849	7.07752	-0.480714	0.156918	-5.92253	161.922
26.69	0.335554	0.141769	16.7777	7.08845	-0.48082	0.157189	-5.91936	161.896
26.7	0.33541	0.141987	16.7705	7.09937	-0.480926	0.157459	-5.91619	161.871
26.71	0.335266	0.142206	16.7633	7.1103	-0.481031	0.15773	-5.91303	161.846
26.72	0.335121	0.142425	16.7561	7.12123	-0.481136	0.158001	-5.90986	161.82
26.73	0.334977	0.142643	16.7489	7.13217	-0.481241	0.158272	-5.9067	161.795
26.74	0.334833	0.142862	16.7417	7.1431	-0.481346	0.158543	-5.90354	161.769
26.75	0.334689	0.143081	16.7345	7.15404	-0.481451	0.158814	-5.90038	161.744
26.76	0.334545	0.1433	16.7273	7.16499	-0.481556	0.159085	-5.89722	161.719
26.77	0.334401	0.143519	16.7201	7.17593	-0.48166	0.159357	-5.89406	161.693
26.78	0.334257	0.143738	16.7129	7.18688	-0.481765	0.159628	-5.89091	161.668
26.79	0.334114	0.143957	16.7057	7.19783	-0.481869	0.1599	-5.88775	161.642
26.8	0.33397	0.144176	16.6985	7.20879	-0.481973	0.160172	-5.8846	161.617
26.81	0.333826	0.144395	16.6913	7.21974	-0.482076	0.160444	-5.88145	161.592
26.82	0.333683	0.144614	16.6841	7.2307	-0.48218	0.160716	-5.8783	161.566
26.83	0.333539	0.144833	16.677	7.24166	-0.482284	0.160988	-5.87515	161.541
26.84	0.333396	0.145053	16.6698	7.25263	-0.482387	0.16126	-5.872	161.515
26.85	0.333253	0.145272	16.6626	7.2636	-0.48249	0.161533	-5.86886	161.49
26.86	0.333109	0.145491	16.6555	7.27457	-0.482593	0.161805	-5.86571	161.465
26.87	0.332966	0.145711	16.6483	7.28554	-0.482696	0.162078	-5.86257	161.439
26.88	0.332823	0.14593	16.6412	7.29652	-0.482798	0.162351	-5.85943	161.414
26.89	0.33268	0.14615	16.634	7.30749	-0.482901	0.162624	-5.85629	161.388
26.9	0.332537	0.146369	16.6269	7.31847	-0.483003	0.162897	-5.85315	161.363
26.91	0.332394	0.146589	16.6197	7.32946	-0.483105	0.16317	-5.85001	161.337
26.92	0.332251	0.146809	16.6126	7.34045	-0.483207	0.163444	-5.84688	161.312
26.93	0.332109	0.147029	16.6054	7.35144	-0.483309	0.163717	-5.84374	161.287
26.94	0.331966	0.147249	16.5983	7.36243	-0.483411	0.163991	-5.84061	161.261
26.95	0.331823	0.147468	16.5912	7.37342	-0.483512	0.164264	-5.83748	161.236
26.96	0.331681	0.147688	16.584	7.38442	-0.483614	0.164538	-5.83435	161.21
26.97	0.331538	0.147908	16.5769	7.39542	-0.483715	0.164812	-5.83122	161.185
26.98	0.331396	0.148128	16.5698	7.40642	-0.483816	0.165086	-5.82809	161.159
26.99	0.331254	0.148349	16.5627	7.41743	-0.483916	0.165361	-5.82496	161.134
27	0.331111	0.148569	16.5556	7.42844	-0.484017	0.165635	-5.82184	161.109
27.01	0.330969	0.148789	16.5485	7.43945	-0.484118	0.165909	-5.81872	161.083
27.02	0.330827	0.149009	16.5413	7.45046	-0.484218	0.166184	-5.81559	161.058
27.03	0.330685	0.14923	16.5342	7.46148	-0.484318	0.166459	-5.81247	161.032
27.04	0.330543	0.14945	16.5271	7.4725	-0.484418	0.166734	-5.80936	161.007
27.05	0.330401	0.14967	16.52	7.48352	-0.484518	0.167009	-5.80624	160.981
27.06	0.330259	0.149891	16.513	7.49454	-0.484617	0.167284	-5.80312	160.956
27.07	0.330117	0.150111	16.5059	7.50557	-0.484717	0.167559	-5.80001	160.931
27.08	0.329976	0.150332	16.4988	7.5166	-0.484816	0.167834	-5.79689	160.905
27.09	0.329834	0.150553	16.4917	7.52763	-0.484915	0.16811	-5.79378	160.88
27.1	0.329692	0.150773	16.4846	7.53867	-0.485014	0.168385	-5.79067	160.854
27.11	0.329551	0.150994	16.4775	7.54971	-0.485113	0.168661	-5.78756	160.829
27.12	0.329409	0.151215	16.4705	7.56075	-0.485212	0.168937	-5.78446	160.803
27.13	0.329268	0.151436	16.4634	7.57179	-0.48531	0.169213	-5.78135	160.778
27.14	0.329127	0.151657	16.4563	7.58284	-0.485408	0.169489	-5.77825	160.752
27.15	0.328986	0.151878	16.4493	7.59389	-0.485506	0.169765	-5.77514	160.727
27.16	0.328844	0.152099	16.4422	7.60494	-0.485604	0.170041	-5.77204	160.702
27.17	0.328703	0.15232	16.4352	7.61599	-0.485702	0.170318	-5.76894	160.676
27.18	0.328562	0.152541	16.4281	7.62705	-0.4858	0.170594	-5.76584	160.651
27.19	0.328421	0.152762	16.4211	7.63811	-0.485897	0.170871	-5.76274	160.625
27.2	0.328281	0.152983	16.414	7.64917	-0.485994	0.171148	-5.75965	160.6
27.21	0.32814	0.153205	16.407	7.66023	-0.486091	0.171425	-5.75655	160.574
27.22	0.327999	0.153426	16.3999	7.6713	-0.486188	0.171702	-5.75346	160.549
27.23	0.327858	0.153647	16.3929	7.68237	-0.486285	0.171979	-5.75037	160.523
27.24	0.327718	0.153869	16.3859	7.69344	-0.486382	0.172256	-5.74728	160.498
27.25	0.327577	0.15409	16.3789	7.70452	-0.486478	0.172534	-5.74419	160.472
27.26	0.327437	0.154312	16.3718	7.71559	-0.486574	0.172811	-5.7411	160.447
27.27	0.327296	0.154533	16.3648	7.72667	-0.48667	0.173089	-5.73802	160.422
27.28	0.327156	0.154755	16.3578	7.73776	-0.486766	0.173367	-5.73493	160.396
27.29	0.327016	0.154977	16.3508	7.74884	-0.486862	0.173645	-5.73185	160.371
27.3	0.326876	0.155199	16.3438	7.75993	-0.486957	0.173923	-5.72877	160.345
27.31	0.326735	0.15542	16.3368	7.77102	-0.487053	0.174201	-5.72569	160.32
27.32	0.326595	0.155642	16.3298	7.78211	-0.487148	0.174479	-5.72261	160.294
27.33	0.326455	0.155864	16.3228	7.79321	-0.487243	0.174757	-5.71953	160.269
27.34	0.326316	0.156086	16.3158	7.80431	-0.487338	0.175036	-5.71645	160.243
27.35	0.326176	0.156308	16.3088	7.81541	-0.487433	0.175314	-5.71338	160.218
27.36	0.326036	0.15653	16.3018	7.82651	-0.487527	0.175593	-5.71031	160.192
27.37	0.325896	0.156752	16.2948	7.83762	-0.487621	0.175872	-5.70723	160.167
27.38	0.325757	0.156974	16.2878	7.84872	-0.487716	0.176151	-5.70416	160.142
27.39	0.325617	0.157197	16.2809	7.85984	-0.48781	0.17643	-5.70109	160.116
27.4	0.325478	0.157419	16.2739	7.87095	-0.487903	0.176709	-5.69803	160.091
27.41	0.325338	0.157641	16.2669	7.88207	-0.487997	0.176989	-5.69496	160.065
27.42	0.325199	0.157864	16.2599	7.89318	-0.48809	0.177268	-5.6919	160.04
27.43	0.32506	0.158086	16.253	7.90431	-0.488184	0.177548	-5.68883	160.014
27.44	0.32492	0.158309	16.246	7.91543	-0.488277	0.177827	-5.68577	159.989
27.45	0.324781	0.158531	16.2391	7.92656	-0.48837	0.178107	-5.68271	159.963
27.46	0.324642	0.158754	16.2321	7.93769	-0.488463	0.178387	-5.67965	159.938
27.47	0.324503	0.158976	16.2252	7.94882	-0.488555	0.178667	-5.67659	159.912
27.48	0.324364	0.159199	16.2182	7.95995	-0.488648	0.178947	-5.67354	159.887
27.49	0.324225	0.159422	16.2113	7.97109	-0.48874	0.179227	-5.67048	159.861
27.5	0.324087	0.159645	16.2043	7.98223	-0.488832	0.179508	-5.66743	159.836
27.51	0.323948	0.159867	16.1974	7.99337	-0.488924	0.179788	-5.66438	159.81
27.52	0.323809	0.16009	16.1905	8.00451	-0.489016	0.180069	-5.66132	159.785
27.53	0.323671	0.160313	16.1835	8.01566	-0.489107	0.18035	-5.65828	159.759
27.54	0.323532	0.160536	16.1766	8.02681	-0.489199	0.18063	-5.65523	159.734
27.55	0.323394	0.160759	16.1697	8.03796	-0.48929	0.180911	-5.65218	159.708
27.56	0.323255	0.160982	16.1628	8.04911	-0.489381	0.181192	-5.64914	159.683
27.57	0.323117	0.161205	16.1559	8.06027	-0.489472	0.181474	-5.64609	159.658
27.58	0.322979	0.161429	16.1489	8.07143	-0.489562	0.181755	-5.64305	159.632
27.59	0.322841	0.161652	16.142	8.08259	-0.489653	0.182036	-5.64001	159.607
27.6	0.322703	0.161875	16.1351	8.09376	-0.489743	0.182318	-5.63697	159.581
27.61	0.322565	0.162098	16.1282	8.10492	-0.489833	0.1826	-5.63393	159.556
27.62	0.322427	0.162322	16.1213	8.11609	-0.489923	0.182881	-5.6309	159.53
27.63	0.322289	0.162545	16.1144	8.12726	-0.490013	0.183163	-5.62786	159.505
27.64	0.322151	0.162769	16.1075	8.13844	-0.490103	0.183445	-5.62483	159.479
27.65	0.322013	0.162992	16.1007	8.14961	-0.490192	0.183727	-5.62179	159.454
27.66	0.321876	0.163216	16.0938	8.16079	-0.490282	0.184009	-5.61876	159.428
27.67	0.321738	0.16344	16.0869	8.17198	-0.490371	0.184292	-5.61573	159.403
27.68	0.3216	0.163663	16.08	8.18316	-0.49046	0.184574	-5.61271	159.377
27.69	0.321463	0.163887	16.0731	8.19435	-0.490548	0.184857	-5.60968	159.352
27.7	0.321326	0.164111	16.0663	8.20554	-0.490637	0.185139	-5.60665	159.326
27.71	0.321188	0.164335	16.0594	8.21673	-0.490725	0.185422	-5.60363	159.301
27.72	0.321051	0.164558	16.0525	8.22792	-0.490814	0.185705	-5.60061	159.275
27.73	0.320914	0.164782	16.0457	8.23912	-0.490902	0.185988	-5.59759	159.25
27.74	0.320777	0.165006	16.0388	8.25032	-0.490989	0.186271	-5.59457	159.224
27.75	0.32064	0.16523	16.032	8.26152	-0.491077	0.186554	-5.59155	159.199
27.76	0.320503	0.165454	16.0251	8.27272	-0.491165	0.186838	-5.58853	159.173
27.77	0.320366	0.165679	16.0183	8.28393	-0.491252	0.187121	-5.58552	159.148
27.78	0.320229	0.165903	16.0114	8.29514	-0.491339	0.187405	-5.5825	159.122
27.79	0.320092	0.166127	16.0046	8.30635	-0.491426	0.187688	-5.57949	159.097
27.8	0.319955	0.166351	15.9978	8.31756	-0.491513	0.187972	-5.57648	159.071
27.81	0.319819	0.166576	15.9909	8.32878	-0.4916	0.188256	-5.57347	159.046
27.82	0.319682	0.1668	15.9841	8.34	-0.491686	0.18854	-5.57046	159.02
27.83	0.319546	0.167024	15.9773	8.35122	-0.491772	0.188824	-5.56745	158.995
27.84	0.319409	0.167249	15.9705	8.36244	-0.491858	0.189109	-5.56445	158.969
27.85	0.319273	0.167473	15.9636	8.37367	-0.491944	0.189393	-5.56144	158.944
27.86	0.319137	0.167698	15.9568	8.38489	-0.49203	0.189677	-5.55844	158.918
27.87	0.319	0.167922	15.95	8.39612	-0.492116	0.189962	-5.55544	158.893
27.88	0.318864	0.168147	15.9432	8.40736	-0.492201	0.190247	-5.55244	158.867
27.89	0.318728	0.168372	15.9364	8.41859	-0.492286	0.190531	-5.54944	158.842
27.9	0.318592	0.168597	15.9296	8.42983	-0.492371	0.190816	-5.54645	158.816
27.91	0.318456	0.168821	15.9228	8.44107	-0.492456	0.191101	-5.54345	158.791
27.92	0.31832	0.169046	15.916	8.45231	-0.492541	0.191386	-5.54046	158.765
27.93	0.318185	0.169271	15.9092	8.46356	-0.492625	0.191672	-5.53746	158.74
27.94	0.318049	0.169496	15.9024	8.47481	-0.49271	0.191957	-5.53447	158.714
27.95	0.317913	0.169721	15.8957	8.48606	-0.492794	0.192242	-5.53148	158.689
27.96	0.317778	0.169946	15.8889	8.49731	-0.492878	0.192528	-5.52849	158.663
27.97	0.317642	0.170171	15.8821	8.50856	-0.492961	0.192813	-5.5255	158.638
27.98	0.317507	0.170396	15.8753	8.51982	-0.493045	0.193099	-5.52252	158.612
27.99	0.317371	0.170622	15.8686	8.53108	-0.493128	0.193385	-5.51953	158.587
28	0.317236	0.170847	15.8618	8.54234	-0.493212	0.193671	-5.51655	158.561
28.01	0.317101	0.171072	15.855	8.5536	-0.493295	0.193957	-5.51357	158.536
28.02	0.316965	0.171297	15.8483	8.56487	-0.493378	0.194243	-5.51059	158.51
28.03	0.31683	0.171523	15.8415	8.57614	-0.49346	0.19453	-5.50761	158.485
28.04	0.316695	0.171748	15.8348	8.58741	-0.493543	0.194816	-5.50463	158.459
28.05	0.31656	0.171974	15.828	8.59868	-0.493625	0.195103	-5.50166	158.434
28.06	0.316425	0.172199	15.8213	8.60996	-0.493707	0.195389	-5.49868	158.408
28.07	0.316291	0.172425	15.8145	8.62124	-0.493789	0.195676	-5.49571	158.383
28.08	0.316156	0.17265	15.8078	8.63252	-0.493871	0.195963	-5.49274	158.357
28.09	0.316021	0.172876	15.8011	8.6438	-0.493953	0.19625	-5.48977	158.332
28.1	0.315886	0.173102	15.7943	8.65509	-0.494034	0.196537	-5.4868	158.306
28.11	0.315752	0.173327	15.7876	8.66637	-0.494115	0.196824	-5.48383	158.281
28.12	0.315617	0.173553	15.7809	8.67766	-0.494196	0.197111	-5.48086	158.255
28.13	0.315483	0.173779	15.7741	8.68896	-0.494277	0.197398	-5.4779	158.23
28.14	0.315349	0.174005	15.7674	8.70025	-0.494358	0.197686	-5.47494	158.204
28.15	0.315214	0.174231	15.7607	8.71155	-0.494439	0.197973	-5.47197	158.179
28.16	0.31508	0.174457	15.754	8.72285	-0.494519	0.198261	-5.46901	158.153
28.17	0.314946	0.174683	15.7473	8.73415	-0.494599	0.198549	-5.46605	158.128
28.18	0.314812	0.174909	15.7406	8.74545	-0.494679	0.198837	-5.4631	158.102
28.19	0.314678	0.175135	15.7339	8.75676	-0.494759	0.199125	-5.46014	158.077
28.2	0.314544	0.175361	15.7272	8.76807	-0.494838	0.199413	-5.45719	158.051
28.21	0.31441	0.175588	15.7205	8.77938	-0.494918	0.199701	-5.45423	158.026
28.22	0.314276	0.175814	15.7138	8.79069	-0.494997	0.199989	-5.45128	158
28.23	0.314142	0.17604	15.7071	8.80201	-0.495076	0.200278	-5.44833	157.975
28.24	0.314009	0.176266	15.7004	8.81332	-0.495155	0.200566	-5.44538	157.949
28.25	0.313875	0.176493	15.6938	8.82464	-0.495234	0.200855	-5.44243	157.924
28.26	0.313742	0.176719	15.6871	8.83597	-0.495312	0.201143	-5.43948	157.898
28.27	0.313608	0.176946	15.6804	8.84729	-0.495391	0.201432	-5.43654	157.873
28.28	0.313475	0.177172	15.6737	8.85862	-0.495469	0.201721	-5.4336	157.847
28.29	0.313341	0.177399	15.6671	8.86995	-0.495547	0.20201	-5.43065	157.822
28.3	0.313208	0.177626	15.6604	8.88128	-0.495625	0.202299	-5.42771	157.796
28.31	0.313075	0.177852	15.6538	8.89261	-0.495702	0.202589	-5.42477	157.771
28.32	0.312942	0.178079	15.6471	8.90395	-0.49578	0.202878	-5.42183	157.745
28.33	0.312809	0.178306	15.6404	8.91529	-0.495857	0.203167	-5.4189	157.72
28.34	0.312676	0.178533	15.6338	8.92663	-0.495934	0.203457	-5.41596	157.694
28.35	0.312543	0.178759	15.6271	8.93797	-0.496011	0.203746	-5.41303	157.669
28.36	0.31241	0.178986	15.6205	8.94932	-0.496087	0.204036	-5.4101	157.643
28.37	0.312277	0.179213	15.6139	8.96066	-0.496164	0.204326	-5.40716	157.618
28.38	0.312145	0.17944	15.6072	8.97201	-0.49624	0.204616	-5.40423	157.592
28.39	0.312012	0.179667	15.6006	8.98336	-0.496316	0.204906	-5.40131	157.567
28.4	0.311879	0.179894	15.594	8.99472	-0.496392	0.205196	-5.39838	157.541
28.41	0.311747	0.180121	15.5873	9.00607	-0.496468	0.205486	-5.39545	157.516
28.42	0.311614	0.180349	15.5807	9.01743	-0.496544	0.205777	-5.39253	157.49
28.43	0.311482	0.180576	15.5741	9.02879	-0.496619	0.206067	-5.38961	157.464
28.44	0.31135	0.180803	15.5675	9.04016	-0.496694	0.206358	-5.38668	157.439
28.45	0.311218	0.18103	15.5609	9.05152	-0.496769	0.206648	-5.38376	157.413
28.46	0.311085	0.181258	15.5543	9.06289	-0.496844	0.206939	-5.38085	157.388
28.47	0.310953	0.181485	15.5477	9.07426	-0.496919	0.20723	-5.37793	157.362
28.48	0.310821	0.181713	15.5411	9.08563	-0.496993	0.207521	-5.37501	157.337
28.49	0.310689	0.18194	15.5345	9.09701	-0.497068	0.207812	-5.3721	157.311
28.5	0.310557	0.182168	15.5279	9.10838	-0.497142	0.208103	-5.36918	157.286
28.51	0.310426	0.182395	15.5213	9.11976	-0.497216	0.208394	-5.36627	157.26
28.52	0.310294	0.182623	15.5147	9.13114	-0.497289	0.208685	-5.36336	157.235
28.53	0.310162	0.182851	15.5081	9.14253	-0.497363	0.208977	-5.36045	157.209
28.54	0.310031	0.183078	15.5015	9.15391	-0.497436	0.209268	-5.35755	157.184
28.55	0.309899	0.183306	15.495	9.1653	-0.49751	0.20956	-5.35464	157.158
28.56	0.309768	0.183534	15.4884	9.17669	-0.497583	0.209852	-5.35174	157.133
28.57	0.309636	0.183762	15.4818	9.18808	-0.497655	0.210144	-5.34883	157.107
28.58	0.309505	0.183989	15.4752	9.19947	-0.497728	0.210435	-5.34593	157.082
28.59	0.309374	0.184217	15.4687	9.21087	-0.4978	0.210727	-5.34303	157.056
28.6	0.309242	0.184445	15.4621	9.22227	-0.497873	0.21102	-5.34013	157.031
28.61	0.309111	0.184673	15.4556	9.23367	-0.497945	0.211312	-5.33723	157.005
28.62	0.30898	0.184901	15.449	9.24507	-0.498017	0.211604	-5.33434	156.98
28.63	0.308849	0.18513	15.4425	9.25648	-0.498088	0.211896	-5.33144	156.954
28.64	0.308718	0.185358	15.4359	9.26789	-0.49816	0.212189	-5.32855	156.929
28.65	0.308587	0.185586	15.4294	9.27929	-0.498231	0.212481	-5.32566	156.903
28.66	0.308457	0.185814	15.4228	9.29071	-0.498302	0.212774	-5.32276	156.878
28.67	0.308326	0.186042	15.4163	9.30212	-0.498373	0.213067	-5.31987	156.852
28.68	0.308195	0.186271	15.4098	9.31354	-0.498444	0.21336	-5.31699	156.827
28.69	0.308065	0.186499	15.4032	9.32495	-0.498515	0.213653	-5.3141	156.801
28.7	0.307934	0.186727	15.3967	9.33637	-0.498585	0.213946	-5.31121	156.776
28.71	0.307804	0.186956	15.3902	9.3478	-0.498655	0.214239	-5.30833	156.75
28.72	0.307673	0.187184	15.3837	9.35922	-0.498725	0.214532	-5.30545	156.725
28.73	0.307543	0.187413	15.3771	9.37065	-0.498795	0.214826	-5.30257	156.699
28.74	0.307413	0.187642	15.3706	9.38208	-0.498865	0.215119	-5.29969	156.673
28.75	0.307283	0.18787	15.3641	9.39351	-0.498934	0.215413	-5.29681	156.648
28.76	0.307152	0.188099	15.3576	9.40494	-0.499003	0.215706	-5.29393	156.622
28.77	0.307022	0.188328	15.3511	9.41638	-0.499072	0.216	-5.29106	156.597
28.78	0.306892	0.188556	15.3446	9.42781	-0.499141	0.216294	-5.28818	156.571
28.79	0.306762	0.188785	15.3381	9.43925	-0.49921	0.216588	-5.28531	156.546
28.8	0.306633	0.189014	15.3316	9.4507	-0.499279	0.216882	-5.28244	156.52
28.81	0.306503	0.189243	15.3251	9.46214	-0.499347	0.217176	-5.27957	156.495
28.82	0.306373	0.189472	15.3187	9.47359	-0.499415	0.21747	-5.2767	156.469
28.83	0.306244	0.189701	15.3122	9.48503	-0.499483	0.217764	-5.27383	156.444
28.84	0.306114	0.18993	15.3057	9.49648	-0.499551	0.218058	-5.27097	156.418
28.85	0.305984	0.190159	15.2992	9.50794	-0.499618	0.218353	-5.2681	156.393
28.86	0.305855	0.190388	15.2928	9.51939	-0.499686	0.218647	-5.26524	156.367
28.87	0.305726	0.190617	15.2863	9.53085	-0.499753	0.218942	-5.26238	156.342
28.88	0.305596	0.190846	15.2798	9.54231	-0.49982	0.219237	-5.25952	156.316
28.89	0.305467	0.191075	15.2734	9.55377	-0.499887	0.219532	-5.25666	156.291
28.9	0.305338	0.191305	15.2669	9.56523	-0.499953	0.219827	-5.2538	156.265
28.91	0.305209	0.191534	15.2604	9.5767	-0.50002	0.220122	-5.25094	156.24
28.92	0.30508	0.191763	15.254	9.58816	-0.500086	0.220417	-5.24809	156.214
28.93	0.304951	0.191993	15.2475	9.59963	-0.500152	0.220712	-5.24524	156.189
28.94	0.304822	0.192222	15.2411	9.6111	-0.500218	0.221007	-5.24238	156.163
28.95	0.304693	0.192452	15.2347	9.62258	-0.500284	0.221303	-5.23953	156.138
28.96	0.304564	0.192681	15.2282	9.63405	-0.500349	0.221598	-5.23668	156.112
28.97	0.304436	0.192911	15.2218	9.64553	-0.500415	0.221894	-5.23384	156.087
28.98	0.304307	0.19314	15.2154	9.65701	-0.50048	0.222189	-5.23099	156.061
28.99	0.304179	0.19337	15.2089	9.66849	-0.500545	0.222485	-5.22814	156.036
29	0.30405	0.1936	15.2025	9.67998	-0.500609	0.222781	-5.2253	156.01
29.01	0.303922	0.193829	15.1961	9.69146	-0.500674	0.223077	-5.22246	155.985
29.02	0.303793	0.194059	15.1897	9.70295	-0.500738	0.223373	-5.21962	155.959
29.03	0.303665	0.194289	15.1833	9.71444	-0.500802	0.223669	-5.21678	155.933
29.04	0.303537	0.194519	15.1768	9.72593	-0.500866	0.223965	-5.21394	155.908
29.05	0.303409	0.194749	15.1704	9.73743	-0.50093	0.224261	-5.2111	155.882
29.06	0.303281	0.194978	15.164	9.74892	-0.500994	0.224558	-5.20827	155.857
29.07	0.303153	0.195208	15.1576	9.76042	-0.501057	0.224854	-5.20543	155.831
29.08	0.303025	0.195438	15.1512	9.77192	-0.50112	0.22515	-5.2026	155.806
29.09	0.302897	0.195668	15.1448	9.78342	-0.501183	0.225447	-5.19977	155.78
29.1	0.302769	0.195899	15.1384	9.79493	-0.501246	0.225744	-5.19694	155.755
29.11	0.302641	0.196129	15.1321	9.80643	-0.501309	0.226041	-5.19411	155.729
29.12	0.302514	0.196359	15.1257	9.81794	-0.501371	0.226337	-5.19128	155.704
29.13	0.302386	0.196589	15.1193	9.82945	-0.501434	0.226634	-5.18846	155.678
29.14	0.302258	0.196819	15.1129	9.84097	-0.501496	0.226931	-5.18563	155.653
29.15	0.302131	0.19705	15.1065	9.85248	-0.501558	0.227229	-5.18281	155.627
29.16	0.302004	0.19728	15.1002	9.864	-0.501619	0.227526	-5.17999	155.602
29.17	0.301876	0.19751	15.0938	9.87552	-0.501681	0.227823	-5.17717	155.576
29.18	0.301749	0.197741	15.0874	9.88704	-0.501742	0.228121	-5.17435	155.551
29.19	0.301622	0.197971	15.0811	9.89856	-0.501803	0.228418	-5.17153	155.525
29.2	0.301495	0.198202	15.0747	9.91009	-0.501864	0.228716	-5.16871	155.5
29.21	0.301368	0.198432	15.0684	9.92161	-0.501925	0.229013	-5.1659	155.474
29.22	0.301241	0.198663	15.062	9.93314	-0.501986	0.229311	-5.16309	155.449
29.23	0.301114	0.198893	15.0557	9.94467	-0.502046	0.229609	-5.16027	155.423
29.24	0.300987	0.199124	15.0493	9.95621	-0.502106	0.229907	-5.15746	155.398
29.25	0.30086	0.199355	15.043	9.96774	-0.502166	0.230205	-5.15465	155.372
29.26	0.300733	0.199586	15.0367	9.97928	-0.502226	0.230503	-5.15185	155.347
29.27	0.300607	0.199816	15.0303	9.99082	-0.502285	0.230801	-5.14904	155.321
29.28	0.30048	0.200047	15.024	10.0024	-0.502345	0.231099	-5.14624	155.296
29.29	0.300353	0.200278	15.0177	10.0139	-0.502404	0.231397	-5.14343	155.27
29.3	0.300227	0.200509	15.0113	10.0254	-0.502463	0.231696	-5.14063	155.245
29.31	0.300101	0.20074	15.005	10.037	-0.502522	0.231994	-5.13783	155.219
29.32	0.299974	0.200971	14.9987	10.0485	-0.50258	0.232293	-5.13503	155.194
29.33	0.299848	0.201202	14.9924	10.0601	-0.502639	0.232592	-5.13223	155.168
29.34	0.299722	0.201433	14.9861	10.0716	-0.502697	0.23289	-5.12943	155.143
29.35	0.299596	0.201664	14.9798	10.0832	-0.502755	0.233189	-5.12664	155.117
29.36	0.29947	0.201895	14.9735	10.0948	-0.502813	0.233488	-5.12384	155.092
29.37	0.299344	0.202126	14.9672	10.1063	-0.502871	0.233787	-5.12105	155.066
29.38	0.299218	0.202358	14.9609	10.1179	-0.502928	0.234086	-5.11826	155.041
29.39	0.299092	0.202589	14.9546	10.1294	-0.502985	0.234385	-5.11547	155.015
29.4	0.298966	0.20282	14.9483	10.141	-0.503043	0.234684	-5.11268	154.99
29.41	0.29884	0.203051	14.942	10.1526	-0.503099	0.234984	-5.10989	154.964
29.42	0.298715	0.203283	14.9357	10.1641	-0.503156	0.235283	-5.10711	154.939
29.43	0.298589	0.203514	14.9295	10.1757	-0.503213	0.235583	-5.10432	154.913
29.44	0.298464	0.203746	14.9232	10.1873	-0.503269	0.235882	-5.10154	154.888
29.45	0.298338	0.203977	14.9169	10.1989	-0.503325	0.236182	-5.09876	154.862
29.46	0.298213	0.204209	14.9106	10.2104	-0.503381	0.236482	-5.09598	154.836
29.47	0.298087	0.20444	14.9044	10.222	-0.503437	0.236781	-5.0932	154.811
29.48	0.297962	0.204672	14.8981	10.2336	-0.503492	0.237081	-5.09042	154.785
29.49	0.297837	0.204903	14.8919	10.2452	-0.503548	0.237381	-5.08764	154.76
29.5	0.297712	0.205135	14.8856	10.2568	-0.503603	0.237681	-5.08487	154.734
29.51	0.297587	0.205367	14.8793	10.2683	-0.503658	0.237981	-5.0821	154.709
29.52	0.297462	0.205599	14.8731	10.2799	-0.503712	0.238282	-5.07932	154.683
29.53	0.297337	0.20583	14.8668	10.2915	-0.503767	0.238582	-5.07655	154.658
29.54	0.297212	0.206062	14.8606	10.3031	-0.503821	0.238882	-5.07378	154.632
29.55	0.297087	0.206294	14.8544	10.3147	-0.503876	0.239183	-5.07101	154.607
29.56	0.296963	0.206526	14.8481	10.3263	-0.50393	0.239483	-5.06825	154.581
29.57	0.296838	0.206758	14.8419	10.3379	-0.503983	0.239784	-5.06548	154.556
29.58	0.296713	0.20699	14.8357	10.3495	-0.504037	0.240084	-5.06272	154.53
29.59	0.296589	0.207222	14.8294	10.3611	-0.50409	0.240385	-5.05996	154.505
29.6	0.296464	0.207454	14.8232	10.3727	-0.504144	0.240686	-5.05719	154.479
29.61	0.29634	0.207686	14.817	10.3843	-0.504197	0.240987	-5.05443	154.454
29.62	0.296216	0.207918	14.8108	10.3959	-0.504249	0.241288	-5.05168	154.428
29.63	0.296091	0.208151	14.8046	10.4075	-0.504302	0.241589	-5.04892	154.403
29.64	0.295967	0.208383	14.7984	10.4191	-0.504355	0.24189	-5.04616	154.377
29.65	0.295843	0.208615	14.7922	10.4308	-0.504407	0.242191	-5.04341	154.352
29.66	0.295719	0.208847	14.786	10.4424	-0.504459	0.242493	-5.04066	154.326
29.67	0.295595	0.20908	14.7798	10.454	-0.504511	0.242794	-5.0379	154.301
29.68	0.295471	0.209312	14.7736	10.4656	-0.504562	0.243095	-5.03515	154.275
29.69	0.295347	0.209544	14.7674	10.4772	-0.504614	0.243397	-5.0324	154.25
29.7	0.295224	0.209777	14.7612	10.4888	-0.504665	0.243698	-5.02966	154.224
29.71	0.2951	0.210009	14.755	10.5005	-0.504716	0.244	-5.02691	154.199
29.72	0.294976	0.210242	14.7488	10.5121	-0.504767	0.244302	-5.02417	154.174
29.73	0.294853	0.210474	14.7426	10.5237	-0.504818	0.244604	-5.02142	154.148
29.74	0.294729	0.210707	14.7365	10.5354	-0.504868	0.244906	-5.01868	154.123
29.75	0.294606	0.21094	14.7303	10.547	-0.504918	0.245208	-5.01594	154.097
29.76	0.294482	0.211172	14.7241	10.5586	-0.504969	0.24551	-5.0132	154.072
29.77	0.294359	0.211405	14.718	10.5703	-0.505018	0.245812	-5.01046	154.046
29.78	0.294236	0.211638	14.7118	10.5819	-0.505068	0.246114	-5.00772	154.021
29.79	0.294113	0.211871	14.7056	10.5935	-0.505118	0.246416	-5.00499	153.995
29.8	0.293989	0.212103	14.6995	10.6052	-0.505167	0.246718	-5.00225	153.97
29.81	0.293866	0.212336	14.6933	10.6168	-0.505216	0.247021	-4.99952	153.944
29.82	0.293743	0.212569	14.6872	10.6285	-0.505265	0.247323	-4.99679	153.919
29.83	0.293621	0.212802	14.681	10.6401	-0.505314	0.247626	-4.99406	153.893
29.84	0.293498	0.213035	14.6749	10.6518	-0.505362	0.247929	-4.99133	153.868
29.85	0.293375	0.213268	14.6687	10.6634	-0.505411	0.248231	-4.98861	153.842
29.86	0.293252	0.213501	14.6626	10.6751	-0.505459	0.248534	-4.98588	153.817
29.87	0.29313	0.213734	14.6565	10.6867	-0.505507	0.248837	-4.98315	153.791
29.88	0.293007	0.213967	14.6503	10.6984	-0.505554	0.24914	-4.98043	153.766
29.89	0.292884	0.214201	14.6442	10.71	-0.505602	0.249443	-4.97771	153.74
29.9	0.292762	0.214434	14.6381	10.7217	-0.505649	0.249746	-4.97499	153.715
29.91	0.29264	0.214667	14.632	10.7333	-0.505696	0.250049	-4.97227	153.689
29.92	0.292517	0.2149	14.6259	10.745	-0.505743	0.250352	-4.96955	153.664
29.93	0.292395	0.215134	14.6198	10.7567	-0.50579	0.250656	-4.96684	153.638
29.94	0.292273	0.215367	14.6136	10.7683	-0.505837	0.250959	-4.96412	153.613
29.95	0.292151	0.2156	14.6075	10.78	-0.505883	0.251262	-4.96141	153.587
29.96	0.292029	0.215834	14.6014	10.7917	-0.505929	0.251566	-4.9587	153.562
29.97	0.291907	0.216067	14.5953	10.8034	-0.505975	0.251869	-4.95598	153.536
29.98	0.291785	0.216301	14.5892	10.815	-0.506021	0.252173	-4.95327	153.511
29.99	0.291663	0.216534	14.5831	10.8267	-0.506066	0.252477	-4.95057	153.485
30	0.291541	0.216768	14.5771	10.8384	-0.506112	0.25278	-4.94786	153.46
30.01	0.291419	0.217001	14.571	10.8501	-0.506157	0.253084	-4.94515	153.434
30.02	0.291298	0.217235	14.5649	10.8617	-0.506202	0.253388	-4.94245	153.409
30.03	0.291176	0.217469	14.5588	10.8734	-0.506247	0.253692	-4.93975	153.383
30.04	0.291055	0.217702	14.5527	10.8851	-0.506291	0.253996	-4.93705	153.358
30.05	0.290933	0.217936	14.5467	10.8968	-0.506336	0.2543	-4.93435	153.333
30.06	0.290812	0.21817	14.5406	10.9085	-0.50638	0.254605	-4.93165	153.307
30.07	0.29069	0.218404	14.5345	10.9202	-0.506424	0.254909	-4.92895	153.282
30.08	0.290569	0.218637	14.5285	10.9319	-0.506468	0.255213	-4.92625	153.256
30.09	0.290448	0.218871	14.5224	10.9436	-0.506511	0.255518	-4.92356	153.231
30.1	0.290327	0.219105	14.5163	10.9553	-0.506555	0.255822	-4.92087	153.205
30.11	0.290206	0.219339	14.5103	10.967	-0.506598	0.256127	-4.91817	153.18
30.12	0.290085	0.219573	14.5042	10.9787	-0.506641	0.256431	-4.91548	153.154
30.13	0.289964	0.219807	14.4982	10.9904	-0.506684	0.256736	-4.91279	153.129
30.14	0.289843	0.220041	14.4921	11.0021	-0.506726	0.257041	-4.91011	153.103
30.15	0.289722	0.220275	14.4861	11.0138	-0.506769	0.257345	-4.90742	153.078
30.16	0.289601	0.220509	14.4801	11.0255	-0.506811	0.25765	-4.90473	153.052
30.17	0.289481	0.220744	14.474	11.0372	-0.506853	0.257955	-4.90205	153.027
30.18	0.28936	0.220978	14.468	11.0489	-0.506895	0.25826	-4.89937	153.001
30.19	0.28924	0.221212	14.462	11.0606	-0.506936	0.258565	-4.89669	152.976
30.2	0.289119	0.221446	14.456	11.0723	-0.506978	0.25887	-4.89401	152.95
30.21	0.288999	0.221681	14.4499	11.084	-0.507019	0.259176	-4.89133	152.925
30.22	0.288878	0.221915	14.4439	11.0957	-0.50706	0.259481	-4.88865	152.9
30.23	0.288758	0.222149	14.4379	11.1075	-0.507101	0.259786	-4.88598	152.874
30.24	0.288638	0.222384	14.4319	11.1192	-0.507142	0.260092	-4.8833	152.849
30.25	0.288518	0.222618	14.4259	11.1309	-0.507182	0.260397	-4.88063	152.823
30.26	0.288398	0.222853	14.4199	11.1426	-0.507222	0.260703	-4.87796	152.798
30.27	0.288278	0.223087	14.4139	11.1544	-0.507262	0.261008	-4.87529	152.772
30.28	0.288158	0.223322	14.4079	11.1661	-0.507302	0.261314	-4.87262	152.747
30.29	0.288038	0.223556	14.4019	11.1778	-0.507342	0.261619	-4.86995	152.721
30.3	0.287918	0.223791	14.3959	11.1895	-0.507381	0.261925	-4.86728	152.696
30.31	0.287798	0.224026	14.3899	11.2013	-0.50742	0.262231	-4.86462	152.67
30.32	0.287679	0.22426	14.3839	11.213	-0.507459	0.262537	-4.86196	152.645
30.33	0.287559	0.224495	14.378	11.2248	-0.507498	0.262843	-4.85929	152.62
30.34	0.287439	0.22473	14.372	11.2365	-0.507537	0.263149	-4.85663	152.594
30.35	0.28732	0.224965	14.366	11.2482	-0.507575	0.263455	-4.85397	152.569
30.36	0.287201	0.225199	14.36	11.26	-0.507614	0.263761	-4.85132	152.543
30.37	0.287081	0.225434	14.3541	11.2717	-0.507652	0.264068	-4.84866	152.518
30.38	0.286962	0.225669	14.3481	11.2835	-0.507689	0.264374	-4.846	152.492
30.39	0.286843	0.225904	14.3421	11.2952	-0.507727	0.26468	-4.84335	152.467
30.4	0.286724	0.226139	14.3362	11.307	-0.507765	0.264987	-4.8407	152.441
30.41	0.286604	0.226374	14.3302	11.3187	-0.507802	0.265293	-4.83804	152.416
30.42	0.286485	0.226609	14.3243	11.3305	-0.507839	0.2656	-4.83539	152.39
30.43	0.286366	0.226844	14.3183	11.3422	-0.507876	0.265906	-4.83275	152.365
30.44	0.286248	0.227079	14.3124	11.354	-0.507912	0.266213	-4.8301	152.34
30.45	0.286129	0.227314	14.3064	11.3657	-0.507949	0.26652	-4.82745	152.314
30.46	0.28601	0.22755	14.3005	11.3775	-0.507985	0.266826	-4.82481	152.289
30.47	0.285891	0.227785	14.2946	11.3892	-0.508021	0.267133	-4.82216	152.263
30.48	0.285773	0.22802	14.2886	11.401	-0.508057	0.26744	-4.81952	152.238
30.49	0.285654	0.228255	14.2827	11.4128	-0.508093	0.267747	-4.81688	152.212
30.5	0.285536	0.228491	14.2768	11.4245	-0.508128	0.268054	-4.81424	152.187
30.51	0.285417	0.228726	14.2709	11.4363	-0.508163	0.268361	-4.8116	152.161
30.52	0.285299	0.228961	14.2649	11.4481	-0.508198	0.268668	-4.80897	152.136
30.53	0.28518	0.229197	14.259	11.4598	-0.508233	0.268975	-4.80633	152.111
30.54	0.285062	0.229432	14.2531	11.4716	-0.508268	0.269283	-4.8037	152.085
30.55	0.284944	0.229668	14.2472	11.4834	-0.508302	0.26959	-4.80107	152.06
30.56	0.284826	0.229903	14.2413	11.4952	-0.508336	0.269897	-4.79843	152.034
30.57	0.284708	0.230139	14.2354	11.5069	-0.50837	0.270205	-4.7958	152.009
30.58	0.28459	0.230374	14.2295	11.5187	-0.508404	0.270512	-4.79318	151.983
30.59	0.284472	0.23061	14.2236	11.5305	-0.508438	0.27082	-4.79055	151.958
30.6	0.284354	0.230845	14.2177	11.5423	-0.508471	0.271127	-4.78792	151.933
30.61	0.284236	0.231081	14.2118	11.5541	-0.508505	0.271435	-4.7853	151.907
30.62	0.284119	0.231317	14.2059	11.5658	-0.508538	0.271743	-4.78267	151.882
30.63	0.284001	0.231552	14.2	11.5776	-0.508571	0.272051	-4.78005	151.856
30.64	0.283883	0.231788	14.1942	11.5894	-0.508603	0.272358	-4.77743	151.831
30.65	0.283766	0.232024	14.1883	11.6012	-0.508636	0.272666	-4.77481	151.805
30.66	0.283648	0.23226	14.1824	11.613	-0.508668	0.272974	-4.7722	151.78
30.67	0.283531	0.232496	14.1765	11.6248	-0.5087	0.273282	-4.76958	151.755
30.68	0.283414	0.232732	14.1707	11.6366	-0.508732	0.27359	-4.76696	151.729
30.69	0.283296	0.232968	14.1648	11.6484	-0.508763	0.273899	-4.76435	151.704
30.7	0.283179	0.233204	14.159	11.6602	-0.508795	0.274207	-4.76174	151.678
30.71	0.283062	0.23344	14.1531	11.672	-0.508826	0.274515	-4.75913	151.653
30.72	0.282945	0.233676	14.1472	11.6838	-0.508857	0.274823	-4.75652	151.627
30.73	0.282828	0.233912	14.1414	11.6956	-0.508888	0.275132	-4.75391	151.602
30.74	0.282711	0.234148	14.1356	11.7074	-0.508918	0.27544	-4.7513	151.577
30.75	0.282594	0.234384	14.1297	11.7192	-0.508949	0.275748	-4.74869	151.551
30.76	0.282477	0.23462	14.1239	11.731	-0.508979	0.276057	-4.74609	151.526
30.77	0.282361	0.234856	14.118	11.7428	-0.509009	0.276365	-4.74349	151.5
30.78	0.282244	0.235092	14.1122	11.7546	-0.509039	0.276674	-4.74088	151.475
30.79	0.282127	0.235329	14.1064	11.7664	-0.509069	0.276983	-4.73828	151.45
30.8	0.282011	0.235565	14.1005	11.7782	-0.509098	0.277291	-4.73569	151.424
30.81	0.281894	0.235801	14.0947	11.7901	-0.509127	0.2776	-4.73309	151.399
30.82	0.281778	0.236038	14.0889	11.8019	-0.509156	0.277909	-4.73049	151.373
30.83	0.281661	0.236274	14.0831	11.8137	-0.509185	0.278218	-4.7279	151.348
30.84	0.281545	0.23651	14.0773	11.8255	-0.509214	0.278527	-4.7253	151.322
30.85	0.281429	0.236747	14.0714	11.8373	-0.509242	0.278836	-4.72271	151.297
30.86	0.281313	0.236983	14.0656	11.8492	-0.50927	0.279145	-4.72012	151.272
30.87	0.281197	0.23722	14.0598	11.861	-0.509298	0.279454	-4.71753	151.246
30.88	0.281081	0.237456	14.054	11.8728	-0.509326	0.279763	-4.71494	151.221
30.89	0.280965	0.237693	14.0482	11.8847	-0.509354	0.280072	-4.71235	151.195
30.9	0.280849	0.23793	14.0424	11.8965	-0.509381	0.280382	-4.70977	151.17
30.91	0.280733	0.238166	14.0366	11.9083	-0.509408	0.280691	-4.70718	151.145
30.92	0.280617	0.238403	14.0309	11.9201	-0.509435	0.281	-4.7046	151.119
30.93	0.280501	0.23864	14.0251	11.932	-0.509462	0.28131	-4.70202	151.094
30.94	0.280386	0.238876	14.0193	11.9438	-0.509489	0.281619	-4.69944	151.068
30.95	0.28027	0.239113	14.0135	11.9557	-0.509515	0.281929	-4.69686	151.043
30.96	0.280155	0.23935	14.0077	11.9675	-0.509541	0.282238	-4.69428	151.018
30.97	0.280039	0.239587	14.002	11.9793	-0.509567	0.282548	-4.6917	150.992
30.98	0.279924	0.239824	13.9962	11.9912	-0.509593	0.282858	-4.68913	150.967
30.99	0.279808	0.240061	13.9904	12.003	-0.509619	0.283167	-4.68655	150.941
31	0.279693	0.240297	13.9847	12.0149	-0.509644	0.283477	-4.68398	150.916
31.01	0.279578	0.240534	13.9789	12.0267	-0.509669	0.283787	-4.68141	150.891
31.02	0.279463	0.240771	13.9731	12.0386	-0.509694	0.284097	-4.67884	150.865
31.03	0.279348	0.241008	13.9674	12.0504	-0.509719	0.284407	-4.67627	150.84
31.04	0.279233	0.241245	13.9616	12.0623	-0.509743	0.284717	-4.67371	150.815
31.05	0.279118	0.241483	13.9559	12.0741	-0.509768	0.285027	-4.67114	150.789
31.06	0.279003	0.24172	13.9502	12.086	-0.509792	0.285337	-4.66857	150.764
31.07	0.278888	0.241957	13.9444	12.0978	-0.509816	0.285647	-4.66601	150.738
31.08	0.278773	0.242194	13.9387	12.1097	-0.50984	0.285957	-4.66345	150.713
31.09	0.278659	0.242431	13.9329	12.1216	-0.509863	0.286267	-4.66089	150.688
31.1	0.278544	0.242668	13.9272	12.1334	-0.509887	0.286577	-4.65833	150.662
31.11	0.27843	0.242906	13.9215	12.1453	-0.50991	0.286888	-4.65577	150.637
31.12	0.278315	0.243143	13.9158	12.1571	-0.509933	0.287198	-4.65322	150.611
31.13	0.278201	0.24338	13.91	12.169	-0.509955	0.287508	-4.65066	150.586
31.14	0.278086	0.243618	13.9043	12.1809	-0.509978	0.287819	-4.64811	150.561
31.15	0.277972	0.243855	13.8986	12.1928	-0.51	0.288129	-4.64555	150.535
31.16	0.277858	0.244092	13.8929	12.2046	-0.510023	0.28844	-4.643	150.51
31.17	0.277744	0.24433	13.8872	12.2165	-0.510044	0.28875	-4.64045	150.485
31.18	0.277629	0.244567	13.8815	12.2284	-0.510066	0.289061	-4.6379	150.459
31.19	0.277515	0.244805	13.8758	12.2402	-0.510088	0.289372	-4.63536	150.434
31.2	0.277401	0.245042	13.8701	12.2521	-0.510109	0.289682	-4.63281	150.408
31.21	0.277288	0.24528	13.8644	12.264	-0.51013	0.289993	-4.63027	150.383
31.22	0.277174	0.245518	13.8587	12.2759	-0.510151	0.290304	-4.62772	150.358
31.23	0.27706	0.245755	13.853	12.2878	-0.510172	0.290615	-4.62518	150.332
31.24	0.276946	0.245993	13.8473	12.2996	-0.510192	0.290926	-4.62264	150.307
31.25	0.276833	0.246231	13.8416	12.3115	-0.510213	0.291237	-4.6201	150.282
31.26	0.276719	0.246468	13.8359	12.3234	-0.510233	0.291548	-4.61756	150.256
31.27	0.276605	0.246706	13.8303	12.3353	-0.510253	0.291859	-4.61503	150.231
31.28	0.276492	0.246944	13.8246	12.3472	-0.510272	0.29217	-4.61249	150.206
31.29	0.276379	0.247182	13.8189	12.3591	-0.510292	0.292481	-4.60996	150.18
31.3	0.276265	0.24742	13.8133	12.371	-0.510311	0.292792	-4.60742	150.155
31.31	0.276152	0.247657	13.8076	12.3829	-0.51033	0.293103	-4.60489	150.129
31.32	0.276039	0.247895	13.8019	12.3948	-0.510349	0.293415	-4.60236	150.104
31.33	0.275926	0.248133	13.7963	12.4067	-0.510368	0.293726	-4.59983	150.079
31.34	0.275812	0.248371	13.7906	12.4186	-0.510386	0.294037	-4.59731	150.053
31.35	0.275699	0.248609	13.785	12.4305	-0.510405	0.294349	-4.59478	150.028
31.36	0.275587	0.248847	13.7793	12.4424	-0.510423	0.29466	-4.59225	150.003
31.37	0.275474	0.249085	13.7737	12.4543	-0.51044	0.294972	-4.58973	149.977
31.38	0.275361	0.249323	13.768	12.4662	-0.510458	0.295283	-4.58721	149.952
31.39	0.275248	0.249561	13.7624	12.4781	-0.510476	0.295595	-4.58469	149.927
31.4	0.275135	0.2498	13.7568	12.49	-0.510493	0.295906	-4.58217	149.901
31.41	0.275023	0.250038	13.7511	12.5019	-0.51051	0.296218	-4.57965	149.876
31.42	0.27491	0.250276	13.7455	12.5138	-0.510527	0.29653	-4.57713	149.851
31.43	0.274798	0.250514	13.7399	12.5257	-0.510543	0.296841	-4.57462	149.825
31.44	0.274685	0.250752	13.7343	12.5376	-0.51056	0.297153	-4.5721	149.8
31.45	0.274573	0.250991	13.7286	12.5495	-0.510576	0.297465	-4.56959	149.775
31.46	0.27446	0.251229	13.723	12.5615	-0.510592	0.297777	-4.56708	149.749
31.47	0.274348	0.251467	13.7174	12.5734	-0.510608	0.298089	-4.56457	149.724
31.48	0.274236	0.251706	13.7118	12.5853	-0.510624	0.2984	-4.56206	149.699
31.49	0.274124	0.251944	13.7062	12.5972	-0.510639	0.298712	-4.55955	149.673
31.5	0.274012	0.252183	13.7006	12.6091	-0.510654	0.299024	-4.55705	149.648
31.51	0.2739	0.252421	13.695	12.6211	-0.510669	0.299336	-4.55454	149.623
31.52	0.273788	0.25266	13.6894	12.633	-0.510684	0.299649	-4.55204	149.597
31.53	0.273676	0.252898	13.6838	12.6449	-0.510699	0.299961	-4.54953	149.572
31.54	0.273564	0.253137	13.6782	12.6568	-0.510713	0.300273	-4.54703	149.547
31.55	0.273452	0.253375	13.6726	12.6688	-0.510727	0.300585	-4.54453	149.521
31.56	0.273341	0.253614	13.667	12.6807	-0.510741	0.300897	-4.54203	149.496
31.57	0.273229	0.253852	13.6615	12.6926	-0.510755	0.30121	-4.53954	149.471
31.58	0.273118	0.254091	13.6559	12.7046	-0.510769	0.301522	-4.53704	149.445
31.59	0.273006	0.25433	13.6503	12.7165	-0.510782	0.301834	-4.53455	149.42
31.6	0.272895	0.254568	13.6447	12.7284	-0.510795	0.302147	-4.53205	149.395
31.61	0.272783	0.254807	13.6392	12.7404	-0.510808	0.302459	-4.52956	149.369
31.62	0.272672	0.255046	13.6336	12.7523	-0.510821	0.302772	-4.52707	149.344
31.63	0.272561	0.255285	13.628	12.7642	-0.510833	0.303084	-4.52458	149.319
31.64	0.272449	0.255524	13.6225	12.7762	-0.510846	0.303397	-4.52209	149.293
31.65	0.272338	0.255762	13.6169	12.7881	-0.510858	0.303709	-4.51961	149.268
31.66	0.272227	0.256001	13.6114	12.8001	-0.51087	0.304022	-4.51712	149.243
31.67	0.272116	0.25624	13.6058	12.812	-0.510882	0.304334	-4.51464	149.218
31.68	0.272005	0.256479	13.6003	12.824	-0.510893	0.304647	-4.51215	149.192
31.69	0.271895	0.256718	13.5947	12.8359	-0.510905	0.30496	-4.50967	149.167
31.7	0.271784	0.256957	13.5892	12.8479	-0.510916	0.305273	-4.50719	149.142
31.71	0.271673	0.257196	13.5836	12.8598	-0.510927	0.305585	-4.50471	149.116
31.72	0.271562	0.257435	13.5781	12.8718	-0.510937	0.305898	-4.50224	149.091
31.73	0.271452	0.257674	13.5726	12.8837	-0.510948	0.306211	-4.49976	149.066
31.74	0.271341	0.257914	13.5671	12.8957	-0.510958	0.306524	-4.49729	149.04
31.75	0.271231	0.258153	13.5615	12.9076	-0.510968	0.306837	-4.49481	149.015
31.76	0.27112	0.258392	13.556	12.9196	-0.510978	0.30715	-4.49234	148.99
31.77	0.27101	0.258631	13.5505	12.9316	-0.510988	0.307463	-4.48987	148.965
31.78	0.2709	0.25887	13.545	12.9435	-0.510997	0.307776	-4.4874	148.939
31.79	0.270789	0.25911	13.5395	12.9555	-0.511007	0.308089	-4.48493	148.914
31.8	0.270679	0.259349	13.534	12.9674	-0.511016	0.308402	-4.48246	148.889
31.81	0.270569	0.259588	13.5285	12.9794	-0.511025	0.308715	-4.48	148.863
31.82	0.270459	0.259827	13.5229	12.9914	-0.511033	0.309028	-4.47753	148.838
31.83	0.270349	0.260067	13.5175	13.0033	-0.511042	0.309342	-4.47507	148.813
31.84	0.270239	0.260306	13.512	13.0153	-0.51105	0.309655	-4.47261	148.788
31.85	0.270129	0.260546	13.5065	13.0273	-0.511058	0.309968	-4.47015	148.762
31.86	0.270019	0.260785	13.501	13.0393	-0.511066	0.310281	-4.46769	148.737
31.87	0.26991	0.261025	13.4955	13.0512	-0.511074	0.310595	-4.46523	148.712
31.88	0.2698	0.261264	13.49	13.0632	-0.511081	0.310908	-4.46277	148.686
31.89	0.26969	0.261504	13.4845	13.0752	-0.511088	0.311222	-4.46032	148.661
31.9	0.269581	0.261743	13.479	13.0872	-0.511095	0.311535	-4.45786	148.636
31.91	0.269471	0.261983	13.4736	13.0991	-0.511102	0.311848	-4.45541	148.611
31.92	0.269362	0.262222	13.4681	13.1111	-0.511109	0.312162	-4.45296	148.585
31.93	0.269253	0.262462	13.4626	13.1231	-0.511115	0.312475	-4.45051	148.56
31.94	0.269143	0.262702	13.4572	13.1351	-0.511122	0.312789	-4.44806	148.535
31.95	0.269034	0.262941	13.4517	13.1471	-0.511128	0.313103	-4.44561	148.51
31.96	0.268925	0.263181	13.4462	13.1591	-0.511133	0.313416	-4.44317	148.484
31.97	0.268816	0.263421	13.4408	13.171	-0.511139	0.31373	-4.44072	148.459
31.98	0.268707	0.263661	13.4353	13.183	-0.511144	0.314044	-4.43828	148.434
31.99	0.268598	0.2639	13.4299	13.195	-0.51115	0.314357	-4.43584	148.408
32	0.268489	0.26414	13.4244	13.207	-0.511155	0.314671	-4.4334	148.383
32.01	0.26838	0.26438	13.419	13.219	-0.511159	0.314985	-4.43096	148.358
32.02	0.268271	0.26462	13.4136	13.231	-0.511164	0.315299	-4.42852	148.333
32.03	0.268162	0.26486	13.4081	13.243	-0.511168	0.315612	-4.42608	148.307
32.04	0.268054	0.2651	13.4027	13.255	-0.511173	0.315926	-4.42364	148.282
32.05	0.267945	0.26534	13.3973	13.267	-0.511176	0.31624	-4.42121	148.257
32.06	0.267837	0.26558	13.3918	13.279	-0.51118	0.316554	-4.41878	148.232
32.07	0.267728	0.26582	13.3864	13.291	-0.511184	0.316868	-4.41634	148.206
32.08	0.26762	0.26606	13.381	13.303	-0.511187	0.317182	-4.41391	148.181
32.09	0.267511	0.2663	13.3756	13.315	-0.51119	0.317496	-4.41148	148.156
32.1	0.267403	0.26654	13.3702	13.327	-0.511193	0.31781	-4.40906	148.131
32.11	0.267295	0.26678	13.3647	13.339	-0.511196	0.318124	-4.40663	148.105
32.12	0.267187	0.26702	13.3593	13.351	-0.511198	0.318438	-4.4042	148.08
32.13	0.267079	0.26726	13.3539	13.363	-0.511201	0.318752	-4.40178	148.055
32.14	0.266971	0.267501	13.3485	13.375	-0.511203	0.319066	-4.39936	148.03
32.15	0.266863	0.267741	13.3431	13.387	-0.511205	0.319381	-4.39694	148.004
32.16	0.266755	0.267981	13.3377	13.3991	-0.511207	0.319695	-4.39452	147.979
32.17	0.266647	0.268221	13.3323	13.4111	-0.511208	0.320009	-4.3921	147.954
32.18	0.266539	0.268462	13.3269	13.4231	-0.511209	0.320323	-4.38968	147.929
32.19	0.266431	0.268702	13.3216	13.4351	-0.51121	0.320637	-4.38726	147.904
32.2	0.266324	0.268942	13.3162	13.4471	-0.511211	0.320952	-4.38485	147.878
32.21	0.266216	0.269183	13.3108	13.4591	-0.511212	0.321266	-4.38243	147.853
32.22	0.266108	0.269423	13.3054	13.4712	-0.511213	0.32158	-4.38002	147.828
32.23	0.266001	0.269664	13.3	13.4832	-0.511213	0.321895	-4.37761	147.803
32.24	0.265893	0.269904	13.2947	13.4952	-0.511213	0.322209	-4.3752	147.777
32.25	0.265786	0.270145	13.2893	13.5072	-0.511213	0.322524	-4.37279	147.752
32.26	0.265679	0.270385	13.2839	13.5193	-0.511212	0.322838	-4.37038	147.727
32.27	0.265572	0.270626	13.2786	13.5313	-0.511212	0.323152	-4.36798	147.702
32.28	0.265464	0.270866	13.2732	13.5433	-0.511211	0.323467	-4.36557	147.677
32.29	0.265357	0.271107	13.2679	13.5553	-0.51121	0.323781	-4.36317	147.651
32.3	0.26525	0.271347	13.2625	13.5674	-0.511209	0.324096	-4.36077	147.626
32.31	0.265143	0.271588	13.2572	13.5794	-0.511208	0.324411	-4.35837	147.601
32.32	0.265036	0.271829	13.2518	13.5914	-0.511206	0.324725	-4.35597	147.576
32.33	0.264929	0.272069	13.2465	13.6035	-0.511204	0.32504	-4.35357	147.551
32.34	0.264823	0.27231	13.2411	13.6155	-0.511202	0.325354	-4.35117	147.525
32.35	0.264716	0.272551	13.2358	13.6275	-0.5112	0.325669	-4.34878	147.5
32.36	0.264609	0.272792	13.2305	13.6396	-0.511198	0.325984	-4.34638	147.475
32.37	0.264503	0.273032	13.2251	13.6516	-0.511195	0.326298	-4.34399	147.45
32.38	0.264396	0.273273	13.2198	13.6637	-0.511192	0.326613	-4.3416	147.425
32.39	0.264289	0.273514	13.2145	13.6757	-0.511189	0.326928	-4.33921	147.399
32.4	0.264183	0.273755	13.2092	13.6877	-0.511186	0.327243	-4.33682	147.374
32.41	0.264077	0.273996	13.2038	13.6998	-0.511183	0.327557	-4.33443	147.349
32.42	0.26397	0.274237	13.1985	13.7118	-0.511179	0.327872	-4.33204	147.324
32.43	0.263864	0.274478	13.1932	13.7239	-0.511175	0.328187	-4.32966	147.299
32.44	0.263758	0.274719	13.1879	13.7359	-0.511171	0.328502	-4.32727	147.273
32.45	0.263652	0.27496	13.1826	13.748	-0.511167	0.328817	-4.32489	147.248
32.46	0.263546	0.275201	13.1773	13.76	-0.511162	0.329132	-4.32251	147.223
32.47	0.26344	0.275442	13.172	13.7721	-0.511158	0.329447	-4.32013	147.198
32.48	0.263334	0.275683	13.1667	13.7841	-0.511153	0.329761	-4.31775	147.173
32.49	0.263228	0.275924	13.1614	13.7962	-0.511148	0.330076	-4.31537	147.147
32.5	0.263122	0.276165	13.1561	13.8082	-0.511143	0.330391	-4.31299	147.122
32.51	0.263016	0.276406	13.1508	13.8203	-0.511137	0.330706	-4.31062	147.097
32.52	0.262911	0.276647	13.1455	13.8324	-0.511131	0.331021	-4.30825	147.072
32.53	0.262805	0.276888	13.1402	13.8444	-0.511126	0.331336	-4.30587	147.047
32.54	0.262699	0.27713	13.135	13.8565	-0.511119	0.331651	-4.3035	147.022
32.55	0.262594	0.277371	13.1297	13.8685	-0.511113	0.331967	-4.30113	146.996
32.56	0.262488	0.277612	13.1244	13.8806	-0.511107	0.332282	-4.29876	146.971
32.57	0.262383	0.277853	13.1191	13.8927	-0.5111	0.332597	-4.2964	146.946
32.58	0.262278	0.278095	13.1139	13.9047	-0.511093	0.332912	-4.29403	146.921
32.59	0.262172	0.278336	13.1086	13.9168	-0.511086	0.333227	-4.29166	146.896
32.6	0.262067	0.278578	13.1034	13.9289	-0.511079	0.333542	-4.2893	146.871
32.61	0.261962	0.278819	13.0981	13.9409	-0.511071	0.333857	-4.28694	146.845
32.62	0.261857	0.27906	13.0928	13.953	-0.511063	0.334172	-4.28458	146.82
32.63	0.261752	0.279302	13.0876	13.9651	-0.511055	0.334488	-4.28222	146.795
32.64	0.261647	0.279543	13.0823	13.9772	-0.511047	0.334803	-4.27986	146.77
32.65	0.261542	0.279785	13.0771	13.9892	-0.511039	0.335118	-4.2775	146.745
32.66	0.261437	0.280026	13.0719	14.0013	-0.51103	0.335433	-4.27515	146.72
32.67	0.261332	0.280268	13.0666	14.0134	-0.511022	0.335749	-4.27279	146.694
32.68	0.261228	0.280509	13.0614	14.0255	-0.511013	0.336064	-4.27044	146.669
32.69	0.261123	0.280751	13.0562	14.0375	-0.511003	0.336379	-4.26809	146.644
32.7	0.261018	0.280993	13.0509	14.0496	-0.510994	0.336695	-4.26574	146.619
32.71	0.260914	0.281234	13.0457	14.0617	-0.510984	0.33701	-4.26339	146.594
32.72	0.260809	0.281476	13.0405	14.0738	-0.510975	0.337325	-4.26104	146.569
32.73	0.260705	0.281718	13.0353	14.0859	-0.510965	0.337641	-4.25869	146.544
32.74	0.260601	0.281959	13.03	14.098	-0.510954	0.337956	-4.25635	146.519
32.75	0.260496	0.282201	13.0248	14.11	-0.510944	0.338271	-4.254	146.493
32.76	0.260392	0.282443	13.0196	14.1221	-0.510933	0.338587	-4.25166	146.468
32.77	0.260288	0.282684	13.0144	14.1342	-0.510923	0.338902	-4.24932	146.443
32.78	0.260184	0.282926	13.0092	14.1463	-0.510912	0.339218	-4.24698	146.418
32.79	0.26008	0.283168	13.004	14.1584	-0.5109	0.339533	-4.24464	146.393
32.8	0.259976	0.28341	12.9988	14.1705	-0.510889	0.339849	-4.2423	146.368
32.81	0.259872	0.283652	12.9936	14.1826	-0.510877	0.340164	-4.23996	146.343
32.82	0.259768	0.283894	12.9884	14.1947	-0.510865	0.340479	-4.23763	146.318
32.83	0.259664	0.284136	12.9832	14.2068	-0.510853	0.340795	-4.23529	146.292
32.84	0.25956	0.284378	12.978	14.2189	-0.510841	0.341111	-4.23296	146.267
32.85	0.259457	0.28462	12.9728	14.231	-0.510829	0.341426	-4.23063	146.242
32.86	0.259353	0.284862	12.9677	14.2431	-0.510816	0.341742	-4.2283	146.217
32.87	0.25925	0.285104	12.9625	14.2552	-0.510803	0.342057	-4.22597	146.192
32.88	0.259146	0.285346	12.9573	14.2673	-0.51079	0.342373	-4.22364	146.167
32.89	0.259043	0.285588	12.9521	14.2794	-0.510777	0.342688	-4.22131	146.142
32.9	0.258939	0.28583	12.947	14.2915	-0.510763	0.343004	-4.21899	146.117
32.91	0.258836	0.286072	12.9418	14.3036	-0.51075	0.343319	-4.21666	146.092
32.92	0.258733	0.286314	12.9366	14.3157	-0.510736	0.343635	-4.21434	146.066
32.93	0.25863	0.286556	12.9315	14.3278	-0.510722	0.343951	-4.21202	146.041
32.94	0.258526	0.286798	12.9263	14.3399	-0.510707	0.344266	-4.2097	146.016
32.95	0.258423	0.28704	12.9212	14.352	-0.510693	0.344582	-4.20738	145.991
32.96	0.25832	0.287283	12.916	14.3641	-0.510678	0.344898	-4.20506	145.966
32.97	0.258217	0.287525	12.9109	14.3762	-0.510663	0.345213	-4.20275	145.941
32.98	0.258114	0.287767	12.9057	14.3884	-0.510648	0.345529	-4.20043	145.916
32.99	0.258012	0.28801	12.9006	14.4005	-0.510633	0.345845	-4.19812	145.891
33	0.257909	0.288252	12.8954	14.4126	-0.510617	0.34616	-4.1958	145.866
33.01	0.257806	0.288494	12.8903	14.4247	-0.510601	0.346476	-4.19349	145.841
33.02	0.257703	0.288737	12.8852	14.4368	-0.510585	0.346792	-4.19118	145.815
33.03	0.257601	0.288979	12.88	14.4489	-0.510569	0.347107	-4.18887	145.79
33.04	0.257498	0.289221	12.8749	14.4611	-0.510553	0.347423	-4.18657	145.765
33.05	0.257396	0.289464	12.8698	14.4732	-0.510536	0.347739	-4.18426	145.74
33.06	0.257293	0.289706	12.8647	14.4853	-0.51052	0.348055	-4.18196	145.715
33.07	0.257191	0.289949	12.8596	14.4974	-0.510503	0.34837	-4.17965	145.69
33.08	0.257089	0.290191	12.8544	14.5096	-0.510485	0.348686	-4.17735	145.665
33.09	0.256987	0.290434	12.8493	14.5217	-0.510468	0.349002	-4.17505	145.64
33.1	0.256884	0.290676	12.8442	14.5338	-0.51045	0.349318	-4.17275	145.615
33.11	0.256782	0.290919	12.8391	14.5459	-0.510433	0.349634	-4.17045	145.59
33.12	0.25668	0.291161	12.834	14.5581	-0.510415	0.349949	-4.16815	145.565
33.13	0.256578	0.291404	12.8289	14.5702	-0.510396	0.350265	-4.16586	145.54
33.14	0.256476	0.291647	12.8238	14.5823	-0.510378	0.350581	-4.16356	145.515
33.15	0.256374	0.291889	12.8187	14.5945	-0.510359	0.350897	-4.16127	145.49
33.16	0.256273	0.292132	12.8136	14.6066	-0.510341	0.351213	-4.15898	145.465
33.17	0.256171	0.292375	12.8085	14.6187	-0.510322	0.351528	-4.15668	145.439
33.18	0.256069	0.292617	12.8035	14.6309	-0.510302	0.351844	-4.15439	145.414
33.19	0.255968	0.29286	12.7984	14.643	-0.510283	0.35216	-4.15211	145.389
33.2	0.255866	0.293103	12.7933	14.6551	-0.510263	0.352476	-4.14982	145.364
33.21	0.255764	0.293346	12.7882	14.6673	-0.510243	0.352792	-4.14753	145.339
33.22	0.255663	0.293588	12.7832	14.6794	-0.510223	0.353108	-4.14525	145.314
33.23	0.255562	0.293831	12.7781	14.6916	-0.510203	0.353423	-4.14296	145.289
33.24	0.25546	0.294074	12.773	14.7037	-0.510183	0.353739	-4.14068	145.264
33.25	0.255359	0.294317	12.768	14.7159	-0.510162	0.354055	-4.1384	145.239
33.26	0.255258	0.29456	12.7629	14.728	-0.510141	0.354371	-4.13612	145.214
33.27	0.255157	0.294803	12.7578	14.7401	-0.51012	0.354687	-4.13384	145.189
33.28	0.255056	0.295046	12.7528	14.7523	-0.510099	0.355003	-4.13157	145.164
33.29	0.254955	0.295289	12.7477	14.7644	-0.510077	0.355319	-4.12929	145.139
33.3	0.254854	0.295532	12.7427	14.7766	-0.510056	0.355635	-4.12701	145.114
33.31	0.254753	0.295775	12.7376	14.7887	-0.510034	0.35595	-4.12474	145.089
33.32	0.254652	0.296018	12.7326	14.8009	-0.510012	0.356266	-4.12247	145.064
33.33	0.254551	0.296261	12.7276	14.813	-0.509989	0.356582	-4.1202	145.039
33.34	0.25445	0.296504	12.7225	14.8252	-0.509967	0.356898	-4.11793	145.014
33.35	0.25435	0.296747	12.7175	14.8373	-0.509944	0.357214	-4.11566	144.989
33.36	0.254249	0.29699	12.7125	14.8495	-0.509921	0.35753	-4.11339	144.964
33.37	0.254148	0.297233	12.7074	14.8617	-0.509898	0.357846	-4.11113	144.939
33.38	0.254048	0.297476	12.7024	14.8738	-0.509875	0.358162	-4.10886	144.914
33.39	0.253948	0.29772	12.6974	14.886	-0.509851	0.358478	-4.1066	144.889
33.4	0.253847	0.297963	12.6924	14.8981	-0.509827	0.358794	-4.10434	144.864
33.41	0.253747	0.298206	12.6873	14.9103	-0.509803	0.35911	-4.10208	144.839
33.42	0.253647	0.298449	12.6823	14.9225	-0.509779	0.359425	-4.09982	144.814
33.43	0.253546	0.298692	12.6773	14.9346	-0.509755	0.359741	-4.09756	144.789
33.44	0.253446	0.298936	12.6723	14.9468	-0.50973	0.360057	-4.0953	144.764
33.45	0.253346	0.299179	12.6673	14.959	-0.509706	0.360373	-4.09304	144.739
33.46	0.253246	0.299422	12.6623	14.9711	-0.509681	0.360689	-4.09079	144.714
33.47	0.253146	0.299666	12.6573	14.9833	-0.509656	0.361005	-4.08854	144.689
33.48	0.253046	0.299909	12.6523	14.9955	-0.50963	0.361321	-4.08628	144.664
33.49	0.252946	0.300153	12.6473	15.0076	-0.509605	0.361637	-4.08403	144.639
33.5	0.252847	0.300396	12.6423	15.0198	-0.509579	0.361953	-4.08178	144.614
33.51	0.252747	0.300639	12.6373	15.032	-0.509553	0.362269	-4.07954	144.589
33.52	0.252647	0.300883	12.6324	15.0441	-0.509527	0.362585	-4.07729	144.564
33.53	0.252548	0.301126	12.6274	15.0563	-0.5095	0.362901	-4.07504	144.539
33.54	0.252448	0.30137	12.6224	15.0685	-0.509474	0.363216	-4.0728	144.514
33.55	0.252349	0.301613	12.6174	15.0807	-0.509447	0.363532	-4.07055	144.489
33.56	0.252249	0.301857	12.6125	15.0928	-0.50942	0.363848	-4.06831	144.464
33.57	0.25215	0.3021	12.6075	15.105	-0.509393	0.364164	-4.06607	144.439
33.58	0.252051	0.302344	12.6025	15.1172	-0.509365	0.36448	-4.06383	144.414
33.59	0.251951	0.302588	12.5976	15.1294	-0.509338	0.364796	-4.06159	144.389
33.6	0.251852	0.302831	12.5926	15.1416	-0.50931	0.365112	-4.05936	144.364
33.61	0.251753	0.303075	12.5877	15.1537	-0.509282	0.365428	-4.05712	144.339
33.62	0.251654	0.303319	12.5827	15.1659	-0.509253	0.365744	-4.05489	144.314
33.63	0.251555	0.303562	12.5777	15.1781	-0.509225	0.36606	-4.05265	144.289
33.64	0.251456	0.303806	12.5728	15.1903	-0.509196	0.366376	-4.05042	144.264
33.65	0.251357	0.30405	12.5679	15.2025	-0.509168	0.366691	-4.04819	144.239
33.66	0.251258	0.304293	12.5629	15.2147	-0.509139	0.367007	-4.04596	144.214
33.67	0.25116	0.304537	12.558	15.2269	-0.509109	0.367323	-4.04373	144.189
33.68	0.251061	0.304781	12.553	15.239	-0.50908	0.367639	-4.0415	144.165
33.69	0.250962	0.305025	12.5481	15.2512	-0.50905	0.367955	-4.03928	144.14
33.7	0.250864	0.305269	12.5432	15.2634	-0.50902	0.368271	-4.03705	144.115
33.71	0.250765	0.305512	12.5383	15.2756	-0.50899	0.368587	-4.03483	144.09
33.72	0.250667	0.305756	12.5333	15.2878	-0.50896	0.368903	-4.03261	144.065
33.73	0.250568	0.306	12.5284	15.3	-0.508929	0.369218	-4.03039	144.04
33.74	0.25047	0.306244	12.5235	15.3122	-0.508899	0.369534	-4.02817	144.015
33.75	0.250371	0.306488	12.5186	15.3244	-0.508868	0.36985	-4.02595	143.99
33.76	0.250273	0.306732	12.5137	15.3366	-0.508837	0.370166	-4.02373	143.965
33.77	0.250175	0.306976	12.5088	15.3488	-0.508805	0.370482	-4.02152	143.94
33.78	0.250077	0.30722	12.5038	15.361	-0.508774	0.370798	-4.0193	143.915
33.79	0.249979	0.307464	12.4989	15.3732	-0.508742	0.371113	-4.01709	143.89
33.8	0.249881	0.307708	12.494	15.3854	-0.50871	0.371429	-4.01488	143.865
33.81	0.249783	0.307952	12.4891	15.3976	-0.508678	0.371745	-4.01266	143.84
33.82	0.249685	0.308196	12.4843	15.4098	-0.508646	0.372061	-4.01045	143.816
33.83	0.249587	0.30844	12.4794	15.422	-0.508613	0.372377	-4.00825	143.791
33.84	0.249489	0.308684	12.4745	15.4342	-0.508581	0.372692	-4.00604	143.766
33.85	0.249392	0.308928	12.4696	15.4464	-0.508548	0.373008	-4.00383	143.741
33.86	0.249294	0.309173	12.4647	15.4586	-0.508515	0.373324	-4.00163	143.716
33.87	0.249196	0.309417	12.4598	15.4708	-0.508481	0.37364	-3.99942	143.691
33.88	0.249099	0.309661	12.4549	15.483	-0.508448	0.373955	-3.99722	143.666
33.89	0.249001	0.309905	12.4501	15.4953	-0.508414	0.374271	-3.99502	143.641
33.9	0.248904	0.310149	12.4452	15.5075	-0.50838	0.374587	-3.99282	143.616
33.91	0.248807	0.310394	12.4403	15.5197	-0.508346	0.374903	-3.99062	143.591
33.92	0.248709	0.310638	12.4355	15.5319	-0.508312	0.375218	-3.98843	143.567
33.93	0.248612	0.310882	12.4306	15.5441	-0.508277	0.375534	-3.98623	143.542
33.94	0.248515	0.311127	12.4257	15.5563	-0.508242	0.37585	-3.98403	143.517
33.95	0.248418	0.311371	12.4209	15.5685	-0.508207	0.376166	-3.98184	143.492
33.96	0.248321	0.311615	12.416	15.5808	-0.508172	0.376481	-3.97965	143.467
33.97	0.248224	0.31186	12.4112	15.593	-0.508137	0.376797	-3.97746	143.442
33.98	0.248127	0.312104	12.4063	15.6052	-0.508101	0.377113	-3.97527	143.417
33.99	0.24803	0.312348	12.4015	15.6174	-0.508066	0.377428	-3.97308	143.392
34	0.247933	0.312593	12.3967	15.6296	-0.50803	0.377744	-3.97089	143.367
34.01	0.247836	0.312837	12.3918	15.6419	-0.507993	0.37806	-3.9687	143.343
34.02	0.24774	0.313082	12.387	15.6541	-0.507957	0.378375	-3.96652	143.318
34.03	0.247643	0.313326	12.3821	15.6663	-0.50792	0.378691	-3.96434	143.293
34.04	0.247546	0.313571	12.3773	15.6785	-0.507884	0.379006	-3.96215	143.268
34.05	0.24745	0.313815	12.3725	15.6908	-0.507847	0.379322	-3.95997	143.243
34.06	0.247353	0.31406	12.3677	15.703	-0.507809	0.379638	-3.95779	143.218
34.07	0.247257	0.314304	12.3628	15.7152	-0.507772	0.379953	-3.95561	143.193
34.08	0.247161	0.314549	12.358	15.7274	-0.507734	0.380269	-3.95344	143.169
34.09	0.247064	0.314793	12.3532	15.7397	-0.507697	0.380584	-3.95126	143.144
34.1	0.246968	0.315038	12.3484	15.7519	-0.507659	0.3809	-3.94908	143.119
34.11	0.246872	0.315283	12.3436	15.7641	-0.50762	0.381215	-3.94691	143.094
34.12	0.246776	0.315527	12.3388	15.7764	-0.507582	0.381531	-3.94474	143.069
34.13	0.24668	0.315772	12.334	15.7886	-0.507543	0.381846	-3.94257	143.044
34.14	0.246584	0.316017	12.3292	15.8008	-0.507505	0.382162	-3.9404	143.019
34.15	0.246488	0.316261	12.3244	15.8131	-0.507466	0.382477	-3.93823	142.995
34.16	0.246392	0.316506	12.3196	15.8253	-0.507426	0.382793	-3.93606	142.97
34.17	0.246296	0.316751	12.3148	15.8375	-0.507387	0.383108	-3.93389	142.945
34.18	0.2462	0.316996	12.31	15.8498	-0.507347	0.383424	-3.93173	142.92
34.19	0.246104	0.317241	12.3052	15.862	-0.507308	0.383739	-3.92956	142.895
34.2	0.246009	0.317485	12.3004	15.8743	-0.507267	0.384055	-3.9274	142.87
34.21	0.245913	0.31773	12.2957	15.8865	-0.507227	0.38437	-3.92524	142.846
34.22	0.245817	0.317975	12.2909	15.8987	-0.507187	0.384685	-3.92308	142.821
34.23	0.245722	0.31822	12.2861	15.911	-0.507146	0.385001	-3.92092	142.796
34.24	0.245627	0.318465	12.2813	15.9232	-0.507105	0.385316	-3.91876	142.771
34.25	0.245531	0.31871	12.2766	15.9355	-0.507064	0.385631	-3.9166	142.746
34.26	0.245436	0.318955	12.2718	15.9477	-0.507023	0.385947	-3.91445	142.722
34.27	0.245341	0.319199	12.267	15.96	-0.506982	0.386262	-3.91229	142.697
34.28	0.245245	0.319444	12.2623	15.9722	-0.50694	0.386577	-3.91014	142.672
34.29	0.24515	0.319689	12.2575	15.9845	-0.506898	0.386893	-3.90799	142.647
34.3	0.245055	0.319934	12.2528	15.9967	-0.506856	0.387208	-3.90584	142.622
34.31	0.24496	0.320179	12.248	16.009	-0.506814	0.387523	-3.90369	142.598
34.32	0.244865	0.320424	12.2433	16.0212	-0.506771	0.387838	-3.90154	142.573
34.33	0.24477	0.320669	12.2385	16.0335	-0.506729	0.388154	-3.89939	142.548
34.34	0.244675	0.320915	12.2338	16.0457	-0.506686	0.388469	-3.89725	142.523
34.35	0.244581	0.32116	12.229	16.058	-0.506643	0.388784	-3.8951	142.498
34.36	0.244486	0.321405	12.2243	16.0702	-0.5066	0.389099	-3.89296	142.474
34.37	0.244391	0.32165	12.2196	16.0825	-0.506556	0.389414	-3.89082	142.449
34.38	0.244296	0.321895	12.2148	16.0947	-0.506512	0.389729	-3.88868	142.424
34.39	0.244202	0.32214	12.2101	16.107	-0.506469	0.390044	-3.88654	142.399
34.4	0.244107	0.322385	12.2054	16.1193	-0.506425	0.39036	-3.8844	142.374
34.41	0.244013	0.322631	12.2006	16.1315	-0.50638	0.390675	-3.88226	142.35
34.42	0.243919	0.322876	12.1959	16.1438	-0.506336	0.39099	-3.88013	142.325
34.43	0.243824	0.323121	12.1912	16.156	-0.506291	0.391305	-3.87799	142.3
34.44	0.24373	0.323366	12.1865	16.1683	-0.506246	0.39162	-3.87586	142.275
34.45	0.243636	0.323611	12.1818	16.1806	-0.506201	0.391935	-3.87373	142.251
34.46	0.243541	0.323857	12.1771	16.1928	-0.506156	0.39225	-3.87159	142.226
34.47	0.243447	0.324102	12.1724	16.2051	-0.50611	0.392565	-3.86946	142.201
34.48	0.243353	0.324347	12.1677	16.2174	-0.506065	0.39288	-3.86734	142.176
34.49	0.243259	0.324593	12.163	16.2296	-0.506019	0.393194	-3.86521	142.152
34.5	0.243165	0.324838	12.1583	16.2419	-0.505973	0.393509	-3.86308	142.127
34.51	0.243071	0.325083	12.1536	16.2542	-0.505926	0.393824	-3.86096	142.102
34.52	0.242978	0.325329	12.1489	16.2664	-0.50588	0.394139	-3.85883	142.077
34.53	0.242884	0.325574	12.1442	16.2787	-0.505833	0.394454	-3.85671	142.053
34.54	0.24279	0.32582	12.1395	16.291	-0.505786	0.394769	-3.85459	142.028
34.55	0.242697	0.326065	12.1348	16.3033	-0.505739	0.395084	-3.85247	142.003
34.56	0.242603	0.326311	12.1301	16.3155	-0.505692	0.395398	-3.85035	141.978
34.57	0.242509	0.326556	12.1255	16.3278	-0.505645	0.395713	-3.84823	141.954
34.58	0.242416	0.326801	12.1208	16.3401	-0.505597	0.396028	-3.84612	141.929
34.59	0.242322	0.327047	12.1161	16.3523	-0.505549	0.396343	-3.844	141.904
34.6	0.242229	0.327293	12.1115	16.3646	-0.505501	0.396657	-3.84189	141.879
34.61	0.242136	0.327538	12.1068	16.3769	-0.505453	0.396972	-3.83977	141.855
34.62	0.242043	0.327784	12.1021	16.3892	-0.505404	0.397287	-3.83766	141.83
34.63	0.241949	0.328029	12.0975	16.4015	-0.505355	0.397601	-3.83555	141.805
34.64	0.241856	0.328275	12.0928	16.4137	-0.505307	0.397916	-3.83344	141.78
34.65	0.241763	0.32852	12.0882	16.426	-0.505257	0.39823	-3.83133	141.756
34.66	0.24167	0.328766	12.0835	16.4383	-0.505208	0.398545	-3.82923	141.731
34.67	0.241577	0.329012	12.0789	16.4506	-0.505159	0.398859	-3.82712	141.706
34.68	0.241484	0.329257	12.0742	16.4629	-0.505109	0.399174	-3.82502	141.682
34.69	0.241391	0.329503	12.0696	16.4752	-0.505059	0.399488	-3.82291	141.657
34.7	0.241299	0.329749	12.0649	16.4874	-0.505009	0.399803	-3.82081	141.632
34.71	0.241206	0.329994	12.0603	16.4997	-0.504959	0.400117	-3.81871	141.608
34.72	0.241113	0.33024	12.0557	16.512	-0.504908	0.400432	-3.81661	141.583
34.73	0.24102	0.330486	12.051	16.5243	-0.504858	0.400746	-3.81451	141.558
34.74	0.240928	0.330732	12.0464	16.5366	-0.504807	0.401061	-3.81242	141.533
34.75	0.240835	0.330978	12.0418	16.5489	-0.504756	0.401375	-3.81032	141.509
34.76	0.240743	0.331223	12.0371	16.5612	-0.504704	0.401689	-3.80823	141.484
34.77	0.240651	0.331469	12.0325	16.5735	-0.504653	0.402004	-3.80613	141.459
34.78	0.240558	0.331715	12.0279	16.5857	-0.504601	0.402318	-3.80404	141.435
34.79	0.240466	0.331961	12.0233	16.598	-0.504549	0.402632	-3.80195	141.41
34.8	0.240374	0.332207	12.0187	16.6103	-0.504497	0.402946	-3.79986	141.385
34.81	0.240282	0.332453	12.0141	16.6226	-0.504445	0.403261	-3.79777	141.361
34.82	0.240189	0.332698	12.0095	16.6349	-0.504392	0.403575	-3.79568	141.336
34.83	0.240097	0.332944	12.0049	16.6472	-0.50434	0.403889	-3.7936	141.311
34.84	0.240005	0.33319	12.0003	16.6595	-0.504287	0.404203	-3.79151	141.287
34.85	0.239913	0.333436	11.9957	16.6718	-0.504234	0.404517	-3.78943	141.262
34.86	0.239821	0.333682	11.9911	16.6841	-0.50418	0.404831	-3.78734	141.237
34.87	0.23973	0.333928	11.9865	16.6964	-0.504127	0.405145	-3.78526	141.213
34.88	0.239638	0.334174	11.9819	16.7087	-0.504073	0.405459	-3.78318	141.188
34.89	0.239546	0.33442	11.9773	16.721	-0.504019	0.405773	-3.7811	141.163
34.9	0.239454	0.334666	11.9727	16.7333	-0.503965	0.406087	-3.77903	141.139
34.91	0.239363	0.334912	11.9681	16.7456	-0.503911	0.406401	-3.77695	141.114
34.92	0.239271	0.335158	11.9636	16.7579	-0.503856	0.406715	-3.77487	141.089
34.93	0.23918	0.335405	11.959	16.7702	-0.503802	0.407029	-3.7728	141.065
34.94	0.239088	0.335651	11.9544	16.7825	-0.503747	0.407343	-3.77073	141.04
34.95	0.238997	0.335897	11.9499	16.7948	-0.503692	0.407656	-3.76865	141.015
34.96	0.238906	0.336143	11.9453	16.8071	-0.503636	0.40797	-3.76658	140.991
34.97	0.238814	0.336389	11.9407	16.8195	-0.503581	0.408284	-3.76451	140.966
34.98	0.238723	0.336635	11.9362	16.8318	-0.503525	0.408598	-3.76245	140.942
34.99	0.238632	0.336881	11.9316	16.8441	-0.503469	0.408911	-3.76038	140.917
35	0.238541	0.337128	11.927	16.8564	-0.503413	0.409225	-3.75831	140.892
35.01	0.23845	0.337374	11.9225	16.8687	-0.503357	0.409539	-3.75625	140.868
35.02	0.238359	0.33762	11.9179	16.881	-0.503301	0.409852	-3.75418	140.843
35.03	0.238268	0.337866	11.9134	16.8933	-0.503244	0.410166	-3.75212	140.818
35.04	0.238177	0.338113	11.9089	16.9056	-0.503187	0.41048	-3.75006	140.794
35.05	0.238086	0.338359	11.9043	16.9179	-0.50313	0.410793	-3.748	140.769
35.06	0.237996	0.338605	11.8998	16.9303	-0.503073	0.411107	-3.74594	140.745
35.07	0.237905	0.338851	11.8952	16.9426	-0.503015	0.41142	-3.74388	140.72
35.08	0.237814	0.339098	11.8907	16.9549	-0.502958	0.411733	-3.74183	140.695
35.09	0.237724	0.339344	11.8862	16.9672	-0.5029	0.412047	-3.73977	140.671
35.1	0.237633	0.33959	11.8817	16.9795	-0.502842	0.41236	-3.73772	140.646
35.11	0.237543	0.339837	11.8771	16.9918	-0.502783	0.412674	-3.73567	140.622
35.12	0.237452	0.340083	11.8726	17.0042	-0.502725	0.412987	-3.73361	140.597
35.13	0.237362	0.34033	11.8681	17.0165	-0.502666	0.4133	-3.73156	140.572
35.14	0.237271	0.340576	11.8636	17.0288	-0.502607	0.413613	-3.72952	140.548
35.15	0.237181	0.340823	11.8591	17.0411	-0.502548	0.413927	-3.72747	140.523
35.16	0.237091	0.341069	11.8545	17.0534	-0.502489	0.41424	-3.72542	140.499
35.17	0.237001	0.341315	11.85	17.0658	-0.50243	0.414553	-3.72337	140.474
35.18	0.236911	0.341562	11.8455	17.0781	-0.50237	0.414866	-3.72133	140.449
35.19	0.236821	0.341808	11.841	17.0904	-0.50231	0.415179	-3.71929	140.425
35.2	0.236731	0.342055	11.8365	17.1027	-0.50225	0.415492	-3.71725	140.4
35.21	0.236641	0.342301	11.832	17.1151	-0.50219	0.415805	-3.7152	140.376
35.22	0.236551	0.342548	11.8275	17.1274	-0.502129	0.416118	-3.71316	140.351
35.23	0.236461	0.342795	11.8231	17.1397	-0.502069	0.416431	-3.71113	140.327
35.24	0.236371	0.343041	11.8186	17.1521	-0.502008	0.416744	-3.70909	140.302
35.25	0.236282	0.343288	11.8141	17.1644	-0.501947	0.417057	-3.70705	140.278
35.26	0.236192	0.343534	11.8096	17.1767	-0.501886	0.41737	-3.70502	140.253
35.27	0.236102	0.343781	11.8051	17.1891	-0.501824	0.417683	-3.70298	140.228
35.28	0.236013	0.344028	11.8006	17.2014	-0.501763	0.417996	-3.70095	140.204
35.29	0.235923	0.344274	11.7962	17.2137	-0.501701	0.418308	-3.69892	140.179
35.3	0.235834	0.344521	11.7917	17.226	-0.501639	0.418621	-3.69689	140.155
35.31	0.235745	0.344768	11.7872	17.2384	-0.501577	0.418934	-3.69486	140.13
35.32	0.235655	0.345014	11.7828	17.2507	-0.501514	0.419246	-3.69283	140.106
35.33	0.235566	0.345261	11.7783	17.2631	-0.501452	0.419559	-3.69081	140.081
35.34	0.235477	0.345508	11.7738	17.2754	-0.501389	0.419872	-3.68878	140.057
35.35	0.235388	0.345755	11.7694	17.2877	-0.501326	0.420184	-3.68676	140.032
35.36	0.235299	0.346001	11.7649	17.3001	-0.501263	0.420497	-3.68473	140.008
35.37	0.23521	0.346248	11.7605	17.3124	-0.501199	0.420809	-3.68271	139.983
35.38	0.235121	0.346495	11.756	17.3247	-0.501136	0.421122	-3.68069	139.959
35.39	0.235032	0.346742	11.7516	17.3371	-0.501072	0.421434	-3.67867	139.934
35.4	0.234943	0.346989	11.7471	17.3494	-0.501008	0.421746	-3.67665	139.909
35.41	0.234854	0.347235	11.7427	17.3618	-0.500944	0.422059	-3.67464	139.885
35.42	0.234765	0.347482	11.7383	17.3741	-0.500879	0.422371	-3.67262	139.86
35.43	0.234677	0.347729	11.7338	17.3865	-0.500815	0.422683	-3.67061	139.836
35.44	0.234588	0.347976	11.7294	17.3988	-0.50075	0.422995	-3.66859	139.811
35.45	0.234499	0.348223	11.725	17.4111	-0.500685	0.423308	-3.66658	139.787
35.46	0.234411	0.34847	11.7205	17.4235	-0.50062	0.42362	-3.66457	139.762
35.47	0.234322	0.348717	11.7161	17.4358	-0.500555	0.423932	-3.66256	139.738
35.48	0.234234	0.348964	11.7117	17.4482	-0.500489	0.424244	-3.66055	139.713
35.49	0.234145	0.349211	11.7073	17.4605	-0.500423	0.424556	-3.65854	139.689
35.5	0.234057	0.349458	11.7029	17.4729	-0.500357	0.424868	-3.65654	139.664
35.51	0.233969	0.349705	11.6984	17.4852	-0.500291	0.42518	-3.65453	139.64
35.52	0.233881	0.349952	11.694	17.4976	-0.500225	0.425492	-3.65253	139.615
35.53	0.233793	0.350199	11.6896	17.5099	-0.500158	0.425804	-3.65052	139.591
35.54	0.233704	0.350446	11.6852	17.5223	-0.500092	0.426115	-3.64852	139.567
35.55	0.233616	0.350693	11.6808	17.5346	-0.500025	0.426427	-3.64652	139.542
35.56	0.233528	0.35094	11.6764	17.547	-0.499958	0.426739	-3.64452	139.518
35.57	0.233441	0.351187	11.672	17.5593	-0.49989	0.427051	-3.64252	139.493
35.58	0.233353	0.351434	11.6676	17.5717	-0.499823	0.427362	-3.64053	139.469
35.59	0.233265	0.351681	11.6632	17.5841	-0.499755	0.427674	-3.63853	139.444
35.6	0.233177	0.351928	11.6589	17.5964	-0.499687	0.427986	-3.63654	139.42
35.61	0.233089	0.352175	11.6545	17.6088	-0.499619	0.428297	-3.63454	139.395
35.62	0.233002	0.352422	11.6501	17.6211	-0.499551	0.428609	-3.63255	139.371
35.63	0.232914	0.35267	11.6457	17.6335	-0.499482	0.42892	-3.63056	139.346
35.64	0.232827	0.352917	11.6413	17.6458	-0.499414	0.429232	-3.62857	139.322
35.65	0.232739	0.353164	11.637	17.6582	-0.499345	0.429543	-3.62658	139.297
35.66	0.232652	0.353411	11.6326	17.6706	-0.499276	0.429854	-3.62459	139.273
35.67	0.232564	0.353658	11.6282	17.6829	-0.499206	0.430166	-3.62261	139.249
35.68	0.232477	0.353906	11.6238	17.6953	-0.499137	0.430477	-3.62062	139.224
35.69	0.23239	0.354153	11.6195	17.7076	-0.499067	0.430788	-3.61864	139.2
35.7	0.232302	0.3544	11.6151	17.72	-0.498998	0.431099	-3.61665	139.175
35.71	0.232215	0.354647	11.6108	17.7324	-0.498927	0.431411	-3.61467	139.151
35.72	0.232128	0.354895	11.6064	17.7447	-0.498857	0.431722	-3.61269	139.126
35.73	0.232041	0.355142	11.6021	17.7571	-0.498787	0.432033	-3.61071	139.102
35.74	0.231954	0.355389	11.5977	17.7695	-0.498716	0.432344	-3.60873	139.078
35.75	0.231867	0.355637	11.5934	17.7818	-0.498645	0.432655	-3.60676	139.053
35.76	0.23178	0.355884	11.589	17.7942	-0.498574	0.432966	-3.60478	139.029
35.77	0.231693	0.356131	11.5847	17.8066	-0.498503	0.433277	-3.6028	139.004
35.78	0.231607	0.356379	11.5803	17.8189	-0.498432	0.433587	-3.60083	138.98
35.79	0.23152	0.356626	11.576	17.8313	-0.49836	0.433898	-3.59886	138.955
35.8	0.231433	0.356873	11.5717	17.8437	-0.498288	0.434209	-3.59689	138.931
35.81	0.231347	0.357121	11.5673	17.856	-0.498216	0.43452	-3.59492	138.907
35.82	0.23126	0.357368	11.563	17.8684	-0.498144	0.43483	-3.59295	138.882
35.83	0.231174	0.357616	11.5587	17.8808	-0.498072	0.435141	-3.59098	138.858
35.84	0.231087	0.357863	11.5544	17.8932	-0.497999	0.435452	-3.58901	138.833
35.85	0.231001	0.358111	11.55	17.9055	-0.497927	0.435762	-3.58705	138.809
35.86	0.230914	0.358358	11.5457	17.9179	-0.497854	0.436073	-3.58508	138.785
35.87	0.230828	0.358606	11.5414	17.9303	-0.497781	0.436383	-3.58312	138.76
35.88	0.230742	0.358853	11.5371	17.9427	-0.497707	0.436694	-3.58116	138.736
35.89	0.230656	0.359101	11.5328	17.955	-0.497634	0.437004	-3.5792	138.712
35.9	0.23057	0.359348	11.5285	17.9674	-0.49756	0.437314	-3.57724	138.687
35.91	0.230484	0.359596	11.5242	17.9798	-0.497486	0.437624	-3.57528	138.663
35.92	0.230398	0.359843	11.5199	17.9922	-0.497412	0.437935	-3.57332	138.638
35.93	0.230312	0.360091	11.5156	18.0045	-0.497338	0.438245	-3.57137	138.614
35.94	0.230226	0.360339	11.5113	18.0169	-0.497263	0.438555	-3.56941	138.59
35.95	0.23014	0.360586	11.507	18.0293	-0.497189	0.438865	-3.56746	138.565
35.96	0.230054	0.360834	11.5027	18.0417	-0.497114	0.439175	-3.5655	138.541
35.97	0.229968	0.361081	11.4984	18.0541	-0.497039	0.439485	-3.56355	138.517
35.98	0.229883	0.361329	11.4941	18.0665	-0.496963	0.439795	-3.5616	138.492
35.99	0.229797	0.361577	11.4899	18.0788	-0.496888	0.440105	-3.55965	138.468
36	0.229711	0.361824	11.4856	18.0912	-0.496812	0.440415	-3.55771	138.444
36.01	0.229626	0.362072	11.4813	18.1036	-0.496736	0.440725	-3.55576	138.419
36.02	0.22954	0.36232	11.477	18.116	-0.49666	0.441034	-3.55381	138.395
36.03	0.229455	0.362568	11.4728	18.1284	-0.496584	0.441344	-3.55187	138.371
36.04	0.22937	0.362815	11.4685	18.1408	-0.496508	0.441654	-3.54992	138.346
36.05	0.229284	0.363063	11.4642	18.1531	-0.496431	0.441963	-3.54798	138.322
36.06	0.229199	0.363311	11.46	18.1655	-0.496354	0.442273	-3.54604	138.298
36.07	0.229114	0.363558	11.4557	18.1779	-0.496277	0.442583	-3.5441	138.273
36.08	0.229029	0.363806	11.4514	18.1903	-0.4962	0.442892	-3.54216	138.249
36.09	0.228944	0.364054	11.4472	18.2027	-0.496123	0.443201	-3.54023	138.225
36.1	0.228859	0.364302	11.4429	18.2151	-0.496045	0.443511	-3.53829	138.2
36.11	0.228774	0.36455	11.4387	18.2275	-0.495968	0.44382	-3.53635	138.176
36.12	0.228689	0.364798	11.4344	18.2399	-0.49589	0.444129	-3.53442	138.152
36.13	0.228604	0.365045	11.4302	18.2523	-0.495811	0.444439	-3.53249	138.127
36.14	0.228519	0.365293	11.426	18.2647	-0.495733	0.444748	-3.53055	138.103
36.15	0.228434	0.365541	11.4217	18.2771	-0.495655	0.445057	-3.52862	138.079
36.16	0.22835	0.365789	11.4175	18.2894	-0.495576	0.445366	-3.52669	138.054
36.17	0.228265	0.366037	11.4132	18.3018	-0.495497	0.445675	-3.52477	138.03
36.18	0.22818	0.366285	11.409	18.3142	-0.495418	0.445984	-3.52284	138.006
36.19	0.228096	0.366533	11.4048	18.3266	-0.495339	0.446293	-3.52091	137.982
36.2	0.228011	0.366781	11.4006	18.339	-0.495259	0.446602	-3.51899	137.957
36.21	0.227927	0.367029	11.3963	18.3514	-0.49518	0.446911	-3.51706	137.933
36.22	0.227842	0.367277	11.3921	18.3638	-0.4951	0.44722	-3.51514	137.909
36.23	0.227758	0.367525	11.3879	18.3762	-0.49502	0.447528	-3.51322	137.884
36.24	0.227674	0.367773	11.3837	18.3886	-0.494939	0.447837	-3.5113	137.86
36.25	0.22759	0.368021	11.3795	18.401	-0.494859	0.448146	-3.50938	137.836
36.26	0.227505	0.368269	11.3753	18.4134	-0.494778	0.448454	-3.50746	137.812
36.27	0.227421	0.368517	11.3711	18.4258	-0.494698	0.448763	-3.50554	137.787
36.28	0.227337	0.368765	11.3669	18.4382	-0.494617	0.449071	-3.50363	137.763
36.29	0.227253	0.369013	11.3627	18.4506	-0.494535	0.44938	-3.50171	137.739
36.3	0.227169	0.369261	11.3585	18.463	-0.494454	0.449688	-3.4998	137.715
36.31	0.227085	0.369509	11.3543	18.4754	-0.494372	0.449996	-3.49789	137.69
36.32	0.227001	0.369757	11.3501	18.4878	-0.494291	0.450305	-3.49598	137.666
36.33	0.226918	0.370005	11.3459	18.5002	-0.494209	0.450613	-3.49407	137.642
36.34	0.226834	0.370253	11.3417	18.5127	-0.494127	0.450921	-3.49216	137.618
36.35	0.22675	0.370501	11.3375	18.5251	-0.494044	0.451229	-3.49025	137.593
36.36	0.226667	0.370749	11.3333	18.5375	-0.493962	0.451537	-3.48834	137.569
36.37	0.226583	0.370998	11.3291	18.5499	-0.493879	0.451845	-3.48644	137.545
36.38	0.226499	0.371246	11.325	18.5623	-0.493796	0.452153	-3.48453	137.521
36.39	0.226416	0.371494	11.3208	18.5747	-0.493713	0.452461	-3.48263	137.496
36.4	0.226332	0.371742	11.3166	18.5871	-0.49363	0.452769	-3.48073	137.472
36.41	0.226249	0.37199	11.3125	18.5995	-0.493546	0.453077	-3.47883	137.448
36.42	0.226166	0.372238	11.3083	18.6119	-0.493463	0.453384	-3.47693	137.424
36.43	0.226083	0.372487	11.3041	18.6243	-0.493379	0.453692	-3.47503	137.4
36.44	0.225999	0.372735	11.3	18.6367	-0.493295	0.454	-3.47313	137.375
36.45	0.225916	0.372983	11.2958	18.6492	-0.493211	0.454307	-3.47124	137.351
36.46	0.225833	0.373231	11.2917	18.6616	-0.493126	0.454615	-3.46934	137.327
36.47	0.22575	0.37348	11.2875	18.674	-0.493042	0.454922	-3.46745	137.303
36.48	0.225667	0.373728	11.2833	18.6864	-0.492957	0.45523	-3.46555	137.279
36.49	0.225584	0.373976	11.2792	18.6988	-0.492872	0.455537	-3.46366	137.254
36.5	0.225501	0.374225	11.2751	18.7112	-0.492787	0.455844	-3.46177	137.23
36.51	0.225418	0.374473	11.2709	18.7236	-0.492701	0.456151	-3.45988	137.206
36.52	0.225335	0.374721	11.2668	18.7361	-0.492616	0.456459	-3.45799	137.182
36.53	0.225253	0.37497	11.2626	18.7485	-0.49253	0.456766	-3.45611	137.158
36.54	0.22517	0.375218	11.2585	18.7609	-0.492444	0.457073	-3.45422	137.133
36.55	0.225087	0.375466	11.2544	18.7733	-0.492358	0.45738	-3.45234	137.109
36.56	0.225005	0.375715	11.2502	18.7857	-0.492272	0.457687	-3.45045	137.085
36.57	0.224922	0.375963	11.2461	18.7982	-0.492185	0.457994	-3.44857	137.061
36.58	0.22484	0.376211	11.242	18.8106	-0.492099	0.4583	-3.44669	137.037
36.59	0.224757	0.37646	11.2379	18.823	-0.492012	0.458607	-3.44481	137.013
36.6	0.224675	0.376708	11.2338	18.8354	-0.491925	0.458914	-3.44293	136.988
36.61	0.224593	0.376957	11.2296	18.8478	-0.491838	0.459221	-3.44105	136.964
36.62	0.224511	0.377205	11.2255	18.8603	-0.49175	0.459527	-3.43917	136.94
36.63	0.224428	0.377454	11.2214	18.8727	-0.491663	0.459834	-3.4373	136.916
36.64	0.224346	0.377702	11.2173	18.8851	-0.491575	0.46014	-3.43542	136.892
36.65	0.224264	0.377951	11.2132	18.8975	-0.491487	0.460447	-3.43355	136.868
36.66	0.224182	0.378199	11.2091	18.91	-0.491399	0.460753	-3.43168	136.843
36.67	0.2241	0.378448	11.205	18.9224	-0.49131	0.46106	-3.42981	136.819
36.68	0.224018	0.378696	11.2009	18.9348	-0.491222	0.461366	-3.42794	136.795
36.69	0.223936	0.378945	11.1968	18.9472	-0.491133	0.461672	-3.42607	136.771
36.7	0.223854	0.379193	11.1927	18.9597	-0.491044	0.461978	-3.4242	136.747
36.71	0.223773	0.379442	11.1886	18.9721	-0.490955	0.462284	-3.42233	136.723
36.72	0.223691	0.37969	11.1845	18.9845	-0.490866	0.46259	-3.42047	136.699
36.73	0.223609	0.379939	11.1805	18.9969	-0.490776	0.462896	-3.4186	136.675
36.74	0.223528	0.380188	11.1764	19.0094	-0.490687	0.463202	-3.41674	136.65
36.75	0.223446	0.380436	11.1723	19.0218	-0.490597	0.463508	-3.41488	136.626
36.76	0.223364	0.380685	11.1682	19.0342	-0.490507	0.463814	-3.41302	136.602
36.77	0.223283	0.380933	11.1641	19.0467	-0.490417	0.46412	-3.41116	136.578
36.78	0.223202	0.381182	11.1601	19.0591	-0.490326	0.464425	-3.4093	136.554
36.79	0.22312	0.381431	11.156	19.0715	-0.490236	0.464731	-3.40744	136.53
36.8	0.223039	0.381679	11.1519	19.084	-0.490145	0.465036	-3.40558	136.506
36.81	0.222958	0.381928	11.1479	19.0964	-0.490054	0.465342	-3.40373	136.482
36.82	0.222876	0.382177	11.1438	19.1088	-0.489963	0.465647	-3.40187	136.458
36.83	0.222795	0.382425	11.1398	19.1213	-0.489872	0.465953	-3.40002	136.433
36.84	0.222714	0.382674	11.1357	19.1337	-0.48978	0.466258	-3.39817	136.409
36.85	0.222633	0.382923	11.1317	19.1461	-0.489688	0.466563	-3.39632	136.385
36.86	0.222552	0.383172	11.1276	19.1586	-0.489597	0.466868	-3.39447	136.361
36.87	0.222471	0.38342	11.1236	19.171	-0.489504	0.467174	-3.39262	136.337
36.88	0.22239	0.383669	11.1195	19.1835	-0.489412	0.467479	-3.39077	136.313
36.89	0.222309	0.383918	11.1155	19.1959	-0.48932	0.467784	-3.38892	136.289
36.9	0.222229	0.384167	11.1114	19.2083	-0.489227	0.468089	-3.38708	136.265
36.91	0.222148	0.384415	11.1074	19.2208	-0.489134	0.468393	-3.38524	136.241
36.92	0.222067	0.384664	11.1034	19.2332	-0.489041	0.468698	-3.38339	136.217
36.93	0.221987	0.384913	11.0993	19.2456	-0.488948	0.469003	-3.38155	136.193
36.94	0.221906	0.385162	11.0953	19.2581	-0.488855	0.469308	-3.37971	136.169
36.95	0.221825	0.385411	11.0913	19.2705	-0.488761	0.469612	-3.37787	136.145
36.96	0.221745	0.385659	11.0872	19.283	-0.488668	0.469917	-3.37603	136.121
36.97	0.221665	0.385908	11.0832	19.2954	-0.488574	0.470221	-3.37419	136.097
36.98	0.221584	0.386157	11.0792	19.3079	-0.48848	0.470526	-3.37236	136.073
36.99	0.221504	0.386406	11.0752	19.3203	-0.488385	0.47083	-3.37052	136.048
37	0.221424	0.386655	11.0712	19.3327	-0.488291	0.471135	-3.36869	136.024
37.01	0.221343	0.386904	11.0672	19.3452	-0.488196	0.471439	-3.36685	136
37.02	0.221263	0.387153	11.0632	19.3576	-0.488101	0.471743	-3.36502	135.976
37.03	0.221183	0.387402	11.0592	19.3701	-0.488006	0.472047	-3.36319	135.952
37.04	0.221103	0.38765	11.0552	19.3825	-0.487911	0.472351	-3.36136	135.928
37.05	0.221023	0.387899	11.0512	19.395	-0.487816	0.472655	-3.35953	135.904
37.06	0.220943	0.388148	11.0472	19.4074	-0.48772	0.472959	-3.35771	135.88
37.07	0.220863	0.388397	11.0432	19.4199	-0.487624	0.473263	-3.35588	135.856
37.08	0.220783	0.388646	11.0392	19.4323	-0.487528	0.473567	-3.35406	135.832
37.09	0.220704	0.388895	11.0352	19.4448	-0.487432	0.47387	-3.35223	135.808
37.1	0.220624	0.389144	11.0312	19.4572	-0.487336	0.474174	-3.35041	135.784
37.11	0.220544	0.389393	11.0272	19.4697	-0.48724	0.474478	-3.34859	135.76
37.12	0.220465	0.389642	11.0232	19.4821	-0.487143	0.474781	-3.34677	135.736
37.13	0.220385	0.389891	11.0192	19.4946	-0.487046	0.475085	-3.34495	135.712
37.14	0.220305	0.39014	11.0153	19.507	-0.486949	0.475388	-3.34313	135.688
37.15	0.220226	0.390389	11.0113	19.5195	-0.486852	0.475692	-3.34131	135.664
37.16	0.220146	0.390638	11.0073	19.5319	-0.486754	0.475995	-3.33949	135.64
37.17	0.220067	0.390887	11.0034	19.5444	-0.486657	0.476298	-3.33768	135.616
37.18	0.219988	0.391137	10.9994	19.5568	-0.486559	0.476601	-3.33586	135.592
37.19	0.219908	0.391386	10.9954	19.5693	-0.486461	0.476904	-3.33405	135.568
37.2	0.219829	0.391635	10.9915	19.5817	-0.486363	0.477207	-3.33224	135.544
37.21	0.21975	0.391884	10.9875	19.5942	-0.486265	0.47751	-3.33043	135.52
37.22	0.219671	0.392133	10.9835	19.6066	-0.486166	0.477813	-3.32862	135.496
37.23	0.219592	0.392382	10.9796	19.6191	-0.486068	0.478116	-3.32681	135.473
37.24	0.219513	0.392631	10.9756	19.6316	-0.485969	0.478419	-3.325	135.449
37.25	0.219434	0.39288	10.9717	19.644	-0.48587	0.478721	-3.3232	135.425
37.26	0.219355	0.393129	10.9677	19.6565	-0.48577	0.479024	-3.32139	135.401
37.27	0.219276	0.393379	10.9638	19.6689	-0.485671	0.479326	-3.31959	135.377
37.28	0.219197	0.393628	10.9599	19.6814	-0.485571	0.479629	-3.31779	135.353
37.29	0.219119	0.393877	10.9559	19.6938	-0.485472	0.479931	-3.31598	135.329
37.3	0.21904	0.394126	10.952	19.7063	-0.485372	0.480234	-3.31418	135.305
37.31	0.218961	0.394375	10.9481	19.7188	-0.485272	0.480536	-3.31238	135.281
37.32	0.218883	0.394625	10.9441	19.7312	-0.485171	0.480838	-3.31058	135.257
37.33	0.218804	0.394874	10.9402	19.7437	-0.485071	0.48114	-3.30879	135.233
37.34	0.218725	0.395123	10.9363	19.7562	-0.48497	0.481442	-3.30699	135.209
37.35	0.218647	0.395372	10.9324	19.7686	-0.484869	0.481744	-3.3052	135.185
37.36	0.218569	0.395622	10.9284	19.7811	-0.484768	0.482046	-3.3034	135.161
37.37	0.21849	0.395871	10.9245	19.7935	-0.484667	0.482348	-3.30161	135.137
37.38	0.218412	0.39612	10.9206	19.806	-0.484566	0.48265	-3.29982	135.113
37.39	0.218334	0.396369	10.9167	19.8185	-0.484464	0.482952	-3.29803	135.09
37.4	0.218256	0.396619	10.9128	19.8309	-0.484362	0.483253	-3.29624	135.066
37.41	0.218177	0.396868	10.9089	19.8434	-0.484261	0.483555	-3.29445	135.042
37.42	0.218099	0.397117	10.905	19.8559	-0.484158	0.483856	-3.29266	135.018
37.43	0.218021	0.397367	10.9011	19.8683	-0.484056	0.484158	-3.29087	134.994
37.44	0.217943	0.397616	10.8972	19.8808	-0.483954	0.484459	-3.28909	134.97
37.45	0.217865	0.397865	10.8933	19.8933	-0.483851	0.48476	-3.2873	134.946
37.46	0.217787	0.398115	10.8894	19.9057	-0.483748	0.485062	-3.28552	134.922
37.47	0.21771	0.398364	10.8855	19.9182	-0.483645	0.485363	-3.28374	134.898
37.48	0.217632	0.398613	10.8816	19.9307	-0.483542	0.485664	-3.28196	134.875
37.49	0.217554	0.398863	10.8777	19.9431	-0.483439	0.485965	-3.28018	134.851
37.5	0.217476	0.399112	10.8738	19.9556	-0.483335	0.486266	-3.2784	134.827
37.51	0.217399	0.399362	10.8699	19.9681	-0.483231	0.486567	-3.27662	134.803
37.52	0.217321	0.399611	10.8661	19.9805	-0.483127	0.486867	-3.27485	134.779
37.53	0.217244	0.39986	10.8622	19.993	-0.483023	0.487168	-3.27307	134.755
37.54	0.217166	0.40011	10.8583	20.0055	-0.482919	0.487469	-3.2713	134.731
37.55	0.217089	0.400359	10.8544	20.018	-0.482815	0.487769	-3.26952	134.708
37.56	0.217011	0.400609	10.8506	20.0304	-0.48271	0.48807	-3.26775	134.684
37.57	0.216934	0.400858	10.8467	20.0429	-0.482605	0.48837	-3.26598	134.66
37.58	0.216857	0.401108	10.8428	20.0554	-0.4825	0.488671	-3.26421	134.636
37.59	0.216779	0.401357	10.839	20.0679	-0.482395	0.488971	-3.26244	134.612
37.6	0.216702	0.401607	10.8351	20.0803	-0.48229	0.489271	-3.26067	134.588
37.61	0.216625	0.401856	10.8313	20.0928	-0.482184	0.489571	-3.25891	134.564
37.62	0.216548	0.402106	10.8274	20.1053	-0.482079	0.489871	-3.25714	134.541
37.63	0.216471	0.402355	10.8236	20.1178	-0.481973	0.490171	-3.25538	134.517
37.64	0.216394	0.402605	10.8197	20.1302	-0.481867	0.490471	-3.25361	134.493
37.65	0.216317	0.402854	10.8159	20.1427	-0.48176	0.490771	-3.25185	134.469
37.66	0.21624	0.403104	10.812	20.1552	-0.481654	0.491071	-3.25009	134.445
37.67	0.216164	0.403353	10.8082	20.1677	-0.481547	0.491371	-3.24833	134.422
37.68	0.216087	0.403603	10.8043	20.1801	-0.481441	0.49167	-3.24657	134.398
37.69	0.21601	0.403852	10.8005	20.1926	-0.481334	0.49197	-3.24481	134.374
37.7	0.215933	0.404102	10.7967	20.2051	-0.481227	0.492269	-3.24306	134.35
37.71	0.215857	0.404352	10.7928	20.2176	-0.481119	0.492569	-3.2413	134.326
37.72	0.21578	0.404601	10.789	20.2301	-0.481012	0.492868	-3.23955	134.303
37.73	0.215704	0.404851	10.7852	20.2425	-0.480904	0.493167	-3.23779	134.279
37.74	0.215627	0.4051	10.7814	20.255	-0.480797	0.493467	-3.23604	134.255
37.75	0.215551	0.40535	10.7775	20.2675	-0.480689	0.493766	-3.23429	134.231
37.76	0.215474	0.4056	10.7737	20.28	-0.48058	0.494065	-3.23254	134.207
37.77	0.215398	0.405849	10.7699	20.2925	-0.480472	0.494364	-3.23079	134.184
37.78	0.215322	0.406099	10.7661	20.3049	-0.480363	0.494662	-3.22904	134.16
37.79	0.215246	0.406349	10.7623	20.3174	-0.480255	0.494961	-3.2273	134.136
37.8	0.215169	0.406598	10.7585	20.3299	-0.480146	0.49526	-3.22555	134.112
37.81	0.215093	0.406848	10.7547	20.3424	-0.480037	0.495559	-3.2238	134.088
37.82	0.215017	0.407098	10.7509	20.3549	-0.479928	0.495857	-3.22206	134.065
37.83	0.214941	0.407347	10.7471	20.3674	-0.479818	0.496156	-3.22032	134.041
37.84	0.214865	0.407597	10.7433	20.3799	-0.479709	0.496454	-3.21858	134.017
37.85	0.214789	0.407847	10.7395	20.3923	-0.479599	0.496753	-3.21684	133.993
37.86	0.214714	0.408097	10.7357	20.4048	-0.479489	0.497051	-3.2151	133.97
37.87	0.214638	0.408346	10.7319	20.4173	-0.479379	0.497349	-3.21336	133.946
37.88	0.214562	0.408596	10.7281	20.4298	-0.479269	0.497647	-3.21162	133.922
37.89	0.214486	0.408846	10.7243	20.4423	-0.479158	0.497945	-3.20989	133.898
37.9	0.214411	0.409096	10.7205	20.4548	-0.479047	0.498243	-3.20815	133.875
37.91	0.214335	0.409345	10.7168	20.4673	-0.478937	0.498541	-3.20642	133.851
37.92	0.214259	0.409595	10.713	20.4798	-0.478826	0.498839	-3.20468	133.827
37.93	0.214184	0.409845	10.7092	20.4922	-0.478715	0.499137	-3.20295	133.804
37.94	0.214108	0.410095	10.7054	20.5047	-0.478603	0.499434	-3.20122	133.78
37.95	0.214033	0.410344	10.7017	20.5172	-0.478492	0.499732	-3.19949	133.756
37.96	0.213958	0.410594	10.6979	20.5297	-0.47838	0.500029	-3.19776	133.732
37.97	0.213882	0.410844	10.6941	20.5422	-0.478268	0.500327	-3.19604	133.709
37.98	0.213807	0.411094	10.6904	20.5547	-0.478156	0.500624	-3.19431	133.685
37.99	0.213732	0.411344	10.6866	20.5672	-0.478044	0.500921	-3.19258	133.661
38	0.213657	0.411594	10.6828	20.5797	-0.477932	0.501218	-3.19086	133.638
38.01	0.213582	0.411843	10.6791	20.5922	-0.477819	0.501516	-3.18914	133.614
38.02	0.213507	0.412093	10.6753	20.6047	-0.477706	0.501813	-3.18741	133.59
38.03	0.213432	0.412343	10.6716	20.6172	-0.477593	0.50211	-3.18569	133.567
38.04	0.213357	0.412593	10.6678	20.6297	-0.47748	0.502406	-3.18397	133.543
38.05	0.213282	0.412843	10.6641	20.6422	-0.477367	0.502703	-3.18225	133.519
38.06	0.213207	0.413093	10.6603	20.6546	-0.477254	0.503	-3.18054	133.495
38.07	0.213132	0.413343	10.6566	20.6671	-0.47714	0.503297	-3.17882	133.472
38.08	0.213057	0.413593	10.6529	20.6796	-0.477026	0.503593	-3.1771	133.448
38.09	0.212983	0.413843	10.6491	20.6921	-0.476912	0.50389	-3.17539	133.424
38.1	0.212908	0.414093	10.6454	20.7046	-0.476798	0.504186	-3.17368	133.401
38.11	0.212833	0.414343	10.6417	20.7171	-0.476684	0.504482	-3.17196	133.377
38.12	0.212759	0.414592	10.6379	20.7296	-0.476569	0.504779	-3.17025	133.353
38.13	0.212684	0.414842	10.6342	20.7421	-0.476455	0.505075	-3.16854	133.33
38.14	0.21261	0.415092	10.6305	20.7546	-0.47634	0.505371	-3.16683	133.306
38.15	0.212535	0.415342	10.6268	20.7671	-0.476225	0.505667	-3.16512	133.283
38.16	0.212461	0.415592	10.6231	20.7796	-0.47611	0.505963	-3.16342	133.259
38.17	0.212387	0.415842	10.6193	20.7921	-0.475995	0.506258	-3.16171	133.235
38.18	0.212313	0.416092	10.6156	20.8046	-0.475879	0.506554	-3.16001	133.212
38.19	0.212238	0.416342	10.6119	20.8171	-0.475763	0.50685	-3.1583	133.188
38.2	0.212164	0.416592	10.6082	20.8296	-0.475648	0.507145	-3.1566	133.164
38.21	0.21209	0.416842	10.6045	20.8421	-0.475532	0.507441	-3.1549	133.141
38.22	0.212016	0.417092	10.6008	20.8546	-0.475415	0.507736	-3.1532	133.117
38.23	0.211942	0.417342	10.5971	20.8671	-0.475299	0.508032	-3.1515	133.093
38.24	0.211868	0.417593	10.5934	20.8796	-0.475183	0.508327	-3.1498	133.07
38.25	0.211794	0.417843	10.5897	20.8921	-0.475066	0.508622	-3.1481	133.046
38.26	0.21172	0.418093	10.586	20.9046	-0.474949	0.508917	-3.14641	133.023
38.27	0.211646	0.418343	10.5823	20.9171	-0.474832	0.509212	-3.14471	132.999
38.28	0.211573	0.418593	10.5786	20.9296	-0.474715	0.509507	-3.14302	132.975
38.29	0.211499	0.418843	10.5749	20.9421	-0.474597	0.509802	-3.14132	132.952
38.3	0.211425	0.419093	10.5713	20.9546	-0.47448	0.510097	-3.13963	132.928
38.31	0.211352	0.419343	10.5676	20.9672	-0.474362	0.510391	-3.13794	132.905
38.32	0.211278	0.419593	10.5639	20.9797	-0.474244	0.510686	-3.13625	132.881
38.33	0.211205	0.419843	10.5602	20.9922	-0.474126	0.510981	-3.13456	132.857
38.34	0.211131	0.420093	10.5566	21.0047	-0.474008	0.511275	-3.13287	132.834
38.35	0.211058	0.420344	10.5529	21.0172	-0.473889	0.511569	-3.13119	132.81
38.36	0.210984	0.420594	10.5492	21.0297	-0.473771	0.511864	-3.1295	132.787
38.37	0.210911	0.420844	10.5456	21.0422	-0.473652	0.512158	-3.12782	132.763
38.38	0.210838	0.421094	10.5419	21.0547	-0.473533	0.512452	-3.12613	132.74
38.39	0.210765	0.421344	10.5382	21.0672	-0.473414	0.512746	-3.12445	132.716
38.4	0.210691	0.421594	10.5346	21.0797	-0.473295	0.51304	-3.12277	132.692
38.41	0.210618	0.421845	10.5309	21.0922	-0.473175	0.513334	-3.12109	132.669
38.42	0.210545	0.422095	10.5273	21.1047	-0.473056	0.513627	-3.11941	132.645
38.43	0.210472	0.422345	10.5236	21.1172	-0.472936	0.513921	-3.11773	132.622
38.44	0.210399	0.422595	10.52	21.1298	-0.472816	0.514215	-3.11605	132.598
38.45	0.210326	0.422845	10.5163	21.1423	-0.472696	0.514508	-3.11438	132.575
38.46	0.210253	0.423096	10.5127	21.1548	-0.472576	0.514802	-3.1127	132.551
38.47	0.210181	0.423346	10.509	21.1673	-0.472455	0.515095	-3.11103	132.528
38.48	0.210108	0.423596	10.5054	21.1798	-0.472335	0.515388	-3.10935	132.504
38.49	0.210035	0.423846	10.5018	21.1923	-0.472214	0.515681	-3.10768	132.481
38.5	0.209962	0.424097	10.4981	21.2048	-0.472093	0.515974	-3.10601	132.457
38.51	0.20989	0.424347	10.4945	21.2173	-0.471972	0.516267	-3.10434	132.434
38.52	0.209817	0.424597	10.4909	21.2299	-0.471851	0.51656	-3.10267	132.41
38.53	0.209745	0.424847	10.4872	21.2424	-0.471729	0.516853	-3.10101	132.387
38.54	0.209672	0.425098	10.4836	21.2549	-0.471607	0.517146	-3.09934	132.363
38.55	0.2096	0.425348	10.48	21.2674	-0.471486	0.517438	-3.09767	132.34
38.56	0.209527	0.425598	10.4764	21.2799	-0.471364	0.517731	-3.09601	132.316
38.57	0.209455	0.425848	10.4727	21.2924	-0.471242	0.518023	-3.09435	132.293
38.58	0.209383	0.426099	10.4691	21.3049	-0.471119	0.518316	-3.09268	132.269
38.59	0.20931	0.426349	10.4655	21.3175	-0.470997	0.518608	-3.09102	132.246
38.6	0.209238	0.426599	10.4619	21.33	-0.470874	0.5189	-3.08936	132.222
38.61	0.209166	0.42685	10.4583	21.3425	-0.470751	0.519192	-3.0877	132.199
38.62	0.209094	0.4271	10.4547	21.355	-0.470628	0.519484	-3.08604	132.175
38.63	0.209022	0.42735	10.4511	21.3675	-0.470505	0.519776	-3.08439	132.152
38.64	0.20895	0.427601	10.4475	21.38	-0.470382	0.520068	-3.08273	132.128
38.65	0.208878	0.427851	10.4439	21.3926	-0.470259	0.52036	-3.08108	132.105
38.66	0.208806	0.428102	10.4403	21.4051	-0.470135	0.520652	-3.07942	132.081
38.67	0.208734	0.428352	10.4367	21.4176	-0.470011	0.520943	-3.07777	132.058
38.68	0.208663	0.428602	10.4331	21.4301	-0.469887	0.521235	-3.07612	132.034
38.69	0.208591	0.428853	10.4295	21.4426	-0.469763	0.521526	-3.07447	132.011
38.7	0.208519	0.429103	10.426	21.4552	-0.469639	0.521818	-3.07282	131.987
38.71	0.208447	0.429353	10.4224	21.4677	-0.469514	0.522109	-3.07117	131.964
38.72	0.208376	0.429604	10.4188	21.4802	-0.46939	0.5224	-3.06952	131.94
38.73	0.208304	0.429854	10.4152	21.4927	-0.469265	0.522691	-3.06787	131.917
38.74	0.208233	0.430105	10.4116	21.5052	-0.46914	0.522982	-3.06623	131.894
38.75	0.208161	0.430355	10.4081	21.5178	-0.469015	0.523273	-3.06458	131.87
38.76	0.20809	0.430606	10.4045	21.5303	-0.468889	0.523564	-3.06294	131.847
38.77	0.208019	0.430856	10.4009	21.5428	-0.468764	0.523854	-3.0613	131.823
38.78	0.207947	0.431107	10.3974	21.5553	-0.468638	0.524145	-3.05965	131.8
38.79	0.207876	0.431357	10.3938	21.5678	-0.468513	0.524436	-3.05801	131.776
38.8	0.207805	0.431607	10.3902	21.5804	-0.468387	0.524726	-3.05637	131.753
38.81	0.207734	0.431858	10.3867	21.5929	-0.468261	0.525016	-3.05474	131.73
38.82	0.207662	0.432108	10.3831	21.6054	-0.468134	0.525307	-3.0531	131.706
38.83	0.207591	0.432359	10.3796	21.6179	-0.468008	0.525597	-3.05146	131.683
38.84	0.20752	0.432609	10.376	21.6305	-0.467881	0.525887	-3.04983	131.659
38.85	0.207449	0.43286	10.3725	21.643	-0.467754	0.526177	-3.04819	131.636
38.86	0.207378	0.43311	10.3689	21.6555	-0.467627	0.526467	-3.04656	131.613
38.87	0.207308	0.433361	10.3654	21.668	-0.4675	0.526757	-3.04493	131.589
38.88	0.207237	0.433611	10.3618	21.6806	-0.467373	0.527046	-3.0433	131.566
38.89	0.207166	0.433862	10.3583	21.6931	-0.467246	0.527336	-3.04167	131.543
38.9	0.207095	0.434113	10.3548	21.7056	-0.467118	0.527626	-3.04004	131.519
38.91	0.207025	0.434363	10.3512	21.7182	-0.46699	0.527915	-3.03841	131.496
38.92	0.206954	0.434614	10.3477	21.7307	-0.466862	0.528204	-3.03678	131.472
38.93	0.206883	0.434864	10.3442	21.7432	-0.466734	0.528494	-3.03516	131.449
38.94	0.206813	0.435115	10.3406	21.7557	-0.466606	0.528783	-3.03353	131.426
38.95	0.206742	0.435365	10.3371	21.7683	-0.466478	0.529072	-3.03191	131.402
38.96	0.206672	0.435616	10.3336	21.7808	-0.466349	0.529361	-3.03029	131.379
38.97	0.206601	0.435866	10.3301	21.7933	-0.46622	0.52965	-3.02866	131.356
38.98	0.206531	0.436117	10.3266	21.8059	-0.466091	0.529939	-3.02704	131.332
38.99	0.206461	0.436368	10.323	21.8184	-0.465962	0.530227	-3.02542	131.309
39	0.206391	0.436618	10.3195	21.8309	-0.465833	0.530516	-3.02381	131.286
39.01	0.20632	0.436869	10.316	21.8434	-0.465704	0.530804	-3.02219	131.262
39.02	0.20625	0.437119	10.3125	21.856	-0.465574	0.531093	-3.02057	131.239
39.03	0.20618	0.43737	10.309	21.8685	-0.465444	0.531381	-3.01896	131.216
39.04	0.20611	0.437621	10.3055	21.881	-0.465314	0.53167	-3.01734	131.192
39.05	0.20604	0.437871	10.302	21.8936	-0.465184	0.531958	-3.01573	131.169
39.06	0.20597	0.438122	10.2985	21.9061	-0.465054	0.532246	-3.01412	131.146
39.07	0.2059	0.438373	10.295	21.9186	-0.464924	0.532534	-3.0125	131.122
39.08	0.20583	0.438623	10.2915	21.9312	-0.464793	0.532822	-3.01089	131.099
39.09	0.20576	0.438874	10.288	21.9437	-0.464662	0.533109	-3.00928	131.076
39.1	0.205691	0.439125	10.2845	21.9562	-0.464532	0.533397	-3.00768	131.052
39.11	0.205621	0.439375	10.281	21.9688	-0.464401	0.533685	-3.00607	131.029
39.12	0.205551	0.439626	10.2776	21.9813	-0.464269	0.533972	-3.00446	131.006
39.13	0.205482	0.439877	10.2741	21.9938	-0.464138	0.53426	-3.00286	130.982
39.14	0.205412	0.440127	10.2706	22.0064	-0.464007	0.534547	-3.00125	130.959
39.15	0.205343	0.440378	10.2671	22.0189	-0.463875	0.534834	-2.99965	130.936
39.16	0.205273	0.440629	10.2637	22.0314	-0.463743	0.535121	-2.99805	130.913
39.17	0.205204	0.440879	10.2602	22.044	-0.463611	0.535408	-2.99645	130.889
39.18	0.205134	0.44113	10.2567	22.0565	-0.463479	0.535695	-2.99485	130.866
39.19	0.205065	0.441381	10.2532	22.069	-0.463347	0.535982	-2.99325	130.843
39.2	0.204996	0.441632	10.2498	22.0816	-0.463214	0.536269	-2.99165	130.82
39.21	0.204926	0.441882	10.2463	22.0941	-0.463082	0.536556	-2.99005	130.796
39.22	0.204857	0.442133	10.2429	22.1067	-0.462949	0.536842	-2.98846	130.773
39.23	0.204788	0.442384	10.2394	22.1192	-0.462816	0.537129	-2.98686	130.75
39.24	0.204719	0.442635	10.2359	22.1317	-0.462683	0.537415	-2.98527	130.727
39.25	0.20465	0.442885	10.2325	22.1443	-0.462549	0.537701	-2.98368	130.703
39.26	0.204581	0.443136	10.229	22.1568	-0.462416	0.537987	-2.98208	130.68
39.27	0.204512	0.443387	10.2256	22.1693	-0.462282	0.538274	-2.98049	130.657
39.28	0.204443	0.443638	10.2222	22.1819	-0.462149	0.53856	-2.9789	130.634
39.29	0.204374	0.443889	10.2187	22.1944	-0.462015	0.538845	-2.97732	130.61
39.3	0.204305	0.444139	10.2153	22.207	-0.461881	0.539131	-2.97573	130.587
39.31	0.204237	0.44439	10.2118	22.2195	-0.461746	0.539417	-2.97414	130.564
39.32	0.204168	0.444641	10.2084	22.232	-0.461612	0.539703	-2.97255	130.541
39.33	0.204099	0.444892	10.205	22.2446	-0.461477	0.539988	-2.97097	130.517
39.34	0.204031	0.445143	10.2015	22.2571	-0.461343	0.540274	-2.96939	130.494
39.35	0.203962	0.445393	10.1981	22.2697	-0.461208	0.540559	-2.9678	130.471
39.36	0.203893	0.445644	10.1947	22.2822	-0.461073	0.540844	-2.96622	130.448
39.37	0.203825	0.445895	10.1912	22.2948	-0.460938	0.541129	-2.96464	130.425
39.38	0.203757	0.446146	10.1878	22.3073	-0.460802	0.541414	-2.96306	130.401
39.39	0.203688	0.446397	10.1844	22.3198	-0.460667	0.541699	-2.96148	130.378
39.4	0.20362	0.446648	10.181	22.3324	-0.460531	0.541984	-2.95991	130.355
39.41	0.203551	0.446898	10.1776	22.3449	-0.460395	0.542269	-2.95833	130.332
39.42	0.203483	0.447149	10.1742	22.3575	-0.460259	0.542553	-2.95675	130.309
39.43	0.203415	0.4474	10.1708	22.37	-0.460123	0.542838	-2.95518	130.285
39.44	0.203347	0.447651	10.1673	22.3826	-0.459987	0.543122	-2.95361	130.262
39.45	0.203279	0.447902	10.1639	22.3951	-0.45985	0.543407	-2.95203	130.239
39.46	0.203211	0.448153	10.1605	22.4076	-0.459714	0.543691	-2.95046	130.216
39.47	0.203143	0.448404	10.1571	22.4202	-0.459577	0.543975	-2.94889	130.193
39.48	0.203075	0.448655	10.1537	22.4327	-0.45944	0.544259	-2.94732	130.17
39.49	0.203007	0.448905	10.1503	22.4453	-0.459303	0.544543	-2.94575	130.146
39.5	0.202939	0.449156	10.1469	22.4578	-0.459166	0.544827	-2.94419	130.123
39.51	0.202871	0.449407	10.1436	22.4704	-0.459028	0.545111	-2.94262	130.1
39.52	0.202803	0.449658	10.1402	22.4829	-0.458891	0.545394	-2.94106	130.077
39.53	0.202736	0.449909	10.1368	22.4955	-0.458753	0.545678	-2.93949	130.054
39.54	0.202668	0.45016	10.1334	22.508	-0.458615	0.545962	-2.93793	130.031
39.55	0.2026	0.450411	10.13	22.5206	-0.458477	0.546245	-2.93637	130.008
39.56	0.202533	0.450662	10.1266	22.5331	-0.458339	0.546528	-2.9348	129.984
39.57	0.202465	0.450913	10.1233	22.5456	-0.458201	0.546811	-2.93324	129.961
39.58	0.202398	0.451164	10.1199	22.5582	-0.458062	0.547094	-2.93168	129.938
39.59	0.20233	0.451415	10.1165	22.5707	-0.457924	0.547377	-2.93013	129.915
39.6	0.202263	0.451666	10.1131	22.5833	-0.457785	0.54766	-2.92857	129.892
39.61	0.202195	0.451917	10.1098	22.5958	-0.457646	0.547943	-2.92701	129.869
39.62	0.202128	0.452168	10.1064	22.6084	-0.457507	0.548226	-2.92546	129.846
39.63	0.202061	0.452419	10.103	22.6209	-0.457368	0.548508	-2.9239	129.823
39.64	0.201994	0.45267	10.0997	22.6335	-0.457228	0.548791	-2.92235	129.8
39.65	0.201927	0.452921	10.0963	22.646	-0.457089	0.549073	-2.9208	129.776
39.66	0.201859	0.453172	10.093	22.6586	-0.456949	0.549355	-2.91925	129.753
39.67	0.201792	0.453423	10.0896	22.6711	-0.456809	0.549638	-2.9177	129.73
39.68	0.201725	0.453674	10.0863	22.6837	-0.456669	0.54992	-2.91615	129.707
39.69	0.201658	0.453925	10.0829	22.6962	-0.456529	0.550202	-2.9146	129.684
39.7	0.201591	0.454176	10.0796	22.7088	-0.456388	0.550484	-2.91305	129.661
39.71	0.201525	0.454427	10.0762	22.7213	-0.456248	0.550765	-2.91151	129.638
39.72	0.201458	0.454678	10.0729	22.7339	-0.456107	0.551047	-2.90996	129.615
39.73	0.201391	0.454929	10.0695	22.7464	-0.455966	0.551329	-2.90842	129.592
39.74	0.201324	0.45518	10.0662	22.759	-0.455825	0.55161	-2.90687	129.569
39.75	0.201257	0.455431	10.0629	22.7715	-0.455684	0.551891	-2.90533	129.546
39.76	0.201191	0.455682	10.0595	22.7841	-0.455543	0.552173	-2.90379	129.523
39.77	0.201124	0.455933	10.0562	22.7967	-0.455402	0.552454	-2.90225	129.5
39.78	0.201058	0.456184	10.0529	22.8092	-0.45526	0.552735	-2.90071	129.477
39.79	0.200991	0.456435	10.0496	22.8218	-0.455118	0.553016	-2.89917	129.454
39.8	0.200925	0.456686	10.0462	22.8343	-0.454976	0.553297	-2.89763	129.43
39.81	0.200858	0.456937	10.0429	22.8469	-0.454834	0.553577	-2.8961	129.407
39.82	0.200792	0.457188	10.0396	22.8594	-0.454692	0.553858	-2.89456	129.384
39.83	0.200726	0.457439	10.0363	22.872	-0.45455	0.554139	-2.89303	129.361
39.84	0.200659	0.457691	10.033	22.8845	-0.454407	0.554419	-2.8915	129.338
39.85	0.200593	0.457942	10.0297	22.8971	-0.454265	0.5547	-2.88996	129.315
39.86	0.200527	0.458193	10.0263	22.9096	-0.454122	0.55498	-2.88843	129.292
39.87	0.200461	0.458444	10.023	22.9222	-0.453979	0.55526	-2.8869	129.269
39.88	0.200395	0.458695	10.0197	22.9347	-0.453836	0.55554	-2.88537	129.246
39.89	0.200329	0.458946	10.0164	22.9473	-0.453692	0.55582	-2.88385	129.223
39.9	0.200263	0.459197	10.0131	22.9599	-0.453549	0.5561	-2.88232	129.2
39.91	0.200197	0.459448	10.0098	22.9724	-0.453406	0.556379	-2.88079	129.177
39.92	0.200131	0.459699	10.0065	22.985	-0.453262	0.556659	-2.87927	129.154
39.93	0.200065	0.459951	10.0032	22.9975	-0.453118	0.556939	-2.87774	129.131
39.94	0.199999	0.460202	9.99995	23.0101	-0.452974	0.557218	-2.87622	129.108
39.95	0.199933	0.460453	9.99666	23.0226	-0.45283	0.557497	-2.8747	129.085
39.96	0.199868	0.460704	9.99338	23.0352	-0.452685	0.557777	-2.87318	129.062
39.97	0.199802	0.460955	9.99009	23.0478	-0.452541	0.558056	-2.87166	129.039
39.98	0.199736	0.461206	9.98681	23.0603	-0.452396	0.558335	-2.87014	129.016
39.99	0.199671	0.461458	9.98353	23.0729	-0.452252	0.558614	-2.86862	128.994
40	0.199605	0.461709	9.98026	23.0854	-0.452107	0.558892	-2.8671	128.971
40.01	0.19954	0.46196	9.97698	23.098	-0.451962	0.559171	-2.86559	128.948
40.02	0.199474	0.462211	9.97371	23.1106	-0.451816	0.55945	-2.86407	128.925
40.03	0.199409	0.462462	9.97044	23.1231	-0.451671	0.559728	-2.86256	128.902
40.04	0.199343	0.462713	9.96717	23.1357	-0.451525	0.560007	-2.86104	128.879
40.05	0.199278	0.462965	9.96391	23.1482	-0.45138	0.560285	-2.85953	128.856
40.06	0.199213	0.463216	9.96064	23.1608	-0.451234	0.560563	-2.85802	128.833
40.07	0.199148	0.463467	9.95738	23.1734	-0.451088	0.560841	-2.85651	128.81
40.08	0.199082	0.463718	9.95412	23.1859	-0.450942	0.561119	-2.855	128.787
40.09	0.199017	0.463969	9.95087	23.1985	-0.450795	0.561397	-2.85349	128.764
40.1	0.198952	0.464221	9.94761	23.211	-0.450649	0.561675	-2.85198	128.741
40.11	0.198887	0.464472	9.94436	23.2236	-0.450502	0.561952	-2.85048	128.718
40.12	0.198822	0.464723	9.94111	23.2362	-0.450356	0.56223	-2.84897	128.695
40.13	0.198757	0.464974	9.93786	23.2487	-0.450209	0.562507	-2.84747	128.672
40.14	0.198692	0.465226	9.93462	23.2613	-0.450062	0.562785	-2.84596	128.649
40.15	0.198628	0.465477	9.93138	23.2738	-0.449915	0.563062	-2.84446	128.627
40.16	0.198563	0.465728	9.92814	23.2864	-0.449767	0.563339	-2.84296	128.604
40.17	0.198498	0.465979	9.9249	23.299	-0.44962	0.563616	-2.84146	128.581
40.18	0.198433	0.466231	9.92166	23.3115	-0.449472	0.563893	-2.83996	128.558
40.19	0.198369	0.466482	9.91843	23.3241	-0.449324	0.56417	-2.83846	128.535
40.2	0.198304	0.466733	9.9152	23.3367	-0.449177	0.564447	-2.83696	128.512
40.21	0.198239	0.466984	9.91197	23.3492	-0.449028	0.564723	-2.83547	128.489
40.22	0.198175	0.467236	9.90874	23.3618	-0.44888	0.565	-2.83397	128.466
40.23	0.19811	0.467487	9.90552	23.3743	-0.448732	0.565276	-2.83248	128.444
40.24	0.198046	0.467738	9.9023	23.3869	-0.448583	0.565552	-2.83098	128.421
40.25	0.197982	0.46799	9.89908	23.3995	-0.448435	0.565829	-2.82949	128.398
40.26	0.197917	0.468241	9.89586	23.412	-0.448286	0.566105	-2.828	128.375
40.27	0.197853	0.468492	9.89265	23.4246	-0.448137	0.566381	-2.82651	128.352
40.28	0.197789	0.468743	9.88943	23.4372	-0.447988	0.566657	-2.82502	128.329
40.29	0.197724	0.468995	9.88622	23.4497	-0.447839	0.566932	-2.82353	128.306
40.3	0.19766	0.469246	9.88302	23.4623	-0.447689	0.567208	-2.82204	128.284
40.31	0.197596	0.469497	9.87981	23.4749	-0.44754	0.567483	-2.82056	128.261
40.32	0.197532	0.469749	9.87661	23.4874	-0.44739	0.567759	-2.81907	128.238
40.33	0.197468	0.47	9.87341	23.5	-0.44724	0.568034	-2.81759	128.215
40.34	0.197404	0.470251	9.87021	23.5126	-0.44709	0.568309	-2.8161	128.192
40.35	0.19734	0.470503	9.86701	23.5251	-0.44694	0.568585	-2.81462	128.169
40.36	0.197276	0.470754	9.86381	23.5377	-0.44679	0.56886	-2.81314	128.147
40.37	0.197212	0.471005	9.86062	23.5503	-0.446639	0.569134	-2.81166	128.124
40.38	0.197149	0.471257	9.85743	23.5628	-0.446489	0.569409	-2.81018	128.101
40.39	0.197085	0.471508	9.85425	23.5754	-0.446338	0.569684	-2.8087	128.078
40.4	0.197021	0.471759	9.85106	23.588	-0.446187	0.569958	-2.80722	128.055
40.41	0.196958	0.472011	9.84788	23.6005	-0.446036	0.570233	-2.80574	128.033
40.42	0.196894	0.472262	9.8447	23.6131	-0.445885	0.570507	-2.80427	128.01
40.43	0.19683	0.472513	9.84152	23.6257	-0.445734	0.570781	-2.80279	127.987
40.44	0.196767	0.472765	9.83834	23.6382	-0.445582	0.571056	-2.80132	127.964
40.45	0.196703	0.473016	9.83517	23.6508	-0.445431	0.57133	-2.79985	127.941
40.46	0.19664	0.473267	9.832	23.6634	-0.445279	0.571604	-2.79837	127.919
40.47	0.196577	0.473519	9.82883	23.6759	-0.445127	0.571877	-2.7969	127.896
40.48	0.196513	0.47377	9.82566	23.6885	-0.444975	0.572151	-2.79543	127.873
40.49	0.19645	0.474022	9.82249	23.7011	-0.444823	0.572425	-2.79396	127.85
40.5	0.196387	0.474273	9.81933	23.7137	-0.444671	0.572698	-2.79249	127.828
40.51	0.196323	0.474524	9.81617	23.7262	-0.444518	0.572972	-2.79103	127.805
40.52	0.19626	0.474776	9.81301	23.7388	-0.444366	0.573245	-2.78956	127.782
40.53	0.196197	0.475027	9.80986	23.7514	-0.444213	0.573518	-2.7881	127.759
40.54	0.196134	0.475279	9.8067	23.7639	-0.44406	0.573791	-2.78663	127.736
40.55	0.196071	0.47553	9.80355	23.7765	-0.443907	0.574064	-2.78517	127.714
40.56	0.196008	0.475781	9.8004	23.7891	-0.443754	0.574337	-2.78371	127.691
40.57	0.195945	0.476033	9.79725	23.8016	-0.443601	0.574609	-2.78224	127.668
40.58	0.195882	0.476284	9.79411	23.8142	-0.443447	0.574882	-2.78078	127.646
40.59	0.195819	0.476536	9.79097	23.8268	-0.443294	0.575155	-2.77932	127.623
40.6	0.195757	0.476787	9.78783	23.8394	-0.44314	0.575427	-2.77787	127.6
40.61	0.195694	0.477039	9.78469	23.8519	-0.442986	0.575699	-2.77641	127.577
40.62	0.195631	0.47729	9.78155	23.8645	-0.442832	0.575971	-2.77495	127.555
40.63	0.195568	0.477541	9.77842	23.8771	-0.442678	0.576243	-2.7735	127.532
40.64	0.195506	0.477793	9.77529	23.8896	-0.442523	0.576515	-2.77204	127.509
40.65	0.195443	0.478044	9.77216	23.9022	-0.442369	0.576787	-2.77059	127.487
40.66	0.195381	0.478296	9.76903	23.9148	-0.442214	0.577059	-2.76914	127.464
40.67	0.195318	0.478547	9.76591	23.9274	-0.44206	0.577331	-2.76768	127.441
40.68	0.195256	0.478799	9.76279	23.9399	-0.441905	0.577602	-2.76623	127.418
40.69	0.195193	0.47905	9.75967	23.9525	-0.44175	0.577873	-2.76478	127.396
40.7	0.195131	0.479302	9.75655	23.9651	-0.441595	0.578145	-2.76333	127.373
40.71	0.195069	0.479553	9.75343	23.9777	-0.441439	0.578416	-2.76189	127.35
40.72	0.195006	0.479805	9.75032	23.9902	-0.441284	0.578687	-2.76044	127.328
40.73	0.194944	0.480056	9.74721	24.0028	-0.441128	0.578958	-2.75899	127.305
40.74	0.194882	0.480308	9.7441	24.0154	-0.440972	0.579229	-2.75755	127.282
40.75	0.19482	0.480559	9.74099	24.028	-0.440817	0.579499	-2.7561	127.26
40.76	0.194758	0.480811	9.73789	24.0405	-0.440661	0.57977	-2.75466	127.237
40.77	0.194696	0.481062	9.73479	24.0531	-0.440504	0.580041	-2.75322	127.214
40.78	0.194634	0.481314	9.73169	24.0657	-0.440348	0.580311	-2.75178	127.192
40.79	0.194572	0.481565	9.72859	24.0783	-0.440192	0.580581	-2.75034	127.169
40.8	0.19451	0.481817	9.7255	24.0908	-0.440035	0.580851	-2.7489	127.146
40.81	0.194448	0.482068	9.7224	24.1034	-0.439878	0.581121	-2.74746	127.124
40.82	0.194386	0.48232	9.71931	24.116	-0.439722	0.581391	-2.74602	127.101
40.83	0.194324	0.482571	9.71622	24.1286	-0.439565	0.581661	-2.74459	127.079
40.84	0.194263	0.482823	9.71314	24.1411	-0.439407	0.581931	-2.74315	127.056
40.85	0.194201	0.483074	9.71005	24.1537	-0.43925	0.582201	-2.74172	127.033
40.86	0.194139	0.483326	9.70697	24.1663	-0.439093	0.58247	-2.74028	127.011
40.87	0.194078	0.483577	9.70389	24.1789	-0.438935	0.582739	-2.73885	126.988
40.88	0.194016	0.483829	9.70081	24.1914	-0.438777	0.583009	-2.73742	126.965
40.89	0.193955	0.48408	9.69774	24.204	-0.43862	0.583278	-2.73599	126.943
40.9	0.193893	0.484332	9.69467	24.2166	-0.438462	0.583547	-2.73456	126.92
40.91	0.193832	0.484583	9.69159	24.2292	-0.438304	0.583816	-2.73313	126.898
40.92	0.193771	0.484835	9.68853	24.2417	-0.438145	0.584085	-2.7317	126.875
40.93	0.193709	0.485086	9.68546	24.2543	-0.437987	0.584353	-2.73027	126.852
40.94	0.193648	0.485338	9.6824	24.2669	-0.437828	0.584622	-2.72885	126.83
40.95	0.193587	0.48559	9.67933	24.2795	-0.43767	0.58489	-2.72742	126.807
40.96	0.193525	0.485841	9.67627	24.2921	-0.437511	0.585159	-2.726	126.785
40.97	0.193464	0.486093	9.67322	24.3046	-0.437352	0.585427	-2.72458	126.762
40.98	0.193403	0.486344	9.67016	24.3172	-0.437193	0.585695	-2.72315	126.74
40.99	0.193342	0.486596	9.66711	24.3298	-0.437034	0.585963	-2.72173	126.717
41	0.193281	0.486847	9.66406	24.3424	-0.436874	0.586231	-2.72031	126.694
41.01	0.19322	0.487099	9.66101	24.3549	-0.436715	0.586499	-2.71889	126.672
41.02	0.193159	0.487351	9.65796	24.3675	-0.436555	0.586767	-2.71747	126.649
41.03	0.193098	0.487602	9.65492	24.3801	-0.436395	0.587034	-2.71606	126.627
41.04	0.193038	0.487854	9.65188	24.3927	-0.436235	0.587302	-2.71464	126.604
41.05	0.192977	0.488105	9.64884	24.4053	-0.436075	0.587569	-2.71322	126.582
41.06	0.192916	0.488357	9.6458	24.4178	-0.435915	0.587836	-2.71181	126.559
41.07	0.192855	0.488608	9.64276	24.4304	-0.435755	0.588103	-2.7104	126.537
41.08	0.192795	0.48886	9.63973	24.443	-0.435594	0.58837	-2.70898	126.514
41.09	0.192734	0.489112	9.6367	24.4556	-0.435434	0.588637	-2.70757	126.492
41.1	0.192673	0.489363	9.63367	24.4682	-0.435273	0.588904	-2.70616	126.469
41.11	0.192613	0.489615	9.63064	24.4807	-0.435112	0.58917	-2.70475	126.446
41.12	0.192552	0.489866	9.62762	24.4933	-0.434951	0.589437	-2.70334	126.424
41.13	0.192492	0.490118	9.6246	24.5059	-0.43479	0.589703	-2.70193	126.401
41.14	0.192432	0.49037	9.62158	24.5185	-0.434629	0.58997	-2.70053	126.379
41.15	0.192371	0.490621	9.61856	24.5311	-0.434467	0.590236	-2.69912	126.356
41.16	0.192311	0.490873	9.61554	24.5436	-0.434306	0.590502	-2.69772	126.334
41.17	0.192251	0.491125	9.61253	24.5562	-0.434144	0.590768	-2.69631	126.311
41.18	0.19219	0.491376	9.60952	24.5688	-0.433982	0.591034	-2.69491	126.289
41.19	0.19213	0.491628	9.60651	24.5814	-0.43382	0.5913	-2.69351	126.266
41.2	0.19207	0.491879	9.6035	24.594	-0.433658	0.591565	-2.69211	126.244
41.21	0.19201	0.492131	9.6005	24.6066	-0.433496	0.591831	-2.6907	126.222
41.22	0.19195	0.492383	9.5975	24.6191	-0.433334	0.592096	-2.68931	126.199
41.23	0.19189	0.492634	9.5945	24.6317	-0.433171	0.592361	-2.68791	126.177
41.24	0.19183	0.492886	9.5915	24.6443	-0.433009	0.592626	-2.68651	126.154
41.25	0.19177	0.493138	9.5885	24.6569	-0.432846	0.592891	-2.68511	126.132
41.26	0.19171	0.493389	9.58551	24.6695	-0.432683	0.593156	-2.68372	126.109
41.27	0.19165	0.493641	9.58252	24.682	-0.43252	0.593421	-2.68232	126.087
41.28	0.191591	0.493893	9.57953	24.6946	-0.432357	0.593686	-2.68093	126.064
41.29	0.191531	0.494144	9.57654	24.7072	-0.432194	0.59395	-2.67954	126.042
41.3	0.191471	0.494396	9.57356	24.7198	-0.43203	0.594215	-2.67814	126.019
41.31	0.191412	0.494648	9.57058	24.7324	-0.431867	0.594479	-2.67675	125.997
41.32	0.191352	0.494899	9.56759	24.745	-0.431703	0.594743	-2.67536	125.975
41.33	0.191292	0.495151	9.56462	24.7575	-0.431539	0.595008	-2.67397	125.952
41.34	0.191233	0.495403	9.56164	24.7701	-0.431375	0.595272	-2.67258	125.93
41.35	0.191173	0.495654	9.55867	24.7827	-0.431211	0.595535	-2.6712	125.907
41.36	0.191114	0.495906	9.55569	24.7953	-0.431047	0.595799	-2.66981	125.885
41.37	0.191055	0.496158	9.55273	24.8079	-0.430882	0.596063	-2.66843	125.862
41.38	0.190995	0.496409	9.54976	24.8205	-0.430718	0.596326	-2.66704	125.84
41.39	0.190936	0.496661	9.54679	24.8331	-0.430553	0.59659	-2.66566	125.818
41.4	0.190877	0.496913	9.54383	24.8456	-0.430388	0.596853	-2.66427	125.795
41.41	0.190817	0.497164	9.54087	24.8582	-0.430224	0.597116	-2.66289	125.773
41.42	0.190758	0.497416	9.53791	24.8708	-0.430059	0.597379	-2.66151	125.75
41.43	0.190699	0.497668	9.53495	24.8834	-0.429893	0.597642	-2.66013	125.728
41.44	0.19064	0.49792	9.532	24.896	-0.429728	0.597905	-2.65875	125.706
41.45	0.190581	0.498171	9.52905	24.9086	-0.429563	0.598168	-2.65737	125.683
41.46	0.190522	0.498423	9.5261	24.9211	-0.429397	0.59843	-2.656	125.661
41.47	0.190463	0.498675	9.52315	24.9337	-0.429231	0.598693	-2.65462	125.639
41.48	0.190404	0.498926	9.5202	24.9463	-0.429066	0.598955	-2.65325	125.616
41.49	0.190345	0.499178	9.51726	24.9589	-0.4289	0.599217	-2.65187	125.594
41.5	0.190286	0.49943	9.51432	24.9715	-0.428734	0.599479	-2.6505	125.571
41.51	0.190228	0.499681	9.51138	24.9841	-0.428567	0.599741	-2.64913	125.549
41.52	0.190169	0.499933	9.50844	24.9967	-0.428401	0.600003	-2.64775	125.527
41.53	0.19011	0.500185	9.50551	25.0092	-0.428235	0.600265	-2.64638	125.504
41.54	0.190052	0.500437	9.50258	25.0218	-0.428068	0.600527	-2.64501	125.482
41.55	0.189993	0.500688	9.49965	25.0344	-0.427901	0.600788	-2.64365	125.46
41.56	0.189934	0.50094	9.49672	25.047	-0.427734	0.601049	-2.64228	125.437
41.57	0.189876	0.501192	9.49379	25.0596	-0.427567	0.601311	-2.64091	125.415
41.58	0.189817	0.501444	9.49087	25.0722	-0.4274	0.601572	-2.63954	125.393
41.59	0.189759	0.501695	9.48795	25.0848	-0.427233	0.601833	-2.63818	125.37
41.6	0.189701	0.501947	9.48503	25.0974	-0.427066	0.602094	-2.63682	125.348
41.61	0.189642	0.502199	9.48211	25.1099	-0.426898	0.602355	-2.63545	125.326
41.62	0.189584	0.502451	9.47919	25.1225	-0.42673	0.602615	-2.63409	125.303
41.63	0.189526	0.502702	9.47628	25.1351	-0.426563	0.602876	-2.63273	125.281
41.64	0.189467	0.502954	9.47337	25.1477	-0.426395	0.603136	-2.63137	125.259
41.65	0.189409	0.503206	9.47046	25.1603	-0.426227	0.603397	-2.63001	125.237
41.66	0.189351	0.503458	9.46755	25.1729	-0.426059	0.603657	-2.62865	125.214
41.67	0.189293	0.503709	9.46465	25.1855	-0.42589	0.603917	-2.62729	125.192
41.68	0.189235	0.503961	9.46175	25.1981	-0.425722	0.604177	-2.62593	125.17
41.69	0.189177	0.504213	9.45885	25.2106	-0.425553	0.604437	-2.62458	125.147
41.7	0.189119	0.504465	9.45595	25.2232	-0.425385	0.604697	-2.62322	125.125
41.71	0.189061	0.504716	9.45305	25.2358	-0.425216	0.604956	-2.62187	125.103
41.72	0.189003	0.504968	9.45016	25.2484	-0.425047	0.605216	-2.62052	125.081
41.73	0.188945	0.50522	9.44727	25.261	-0.424878	0.605475	-2.61916	125.058
41.74	0.188888	0.505472	9.44438	25.2736	-0.424709	0.605734	-2.61781	125.036
41.75	0.18883	0.505723	9.44149	25.2862	-0.424539	0.605993	-2.61646	125.014
41.76	0.188772	0.505975	9.43861	25.2988	-0.42437	0.606252	-2.61511	124.992
41.77	0.188714	0.506227	9.43572	25.3114	-0.4242	0.606511	-2.61376	124.969
41.78	0.188657	0.506479	9.43284	25.3239	-0.424031	0.60677	-2.61242	124.947
41.79	0.188599	0.506731	9.42996	25.3365	-0.423861	0.607029	-2.61107	124.925
41.8	0.188542	0.506982	9.42709	25.3491	-0.423691	0.607287	-2.60972	124.903
41.81	0.188484	0.507234	9.42421	25.3617	-0.423521	0.607546	-2.60838	124.88
41.82	0.188427	0.507486	9.42134	25.3743	-0.423351	0.607804	-2.60704	124.858
41.83	0.188369	0.507738	9.41847	25.3869	-0.42318	0.608062	-2.60569	124.836
41.84	0.188312	0.50799	9.4156	25.3995	-0.42301	0.60832	-2.60435	124.814
41.85	0.188255	0.508241	9.41274	25.4121	-0.422839	0.608578	-2.60301	124.792
41.86	0.188197	0.508493	9.40987	25.4247	-0.422669	0.608836	-2.60167	124.769
41.87	0.18814	0.508745	9.40701	25.4372	-0.422498	0.609094	-2.60033	124.747
41.88	0.188083	0.508997	9.40415	25.4498	-0.422327	0.609351	-2.59899	124.725
41.89	0.188026	0.509249	9.4013	25.4624	-0.422156	0.609609	-2.59765	124.703
41.9	0.187969	0.5095	9.39844	25.475	-0.421984	0.609866	-2.59632	124.681
41.91	0.187912	0.509752	9.39559	25.4876	-0.421813	0.610123	-2.59498	124.658
41.92	0.187855	0.510004	9.39274	25.5002	-0.421642	0.61038	-2.59365	124.636
41.93	0.187798	0.510256	9.38989	25.5128	-0.42147	0.610637	-2.59231	124.614
41.94	0.187741	0.510508	9.38704	25.5254	-0.421298	0.610894	-2.59098	124.592
41.95	0.187684	0.510759	9.3842	25.538	-0.421126	0.611151	-2.58965	124.57
41.96	0.187627	0.511011	9.38135	25.5506	-0.420955	0.611407	-2.58831	124.547
41.97	0.18757	0.511263	9.37851	25.5632	-0.420782	0.611664	-2.58698	124.525
41.98	0.187514	0.511515	9.37568	25.5757	-0.42061	0.61192	-2.58566	124.503
41.99	0.187457	0.511767	9.37284	25.5883	-0.420438	0.612176	-2.58433	124.481
42	0.1874	0.512019	9.37001	25.6009	-0.420265	0.612432	-2.583	124.459
42.01	0.187343	0.51227	9.36717	25.6135	-0.420093	0.612688	-2.58167	124.437
42.02	0.187287	0.512522	9.36434	25.6261	-0.41992	0.612944	-2.58035	124.415
42.03	0.18723	0.512774	9.36152	25.6387	-0.419747	0.6132	-2.57902	124.392
42.04	0.187174	0.513026	9.35869	25.6513	-0.419574	0.613455	-2.5777	124.37
42.05	0.187117	0.513278	9.35587	25.6639	-0.419401	0.613711	-2.57637	124.348
42.06	0.187061	0.51353	9.35305	25.6765	-0.419228	0.613966	-2.57505	124.326
42.07	0.187005	0.513781	9.35023	25.6891	-0.419055	0.614222	-2.57373	124.304
42.08	0.186948	0.514033	9.34741	25.7017	-0.418881	0.614477	-2.57241	124.282
42.09	0.186892	0.514285	9.3446	25.7143	-0.418708	0.614732	-2.57109	124.26
42.1	0.186836	0.514537	9.34178	25.7268	-0.418534	0.614987	-2.56977	124.238
42.11	0.186779	0.514789	9.33897	25.7394	-0.41836	0.615241	-2.56845	124.215
42.12	0.186723	0.515041	9.33617	25.752	-0.418186	0.615496	-2.56714	124.193
42.13	0.186667	0.515292	9.33336	25.7646	-0.418012	0.615751	-2.56582	124.171
42.14	0.186611	0.515544	9.33055	25.7772	-0.417838	0.616005	-2.56451	124.149
42.15	0.186555	0.515796	9.32775	25.7898	-0.417664	0.616259	-2.56319	124.127
42.16	0.186499	0.516048	9.32495	25.8024	-0.417489	0.616513	-2.56188	124.105
42.17	0.186443	0.5163	9.32215	25.815	-0.417315	0.616767	-2.56057	124.083
42.18	0.186387	0.516552	9.31936	25.8276	-0.41714	0.617021	-2.55925	124.061
42.19	0.186331	0.516804	9.31657	25.8402	-0.416965	0.617275	-2.55794	124.039
42.2	0.186275	0.517055	9.31377	25.8528	-0.41679	0.617529	-2.55663	124.017
42.21	0.18622	0.517307	9.31098	25.8654	-0.416615	0.617782	-2.55533	123.995
42.22	0.186164	0.517559	9.3082	25.878	-0.41644	0.618036	-2.55402	123.973
42.23	0.186108	0.517811	9.30541	25.8906	-0.416265	0.618289	-2.55271	123.951
42.24	0.186053	0.518063	9.30263	25.9031	-0.416089	0.618542	-2.5514	123.928
42.25	0.185997	0.518315	9.29985	25.9157	-0.415914	0.618795	-2.5501	123.906
42.26	0.185941	0.518567	9.29707	25.9283	-0.415738	0.619048	-2.5488	123.884
42.27	0.185886	0.518818	9.29429	25.9409	-0.415562	0.619301	-2.54749	123.862
42.28	0.18583	0.51907	9.29152	25.9535	-0.415386	0.619553	-2.54619	123.84
42.29	0.185775	0.519322	9.28874	25.9661	-0.41521	0.619806	-2.54489	123.818
42.3	0.185719	0.519574	9.28597	25.9787	-0.415034	0.620058	-2.54359	123.796
42.31	0.185664	0.519826	9.28321	25.9913	-0.414858	0.620311	-2.54229	123.774
42.32	0.185609	0.520078	9.28044	26.0039	-0.414682	0.620563	-2.54099	123.752
42.33	0.185554	0.52033	9.27768	26.0165	-0.414505	0.620815	-2.53969	123.73
42.34	0.185498	0.520582	9.27491	26.0291	-0.414329	0.621067	-2.53839	123.708
42.35	0.185443	0.520834	9.27215	26.0417	-0.414152	0.621318	-2.5371	123.686
42.36	0.185388	0.521085	9.2694	26.0543	-0.413975	0.62157	-2.5358	123.664
42.37	0.185333	0.521337	9.26664	26.0669	-0.413798	0.621822	-2.53451	123.642
42.38	0.185278	0.521589	9.26389	26.0795	-0.413621	0.622073	-2.53321	123.62
42.39	0.185223	0.521841	9.26113	26.0921	-0.413444	0.622324	-2.53192	123.598
42.4	0.185168	0.522093	9.25839	26.1046	-0.413266	0.622576	-2.53063	123.576
42.41	0.185113	0.522345	9.25564	26.1172	-0.413089	0.622827	-2.52934	123.554
42.42	0.185058	0.522597	9.25289	26.1298	-0.412911	0.623078	-2.52805	123.532
42.43	0.185003	0.522849	9.25015	26.1424	-0.412734	0.623328	-2.52676	123.51
42.44	0.184948	0.523101	9.24741	26.155	-0.412556	0.623579	-2.52547	123.488
42.45	0.184893	0.523352	9.24467	26.1676	-0.412378	0.62383	-2.52418	123.466
42.46	0.184839	0.523604	9.24193	26.1802	-0.4122	0.62408	-2.5229	123.444
42.47	0.184784	0.523856	9.2392	26.1928	-0.412022	0.62433	-2.52161	123.423
42.48	0.184729	0.524108	9.23646	26.2054	-0.411844	0.62458	-2.52032	123.401
42.49	0.184675	0.52436	9.23373	26.218	-0.411665	0.62483	-2.51904	123.379
42.5	0.18462	0.524612	9.231	26.2306	-0.411487	0.62508	-2.51776	123.357
42.51	0.184566	0.524864	9.22828	26.2432	-0.411308	0.62533	-2.51648	123.335
42.52	0.184511	0.525116	9.22555	26.2558	-0.411129	0.62558	-2.51519	123.313
42.53	0.184457	0.525368	9.22283	26.2684	-0.41095	0.625829	-2.51391	123.291
42.54	0.184402	0.52562	9.22011	26.281	-0.410771	0.626079	-2.51263	123.269
42.55	0.184348	0.525871	9.21739	26.2936	-0.410592	0.626328	-2.51136	123.247
42.56	0.184294	0.526123	9.21468	26.3062	-0.410413	0.626577	-2.51008	123.225
42.57	0.184239	0.526375	9.21196	26.3188	-0.410234	0.626826	-2.5088	123.203
42.58	0.184185	0.526627	9.20925	26.3314	-0.410054	0.627075	-2.50753	123.181
42.59	0.184131	0.526879	9.20654	26.344	-0.409875	0.627324	-2.50625	123.159
42.6	0.184077	0.527131	9.20383	26.3566	-0.409695	0.627573	-2.50498	123.138
42.61	0.184023	0.527383	9.20113	26.3691	-0.409515	0.627821	-2.5037	123.116
42.62	0.183968	0.527635	9.19842	26.3817	-0.409335	0.62807	-2.50243	123.094
42.63	0.183914	0.527887	9.19572	26.3943	-0.409155	0.628318	-2.50116	123.072
42.64	0.18386	0.528139	9.19302	26.4069	-0.408975	0.628566	-2.49989	123.05
42.65	0.183806	0.528391	9.19032	26.4195	-0.408795	0.628814	-2.49862	123.028
42.66	0.183753	0.528643	9.18763	26.4321	-0.408615	0.629062	-2.49735	123.006
42.67	0.183699	0.528894	9.18494	26.4447	-0.408434	0.62931	-2.49608	122.984
42.68	0.183645	0.529146	9.18224	26.4573	-0.408253	0.629557	-2.49481	122.962
42.69	0.183591	0.529398	9.17955	26.4699	-0.408073	0.629805	-2.49355	122.941
42.7	0.183537	0.52965	9.17687	26.4825	-0.407892	0.630052	-2.49228	122.919
42.71	0.183484	0.529902	9.17418	26.4951	-0.407711	0.630299	-2.49102	122.897
42.72	0.18343	0.530154	9.1715	26.5077	-0.40753	0.630547	-2.48975	122.875
42.73	0.183376	0.530406	9.16882	26.5203	-0.407349	0.630794	-2.48849	122.853
42.74	0.183323	0.530658	9.16614	26.5329	-0.407167	0.631041	-2.48723	122.831
42.75	0.183269	0.53091	9.16346	26.5455	-0.406986	0.631287	-2.48597	122.81
42.76	0.183216	0.531162	9.16079	26.5581	-0.406805	0.631534	-2.48471	122.788
42.77	0.183162	0.531414	9.15812	26.5707	-0.406623	0.63178	-2.48345	122.766
42.78	0.183109	0.531666	9.15544	26.5833	-0.406441	0.632027	-2.48219	122.744
42.79	0.183056	0.531918	9.15278	26.5959	-0.406259	0.632273	-2.48093	122.722
42.8	0.183002	0.53217	9.15011	26.6085	-0.406077	0.632519	-2.47967	122.7
42.81	0.182949	0.532421	9.14744	26.6211	-0.405895	0.632765	-2.47842	122.679
42.82	0.182896	0.532673	9.14478	26.6337	-0.405713	0.633011	-2.47716	122.657
42.83	0.182842	0.532925	9.14212	26.6463	-0.405531	0.633257	-2.47591	122.635
42.84	0.182789	0.533177	9.13946	26.6589	-0.405348	0.633502	-2.47466	122.613
42.85	0.182736	0.533429	9.13681	26.6715	-0.405166	0.633748	-2.4734	122.591
42.86	0.182683	0.533681	9.13415	26.6841	-0.404983	0.633993	-2.47215	122.57
42.87	0.18263	0.533933	9.1315	26.6967	-0.4048	0.634238	-2.4709	122.548
42.88	0.182577	0.534185	9.12885	26.7093	-0.404617	0.634484	-2.46965	122.526
42.89	0.182524	0.534437	9.1262	26.7219	-0.404434	0.634729	-2.4684	122.504
42.9	0.182471	0.534689	9.12356	26.7344	-0.404251	0.634973	-2.46715	122.483
42.91	0.182418	0.534941	9.12091	26.747	-0.404068	0.635218	-2.46591	122.461
42.92	0.182365	0.535193	9.11827	26.7596	-0.403885	0.635463	-2.46466	122.439
42.93	0.182313	0.535445	9.11563	26.7722	-0.403701	0.635707	-2.46342	122.417
42.94	0.18226	0.535697	9.11299	26.7848	-0.403518	0.635952	-2.46217	122.396
42.95	0.182207	0.535949	9.11036	26.7974	-0.403334	0.636196	-2.46093	122.374
42.96	0.182154	0.536201	9.10772	26.81	-0.40315	0.63644	-2.45968	122.352
42.97	0.182102	0.536453	9.10509	26.8226	-0.402967	0.636684	-2.45844	122.33
42.98	0.182049	0.536705	9.10246	26.8352	-0.402783	0.636928	-2.4572	122.309
42.99	0.181997	0.536956	9.09983	26.8478	-0.402598	0.637171	-2.45596	122.287
43	0.181944	0.537208	9.09721	26.8604	-0.402414	0.637415	-2.45472	122.265
43.01	0.181892	0.53746	9.09459	26.873	-0.40223	0.637658	-2.45348	122.243
43.02	0.181839	0.537712	9.09196	26.8856	-0.402046	0.637902	-2.45224	122.222
43.03	0.181787	0.537964	9.08934	26.8982	-0.401861	0.638145	-2.45101	122.2
43.04	0.181735	0.538216	9.08673	26.9108	-0.401676	0.638388	-2.44977	122.178
43.05	0.181682	0.538468	9.08411	26.9234	-0.401492	0.638631	-2.44854	122.157
43.06	0.18163	0.53872	9.0815	26.936	-0.401307	0.638874	-2.4473	122.135
43.07	0.181578	0.538972	9.07889	26.9486	-0.401122	0.639116	-2.44607	122.113
43.08	0.181526	0.539224	9.07628	26.9612	-0.400937	0.639359	-2.44484	122.091
43.09	0.181473	0.539476	9.07367	26.9738	-0.400751	0.639601	-2.4436	122.07
43.1	0.181421	0.539728	9.07106	26.9864	-0.400566	0.639843	-2.44237	122.048
43.11	0.181369	0.53998	9.06846	26.999	-0.400381	0.640086	-2.44114	122.026
43.12	0.181317	0.540232	9.06586	27.0116	-0.400195	0.640328	-2.43991	122.005
43.13	0.181265	0.540484	9.06326	27.0242	-0.400009	0.64057	-2.43869	121.983
43.14	0.181213	0.540736	9.06066	27.0368	-0.399824	0.640811	-2.43746	121.961
43.15	0.181161	0.540988	9.05807	27.0494	-0.399638	0.641053	-2.43623	121.94
43.16	0.18111	0.54124	9.05548	27.062	-0.399452	0.641294	-2.43501	121.918
43.17	0.181058	0.541492	9.05288	27.0746	-0.399266	0.641536	-2.43378	121.896
43.18	0.181006	0.541744	9.0503	27.0872	-0.39908	0.641777	-2.43256	121.875
43.19	0.180954	0.541996	9.04771	27.0998	-0.398893	0.642018	-2.43133	121.853
43.2	0.180902	0.542248	9.04512	27.1124	-0.398707	0.642259	-2.43011	121.832
43.21	0.180851	0.5425	9.04254	27.125	-0.39852	0.6425	-2.42889	121.81
43.22	0.180799	0.542751	9.03996	27.1376	-0.398334	0.642741	-2.42767	121.788
43.23	0.180748	0.543003	9.03738	27.1502	-0.398147	0.642981	-2.42645	121.767
43.24	0.180696	0.543255	9.0348	27.1628	-0.39796	0.643222	-2.42523	121.745
43.25	0.180645	0.543507	9.03223	27.1754	-0.397773	0.643462	-2.42401	121.723
43.26	0.180593	0.543759	9.02966	27.188	-0.397586	0.643702	-2.42279	121.702
43.27	0.180542	0.544011	9.02709	27.2006	-0.397399	0.643942	-2.42158	121.68
43.28	0.18049	0.544263	9.02452	27.2132	-0.397212	0.644182	-2.42036	121.659
43.29	0.180439	0.544515	9.02195	27.2258	-0.397025	0.644422	-2.41915	121.637
43.3	0.180388	0.544767	9.01939	27.2384	-0.396837	0.644662	-2.41793	121.615
43.31	0.180336	0.545019	9.01682	27.251	-0.39665	0.644902	-2.41672	121.594
43.32	0.180285	0.545271	9.01426	27.2636	-0.396462	0.645141	-2.41551	121.572
43.33	0.180234	0.545523	9.0117	27.2762	-0.396274	0.64538	-2.4143	121.551
43.34	0.180183	0.545775	9.00915	27.2888	-0.396086	0.645619	-2.41309	121.529
43.35	0.180132	0.546027	9.00659	27.3014	-0.395898	0.645858	-2.41188	121.507
43.36	0.180081	0.546279	9.00404	27.3139	-0.39571	0.646097	-2.41067	121.486
43.37	0.18003	0.546531	9.00149	27.3265	-0.395522	0.646336	-2.40946	121.464
43.38	0.179979	0.546783	8.99894	27.3391	-0.395334	0.646575	-2.40825	121.443
43.39	0.179928	0.547035	8.99639	27.3517	-0.395145	0.646813	-2.40705	121.421
43.4	0.179877	0.547287	8.99385	27.3643	-0.394957	0.647052	-2.40584	121.4
43.41	0.179826	0.547539	8.99131	27.3769	-0.394768	0.64729	-2.40464	121.378
43.42	0.179775	0.547791	8.98876	27.3895	-0.394579	0.647528	-2.40343	121.357
43.43	0.179725	0.548043	8.98623	27.4021	-0.39439	0.647766	-2.40223	121.335
43.44	0.179674	0.548295	8.98369	27.4147	-0.394201	0.648004	-2.40103	121.313
43.45	0.179623	0.548547	8.98115	27.4273	-0.394012	0.648242	-2.39983	121.292
43.46	0.179572	0.548799	8.97862	27.4399	-0.393823	0.648479	-2.39863	121.27
43.47	0.179522	0.549051	8.97609	27.4525	-0.393634	0.648717	-2.39743	121.249
43.48	0.179471	0.549303	8.97356	27.4651	-0.393445	0.648954	-2.39623	121.227
43.49	0.179421	0.549555	8.97104	27.4777	-0.393255	0.649191	-2.39503	121.206
43.5	0.17937	0.549807	8.96851	27.4903	-0.393066	0.649428	-2.39383	121.184
43.51	0.17932	0.550059	8.96599	27.5029	-0.392876	0.649665	-2.39264	121.163
43.52	0.179269	0.55031	8.96347	27.5155	-0.392686	0.649902	-2.39144	121.141
43.53	0.179219	0.550562	8.96095	27.5281	-0.392496	0.650139	-2.39025	121.12
43.54	0.179169	0.550814	8.95843	27.5407	-0.392306	0.650375	-2.38905	121.098
43.55	0.179118	0.551066	8.95592	27.5533	-0.392116	0.650612	-2.38786	121.077
43.56	0.179068	0.551318	8.95341	27.5659	-0.391926	0.650848	-2.38667	121.055
43.57	0.179018	0.55157	8.9509	27.5785	-0.391736	0.651084	-2.38548	121.034
43.58	0.178968	0.551822	8.94839	27.5911	-0.391545	0.65132	-2.38429	121.012
43.59	0.178918	0.552074	8.94588	27.6037	-0.391355	0.651556	-2.3831	120.991
43.6	0.178868	0.552326	8.94338	27.6163	-0.391164	0.651792	-2.38191	120.97
43.61	0.178817	0.552578	8.94087	27.6289	-0.390973	0.652028	-2.38072	120.948
43.62	0.178767	0.55283	8.93837	27.6415	-0.390783	0.652263	-2.37953	120.927
43.63	0.178717	0.553082	8.93587	27.6541	-0.390592	0.652499	-2.37835	120.905
43.64	0.178668	0.553334	8.93338	27.6667	-0.390401	0.652734	-2.37716	120.884
43.65	0.178618	0.553586	8.93088	27.6793	-0.39021	0.652969	-2.37598	120.862
43.66	0.178568	0.553838	8.92839	27.6919	-0.390018	0.653204	-2.37479	120.841
43.67	0.178518	0.55409	8.9259	27.7045	-0.389827	0.653439	-2.37361	120.819
43.68	0.178468	0.554342	8.92341	27.7171	-0.389636	0.653673	-2.37243	120.798
43.69	0.178418	0.554594	8.92092	27.7297	-0.389444	0.653908	-2.37125	120.777
43.7	0.178369	0.554846	8.91844	27.7423	-0.389252	0.654143	-2.37007	120.755
43.71	0.178319	0.555098	8.91595	27.7549	-0.389061	0.654377	-2.36889	120.734
43.72	0.178269	0.55535	8.91347	27.7675	-0.388869	0.654611	-2.36771	120.712
43.73	0.17822	0.555602	8.911	27.7801	-0.388677	0.654845	-2.36653	120.691
43.74	0.17817	0.555854	8.90852	27.7927	-0.388485	0.655079	-2.36535	120.669
43.75	0.178121	0.556106	8.90604	27.8053	-0.388293	0.655313	-2.36418	120.648
43.76	0.178071	0.556358	8.90357	27.8179	-0.388101	0.655546	-2.363	120.627
43.77	0.178022	0.55661	8.9011	27.8305	-0.387908	0.65578	-2.36183	120.605
43.78	0.177973	0.556862	8.89863	27.8431	-0.387716	0.656013	-2.36065	120.584
43.79	0.177923	0.557114	8.89616	27.8557	-0.387523	0.656247	-2.35948	120.562
43.8	0.177874	0.557366	8.8937	27.8683	-0.387331	0.65648	-2.35831	120.541
43.81	0.177825	0.557618	8.89124	27.8809	-0.387138	0.656713	-2.35714	120.52
43.82	0.177775	0.55787	8.88877	27.8935	-0.386945	0.656946	-2.35597	120.498
43.83	0.177726	0.558122	8.88632	27.9061	-0.386752	0.657178	-2.3548	120.477
43.84	0.177677	0.558373	8.88386	27.9187	-0.386559	0.657411	-2.35363	120.456
43.85	0.177628	0.558625	8.8814	27.9313	-0.386366	0.657643	-2.35246	120.434
43.86	0.177579	0.558877	8.87895	27.9439	-0.386173	0.657876	-2.35129	120.413
43.87	0.17753	0.559129	8.8765	27.9565	-0.38598	0.658108	-2.35013	120.392
43.88	0.177481	0.559381	8.87405	27.9691	-0.385786	0.65834	-2.34896	120.37
43.89	0.177432	0.559633	8.8716	27.9817	-0.385593	0.658572	-2.3478	120.349
43.9	0.177383	0.559885	8.86916	27.9943	-0.385399	0.658804	-2.34663	120.328
43.91	0.177334	0.560137	8.86671	28.0069	-0.385205	0.659036	-2.34547	120.306
43.92	0.177285	0.560389	8.86427	28.0195	-0.385011	0.659267	-2.34431	120.285
43.93	0.177237	0.560641	8.86183	28.0321	-0.384818	0.659498	-2.34314	120.264
43.94	0.177188	0.560893	8.85939	28.0447	-0.384624	0.65973	-2.34198	120.242
43.95	0.177139	0.561145	8.85696	28.0573	-0.384429	0.659961	-2.34082	120.221
43.96	0.177091	0.561397	8.85453	28.0699	-0.384235	0.660192	-2.33967	120.2
43.97	0.177042	0.561649	8.85209	28.0825	-0.384041	0.660423	-2.33851	120.178
43.98	0.176993	0.561901	8.84966	28.095	-0.383847	0.660654	-2.33735	120.157
43.99	0.176945	0.562153	8.84724	28.1076	-0.383652	0.660884	-2.33619	120.136
44	0.176896	0.562405	8.84481	28.1202	-0.383457	0.661115	-2.33504	120.114
44.01	0.176848	0.562657	8.84239	28.1328	-0.383263	0.661345	-2.33388	120.093
44.02	0.176799	0.562909	8.83997	28.1454	-0.383068	0.661575	-2.33273	120.072
44.03	0.176751	0.563161	8.83755	28.158	-0.382873	0.661805	-2.33158	120.051
44.04	0.176703	0.563413	8.83513	28.1706	-0.382678	0.662035	-2.33042	120.029
44.05	0.176654	0.563665	8.83271	28.1832	-0.382483	0.662265	-2.32927	120.008
44.06	0.176606	0.563917	8.8303	28.1958	-0.382288	0.662495	-2.32812	119.987
44.07	0.176558	0.564169	8.82789	28.2084	-0.382093	0.662724	-2.32697	119.966
44.08	0.17651	0.564421	8.82548	28.221	-0.381897	0.662954	-2.32582	119.944
44.09	0.176461	0.564673	8.82307	28.2336	-0.381702	0.663183	-2.32467	119.923
44.1	0.176413	0.564925	8.82066	28.2462	-0.381506	0.663412	-2.32352	119.902
44.11	0.176365	0.565176	8.81826	28.2588	-0.381311	0.663641	-2.32238	119.881
44.12	0.176317	0.565428	8.81586	28.2714	-0.381115	0.66387	-2.32123	119.859
44.13	0.176269	0.56568	8.81345	28.284	-0.380919	0.664099	-2.32009	119.838
44.14	0.176221	0.565932	8.81106	28.2966	-0.380723	0.664327	-2.31894	119.817
44.15	0.176173	0.566184	8.80866	28.3092	-0.380527	0.664556	-2.3178	119.796
44.16	0.176125	0.566436	8.80627	28.3218	-0.380331	0.664784	-2.31666	119.774
44.17	0.176077	0.566688	8.80387	28.3344	-0.380135	0.665012	-2.31551	119.753
44.18	0.17603	0.56694	8.80148	28.347	-0.379938	0.66524	-2.31437	119.732
44.19	0.175982	0.567192	8.79909	28.3596	-0.379742	0.665468	-2.31323	119.711
44.2	0.175934	0.567444	8.79671	28.3722	-0.379546	0.665696	-2.31209	119.69
44.21	0.175886	0.567696	8.79432	28.3848	-0.379349	0.665924	-2.31095	119.668
44.22	0.175839	0.567948	8.79194	28.3974	-0.379152	0.666151	-2.30982	119.647
44.23	0.175791	0.5682	8.78956	28.41	-0.378955	0.666379	-2.30868	119.626
44.24	0.175744	0.568452	8.78718	28.4226	-0.378759	0.666606	-2.30754	119.605
44.25	0.175696	0.568704	8.7848	28.4352	-0.378562	0.666833	-2.30641	119.584
44.26	0.175649	0.568956	8.78243	28.4478	-0.378365	0.66706	-2.30527	119.562
44.27	0.175601	0.569208	8.78005	28.4604	-0.378167	0.667287	-2.30414	119.541
44.28	0.175554	0.56946	8.77768	28.473	-0.37797	0.667514	-2.30301	119.52
44.29	0.175506	0.569712	8.77531	28.4856	-0.377773	0.66774	-2.30187	119.499
44.3	0.175459	0.569964	8.77295	28.4982	-0.377575	0.667967	-2.30074	119.478
44.31	0.175412	0.570215	8.77058	28.5108	-0.377378	0.668193	-2.29961	119.457
44.32	0.175364	0.570467	8.76822	28.5234	-0.37718	0.668419	-2.29848	119.435
44.33	0.175317	0.570719	8.76586	28.536	-0.376982	0.668646	-2.29735	119.414
44.34	0.17527	0.570971	8.7635	28.5486	-0.376785	0.668871	-2.29623	119.393
44.35	0.175223	0.571223	8.76114	28.5612	-0.376587	0.669097	-2.2951	119.372
44.36	0.175176	0.571475	8.75878	28.5738	-0.376389	0.669323	-2.29397	119.351
44.37	0.175129	0.571727	8.75643	28.5864	-0.376191	0.669548	-2.29285	119.33
44.38	0.175082	0.571979	8.75408	28.599	-0.375992	0.669774	-2.29172	119.309
44.39	0.175035	0.572231	8.75173	28.6115	-0.375794	0.669999	-2.2906	119.288
44.4	0.174988	0.572483	8.74938	28.6241	-0.375596	0.670224	-2.28947	119.266
44.41	0.174941	0.572735	8.74703	28.6367	-0.375397	0.670449	-2.28835	119.245
44.42	0.174894	0.572987	8.74469	28.6493	-0.375199	0.670674	-2.28723	119.224
44.43	0.174847	0.573239	8.74235	28.6619	-0.375	0.670899	-2.28611	119.203
44.44	0.1748	0.573491	8.74001	28.6745	-0.374802	0.671123	-2.28499	119.182
44.45	0.174753	0.573743	8.73767	28.6871	-0.374603	0.671348	-2.28387	119.161
44.46	0.174707	0.573995	8.73533	28.6997	-0.374404	0.671572	-2.28275	119.14
44.47	0.17466	0.574246	8.733	28.7123	-0.374205	0.671796	-2.28163	119.119
44.48	0.174613	0.574498	8.73067	28.7249	-0.374006	0.67202	-2.28051	119.098
44.49	0.174567	0.57475	8.72833	28.7375	-0.373807	0.672244	-2.2794	119.077
44.5	0.17452	0.575002	8.72601	28.7501	-0.373607	0.672468	-2.27828	119.056
44.51	0.174474	0.575254	8.72368	28.7627	-0.373408	0.672692	-2.27717	119.034
44.52	0.174427	0.575506	8.72135	28.7753	-0.373208	0.672915	-2.27605	119.013
44.53	0.174381	0.575758	8.71903	28.7879	-0.373009	0.673139	-2.27494	118.992
44.54	0.174334	0.57601	8.71671	28.8005	-0.372809	0.673362	-2.27383	118.971
44.55	0.174288	0.576262	8.71439	28.8131	-0.37261	0.673585	-2.27272	118.95
44.56	0.174241	0.576514	8.71207	28.8257	-0.37241	0.673808	-2.27161	118.929
44.57	0.174195	0.576766	8.70976	28.8383	-0.37221	0.674031	-2.2705	118.908
44.58	0.174149	0.577018	8.70745	28.8509	-0.37201	0.674253	-2.26939	118.887
44.59	0.174103	0.57727	8.70513	28.8635	-0.37181	0.674476	-2.26828	118.866
44.6	0.174056	0.577521	8.70282	28.8761	-0.37161	0.674698	-2.26717	118.845
44.61	0.17401	0.577773	8.70052	28.8887	-0.371409	0.674921	-2.26606	118.824
44.62	0.173964	0.578025	8.69821	28.9013	-0.371209	0.675143	-2.26496	118.803
44.63	0.173918	0.578277	8.69591	28.9139	-0.371009	0.675365	-2.26385	118.782
44.64	0.173872	0.578529	8.6936	28.9265	-0.370808	0.675587	-2.26275	118.761
44.65	0.173826	0.578781	8.6913	28.9391	-0.370607	0.675809	-2.26165	118.74
44.66	0.17378	0.579033	8.68901	28.9516	-0.370407	0.67603	-2.26054	118.719
44.67	0.173734	0.579285	8.68671	28.9642	-0.370206	0.676252	-2.25944	118.698
44.68	0.173688	0.579537	8.68442	28.9768	-0.370005	0.676473	-2.25834	118.677
44.69	0.173642	0.579789	8.68212	28.9894	-0.369804	0.676694	-2.25724	118.656
44.7	0.173597	0.580041	8.67983	29.002	-0.369603	0.676915	-2.25614	118.635
44.71	0.173551	0.580293	8.67754	29.0146	-0.369402	0.677136	-2.25504	118.614
44.72	0.173505	0.580544	8.67526	29.0272	-0.369201	0.677357	-2.25394	118.593
44.73	0.173459	0.580796	8.67297	29.0398	-0.368999	0.677578	-2.25284	118.572
44.74	0.173414	0.581048	8.67069	29.0524	-0.368798	0.677798	-2.25175	118.551
44.75	0.173368	0.5813	8.66841	29.065	-0.368597	0.678019	-2.25065	118.53
44.76	0.173323	0.581552	8.66613	29.0776	-0.368395	0.678239	-2.24956	118.509
44.77	0.173277	0.581804	8.66385	29.0902	-0.368193	0.678459	-2.24846	118.488
44.78	0.173232	0.582056	8.66158	29.1028	-0.367992	0.678679	-2.24737	118.467
44.79	0.173186	0.582308	8.6593	29.1154	-0.36779	0.678899	-2.24628	118.446
44.8	0.173141	0.58256	8.65703	29.128	-0.367588	0.679119	-2.24519	118.425
44.81	0.173095	0.582812	8.65476	29.1406	-0.367386	0.679338	-2.24409	118.405
44.82	0.17305	0.583063	8.65249	29.1532	-0.367184	0.679558	-2.243	118.384
44.83	0.173005	0.583315	8.65023	29.1658	-0.366982	0.679777	-2.24191	118.363
44.84	0.172959	0.583567	8.64796	29.1784	-0.366779	0.679996	-2.24083	118.342
44.85	0.172914	0.583819	8.6457	29.191	-0.366577	0.680215	-2.23974	118.321
44.86	0.172869	0.584071	8.64344	29.2035	-0.366375	0.680434	-2.23865	118.3
44.87	0.172824	0.584323	8.64118	29.2161	-0.366172	0.680653	-2.23756	118.279
44.88	0.172779	0.584575	8.63893	29.2287	-0.36597	0.680871	-2.23648	118.258
44.89	0.172733	0.584827	8.63667	29.2413	-0.365767	0.68109	-2.23539	118.237
44.9	0.172688	0.585079	8.63442	29.2539	-0.365564	0.681308	-2.23431	118.216
44.91	0.172643	0.58533	8.63217	29.2665	-0.365361	0.681526	-2.23323	118.195
44.92	0.172598	0.585582	8.62992	29.2791	-0.365158	0.681745	-2.23214	118.175
44.93	0.172553	0.585834	8.62767	29.2917	-0.364955	0.681962	-2.23106	118.154
44.94	0.172509	0.586086	8.62543	29.3043	-0.364752	0.68218	-2.22998	118.133
44.95	0.172464	0.586338	8.62319	29.3169	-0.364549	0.682398	-2.2289	118.112
44.96	0.172419	0.58659	8.62094	29.3295	-0.364346	0.682616	-2.22782	118.091
44.97	0.172374	0.586842	8.61871	29.3421	-0.364142	0.682833	-2.22674	118.07
44.98	0.172329	0.587094	8.61647	29.3547	-0.363939	0.68305	-2.22567	118.049
44.99	0.172285	0.587345	8.61423	29.3673	-0.363735	0.683267	-2.22459	118.028
45	0.17224	0.587597	8.612	29.3799	-0.363532	0.683484	-2.22351	118.008
45.01	0.172195	0.587849	8.60977	29.3925	-0.363328	0.683701	-2.22244	117.987
45.02	0.172151	0.588101	8.60754	29.4051	-0.363124	0.683918	-2.22136	117.966
45.03	0.172106	0.588353	8.60531	29.4176	-0.36292	0.684134	-2.22029	117.945
45.04	0.172062	0.588605	8.60308	29.4302	-0.362717	0.684351	-2.21922	117.924
45.05	0.172017	0.588857	8.60086	29.4428	-0.362513	0.684567	-2.21814	117.903
45.06	0.171973	0.589109	8.59864	29.4554	-0.362308	0.684783	-2.21707	117.883
45.07	0.171928	0.58936	8.59641	29.468	-0.362104	0.684999	-2.216	117.862
45.08	0.171884	0.589612	8.5942	29.4806	-0.3619	0.685215	-2.21493	117.841
45.09	0.17184	0.589864	8.59198	29.4932	-0.361696	0.685431	-2.21386	117.82
45.1	0.171795	0.590116	8.58976	29.5058	-0.361491	0.685647	-2.21279	117.799
45.11	0.171751	0.590368	8.58755	29.5184	-0.361287	0.685862	-2.21172	117.779
45.12	0.171707	0.59062	8.58534	29.531	-0.361082	0.686078	-2.21066	117.758
45.13	0.171663	0.590872	8.58313	29.5436	-0.360877	0.686293	-2.20959	117.737
45.14	0.171618	0.591123	8.58092	29.5562	-0.360673	0.686508	-2.20853	117.716
45.15	0.171574	0.591375	8.57872	29.5688	-0.360468	0.686723	-2.20746	117.695
45.16	0.17153	0.591627	8.57651	29.5814	-0.360263	0.686938	-2.2064	117.675
45.17	0.171486	0.591879	8.57431	29.5939	-0.360058	0.687152	-2.20533	117.654
45.18	0.171442	0.592131	8.57211	29.6065	-0.359853	0.687367	-2.20427	117.633
45.19	0.171398	0.592383	8.56991	29.6191	-0.359648	0.687581	-2.20321	117.612
45.2	0.171354	0.592634	8.56772	29.6317	-0.359442	0.687796	-2.20215	117.592
45.21	0.17131	0.592886	8.56552	29.6443	-0.359237	0.68801	-2.20109	117.571
45.22	0.171267	0.593138	8.56333	29.6569	-0.359032	0.688224	-2.20003	117.55
45.23	0.171223	0.59339	8.56114	29.6695	-0.358826	0.688438	-2.19897	117.529
45.24	0.171179	0.593642	8.55895	29.6821	-0.35862	0.688651	-2.19791	117.509
45.25	0.171135	0.593894	8.55676	29.6947	-0.358415	0.688865	-2.19686	117.488
45.26	0.171092	0.594145	8.55458	29.7073	-0.358209	0.689078	-2.1958	117.467
45.27	0.171048	0.594397	8.55239	29.7199	-0.358003	0.689292	-2.19474	117.446
45.28	0.171004	0.594649	8.55021	29.7325	-0.357797	0.689505	-2.19369	117.426
45.29	0.170961	0.594901	8.54803	29.745	-0.357591	0.689718	-2.19263	117.405
45.3	0.170917	0.595153	8.54586	29.7576	-0.357385	0.689931	-2.19158	117.384
45.31	0.170874	0.595405	8.54368	29.7702	-0.357179	0.690143	-2.19053	117.364
45.32	0.17083	0.595656	8.54151	29.7828	-0.356973	0.690356	-2.18948	117.343
45.33	0.170787	0.595908	8.53933	29.7954	-0.356767	0.690569	-2.18843	117.322
45.34	0.170743	0.59616	8.53716	29.808	-0.35656	0.690781	-2.18738	117.301
45.35	0.1707	0.596412	8.535	29.8206	-0.356354	0.690993	-2.18633	117.281
45.36	0.170657	0.596664	8.53283	29.8332	-0.356147	0.691205	-2.18528	117.26
45.37	0.170613	0.596916	8.53066	29.8458	-0.355941	0.691417	-2.18423	117.239
45.38	0.17057	0.597167	8.5285	29.8584	-0.355734	0.691629	-2.18318	117.219
45.39	0.170527	0.597419	8.52634	29.871	-0.355527	0.691841	-2.18214	117.198
45.4	0.170484	0.597671	8.52418	29.8835	-0.355321	0.692052	-2.18109	117.177
45.41	0.17044	0.597923	8.52202	29.8961	-0.355114	0.692264	-2.18005	117.157
45.42	0.170397	0.598175	8.51987	29.9087	-0.354907	0.692475	-2.179	117.136
45.43	0.170354	0.598426	8.51772	29.9213	-0.3547	0.692686	-2.17796	117.115
45.44	0.170311	0.598678	8.51556	29.9339	-0.354492	0.692897	-2.17692	117.095
45.45	0.170268	0.59893	8.51341	29.9465	-0.354285	0.693108	-2.17587	117.074
45.46	0.170225	0.599182	8.51127	29.9591	-0.354078	0.693318	-2.17483	117.053
45.47	0.170182	0.599434	8.50912	29.9717	-0.35387	0.693529	-2.17379	117.033
45.48	0.170139	0.599685	8.50697	29.9843	-0.353663	0.693739	-2.17275	117.012
45.49	0.170097	0.599937	8.50483	29.9969	-0.353455	0.69395	-2.17171	116.992
45.5	0.170054	0.600189	8.50269	30.0095	-0.353248	0.69416	-2.17067	116.971
45.51	0.170011	0.600441	8.50055	30.022	-0.35304	0.69437	-2.16964	116.95
45.52	0.169968	0.600693	8.49842	30.0346	-0.352832	0.69458	-2.1686	116.93
45.53	0.169926	0.600944	8.49628	30.0472	-0.352625	0.69479	-2.16756	116.909
45.54	0.169883	0.601196	8.49415	30.0598	-0.352417	0.694999	-2.16653	116.888
45.55	0.16984	0.601448	8.49202	30.0724	-0.352209	0.695209	-2.1655	116.868
45.56	0.169798	0.6017	8.48989	30.085	-0.352001	0.695418	-2.16446	116.847
45.57	0.169755	0.601952	8.48776	30.0976	-0.351792	0.695627	-2.16343	116.827
45.58	0.169713	0.602203	8.48563	30.1102	-0.351584	0.695836	-2.1624	116.806
45.59	0.16967	0.602455	8.48351	30.1228	-0.351376	0.696045	-2.16137	116.785
45.6	0.169628	0.602707	8.48139	30.1353	-0.351168	0.696254	-2.16033	116.765
45.61	0.169585	0.602959	8.47927	30.1479	-0.350959	0.696463	-2.1593	116.744
45.62	0.169543	0.60321	8.47715	30.1605	-0.350751	0.696671	-2.15828	116.724
45.63	0.169501	0.603462	8.47503	30.1731	-0.350542	0.696879	-2.15725	116.703
45.64	0.169458	0.603714	8.47292	30.1857	-0.350333	0.697088	-2.15622	116.683
45.65	0.169416	0.603966	8.4708	30.1983	-0.350125	0.697296	-2.15519	116.662
45.66	0.169374	0.604217	8.46869	30.2109	-0.349916	0.697504	-2.15417	116.641
45.67	0.169332	0.604469	8.46658	30.2235	-0.349707	0.697712	-2.15314	116.621
45.68	0.169289	0.604721	8.46447	30.236	-0.349498	0.697919	-2.15212	116.6
45.69	0.169247	0.604973	8.46237	30.2486	-0.349289	0.698127	-2.15109	116.58
45.7	0.169205	0.605224	8.46026	30.2612	-0.34908	0.698334	-2.15007	116.559
45.71	0.169163	0.605476	8.45816	30.2738	-0.34887	0.698541	-2.14905	116.539
45.72	0.169121	0.605728	8.45606	30.2864	-0.348661	0.698749	-2.14802	116.518
45.73	0.169079	0.60598	8.45396	30.299	-0.348452	0.698956	-2.147	116.498
45.74	0.169037	0.606231	8.45187	30.3116	-0.348242	0.699162	-2.14598	116.477
45.75	0.168995	0.606483	8.44977	30.3242	-0.348033	0.699369	-2.14496	116.457
45.76	0.168954	0.606735	8.44768	30.3367	-0.347823	0.699576	-2.14395	116.436
45.77	0.168912	0.606987	8.44559	30.3493	-0.347614	0.699782	-2.14293	116.416
45.78	0.16887	0.607238	8.4435	30.3619	-0.347404	0.699988	-2.14191	116.395
45.79	0.168828	0.60749	8.44141	30.3745	-0.347194	0.700195	-2.14089	116.375
45.8	0.168787	0.607742	8.43933	30.3871	-0.346984	0.700401	-2.13988	116.354
45.81	0.168745	0.607994	8.43724	30.3997	-0.346774	0.700607	-2.13886	116.334
45.82	0.168703	0.608245	8.43516	30.4123	-0.346564	0.700812	-2.13785	116.313
45.83	0.168662	0.608497	8.43308	30.4249	-0.346354	0.701018	-2.13683	116.293
45.84	0.16862	0.608749	8.431	30.4374	-0.346144	0.701223	-2.13582	116.272
45.85	0.168578	0.609001	8.42892	30.45	-0.345934	0.701429	-2.13481	116.252
45.86	0.168537	0.609252	8.42685	30.4626	-0.345724	0.701634	-2.1338	116.231
45.87	0.168496	0.609504	8.42478	30.4752	-0.345513	0.701839	-2.13279	116.211
45.88	0.168454	0.609756	8.42271	30.4878	-0.345303	0.702044	-2.13178	116.19
45.89	0.168413	0.610007	8.42064	30.5004	-0.345092	0.702249	-2.13077	116.17
45.9	0.168371	0.610259	8.41857	30.513	-0.344882	0.702453	-2.12976	116.15
45.91	0.16833	0.610511	8.4165	30.5255	-0.344671	0.702658	-2.12875	116.129
45.92	0.168289	0.610763	8.41444	30.5381	-0.34446	0.702862	-2.12775	116.109
45.93	0.168248	0.611014	8.41238	30.5507	-0.34425	0.703067	-2.12674	116.088
45.94	0.168206	0.611266	8.41032	30.5633	-0.344039	0.703271	-2.12573	116.068
45.95	0.168165	0.611518	8.40826	30.5759	-0.343828	0.703475	-2.12473	116.047
45.96	0.168124	0.611769	8.4062	30.5885	-0.343617	0.703678	-2.12372	116.027
45.97	0.168083	0.612021	8.40415	30.6011	-0.343406	0.703882	-2.12272	116.007
45.98	0.168042	0.612273	8.40209	30.6136	-0.343195	0.704086	-2.12172	115.986
45.99	0.168001	0.612525	8.40004	30.6262	-0.342983	0.704289	-2.12072	115.966
46	0.16796	0.612776	8.39799	30.6388	-0.342772	0.704492	-2.11972	115.945
46.01	0.167919	0.613028	8.39595	30.6514	-0.342561	0.704695	-2.11872	115.925
46.02	0.167878	0.61328	8.3939	30.664	-0.342349	0.704898	-2.11772	115.905
46.03	0.167837	0.613531	8.39186	30.6766	-0.342138	0.705101	-2.11672	115.884
46.04	0.167796	0.613783	8.38981	30.6892	-0.341926	0.705304	-2.11572	115.864
46.05	0.167755	0.614035	8.38777	30.7017	-0.341715	0.705507	-2.11472	115.843
46.06	0.167715	0.614286	8.38573	30.7143	-0.341503	0.705709	-2.11372	115.823
46.07	0.167674	0.614538	8.3837	30.7269	-0.341291	0.705911	-2.11273	115.803
46.08	0.167633	0.61479	8.38166	30.7395	-0.341079	0.706114	-2.11173	115.782
46.09	0.167593	0.615041	8.37963	30.7521	-0.340867	0.706316	-2.11074	115.762
46.1	0.167552	0.615293	8.3776	30.7647	-0.340655	0.706517	-2.10975	115.742
46.11	0.167511	0.615545	8.37557	30.7772	-0.340443	0.706719	-2.10875	115.721
46.12	0.167471	0.615796	8.37354	30.7898	-0.340231	0.706921	-2.10776	115.701
46.13	0.16743	0.616048	8.37152	30.8024	-0.340019	0.707122	-2.10677	115.681
46.14	0.16739	0.6163	8.36949	30.815	-0.339807	0.707324	-2.10578	115.66
46.15	0.167349	0.616551	8.36747	30.8276	-0.339594	0.707525	-2.10479	115.64
46.16	0.167309	0.616803	8.36545	30.8402	-0.339382	0.707726	-2.1038	115.62
46.17	0.167269	0.617055	8.36343	30.8527	-0.339169	0.707927	-2.10281	115.599
46.18	0.167228	0.617306	8.36141	30.8653	-0.338957	0.708128	-2.10182	115.579
46.19	0.167188	0.617558	8.3594	30.8779	-0.338744	0.708328	-2.10083	115.559
46.2	0.167148	0.61781	8.35738	30.8905	-0.338532	0.708529	-2.09985	115.538
46.21	0.167107	0.618061	8.35537	30.9031	-0.338319	0.708729	-2.09886	115.518
46.22	0.167067	0.618313	8.35336	30.9156	-0.338106	0.708929	-2.09788	115.498
46.23	0.167027	0.618565	8.35135	30.9282	-0.337893	0.70913	-2.09689	115.477
46.24	0.166987	0.618816	8.34935	30.9408	-0.33768	0.709329	-2.09591	115.457
46.25	0.166947	0.619068	8.34734	30.9534	-0.337467	0.709529	-2.09492	115.437
46.26	0.166907	0.61932	8.34534	30.966	-0.337254	0.709729	-2.09394	115.416
46.27	0.166867	0.619571	8.34334	30.9786	-0.337041	0.709929	-2.09296	115.396
46.28	0.166827	0.619823	8.34134	30.9911	-0.336828	0.710128	-2.09198	115.376
46.29	0.166787	0.620074	8.33934	31.0037	-0.336615	0.710327	-2.091	115.356
46.3	0.166747	0.620326	8.33735	31.0163	-0.336401	0.710526	-2.09002	115.335
46.31	0.166707	0.620578	8.33535	31.0289	-0.336188	0.710725	-2.08904	115.315
46.32	0.166667	0.620829	8.33336	31.0415	-0.335974	0.710924	-2.08806	115.295
46.33	0.166627	0.621081	8.33137	31.054	-0.335761	0.711123	-2.08709	115.275
46.34	0.166588	0.621333	8.32938	31.0666	-0.335547	0.711321	-2.08611	115.254
46.35	0.166548	0.621584	8.3274	31.0792	-0.335333	0.71152	-2.08513	115.234
46.36	0.166508	0.621836	8.32541	31.0918	-0.33512	0.711718	-2.08416	115.214
46.37	0.166469	0.622087	8.32343	31.1044	-0.334906	0.711916	-2.08319	115.194
46.38	0.166429	0.622339	8.32145	31.1169	-0.334692	0.712114	-2.08221	115.173
46.39	0.166389	0.622591	8.31947	31.1295	-0.334478	0.712312	-2.08124	115.153
46.4	0.16635	0.622842	8.31749	31.1421	-0.334264	0.71251	-2.08027	115.133
46.41	0.16631	0.623094	8.31552	31.1547	-0.33405	0.712708	-2.0793	115.113
46.42	0.166271	0.623345	8.31354	31.1673	-0.333836	0.712905	-2.07832	115.093
46.43	0.166231	0.623597	8.31157	31.1798	-0.333622	0.713102	-2.07735	115.072
46.44	0.166192	0.623849	8.3096	31.1924	-0.333407	0.7133	-2.07639	115.052
46.45	0.166153	0.6241	8.30763	31.205	-0.333193	0.713497	-2.07542	115.032
46.46	0.166113	0.624352	8.30566	31.2176	-0.332979	0.713694	-2.07445	115.012
46.47	0.166074	0.624603	8.3037	31.2302	-0.332764	0.71389	-2.07348	114.992
46.48	0.166035	0.624855	8.30173	31.2427	-0.33255	0.714087	-2.07251	114.971
46.49	0.165995	0.625106	8.29977	31.2553	-0.332335	0.714284	-2.07155	114.951
46.5	0.165956	0.625358	8.29781	31.2679	-0.332121	0.71448	-2.07058	114.931
46.51	0.165917	0.62561	8.29585	31.2805	-0.331906	0.714676	-2.06962	114.911
46.52	0.165878	0.625861	8.2939	31.2931	-0.331691	0.714872	-2.06866	114.891
46.53	0.165839	0.626113	8.29194	31.3056	-0.331476	0.715068	-2.06769	114.87
46.54	0.1658	0.626364	8.28999	31.3182	-0.331261	0.715264	-2.06673	114.85
46.55	0.165761	0.626616	8.28804	31.3308	-0.331046	0.71546	-2.06577	114.83
46.56	0.165722	0.626867	8.28609	31.3434	-0.330831	0.715655	-2.06481	114.81
46.57	0.165683	0.627119	8.28414	31.356	-0.330616	0.715851	-2.06385	114.79
46.58	0.165644	0.627371	8.2822	31.3685	-0.330401	0.716046	-2.06289	114.77
46.59	0.165605	0.627622	8.28025	31.3811	-0.330186	0.716241	-2.06193	114.75
46.6	0.165566	0.627874	8.27831	31.3937	-0.329971	0.716436	-2.06097	114.729
46.61	0.165527	0.628125	8.27637	31.4063	-0.329755	0.716631	-2.06001	114.709
46.62	0.165489	0.628377	8.27443	31.4188	-0.32954	0.716825	-2.05906	114.689
46.63	0.16545	0.628628	8.27249	31.4314	-0.329324	0.71702	-2.0581	114.669
46.64	0.165411	0.62888	8.27056	31.444	-0.329109	0.717214	-2.05715	114.649
46.65	0.165373	0.629131	8.26863	31.4566	-0.328893	0.717409	-2.05619	114.629
46.66	0.165334	0.629383	8.26669	31.4691	-0.328678	0.717603	-2.05524	114.609
46.67	0.165295	0.629634	8.26476	31.4817	-0.328462	0.717797	-2.05429	114.589
46.68	0.165257	0.629886	8.26284	31.4943	-0.328246	0.717991	-2.05333	114.569
46.69	0.165218	0.630138	8.26091	31.5069	-0.32803	0.718185	-2.05238	114.549
46.7	0.16518	0.630389	8.25898	31.5195	-0.327814	0.718378	-2.05143	114.528
46.71	0.165141	0.630641	8.25706	31.532	-0.327598	0.718572	-2.05048	114.508
46.72	0.165103	0.630892	8.25514	31.5446	-0.327382	0.718765	-2.04953	114.488
46.73	0.165064	0.631144	8.25322	31.5572	-0.327166	0.718958	-2.04858	114.468
46.74	0.165026	0.631395	8.2513	31.5698	-0.32695	0.719151	-2.04763	114.448
46.75	0.164988	0.631647	8.24939	31.5823	-0.326734	0.719344	-2.04669	114.428
46.76	0.164949	0.631898	8.24747	31.5949	-0.326518	0.719537	-2.04574	114.408
46.77	0.164911	0.63215	8.24556	31.6075	-0.326301	0.719729	-2.04479	114.388
46.78	0.164873	0.632401	8.24365	31.6201	-0.326085	0.719922	-2.04385	114.368
46.79	0.164835	0.632653	8.24174	31.6326	-0.325868	0.720114	-2.0429	114.348
46.8	0.164797	0.632904	8.23983	31.6452	-0.325652	0.720306	-2.04196	114.328
46.81	0.164759	0.633156	8.23793	31.6578	-0.325435	0.720499	-2.04102	114.308
46.82	0.164721	0.633407	8.23603	31.6704	-0.325219	0.720691	-2.04007	114.288
46.83	0.164682	0.633659	8.23412	31.6829	-0.325002	0.720882	-2.03913	114.268
46.84	0.164644	0.63391	8.23222	31.6955	-0.324785	0.721074	-2.03819	114.248
46.85	0.164607	0.634162	8.23033	31.7081	-0.324569	0.721265	-2.03725	114.228
46.86	0.164569	0.634413	8.22843	31.7207	-0.324352	0.721457	-2.03631	114.208
46.87	0.164531	0.634665	8.22653	31.7332	-0.324135	0.721648	-2.03537	114.188
46.88	0.164493	0.634916	8.22464	31.7458	-0.323918	0.721839	-2.03443	114.168
46.89	0.164455	0.635167	8.22275	31.7584	-0.323701	0.72203	-2.0335	114.148
46.9	0.164417	0.635419	8.22086	31.7709	-0.323484	0.722221	-2.03256	114.128
46.91	0.164379	0.63567	8.21897	31.7835	-0.323266	0.722412	-2.03162	114.108
46.92	0.164342	0.635922	8.21709	31.7961	-0.323049	0.722602	-2.03069	114.088
46.93	0.164304	0.636173	8.2152	31.8087	-0.322832	0.722793	-2.02975	114.068
46.94	0.164266	0.636425	8.21332	31.8212	-0.322615	0.722983	-2.02882	114.048
46.95	0.164229	0.636676	8.21144	31.8338	-0.322397	0.723173	-2.02788	114.028
46.96	0.164191	0.636928	8.20956	31.8464	-0.32218	0.723363	-2.02695	114.008
46.97	0.164154	0.637179	8.20768	31.859	-0.321962	0.723553	-2.02602	113.988
46.98	0.164116	0.637431	8.20581	31.8715	-0.321745	0.723743	-2.02509	113.968
46.99	0.164079	0.637682	8.20393	31.8841	-0.321527	0.723932	-2.02416	113.948
47	0.164041	0.637934	8.20206	31.8967	-0.321309	0.724122	-2.02323	113.928
47.01	0.164004	0.638185	8.20019	31.9092	-0.321092	0.724311	-2.0223	113.908
47.02	0.163966	0.638436	8.19832	31.9218	-0.320874	0.7245	-2.02137	113.888
47.03	0.163929	0.638688	8.19645	31.9344	-0.320656	0.724689	-2.02044	113.868
47.04	0.163892	0.638939	8.19459	31.947	-0.320438	0.724878	-2.01951	113.848
47.05	0.163854	0.639191	8.19272	31.9595	-0.32022	0.725067	-2.01859	113.828
47.06	0.163817	0.639442	8.19086	31.9721	-0.320002	0.725255	-2.01766	113.808
47.07	0.16378	0.639694	8.189	31.9847	-0.319784	0.725444	-2.01674	113.788
47.08	0.163743	0.639945	8.18714	31.9972	-0.319566	0.725632	-2.01581	113.769
47.09	0.163706	0.640196	8.18529	32.0098	-0.319348	0.72582	-2.01489	113.749
47.1	0.163669	0.640448	8.18343	32.0224	-0.319129	0.726009	-2.01396	113.729
47.11	0.163632	0.640699	8.18158	32.035	-0.318911	0.726196	-2.01304	113.709
47.12	0.163595	0.640951	8.17973	32.0475	-0.318693	0.726384	-2.01212	113.689
47.13	0.163558	0.641202	8.17788	32.0601	-0.318474	0.726572	-2.0112	113.669
47.14	0.163521	0.641453	8.17603	32.0727	-0.318256	0.726759	-2.01028	113.649
47.15	0.163484	0.641705	8.17418	32.0852	-0.318037	0.726947	-2.00936	113.629
47.16	0.163447	0.641956	8.17234	32.0978	-0.317819	0.727134	-2.00844	113.609
47.17	0.16341	0.642208	8.1705	32.1104	-0.3176	0.727321	-2.00752	113.589
47.18	0.163373	0.642459	8.16866	32.1229	-0.317381	0.727508	-2.0066	113.57
47.19	0.163336	0.64271	8.16682	32.1355	-0.317162	0.727695	-2.00569	113.55
47.2	0.1633	0.642962	8.16498	32.1481	-0.316944	0.727882	-2.00477	113.53
47.21	0.163263	0.643213	8.16314	32.1607	-0.316725	0.728068	-2.00385	113.51
47.22	0.163226	0.643464	8.16131	32.1732	-0.316506	0.728255	-2.00294	113.49
47.23	0.16319	0.643716	8.15948	32.1858	-0.316287	0.728441	-2.00202	113.47
47.24	0.163153	0.643967	8.15765	32.1984	-0.316068	0.728627	-2.00111	113.451
47.25	0.163116	0.644219	8.15582	32.2109	-0.315849	0.728813	-2.0002	113.431
47.26	0.16308	0.64447	8.15399	32.2235	-0.31563	0.728999	-1.99929	113.411
47.27	0.163043	0.644721	8.15216	32.2361	-0.31541	0.729184	-1.99837	113.391
47.28	0.163007	0.644973	8.15034	32.2486	-0.315191	0.72937	-1.99746	113.371
47.29	0.16297	0.645224	8.14852	32.2612	-0.314972	0.729555	-1.99655	113.351
47.3	0.162934	0.645475	8.1467	32.2738	-0.314752	0.729741	-1.99564	113.332
47.31	0.162898	0.645727	8.14488	32.2863	-0.314533	0.729926	-1.99473	113.312
47.32	0.162861	0.645978	8.14306	32.2989	-0.314314	0.730111	-1.99383	113.292
47.33	0.162825	0.646229	8.14125	32.3115	-0.314094	0.730296	-1.99292	113.272
47.34	0.162789	0.646481	8.13943	32.324	-0.313874	0.730481	-1.99201	113.252
47.35	0.162752	0.646732	8.13762	32.3366	-0.313655	0.730665	-1.9911	113.233
47.36	0.162716	0.646983	8.13581	32.3492	-0.313435	0.73085	-1.9902	113.213
47.37	0.16268	0.647235	8.134	32.3617	-0.313215	0.731034	-1.98929	113.193
47.38	0.162644	0.647486	8.1322	32.3743	-0.312996	0.731218	-1.98839	113.173
47.39	0.162608	0.647737	8.13039	32.3869	-0.312776	0.731402	-1.98749	113.153
47.4	0.162572	0.647989	8.12859	32.3994	-0.312556	0.731586	-1.98658	113.134
47.41	0.162536	0.64824	8.12679	32.412	-0.312336	0.73177	-1.98568	113.114
47.42	0.1625	0.648491	8.12499	32.4246	-0.312116	0.731954	-1.98478	113.094
47.43	0.162464	0.648743	8.12319	32.4371	-0.311896	0.732137	-1.98388	113.074
47.44	0.162428	0.648994	8.12139	32.4497	-0.311676	0.73232	-1.98298	113.055
47.45	0.162392	0.649245	8.1196	32.4623	-0.311456	0.732504	-1.98208	113.035
47.46	0.162356	0.649497	8.11781	32.4748	-0.311235	0.732687	-1.98118	113.015
47.47	0.16232	0.649748	8.11601	32.4874	-0.311015	0.73287	-1.98028	112.995
47.48	0.162284	0.649999	8.11422	32.5	-0.310795	0.733052	-1.97939	112.976
47.49	0.162249	0.65025	8.11244	32.5125	-0.310574	0.733235	-1.97849	112.956
47.5	0.162213	0.650502	8.11065	32.5251	-0.310354	0.733418	-1.97759	112.936
47.51	0.162177	0.650753	8.10887	32.5377	-0.310134	0.7336	-1.9767	112.916
47.52	0.162142	0.651004	8.10708	32.5502	-0.309913	0.733782	-1.9758	112.897
47.53	0.162106	0.651256	8.1053	32.5628	-0.309692	0.733964	-1.97491	112.877
47.54	0.16207	0.651507	8.10352	32.5753	-0.309472	0.734146	-1.97402	112.857
47.55	0.162035	0.651758	8.10174	32.5879	-0.309251	0.734328	-1.97312	112.838
47.56	0.161999	0.652009	8.09997	32.6005	-0.30903	0.73451	-1.97223	112.818
47.57	0.161964	0.652261	8.09819	32.613	-0.30881	0.734692	-1.97134	112.798
47.58	0.161928	0.652512	8.09642	32.6256	-0.308589	0.734873	-1.97045	112.779
47.59	0.161893	0.652763	8.09465	32.6382	-0.308368	0.735054	-1.96956	112.759
47.6	0.161858	0.653014	8.09288	32.6507	-0.308147	0.735235	-1.96867	112.739
47.61	0.161822	0.653266	8.09111	32.6633	-0.307926	0.735416	-1.96778	112.72
47.62	0.161787	0.653517	8.08935	32.6758	-0.307705	0.735597	-1.96689	112.7
47.63	0.161752	0.653768	8.08758	32.6884	-0.307484	0.735778	-1.966	112.68
47.64	0.161716	0.654019	8.08582	32.701	-0.307263	0.735959	-1.96512	112.661
47.65	0.161681	0.654271	8.08406	32.7135	-0.307042	0.736139	-1.96423	112.641
47.66	0.161646	0.654522	8.0823	32.7261	-0.30682	0.736319	-1.96335	112.621
47.67	0.161611	0.654773	8.08055	32.7387	-0.306599	0.7365	-1.96246	112.602
47.68	0.161576	0.655024	8.07879	32.7512	-0.306378	0.73668	-1.96158	112.582
47.69	0.161541	0.655276	8.07704	32.7638	-0.306156	0.73686	-1.96069	112.562
47.7	0.161506	0.655527	8.07528	32.7763	-0.305935	0.737039	-1.95981	112.543
47.71	0.161471	0.655778	8.07353	32.7889	-0.305714	0.737219	-1.95893	112.523
47.72	0.161436	0.656029	8.07178	32.8015	-0.305492	0.737399	-1.95805	112.503
47.73	0.161401	0.65628	8.07004	32.814	-0.30527	0.737578	-1.95717	112.484
47.74	0.161366	0.656532	8.06829	32.8266	-0.305049	0.737757	-1.95629	112.464
47.75	0.161331	0.656783	8.06655	32.8391	-0.304827	0.737936	-1.95541	112.445
47.76	0.161296	0.657034	8.06481	32.8517	-0.304605	0.738115	-1.95453	112.425
47.77	0.161261	0.657285	8.06307	32.8643	-0.304384	0.738294	-1.95365	112.405
47.78	0.161227	0.657536	8.06133	32.8768	-0.304162	0.738473	-1.95277	112.386
47.79	0.161192	0.657788	8.05959	32.8894	-0.30394	0.738651	-1.9519	112.366
47.8	0.161157	0.658039	8.05785	32.9019	-0.303718	0.73883	-1.95102	112.347
47.81	0.161122	0.65829	8.05612	32.9145	-0.303496	0.739008	-1.95014	112.327
47.82	0.161088	0.658541	8.05439	32.9271	-0.303274	0.739186	-1.94927	112.307
47.83	0.161053	0.658792	8.05266	32.9396	-0.303052	0.739364	-1.94839	112.288
47.84	0.161019	0.659044	8.05093	32.9522	-0.30283	0.739542	-1.94752	112.268
47.85	0.160984	0.659295	8.0492	32.9647	-0.302608	0.739719	-1.94665	112.249
47.86	0.16095	0.659546	8.04748	32.9773	-0.302386	0.739897	-1.94578	112.229
47.87	0.160915	0.659797	8.04575	32.9899	-0.302163	0.740074	-1.9449	112.21
47.88	0.160881	0.660048	8.04403	33.0024	-0.301941	0.740252	-1.94403	112.19
47.89	0.160846	0.660299	8.04231	33.015	-0.301719	0.740429	-1.94316	112.17
47.9	0.160812	0.660551	8.04059	33.0275	-0.301496	0.740606	-1.94229	112.151
47.91	0.160778	0.660802	8.03888	33.0401	-0.301274	0.740783	-1.94142	112.131
47.92	0.160743	0.661053	8.03716	33.0526	-0.301051	0.74096	-1.94056	112.112
47.93	0.160709	0.661304	8.03545	33.0652	-0.300829	0.741136	-1.93969	112.092
47.94	0.160675	0.661555	8.03374	33.0778	-0.300606	0.741313	-1.93882	112.073
47.95	0.160641	0.661806	8.03203	33.0903	-0.300384	0.741489	-1.93795	112.053
47.96	0.160606	0.662057	8.03032	33.1029	-0.300161	0.741665	-1.93709	112.034
47.97	0.160572	0.662309	8.02861	33.1154	-0.299938	0.741841	-1.93622	112.014
47.98	0.160538	0.66256	8.0269	33.128	-0.299716	0.742017	-1.93536	111.995
47.99	0.160504	0.662811	8.0252	33.1405	-0.299493	0.742193	-1.9345	111.975
48	0.16047	0.663062	8.0235	33.1531	-0.29927	0.742369	-1.93363	111.956
48.01	0.160436	0.663313	8.0218	33.1657	-0.299047	0.742544	-1.93277	111.936
48.02	0.160402	0.663564	8.0201	33.1782	-0.298824	0.742719	-1.93191	111.917
48.03	0.160368	0.663815	8.0184	33.1908	-0.298601	0.742895	-1.93105	111.897
48.04	0.160334	0.664066	8.01671	33.2033	-0.298378	0.74307	-1.93019	111.878
48.05	0.1603	0.664317	8.01502	33.2159	-0.298155	0.743245	-1.92933	111.858
48.06	0.160266	0.664569	8.01332	33.2284	-0.297932	0.743419	-1.92847	111.839
48.07	0.160233	0.66482	8.01163	33.241	-0.297709	0.743594	-1.92761	111.819
48.08	0.160199	0.665071	8.00995	33.2535	-0.297485	0.743769	-1.92675	111.8
48.09	0.160165	0.665322	8.00826	33.2661	-0.297262	0.743943	-1.92589	111.78
48.1	0.160131	0.665573	8.00657	33.2786	-0.297039	0.744117	-1.92504	111.761
48.11	0.160098	0.665824	8.00489	33.2912	-0.296816	0.744292	-1.92418	111.742
48.12	0.160064	0.666075	8.00321	33.3038	-0.296592	0.744466	-1.92333	111.722
48.13	0.160031	0.666326	8.00153	33.3163	-0.296369	0.744639	-1.92247	111.703
48.14	0.159997	0.666577	7.99985	33.3289	-0.296145	0.744813	-1.92162	111.683
48.15	0.159963	0.666828	7.99817	33.3414	-0.295922	0.744987	-1.92076	111.664
48.16	0.15993	0.667079	7.9965	33.354	-0.295698	0.74516	-1.91991	111.644
48.17	0.159896	0.66733	7.99482	33.3665	-0.295475	0.745333	-1.91906	111.625
48.18	0.159863	0.667582	7.99315	33.3791	-0.295251	0.745507	-1.91821	111.606
48.19	0.15983	0.667833	7.99148	33.3916	-0.295027	0.74568	-1.91736	111.586
48.2	0.159796	0.668084	7.98981	33.4042	-0.294803	0.745852	-1.91651	111.567
48.21	0.159763	0.668335	7.98815	33.4167	-0.29458	0.746025	-1.91566	111.547
48.22	0.15973	0.668586	7.98648	33.4293	-0.294356	0.746198	-1.91481	111.528
48.23	0.159696	0.668837	7.98482	33.4418	-0.294132	0.74637	-1.91396	111.509
48.24	0.159663	0.669088	7.98316	33.4544	-0.293908	0.746543	-1.91311	111.489
48.25	0.15963	0.669339	7.9815	33.4669	-0.293684	0.746715	-1.91226	111.47
48.26	0.159597	0.66959	7.97984	33.4795	-0.29346	0.746887	-1.91142	111.45
48.27	0.159564	0.669841	7.97818	33.492	-0.293236	0.747059	-1.91057	111.431
48.28	0.15953	0.670092	7.97652	33.5046	-0.293012	0.747231	-1.90973	111.412
48.29	0.159497	0.670343	7.97487	33.5171	-0.292788	0.747402	-1.90888	111.392
48.3	0.159464	0.670594	7.97322	33.5297	-0.292564	0.747574	-1.90804	111.373
48.31	0.159431	0.670845	7.97157	33.5422	-0.292339	0.747745	-1.9072	111.354
48.32	0.159398	0.671096	7.96992	33.5548	-0.292115	0.747917	-1.90635	111.334
48.33	0.159365	0.671347	7.96827	33.5673	-0.291891	0.748088	-1.90551	111.315
48.34	0.159333	0.671598	7.96663	33.5799	-0.291667	0.748259	-1.90467	111.296
48.35	0.1593	0.671849	7.96498	33.5924	-0.291442	0.748429	-1.90383	111.276
48.36	0.159267	0.6721	7.96334	33.605	-0.291218	0.7486	-1.90299	111.257
48.37	0.159234	0.672351	7.9617	33.6175	-0.290993	0.748771	-1.90215	111.238
48.38	0.159201	0.672602	7.96006	33.6301	-0.290769	0.748941	-1.90131	111.218
48.39	0.159169	0.672853	7.95843	33.6426	-0.290544	0.749111	-1.90047	111.199
48.4	0.159136	0.673104	7.95679	33.6552	-0.29032	0.749282	-1.89964	111.18
48.41	0.159103	0.673355	7.95516	33.6677	-0.290095	0.749452	-1.8988	111.16
48.42	0.15907	0.673606	7.95352	33.6803	-0.28987	0.749621	-1.89796	111.141
48.43	0.159038	0.673857	7.95189	33.6928	-0.289646	0.749791	-1.89713	111.122
48.44	0.159005	0.674108	7.95027	33.7054	-0.289421	0.749961	-1.89629	111.102
48.45	0.158973	0.674359	7.94864	33.7179	-0.289196	0.75013	-1.89546	111.083
48.46	0.15894	0.67461	7.94701	33.7305	-0.288971	0.7503	-1.89462	111.064
48.47	0.158908	0.674861	7.94539	33.743	-0.288746	0.750469	-1.89379	111.044
48.48	0.158875	0.675111	7.94377	33.7556	-0.288522	0.750638	-1.89296	111.025
48.49	0.158843	0.675362	7.94215	33.7681	-0.288297	0.750807	-1.89213	111.006
48.5	0.158811	0.675613	7.94053	33.7807	-0.288072	0.750976	-1.8913	110.987
48.51	0.158778	0.675864	7.93891	33.7932	-0.287847	0.751144	-1.89047	110.967
48.52	0.158746	0.676115	7.93729	33.8058	-0.287621	0.751313	-1.88964	110.948
48.53	0.158714	0.676366	7.93568	33.8183	-0.287396	0.751481	-1.88881	110.929
48.54	0.158681	0.676617	7.93407	33.8309	-0.287171	0.751649	-1.88798	110.91
48.55	0.158649	0.676868	7.93246	33.8434	-0.286946	0.751817	-1.88715	110.89
48.56	0.158617	0.677119	7.93085	33.8559	-0.286721	0.751985	-1.88632	110.871
48.57	0.158585	0.67737	7.92924	33.8685	-0.286496	0.752153	-1.8855	110.852
48.58	0.158553	0.677621	7.92763	33.881	-0.28627	0.752321	-1.88467	110.833
48.59	0.158521	0.677872	7.92603	33.8936	-0.286045	0.752488	-1.88384	110.813
48.6	0.158489	0.678123	7.92443	33.9061	-0.285819	0.752656	-1.88302	110.794
48.61	0.158457	0.678373	7.92283	33.9187	-0.285594	0.752823	-1.8822	110.775
48.62	0.158425	0.678624	7.92123	33.9312	-0.285369	0.75299	-1.88137	110.756
48.63	0.158393	0.678875	7.91963	33.9438	-0.285143	0.753157	-1.88055	110.737
48.64	0.158361	0.679126	7.91803	33.9563	-0.284918	0.753324	-1.87973	110.717
48.65	0.158329	0.679377	7.91644	33.9688	-0.284692	0.753491	-1.8789	110.698
48.66	0.158297	0.679628	7.91484	33.9814	-0.284466	0.753657	-1.87808	110.679
48.67	0.158265	0.679879	7.91325	33.9939	-0.284241	0.753824	-1.87726	110.66
48.68	0.158233	0.68013	7.91166	34.0065	-0.284015	0.75399	-1.87644	110.641
48.69	0.158202	0.68038	7.91008	34.019	-0.283789	0.754156	-1.87562	110.621
48.7	0.15817	0.680631	7.90849	34.0316	-0.283564	0.754323	-1.87481	110.602
48.71	0.158138	0.680882	7.9069	34.0441	-0.283338	0.754488	-1.87399	110.583
48.72	0.158106	0.681133	7.90532	34.0567	-0.283112	0.754654	-1.87317	110.564
48.73	0.158075	0.681384	7.90374	34.0692	-0.282886	0.75482	-1.87235	110.545
48.74	0.158043	0.681635	7.90216	34.0817	-0.28266	0.754985	-1.87154	110.525
48.75	0.158012	0.681886	7.90058	34.0943	-0.282434	0.755151	-1.87072	110.506
48.76	0.15798	0.682136	7.89901	34.1068	-0.282208	0.755316	-1.86991	110.487
48.77	0.157949	0.682387	7.89743	34.1194	-0.281982	0.755481	-1.86909	110.468
48.78	0.157917	0.682638	7.89586	34.1319	-0.281756	0.755646	-1.86828	110.449
48.79	0.157886	0.682889	7.89429	34.1444	-0.28153	0.755811	-1.86747	110.43
48.8	0.157854	0.68314	7.89271	34.157	-0.281304	0.755976	-1.86665	110.411
48.81	0.157823	0.683391	7.89115	34.1695	-0.281078	0.75614	-1.86584	110.391
48.82	0.157792	0.683641	7.88958	34.1821	-0.280851	0.756304	-1.86503	110.372
48.83	0.15776	0.683892	7.88801	34.1946	-0.280625	0.756469	-1.86422	110.353
48.84	0.157729	0.684143	7.88645	34.2071	-0.280399	0.756633	-1.86341	110.334
48.85	0.157698	0.684394	7.88489	34.2197	-0.280173	0.756797	-1.8626	110.315
48.86	0.157667	0.684645	7.88333	34.2322	-0.279946	0.756961	-1.86179	110.296
48.87	0.157635	0.684895	7.88177	34.2448	-0.27972	0.757125	-1.86098	110.277
48.88	0.157604	0.685146	7.88021	34.2573	-0.279493	0.757288	-1.86018	110.258
48.89	0.157573	0.685397	7.87866	34.2698	-0.279267	0.757452	-1.85937	110.239
48.9	0.157542	0.685648	7.8771	34.2824	-0.27904	0.757615	-1.85856	110.219
48.91	0.157511	0.685898	7.87555	34.2949	-0.278814	0.757778	-1.85776	110.2
48.92	0.15748	0.686149	7.874	34.3075	-0.278587	0.757941	-1.85695	110.181
48.93	0.157449	0.6864	7.87245	34.32	-0.278361	0.758104	-1.85615	110.162
48.94	0.157418	0.686651	7.8709	34.3325	-0.278134	0.758267	-1.85535	110.143
48.95	0.157387	0.686902	7.86936	34.3451	-0.277907	0.75843	-1.85454	110.124
48.96	0.157356	0.687152	7.86781	34.3576	-0.277681	0.758592	-1.85374	110.105
48.97	0.157325	0.687403	7.86627	34.3702	-0.277454	0.758754	-1.85294	110.086
48.98	0.157295	0.687654	7.86473	34.3827	-0.277227	0.758917	-1.85214	110.067
48.99	0.157264	0.687905	7.86319	34.3952	-0.277	0.759079	-1.85134	110.048
49	0.157233	0.688155	7.86165	34.4078	-0.276773	0.759241	-1.85054	110.029
49.01	0.157202	0.688406	7.86012	34.4203	-0.276547	0.759403	-1.84974	110.01
49.02	0.157172	0.688657	7.85858	34.4328	-0.27632	0.759564	-1.84894	109.991
49.03	0.157141	0.688908	7.85705	34.4454	-0.276093	0.759726	-1.84814	109.972
49.04	0.15711	0.689158	7.85552	34.4579	-0.275866	0.759887	-1.84734	109.953
49.05	0.15708	0.689409	7.85399	34.4704	-0.275639	0.760049	-1.84654	109.934
49.06	0.157049	0.68966	7.85246	34.483	-0.275412	0.76021	-1.84575	109.915
49.07	0.157019	0.68991	7.85093	34.4955	-0.275185	0.760371	-1.84495	109.896
49.08	0.156988	0.690161	7.84941	34.5081	-0.274957	0.760532	-1.84416	109.877
49.09	0.156958	0.690412	7.84788	34.5206	-0.27473	0.760692	-1.84336	109.858
49.1	0.156927	0.690662	7.84636	34.5331	-0.274503	0.760853	-1.84257	109.839
49.11	0.156897	0.690913	7.84484	34.5457	-0.274276	0.761013	-1.84177	109.82
49.12	0.156866	0.691164	7.84332	34.5582	-0.274049	0.761174	-1.84098	109.801
49.13	0.156836	0.691415	7.84181	34.5707	-0.273821	0.761334	-1.84019	109.782
49.14	0.156806	0.691665	7.84029	34.5833	-0.273594	0.761494	-1.8394	109.763
49.15	0.156776	0.691916	7.83878	34.5958	-0.273367	0.761654	-1.83861	109.744
49.16	0.156745	0.692167	7.83727	34.6083	-0.273139	0.761814	-1.83782	109.725
49.17	0.156715	0.692417	7.83575	34.6209	-0.272912	0.761973	-1.83703	109.706
49.18	0.156685	0.692668	7.83425	34.6334	-0.272684	0.762133	-1.83624	109.687
49.19	0.156655	0.692919	7.83274	34.6459	-0.272457	0.762292	-1.83545	109.668
49.2	0.156625	0.693169	7.83123	34.6585	-0.272229	0.762452	-1.83466	109.649
49.21	0.156595	0.69342	7.82973	34.671	-0.272002	0.762611	-1.83387	109.63
49.22	0.156565	0.693671	7.82823	34.6835	-0.271774	0.76277	-1.83309	109.611
49.23	0.156535	0.693921	7.82673	34.6961	-0.271547	0.762929	-1.8323	109.592
49.24	0.156505	0.694172	7.82523	34.7086	-0.271319	0.763087	-1.83152	109.573
49.25	0.156475	0.694423	7.82373	34.7211	-0.271091	0.763246	-1.83073	109.554
49.26	0.156445	0.694673	7.82223	34.7337	-0.270864	0.763404	-1.82995	109.535
49.27	0.156415	0.694924	7.82074	34.7462	-0.270636	0.763563	-1.82916	109.516
49.28	0.156385	0.695174	7.81924	34.7587	-0.270408	0.763721	-1.82838	109.497
49.29	0.156355	0.695425	7.81775	34.7713	-0.27018	0.763879	-1.8276	109.478
49.3	0.156325	0.695676	7.81626	34.7838	-0.269953	0.764037	-1.82682	109.46
49.31	0.156295	0.695926	7.81477	34.7963	-0.269725	0.764195	-1.82603	109.441
49.32	0.156266	0.696177	7.81329	34.8088	-0.269497	0.764352	-1.82525	109.422
49.33	0.156236	0.696427	7.8118	34.8214	-0.269269	0.76451	-1.82447	109.403
49.34	0.156206	0.696678	7.81032	34.8339	-0.269041	0.764667	-1.82369	109.384
49.35	0.156177	0.696929	7.80884	34.8464	-0.268813	0.764824	-1.82291	109.365
49.36	0.156147	0.697179	7.80736	34.859	-0.268585	0.764981	-1.82214	109.346
49.37	0.156118	0.69743	7.80588	34.8715	-0.268357	0.765138	-1.82136	109.327
49.38	0.156088	0.69768	7.8044	34.884	-0.268129	0.765295	-1.82058	109.308
49.39	0.156059	0.697931	7.80293	34.8966	-0.267901	0.765452	-1.8198	109.29
49.4	0.156029	0.698182	7.80145	34.9091	-0.267673	0.765608	-1.81903	109.271
49.41	0.156	0.698432	7.79998	34.9216	-0.267444	0.765765	-1.81825	109.252
49.42	0.15597	0.698683	7.79851	34.9341	-0.267216	0.765921	-1.81748	109.233
49.43	0.155941	0.698933	7.79704	34.9467	-0.266988	0.766077	-1.8167	109.214
49.44	0.155911	0.699184	7.79557	34.9592	-0.26676	0.766233	-1.81593	109.195
49.45	0.155882	0.699434	7.79411	34.9717	-0.266531	0.766389	-1.81516	109.176
49.46	0.155853	0.699685	7.79264	34.9842	-0.266303	0.766545	-1.81439	109.158
49.47	0.155824	0.699936	7.79118	34.9968	-0.266075	0.766701	-1.81361	109.139
49.48	0.155794	0.700186	7.78972	35.0093	-0.265846	0.766856	-1.81284	109.12
49.49	0.155765	0.700437	7.78826	35.0218	-0.265618	0.767011	-1.81207	109.101
49.5	0.155736	0.700687	7.7868	35.0344	-0.26539	0.767167	-1.8113	109.082
49.51	0.155707	0.700938	7.78534	35.0469	-0.265161	0.767322	-1.81053	109.063
49.52	0.155678	0.701188	7.78389	35.0594	-0.264933	0.767477	-1.80976	109.045
49.53	0.155649	0.701439	7.78243	35.0719	-0.264704	0.767631	-1.809	109.026
49.54	0.15562	0.701689	7.78098	35.0845	-0.264475	0.767786	-1.80823	109.007
49.55	0.155591	0.70194	7.77953	35.097	-0.264247	0.767941	-1.80746	108.988
49.56	0.155562	0.70219	7.77808	35.1095	-0.264018	0.768095	-1.80669	108.969
49.57	0.155533	0.702441	7.77664	35.122	-0.26379	0.768249	-1.80593	108.951
49.58	0.155504	0.702691	7.77519	35.1346	-0.263561	0.768404	-1.80516	108.932
49.59	0.155475	0.702942	7.77375	35.1471	-0.263332	0.768558	-1.8044	108.913
49.6	0.155446	0.703192	7.77231	35.1596	-0.263104	0.768711	-1.80363	108.894
49.61	0.155417	0.703443	7.77086	35.1721	-0.262875	0.768865	-1.80287	108.876
49.62	0.155389	0.703693	7.76943	35.1847	-0.262646	0.769019	-1.80211	108.857
49.63	0.15536	0.703944	7.76799	35.1972	-0.262417	0.769172	-1.80135	108.838
49.64	0.155331	0.704194	7.76655	35.2097	-0.262188	0.769326	-1.80058	108.819
49.65	0.155302	0.704445	7.76512	35.2222	-0.26196	0.769479	-1.79982	108.801
49.66	0.155274	0.704695	7.76368	35.2348	-0.261731	0.769632	-1.79906	108.782
49.67	0.155245	0.704946	7.76225	35.2473	-0.261502	0.769785	-1.7983	108.763
49.68	0.155216	0.705196	7.76082	35.2598	-0.261273	0.769938	-1.79754	108.744
49.69	0.155188	0.705446	7.75939	35.2723	-0.261044	0.77009	-1.79678	108.726
49.7	0.155159	0.705697	7.75797	35.2848	-0.260815	0.770243	-1.79603	108.707
49.71	0.155131	0.705947	7.75654	35.2974	-0.260586	0.770395	-1.79527	108.688
49.72	0.155102	0.706198	7.75512	35.3099	-0.260357	0.770547	-1.79451	108.669
49.73	0.155074	0.706448	7.7537	35.3224	-0.260128	0.7707	-1.79375	108.651
49.74	0.155046	0.706699	7.75228	35.3349	-0.259899	0.770852	-1.793	108.632
49.75	0.155017	0.706949	7.75086	35.3475	-0.25967	0.771003	-1.79224	108.613
49.76	0.154989	0.707199	7.74944	35.36	-0.25944	0.771155	-1.79149	108.595
49.77	0.154961	0.70745	7.74803	35.3725	-0.259211	0.771307	-1.79073	108.576
49.78	0.154932	0.7077	7.74661	35.385	-0.258982	0.771458	-1.78998	108.557
49.79	0.154904	0.707951	7.7452	35.3975	-0.258753	0.771609	-1.78923	108.538
49.8	0.154876	0.708201	7.74379	35.4101	-0.258523	0.771761	-1.78848	108.52
49.81	0.154848	0.708451	7.74238	35.4226	-0.258294	0.771912	-1.78772	108.501
49.82	0.154819	0.708702	7.74097	35.4351	-0.258065	0.772063	-1.78697	108.482
49.83	0.154791	0.708952	7.73956	35.4476	-0.257836	0.772213	-1.78622	108.464
49.84	0.154763	0.709203	7.73816	35.4601	-0.257606	0.772364	-1.78547	108.445
49.85	0.154735	0.709453	7.73676	35.4727	-0.257377	0.772515	-1.78472	108.426
49.86	0.154707	0.709703	7.73535	35.4852	-0.257147	0.772665	-1.78397	108.408
49.87	0.154679	0.709954	7.73395	35.4977	-0.256918	0.772815	-1.78323	108.389
49.88	0.154651	0.710204	7.73256	35.5102	-0.256688	0.772965	-1.78248	108.37
49.89	0.154623	0.710454	7.73116	35.5227	-0.256459	0.773115	-1.78173	108.352
49.9	0.154595	0.710705	7.72976	35.5352	-0.256229	0.773265	-1.78098	108.333
49.91	0.154567	0.710955	7.72837	35.5478	-0.256	0.773415	-1.78024	108.315
49.92	0.15454	0.711206	7.72698	35.5603	-0.25577	0.773565	-1.77949	108.296
49.93	0.154512	0.711456	7.72559	35.5728	-0.255541	0.773714	-1.77875	108.277
49.94	0.154484	0.711706	7.7242	35.5853	-0.255311	0.773863	-1.778	108.259
49.95	0.154456	0.711957	7.72281	35.5978	-0.255082	0.774013	-1.77726	108.24
49.96	0.154428	0.712207	7.72142	35.6103	-0.254852	0.774162	-1.77652	108.221
49.97	0.154401	0.712457	7.72004	35.6229	-0.254622	0.774311	-1.77577	108.203
49.98	0.154373	0.712708	7.71866	35.6354	-0.254393	0.774459	-1.77503	108.184
49.99	0.154345	0.712958	7.71727	35.6479	-0.254163	0.774608	-1.77429	108.166
50	0.154318	0.713208	7.71589	35.6604	-0.253933	0.774756	-1.77355	108.147
