Freq_GHz	Norm_dB
0.1	0
0.109982	-2.1824614e-05
0.11996399	-4.572421e-05
0.12994599	-7.169879e-05
0.13992799	-9.9748358e-05
0.14990998	-0.00012987292
0.15989198	-0.00016207247
0.16987397	-0.00019634702
0.17985597	-0.00023269658
0.18983797	-0.00027112114
0.19981996	-0.00031162072
0.20980196	-0.00035419531
0.21978396	-0.00039884492
0.22976595	-0.00044556957
0.23974795	-0.00049436925
0.24972995	-0.00054524396
0.25971194	-0.00059819373
0.26969394	-0.00065321854
0.27967594	-0.00071031842
0.28965793	-0.00076949337
0.29963993	-0.00083074338
0.30962192	-0.00089406848
0.31960392	-0.00095946867
0.32958592	-0.001026944
0.33956791	-0.0010964944
0.34954991	-0.0011681199
0.35953191	-0.0012418205
0.3695139	-0.0013175963
0.3794959	-0.0013954472
0.3894779	-0.0014753732
0.39945989	-0.0015573744
0.40944189	-0.0016414508
0.41942388	-0.0017276024
0.42940588	-0.0018158292
0.43938788	-0.0019061311
0.44936987	-0.0019985083
0.45935187	-0.0020929607
0.46933387	-0.0021894884
0.47931586	-0.0022880913
0.48929786	-0.0023887695
0.49927986	-0.0024915229
0.50926185	-0.0025963516
0.51924385	-0.0027032556
0.52922585	-0.002812235
0.53920784	-0.0029232897
0.54918984	-0.0030364197
0.55917183	-0.003151625
0.56915383	-0.0032689057
0.57913583	-0.0033882619
0.58911782	-0.0035096934
0.59909982	-0.0036332003
0.60908182	-0.0037587826
0.61906381	-0.0038864404
0.62904581	-0.0040161737
0.63902781	-0.0041479824
0.6490098	-0.0042818666
0.6589918	-0.0044178264
0.66897379	-0.0045558616
0.67895579	-0.0046959724
0.68893779	-0.0048381588
0.69891978	-0.0049824207
0.70890178	-0.0051287582
0.71888378	-0.0052771714
0.72886577	-0.0054276601
0.73884777	-0.0055802245
0.74882977	-0.0057348646
0.75881176	-0.0058915804
0.76879376	-0.0060503719
0.77877576	-0.0062112391
0.78875775	-0.006374182
0.79873975	-0.0065392007
0.80872174	-0.0067062952
0.81870374	-0.0068754655
0.82868574	-0.0070467116
0.83866773	-0.0072200336
0.84864973	-0.0073954314
0.85863173	-0.0075729051
0.86861372	-0.0077524548
0.87859572	-0.0079340803
0.88857772	-0.0081177818
0.89855971	-0.0083035593
0.90854171	-0.0084914128
0.9185237	-0.0086813424
0.9285057	-0.0088733479
0.9384877	-0.0090674296
0.94846969	-0.0092635873
0.95845169	-0.0094618211
0.96843369	-0.0096621311
0.97841568	-0.0098645172
0.98839768	-0.01006898
0.99837968	-0.010275518
1.0083617	-0.010484133
1.0183437	-0.010694824
1.0283257	-0.010907591
1.0383077	-0.011122435
1.0482897	-0.011339355
1.0582717	-0.011558351
1.0682537	-0.011779424
1.0782356	-0.012002573
1.0882176	-0.012227799
1.0981996	-0.012455101
1.1081816	-0.01268448
1.1181636	-0.012915935
1.1281456	-0.013149466
1.1381276	-0.013385075
1.1481096	-0.01362276
1.1580916	-0.013862521
1.1680736	-0.014104359
1.1780556	-0.014348274
1.1880376	-0.014594266
1.1980196	-0.014842334
1.2080016	-0.015092479
1.2179836	-0.015344701
1.2279656	-0.015599
1.2379476	-0.015855376
1.2479296	-0.016113828
1.2579116	-0.016374358
1.2678936	-0.016636964
1.2778756	-0.016901648
1.2878576	-0.017168409
1.2978396	-0.017437246
1.3078216	-0.017708161
1.3178036	-0.017981153
1.3277856	-0.018256222
1.3377676	-0.018533368
1.3477495	-0.018812591
1.3577315	-0.019093892
1.3677135	-0.01937727
1.3776955	-0.019662725
1.3876775	-0.019950258
1.3976595	-0.020239868
1.4076415	-0.020531556
1.4176235	-0.020825321
1.4276055	-0.021121163
1.4375875	-0.021419083
1.4475695	-0.02171908
1.4575515	-0.022021156
1.4675335	-0.022325308
1.4775155	-0.022631539
1.4874975	-0.022939847
1.4974795	-0.023250233
1.5074615	-0.023562697
1.5174435	-0.023877238
1.5274255	-0.024193857
1.5374075	-0.024512555
1.5473895	-0.02483333
1.5573715	-0.025156183
1.5673535	-0.025481114
1.5773355	-0.025808123
1.5873175	-0.02613721
1.5972995	-0.026468376
1.6072815	-0.026801619
1.6172635	-0.027136941
1.6272454	-0.027474341
1.6372274	-0.027813819
1.6472094	-0.028155376
1.6571914	-0.028499011
1.6671734	-0.028844724
1.6771554	-0.029192516
1.6871374	-0.029542386
1.6971194	-0.029894334
1.7071014	-0.030248362
1.7170834	-0.030604467
1.7270654	-0.030962652
1.7370474	-0.031322915
1.7470294	-0.031685257
1.7570114	-0.032049677
1.7669934	-0.032416177
1.7769754	-0.032784755
1.7869574	-0.033155412
1.7969394	-0.033528148
1.8069214	-0.033902963
1.8169034	-0.034279857
1.8268854	-0.03465883
1.8368674	-0.035039882
1.8468494	-0.035423013
1.8568314	-0.035808224
1.8668134	-0.036195513
1.8767954	-0.036584882
1.8867774	-0.03697633
1.8967594	-0.037369858
1.9067413	-0.037765465
1.9167233	-0.038163151
1.9267053	-0.038562917
1.9366873	-0.038964763
1.9466693	-0.039368688
1.9566513	-0.039774692
1.9666333	-0.040182777
1.9766153	-0.040592941
1.9865973	-0.041005184
1.9965793	-0.041419508
2.0065613	-0.041835911
2.0165433	-0.042254394
2.0265253	-0.042674958
2.0365073	-0.043097601
2.0464893	-0.043522324
2.0564713	-0.043949127
2.0664533	-0.044378011
2.0764353	-0.044808975
2.0864173	-0.045242018
2.0963993	-0.045677142
2.1063813	-0.046114347
2.1163633	-0.046553632
2.1263453	-0.046994997
2.1363273	-0.047438443
2.1463093	-0.047883969
2.1562913	-0.048331575
2.1662733	-0.048781263
2.1762553	-0.049233031
2.1862372	-0.04968688
2.1962192	-0.050142809
2.2062012	-0.050600819
2.2161832	-0.05106091
2.2261652	-0.051523082
2.2361472	-0.051987335
2.2461292	-0.052453669
2.2561112	-0.052922084
2.2660932	-0.05339258
2.2760752	-0.053865158
2.2860572	-0.054339816
2.2960392	-0.054816556
2.3060212	-0.055295377
2.3160032	-0.055776279
2.3259852	-0.056259263
2.3359672	-0.056744328
2.3459492	-0.057231475
2.3559312	-0.057720703
2.3659132	-0.058212013
2.3758952	-0.058705405
2.3858772	-0.059200878
2.3958592	-0.059698433
2.4058412	-0.06019807
2.4158232	-0.060699789
2.4258052	-0.06120359
2.4357872	-0.061709473
2.4457692	-0.062217437
2.4557512	-0.062727484
2.4657331	-0.063239613
2.4757151	-0.063753824
2.4856971	-0.064270118
2.4956791	-0.064788493
2.5056611	-0.065308951
2.5156431	-0.065831492
2.5256251	-0.066356115
2.5356071	-0.06688282
2.5455891	-0.067411608
2.5555711	-0.067942479
2.5655531	-0.068475432
2.5755351	-0.069010468
2.5855171	-0.069547587
2.5954991	-0.070086788
2.6054811	-0.070628073
2.6154631	-0.07117144
2.6254451	-0.071716891
2.6354271	-0.072264424
2.6454091	-0.072814041
2.6553911	-0.073365741
2.6653731	-0.073919524
2.6753551	-0.07447539
2.6853371	-0.07503334
2.6953191	-0.075593373
2.7053011	-0.07615549
2.7152831	-0.07671969
2.7252651	-0.077285974
2.735247	-0.077854341
2.745229	-0.078424792
2.755211	-0.078997326
2.765193	-0.079571945
2.775175	-0.080148647
2.785157	-0.080727433
2.795139	-0.081308303
2.805121	-0.081891258
2.815103	-0.082476296
2.825085	-0.083063418
2.835067	-0.083652625
2.845049	-0.084243916
2.855031	-0.084837291
2.865013	-0.08543275
2.874995	-0.086030294
2.884977	-0.086629923
2.894959	-0.087231636
2.904941	-0.087835433
2.914923	-0.088441315
2.924905	-0.089049282
2.934887	-0.089659334
2.944869	-0.090271471
2.954851	-0.090885692
2.964833	-0.091501998
2.974815	-0.09212039
2.984797	-0.092740866
2.994779	-0.093363428
3.004761	-0.093988074
3.0147429	-0.094614806
3.0247249	-0.095243624
3.0347069	-0.095874526
3.0446889	-0.096507514
3.0546709	-0.097142588
3.0646529	-0.097779747
3.0746349	-0.098418992
3.0846169	-0.099060322
3.0945989	-0.099703738
3.1045809	-0.10034924
3.1145629	-0.10099683
3.1245449	-0.1016465
3.1345269	-0.10229826
3.1445089	-0.10295211
3.1544909	-0.10360804
3.1644729	-0.10426606
3.1744549	-0.10492616
3.1844369	-0.10558835
3.1944189	-0.10625263
3.2044009	-0.10691899
3.2143829	-0.10758744
3.2243649	-0.10825797
3.2343469	-0.1089306
3.2443289	-0.10960531
3.2543109	-0.1102821
3.2642929	-0.11096098
3.2742749	-0.11164195
3.2842569	-0.11232501
3.2942388	-0.11301015
3.3042208	-0.11369738
3.3142028	-0.1143867
3.3241848	-0.1150781
3.3341668	-0.11577159
3.3441488	-0.11646717
3.3541308	-0.11716484
3.3641128	-0.11786459
3.3740948	-0.11856643
3.3840768	-0.11927036
3.3940588	-0.11997638
3.4040408	-0.12068448
3.4140228	-0.12139467
3.4240048	-0.12210695
3.4339868	-0.12282131
3.4439688	-0.12353777
3.4539508	-0.12425631
3.4639328	-0.12497694
3.4739148	-0.12569966
3.4838968	-0.12642446
3.4938788	-0.12715136
3.5038608	-0.12788034
3.5138428	-0.12861141
3.5238248	-0.12934457
3.5338068	-0.13007982
3.5437888	-0.13081715
3.5537708	-0.13155658
3.5637528	-0.13229809
3.5737347	-0.13304169
3.5837167	-0.13378738
3.5936987	-0.13453516
3.6036807	-0.13528503
3.6136627	-0.13603699
3.6236447	-0.13679103
3.6336267	-0.13754717
3.6436087	-0.13830539
3.6535907	-0.1390657
3.6635727	-0.13982811
3.6735547	-0.1405926
3.6835367	-0.14135918
3.6935187	-0.14212785
3.7035007	-0.14289861
3.7134827	-0.14367146
3.7234647	-0.1444464
3.7334467	-0.14522342
3.7434287	-0.14600254
3.7534107	-0.14678375
3.7633927	-0.14756705
3.7733747	-0.14835243
3.7833567	-0.14913991
3.7933387	-0.14992948
3.8033207	-0.15072114
3.8133027	-0.15151488
3.8232847	-0.15231072
3.8332667	-0.15310865
3.8432486	-0.15390867
3.8532306	-0.15471077
3.8632126	-0.15551497
3.8731946	-0.15632126
3.8831766	-0.15712964
3.8931586	-0.15794011
3.9031406	-0.15875267
3.9131226	-0.15956733
3.9231046	-0.16038407
3.9330866	-0.1612029
3.9430686	-0.16202383
3.9530506	-0.16284684
3.9630326	-0.16367195
3.9730146	-0.16449914
3.9829966	-0.16532843
3.9929786	-0.16615981
4.0029606	-0.16699328
4.0129426	-0.16782885
4.0229246	-0.1686665
4.0329066	-0.16950625
4.0428886	-0.17034808
4.0528706	-0.17119201
4.0628526	-0.17203803
4.0728346	-0.17288614
4.0828166	-0.17373635
4.0927986	-0.17458864
4.1027806	-0.17544303
4.1127626	-0.17629951
4.1227445	-0.17715808
4.1327265	-0.17801874
4.1427085	-0.1788815
4.1526905	-0.17974634
4.1626725	-0.18061328
4.1726545	-0.18148231
4.1826365	-0.18235344
4.1926185	-0.18322666
4.2026005	-0.18410196
4.2125825	-0.18497937
4.2225645	-0.18585886
4.2325465	-0.18674045
4.2425285	-0.18762413
4.2525105	-0.1885099
4.2624925	-0.18939776
4.2724745	-0.19028772
4.2824565	-0.19117977
4.2924385	-0.19207392
4.3024205	-0.19297015
4.3124025	-0.19386849
4.3223845	-0.19476891
4.3323665	-0.19567143
4.3423485	-0.19657603
4.3523305	-0.19748274
4.3623125	-0.19839153
4.3722945	-0.19930242
4.3822765	-0.20021541
4.3922585	-0.20113049
4.4022404	-0.20204766
4.4122224	-0.20296692
4.4222044	-0.20388828
4.4321864	-0.20481173
4.4421684	-0.20573728
4.4521504	-0.20666492
4.4621324	-0.20759465
4.4721144	-0.20852648
4.4820964	-0.2094604
4.4920784	-0.21039642
4.5020604	-0.21133453
4.5120424	-0.21227473
4.5220244	-0.21321703
4.5320064	-0.21416143
4.5419884	-0.21510791
4.5519704	-0.2160565
4.5619524	-0.21700717
4.5719344	-0.21795994
4.5819164	-0.21891481
4.5918984	-0.21987177
4.6018804	-0.22083083
4.6118624	-0.22179198
4.6218444	-0.22275522
4.6318264	-0.22372056
4.6418084	-0.224688
4.6517904	-0.22565753
4.6617724	-0.22662915
4.6717544	-0.22760287
4.6817363	-0.22857869
4.6917183	-0.2295566
4.7017003	-0.23053661
4.7116823	-0.23151871
4.7216643	-0.23250291
4.7316463	-0.2334892
4.7416283	-0.23447759
4.7516103	-0.23546807
4.7615923	-0.23646065
4.7715743	-0.23745532
4.7815563	-0.23845209
4.7915383	-0.23945096
4.8015203	-0.24045192
4.8115023	-0.24145498
4.8214843	-0.24246014
4.8314663	-0.24346739
4.8414483	-0.24447673
4.8514303	-0.24548817
4.8614123	-0.24650171
4.8713943	-0.24751735
4.8813763	-0.24853508
4.8913583	-0.2495549
4.9013403	-0.25057683
4.9113223	-0.25160085
4.9213043	-0.25262696
4.9312863	-0.25365518
4.9412683	-0.25468549
4.9512503	-0.25571789
4.9612322	-0.2567524
4.9712142	-0.25778899
4.9811962	-0.25882769
4.9911782	-0.25986848
5.0011602	-0.26091137
5.0111422	-0.26195636
5.0211242	-0.26300344
5.0311062	-0.26405262
5.0410882	-0.2651039
5.0510702	-0.26615728
5.0610522	-0.26721275
5.0710342	-0.26827032
5.0810162	-0.26932998
5.0909982	-0.27039175
5.1009802	-0.27145561
5.1109622	-0.27252157
5.1209442	-0.27358962
5.1309262	-0.27465977
5.1409082	-0.27573202
5.1508902	-0.27680637
5.1608722	-0.27788282
5.1708542	-0.27896136
5.1808362	-0.280042
5.1908182	-0.28112474
5.2008002	-0.28220958
5.2107822	-0.28329651
5.2207642	-0.28438554
5.2307461	-0.28547667
5.2407281	-0.2865699
5.2507101	-0.28766523
5.2606921	-0.28876265
5.2706741	-0.28986217
5.2806561	-0.29096379
5.2906381	-0.29206751
5.3006201	-0.29317333
5.3106021	-0.29428124
5.3205841	-0.29539126
5.3305661	-0.29650337
5.3405481	-0.29761758
5.3505301	-0.29873389
5.3605121	-0.29985229
5.3704941	-0.3009728
5.3804761	-0.3020954
5.3904581	-0.3032201
5.4004401	-0.3043469
5.4104221	-0.3054758
5.4204041	-0.3066068
5.4303861	-0.3077399
5.4403681	-0.30887509
5.4503501	-0.31001239
5.4603321	-0.31115178
5.4703141	-0.31229327
5.4802961	-0.31343686
5.4902781	-0.31458255
5.5002601	-0.31573034
5.510242	-0.31688023
5.520224	-0.31803222
5.530206	-0.3191863
5.540188	-0.32034249
5.55017	-0.32150077
5.560152	-0.32266116
5.570134	-0.32382364
5.580116	-0.32498822
5.590098	-0.3261549
5.60008	-0.32732368
5.610062	-0.32849456
5.620044	-0.32966754
5.630026	-0.33084262
5.640008	-0.3320198
5.64999	-0.33319908
5.659972	-0.33438045
5.669954	-0.33556393
5.679936	-0.33674951
5.689918	-0.33793718
5.6999	-0.33912696
5.709882	-0.34031883
5.719864	-0.34151281
5.729846	-0.34270888
5.739828	-0.34390706
5.74981	-0.34510733
5.759792	-0.34630971
5.769774	-0.34751418
5.779756	-0.34872076
5.7897379	-0.34992943
5.7997199	-0.3511402
5.8097019	-0.35235308
5.8196839	-0.35356805
5.8296659	-0.35478513
5.8396479	-0.3560043
5.8496299	-0.35722557
5.8596119	-0.35844895
5.8695939	-0.35967442
5.8795759	-0.360902
5.8895579	-0.36213167
5.8995399	-0.36336344
5.9095219	-0.36459732
5.9195039	-0.36583329
5.9294859	-0.36707137
5.9394679	-0.36831155
5.9494499	-0.36955382
5.9594319	-0.3707982
5.9694139	-0.37204468
5.9793959	-0.37329325
5.9893779	-0.37454393
5.9993599	-0.37579671
6.0093419	-0.37705159
6.0193239	-0.37830857
6.0293059	-0.37956764
6.0392879	-0.38082882
6.0492699	-0.3820921
6.0592519	-0.38335749
6.0692338	-0.38462497
6.0792158	-0.38589455
6.0891978	-0.38716623
6.0991798	-0.38844002
6.1091618	-0.3897159
6.1191438	-0.39099388
6.1291258	-0.39227397
6.1391078	-0.39355615
6.1490898	-0.39484044
6.1590718	-0.39612683
6.1690538	-0.39741532
6.1790358	-0.39870591
6.1890178	-0.39999859
6.1989998	-0.40129338
6.2089818	-0.40259028
6.2189638	-0.40388927
6.2289458	-0.40519036
6.2389278	-0.40649355
6.2489098	-0.40779885
6.2588918	-0.40910624
6.2688738	-0.41041574
6.2788558	-0.41172734
6.2888378	-0.41304103
6.2988198	-0.41435683
6.3088018	-0.41567473
6.3187838	-0.41699473
6.3287658	-0.41831683
6.3387477	-0.41964103
6.3487297	-0.42096734
6.3587117	-0.42229574
6.3686937	-0.42362625
6.3786757	-0.42495885
6.3886577	-0.42629356
6.3986397	-0.42763037
6.4086217	-0.42896928
6.4186037	-0.43031028
6.4285857	-0.4316534
6.4385677	-0.43299861
6.4485497	-0.43434592
6.4585317	-0.43569533
6.4685137	-0.43704685
6.4784957	-0.43840046
6.4884777	-0.43975618
6.4984597	-0.441114
6.5084417	-0.44247391
6.5184237	-0.44383593
6.5284057	-0.44520005
6.5383877	-0.44656627
6.5483697	-0.4479346
6.5583517	-0.44930502
6.5683337	-0.45067754
6.5783157	-0.45205217
6.5882977	-0.45342889
6.5982797	-0.45480772
6.6082617	-0.45618865
6.6182436	-0.45757168
6.6282256	-0.45895681
6.6382076	-0.46034404
6.6481896	-0.46173337
6.6581716	-0.4631248
6.6681536	-0.46451834
6.6781356	-0.46591397
6.6881176	-0.46731171
6.6980996	-0.46871154
6.7080816	-0.47011348
6.7180636	-0.47151752
6.7280456	-0.47292366
6.7380276	-0.4743319
6.7480096	-0.47574224
6.7579916	-0.47715468
6.7679736	-0.47856922
6.7779556	-0.47998586
6.7879376	-0.48140461
6.7979196	-0.48282545
6.8079016	-0.4842484
6.8178836	-0.48567344
6.8278656	-0.48710059
6.8378476	-0.48852984
6.8478296	-0.48996119
6.8578116	-0.49139464
6.8677936	-0.49283019
6.8777756	-0.49426784
6.8877576	-0.49570759
6.8977395	-0.49714944
6.9077215	-0.49859339
6.9177035	-0.50003944
6.9276855	-0.5014876
6.9376675	-0.50293785
6.9476495	-0.50439021
6.9576315	-0.50584466
6.9676135	-0.50730122
6.9775955	-0.50875987
6.9875775	-0.51022063
6.9975595	-0.51168349
7.0075415	-0.51314844
7.0175235	-0.5146155
7.0275055	-0.51608466
7.0374875	-0.51755592
7.0474695	-0.51902928
7.0574515	-0.52050474
7.0674335	-0.5219823
7.0774155	-0.52346196
7.0873975	-0.52494372
7.0973795	-0.52642758
7.1073615	-0.52791354
7.1173435	-0.5294016
7.1273255	-0.53089176
7.1373075	-0.53238402
7.1472895	-0.53387838
7.1572715	-0.53537484
7.1672535	-0.5368734
7.1772354	-0.53837406
7.1872174	-0.53987682
7.1971994	-0.54138168
7.2071814	-0.54288864
7.2171634	-0.5443977
7.2271454	-0.54590886
7.2371274	-0.54742212
7.2471094	-0.54893747
7.2570914	-0.55045493
7.2670734	-0.55197449
7.2770554	-0.55349615
7.2870374	-0.5550199
7.2970194	-0.55654576
7.3070014	-0.55807372
7.3169834	-0.55960377
7.3269654	-0.56113593
7.3369474	-0.56267018
7.3469294	-0.56420654
7.3569114	-0.56574499
7.3668934	-0.56728554
7.3768754	-0.56882819
7.3868574	-0.57037294
7.3968394	-0.57191979
7.4068214	-0.57346874
7.4168034	-0.57501979
7.4267854	-0.57657293
7.4367674	-0.57812818
7.4467493	-0.57968552
7.4567313	-0.58124496
7.4667133	-0.58280651
7.4766953	-0.58437015
7.4866773	-0.58593588
7.4966593	-0.58750372
7.5066413	-0.58907366
7.5166233	-0.59064569
7.5266053	-0.59221983
7.5365873	-0.59379606
7.5465693	-0.59537439
7.5565513	-0.59695481
7.5665333	-0.59853734
7.5765153	-0.60012196
7.5864973	-0.60170869
7.5964793	-0.60329751
7.6064613	-0.60488843
7.6164433	-0.60648144
7.6264253	-0.60807656
7.6364073	-0.60967377
7.6463893	-0.61127308
7.6563713	-0.61287449
7.6663533	-0.61447799
7.6763353	-0.61608359
7.6863173	-0.61769129
7.6962993	-0.61930109
7.7062813	-0.62091299
7.7162633	-0.62252698
7.7262452	-0.62414307
7.7362272	-0.62576126
7.7462092	-0.62738154
7.7561912	-0.62900392
7.7661732	-0.6306284
7.7761552	-0.63225497
7.7861372	-0.63388365
7.7961192	-0.63551442
7.8061012	-0.63714728
7.8160832	-0.63878224
7.8260652	-0.6404193
7.8360472	-0.64205846
7.8460292	-0.64369971
7.8560112	-0.64534306
7.8659932	-0.6469885
7.8759752	-0.64863604
7.8859572	-0.65028568
7.8959392	-0.65193741
7.9059212	-0.65359124
7.9159032	-0.65524716
7.9258852	-0.65690518
7.9358672	-0.6585653
7.9458492	-0.66022751
7.9558312	-0.66189182
7.9658132	-0.66355822
7.9757952	-0.66522672
7.9857772	-0.66689732
7.9957592	-0.66857001
8.0057411	-0.67024479
8.0157231	-0.67192167
8.0257051	-0.67360064
8.0356871	-0.67528171
8.0456691	-0.67696488
8.0556511	-0.67865014
8.0656331	-0.68033749
8.0756151	-0.68202694
8.0855971	-0.68371848
8.0955791	-0.68541212
8.1055611	-0.68710785
8.1155431	-0.68880568
8.1255251	-0.6905056
8.1355071	-0.69220761
8.1454891	-0.69391172
8.1554711	-0.69561792
8.1654531	-0.69732622
8.1754351	-0.69903661
8.1854171	-0.70074909
8.1953991	-0.70246367
8.2053811	-0.70418034
8.2153631	-0.7058991
8.2253451	-0.70761996
8.2353271	-0.70934291
8.2453091	-0.71106795
8.2552911	-0.71279508
8.2652731	-0.71452431
8.2752551	-0.71625563
8.285237	-0.71798905
8.295219	-0.71972455
8.305201	-0.72146215
8.315183	-0.72320184
8.325165	-0.72494363
8.335147	-0.7266875
8.345129	-0.72843347
8.355111	-0.73018153
8.365093	-0.73193168
8.375075	-0.73368392
8.385057	-0.73543826
8.395039	-0.73719468
8.405021	-0.7389532
8.415003	-0.74071381
8.424985	-0.74247651
8.434967	-0.7442413
8.444949	-0.74600818
8.454931	-0.74777715
8.464913	-0.74954821
8.474895	-0.75132137
8.484877	-0.75309661
8.494859	-0.75487394
8.504841	-0.75665337
8.514823	-0.75843488
8.524805	-0.76021849
8.534787	-0.76200418
8.544769	-0.76379196
8.554751	-0.76558184
8.5647329	-0.7673738
8.5747149	-0.76916785
8.5846969	-0.77096399
8.5946789	-0.77276222
8.6046609	-0.77456254
8.6146429	-0.77636495
8.6246249	-0.77816945
8.6346069	-0.77997603
8.6445889	-0.78178471
8.6545709	-0.78359547
8.6645529	-0.78540832
8.6745349	-0.78722326
8.6845169	-0.78904029
8.6944989	-0.7908594
8.7044809	-0.7926806
8.7144629	-0.79450389
8.7244449	-0.79632927
8.7344269	-0.79815674
8.7444089	-0.79998629
8.7543909	-0.80181793
8.7643729	-0.80365165
8.7743549	-0.80548747
8.7843369	-0.80732536
8.7943189	-0.80916535
8.8043009	-0.81100742
8.8142829	-0.81285158
8.8242649	-0.81469782
8.8342468	-0.81654615
8.8442288	-0.81839657
8.8542108	-0.82024907
8.8641928	-0.82210366
8.8741748	-0.82396033
8.8841568	-0.82581909
8.8941388	-0.82767993
8.9041208	-0.82954286
8.9141028	-0.83140787
8.9240848	-0.83327497
8.9340668	-0.83514415
8.9440488	-0.83701541
8.9540308	-0.83888876
8.9640128	-0.8407642
8.9739948	-0.84264171
8.9839768	-0.84452131
8.9939588	-0.846403
9.0039408	-0.84828677
9.0139228	-0.85017262
9.0239048	-0.85206055
9.0338868	-0.85395057
9.0438688	-0.85584267
9.0538508	-0.85773685
9.0638328	-0.85963312
9.0738148	-0.86153146
9.0837968	-0.86343189
9.0937788	-0.86533441
9.1037608	-0.867239
9.1137427	-0.86914567
9.1237247	-0.87105443
9.1337067	-0.87296527
9.1436887	-0.87487819
9.1536707	-0.87679318
9.1636527	-0.87871026
9.1736347	-0.88062943
9.1836167	-0.88255067
9.1935987	-0.88447399
9.2035807	-0.88639939
9.2135627	-0.88832687
9.2235447	-0.89025643
9.2335267	-0.89218807
9.2435087	-0.8941218
9.2534907	-0.89605759
9.2634727	-0.89799547
9.2734547	-0.89993543
9.2834367	-0.90187747
9.2934187	-0.90382158
9.3034007	-0.90576778
9.3133827	-0.90771605
9.3233647	-0.9096664
9.3333467	-0.91161882
9.3433287	-0.91357333
9.3533107	-0.91552991
9.3632927	-0.91748857
9.3732747	-0.91944931
9.3832567	-0.92141212
9.3932386	-0.92337701
9.4032206	-0.92534398
9.4132026	-0.92731302
9.4231846	-0.92928414
9.4331666	-0.93125733
9.4431486	-0.9332326
9.4531306	-0.93520995
9.4631126	-0.93718937
9.4730946	-0.93917087
9.4830766	-0.94115444
9.4930586	-0.94314009
9.5030406	-0.94512781
9.5130226	-0.9471176
9.5230046	-0.94910947
9.5329866	-0.95110342
9.5429686	-0.95309944
9.5529506	-0.95509753
9.5629326	-0.95709769
9.5729146	-0.95909993
9.5828966	-0.96110424
9.5928786	-0.96311062
9.6028606	-0.96511908
9.6128426	-0.96712961
9.6228246	-0.96914221
9.6328066	-0.97115688
9.6427886	-0.97317363
9.6527706	-0.97519244
9.6627526	-0.97721333
9.6727345	-0.97923629
9.6827165	-0.98126132
9.6926985	-0.98328842
9.7026805	-0.98531759
9.7126625	-0.98734883
9.7226445	-0.98938214
9.7326265	-0.99141752
9.7426085	-0.99345497
9.7525905	-0.99549449
9.7625725	-0.99753608
9.7725545	-0.99957974
9.7825365	-1.0016255
9.7925185	-1.0036733
9.8025005	-1.0057231
9.8124825	-1.0077751
9.8224645	-1.0098291
9.8324465	-1.0118851
9.8424285	-1.0139433
9.8524105	-1.0160035
9.8623925	-1.0180657
9.8723745	-1.0201301
9.8823565	-1.0221965
9.8923385	-1.0242649
9.9023205	-1.0263355
9.9123025	-1.0284081
9.9222845	-1.0304827
9.9322665	-1.0325595
9.9422484	-1.0346383
9.9522304	-1.0367191
9.9622124	-1.0388021
9.9721944	-1.040887
9.9821764	-1.0429741
9.9921584	-1.0450632
10.00214	-1.0471544
10.012122	-1.0492476
10.022104	-1.051343
10.032086	-1.0534403
10.042068	-1.0555398
10.05205	-1.0576413
10.062032	-1.0597448
10.072014	-1.0618504
10.081996	-1.0639581
10.091978	-1.0660679
10.10196	-1.0681797
10.111942	-1.0702935
10.121924	-1.0724095
10.131906	-1.0745275
10.141888	-1.0766475
10.15187	-1.0787696
10.161852	-1.0808938
10.171834	-1.08302
10.181816	-1.0851483
10.191798	-1.0872786
10.20178	-1.089411
10.211762	-1.0915455
10.221744	-1.093682
10.231726	-1.0958206
10.241708	-1.0979613
10.25169	-1.1001039
10.261672	-1.1022487
10.271654	-1.1043955
10.281636	-1.1065444
10.291618	-1.1086953
10.3016	-1.1108483
10.311582	-1.1130033
10.321564	-1.1151604
10.331546	-1.1173195
10.341528	-1.1194807
10.35151	-1.121644
10.361492	-1.1238093
10.371474	-1.1259767
10.381456	-1.1281461
10.391438	-1.1303176
10.40142	-1.1324911
10.411402	-1.1346667
10.421384	-1.1368443
10.431366	-1.139024
10.441348	-1.1412057
10.45133	-1.1433895
10.461312	-1.1455753
10.471294	-1.1477632
10.481276	-1.1499532
10.491258	-1.1521452
10.50124	-1.1543392
10.511222	-1.1565353
10.521204	-1.1587334
10.531186	-1.1609336
10.541168	-1.1631359
10.55115	-1.1653402
10.561132	-1.1675465
10.571114	-1.1697549
10.581096	-1.1719653
10.591078	-1.1741778
10.60106	-1.1763924
10.611042	-1.178609
10.621024	-1.1808276
10.631006	-1.1830483
10.640988	-1.185271
10.65097	-1.1874957
10.660952	-1.1897226
10.670934	-1.1919514
10.680916	-1.1941823
10.690898	-1.1964153
10.70088	-1.1986503
10.710862	-1.2008873
10.720844	-1.2031264
10.730826	-1.2053675
10.740808	-1.2076107
10.75079	-1.2098559
10.760772	-1.2121032
10.770754	-1.2143525
10.780736	-1.2166038
10.790718	-1.2188572
10.8007	-1.2211126
10.810682	-1.2233701
10.820664	-1.2256296
10.830646	-1.2278912
10.840628	-1.2301547
10.85061	-1.2324204
10.860592	-1.234688
10.870574	-1.2369578
10.880556	-1.2392295
10.890538	-1.2415033
10.90052	-1.2437791
10.910502	-1.246057
10.920484	-1.2483369
10.930466	-1.2506188
10.940448	-1.2529028
10.95043	-1.2551888
10.960412	-1.2574769
10.970394	-1.259767
10.980376	-1.2620591
10.990358	-1.2643532
11.00034	-1.2666494
11.010322	-1.2689477
11.020304	-1.2712479
11.030286	-1.2735502
11.040268	-1.2758546
11.05025	-1.2781609
11.060232	-1.2804693
11.070214	-1.2827798
11.080196	-1.2850922
11.090178	-1.2874067
11.10016	-1.2897232
11.110142	-1.2920418
11.120124	-1.2943624
11.130106	-1.296685
11.140088	-1.2990097
11.15007	-1.3013364
11.160052	-1.3036651
11.170034	-1.3059958
11.180016	-1.3083286
11.189998	-1.3106634
11.19998	-1.3130002
11.209962	-1.3153391
11.219944	-1.31768
11.229926	-1.3200229
11.239908	-1.3223678
11.24989	-1.3247148
11.259872	-1.3270638
11.269854	-1.3294148
11.279836	-1.3317678
11.289818	-1.3341229
11.2998	-1.33648
11.309782	-1.3388391
11.319764	-1.3412003
11.329746	-1.3435634
11.339728	-1.3459286
11.34971	-1.3482958
11.359692	-1.3506651
11.369674	-1.3530363
11.379656	-1.3554096
11.389638	-1.3577849
11.39962	-1.3601623
11.409602	-1.3625416
11.419584	-1.364923
11.429566	-1.3673064
11.439548	-1.3696918
11.44953	-1.3720792
11.459512	-1.3744686
11.469494	-1.3768601
11.479476	-1.3792536
11.489458	-1.3816491
11.49944	-1.3840466
11.509422	-1.3864461
11.519404	-1.3888477
11.529386	-1.3912513
11.539368	-1.3936568
11.54935	-1.3960644
11.559332	-1.3984741
11.569314	-1.4008857
11.579296	-1.4032993
11.589278	-1.405715
11.59926	-1.4081327
11.609242	-1.4105524
11.619224	-1.4129741
11.629206	-1.4153978
11.639188	-1.4178235
11.64917	-1.4202512
11.659152	-1.422681
11.669134	-1.4251127
11.679116	-1.4275465
11.689098	-1.4299823
11.69908	-1.4324201
11.709062	-1.4348599
11.719044	-1.4373017
11.729026	-1.4397455
11.739008	-1.4421913
11.74899	-1.4446392
11.758972	-1.447089
11.768954	-1.4495409
11.778936	-1.4519947
11.788918	-1.4544506
11.7989	-1.4569084
11.808882	-1.4593683
11.818864	-1.4618302
11.828846	-1.4642941
11.838828	-1.46676
11.84881	-1.4692279
11.858792	-1.4716977
11.868774	-1.4741696
11.878756	-1.4766435
11.888738	-1.4791194
11.89872	-1.4815974
11.908702	-1.4840773
11.918684	-1.4865592
11.928666	-1.4890431
11.938648	-1.491529
11.94863	-1.4940169
11.958612	-1.4965068
11.968594	-1.4989987
11.978576	-1.5014926
11.988558	-1.5039885
11.99854	-1.5064864
12.008522	-1.5089863
12.018504	-1.5114882
12.028486	-1.5139921
12.038468	-1.516498
12.04845	-1.5190058
12.058432	-1.5215157
12.068414	-1.5240276
12.078396	-1.5265415
12.088378	-1.5290573
12.09836	-1.5315752
12.108342	-1.534095
12.118324	-1.5366168
12.128306	-1.5391407
12.138288	-1.5416665
12.14827	-1.5441943
12.158252	-1.5467241
12.168234	-1.5492559
12.178216	-1.5517897
12.188198	-1.5543255
12.19818	-1.5568632
12.208162	-1.559403
12.218144	-1.5619447
12.228126	-1.5644884
12.238108	-1.5670341
12.24809	-1.5695818
12.258072	-1.5721315
12.268054	-1.5746832
12.278036	-1.5772369
12.288018	-1.5797925
12.298	-1.5823501
12.307982	-1.5849097
12.317964	-1.5874713
12.327946	-1.5900349
12.337928	-1.5926005
12.34791	-1.595168
12.357892	-1.5977375
12.367874	-1.600309
12.377856	-1.6028825
12.387838	-1.605458
12.39782	-1.6080354
12.407802	-1.6106149
12.417784	-1.6131963
12.427766	-1.6157796
12.437748	-1.618365
12.44773	-1.6209523
12.457712	-1.6235417
12.467694	-1.6261329
12.477676	-1.6287262
12.487658	-1.6313215
12.49764	-1.6339187
12.507622	-1.6365179
12.517604	-1.639119
12.527586	-1.6417222
12.537568	-1.6443273
12.54755	-1.6469344
12.557532	-1.6495434
12.567514	-1.6521545
12.577495	-1.6547675
12.587477	-1.6573825
12.597459	-1.6599994
12.607441	-1.6626183
12.617423	-1.6652392
12.627405	-1.667862
12.637387	-1.6704869
12.647369	-1.6731137
12.657351	-1.6757424
12.667333	-1.6783731
12.677315	-1.6810058
12.687297	-1.6836405
12.697279	-1.6862771
12.707261	-1.6889157
12.717243	-1.6915563
12.727225	-1.6941988
12.737207	-1.6968433
12.747189	-1.6994897
12.757171	-1.7021381
12.767153	-1.7047885
12.777135	-1.7074408
12.787117	-1.7100951
12.797099	-1.7127514
12.807081	-1.7154096
12.817063	-1.7180697
12.827045	-1.7207319
12.837027	-1.723396
12.847009	-1.726062
12.856991	-1.72873
12.866973	-1.7314
12.876955	-1.7340719
12.886937	-1.7367458
12.896919	-1.7394216
12.906901	-1.7420994
12.916883	-1.7447791
12.926865	-1.7474608
12.936847	-1.7501445
12.946829	-1.7528301
12.956811	-1.7555176
12.966793	-1.7582071
12.976775	-1.7608986
12.986757	-1.763592
12.996739	-1.7662874
13.006721	-1.7689847
13.016703	-1.7716839
13.026685	-1.7743852
13.036667	-1.7770883
13.046649	-1.7797934
13.056631	-1.7825005
13.066613	-1.7852095
13.076595	-1.7879204
13.086577	-1.7906333
13.096559	-1.7933481
13.106541	-1.7960649
13.116523	-1.7987837
13.126505	-1.8015043
13.136487	-1.8042269
13.146469	-1.8069515
13.156451	-1.809678
13.166433	-1.8124064
13.176415	-1.8151368
13.186397	-1.8178691
13.196379	-1.8206034
13.206361	-1.8233396
13.216343	-1.8260777
13.226325	-1.8288178
13.236307	-1.8315598
13.246289	-1.8343038
13.256271	-1.8370497
13.266253	-1.8397975
13.276235	-1.8425473
13.286217	-1.845299
13.296199	-1.8480526
13.306181	-1.8508082
13.316163	-1.8535657
13.326145	-1.8563251
13.336127	-1.8590865
13.346109	-1.8618497
13.356091	-1.864615
13.366073	-1.8673821
13.376055	-1.8701512
13.386037	-1.8729222
13.396019	-1.8756952
13.406001	-1.8784701
13.415983	-1.8812469
13.425965	-1.8840256
13.435947	-1.8868063
13.445929	-1.8895888
13.455911	-1.8923734
13.465893	-1.8951598
13.475875	-1.8979482
13.485857	-1.9007384
13.495839	-1.9035307
13.505821	-1.9063248
13.515803	-1.9091208
13.525785	-1.9119188
13.535767	-1.9147187
13.545749	-1.9175205
13.555731	-1.9203243
13.565713	-1.9231299
13.575695	-1.9259375
13.585677	-1.928747
13.595659	-1.9315584
13.605641	-1.9343717
13.615623	-1.937187
13.625605	-1.9400042
13.635587	-1.9428232
13.645569	-1.9456442
13.655551	-1.9484671
13.665533	-1.951292
13.675515	-1.9541187
13.685497	-1.9569473
13.695479	-1.9597779
13.705461	-1.9626104
13.715443	-1.9654448
13.725425	-1.9682811
13.735407	-1.9711193
13.745389	-1.9739594
13.755371	-1.9768014
13.765353	-1.9796453
13.775335	-1.9824912
13.785317	-1.9853389
13.795299	-1.9881886
13.805281	-1.9910401
13.815263	-1.9938936
13.825245	-1.9967489
13.835227	-1.9996062
13.845209	-2.0024654
13.855191	-2.0053265
13.865173	-2.0081894
13.875155	-2.0110543
13.885137	-2.0139211
13.895119	-2.0167898
13.905101	-2.0196604
13.915083	-2.0225328
13.925065	-2.0254072
13.935047	-2.0282835
13.945029	-2.0311617
13.955011	-2.0340417
13.964993	-2.0369237
13.974975	-2.0398076
13.984957	-2.0426933
13.994939	-2.045581
14.004921	-2.0484705
14.014903	-2.051362
14.024885	-2.0542553
14.034867	-2.0571505
14.044849	-2.0600476
14.054831	-2.0629466
14.064813	-2.0658475
14.074795	-2.0687503
14.084777	-2.071655
14.094759	-2.0745616
14.104741	-2.07747
14.114723	-2.0803803
14.124705	-2.0832926
14.134687	-2.0862067
14.144669	-2.0891227
14.154651	-2.0920406
14.164633	-2.0949603
14.174615	-2.097882
14.184597	-2.1008055
14.194579	-2.1037309
14.204561	-2.1066582
14.214543	-2.1095874
14.224525	-2.1125184
14.234507	-2.1154514
14.244489	-2.1183862
14.254471	-2.1213229
14.264453	-2.1242614
14.274435	-2.1272019
14.284417	-2.1301442
14.294399	-2.1330884
14.304381	-2.1360345
14.314363	-2.1389824
14.324345	-2.1419322
14.334327	-2.1448839
14.344309	-2.1478375
14.354291	-2.150793
14.364273	-2.1537503
14.374255	-2.1567095
14.384237	-2.1596705
14.394219	-2.1626334
14.404201	-2.1655982
14.414183	-2.1685649
14.424165	-2.1715334
14.434147	-2.1745038
14.444129	-2.1774761
14.454111	-2.1804502
14.464093	-2.1834262
14.474075	-2.186404
14.484057	-2.1893838
14.494039	-2.1923653
14.504021	-2.1953488
14.514003	-2.1983341
14.523985	-2.2013213
14.533967	-2.2043103
14.543949	-2.2073012
14.553931	-2.2102939
14.563913	-2.2132885
14.573895	-2.216285
14.583877	-2.2192833
14.593859	-2.2222835
14.603841	-2.2252855
14.613823	-2.2282894
14.623805	-2.2312952
14.633787	-2.2343028
14.643769	-2.2373122
14.653751	-2.2403235
14.663733	-2.2433367
14.673715	-2.2463517
14.683697	-2.2493685
14.693679	-2.2523873
14.703661	-2.2554078
14.713643	-2.2584302
14.723625	-2.2614545
14.733607	-2.2644806
14.743589	-2.2675085
14.753571	-2.2705383
14.763553	-2.27357
14.773535	-2.2766034
14.783517	-2.2796388
14.793499	-2.282676
14.803481	-2.285715
14.813463	-2.2887558
14.823445	-2.2917985
14.833427	-2.2948431
14.843409	-2.2978894
14.853391	-2.3009377
14.863373	-2.3039877
14.873355	-2.3070396
14.883337	-2.3100933
14.893319	-2.3131489
14.903301	-2.3162063
14.913283	-2.3192656
14.923265	-2.3223266
14.933247	-2.3253896
14.943229	-2.3284543
14.953211	-2.3315209
14.963193	-2.3345893
14.973175	-2.3376595
14.983157	-2.3407316
14.993139	-2.3438055
15.003121	-2.3468812
15.013103	-2.3499588
15.023085	-2.3530382
15.033067	-2.3561194
15.043049	-2.3592024
15.053031	-2.3622873
15.063013	-2.365374
15.072995	-2.3684625
15.082977	-2.3715528
15.092959	-2.374645
15.102941	-2.377739
15.112923	-2.3808348
15.122905	-2.3839324
15.132887	-2.3870318
15.142869	-2.3901331
15.152851	-2.3932362
15.162833	-2.3963411
15.172815	-2.3994478
15.182797	-2.4025563
15.192779	-2.4056667
15.202761	-2.4087789
15.212743	-2.4118928
15.222725	-2.4150086
15.232707	-2.4181262
15.242689	-2.4212457
15.252671	-2.4243669
15.262653	-2.42749
15.272635	-2.4306148
15.282617	-2.4337415
15.292599	-2.4368699
15.302581	-2.4400002
15.312563	-2.4431323
15.322545	-2.4462662
15.332527	-2.4494019
15.342509	-2.4525394
15.35249	-2.4556787
15.362472	-2.4588199
15.372454	-2.4619628
15.382436	-2.4651075
15.392418	-2.468254
15.4024	-2.4714024
15.412382	-2.4745525
15.422364	-2.4777044
15.432346	-2.4808581
15.442328	-2.4840137
15.45231	-2.487171
15.462292	-2.4903301
15.472274	-2.493491
15.482256	-2.4966537
15.492238	-2.4998182
15.50222	-2.5029845
15.512202	-2.5061526
15.522184	-2.5093225
15.532166	-2.5124942
15.542148	-2.5156677
15.55213	-2.5188429
15.562112	-2.52202
15.572094	-2.5251988
15.582076	-2.5283794
15.592058	-2.5315619
15.60204	-2.5347461
15.612022	-2.537932
15.622004	-2.5411198
15.631986	-2.5443094
15.641968	-2.5475007
15.65195	-2.5506938
15.661932	-2.5538888
15.671914	-2.5570854
15.681896	-2.5602839
15.691878	-2.5634842
15.70186	-2.5666862
15.711842	-2.56989
15.721824	-2.5730956
15.731806	-2.576303
15.741788	-2.5795121
15.75177	-2.582723
15.761752	-2.5859357
15.771734	-2.5891502
15.781716	-2.5923664
15.791698	-2.5955844
15.80168	-2.5988042
15.811662	-2.6020258
15.821644	-2.6052491
15.831626	-2.6084742
15.841608	-2.611701
15.85159	-2.6149297
15.861572	-2.6181601
15.871554	-2.6213923
15.881536	-2.6246262
15.891518	-2.6278619
15.9015	-2.6310994
15.911482	-2.6343386
15.921464	-2.6375796
15.931446	-2.6408223
15.941428	-2.6440669
15.95141	-2.6473131
15.961392	-2.6505612
15.971374	-2.653811
15.981356	-2.6570625
15.991338	-2.6603158
16.00132	-2.6635709
16.011302	-2.6668277
16.021284	-2.6700863
16.031266	-2.6733467
16.041248	-2.6766088
16.05123	-2.6798726
16.061212	-2.6831382
16.071194	-2.6864056
16.081176	-2.6896747
16.091158	-2.6929455
16.10114	-2.6962181
16.111122	-2.6994925
16.121104	-2.7027686
16.131086	-2.7060464
16.141068	-2.709326
16.15105	-2.7126074
16.161032	-2.7158905
16.171014	-2.7191753
16.180996	-2.7224619
16.190978	-2.7257502
16.20096	-2.7290402
16.210942	-2.732332
16.220924	-2.7356256
16.230906	-2.7389209
16.240888	-2.7422179
16.25087	-2.7455166
16.260852	-2.7488171
16.270834	-2.7521194
16.280816	-2.7554233
16.290798	-2.758729
16.30078	-2.7620365
16.310762	-2.7653456
16.320744	-2.7686566
16.330726	-2.7719692
16.340708	-2.7752836
16.35069	-2.7785997
16.360672	-2.7819175
16.370654	-2.785237
16.380636	-2.7885583
16.390618	-2.7918813
16.4006	-2.7952061
16.410582	-2.7985326
16.420564	-2.8018607
16.430546	-2.8051907
16.440528	-2.8085223
16.45051	-2.8118557
16.460492	-2.8151908
16.470474	-2.8185276
16.480456	-2.8218661
16.490438	-2.8252063
16.50042	-2.8285483
16.510402	-2.831892
16.520384	-2.8352374
16.530366	-2.8385845
16.540348	-2.8419333
16.55033	-2.8452839
16.560312	-2.8486362
16.570294	-2.8519901
16.580276	-2.8553458
16.590258	-2.8587032
16.60024	-2.8620623
16.610222	-2.8654232
16.620204	-2.8687857
16.630186	-2.8721499
16.640168	-2.8755159
16.65015	-2.8788835
16.660132	-2.8822529
16.670114	-2.885624
16.680096	-2.8889967
16.690078	-2.8923712
16.70006	-2.8957474
16.710042	-2.8991253
16.720024	-2.9025049
16.730006	-2.9058862
16.739988	-2.9092691
16.74997	-2.9126538
16.759952	-2.9160402
16.769934	-2.9194283
16.779916	-2.9228181
16.789898	-2.9262095
16.79988	-2.9296027
16.809862	-2.9329976
16.819844	-2.9363941
16.829826	-2.9397924
16.839808	-2.9431923
16.84979	-2.946594
16.859772	-2.9499973
16.869754	-2.9534023
16.879736	-2.956809
16.889718	-2.9602174
16.8997	-2.9636275
16.909682	-2.9670392
16.919664	-2.9704527
16.929646	-2.9738678
16.939628	-2.9772847
16.94961	-2.9807032
16.959592	-2.9841233
16.969574	-2.9875452
16.979556	-2.9909688
16.989538	-2.994394
16.99952	-2.9978209
17.009502	-3.0012495
17.019484	-3.0046798
17.029466	-3.0081117
17.039448	-3.0115453
17.04943	-3.0149806
17.059412	-3.0184176
17.069394	-3.0218562
17.079376	-3.0252965
17.089358	-3.0287385
17.09934	-3.0321822
17.109322	-3.0356275
17.119304	-3.0390745
17.129286	-3.0425232
17.139268	-3.0459735
17.14925	-3.0494255
17.159232	-3.0528792
17.169214	-3.0563345
17.179196	-3.0597915
17.189178	-3.0632502
17.19916	-3.0667105
17.209142	-3.0701725
17.219124	-3.0736362
17.229106	-3.0771015
17.239088	-3.0805684
17.24907	-3.0840371
17.259052	-3.0875074
17.269034	-3.0909793
17.279016	-3.0944529
17.288998	-3.0979282
17.29898	-3.1014051
17.308962	-3.1048836
17.318944	-3.1083639
17.328926	-3.1118457
17.338908	-3.1153293
17.34889	-3.1188144
17.358872	-3.1223013
17.368854	-3.1257897
17.378836	-3.1292799
17.388818	-3.1327716
17.3988	-3.1362651
17.408782	-3.1397601
17.418764	-3.1432568
17.428746	-3.1467552
17.438728	-3.1502552
17.44871	-3.1537568
17.458692	-3.1572601
17.468674	-3.160765
17.478656	-3.1642716
17.488638	-3.1677798
17.49862	-3.1712896
17.508602	-3.1748011
17.518584	-3.1783142
17.528566	-3.181829
17.538548	-3.1853454
17.54853	-3.1888634
17.558512	-3.1923831
17.568494	-3.1959043
17.578476	-3.1994273
17.588458	-3.2029518
17.59844	-3.206478
17.608422	-3.2100058
17.618404	-3.2135352
17.628386	-3.2170663
17.638368	-3.220599
17.64835	-3.2241333
17.658332	-3.2276693
17.668314	-3.2312068
17.678296	-3.234746
17.688278	-3.2382869
17.69826	-3.2418293
17.708242	-3.2453734
17.718224	-3.248919
17.728206	-3.2524663
17.738188	-3.2560153
17.74817	-3.2595658
17.758152	-3.263118
17.768134	-3.2666717
17.778116	-3.2702271
17.788098	-3.2737841
17.79808	-3.2773427
17.808062	-3.2809029
17.818044	-3.2844648
17.828026	-3.2880282
17.838008	-3.2915933
17.84799	-3.29516
17.857972	-3.2987282
17.867954	-3.3022981
17.877936	-3.3058696
17.887918	-3.3094427
17.8979	-3.3130174
17.907882	-3.3165937
17.917864	-3.3201716
17.927846	-3.3237512
17.937828	-3.3273323
17.94781	-3.330915
17.957792	-3.3344993
17.967774	-3.3380852
17.977756	-3.3416727
17.987738	-3.3452619
17.99772	-3.3488526
18.007702	-3.3524449
18.017684	-3.3560388
18.027666	-3.3596343
18.037648	-3.3632314
18.04763	-3.3668301
18.057612	-3.3704303
18.067594	-3.3740322
18.077576	-3.3776356
18.087558	-3.3812407
18.09754	-3.3848473
18.107522	-3.3884555
18.117504	-3.3920654
18.127485	-3.3956767
18.137467	-3.3992897
18.147449	-3.4029043
18.157431	-3.4065204
18.167413	-3.4101382
18.177395	-3.4137575
18.187377	-3.4173784
18.197359	-3.4210008
18.207341	-3.4246249
18.217323	-3.4282505
18.227305	-3.4318777
18.237287	-3.4355065
18.247269	-3.4391369
18.257251	-3.4427688
18.267233	-3.4464023
18.277215	-3.4500374
18.287197	-3.453674
18.297179	-3.4573123
18.307161	-3.4609521
18.317143	-3.4645934
18.327125	-3.4682364
18.337107	-3.4718809
18.347089	-3.4755269
18.357071	-3.4791746
18.367053	-3.4828238
18.377035	-3.4864745
18.387017	-3.4901269
18.396999	-3.4937807
18.406981	-3.4974362
18.416963	-3.5010932
18.426945	-3.5047518
18.436927	-3.5084119
18.446909	-3.5120736
18.456891	-3.5157369
18.466873	-3.5194017
18.476855	-3.523068
18.486837	-3.526736
18.496819	-3.5304054
18.506801	-3.5340765
18.516783	-3.5377491
18.526765	-3.5414232
18.536747	-3.5450989
18.546729	-3.5487761
18.556711	-3.5524549
18.566693	-3.5561352
18.576675	-3.5598171
18.586657	-3.5635005
18.596639	-3.5671855
18.606621	-3.570872
18.616603	-3.5745601
18.626585	-3.5782497
18.636567	-3.5819408
18.646549	-3.5856335
18.656531	-3.5893277
18.666513	-3.5930235
18.676495	-3.5967208
18.686477	-3.6004197
18.696459	-3.6041201
18.706441	-3.607822
18.716423	-3.6115254
18.726405	-3.6152304
18.736387	-3.6189369
18.746369	-3.622645
18.756351	-3.6263546
18.766333	-3.6300657
18.776315	-3.6337784
18.786297	-3.6374925
18.796279	-3.6412083
18.806261	-3.6449255
18.816243	-3.6486443
18.826225	-3.6523645
18.836207	-3.6560864
18.846189	-3.6598097
18.856171	-3.6635346
18.866153	-3.6672609
18.876135	-3.6709889
18.886117	-3.6747183
18.896099	-3.6784492
18.906081	-3.6821817
18.916063	-3.6859157
18.926045	-3.6896512
18.936027	-3.6933882
18.946009	-3.6971267
18.955991	-3.7008668
18.965973	-3.7046084
18.975955	-3.7083514
18.985937	-3.712096
18.995919	-3.7158421
19.005901	-3.7195897
19.015883	-3.7233389
19.025865	-3.7270895
19.035847	-3.7308416
19.045829	-3.7345953
19.055811	-3.7383504
19.065793	-3.7421071
19.075775	-3.7458653
19.085757	-3.7496249
19.095739	-3.7533861
19.105721	-3.7571488
19.115703	-3.7609129
19.125685	-3.7646786
19.135667	-3.7684458
19.145649	-3.7722144
19.155631	-3.7759846
19.165613	-3.7797563
19.175595	-3.7835294
19.185577	-3.7873041
19.195559	-3.7910802
19.205541	-3.7948579
19.215523	-3.798637
19.225505	-3.8024176
19.235487	-3.8061998
19.245469	-3.8099834
19.255451	-3.8137685
19.265433	-3.817555
19.275415	-3.8213431
19.285397	-3.8251327
19.295379	-3.8289237
19.305361	-3.8327162
19.315343	-3.8365103
19.325325	-3.8403058
19.335307	-3.8441027
19.345289	-3.8479012
19.355271	-3.8517011
19.365253	-3.8555025
19.375235	-3.8593054
19.385217	-3.8631098
19.395199	-3.8669157
19.405181	-3.870723
19.415163	-3.8745318
19.425145	-3.8783421
19.435127	-3.8821538
19.445109	-3.885967
19.455091	-3.8897817
19.465073	-3.8935979
19.475055	-3.8974155
19.485037	-3.9012346
19.495019	-3.9050552
19.505001	-3.9088772
19.514983	-3.9127007
19.524965	-3.9165257
19.534947	-3.9203521
19.544929	-3.92418
19.554911	-3.9280094
19.564893	-3.9318402
19.574875	-3.9356725
19.584857	-3.9395062
19.594839	-3.9433414
19.604821	-3.9471781
19.614803	-3.9510162
19.624785	-3.9548558
19.634767	-3.9586968
19.644749	-3.9625393
19.654731	-3.9663832
19.664713	-3.9702286
19.674695	-3.9740755
19.684677	-3.9779238
19.694659	-3.9817735
19.704641	-3.9856247
19.714623	-3.9894774
19.724605	-3.9933315
19.734587	-3.997187
19.744569	-4.001044
19.754551	-4.0049024
19.764533	-4.0087623
19.774515	-4.0126236
19.784497	-4.0164864
19.794479	-4.0203506
19.804461	-4.0242163
19.814443	-4.0280834
19.824425	-4.0319519
19.834407	-4.0358219
19.844389	-4.0396933
19.854371	-4.0435661
19.864353	-4.0474404
19.874335	-4.0513161
19.884317	-4.0551932
19.894299	-4.0590718
19.904281	-4.0629518
19.914263	-4.0668333
19.924245	-4.0707161
19.934227	-4.0746005
19.944209	-4.0784862
19.954191	-4.0823733
19.964173	-4.0862619
19.974155	-4.090152
19.984137	-4.0940434
19.994119	-4.0979363
20.004101	-4.1018305
20.014083	-4.1057263
20.024065	-4.1096234
20.034047	-4.1135219
20.044029	-4.1174219
20.054011	-4.1213233
20.063993	-4.1252261
20.073975	-4.1291304
20.083957	-4.133036
20.093939	-4.1369431
20.103921	-4.1408515
20.113903	-4.1447614
20.123885	-4.1486727
20.133867	-4.1525855
20.143849	-4.1564996
20.153831	-4.1604151
20.163813	-4.1643321
20.173795	-4.1682504
20.183777	-4.1721702
20.193759	-4.1760914
20.203741	-4.180014
20.213723	-4.183938
20.223705	-4.1878633
20.233687	-4.1917901
20.243669	-4.1957183
20.253651	-4.1996479
20.263633	-4.2035789
20.273615	-4.2075113
20.283597	-4.2114451
20.293579	-4.2153803
20.303561	-4.2193169
20.313543	-4.2232549
20.323525	-4.2271943
20.333507	-4.2311351
20.343489	-4.2350773
20.353471	-4.2390208
20.363453	-4.2429658
20.373435	-4.2469122
20.383417	-4.2508599
20.393399	-4.254809
20.403381	-4.2587596
20.413363	-4.2627115
20.423345	-4.2666648
20.433327	-4.2706195
20.443309	-4.2745755
20.453291	-4.278533
20.463273	-4.2824918
20.473255	-4.2864521
20.483237	-4.2904137
20.493219	-4.2943766
20.503201	-4.298341
20.513183	-4.3023068
20.523165	-4.3062739
20.533147	-4.3102424
20.543129	-4.3142123
20.553111	-4.3181835
20.563093	-4.3221561
20.573075	-4.3261301
20.583057	-4.3301055
20.593039	-4.3340823
20.603021	-4.3380604
20.613003	-4.3420399
20.622985	-4.3460207
20.632967	-4.350003
20.642949	-4.3539866
20.652931	-4.3579715
20.662913	-4.3619579
20.672895	-4.3659456
20.682877	-4.3699346
20.692859	-4.3739251
20.702841	-4.3779169
20.712823	-4.38191
20.722805	-4.3859045
20.732787	-4.3899004
20.742769	-4.3938976
20.752751	-4.3978962
20.762733	-4.4018962
20.772715	-4.4058975
20.782697	-4.4099001
20.792679	-4.4139041
20.802661	-4.4179095
20.812643	-4.4219162
20.822625	-4.4259243
20.832607	-4.4299337
20.842589	-4.4339445
20.852571	-4.4379566
20.862553	-4.4419701
20.872535	-4.445985
20.882517	-4.4500011
20.892498	-4.4540186
20.90248	-4.4580375
20.912462	-4.4620577
20.922444	-4.4660793
20.932426	-4.4701022
20.942408	-4.4741264
20.95239	-4.478152
20.962372	-4.4821789
20.972354	-4.4862072
20.982336	-4.4902368
20.992318	-4.4942677
21.0023	-4.4983
21.012282	-4.5023336
21.022264	-4.5063685
21.032246	-4.5104048
21.042228	-4.5144424
21.05221	-4.5184814
21.062192	-4.5225217
21.072174	-4.5265633
21.082156	-4.5306062
21.092138	-4.5346505
21.10212	-4.5386961
21.112102	-4.542743
21.122084	-4.5467913
21.132066	-4.5508408
21.142048	-4.5548917
21.15203	-4.558944
21.162012	-4.5629975
21.171994	-4.5670524
21.181976	-4.5711086
21.191958	-4.5751661
21.20194	-4.5792249
21.211922	-4.5832851
21.221904	-4.5873465
21.231886	-4.5914093
21.241868	-4.5954734
21.25185	-4.5995389
21.261832	-4.6036056
21.271814	-4.6076736
21.281796	-4.611743
21.291778	-4.6158137
21.30176	-4.6198857
21.311742	-4.623959
21.321724	-4.6280336
21.331706	-4.6321095
21.341688	-4.6361867
21.35167	-4.6402652
21.361652	-4.6443451
21.371634	-4.6484262
21.381616	-4.6525086
21.391598	-4.6565924
21.40158	-4.6606774
21.411562	-4.6647638
21.421544	-4.6688514
21.431526	-4.6729404
21.441508	-4.6770306
21.45149	-4.6811222
21.461472	-4.685215
21.471454	-4.6893092
21.481436	-4.6934046
21.491418	-4.6975014
21.5014	-4.7015994
21.511382	-4.7056987
21.521364	-4.7097993
21.531346	-4.7139012
21.541328	-4.7180044
21.55131	-4.7221089
21.561292	-4.7262147
21.571274	-4.7303218
21.581256	-4.7344301
21.591238	-4.7385397
21.60122	-4.7426507
21.611202	-4.7467629
21.621184	-4.7508764
21.631166	-4.7549911
21.641148	-4.7591072
21.65113	-4.7632245
21.661112	-4.7673432
21.671094	-4.7714631
21.681076	-4.7755842
21.691058	-4.7797067
21.70104	-4.7838304
21.711022	-4.7879554
21.721004	-4.7920817
21.730986	-4.7962093
21.740968	-4.8003381
21.75095	-4.8044682
21.760932	-4.8085996
21.770914	-4.8127322
21.780896	-4.8168662
21.790878	-4.8210014
21.80086	-4.8251378
21.810842	-4.8292755
21.820824	-4.8334145
21.830806	-4.8375548
21.840788	-4.8416963
21.85077	-4.8458391
21.860752	-4.8499832
21.870734	-4.8541285
21.880716	-4.858275
21.890698	-4.8624229
21.90068	-4.866572
21.910662	-4.8707223
21.920644	-4.8748739
21.930626	-4.8790268
21.940608	-4.883181
21.95059	-4.8873363
21.960572	-4.891493
21.970554	-4.8956509
21.980536	-4.89981
21.990518	-4.9039704
22.0005	-4.9081321
22.010482	-4.912295
22.020464	-4.9164591
22.030446	-4.9206245
22.040428	-4.9247912
22.05041	-4.9289591
22.060392	-4.9331282
22.070374	-4.9372986
22.080356	-4.9414703
22.090338	-4.9456431
22.10032	-4.9498173
22.110302	-4.9539926
22.120284	-4.9581692
22.130266	-4.9623471
22.140248	-4.9665262
22.15023	-4.9707065
22.160212	-4.9748881
22.170194	-4.9790709
22.180176	-4.9832549
22.190158	-4.9874402
22.20014	-4.9916267
22.210122	-4.9958145
22.220104	-5.0000034
22.230086	-5.0041937
22.240068	-5.0083851
22.25005	-5.0125778
22.260032	-5.0167717
22.270014	-5.0209668
22.279996	-5.0251632
22.289978	-5.0293608
22.29996	-5.0335596
22.309942	-5.0377596
22.319924	-5.0419609
22.329906	-5.0461634
22.339888	-5.0503671
22.34987	-5.054572
22.359852	-5.0587782
22.369834	-5.0629856
22.379816	-5.0671942
22.389798	-5.071404
22.39978	-5.075615
22.409762	-5.0798273
22.419744	-5.0840408
22.429726	-5.0882555
22.439708	-5.0924714
22.44969	-5.0966885
22.459672	-5.1009068
22.469654	-5.1051264
22.479636	-5.1093471
22.489618	-5.1135691
22.4996	-5.1177923
22.509582	-5.1220166
22.519564	-5.1262422
22.529546	-5.130469
22.539528	-5.134697
22.54951	-5.1389263
22.559492	-5.1431567
22.569474	-5.1473883
22.579456	-5.1516211
22.589438	-5.1558552
22.59942	-5.1600904
22.609402	-5.1643268
22.619384	-5.1685645
22.629366	-5.1728033
22.639348	-5.1770433
22.64933	-5.1812846
22.659312	-5.185527
22.669294	-5.1897706
22.679276	-5.1940154
22.689258	-5.1982614
22.69924	-5.2025087
22.709222	-5.2067571
22.719204	-5.2110066
22.729186	-5.2152574
22.739168	-5.2195094
22.74915	-5.2237626
22.759132	-5.2280169
22.769114	-5.2322725
22.779096	-5.2365292
22.789078	-5.2407871
22.79906	-5.2450462
22.809042	-5.2493065
22.819024	-5.2535679
22.829006	-5.2578306
22.838988	-5.2620944
22.84897	-5.2663594
22.858952	-5.2706256
22.868934	-5.274893
22.878916	-5.2791616
22.888898	-5.2834313
22.89888	-5.2877022
22.908862	-5.2919743
22.918844	-5.2962475
22.928826	-5.300522
22.938808	-5.3047976
22.94879	-5.3090744
22.958772	-5.3133523
22.968754	-5.3176315
22.978736	-5.3219118
22.988718	-5.3261932
22.9987	-5.3304759
23.008682	-5.3347597
23.018664	-5.3390446
23.028646	-5.3433308
23.038628	-5.3476181
23.04861	-5.3519066
23.058592	-5.3561962
23.068574	-5.360487
23.078556	-5.364779
23.088538	-5.3690721
23.09852	-5.3733664
23.108502	-5.3776618
23.118484	-5.3819584
23.128466	-5.3862562
23.138448	-5.3905551
23.14843	-5.3948552
23.158412	-5.3991564
23.168394	-5.4034588
23.178376	-5.4077624
23.188358	-5.4120671
23.19834	-5.4163729
23.208322	-5.4206799
23.218304	-5.4249881
23.228286	-5.4292974
23.238268	-5.4336079
23.24825	-5.4379195
23.258232	-5.4422322
23.268214	-5.4465461
23.278196	-5.4508612
23.288178	-5.4551774
23.29816	-5.4594947
23.308142	-5.4638132
23.318124	-5.4681329
23.328106	-5.4724536
23.338088	-5.4767756
23.34807	-5.4810986
23.358052	-5.4854228
23.368034	-5.4897481
23.378016	-5.4940746
23.387998	-5.4984022
23.39798	-5.502731
23.407962	-5.5070609
23.417944	-5.5113919
23.427926	-5.5157241
23.437908	-5.5200574
23.44789	-5.5243918
23.457872	-5.5287273
23.467854	-5.533064
23.477836	-5.5374019
23.487818	-5.5417408
23.4978	-5.5460809
23.507782	-5.5504221
23.517764	-5.5547644
23.527746	-5.5591079
23.537728	-5.5634525
23.54771	-5.5677982
23.557692	-5.572145
23.567674	-5.576493
23.577656	-5.5808421
23.587638	-5.5851923
23.59762	-5.5895436
23.607602	-5.5938961
23.617584	-5.5982497
23.627566	-5.6026044
23.637548	-5.6069602
23.64753	-5.6113171
23.657512	-5.6156751
23.667493	-5.6200343
23.677475	-5.6243946
23.687457	-5.628756
23.697439	-5.6331185
23.707421	-5.6374821
23.717403	-5.6418468
23.727385	-5.6462127
23.737367	-5.6505796
23.747349	-5.6549477
23.757331	-5.6593169
23.767313	-5.6636871
23.777295	-5.6680585
23.787277	-5.672431
23.797259	-5.6768046
23.807241	-5.6811793
23.817223	-5.6855551
23.827205	-5.689932
23.837187	-5.6943101
23.847169	-5.6986892
23.857151	-5.7030694
23.867133	-5.7074507
23.877115	-5.7118331
23.887097	-5.7162166
23.897079	-5.7206013
23.907061	-5.724987
23.917043	-5.7293738
23.927025	-5.7337617
23.937007	-5.7381507
23.946989	-5.7425408
23.956971	-5.746932
23.966953	-5.7513243
23.976935	-5.7557176
23.986917	-5.7601121
23.996899	-5.7645077
24.006881	-5.7689043
24.016863	-5.773302
24.026845	-5.7777009
24.036827	-5.7821008
24.046809	-5.7865018
24.056791	-5.7909039
24.066773	-5.795307
24.076755	-5.7997113
24.086737	-5.8041166
24.096719	-5.808523
24.106701	-5.8129305
24.116683	-5.8173391
24.126665	-5.8217488
24.136647	-5.8261595
24.146629	-5.8305714
24.156611	-5.8349843
24.166593	-5.8393982
24.176575	-5.8438133
24.186557	-5.8482294
24.196539	-5.8526466
24.206521	-5.8570649
24.216503	-5.8614843
24.226485	-5.8659047
24.236467	-5.8703262
24.246449	-5.8747488
24.256431	-5.8791724
24.266413	-5.8835971
24.276395	-5.8880229
24.286377	-5.8924498
24.296359	-5.8968777
24.306341	-5.9013067
24.316323	-5.9057367
24.326305	-5.9101679
24.336287	-5.9146
24.346269	-5.9190333
24.356251	-5.9234676
24.366233	-5.927903
24.376215	-5.9323394
24.386197	-5.9367769
24.396179	-5.9412155
24.406161	-5.9456551
24.416143	-5.9500957
24.426125	-5.9545375
24.436107	-5.9589803
24.446089	-5.9634241
24.456071	-5.967869
24.466053	-5.972315
24.476035	-5.976762
24.486017	-5.9812101
24.495999	-5.9856592
24.505981	-5.9901094
24.515963	-5.9945606
24.525945	-5.9990128
24.535927	-6.0034662
24.545909	-6.0079205
24.555891	-6.012376
24.565873	-6.0168324
24.575855	-6.0212899
24.585837	-6.0257485
24.595819	-6.0302081
24.605801	-6.0346688
24.615783	-6.0391305
24.625765	-6.0435932
24.635747	-6.048057
24.645729	-6.0525218
24.655711	-6.0569877
24.665693	-6.0614546
24.675675	-6.0659225
24.685657	-6.0703915
24.695639	-6.0748615
24.705621	-6.0793326
24.715603	-6.0838047
24.725585	-6.0882778
24.735567	-6.092752
24.745549	-6.0972272
24.755531	-6.1017034
24.765513	-6.1061807
24.775495	-6.110659
24.785477	-6.1151383
24.795459	-6.1196187
24.805441	-6.1241001
24.815423	-6.1285825
24.825405	-6.1330659
24.835387	-6.1375504
24.845369	-6.1420359
24.855351	-6.1465225
24.865333	-6.15101
24.875315	-6.1554986
24.885297	-6.1599882
24.895279	-6.1644789
24.905261	-6.1689705
24.915243	-6.1734632
24.925225	-6.1779569
24.935207	-6.1824516
24.945189	-6.1869473
24.955171	-6.1914441
24.965153	-6.1959419
24.975135	-6.2004407
24.985117	-6.2049405
24.995099	-6.2094413
25.005081	-6.2139432
25.015063	-6.218446
25.025045	-6.2229499
25.035027	-6.2274548
25.045009	-6.2319607
25.054991	-6.2364676
25.064973	-6.2409755
25.074955	-6.2454844
25.084937	-6.2499944
25.094919	-6.2545053
25.104901	-6.2590173
25.114883	-6.2635303
25.124865	-6.2680443
25.134847	-6.2725592
25.144829	-6.2770752
25.154811	-6.2815922
25.164793	-6.2861102
25.174775	-6.2906292
25.184757	-6.2951492
25.194739	-6.2996702
25.204721	-6.3041922
25.214703	-6.3087153
25.224685	-6.3132393
25.234667	-6.3177643
25.244649	-6.3222903
25.254631	-6.3268173
25.264613	-6.3313453
25.274595	-6.3358743
25.284577	-6.3404043
25.294559	-6.3449353
25.304541	-6.3494673
25.314523	-6.3540002
25.324505	-6.3585342
25.334487	-6.3630692
25.344469	-6.3676051
25.354451	-6.3721421
25.364433	-6.37668
25.374415	-6.381219
25.384397	-6.3857589
25.394379	-6.3902998
25.404361	-6.3948417
25.414343	-6.3993845
25.424325	-6.4039284
25.434307	-6.4084733
25.444289	-6.4130191
25.454271	-6.4175659
25.464253	-6.4221137
25.474235	-6.4266625
25.484217	-6.4312123
25.494199	-6.435763
25.504181	-6.4403148
25.514163	-6.4448675
25.524145	-6.4494211
25.534127	-6.4539758
25.544109	-6.4585315
25.554091	-6.4630881
25.564073	-6.4676457
25.574055	-6.4722043
25.584037	-6.4767638
25.594019	-6.4813243
25.604001	-6.4858858
25.613983	-6.4904483
25.623965	-6.4950117
25.633947	-6.4995762
25.643929	-6.5041415
25.653911	-6.5087079
25.663893	-6.5132752
25.673875	-6.5178435
25.683857	-6.5224128
25.693839	-6.526983
25.703821	-6.5315542
25.713803	-6.5361264
25.723785	-6.5406995
25.733767	-6.5452736
25.743749	-6.5498487
25.753731	-6.5544247
25.763713	-6.5590017
25.773695	-6.5635796
25.783677	-6.5681585
25.793659	-6.5727384
25.803641	-6.5773192
25.813623	-6.581901
25.823605	-6.5864838
25.833587	-6.5910675
25.843569	-6.5956521
25.853551	-6.6002378
25.863533	-6.6048243
25.873515	-6.6094119
25.883497	-6.6140004
25.893479	-6.6185898
25.903461	-6.6231802
25.913443	-6.6277716
25.923425	-6.6323639
25.933407	-6.6369571
25.943389	-6.6415513
25.953371	-6.6461465
25.963353	-6.6507426
25.973335	-6.6553396
25.983317	-6.6599376
25.993299	-6.6645366
26.003281	-6.6691365
26.013263	-6.6737373
26.023245	-6.6783391
26.033227	-6.6829418
26.043209	-6.6875455
26.053191	-6.6921501
26.063173	-6.6967557
26.073155	-6.7013622
26.083137	-6.7059696
26.093119	-6.710578
26.103101	-6.7151873
26.113083	-6.7197976
26.123065	-6.7244088
26.133047	-6.729021
26.143029	-6.733634
26.153011	-6.7382481
26.162993	-6.742863
26.172975	-6.7474789
26.182957	-6.7520957
26.192939	-6.7567135
26.202921	-6.7613322
26.212903	-6.7659518
26.222885	-6.7705724
26.232867	-6.7751939
26.242849	-6.7798163
26.252831	-6.7844396
26.262813	-6.7890639
26.272795	-6.7936891
26.282777	-6.7983153
26.292759	-6.8029424
26.302741	-6.8075704
26.312723	-6.8121993
26.322705	-6.8168291
26.332687	-6.8214599
26.342669	-6.8260916
26.352651	-6.8307242
26.362633	-6.8353578
26.372615	-6.8399922
26.382597	-6.8446276
26.392579	-6.849264
26.402561	-6.8539012
26.412543	-6.8585393
26.422525	-6.8631784
26.432507	-6.8678184
26.442488	-6.8724593
26.45247	-6.8771012
26.462452	-6.8817439
26.472434	-6.8863876
26.482416	-6.8910321
26.492398	-6.8956776
26.50238	-6.9003241
26.512362	-6.9049714
26.522344	-6.9096196
26.532326	-6.9142688
26.542308	-6.9189188
26.55229	-6.9235698
26.562272	-6.9282217
26.572254	-6.9328745
26.582236	-6.9375282
26.592218	-6.9421828
26.6022	-6.9468383
26.612182	-6.9514947
26.622164	-6.9561521
26.632146	-6.9608103
26.642128	-6.9654695
26.65211	-6.9701295
26.662092	-6.9747905
26.672074	-6.9794523
26.682056	-6.9841151
26.692038	-6.9887788
26.70202	-6.9934433
26.712002	-6.9981088
26.721984	-7.0027752
26.731966	-7.0074425
26.741948	-7.0121106
26.75193	-7.0167797
26.761912	-7.0214497
26.771894	-7.0261205
26.781876	-7.0307923
26.791858	-7.035465
26.80184	-7.0401385
26.811822	-7.044813
26.821804	-7.0494883
26.831786	-7.0541646
26.841768	-7.0588417
26.85175	-7.0635197
26.861732	-7.0681986
26.871714	-7.0728785
26.881696	-7.0775592
26.891678	-7.0822408
26.90166	-7.0869232
26.911642	-7.0916066
26.921624	-7.0962909
26.931606	-7.100976
26.941588	-7.1056621
26.95157	-7.110349
26.961552	-7.1150368
26.971534	-7.1197255
26.981516	-7.1244151
26.991498	-7.1291055
27.00148	-7.1337969
27.011462	-7.1384891
27.021444	-7.1431822
27.031426	-7.1478762
27.041408	-7.1525711
27.05139	-7.1572668
27.061372	-7.1619635
27.071354	-7.166661
27.081336	-7.1713594
27.091318	-7.1760587
27.1013	-7.1807588
27.111282	-7.1854599
27.121264	-7.1901618
27.131246	-7.1948645
27.141228	-7.1995682
27.15121	-7.2042727
27.161192	-7.2089781
27.171174	-7.2136844
27.181156	-7.2183916
27.191138	-7.2230996
27.20112	-7.2278085
27.211102	-7.2325183
27.221084	-7.2372289
27.231066	-7.2419404
27.241048	-7.2466528
27.25103	-7.251366
27.261012	-7.2560802
27.270994	-7.2607951
27.280976	-7.265511
27.290958	-7.2702277
27.30094	-7.2749453
27.310922	-7.2796637
27.320904	-7.2843831
27.330886	-7.2891032
27.340868	-7.2938243
27.35085	-7.2985462
27.360832	-7.3032689
27.370814	-7.3079926
27.380796	-7.3127171
27.390778	-7.3174424
27.40076	-7.3221686
27.410742	-7.3268957
27.420724	-7.3316236
27.430706	-7.3363524
27.440688	-7.3410821
27.45067	-7.3458126
27.460652	-7.3505439
27.470634	-7.3552762
27.480616	-7.3600092
27.490598	-7.3647432
27.50058	-7.3694779
27.510562	-7.3742136
27.520544	-7.3789501
27.530526	-7.3836874
27.540508	-7.3884256
27.55049	-7.3931646
27.560472	-7.3979045
27.570454	-7.4026453
27.580436	-7.4073869
27.590418	-7.4121293
27.6004	-7.4168726
27.610382	-7.4216168
27.620364	-7.4263618
27.630346	-7.4311076
27.640328	-7.4358543
27.65031	-7.4406018
27.660292	-7.4453502
27.670274	-7.4500994
27.680256	-7.4548495
27.690238	-7.4596004
27.70022	-7.4643521
27.710202	-7.4691047
27.720184	-7.4738582
27.730166	-7.4786125
27.740148	-7.4833676
27.75013	-7.4881235
27.760112	-7.4928803
27.770094	-7.497638
27.780076	-7.5023964
27.790058	-7.5071558
27.80004	-7.5119159
27.810022	-7.5166769
27.820004	-7.5214387
27.829986	-7.5262014
27.839968	-7.5309649
27.84995	-7.5357292
27.859932	-7.5404944
27.869914	-7.5452604
27.879896	-7.5500272
27.889878	-7.5547949
27.89986	-7.5595634
27.909842	-7.5643327
27.919824	-7.5691029
27.929806	-7.5738739
27.939788	-7.5786457
27.94977	-7.5834184
27.959752	-7.5881918
27.969734	-7.5929661
27.979716	-7.5977413
27.989698	-7.6025172
27.99968	-7.607294
28.009662	-7.6120716
28.019644	-7.6168501
28.029626	-7.6216294
28.039608	-7.6264094
28.04959	-7.6311904
28.059572	-7.6359721
28.069554	-7.6407547
28.079536	-7.645538
28.089518	-7.6503223
28.0995	-7.6551073
28.109482	-7.6598931
28.119464	-7.6646798
28.129446	-7.6694673
28.139428	-7.6742556
28.14941	-7.6790447
28.159392	-7.6838347
28.169374	-7.6886254
28.179356	-7.693417
28.189338	-7.6982094
28.19932	-7.7030026
28.209302	-7.7077966
28.219284	-7.7125915
28.229266	-7.7173871
28.239248	-7.7221836
28.24923	-7.7269809
28.259212	-7.731779
28.269194	-7.7365779
28.279176	-7.7413776
28.289158	-7.7461781
28.29914	-7.7509795
28.309122	-7.7557816
28.319104	-7.7605846
28.329086	-7.7653884
28.339068	-7.7701929
28.34905	-7.7749983
28.359032	-7.7798045
28.369014	-7.7846115
28.378996	-7.7894193
28.388978	-7.7942279
28.39896	-7.7990374
28.408942	-7.8038476
28.418924	-7.8086586
28.428906	-7.8134705
28.438888	-7.8182831
28.44887	-7.8230965
28.458852	-7.8279108
28.468834	-7.8327258
28.478816	-7.8375417
28.488798	-7.8423583
28.49878	-7.8471758
28.508762	-7.851994
28.518744	-7.8568131
28.528726	-7.8616329
28.538708	-7.8664535
28.54869	-7.871275
28.558672	-7.8760972
28.568654	-7.8809203
28.578636	-7.8857441
28.588618	-7.8905687
28.5986	-7.8953941
28.608582	-7.9002204
28.618564	-7.9050474
28.628546	-7.9098752
28.638528	-7.9147038
28.64851	-7.9195332
28.658492	-7.9243634
28.668474	-7.9291943
28.678456	-7.9340261
28.688438	-7.9388587
28.69842	-7.943692
28.708402	-7.9485262
28.718384	-7.9533611
28.728366	-7.9581968
28.738348	-7.9630333
28.74833	-7.9678706
28.758312	-7.9727087
28.768294	-7.9775476
28.778276	-7.9823872
28.788258	-7.9872277
28.79824	-7.9920689
28.808222	-7.9969109
28.818204	-8.0017537
28.828186	-8.0065973
28.838168	-8.0114416
28.84815	-8.0162868
28.858132	-8.0211327
28.868114	-8.0259794
28.878096	-8.0308269
28.888078	-8.0356752
28.89806	-8.0405242
28.908042	-8.0453741
28.918024	-8.0502247
28.928006	-8.0550761
28.937988	-8.0599282
28.94797	-8.0647812
28.957952	-8.0696349
28.967934	-8.0744894
28.977916	-8.0793447
28.987898	-8.0842008
28.99788	-8.0890576
29.007862	-8.0939152
29.017844	-8.0987736
29.027826	-8.1036327
29.037808	-8.1084927
29.04779	-8.1133534
29.057772	-8.1182148
29.067754	-8.1230771
29.077736	-8.1279401
29.087718	-8.1328039
29.0977	-8.1376685
29.107682	-8.1425338
29.117664	-8.1473999
29.127646	-8.1522668
29.137628	-8.1571344
29.14761	-8.1620028
29.157592	-8.166872
29.167574	-8.171742
29.177556	-8.1766127
29.187538	-8.1814842
29.19752	-8.1863564
29.207502	-8.1912294
29.217483	-8.1961032
29.227465	-8.2009777
29.237447	-8.205853
29.247429	-8.2107291
29.257411	-8.2156059
29.267393	-8.2204835
29.277375	-8.2253619
29.287357	-8.230241
29.297339	-8.2351209
29.307321	-8.2400016
29.317303	-8.244883
29.327285	-8.2497651
29.337267	-8.2546481
29.347249	-8.2595317
29.357231	-8.2644162
29.367213	-8.2693014
29.377195	-8.2741874
29.387177	-8.2790741
29.397159	-8.2839615
29.407141	-8.2888498
29.417123	-8.2937388
29.427105	-8.2986285
29.437087	-8.303519
29.447069	-8.3084103
29.457051	-8.3133023
29.467033	-8.318195
29.477015	-8.3230886
29.486997	-8.3279828
29.496979	-8.3328778
29.506961	-8.3377736
29.516943	-8.3426701
29.526925	-8.3475674
29.536907	-8.3524655
29.546889	-8.3573642
29.556871	-8.3622638
29.566853	-8.367164
29.576835	-8.3720651
29.586817	-8.3769668
29.596799	-8.3818694
29.606781	-8.3867726
29.616763	-8.3916767
29.626745	-8.3965814
29.636727	-8.4014869
29.646709	-8.4063932
29.656691	-8.4113002
29.666673	-8.4162079
29.676655	-8.4211164
29.686637	-8.4260257
29.696619	-8.4309356
29.706601	-8.4358464
29.716583	-8.4407578
29.726565	-8.44567
29.736547	-8.450583
29.746529	-8.4554967
29.756511	-8.4604111
29.766493	-8.4653263
29.776475	-8.4702422
29.786457	-8.4751589
29.796439	-8.4800763
29.806421	-8.4849944
29.816403	-8.4899133
29.826385	-8.4948329
29.836367	-8.4997532
29.846349	-8.5046743
29.856331	-8.5095961
29.866313	-8.5145187
29.876295	-8.519442
29.886277	-8.524366
29.896259	-8.5292908
29.906241	-8.5342163
29.916223	-8.5391425
29.926205	-8.5440695
29.936187	-8.5489972
29.946169	-8.5539256
29.956151	-8.5588548
29.966133	-8.5637847
29.976115	-8.5687153
29.986097	-8.5736467
29.996079	-8.5785788
30.006061	-8.5835116
30.016043	-8.5884452
30.026025	-8.5933794
30.036007	-8.5983145
30.045989	-8.6032502
30.055971	-8.6081867
30.065953	-8.6131239
30.075935	-8.6180618
30.085917	-8.6230004
30.095899	-8.6279398
30.105881	-8.6328799
30.115863	-8.6378208
30.125845	-8.6427623
30.135827	-8.6477046
30.145809	-8.6526476
30.155791	-8.6575914
30.165773	-8.6625358
30.175755	-8.667481
30.185737	-8.6724269
30.195719	-8.6773735
30.205701	-8.6823209
30.215683	-8.687269
30.225665	-8.6922177
30.235647	-8.6971673
30.245629	-8.7021175
30.255611	-8.7070684
30.265593	-8.7120201
30.275575	-8.7169725
30.285557	-8.7219256
30.295539	-8.7268795
30.305521	-8.731834
30.315503	-8.7367893
30.325485	-8.7417453
30.335467	-8.746702
30.345449	-8.7516594
30.355431	-8.7566175
30.365413	-8.7615764
30.375395	-8.766536
30.385377	-8.7714962
30.395359	-8.7764572
30.405341	-8.781419
30.415323	-8.7863814
30.425305	-8.7913445
30.435287	-8.7963084
30.445269	-8.8012729
30.455251	-8.8062382
30.465233	-8.8112042
30.475215	-8.8161709
30.485197	-8.8211383
30.495179	-8.8261065
30.505161	-8.8310753
30.515143	-8.8360448
30.525125	-8.8410151
30.535107	-8.8459861
30.545089	-8.8509577
30.555071	-8.8559301
30.565053	-8.8609032
30.575035	-8.865877
30.585017	-8.8708515
30.594999	-8.8758267
30.604981	-8.8808027
30.614963	-8.8857793
30.624945	-8.8907566
30.634927	-8.8957347
30.644909	-8.9007134
30.654891	-8.9056929
30.664873	-8.910673
30.674855	-8.9156539
30.684837	-8.9206354
30.694819	-8.9256177
30.704801	-8.9306007
30.714783	-8.9355843
30.724765	-8.9405687
30.734747	-8.9455538
30.744729	-8.9505396
30.754711	-8.955526
30.764693	-8.9605132
30.774675	-8.9655011
30.784657	-8.9704897
30.794639	-8.9754789
30.804621	-8.9804689
30.814603	-8.9854596
30.824585	-8.990451
30.834567	-8.995443
30.844549	-9.0004358
30.854531	-9.0054293
30.864513	-9.0104235
30.874495	-9.0154183
30.884477	-9.0204139
30.894459	-9.0254101
30.904441	-9.0304071
30.914423	-9.0354047
30.924405	-9.0404031
30.934387	-9.0454021
30.944369	-9.0504018
30.954351	-9.0554022
30.964333	-9.0604034
30.974315	-9.0654052
30.984297	-9.0704077
30.994279	-9.0754109
31.004261	-9.0804148
31.014243	-9.0854193
31.024225	-9.0904246
31.034207	-9.0954306
31.044189	-9.1004372
31.054171	-9.1054446
31.064153	-9.1104526
31.074135	-9.1154613
31.084117	-9.1204707
31.094099	-9.1254808
31.104081	-9.1304916
31.114063	-9.1355031
31.124045	-9.1405152
31.134027	-9.1455281
31.144009	-9.1505416
31.153991	-9.1555559
31.163973	-9.1605708
31.173955	-9.1655864
31.183937	-9.1706027
31.193919	-9.1756196
31.203901	-9.1806373
31.213883	-9.1856556
31.223865	-9.1906746
31.233847	-9.1956944
31.243829	-9.2007147
31.253811	-9.2057358
31.263793	-9.2107576
31.273775	-9.21578
31.283757	-9.2208031
31.293739	-9.2258269
31.303721	-9.2308514
31.313703	-9.2358766
31.323685	-9.2409024
31.333667	-9.245929
31.343649	-9.2509562
31.353631	-9.2559841
31.363613	-9.2610126
31.373595	-9.2660419
31.383577	-9.2710718
31.393559	-9.2761024
31.403541	-9.2811337
31.413523	-9.2861657
31.423505	-9.2911983
31.433487	-9.2962316
31.443469	-9.3012656
31.453451	-9.3063003
31.463433	-9.3113357
31.473415	-9.3163717
31.483397	-9.3214084
31.493379	-9.3264458
31.503361	-9.3314838
31.513343	-9.3365225
31.523325	-9.3415619
31.533307	-9.346602
31.543289	-9.3516428
31.553271	-9.3566842
31.563253	-9.3617263
31.573235	-9.366769
31.583217	-9.3718125
31.593199	-9.3768566
31.603181	-9.3819014
31.613163	-9.3869468
31.623145	-9.391993
31.633127	-9.3970398
31.643109	-9.4020872
31.653091	-9.4071354
31.663073	-9.4121842
31.673055	-9.4172336
31.683037	-9.4222838
31.693019	-9.4273346
31.703001	-9.4323861
31.712983	-9.4374382
31.722965	-9.4424911
31.732947	-9.4475446
31.742929	-9.4525987
31.752911	-9.4576535
31.762893	-9.462709
31.772875	-9.4677652
31.782857	-9.472822
31.792839	-9.4778795
31.802821	-9.4829377
31.812803	-9.4879965
31.822785	-9.493056
31.832767	-9.4981161
31.842749	-9.5031769
31.852731	-9.5082384
31.862713	-9.5133006
31.872695	-9.5183634
31.882677	-9.5234268
31.892659	-9.528491
31.902641	-9.5335558
31.912623	-9.5386212
31.922605	-9.5436873
31.932587	-9.5487541
31.942569	-9.5538216
31.952551	-9.5588897
31.962533	-9.5639584
31.972515	-9.5690278
31.982496	-9.5740979
31.992478	-9.5791687
32.00246	-9.5842401
32.012442	-9.5893121
32.022424	-9.5943849
32.032406	-9.5994582
32.042388	-9.6045323
32.05237	-9.609607
32.062352	-9.6146823
32.072334	-9.6197583
32.082316	-9.624835
32.092298	-9.6299123
32.10228	-9.6349903
32.112262	-9.640069
32.122244	-9.6451483
32.132226	-9.6502282
32.142208	-9.6553088
32.15219	-9.6603901
32.162172	-9.665472
32.172154	-9.6705546
32.182136	-9.6756378
32.192118	-9.6807217
32.2021	-9.6858062
32.212082	-9.6908914
32.222064	-9.6959772
32.232046	-9.7010637
32.242028	-9.7061509
32.25201	-9.7112387
32.261992	-9.7163271
32.271974	-9.7214162
32.281956	-9.726506
32.291938	-9.7315964
32.30192	-9.7366875
32.311902	-9.7417792
32.321884	-9.7468715
32.331866	-9.7519645
32.341848	-9.7570582
32.35183	-9.7621525
32.361812	-9.7672475
32.371794	-9.7723431
32.381776	-9.7774393
32.391758	-9.7825362
32.40174	-9.7876338
32.411722	-9.792732
32.421704	-9.7978308
32.431686	-9.8029303
32.441668	-9.8080305
32.45165	-9.8131313
32.461632	-9.8182327
32.471614	-9.8233348
32.481596	-9.8284375
32.491578	-9.8335409
32.50156	-9.8386449
32.511542	-9.8437496
32.521524	-9.8488549
32.531506	-9.8539608
32.541488	-9.8590674
32.55147	-9.8641747
32.561452	-9.8692826
32.571434	-9.8743911
32.581416	-9.8795003
32.591398	-9.8846101
32.60138	-9.8897205
32.611362	-9.8948317
32.621344	-9.8999434
32.631326	-9.9050558
32.641308	-9.9101688
32.65129	-9.9152825
32.661272	-9.9203968
32.671254	-9.9255118
32.681236	-9.9306274
32.691218	-9.9357436
32.7012	-9.9408605
32.711182	-9.945978
32.721164	-9.9510961
32.731146	-9.9562149
32.741128	-9.9613344
32.75111	-9.9664544
32.761092	-9.9715752
32.771074	-9.9766965
32.781056	-9.9818185
32.791038	-9.9869411
32.80102	-9.9920644
32.811002	-9.9971883
32.820984	-10.002313
32.830966	-10.007438
32.840948	-10.012564
32.85093	-10.01769
32.860912	-10.022817
32.870894	-10.027945
32.880876	-10.033073
32.890858	-10.038202
32.90084	-10.043332
32.910822	-10.048462
32.920804	-10.053593
32.930786	-10.058725
32.940768	-10.063857
32.95075	-10.06899
32.960732	-10.074123
32.970714	-10.079257
32.980696	-10.084392
32.990678	-10.089527
33.00066	-10.094663
33.010642	-10.0998
33.020624	-10.104937
33.030606	-10.110075
33.040588	-10.115214
33.05057	-10.120353
33.060552	-10.125492
33.070534	-10.130633
33.080516	-10.135774
33.090498	-10.140915
33.10048	-10.146058
33.110462	-10.151201
33.120444	-10.156344
33.130426	-10.161488
33.140408	-10.166633
33.15039	-10.171779
33.160372	-10.176925
33.170354	-10.182071
33.180336	-10.187219
33.190318	-10.192367
33.2003	-10.197515
33.210282	-10.202665
33.220264	-10.207814
33.230246	-10.212965
33.240228	-10.218116
33.25021	-10.223268
33.260192	-10.22842
33.270174	-10.233573
33.280156	-10.238727
33.290138	-10.243881
33.30012	-10.249036
33.310102	-10.254191
33.320084	-10.259347
33.330066	-10.264504
33.340048	-10.269661
33.35003	-10.274819
33.360012	-10.279978
33.369994	-10.285137
33.379976	-10.290297
33.389958	-10.295457
33.39994	-10.300619
33.409922	-10.30578
33.419904	-10.310943
33.429886	-10.316106
33.439868	-10.321269
33.44985	-10.326433
33.459832	-10.331598
33.469814	-10.336764
33.479796	-10.34193
33.489778	-10.347097
33.49976	-10.352264
33.509742	-10.357432
33.519724	-10.3626
33.529706	-10.36777
33.539688	-10.372939
33.54967	-10.37811
33.559652	-10.383281
33.569634	-10.388453
33.579616	-10.393625
33.589598	-10.398798
33.59958	-10.403971
33.609562	-10.409145
33.619544	-10.41432
33.629526	-10.419496
33.639508	-10.424672
33.64949	-10.429848
33.659472	-10.435026
33.669454	-10.440203
33.679436	-10.445382
33.689418	-10.450561
33.6994	-10.455741
33.709382	-10.460921
33.719364	-10.466102
33.729346	-10.471284
33.739328	-10.476466
33.74931	-10.481649
33.759292	-10.486832
33.769274	-10.492016
33.779256	-10.497201
33.789238	-10.502386
33.79922	-10.507572
33.809202	-10.512758
33.819184	-10.517946
33.829166	-10.523133
33.839148	-10.528322
33.84913	-10.533511
33.859112	-10.5387
33.869094	-10.54389
33.879076	-10.549081
33.889058	-10.554273
33.89904	-10.559465
33.909022	-10.564657
33.919004	-10.569851
33.928986	-10.575044
33.938968	-10.580239
33.94895	-10.585434
33.958932	-10.59063
33.968914	-10.595826
33.978896	-10.601023
33.988878	-10.606221
33.99886	-10.611419
34.008842	-10.616618
34.018824	-10.621817
34.028806	-10.627017
34.038788	-10.632218
34.04877	-10.637419
34.058752	-10.642621
34.068734	-10.647823
34.078716	-10.653026
34.088698	-10.65823
34.09868	-10.663434
34.108662	-10.668639
34.118644	-10.673844
34.128626	-10.679051
34.138608	-10.684257
34.14859	-10.689465
34.158572	-10.694673
34.168554	-10.699881
34.178536	-10.70509
34.188518	-10.7103
34.1985	-10.71551
34.208482	-10.720721
34.218464	-10.725933
34.228446	-10.731145
34.238428	-10.736358
34.24841	-10.741571
34.258392	-10.746785
34.268374	-10.752
34.278356	-10.757215
34.288338	-10.762431
34.29832	-10.767648
34.308302	-10.772865
34.318284	-10.778082
34.328266	-10.783301
34.338248	-10.788519
34.34823	-10.793739
34.358212	-10.798959
34.368194	-10.80418
34.378176	-10.809401
34.388158	-10.814623
34.39814	-10.819845
34.408122	-10.825068
34.418104	-10.830292
34.428086	-10.835516
34.438068	-10.840741
34.44805	-10.845967
34.458032	-10.851193
34.468014	-10.85642
34.477996	-10.861647
34.487978	-10.866875
34.49796	-10.872104
34.507942	-10.877333
34.517924	-10.882563
34.527906	-10.887793
34.537888	-10.893024
34.54787	-10.898255
34.557852	-10.903488
34.567834	-10.90872
34.577816	-10.913954
34.587798	-10.919188
34.59778	-10.924422
34.607762	-10.929657
34.617744	-10.934893
34.627726	-10.94013
34.637708	-10.945367
34.64769	-10.950604
34.657672	-10.955842
34.667654	-10.961081
34.677636	-10.966321
34.687618	-10.971561
34.6976	-10.976801
34.707582	-10.982042
34.717564	-10.987284
34.727546	-10.992527
34.737528	-10.99777
34.74751	-11.003013
34.757491	-11.008257
34.767473	-11.013502
34.777455	-11.018747
34.787437	-11.023993
34.797419	-11.02924
34.807401	-11.034487
34.817383	-11.039735
34.827365	-11.044983
34.837347	-11.050232
34.847329	-11.055482
34.857311	-11.060732
34.867293	-11.065983
34.877275	-11.071234
34.887257	-11.076486
34.897239	-11.081739
34.907221	-11.086992
34.917203	-11.092246
34.927185	-11.0975
34.937167	-11.102755
34.947149	-11.108011
34.957131	-11.113267
34.967113	-11.118524
34.977095	-11.123781
34.987077	-11.129039
34.997059	-11.134297
35.007041	-11.139557
35.017023	-11.144816
35.027005	-11.150077
35.036987	-11.155338
35.046969	-11.160599
35.056951	-11.165861
35.066933	-11.171124
35.076915	-11.176387
35.086897	-11.181651
35.096879	-11.186916
35.106861	-11.192181
35.116843	-11.197447
35.126825	-11.202713
35.136807	-11.20798
35.146789	-11.213247
35.156771	-11.218515
35.166753	-11.223784
35.176735	-11.229053
35.186717	-11.234323
35.196699	-11.239593
35.206681	-11.244865
35.216663	-11.250136
35.226645	-11.255408
35.236627	-11.260681
35.246609	-11.265955
35.256591	-11.271229
35.266573	-11.276503
35.276555	-11.281778
35.286537	-11.287054
35.296519	-11.292331
35.306501	-11.297608
35.316483	-11.302885
35.326465	-11.308163
35.336447	-11.313442
35.346429	-11.318721
35.356411	-11.324001
35.366393	-11.329282
35.376375	-11.334563
35.386357	-11.339845
35.396339	-11.345127
35.406321	-11.35041
35.416303	-11.355693
35.426285	-11.360978
35.436267	-11.366262
35.446249	-11.371547
35.456231	-11.376833
35.466213	-11.38212
35.476195	-11.387407
35.486177	-11.392694
35.496159	-11.397983
35.506141	-11.403271
35.516123	-11.408561
35.526105	-11.413851
35.536087	-11.419141
35.546069	-11.424433
35.556051	-11.429724
35.566033	-11.435017
35.576015	-11.44031
35.585997	-11.445603
35.595979	-11.450897
35.605961	-11.456192
35.615943	-11.461487
35.625925	-11.466783
35.635907	-11.47208
35.645889	-11.477377
35.655871	-11.482674
35.665853	-11.487973
35.675835	-11.493272
35.685817	-11.498571
35.695799	-11.503871
35.705781	-11.509172
35.715763	-11.514473
35.725745	-11.519775
35.735727	-11.525077
35.745709	-11.53038
35.755691	-11.535683
35.765673	-11.540988
35.775655	-11.546292
35.785637	-11.551598
35.795619	-11.556904
35.805601	-11.56221
35.815583	-11.567517
35.825565	-11.572825
35.835547	-11.578133
35.845529	-11.583442
35.855511	-11.588751
35.865493	-11.594061
35.875475	-11.599372
35.885457	-11.604683
35.895439	-11.609995
35.905421	-11.615307
35.915403	-11.62062
35.925385	-11.625934
35.935367	-11.631248
35.945349	-11.636562
35.955331	-11.641878
35.965313	-11.647194
35.975295	-11.65251
35.985277	-11.657827
35.995259	-11.663145
36.005241	-11.668463
36.015223	-11.673782
36.025205	-11.679101
36.035187	-11.684421
36.045169	-11.689742
36.055151	-11.695063
36.065133	-11.700385
36.075115	-11.705707
36.085097	-11.71103
36.095079	-11.716353
36.105061	-11.721678
36.115043	-11.727002
36.125025	-11.732327
36.135007	-11.737653
36.144989	-11.74298
36.154971	-11.748307
36.164953	-11.753634
36.174935	-11.758962
36.184917	-11.764291
36.194899	-11.769621
36.204881	-11.774951
36.214863	-11.780281
36.224845	-11.785612
36.234827	-11.790944
36.244809	-11.796276
36.254791	-11.801609
36.264773	-11.806942
36.274755	-11.812276
36.284737	-11.817611
36.294719	-11.822946
36.304701	-11.828282
36.314683	-11.833618
36.324665	-11.838955
36.334647	-11.844293
36.344629	-11.849631
36.354611	-11.85497
36.364593	-11.860309
36.374575	-11.865649
36.384557	-11.870989
36.394539	-11.87633
36.404521	-11.881672
36.414503	-11.887014
36.424485	-11.892357
36.434467	-11.8977
36.444449	-11.903044
36.454431	-11.908389
36.464413	-11.913734
36.474395	-11.91908
36.484377	-11.924426
36.494359	-11.929773
36.504341	-11.93512
36.514323	-11.940468
36.524305	-11.945817
36.534287	-11.951166
36.544269	-11.956516
36.554251	-11.961866
36.564233	-11.967217
36.574215	-11.972569
36.584197	-11.977921
36.594179	-11.983273
36.604161	-11.988627
36.614143	-11.993981
36.624125	-11.999335
36.634107	-12.00469
36.644089	-12.010046
36.654071	-12.015402
36.664053	-12.020759
36.674035	-12.026116
36.684017	-12.031474
36.693999	-12.036832
36.703981	-12.042191
36.713963	-12.047551
36.723945	-12.052911
36.733927	-12.058272
36.743909	-12.063634
36.753891	-12.068996
36.763873	-12.074358
36.773855	-12.079721
36.783837	-12.085085
36.793819	-12.09045
36.803801	-12.095814
36.813783	-12.10118
36.823765	-12.106546
36.833747	-12.111913
36.843729	-12.11728
36.853711	-12.122648
36.863693	-12.128016
36.873675	-12.133385
36.883657	-12.138755
36.893639	-12.144125
36.903621	-12.149496
36.913603	-12.154867
36.923585	-12.160239
36.933567	-12.165611
36.943549	-12.170984
36.953531	-12.176358
36.963513	-12.181732
36.973495	-12.187107
36.983477	-12.192482
36.993459	-12.197858
37.003441	-12.203235
37.013423	-12.208612
37.023405	-12.21399
37.033387	-12.219368
37.043369	-12.224747
37.053351	-12.230126
37.063333	-12.235506
37.073315	-12.240887
37.083297	-12.246268
37.093279	-12.25165
37.103261	-12.257032
37.113243	-12.262415
37.123225	-12.267799
37.133207	-12.273183
37.143189	-12.278567
37.153171	-12.283953
37.163153	-12.289338
37.173135	-12.294725
37.183117	-12.300112
37.193099	-12.305499
37.203081	-12.310888
37.213063	-12.316276
37.223045	-12.321666
37.233027	-12.327056
37.243009	-12.332446
37.252991	-12.337837
37.262973	-12.343229
37.272955	-12.348621
37.282937	-12.354014
37.292919	-12.359407
37.302901	-12.364801
37.312883	-12.370196
37.322865	-12.375591
37.332847	-12.380986
37.342829	-12.386383
37.352811	-12.39178
37.362793	-12.397177
37.372775	-12.402575
37.382757	-12.407974
37.392739	-12.413373
37.402721	-12.418773
37.412703	-12.424173
37.422685	-12.429574
37.432667	-12.434975
37.442649	-12.440377
37.452631	-12.44578
37.462613	-12.451183
37.472595	-12.456587
37.482577	-12.461992
37.492559	-12.467397
37.502541	-12.472802
37.512523	-12.478208
37.522505	-12.483615
37.532486	-12.489022
37.542468	-12.49443
37.55245	-12.499839
37.562432	-12.505248
37.572414	-12.510657
37.582396	-12.516068
37.592378	-12.521478
37.60236	-12.52689
37.612342	-12.532302
37.622324	-12.537714
37.632306	-12.543127
37.642288	-12.548541
37.65227	-12.553955
37.662252	-12.55937
37.672234	-12.564785
37.682216	-12.570201
37.692198	-12.575618
37.70218	-12.581035
37.712162	-12.586453
37.722144	-12.591871
37.732126	-12.59729
37.742108	-12.60271
37.75209	-12.60813
37.762072	-12.61355
37.772054	-12.618972
37.782036	-12.624393
37.792018	-12.629816
37.802	-12.635239
37.811982	-12.640662
37.821964	-12.646087
37.831946	-12.651511
37.841928	-12.656937
37.85191	-12.662362
37.861892	-12.667789
37.871874	-12.673216
37.881856	-12.678643
37.891838	-12.684072
37.90182	-12.6895
37.911802	-12.69493
37.921784	-12.70036
37.931766	-12.70579
37.941748	-12.711221
37.95173	-12.716653
37.961712	-12.722085
37.971694	-12.727518
37.981676	-12.732952
37.991658	-12.738386
38.00164	-12.74382
38.011622	-12.749255
38.021604	-12.754691
38.031586	-12.760127
38.041568	-12.765564
38.05155	-12.771002
38.061532	-12.77644
38.071514	-12.781878
38.081496	-12.787318
38.091478	-12.792757
38.10146	-12.798198
38.111442	-12.803639
38.121424	-12.80908
38.131406	-12.814522
38.141388	-12.819965
38.15137	-12.825408
38.161352	-12.830852
38.171334	-12.836297
38.181316	-12.841742
38.191298	-12.847187
38.20128	-12.852634
38.211262	-12.85808
38.221244	-12.863528
38.231226	-12.868976
38.241208	-12.874424
38.25119	-12.879873
38.261172	-12.885323
38.271154	-12.890773
38.281136	-12.896224
38.291118	-12.901675
38.3011	-12.907127
38.311082	-12.91258
38.321064	-12.918033
38.331046	-12.923487
38.341028	-12.928941
38.35101	-12.934396
38.360992	-12.939852
38.370974	-12.945308
38.380956	-12.950764
38.390938	-12.956222
38.40092	-12.961679
38.410902	-12.967138
38.420884	-12.972597
38.430866	-12.978056
38.440848	-12.983517
38.45083	-12.988977
38.460812	-12.994439
38.470794	-12.999901
38.480776	-13.005363
38.490758	-13.010826
38.50074	-13.01629
38.510722	-13.021754
38.520704	-13.027219
38.530686	-13.032684
38.540668	-13.03815
38.55065	-13.043617
38.560632	-13.049084
38.570614	-13.054551
38.580596	-13.06002
38.590578	-13.065489
38.60056	-13.070958
38.610542	-13.076428
38.620524	-13.081899
38.630506	-13.08737
38.640488	-13.092842
38.65047	-13.098314
38.660452	-13.103787
38.670434	-13.109261
38.680416	-13.114735
38.690398	-13.120209
38.70038	-13.125685
38.710362	-13.131161
38.720344	-13.136637
38.730326	-13.142114
38.740308	-13.147592
38.75029	-13.15307
38.760272	-13.158549
38.770254	-13.164028
38.780236	-13.169508
38.790218	-13.174989
38.8002	-13.18047
38.810182	-13.185951
38.820164	-13.191434
38.830146	-13.196917
38.840128	-13.2024
38.85011	-13.207884
38.860092	-13.213369
38.870074	-13.218854
38.880056	-13.22434
38.890038	-13.229826
38.90002	-13.235313
38.910002	-13.240801
38.919984	-13.246289
38.929966	-13.251777
38.939948	-13.257267
38.94993	-13.262757
38.959912	-13.268247
38.969894	-13.273738
38.979876	-13.27923
38.989858	-13.284722
38.99984	-13.290215
39.009822	-13.295708
39.019804	-13.301202
39.029786	-13.306697
39.039768	-13.312192
39.04975	-13.317688
39.059732	-13.323184
39.069714	-13.328681
39.079696	-13.334178
39.089678	-13.339676
39.09966	-13.345175
39.109642	-13.350674
39.119624	-13.356174
39.129606	-13.361674
39.139588	-13.367175
39.14957	-13.372677
39.159552	-13.378179
39.169534	-13.383682
39.179516	-13.389185
39.189498	-13.394689
39.19948	-13.400194
39.209462	-13.405699
39.219444	-13.411205
39.229426	-13.416711
39.239408	-13.422218
39.24939	-13.427725
39.259372	-13.433233
39.269354	-13.438742
39.279336	-13.444251
39.289318	-13.449761
39.2993	-13.455271
39.309282	-13.460782
39.319264	-13.466294
39.329246	-13.471806
39.339228	-13.477319
39.34921	-13.482832
39.359192	-13.488346
39.369174	-13.49386
39.379156	-13.499375
39.389138	-13.504891
39.39912	-13.510407
39.409102	-13.515924
39.419084	-13.521442
39.429066	-13.52696
39.439048	-13.532478
39.44903	-13.537997
39.459012	-13.543517
39.468994	-13.549037
39.478976	-13.554558
39.488958	-13.56008
39.49894	-13.565602
39.508922	-13.571125
39.518904	-13.576648
39.528886	-13.582172
39.538868	-13.587697
39.54885	-13.593222
39.558832	-13.598747
39.568814	-13.604274
39.578796	-13.6098
39.588778	-13.615328
39.59876	-13.620856
39.608742	-13.626384
39.618724	-13.631914
39.628706	-13.637443
39.638688	-13.642974
39.64867	-13.648505
39.658652	-13.654036
39.668634	-13.659568
39.678616	-13.665101
39.688598	-13.670635
39.69858	-13.676168
39.708562	-13.681703
39.718544	-13.687238
39.728526	-13.692774
39.738508	-13.69831
39.74849	-13.703847
39.758472	-13.709384
39.768454	-13.714922
39.778436	-13.720461
39.788418	-13.726
39.7984	-13.73154
39.808382	-13.737081
39.818364	-13.742622
39.828346	-13.748163
39.838328	-13.753705
39.84831	-13.759248
39.858292	-13.764792
39.868274	-13.770336
39.878256	-13.77588
39.888238	-13.781425
39.89822	-13.786971
39.908202	-13.792517
39.918184	-13.798064
39.928166	-13.803612
39.938148	-13.80916
39.94813	-13.814709
39.958112	-13.820258
39.968094	-13.825808
39.978076	-13.831358
39.988058	-13.836909
39.99804	-13.842461
40.008022	-13.848013
40.018004	-13.853566
40.027986	-13.85912
40.037968	-13.864674
40.04795	-13.870228
40.057932	-13.875784
40.067914	-13.881339
40.077896	-13.886896
40.087878	-13.892453
40.09786	-13.898011
40.107842	-13.903569
40.117824	-13.909128
40.127806	-13.914687
40.137788	-13.920247
40.14777	-13.925808
40.157752	-13.931369
40.167734	-13.93693
40.177716	-13.942493
40.187698	-13.948056
40.19768	-13.953619
40.207662	-13.959184
40.217644	-13.964748
40.227626	-13.970314
40.237608	-13.97588
40.24759	-13.981446
40.257572	-13.987013
40.267554	-13.992581
40.277536	-13.998149
40.287518	-14.003718
40.297499	-14.009288
40.307481	-14.014858
40.317463	-14.020429
40.327445	-14.026
40.337427	-14.031572
40.347409	-14.037144
40.357391	-14.042718
40.367373	-14.048291
40.377355	-14.053866
40.387337	-14.059441
40.397319	-14.065016
40.407301	-14.070592
40.417283	-14.076169
40.427265	-14.081746
40.437247	-14.087324
40.447229	-14.092903
40.457211	-14.098482
40.467193	-14.104061
40.477175	-14.109642
40.487157	-14.115222
40.497139	-14.120804
40.507121	-14.126386
40.517103	-14.131969
40.527085	-14.137552
40.537067	-14.143136
40.547049	-14.14872
40.557031	-14.154306
40.567013	-14.159891
40.576995	-14.165478
40.586977	-14.171064
40.596959	-14.176652
40.606941	-14.18224
40.616923	-14.187829
40.626905	-14.193418
40.636887	-14.199008
40.646869	-14.204598
40.656851	-14.210189
40.666833	-14.215781
40.676815	-14.221373
40.686797	-14.226966
40.696779	-14.23256
40.706761	-14.238154
40.716743	-14.243749
40.726725	-14.249344
40.736707	-14.25494
40.746689	-14.260536
40.756671	-14.266134
40.766653	-14.271731
40.776635	-14.27733
40.786617	-14.282929
40.796599	-14.288528
40.806581	-14.294128
40.816563	-14.299729
40.826545	-14.30533
40.836527	-14.310932
40.846509	-14.316535
40.856491	-14.322138
40.866473	-14.327742
40.876455	-14.333346
40.886437	-14.338951
40.896419	-14.344557
40.906401	-14.350163
40.916383	-14.35577
40.926365	-14.361377
40.936347	-14.366985
40.946329	-14.372594
40.956311	-14.378203
40.966293	-14.383813
40.976275	-14.389423
40.986257	-14.395034
40.996239	-14.400646
41.006221	-14.406258
41.016203	-14.411871
41.026185	-14.417484
41.036167	-14.423098
41.046149	-14.428713
41.056131	-14.434328
41.066113	-14.439944
41.076095	-14.445561
41.086077	-14.451178
41.096059	-14.456795
41.106041	-14.462414
41.116023	-14.468033
41.126005	-14.473652
41.135987	-14.479272
41.145969	-14.484893
41.155951	-14.490514
41.165933	-14.496136
41.175915	-14.501759
41.185897	-14.507382
41.195879	-14.513006
41.205861	-14.51863
41.215843	-14.524255
41.225825	-14.529881
41.235807	-14.535507
41.245789	-14.541134
41.255771	-14.546762
41.265753	-14.55239
41.275735	-14.558018
41.285717	-14.563648
41.295699	-14.569277
41.305681	-14.574908
41.315663	-14.580539
41.325645	-14.586171
41.335627	-14.591803
41.345609	-14.597436
41.355591	-14.60307
41.365573	-14.608704
41.375555	-14.614339
41.385537	-14.619974
41.395519	-14.62561
41.405501	-14.631247
41.415483	-14.636884
41.425465	-14.642522
41.435447	-14.64816
41.445429	-14.653799
41.455411	-14.659439
41.465393	-14.665079
41.475375	-14.67072
41.485357	-14.676362
41.495339	-14.682004
41.505321	-14.687647
41.515303	-14.69329
41.525285	-14.698934
41.535267	-14.704579
41.545249	-14.710224
41.555231	-14.71587
41.565213	-14.721516
41.575195	-14.727163
41.585177	-14.732811
41.595159	-14.738459
41.605141	-14.744108
41.615123	-14.749758
41.625105	-14.755408
41.635087	-14.761059
41.645069	-14.76671
41.655051	-14.772362
41.665033	-14.778015
41.675015	-14.783668
41.684997	-14.789322
41.694979	-14.794976
41.704961	-14.800631
41.714943	-14.806287
41.724925	-14.811943
41.734907	-14.8176
41.744889	-14.823258
41.754871	-14.828916
41.764853	-14.834575
41.774835	-14.840234
41.784817	-14.845894
41.794799	-14.851555
41.804781	-14.857216
41.814763	-14.862878
41.824745	-14.868541
41.834727	-14.874204
41.844709	-14.879868
41.854691	-14.885532
41.864673	-14.891197
41.874655	-14.896863
41.884637	-14.902529
41.894619	-14.908196
41.904601	-14.913863
41.914583	-14.919532
41.924565	-14.9252
41.934547	-14.93087
41.944529	-14.93654
41.954511	-14.94221
41.964493	-14.947882
41.974475	-14.953553
41.984457	-14.959226
41.994439	-14.964899
42.004421	-14.970573
42.014403	-14.976247
42.024385	-14.981922
42.034367	-14.987598
42.044349	-14.993274
42.054331	-14.998951
42.064313	-15.004628
42.074295	-15.010306
42.084277	-15.015985
42.094259	-15.021664
42.104241	-15.027344
42.114223	-15.033025
42.124205	-15.038706
42.134187	-15.044388
42.144169	-15.05007
42.154151	-15.055754
42.164133	-15.061437
42.174115	-15.067122
42.184097	-15.072807
42.194079	-15.078492
42.204061	-15.084179
42.214043	-15.089865
42.224025	-15.095553
42.234007	-15.101241
42.243989	-15.10693
42.253971	-15.112619
42.263953	-15.118309
42.273935	-15.124
42.283917	-15.129691
42.293899	-15.135383
42.303881	-15.141076
42.313863	-15.146769
42.323845	-15.152462
42.333827	-15.158157
42.343809	-15.163852
42.353791	-15.169548
42.363773	-15.175244
42.373755	-15.180941
42.383737	-15.186638
42.393719	-15.192337
42.403701	-15.198036
42.413683	-15.203735
42.423665	-15.209435
42.433647	-15.215136
42.443629	-15.220837
42.453611	-15.226539
42.463593	-15.232242
42.473575	-15.237945
42.483557	-15.243649
42.493539	-15.249354
42.503521	-15.255059
42.513503	-15.260765
42.523485	-15.266471
42.533467	-15.272178
42.543449	-15.277886
42.553431	-15.283594
42.563413	-15.289303
42.573395	-15.295013
42.583377	-15.300723
42.593359	-15.306434
42.603341	-15.312145
42.613323	-15.317858
42.623305	-15.32357
42.633287	-15.329284
42.643269	-15.334998
42.653251	-15.340713
42.663233	-15.346428
42.673215	-15.352144
42.683197	-15.35786
42.693179	-15.363578
42.703161	-15.369296
42.713143	-15.375014
42.723125	-15.380733
42.733107	-15.386453
42.743089	-15.392174
42.753071	-15.397895
42.763053	-15.403616
42.773035	-15.409339
42.783017	-15.415062
42.792999	-15.420785
42.802981	-15.42651
42.812963	-15.432235
42.822945	-15.43796
42.832927	-15.443686
42.842909	-15.449413
42.852891	-15.455141
42.862873	-15.460869
42.872855	-15.466598
42.882837	-15.472327
42.892819	-15.478057
42.902801	-15.483788
42.912783	-15.489519
42.922765	-15.495251
42.932747	-15.500984
42.942729	-15.506717
42.952711	-15.512451
42.962693	-15.518186
42.972675	-15.523921
42.982657	-15.529657
42.992639	-15.535393
43.002621	-15.54113
43.012603	-15.546868
43.022585	-15.552607
43.032567	-15.558346
43.042549	-15.564086
43.052531	-15.569826
43.062513	-15.575567
43.072494	-15.581309
43.082476	-15.587051
43.092458	-15.592794
43.10244	-15.598538
43.112422	-15.604282
43.122404	-15.610027
43.132386	-15.615772
43.142368	-15.621519
43.15235	-15.627265
43.162332	-15.633013
43.172314	-15.638761
43.182296	-15.64451
43.192278	-15.650259
43.20226	-15.656009
43.212242	-15.66176
43.222224	-15.667512
43.232206	-15.673264
43.242188	-15.679016
43.25217	-15.68477
43.262152	-15.690524
43.272134	-15.696278
43.282116	-15.702034
43.292098	-15.70779
43.30208	-15.713546
43.312062	-15.719304
43.322044	-15.725062
43.332026	-15.73082
43.342008	-15.736579
43.35199	-15.742339
43.361972	-15.7481
43.371954	-15.753861
43.381936	-15.759623
43.391918	-15.765385
43.4019	-15.771148
43.411882	-15.776912
43.421864	-15.782677
43.431846	-15.788442
43.441828	-15.794208
43.45181	-15.799974
43.461792	-15.805741
43.471774	-15.811509
43.481756	-15.817277
43.491738	-15.823046
43.50172	-15.828816
43.511702	-15.834587
43.521684	-15.840358
43.531666	-15.846129
43.541648	-15.851902
43.55163	-15.857675
43.561612	-15.863448
43.571594	-15.869223
43.581576	-15.874998
43.591558	-15.880773
43.60154	-15.88655
43.611522	-15.892327
43.621504	-15.898104
43.631486	-15.903883
43.641468	-15.909661
43.65145	-15.915441
43.661432	-15.921221
43.671414	-15.927002
43.681396	-15.932784
43.691378	-15.938566
43.70136	-15.944349
43.711342	-15.950133
43.721324	-15.955917
43.731306	-15.961702
43.741288	-15.967487
43.75127	-15.973274
43.761252	-15.979061
43.771234	-15.984848
43.781216	-15.990636
43.791198	-15.996425
43.80118	-16.002215
43.811162	-16.008005
43.821144	-16.013796
43.831126	-16.019588
43.841108	-16.02538
43.85109	-16.031173
43.861072	-16.036966
43.871054	-16.042761
43.881036	-16.048555
43.891018	-16.054351
43.901	-16.060147
43.910982	-16.065944
43.920964	-16.071742
43.930946	-16.07754
43.940928	-16.083339
43.95091	-16.089139
43.960892	-16.094939
43.970874	-16.10074
43.980856	-16.106541
43.990838	-16.112344
44.00082	-16.118147
44.010802	-16.12395
44.020784	-16.129754
44.030766	-16.135559
44.040748	-16.141365
44.05073	-16.147171
44.060712	-16.152978
44.070694	-16.158786
44.080676	-16.164594
44.090658	-16.170403
44.10064	-16.176213
44.110622	-16.182023
44.120604	-16.187834
44.130586	-16.193646
44.140568	-16.199458
44.15055	-16.205271
44.160532	-16.211085
44.170514	-16.216899
44.180496	-16.222714
44.190478	-16.22853
44.20046	-16.234347
44.210442	-16.240164
44.220424	-16.245981
44.230406	-16.2518
44.240388	-16.257619
44.25037	-16.263439
44.260352	-16.269259
44.270334	-16.27508
44.280316	-16.280902
44.290298	-16.286725
44.30028	-16.292548
44.310262	-16.298372
44.320244	-16.304196
44.330226	-16.310022
44.340208	-16.315848
44.35019	-16.321674
44.360172	-16.327501
44.370154	-16.333329
44.380136	-16.339158
44.390118	-16.344987
44.4001	-16.350817
44.410082	-16.356648
44.420064	-16.362479
44.430046	-16.368311
44.440028	-16.374144
44.45001	-16.379978
44.459992	-16.385812
44.469974	-16.391647
44.479956	-16.397482
44.489938	-16.403318
44.49992	-16.409155
44.509902	-16.414993
44.519884	-16.420831
44.529866	-16.42667
44.539848	-16.432509
44.54983	-16.43835
44.559812	-16.44419
44.569794	-16.450032
44.579776	-16.455874
44.589758	-16.461718
44.59974	-16.467561
44.609722	-16.473406
44.619704	-16.479251
44.629686	-16.485097
44.639668	-16.490943
44.64965	-16.49679
44.659632	-16.502638
44.669614	-16.508487
44.679596	-16.514336
44.689578	-16.520186
44.69956	-16.526036
44.709542	-16.531888
44.719524	-16.53774
44.729506	-16.543592
44.739488	-16.549446
44.74947	-16.5553
44.759452	-16.561155
44.769434	-16.56701
44.779416	-16.572866
44.789398	-16.578723
44.79938	-16.584581
44.809362	-16.590439
44.819344	-16.596298
44.829326	-16.602157
44.839308	-16.608018
44.84929	-16.613879
44.859272	-16.61974
44.869254	-16.625603
44.879236	-16.631466
44.889218	-16.63733
44.8992	-16.643194
44.909182	-16.649059
44.919164	-16.654925
44.929146	-16.660792
44.939128	-16.666659
44.94911	-16.672527
44.959092	-16.678396
44.969074	-16.684265
44.979056	-16.690135
44.989038	-16.696006
44.99902	-16.701878
45.009002	-16.70775
45.018984	-16.713623
45.028966	-16.719496
45.038948	-16.725371
45.04893	-16.731246
45.058912	-16.737121
45.068894	-16.742998
45.078876	-16.748875
45.088858	-16.754753
45.09884	-16.760631
45.108822	-16.766511
45.118804	-16.772391
45.128786	-16.778271
45.138768	-16.784153
45.14875	-16.790035
45.158732	-16.795917
45.168714	-16.801801
45.178696	-16.807685
45.188678	-16.81357
45.19866	-16.819455
45.208642	-16.825342
45.218624	-16.831229
45.228606	-16.837116
45.238588	-16.843005
45.24857	-16.848894
45.258552	-16.854784
45.268534	-16.860674
45.278516	-16.866566
45.288498	-16.872458
45.29848	-16.87835
45.308462	-16.884244
45.318444	-16.890138
45.328426	-16.896032
45.338408	-16.901928
45.34839	-16.907824
45.358372	-16.913721
45.368354	-16.919619
45.378336	-16.925517
45.388318	-16.931416
45.3983	-16.937316
45.408282	-16.943217
45.418264	-16.949118
45.428246	-16.95502
45.438228	-16.960922
45.44821	-16.966826
45.458192	-16.97273
45.468174	-16.978635
45.478156	-16.98454
45.488138	-16.990446
45.49812	-16.996353
45.508102	-17.002261
45.518084	-17.008169
45.528066	-17.014079
45.538048	-17.019988
45.54803	-17.025899
45.558012	-17.03181
45.567994	-17.037722
45.577976	-17.043635
45.587958	-17.049548
45.59794	-17.055463
45.607922	-17.061377
45.617904	-17.067293
45.627886	-17.073209
45.637868	-17.079126
45.64785	-17.085044
45.657832	-17.090963
45.667814	-17.096882
45.677796	-17.102802
45.687778	-17.108722
45.69776	-17.114644
45.707742	-17.120566
45.717724	-17.126489
45.727706	-17.132412
45.737688	-17.138336
45.74767	-17.144261
45.757652	-17.150187
45.767634	-17.156114
45.777616	-17.162041
45.787598	-17.167969
45.79758	-17.173897
45.807562	-17.179827
45.817544	-17.185757
45.827526	-17.191688
45.837508	-17.197619
45.847489	-17.203551
45.857471	-17.209484
45.867453	-17.215418
45.877435	-17.221353
45.887417	-17.227288
45.897399	-17.233224
45.907381	-17.23916
45.917363	-17.245098
45.927345	-17.251036
45.937327	-17.256975
45.947309	-17.262914
45.957291	-17.268855
45.967273	-17.274796
45.977255	-17.280738
45.987237	-17.28668
45.997219	-17.292623
46.007201	-17.298567
46.017183	-17.304512
46.027165	-17.310458
46.037147	-17.316404
46.047129	-17.322351
46.057111	-17.328299
46.067093	-17.334247
46.077075	-17.340196
46.087057	-17.346146
46.097039	-17.352097
46.107021	-17.358048
46.117003	-17.364
46.126985	-17.369953
46.136967	-17.375907
46.146949	-17.381861
46.156931	-17.387816
46.166913	-17.393772
46.176895	-17.399728
46.186877	-17.405686
46.196859	-17.411644
46.206841	-17.417602
46.216823	-17.423562
46.226805	-17.429522
46.236787	-17.435483
46.246769	-17.441445
46.256751	-17.447408
46.266733	-17.453371
46.276715	-17.459335
46.286697	-17.4653
46.296679	-17.471265
46.306661	-17.477231
46.316643	-17.483198
46.326625	-17.489166
46.336607	-17.495134
46.346589	-17.501104
46.356571	-17.507074
46.366553	-17.513044
46.376535	-17.519016
46.386517	-17.524988
46.396499	-17.530961
46.406481	-17.536935
46.416463	-17.542909
46.426445	-17.548884
46.436427	-17.55486
46.446409	-17.560837
46.456391	-17.566815
46.466373	-17.572793
46.476355	-17.578772
46.486337	-17.584752
46.496319	-17.590732
46.506301	-17.596713
46.516283	-17.602695
46.526265	-17.608678
46.536247	-17.614662
46.546229	-17.620646
46.556211	-17.626631
46.566193	-17.632617
46.576175	-17.638603
46.586157	-17.64459
46.596139	-17.650578
46.606121	-17.656567
46.616103	-17.662557
46.626085	-17.668547
46.636067	-17.674538
46.646049	-17.68053
46.656031	-17.686523
46.666013	-17.692516
46.675995	-17.69851
46.685977	-17.704505
46.695959	-17.710501
46.705941	-17.716497
46.715923	-17.722494
46.725905	-17.728492
46.735887	-17.734491
46.745869	-17.74049
46.755851	-17.746491
46.765833	-17.752492
46.775815	-17.758493
46.785797	-17.764496
46.795779	-17.770499
46.805761	-17.776503
46.815743	-17.782508
46.825725	-17.788513
46.835707	-17.79452
46.845689	-17.800527
46.855671	-17.806535
46.865653	-17.812543
46.875635	-17.818553
46.885617	-17.824563
46.895599	-17.830574
46.905581	-17.836586
46.915563	-17.842598
46.925545	-17.848612
46.935527	-17.854626
46.945509	-17.86064
46.955491	-17.866656
46.965473	-17.872672
46.975455	-17.878689
46.985437	-17.884707
46.995419	-17.890726
47.005401	-17.896745
47.015383	-17.902766
47.025365	-17.908787
47.035347	-17.914808
47.045329	-17.920831
47.055311	-17.926854
47.065293	-17.932878
47.075275	-17.938903
47.085257	-17.944929
47.095239	-17.950955
47.105221	-17.956983
47.115203	-17.963011
47.125185	-17.969039
47.135167	-17.975069
47.145149	-17.981099
47.155131	-17.98713
47.165113	-17.993162
47.175095	-17.999195
47.185077	-18.005228
47.195059	-18.011263
47.205041	-18.017298
47.215023	-18.023333
47.225005	-18.02937
47.234987	-18.035407
47.244969	-18.041445
47.254951	-18.047484
47.264933	-18.053524
47.274915	-18.059565
47.284897	-18.065606
47.294879	-18.071648
47.304861	-18.077691
47.314843	-18.083735
47.324825	-18.089779
47.334807	-18.095824
47.344789	-18.10187
47.354771	-18.107917
47.364753	-18.113965
47.374735	-18.120013
47.384717	-18.126062
47.394699	-18.132112
47.404681	-18.138163
47.414663	-18.144214
47.424645	-18.150267
47.434627	-18.15632
47.444609	-18.162374
47.454591	-18.168428
47.464573	-18.174484
47.474555	-18.18054
47.484537	-18.186597
47.494519	-18.192655
47.504501	-18.198714
47.514483	-18.204773
47.524465	-18.210834
47.534447	-18.216895
47.544429	-18.222957
47.554411	-18.229019
47.564393	-18.235083
47.574375	-18.241147
47.584357	-18.247212
47.594339	-18.253278
47.604321	-18.259344
47.614303	-18.265412
47.624285	-18.27148
47.634267	-18.277549
47.644249	-18.283619
47.654231	-18.28969
47.664213	-18.295761
47.674195	-18.301833
47.684177	-18.307907
47.694159	-18.31398
47.704141	-18.320055
47.714123	-18.326131
47.724105	-18.332207
47.734087	-18.338284
47.744069	-18.344362
47.754051	-18.350441
47.764033	-18.35652
47.774015	-18.3626
47.783997	-18.368681
47.793979	-18.374763
47.803961	-18.380846
47.813943	-18.38693
47.823925	-18.393014
47.833907	-18.399099
47.843889	-18.405185
47.853871	-18.411272
47.863853	-18.417359
47.873835	-18.423448
47.883817	-18.429537
47.893799	-18.435627
47.903781	-18.441718
47.913763	-18.44781
47.923745	-18.453902
47.933727	-18.459995
47.943709	-18.466089
47.953691	-18.472184
47.963673	-18.47828
47.973655	-18.484377
47.983637	-18.490474
47.993619	-18.496572
48.003601	-18.502671
48.013583	-18.508771
48.023565	-18.514872
48.033547	-18.520973
48.043529	-18.527075
48.053511	-18.533178
48.063493	-18.539282
48.073475	-18.545387
48.083457	-18.551493
48.093439	-18.557599
48.103421	-18.563706
48.113403	-18.569814
48.123385	-18.575923
48.133367	-18.582033
48.143349	-18.588143
48.153331	-18.594254
48.163313	-18.600367
48.173295	-18.60648
48.183277	-18.612593
48.193259	-18.618708
48.203241	-18.624823
48.213223	-18.63094
48.223205	-18.637057
48.233187	-18.643175
48.243169	-18.649293
48.253151	-18.655413
48.263133	-18.661533
48.273115	-18.667655
48.283097	-18.673777
48.293079	-18.679899
48.303061	-18.686023
48.313043	-18.692148
48.323025	-18.698273
48.333007	-18.704399
48.342989	-18.710526
48.352971	-18.716654
48.362953	-18.722783
48.372935	-18.728913
48.382917	-18.735043
48.392899	-18.741174
48.402881	-18.747306
48.412863	-18.753439
48.422845	-18.759573
48.432827	-18.765707
48.442809	-18.771843
48.452791	-18.777979
48.462773	-18.784116
48.472755	-18.790254
48.482737	-18.796393
48.492719	-18.802533
48.502701	-18.808673
48.512683	-18.814814
48.522665	-18.820956
48.532647	-18.827099
48.542629	-18.833243
48.552611	-18.839388
48.562593	-18.845533
48.572575	-18.85168
48.582557	-18.857827
48.592539	-18.863975
48.602521	-18.870124
48.612503	-18.876274
48.622484	-18.882424
48.632466	-18.888576
48.642448	-18.894728
48.65243	-18.900881
48.662412	-18.907035
48.672394	-18.91319
48.682376	-18.919345
48.692358	-18.925502
48.70234	-18.931659
48.712322	-18.937817
48.722304	-18.943976
48.732286	-18.950136
48.742268	-18.956297
48.75225	-18.962459
48.762232	-18.968621
48.772214	-18.974785
48.782196	-18.980949
48.792178	-18.987114
48.80216	-18.99328
48.812142	-18.999446
48.822124	-19.005614
48.832106	-19.011783
48.842088	-19.017952
48.85207	-19.024122
48.862052	-19.030293
48.872034	-19.036465
48.882016	-19.042638
48.891998	-19.048811
48.90198	-19.054986
48.911962	-19.061161
48.921944	-19.067337
48.931926	-19.073514
48.941908	-19.079692
48.95189	-19.085871
48.961872	-19.092051
48.971854	-19.098231
48.981836	-19.104413
48.991818	-19.110595
49.0018	-19.116778
49.011782	-19.122962
49.021764	-19.129147
49.031746	-19.135333
49.041728	-19.141519
49.05171	-19.147707
49.061692	-19.153895
49.071674	-19.160084
49.081656	-19.166274
49.091638	-19.172465
49.10162	-19.178657
49.111602	-19.184849
49.121584	-19.191043
49.131566	-19.197237
49.141548	-19.203433
49.15153	-19.209629
49.161512	-19.215826
49.171494	-19.222024
49.181476	-19.228222
49.191458	-19.234422
49.20144	-19.240623
49.211422	-19.246824
49.221404	-19.253026
49.231386	-19.259229
49.241368	-19.265433
49.25135	-19.271638
49.261332	-19.277844
49.271314	-19.284051
49.281296	-19.290258
49.291278	-19.296467
49.30126	-19.302676
49.311242	-19.308886
49.321224	-19.315097
49.331206	-19.321309
49.341188	-19.327522
49.35117	-19.333736
49.361152	-19.33995
49.371134	-19.346166
49.381116	-19.352382
49.391098	-19.3586
49.40108	-19.364818
49.411062	-19.371037
49.421044	-19.377257
49.431026	-19.383477
49.441008	-19.389699
49.45099	-19.395922
49.460972	-19.402145
49.470954	-19.40837
49.480936	-19.414595
49.490918	-19.420821
49.5009	-19.427048
49.510882	-19.433276
49.520864	-19.439505
49.530846	-19.445734
49.540828	-19.451965
49.55081	-19.458197
49.560792	-19.464429
49.570774	-19.470662
49.580756	-19.476896
49.590738	-19.483132
49.60072	-19.489367
49.610702	-19.495604
49.620684	-19.501842
49.630666	-19.508081
49.640648	-19.51432
49.65063	-19.520561
49.660612	-19.526802
49.670594	-19.533044
49.680576	-19.539288
49.690558	-19.545532
49.70054	-19.551777
49.710522	-19.558023
49.720504	-19.564269
49.730486	-19.570517
49.740468	-19.576766
49.75045	-19.583015
49.760432	-19.589265
49.770414	-19.595517
49.780396	-19.601769
49.790378	-19.608022
49.80036	-19.614276
49.810342	-19.620531
49.820324	-19.626787
49.830306	-19.633044
49.840288	-19.639301
49.85027	-19.64556
49.860252	-19.651819
49.870234	-19.65808
49.880216	-19.664341
49.890198	-19.670603
49.90018	-19.676866
49.910162	-19.68313
49.920144	-19.689395
49.930126	-19.695661
49.940108	-19.701928
49.95009	-19.708196
49.960072	-19.714464
49.970054	-19.720734
49.980036	-19.727004
49.990018	-19.733276
50	-19.739548
