Freq_GHz	Norm_dB
0.1	0
0.109982	-5.7880559e-06
0.11996399	-1.2126424e-05
0.12994599	-1.9015108e-05
0.13992799	-2.6454113e-05
0.14990998	-3.4443442e-05
0.15989198	-4.2983101e-05
0.16987397	-5.2073094e-05
0.17985597	-6.1713428e-05
0.18983797	-7.1904108e-05
0.19981996	-8.264514e-05
0.20980196	-9.393653e-05
0.21978396	-0.00010577829
0.22976595	-0.00011817042
0.23974795	-0.00013111293
0.24972995	-0.00014460582
0.25971194	-0.00015864912
0.26969394	-0.00017324281
0.27967594	-0.00018838693
0.28965793	-0.00020408146
0.29963993	-0.00022032643
0.30962192	-0.00023712184
0.31960392	-0.0002544677
0.32958592	-0.00027236402
0.33956791	-0.00029081082
0.34954991	-0.0003098081
0.35953191	-0.00032935588
0.3695139	-0.00034945416
0.3794959	-0.00037010297
0.3894779	-0.00039130231
0.39945989	-0.00041305219
0.40944189	-0.00043535263
0.41942388	-0.00045820365
0.42940588	-0.00048160525
0.43938788	-0.00050555745
0.44936987	-0.00053006026
0.45935187	-0.00055511371
0.46933387	-0.0005807178
0.47931586	-0.00060687255
0.48929786	-0.00063357797
0.49927986	-0.00066083409
0.50926185	-0.00068864091
0.51924385	-0.00071699846
0.52922585	-0.00074590676
0.53920784	-0.00077536581
0.54918984	-0.00080537564
0.55917183	-0.00083593627
0.56915383	-0.00086704771
0.57913583	-0.00089870998
0.58911782	-0.00093092311
0.59909982	-0.00096368711
0.60908182	-0.000997002
0.61906381	-0.0010308678
0.62904581	-0.0010652845
0.63902781	-0.0011002522
0.6490098	-0.0011357709
0.6589918	-0.0011718405
0.66897379	-0.0012084612
0.67895579	-0.0012456329
0.68893779	-0.0012833557
0.69891978	-0.0013216296
0.70890178	-0.0013604545
0.71888378	-0.0013998306
0.72886577	-0.0014397579
0.73884777	-0.0014802363
0.74882977	-0.001521266
0.75881176	-0.0015628468
0.76879376	-0.0016049789
0.77877576	-0.0016476623
0.78875775	-0.0016908971
0.79873975	-0.0017346831
0.80872174	-0.0017790205
0.81870374	-0.0018239093
0.82868574	-0.0018693495
0.83866773	-0.0019153411
0.84864973	-0.0019618842
0.85863173	-0.0020089788
0.86861372	-0.0020566249
0.87859572	-0.0021048226
0.88857772	-0.0021535718
0.89855971	-0.0022028727
0.90854171	-0.0022527252
0.9185237	-0.0023031293
0.9285057	-0.0023540852
0.9384877	-0.0024055928
0.94846969	-0.0024576522
0.95845169	-0.0025102634
0.96843369	-0.0025634264
0.97841568	-0.0026171412
0.98839768	-0.0026714079
0.99837968	-0.0027262266
1.0083617	-0.0027815972
1.0183437	-0.0028375198
1.0283257	-0.0028939945
1.0383077	-0.0029510212
1.0482897	-0.0030086
1.0582717	-0.0030667309
1.0682537	-0.003125414
1.0782356	-0.0031846492
1.0882176	-0.0032444367
1.0981996	-0.0033047765
1.1081816	-0.0033656686
1.1181636	-0.003427113
1.1281456	-0.0034891099
1.1381276	-0.0035516591
1.1481096	-0.0036147608
1.1580916	-0.0036784149
1.1680736	-0.0037426217
1.1780556	-0.0038073809
1.1880376	-0.0038726928
1.1980196	-0.0039385574
1.2080016	-0.0040049746
1.2179836	-0.0040719446
1.2279656	-0.0041394673
1.2379476	-0.0042075428
1.2479296	-0.0042761712
1.2579116	-0.0043453525
1.2678936	-0.0044150868
1.2778756	-0.004485374
1.2878576	-0.0045562142
1.2978396	-0.0046276075
1.3078216	-0.0046995538
1.3178036	-0.0047720534
1.3277856	-0.0048451061
1.3377676	-0.0049187121
1.3477495	-0.0049928713
1.3577315	-0.0050675839
1.3677135	-0.0051428499
1.3776955	-0.0052186692
1.3876775	-0.005295042
1.3976595	-0.0053719684
1.4076415	-0.0054494483
1.4176235	-0.0055274818
1.4276055	-0.0056060689
1.4375875	-0.0056852097
1.4475695	-0.0057649043
1.4575515	-0.0058451527
1.4675335	-0.0059259549
1.4775155	-0.006007311
1.4874975	-0.0060892211
1.4974795	-0.0061716851
1.5074615	-0.0062547032
1.5174435	-0.0063382753
1.5274255	-0.0064224016
1.5374075	-0.0065070821
1.5473895	-0.0065923168
1.5573715	-0.0066781058
1.5673535	-0.0067644492
1.5773355	-0.0068513469
1.5873175	-0.0069387991
1.5972995	-0.0070268059
1.6072815	-0.0071153671
1.6172635	-0.007204483
1.6272454	-0.0072941535
1.6372274	-0.0073843787
1.6472094	-0.0074751587
1.6571914	-0.0075664936
1.6671734	-0.0076583833
1.6771554	-0.0077508279
1.6871374	-0.0078438276
1.6971194	-0.0079373823
1.7071014	-0.0080314921
1.7170834	-0.008126157
1.7270654	-0.0082213772
1.7370474	-0.0083171526
1.7470294	-0.0084134834
1.7570114	-0.0085103695
1.7669934	-0.0086078111
1.7769754	-0.0087058083
1.7869574	-0.008804361
1.7969394	-0.0089034693
1.8069214	-0.0090031333
1.8169034	-0.009103353
1.8268854	-0.0092041285
1.8368674	-0.00930546
1.8468494	-0.0094073473
1.8568314	-0.0095097906
1.8668134	-0.00961279
1.8767954	-0.0097163455
1.8867774	-0.0098204572
1.8967594	-0.0099251251
1.9067413	-0.010030349
1.9167233	-0.01013613
1.9267053	-0.010242467
1.9366873	-0.01034936
1.9466693	-0.01045681
1.9566513	-0.010564817
1.9666333	-0.01067338
1.9766153	-0.010782501
1.9865973	-0.010892178
1.9965793	-0.011002411
2.0065613	-0.011113202
2.0165433	-0.01122455
2.0265253	-0.011336455
2.0365073	-0.011448917
2.0464893	-0.011561936
2.0564713	-0.011675513
2.0664533	-0.011789646
2.0764353	-0.011904338
2.0864173	-0.012019587
2.0963993	-0.012135393
2.1063813	-0.012251757
2.1163633	-0.012368679
2.1263453	-0.012486158
2.1363273	-0.012604195
2.1463093	-0.012722791
2.1562913	-0.012841944
2.1662733	-0.012961655
2.1762553	-0.013081924
2.1862372	-0.013202752
2.1962192	-0.013324138
2.2062012	-0.013446082
2.2161832	-0.013568585
2.2261652	-0.013691646
2.2361472	-0.013815266
2.2461292	-0.013939444
2.2561112	-0.014064181
2.2660932	-0.014189477
2.2760752	-0.014315332
2.2860572	-0.014441745
2.2960392	-0.014568718
2.3060212	-0.01469625
2.3160032	-0.014824341
2.3259852	-0.014952991
2.3359672	-0.015082201
2.3459492	-0.01521197
2.3559312	-0.015342298
2.3659132	-0.015473186
2.3758952	-0.015604634
2.3858772	-0.015736641
2.3958592	-0.015869208
2.4058412	-0.016002335
2.4158232	-0.016136022
2.4258052	-0.01627027
2.4357872	-0.016405077
2.4457692	-0.016540444
2.4557512	-0.016676372
2.4657331	-0.01681286
2.4757151	-0.016949908
2.4856971	-0.017087517
2.4956791	-0.017225687
2.5056611	-0.017364417
2.5156431	-0.017503708
2.5256251	-0.01764356
2.5356071	-0.017783973
2.5455891	-0.017924947
2.5555711	-0.018066482
2.5655531	-0.018208578
2.5755351	-0.018351236
2.5855171	-0.018494455
2.5954991	-0.018638235
2.6054811	-0.018782577
2.6154631	-0.01892748
2.6254451	-0.019072946
2.6354271	-0.019218973
2.6454091	-0.019365562
2.6553911	-0.019512713
2.6653731	-0.019660426
2.6753551	-0.019808701
2.6853371	-0.019957538
2.6953191	-0.020106938
2.7053011	-0.0202569
2.7152831	-0.020407425
2.7252651	-0.020558512
2.735247	-0.020710162
2.745229	-0.020862375
2.755211	-0.02101515
2.765193	-0.021168489
2.775175	-0.02132239
2.785157	-0.021476855
2.795139	-0.021631883
2.805121	-0.021787475
2.815103	-0.02194363
2.825085	-0.022100348
2.835067	-0.02225763
2.845049	-0.022415476
2.855031	-0.022573885
2.865013	-0.022732859
2.874995	-0.022892396
2.884977	-0.023052497
2.894959	-0.023213163
2.904941	-0.023374393
2.914923	-0.023536188
2.924905	-0.023698546
2.934887	-0.02386147
2.944869	-0.024024958
2.954851	-0.024189011
2.964833	-0.024353629
2.974815	-0.024518811
2.984797	-0.024684559
2.994779	-0.024850872
3.004761	-0.02501775
3.0147429	-0.025185194
3.0247249	-0.025353203
3.0347069	-0.025521778
3.0446889	-0.025690918
3.0546709	-0.025860624
3.0646529	-0.026030896
3.0746349	-0.026201734
3.0846169	-0.026373138
3.0945989	-0.026545108
3.1045809	-0.026717645
3.1145629	-0.026890748
3.1245449	-0.027064417
3.1345269	-0.027238653
3.1445089	-0.027413456
3.1544909	-0.027588825
3.1644729	-0.027764762
3.1744549	-0.027941265
3.1844369	-0.028118336
3.1944189	-0.028295973
3.2044009	-0.028474178
3.2143829	-0.028652951
3.2243649	-0.028832291
3.2343469	-0.029012199
3.2443289	-0.029192674
3.2543109	-0.029373718
3.2642929	-0.029555329
3.2742749	-0.029737508
3.2842569	-0.029920256
3.2942388	-0.030103572
3.3042208	-0.030287456
3.3142028	-0.030471909
3.3241848	-0.030656931
3.3341668	-0.030842521
3.3441488	-0.03102868
3.3541308	-0.031215408
3.3641128	-0.031402705
3.3740948	-0.031590571
3.3840768	-0.031779007
3.3940588	-0.031968012
3.4040408	-0.032157587
3.4140228	-0.032347731
3.4240048	-0.032538445
3.4339868	-0.032729729
3.4439688	-0.032921583
3.4539508	-0.033114006
3.4639328	-0.033307001
3.4739148	-0.033500565
3.4838968	-0.0336947
3.4938788	-0.033889405
3.5038608	-0.034084682
3.5138428	-0.034280528
3.5238248	-0.034476946
3.5338068	-0.034673935
3.5437888	-0.034871495
3.5537708	-0.035069626
3.5637528	-0.035268329
3.5737347	-0.035467603
3.5837167	-0.035667449
3.5936987	-0.035867867
3.6036807	-0.036068856
3.6136627	-0.036270417
3.6236447	-0.036472551
3.6336267	-0.036675256
3.6436087	-0.036878534
3.6535907	-0.037082385
3.6635727	-0.037286808
3.6735547	-0.037491804
3.6835367	-0.037697372
3.6935187	-0.037903514
3.7035007	-0.038110228
3.7134827	-0.038317516
3.7234647	-0.038525377
3.7334467	-0.038733812
3.7434287	-0.03894282
3.7534107	-0.039152401
3.7633927	-0.039362557
3.7733747	-0.039573287
3.7833567	-0.03978459
3.7933387	-0.039996468
3.8033207	-0.04020892
3.8133027	-0.040421947
3.8232847	-0.040635548
3.8332667	-0.040849724
3.8432486	-0.041064474
3.8532306	-0.0412798
3.8632126	-0.041495701
3.8731946	-0.041712176
3.8831766	-0.041929228
3.8931586	-0.042146854
3.9031406	-0.042365057
3.9131226	-0.042583835
3.9231046	-0.042803189
3.9330866	-0.043023118
3.9430686	-0.043243624
3.9530506	-0.043464707
3.9630326	-0.043686365
3.9730146	-0.0439086
3.9829966	-0.044131412
3.9929786	-0.044354801
4.0029606	-0.044578766
4.0129426	-0.044803309
4.0229246	-0.045028429
4.0329066	-0.045254126
4.0428886	-0.0454804
4.0528706	-0.045707252
4.0628526	-0.045934682
4.0728346	-0.046162689
4.0828166	-0.046391275
4.0927986	-0.046620439
4.1027806	-0.046850181
4.1127626	-0.047080501
4.1227445	-0.0473114
4.1327265	-0.047542877
4.1427085	-0.047774934
4.1526905	-0.048007569
4.1626725	-0.048240783
4.1726545	-0.048474577
4.1826365	-0.04870895
4.1926185	-0.048943902
4.2026005	-0.049179435
4.2125825	-0.049415546
4.2225645	-0.049652238
4.2325465	-0.04988951
4.2425285	-0.050127362
4.2525105	-0.050365794
4.2624925	-0.050604807
4.2724745	-0.050844401
4.2824565	-0.051084575
4.2924385	-0.05132533
4.3024205	-0.051566666
4.3124025	-0.051808584
4.3223845	-0.052051083
4.3323665	-0.052294163
4.3423485	-0.052537825
4.3523305	-0.052782068
4.3623125	-0.053026894
4.3722945	-0.053272301
4.3822765	-0.053518291
4.3922585	-0.053764863
4.4022404	-0.054012018
4.4122224	-0.054259755
4.4222044	-0.054508075
4.4321864	-0.054756978
4.4421684	-0.055006464
4.4521504	-0.055256533
4.4621324	-0.055507186
4.4721144	-0.055758422
4.4820964	-0.056010242
4.4920784	-0.056262646
4.5020604	-0.056515634
4.5120424	-0.056769205
4.5220244	-0.057023361
4.5320064	-0.057278102
4.5419884	-0.057533427
4.5519704	-0.057789337
4.5619524	-0.058045832
4.5719344	-0.058302911
4.5819164	-0.058560576
4.5918984	-0.058818826
4.6018804	-0.059077662
4.6118624	-0.059337083
4.6218444	-0.059597091
4.6318264	-0.059857684
4.6418084	-0.060118863
4.6517904	-0.060380628
4.6617724	-0.06064298
4.6717544	-0.060905918
4.6817363	-0.061169444
4.6917183	-0.061433556
4.7017003	-0.061698255
4.7116823	-0.061963541
4.7216643	-0.062229414
4.7316463	-0.062495876
4.7416283	-0.062762924
4.7516103	-0.063030561
4.7615923	-0.063298785
4.7715743	-0.063567598
4.7815563	-0.063836999
4.7915383	-0.064106988
4.8015203	-0.064377566
4.8115023	-0.064648733
4.8214843	-0.064920489
4.8314663	-0.065192833
4.8414483	-0.065465767
4.8514303	-0.065739291
4.8614123	-0.066013404
4.8713943	-0.066288107
4.8813763	-0.066563399
4.8913583	-0.066839282
4.9013403	-0.067115755
4.9113223	-0.067392818
4.9213043	-0.067670472
4.9312863	-0.067948717
4.9412683	-0.068227552
4.9512503	-0.068506978
4.9612322	-0.068786996
4.9712142	-0.069067605
4.9811962	-0.069348806
4.9911782	-0.069630598
5.0011602	-0.069912982
5.0111422	-0.070195958
5.0211242	-0.070479526
5.0311062	-0.070763687
5.0410882	-0.07104844
5.0510702	-0.071333786
5.0610522	-0.071619725
5.0710342	-0.071906257
5.0810162	-0.072193382
5.0909982	-0.0724811
5.1009802	-0.072769412
5.1109622	-0.073058318
5.1209442	-0.073347817
5.1309262	-0.073637911
5.1409082	-0.073928599
5.1508902	-0.074219881
5.1608722	-0.074511758
5.1708542	-0.074804229
5.1808362	-0.075097296
5.1908182	-0.075390957
5.2008002	-0.075685214
5.2107822	-0.075980066
5.2207642	-0.076275514
5.2307461	-0.076571557
5.2407281	-0.076868197
5.2507101	-0.077165432
5.2606921	-0.077463264
5.2706741	-0.077761692
5.2806561	-0.078060717
5.2906381	-0.078360339
5.3006201	-0.078660558
5.3106021	-0.078961374
5.3205841	-0.079262787
5.3305661	-0.079564798
5.3405481	-0.079867406
5.3505301	-0.080170613
5.3605121	-0.080474417
5.3704941	-0.08077882
5.3804761	-0.081083821
5.3904581	-0.08138942
5.4004401	-0.081695619
5.4104221	-0.082002416
5.4204041	-0.082309813
5.4303861	-0.082617808
5.4403681	-0.082926404
5.4503501	-0.083235599
5.4603321	-0.083545393
5.4703141	-0.083855788
5.4802961	-0.084166783
5.4902781	-0.084478379
5.5002601	-0.084790575
5.510242	-0.085103371
5.520224	-0.085416769
5.530206	-0.085730768
5.540188	-0.086045368
5.55017	-0.08636057
5.560152	-0.086676373
5.570134	-0.086992778
5.580116	-0.087309785
5.590098	-0.087627395
5.60008	-0.087945607
5.610062	-0.088264421
5.620044	-0.088583838
5.630026	-0.088903859
5.640008	-0.089224482
5.64999	-0.089545709
5.659972	-0.089867539
5.669954	-0.090189973
5.679936	-0.090513011
5.689918	-0.090836653
5.6999	-0.091160899
5.709882	-0.09148575
5.719864	-0.091811206
5.729846	-0.092137266
5.739828	-0.092463931
5.74981	-0.092791202
5.759792	-0.093119078
5.769774	-0.09344756
5.779756	-0.093776647
5.7897379	-0.09410634
5.7997199	-0.09443664
5.8097019	-0.094767546
5.8196839	-0.095099059
5.8296659	-0.095431178
5.8396479	-0.095763905
5.8496299	-0.096097238
5.8596119	-0.096431179
5.8695939	-0.096765728
5.8795759	-0.097100884
5.8895579	-0.097436648
5.8995399	-0.09777302
5.9095219	-0.098110001
5.9195039	-0.09844759
5.9294859	-0.098785788
5.9394679	-0.099124595
5.9494499	-0.09946401
5.9594319	-0.099804036
5.9694139	-0.10014467
5.9793959	-0.10048591
5.9893779	-0.10082777
5.9993599	-0.10117023
6.0093419	-0.10151331
6.0193239	-0.10185699
6.0293059	-0.10220129
6.0392879	-0.1025462
6.0492699	-0.10289171
6.0592519	-0.10323784
6.0692338	-0.10358458
6.0792158	-0.10393194
6.0891978	-0.1042799
6.0991798	-0.10462848
6.1091618	-0.10497767
6.1191438	-0.10532747
6.1291258	-0.10567788
6.1391078	-0.10602891
6.1490898	-0.10638055
6.1590718	-0.1067328
6.1690538	-0.10708567
6.1790358	-0.10743915
6.1890178	-0.10779325
6.1989998	-0.10814795
6.2089818	-0.10850328
6.2189638	-0.10885922
6.2289458	-0.10921577
6.2389278	-0.10957294
6.2489098	-0.10993072
6.2588918	-0.11028912
6.2688738	-0.11064813
6.2788558	-0.11100776
6.2888378	-0.111368
6.2988198	-0.11172887
6.3088018	-0.11209034
6.3187838	-0.11245244
6.3287658	-0.11281515
6.3387477	-0.11317848
6.3487297	-0.11354243
6.3587117	-0.11390699
6.3686937	-0.11427217
6.3786757	-0.11463797
6.3886577	-0.11500439
6.3986397	-0.11537142
6.4086217	-0.11573908
6.4186037	-0.11610735
6.4285857	-0.11647624
6.4385677	-0.11684575
6.4485497	-0.11721588
6.4585317	-0.11758663
6.4685137	-0.117958
6.4784957	-0.11832999
6.4884777	-0.1187026
6.4984597	-0.11907583
6.5084417	-0.11944968
6.5184237	-0.11982415
6.5284057	-0.12019925
6.5383877	-0.12057496
6.5483697	-0.1209513
6.5583517	-0.12132825
6.5683337	-0.12170583
6.5783157	-0.12208404
6.5882977	-0.12246286
6.5982797	-0.12284231
6.6082617	-0.12322238
6.6182436	-0.12360307
6.6282256	-0.12398439
6.6382076	-0.12436632
6.6481896	-0.12474889
6.6581716	-0.12513208
6.6681536	-0.12551589
6.6781356	-0.12590032
6.6881176	-0.12628538
6.6980996	-0.12667107
6.7080816	-0.12705738
6.7180636	-0.12744431
6.7280456	-0.12783187
6.7380276	-0.12822006
6.7480096	-0.12860887
6.7579916	-0.12899831
6.7679736	-0.12938838
6.7779556	-0.12977907
6.7879376	-0.13017039
6.7979196	-0.13056233
6.8079016	-0.13095491
6.8178836	-0.13134811
6.8278656	-0.13174193
6.8378476	-0.13213639
6.8478296	-0.13253148
6.8578116	-0.13292719
6.8677936	-0.13332353
6.8777756	-0.1337205
6.8877576	-0.1341181
6.8977395	-0.13451633
6.9077215	-0.13491519
6.9177035	-0.13531467
6.9276855	-0.13571479
6.9376675	-0.13611554
6.9476495	-0.13651692
6.9576315	-0.13691893
6.9676135	-0.13732157
6.9775955	-0.13772484
6.9875775	-0.13812874
6.9975595	-0.13853328
7.0075415	-0.13893844
7.0175235	-0.13934424
7.0275055	-0.13975067
7.0374875	-0.14015774
7.0474695	-0.14056543
7.0574515	-0.14097376
7.0674335	-0.14138272
7.0774155	-0.14179232
7.0873975	-0.14220255
7.0973795	-0.14261341
7.1073615	-0.14302491
7.1173435	-0.14343704
7.1273255	-0.14384981
7.1373075	-0.14426321
7.1472895	-0.14467725
7.1572715	-0.14509192
7.1672535	-0.14550722
7.1772354	-0.14592317
7.1872174	-0.14633975
7.1971994	-0.14675696
7.2071814	-0.14717482
7.2171634	-0.1475933
7.2271454	-0.14801243
7.2371274	-0.14843219
7.2471094	-0.1488526
7.2570914	-0.14927363
7.2670734	-0.14969531
7.2770554	-0.15011763
7.2870374	-0.15054058
7.2970194	-0.15096417
7.3070014	-0.1513884
7.3169834	-0.15181327
7.3269654	-0.15223878
7.3369474	-0.15266493
7.3469294	-0.15309172
7.3569114	-0.15351915
7.3668934	-0.15394722
7.3768754	-0.15437593
7.3868574	-0.15480528
7.3968394	-0.15523527
7.4068214	-0.15566591
7.4168034	-0.15609718
7.4267854	-0.1565291
7.4367674	-0.15696166
7.4467493	-0.15739486
7.4567313	-0.1578287
7.4667133	-0.15826319
7.4766953	-0.15869832
7.4866773	-0.15913409
7.4966593	-0.15957051
7.5066413	-0.16000757
7.5166233	-0.16044528
7.5266053	-0.16088363
7.5365873	-0.16132262
7.5465693	-0.16176226
7.5565513	-0.16220254
7.5665333	-0.16264347
7.5765153	-0.16308504
7.5864973	-0.16352727
7.5964793	-0.16397013
7.6064613	-0.16441364
7.6164433	-0.1648578
7.6264253	-0.16530261
7.6364073	-0.16574806
7.6463893	-0.16619416
7.6563713	-0.16664091
7.6663533	-0.16708831
7.6763353	-0.16753635
7.6863173	-0.16798504
7.6962993	-0.16843439
7.7062813	-0.16888438
7.7162633	-0.16933501
7.7262452	-0.1697863
7.7362272	-0.17023824
7.7462092	-0.17069083
7.7561912	-0.17114407
7.7661732	-0.17159795
7.7761552	-0.17205249
7.7861372	-0.17250768
7.7961192	-0.17296352
7.8061012	-0.17342002
7.8160832	-0.17387716
7.8260652	-0.17433496
7.8360472	-0.1747934
7.8460292	-0.1752525
7.8560112	-0.17571226
7.8659932	-0.17617266
7.8759752	-0.17663372
7.8859572	-0.17709544
7.8959392	-0.1775578
7.9059212	-0.17802082
7.9159032	-0.1784845
7.9258852	-0.17894883
7.9358672	-0.17941381
7.9458492	-0.17987945
7.9558312	-0.18034574
7.9658132	-0.18081269
7.9757952	-0.1812803
7.9857772	-0.18174856
7.9957592	-0.18221748
8.0057411	-0.18268705
8.0157231	-0.18315729
8.0257051	-0.18362818
8.0356871	-0.18409972
8.0456691	-0.18457192
8.0556511	-0.18504479
8.0656331	-0.18551831
8.0756151	-0.18599248
8.0855971	-0.18646732
8.0955791	-0.18694282
8.1055611	-0.18741897
8.1155431	-0.18789579
8.1255251	-0.18837326
8.1355071	-0.1888514
8.1454891	-0.18933019
8.1554711	-0.18980965
8.1654531	-0.19028976
8.1754351	-0.19077054
8.1854171	-0.19125198
8.1953991	-0.19173408
8.2053811	-0.19221684
8.2153631	-0.19270027
8.2253451	-0.19318436
8.2353271	-0.19366911
8.2453091	-0.19415452
8.2552911	-0.1946406
8.2652731	-0.19512734
8.2752551	-0.19561474
8.285237	-0.19610281
8.295219	-0.19659154
8.305201	-0.19708094
8.315183	-0.197571
8.325165	-0.19806173
8.335147	-0.19855312
8.345129	-0.19904518
8.355111	-0.1995379
8.365093	-0.20003129
8.375075	-0.20052535
8.385057	-0.20102007
8.395039	-0.20151546
8.405021	-0.20201152
8.415003	-0.20250825
8.424985	-0.20300564
8.434967	-0.2035037
8.444949	-0.20400243
8.454931	-0.20450183
8.464913	-0.2050019
8.474895	-0.20550264
8.484877	-0.20600405
8.494859	-0.20650613
8.504841	-0.20700887
8.514823	-0.20751229
8.524805	-0.20801638
8.534787	-0.20852114
8.544769	-0.20902657
8.554751	-0.20953267
8.5647329	-0.21003945
8.5747149	-0.21054689
8.5846969	-0.21105501
8.5946789	-0.21156381
8.6046609	-0.21207327
8.6146429	-0.21258341
8.6246249	-0.21309422
8.6346069	-0.2136057
8.6445889	-0.21411786
8.6545709	-0.2146307
8.6645529	-0.21514421
8.6745349	-0.21565839
8.6845169	-0.21617325
8.6944989	-0.21668878
8.7044809	-0.21720499
8.7144629	-0.21772188
8.7244449	-0.21823944
8.7344269	-0.21875768
8.7444089	-0.2192766
8.7543909	-0.21979619
8.7643729	-0.22031646
8.7743549	-0.22083741
8.7843369	-0.22135904
8.7943189	-0.22188134
8.8043009	-0.22240433
8.8142829	-0.22292799
8.8242649	-0.22345233
8.8342468	-0.22397735
8.8442288	-0.22450305
8.8542108	-0.22502944
8.8641928	-0.2255565
8.8741748	-0.22608424
8.8841568	-0.22661266
8.8941388	-0.22714177
8.9041208	-0.22767156
8.9141028	-0.22820202
8.9240848	-0.22873318
8.9340668	-0.22926501
8.9440488	-0.22979752
8.9540308	-0.23033072
8.9640128	-0.23086461
8.9739948	-0.23139917
8.9839768	-0.23193442
8.9939588	-0.23247036
9.0039408	-0.23300697
9.0139228	-0.23354428
9.0239048	-0.23408227
9.0338868	-0.23462094
9.0438688	-0.2351603
9.0538508	-0.23570034
9.0638328	-0.23624108
9.0738148	-0.23678249
9.0837968	-0.2373246
9.0937788	-0.23786739
9.1037608	-0.23841087
9.1137427	-0.23895504
9.1237247	-0.2394999
9.1337067	-0.24004544
9.1436887	-0.24059167
9.1536707	-0.24113859
9.1636527	-0.2416862
9.1736347	-0.24223451
9.1836167	-0.2427835
9.1935987	-0.24333318
9.2035807	-0.24388355
9.2135627	-0.24443461
9.2235447	-0.24498636
9.2335267	-0.24553881
9.2435087	-0.24609194
9.2534907	-0.24664577
9.2634727	-0.24720029
9.2734547	-0.2477555
9.2834367	-0.24831141
9.2934187	-0.24886801
9.3034007	-0.2494253
9.3133827	-0.24998328
9.3233647	-0.25054196
9.3333467	-0.25110134
9.3433287	-0.25166141
9.3533107	-0.25222217
9.3632927	-0.25278363
9.3732747	-0.25334579
9.3832567	-0.25390864
9.3932386	-0.25447218
9.4032206	-0.25503643
9.4132026	-0.25560137
9.4231846	-0.25616701
9.4331666	-0.25673334
9.4431486	-0.25730037
9.4531306	-0.25786811
9.4631126	-0.25843654
9.4730946	-0.25900566
9.4830766	-0.25957549
9.4930586	-0.26014602
9.5030406	-0.26071724
9.5130226	-0.26128917
9.5230046	-0.26186179
9.5329866	-0.26243512
9.5429686	-0.26300915
9.5529506	-0.26358388
9.5629326	-0.26415931
9.5729146	-0.26473544
9.5828966	-0.26531227
9.5928786	-0.26588981
9.6028606	-0.26646805
9.6128426	-0.26704699
9.6228246	-0.26762664
9.6328066	-0.26820699
9.6427886	-0.26878804
9.6527706	-0.2693698
9.6627526	-0.26995226
9.6727345	-0.27053543
9.6827165	-0.2711193
9.6926985	-0.27170388
9.7026805	-0.27228916
9.7126625	-0.27287515
9.7226445	-0.27346185
9.7326265	-0.27404925
9.7426085	-0.27463736
9.7525905	-0.27522618
9.7625725	-0.2758157
9.7725545	-0.27640594
9.7825365	-0.27699688
9.7925185	-0.27758853
9.8025005	-0.27818089
9.8124825	-0.27877396
9.8224645	-0.27936774
9.8324465	-0.27996223
9.8424285	-0.28055743
9.8524105	-0.28115333
9.8623925	-0.28174996
9.8723745	-0.28234729
9.8823565	-0.28294533
9.8923385	-0.28354409
9.9023205	-0.28414355
9.9123025	-0.28474373
9.9222845	-0.28534463
9.9322665	-0.28594623
9.9422484	-0.28654855
9.9522304	-0.28715159
9.9622124	-0.28775534
9.9721944	-0.2883598
9.9821764	-0.28896497
9.9921584	-0.28957087
10.00214	-0.29017748
10.012122	-0.2907848
10.022104	-0.29139284
10.032086	-0.29200159
10.042068	-0.29261107
10.05205	-0.29322126
10.062032	-0.29383216
10.072014	-0.29444379
10.081996	-0.29505613
10.091978	-0.29566919
10.10196	-0.29628298
10.111942	-0.29689747
10.121924	-0.29751269
10.131906	-0.29812863
10.141888	-0.29874529
10.15187	-0.29936267
10.161852	-0.29998077
10.171834	-0.30059959
10.181816	-0.30121913
10.191798	-0.30183939
10.20178	-0.30246038
10.211762	-0.30308209
10.221744	-0.30370452
10.231726	-0.30432767
10.241708	-0.30495155
10.25169	-0.30557615
10.261672	-0.30620148
10.271654	-0.30682752
10.281636	-0.3074543
10.291618	-0.3080818
10.3016	-0.30871002
10.311582	-0.30933897
10.321564	-0.30996865
10.331546	-0.31059905
10.341528	-0.31123018
10.35151	-0.31186203
10.361492	-0.31249462
10.371474	-0.31312793
10.381456	-0.31376196
10.391438	-0.31439673
10.40142	-0.31503223
10.411402	-0.31566845
10.421384	-0.31630541
10.431366	-0.31694309
10.441348	-0.3175815
10.45133	-0.31822065
10.461312	-0.31886052
10.471294	-0.31950113
10.481276	-0.32014246
10.491258	-0.32078453
10.50124	-0.32142733
10.511222	-0.32207087
10.521204	-0.32271513
10.531186	-0.32336013
10.541168	-0.32400587
10.55115	-0.32465233
10.561132	-0.32529953
10.571114	-0.32594747
10.581096	-0.32659614
10.591078	-0.32724554
10.60106	-0.32789568
10.611042	-0.32854656
10.621024	-0.32919817
10.631006	-0.32985052
10.640988	-0.3305036
10.65097	-0.33115743
10.660952	-0.33181199
10.670934	-0.33246728
10.680916	-0.33312332
10.690898	-0.33378009
10.70088	-0.33443761
10.710862	-0.33509586
10.720844	-0.33575485
10.730826	-0.33641459
10.740808	-0.33707506
10.75079	-0.33773627
10.760772	-0.33839822
10.770754	-0.33906092
10.780736	-0.33972436
10.790718	-0.34038854
10.8007	-0.34105346
10.810682	-0.34171912
10.820664	-0.34238553
10.830646	-0.34305268
10.840628	-0.34372057
10.85061	-0.34438921
10.860592	-0.34505859
10.870574	-0.34572872
10.880556	-0.34639959
10.890538	-0.34707121
10.90052	-0.34774358
10.910502	-0.34841669
10.920484	-0.34909054
10.930466	-0.34976515
10.940448	-0.3504405
10.95043	-0.3511166
10.960412	-0.35179344
10.970394	-0.35247104
10.980376	-0.35314938
10.990358	-0.35382847
11.00034	-0.35450831
11.010322	-0.3551889
11.020304	-0.35587025
11.030286	-0.35655234
11.040268	-0.35723518
11.05025	-0.35791877
11.060232	-0.35860312
11.070214	-0.35928821
11.080196	-0.35997406
11.090178	-0.36066067
11.10016	-0.36134802
11.110142	-0.36203613
11.120124	-0.36272499
11.130106	-0.3634146
11.140088	-0.36410497
11.15007	-0.3647961
11.160052	-0.36548798
11.170034	-0.36618061
11.180016	-0.366874
11.189998	-0.36756815
11.19998	-0.36826305
11.209962	-0.36895871
11.219944	-0.36965513
11.229926	-0.3703523
11.239908	-0.37105023
11.24989	-0.37174893
11.259872	-0.37244837
11.269854	-0.37314858
11.279836	-0.37384955
11.289818	-0.37455128
11.2998	-0.37525376
11.309782	-0.37595701
11.319764	-0.37666102
11.329746	-0.37736579
11.339728	-0.37807132
11.34971	-0.37877761
11.359692	-0.37948467
11.369674	-0.38019249
11.379656	-0.38090107
11.389638	-0.38161041
11.39962	-0.38232052
11.409602	-0.38303139
11.419584	-0.38374303
11.429566	-0.38445543
11.439548	-0.38516859
11.44953	-0.38588253
11.459512	-0.38659722
11.469494	-0.38731269
11.479476	-0.38802892
11.489458	-0.38874591
11.49944	-0.38946368
11.509422	-0.39018221
11.519404	-0.39090151
11.529386	-0.39162158
11.539368	-0.39234242
11.54935	-0.39306402
11.559332	-0.3937864
11.569314	-0.39450955
11.579296	-0.39523346
11.589278	-0.39595815
11.59926	-0.39668361
11.609242	-0.39740984
11.619224	-0.39813684
11.629206	-0.39886461
11.639188	-0.39959316
11.64917	-0.40032248
11.659152	-0.40105257
11.669134	-0.40178343
11.679116	-0.40251507
11.689098	-0.40324749
11.69908	-0.40398067
11.709062	-0.40471464
11.719044	-0.40544938
11.729026	-0.40618489
11.739008	-0.40692118
11.74899	-0.40765825
11.758972	-0.40839609
11.768954	-0.40913472
11.778936	-0.40987412
11.788918	-0.41061429
11.7989	-0.41135525
11.808882	-0.41209698
11.818864	-0.4128395
11.828846	-0.41358279
11.838828	-0.41432686
11.84881	-0.41507172
11.858792	-0.41581735
11.868774	-0.41656377
11.878756	-0.41731097
11.888738	-0.41805894
11.89872	-0.41880771
11.908702	-0.41955725
11.918684	-0.42030758
11.928666	-0.42105869
11.938648	-0.42181058
11.94863	-0.42256326
11.958612	-0.42331672
11.968594	-0.42407097
11.978576	-0.424826
11.988558	-0.42558182
11.99854	-0.42633842
12.008522	-0.42709581
12.018504	-0.42785399
12.028486	-0.42861295
12.038468	-0.4293727
12.04845	-0.43013324
12.058432	-0.43089457
12.068414	-0.43165669
12.078396	-0.43241959
12.088378	-0.43318329
12.09836	-0.43394777
12.108342	-0.43471304
12.118324	-0.43547911
12.128306	-0.43624597
12.138288	-0.43701361
12.14827	-0.43778205
12.158252	-0.43855128
12.168234	-0.43932131
12.178216	-0.44009212
12.188198	-0.44086373
12.19818	-0.44163614
12.208162	-0.44240933
12.218144	-0.44318333
12.228126	-0.44395811
12.238108	-0.44473369
12.24809	-0.44551007
12.258072	-0.44628724
12.268054	-0.44706521
12.278036	-0.44784398
12.288018	-0.44862354
12.298	-0.4494039
12.307982	-0.45018506
12.317964	-0.45096702
12.327946	-0.45174977
12.337928	-0.45253333
12.34791	-0.45331768
12.357892	-0.45410284
12.367874	-0.45488879
12.377856	-0.45567555
12.387838	-0.4564631
12.39782	-0.45725146
12.407802	-0.45804062
12.417784	-0.45883058
12.427766	-0.45962134
12.437748	-0.46041291
12.44773	-0.46120527
12.457712	-0.46199845
12.467694	-0.46279243
12.477676	-0.46358721
12.487658	-0.46438279
12.49764	-0.46517919
12.507622	-0.46597638
12.517604	-0.46677439
12.527586	-0.4675732
12.537568	-0.46837281
12.54755	-0.46917324
12.557532	-0.46997447
12.567514	-0.47077651
12.577495	-0.47157936
12.587477	-0.47238301
12.597459	-0.47318748
12.607441	-0.47399275
12.617423	-0.47479884
12.627405	-0.47560574
12.637387	-0.47641344
12.647369	-0.47722196
12.657351	-0.47803129
12.667333	-0.47884143
12.677315	-0.47965238
12.687297	-0.48046415
12.697279	-0.48127673
12.707261	-0.48209012
12.717243	-0.48290433
12.727225	-0.48371935
12.737207	-0.48453519
12.747189	-0.48535184
12.757171	-0.48616931
12.767153	-0.48698759
12.777135	-0.48780669
12.787117	-0.4886266
12.797099	-0.48944734
12.807081	-0.49026889
12.817063	-0.49109126
12.827045	-0.49191444
12.837027	-0.49273845
12.847009	-0.49356327
12.856991	-0.49438892
12.866973	-0.49521538
12.876955	-0.49604267
12.886937	-0.49687077
12.896919	-0.4976997
12.906901	-0.49852944
12.916883	-0.49936001
12.926865	-0.50019141
12.936847	-0.50102362
12.946829	-0.50185666
12.956811	-0.50269052
12.966793	-0.5035252
12.976775	-0.50436071
12.986757	-0.50519705
12.996739	-0.50603421
13.006721	-0.50687219
13.016703	-0.507711
13.026685	-0.50855064
13.036667	-0.50939111
13.046649	-0.5102324
13.056631	-0.51107452
13.066613	-0.51191746
13.076595	-0.51276124
13.086577	-0.51360584
13.096559	-0.51445128
13.106541	-0.51529754
13.116523	-0.51614463
13.126505	-0.51699255
13.136487	-0.51784131
13.146469	-0.51869089
13.156451	-0.51954131
13.166433	-0.52039256
13.176415	-0.52124464
13.186397	-0.52209756
13.196379	-0.5229513
13.206361	-0.52380588
13.216343	-0.5246613
13.226325	-0.52551755
13.236307	-0.52637463
13.246289	-0.52723255
13.256271	-0.52809131
13.266253	-0.5289509
13.276235	-0.52981133
13.286217	-0.5306726
13.296199	-0.5315347
13.306181	-0.53239764
13.316163	-0.53326142
13.326145	-0.53412604
13.336127	-0.53499149
13.346109	-0.53585779
13.356091	-0.53672492
13.366073	-0.5375929
13.376055	-0.53846171
13.386037	-0.53933137
13.396019	-0.54020187
13.406001	-0.54107321
13.415983	-0.54194539
13.425965	-0.54281842
13.435947	-0.54369229
13.445929	-0.544567
13.455911	-0.54544256
13.465893	-0.54631896
13.475875	-0.5471962
13.485857	-0.5480743
13.495839	-0.54895323
13.505821	-0.54983301
13.515803	-0.55071364
13.525785	-0.55159512
13.535767	-0.55247744
13.545749	-0.55336061
13.555731	-0.55424463
13.565713	-0.5551295
13.575695	-0.55601521
13.585677	-0.55690178
13.595659	-0.5577892
13.605641	-0.55867746
13.615623	-0.55956658
13.625605	-0.56045654
13.635587	-0.56134736
13.645569	-0.56223903
13.655551	-0.56313156
13.665533	-0.56402493
13.675515	-0.56491916
13.685497	-0.56581424
13.695479	-0.56671018
13.705461	-0.56760697
13.715443	-0.56850461
13.725425	-0.56940311
13.735407	-0.57030247
13.745389	-0.57120268
13.755371	-0.57210375
13.765353	-0.57300567
13.775335	-0.57390846
13.785317	-0.5748121
13.795299	-0.57571659
13.805281	-0.57662195
13.815263	-0.57752817
13.825245	-0.57843524
13.835227	-0.57934318
13.845209	-0.58025197
13.855191	-0.58116163
13.865173	-0.58207215
13.875155	-0.58298353
13.885137	-0.58389577
13.895119	-0.58480887
13.905101	-0.58572283
13.915083	-0.58663766
13.925065	-0.58755336
13.935047	-0.58846991
13.945029	-0.58938733
13.955011	-0.59030562
13.964993	-0.59122477
13.974975	-0.59214479
13.984957	-0.59306567
13.994939	-0.59398742
14.004921	-0.59491004
14.014903	-0.59583352
14.024885	-0.59675787
14.034867	-0.59768309
14.044849	-0.59860918
14.054831	-0.59953614
14.064813	-0.60046397
14.074795	-0.60139267
14.084777	-0.60232224
14.094759	-0.60325268
14.104741	-0.60418399
14.114723	-0.60511617
14.124705	-0.60604922
14.134687	-0.60698315
14.144669	-0.60791795
14.154651	-0.60885362
14.164633	-0.60979017
14.174615	-0.61072759
14.184597	-0.61166589
14.194579	-0.61260506
14.204561	-0.6135451
14.214543	-0.61448603
14.224525	-0.61542783
14.234507	-0.6163705
14.244489	-0.61731406
14.254471	-0.61825849
14.264453	-0.6192038
14.274435	-0.62014998
14.284417	-0.62109705
14.294399	-0.622045
14.304381	-0.62299382
14.314363	-0.62394353
14.324345	-0.62489412
14.334327	-0.62584558
14.344309	-0.62679793
14.354291	-0.62775117
14.364273	-0.62870528
14.374255	-0.62966028
14.384237	-0.63061616
14.394219	-0.63157292
14.404201	-0.63253057
14.414183	-0.6334891
14.424165	-0.63444852
14.434147	-0.63540882
14.444129	-0.63637001
14.454111	-0.63733209
14.464093	-0.63829505
14.474075	-0.6392589
14.484057	-0.64022364
14.494039	-0.64118926
14.504021	-0.64215578
14.514003	-0.64312318
14.523985	-0.64409147
14.533967	-0.64506065
14.543949	-0.64603073
14.553931	-0.64700169
14.563913	-0.64797354
14.573895	-0.64894629
14.583877	-0.64991993
14.593859	-0.65089446
14.603841	-0.65186988
14.613823	-0.6528462
14.623805	-0.65382341
14.633787	-0.65480151
14.643769	-0.65578051
14.653751	-0.6567604
14.663733	-0.65774119
14.673715	-0.65872288
14.683697	-0.65970546
14.693679	-0.66068894
14.703661	-0.66167331
14.713643	-0.66265859
14.723625	-0.66364476
14.733607	-0.66463183
14.743589	-0.6656198
14.753571	-0.66660866
14.763553	-0.66759843
14.773535	-0.6685891
14.783517	-0.66958067
14.793499	-0.67057314
14.803481	-0.67156651
14.813463	-0.67256079
14.823445	-0.67355596
14.833427	-0.67455204
14.843409	-0.67554903
14.853391	-0.67654691
14.863373	-0.6775457
14.873355	-0.6785454
14.883337	-0.679546
14.893319	-0.68054751
14.903301	-0.68154992
14.913283	-0.68255324
14.923265	-0.68355746
14.933247	-0.6845626
14.943229	-0.68556864
14.953211	-0.68657559
14.963193	-0.68758344
14.973175	-0.68859221
14.983157	-0.68960189
14.993139	-0.69061247
15.003121	-0.69162397
15.013103	-0.69263638
15.023085	-0.6936497
15.033067	-0.69466393
15.043049	-0.69567907
15.053031	-0.69669513
15.063013	-0.6977121
15.072995	-0.69872998
15.082977	-0.69974877
15.092959	-0.70076848
15.102941	-0.70178911
15.112923	-0.70281065
15.122905	-0.70383311
15.132887	-0.70485648
15.142869	-0.70588077
15.152851	-0.70690598
15.162833	-0.7079321
15.172815	-0.70895914
15.182797	-0.7099871
15.192779	-0.71101598
15.202761	-0.71204578
15.212743	-0.7130765
15.222725	-0.71410814
15.232707	-0.7151407
15.242689	-0.71617418
15.252671	-0.71720858
15.262653	-0.71824391
15.272635	-0.71928015
15.282617	-0.72031732
15.292599	-0.72135542
15.302581	-0.72239443
15.312563	-0.72343437
15.322545	-0.72447524
15.332527	-0.72551703
15.342509	-0.72655975
15.35249	-0.72760339
15.362472	-0.72864796
15.372454	-0.72969345
15.382436	-0.73073988
15.392418	-0.73178723
15.4024	-0.73283551
15.412382	-0.73388472
15.422364	-0.73493485
15.432346	-0.73598592
15.442328	-0.73703792
15.45231	-0.73809084
15.462292	-0.7391447
15.472274	-0.74019949
15.482256	-0.74125521
15.492238	-0.74231187
15.50222	-0.74336945
15.512202	-0.74442797
15.522184	-0.74548743
15.532166	-0.74654782
15.542148	-0.74760914
15.55213	-0.74867139
15.562112	-0.74973459
15.572094	-0.75079872
15.582076	-0.75186378
15.592058	-0.75292978
15.60204	-0.75399672
15.612022	-0.7550646
15.622004	-0.75613341
15.631986	-0.75720317
15.641968	-0.75827386
15.65195	-0.75934549
15.661932	-0.76041807
15.671914	-0.76149158
15.681896	-0.76256603
15.691878	-0.76364143
15.70186	-0.76471776
15.711842	-0.76579504
15.721824	-0.76687326
15.731806	-0.76795243
15.741788	-0.76903254
15.75177	-0.77011359
15.761752	-0.77119559
15.771734	-0.77227853
15.781716	-0.77336242
15.791698	-0.77444725
15.80168	-0.77553303
15.811662	-0.77661976
15.821644	-0.77770743
15.831626	-0.77879605
15.841608	-0.77988562
15.85159	-0.78097614
15.861572	-0.78206761
15.871554	-0.78316002
15.881536	-0.78425339
15.891518	-0.78534771
15.9015	-0.78644297
15.911482	-0.78753919
15.921464	-0.78863636
15.931446	-0.78973449
15.941428	-0.79083356
15.95141	-0.79193359
15.961392	-0.79303458
15.971374	-0.79413651
15.981356	-0.7952394
15.991338	-0.79634325
16.00132	-0.79744805
16.011302	-0.79855381
16.021284	-0.79966052
16.031266	-0.8007682
16.041248	-0.80187682
16.05123	-0.80298641
16.061212	-0.80409695
16.071194	-0.80520846
16.081176	-0.80632092
16.091158	-0.80743434
16.10114	-0.80854872
16.111122	-0.80966406
16.121104	-0.81078036
16.131086	-0.81189763
16.141068	-0.81301585
16.15105	-0.81413504
16.161032	-0.81525519
16.171014	-0.81637631
16.180996	-0.81749839
16.190978	-0.81862143
16.20096	-0.81974543
16.210942	-0.82087041
16.220924	-0.82199634
16.230906	-0.82312325
16.240888	-0.82425111
16.25087	-0.82537995
16.260852	-0.82650975
16.270834	-0.82764053
16.280816	-0.82877227
16.290798	-0.82990497
16.30078	-0.83103865
16.310762	-0.8321733
16.320744	-0.83330892
16.330726	-0.8344455
16.340708	-0.83558306
16.35069	-0.83672159
16.360672	-0.8378611
16.370654	-0.83900157
16.380636	-0.84014302
16.390618	-0.84128544
16.4006	-0.84242883
16.410582	-0.8435732
16.420564	-0.84471855
16.430546	-0.84586486
16.440528	-0.84701216
16.45051	-0.84816043
16.460492	-0.84930968
16.470474	-0.8504599
16.480456	-0.8516111
16.490438	-0.85276328
16.50042	-0.85391644
16.510402	-0.85507058
16.520384	-0.85622569
16.530366	-0.85738179
16.540348	-0.85853886
16.55033	-0.85969692
16.560312	-0.86085596
16.570294	-0.86201598
16.580276	-0.86317698
16.590258	-0.86433896
16.60024	-0.86550193
16.610222	-0.86666588
16.620204	-0.86783081
16.630186	-0.86899673
16.640168	-0.87016364
16.65015	-0.87133153
16.660132	-0.8725004
16.670114	-0.87367026
16.680096	-0.87484111
16.690078	-0.87601295
16.70006	-0.87718577
16.710042	-0.87835958
16.720024	-0.87953438
16.730006	-0.88071017
16.739988	-0.88188694
16.74997	-0.88306471
16.759952	-0.88424347
16.769934	-0.88542322
16.779916	-0.88660396
16.789898	-0.88778569
16.79988	-0.88896842
16.809862	-0.89015213
16.819844	-0.89133684
16.829826	-0.89252255
16.839808	-0.89370925
16.84979	-0.89489694
16.859772	-0.89608563
16.869754	-0.89727531
16.879736	-0.89846599
16.889718	-0.89965766
16.8997	-0.90085034
16.909682	-0.90204401
16.919664	-0.90323868
16.929646	-0.90443434
16.939628	-0.90563101
16.94961	-0.90682867
16.959592	-0.90802733
16.969574	-0.909227
16.979556	-0.91042766
16.989538	-0.91162933
16.99952	-0.912832
17.009502	-0.91403567
17.019484	-0.91524034
17.029466	-0.91644601
17.039448	-0.91765269
17.04943	-0.91886037
17.059412	-0.92006906
17.069394	-0.92127875
17.079376	-0.92248945
17.089358	-0.92370115
17.09934	-0.92491386
17.109322	-0.92612757
17.119304	-0.9273423
17.129286	-0.92855803
17.139268	-0.92977477
17.14925	-0.93099251
17.159232	-0.93221127
17.169214	-0.93343103
17.179196	-0.93465181
17.189178	-0.93587359
17.19916	-0.93709639
17.209142	-0.9383202
17.219124	-0.93954502
17.229106	-0.94077085
17.239088	-0.9419977
17.24907	-0.94322555
17.259052	-0.94445443
17.269034	-0.94568431
17.279016	-0.94691521
17.288998	-0.94814713
17.29898	-0.94938006
17.308962	-0.95061401
17.318944	-0.95184897
17.328926	-0.95308495
17.338908	-0.95432195
17.34889	-0.95555996
17.358872	-0.956799
17.368854	-0.95803905
17.378836	-0.95928012
17.388818	-0.96052222
17.3988	-0.96176533
17.408782	-0.96300946
17.418764	-0.96425462
17.428746	-0.96550079
17.438728	-0.96674799
17.44871	-0.96799621
17.458692	-0.96924545
17.468674	-0.97049572
17.478656	-0.97174701
17.488638	-0.97299933
17.49862	-0.97425267
17.508602	-0.97550703
17.518584	-0.97676243
17.528566	-0.97801884
17.538548	-0.97927629
17.54853	-0.98053476
17.558512	-0.98179426
17.568494	-0.98305479
17.578476	-0.98431634
17.588458	-0.98557893
17.59844	-0.98684255
17.608422	-0.98810719
17.618404	-0.98937287
17.628386	-0.99063957
17.638368	-0.99190731
17.64835	-0.99317608
17.658332	-0.99444588
17.668314	-0.99571672
17.678296	-0.99698859
17.688278	-0.99826149
17.69826	-0.99953543
17.708242	-1.0008104
17.718224	-1.0020864
17.728206	-1.0033634
17.738188	-1.0046415
17.74817	-1.0059206
17.758152	-1.0072008
17.768134	-1.008482
17.778116	-1.0097642
17.788098	-1.0110475
17.79808	-1.0123318
17.808062	-1.0136171
17.818044	-1.0149035
17.828026	-1.0161909
17.838008	-1.0174794
17.84799	-1.0187689
17.857972	-1.0200595
17.867954	-1.0213511
17.877936	-1.0226437
17.887918	-1.0239374
17.8979	-1.0252321
17.907882	-1.0265279
17.917864	-1.0278247
17.927846	-1.0291225
17.937828	-1.0304214
17.94781	-1.0317214
17.957792	-1.0330224
17.967774	-1.0343244
17.977756	-1.0356275
17.987738	-1.0369316
17.99772	-1.0382368
18.007702	-1.039543
18.017684	-1.0408503
18.027666	-1.0421586
18.037648	-1.043468
18.04763	-1.0447785
18.057612	-1.0460899
18.067594	-1.0474025
18.077576	-1.0487161
18.087558	-1.0500307
18.09754	-1.0513464
18.107522	-1.0526631
18.117504	-1.0539809
18.127485	-1.0552998
18.137467	-1.0566197
18.147449	-1.0579407
18.157431	-1.0592627
18.167413	-1.0605858
18.177395	-1.0619099
18.187377	-1.0632351
18.197359	-1.0645613
18.207341	-1.0658886
18.217323	-1.067217
18.227305	-1.0685464
18.237287	-1.0698769
18.247269	-1.0712085
18.257251	-1.0725411
18.267233	-1.0738747
18.277215	-1.0752095
18.287197	-1.0765452
18.297179	-1.0778821
18.307161	-1.07922
18.317143	-1.080559
18.327125	-1.081899
18.337107	-1.0832401
18.347089	-1.0845823
18.357071	-1.0859255
18.367053	-1.0872698
18.377035	-1.0886152
18.387017	-1.0899617
18.396999	-1.0913092
18.406981	-1.0926577
18.416963	-1.0940074
18.426945	-1.0953581
18.436927	-1.0967098
18.446909	-1.0980627
18.456891	-1.0994166
18.466873	-1.1007716
18.476855	-1.1021276
18.486837	-1.1034848
18.496819	-1.104843
18.506801	-1.1062022
18.516783	-1.1075626
18.526765	-1.108924
18.536747	-1.1102865
18.546729	-1.1116501
18.556711	-1.1130147
18.566693	-1.1143804
18.576675	-1.1157472
18.586657	-1.1171151
18.596639	-1.118484
18.606621	-1.119854
18.616603	-1.1212251
18.626585	-1.1225973
18.636567	-1.1239705
18.646549	-1.1253449
18.656531	-1.1267203
18.666513	-1.1280968
18.676495	-1.1294744
18.686477	-1.130853
18.696459	-1.1322327
18.706441	-1.1336136
18.716423	-1.1349954
18.726405	-1.1363784
18.736387	-1.1377625
18.746369	-1.1391476
18.756351	-1.1405339
18.766333	-1.1419212
18.776315	-1.1433096
18.786297	-1.1446991
18.796279	-1.1460896
18.806261	-1.1474813
18.816243	-1.148874
18.826225	-1.1502679
18.836207	-1.1516628
18.846189	-1.1530588
18.856171	-1.1544559
18.866153	-1.1558541
18.876135	-1.1572534
18.886117	-1.1586537
18.896099	-1.1600552
18.906081	-1.1614577
18.916063	-1.1628614
18.926045	-1.1642661
18.936027	-1.1656719
18.946009	-1.1670788
18.955991	-1.1684868
18.965973	-1.1698959
18.975955	-1.1713061
18.985937	-1.1727174
18.995919	-1.1741298
19.005901	-1.1755433
19.015883	-1.1769579
19.025865	-1.1783735
19.035847	-1.1797903
19.045829	-1.1812082
19.055811	-1.1826272
19.065793	-1.1840472
19.075775	-1.1854684
19.085757	-1.1868906
19.095739	-1.188314
19.105721	-1.1897385
19.115703	-1.191164
19.125685	-1.1925907
19.135667	-1.1940185
19.145649	-1.1954473
19.155631	-1.1968773
19.165613	-1.1983084
19.175595	-1.1997406
19.185577	-1.2011739
19.195559	-1.2026082
19.205541	-1.2040437
19.215523	-1.2054803
19.225505	-1.206918
19.235487	-1.2083569
19.245469	-1.2097968
19.255451	-1.2112378
19.265433	-1.2126799
19.275415	-1.2141232
19.285397	-1.2155675
19.295379	-1.217013
19.305361	-1.2184596
19.315343	-1.2199072
19.325325	-1.221356
19.335307	-1.2228059
19.345289	-1.2242569
19.355271	-1.2257091
19.365253	-1.2271623
19.375235	-1.2286167
19.385217	-1.2300721
19.395199	-1.2315287
19.405181	-1.2329864
19.415163	-1.2344452
19.425145	-1.2359051
19.435127	-1.2373662
19.445109	-1.2388283
19.455091	-1.2402916
19.465073	-1.241756
19.475055	-1.2432215
19.485037	-1.2446881
19.495019	-1.2461558
19.505001	-1.2476247
19.514983	-1.2490947
19.524965	-1.2505658
19.534947	-1.252038
19.544929	-1.2535113
19.554911	-1.2549858
19.564893	-1.2564614
19.574875	-1.2579381
19.584857	-1.2594159
19.594839	-1.2608949
19.604821	-1.262375
19.614803	-1.2638562
19.624785	-1.2653385
19.634767	-1.2668219
19.644749	-1.2683065
19.654731	-1.2697922
19.664713	-1.271279
19.674695	-1.272767
19.684677	-1.2742561
19.694659	-1.2757463
19.704641	-1.2772376
19.714623	-1.2787301
19.724605	-1.2802237
19.734587	-1.2817184
19.744569	-1.2832143
19.754551	-1.2847113
19.764533	-1.2862094
19.774515	-1.2877086
19.784497	-1.289209
19.794479	-1.2907105
19.804461	-1.2922132
19.814443	-1.2937169
19.824425	-1.2952219
19.834407	-1.2967279
19.844389	-1.2982351
19.854371	-1.2997434
19.864353	-1.3012528
19.874335	-1.3027634
19.884317	-1.3042752
19.894299	-1.305788
19.904281	-1.307302
19.914263	-1.3088172
19.924245	-1.3103334
19.934227	-1.3118509
19.944209	-1.3133694
19.954191	-1.3148891
19.964173	-1.3164099
19.974155	-1.3179319
19.984137	-1.319455
19.994119	-1.3209793
20.004101	-1.3225047
20.014083	-1.3240312
20.024065	-1.3255589
20.034047	-1.3270877
20.044029	-1.3286177
20.054011	-1.3301488
20.063993	-1.3316811
20.073975	-1.3332145
20.083957	-1.3347491
20.093939	-1.3362848
20.103921	-1.3378216
20.113903	-1.3393596
20.123885	-1.3408987
20.133867	-1.342439
20.143849	-1.3439805
20.153831	-1.345523
20.163813	-1.3470668
20.173795	-1.3486117
20.183777	-1.3501577
20.193759	-1.3517049
20.203741	-1.3532532
20.213723	-1.3548027
20.223705	-1.3563534
20.233687	-1.3579051
20.243669	-1.3594581
20.253651	-1.3610122
20.263633	-1.3625674
20.273615	-1.3641239
20.283597	-1.3656814
20.293579	-1.3672401
20.303561	-1.3688
20.313543	-1.370361
20.323525	-1.3719232
20.333507	-1.3734866
20.343489	-1.3750511
20.353471	-1.3766167
20.363453	-1.3781836
20.373435	-1.3797515
20.383417	-1.3813207
20.393399	-1.382891
20.403381	-1.3844624
20.413363	-1.386035
20.423345	-1.3876088
20.433327	-1.3891838
20.443309	-1.3907599
20.453291	-1.3923371
20.463273	-1.3939156
20.473255	-1.3954952
20.483237	-1.3970759
20.493219	-1.3986578
20.503201	-1.4002409
20.513183	-1.4018252
20.523165	-1.4034106
20.533147	-1.4049972
20.543129	-1.4065849
20.553111	-1.4081738
20.563093	-1.4097639
20.573075	-1.4113552
20.583057	-1.4129476
20.593039	-1.4145412
20.603021	-1.416136
20.613003	-1.4177319
20.622985	-1.419329
20.632967	-1.4209273
20.642949	-1.4225267
20.652931	-1.4241273
20.662913	-1.4257291
20.672895	-1.4273321
20.682877	-1.4289362
20.692859	-1.4305415
20.702841	-1.432148
20.712823	-1.4337556
20.722805	-1.4353645
20.732787	-1.4369745
20.742769	-1.4385856
20.752751	-1.440198
20.762733	-1.4418115
20.772715	-1.4434262
20.782697	-1.4450421
20.792679	-1.4466592
20.802661	-1.4482774
20.812643	-1.4498968
20.822625	-1.4515174
20.832607	-1.4531392
20.842589	-1.4547622
20.852571	-1.4563863
20.862553	-1.4580117
20.872535	-1.4596382
20.882517	-1.4612658
20.892498	-1.4628947
20.90248	-1.4645248
20.912462	-1.466156
20.922444	-1.4677884
20.932426	-1.469422
20.942408	-1.4710568
20.95239	-1.4726928
20.962372	-1.4743299
20.972354	-1.4759683
20.982336	-1.4776078
20.992318	-1.4792485
21.0023	-1.4808904
21.012282	-1.4825335
21.022264	-1.4841778
21.032246	-1.4858233
21.042228	-1.4874699
21.05221	-1.4891178
21.062192	-1.4907668
21.072174	-1.492417
21.082156	-1.4940685
21.092138	-1.4957211
21.10212	-1.4973749
21.112102	-1.4990299
21.122084	-1.5006861
21.132066	-1.5023434
21.142048	-1.504002
21.15203	-1.5056618
21.162012	-1.5073227
21.171994	-1.5089849
21.181976	-1.5106482
21.191958	-1.5123128
21.20194	-1.5139785
21.211922	-1.5156455
21.221904	-1.5173136
21.231886	-1.518983
21.241868	-1.5206535
21.25185	-1.5223252
21.261832	-1.5239982
21.271814	-1.5256723
21.281796	-1.5273476
21.291778	-1.5290241
21.30176	-1.5307019
21.311742	-1.5323808
21.321724	-1.5340609
21.331706	-1.5357423
21.341688	-1.5374248
21.35167	-1.5391085
21.361652	-1.5407935
21.371634	-1.5424796
21.381616	-1.544167
21.391598	-1.5458555
21.40158	-1.5475453
21.411562	-1.5492363
21.421544	-1.5509284
21.431526	-1.5526218
21.441508	-1.5543164
21.45149	-1.5560122
21.461472	-1.5577092
21.471454	-1.5594074
21.481436	-1.5611068
21.491418	-1.5628075
21.5014	-1.5645093
21.511382	-1.5662123
21.521364	-1.5679166
21.531346	-1.569622
21.541328	-1.5713287
21.55131	-1.5730366
21.561292	-1.5747457
21.571274	-1.576456
21.581256	-1.5781675
21.591238	-1.5798803
21.60122	-1.5815942
21.611202	-1.5833094
21.621184	-1.5850258
21.631166	-1.5867434
21.641148	-1.5884622
21.65113	-1.5901822
21.661112	-1.5919035
21.671094	-1.5936259
21.681076	-1.5953496
21.691058	-1.5970745
21.70104	-1.5988006
21.711022	-1.6005279
21.721004	-1.6022565
21.730986	-1.6039863
21.740968	-1.6057172
21.75095	-1.6074495
21.760932	-1.6091829
21.770914	-1.6109175
21.780896	-1.6126534
21.790878	-1.6143905
21.80086	-1.6161288
21.810842	-1.6178684
21.820824	-1.6196091
21.830806	-1.6213511
21.840788	-1.6230943
21.85077	-1.6248388
21.860752	-1.6265844
21.870734	-1.6283313
21.880716	-1.6300794
21.890698	-1.6318287
21.90068	-1.6335793
21.910662	-1.6353311
21.920644	-1.6370841
21.930626	-1.6388384
21.940608	-1.6405938
21.95059	-1.6423505
21.960572	-1.6441085
21.970554	-1.6458676
21.980536	-1.647628
21.990518	-1.6493896
22.0005	-1.6511525
22.010482	-1.6529166
22.020464	-1.6546819
22.030446	-1.6564484
22.040428	-1.6582162
22.05041	-1.6599852
22.060392	-1.6617555
22.070374	-1.663527
22.080356	-1.6652997
22.090338	-1.6670736
22.10032	-1.6688488
22.110302	-1.6706252
22.120284	-1.6724029
22.130266	-1.6741818
22.140248	-1.6759619
22.15023	-1.6777433
22.160212	-1.6795259
22.170194	-1.6813097
22.180176	-1.6830948
22.190158	-1.6848811
22.20014	-1.6866687
22.210122	-1.6884575
22.220104	-1.6902475
22.230086	-1.6920388
22.240068	-1.6938313
22.25005	-1.6956251
22.260032	-1.6974201
22.270014	-1.6992163
22.279996	-1.7010138
22.289978	-1.7028125
22.29996	-1.7046125
22.309942	-1.7064137
22.319924	-1.7082162
22.329906	-1.7100199
22.339888	-1.7118248
22.34987	-1.713631
22.359852	-1.7154385
22.369834	-1.7172472
22.379816	-1.7190571
22.389798	-1.7208683
22.39978	-1.7226807
22.409762	-1.7244944
22.419744	-1.7263093
22.429726	-1.7281255
22.439708	-1.7299429
22.44969	-1.7317616
22.459672	-1.7335815
22.469654	-1.7354027
22.479636	-1.7372251
22.489618	-1.7390488
22.4996	-1.7408737
22.509582	-1.7426999
22.519564	-1.7445274
22.529546	-1.746356
22.539528	-1.748186
22.54951	-1.7500172
22.559492	-1.7518496
22.569474	-1.7536833
22.579456	-1.7555183
22.589438	-1.7573545
22.59942	-1.759192
22.609402	-1.7610307
22.619384	-1.7628707
22.629366	-1.7647119
22.639348	-1.7665544
22.64933	-1.7683982
22.659312	-1.7702432
22.669294	-1.7720895
22.679276	-1.773937
22.689258	-1.7757858
22.69924	-1.7776358
22.709222	-1.7794872
22.719204	-1.7813397
22.729186	-1.7831936
22.739168	-1.7850487
22.74915	-1.786905
22.759132	-1.7887626
22.769114	-1.7906215
22.779096	-1.7924817
22.789078	-1.7943431
22.79906	-1.7962057
22.809042	-1.7980697
22.819024	-1.7999349
22.829006	-1.8018013
22.838988	-1.8036691
22.84897	-1.8055381
22.858952	-1.8074083
22.868934	-1.8092799
22.878916	-1.8111527
22.888898	-1.8130267
22.89888	-1.8149021
22.908862	-1.8167787
22.918844	-1.8186565
22.928826	-1.8205357
22.938808	-1.8224161
22.94879	-1.8242978
22.958772	-1.8261807
22.968754	-1.8280649
22.978736	-1.8299504
22.988718	-1.8318372
22.9987	-1.8337252
23.008682	-1.8356145
23.018664	-1.8375051
23.028646	-1.839397
23.038628	-1.8412901
23.04861	-1.8431845
23.058592	-1.8450802
23.068574	-1.8469771
23.078556	-1.8488754
23.088538	-1.8507749
23.09852	-1.8526756
23.108502	-1.8545777
23.118484	-1.856481
23.128466	-1.8583856
23.138448	-1.8602915
23.14843	-1.8621987
23.158412	-1.8641071
23.168394	-1.8660168
23.178376	-1.8679278
23.188358	-1.8698401
23.19834	-1.8717537
23.208322	-1.8736685
23.218304	-1.8755846
23.228286	-1.877502
23.238268	-1.8794207
23.24825	-1.8813407
23.258232	-1.8832619
23.268214	-1.8851844
23.278196	-1.8871082
23.288178	-1.8890333
23.29816	-1.8909597
23.308142	-1.8928874
23.318124	-1.8948163
23.328106	-1.8967466
23.338088	-1.8986781
23.34807	-1.9006109
23.358052	-1.902545
23.368034	-1.9044803
23.378016	-1.906417
23.387998	-1.9083549
23.39798	-1.9102942
23.407962	-1.9122347
23.417944	-1.9141765
23.427926	-1.9161196
23.437908	-1.918064
23.44789	-1.9200097
23.457872	-1.9219567
23.467854	-1.9239049
23.477836	-1.9258545
23.487818	-1.9278053
23.4978	-1.9297574
23.507782	-1.9317109
23.517764	-1.9336656
23.527746	-1.9356216
23.537728	-1.9375789
23.54771	-1.9395375
23.557692	-1.9414974
23.567674	-1.9434586
23.577656	-1.945421
23.587638	-1.9473848
23.59762	-1.9493499
23.607602	-1.9513162
23.617584	-1.9532839
23.627566	-1.9552529
23.637548	-1.9572231
23.64753	-1.9591947
23.657512	-1.9611675
23.667493	-1.9631417
23.677475	-1.9651171
23.687457	-1.9670938
23.697439	-1.9690719
23.707421	-1.9710512
23.717403	-1.9730319
23.727385	-1.9750138
23.737367	-1.976997
23.747349	-1.9789816
23.757331	-1.9809674
23.767313	-1.9829546
23.777295	-1.984943
23.787277	-1.9869328
23.797259	-1.9889238
23.807241	-1.9909162
23.817223	-1.9929098
23.827205	-1.9949048
23.837187	-1.9969011
23.847169	-1.9988986
23.857151	-2.0008975
23.867133	-2.0028977
23.877115	-2.0048992
23.887097	-2.006902
23.897079	-2.0089061
23.907061	-2.0109115
23.917043	-2.0129182
23.927025	-2.0149262
23.937007	-2.0169355
23.946989	-2.0189462
23.956971	-2.0209581
23.966953	-2.0229714
23.976935	-2.0249859
23.986917	-2.0270018
23.996899	-2.029019
24.006881	-2.0310375
24.016863	-2.0330573
24.026845	-2.0350784
24.036827	-2.0371008
24.046809	-2.0391246
24.056791	-2.0411496
24.066773	-2.043176
24.076755	-2.0452037
24.086737	-2.0472326
24.096719	-2.0492629
24.106701	-2.0512946
24.116683	-2.0533275
24.126665	-2.0553617
24.136647	-2.0573973
24.146629	-2.0594342
24.156611	-2.0614724
24.166593	-2.0635119
24.176575	-2.0655527
24.186557	-2.0675948
24.196539	-2.0696383
24.206521	-2.0716831
24.216503	-2.0737292
24.226485	-2.0757766
24.236467	-2.0778253
24.246449	-2.0798754
24.256431	-2.0819268
24.266413	-2.0839794
24.276395	-2.0860335
24.286377	-2.0880888
24.296359	-2.0901454
24.306341	-2.0922034
24.316323	-2.0942627
24.326305	-2.0963233
24.336287	-2.0983853
24.346269	-2.1004485
24.356251	-2.1025131
24.366233	-2.104579
24.376215	-2.1066462
24.386197	-2.1087148
24.396179	-2.1107847
24.406161	-2.1128559
24.416143	-2.1149284
24.426125	-2.1170023
24.436107	-2.1190774
24.446089	-2.121154
24.456071	-2.1232318
24.466053	-2.1253109
24.476035	-2.1273914
24.486017	-2.1294732
24.495999	-2.1315564
24.505981	-2.1336409
24.515963	-2.1357267
24.525945	-2.1378138
24.535927	-2.1399022
24.545909	-2.141992
24.555891	-2.1440831
24.565873	-2.1461756
24.575855	-2.1482694
24.585837	-2.1503645
24.595819	-2.1524609
24.605801	-2.1545587
24.615783	-2.1566578
24.625765	-2.1587582
24.635747	-2.16086
24.645729	-2.1629631
24.655711	-2.1650675
24.665693	-2.1671733
24.675675	-2.1692804
24.685657	-2.1713888
24.695639	-2.1734986
24.705621	-2.1756097
24.715603	-2.1777221
24.725585	-2.1798359
24.735567	-2.181951
24.745549	-2.1840675
24.755531	-2.1861852
24.765513	-2.1883044
24.775495	-2.1904248
24.785477	-2.1925466
24.795459	-2.1946698
24.805441	-2.1967942
24.815423	-2.19892
24.825405	-2.2010472
24.835387	-2.2031757
24.845369	-2.2053055
24.855351	-2.2074367
24.865333	-2.2095692
24.875315	-2.211703
24.885297	-2.2138382
24.895279	-2.2159748
24.905261	-2.2181126
24.915243	-2.2202518
24.925225	-2.2223924
24.935207	-2.2245343
24.945189	-2.2266776
24.955171	-2.2288221
24.965153	-2.2309681
24.975135	-2.2331153
24.985117	-2.235264
24.995099	-2.2374139
25.005081	-2.2395652
25.015063	-2.2417179
25.025045	-2.2438719
25.035027	-2.2460272
25.045009	-2.2481839
25.054991	-2.250342
25.064973	-2.2525013
25.074955	-2.2546621
25.084937	-2.2568241
25.094919	-2.2589876
25.104901	-2.2611523
25.114883	-2.2633185
25.124865	-2.2654859
25.134847	-2.2676548
25.144829	-2.2698249
25.154811	-2.2719965
25.164793	-2.2741693
25.174775	-2.2763435
25.184757	-2.2785191
25.194739	-2.280696
25.204721	-2.2828743
25.214703	-2.2850539
25.224685	-2.2872349
25.234667	-2.2894172
25.244649	-2.2916009
25.254631	-2.293786
25.264613	-2.2959723
25.274595	-2.2981601
25.284577	-2.3003492
25.294559	-2.3025396
25.304541	-2.3047314
25.314523	-2.3069246
25.324505	-2.3091191
25.334487	-2.311315
25.344469	-2.3135122
25.354451	-2.3157108
25.364433	-2.3179107
25.374415	-2.320112
25.384397	-2.3223147
25.394379	-2.3245187
25.404361	-2.326724
25.414343	-2.3289308
25.424325	-2.3311388
25.434307	-2.3333483
25.444289	-2.3355591
25.454271	-2.3377712
25.464253	-2.3399847
25.474235	-2.3421996
25.484217	-2.3444159
25.494199	-2.3466335
25.504181	-2.3488524
25.514163	-2.3510727
25.524145	-2.3532944
25.534127	-2.3555175
25.544109	-2.3577419
25.554091	-2.3599676
25.564073	-2.3621947
25.574055	-2.3644232
25.584037	-2.3666531
25.594019	-2.3688843
25.604001	-2.3711169
25.613983	-2.3733508
25.623965	-2.3755861
25.633947	-2.3778228
25.643929	-2.3800608
25.653911	-2.3823002
25.663893	-2.384541
25.673875	-2.3867832
25.683857	-2.3890266
25.693839	-2.3912715
25.703821	-2.3935177
25.713803	-2.3957653
25.723785	-2.3980143
25.733767	-2.4002646
25.743749	-2.4025163
25.753731	-2.4047694
25.763713	-2.4070239
25.773695	-2.4092797
25.783677	-2.4115368
25.793659	-2.4137954
25.803641	-2.4160553
25.813623	-2.4183166
25.823605	-2.4205792
25.833587	-2.4228433
25.843569	-2.4251087
25.853551	-2.4273754
25.863533	-2.4296436
25.873515	-2.4319131
25.883497	-2.434184
25.893479	-2.4364562
25.903461	-2.4387298
25.913443	-2.4410048
25.923425	-2.4432812
25.933407	-2.4455589
25.943389	-2.4478381
25.953371	-2.4501186
25.963353	-2.4524004
25.973335	-2.4546837
25.983317	-2.4569683
25.993299	-2.4592543
26.003281	-2.4615416
26.013263	-2.4638304
26.023245	-2.4661205
26.033227	-2.468412
26.043209	-2.4707048
26.053191	-2.4729991
26.063173	-2.4752947
26.073155	-2.4775917
26.083137	-2.4798901
26.093119	-2.4821898
26.103101	-2.484491
26.113083	-2.4867935
26.123065	-2.4890974
26.133047	-2.4914026
26.143029	-2.4937093
26.153011	-2.4960173
26.162993	-2.4983267
26.172975	-2.5006375
26.182957	-2.5029497
26.192939	-2.5052632
26.202921	-2.5075782
26.212903	-2.5098945
26.222885	-2.5122122
26.232867	-2.5145312
26.242849	-2.5168517
26.252831	-2.5191735
26.262813	-2.5214967
26.272795	-2.5238213
26.282777	-2.5261473
26.292759	-2.5284747
26.302741	-2.5308034
26.312723	-2.5331336
26.322705	-2.5354651
26.332687	-2.537798
26.342669	-2.5401323
26.352651	-2.542468
26.362633	-2.544805
26.372615	-2.5471435
26.382597	-2.5494833
26.392579	-2.5518245
26.402561	-2.5541671
26.412543	-2.5565111
26.422525	-2.5588565
26.432507	-2.5612032
26.442488	-2.5635514
26.45247	-2.5659009
26.462452	-2.5682518
26.472434	-2.5706041
26.482416	-2.5729578
26.492398	-2.5753129
26.50238	-2.5776694
26.512362	-2.5800273
26.522344	-2.5823865
26.532326	-2.5847472
26.542308	-2.5871092
26.55229	-2.5894726
26.562272	-2.5918374
26.572254	-2.5942036
26.582236	-2.5965712
26.592218	-2.5989402
26.6022	-2.6013106
26.612182	-2.6036824
26.622164	-2.6060555
26.632146	-2.6084301
26.642128	-2.610806
26.65211	-2.6131834
26.662092	-2.6155621
26.672074	-2.6179422
26.682056	-2.6203237
26.692038	-2.6227066
26.70202	-2.6250909
26.712002	-2.6274766
26.721984	-2.6298637
26.731966	-2.6322522
26.741948	-2.6346421
26.75193	-2.6370334
26.761912	-2.639426
26.771894	-2.6418201
26.781876	-2.6442156
26.791858	-2.6466124
26.80184	-2.6490107
26.811822	-2.6514103
26.821804	-2.6538114
26.831786	-2.6562138
26.841768	-2.6586177
26.85175	-2.6610229
26.861732	-2.6634296
26.871714	-2.6658376
26.881696	-2.668247
26.891678	-2.6706579
26.90166	-2.6730701
26.911642	-2.6754837
26.921624	-2.6778987
26.931606	-2.6803152
26.941588	-2.682733
26.95157	-2.6851522
26.961552	-2.6875729
26.971534	-2.6899949
26.981516	-2.6924183
26.991498	-2.6948431
27.00148	-2.6972694
27.011462	-2.699697
27.021444	-2.702126
27.031426	-2.7045565
27.041408	-2.7069883
27.05139	-2.7094216
27.061372	-2.7118562
27.071354	-2.7142922
27.081336	-2.7167297
27.091318	-2.7191685
27.1013	-2.7216088
27.111282	-2.7240505
27.121264	-2.7264935
27.131246	-2.728938
27.141228	-2.7313839
27.15121	-2.7338311
27.161192	-2.7362798
27.171174	-2.7387299
27.181156	-2.7411814
27.191138	-2.7436343
27.20112	-2.7460886
27.211102	-2.7485443
27.221084	-2.7510014
27.231066	-2.7534599
27.241048	-2.7559198
27.25103	-2.7583812
27.261012	-2.7608439
27.270994	-2.763308
27.280976	-2.7657736
27.290958	-2.7682406
27.30094	-2.7707089
27.310922	-2.7731787
27.320904	-2.7756499
27.330886	-2.7781225
27.340868	-2.7805965
27.35085	-2.7830719
27.360832	-2.7855487
27.370814	-2.788027
27.380796	-2.7905066
27.390778	-2.7929876
27.40076	-2.7954701
27.410742	-2.797954
27.420724	-2.8004392
27.430706	-2.8029259
27.440688	-2.805414
27.45067	-2.8079036
27.460652	-2.8103945
27.470634	-2.8128868
27.480616	-2.8153806
27.490598	-2.8178757
27.50058	-2.8203723
27.510562	-2.8228703
27.520544	-2.8253697
27.530526	-2.8278705
27.540508	-2.8303727
27.55049	-2.8328763
27.560472	-2.8353814
27.570454	-2.8378878
27.580436	-2.8403957
27.590418	-2.842905
27.6004	-2.8454157
27.610382	-2.8479278
27.620364	-2.8504414
27.630346	-2.8529563
27.640328	-2.8554727
27.65031	-2.8579904
27.660292	-2.8605096
27.670274	-2.8630303
27.680256	-2.8655523
27.690238	-2.8680757
27.70022	-2.8706006
27.710202	-2.8731268
27.720184	-2.8756545
27.730166	-2.8781836
27.740148	-2.8807142
27.75013	-2.8832461
27.760112	-2.8857795
27.770094	-2.8883142
27.780076	-2.8908504
27.790058	-2.893388
27.80004	-2.8959271
27.810022	-2.8984675
27.820004	-2.9010094
27.829986	-2.9035527
27.839968	-2.9060974
27.84995	-2.9086435
27.859932	-2.911191
27.869914	-2.91374
27.879896	-2.9162904
27.889878	-2.9188422
27.89986	-2.9213954
27.909842	-2.9239501
27.919824	-2.9265061
27.929806	-2.9290636
27.939788	-2.9316225
27.94977	-2.9341828
27.959752	-2.9367446
27.969734	-2.9393078
27.979716	-2.9418723
27.989698	-2.9444384
27.99968	-2.9470058
28.009662	-2.9495746
28.019644	-2.9521449
28.029626	-2.9547166
28.039608	-2.9572897
28.04959	-2.9598643
28.059572	-2.9624403
28.069554	-2.9650177
28.079536	-2.9675965
28.089518	-2.9701767
28.0995	-2.9727584
28.109482	-2.9753415
28.119464	-2.977926
28.129446	-2.9805119
28.139428	-2.9830993
28.14941	-2.9856881
28.159392	-2.9882783
28.169374	-2.9908699
28.179356	-2.993463
28.189338	-2.9960574
28.19932	-2.9986534
28.209302	-3.0012507
28.219284	-3.0038495
28.229266	-3.0064496
28.239248	-3.0090513
28.24923	-3.0116543
28.259212	-3.0142588
28.269194	-3.0168647
28.279176	-3.019472
28.289158	-3.0220807
28.29914	-3.0246909
28.309122	-3.0273025
28.319104	-3.0299155
28.329086	-3.03253
28.339068	-3.0351459
28.34905	-3.0377632
28.359032	-3.040382
28.369014	-3.0430021
28.378996	-3.0456237
28.388978	-3.0482468
28.39896	-3.0508712
28.408942	-3.0534971
28.418924	-3.0561244
28.428906	-3.0587532
28.438888	-3.0613833
28.44887	-3.0640149
28.458852	-3.066648
28.468834	-3.0692824
28.478816	-3.0719183
28.488798	-3.0745557
28.49878	-3.0771944
28.508762	-3.0798346
28.518744	-3.0824762
28.528726	-3.0851193
28.538708	-3.0877638
28.54869	-3.0904097
28.558672	-3.093057
28.568654	-3.0957058
28.578636	-3.098356
28.588618	-3.1010076
28.5986	-3.1036607
28.608582	-3.1063152
28.618564	-3.1089711
28.628546	-3.1116285
28.638528	-3.1142873
28.64851	-3.1169475
28.658492	-3.1196092
28.668474	-3.1222723
28.678456	-3.1249368
28.688438	-3.1276028
28.69842	-3.1302702
28.708402	-3.132939
28.718384	-3.1356093
28.728366	-3.138281
28.738348	-3.1409541
28.74833	-3.1436287
28.758312	-3.1463047
28.768294	-3.1489822
28.778276	-3.151661
28.788258	-3.1543413
28.79824	-3.1570231
28.808222	-3.1597063
28.818204	-3.1623909
28.828186	-3.1650769
28.838168	-3.1677644
28.84815	-3.1704533
28.858132	-3.1731437
28.868114	-3.1758355
28.878096	-3.1785287
28.888078	-3.1812234
28.89806	-3.1839195
28.908042	-3.186617
28.918024	-3.189316
28.928006	-3.1920164
28.937988	-3.1947183
28.94797	-3.1974216
28.957952	-3.2001263
28.967934	-3.2028324
28.977916	-3.20554
28.987898	-3.2082491
28.99788	-3.2109595
29.007862	-3.2136715
29.017844	-3.2163848
29.027826	-3.2190996
29.037808	-3.2218158
29.04779	-3.2245335
29.057772	-3.2272526
29.067754	-3.2299731
29.077736	-3.2326951
29.087718	-3.2354185
29.0977	-3.2381434
29.107682	-3.2408697
29.117664	-3.2435974
29.127646	-3.2463266
29.137628	-3.2490572
29.14761	-3.2517893
29.157592	-3.2545228
29.167574	-3.2572577
29.177556	-3.2599941
29.187538	-3.2627319
29.19752	-3.2654712
29.207502	-3.2682119
29.217483	-3.270954
29.227465	-3.2736976
29.237447	-3.2764426
29.247429	-3.2791891
29.257411	-3.281937
29.267393	-3.2846863
29.277375	-3.2874371
29.287357	-3.2901894
29.297339	-3.292943
29.307321	-3.2956981
29.317303	-3.2984547
29.327285	-3.3012127
29.337267	-3.3039721
29.347249	-3.306733
29.357231	-3.3094953
29.367213	-3.3122591
29.377195	-3.3150243
29.387177	-3.3177909
29.397159	-3.320559
29.407141	-3.3233286
29.417123	-3.3260995
29.427105	-3.328872
29.437087	-3.3316458
29.447069	-3.3344211
29.457051	-3.3371979
29.467033	-3.3399761
29.477015	-3.3427557
29.486997	-3.3455368
29.496979	-3.3483193
29.506961	-3.3511033
29.516943	-3.3538887
29.526925	-3.3566756
29.536907	-3.3594639
29.546889	-3.3622536
29.556871	-3.3650448
29.566853	-3.3678374
29.576835	-3.3706315
29.586817	-3.373427
29.596799	-3.376224
29.606781	-3.3790224
29.616763	-3.3818223
29.626745	-3.3846236
29.636727	-3.3874263
29.646709	-3.3902305
29.656691	-3.3930362
29.666673	-3.3958433
29.676655	-3.3986518
29.686637	-3.4014618
29.696619	-3.4042732
29.706601	-3.4070861
29.716583	-3.4099004
29.726565	-3.4127161
29.736547	-3.4155333
29.746529	-3.418352
29.756511	-3.4211721
29.766493	-3.4239936
29.776475	-3.4268166
29.786457	-3.4296411
29.796439	-3.432467
29.806421	-3.4352943
29.816403	-3.4381231
29.826385	-3.4409533
29.836367	-3.443785
29.846349	-3.4466181
29.856331	-3.4494527
29.866313	-3.4522887
29.876295	-3.4551262
29.886277	-3.4579651
29.896259	-3.4608054
29.906241	-3.4636472
29.916223	-3.4664905
29.926205	-3.4693352
29.936187	-3.4721814
29.946169	-3.475029
29.956151	-3.477878
29.966133	-3.4807285
29.976115	-3.4835804
29.986097	-3.4864338
29.996079	-3.4892887
30.006061	-3.492145
30.016043	-3.4950027
30.026025	-3.4978619
30.036007	-3.5007225
30.045989	-3.5035846
30.055971	-3.5064482
30.065953	-3.5093131
30.075935	-3.5121796
30.085917	-3.5150475
30.095899	-3.5179168
30.105881	-3.5207876
30.115863	-3.5236598
30.125845	-3.5265335
30.135827	-3.5294086
30.145809	-3.5322852
30.155791	-3.5351632
30.165773	-3.5380427
30.175755	-3.5409236
30.185737	-3.543806
30.195719	-3.5466898
30.205701	-3.5495751
30.215683	-3.5524618
30.225665	-3.55535
30.235647	-3.5582397
30.245629	-3.5611307
30.255611	-3.5640233
30.265593	-3.5669172
30.275575	-3.5698127
30.285557	-3.5727096
30.295539	-3.5756079
30.305521	-3.5785077
30.315503	-3.5814089
30.325485	-3.5843116
30.335467	-3.5872157
30.345449	-3.5901213
30.355431	-3.5930284
30.365413	-3.5959369
30.375395	-3.5988468
30.385377	-3.6017582
30.395359	-3.604671
30.405341	-3.6075853
30.415323	-3.6105011
30.425305	-3.6134183
30.435287	-3.6163369
30.445269	-3.619257
30.455251	-3.6221786
30.465233	-3.6251016
30.475215	-3.628026
30.485197	-3.630952
30.495179	-3.6338793
30.505161	-3.6368081
30.515143	-3.6397384
30.525125	-3.6426701
30.535107	-3.6456033
30.545089	-3.6485379
30.555071	-3.651474
30.565053	-3.6544115
30.575035	-3.6573505
30.585017	-3.6602909
30.594999	-3.6632328
30.604981	-3.6661761
30.614963	-3.6691209
30.624945	-3.6720672
30.634927	-3.6750149
30.644909	-3.677964
30.654891	-3.6809146
30.664873	-3.6838667
30.674855	-3.6868202
30.684837	-3.6897751
30.694819	-3.6927316
30.704801	-3.6956894
30.714783	-3.6986487
30.724765	-3.7016095
30.734747	-3.7045717
30.744729	-3.7075354
30.754711	-3.7105005
30.764693	-3.7134671
30.774675	-3.7164352
30.784657	-3.7194047
30.794639	-3.7223756
30.804621	-3.725348
30.814603	-3.7283219
30.824585	-3.7312972
30.834567	-3.7342739
30.844549	-3.7372521
30.854531	-3.7402318
30.864513	-3.7432129
30.874495	-3.7461955
30.884477	-3.7491795
30.894459	-3.752165
30.904441	-3.7551519
30.914423	-3.7581403
30.924405	-3.7611302
30.934387	-3.7641215
30.944369	-3.7671142
30.954351	-3.7701084
30.964333	-3.7731041
30.974315	-3.7761012
30.984297	-3.7790998
30.994279	-3.7820998
31.004261	-3.7851013
31.014243	-3.7881042
31.024225	-3.7911086
31.034207	-3.7941144
31.044189	-3.7971217
31.054171	-3.8001305
31.064153	-3.8031407
31.074135	-3.8061523
31.084117	-3.8091654
31.094099	-3.81218
31.104081	-3.815196
31.114063	-3.8182135
31.124045	-3.8212324
31.134027	-3.8242528
31.144009	-3.8272746
31.153991	-3.8302979
31.163973	-3.8333227
31.173955	-3.8363489
31.183937	-3.8393765
31.193919	-3.8424056
31.203901	-3.8454362
31.213883	-3.8484682
31.223865	-3.8515017
31.233847	-3.8545366
31.243829	-3.857573
31.253811	-3.8606108
31.263793	-3.8636501
31.273775	-3.8666909
31.283757	-3.8697331
31.293739	-3.8727767
31.303721	-3.8758219
31.313703	-3.8788684
31.323685	-3.8819164
31.333667	-3.8849659
31.343649	-3.8880169
31.353631	-3.8910692
31.363613	-3.8941231
31.373595	-3.8971784
31.383577	-3.9002351
31.393559	-3.9032933
31.403541	-3.906353
31.413523	-3.9094141
31.423505	-3.9124767
31.433487	-3.9155407
31.443469	-3.9186062
31.453451	-3.9216732
31.463433	-3.9247415
31.473415	-3.9278114
31.483397	-3.9308827
31.493379	-3.9339555
31.503361	-3.9370297
31.513343	-3.9401053
31.523325	-3.9431825
31.533307	-3.946261
31.543289	-3.9493411
31.553271	-3.9524226
31.563253	-3.9555055
31.573235	-3.9585899
31.583217	-3.9616758
31.593199	-3.9647631
31.603181	-3.9678518
31.613163	-3.9709421
31.623145	-3.9740337
31.633127	-3.9771269
31.643109	-3.9802215
31.653091	-3.9833175
31.663073	-3.986415
31.673055	-3.9895139
31.683037	-3.9926143
31.693019	-3.9957162
31.703001	-3.9988195
31.712983	-4.0019243
31.722965	-4.0050305
31.732947	-4.0081382
31.742929	-4.0112473
31.752911	-4.0143579
31.762893	-4.01747
31.772875	-4.0205835
31.782857	-4.0236984
31.792839	-4.0268149
31.802821	-4.0299327
31.812803	-4.033052
31.822785	-4.0361728
31.832767	-4.0392951
31.842749	-4.0424187
31.852731	-4.0455439
31.862713	-4.0486705
31.872695	-4.0517985
31.882677	-4.0549281
31.892659	-4.058059
31.902641	-4.0611914
31.912623	-4.0643253
31.922605	-4.0674606
31.932587	-4.0705974
31.942569	-4.0737357
31.952551	-4.0768754
31.962533	-4.0800165
31.972515	-4.0831591
31.982496	-4.0863032
31.992478	-4.0894487
32.00246	-4.0925956
32.012442	-4.0957441
32.022424	-4.0988939
32.032406	-4.1020453
32.042388	-4.1051981
32.05237	-4.1083523
32.062352	-4.111508
32.072334	-4.1146652
32.082316	-4.1178238
32.092298	-4.1209838
32.10228	-4.1241453
32.112262	-4.1273083
32.122244	-4.1304727
32.132226	-4.1336386
32.142208	-4.1368059
32.15219	-4.1399747
32.162172	-4.143145
32.172154	-4.1463167
32.182136	-4.1494898
32.192118	-4.1526644
32.2021	-4.1558405
32.212082	-4.159018
32.222064	-4.162197
32.232046	-4.1653774
32.242028	-4.1685593
32.25201	-4.1717426
32.261992	-4.1749274
32.271974	-4.1781136
32.281956	-4.1813013
32.291938	-4.1844905
32.30192	-4.1876811
32.311902	-4.1908731
32.321884	-4.1940667
32.331866	-4.1972616
32.341848	-4.200458
32.35183	-4.2036559
32.361812	-4.2068552
32.371794	-4.210056
32.381776	-4.2132583
32.391758	-4.2164619
32.40174	-4.2196671
32.411722	-4.2228737
32.421704	-4.2260817
32.431686	-4.2292912
32.441668	-4.2325022
32.45165	-4.2357146
32.461632	-4.2389285
32.471614	-4.2421438
32.481596	-4.2453606
32.491578	-4.2485788
32.50156	-4.2517985
32.511542	-4.2550196
32.521524	-4.2582422
32.531506	-4.2614662
32.541488	-4.2646917
32.55147	-4.2679187
32.561452	-4.2711471
32.571434	-4.2743769
32.581416	-4.2776082
32.591398	-4.280841
32.60138	-4.2840752
32.611362	-4.2873109
32.621344	-4.290548
32.631326	-4.2937866
32.641308	-4.2970266
32.65129	-4.3002681
32.661272	-4.303511
32.671254	-4.3067554
32.681236	-4.3100012
32.691218	-4.3132485
32.7012	-4.3164972
32.711182	-4.3197474
32.721164	-4.3229991
32.731146	-4.3262522
32.741128	-4.3295067
32.75111	-4.3327627
32.761092	-4.3360202
32.771074	-4.3392791
32.781056	-4.3425394
32.791038	-4.3458012
32.80102	-4.3490645
32.811002	-4.3523292
32.820984	-4.3555954
32.830966	-4.358863
32.840948	-4.3621321
32.85093	-4.3654026
32.860912	-4.3686746
32.870894	-4.371948
32.880876	-4.3752229
32.890858	-4.3784992
32.90084	-4.381777
32.910822	-4.3850562
32.920804	-4.3883369
32.930786	-4.391619
32.940768	-4.3949026
32.95075	-4.3981877
32.960732	-4.4014742
32.970714	-4.4047621
32.980696	-4.4080515
32.990678	-4.4113423
33.00066	-4.4146346
33.010642	-4.4179284
33.020624	-4.4212236
33.030606	-4.4245202
33.040588	-4.4278183
33.05057	-4.4311178
33.060552	-4.4344188
33.070534	-4.4377213
33.080516	-4.4410252
33.090498	-4.4443305
33.10048	-4.4476373
33.110462	-4.4509456
33.120444	-4.4542553
33.130426	-4.4575664
33.140408	-4.460879
33.15039	-4.4641931
33.160372	-4.4675086
33.170354	-4.4708255
33.180336	-4.4741439
33.190318	-4.4774638
33.2003	-4.4807851
33.210282	-4.4841078
33.220264	-4.487432
33.230246	-4.4907577
33.240228	-4.4940848
33.25021	-4.4974133
33.260192	-4.5007433
33.270174	-4.5040748
33.280156	-4.5074077
33.290138	-4.510742
33.30012	-4.5140778
33.310102	-4.517415
33.320084	-4.5207537
33.330066	-4.5240939
33.340048	-4.5274354
33.35003	-4.5307785
33.360012	-4.534123
33.369994	-4.5374689
33.379976	-4.5408163
33.389958	-4.5441651
33.39994	-4.5475154
33.409922	-4.5508671
33.419904	-4.5542203
33.429886	-4.5575749
33.439868	-4.560931
33.44985	-4.5642885
33.459832	-4.5676475
33.469814	-4.5710079
33.479796	-4.5743697
33.489778	-4.577733
33.49976	-4.5810978
33.509742	-4.584464
33.519724	-4.5878316
33.529706	-4.5912007
33.539688	-4.5945713
33.54967	-4.5979433
33.559652	-4.6013167
33.569634	-4.6046916
33.579616	-4.6080679
33.589598	-4.6114457
33.59958	-4.6148249
33.609562	-4.6182056
33.619544	-4.6215877
33.629526	-4.6249713
33.639508	-4.6283563
33.64949	-4.6317428
33.659472	-4.6351307
33.669454	-4.63852
33.679436	-4.6419108
33.689418	-4.645303
33.6994	-4.6486967
33.709382	-4.6520919
33.719364	-4.6554884
33.729346	-4.6588865
33.739328	-4.6622859
33.74931	-4.6656868
33.759292	-4.6690892
33.769274	-4.672493
33.779256	-4.6758983
33.789238	-4.679305
33.79922	-4.6827131
33.809202	-4.6861227
33.819184	-4.6895337
33.829166	-4.6929462
33.839148	-4.6963601
33.84913	-4.6997755
33.859112	-4.7031923
33.869094	-4.7066105
33.879076	-4.7100302
33.889058	-4.7134513
33.89904	-4.7168739
33.909022	-4.720298
33.919004	-4.7237234
33.928986	-4.7271503
33.938968	-4.7305787
33.94895	-4.7340085
33.958932	-4.7374397
33.968914	-4.7408724
33.978896	-4.7443066
33.988878	-4.7477421
33.99886	-4.7511791
34.008842	-4.7546176
34.018824	-4.7580575
34.028806	-4.7614989
34.038788	-4.7649416
34.04877	-4.7683859
34.058752	-4.7718315
34.068734	-4.7752787
34.078716	-4.7787272
34.088698	-4.7821772
34.09868	-4.7856286
34.108662	-4.7890815
34.118644	-4.7925359
34.128626	-4.7959916
34.138608	-4.7994488
34.14859	-4.8029075
34.158572	-4.8063676
34.168554	-4.8098291
34.178536	-4.8132921
34.188518	-4.8167565
34.1985	-4.8202223
34.208482	-4.8236896
34.218464	-4.8271584
34.228446	-4.8306285
34.238428	-4.8341002
34.24841	-4.8375732
34.258392	-4.8410477
34.268374	-4.8445236
34.278356	-4.848001
34.288338	-4.8514798
34.29832	-4.8549601
34.308302	-4.8584418
34.318284	-4.8619249
34.328266	-4.8654095
34.338248	-4.8688955
34.34823	-4.872383
34.358212	-4.8758719
34.368194	-4.8793622
34.378176	-4.882854
34.388158	-4.8863472
34.39814	-4.8898418
34.408122	-4.8933379
34.418104	-4.8968354
34.428086	-4.9003344
34.438068	-4.9038348
34.44805	-4.9073366
34.458032	-4.9108399
34.468014	-4.9143446
34.477996	-4.9178508
34.487978	-4.9213584
34.49796	-4.9248674
34.507942	-4.9283779
34.517924	-4.9318898
34.527906	-4.9354031
34.537888	-4.9389179
34.54787	-4.9424341
34.557852	-4.9459518
34.567834	-4.9494709
34.577816	-4.9529914
34.587798	-4.9565133
34.59778	-4.9600367
34.607762	-4.9635616
34.617744	-4.9670878
34.627726	-4.9706156
34.637708	-4.9741447
34.64769	-4.9776753
34.657672	-4.9812073
34.667654	-4.9847407
34.677636	-4.9882756
34.687618	-4.9918119
34.6976	-4.9953497
34.707582	-4.9988889
34.717564	-5.0024295
34.727546	-5.0059716
34.737528	-5.0095151
34.74751	-5.01306
34.757491	-5.0166064
34.767473	-5.0201542
34.777455	-5.0237034
34.787437	-5.0272541
34.797419	-5.0308062
34.807401	-5.0343597
34.817383	-5.0379147
34.827365	-5.0414711
34.837347	-5.0450289
34.847329	-5.0485882
34.857311	-5.0521489
34.867293	-5.055711
34.877275	-5.0592746
34.887257	-5.0628396
34.897239	-5.066406
34.907221	-5.0699739
34.917203	-5.0735432
34.927185	-5.0771139
34.937167	-5.080686
34.947149	-5.0842596
34.957131	-5.0878347
34.967113	-5.0914111
34.977095	-5.094989
34.987077	-5.0985683
34.997059	-5.1021491
35.007041	-5.1057313
35.017023	-5.1093149
35.027005	-5.1128999
35.036987	-5.1164864
35.046969	-5.1200743
35.056951	-5.1236636
35.066933	-5.1272544
35.076915	-5.1308466
35.086897	-5.1344402
35.096879	-5.1380353
35.106861	-5.1416318
35.116843	-5.1452297
35.126825	-5.148829
35.136807	-5.1524298
35.146789	-5.156032
35.156771	-5.1596357
35.166753	-5.1632407
35.176735	-5.1668472
35.186717	-5.1704551
35.196699	-5.1740645
35.206681	-5.1776753
35.216663	-5.1812875
35.226645	-5.1849011
35.236627	-5.1885162
35.246609	-5.1921327
35.256591	-5.1957506
35.266573	-5.1993699
35.276555	-5.2029907
35.286537	-5.2066129
35.296519	-5.2102365
35.306501	-5.2138616
35.316483	-5.2174881
35.326465	-5.221116
35.336447	-5.2247453
35.346429	-5.2283761
35.356411	-5.2320083
35.366393	-5.2356419
35.376375	-5.2392769
35.386357	-5.2429134
35.396339	-5.2465513
35.406321	-5.2501906
35.416303	-5.2538314
35.426285	-5.2574735
35.436267	-5.2611171
35.446249	-5.2647621
35.456231	-5.2684086
35.466213	-5.2720565
35.476195	-5.2757058
35.486177	-5.2793565
35.496159	-5.2830086
35.506141	-5.2866622
35.516123	-5.2903172
35.526105	-5.2939736
35.536087	-5.2976314
35.546069	-5.3012907
35.556051	-5.3049514
35.566033	-5.3086135
35.576015	-5.312277
35.585997	-5.315942
35.595979	-5.3196084
35.605961	-5.3232762
35.615943	-5.3269454
35.625925	-5.330616
35.635907	-5.3342881
35.645889	-5.3379616
35.655871	-5.3416365
35.665853	-5.3453129
35.675835	-5.3489906
35.685817	-5.3526698
35.695799	-5.3563504
35.705781	-5.3600324
35.715763	-5.3637159
35.725745	-5.3674007
35.735727	-5.371087
35.745709	-5.3747747
35.755691	-5.3784638
35.765673	-5.3821544
35.775655	-5.3858464
35.785637	-5.3895398
35.795619	-5.3932346
35.805601	-5.3969308
35.815583	-5.4006284
35.825565	-5.4043275
35.835547	-5.408028
35.845529	-5.4117299
35.855511	-5.4154332
35.865493	-5.419138
35.875475	-5.4228441
35.885457	-5.4265517
35.895439	-5.4302607
35.905421	-5.4339711
35.915403	-5.4376829
35.925385	-5.4413962
35.935367	-5.4451109
35.945349	-5.4488269
35.955331	-5.4525445
35.965313	-5.4562634
35.975295	-5.4599837
35.985277	-5.4637055
35.995259	-5.4674286
36.005241	-5.4711532
36.015223	-5.4748792
36.025205	-5.4786067
36.035187	-5.4823355
36.045169	-5.4860658
36.055151	-5.4897974
36.065133	-5.4935305
36.075115	-5.497265
36.085097	-5.5010009
36.095079	-5.5047383
36.105061	-5.508477
36.115043	-5.5122172
36.125025	-5.5159587
36.135007	-5.5197017
36.144989	-5.5234461
36.154971	-5.527192
36.164953	-5.5309392
36.174935	-5.5346878
36.184917	-5.5384379
36.194899	-5.5421894
36.204881	-5.5459423
36.214863	-5.5496966
36.224845	-5.5534523
36.234827	-5.5572094
36.244809	-5.560968
36.254791	-5.5647279
36.264773	-5.5684893
36.274755	-5.5722521
36.284737	-5.5760162
36.294719	-5.5797819
36.304701	-5.5835489
36.314683	-5.5873173
36.324665	-5.5910871
36.334647	-5.5948584
36.344629	-5.598631
36.354611	-5.6024051
36.364593	-5.6061806
36.374575	-5.6099575
36.384557	-5.6137358
36.394539	-5.6175155
36.404521	-5.6212966
36.414503	-5.6250792
36.424485	-5.6288631
36.434467	-5.6326484
36.444449	-5.6364352
36.454431	-5.6402234
36.464413	-5.644013
36.474395	-5.647804
36.484377	-5.6515963
36.494359	-5.6553902
36.504341	-5.6591854
36.514323	-5.662982
36.524305	-5.66678
36.534287	-5.6705795
36.544269	-5.6743803
36.554251	-5.6781826
36.564233	-5.6819862
36.574215	-5.6857913
36.584197	-5.6895978
36.594179	-5.6934057
36.604161	-5.697215
36.614143	-5.7010257
36.624125	-5.7048378
36.634107	-5.7086513
36.644089	-5.7124662
36.654071	-5.7162825
36.664053	-5.7201002
36.674035	-5.7239194
36.684017	-5.7277399
36.693999	-5.7315618
36.703981	-5.7353852
36.713963	-5.73921
36.723945	-5.7430361
36.733927	-5.7468637
36.743909	-5.7506926
36.753891	-5.754523
36.763873	-5.7583548
36.773855	-5.762188
36.783837	-5.7660226
36.793819	-5.7698585
36.803801	-5.7736959
36.813783	-5.7775347
36.823765	-5.7813749
36.833747	-5.7852165
36.843729	-5.7890595
36.853711	-5.7929039
36.863693	-5.7967497
36.873675	-5.8005969
36.883657	-5.8044456
36.893639	-5.8082956
36.903621	-5.812147
36.913603	-5.8159998
36.923585	-5.819854
36.933567	-5.8237096
36.943549	-5.8275666
36.953531	-5.8314251
36.963513	-5.8352849
36.973495	-5.8391461
36.983477	-5.8430087
36.993459	-5.8468727
37.003441	-5.8507382
37.013423	-5.854605
37.023405	-5.8584732
37.033387	-5.8623428
37.043369	-5.8662138
37.053351	-5.8700863
37.063333	-5.8739601
37.073315	-5.8778353
37.083297	-5.8817119
37.093279	-5.8855899
37.103261	-5.8894693
37.113243	-5.8933501
37.123225	-5.8972323
37.133207	-5.9011159
37.143189	-5.9050009
37.153171	-5.9088873
37.163153	-5.9127751
37.173135	-5.9166643
37.183117	-5.9205549
37.193099	-5.9244469
37.203081	-5.9283403
37.213063	-5.932235
37.223045	-5.9361312
37.233027	-5.9400288
37.243009	-5.9439277
37.252991	-5.9478281
37.262973	-5.9517299
37.272955	-5.955633
37.282937	-5.9595375
37.292919	-5.9634435
37.302901	-5.9673508
37.312883	-5.9712595
37.322865	-5.9751697
37.332847	-5.9790812
37.342829	-5.9829941
37.352811	-5.9869084
37.362793	-5.9908241
37.372775	-5.9947412
37.382757	-5.9986597
37.392739	-6.0025795
37.402721	-6.0065008
37.412703	-6.0104235
37.422685	-6.0143475
37.432667	-6.018273
37.442649	-6.0221998
37.452631	-6.026128
37.462613	-6.0300576
37.472595	-6.0339886
37.482577	-6.0379211
37.492559	-6.0418548
37.502541	-6.04579
37.512523	-6.0497266
37.522505	-6.0536646
37.532486	-6.0576039
37.542468	-6.0615447
37.55245	-6.0654868
37.562432	-6.0694303
37.572414	-6.0733752
37.582396	-6.0773215
37.592378	-6.0812692
37.60236	-6.0852183
37.612342	-6.0891688
37.622324	-6.0931206
37.632306	-6.0970739
37.642288	-6.1010285
37.65227	-6.1049846
37.662252	-6.108942
37.672234	-6.1129008
37.682216	-6.116861
37.692198	-6.1208225
37.70218	-6.1247855
37.712162	-6.1287498
37.722144	-6.1327156
37.732126	-6.1366827
37.742108	-6.1406512
37.75209	-6.1446211
37.762072	-6.1485924
37.772054	-6.152565
37.782036	-6.1565391
37.792018	-6.1605145
37.802	-6.1644913
37.811982	-6.1684696
37.821964	-6.1724491
37.831946	-6.1764301
37.841928	-6.1804125
37.85191	-6.1843962
37.861892	-6.1883814
37.871874	-6.1923679
37.881856	-6.1963558
37.891838	-6.2003451
37.90182	-6.2043357
37.911802	-6.2083278
37.921784	-6.2123212
37.931766	-6.216316
37.941748	-6.2203122
37.95173	-6.2243098
37.961712	-6.2283087
37.971694	-6.2323091
37.981676	-6.2363108
37.991658	-6.2403139
38.00164	-6.2443184
38.011622	-6.2483243
38.021604	-6.2523315
38.031586	-6.2563402
38.041568	-6.2603502
38.05155	-6.2643616
38.061532	-6.2683743
38.071514	-6.2723885
38.081496	-6.276404
38.091478	-6.2804209
38.10146	-6.2844392
38.111442	-6.2884589
38.121424	-6.29248
38.131406	-6.2965024
38.141388	-6.3005262
38.15137	-6.3045514
38.161352	-6.308578
38.171334	-6.3126059
38.181316	-6.3166352
38.191298	-6.3206659
38.20128	-6.324698
38.211262	-6.3287315
38.221244	-6.3327663
38.231226	-6.3368025
38.241208	-6.3408401
38.25119	-6.3448791
38.261172	-6.3489194
38.271154	-6.3529611
38.281136	-6.3570042
38.291118	-6.3610487
38.3011	-6.3650945
38.311082	-6.3691418
38.321064	-6.3731904
38.331046	-6.3772403
38.341028	-6.3812917
38.35101	-6.3853444
38.360992	-6.3893985
38.370974	-6.393454
38.380956	-6.3975108
38.390938	-6.401569
38.40092	-6.4056286
38.410902	-6.4096896
38.420884	-6.4137519
38.430866	-6.4178157
38.440848	-6.4218807
38.45083	-6.4259472
38.460812	-6.430015
38.470794	-6.4340842
38.480776	-6.4381548
38.490758	-6.4422268
38.50074	-6.4463001
38.510722	-6.4503748
38.520704	-6.4544509
38.530686	-6.4585283
38.540668	-6.4626071
38.55065	-6.4666873
38.560632	-6.4707688
38.570614	-6.4748518
38.580596	-6.4789361
38.590578	-6.4830217
38.60056	-6.4871087
38.610542	-6.4911972
38.620524	-6.4952869
38.630506	-6.4993781
38.640488	-6.5034706
38.65047	-6.5075645
38.660452	-6.5116597
38.670434	-6.5157563
38.680416	-6.5198543
38.690398	-6.5239537
38.70038	-6.5280544
38.710362	-6.5321565
38.720344	-6.5362599
38.730326	-6.5403648
38.740308	-6.544471
38.75029	-6.5485785
38.760272	-6.5526875
38.770254	-6.5567978
38.780236	-6.5609094
38.790218	-6.5650224
38.8002	-6.5691368
38.810182	-6.5732526
38.820164	-6.5773697
38.830146	-6.5814882
38.840128	-6.5856081
38.85011	-6.5897293
38.860092	-6.5938519
38.870074	-6.5979759
38.880056	-6.6021012
38.890038	-6.6062279
38.90002	-6.6103559
38.910002	-6.6144853
38.919984	-6.6186161
38.929966	-6.6227482
38.939948	-6.6268817
38.94993	-6.6310166
38.959912	-6.6351528
38.969894	-6.6392904
38.979876	-6.6434294
38.989858	-6.6475697
38.99984	-6.6517114
39.009822	-6.6558544
39.019804	-6.6599988
39.029786	-6.6641446
39.039768	-6.6682917
39.04975	-6.6724402
39.059732	-6.6765901
39.069714	-6.6807413
39.079696	-6.6848939
39.089678	-6.6890478
39.09966	-6.6932031
39.109642	-6.6973598
39.119624	-6.7015178
39.129606	-6.7056771
39.139588	-6.7098379
39.14957	-6.714
39.159552	-6.7181634
39.169534	-6.7223282
39.179516	-6.7264944
39.189498	-6.7306619
39.19948	-6.7348308
39.209462	-6.7390011
39.219444	-6.7431727
39.229426	-6.7473457
39.239408	-6.75152
39.24939	-6.7556957
39.259372	-6.7598727
39.269354	-6.7640511
39.279336	-6.7682309
39.289318	-6.772412
39.2993	-6.7765944
39.309282	-6.7807783
39.319264	-6.7849634
39.329246	-6.78915
39.339228	-6.7933379
39.34921	-6.7975271
39.359192	-6.8017177
39.369174	-6.8059097
39.379156	-6.810103
39.389138	-6.8142977
39.39912	-6.8184937
39.409102	-6.8226911
39.419084	-6.8268898
39.429066	-6.8310899
39.439048	-6.8352913
39.44903	-6.8394941
39.459012	-6.8436983
39.468994	-6.8479038
39.478976	-6.8521106
39.488958	-6.8563188
39.49894	-6.8605284
39.508922	-6.8647393
39.518904	-6.8689516
39.528886	-6.8731652
39.538868	-6.8773802
39.54885	-6.8815965
39.558832	-6.8858141
39.568814	-6.8900332
39.578796	-6.8942536
39.588778	-6.8984753
39.59876	-6.9026984
39.608742	-6.9069228
39.618724	-6.9111486
39.628706	-6.9153757
39.638688	-6.9196042
39.64867	-6.923834
39.658652	-6.9280652
39.668634	-6.9322977
39.678616	-6.9365316
39.688598	-6.9407668
39.69858	-6.9450034
39.708562	-6.9492413
39.718544	-6.9534806
39.728526	-6.9577213
39.738508	-6.9619632
39.74849	-6.9662065
39.758472	-6.9704512
39.768454	-6.9746972
39.778436	-6.9789446
39.788418	-6.9831933
39.7984	-6.9874434
39.808382	-6.9916948
39.818364	-6.9959475
39.828346	-7.0002016
39.838328	-7.0044571
39.84831	-7.0087139
39.858292	-7.012972
39.868274	-7.0172315
39.878256	-7.0214923
39.888238	-7.0257545
39.89822	-7.030018
39.908202	-7.0342829
39.918184	-7.0385491
39.928166	-7.0428167
39.938148	-7.0470856
39.94813	-7.0513558
39.958112	-7.0556274
39.968094	-7.0599003
39.978076	-7.0641746
39.988058	-7.0684502
39.99804	-7.0727272
40.008022	-7.0770055
40.018004	-7.0812852
40.027986	-7.0855662
40.037968	-7.0898485
40.04795	-7.0941322
40.057932	-7.0984172
40.067914	-7.1027036
40.077896	-7.1069913
40.087878	-7.1112803
40.09786	-7.1155707
40.107842	-7.1198624
40.117824	-7.1241555
40.127806	-7.1284499
40.137788	-7.1327457
40.14777	-7.1370428
40.157752	-7.1413412
40.167734	-7.145641
40.177716	-7.1499421
40.187698	-7.1542445
40.19768	-7.1585483
40.207662	-7.1628535
40.217644	-7.1671599
40.227626	-7.1714677
40.237608	-7.1757769
40.24759	-7.1800874
40.257572	-7.1843992
40.267554	-7.1887124
40.277536	-7.1930269
40.287518	-7.1973427
40.297499	-7.2016599
40.307481	-7.2059784
40.317463	-7.2102983
40.327445	-7.2146195
40.337427	-7.218942
40.347409	-7.2232659
40.357391	-7.2275911
40.367373	-7.2319176
40.377355	-7.2362455
40.387337	-7.2405747
40.397319	-7.2449053
40.407301	-7.2492372
40.417283	-7.2535704
40.427265	-7.2579049
40.437247	-7.2622408
40.447229	-7.2665781
40.457211	-7.2709166
40.467193	-7.2752565
40.477175	-7.2795977
40.487157	-7.2839403
40.497139	-7.2882842
40.507121	-7.2926294
40.517103	-7.296976
40.527085	-7.3013239
40.537067	-7.3056732
40.547049	-7.3100237
40.557031	-7.3143756
40.567013	-7.3187289
40.576995	-7.3230834
40.586977	-7.3274393
40.596959	-7.3317966
40.606941	-7.3361551
40.616923	-7.340515
40.626905	-7.3448762
40.636887	-7.3492388
40.646869	-7.3536027
40.656851	-7.3579679
40.666833	-7.3623345
40.676815	-7.3667024
40.686797	-7.3710716
40.696779	-7.3754421
40.706761	-7.379814
40.716743	-7.3841872
40.726725	-7.3885617
40.736707	-7.3929376
40.746689	-7.3973148
40.756671	-7.4016933
40.766653	-7.4060732
40.776635	-7.4104544
40.786617	-7.4148369
40.796599	-7.4192207
40.806581	-7.4236059
40.816563	-7.4279924
40.826545	-7.4323802
40.836527	-7.4367694
40.846509	-7.4411598
40.856491	-7.4455516
40.866473	-7.4499448
40.876455	-7.4543393
40.886437	-7.458735
40.896419	-7.4631322
40.906401	-7.4675306
40.916383	-7.4719304
40.926365	-7.4763315
40.936347	-7.4807339
40.946329	-7.4851377
40.956311	-7.4895427
40.966293	-7.4939491
40.976275	-7.4983569
40.986257	-7.5027659
40.996239	-7.5071763
41.006221	-7.511588
41.016203	-7.516001
41.026185	-7.5204154
41.036167	-7.5248311
41.046149	-7.5292481
41.056131	-7.5336664
41.066113	-7.538086
41.076095	-7.542507
41.086077	-7.5469293
41.096059	-7.5513529
41.106041	-7.5557779
41.116023	-7.5602042
41.126005	-7.5646317
41.135987	-7.5690607
41.145969	-7.5734909
41.155951	-7.5779225
41.165933	-7.5823553
41.175915	-7.5867895
41.185897	-7.5912251
41.195879	-7.5956619
41.205861	-7.6001001
41.215843	-7.6045396
41.225825	-7.6089804
41.235807	-7.6134225
41.245789	-7.617866
41.255771	-7.6223107
41.265753	-7.6267568
41.275735	-7.6312042
41.285717	-7.635653
41.295699	-7.640103
41.305681	-7.6445544
41.315663	-7.6490071
41.325645	-7.6534611
41.335627	-7.6579164
41.345609	-7.6623731
41.355591	-7.6668311
41.365573	-7.6712904
41.375555	-7.675751
41.385537	-7.6802129
41.395519	-7.6846761
41.405501	-7.6891407
41.415483	-7.6936066
41.425465	-7.6980738
41.435447	-7.7025423
41.445429	-7.7070121
41.455411	-7.7114833
41.465393	-7.7159557
41.475375	-7.7204295
41.485357	-7.7249046
41.495339	-7.7293811
41.505321	-7.7338588
41.515303	-7.7383378
41.525285	-7.7428182
41.535267	-7.7472999
41.545249	-7.7517829
41.555231	-7.7562672
41.565213	-7.7607528
41.575195	-7.7652398
41.585177	-7.769728
41.595159	-7.7742176
41.605141	-7.7787085
41.615123	-7.7832007
41.625105	-7.7876942
41.635087	-7.7921891
41.645069	-7.7966852
41.655051	-7.8011827
41.665033	-7.8056815
41.675015	-7.8101815
41.684997	-7.8146829
41.694979	-7.8191857
41.704961	-7.8236897
41.714943	-7.828195
41.724925	-7.8327017
41.734907	-7.8372097
41.744889	-7.8417189
41.754871	-7.8462295
41.764853	-7.8507414
41.774835	-7.8552547
41.784817	-7.8597692
41.794799	-7.864285
41.804781	-7.8688022
41.814763	-7.8733206
41.824745	-7.8778404
41.834727	-7.8823615
41.844709	-7.8868839
41.854691	-7.8914076
41.864673	-7.8959326
41.874655	-7.9004589
41.884637	-7.9049866
41.894619	-7.9095155
41.904601	-7.9140458
41.914583	-7.9185774
41.924565	-7.9231102
41.934547	-7.9276444
41.944529	-7.9321799
41.954511	-7.9367167
41.964493	-7.9412548
41.974475	-7.9457943
41.984457	-7.950335
41.994439	-7.954877
42.004421	-7.9594204
42.014403	-7.963965
42.024385	-7.968511
42.034367	-7.9730583
42.044349	-7.9776069
42.054331	-7.9821568
42.064313	-7.9867079
42.074295	-7.9912605
42.084277	-7.9958143
42.094259	-8.0003694
42.104241	-8.0049258
42.114223	-8.0094835
42.124205	-8.0140426
42.134187	-8.0186029
42.144169	-8.0231646
42.154151	-8.0277275
42.164133	-8.0322918
42.174115	-8.0368573
42.184097	-8.0414242
42.194079	-8.0459924
42.204061	-8.0505619
42.214043	-8.0551327
42.224025	-8.0597048
42.234007	-8.0642782
42.243989	-8.0688529
42.253971	-8.0734289
42.263953	-8.0780062
42.273935	-8.0825848
42.283917	-8.0871647
42.293899	-8.0917459
42.303881	-8.0963285
42.313863	-8.1009123
42.323845	-8.1054974
42.333827	-8.1100839
42.343809	-8.1146716
42.353791	-8.1192606
42.363773	-8.123851
42.373755	-8.1284426
42.383737	-8.1330356
42.393719	-8.1376298
42.403701	-8.1422254
42.413683	-8.1468223
42.423665	-8.1514204
42.433647	-8.1560199
42.443629	-8.1606206
42.453611	-8.1652227
42.463593	-8.1698261
42.473575	-8.1744307
42.483557	-8.1790367
42.493539	-8.183644
42.503521	-8.1882526
42.513503	-8.1928624
42.523485	-8.1974736
42.533467	-8.2020861
42.543449	-8.2066998
42.553431	-8.2113149
42.563413	-8.2159313
42.573395	-8.220549
42.583377	-8.2251679
42.593359	-8.2297882
42.603341	-8.2344098
42.613323	-8.2390326
42.623305	-8.2436568
42.633287	-8.2482823
42.643269	-8.252909
42.653251	-8.2575371
42.663233	-8.2621665
42.673215	-8.2667971
42.683197	-8.2714291
42.693179	-8.2760623
42.703161	-8.2806969
42.713143	-8.2853328
42.723125	-8.2899699
42.733107	-8.2946084
42.743089	-8.2992481
42.753071	-8.3038891
42.763053	-8.3085315
42.773035	-8.3131751
42.783017	-8.3178201
42.792999	-8.3224663
42.802981	-8.3271138
42.812963	-8.3317626
42.822945	-8.3364128
42.832927	-8.3410642
42.842909	-8.3457169
42.852891	-8.3503709
42.862873	-8.3550262
42.872855	-8.3596828
42.882837	-8.3643407
42.892819	-8.3689999
42.902801	-8.3736604
42.912783	-8.3783222
42.922765	-8.3829852
42.932747	-8.3876496
42.942729	-8.3923153
42.952711	-8.3969822
42.962693	-8.4016505
42.972675	-8.40632
42.982657	-8.4109909
42.992639	-8.415663
43.002621	-8.4203364
43.012603	-8.4250112
43.022585	-8.4296872
43.032567	-8.4343645
43.042549	-8.4390431
43.052531	-8.443723
43.062513	-8.4484042
43.072494	-8.4530867
43.082476	-8.4577704
43.092458	-8.4624555
43.10244	-8.4671419
43.112422	-8.4718295
43.122404	-8.4765185
43.132386	-8.4812087
43.142368	-8.4859002
43.15235	-8.4905931
43.162332	-8.4952872
43.172314	-8.4999826
43.182296	-8.5046793
43.192278	-8.5093773
43.20226	-8.5140766
43.212242	-8.5187771
43.222224	-8.523479
43.232206	-8.5281821
43.242188	-8.5328866
43.25217	-8.5375923
43.262152	-8.5422994
43.272134	-8.5470077
43.282116	-8.5517173
43.292098	-8.5564282
43.30208	-8.5611404
43.312062	-8.5658538
43.322044	-8.5705686
43.332026	-8.5752847
43.342008	-8.580002
43.35199	-8.5847206
43.361972	-8.5894406
43.371954	-8.5941618
43.381936	-8.5988843
43.391918	-8.6036081
43.4019	-8.6083332
43.411882	-8.6130595
43.421864	-8.6177872
43.431846	-8.6225161
43.441828	-8.6272464
43.45181	-8.6319779
43.461792	-8.6367107
43.471774	-8.6414448
43.481756	-8.6461802
43.491738	-8.6509169
43.50172	-8.6556548
43.511702	-8.6603941
43.521684	-8.6651346
43.531666	-8.6698764
43.541648	-8.6746195
43.55163	-8.6793639
43.561612	-8.6841096
43.571594	-8.6888566
43.581576	-8.6936049
43.591558	-8.6983544
43.60154	-8.7031052
43.611522	-8.7078574
43.621504	-8.7126108
43.631486	-8.7173655
43.641468	-8.7221214
43.65145	-8.7268787
43.661432	-8.7316373
43.671414	-8.7363971
43.681396	-8.7411582
43.691378	-8.7459206
43.70136	-8.7506843
43.711342	-8.7554493
43.721324	-8.7602155
43.731306	-8.7649831
43.741288	-8.7697519
43.75127	-8.774522
43.761252	-8.7792935
43.771234	-8.7840661
43.781216	-8.7888401
43.791198	-8.7936154
43.80118	-8.7983919
43.811162	-8.8031697
43.821144	-8.8079488
43.831126	-8.8127292
43.841108	-8.8175109
43.85109	-8.8222939
43.861072	-8.8270781
43.871054	-8.8318636
43.881036	-8.8366505
43.891018	-8.8414386
43.901	-8.8462279
43.910982	-8.8510186
43.920964	-8.8558105
43.930946	-8.8606038
43.940928	-8.8653983
43.95091	-8.8701941
43.960892	-8.8749911
43.970874	-8.8797895
43.980856	-8.8845891
43.990838	-8.8893901
44.00082	-8.8941923
44.010802	-8.8989958
44.020784	-8.9038005
44.030766	-8.9086066
44.040748	-8.9134139
44.05073	-8.9182225
44.060712	-8.9230324
44.070694	-8.9278436
44.080676	-8.9326561
44.090658	-8.9374698
44.10064	-8.9422848
44.110622	-8.9471011
44.120604	-8.9519187
44.130586	-8.9567376
44.140568	-8.9615577
44.15055	-8.9663792
44.160532	-8.9712019
44.170514	-8.9760259
44.180496	-8.9808511
44.190478	-8.9856777
44.20046	-8.9905055
44.210442	-8.9953346
44.220424	-9.000165
44.230406	-9.0049967
44.240388	-9.0098296
44.25037	-9.0146639
44.260352	-9.0194994
44.270334	-9.0243362
44.280316	-9.0291743
44.290298	-9.0340136
44.30028	-9.0388542
44.310262	-9.0436961
44.320244	-9.0485393
44.330226	-9.0533838
44.340208	-9.0582296
44.35019	-9.0630766
44.360172	-9.0679249
44.370154	-9.0727745
44.380136	-9.0776253
44.390118	-9.0824775
44.4001	-9.0873309
44.410082	-9.0921856
44.420064	-9.0970416
44.430046	-9.1018988
44.440028	-9.1067574
44.45001	-9.1116172
44.459992	-9.1164783
44.469974	-9.1213406
44.479956	-9.1262043
44.489938	-9.1310692
44.49992	-9.1359354
44.509902	-9.1408029
44.519884	-9.1456716
44.529866	-9.1505417
44.539848	-9.155413
44.54983	-9.1602856
44.559812	-9.1651594
44.569794	-9.1700346
44.579776	-9.174911
44.589758	-9.1797887
44.59974	-9.1846677
44.609722	-9.1895479
44.619704	-9.1944295
44.629686	-9.1993123
44.639668	-9.2041964
44.64965	-9.2090817
44.659632	-9.2139684
44.669614	-9.2188563
44.679596	-9.2237455
44.689578	-9.2286359
44.69956	-9.2335277
44.709542	-9.2384207
44.719524	-9.243315
44.729506	-9.2482105
44.739488	-9.2531074
44.74947	-9.2580055
44.759452	-9.2629049
44.769434	-9.2678056
44.779416	-9.2727075
44.789398	-9.2776108
44.79938	-9.2825153
44.809362	-9.287421
44.819344	-9.2923281
44.829326	-9.2972364
44.839308	-9.302146
44.84929	-9.3070569
44.859272	-9.311969
44.869254	-9.3168825
44.879236	-9.3217972
44.889218	-9.3267131
44.8992	-9.3316304
44.909182	-9.3365489
44.919164	-9.3414687
44.929146	-9.3463898
44.939128	-9.3513122
44.94911	-9.3562358
44.959092	-9.3611607
44.969074	-9.3660869
44.979056	-9.3710143
44.989038	-9.375943
44.99902	-9.380873
45.009002	-9.3858043
45.018984	-9.3907368
45.028966	-9.3956707
45.038948	-9.4006058
45.04893	-9.4055421
45.058912	-9.4104798
45.068894	-9.4154187
45.078876	-9.4203589
45.088858	-9.4253003
45.09884	-9.4302431
45.108822	-9.4351871
45.118804	-9.4401324
45.128786	-9.4450789
45.138768	-9.4500268
45.14875	-9.4549759
45.158732	-9.4599262
45.168714	-9.4648779
45.178696	-9.4698308
45.188678	-9.474785
45.19866	-9.4797405
45.208642	-9.4846972
45.218624	-9.4896552
45.228606	-9.4946145
45.238588	-9.4995751
45.24857	-9.5045369
45.258552	-9.5095
45.268534	-9.5144644
45.278516	-9.5194301
45.288498	-9.524397
45.29848	-9.5293652
45.308462	-9.5343347
45.318444	-9.5393054
45.328426	-9.5442774
45.338408	-9.5492507
45.34839	-9.5542253
45.358372	-9.5592011
45.368354	-9.5641782
45.378336	-9.5691566
45.388318	-9.5741362
45.3983	-9.5791172
45.408282	-9.5840994
45.418264	-9.5890828
45.428246	-9.5940676
45.438228	-9.5990536
45.44821	-9.6040409
45.458192	-9.6090294
45.468174	-9.6140192
45.478156	-9.6190103
45.488138	-9.6240027
45.49812	-9.6289964
45.508102	-9.6339913
45.518084	-9.6389875
45.528066	-9.6439849
45.538048	-9.6489836
45.54803	-9.6539836
45.558012	-9.6589849
45.567994	-9.6639875
45.577976	-9.6689913
45.587958	-9.6739964
45.59794	-9.6790027
45.607922	-9.6840103
45.617904	-9.6890192
45.627886	-9.6940294
45.637868	-9.6990409
45.64785	-9.7040536
45.657832	-9.7090676
45.667814	-9.7140828
45.677796	-9.7190993
45.687778	-9.7241171
45.69776	-9.7291362
45.707742	-9.7341565
45.717724	-9.7391782
45.727706	-9.744201
45.737688	-9.7492252
45.74767	-9.7542506
45.757652	-9.7592773
45.767634	-9.7643053
45.777616	-9.7693345
45.787598	-9.774365
45.79758	-9.7793968
45.807562	-9.7844298
45.817544	-9.7894642
45.827526	-9.7944998
45.837508	-9.7995366
45.847489	-9.8045748
45.857471	-9.8096142
45.867453	-9.8146548
45.877435	-9.8196968
45.887417	-9.82474
45.897399	-9.8297845
45.907381	-9.8348302
45.917363	-9.8398773
45.927345	-9.8449255
45.937327	-9.8499751
45.947309	-9.855026
45.957291	-9.8600781
45.967273	-9.8651314
45.977255	-9.8701861
45.987237	-9.875242
45.997219	-9.8802992
46.007201	-9.8853577
46.017183	-9.8904174
46.027165	-9.8954784
46.037147	-9.9005407
46.047129	-9.9056042
46.057111	-9.910669
46.067093	-9.9157351
46.077075	-9.9208024
46.087057	-9.9258711
46.097039	-9.9309409
46.107021	-9.9360121
46.117003	-9.9410845
46.126985	-9.9461582
46.136967	-9.9512332
46.146949	-9.9563095
46.156931	-9.961387
46.166913	-9.9664658
46.176895	-9.9715458
46.186877	-9.9766271
46.196859	-9.9817097
46.206841	-9.9867936
46.216823	-9.9918787
46.226805	-9.9969651
46.236787	-10.002053
46.246769	-10.007142
46.256751	-10.012232
46.266733	-10.017323
46.276715	-10.022416
46.286697	-10.02751
46.296679	-10.032606
46.306661	-10.037702
46.316643	-10.0428
46.326625	-10.047899
46.336607	-10.052999
46.346589	-10.058101
46.356571	-10.063204
46.366553	-10.068308
46.376535	-10.073414
46.386517	-10.07852
46.396499	-10.083628
46.406481	-10.088738
46.416463	-10.093848
46.426445	-10.09896
46.436427	-10.104073
46.446409	-10.109187
46.456391	-10.114303
46.466373	-10.11942
46.476355	-10.124538
46.486337	-10.129657
46.496319	-10.134778
46.506301	-10.1399
46.516283	-10.145023
46.526265	-10.150148
46.536247	-10.155274
46.546229	-10.160401
46.556211	-10.165529
46.566193	-10.170659
46.576175	-10.175789
46.586157	-10.180922
46.596139	-10.186055
46.606121	-10.19119
46.616103	-10.196326
46.626085	-10.201463
46.636067	-10.206601
46.646049	-10.211741
46.656031	-10.216882
46.666013	-10.222024
46.675995	-10.227168
46.685977	-10.232313
46.695959	-10.237459
46.705941	-10.242606
46.715923	-10.247755
46.725905	-10.252905
46.735887	-10.258056
46.745869	-10.263208
46.755851	-10.268362
46.765833	-10.273517
46.775815	-10.278673
46.785797	-10.283831
46.795779	-10.28899
46.805761	-10.29415
46.815743	-10.299311
46.825725	-10.304474
46.835707	-10.309638
46.845689	-10.314803
46.855671	-10.319969
46.865653	-10.325137
46.875635	-10.330306
46.885617	-10.335476
46.895599	-10.340648
46.905581	-10.34582
46.915563	-10.350994
46.925545	-10.35617
46.935527	-10.361346
46.945509	-10.366524
46.955491	-10.371703
46.965473	-10.376884
46.975455	-10.382065
46.985437	-10.387248
46.995419	-10.392433
47.005401	-10.397618
47.015383	-10.402805
47.025365	-10.407993
47.035347	-10.413182
47.045329	-10.418373
47.055311	-10.423565
47.065293	-10.428758
47.075275	-10.433952
47.085257	-10.439148
47.095239	-10.444345
47.105221	-10.449543
47.115203	-10.454742
47.125185	-10.459943
47.135167	-10.465145
47.145149	-10.470348
47.155131	-10.475553
47.165113	-10.480759
47.175095	-10.485966
47.185077	-10.491174
47.195059	-10.496384
47.205041	-10.501595
47.215023	-10.506807
47.225005	-10.512021
47.234987	-10.517235
47.244969	-10.522451
47.254951	-10.527669
47.264933	-10.532887
47.274915	-10.538107
47.284897	-10.543328
47.294879	-10.548551
47.304861	-10.553774
47.314843	-10.558999
47.324825	-10.564225
47.334807	-10.569453
47.344789	-10.574681
47.354771	-10.579911
47.364753	-10.585143
47.374735	-10.590375
47.384717	-10.595609
47.394699	-10.600844
47.404681	-10.606081
47.414663	-10.611318
47.424645	-10.616557
47.434627	-10.621797
47.444609	-10.627039
47.454591	-10.632282
47.464573	-10.637526
47.474555	-10.642771
47.484537	-10.648017
47.494519	-10.653265
47.504501	-10.658514
47.514483	-10.663765
47.524465	-10.669016
47.534447	-10.674269
47.544429	-10.679524
47.554411	-10.684779
47.564393	-10.690036
47.574375	-10.695294
47.584357	-10.700553
47.594339	-10.705814
47.604321	-10.711076
47.614303	-10.716339
47.624285	-10.721603
47.634267	-10.726869
47.644249	-10.732136
47.654231	-10.737404
47.664213	-10.742673
47.674195	-10.747944
47.684177	-10.753216
47.694159	-10.758489
47.704141	-10.763764
47.714123	-10.76904
47.724105	-10.774317
47.734087	-10.779595
47.744069	-10.784875
47.754051	-10.790156
47.764033	-10.795438
47.774015	-10.800722
47.783997	-10.806007
47.793979	-10.811293
47.803961	-10.81658
47.813943	-10.821869
47.823925	-10.827159
47.833907	-10.83245
47.843889	-10.837742
47.853871	-10.843036
47.863853	-10.848331
47.873835	-10.853627
47.883817	-10.858925
47.893799	-10.864224
47.903781	-10.869524
47.913763	-10.874825
47.923745	-10.880128
47.933727	-10.885432
47.943709	-10.890737
47.953691	-10.896043
47.963673	-10.901351
47.973655	-10.90666
47.983637	-10.91197
47.993619	-10.917282
48.003601	-10.922595
48.013583	-10.927909
48.023565	-10.933225
48.033547	-10.938541
48.043529	-10.943859
48.053511	-10.949178
48.063493	-10.954499
48.073475	-10.959821
48.083457	-10.965144
48.093439	-10.970468
48.103421	-10.975794
48.113403	-10.981121
48.123385	-10.986449
48.133367	-10.991779
48.143349	-10.997109
48.153331	-11.002441
48.163313	-11.007775
48.173295	-11.013109
48.183277	-11.018445
48.193259	-11.023782
48.203241	-11.029121
48.213223	-11.03446
48.223205	-11.039801
48.233187	-11.045144
48.243169	-11.050487
48.253151	-11.055832
48.263133	-11.061178
48.273115	-11.066526
48.283097	-11.071874
48.293079	-11.077224
48.303061	-11.082576
48.313043	-11.087928
48.323025	-11.093282
48.333007	-11.098637
48.342989	-11.103993
48.352971	-11.109351
48.362953	-11.11471
48.372935	-11.12007
48.382917	-11.125431
48.392899	-11.130794
48.402881	-11.136158
48.412863	-11.141524
48.422845	-11.14689
48.432827	-11.152258
48.442809	-11.157627
48.452791	-11.162998
48.462773	-11.168369
48.472755	-11.173742
48.482737	-11.179117
48.492719	-11.184492
48.502701	-11.189869
48.512683	-11.195247
48.522665	-11.200627
48.532647	-11.206008
48.542629	-11.211389
48.552611	-11.216773
48.562593	-11.222157
48.572575	-11.227543
48.582557	-11.23293
48.592539	-11.238319
48.602521	-11.243708
48.612503	-11.249099
48.622484	-11.254492
48.632466	-11.259885
48.642448	-11.26528
48.65243	-11.270676
48.662412	-11.276074
48.672394	-11.281472
48.682376	-11.286872
48.692358	-11.292273
48.70234	-11.297676
48.712322	-11.30308
48.722304	-11.308485
48.732286	-11.313891
48.742268	-11.319299
48.75225	-11.324708
48.762232	-11.330118
48.772214	-11.33553
48.782196	-11.340943
48.792178	-11.346357
48.80216	-11.351772
48.812142	-11.357189
48.822124	-11.362607
48.832106	-11.368026
48.842088	-11.373446
48.85207	-11.378868
48.862052	-11.384291
48.872034	-11.389716
48.882016	-11.395141
48.891998	-11.400568
48.90198	-11.405997
48.911962	-11.411426
48.921944	-11.416857
48.931926	-11.422289
48.941908	-11.427723
48.95189	-11.433157
48.961872	-11.438593
48.971854	-11.444031
48.981836	-11.449469
48.991818	-11.454909
49.0018	-11.46035
49.011782	-11.465793
49.021764	-11.471236
49.031746	-11.476681
49.041728	-11.482128
49.05171	-11.487575
49.061692	-11.493024
49.071674	-11.498474
49.081656	-11.503926
49.091638	-11.509379
49.10162	-11.514833
49.111602	-11.520288
49.121584	-11.525745
49.131566	-11.531203
49.141548	-11.536662
49.15153	-11.542122
49.161512	-11.547584
49.171494	-11.553047
49.181476	-11.558512
49.191458	-11.563977
49.20144	-11.569444
49.211422	-11.574912
49.221404	-11.580382
49.231386	-11.585853
49.241368	-11.591325
49.25135	-11.596798
49.261332	-11.602273
49.271314	-11.607749
49.281296	-11.613226
49.291278	-11.618705
49.30126	-11.624185
49.311242	-11.629666
49.321224	-11.635149
49.331206	-11.640632
49.341188	-11.646117
49.35117	-11.651604
49.361152	-11.657091
49.371134	-11.66258
49.381116	-11.668071
49.391098	-11.673562
49.40108	-11.679055
49.411062	-11.684549
49.421044	-11.690045
49.431026	-11.695541
49.441008	-11.701039
49.45099	-11.706539
49.460972	-11.712039
49.470954	-11.717541
49.480936	-11.723044
49.490918	-11.728549
49.5009	-11.734055
49.510882	-11.739562
49.520864	-11.74507
49.530846	-11.75058
49.540828	-11.756091
49.55081	-11.761603
49.560792	-11.767117
49.570774	-11.772632
49.580756	-11.778148
49.590738	-11.783666
49.60072	-11.789184
49.610702	-11.794704
49.620684	-11.800226
49.630666	-11.805749
49.640648	-11.811273
49.65063	-11.816798
49.660612	-11.822324
49.670594	-11.827852
49.680576	-11.833381
49.690558	-11.838912
49.70054	-11.844444
49.710522	-11.849977
49.720504	-11.855511
49.730486	-11.861047
49.740468	-11.866584
49.75045	-11.872122
49.760432	-11.877662
49.770414	-11.883203
49.780396	-11.888745
49.790378	-11.894289
49.80036	-11.899833
49.810342	-11.905379
49.820324	-11.910927
49.830306	-11.916476
49.840288	-11.922026
49.85027	-11.927577
49.860252	-11.93313
49.870234	-11.938684
49.880216	-11.944239
49.890198	-11.949795
49.90018	-11.955353
49.910162	-11.960912
49.920144	-11.966473
49.930126	-11.972035
49.940108	-11.977598
49.95009	-11.983162
49.960072	-11.988728
49.970054	-11.994295
49.980036	-11.999863
49.990018	-12.005433
50	-12.011004
