Freq_GHz	Norm_dB
0.1	-2.7378776e-05
0.109982	-3.1971142e-05
0.11996399	-3.7000141e-05
0.12994599	-4.2465777e-05
0.13992799	-4.8368055e-05
0.14990998	-5.4706981e-05
0.15989198	-6.1482558e-05
0.16987397	-6.8694793e-05
0.17985597	-7.6343693e-05
0.18983797	-8.4429262e-05
0.19981996	-9.2951508e-05
0.20980196	-0.00010191044
0.21978396	-0.00011130606
0.22976595	-0.00012113838
0.23974795	-0.0001314074
0.24972995	-0.00014211315
0.25971194	-0.00015325561
0.26969394	-0.00016483481
0.27967594	-0.00017685076
0.28965793	-0.00018930345
0.29963993	-0.00020219292
0.30962192	-0.00021551915
0.31960392	-0.00022928217
0.32958592	-0.00024348198
0.33956791	-0.00025811861
0.34954991	-0.00027319205
0.35953191	-0.00028870233
0.3695139	-0.00030464945
0.3794959	-0.00032103343
0.3894779	-0.00033785429
0.39945989	-0.00035511203
0.40944189	-0.00037280666
0.41942388	-0.00039093822
0.42940588	-0.0004095067
0.43938788	-0.00042851213
0.44936987	-0.00044795453
0.45935187	-0.00046783389
0.46933387	-0.00048815026
0.47931586	-0.00050890363
0.48929786	-0.00053009403
0.49927986	-0.00055172147
0.50926185	-0.00057378598
0.51924385	-0.00059628757
0.52922585	-0.00061922626
0.53920784	-0.00064260206
0.54918984	-0.00066641501
0.55917183	-0.00069066511
0.56915383	-0.00071535239
0.57913583	-0.00074047687
0.58911782	-0.00076603857
0.59909982	-0.0007920375
0.60908182	-0.0008184737
0.61906381	-0.00084534718
0.62904581	-0.00087265797
0.63902781	-0.00090040609
0.6490098	-0.00092859155
0.6589918	-0.00095721439
0.66897379	-0.00098627463
0.67895579	-0.0010157723
0.68893779	-0.0010457074
0.69891978	-0.00107608
0.70890178	-0.00110689
0.71888378	-0.0011381376
0.72886577	-0.0011698228
0.73884777	-0.0012019455
0.74882977	-0.0012345058
0.75881176	-0.0012675038
0.76879376	-0.0013009394
0.77877576	-0.0013348126
0.78875775	-0.0013691236
0.79873975	-0.0014038724
0.80872174	-0.0014390588
0.81870374	-0.0014746831
0.82868574	-0.0015107453
0.83866773	-0.0015472452
0.84864973	-0.0015841831
0.85863173	-0.0016215589
0.86861372	-0.0016593726
0.87859572	-0.0016976243
0.88857772	-0.001736314
0.89855971	-0.0017754417
0.90854171	-0.0018150075
0.9185237	-0.0018550115
0.9285057	-0.0018954535
0.9384877	-0.0019363338
0.94846969	-0.0019776522
0.95845169	-0.0020194089
0.96843369	-0.0020616039
0.97841568	-0.0021042372
0.98839768	-0.0021473088
0.99837968	-0.0021908188
1.0083617	-0.0022347672
1.0183437	-0.0022791541
1.0283257	-0.0023239794
1.0383077	-0.0023692433
1.0482897	-0.0024149458
1.0582717	-0.0024610868
1.0682537	-0.0025076665
1.0782356	-0.0025546849
1.0882176	-0.002602142
1.0981996	-0.0026500379
1.1081816	-0.0026983725
1.1181636	-0.002747146
1.1281456	-0.0027963584
1.1381276	-0.0028460096
1.1481096	-0.0028960999
1.1580916	-0.0029466291
1.1680736	-0.0029975974
1.1780556	-0.0030490048
1.1880376	-0.0031008512
1.1980196	-0.0031531369
1.2080016	-0.0032058618
1.2179836	-0.0032590259
1.2279656	-0.0033126293
1.2379476	-0.0033666721
1.2479296	-0.0034211543
1.2579116	-0.0034760759
1.2678936	-0.0035314369
1.2778756	-0.0035872375
1.2878576	-0.0036434777
1.2978396	-0.0037001575
1.3078216	-0.0037572769
1.3178036	-0.0038148361
1.3277856	-0.003872835
1.3377676	-0.0039312737
1.3477495	-0.0039901523
1.3577315	-0.0040494708
1.3677135	-0.0041092292
1.3776955	-0.0041694277
1.3876775	-0.0042300662
1.3976595	-0.0042911448
1.4076415	-0.0043526635
1.4176235	-0.0044146225
1.4276055	-0.0044770217
1.4375875	-0.0045398612
1.4475695	-0.004603141
1.4575515	-0.0046668613
1.4675335	-0.0047310221
1.4775155	-0.0047956233
1.4874975	-0.0048606652
1.4974795	-0.0049261476
1.5074615	-0.0049920707
1.5174435	-0.0050584346
1.5274255	-0.0051252392
1.5374075	-0.0051924847
1.5473895	-0.0052601711
1.5573715	-0.0053282985
1.5673535	-0.0053968668
1.5773355	-0.0054658762
1.5873175	-0.0055353268
1.5972995	-0.0056052185
1.6072815	-0.0056755514
1.6172635	-0.0057463257
1.6272454	-0.0058175413
1.6372274	-0.0058891983
1.6472094	-0.0059612968
1.6571914	-0.0060338368
1.6671734	-0.0061068185
1.6771554	-0.0061802417
1.6871374	-0.0062541067
1.6971194	-0.0063284135
1.7071014	-0.0064031621
1.7170834	-0.0064783526
1.7270654	-0.006553985
1.7370474	-0.0066300595
1.7470294	-0.006706576
1.7570114	-0.0067835348
1.7669934	-0.0068609357
1.7769754	-0.0069387789
1.7869574	-0.0070170644
1.7969394	-0.0070957924
1.8069214	-0.0071749628
1.8169034	-0.0072545757
1.8268854	-0.0073346313
1.8368674	-0.0074151295
1.8468494	-0.0074960704
1.8568314	-0.0075774542
1.8668134	-0.0076592808
1.8767954	-0.0077415503
1.8867774	-0.0078242629
1.8967594	-0.0079074185
1.9067413	-0.0079910173
1.9167233	-0.0080750593
1.9267053	-0.0081595445
1.9366873	-0.0082444731
1.9466693	-0.0083298451
1.9566513	-0.0084156607
1.9666333	-0.0085019197
1.9766153	-0.0085886224
1.9865973	-0.0086757688
1.9965793	-0.008763359
2.0065613	-0.0088513931
2.0165433	-0.008939871
2.0265253	-0.0090287929
2.0365073	-0.009118159
2.0464893	-0.0092079691
2.0564713	-0.0092982235
2.0664533	-0.0093889221
2.0764353	-0.0094800652
2.0864173	-0.0095716526
2.0963993	-0.0096636846
2.1063813	-0.0097561612
2.1163633	-0.0098490824
2.1263453	-0.0099424484
2.1363273	-0.010036259
2.1463093	-0.010130515
2.1562913	-0.010225216
2.1662733	-0.010320361
2.1762553	-0.010415952
2.1862372	-0.010511988
2.1962192	-0.01060847
2.2062012	-0.010705396
2.2161832	-0.010802769
2.2261652	-0.010900586
2.2361472	-0.01099885
2.2461292	-0.011097559
2.2561112	-0.011196713
2.2660932	-0.011296314
2.2760752	-0.011396361
2.2860572	-0.011496853
2.2960392	-0.011597792
2.3060212	-0.011699177
2.3160032	-0.011801008
2.3259852	-0.011903286
2.3359672	-0.01200601
2.3459492	-0.01210918
2.3559312	-0.012212797
2.3659132	-0.012316861
2.3758952	-0.012421372
2.3858772	-0.012526329
2.3958592	-0.012631734
2.4058412	-0.012737585
2.4158232	-0.012843884
2.4258052	-0.01295063
2.4357872	-0.013057823
2.4457692	-0.013165464
2.4557512	-0.013273552
2.4657331	-0.013382087
2.4757151	-0.01349107
2.4856971	-0.013600501
2.4956791	-0.01371038
2.5056611	-0.013820707
2.5156431	-0.013931482
2.5256251	-0.014042705
2.5356071	-0.014154376
2.5455891	-0.014266495
2.5555711	-0.014379063
2.5655531	-0.01449208
2.5755351	-0.014605544
2.5855171	-0.014719458
2.5954991	-0.01483382
2.6054811	-0.014948632
2.6154631	-0.015063892
2.6254451	-0.015179601
2.6354271	-0.015295759
2.6454091	-0.015412367
2.6553911	-0.015529424
2.6653731	-0.01564693
2.6753551	-0.015764886
2.6853371	-0.015883292
2.6953191	-0.016002147
2.7053011	-0.016121452
2.7152831	-0.016241207
2.7252651	-0.016361412
2.735247	-0.016482068
2.745229	-0.016603173
2.755211	-0.016724729
2.765193	-0.016846735
2.775175	-0.016969192
2.785157	-0.017092099
2.795139	-0.017215457
2.805121	-0.017339266
2.815103	-0.017463526
2.825085	-0.017588236
2.835067	-0.017713398
2.845049	-0.017839012
2.855031	-0.017965076
2.865013	-0.018091592
2.874995	-0.01821856
2.884977	-0.018345979
2.894959	-0.01847385
2.904941	-0.018602173
2.914923	-0.018730948
2.924905	-0.018860175
2.934887	-0.018989854
2.944869	-0.019119985
2.954851	-0.019250569
2.964833	-0.019381605
2.974815	-0.019513094
2.984797	-0.019645036
2.994779	-0.01977743
3.004761	-0.019910278
3.0147429	-0.020043578
3.0247249	-0.020177332
3.0347069	-0.020311539
3.0446889	-0.020446199
3.0546709	-0.020581313
3.0646529	-0.02071688
3.0746349	-0.020852902
3.0846169	-0.020989377
3.0945989	-0.021126306
3.1045809	-0.021263689
3.1145629	-0.021401526
3.1245449	-0.021539817
3.1345269	-0.021678563
3.1445089	-0.021817763
3.1544909	-0.021957418
3.1644729	-0.022097528
3.1744549	-0.022238093
3.1844369	-0.022379112
3.1944189	-0.022520587
3.2044009	-0.022662517
3.2143829	-0.022804902
3.2243649	-0.022947743
3.2343469	-0.023091039
3.2443289	-0.023234791
3.2543109	-0.023378999
3.2642929	-0.023523662
3.2742749	-0.023668782
3.2842569	-0.023814358
3.2942388	-0.02396039
3.3042208	-0.024106879
3.3142028	-0.024253824
3.3241848	-0.024401225
3.3341668	-0.024549084
3.3441488	-0.024697399
3.3541308	-0.024846171
3.3641128	-0.024995401
3.3740948	-0.025145088
3.3840768	-0.025295232
3.3940588	-0.025445833
3.4040408	-0.025596893
3.4140228	-0.02574841
3.4240048	-0.025900384
3.4339868	-0.026052817
3.4439688	-0.026205708
3.4539508	-0.026359058
3.4639328	-0.026512865
3.4739148	-0.026667131
3.4838968	-0.026821856
3.4938788	-0.02697704
3.5038608	-0.027132682
3.5138428	-0.027288783
3.5238248	-0.027445344
3.5338068	-0.027602364
3.5437888	-0.027759843
3.5537708	-0.027917782
3.5637528	-0.028076181
3.5737347	-0.028235039
3.5837167	-0.028394357
3.5936987	-0.028554135
3.6036807	-0.028714374
3.6136627	-0.028875073
3.6236447	-0.029036232
3.6336267	-0.029197852
3.6436087	-0.029359932
3.6535907	-0.029522474
3.6635727	-0.029685476
3.6735547	-0.02984894
3.6835367	-0.030012864
3.6935187	-0.030177251
3.7035007	-0.030342098
3.7134827	-0.030507408
3.7234647	-0.030673179
3.7334467	-0.030839412
3.7434287	-0.031006107
3.7534107	-0.031173265
3.7633927	-0.031340885
3.7733747	-0.031508967
3.7833567	-0.031677512
3.7933387	-0.031846519
3.8033207	-0.03201599
3.8133027	-0.032185924
3.8232847	-0.032356321
3.8332667	-0.032527181
3.8432486	-0.032698504
3.8532306	-0.032870292
3.8632126	-0.033042543
3.8731946	-0.033215258
3.8831766	-0.033388437
3.8931586	-0.03356208
3.9031406	-0.033736187
3.9131226	-0.033910759
3.9231046	-0.034085796
3.9330866	-0.034261297
3.9430686	-0.034437263
3.9530506	-0.034613694
3.9630326	-0.034790591
3.9730146	-0.034967953
3.9829966	-0.03514578
3.9929786	-0.035324073
4.0029606	-0.035502832
4.0129426	-0.035682056
4.0229246	-0.035861747
4.0329066	-0.036041904
4.0428886	-0.036222527
4.0528706	-0.036403617
4.0628526	-0.036585173
4.0728346	-0.036767197
4.0828166	-0.036949687
4.0927986	-0.037132644
4.1027806	-0.037316069
4.1127626	-0.037499961
4.1227445	-0.037684321
4.1327265	-0.037869148
4.1427085	-0.038054444
4.1526905	-0.038240207
4.1626725	-0.038426438
4.1726545	-0.038613138
4.1826365	-0.038800307
4.1926185	-0.038987944
4.2026005	-0.039176049
4.2125825	-0.039364624
4.2225645	-0.039553668
4.2325465	-0.039743181
4.2425285	-0.039933164
4.2525105	-0.040123616
4.2624925	-0.040314538
4.2724745	-0.040505929
4.2824565	-0.040697791
4.2924385	-0.040890123
4.3024205	-0.041082926
4.3124025	-0.041276199
4.3223845	-0.041469942
4.3323665	-0.041664157
4.3423485	-0.041858842
4.3523305	-0.042053999
4.3623125	-0.042249627
4.3722945	-0.042445726
4.3822765	-0.042642298
4.3922585	-0.04283934
4.4022404	-0.043036855
4.4122224	-0.043234842
4.4222044	-0.043433302
4.4321864	-0.043632234
4.4421684	-0.043831638
4.4521504	-0.044031516
4.4621324	-0.044231866
4.4721144	-0.044432689
4.4820964	-0.044633986
4.4920784	-0.044835756
4.5020604	-0.045038
4.5120424	-0.045240717
4.5220244	-0.045443909
4.5320064	-0.045647574
4.5419884	-0.045851714
4.5519704	-0.046056329
4.5619524	-0.046261418
4.5719344	-0.046466981
4.5819164	-0.04667302
4.5918984	-0.046879534
4.6018804	-0.047086523
4.6118624	-0.047293988
4.6218444	-0.047501929
4.6318264	-0.047710345
4.6418084	-0.047919237
4.6517904	-0.048128605
4.6617724	-0.04833845
4.6717544	-0.048548771
4.6817363	-0.048759569
4.6917183	-0.048970844
4.7017003	-0.049182596
4.7116823	-0.049394825
4.7216643	-0.049607531
4.7316463	-0.049820715
4.7416283	-0.050034377
4.7516103	-0.050248516
4.7615923	-0.050463134
4.7715743	-0.05067823
4.7815563	-0.050893804
4.7915383	-0.051109857
4.8015203	-0.051326389
4.8115023	-0.0515434
4.8214843	-0.051760889
4.8314663	-0.051978859
4.8414483	-0.052197307
4.8514303	-0.052416236
4.8614123	-0.052635644
4.8713943	-0.052855533
4.8813763	-0.053075901
4.8913583	-0.05329675
4.9013403	-0.05351808
4.9113223	-0.05373989
4.9213043	-0.053962182
4.9312863	-0.054184954
4.9412683	-0.054408208
4.9512503	-0.054631943
4.9612322	-0.05485616
4.9712142	-0.055080859
4.9811962	-0.05530604
4.9911782	-0.055531703
5.0011602	-0.055757849
5.0111422	-0.055984477
5.0211242	-0.056211588
5.0311062	-0.056439183
5.0410882	-0.05666726
5.0510702	-0.056895821
5.0610522	-0.057124865
5.0710342	-0.057354393
5.0810162	-0.057584405
5.0909982	-0.057814901
5.1009802	-0.058045881
5.1109622	-0.058277346
5.1209442	-0.058509296
5.1309262	-0.05874173
5.1409082	-0.05897465
5.1508902	-0.059208054
5.1608722	-0.059441945
5.1708542	-0.059676321
5.1808362	-0.059911182
5.1908182	-0.06014653
5.2008002	-0.060382364
5.2107822	-0.060618685
5.2207642	-0.060855492
5.2307461	-0.061092786
5.2407281	-0.061330567
5.2507101	-0.061568835
5.2606921	-0.061807591
5.2706741	-0.062046834
5.2806561	-0.062286565
5.2906381	-0.062526784
5.3006201	-0.062767491
5.3106021	-0.063008686
5.3205841	-0.063250371
5.3305661	-0.063492543
5.3405481	-0.063735205
5.3505301	-0.063978357
5.3605121	-0.064221997
5.3704941	-0.064466127
5.3804761	-0.064710747
5.3904581	-0.064955857
5.4004401	-0.065201457
5.4104221	-0.065447548
5.4204041	-0.065694129
5.4303861	-0.065941201
5.4403681	-0.066188763
5.4503501	-0.066436817
5.4603321	-0.066685363
5.4703141	-0.0669344
5.4802961	-0.067183929
5.4902781	-0.06743395
5.5002601	-0.067684463
5.510242	-0.067935469
5.520224	-0.068186967
5.530206	-0.068438958
5.540188	-0.068691442
5.55017	-0.06894442
5.560152	-0.069197891
5.570134	-0.069451855
5.580116	-0.069706314
5.590098	-0.069961266
5.60008	-0.070216713
5.610062	-0.070472655
5.620044	-0.070729091
5.630026	-0.070986022
5.640008	-0.071243448
5.64999	-0.07150137
5.659972	-0.071759787
5.669954	-0.0720187
5.679936	-0.072278109
5.689918	-0.072538014
5.6999	-0.072798416
5.709882	-0.073059314
5.719864	-0.073320709
5.729846	-0.073582601
5.739828	-0.073844991
5.74981	-0.074107878
5.759792	-0.074371262
5.769774	-0.074635145
5.779756	-0.074899526
5.7897379	-0.075164405
5.7997199	-0.075429782
5.8097019	-0.075695659
5.8196839	-0.075962034
5.8296659	-0.076228909
5.8396479	-0.076496283
5.8496299	-0.076764157
5.8596119	-0.077032531
5.8695939	-0.077301405
5.8795759	-0.077570779
5.8895579	-0.077840654
5.8995399	-0.07811103
5.9095219	-0.078381906
5.9195039	-0.078653284
5.9294859	-0.078925163
5.9394679	-0.079197544
5.9494499	-0.079470427
5.9594319	-0.079743812
5.9694139	-0.080017699
5.9793959	-0.080292089
5.9893779	-0.080566982
5.9993599	-0.080842377
6.0093419	-0.081118276
6.0193239	-0.081394679
6.0293059	-0.081671585
6.0392879	-0.081948995
6.0492699	-0.082226909
6.0592519	-0.082505327
6.0692338	-0.08278425
6.0792158	-0.083063678
6.0891978	-0.083343611
6.0991798	-0.08362405
6.1091618	-0.083904993
6.1191438	-0.084186443
6.1291258	-0.084468399
6.1391078	-0.08475086
6.1490898	-0.085033829
6.1590718	-0.085317304
6.1690538	-0.085601286
6.1790358	-0.085885775
6.1890178	-0.086170771
6.1989998	-0.086456275
6.2089818	-0.086742287
6.2189638	-0.087028807
6.2289458	-0.087315835
6.2389278	-0.087603372
6.2489098	-0.087891417
6.2588918	-0.088179972
6.2688738	-0.088469036
6.2788558	-0.088758609
6.2888378	-0.089048692
6.2988198	-0.089339285
6.3088018	-0.089630388
6.3187838	-0.089922002
6.3287658	-0.090214127
6.3387477	-0.090506762
6.3487297	-0.090799908
6.3587117	-0.091093566
6.3686937	-0.091387736
6.3786757	-0.091682417
6.3886577	-0.091977611
6.3986397	-0.092273317
6.4086217	-0.092569535
6.4186037	-0.092866267
6.4285857	-0.093163511
6.4385677	-0.093461269
6.4485497	-0.09375954
6.4585317	-0.094058326
6.4685137	-0.094357625
6.4784957	-0.094657439
6.4884777	-0.094957767
6.4984597	-0.09525861
6.5084417	-0.095559968
6.5184237	-0.095861841
6.5284057	-0.09616423
6.5383877	-0.096467135
6.5483697	-0.096770556
6.5583517	-0.097074493
6.5683337	-0.097378946
6.5783157	-0.097683917
6.5882977	-0.097989404
6.5982797	-0.098295409
6.6082617	-0.098601931
6.6182436	-0.098908971
6.6282256	-0.099216529
6.6382076	-0.099524606
6.6481896	-0.099833201
6.6581716	-0.10014231
6.6681536	-0.10045195
6.6781356	-0.1007621
6.6881176	-0.10107277
6.6980996	-0.10138396
6.7080816	-0.10169567
6.7180636	-0.10200791
6.7280456	-0.10232066
6.7380276	-0.10263393
6.7480096	-0.10294773
6.7579916	-0.10326204
6.7679736	-0.10357688
6.7779556	-0.10389224
6.7879376	-0.10420812
6.7979196	-0.10452452
6.8079016	-0.10484145
6.8178836	-0.1051589
6.8278656	-0.10547687
6.8378476	-0.10579537
6.8478296	-0.10611439
6.8578116	-0.10643393
6.8677936	-0.106754
6.8777756	-0.10707459
6.8877576	-0.1073957
6.8977395	-0.10771735
6.9077215	-0.10803951
6.9177035	-0.10836221
6.9276855	-0.10868542
6.9376675	-0.10900917
6.9476495	-0.10933344
6.9576315	-0.10965823
6.9676135	-0.10998356
6.9775955	-0.11030941
6.9875775	-0.11063579
6.9975595	-0.11096269
7.0075415	-0.11129013
7.0175235	-0.11161809
7.0275055	-0.11194658
7.0374875	-0.1122756
7.0474695	-0.11260515
7.0574515	-0.11293522
7.0674335	-0.11326583
7.0774155	-0.11359697
7.0873975	-0.11392863
7.0973795	-0.11426083
7.1073615	-0.11459356
7.1173435	-0.11492682
7.1273255	-0.11526061
7.1373075	-0.11559493
7.1472895	-0.11592978
7.1572715	-0.11626516
7.1672535	-0.11660108
7.1772354	-0.11693753
7.1872174	-0.11727451
7.1971994	-0.11761202
7.2071814	-0.11795007
7.2171634	-0.11828865
7.2271454	-0.11862777
7.2371274	-0.11896742
7.2471094	-0.1193076
7.2570914	-0.11964832
7.2670734	-0.11998958
7.2770554	-0.12033136
7.2870374	-0.12067369
7.2970194	-0.12101655
7.3070014	-0.12135995
7.3169834	-0.12170388
7.3269654	-0.12204835
7.3369474	-0.12239335
7.3469294	-0.1227389
7.3569114	-0.12308498
7.3668934	-0.1234316
7.3768754	-0.12377875
7.3868574	-0.12412645
7.3968394	-0.12447468
7.4068214	-0.12482346
7.4168034	-0.12517277
7.4267854	-0.12552262
7.4367674	-0.12587301
7.4467493	-0.12622394
7.4567313	-0.12657541
7.4667133	-0.12692742
7.4766953	-0.12727998
7.4866773	-0.12763307
7.4966593	-0.1279867
7.5066413	-0.12834088
7.5166233	-0.1286956
7.5266053	-0.12905086
7.5365873	-0.12940667
7.5465693	-0.12976301
7.5565513	-0.1301199
7.5665333	-0.13047734
7.5765153	-0.13083531
7.5864973	-0.13119384
7.5964793	-0.1315529
7.6064613	-0.13191251
7.6164433	-0.13227267
7.6264253	-0.13263337
7.6364073	-0.13299461
7.6463893	-0.13335641
7.6563713	-0.13371874
7.6663533	-0.13408163
7.6763353	-0.13444506
7.6863173	-0.13480904
7.6962993	-0.13517356
7.7062813	-0.13553864
7.7162633	-0.13590426
7.7262452	-0.13627042
7.7362272	-0.13663714
7.7462092	-0.13700441
7.7561912	-0.13737222
7.7661732	-0.13774059
7.7761552	-0.1381095
7.7861372	-0.13847897
7.7961192	-0.13884898
7.8061012	-0.13921955
7.8160832	-0.13959066
7.8260652	-0.13996233
7.8360472	-0.14033455
7.8460292	-0.14070732
7.8560112	-0.14108064
7.8659932	-0.14145451
7.8759752	-0.14182894
7.8859572	-0.14220392
7.8959392	-0.14257946
7.9059212	-0.14295554
7.9159032	-0.14333218
7.9258852	-0.14370938
7.9358672	-0.14408713
7.9458492	-0.14446543
7.9558312	-0.14484429
7.9658132	-0.14522371
7.9757952	-0.14560368
7.9857772	-0.1459842
7.9957592	-0.14636529
8.0057411	-0.14674693
8.0157231	-0.14712912
8.0257051	-0.14751188
8.0356871	-0.14789519
8.0456691	-0.14827906
8.0556511	-0.14866349
8.0656331	-0.14904847
8.0756151	-0.14943402
8.0855971	-0.14982012
8.0955791	-0.15020678
8.1055611	-0.15059401
8.1155431	-0.15098179
8.1255251	-0.15137013
8.1355071	-0.15175904
8.1454891	-0.1521485
8.1554711	-0.15253853
8.1654531	-0.15292912
8.1754351	-0.15332027
8.1854171	-0.15371198
8.1953991	-0.15410425
8.2053811	-0.15449709
8.2153631	-0.15489049
8.2253451	-0.15528446
8.2353271	-0.15567899
8.2453091	-0.15607408
8.2552911	-0.15646973
8.2652731	-0.15686596
8.2752551	-0.15726274
8.285237	-0.15766009
8.295219	-0.15805801
8.305201	-0.1584565
8.315183	-0.15885555
8.325165	-0.15925516
8.335147	-0.15965535
8.345129	-0.1600561
8.355111	-0.16045742
8.365093	-0.16085931
8.375075	-0.16126176
8.385057	-0.16166479
8.395039	-0.16206838
8.405021	-0.16247254
8.415003	-0.16287727
8.424985	-0.16328258
8.434967	-0.16368845
8.444949	-0.16409489
8.454931	-0.16450191
8.464913	-0.16490949
8.474895	-0.16531765
8.484877	-0.16572638
8.494859	-0.16613568
8.504841	-0.16654555
8.514823	-0.166956
8.524805	-0.16736702
8.534787	-0.16777861
8.544769	-0.16819078
8.554751	-0.16860352
8.5647329	-0.16901683
8.5747149	-0.16943072
8.5846969	-0.16984519
8.5946789	-0.17026023
8.6046609	-0.17067585
8.6146429	-0.17109204
8.6246249	-0.17150881
8.6346069	-0.17192616
8.6445889	-0.17234408
8.6545709	-0.17276259
8.6645529	-0.17318167
8.6745349	-0.17360132
8.6845169	-0.17402156
8.6944989	-0.17444237
8.7044809	-0.17486377
8.7144629	-0.17528574
8.7244449	-0.1757083
8.7344269	-0.17613143
8.7444089	-0.17655515
8.7543909	-0.17697944
8.7643729	-0.17740432
8.7743549	-0.17782978
8.7843369	-0.17825582
8.7943189	-0.17868244
8.8043009	-0.17910965
8.8142829	-0.17953744
8.8242649	-0.17996581
8.8342468	-0.18039476
8.8442288	-0.1808243
8.8542108	-0.18125443
8.8641928	-0.18168514
8.8741748	-0.18211643
8.8841568	-0.18254831
8.8941388	-0.18298077
8.9041208	-0.18341383
8.9141028	-0.18384746
8.9240848	-0.18428169
8.9340668	-0.1847165
8.9440488	-0.1851519
8.9540308	-0.18558788
8.9640128	-0.18602446
8.9739948	-0.18646162
8.9839768	-0.18689937
8.9939588	-0.18733771
9.0039408	-0.18777664
9.0139228	-0.18821617
9.0239048	-0.18865628
9.0338868	-0.18909698
9.0438688	-0.18953827
9.0538508	-0.18998015
9.0638328	-0.19042263
9.0738148	-0.1908657
9.0837968	-0.19130936
9.0937788	-0.19175361
9.1037608	-0.19219845
9.1137427	-0.19264389
9.1237247	-0.19308993
9.1337067	-0.19353655
9.1436887	-0.19398377
9.1536707	-0.19443159
9.1636527	-0.19488
9.1736347	-0.19532901
9.1836167	-0.19577861
9.1935987	-0.19622881
9.2035807	-0.19667961
9.2135627	-0.197131
9.2235447	-0.19758299
9.2335267	-0.19803558
9.2435087	-0.19848877
9.2534907	-0.19894255
9.2634727	-0.19939693
9.2734547	-0.19985192
9.2834367	-0.2003075
9.2934187	-0.20076368
9.3034007	-0.20122046
9.3133827	-0.20167784
9.3233647	-0.20213583
9.3333467	-0.20259441
9.3433287	-0.2030536
9.3533107	-0.20351339
9.3632927	-0.20397378
9.3732747	-0.20443477
9.3832567	-0.20489637
9.3932386	-0.20535857
9.4032206	-0.20582138
9.4132026	-0.20628479
9.4231846	-0.2067488
9.4331666	-0.20721342
9.4431486	-0.20767864
9.4531306	-0.20814447
9.4631126	-0.20861091
9.4730946	-0.20907795
9.4830766	-0.2095456
9.4930586	-0.21001385
9.5030406	-0.21048272
9.5130226	-0.21095219
9.5230046	-0.21142227
9.5329866	-0.21189296
9.5429686	-0.21236426
9.5529506	-0.21283616
9.5629326	-0.21330868
9.5729146	-0.21378181
9.5828966	-0.21425555
9.5928786	-0.2147299
9.6028606	-0.21520486
9.6128426	-0.21568043
9.6228246	-0.21615661
9.6328066	-0.21663341
9.6427886	-0.21711082
9.6527706	-0.21758884
9.6627526	-0.21806747
9.6727345	-0.21854672
9.6827165	-0.21902659
9.6926985	-0.21950707
9.7026805	-0.21998816
9.7126625	-0.22046987
9.7226445	-0.2209522
9.7326265	-0.22143514
9.7426085	-0.2219187
9.7525905	-0.22240287
9.7625725	-0.22288766
9.7725545	-0.22337307
9.7825365	-0.2238591
9.7925185	-0.22434575
9.8025005	-0.22483301
9.8124825	-0.2253209
9.8224645	-0.2258094
9.8324465	-0.22629853
9.8424285	-0.22678827
9.8524105	-0.22727864
9.8623925	-0.22776963
9.8723745	-0.22826124
9.8823565	-0.22875347
9.8923385	-0.22924632
9.9023205	-0.2297398
9.9123025	-0.2302339
9.9222845	-0.23072862
9.9322665	-0.23122397
9.9422484	-0.23171994
9.9522304	-0.23221653
9.9622124	-0.23271375
9.9721944	-0.2332116
9.9821764	-0.23371007
9.9921584	-0.23420917
10.00214	-0.23470889
10.012122	-0.23520925
10.022104	-0.23571023
10.032086	-0.23621183
10.042068	-0.23671407
10.05205	-0.23721693
10.062032	-0.23772043
10.072014	-0.23822455
10.081996	-0.2387293
10.091978	-0.23923468
10.10196	-0.2397407
10.111942	-0.24024734
10.121924	-0.24075462
10.131906	-0.24126252
10.141888	-0.24177106
10.15187	-0.24228023
10.161852	-0.24279004
10.171834	-0.24330048
10.181816	-0.24381155
10.191798	-0.24432326
10.20178	-0.2448356
10.211762	-0.24534857
10.221744	-0.24586218
10.231726	-0.24637643
10.241708	-0.24689131
10.25169	-0.24740683
10.261672	-0.24792299
10.271654	-0.24843979
10.281636	-0.24895722
10.291618	-0.24947529
10.3016	-0.249994
10.311582	-0.25051334
10.321564	-0.25103333
10.331546	-0.25155396
10.341528	-0.25207522
10.35151	-0.25259713
10.361492	-0.25311968
10.371474	-0.25364287
10.381456	-0.2541667
10.391438	-0.25469118
10.40142	-0.25521629
10.411402	-0.25574205
10.421384	-0.25626846
10.431366	-0.25679551
10.441348	-0.2573232
10.45133	-0.25785153
10.461312	-0.25838052
10.471294	-0.25891014
10.481276	-0.25944042
10.491258	-0.25997133
10.50124	-0.2605029
10.511222	-0.26103511
10.521204	-0.26156797
10.531186	-0.26210148
10.541168	-0.26263564
10.55115	-0.26317045
10.561132	-0.2637059
10.571114	-0.26424201
10.581096	-0.26477876
10.591078	-0.26531617
10.60106	-0.26585422
10.611042	-0.26639293
10.621024	-0.26693229
10.631006	-0.2674723
10.640988	-0.26801297
10.65097	-0.26855428
10.660952	-0.26909625
10.670934	-0.26963888
10.680916	-0.27018216
10.690898	-0.27072609
10.70088	-0.27127068
10.710862	-0.27181592
10.720844	-0.27236182
10.730826	-0.27290838
10.740808	-0.27345559
10.75079	-0.27400346
10.760772	-0.27455199
10.770754	-0.27510118
10.780736	-0.27565102
10.790718	-0.27620152
10.8007	-0.27675269
10.810682	-0.27730451
10.820664	-0.27785699
10.830646	-0.27841013
10.840628	-0.27896394
10.85061	-0.2795184
10.860592	-0.28007353
10.870574	-0.28062932
10.880556	-0.28118577
10.890538	-0.28174289
10.90052	-0.28230067
10.910502	-0.28285911
10.920484	-0.28341822
10.930466	-0.28397799
10.940448	-0.28453843
10.95043	-0.28509953
10.960412	-0.2856613
10.970394	-0.28622374
10.980376	-0.28678684
10.990358	-0.28735061
11.00034	-0.28791505
11.010322	-0.28848015
11.020304	-0.28904593
11.030286	-0.28961238
11.040268	-0.29017949
11.05025	-0.29074727
11.060232	-0.29131573
11.070214	-0.29188485
11.080196	-0.29245465
11.090178	-0.29302512
11.10016	-0.29359626
11.110142	-0.29416808
11.120124	-0.29474056
11.130106	-0.29531372
11.140088	-0.29588756
11.15007	-0.29646207
11.160052	-0.29703725
11.170034	-0.29761311
11.180016	-0.29818964
11.189998	-0.29876685
11.19998	-0.29934474
11.209962	-0.29992331
11.219944	-0.30050255
11.229926	-0.30108247
11.239908	-0.30166307
11.24989	-0.30224434
11.259872	-0.3028263
11.269854	-0.30340894
11.279836	-0.30399225
11.289818	-0.30457625
11.2998	-0.30516093
11.309782	-0.30574629
11.319764	-0.30633233
11.329746	-0.30691905
11.339728	-0.30750646
11.34971	-0.30809455
11.359692	-0.30868332
11.369674	-0.30927278
11.379656	-0.30986292
11.389638	-0.31045375
11.39962	-0.31104526
11.409602	-0.31163746
11.419584	-0.31223035
11.429566	-0.31282392
11.439548	-0.31341818
11.44953	-0.31401313
11.459512	-0.31460876
11.469494	-0.31520509
11.479476	-0.3158021
11.489458	-0.3163998
11.49944	-0.31699819
11.509422	-0.31759728
11.519404	-0.31819705
11.529386	-0.31879752
11.539368	-0.31939867
11.54935	-0.32000052
11.559332	-0.32060307
11.569314	-0.3212063
11.579296	-0.32181023
11.589278	-0.32241485
11.59926	-0.32302017
11.609242	-0.32362618
11.619224	-0.32423289
11.629206	-0.3248403
11.639188	-0.3254484
11.64917	-0.32605719
11.659152	-0.32666669
11.669134	-0.32727688
11.679116	-0.32788777
11.689098	-0.32849936
11.69908	-0.32911165
11.709062	-0.32972464
11.719044	-0.33033833
11.729026	-0.33095271
11.739008	-0.3315678
11.74899	-0.33218359
11.758972	-0.33280009
11.768954	-0.33341728
11.778936	-0.33403518
11.788918	-0.33465378
11.7989	-0.33527309
11.808882	-0.3358931
11.818864	-0.33651381
11.828846	-0.33713523
11.838828	-0.33775735
11.84881	-0.33838019
11.858792	-0.33900372
11.868774	-0.33962797
11.878756	-0.34025292
11.888738	-0.34087858
11.89872	-0.34150495
11.908702	-0.34213202
11.918684	-0.34275981
11.928666	-0.34338831
11.938648	-0.34401751
11.94863	-0.34464743
11.958612	-0.34527806
11.968594	-0.3459094
11.978576	-0.34654145
11.988558	-0.34717422
11.99854	-0.34780769
12.008522	-0.34844189
12.018504	-0.34907679
12.028486	-0.34971241
12.038468	-0.35034875
12.04845	-0.3509858
12.058432	-0.35162356
12.068414	-0.35226205
12.078396	-0.35290125
12.088378	-0.35354116
12.09836	-0.3541818
12.108342	-0.35482315
12.118324	-0.35546523
12.128306	-0.35610802
12.138288	-0.35675153
12.14827	-0.35739576
12.158252	-0.35804071
12.168234	-0.35868638
12.178216	-0.35933278
12.188198	-0.3599799
12.19818	-0.36062774
12.208162	-0.3612763
12.218144	-0.36192559
12.228126	-0.3625756
12.238108	-0.36322633
12.24809	-0.36387779
12.258072	-0.36452998
12.268054	-0.36518289
12.278036	-0.36583653
12.288018	-0.36649089
12.298	-0.36714598
12.307982	-0.3678018
12.317964	-0.36845835
12.327946	-0.36911563
12.337928	-0.36977364
12.34791	-0.37043237
12.357892	-0.37109184
12.367874	-0.37175204
12.377856	-0.37241297
12.387838	-0.37307463
12.39782	-0.37373702
12.407802	-0.37440015
12.417784	-0.375064
12.427766	-0.3757286
12.437748	-0.37639392
12.44773	-0.37705999
12.457712	-0.37772678
12.467694	-0.37839431
12.477676	-0.37906258
12.487658	-0.37973159
12.49764	-0.38040133
12.507622	-0.38107181
12.517604	-0.38174303
12.527586	-0.38241499
12.537568	-0.38308768
12.54755	-0.38376112
12.557532	-0.38443529
12.567514	-0.38511021
12.577495	-0.38578587
12.587477	-0.38646226
12.597459	-0.38713941
12.607441	-0.38781729
12.617423	-0.38849592
12.627405	-0.38917529
12.637387	-0.3898554
12.647369	-0.39053626
12.657351	-0.39121786
12.667333	-0.39190021
12.677315	-0.39258331
12.687297	-0.39326715
12.697279	-0.39395174
12.707261	-0.39463707
12.717243	-0.39532316
12.727225	-0.39600999
12.737207	-0.39669757
12.747189	-0.3973859
12.757171	-0.39807498
12.767153	-0.39876481
12.777135	-0.3994554
12.787117	-0.40014673
12.797099	-0.40083882
12.807081	-0.40153166
12.817063	-0.40222525
12.827045	-0.40291959
12.837027	-0.40361469
12.847009	-0.40431054
12.856991	-0.40500715
12.866973	-0.40570452
12.876955	-0.40640264
12.886937	-0.40710151
12.896919	-0.40780115
12.906901	-0.40850154
12.916883	-0.40920269
12.926865	-0.4099046
12.936847	-0.41060726
12.946829	-0.41131069
12.956811	-0.41201487
12.966793	-0.41271982
12.976775	-0.41342553
12.986757	-0.414132
12.996739	-0.41483923
13.006721	-0.41554722
13.016703	-0.41625598
13.026685	-0.4169655
13.036667	-0.41767579
13.046649	-0.41838684
13.056631	-0.41909865
13.066613	-0.41981123
13.076595	-0.42052458
13.086577	-0.42123869
13.096559	-0.42195357
13.106541	-0.42266922
13.116523	-0.42338564
13.126505	-0.42410282
13.136487	-0.42482078
13.146469	-0.4255395
13.156451	-0.42625899
13.166433	-0.42697926
13.176415	-0.42770029
13.186397	-0.4284221
13.196379	-0.42914468
13.206361	-0.42986803
13.216343	-0.43059216
13.226325	-0.43131706
13.236307	-0.43204273
13.246289	-0.43276918
13.256271	-0.43349641
13.266253	-0.43422441
13.276235	-0.43495319
13.286217	-0.43568274
13.296199	-0.43641307
13.306181	-0.43714418
13.316163	-0.43787607
13.326145	-0.43860873
13.336127	-0.43934218
13.346109	-0.44007641
13.356091	-0.44081141
13.366073	-0.4415472
13.376055	-0.44228377
13.386037	-0.44302112
13.396019	-0.44375926
13.406001	-0.44449817
13.415983	-0.44523787
13.425965	-0.44597836
13.435947	-0.44671963
13.445929	-0.44746168
13.455911	-0.44820453
13.465893	-0.44894815
13.475875	-0.44969257
13.485857	-0.45043777
13.495839	-0.45118376
13.505821	-0.45193053
13.515803	-0.4526781
13.525785	-0.45342646
13.535767	-0.4541756
13.545749	-0.45492554
13.555731	-0.45567627
13.565713	-0.45642779
13.575695	-0.4571801
13.585677	-0.4579332
13.595659	-0.4586871
13.605641	-0.45944179
13.615623	-0.46019727
13.625605	-0.46095355
13.635587	-0.46171062
13.645569	-0.46246849
13.655551	-0.46322716
13.665533	-0.46398662
13.675515	-0.46474688
13.685497	-0.46550794
13.695479	-0.4662698
13.705461	-0.46703245
13.715443	-0.46779591
13.725425	-0.46856016
13.735407	-0.46932522
13.745389	-0.47009107
13.755371	-0.47085773
13.765353	-0.47162519
13.775335	-0.47239346
13.785317	-0.47316252
13.795299	-0.47393239
13.805281	-0.47470306
13.815263	-0.47547454
13.825245	-0.47624683
13.835227	-0.47701992
13.845209	-0.47779381
13.855191	-0.47856852
13.865173	-0.47934403
13.875155	-0.48012034
13.885137	-0.48089747
13.895119	-0.48167541
13.905101	-0.48245415
13.915083	-0.48323371
13.925065	-0.48401408
13.935047	-0.48479525
13.945029	-0.48557724
13.955011	-0.48636004
13.964993	-0.48714366
13.974975	-0.48792809
13.984957	-0.48871333
13.994939	-0.48949938
14.004921	-0.49028625
14.014903	-0.49107394
14.024885	-0.49186244
14.034867	-0.49265176
14.044849	-0.4934419
14.054831	-0.49423285
14.064813	-0.49502462
14.074795	-0.49581721
14.084777	-0.49661062
14.094759	-0.49740485
14.104741	-0.4981999
14.114723	-0.49899577
14.124705	-0.49979247
14.134687	-0.50058998
14.144669	-0.50138832
14.154651	-0.50218748
14.164633	-0.50298746
14.174615	-0.50378827
14.184597	-0.5045899
14.194579	-0.50539236
14.204561	-0.50619564
14.214543	-0.50699975
14.224525	-0.50780469
14.234507	-0.50861045
14.244489	-0.50941704
14.254471	-0.51022446
14.264453	-0.51103271
14.274435	-0.51184179
14.284417	-0.5126517
14.294399	-0.51346244
14.304381	-0.51427401
14.314363	-0.51508642
14.324345	-0.51589965
14.334327	-0.51671372
14.344309	-0.51752862
14.354291	-0.51834436
14.364273	-0.51916093
14.374255	-0.51997833
14.384237	-0.52079658
14.394219	-0.52161565
14.404201	-0.52243557
14.414183	-0.52325632
14.424165	-0.52407791
14.434147	-0.52490033
14.444129	-0.5257236
14.454111	-0.52654771
14.464093	-0.52737265
14.474075	-0.52819844
14.484057	-0.52902507
14.494039	-0.52985254
14.504021	-0.53068085
14.514003	-0.53151
14.523985	-0.53234
14.533967	-0.53317084
14.543949	-0.53400253
14.553931	-0.53483506
14.563913	-0.53566843
14.573895	-0.53650266
14.583877	-0.53733773
14.593859	-0.53817364
14.603841	-0.53901041
14.613823	-0.53984802
14.623805	-0.54068648
14.633787	-0.54152579
14.643769	-0.54236595
14.653751	-0.54320696
14.663733	-0.54404883
14.673715	-0.54489154
14.683697	-0.54573511
14.693679	-0.54657953
14.703661	-0.5474248
14.713643	-0.54827093
14.723625	-0.54911791
14.733607	-0.54996574
14.743589	-0.55081444
14.753571	-0.55166398
14.763553	-0.55251439
14.773535	-0.55336565
14.783517	-0.55421777
14.793499	-0.55507075
14.803481	-0.55592458
14.813463	-0.55677928
14.823445	-0.55763484
14.833427	-0.55849125
14.843409	-0.55934853
14.853391	-0.56020667
14.863373	-0.56106567
14.873355	-0.56192554
14.883337	-0.56278627
14.893319	-0.56364786
14.903301	-0.56451032
14.913283	-0.56537364
14.923265	-0.56623783
14.933247	-0.56710288
14.943229	-0.5679688
14.953211	-0.56883559
14.963193	-0.56970325
14.973175	-0.57057177
14.983157	-0.57144116
14.993139	-0.57231143
15.003121	-0.57318256
15.013103	-0.57405456
15.023085	-0.57492744
15.033067	-0.57580119
15.043049	-0.57667581
15.053031	-0.5775513
15.063013	-0.57842767
15.072995	-0.57930491
15.082977	-0.58018302
15.092959	-0.58106201
15.102941	-0.58194188
15.112923	-0.58282262
15.122905	-0.58370424
15.132887	-0.58458674
15.142869	-0.58547011
15.152851	-0.58635436
15.162833	-0.5872395
15.172815	-0.58812551
15.182797	-0.5890124
15.192779	-0.58990018
15.202761	-0.59078883
15.212743	-0.59167837
15.222725	-0.59256879
15.232707	-0.59346009
15.242689	-0.59435228
15.252671	-0.59524535
15.262653	-0.59613931
15.272635	-0.59703415
15.282617	-0.59792988
15.292599	-0.59882649
15.302581	-0.59972399
15.312563	-0.60062238
15.322545	-0.60152166
15.332527	-0.60242183
15.342509	-0.60332288
15.35249	-0.60422483
15.362472	-0.60512767
15.372454	-0.60603139
15.382436	-0.60693601
15.392418	-0.60784153
15.4024	-0.60874793
15.412382	-0.60965523
15.422364	-0.61056342
15.432346	-0.61147251
15.442328	-0.61238249
15.45231	-0.61329337
15.462292	-0.61420514
15.472274	-0.61511782
15.482256	-0.61603138
15.492238	-0.61694585
15.50222	-0.61786122
15.512202	-0.61877748
15.522184	-0.61969465
15.532166	-0.62061271
15.542148	-0.62153168
15.55213	-0.62245154
15.562112	-0.62337231
15.572094	-0.62429398
15.582076	-0.62521656
15.592058	-0.62614004
15.60204	-0.62706442
15.612022	-0.62798971
15.622004	-0.6289159
15.631986	-0.629843
15.641968	-0.63077101
15.65195	-0.63169993
15.661932	-0.63262975
15.671914	-0.63356048
15.681896	-0.63449212
15.691878	-0.63542467
15.70186	-0.63635812
15.711842	-0.63729249
15.721824	-0.63822778
15.731806	-0.63916397
15.741788	-0.64010107
15.75177	-0.64103909
15.761752	-0.64197802
15.771734	-0.64291787
15.781716	-0.64385863
15.791698	-0.64480031
15.80168	-0.6457429
15.811662	-0.64668641
15.821644	-0.64763083
15.831626	-0.64857618
15.841608	-0.64952244
15.85159	-0.65046962
15.861572	-0.65141772
15.871554	-0.65236674
15.881536	-0.65331668
15.891518	-0.65426754
15.9015	-0.65521933
15.911482	-0.65617203
15.921464	-0.65712566
15.931446	-0.65808021
15.941428	-0.65903569
15.95141	-0.65999209
15.961392	-0.66094942
15.971374	-0.66190767
15.981356	-0.66286685
15.991338	-0.66382695
16.00132	-0.66478798
16.011302	-0.66574994
16.021284	-0.66671283
16.031266	-0.66767665
16.041248	-0.6686414
16.05123	-0.66960708
16.061212	-0.67057369
16.071194	-0.67154123
16.081176	-0.67250971
16.091158	-0.67347911
16.10114	-0.67444945
16.111122	-0.67542073
16.121104	-0.67639294
16.131086	-0.67736608
16.141068	-0.67834016
16.15105	-0.67931518
16.161032	-0.68029113
16.171014	-0.68126802
16.180996	-0.68224585
16.190978	-0.68322461
16.20096	-0.68420432
16.210942	-0.68518496
16.220924	-0.68616655
16.230906	-0.68714908
16.240888	-0.68813255
16.25087	-0.68911696
16.260852	-0.69010231
16.270834	-0.69108861
16.280816	-0.69207585
16.290798	-0.69306403
16.30078	-0.69405316
16.310762	-0.69504324
16.320744	-0.69603426
16.330726	-0.69702623
16.340708	-0.69801915
16.35069	-0.69901301
16.360672	-0.70000782
16.370654	-0.70100358
16.380636	-0.7020003
16.390618	-0.70299796
16.4006	-0.70399657
16.410582	-0.70499613
16.420564	-0.70599665
16.430546	-0.70699812
16.440528	-0.70800054
16.45051	-0.70900392
16.460492	-0.71000825
16.470474	-0.71101353
16.480456	-0.71201978
16.490438	-0.71302697
16.50042	-0.71403513
16.510402	-0.71504424
16.520384	-0.71605431
16.530366	-0.71706534
16.540348	-0.71807732
16.55033	-0.71909027
16.560312	-0.72010418
16.570294	-0.72111905
16.580276	-0.72213487
16.590258	-0.72315167
16.60024	-0.72416942
16.610222	-0.72518814
16.620204	-0.72620782
16.630186	-0.72722847
16.640168	-0.72825008
16.65015	-0.72927265
16.660132	-0.73029619
16.670114	-0.7313207
16.680096	-0.73234618
16.690078	-0.73337263
16.70006	-0.73440004
16.710042	-0.73542842
16.720024	-0.73645777
16.730006	-0.73748809
16.739988	-0.73851939
16.74997	-0.73955165
16.759952	-0.74058489
16.769934	-0.7416191
16.779916	-0.74265428
16.789898	-0.74369044
16.79988	-0.74472757
16.809862	-0.74576567
16.819844	-0.74680476
16.829826	-0.74784481
16.839808	-0.74888585
16.84979	-0.74992786
16.859772	-0.75097085
16.869754	-0.75201482
16.879736	-0.75305976
16.889718	-0.75410569
16.8997	-0.7551526
16.909682	-0.75620049
16.919664	-0.75724936
16.929646	-0.75829921
16.939628	-0.75935004
16.94961	-0.76040186
16.959592	-0.76145466
16.969574	-0.76250845
16.979556	-0.76356322
16.989538	-0.76461898
16.99952	-0.76567572
17.009502	-0.76673345
17.019484	-0.76779217
17.029466	-0.76885187
17.039448	-0.76991257
17.04943	-0.77097425
17.059412	-0.77203692
17.069394	-0.77310059
17.079376	-0.77416524
17.089358	-0.77523089
17.09934	-0.77629752
17.109322	-0.77736515
17.119304	-0.77843378
17.129286	-0.7795034
17.139268	-0.78057401
17.14925	-0.78164561
17.159232	-0.78271822
17.169214	-0.78379182
17.179196	-0.78486641
17.189178	-0.78594201
17.19916	-0.7870186
17.209142	-0.78809619
17.219124	-0.78917478
17.229106	-0.79025436
17.239088	-0.79133495
17.24907	-0.79241654
17.259052	-0.79349914
17.269034	-0.79458273
17.279016	-0.79566733
17.288998	-0.79675293
17.29898	-0.79783953
17.308962	-0.79892714
17.318944	-0.80001575
17.328926	-0.80110537
17.338908	-0.802196
17.34889	-0.80328763
17.358872	-0.80438027
17.368854	-0.80547392
17.378836	-0.80656857
17.388818	-0.80766424
17.3988	-0.80876092
17.408782	-0.8098586
17.418764	-0.8109573
17.428746	-0.81205701
17.438728	-0.81315773
17.44871	-0.81425946
17.458692	-0.81536221
17.468674	-0.81646597
17.478656	-0.81757075
17.488638	-0.81867654
17.49862	-0.81978334
17.508602	-0.82089117
17.518584	-0.82200001
17.528566	-0.82310986
17.538548	-0.82422074
17.54853	-0.82533263
17.558512	-0.82644554
17.568494	-0.82755948
17.578476	-0.82867443
17.588458	-0.82979041
17.59844	-0.8309074
17.608422	-0.83202542
17.618404	-0.83314446
17.628386	-0.83426453
17.638368	-0.83538561
17.64835	-0.83650773
17.658332	-0.83763086
17.668314	-0.83875503
17.678296	-0.83988022
17.688278	-0.84100644
17.69826	-0.84213368
17.708242	-0.84326195
17.718224	-0.84439126
17.728206	-0.84552159
17.738188	-0.84665295
17.74817	-0.84778534
17.758152	-0.84891876
17.768134	-0.85005321
17.778116	-0.8511887
17.788098	-0.85232522
17.79808	-0.85346277
17.808062	-0.85460136
17.818044	-0.85574098
17.828026	-0.85688163
17.838008	-0.85802333
17.84799	-0.85916605
17.857972	-0.86030982
17.867954	-0.86145462
17.877936	-0.86260046
17.887918	-0.86374734
17.8979	-0.86489526
17.907882	-0.86604422
17.917864	-0.86719422
17.927846	-0.86834526
17.937828	-0.86949734
17.94781	-0.87065046
17.957792	-0.87180463
17.967774	-0.87295984
17.977756	-0.87411609
17.987738	-0.87527339
17.99772	-0.87643174
18.007702	-0.87759113
18.017684	-0.87875156
18.027666	-0.87991305
18.037648	-0.88107558
18.04763	-0.88223915
18.057612	-0.88340378
18.067594	-0.88456946
18.077576	-0.88573618
18.087558	-0.88690396
18.09754	-0.88807279
18.107522	-0.88924267
18.117504	-0.8904136
18.127485	-0.89158558
18.137467	-0.89275862
18.147449	-0.89393271
18.157431	-0.89510786
18.167413	-0.89628406
18.177395	-0.89746132
18.187377	-0.89863963
18.197359	-0.899819
18.207341	-0.90099943
18.217323	-0.90218092
18.227305	-0.90336346
18.237287	-0.90454706
18.247269	-0.90573173
18.257251	-0.90691745
18.267233	-0.90810423
18.277215	-0.90929208
18.287197	-0.91048099
18.297179	-0.91167096
18.307161	-0.912862
18.317143	-0.91405409
18.327125	-0.91524726
18.337107	-0.91644148
18.347089	-0.91763678
18.357071	-0.91883314
18.367053	-0.92003056
18.377035	-0.92122906
18.387017	-0.92242862
18.396999	-0.92362925
18.406981	-0.92483095
18.416963	-0.92603372
18.426945	-0.92723756
18.436927	-0.92844247
18.446909	-0.92964845
18.456891	-0.93085551
18.466873	-0.93206363
18.476855	-0.93327283
18.486837	-0.93448311
18.496819	-0.93569445
18.506801	-0.93690688
18.516783	-0.93812038
18.526765	-0.93933495
18.536747	-0.9405506
18.546729	-0.94176733
18.556711	-0.94298514
18.566693	-0.94420402
18.576675	-0.94542398
18.586657	-0.94664503
18.596639	-0.94786715
18.606621	-0.94909036
18.616603	-0.95031464
18.626585	-0.95154001
18.636567	-0.95276646
18.646549	-0.95399399
18.656531	-0.95522261
18.666513	-0.95645231
18.676495	-0.9576831
18.686477	-0.95891497
18.696459	-0.96014792
18.706441	-0.96138197
18.716423	-0.9626171
18.726405	-0.96385332
18.736387	-0.96509062
18.746369	-0.96632902
18.756351	-0.9675685
18.766333	-0.96880908
18.776315	-0.97005074
18.786297	-0.9712935
18.796279	-0.97253735
18.806261	-0.97378229
18.816243	-0.97502832
18.826225	-0.97627545
18.836207	-0.97752367
18.846189	-0.97877299
18.856171	-0.9800234
18.866153	-0.9812749
18.876135	-0.98252751
18.886117	-0.98378121
18.896099	-0.985036
18.906081	-0.9862919
18.916063	-0.98754889
18.926045	-0.98880699
18.936027	-0.99006618
18.946009	-0.99132647
18.955991	-0.99258787
18.965973	-0.99385036
18.975955	-0.99511396
18.985937	-0.99637866
18.995919	-0.99764446
19.005901	-0.99891137
19.015883	-1.0001794
19.025865	-1.0014485
19.035847	-1.0027187
19.045829	-1.00399
19.055811	-1.0052625
19.065793	-1.006536
19.075775	-1.0078107
19.085757	-1.0090864
19.095739	-1.0103633
19.105721	-1.0116413
19.115703	-1.0129204
19.125685	-1.0142006
19.135667	-1.0154819
19.145649	-1.0167643
19.155631	-1.0180478
19.165613	-1.0193325
19.175595	-1.0206182
19.185577	-1.0219051
19.195559	-1.0231931
19.205541	-1.0244822
19.215523	-1.0257724
19.225505	-1.0270637
19.235487	-1.0283562
19.245469	-1.0296497
19.255451	-1.0309444
19.265433	-1.0322402
19.275415	-1.0335372
19.285397	-1.0348352
19.295379	-1.0361344
19.305361	-1.0374347
19.315343	-1.0387361
19.325325	-1.0400386
19.335307	-1.0413422
19.345289	-1.042647
19.355271	-1.0439529
19.365253	-1.0452599
19.375235	-1.0465681
19.385217	-1.0478773
19.395199	-1.0491877
19.405181	-1.0504993
19.415163	-1.0518119
19.425145	-1.0531257
19.435127	-1.0544406
19.445109	-1.0557566
19.455091	-1.0570738
19.465073	-1.0583921
19.475055	-1.0597115
19.485037	-1.0610321
19.495019	-1.0623537
19.505001	-1.0636766
19.514983	-1.0650005
19.524965	-1.0663256
19.534947	-1.0676518
19.544929	-1.0689792
19.554911	-1.0703077
19.564893	-1.0716373
19.574875	-1.072968
19.584857	-1.0742999
19.594839	-1.075633
19.604821	-1.0769671
19.614803	-1.0783024
19.624785	-1.0796389
19.634767	-1.0809765
19.644749	-1.0823152
19.654731	-1.0836551
19.664713	-1.0849961
19.674695	-1.0863382
19.684677	-1.0876815
19.694659	-1.0890259
19.704641	-1.0903715
19.714623	-1.0917182
19.724605	-1.0930661
19.734587	-1.0944151
19.744569	-1.0957652
19.754551	-1.0971165
19.764533	-1.098469
19.774515	-1.0998226
19.784497	-1.1011773
19.794479	-1.1025332
19.804461	-1.1038902
19.814443	-1.1052484
19.824425	-1.1066078
19.834407	-1.1079682
19.844389	-1.1093299
19.854371	-1.1106927
19.864353	-1.1120566
19.874335	-1.1134217
19.884317	-1.1147879
19.894299	-1.1161553
19.904281	-1.1175239
19.914263	-1.1188936
19.924245	-1.1202645
19.934227	-1.1216365
19.944209	-1.1230097
19.954191	-1.124384
19.964173	-1.1257595
19.974155	-1.1271361
19.984137	-1.1285139
19.994119	-1.1298929
20.004101	-1.131273
20.014083	-1.1326543
20.024065	-1.1340367
20.034047	-1.1354203
20.044029	-1.1368051
20.054011	-1.138191
20.063993	-1.1395781
20.073975	-1.1409664
20.083957	-1.1423558
20.093939	-1.1437464
20.103921	-1.1451381
20.113903	-1.146531
20.123885	-1.1479251
20.133867	-1.1493204
20.143849	-1.1507168
20.153831	-1.1521144
20.163813	-1.1535131
20.173795	-1.154913
20.183777	-1.1563141
20.193759	-1.1577164
20.203741	-1.1591198
20.213723	-1.1605244
20.223705	-1.1619302
20.233687	-1.1633371
20.243669	-1.1647452
20.253651	-1.1661545
20.263633	-1.1675649
20.273615	-1.1689766
20.283597	-1.1703894
20.293579	-1.1718034
20.303561	-1.1732185
20.313543	-1.1746349
20.323525	-1.1760524
20.333507	-1.1774711
20.343489	-1.1788909
20.353471	-1.180312
20.363453	-1.1817342
20.373435	-1.1831576
20.383417	-1.1845822
20.393399	-1.1860079
20.403381	-1.1874349
20.413363	-1.188863
20.423345	-1.1902923
20.433327	-1.1917228
20.443309	-1.1931545
20.453291	-1.1945873
20.463273	-1.1960214
20.473255	-1.1974566
20.483237	-1.198893
20.493219	-1.2003306
20.503201	-1.2017694
20.513183	-1.2032093
20.523165	-1.2046505
20.533147	-1.2060928
20.543129	-1.2075364
20.553111	-1.2089811
20.563093	-1.210427
20.573075	-1.2118741
20.583057	-1.2133224
20.593039	-1.2147718
20.603021	-1.2162225
20.613003	-1.2176744
20.622985	-1.2191274
20.632967	-1.2205817
20.642949	-1.2220371
20.652931	-1.2234937
20.662913	-1.2249516
20.672895	-1.2264106
20.682877	-1.2278708
20.692859	-1.2293322
20.702841	-1.2307948
20.712823	-1.2322586
20.722805	-1.2337236
20.732787	-1.2351898
20.742769	-1.2366573
20.752751	-1.2381259
20.762733	-1.2395957
20.772715	-1.2410666
20.782697	-1.2425388
20.792679	-1.2440123
20.802661	-1.2454869
20.812643	-1.2469627
20.822625	-1.2484397
20.832607	-1.2499179
20.842589	-1.2513973
20.852571	-1.2528779
20.862553	-1.2543597
20.872535	-1.2558428
20.882517	-1.257327
20.892498	-1.2588124
20.90248	-1.2602991
20.912462	-1.2617869
20.922444	-1.263276
20.932426	-1.2647663
20.942408	-1.2662577
20.95239	-1.2677504
20.962372	-1.2692443
20.972354	-1.2707394
20.982336	-1.2722357
20.992318	-1.2737333
21.0023	-1.275232
21.012282	-1.2767319
21.022264	-1.2782331
21.032246	-1.2797355
21.042228	-1.2812391
21.05221	-1.2827439
21.062192	-1.2842499
21.072174	-1.2857571
21.082156	-1.2872656
21.092138	-1.2887752
21.10212	-1.2902861
21.112102	-1.2917982
21.122084	-1.2933115
21.132066	-1.2948261
21.142048	-1.2963418
21.15203	-1.2978588
21.162012	-1.299377
21.171994	-1.3008964
21.181976	-1.302417
21.191958	-1.3039389
21.20194	-1.3054619
21.211922	-1.3069862
21.221904	-1.3085118
21.231886	-1.3100385
21.241868	-1.3115665
21.25185	-1.3130956
21.261832	-1.3146261
21.271814	-1.3161577
21.281796	-1.3176906
21.291778	-1.3192246
21.30176	-1.32076
21.311742	-1.3222965
21.321724	-1.3238343
21.331706	-1.3253733
21.341688	-1.3269135
21.35167	-1.3284549
21.361652	-1.3299976
21.371634	-1.3315415
21.381616	-1.3330867
21.391598	-1.334633
21.40158	-1.3361806
21.411562	-1.3377295
21.421544	-1.3392795
21.431526	-1.3408308
21.441508	-1.3423834
21.45149	-1.3439371
21.461472	-1.3454921
21.471454	-1.3470484
21.481436	-1.3486058
21.491418	-1.3501645
21.5014	-1.3517245
21.511382	-1.3532856
21.521364	-1.3548481
21.531346	-1.3564117
21.541328	-1.3579766
21.55131	-1.3595427
21.561292	-1.3611101
21.571274	-1.3626787
21.581256	-1.3642485
21.591238	-1.3658196
21.60122	-1.3673919
21.611202	-1.3689655
21.621184	-1.3705403
21.631166	-1.3721163
21.641148	-1.3736936
21.65113	-1.3752721
21.661112	-1.3768519
21.671094	-1.3784329
21.681076	-1.3800152
21.691058	-1.3815987
21.70104	-1.3831834
21.711022	-1.3847694
21.721004	-1.3863567
21.730986	-1.3879452
21.740968	-1.3895349
21.75095	-1.3911259
21.760932	-1.3927181
21.770914	-1.3943116
21.780896	-1.3959063
21.790878	-1.3975023
21.80086	-1.3990995
21.810842	-1.400698
21.820824	-1.4022977
21.830806	-1.4038987
21.840788	-1.4055009
21.85077	-1.4071044
21.860752	-1.4087091
21.870734	-1.4103151
21.880716	-1.4119224
21.890698	-1.4135308
21.90068	-1.4151406
21.910662	-1.4167516
21.920644	-1.4183638
21.930626	-1.4199774
21.940608	-1.4215921
21.95059	-1.4232081
21.960572	-1.4248254
21.970554	-1.426444
21.980536	-1.4280637
21.990518	-1.4296848
22.0005	-1.4313071
22.010482	-1.4329307
22.020464	-1.4345555
22.030446	-1.4361816
22.040428	-1.4378089
22.05041	-1.4394375
22.060392	-1.4410674
22.070374	-1.4426985
22.080356	-1.4443309
22.090338	-1.4459646
22.10032	-1.4475995
22.110302	-1.4492357
22.120284	-1.4508731
22.130266	-1.4525118
22.140248	-1.4541518
22.15023	-1.455793
22.160212	-1.4574355
22.170194	-1.4590793
22.180176	-1.4607244
22.190158	-1.4623707
22.20014	-1.4640182
22.210122	-1.4656671
22.220104	-1.4673172
22.230086	-1.4689685
22.240068	-1.4706212
22.25005	-1.4722751
22.260032	-1.4739303
22.270014	-1.4755867
22.279996	-1.4772444
22.289978	-1.4789034
22.29996	-1.4805637
22.309942	-1.4822252
22.319924	-1.483888
22.329906	-1.4855521
22.339888	-1.4872174
22.34987	-1.4888841
22.359852	-1.490552
22.369834	-1.4922211
22.379816	-1.4938916
22.389798	-1.4955633
22.39978	-1.4972363
22.409762	-1.4989106
22.419744	-1.5005861
22.429726	-1.502263
22.439708	-1.5039411
22.44969	-1.5056204
22.459672	-1.5073011
22.469654	-1.508983
22.479636	-1.5106662
22.489618	-1.5123507
22.4996	-1.5140365
22.509582	-1.5157236
22.519564	-1.5174119
22.529546	-1.5191015
22.539528	-1.5207924
22.54951	-1.5224846
22.559492	-1.524178
22.569474	-1.5258728
22.579456	-1.5275688
22.589438	-1.5292661
22.59942	-1.5309647
22.609402	-1.5326646
22.619384	-1.5343657
22.629366	-1.5360682
22.639348	-1.5377719
22.64933	-1.5394769
22.659312	-1.5411832
22.669294	-1.5428908
22.679276	-1.5445997
22.689258	-1.5463098
22.69924	-1.5480213
22.709222	-1.549734
22.719204	-1.551448
22.729186	-1.5531633
22.739168	-1.5548799
22.74915	-1.5565978
22.759132	-1.558317
22.769114	-1.5600374
22.779096	-1.5617592
22.789078	-1.5634822
22.79906	-1.5652066
22.809042	-1.5669322
22.819024	-1.5686591
22.829006	-1.5703874
22.838988	-1.5721169
22.84897	-1.5738477
22.858952	-1.5755798
22.868934	-1.5773131
22.878916	-1.5790478
22.888898	-1.5807838
22.89888	-1.5825211
22.908862	-1.5842596
22.918844	-1.5859995
22.928826	-1.5877407
22.938808	-1.5894831
22.94879	-1.5912269
22.958772	-1.5929719
22.968754	-1.5947183
22.978736	-1.5964659
22.988718	-1.5982148
22.9987	-1.5999651
23.008682	-1.6017166
23.018664	-1.6034695
23.028646	-1.6052236
23.038628	-1.606979
23.04861	-1.6087358
23.058592	-1.6104938
23.068574	-1.6122532
23.078556	-1.6140138
23.088538	-1.6157757
23.09852	-1.617539
23.108502	-1.6193035
23.118484	-1.6210694
23.128466	-1.6228366
23.138448	-1.624605
23.14843	-1.6263748
23.158412	-1.6281458
23.168394	-1.6299182
23.178376	-1.6316919
23.188358	-1.6334669
23.19834	-1.6352432
23.208322	-1.6370208
23.218304	-1.6387997
23.228286	-1.6405799
23.238268	-1.6423614
23.24825	-1.6441442
23.258232	-1.6459283
23.268214	-1.6477138
23.278196	-1.6495005
23.288178	-1.6512886
23.29816	-1.6530779
23.308142	-1.6548686
23.318124	-1.6566606
23.328106	-1.6584539
23.338088	-1.6602485
23.34807	-1.6620444
23.358052	-1.6638416
23.368034	-1.6656402
23.378016	-1.66744
23.387998	-1.6692412
23.39798	-1.6710436
23.407962	-1.6728474
23.417944	-1.6746525
23.427926	-1.6764589
23.437908	-1.6782667
23.44789	-1.6800757
23.457872	-1.6818861
23.467854	-1.6836977
23.477836	-1.6855107
23.487818	-1.687325
23.4978	-1.6891406
23.507782	-1.6909576
23.517764	-1.6927758
23.527746	-1.6945954
23.537728	-1.6964163
23.54771	-1.6982385
23.557692	-1.700062
23.567674	-1.7018868
23.577656	-1.703713
23.587638	-1.7055404
23.59762	-1.7073692
23.607602	-1.7091993
23.617584	-1.7110308
23.627566	-1.7128635
23.637548	-1.7146976
23.64753	-1.716533
23.657512	-1.7183697
23.667493	-1.7202077
23.677475	-1.7220471
23.687457	-1.7238878
23.697439	-1.7257298
23.707421	-1.7275731
23.717403	-1.7294177
23.727385	-1.7312637
23.737367	-1.733111
23.747349	-1.7349596
23.757331	-1.7368095
23.767313	-1.7386608
23.777295	-1.7405134
23.787277	-1.7423673
23.797259	-1.7442225
23.807241	-1.7460791
23.817223	-1.7479369
23.827205	-1.7497962
23.837187	-1.7516567
23.847169	-1.7535186
23.857151	-1.7553817
23.867133	-1.7572463
23.877115	-1.7591121
23.887097	-1.7609793
23.897079	-1.7628478
23.907061	-1.7647176
23.917043	-1.7665888
23.927025	-1.7684612
23.937007	-1.7703351
23.946989	-1.7722102
23.956971	-1.7740867
23.966953	-1.7759645
23.976935	-1.7778436
23.986917	-1.7797241
23.996899	-1.7816059
24.006881	-1.783489
24.016863	-1.7853735
24.026845	-1.7872592
24.036827	-1.7891464
24.046809	-1.7910348
24.056791	-1.7929246
24.066773	-1.7948157
24.076755	-1.7967082
24.086737	-1.7986019
24.096719	-1.8004971
24.106701	-1.8023935
24.116683	-1.8042913
24.126665	-1.8061904
24.136647	-1.8080909
24.146629	-1.8099926
24.156611	-1.8118958
24.166593	-1.8138002
24.176575	-1.815706
24.186557	-1.8176131
24.196539	-1.8195216
24.206521	-1.8214314
24.216503	-1.8233426
24.226485	-1.825255
24.236467	-1.8271688
24.246449	-1.829084
24.256431	-1.8310005
24.266413	-1.8329183
24.276395	-1.8348375
24.286377	-1.836758
24.296359	-1.8386798
24.306341	-1.840603
24.316323	-1.8425275
24.326305	-1.8444533
24.336287	-1.8463805
24.346269	-1.8483091
24.356251	-1.850239
24.366233	-1.8521702
24.376215	-1.8541027
24.386197	-1.8560366
24.396179	-1.8579719
24.406161	-1.8599084
24.416143	-1.8618464
24.426125	-1.8637856
24.436107	-1.8657262
24.446089	-1.8676682
24.456071	-1.8696115
24.466053	-1.8715561
24.476035	-1.8735021
24.486017	-1.8754494
24.495999	-1.877398
24.505981	-1.8793481
24.515963	-1.8812994
24.525945	-1.8832521
24.535927	-1.8852061
24.545909	-1.8871615
24.555891	-1.8891182
24.565873	-1.8910763
24.575855	-1.8930357
24.585837	-1.8949965
24.595819	-1.8969586
24.605801	-1.898922
24.615783	-1.9008868
24.625765	-1.902853
24.635747	-1.9048205
24.645729	-1.9067893
24.655711	-1.9087595
24.665693	-1.910731
24.675675	-1.9127039
24.685657	-1.9146781
24.695639	-1.9166537
24.705621	-1.9186306
24.715603	-1.9206089
24.725585	-1.9225885
24.735567	-1.9245695
24.745549	-1.9265518
24.755531	-1.9285355
24.765513	-1.9305205
24.775495	-1.9325068
24.785477	-1.9344945
24.795459	-1.9364836
24.805441	-1.938474
24.815423	-1.9404658
24.825405	-1.9424589
24.835387	-1.9444534
24.845369	-1.9464492
24.855351	-1.9484463
24.865333	-1.9504448
24.875315	-1.9524447
24.885297	-1.9544459
24.895279	-1.9564485
24.905261	-1.9584524
24.915243	-1.9604577
24.925225	-1.9624643
24.935207	-1.9644723
24.945189	-1.9664816
24.955171	-1.9684923
24.965153	-1.9705043
24.975135	-1.9725177
24.985117	-1.9745325
24.995099	-1.9765486
25.005081	-1.978566
25.015063	-1.9805848
25.025045	-1.982605
25.035027	-1.9846265
25.045009	-1.9866494
25.054991	-1.9886736
25.064973	-1.9906991
25.074955	-1.9927261
25.084937	-1.9947544
25.094919	-1.996784
25.104901	-1.998815
25.114883	-2.0008473
25.124865	-2.0028811
25.134847	-2.0049161
25.144829	-2.0069525
25.154811	-2.0089903
25.164793	-2.0110294
25.174775	-2.0130699
25.184757	-2.0151118
25.194739	-2.017155
25.204721	-2.0191995
25.214703	-2.0212454
25.224685	-2.0232927
25.234667	-2.0253413
25.244649	-2.0273913
25.254631	-2.0294427
25.264613	-2.0314954
25.274595	-2.0335494
25.284577	-2.0356049
25.294559	-2.0376616
25.304541	-2.0397198
25.314523	-2.0417793
25.324505	-2.0438401
25.334487	-2.0459023
25.344469	-2.0479659
25.354451	-2.0500308
25.364433	-2.0520971
25.374415	-2.0541648
25.384397	-2.0562338
25.394379	-2.0583041
25.404361	-2.0603759
25.414343	-2.062449
25.424325	-2.0645234
25.434307	-2.0665992
25.444289	-2.0686764
25.454271	-2.0707549
25.464253	-2.0728348
25.474235	-2.074916
25.484217	-2.0769987
25.494199	-2.0790826
25.504181	-2.081168
25.514163	-2.0832547
25.524145	-2.0853427
25.534127	-2.0874321
25.544109	-2.0895229
25.554091	-2.091615
25.564073	-2.0937085
25.574055	-2.0958034
25.584037	-2.0978996
25.594019	-2.0999972
25.604001	-2.1020962
25.613983	-2.1041965
25.623965	-2.1062982
25.633947	-2.1084012
25.643929	-2.1105056
25.653911	-2.1126114
25.663893	-2.1147185
25.673875	-2.116827
25.683857	-2.1189368
25.693839	-2.1210481
25.703821	-2.1231606
25.713803	-2.1252746
25.723785	-2.1273899
25.733767	-2.1295066
25.743749	-2.1316246
25.753731	-2.133744
25.763713	-2.1358647
25.773695	-2.1379869
25.783677	-2.1401104
25.793659	-2.1422352
25.803641	-2.1443614
25.813623	-2.146489
25.823605	-2.148618
25.833587	-2.1507483
25.843569	-2.15288
25.853551	-2.155013
25.863533	-2.1571474
25.873515	-2.1592832
25.883497	-2.1614203
25.893479	-2.1635588
25.903461	-2.1656987
25.913443	-2.1678399
25.923425	-2.1699825
25.933407	-2.1721265
25.943389	-2.1742718
25.953371	-2.1764185
25.963353	-2.1785665
25.973335	-2.180716
25.983317	-2.1828668
25.993299	-2.1850189
26.003281	-2.1871724
26.013263	-2.1893273
26.023245	-2.1914836
26.033227	-2.1936412
26.043209	-2.1958002
26.053191	-2.1979605
26.063173	-2.2001223
26.073155	-2.2022853
26.083137	-2.2044498
26.093119	-2.2066156
26.103101	-2.2087828
26.113083	-2.2109513
26.123065	-2.2131213
26.133047	-2.2152925
26.143029	-2.2174652
26.153011	-2.2196392
26.162993	-2.2218146
26.172975	-2.2239914
26.182957	-2.2261695
26.192939	-2.228349
26.202921	-2.2305298
26.212903	-2.232712
26.222885	-2.2348956
26.232867	-2.2370806
26.242849	-2.2392669
26.252831	-2.2414546
26.262813	-2.2436436
26.272795	-2.2458341
26.282777	-2.2480258
26.292759	-2.250219
26.302741	-2.2524135
26.312723	-2.2546094
26.322705	-2.2568067
26.332687	-2.2590053
26.342669	-2.2612053
26.352651	-2.2634067
26.362633	-2.2656094
26.372615	-2.2678135
26.382597	-2.270019
26.392579	-2.2722258
26.402561	-2.274434
26.412543	-2.2766436
26.422525	-2.2788545
26.432507	-2.2810668
26.442488	-2.2832805
26.45247	-2.2854955
26.462452	-2.2877119
26.472434	-2.2899297
26.482416	-2.2921488
26.492398	-2.2943694
26.50238	-2.2965912
26.512362	-2.2988145
26.522344	-2.3010391
26.532326	-2.3032651
26.542308	-2.3054924
26.55229	-2.3077211
26.562272	-2.3099512
26.572254	-2.3121827
26.582236	-2.3144155
26.592218	-2.3166497
26.6022	-2.3188853
26.612182	-2.3211222
26.622164	-2.3233605
26.632146	-2.3256001
26.642128	-2.3278412
26.65211	-2.3300836
26.662092	-2.3323273
26.672074	-2.3345725
26.682056	-2.336819
26.692038	-2.3390668
26.70202	-2.3413161
26.712002	-2.3435667
26.721984	-2.3458187
26.731966	-2.348072
26.741948	-2.3503267
26.75193	-2.3525828
26.761912	-2.3548402
26.771894	-2.357099
26.781876	-2.3593592
26.791858	-2.3616208
26.80184	-2.3638837
26.811822	-2.366148
26.821804	-2.3684136
26.831786	-2.3706806
26.841768	-2.372949
26.85175	-2.3752188
26.861732	-2.3774899
26.871714	-2.3797624
26.881696	-2.3820362
26.891678	-2.3843114
26.90166	-2.386588
26.911642	-2.388866
26.921624	-2.3911453
26.931606	-2.393426
26.941588	-2.3957081
26.95157	-2.3979915
26.961552	-2.4002763
26.971534	-2.4025625
26.981516	-2.40485
26.991498	-2.4071389
27.00148	-2.4094291
27.011462	-2.4117208
27.021444	-2.4140138
27.031426	-2.4163081
27.041408	-2.4186039
27.05139	-2.420901
27.061372	-2.4231994
27.071354	-2.4254992
27.081336	-2.4278004
27.091318	-2.430103
27.1013	-2.4324069
27.111282	-2.4347122
27.121264	-2.4370189
27.131246	-2.4393269
27.141228	-2.4416363
27.15121	-2.4439471
27.161192	-2.4462592
27.171174	-2.4485727
27.181156	-2.4508876
27.191138	-2.4532038
27.20112	-2.4555214
27.211102	-2.4578403
27.221084	-2.4601606
27.231066	-2.4624823
27.241048	-2.4648054
27.25103	-2.4671298
27.261012	-2.4694556
27.270994	-2.4717827
27.280976	-2.4741113
27.290958	-2.4764411
27.30094	-2.4787724
27.310922	-2.481105
27.320904	-2.483439
27.330886	-2.4857743
27.340868	-2.488111
27.35085	-2.4904491
27.360832	-2.4927885
27.370814	-2.4951293
27.380796	-2.4974715
27.390778	-2.499815
27.40076	-2.5021599
27.410742	-2.5045061
27.420724	-2.5068538
27.430706	-2.5092027
27.440688	-2.5115531
27.45067	-2.5139048
27.460652	-2.5162579
27.470634	-2.5186123
27.480616	-2.5209681
27.490598	-2.5233253
27.50058	-2.5256838
27.510562	-2.5280437
27.520544	-2.5304049
27.530526	-2.5327676
27.540508	-2.5351315
27.55049	-2.5374969
27.560472	-2.5398636
27.570454	-2.5422317
27.580436	-2.5446011
27.590418	-2.5469719
27.6004	-2.549344
27.610382	-2.5517175
27.620364	-2.5540924
27.630346	-2.5564687
27.640328	-2.5588463
27.65031	-2.5612252
27.660292	-2.5636055
27.670274	-2.5659872
27.680256	-2.5683703
27.690238	-2.5707547
27.70022	-2.5731404
27.710202	-2.5755276
27.720184	-2.5779161
27.730166	-2.5803059
27.740148	-2.5826971
27.75013	-2.5850897
27.760112	-2.5874836
27.770094	-2.5898789
27.780076	-2.5922756
27.790058	-2.5946736
27.80004	-2.5970729
27.810022	-2.5994737
27.820004	-2.6018758
27.829986	-2.6042792
27.839968	-2.606684
27.84995	-2.6090902
27.859932	-2.6114977
27.869914	-2.6139066
27.879896	-2.6163168
27.889878	-2.6187284
27.89986	-2.6211414
27.909842	-2.6235557
27.919824	-2.6259714
27.929806	-2.6283884
27.939788	-2.6308068
27.94977	-2.6332265
27.959752	-2.6356476
27.969734	-2.6380701
27.979716	-2.6404939
27.989698	-2.6429191
27.99968	-2.6453456
28.009662	-2.6477735
28.019644	-2.6502027
28.029626	-2.6526333
28.039608	-2.6550653
28.04959	-2.6574986
28.059572	-2.6599332
28.069554	-2.6623693
28.079536	-2.6648066
28.089518	-2.6672454
28.0995	-2.6696854
28.109482	-2.6721269
28.119464	-2.6745697
28.129446	-2.6770138
28.139428	-2.6794593
28.14941	-2.6819062
28.159392	-2.6843544
28.169374	-2.6868039
28.179356	-2.6892549
28.189338	-2.6917071
28.19932	-2.6941608
28.209302	-2.6966157
28.219284	-2.6990721
28.229266	-2.7015297
28.239248	-2.7039888
28.24923	-2.7064491
28.259212	-2.7089109
28.269194	-2.711374
28.279176	-2.7138384
28.289158	-2.7163042
28.29914	-2.7187713
28.309122	-2.7212398
28.319104	-2.7237097
28.329086	-2.7261809
28.339068	-2.7286534
28.34905	-2.7311273
28.359032	-2.7336025
28.369014	-2.7360791
28.378996	-2.7385571
28.388978	-2.7410364
28.39896	-2.743517
28.408942	-2.745999
28.418924	-2.7484823
28.428906	-2.750967
28.438888	-2.7534531
28.44887	-2.7559404
28.458852	-2.7584292
28.468834	-2.7609192
28.478816	-2.7634107
28.488798	-2.7659034
28.49878	-2.7683976
28.508762	-2.770893
28.518744	-2.7733898
28.528726	-2.775888
28.538708	-2.7783875
28.54869	-2.7808883
28.558672	-2.7833905
28.568654	-2.7858941
28.578636	-2.788399
28.588618	-2.7909052
28.5986	-2.7934128
28.608582	-2.7959217
28.618564	-2.798432
28.628546	-2.8009436
28.638528	-2.8034565
28.64851	-2.8059708
28.658492	-2.8084864
28.668474	-2.8110034
28.678456	-2.8135217
28.688438	-2.8160414
28.69842	-2.8185624
28.708402	-2.8210848
28.718384	-2.8236085
28.728366	-2.8261335
28.738348	-2.8286599
28.74833	-2.8311876
28.758312	-2.8337166
28.768294	-2.836247
28.778276	-2.8387788
28.788258	-2.8413118
28.79824	-2.8438462
28.808222	-2.846382
28.818204	-2.8489191
28.828186	-2.8514575
28.838168	-2.8539973
28.84815	-2.8565384
28.858132	-2.8590809
28.868114	-2.8616246
28.878096	-2.8641698
28.888078	-2.8667162
28.89806	-2.869264
28.908042	-2.8718132
28.918024	-2.8743636
28.928006	-2.8769154
28.937988	-2.8794686
28.94797	-2.8820231
28.957952	-2.8845789
28.967934	-2.887136
28.977916	-2.8896945
28.987898	-2.8922543
28.99788	-2.8948155
29.007862	-2.897378
29.017844	-2.8999418
29.027826	-2.9025069
29.037808	-2.9050734
29.04779	-2.9076412
29.057772	-2.9102104
29.067754	-2.9127809
29.077736	-2.9153527
29.087718	-2.9179258
29.0977	-2.9205003
29.107682	-2.9230761
29.117664	-2.9256533
29.127646	-2.9282317
29.137628	-2.9308115
29.14761	-2.9333927
29.157592	-2.9359751
29.167574	-2.9385589
29.177556	-2.941144
29.187538	-2.9437305
29.19752	-2.9463183
29.207502	-2.9489074
29.217483	-2.9514978
29.227465	-2.9540896
29.237447	-2.9566827
29.247429	-2.9592771
29.257411	-2.9618728
29.267393	-2.9644699
29.277375	-2.9670683
29.287357	-2.969668
29.297339	-2.9722691
29.307321	-2.9748714
29.317303	-2.9774751
29.327285	-2.9800801
29.337267	-2.9826865
29.347249	-2.9852941
29.357231	-2.9879031
29.367213	-2.9905135
29.377195	-2.9931251
29.387177	-2.995738
29.397159	-2.9983523
29.407141	-3.0009679
29.417123	-3.0035849
29.427105	-3.0062031
29.437087	-3.0088227
29.447069	-3.0114436
29.457051	-3.0140658
29.467033	-3.0166893
29.477015	-3.0193141
29.486997	-3.0219403
29.496979	-3.0245678
29.506961	-3.0271966
29.516943	-3.0298267
29.526925	-3.0324582
29.536907	-3.0350909
29.546889	-3.037725
29.556871	-3.0403604
29.566853	-3.0429971
29.576835	-3.0456351
29.586817	-3.0482745
29.596799	-3.0509151
29.606781	-3.0535571
29.616763	-3.0562004
29.626745	-3.058845
29.636727	-3.0614909
29.646709	-3.0641381
29.656691	-3.0667867
29.666673	-3.0694365
29.676655	-3.0720877
29.686637	-3.0747402
29.696619	-3.0773939
29.706601	-3.080049
29.716583	-3.0827055
29.726565	-3.0853632
29.736547	-3.0880222
29.746529	-3.0906826
29.756511	-3.0933442
29.766493	-3.0960072
29.776475	-3.0986715
29.786457	-3.101337
29.796439	-3.1040039
29.806421	-3.1066721
29.816403	-3.1093416
29.826385	-3.1120124
29.836367	-3.1146846
29.846349	-3.117358
29.856331	-3.1200327
29.866313	-3.1227088
29.876295	-3.1253861
29.886277	-3.1280648
29.896259	-3.1307447
29.906241	-3.133426
29.916223	-3.1361085
29.926205	-3.1387924
29.936187	-3.1414776
29.946169	-3.144164
29.956151	-3.1468518
29.966133	-3.1495409
29.976115	-3.1522312
29.986097	-3.1549229
29.996079	-3.1576159
30.006061	-3.1603102
30.016043	-3.1630058
30.026025	-3.1657026
30.036007	-3.1684008
30.045989	-3.1711003
30.055971	-3.1738011
30.065953	-3.1765031
30.075935	-3.1792065
30.085917	-3.1819112
30.095899	-3.1846171
30.105881	-3.1873244
30.115863	-3.1900329
30.125845	-3.1927428
30.135827	-3.1954539
30.145809	-3.1981664
30.155791	-3.2008801
30.165773	-3.2035951
30.175755	-3.2063114
30.185737	-3.2090291
30.195719	-3.211748
30.205701	-3.2144682
30.215683	-3.2171897
30.225665	-3.2199124
30.235647	-3.2226365
30.245629	-3.2253619
30.255611	-3.2280885
30.265593	-3.2308165
30.275575	-3.2335457
30.285557	-3.2362762
30.295539	-3.239008
30.305521	-3.2417411
30.315503	-3.2444755
30.325485	-3.2472112
30.335467	-3.2499482
30.345449	-3.2526864
30.355431	-3.2554259
30.365413	-3.2581668
30.375395	-3.2609089
30.385377	-3.2636522
30.395359	-3.2663969
30.405341	-3.2691429
30.415323	-3.2718901
30.425305	-3.2746386
30.435287	-3.2773884
30.445269	-3.2801395
30.455251	-3.2828919
30.465233	-3.2856455
30.475215	-3.2884005
30.485197	-3.2911567
30.495179	-3.2939142
30.505161	-3.2966729
30.515143	-3.299433
30.525125	-3.3021943
30.535107	-3.3049569
30.545089	-3.3077208
30.555071	-3.3104859
30.565053	-3.3132524
30.575035	-3.3160201
30.585017	-3.3187891
30.594999	-3.3215593
30.604981	-3.3243309
30.614963	-3.3271037
30.624945	-3.3298778
30.634927	-3.3326531
30.644909	-3.3354298
30.654891	-3.3382077
30.664873	-3.3409868
30.674855	-3.3437673
30.684837	-3.346549
30.694819	-3.349332
30.704801	-3.3521163
30.714783	-3.3549018
30.724765	-3.3576886
30.734747	-3.3604766
30.744729	-3.363266
30.754711	-3.3660566
30.764693	-3.3688485
30.774675	-3.3716416
30.784657	-3.374436
30.794639	-3.3772317
30.804621	-3.3800286
30.814603	-3.3828268
30.824585	-3.3856263
30.834567	-3.388427
30.844549	-3.391229
30.854531	-3.3940323
30.864513	-3.3968368
30.874495	-3.3996426
30.884477	-3.4024496
30.894459	-3.4052579
30.904441	-3.4080675
30.914423	-3.4108783
30.924405	-3.4136904
30.934387	-3.4165037
30.944369	-3.4193183
30.954351	-3.4221342
30.964333	-3.4249513
30.974315	-3.4277697
30.984297	-3.4305893
30.994279	-3.4334102
31.004261	-3.4362323
31.014243	-3.4390557
31.024225	-3.4418804
31.034207	-3.4447063
31.044189	-3.4475335
31.054171	-3.4503619
31.064153	-3.4531916
31.074135	-3.4560225
31.084117	-3.4588547
31.094099	-3.4616881
31.104081	-3.4645228
31.114063	-3.4673587
31.124045	-3.4701959
31.134027	-3.4730343
31.144009	-3.475874
31.153991	-3.4787149
31.163973	-3.481557
31.173955	-3.4844005
31.183937	-3.4872451
31.193919	-3.490091
31.203901	-3.4929382
31.213883	-3.4957866
31.223865	-3.4986362
31.233847	-3.5014871
31.243829	-3.5043392
31.253811	-3.5071926
31.263793	-3.5100472
31.273775	-3.5129031
31.283757	-3.5157602
31.293739	-3.5186185
31.303721	-3.5214781
31.313703	-3.524339
31.323685	-3.527201
31.333667	-3.5300643
31.343649	-3.5329289
31.353631	-3.5357946
31.363613	-3.5386616
31.373595	-3.5415299
31.383577	-3.5443994
31.393559	-3.5472701
31.403541	-3.5501421
31.413523	-3.5530153
31.423505	-3.5558897
31.433487	-3.5587653
31.443469	-3.5616422
31.453451	-3.5645204
31.463433	-3.5673997
31.473415	-3.5702803
31.483397	-3.5731621
31.493379	-3.5760452
31.503361	-3.5789295
31.513343	-3.581815
31.523325	-3.5847017
31.533307	-3.5875897
31.543289	-3.5904789
31.553271	-3.5933693
31.563253	-3.5962609
31.573235	-3.5991538
31.583217	-3.6020479
31.593199	-3.6049432
31.603181	-3.6078398
31.613163	-3.6107376
31.623145	-3.6136366
31.633127	-3.6165368
31.643109	-3.6194382
31.653091	-3.6223409
31.663073	-3.6252448
31.673055	-3.6281499
31.683037	-3.6310562
31.693019	-3.6339637
31.703001	-3.6368725
31.712983	-3.6397825
31.722965	-3.6426937
31.732947	-3.6456061
31.742929	-3.6485197
31.752911	-3.6514345
31.762893	-3.6543506
31.772875	-3.6572679
31.782857	-3.6601864
31.792839	-3.6631061
31.802821	-3.666027
31.812803	-3.6689491
31.822785	-3.6718724
31.832767	-3.674797
31.842749	-3.6777228
31.852731	-3.6806497
31.862713	-3.6835779
31.872695	-3.6865073
31.882677	-3.6894379
31.892659	-3.6923697
31.902641	-3.6953027
31.912623	-3.6982369
31.922605	-3.7011724
31.932587	-3.704109
31.942569	-3.7070468
31.952551	-3.7099859
31.962533	-3.7129261
31.972515	-3.7158676
31.982496	-3.7188102
31.992478	-3.7217541
32.00246	-3.7246991
32.012442	-3.7276454
32.022424	-3.7305929
32.032406	-3.7335415
32.042388	-3.7364914
32.05237	-3.7394424
32.062352	-3.7423947
32.072334	-3.7453481
32.082316	-3.7483028
32.092298	-3.7512586
32.10228	-3.7542156
32.112262	-3.7571739
32.122244	-3.7601333
32.132226	-3.7630939
32.142208	-3.7660557
32.15219	-3.7690187
32.162172	-3.7719829
32.172154	-3.7749483
32.182136	-3.7779149
32.192118	-3.7808827
32.2021	-3.7838516
32.212082	-3.7868218
32.222064	-3.7897931
32.232046	-3.7927656
32.242028	-3.7957393
32.25201	-3.7987142
32.261992	-3.8016903
32.271974	-3.8046676
32.281956	-3.807646
32.291938	-3.8106257
32.30192	-3.8136065
32.311902	-3.8165885
32.321884	-3.8195717
32.331866	-3.822556
32.341848	-3.8255416
32.35183	-3.8285283
32.361812	-3.8315162
32.371794	-3.8345053
32.381776	-3.8374956
32.391758	-3.840487
32.40174	-3.8434796
32.411722	-3.8464734
32.421704	-3.8494684
32.431686	-3.8524646
32.441668	-3.8554619
32.45165	-3.8584604
32.461632	-3.86146
32.471614	-3.8644609
32.481596	-3.8674629
32.491578	-3.8704661
32.50156	-3.8734704
32.511542	-3.876476
32.521524	-3.8794827
32.531506	-3.8824905
32.541488	-3.8854996
32.55147	-3.8885098
32.561452	-3.8915211
32.571434	-3.8945337
32.581416	-3.8975474
32.591398	-3.9005622
32.60138	-3.9035783
32.611362	-3.9065954
32.621344	-3.9096138
32.631326	-3.9126333
32.641308	-3.915654
32.65129	-3.9186759
32.661272	-3.9216989
32.671254	-3.924723
32.681236	-3.9277483
32.691218	-3.9307748
32.7012	-3.9338025
32.711182	-3.9368313
32.721164	-3.9398612
32.731146	-3.9428923
32.741128	-3.9459246
32.75111	-3.948958
32.761092	-3.9519926
32.771074	-3.9550283
32.781056	-3.9580652
32.791038	-3.9611032
32.80102	-3.9641424
32.811002	-3.9671828
32.820984	-3.9702242
32.830966	-3.9732669
32.840948	-3.9763107
32.85093	-3.9793556
32.860912	-3.9824017
32.870894	-3.9854489
32.880876	-3.9884973
32.890858	-3.9915468
32.90084	-3.9945975
32.910822	-3.9976493
32.920804	-4.0007022
32.930786	-4.0037563
32.940768	-4.0068116
32.95075	-4.009868
32.960732	-4.0129255
32.970714	-4.0159841
32.980696	-4.0190439
32.990678	-4.0221049
33.00066	-4.025167
33.010642	-4.0282302
33.020624	-4.0312945
33.030606	-4.03436
33.040588	-4.0374266
33.05057	-4.0404944
33.060552	-4.0435633
33.070534	-4.0466333
33.080516	-4.0497045
33.090498	-4.0527768
33.10048	-4.0558502
33.110462	-4.0589248
33.120444	-4.0620005
33.130426	-4.0650773
33.140408	-4.0681552
33.15039	-4.0712343
33.160372	-4.0743145
33.170354	-4.0773958
33.180336	-4.0804783
33.190318	-4.0835619
33.2003	-4.0866466
33.210282	-4.0897324
33.220264	-4.0928194
33.230246	-4.0959074
33.240228	-4.0989966
33.25021	-4.1020869
33.260192	-4.1051784
33.270174	-4.1082709
33.280156	-4.1113646
33.290138	-4.1144594
33.30012	-4.1175553
33.310102	-4.1206524
33.320084	-4.1237505
33.330066	-4.1268498
33.340048	-4.1299502
33.35003	-4.1330517
33.360012	-4.1361543
33.369994	-4.139258
33.379976	-4.1423628
33.389958	-4.1454688
33.39994	-4.1485758
33.409922	-4.151684
33.419904	-4.1547933
33.429886	-4.1579037
33.439868	-4.1610152
33.44985	-4.1641278
33.459832	-4.1672415
33.469814	-4.1703563
33.479796	-4.1734722
33.489778	-4.1765892
33.49976	-4.1797073
33.509742	-4.1828266
33.519724	-4.1859469
33.529706	-4.1890684
33.539688	-4.1921909
33.54967	-4.1953145
33.559652	-4.1984393
33.569634	-4.2015651
33.579616	-4.204692
33.589598	-4.2078201
33.59958	-4.2109492
33.609562	-4.2140794
33.619544	-4.2172108
33.629526	-4.2203432
33.639508	-4.2234767
33.64949	-4.2266113
33.659472	-4.229747
33.669454	-4.2328838
33.679436	-4.2360216
33.689418	-4.2391606
33.6994	-4.2423007
33.709382	-4.2454418
33.719364	-4.2485841
33.729346	-4.2517274
33.739328	-4.2548718
33.74931	-4.2580173
33.759292	-4.2611639
33.769274	-4.2643115
33.779256	-4.2674603
33.789238	-4.2706101
33.79922	-4.2737611
33.809202	-4.2769131
33.819184	-4.2800661
33.829166	-4.2832203
33.839148	-4.2863755
33.84913	-4.2895319
33.859112	-4.2926893
33.869094	-4.2958477
33.879076	-4.2990073
33.889058	-4.3021679
33.89904	-4.3053296
33.909022	-4.3084924
33.919004	-4.3116563
33.928986	-4.3148212
33.938968	-4.3179872
33.94895	-4.3211542
33.958932	-4.3243224
33.968914	-4.3274916
33.978896	-4.3306619
33.988878	-4.3338332
33.99886	-4.3370056
34.008842	-4.3401791
34.018824	-4.3433537
34.028806	-4.3465293
34.038788	-4.349706
34.04877	-4.3528837
34.058752	-4.3560625
34.068734	-4.3592424
34.078716	-4.3624233
34.088698	-4.3656053
34.09868	-4.3687884
34.108662	-4.3719725
34.118644	-4.3751577
34.128626	-4.3783439
34.138608	-4.3815312
34.14859	-4.3847196
34.158572	-4.387909
34.168554	-4.3910994
34.178536	-4.3942909
34.188518	-4.3974835
34.1985	-4.4006771
34.208482	-4.4038718
34.218464	-4.4070675
34.228446	-4.4102643
34.238428	-4.4134621
34.24841	-4.416661
34.258392	-4.4198609
34.268374	-4.4230619
34.278356	-4.4262639
34.288338	-4.429467
34.29832	-4.4326711
34.308302	-4.4358763
34.318284	-4.4390825
34.328266	-4.4422897
34.338248	-4.445498
34.34823	-4.4487073
34.358212	-4.4519177
34.368194	-4.4551291
34.378176	-4.4583416
34.388158	-4.4615551
34.39814	-4.4647696
34.408122	-4.4679851
34.418104	-4.4712017
34.428086	-4.4744194
34.438068	-4.4776381
34.44805	-4.4808578
34.458032	-4.4840785
34.468014	-4.4873003
34.477996	-4.4905231
34.487978	-4.4937469
34.49796	-4.4969718
34.507942	-4.5001977
34.517924	-4.5034246
34.527906	-4.5066526
34.537888	-4.5098815
34.54787	-4.5131116
34.557852	-4.5163426
34.567834	-4.5195746
34.577816	-4.5228077
34.587798	-4.5260418
34.59778	-4.529277
34.607762	-4.5325131
34.617744	-4.5357503
34.627726	-4.5389885
34.637708	-4.5422277
34.64769	-4.5454679
34.657672	-4.5487092
34.667654	-4.5519515
34.677636	-4.5551947
34.687618	-4.558439
34.6976	-4.5616844
34.707582	-4.5649307
34.717564	-4.568178
34.727546	-4.5714264
34.737528	-4.5746758
34.74751	-4.5779261
34.757491	-4.5811775
34.767473	-4.5844299
34.777455	-4.5876833
34.787437	-4.5909378
34.797419	-4.5941932
34.807401	-4.5974496
34.817383	-4.6007071
34.827365	-4.6039655
34.837347	-4.6072249
34.847329	-4.6104854
34.857311	-4.6137468
34.867293	-4.6170093
34.877275	-4.6202728
34.887257	-4.6235372
34.897239	-4.6268027
34.907221	-4.6300691
34.917203	-4.6333366
34.927185	-4.636605
34.937167	-4.6398745
34.947149	-4.6431449
34.957131	-4.6464164
34.967113	-4.6496888
34.977095	-4.6529622
34.987077	-4.6562366
34.997059	-4.659512
35.007041	-4.6627885
35.017023	-4.6660658
35.027005	-4.6693442
35.036987	-4.6726236
35.046969	-4.6759039
35.056951	-4.6791853
35.066933	-4.6824676
35.076915	-4.6857509
35.086897	-4.6890352
35.096879	-4.6923205
35.106861	-4.6956068
35.116843	-4.698894
35.126825	-4.7021823
35.136807	-4.7054715
35.146789	-4.7087617
35.156771	-4.7120528
35.166753	-4.715345
35.176735	-4.7186381
35.186717	-4.7219322
35.196699	-4.7252273
35.206681	-4.7285234
35.216663	-4.7318204
35.226645	-4.7351184
35.236627	-4.7384174
35.246609	-4.7417173
35.256591	-4.7450182
35.266573	-4.7483201
35.276555	-4.751623
35.286537	-4.7549268
35.296519	-4.7582316
35.306501	-4.7615374
35.316483	-4.7648441
35.326465	-4.7681518
35.336447	-4.7714604
35.346429	-4.7747701
35.356411	-4.7780807
35.366393	-4.7813922
35.376375	-4.7847047
35.386357	-4.7880182
35.396339	-4.7913326
35.406321	-4.794648
35.416303	-4.7979644
35.426285	-4.8012817
35.436267	-4.8045999
35.446249	-4.8079191
35.456231	-4.8112393
35.466213	-4.8145604
35.476195	-4.8178825
35.486177	-4.8212056
35.496159	-4.8245296
35.506141	-4.8278545
35.516123	-4.8311804
35.526105	-4.8345072
35.536087	-4.837835
35.546069	-4.8411637
35.556051	-4.8444934
35.566033	-4.847824
35.576015	-4.8511556
35.585997	-4.8544881
35.595979	-4.8578216
35.605961	-4.861156
35.615943	-4.8644914
35.625925	-4.8678276
35.635907	-4.8711649
35.645889	-4.874503
35.655871	-4.8778421
35.665853	-4.8811822
35.675835	-4.8845232
35.685817	-4.8878651
35.695799	-4.8912079
35.705781	-4.8945517
35.715763	-4.8978965
35.725745	-4.9012421
35.735727	-4.9045887
35.745709	-4.9079362
35.755691	-4.9112847
35.765673	-4.9146341
35.775655	-4.9179844
35.785637	-4.9213356
35.795619	-4.9246878
35.805601	-4.9280409
35.815583	-4.9313949
35.825565	-4.9347499
35.835547	-4.9381057
35.845529	-4.9414625
35.855511	-4.9448202
35.865493	-4.9481789
35.875475	-4.9515384
35.885457	-4.9548989
35.895439	-4.9582603
35.905421	-4.9616226
35.915403	-4.9649859
35.925385	-4.96835
35.935367	-4.9717151
35.945349	-4.9750811
35.955331	-4.978448
35.965313	-4.9818158
35.975295	-4.9851845
35.985277	-4.9885541
35.995259	-4.9919247
36.005241	-4.9952962
36.015223	-4.9986685
36.025205	-5.0020418
36.035187	-5.005416
36.045169	-5.0087911
36.055151	-5.0121671
36.065133	-5.015544
36.075115	-5.0189218
36.085097	-5.0223005
36.095079	-5.0256801
36.105061	-5.0290606
36.115043	-5.0324421
36.125025	-5.0358244
36.135007	-5.0392076
36.144989	-5.0425917
36.154971	-5.0459767
36.164953	-5.0493626
36.174935	-5.0527494
36.184917	-5.0561372
36.194899	-5.0595258
36.204881	-5.0629152
36.214863	-5.0663056
36.224845	-5.0696969
36.234827	-5.0730891
36.244809	-5.0764821
36.254791	-5.0798761
36.264773	-5.0832709
36.274755	-5.0866667
36.284737	-5.0900633
36.294719	-5.0934608
36.304701	-5.0968592
36.314683	-5.1002584
36.324665	-5.1036586
36.334647	-5.1070596
36.344629	-5.1104615
36.354611	-5.1138644
36.364593	-5.117268
36.374575	-5.1206726
36.384557	-5.124078
36.394539	-5.1274844
36.404521	-5.1308916
36.414503	-5.1342996
36.424485	-5.1377086
36.434467	-5.1411184
36.444449	-5.1445291
36.454431	-5.1479407
36.464413	-5.1513531
36.474395	-5.1547664
36.484377	-5.1581806
36.494359	-5.1615957
36.504341	-5.1650116
36.514323	-5.1684284
36.524305	-5.171846
36.534287	-5.1752646
36.544269	-5.178684
36.554251	-5.1821042
36.564233	-5.1855253
36.574215	-5.1889473
36.584197	-5.1923702
36.594179	-5.1957939
36.604161	-5.1992184
36.614143	-5.2026439
36.624125	-5.2060701
36.634107	-5.2094973
36.644089	-5.2129253
36.654071	-5.2163542
36.664053	-5.2197839
36.674035	-5.2232144
36.684017	-5.2266459
36.693999	-5.2300781
36.703981	-5.2335113
36.713963	-5.2369452
36.723945	-5.2403801
36.733927	-5.2438157
36.743909	-5.2472523
36.753891	-5.2506896
36.763873	-5.2541279
36.773855	-5.2575669
36.783837	-5.2610068
36.793819	-5.2644476
36.803801	-5.2678892
36.813783	-5.2713317
36.823765	-5.2747749
36.833747	-5.2782191
36.843729	-5.281664
36.853711	-5.2851098
36.863693	-5.2885565
36.873675	-5.292004
36.883657	-5.2954523
36.893639	-5.2989015
36.903621	-5.3023515
36.913603	-5.3058023
36.923585	-5.3092539
36.933567	-5.3127064
36.943549	-5.3161598
36.953531	-5.3196139
36.963513	-5.3230689
36.973495	-5.3265247
36.983477	-5.3299814
36.993459	-5.3334389
37.003441	-5.3368972
37.013423	-5.3403563
37.023405	-5.3438162
37.033387	-5.347277
37.043369	-5.3507386
37.053351	-5.354201
37.063333	-5.3576643
37.073315	-5.3611284
37.083297	-5.3645932
37.093279	-5.368059
37.103261	-5.3715255
37.113243	-5.3749928
37.123225	-5.378461
37.133207	-5.38193
37.143189	-5.3853997
37.153171	-5.3888703
37.163153	-5.3923418
37.173135	-5.395814
37.183117	-5.399287
37.193099	-5.4027609
37.203081	-5.4062356
37.213063	-5.409711
37.223045	-5.4131873
37.233027	-5.4166644
37.243009	-5.4201423
37.252991	-5.423621
37.262973	-5.4271005
37.272955	-5.4305808
37.282937	-5.4340619
37.292919	-5.4375438
37.302901	-5.4410266
37.312883	-5.4445101
37.322865	-5.4479944
37.332847	-5.4514795
37.342829	-5.4549654
37.352811	-5.4584521
37.362793	-5.4619397
37.372775	-5.465428
37.382757	-5.4689171
37.392739	-5.4724069
37.402721	-5.4758976
37.412703	-5.4793891
37.422685	-5.4828814
37.432667	-5.4863744
37.442649	-5.4898683
37.452631	-5.4933629
37.462613	-5.4968584
37.472595	-5.5003546
37.482577	-5.5038516
37.492559	-5.5073494
37.502541	-5.5108479
37.512523	-5.5143473
37.522505	-5.5178474
37.532486	-5.5213483
37.542468	-5.52485
37.55245	-5.5283525
37.562432	-5.5318558
37.572414	-5.5353598
37.582396	-5.5388646
37.592378	-5.5423702
37.60236	-5.5458766
37.612342	-5.5493838
37.622324	-5.5528917
37.632306	-5.5564004
37.642288	-5.5599098
37.65227	-5.5634201
37.662252	-5.5669311
37.672234	-5.5704429
37.682216	-5.5739554
37.692198	-5.5774687
37.70218	-5.5809828
37.712162	-5.5844977
37.722144	-5.5880133
37.732126	-5.5915297
37.742108	-5.5950468
37.75209	-5.5985647
37.762072	-5.6020834
37.772054	-5.6056028
37.782036	-5.609123
37.792018	-5.612644
37.802	-5.6161657
37.811982	-5.6196882
37.821964	-5.6232114
37.831946	-5.6267354
37.841928	-5.6302601
37.85191	-5.6337856
37.861892	-5.6373119
37.871874	-5.6408389
37.881856	-5.6443666
37.891838	-5.6478951
37.90182	-5.6514244
37.911802	-5.6549544
37.921784	-5.6584852
37.931766	-5.6620167
37.941748	-5.6655489
37.95173	-5.6690819
37.961712	-5.6726157
37.971694	-5.6761502
37.981676	-5.6796854
37.991658	-5.6832214
38.00164	-5.6867581
38.011622	-5.6902955
38.021604	-5.6938337
38.031586	-5.6973727
38.041568	-5.7009124
38.05155	-5.7044528
38.061532	-5.7079939
38.071514	-5.7115358
38.081496	-5.7150784
38.091478	-5.7186218
38.10146	-5.7221659
38.111442	-5.7257107
38.121424	-5.7292563
38.131406	-5.7328026
38.141388	-5.7363496
38.15137	-5.7398973
38.161352	-5.7434458
38.171334	-5.746995
38.181316	-5.7505449
38.191298	-5.7540956
38.20128	-5.757647
38.211262	-5.7611991
38.221244	-5.7647519
38.231226	-5.7683055
38.241208	-5.7718597
38.25119	-5.7754147
38.261172	-5.7789704
38.271154	-5.7825269
38.281136	-5.786084
38.291118	-5.7896419
38.3011	-5.7932005
38.311082	-5.7967598
38.321064	-5.8003198
38.331046	-5.8038805
38.341028	-5.807442
38.35101	-5.8110041
38.360992	-5.814567
38.370974	-5.8181306
38.380956	-5.8216948
38.390938	-5.8252598
38.40092	-5.8288255
38.410902	-5.832392
38.420884	-5.8359591
38.430866	-5.8395269
38.440848	-5.8430954
38.45083	-5.8466647
38.460812	-5.8502346
38.470794	-5.8538052
38.480776	-5.8573766
38.490758	-5.8609486
38.50074	-5.8645213
38.510722	-5.8680948
38.520704	-5.8716689
38.530686	-5.8752437
38.540668	-5.8788193
38.55065	-5.8823955
38.560632	-5.8859724
38.570614	-5.88955
38.580596	-5.8931283
38.590578	-5.8967073
38.60056	-5.900287
38.610542	-5.9038674
38.620524	-5.9074484
38.630506	-5.9110302
38.640488	-5.9146126
38.65047	-5.9181958
38.660452	-5.9217796
38.670434	-5.9253641
38.680416	-5.9289492
38.690398	-5.9325351
38.70038	-5.9361217
38.710362	-5.9397089
38.720344	-5.9432968
38.730326	-5.9468854
38.740308	-5.9504747
38.75029	-5.9540646
38.760272	-5.9576552
38.770254	-5.9612465
38.780236	-5.9648385
38.790218	-5.9684312
38.8002	-5.9720245
38.810182	-5.9756185
38.820164	-5.9792132
38.830146	-5.9828085
38.840128	-5.9864045
38.85011	-5.9900012
38.860092	-5.9935986
38.870074	-5.9971966
38.880056	-6.0007953
38.890038	-6.0043946
38.90002	-6.0079947
38.910002	-6.0115954
38.919984	-6.0151967
38.929966	-6.0187987
38.939948	-6.0224014
38.94993	-6.0260047
38.959912	-6.0296087
38.969894	-6.0332134
38.979876	-6.0368187
38.989858	-6.0404247
38.99984	-6.0440313
39.009822	-6.0476386
39.019804	-6.0512465
39.029786	-6.0548551
39.039768	-6.0584644
39.04975	-6.0620743
39.059732	-6.0656848
39.069714	-6.069296
39.079696	-6.0729079
39.089678	-6.0765204
39.09966	-6.0801335
39.109642	-6.0837474
39.119624	-6.0873618
39.129606	-6.0909769
39.139588	-6.0945926
39.14957	-6.098209
39.159552	-6.101826
39.169534	-6.1054437
39.179516	-6.109062
39.189498	-6.112681
39.19948	-6.1163006
39.209462	-6.1199208
39.219444	-6.1235417
39.229426	-6.1271632
39.239408	-6.1307853
39.24939	-6.1344081
39.259372	-6.1380315
39.269354	-6.1416556
39.279336	-6.1452803
39.289318	-6.1489056
39.2993	-6.1525315
39.309282	-6.1561581
39.319264	-6.1597853
39.329246	-6.1634132
39.339228	-6.1670416
39.34921	-6.1706707
39.359192	-6.1743005
39.369174	-6.1779308
39.379156	-6.1815618
39.389138	-6.1851934
39.39912	-6.1888256
39.409102	-6.1924584
39.419084	-6.1960919
39.429066	-6.199726
39.439048	-6.2033607
39.44903	-6.206996
39.459012	-6.210632
39.468994	-6.2142685
39.478976	-6.2179057
39.488958	-6.2215435
39.49894	-6.2251819
39.508922	-6.2288209
39.518904	-6.2324605
39.528886	-6.2361008
39.538868	-6.2397416
39.54885	-6.2433831
39.558832	-6.2470252
39.568814	-6.2506679
39.578796	-6.2543112
39.588778	-6.2579551
39.59876	-6.2615996
39.608742	-6.2652447
39.618724	-6.2688904
39.628706	-6.2725367
39.638688	-6.2761837
39.64867	-6.2798312
39.658652	-6.2834793
39.668634	-6.2871281
39.678616	-6.2907774
39.688598	-6.2944273
39.69858	-6.2980779
39.708562	-6.301729
39.718544	-6.3053807
39.728526	-6.309033
39.738508	-6.3126859
39.74849	-6.3163394
39.758472	-6.3199935
39.768454	-6.3236482
39.778436	-6.3273035
39.788418	-6.3309594
39.7984	-6.3346158
39.808382	-6.3382729
39.818364	-6.3419305
39.828346	-6.3455888
39.838328	-6.3492476
39.84831	-6.352907
39.858292	-6.356567
39.868274	-6.3602275
39.878256	-6.3638887
39.888238	-6.3675504
39.89822	-6.3712127
39.908202	-6.3748756
39.918184	-6.3785391
39.928166	-6.3822031
39.938148	-6.3858678
39.94813	-6.389533
39.958112	-6.3931988
39.968094	-6.3968651
39.978076	-6.4005321
39.988058	-6.4041996
39.99804	-6.4078677
40.008022	-6.4115363
40.018004	-6.4152055
40.027986	-6.4188753
40.037968	-6.4225457
40.04795	-6.4262166
40.057932	-6.4298881
40.067914	-6.4335602
40.077896	-6.4372328
40.087878	-6.440906
40.09786	-6.4445798
40.107842	-6.4482541
40.117824	-6.451929
40.127806	-6.4556045
40.137788	-6.4592805
40.14777	-6.4629571
40.157752	-6.4666342
40.167734	-6.4703119
40.177716	-6.4739902
40.187698	-6.477669
40.19768	-6.4813484
40.207662	-6.4850283
40.217644	-6.4887088
40.227626	-6.4923898
40.237608	-6.4960714
40.24759	-6.4997535
40.257572	-6.5034362
40.267554	-6.5071195
40.277536	-6.5108032
40.287518	-6.5144876
40.297499	-6.5181725
40.307481	-6.5218579
40.317463	-6.5255439
40.327445	-6.5292304
40.337427	-6.5329175
40.347409	-6.5366051
40.357391	-6.5402933
40.367373	-6.543982
40.377355	-6.5476712
40.387337	-6.551361
40.397319	-6.5550513
40.407301	-6.5587422
40.417283	-6.5624336
40.427265	-6.5661255
40.437247	-6.569818
40.447229	-6.573511
40.457211	-6.5772046
40.467193	-6.5808986
40.477175	-6.5845933
40.487157	-6.5882884
40.497139	-6.5919841
40.507121	-6.5956803
40.517103	-6.599377
40.527085	-6.6030743
40.537067	-6.6067721
40.547049	-6.6104704
40.557031	-6.6141693
40.567013	-6.6178686
40.576995	-6.6215685
40.586977	-6.625269
40.596959	-6.6289699
40.606941	-6.6326714
40.616923	-6.6363734
40.626905	-6.6400759
40.636887	-6.6437789
40.646869	-6.6474825
40.656851	-6.6511866
40.666833	-6.6548912
40.676815	-6.6585963
40.686797	-6.6623019
40.696779	-6.666008
40.706761	-6.6697147
40.716743	-6.6734219
40.726725	-6.6771295
40.736707	-6.6808377
40.746689	-6.6845464
40.756671	-6.6882557
40.766653	-6.6919654
40.776635	-6.6956756
40.786617	-6.6993864
40.796599	-6.7030976
40.806581	-6.7068094
40.816563	-6.7105216
40.826545	-6.7142344
40.836527	-6.7179477
40.846509	-6.7216614
40.856491	-6.7253757
40.866473	-6.7290905
40.876455	-6.7328058
40.886437	-6.7365215
40.896419	-6.7402378
40.906401	-6.7439546
40.916383	-6.7476719
40.926365	-6.7513896
40.936347	-6.7551079
40.946329	-6.7588267
40.956311	-6.7625459
40.966293	-6.7662657
40.976275	-6.7699859
40.986257	-6.7737066
40.996239	-6.7774279
41.006221	-6.7811496
41.016203	-6.7848718
41.026185	-6.7885945
41.036167	-6.7923176
41.046149	-6.7960413
41.056131	-6.7997655
41.066113	-6.8034901
41.076095	-6.8072152
41.086077	-6.8109408
41.096059	-6.8146669
41.106041	-6.8183935
41.116023	-6.8221205
41.126005	-6.8258481
41.135987	-6.8295761
41.145969	-6.8333046
41.155951	-6.8370335
41.165933	-6.840763
41.175915	-6.8444929
41.185897	-6.8482233
41.195879	-6.8519542
41.205861	-6.8556855
41.215843	-6.8594173
41.225825	-6.8631496
41.235807	-6.8668824
41.245789	-6.8706156
41.255771	-6.8743493
41.265753	-6.8780835
41.275735	-6.8818181
41.285717	-6.8855532
41.295699	-6.8892888
41.305681	-6.8930249
41.315663	-6.8967614
41.325645	-6.9004983
41.335627	-6.9042358
41.345609	-6.9079737
41.355591	-6.911712
41.365573	-6.9154509
41.375555	-6.9191901
41.385537	-6.9229299
41.395519	-6.9266701
41.405501	-6.9304108
41.415483	-6.9341519
41.425465	-6.9378934
41.435447	-6.9416355
41.445429	-6.945378
41.455411	-6.9491209
41.465393	-6.9528643
41.475375	-6.9566081
41.485357	-6.9603524
41.495339	-6.9640972
41.505321	-6.9678424
41.515303	-6.971588
41.525285	-6.9753341
41.535267	-6.9790806
41.545249	-6.9828276
41.555231	-6.9865751
41.565213	-6.990323
41.575195	-6.9940713
41.585177	-6.99782
41.595159	-7.0015693
41.605141	-7.0053189
41.615123	-7.009069
41.625105	-7.0128195
41.635087	-7.0165705
41.645069	-7.0203219
41.655051	-7.0240738
41.665033	-7.0278261
41.675015	-7.0315788
41.684997	-7.035332
41.694979	-7.0390856
41.704961	-7.0428396
41.714943	-7.0465941
41.724925	-7.050349
41.734907	-7.0541043
41.744889	-7.0578601
41.754871	-7.0616162
41.764853	-7.0653729
41.774835	-7.0691299
41.784817	-7.0728874
41.794799	-7.0766453
41.804781	-7.0804036
41.814763	-7.0841624
41.824745	-7.0879216
41.834727	-7.0916812
41.844709	-7.0954412
41.854691	-7.0992017
41.864673	-7.1029625
41.874655	-7.1067238
41.884637	-7.1104855
41.894619	-7.1142477
41.904601	-7.1180102
41.914583	-7.1217732
41.924565	-7.1255366
41.934547	-7.1293004
41.944529	-7.1330646
41.954511	-7.1368293
41.964493	-7.1405943
41.974475	-7.1443598
41.984457	-7.1481256
41.994439	-7.1518919
42.004421	-7.1556586
42.014403	-7.1594257
42.024385	-7.1631932
42.034367	-7.1669612
42.044349	-7.1707295
42.054331	-7.1744982
42.064313	-7.1782674
42.074295	-7.1820369
42.084277	-7.1858069
42.094259	-7.1895773
42.104241	-7.193348
42.114223	-7.1971192
42.124205	-7.2008907
42.134187	-7.2046627
42.144169	-7.2084351
42.154151	-7.2122079
42.164133	-7.215981
42.174115	-7.2197546
42.184097	-7.2235285
42.194079	-7.2273029
42.204061	-7.2310776
42.214043	-7.2348528
42.224025	-7.2386283
42.234007	-7.2424043
42.243989	-7.2461806
42.253971	-7.2499573
42.263953	-7.2537344
42.273935	-7.2575119
42.283917	-7.2612898
42.293899	-7.2650681
42.303881	-7.2688467
42.313863	-7.2726258
42.323845	-7.2764052
42.333827	-7.280185
42.343809	-7.2839652
42.353791	-7.2877458
42.363773	-7.2915268
42.373755	-7.2953082
42.383737	-7.2990899
42.393719	-7.302872
42.403701	-7.3066545
42.413683	-7.3104374
42.423665	-7.3142206
42.433647	-7.3180043
42.443629	-7.3217883
42.453611	-7.3255727
42.463593	-7.3293574
42.473575	-7.3331426
42.483557	-7.3369281
42.493539	-7.3407139
42.503521	-7.3445002
42.513503	-7.3482868
42.523485	-7.3520738
42.533467	-7.3558612
42.543449	-7.3596489
42.553431	-7.363437
42.563413	-7.3672255
42.573395	-7.3710143
42.583377	-7.3748035
42.593359	-7.3785931
42.603341	-7.3823831
42.613323	-7.3861734
42.623305	-7.389964
42.633287	-7.3937551
42.643269	-7.3975464
42.653251	-7.4013382
42.663233	-7.4051303
42.673215	-7.4089228
42.683197	-7.4127156
42.693179	-7.4165088
42.703161	-7.4203023
42.713143	-7.4240962
42.723125	-7.4278905
42.733107	-7.4316851
42.743089	-7.4354801
42.753071	-7.4392754
42.763053	-7.443071
42.773035	-7.4468671
42.783017	-7.4506634
42.792999	-7.4544602
42.802981	-7.4582572
42.812963	-7.4620547
42.822945	-7.4658524
42.832927	-7.4696506
42.842909	-7.473449
42.852891	-7.4772478
42.862873	-7.481047
42.872855	-7.4848465
42.882837	-7.4886463
42.892819	-7.4924465
42.902801	-7.4962471
42.912783	-7.5000479
42.922765	-7.5038491
42.932747	-7.5076507
42.942729	-7.5114526
42.952711	-7.5152548
42.962693	-7.5190574
42.972675	-7.5228603
42.982657	-7.5266635
42.992639	-7.5304671
43.002621	-7.534271
43.012603	-7.5380753
43.022585	-7.5418799
43.032567	-7.5456848
43.042549	-7.54949
43.052531	-7.5532956
43.062513	-7.5571015
43.072494	-7.5609077
43.082476	-7.5647143
43.092458	-7.5685212
43.10244	-7.5723284
43.112422	-7.576136
43.122404	-7.5799438
43.132386	-7.583752
43.142368	-7.5875606
43.15235	-7.5913694
43.162332	-7.5951786
43.172314	-7.5989881
43.182296	-7.6027979
43.192278	-7.606608
43.20226	-7.6104185
43.212242	-7.6142293
43.222224	-7.6180403
43.232206	-7.6218518
43.242188	-7.6256635
43.25217	-7.6294755
43.262152	-7.6332879
43.272134	-7.6371006
43.282116	-7.6409136
43.292098	-7.6447269
43.30208	-7.6485405
43.312062	-7.6523544
43.322044	-7.6561686
43.332026	-7.6599832
43.342008	-7.663798
43.35199	-7.6676132
43.361972	-7.6714287
43.371954	-7.6752445
43.381936	-7.6790606
43.391918	-7.682877
43.4019	-7.6866937
43.411882	-7.6905107
43.421864	-7.694328
43.431846	-7.6981456
43.441828	-7.7019635
43.45181	-7.7057817
43.461792	-7.7096003
43.471774	-7.7134191
43.481756	-7.7172382
43.491738	-7.7210576
43.50172	-7.7248773
43.511702	-7.7286974
43.521684	-7.7325177
43.531666	-7.7363383
43.541648	-7.7401592
43.55163	-7.7439804
43.561612	-7.7478019
43.571594	-7.7516237
43.581576	-7.7554457
43.591558	-7.7592681
43.60154	-7.7630908
43.611522	-7.7669137
43.621504	-7.770737
43.631486	-7.7745605
43.641468	-7.7783843
43.65145	-7.7822084
43.661432	-7.7860328
43.671414	-7.7898575
43.681396	-7.7936825
43.691378	-7.7975077
43.70136	-7.8013332
43.711342	-7.8051591
43.721324	-7.8089851
43.731306	-7.8128115
43.741288	-7.8166382
43.75127	-7.8204651
43.761252	-7.8242924
43.771234	-7.8281199
43.781216	-7.8319476
43.791198	-7.8357757
43.80118	-7.839604
43.811162	-7.8434326
43.821144	-7.8472615
43.831126	-7.8510907
43.841108	-7.8549201
43.85109	-7.8587498
43.861072	-7.8625798
43.871054	-7.86641
43.881036	-7.8702406
43.891018	-7.8740713
43.901	-7.8779024
43.910982	-7.8817337
43.920964	-7.8855653
43.930946	-7.8893972
43.940928	-7.8932293
43.95091	-7.8970617
43.960892	-7.9008944
43.970874	-7.9047273
43.980856	-7.9085605
43.990838	-7.912394
44.00082	-7.9162277
44.010802	-7.9200617
44.020784	-7.9238959
44.030766	-7.9277304
44.040748	-7.9315652
44.05073	-7.9354002
44.060712	-7.9392355
44.070694	-7.943071
44.080676	-7.9469068
44.090658	-7.9507429
44.10064	-7.9545792
44.110622	-7.9584157
44.120604	-7.9622526
44.130586	-7.9660896
44.140568	-7.9699269
44.15055	-7.9737645
44.160532	-7.9776023
44.170514	-7.9814404
44.180496	-7.9852788
44.190478	-7.9891173
44.20046	-7.9929562
44.210442	-7.9967952
44.220424	-8.0006345
44.230406	-8.0044741
44.240388	-8.0083139
44.25037	-8.012154
44.260352	-8.0159943
44.270334	-8.0198348
44.280316	-8.0236756
44.290298	-8.0275167
44.30028	-8.0313579
44.310262	-8.0351994
44.320244	-8.0390412
44.330226	-8.0428832
44.340208	-8.0467254
44.35019	-8.0505679
44.360172	-8.0544106
44.370154	-8.0582536
44.380136	-8.0620968
44.390118	-8.0659402
44.4001	-8.0697838
44.410082	-8.0736277
44.420064	-8.0774718
44.430046	-8.0813162
44.440028	-8.0851608
44.45001	-8.0890056
44.459992	-8.0928506
44.469974	-8.0966959
44.479956	-8.1005414
44.489938	-8.1043872
44.49992	-8.1082331
44.509902	-8.1120793
44.519884	-8.1159258
44.529866	-8.1197724
44.539848	-8.1236193
44.54983	-8.1274664
44.559812	-8.1313137
44.569794	-8.1351612
44.579776	-8.139009
44.589758	-8.142857
44.59974	-8.1467052
44.609722	-8.1505536
44.619704	-8.1544023
44.629686	-8.1582511
44.639668	-8.1621002
44.64965	-8.1659495
44.659632	-8.1697991
44.669614	-8.1736488
44.679596	-8.1774988
44.689578	-8.1813489
44.69956	-8.1851993
44.709542	-8.1890499
44.719524	-8.1929007
44.729506	-8.1967517
44.739488	-8.200603
44.74947	-8.2044544
44.759452	-8.2083061
44.769434	-8.212158
44.779416	-8.21601
44.789398	-8.2198623
44.79938	-8.2237148
44.809362	-8.2275675
44.819344	-8.2314204
44.829326	-8.2352735
44.839308	-8.2391268
44.84929	-8.2429804
44.859272	-8.2468341
44.869254	-8.250688
44.879236	-8.2545422
44.889218	-8.2583965
44.8992	-8.262251
44.909182	-8.2661058
44.919164	-8.2699607
44.929146	-8.2738158
44.939128	-8.2776712
44.94911	-8.2815267
44.959092	-8.2853824
44.969074	-8.2892383
44.979056	-8.2930945
44.989038	-8.2969508
44.99902	-8.3008073
45.009002	-8.304664
45.018984	-8.3085209
45.028966	-8.312378
45.038948	-8.3162353
45.04893	-8.3200927
45.058912	-8.3239504
45.068894	-8.3278083
45.078876	-8.3316663
45.088858	-8.3355245
45.09884	-8.339383
45.108822	-8.3432416
45.118804	-8.3471004
45.128786	-8.3509593
45.138768	-8.3548185
45.14875	-8.3586779
45.158732	-8.3625374
45.168714	-8.3663971
45.178696	-8.370257
45.188678	-8.3741171
45.19866	-8.3779773
45.208642	-8.3818378
45.218624	-8.3856984
45.228606	-8.3895592
45.238588	-8.3934202
45.24857	-8.3972814
45.258552	-8.4011427
45.268534	-8.4050042
45.278516	-8.4088659
45.288498	-8.4127278
45.29848	-8.4165898
45.308462	-8.420452
45.318444	-8.4243144
45.328426	-8.428177
45.338408	-8.4320397
45.34839	-8.4359026
45.358372	-8.4397657
45.368354	-8.443629
45.378336	-8.4474924
45.388318	-8.451356
45.3983	-8.4552197
45.408282	-8.4590836
45.418264	-8.4629477
45.428246	-8.466812
45.438228	-8.4706764
45.44821	-8.474541
45.458192	-8.4784058
45.468174	-8.4822707
45.478156	-8.4861358
45.488138	-8.490001
45.49812	-8.4938664
45.508102	-8.497732
45.518084	-8.5015977
45.528066	-8.5054636
45.538048	-8.5093296
45.54803	-8.5131958
45.558012	-8.5170622
45.567994	-8.5209287
45.577976	-8.5247954
45.587958	-8.5286622
45.59794	-8.5325292
45.607922	-8.5363964
45.617904	-8.5402637
45.627886	-8.5441311
45.637868	-8.5479988
45.64785	-8.5518665
45.657832	-8.5557344
45.667814	-8.5596025
45.677796	-8.5634707
45.687778	-8.5673391
45.69776	-8.5712076
45.707742	-8.5750762
45.717724	-8.5789451
45.727706	-8.582814
45.737688	-8.5866831
45.74767	-8.5905524
45.757652	-8.5944218
45.767634	-8.5982913
45.777616	-8.602161
45.787598	-8.6060308
45.79758	-8.6099008
45.807562	-8.6137709
45.817544	-8.6176412
45.827526	-8.6215116
45.837508	-8.6253821
45.847489	-8.6292528
45.857471	-8.6331236
45.867453	-8.6369946
45.877435	-8.6408657
45.887417	-8.6447369
45.897399	-8.6486083
45.907381	-8.6524798
45.917363	-8.6563514
45.927345	-8.6602232
45.937327	-8.6640951
45.947309	-8.6679672
45.957291	-8.6718393
45.967273	-8.6757117
45.977255	-8.6795841
45.987237	-8.6834567
45.997219	-8.6873294
46.007201	-8.6912022
46.017183	-8.6950752
46.027165	-8.6989483
46.037147	-8.7028215
46.047129	-8.7066948
46.057111	-8.7105683
46.067093	-8.7144419
46.077075	-8.7183157
46.087057	-8.7221895
46.097039	-8.7260635
46.107021	-8.7299376
46.117003	-8.7338118
46.126985	-8.7376862
46.136967	-8.7415606
46.146949	-8.7454352
46.156931	-8.7493099
46.166913	-8.7531848
46.176895	-8.7570597
46.186877	-8.7609348
46.196859	-8.76481
46.206841	-8.7686853
46.216823	-8.7725607
46.226805	-8.7764363
46.236787	-8.7803119
46.246769	-8.7841877
46.256751	-8.7880636
46.266733	-8.7919396
46.276715	-8.7958157
46.286697	-8.7996919
46.296679	-8.8035683
46.306661	-8.8074447
46.316643	-8.8113213
46.326625	-8.815198
46.336607	-8.8190748
46.346589	-8.8229517
46.356571	-8.8268287
46.366553	-8.8307058
46.376535	-8.834583
46.386517	-8.8384603
46.396499	-8.8423378
46.406481	-8.8462153
46.416463	-8.8500929
46.426445	-8.8539707
46.436427	-8.8578485
46.446409	-8.8617265
46.456391	-8.8656046
46.466373	-8.8694827
46.476355	-8.873361
46.486337	-8.8772393
46.496319	-8.8811178
46.506301	-8.8849964
46.516283	-8.888875
46.526265	-8.8927538
46.536247	-8.8966326
46.546229	-8.9005116
46.556211	-8.9043907
46.566193	-8.9082698
46.576175	-8.9121491
46.586157	-8.9160284
46.596139	-8.9199078
46.606121	-8.9237874
46.616103	-8.927667
46.626085	-8.9315467
46.636067	-8.9354265
46.646049	-8.9393064
46.656031	-8.9431864
46.666013	-8.9470665
46.675995	-8.9509466
46.685977	-8.9548269
46.695959	-8.9587073
46.705941	-8.9625877
46.715923	-8.9664682
46.725905	-8.9703488
46.735887	-8.9742295
46.745869	-8.9781103
46.755851	-8.9819912
46.765833	-8.9858721
46.775815	-8.9897532
46.785797	-8.9936343
46.795779	-8.9975155
46.805761	-9.0013968
46.815743	-9.0052781
46.825725	-9.0091596
46.835707	-9.0130411
46.845689	-9.0169227
46.855671	-9.0208044
46.865653	-9.0246862
46.875635	-9.028568
46.885617	-9.0324499
46.895599	-9.0363319
46.905581	-9.040214
46.915563	-9.0440961
46.925545	-9.0479784
46.935527	-9.0518607
46.945509	-9.055743
46.955491	-9.0596255
46.965473	-9.063508
46.975455	-9.0673906
46.985437	-9.0712733
46.995419	-9.075156
47.005401	-9.0790388
47.015383	-9.0829217
47.025365	-9.0868046
47.035347	-9.0906876
47.045329	-9.0945707
47.055311	-9.0984539
47.065293	-9.1023371
47.075275	-9.1062204
47.085257	-9.1101037
47.095239	-9.1139871
47.105221	-9.1178706
47.115203	-9.1217542
47.125185	-9.1256378
47.135167	-9.1295214
47.145149	-9.1334052
47.155131	-9.137289
47.165113	-9.1411728
47.175095	-9.1450567
47.185077	-9.1489407
47.195059	-9.1528248
47.205041	-9.1567089
47.215023	-9.160593
47.225005	-9.1644772
47.234987	-9.1683615
47.244969	-9.1722458
47.254951	-9.1761302
47.264933	-9.1800147
47.274915	-9.1838992
47.284897	-9.1877837
47.294879	-9.1916683
47.304861	-9.195553
47.314843	-9.1994377
47.324825	-9.2033225
47.334807	-9.2072073
47.344789	-9.2110921
47.354771	-9.2149771
47.364753	-9.218862
47.374735	-9.222747
47.384717	-9.2266321
47.394699	-9.2305172
47.404681	-9.2344024
47.414663	-9.2382876
47.424645	-9.2421729
47.434627	-9.2460582
47.444609	-9.2499435
47.454591	-9.2538289
47.464573	-9.2577144
47.474555	-9.2615999
47.484537	-9.2654854
47.494519	-9.269371
47.504501	-9.2732566
47.514483	-9.2771422
47.524465	-9.2810279
47.534447	-9.2849137
47.544429	-9.2887994
47.554411	-9.2926853
47.564393	-9.2965711
47.574375	-9.300457
47.584357	-9.304343
47.594339	-9.3082289
47.604321	-9.3121149
47.614303	-9.316001
47.624285	-9.3198871
47.634267	-9.3237732
47.644249	-9.3276593
47.654231	-9.3315455
47.664213	-9.3354317
47.674195	-9.339318
47.684177	-9.3432043
47.694159	-9.3470906
47.704141	-9.350977
47.714123	-9.3548633
47.724105	-9.3587497
47.734087	-9.3626362
47.744069	-9.3665227
47.754051	-9.3704092
47.764033	-9.3742957
47.774015	-9.3781822
47.783997	-9.3820688
47.793979	-9.3859554
47.803961	-9.3898421
47.813943	-9.3937287
47.823925	-9.3976154
47.833907	-9.4015021
47.843889	-9.4053889
47.853871	-9.4092756
47.863853	-9.4131624
47.873835	-9.4170492
47.883817	-9.420936
47.893799	-9.4248229
47.903781	-9.4287097
47.913763	-9.4325966
47.923745	-9.4364835
47.933727	-9.4403705
47.943709	-9.4442574
47.953691	-9.4481444
47.963673	-9.4520313
47.973655	-9.4559183
47.983637	-9.4598054
47.993619	-9.4636924
48.003601	-9.4675794
48.013583	-9.4714665
48.023565	-9.4753536
48.033547	-9.4792407
48.043529	-9.4831278
48.053511	-9.4870149
48.063493	-9.490902
48.073475	-9.4947891
48.083457	-9.4986763
48.093439	-9.5025635
48.103421	-9.5064506
48.113403	-9.5103378
48.123385	-9.514225
48.133367	-9.5181122
48.143349	-9.5219994
48.153331	-9.5258866
48.163313	-9.5297738
48.173295	-9.5336611
48.183277	-9.5375483
48.193259	-9.5414355
48.203241	-9.5453228
48.213223	-9.54921
48.223205	-9.5530973
48.233187	-9.5569845
48.243169	-9.5608718
48.253151	-9.5647591
48.263133	-9.5686463
48.273115	-9.5725336
48.283097	-9.5764208
48.293079	-9.5803081
48.303061	-9.5841954
48.313043	-9.5880826
48.323025	-9.5919699
48.333007	-9.5958572
48.342989	-9.5997444
48.352971	-9.6036317
48.362953	-9.6075189
48.372935	-9.6114062
48.382917	-9.6152934
48.392899	-9.6191807
48.402881	-9.6230679
48.412863	-9.6269551
48.422845	-9.6308423
48.432827	-9.6347295
48.442809	-9.6386168
48.452791	-9.642504
48.462773	-9.6463911
48.472755	-9.6502783
48.482737	-9.6541655
48.492719	-9.6580527
48.502701	-9.6619398
48.512683	-9.6658269
48.522665	-9.6697141
48.532647	-9.6736012
48.542629	-9.6774883
48.552611	-9.6813754
48.562593	-9.6852625
48.572575	-9.6891495
48.582557	-9.6930366
48.592539	-9.6969236
48.602521	-9.7008106
48.612503	-9.7046976
48.622484	-9.7085846
48.632466	-9.7124716
48.642448	-9.7163585
48.65243	-9.7202454
48.662412	-9.7241324
48.672394	-9.7280193
48.682376	-9.7319061
48.692358	-9.735793
48.70234	-9.7396798
48.712322	-9.7435666
48.722304	-9.7474534
48.732286	-9.7513402
48.742268	-9.7552269
48.75225	-9.7591137
48.762232	-9.7630003
48.772214	-9.766887
48.782196	-9.7707737
48.792178	-9.7746603
48.80216	-9.7785469
48.812142	-9.7824335
48.822124	-9.78632
48.832106	-9.7902065
48.842088	-9.794093
48.85207	-9.7979795
48.862052	-9.8018659
48.872034	-9.8057523
48.882016	-9.8096387
48.891998	-9.813525
48.90198	-9.8174114
48.911962	-9.8212976
48.921944	-9.8251839
48.931926	-9.8290701
48.941908	-9.8329563
48.95189	-9.8368425
48.961872	-9.8407286
48.971854	-9.8446147
48.981836	-9.8485007
48.991818	-9.8523867
49.0018	-9.8562727
49.011782	-9.8601587
49.021764	-9.8640446
49.031746	-9.8679304
49.041728	-9.8718163
49.05171	-9.8757021
49.061692	-9.8795878
49.071674	-9.8834735
49.081656	-9.8873592
49.091638	-9.8912449
49.10162	-9.8951305
49.111602	-9.899016
49.121584	-9.9029015
49.131566	-9.906787
49.141548	-9.9106724
49.15153	-9.9145578
49.161512	-9.9184432
49.171494	-9.9223285
49.181476	-9.9262137
49.191458	-9.930099
49.20144	-9.9339841
49.211422	-9.9378693
49.221404	-9.9417543
49.231386	-9.9456394
49.241368	-9.9495243
49.25135	-9.9534093
49.261332	-9.9572942
49.271314	-9.961179
49.281296	-9.9650638
49.291278	-9.9689485
49.30126	-9.9728332
49.311242	-9.9767179
49.321224	-9.9806024
49.331206	-9.984487
49.341188	-9.9883715
49.35117	-9.9922559
49.361152	-9.9961403
49.371134	-10.000025
49.381116	-10.003909
49.391098	-10.007793
49.40108	-10.011677
49.411062	-10.015561
49.421044	-10.019445
49.431026	-10.023329
49.441008	-10.027213
49.45099	-10.031097
49.460972	-10.034981
49.470954	-10.038865
49.480936	-10.042749
49.490918	-10.046632
49.5009	-10.050516
49.510882	-10.054399
49.520864	-10.058283
49.530846	-10.062166
49.540828	-10.06605
49.55081	-10.069933
49.560792	-10.073816
49.570774	-10.077699
49.580756	-10.081582
49.590738	-10.085465
49.60072	-10.089348
49.610702	-10.093231
49.620684	-10.097114
49.630666	-10.100997
49.640648	-10.10488
49.65063	-10.108762
49.660612	-10.112645
49.670594	-10.116527
49.680576	-10.12041
49.690558	-10.124292
49.70054	-10.128174
49.710522	-10.132057
49.720504	-10.135939
49.730486	-10.139821
49.740468	-10.143703
49.75045	-10.147585
49.760432	-10.151467
49.770414	-10.155349
49.780396	-10.15923
49.790378	-10.163112
49.80036	-10.166993
49.810342	-10.170875
49.820324	-10.174756
49.830306	-10.178638
49.840288	-10.182519
49.85027	-10.1864
49.860252	-10.190281
49.870234	-10.194163
49.880216	-10.198043
49.890198	-10.201924
49.90018	-10.205805
49.910162	-10.209686
49.920144	-10.213567
49.930126	-10.217447
49.940108	-10.221328
49.95009	-10.225208
49.960072	-10.229089
49.970054	-10.232969
49.980036	-10.236849
49.990018	-10.240729
50	-10.244609
