Freq_GHz	Model_dBm_5mA	Model_Norm_dB
0.1	-2.04131	0
0.109977	-2.04133	-2.30167e-05
0.119955	-2.04136	-4.82207e-05
0.129932	-2.04139	-7.56122e-05
0.13991	-2.04141	-0.000105191
0.149887	-2.04145	-0.000136957
0.159865	-2.04148	-0.000170911
0.169842	-2.04152	-0.000207052
0.17982	-2.04156	-0.00024538
0.189797	-2.0416	-0.000285896
0.199775	-2.04164	-0.0003286
0.209752	-2.04168	-0.000373491
0.21973	-2.04173	-0.000420569
0.229707	-2.04178	-0.000469835
0.239685	-2.04183	-0.000521288
0.249662	-2.04188	-0.000574929
0.25964	-2.04194	-0.000630757
0.269617	-2.042	-0.000688773
0.279595	-2.04206	-0.000748976
0.289572	-2.04212	-0.000811367
0.29955	-2.04219	-0.000875945
0.309527	-2.04225	-0.000942711
0.319505	-2.04232	-0.00101166
0.329482	-2.04239	-0.00108281
0.33946	-2.04247	-0.00115613
0.349437	-2.04254	-0.00123165
0.359415	-2.04262	-0.00130935
0.369392	-2.0427	-0.00138925
0.37937	-2.04278	-0.00147133
0.389347	-2.04287	-0.00155559
0.399325	-2.04295	-0.00164205
0.409302	-2.04304	-0.00173069
0.41928	-2.04313	-0.00182152
0.429257	-2.04322	-0.00191454
0.439235	-2.04332	-0.00200974
0.449212	-2.04342	-0.00210714
0.45919	-2.04352	-0.00220672
0.469167	-2.04362	-0.00230849
0.479145	-2.04372	-0.00241245
0.489122	-2.04383	-0.00251859
0.4991	-2.04394	-0.00262692
0.509077	-2.04405	-0.00273745
0.519055	-2.04416	-0.00285015
0.529032	-2.04427	-0.00296505
0.53901	-2.04439	-0.00308214
0.548987	-2.04451	-0.00320141
0.558965	-2.04463	-0.00332287
0.568942	-2.04476	-0.00344652
0.57892	-2.04488	-0.00357236
0.588897	-2.04501	-0.00370038
0.598875	-2.04514	-0.0038306
0.608852	-2.04527	-0.003963
0.61883	-2.04541	-0.00409759
0.628807	-2.04554	-0.00423437
0.638785	-2.04568	-0.00437333
0.648762	-2.04582	-0.00451449
0.65874	-2.04597	-0.00465783
0.668717	-2.04611	-0.00480337
0.678695	-2.04626	-0.00495109
0.688672	-2.04641	-0.00510099
0.69865	-2.04656	-0.00525309
0.708627	-2.04672	-0.00540738
0.718605	-2.04687	-0.00556385
0.728582	-2.04703	-0.00572251
0.73856	-2.04719	-0.00588337
0.748537	-2.04736	-0.00604641
0.758515	-2.04752	-0.00621163
0.768492	-2.04769	-0.00637905
0.77847	-2.04786	-0.00654866
0.788447	-2.04803	-0.00672045
0.798425	-2.0482	-0.00689444
0.808402	-2.04838	-0.00707061
0.81838	-2.04856	-0.00724897
0.828357	-2.04874	-0.00742952
0.838335	-2.04892	-0.00761226
0.848312	-2.04911	-0.00779719
0.85829	-2.04929	-0.00798431
0.868267	-2.04948	-0.00817362
0.878245	-2.04967	-0.00836511
0.888222	-2.04987	-0.0085588
0.8982	-2.05006	-0.00875467
0.908177	-2.05026	-0.00895273
0.918155	-2.05046	-0.00915299
0.928132	-2.05067	-0.00935543
0.93811	-2.05087	-0.00956006
0.948087	-2.05108	-0.00976688
0.958065	-2.05129	-0.00997589
0.968042	-2.0515	-0.0101871
0.97802	-2.05171	-0.0104005
0.987997	-2.05193	-0.0106161
0.997974	-2.05214	-0.0108338
1.00795	-2.05236	-0.0110538
1.01793	-2.05259	-0.0112759
1.02791	-2.05281	-0.0115003
1.03788	-2.05304	-0.0117268
1.04786	-2.05327	-0.0119555
1.05784	-2.0535	-0.0121864
1.06782	-2.05373	-0.0124195
1.07779	-2.05396	-0.0126548
1.08777	-2.0542	-0.0128923
1.09775	-2.05444	-0.013132
1.10773	-2.05468	-0.0133738
1.1177	-2.05493	-0.0136179
1.12768	-2.05517	-0.0138641
1.13766	-2.05542	-0.0141125
1.14764	-2.05567	-0.0143632
1.15761	-2.05593	-0.014616
1.16759	-2.05618	-0.014871
1.17757	-2.05644	-0.0151282
1.18755	-2.0567	-0.0153875
1.19752	-2.05696	-0.0156491
1.2075	-2.05722	-0.0159129
1.21748	-2.05749	-0.0161788
1.22746	-2.05776	-0.016447
1.23743	-2.05803	-0.0167173
1.24741	-2.0583	-0.0169898
1.25739	-2.05857	-0.0172646
1.26737	-2.05885	-0.0175415
1.27734	-2.05913	-0.0178206
1.28732	-2.05941	-0.0181019
1.2973	-2.0597	-0.0183853
1.30728	-2.05998	-0.018671
1.31725	-2.06027	-0.0189589
1.32723	-2.06056	-0.0192489
1.33721	-2.06085	-0.0195412
1.34719	-2.06115	-0.0198356
1.35716	-2.06144	-0.0201323
1.36714	-2.06174	-0.0204311
1.37712	-2.06204	-0.0207321
1.3871	-2.06234	-0.0210353
1.39707	-2.06265	-0.0213407
1.40705	-2.06296	-0.0216483
1.41703	-2.06327	-0.0219581
1.42701	-2.06358	-0.02227
1.43698	-2.06389	-0.0225842
1.44696	-2.06421	-0.0229006
1.45694	-2.06453	-0.0232191
1.46692	-2.06485	-0.0235399
1.47689	-2.06517	-0.0238628
1.48687	-2.0655	-0.0241879
1.49685	-2.06582	-0.0245152
1.50683	-2.06615	-0.0248448
1.5168	-2.06649	-0.0251765
1.52678	-2.06682	-0.0255104
1.53676	-2.06716	-0.0258465
1.54674	-2.06749	-0.0261847
1.55671	-2.06783	-0.0265252
1.56669	-2.06818	-0.0268679
1.57667	-2.06852	-0.0272127
1.58665	-2.06887	-0.0275598
1.59662	-2.06922	-0.027909
1.6066	-2.06957	-0.0282605
1.61658	-2.06992	-0.0286141
1.62656	-2.07028	-0.02897
1.63653	-2.07064	-0.029328
1.64651	-2.071	-0.0296882
1.65649	-2.07136	-0.0300506
1.66647	-2.07172	-0.0304152
1.67644	-2.07209	-0.030782
1.68642	-2.07246	-0.031151
1.6964	-2.07283	-0.0315222
1.70638	-2.07321	-0.0318956
1.71635	-2.07358	-0.0322711
1.72633	-2.07396	-0.0326489
1.73631	-2.07434	-0.0330289
1.74629	-2.07472	-0.033411
1.75626	-2.07511	-0.0337954
1.76624	-2.07549	-0.0341819
1.77622	-2.07588	-0.0345706
1.7862	-2.07627	-0.0349616
1.79617	-2.07666	-0.0353547
1.80615	-2.07706	-0.03575
1.81613	-2.07746	-0.0361476
1.82611	-2.07786	-0.0365473
1.83608	-2.07826	-0.0369492
1.84606	-2.07866	-0.0373533
1.85604	-2.07907	-0.0377596
1.86602	-2.07948	-0.0381681
1.87599	-2.07989	-0.0385788
1.88597	-2.0803	-0.0389916
1.89595	-2.08072	-0.0394067
1.90593	-2.08113	-0.039824
1.9159	-2.08155	-0.0402435
1.92588	-2.08197	-0.0406651
1.93586	-2.0824	-0.041089
1.94584	-2.08282	-0.041515
1.95581	-2.08325	-0.0419433
1.96579	-2.08368	-0.0423738
1.97577	-2.08412	-0.0428064
1.98575	-2.08455	-0.0432412
1.99572	-2.08499	-0.0436783
2.0057	-2.08543	-0.0441175
2.01568	-2.08587	-0.0445589
2.02566	-2.08631	-0.0450026
2.03563	-2.08676	-0.0454484
2.04561	-2.08721	-0.0458964
2.05559	-2.08766	-0.0463466
2.06557	-2.08811	-0.0467991
2.07554	-2.08856	-0.0472537
2.08552	-2.08902	-0.0477105
2.0955	-2.08948	-0.0481695
2.10548	-2.08994	-0.0486307
2.11545	-2.0904	-0.0490941
2.12543	-2.09087	-0.0495597
2.13541	-2.09134	-0.0500275
2.14539	-2.09181	-0.0504975
2.15536	-2.09228	-0.0509697
2.16534	-2.09275	-0.0514441
2.17532	-2.09323	-0.0519206
2.1853	-2.09371	-0.0523994
2.19527	-2.09419	-0.0528804
2.20525	-2.09467	-0.0533636
2.21523	-2.09516	-0.053849
2.22521	-2.09565	-0.0543366
2.23518	-2.09614	-0.0548263
2.24516	-2.09663	-0.0553183
2.25514	-2.09712	-0.0558125
2.26512	-2.09762	-0.0563088
2.27509	-2.09812	-0.0568074
2.28507	-2.09862	-0.0573082
2.29505	-2.09912	-0.0578112
2.30503	-2.09963	-0.0583163
2.315	-2.10013	-0.0588237
2.32498	-2.10064	-0.0593333
2.33496	-2.10115	-0.059845
2.34494	-2.10167	-0.060359
2.35491	-2.10218	-0.0608752
2.36489	-2.1027	-0.0613935
2.37487	-2.10322	-0.0619141
2.38485	-2.10375	-0.0624369
2.39482	-2.10427	-0.0629618
2.4048	-2.1048	-0.063489
2.41478	-2.10533	-0.0640183
2.42476	-2.10586	-0.0645499
2.43473	-2.10639	-0.0650837
2.44471	-2.10693	-0.0656196
2.45469	-2.10747	-0.0661578
2.46467	-2.10801	-0.0666982
2.47464	-2.10855	-0.0672407
2.48462	-2.1091	-0.0677855
2.4946	-2.10964	-0.0683325
2.50458	-2.11019	-0.0688817
2.51455	-2.11074	-0.069433
2.52453	-2.1113	-0.0699866
2.53451	-2.11185	-0.0705424
2.54449	-2.11241	-0.0711003
2.55446	-2.11297	-0.0716605
2.56444	-2.11353	-0.0722229
2.57442	-2.1141	-0.0727875
2.5844	-2.11466	-0.0733543
2.59437	-2.11523	-0.0739233
2.60435	-2.1158	-0.0744944
2.61433	-2.11638	-0.0750678
2.62431	-2.11695	-0.0756434
2.63428	-2.11753	-0.0762212
2.64426	-2.11811	-0.0768012
2.65424	-2.11869	-0.0773834
2.66422	-2.11928	-0.0779678
2.67419	-2.11986	-0.0785544
2.68417	-2.12045	-0.0791432
2.69415	-2.12104	-0.0797342
2.70413	-2.12164	-0.0803274
2.7141	-2.12223	-0.0809229
2.72408	-2.12283	-0.0815205
2.73406	-2.12343	-0.0821203
2.74404	-2.12403	-0.0827223
2.75401	-2.12464	-0.0833266
2.76399	-2.12524	-0.083933
2.77397	-2.12585	-0.0845416
2.78395	-2.12646	-0.0851525
2.79392	-2.12708	-0.0857655
2.8039	-2.12769	-0.0863808
2.81388	-2.12831	-0.0869982
2.82386	-2.12893	-0.0876179
2.83383	-2.12955	-0.0882397
2.84381	-2.13017	-0.0888638
2.85379	-2.1308	-0.0894901
2.86377	-2.13143	-0.0901186
2.87374	-2.13206	-0.0907492
2.88372	-2.13269	-0.0913821
2.8937	-2.13333	-0.0920172
2.90368	-2.13396	-0.0926545
2.91365	-2.1346	-0.093294
2.92363	-2.13525	-0.0939357
2.93361	-2.13589	-0.0945796
2.94359	-2.13654	-0.0952258
2.95356	-2.13718	-0.0958741
2.96354	-2.13783	-0.0965246
2.97352	-2.13849	-0.0971774
2.9835	-2.13914	-0.0978323
2.99347	-2.1398	-0.0984895
3.00345	-2.14046	-0.0991488
3.01343	-2.14112	-0.0998104
3.02341	-2.14178	-0.100474
3.03338	-2.14245	-0.10114
3.04336	-2.14312	-0.101808
3.05334	-2.14379	-0.102479
3.06332	-2.14446	-0.103151
3.07329	-2.14514	-0.103826
3.08327	-2.14581	-0.104503
3.09325	-2.14649	-0.105182
3.10323	-2.14717	-0.105864
3.1132	-2.14786	-0.106547
3.12318	-2.14854	-0.107233
3.13316	-2.14923	-0.107921
3.14314	-2.14992	-0.108612
3.15311	-2.15061	-0.109304
3.16309	-2.15131	-0.109999
3.17307	-2.15201	-0.110696
3.18305	-2.1527	-0.111395
3.19302	-2.15341	-0.112096
3.203	-2.15411	-0.112799
3.21298	-2.15481	-0.113505
3.22296	-2.15552	-0.114213
3.23293	-2.15623	-0.114923
3.24291	-2.15695	-0.115636
3.25289	-2.15766	-0.11635
3.26287	-2.15838	-0.117067
3.27284	-2.1591	-0.117786
3.28282	-2.15982	-0.118507
3.2928	-2.16054	-0.11923
3.30278	-2.16127	-0.119956
3.31275	-2.16199	-0.120684
3.32273	-2.16272	-0.121414
3.33271	-2.16346	-0.122146
3.34269	-2.16419	-0.12288
3.35266	-2.16493	-0.123617
3.36264	-2.16567	-0.124356
3.37262	-2.16641	-0.125097
3.3826	-2.16715	-0.12584
3.39257	-2.1679	-0.126586
3.40255	-2.16864	-0.127333
3.41253	-2.16939	-0.128083
3.42251	-2.17015	-0.128836
3.43248	-2.1709	-0.12959
3.44246	-2.17166	-0.130346
3.45244	-2.17241	-0.131105
3.46242	-2.17318	-0.131866
3.47239	-2.17394	-0.132629
3.48237	-2.1747	-0.133395
3.49235	-2.17547	-0.134162
3.50233	-2.17624	-0.134932
3.5123	-2.17701	-0.135704
3.52228	-2.17779	-0.136478
3.53226	-2.17856	-0.137255
3.54224	-2.17934	-0.138034
3.55221	-2.18012	-0.138814
3.56219	-2.18091	-0.139597
3.57217	-2.18169	-0.140383
3.58215	-2.18248	-0.14117
3.59212	-2.18327	-0.14196
3.6021	-2.18406	-0.142752
3.61208	-2.18486	-0.143546
3.62206	-2.18565	-0.144342
3.63203	-2.18645	-0.145141
3.64201	-2.18725	-0.145942
3.65199	-2.18805	-0.146745
3.66197	-2.18886	-0.14755
3.67194	-2.18967	-0.148358
3.68192	-2.19048	-0.149167
3.6919	-2.19129	-0.149979
3.70188	-2.1921	-0.150793
3.71185	-2.19292	-0.151609
3.72183	-2.19374	-0.152428
3.73181	-2.19456	-0.153249
3.74179	-2.19538	-0.154072
3.75176	-2.19621	-0.154897
3.76174	-2.19703	-0.155724
3.77172	-2.19786	-0.156554
3.7817	-2.1987	-0.157385
3.79167	-2.19953	-0.158219
3.80165	-2.20037	-0.159056
3.81163	-2.2012	-0.159894
3.82161	-2.20204	-0.160735
3.83158	-2.20289	-0.161578
3.84156	-2.20373	-0.162423
3.85154	-2.20458	-0.16327
3.86152	-2.20543	-0.16412
3.87149	-2.20628	-0.164971
3.88147	-2.20714	-0.165825
3.89145	-2.20799	-0.166681
3.90143	-2.20885	-0.16754
3.9114	-2.20971	-0.1684
3.92138	-2.21057	-0.169263
3.93136	-2.21144	-0.170128
3.94134	-2.21231	-0.170996
3.95131	-2.21317	-0.171865
3.96129	-2.21405	-0.172737
3.97127	-2.21492	-0.173611
3.98125	-2.2158	-0.174487
3.99122	-2.21667	-0.175365
4.0012	-2.21756	-0.176246
4.01118	-2.21844	-0.177128
4.02116	-2.21932	-0.178013
4.03113	-2.22021	-0.178901
4.04111	-2.2211	-0.17979
4.05109	-2.22199	-0.180682
4.06107	-2.22289	-0.181576
4.07104	-2.22378	-0.182472
4.08102	-2.22468	-0.18337
4.091	-2.22558	-0.184271
4.10098	-2.22648	-0.185173
4.11095	-2.22739	-0.186078
4.12093	-2.2283	-0.186985
4.13091	-2.2292	-0.187895
4.14089	-2.23012	-0.188806
4.15086	-2.23103	-0.18972
4.16084	-2.23195	-0.190636
4.17082	-2.23286	-0.191555
4.1808	-2.23378	-0.192475
4.19077	-2.23471	-0.193398
4.20075	-2.23563	-0.194323
4.21073	-2.23656	-0.19525
4.22071	-2.23749	-0.196179
4.23068	-2.23842	-0.197111
4.24066	-2.23935	-0.198045
4.25064	-2.24029	-0.198981
4.26062	-2.24123	-0.199919
4.27059	-2.24217	-0.20086
4.28057	-2.24311	-0.201802
4.29055	-2.24406	-0.202747
4.30053	-2.245	-0.203694
4.3105	-2.24595	-0.204644
4.32048	-2.2469	-0.205595
4.33046	-2.24786	-0.206549
4.34044	-2.24881	-0.207505
4.35041	-2.24977	-0.208463
4.36039	-2.25073	-0.209424
4.37037	-2.2517	-0.210387
4.38035	-2.25266	-0.211351
4.39032	-2.25363	-0.212319
4.4003	-2.2546	-0.213288
4.41028	-2.25557	-0.21426
4.42026	-2.25654	-0.215233
4.43023	-2.25752	-0.216209
4.44021	-2.2585	-0.217188
4.45019	-2.25948	-0.218168
4.46017	-2.26046	-0.219151
4.47014	-2.26145	-0.220136
4.48012	-2.26243	-0.221123
4.4901	-2.26342	-0.222112
4.50008	-2.26441	-0.223104
4.51005	-2.26541	-0.224098
4.52003	-2.2664	-0.225094
4.53001	-2.2674	-0.226092
4.53998	-2.2684	-0.227092
4.54996	-2.2694	-0.228095
4.55994	-2.27041	-0.2291
4.56992	-2.27142	-0.230107
4.57989	-2.27243	-0.231117
4.58987	-2.27344	-0.232128
4.59985	-2.27445	-0.233142
4.60983	-2.27547	-0.234158
4.6198	-2.27649	-0.235176
4.62978	-2.27751	-0.236197
4.63976	-2.27853	-0.23722
4.64974	-2.27955	-0.238245
4.65971	-2.28058	-0.239272
4.66969	-2.28161	-0.240301
4.67967	-2.28264	-0.241333
4.68965	-2.28368	-0.242367
4.69962	-2.28471	-0.243403
4.7096	-2.28575	-0.244441
4.71958	-2.28679	-0.245482
4.72956	-2.28783	-0.246524
4.73953	-2.28888	-0.247569
4.74951	-2.28993	-0.248617
4.75949	-2.29098	-0.249666
4.76947	-2.29203	-0.250718
4.77944	-2.29308	-0.251772
4.78942	-2.29414	-0.252828
4.7994	-2.2952	-0.253886
4.80938	-2.29626	-0.254947
4.81935	-2.29732	-0.256009
4.82933	-2.29838	-0.257074
4.83931	-2.29945	-0.258142
4.84929	-2.30052	-0.259211
4.85926	-2.30159	-0.260283
4.86924	-2.30267	-0.261357
4.87922	-2.30374	-0.262433
4.8892	-2.30482	-0.263511
4.89917	-2.3059	-0.264592
4.90915	-2.30698	-0.265675
4.91913	-2.30807	-0.26676
4.92911	-2.30916	-0.267847
4.93908	-2.31025	-0.268937
4.94906	-2.31134	-0.270028
4.95904	-2.31243	-0.271122
4.96902	-2.31353	-0.272219
4.97899	-2.31463	-0.273317
4.98897	-2.31573	-0.274418
4.99895	-2.31683	-0.27552
5.00893	-2.31794	-0.276626
5.0189	-2.31904	-0.277733
5.02888	-2.32015	-0.278843
5.03886	-2.32126	-0.279954
5.04884	-2.32238	-0.281068
5.05881	-2.32349	-0.282185
5.06879	-2.32461	-0.283303
5.07877	-2.32573	-0.284424
5.08875	-2.32686	-0.285547
5.09872	-2.32798	-0.286672
5.1087	-2.32911	-0.287799
5.11868	-2.33024	-0.288929
5.12866	-2.33137	-0.290061
5.13863	-2.3325	-0.291195
5.14861	-2.33364	-0.292331
5.15859	-2.33478	-0.29347
5.16857	-2.33592	-0.294611
5.17854	-2.33706	-0.295754
5.18852	-2.33821	-0.296899
5.1985	-2.33936	-0.298046
5.20848	-2.34051	-0.299196
5.21845	-2.34166	-0.300348
5.22843	-2.34281	-0.301502
5.23841	-2.34397	-0.302659
5.24839	-2.34513	-0.303817
5.25836	-2.34629	-0.304978
5.26834	-2.34745	-0.306141
5.27832	-2.34862	-0.307306
5.2883	-2.34978	-0.308474
5.29827	-2.35095	-0.309644
5.30825	-2.35213	-0.310816
5.31823	-2.3533	-0.31199
5.32821	-2.35448	-0.313167
5.33818	-2.35565	-0.314345
5.34816	-2.35684	-0.315526
5.35814	-2.35802	-0.316709
5.36812	-2.3592	-0.317895
5.37809	-2.36039	-0.319082
5.38807	-2.36158	-0.320272
5.39805	-2.36277	-0.321464
5.40803	-2.36397	-0.322659
5.418	-2.36516	-0.323855
5.42798	-2.36636	-0.325054
5.43796	-2.36756	-0.326255
5.44794	-2.36877	-0.327458
5.45791	-2.36997	-0.328664
5.46789	-2.37118	-0.329872
5.47787	-2.37239	-0.331081
5.48785	-2.3736	-0.332294
5.49782	-2.37482	-0.333508
5.5078	-2.37603	-0.334725
5.51778	-2.37725	-0.335944
5.52776	-2.37847	-0.337165
5.53773	-2.3797	-0.338388
5.54771	-2.38092	-0.339614
5.55769	-2.38215	-0.340842
5.56767	-2.38338	-0.342072
5.57764	-2.38461	-0.343304
5.58762	-2.38585	-0.344538
5.5976	-2.38708	-0.345775
5.60758	-2.38832	-0.347014
5.61755	-2.38956	-0.348255
5.62753	-2.39081	-0.349499
5.63751	-2.39205	-0.350744
5.64749	-2.3933	-0.351992
5.65746	-2.39455	-0.353243
5.66744	-2.3958	-0.354495
5.67742	-2.39706	-0.35575
5.6874	-2.39832	-0.357006
5.69737	-2.39958	-0.358265
5.70735	-2.40084	-0.359527
5.71733	-2.4021	-0.36079
5.72731	-2.40337	-0.362056
5.73728	-2.40463	-0.363324
5.74726	-2.4059	-0.364594
5.75724	-2.40718	-0.365867
5.76722	-2.40845	-0.367142
5.77719	-2.40973	-0.368419
5.78717	-2.41101	-0.369698
5.79715	-2.41229	-0.370979
5.80713	-2.41357	-0.372263
5.8171	-2.41486	-0.373549
5.82708	-2.41615	-0.374837
5.83706	-2.41744	-0.376127
5.84704	-2.41873	-0.37742
5.85701	-2.42002	-0.378715
5.86699	-2.42132	-0.380012
5.87697	-2.42262	-0.381311
5.88695	-2.42392	-0.382613
5.89692	-2.42523	-0.383916
5.9069	-2.42653	-0.385222
5.91688	-2.42784	-0.386531
5.92686	-2.42915	-0.387841
5.93683	-2.43046	-0.389154
5.94681	-2.43178	-0.390469
5.95679	-2.4331	-0.391786
5.96677	-2.43442	-0.393105
5.97674	-2.43574	-0.394427
5.98672	-2.43706	-0.395751
5.9967	-2.43839	-0.397077
6.00668	-2.43972	-0.398405
6.01665	-2.44105	-0.399736
6.02663	-2.44238	-0.401069
6.03661	-2.44371	-0.402404
6.04659	-2.44505	-0.403741
6.05656	-2.44639	-0.405081
6.06654	-2.44773	-0.406423
6.07652	-2.44908	-0.407767
6.0865	-2.45042	-0.409113
6.09647	-2.45177	-0.410461
6.10645	-2.45312	-0.411812
6.11643	-2.45447	-0.413165
6.12641	-2.45583	-0.41452
6.13638	-2.45719	-0.415878
6.14636	-2.45855	-0.417237
6.15634	-2.45991	-0.418599
6.16632	-2.46127	-0.419963
6.17629	-2.46264	-0.42133
6.18627	-2.46401	-0.422698
6.19625	-2.46538	-0.424069
6.20623	-2.46675	-0.425442
6.2162	-2.46813	-0.426818
6.22618	-2.4695	-0.428195
6.23616	-2.47088	-0.429575
6.24614	-2.47227	-0.430957
6.25611	-2.47365	-0.432341
6.26609	-2.47504	-0.433728
6.27607	-2.47643	-0.435117
6.28605	-2.47782	-0.436508
6.29602	-2.47921	-0.437901
6.306	-2.48061	-0.439296
6.31598	-2.482	-0.440694
6.32596	-2.4834	-0.442094
6.33593	-2.48481	-0.443496
6.34591	-2.48621	-0.4449
6.35589	-2.48762	-0.446307
6.36587	-2.48903	-0.447716
6.37584	-2.49044	-0.449127
6.38582	-2.49185	-0.45054
6.3958	-2.49327	-0.451956
6.40578	-2.49468	-0.453374
6.41575	-2.4961	-0.454794
6.42573	-2.49753	-0.456216
6.43571	-2.49895	-0.457641
6.44569	-2.50038	-0.459067
6.45566	-2.50181	-0.460497
6.46564	-2.50324	-0.461928
6.47562	-2.50467	-0.463361
6.4856	-2.50611	-0.464797
6.49557	-2.50754	-0.466235
6.50555	-2.50898	-0.467675
6.51553	-2.51043	-0.469118
6.52551	-2.51187	-0.470562
6.53548	-2.51332	-0.472009
6.54546	-2.51477	-0.473458
6.55544	-2.51622	-0.47491
6.56542	-2.51767	-0.476363
6.57539	-2.51913	-0.477819
6.58537	-2.52059	-0.479277
6.59535	-2.52205	-0.480738
6.60533	-2.52351	-0.4822
6.6153	-2.52497	-0.483665
6.62528	-2.52644	-0.485132
6.63526	-2.52791	-0.486601
6.64524	-2.52938	-0.488073
6.65521	-2.53086	-0.489546
6.66519	-2.53233	-0.491022
6.67517	-2.53381	-0.492501
6.68515	-2.53529	-0.493981
6.69512	-2.53677	-0.495464
6.7051	-2.53826	-0.496949
6.71508	-2.53975	-0.498436
6.72506	-2.54124	-0.499925
6.73503	-2.54273	-0.501417
6.74501	-2.54422	-0.502911
6.75499	-2.54572	-0.504407
6.76497	-2.54722	-0.505905
6.77494	-2.54872	-0.507406
6.78492	-2.55022	-0.508909
6.7949	-2.55172	-0.510414
6.80488	-2.55323	-0.511921
6.81485	-2.55474	-0.513431
6.82483	-2.55625	-0.514942
6.83481	-2.55777	-0.516456
6.84479	-2.55928	-0.517973
6.85476	-2.5608	-0.519491
6.86474	-2.56232	-0.521012
6.87472	-2.56384	-0.522535
6.8847	-2.56537	-0.52406
6.89467	-2.5669	-0.525588
6.90465	-2.56843	-0.527117
6.91463	-2.56996	-0.528649
6.92461	-2.57149	-0.530183
6.93458	-2.57303	-0.53172
6.94456	-2.57457	-0.533258
6.95454	-2.57611	-0.534799
6.96452	-2.57765	-0.536342
6.97449	-2.5792	-0.537888
6.98447	-2.58074	-0.539435
6.99445	-2.58229	-0.540985
7.00443	-2.58385	-0.542537
7.0144	-2.5854	-0.544091
7.02438	-2.58696	-0.545648
7.03436	-2.58852	-0.547207
7.04434	-2.59008	-0.548768
7.05431	-2.59164	-0.550331
7.06429	-2.59321	-0.551896
7.07427	-2.59477	-0.553464
7.08425	-2.59634	-0.555034
7.09422	-2.59792	-0.556606
7.1042	-2.59949	-0.55818
7.11418	-2.60107	-0.559757
7.12416	-2.60265	-0.561336
7.13413	-2.60423	-0.562917
7.14411	-2.60581	-0.5645
7.15409	-2.6074	-0.566086
7.16407	-2.60898	-0.567674
7.17404	-2.61057	-0.569264
7.18402	-2.61217	-0.570856
7.194	-2.61376	-0.572451
7.20398	-2.61536	-0.574047
7.21395	-2.61696	-0.575646
7.22393	-2.61856	-0.577248
7.23391	-2.62016	-0.578851
7.24389	-2.62177	-0.580457
7.25386	-2.62337	-0.582065
7.26384	-2.62498	-0.583675
7.27382	-2.6266	-0.585287
7.2838	-2.62821	-0.586902
7.29377	-2.62983	-0.588519
7.30375	-2.63145	-0.590138
7.31373	-2.63307	-0.591759
7.32371	-2.63469	-0.593383
7.33368	-2.63632	-0.595009
7.34366	-2.63795	-0.596637
7.35364	-2.63958	-0.598267
7.36362	-2.64121	-0.5999
7.37359	-2.64284	-0.601535
7.38357	-2.64448	-0.603172
7.39355	-2.64612	-0.604811
7.40353	-2.64776	-0.606452
7.4135	-2.64941	-0.608096
7.42348	-2.65105	-0.609742
7.43346	-2.6527	-0.61139
7.44344	-2.65435	-0.61304
7.45341	-2.656	-0.614693
7.46339	-2.65766	-0.616348
7.47337	-2.65931	-0.618005
7.48335	-2.66097	-0.619664
7.49332	-2.66264	-0.621326
7.5033	-2.6643	-0.62299
7.51328	-2.66597	-0.624656
7.52326	-2.66763	-0.626324
7.53323	-2.6693	-0.627995
7.54321	-2.67098	-0.629667
7.55319	-2.67265	-0.631342
7.56317	-2.67433	-0.63302
7.57314	-2.67601	-0.634699
7.58312	-2.67769	-0.636381
7.5931	-2.67937	-0.638065
7.60308	-2.68106	-0.639751
7.61305	-2.68275	-0.641439
7.62303	-2.68444	-0.64313
7.63301	-2.68613	-0.644823
7.64299	-2.68783	-0.646518
7.65296	-2.68952	-0.648215
7.66294	-2.69122	-0.649915
7.67292	-2.69293	-0.651616
7.6829	-2.69463	-0.65332
7.69287	-2.69634	-0.655027
7.70285	-2.69804	-0.656735
7.71283	-2.69976	-0.658446
7.72281	-2.70147	-0.660159
7.73278	-2.70318	-0.661874
7.74276	-2.7049	-0.663591
7.75274	-2.70662	-0.665311
7.76272	-2.70834	-0.667033
7.77269	-2.71007	-0.668757
7.78267	-2.71179	-0.670483
7.79265	-2.71352	-0.672212
7.80263	-2.71525	-0.673942
7.8126	-2.71699	-0.675676
7.82258	-2.71872	-0.677411
7.83256	-2.72046	-0.679148
7.84254	-2.7222	-0.680888
7.85251	-2.72394	-0.68263
7.86249	-2.72568	-0.684374
7.87247	-2.72743	-0.68612
7.88245	-2.72918	-0.687869
7.89242	-2.73093	-0.68962
7.9024	-2.73268	-0.691373
7.91238	-2.73444	-0.693128
7.92236	-2.7362	-0.694886
7.93233	-2.73796	-0.696646
7.94231	-2.73972	-0.698408
7.95229	-2.74148	-0.700172
7.96227	-2.74325	-0.701938
7.97224	-2.74502	-0.703707
7.98222	-2.74679	-0.705478
7.9922	-2.74856	-0.707251
8.00218	-2.75034	-0.709027
8.01215	-2.75211	-0.710804
8.02213	-2.75389	-0.712584
8.03211	-2.75568	-0.714366
8.04209	-2.75746	-0.71615
8.05206	-2.75925	-0.717937
8.06204	-2.76104	-0.719726
8.07202	-2.76283	-0.721517
8.082	-2.76462	-0.72331
8.09197	-2.76641	-0.725105
8.10195	-2.76821	-0.726903
8.11193	-2.77001	-0.728703
8.12191	-2.77181	-0.730505
8.13188	-2.77362	-0.732309
8.14186	-2.77543	-0.734116
8.15184	-2.77723	-0.735925
8.16182	-2.77905	-0.737736
8.17179	-2.78086	-0.739549
8.18177	-2.78267	-0.741364
8.19175	-2.78449	-0.743182
8.20173	-2.78631	-0.745002
8.2117	-2.78813	-0.746824
8.22168	-2.78996	-0.748648
8.23166	-2.79178	-0.750475
8.24164	-2.79361	-0.752304
8.25161	-2.79544	-0.754135
8.26159	-2.79728	-0.755968
8.27157	-2.79911	-0.757804
8.28155	-2.80095	-0.759641
8.29152	-2.80279	-0.761481
8.3015	-2.80463	-0.763323
8.31148	-2.80648	-0.765168
8.32146	-2.80832	-0.767014
8.33143	-2.81017	-0.768863
8.34141	-2.81202	-0.770714
8.35139	-2.81388	-0.772568
8.36137	-2.81573	-0.774423
8.37134	-2.81759	-0.776281
8.38132	-2.81945	-0.778141
8.3913	-2.82131	-0.780003
8.40128	-2.82318	-0.781867
8.41125	-2.82504	-0.783734
8.42123	-2.82691	-0.785603
8.43121	-2.82878	-0.787474
8.44119	-2.83066	-0.789347
8.45116	-2.83253	-0.791223
8.46114	-2.83441	-0.7931
8.47112	-2.83629	-0.79498
8.4811	-2.83817	-0.796863
8.49107	-2.84006	-0.798747
8.50105	-2.84194	-0.800634
8.51103	-2.84383	-0.802522
8.52101	-2.84572	-0.804413
8.53098	-2.84762	-0.806307
8.54096	-2.84951	-0.808202
8.55094	-2.85141	-0.8101
8.56092	-2.85331	-0.812
8.57089	-2.85521	-0.813902
8.58087	-2.85712	-0.815806
8.59085	-2.85902	-0.817713
8.60083	-2.86093	-0.819622
8.6108	-2.86284	-0.821533
8.62078	-2.86476	-0.823446
8.63076	-2.86667	-0.825362
8.64074	-2.86859	-0.827279
8.65071	-2.87051	-0.829199
8.66069	-2.87243	-0.831121
8.67067	-2.87436	-0.833046
8.68065	-2.87628	-0.834972
8.69062	-2.87821	-0.836901
8.7006	-2.88014	-0.838832
8.71058	-2.88207	-0.840765
8.72056	-2.88401	-0.8427
8.73053	-2.88595	-0.844638
8.74051	-2.88789	-0.846578
8.75049	-2.88983	-0.84852
8.76047	-2.89177	-0.850464
8.77044	-2.89372	-0.852411
8.78042	-2.89567	-0.854359
8.7904	-2.89762	-0.85631
8.80038	-2.89957	-0.858263
8.81035	-2.90153	-0.860219
8.82033	-2.90349	-0.862176
8.83031	-2.90545	-0.864136
8.84029	-2.90741	-0.866098
8.85026	-2.90937	-0.868062
8.86024	-2.91134	-0.870029
8.87022	-2.91331	-0.871997
8.8802	-2.91528	-0.873968
8.89017	-2.91725	-0.875941
8.90015	-2.91923	-0.877916
8.91013	-2.9212	-0.879894
8.92011	-2.92318	-0.881873
8.93008	-2.92517	-0.883855
8.94006	-2.92715	-0.885839
8.95004	-2.92914	-0.887826
8.96002	-2.93112	-0.889814
8.96999	-2.93311	-0.891805
8.97997	-2.93511	-0.893798
8.98995	-2.9371	-0.895793
8.99992	-2.9391	-0.89779
9.0099	-2.9411	-0.89979
9.01988	-2.9431	-0.901792
9.02986	-2.94511	-0.903796
9.03983	-2.94711	-0.905802
9.04981	-2.94912	-0.90781
9.05979	-2.95113	-0.909821
9.06977	-2.95314	-0.911834
9.07974	-2.95516	-0.913849
9.08972	-2.95718	-0.915866
9.0997	-2.9592	-0.917885
9.10968	-2.96122	-0.919907
9.11965	-2.96324	-0.921931
9.12963	-2.96527	-0.923957
9.13961	-2.96729	-0.925985
9.14959	-2.96933	-0.928016
9.15956	-2.97136	-0.930048
9.16954	-2.97339	-0.932083
9.17952	-2.97543	-0.93412
9.1895	-2.97747	-0.93616
9.19947	-2.97951	-0.938201
9.20945	-2.98155	-0.940245
9.21943	-2.9836	-0.942291
9.22941	-2.98565	-0.944339
9.23938	-2.9877	-0.946389
9.24936	-2.98975	-0.948441
9.25934	-2.99181	-0.950496
9.26932	-2.99386	-0.952553
9.27929	-2.99592	-0.954612
9.28927	-2.99798	-0.956673
9.29925	-3.00005	-0.958737
9.30923	-3.00211	-0.960803
9.3192	-3.00418	-0.96287
9.32918	-3.00625	-0.964941
9.33916	-3.00832	-0.967013
9.34914	-3.0104	-0.969087
9.35911	-3.01247	-0.971164
9.36909	-3.01455	-0.973243
9.37907	-3.01663	-0.975324
9.38905	-3.01872	-0.977407
9.39902	-3.0208	-0.979493
9.409	-3.02289	-0.981581
9.41898	-3.02498	-0.98367
9.42896	-3.02707	-0.985762
9.43893	-3.02917	-0.987857
9.44891	-3.03126	-0.989953
9.45889	-3.03336	-0.992052
9.46887	-3.03546	-0.994153
9.47884	-3.03757	-0.996256
9.48882	-3.03967	-0.998361
9.4988	-3.04178	-1.00047
9.50878	-3.04389	-1.00258
9.51875	-3.046	-1.00469
9.52873	-3.04811	-1.0068
9.53871	-3.05023	-1.00892
9.54869	-3.05235	-1.01104
9.55866	-3.05447	-1.01316
9.56864	-3.05659	-1.01528
9.57862	-3.05872	-1.01741
9.5886	-3.06084	-1.01953
9.59857	-3.06297	-1.02166
9.60855	-3.0651	-1.0238
9.61853	-3.06724	-1.02593
9.62851	-3.06937	-1.02806
9.63848	-3.07151	-1.0302
9.64846	-3.07365	-1.03234
9.65844	-3.0758	-1.03449
9.66842	-3.07794	-1.03663
9.67839	-3.08009	-1.03878
9.68837	-3.08224	-1.04093
9.69835	-3.08439	-1.04308
9.70833	-3.08654	-1.04523
9.7183	-3.0887	-1.04739
9.72828	-3.09085	-1.04954
9.73826	-3.09301	-1.0517
9.74824	-3.09518	-1.05387
9.75821	-3.09734	-1.05603
9.76819	-3.09951	-1.0582
9.77817	-3.10168	-1.06037
9.78815	-3.10385	-1.06254
9.79812	-3.10602	-1.06471
9.8081	-3.1082	-1.06689
9.81808	-3.11037	-1.06906
9.82806	-3.11255	-1.07124
9.83803	-3.11473	-1.07342
9.84801	-3.11692	-1.07561
9.85799	-3.1191	-1.0778
9.86797	-3.12129	-1.07998
9.87794	-3.12348	-1.08217
9.88792	-3.12568	-1.08437
9.8979	-3.12787	-1.08656
9.90788	-3.13007	-1.08876
9.91785	-3.13227	-1.09096
9.92783	-3.13447	-1.09316
9.93781	-3.13667	-1.09536
9.94779	-3.13888	-1.09757
9.95776	-3.14109	-1.09978
9.96774	-3.1433	-1.10199
9.97772	-3.14551	-1.1042
9.9877	-3.14772	-1.10641
9.99767	-3.14994	-1.10863
10.0077	-3.15216	-1.11085
10.0176	-3.15438	-1.11307
10.0276	-3.1566	-1.11529
10.0376	-3.15883	-1.11752
10.0476	-3.16106	-1.11975
10.0575	-3.16329	-1.12198
10.0675	-3.16552	-1.12421
10.0775	-3.16775	-1.12644
10.0875	-3.16999	-1.12868
10.0974	-3.17223	-1.13092
10.1074	-3.17447	-1.13316
10.1174	-3.17671	-1.1354
10.1274	-3.17896	-1.13765
10.1374	-3.1812	-1.13989
10.1473	-3.18345	-1.14214
10.1573	-3.1857	-1.14439
10.1673	-3.18796	-1.14665
10.1773	-3.19021	-1.1489
10.1872	-3.19247	-1.15116
10.1972	-3.19473	-1.15342
10.2072	-3.19699	-1.15568
10.2172	-3.19926	-1.15795
10.2272	-3.20152	-1.16021
10.2371	-3.20379	-1.16248
10.2471	-3.20606	-1.16475
10.2571	-3.20834	-1.16703
10.2671	-3.21061	-1.1693
10.277	-3.21289	-1.17158
10.287	-3.21517	-1.17386
10.297	-3.21745	-1.17614
10.307	-3.21974	-1.17843
10.317	-3.22202	-1.18071
10.3269	-3.22431	-1.183
10.3369	-3.2266	-1.18529
10.3469	-3.22889	-1.18758
10.3569	-3.23119	-1.18988
10.3668	-3.23348	-1.19218
10.3768	-3.23578	-1.19447
10.3868	-3.23809	-1.19678
10.3968	-3.24039	-1.19908
10.4068	-3.24269	-1.20138
10.4167	-3.245	-1.20369
10.4267	-3.24731	-1.206
10.4367	-3.24962	-1.20831
10.4467	-3.25194	-1.21063
10.4566	-3.25425	-1.21294
10.4666	-3.25657	-1.21526
10.4766	-3.25889	-1.21758
10.4866	-3.26122	-1.21991
10.4965	-3.26354	-1.22223
10.5065	-3.26587	-1.22456
10.5165	-3.2682	-1.22689
10.5265	-3.27053	-1.22922
10.5365	-3.27286	-1.23155
10.5464	-3.2752	-1.23389
10.5564	-3.27754	-1.23623
10.5664	-3.27988	-1.23857
10.5764	-3.28222	-1.24091
10.5863	-3.28456	-1.24325
10.5963	-3.28691	-1.2456
10.6063	-3.28926	-1.24795
10.6163	-3.29161	-1.2503
10.6263	-3.29396	-1.25265
10.6362	-3.29632	-1.25501
10.6462	-3.29867	-1.25736
10.6562	-3.30103	-1.25972
10.6662	-3.30339	-1.26209
10.6761	-3.30576	-1.26445
10.6861	-3.30812	-1.26681
10.6961	-3.31049	-1.26918
10.7061	-3.31286	-1.27155
10.7161	-3.31523	-1.27392
10.726	-3.31761	-1.2763
10.736	-3.31999	-1.27868
10.746	-3.32236	-1.28105
10.756	-3.32474	-1.28344
10.7659	-3.32713	-1.28582
10.7759	-3.32951	-1.2882
10.7859	-3.3319	-1.29059
10.7959	-3.33429	-1.29298
10.8059	-3.33668	-1.29537
10.8158	-3.33907	-1.29777
10.8258	-3.34147	-1.30016
10.8358	-3.34387	-1.30256
10.8458	-3.34627	-1.30496
10.8557	-3.34867	-1.30736
10.8657	-3.35107	-1.30977
10.8757	-3.35348	-1.31217
10.8857	-3.35589	-1.31458
10.8956	-3.3583	-1.31699
10.9056	-3.36071	-1.3194
10.9156	-3.36313	-1.32182
10.9256	-3.36555	-1.32424
10.9356	-3.36796	-1.32666
10.9455	-3.37039	-1.32908
10.9555	-3.37281	-1.3315
10.9655	-3.37524	-1.33393
10.9755	-3.37766	-1.33635
10.9854	-3.38009	-1.33878
10.9954	-3.38253	-1.34122
11.0054	-3.38496	-1.34365
11.0154	-3.3874	-1.34609
11.0254	-3.38983	-1.34852
11.0353	-3.39227	-1.35096
11.0453	-3.39472	-1.35341
11.0553	-3.39716	-1.35585
11.0653	-3.39961	-1.3583
11.0752	-3.40206	-1.36075
11.0852	-3.40451	-1.3632
11.0952	-3.40696	-1.36565
11.1052	-3.40942	-1.36811
11.1152	-3.41188	-1.37057
11.1251	-3.41434	-1.37303
11.1351	-3.4168	-1.37549
11.1451	-3.41926	-1.37795
11.1551	-3.42173	-1.38042
11.165	-3.42419	-1.38289
11.175	-3.42667	-1.38536
11.185	-3.42914	-1.38783
11.195	-3.43161	-1.3903
11.205	-3.43409	-1.39278
11.2149	-3.43657	-1.39526
11.2249	-3.43905	-1.39774
11.2349	-3.44153	-1.40022
11.2449	-3.44402	-1.40271
11.2548	-3.4465	-1.40519
11.2648	-3.44899	-1.40768
11.2748	-3.45148	-1.41017
11.2848	-3.45398	-1.41267
11.2947	-3.45647	-1.41516
11.3047	-3.45897	-1.41766
11.3147	-3.46147	-1.42016
11.3247	-3.46397	-1.42266
11.3347	-3.46648	-1.42517
11.3446	-3.46898	-1.42767
11.3546	-3.47149	-1.43018
11.3646	-3.474	-1.43269
11.3746	-3.47651	-1.4352
11.3845	-3.47903	-1.43772
11.3945	-3.48155	-1.44024
11.4045	-3.48406	-1.44275
11.4145	-3.48658	-1.44528
11.4245	-3.48911	-1.4478
11.4344	-3.49163	-1.45032
11.4444	-3.49416	-1.45285
11.4544	-3.49669	-1.45538
11.4644	-3.49922	-1.45791
11.4743	-3.50175	-1.46044
11.4843	-3.50429	-1.46298
11.4943	-3.50683	-1.46552
11.5043	-3.50937	-1.46806
11.5143	-3.51191	-1.4706
11.5242	-3.51445	-1.47314
11.5342	-3.517	-1.47569
11.5442	-3.51955	-1.47824
11.5542	-3.5221	-1.48079
11.5641	-3.52465	-1.48334
11.5741	-3.5272	-1.4859
11.5841	-3.52976	-1.48845
11.5941	-3.53232	-1.49101
11.6041	-3.53488	-1.49357
11.614	-3.53744	-1.49613
11.624	-3.54001	-1.4987
11.634	-3.54258	-1.50127
11.644	-3.54514	-1.50383
11.6539	-3.54772	-1.50641
11.6639	-3.55029	-1.50898
11.6739	-3.55286	-1.51155
11.6839	-3.55544	-1.51413
11.6938	-3.55802	-1.51671
11.7038	-3.5606	-1.51929
11.7138	-3.56319	-1.52188
11.7238	-3.56577	-1.52446
11.7338	-3.56836	-1.52705
11.7437	-3.57095	-1.52964
11.7537	-3.57354	-1.53223
11.7637	-3.57614	-1.53483
11.7737	-3.57873	-1.53742
11.7836	-3.58133	-1.54002
11.7936	-3.58393	-1.54262
11.8036	-3.58653	-1.54522
11.8136	-3.58914	-1.54783
11.8236	-3.59175	-1.55044
11.8335	-3.59435	-1.55304
11.8435	-3.59696	-1.55565
11.8535	-3.59958	-1.55827
11.8635	-3.60219	-1.56088
11.8734	-3.60481	-1.5635
11.8834	-3.60743	-1.56612
11.8934	-3.61005	-1.56874
11.9034	-3.61267	-1.57136
11.9134	-3.6153	-1.57399
11.9233	-3.61793	-1.57662
11.9333	-3.62055	-1.57924
11.9433	-3.62319	-1.58188
11.9533	-3.62582	-1.58451
11.9632	-3.62846	-1.58715
11.9732	-3.63109	-1.58978
11.9832	-3.63373	-1.59242
11.9932	-3.63637	-1.59506
12.0032	-3.63902	-1.59771
12.0131	-3.64166	-1.60035
12.0231	-3.64431	-1.603
12.0331	-3.64696	-1.60565
12.0431	-3.64961	-1.6083
12.053	-3.65227	-1.61096
12.063	-3.65492	-1.61361
12.073	-3.65758	-1.61627
12.083	-3.66024	-1.61893
12.0929	-3.66291	-1.6216
12.1029	-3.66557	-1.62426
12.1129	-3.66824	-1.62693
12.1229	-3.67091	-1.6296
12.1329	-3.67358	-1.63227
12.1428	-3.67625	-1.63494
12.1528	-3.67892	-1.63761
12.1628	-3.6816	-1.64029
12.1728	-3.68428	-1.64297
12.1827	-3.68696	-1.64565
12.1927	-3.68964	-1.64833
12.2027	-3.69233	-1.65102
12.2127	-3.69501	-1.65371
12.2227	-3.6977	-1.65639
12.2326	-3.70039	-1.65909
12.2426	-3.70309	-1.66178
12.2526	-3.70578	-1.66447
12.2626	-3.70848	-1.66717
12.2725	-3.71118	-1.66987
12.2825	-3.71388	-1.67257
12.2925	-3.71658	-1.67528
12.3025	-3.71929	-1.67798
12.3125	-3.722	-1.68069
12.3224	-3.72471	-1.6834
12.3324	-3.72742	-1.68611
12.3424	-3.73013	-1.68882
12.3524	-3.73285	-1.69154
12.3623	-3.73557	-1.69426
12.3723	-3.73829	-1.69698
12.3823	-3.74101	-1.6997
12.3923	-3.74373	-1.70242
12.4023	-3.74646	-1.70515
12.4122	-3.74918	-1.70788
12.4222	-3.75191	-1.7106
12.4322	-3.75465	-1.71334
12.4422	-3.75738	-1.71607
12.4521	-3.76012	-1.71881
12.4621	-3.76285	-1.72154
12.4721	-3.76559	-1.72428
12.4821	-3.76834	-1.72703
12.492	-3.77108	-1.72977
12.502	-3.77383	-1.73252
12.512	-3.77658	-1.73527
12.522	-3.77933	-1.73802
12.532	-3.78208	-1.74077
12.5419	-3.78483	-1.74352
12.5519	-3.78759	-1.74628
12.5619	-3.79035	-1.74904
12.5719	-3.79311	-1.7518
12.5818	-3.79587	-1.75456
12.5918	-3.79863	-1.75732
12.6018	-3.8014	-1.76009
12.6118	-3.80417	-1.76286
12.6218	-3.80694	-1.76563
12.6317	-3.80971	-1.7684
12.6417	-3.81249	-1.77118
12.6517	-3.81526	-1.77395
12.6617	-3.81804	-1.77673
12.6716	-3.82082	-1.77951
12.6816	-3.8236	-1.78229
12.6916	-3.82639	-1.78508
12.7016	-3.82917	-1.78786
12.7116	-3.83196	-1.79065
12.7215	-3.83475	-1.79344
12.7315	-3.83755	-1.79624
12.7415	-3.84034	-1.79903
12.7515	-3.84314	-1.80183
12.7614	-3.84594	-1.80463
12.7714	-3.84874	-1.80743
12.7814	-3.85154	-1.81023
12.7914	-3.85434	-1.81303
12.8014	-3.85715	-1.81584
12.8113	-3.85996	-1.81865
12.8213	-3.86277	-1.82146
12.8313	-3.86558	-1.82427
12.8413	-3.8684	-1.82709
12.8512	-3.87121	-1.8299
12.8612	-3.87403	-1.83272
12.8712	-3.87685	-1.83554
12.8812	-3.87967	-1.83836
12.8911	-3.8825	-1.84119
12.9011	-3.88533	-1.84402
12.9111	-3.88815	-1.84684
12.9211	-3.89098	-1.84967
12.9311	-3.89382	-1.85251
12.941	-3.89665	-1.85534
12.951	-3.89949	-1.85818
12.961	-3.90233	-1.86102
12.971	-3.90517	-1.86386
12.9809	-3.90801	-1.8667
12.9909	-3.91085	-1.86954
13.0009	-3.9137	-1.87239
13.0109	-3.91655	-1.87524
13.0209	-3.9194	-1.87809
13.0308	-3.92225	-1.88094
13.0408	-3.92511	-1.8838
13.0508	-3.92796	-1.88665
13.0608	-3.93082	-1.88951
13.0707	-3.93368	-1.89237
13.0807	-3.93654	-1.89523
13.0907	-3.93941	-1.8981
13.1007	-3.94227	-1.90096
13.1107	-3.94514	-1.90383
13.1206	-3.94801	-1.9067
13.1306	-3.95088	-1.90957
13.1406	-3.95376	-1.91245
13.1506	-3.95663	-1.91532
13.1605	-3.95951	-1.9182
13.1705	-3.96239	-1.92108
13.1805	-3.96527	-1.92396
13.1905	-3.96816	-1.92685
13.2005	-3.97104	-1.92973
13.2104	-3.97393	-1.93262
13.2204	-3.97682	-1.93551
13.2304	-3.97971	-1.9384
13.2404	-3.98261	-1.9413
13.2503	-3.9855	-1.94419
13.2603	-3.9884	-1.94709
13.2703	-3.9913	-1.94999
13.2803	-3.9942	-1.95289
13.2902	-3.99711	-1.9558
13.3002	-4.00001	-1.9587
13.3102	-4.00292	-1.96161
13.3202	-4.00583	-1.96452
13.3302	-4.00874	-1.96743
13.3401	-4.01165	-1.97034
13.3501	-4.01457	-1.97326
13.3601	-4.01749	-1.97618
13.3701	-4.02041	-1.9791
13.38	-4.02333	-1.98202
13.39	-4.02625	-1.98494
13.4	-4.02918	-1.98787
13.41	-4.0321	-1.99079
13.42	-4.03503	-1.99372
13.4299	-4.03796	-1.99665
13.4399	-4.0409	-1.99959
13.4499	-4.04383	-2.00252
13.4599	-4.04677	-2.00546
13.4698	-4.04971	-2.0084
13.4798	-4.05265	-2.01134
13.4898	-4.05559	-2.01428
13.4998	-4.05853	-2.01722
13.5098	-4.06148	-2.02017
13.5197	-4.06443	-2.02312
13.5297	-4.06738	-2.02607
13.5397	-4.07033	-2.02902
13.5497	-4.07329	-2.03198
13.5596	-4.07624	-2.03493
13.5696	-4.0792	-2.03789
13.5796	-4.08216	-2.04085
13.5896	-4.08512	-2.04381
13.5995	-4.08809	-2.04678
13.6095	-4.09105	-2.04974
13.6195	-4.09402	-2.05271
13.6295	-4.09699	-2.05568
13.6395	-4.09996	-2.05865
13.6494	-4.10294	-2.06163
13.6594	-4.10591	-2.0646
13.6694	-4.10889	-2.06758
13.6794	-4.11187	-2.07056
13.6893	-4.11485	-2.07354
13.6993	-4.11783	-2.07652
13.7093	-4.12082	-2.07951
13.7193	-4.1238	-2.08249
13.7293	-4.12679	-2.08548
13.7392	-4.12978	-2.08847
13.7492	-4.13278	-2.09147
13.7592	-4.13577	-2.09446
13.7692	-4.13877	-2.09746
13.7791	-4.14177	-2.10046
13.7891	-4.14477	-2.10346
13.7991	-4.14777	-2.10646
13.8091	-4.15077	-2.10946
13.8191	-4.15378	-2.11247
13.829	-4.15679	-2.11548
13.839	-4.1598	-2.11849
13.849	-4.16281	-2.1215
13.859	-4.16582	-2.12451
13.8689	-4.16884	-2.12753
13.8789	-4.17186	-2.13055
13.8889	-4.17488	-2.13357
13.8989	-4.1779	-2.13659
13.9089	-4.18092	-2.13961
13.9188	-4.18395	-2.14264
13.9288	-4.18697	-2.14566
13.9388	-4.19	-2.14869
13.9488	-4.19303	-2.15172
13.9587	-4.19607	-2.15476
13.9687	-4.1991	-2.15779
13.9787	-4.20214	-2.16083
13.9887	-4.20518	-2.16387
13.9986	-4.20822	-2.16691
14.0086	-4.21126	-2.16995
14.0186	-4.2143	-2.17299
14.0286	-4.21735	-2.17604
14.0386	-4.2204	-2.17909
14.0485	-4.22345	-2.18214
14.0585	-4.2265	-2.18519
14.0685	-4.22955	-2.18824
14.0785	-4.23261	-2.1913
14.0884	-4.23567	-2.19436
14.0984	-4.23873	-2.19742
14.1084	-4.24179	-2.20048
14.1184	-4.24485	-2.20354
14.1284	-4.24791	-2.2066
14.1383	-4.25098	-2.20967
14.1483	-4.25405	-2.21274
14.1583	-4.25712	-2.21581
14.1683	-4.26019	-2.21888
14.1782	-4.26327	-2.22196
14.1882	-4.26634	-2.22503
14.1982	-4.26942	-2.22811
14.2082	-4.2725	-2.23119
14.2182	-4.27558	-2.23427
14.2281	-4.27867	-2.23736
14.2381	-4.28175	-2.24044
14.2481	-4.28484	-2.24353
14.2581	-4.28793	-2.24662
14.268	-4.29102	-2.24971
14.278	-4.29411	-2.2528
14.288	-4.29721	-2.2559
14.298	-4.3003	-2.25899
14.308	-4.3034	-2.26209
14.3179	-4.3065	-2.26519
14.3279	-4.30961	-2.2683
14.3379	-4.31271	-2.2714
14.3479	-4.31582	-2.27451
14.3578	-4.31892	-2.27761
14.3678	-4.32203	-2.28072
14.3778	-4.32515	-2.28384
14.3878	-4.32826	-2.28695
14.3977	-4.33137	-2.29006
14.4077	-4.33449	-2.29318
14.4177	-4.33761	-2.2963
14.4277	-4.34073	-2.29942
14.4377	-4.34385	-2.30254
14.4476	-4.34698	-2.30567
14.4576	-4.3501	-2.30879
14.4676	-4.35323	-2.31192
14.4776	-4.35636	-2.31505
14.4875	-4.35949	-2.31818
14.4975	-4.36263	-2.32132
14.5075	-4.36576	-2.32445
14.5175	-4.3689	-2.32759
14.5275	-4.37204	-2.33073
14.5374	-4.37518	-2.33387
14.5474	-4.37832	-2.33701
14.5574	-4.38147	-2.34016
14.5674	-4.38462	-2.34331
14.5773	-4.38776	-2.34645
14.5873	-4.39091	-2.3496
14.5973	-4.39407	-2.35276
14.6073	-4.39722	-2.35591
14.6173	-4.40038	-2.35907
14.6272	-4.40353	-2.36222
14.6372	-4.40669	-2.36538
14.6472	-4.40985	-2.36854
14.6572	-4.41302	-2.37171
14.6671	-4.41618	-2.37487
14.6771	-4.41935	-2.37804
14.6871	-4.42252	-2.38121
14.6971	-4.42569	-2.38438
14.7071	-4.42886	-2.38755
14.717	-4.43203	-2.39072
14.727	-4.43521	-2.3939
14.737	-4.43839	-2.39708
14.747	-4.44157	-2.40026
14.7569	-4.44475	-2.40344
14.7669	-4.44793	-2.40662
14.7769	-4.45112	-2.40981
14.7869	-4.4543	-2.41299
14.7968	-4.45749	-2.41618
14.8068	-4.46068	-2.41937
14.8168	-4.46387	-2.42256
14.8268	-4.46707	-2.42576
14.8368	-4.47026	-2.42895
14.8467	-4.47346	-2.43215
14.8567	-4.47666	-2.43535
14.8667	-4.47986	-2.43855
14.8767	-4.48306	-2.44175
14.8866	-4.48627	-2.44496
14.8966	-4.48947	-2.44816
14.9066	-4.49268	-2.45137
14.9166	-4.49589	-2.45458
14.9266	-4.4991	-2.4578
14.9365	-4.50232	-2.46101
14.9465	-4.50553	-2.46422
14.9565	-4.50875	-2.46744
14.9665	-4.51197	-2.47066
14.9764	-4.51519	-2.47388
14.9864	-4.51841	-2.4771
14.9964	-4.52164	-2.48033
15.0064	-4.52486	-2.48355
15.0164	-4.52809	-2.48678
15.0263	-4.53132	-2.49001
15.0363	-4.53455	-2.49324
15.0463	-4.53779	-2.49648
15.0563	-4.54102	-2.49971
15.0662	-4.54426	-2.50295
15.0762	-4.5475	-2.50619
15.0862	-4.55074	-2.50943
15.0962	-4.55398	-2.51267
15.1062	-4.55722	-2.51591
15.1161	-4.56047	-2.51916
15.1261	-4.56372	-2.52241
15.1361	-4.56697	-2.52566
15.1461	-4.57022	-2.52891
15.156	-4.57347	-2.53216
15.166	-4.57673	-2.53542
15.176	-4.57998	-2.53867
15.186	-4.58324	-2.54193
15.1959	-4.5865	-2.54519
15.2059	-4.58976	-2.54845
15.2159	-4.59302	-2.55171
15.2259	-4.59629	-2.55498
15.2359	-4.59956	-2.55825
15.2458	-4.60283	-2.56152
15.2558	-4.6061	-2.56479
15.2658	-4.60937	-2.56806
15.2758	-4.61264	-2.57133
15.2857	-4.61592	-2.57461
15.2957	-4.6192	-2.57789
15.3057	-4.62247	-2.58116
15.3157	-4.62576	-2.58445
15.3257	-4.62904	-2.58773
15.3356	-4.63232	-2.59101
15.3456	-4.63561	-2.5943
15.3556	-4.6389	-2.59759
15.3656	-4.64219	-2.60088
15.3755	-4.64548	-2.60417
15.3855	-4.64877	-2.60746
15.3955	-4.65207	-2.61076
15.4055	-4.65536	-2.61405
15.4155	-4.65866	-2.61735
15.4254	-4.66196	-2.62065
15.4354	-4.66526	-2.62395
15.4454	-4.66857	-2.62726
15.4554	-4.67187	-2.63056
15.4653	-4.67518	-2.63387
15.4753	-4.67849	-2.63718
15.4853	-4.6818	-2.64049
15.4953	-4.68511	-2.6438
15.5053	-4.68842	-2.64712
15.5152	-4.69174	-2.65043
15.5252	-4.69506	-2.65375
15.5352	-4.69838	-2.65707
15.5452	-4.7017	-2.66039
15.5551	-4.70502	-2.66371
15.5651	-4.70834	-2.66704
15.5751	-4.71167	-2.67036
15.5851	-4.715	-2.67369
15.595	-4.71833	-2.67702
15.605	-4.72166	-2.68035
15.615	-4.72499	-2.68368
15.625	-4.72833	-2.68702
15.635	-4.73166	-2.69035
15.6449	-4.735	-2.69369
15.6549	-4.73834	-2.69703
15.6649	-4.74168	-2.70037
15.6749	-4.74503	-2.70372
15.6848	-4.74837	-2.70706
15.6948	-4.75172	-2.71041
15.7048	-4.75507	-2.71376
15.7148	-4.75842	-2.71711
15.7248	-4.76177	-2.72046
15.7347	-4.76512	-2.72381
15.7447	-4.76848	-2.72717
15.7547	-4.77183	-2.73052
15.7647	-4.77519	-2.73388
15.7746	-4.77855	-2.73724
15.7846	-4.78191	-2.7406
15.7946	-4.78528	-2.74397
15.8046	-4.78864	-2.74733
15.8146	-4.79201	-2.7507
15.8245	-4.79538	-2.75407
15.8345	-4.79875	-2.75744
15.8445	-4.80212	-2.76081
15.8545	-4.80549	-2.76418
15.8644	-4.80887	-2.76756
15.8744	-4.81225	-2.77094
15.8844	-4.81563	-2.77432
15.8944	-4.81901	-2.7777
15.9044	-4.82239	-2.78108
15.9143	-4.82577	-2.78446
15.9243	-4.82916	-2.78785
15.9343	-4.83254	-2.79124
15.9443	-4.83593	-2.79462
15.9542	-4.83932	-2.79801
15.9642	-4.84272	-2.80141
15.9742	-4.84611	-2.8048
15.9842	-4.84951	-2.8082
15.9941	-4.8529	-2.81159
16.0041	-4.8563	-2.81499
16.0141	-4.8597	-2.81839
16.0241	-4.8631	-2.8218
16.0341	-4.86651	-2.8252
16.044	-4.86991	-2.8286
16.054	-4.87332	-2.83201
16.064	-4.87673	-2.83542
16.074	-4.88014	-2.83883
16.0839	-4.88355	-2.84224
16.0939	-4.88697	-2.84566
16.1039	-4.89038	-2.84907
16.1139	-4.8938	-2.85249
16.1239	-4.89722	-2.85591
16.1338	-4.90064	-2.85933
16.1438	-4.90406	-2.86275
16.1538	-4.90748	-2.86618
16.1638	-4.91091	-2.8696
16.1737	-4.91434	-2.87303
16.1837	-4.91777	-2.87646
16.1937	-4.9212	-2.87989
16.2037	-4.92463	-2.88332
16.2137	-4.92806	-2.88675
16.2236	-4.9315	-2.89019
16.2336	-4.93493	-2.89362
16.2436	-4.93837	-2.89706
16.2536	-4.94181	-2.9005
16.2635	-4.94525	-2.90395
16.2735	-4.9487	-2.90739
16.2835	-4.95214	-2.91083
16.2935	-4.95559	-2.91428
16.3035	-4.95904	-2.91773
16.3134	-4.96249	-2.92118
16.3234	-4.96594	-2.92463
16.3334	-4.96939	-2.92808
16.3434	-4.97285	-2.93154
16.3533	-4.9763	-2.935
16.3633	-4.97976	-2.93845
16.3733	-4.98322	-2.94191
16.3833	-4.98668	-2.94537
16.3932	-4.99015	-2.94884
16.4032	-4.99361	-2.9523
16.4132	-4.99708	-2.95577
16.4232	-5.00055	-2.95924
16.4332	-5.00402	-2.96271
16.4431	-5.00749	-2.96618
16.4531	-5.01096	-2.96965
16.4631	-5.01443	-2.97312
16.4731	-5.01791	-2.9766
16.483	-5.02139	-2.98008
16.493	-5.02487	-2.98356
16.503	-5.02835	-2.98704
16.513	-5.03183	-2.99052
16.523	-5.03531	-2.994
16.5329	-5.0388	-2.99749
16.5429	-5.04229	-3.00098
16.5529	-5.04577	-3.00447
16.5629	-5.04927	-3.00796
16.5728	-5.05276	-3.01145
16.5828	-5.05625	-3.01494
16.5928	-5.05975	-3.01844
16.6028	-5.06324	-3.02193
16.6128	-5.06674	-3.02543
16.6227	-5.07024	-3.02893
16.6327	-5.07374	-3.03243
16.6427	-5.07725	-3.03594
16.6527	-5.08075	-3.03944
16.6626	-5.08426	-3.04295
16.6726	-5.08776	-3.04645
16.6826	-5.09127	-3.04996
16.6926	-5.09478	-3.05348
16.7026	-5.0983	-3.05699
16.7125	-5.10181	-3.0605
16.7225	-5.10533	-3.06402
16.7325	-5.10884	-3.06754
16.7425	-5.11236	-3.07105
16.7524	-5.11588	-3.07457
16.7624	-5.11941	-3.0781
16.7724	-5.12293	-3.08162
16.7824	-5.12646	-3.08515
16.7923	-5.12998	-3.08867
16.8023	-5.13351	-3.0922
16.8123	-5.13704	-3.09573
16.8223	-5.14057	-3.09926
16.8323	-5.1441	-3.1028
16.8422	-5.14764	-3.10633
16.8522	-5.15118	-3.10987
16.8622	-5.15471	-3.1134
16.8722	-5.15825	-3.11694
16.8821	-5.16179	-3.12048
16.8921	-5.16534	-3.12403
16.9021	-5.16888	-3.12757
16.9121	-5.17243	-3.13112
16.9221	-5.17597	-3.13466
16.932	-5.17952	-3.13821
16.942	-5.18307	-3.14176
16.952	-5.18662	-3.14531
16.962	-5.19018	-3.14887
16.9719	-5.19373	-3.15242
16.9819	-5.19729	-3.15598
16.9919	-5.20085	-3.15954
17.0019	-5.20441	-3.1631
17.0119	-5.20797	-3.16666
17.0218	-5.21153	-3.17022
17.0318	-5.21509	-3.17378
17.0418	-5.21866	-3.17735
17.0518	-5.22223	-3.18092
17.0617	-5.22579	-3.18448
17.0717	-5.22936	-3.18805
17.0817	-5.23294	-3.19163
17.0917	-5.23651	-3.1952
17.1017	-5.24008	-3.19877
17.1116	-5.24366	-3.20235
17.1216	-5.24724	-3.20593
17.1316	-5.25082	-3.20951
17.1416	-5.2544	-3.21309
17.1515	-5.25798	-3.21667
17.1615	-5.26157	-3.22026
17.1715	-5.26515	-3.22384
17.1815	-5.26874	-3.22743
17.1914	-5.27233	-3.23102
17.2014	-5.27592	-3.23461
17.2114	-5.27951	-3.2382
17.2214	-5.2831	-3.24179
17.2314	-5.2867	-3.24539
17.2413	-5.29029	-3.24898
17.2513	-5.29389	-3.25258
17.2613	-5.29749	-3.25618
17.2713	-5.30109	-3.25978
17.2812	-5.30469	-3.26338
17.2912	-5.3083	-3.26699
17.3012	-5.3119	-3.27059
17.3112	-5.31551	-3.2742
17.3212	-5.31912	-3.27781
17.3311	-5.32273	-3.28142
17.3411	-5.32634	-3.28503
17.3511	-5.32995	-3.28864
17.3611	-5.33356	-3.29225
17.371	-5.33718	-3.29587
17.381	-5.3408	-3.29949
17.391	-5.34441	-3.30311
17.401	-5.34803	-3.30673
17.411	-5.35166	-3.31035
17.4209	-5.35528	-3.31397
17.4309	-5.3589	-3.31759
17.4409	-5.36253	-3.32122
17.4509	-5.36616	-3.32485
17.4608	-5.36979	-3.32848
17.4708	-5.37342	-3.33211
17.4808	-5.37705	-3.33574
17.4908	-5.38068	-3.33937
17.5008	-5.38432	-3.34301
17.5107	-5.38795	-3.34664
17.5207	-5.39159	-3.35028
17.5307	-5.39523	-3.35392
17.5407	-5.39887	-3.35756
17.5506	-5.40252	-3.36121
17.5606	-5.40616	-3.36485
17.5706	-5.4098	-3.36849
17.5806	-5.41345	-3.37214
17.5905	-5.4171	-3.37579
17.6005	-5.42075	-3.37944
17.6105	-5.4244	-3.38309
17.6205	-5.42805	-3.38674
17.6305	-5.43171	-3.3904
17.6404	-5.43536	-3.39405
17.6504	-5.43902	-3.39771
17.6604	-5.44268	-3.40137
17.6704	-5.44634	-3.40503
17.6803	-5.45	-3.40869
17.6903	-5.45366	-3.41235
17.7003	-5.45733	-3.41602
17.7103	-5.46099	-3.41968
17.7203	-5.46466	-3.42335
17.7302	-5.46833	-3.42702
17.7402	-5.472	-3.43069
17.7502	-5.47567	-3.43436
17.7602	-5.47934	-3.43803
17.7701	-5.48302	-3.44171
17.7801	-5.48669	-3.44538
17.7901	-5.49037	-3.44906
17.8001	-5.49405	-3.45274
17.8101	-5.49773	-3.45642
17.82	-5.50141	-3.4601
17.83	-5.50509	-3.46378
17.84	-5.50878	-3.46747
17.85	-5.51246	-3.47115
17.8599	-5.51615	-3.47484
17.8699	-5.51984	-3.47853
17.8799	-5.52353	-3.48222
17.8899	-5.52722	-3.48591
17.8998	-5.53091	-3.48961
17.9098	-5.53461	-3.4933
17.9198	-5.53831	-3.497
17.9298	-5.542	-3.50069
17.9398	-5.5457	-3.50439
17.9497	-5.5494	-3.50809
17.9597	-5.5531	-3.51179
17.9697	-5.55681	-3.5155
17.9797	-5.56051	-3.5192
17.9896	-5.56422	-3.52291
17.9996	-5.56792	-3.52661
18.0096	-5.57163	-3.53032
18.0196	-5.57534	-3.53403
18.0296	-5.57905	-3.53774
18.0395	-5.58277	-3.54146
18.0495	-5.58648	-3.54517
18.0595	-5.5902	-3.54889
18.0695	-5.59391	-3.5526
18.0794	-5.59763	-3.55632
18.0894	-5.60135	-3.56004
18.0994	-5.60507	-3.56376
18.1094	-5.6088	-3.56749
18.1194	-5.61252	-3.57121
18.1293	-5.61625	-3.57494
18.1393	-5.61997	-3.57866
18.1493	-5.6237	-3.58239
18.1593	-5.62743	-3.58612
18.1692	-5.63116	-3.58985
18.1792	-5.63489	-3.59358
18.1892	-5.63863	-3.59732
18.1992	-5.64236	-3.60105
18.2092	-5.6461	-3.60479
18.2191	-5.64984	-3.60853
18.2291	-5.65358	-3.61227
18.2391	-5.65732	-3.61601
18.2491	-5.66106	-3.61975
18.259	-5.6648	-3.62349
18.269	-5.66855	-3.62724
18.279	-5.67229	-3.63098
18.289	-5.67604	-3.63473
18.2989	-5.67979	-3.63848
18.3089	-5.68354	-3.64223
18.3189	-5.68729	-3.64598
18.3289	-5.69105	-3.64974
18.3389	-5.6948	-3.65349
18.3488	-5.69856	-3.65725
18.3588	-5.70231	-3.661
18.3688	-5.70607	-3.66476
18.3788	-5.70983	-3.66852
18.3887	-5.71359	-3.67228
18.3987	-5.71736	-3.67605
18.4087	-5.72112	-3.67981
18.4187	-5.72488	-3.68357
18.4287	-5.72865	-3.68734
18.4386	-5.73242	-3.69111
18.4486	-5.73619	-3.69488
18.4586	-5.73996	-3.69865
18.4686	-5.74373	-3.70242
18.4785	-5.74751	-3.7062
18.4885	-5.75128	-3.70997
18.4985	-5.75506	-3.71375
18.5085	-5.75883	-3.71752
18.5185	-5.76261	-3.7213
18.5284	-5.76639	-3.72508
18.5384	-5.77017	-3.72886
18.5484	-5.77396	-3.73265
18.5584	-5.77774	-3.73643
18.5683	-5.78153	-3.74022
18.5783	-5.78531	-3.744
18.5883	-5.7891	-3.74779
18.5983	-5.79289	-3.75158
18.6083	-5.79668	-3.75537
18.6182	-5.80047	-3.75916
18.6282	-5.80427	-3.76296
18.6382	-5.80806	-3.76675
18.6482	-5.81186	-3.77055
18.6581	-5.81566	-3.77435
18.6681	-5.81946	-3.77815
18.6781	-5.82326	-3.78195
18.6881	-5.82706	-3.78575
18.698	-5.83086	-3.78955
18.708	-5.83466	-3.79335
18.718	-5.83847	-3.79716
18.728	-5.84228	-3.80097
18.738	-5.84608	-3.80477
18.7479	-5.84989	-3.80858
18.7579	-5.8537	-3.81239
18.7679	-5.85752	-3.81621
18.7779	-5.86133	-3.82002
18.7878	-5.86514	-3.82383
18.7978	-5.86896	-3.82765
18.8078	-5.87278	-3.83147
18.8178	-5.8766	-3.83529
18.8278	-5.88042	-3.83911
18.8377	-5.88424	-3.84293
18.8477	-5.88806	-3.84675
18.8577	-5.89188	-3.85057
18.8677	-5.89571	-3.8544
18.8776	-5.89953	-3.85822
18.8876	-5.90336	-3.86205
18.8976	-5.90719	-3.86588
18.9076	-5.91102	-3.86971
18.9176	-5.91485	-3.87354
18.9275	-5.91868	-3.87737
18.9375	-5.92252	-3.88121
18.9475	-5.92635	-3.88504
18.9575	-5.93019	-3.88888
18.9674	-5.93403	-3.89272
18.9774	-5.93787	-3.89656
18.9874	-5.94171	-3.9004
18.9974	-5.94555	-3.90424
19.0074	-5.94939	-3.90808
19.0173	-5.95324	-3.91193
19.0273	-5.95708	-3.91577
19.0373	-5.96093	-3.91962
19.0473	-5.96478	-3.92347
19.0572	-5.96863	-3.92732
19.0672	-5.97248	-3.93117
19.0772	-5.97633	-3.93502
19.0872	-5.98018	-3.93887
19.0971	-5.98404	-3.94273
19.1071	-5.98789	-3.94658
19.1171	-5.99175	-3.95044
19.1271	-5.99561	-3.9543
19.1371	-5.99947	-3.95816
19.147	-6.00333	-3.96202
19.157	-6.00719	-3.96588
19.167	-6.01105	-3.96974
19.177	-6.01492	-3.97361
19.1869	-6.01878	-3.97747
19.1969	-6.02265	-3.98134
19.2069	-6.02652	-3.98521
19.2169	-6.03039	-3.98908
19.2269	-6.03426	-3.99295
19.2368	-6.03813	-3.99682
19.2468	-6.042	-4.00069
19.2568	-6.04588	-4.00457
19.2668	-6.04975	-4.00844
19.2767	-6.05363	-4.01232
19.2867	-6.05751	-4.0162
19.2967	-6.06139	-4.02008
19.3067	-6.06527	-4.02396
19.3167	-6.06915	-4.02784
19.3266	-6.07303	-4.03172
19.3366	-6.07692	-4.03561
19.3466	-6.0808	-4.03949
19.3566	-6.08469	-4.04338
19.3665	-6.08858	-4.04727
19.3765	-6.09247	-4.05116
19.3865	-6.09636	-4.05505
19.3965	-6.10025	-4.05894
19.4065	-6.10414	-4.06283
19.4164	-6.10804	-4.06673
19.4264	-6.11193	-4.07062
19.4364	-6.11583	-4.07452
19.4464	-6.11973	-4.07842
19.4563	-6.12363	-4.08232
19.4663	-6.12753	-4.08622
19.4763	-6.13143	-4.09012
19.4863	-6.13533	-4.09402
19.4962	-6.13924	-4.09793
19.5062	-6.14314	-4.10183
19.5162	-6.14705	-4.10574
19.5262	-6.15095	-4.10964
19.5362	-6.15486	-4.11355
19.5461	-6.15877	-4.11746
19.5561	-6.16268	-4.12137
19.5661	-6.1666	-4.12529
19.5761	-6.17051	-4.1292
19.586	-6.17442	-4.13312
19.596	-6.17834	-4.13703
19.606	-6.18226	-4.14095
19.616	-6.18618	-4.14487
19.626	-6.1901	-4.14879
19.6359	-6.19402	-4.15271
19.6459	-6.19794	-4.15663
19.6559	-6.20186	-4.16055
19.6659	-6.20579	-4.16448
19.6758	-6.20971	-4.1684
19.6858	-6.21364	-4.17233
19.6958	-6.21757	-4.17626
19.7058	-6.22149	-4.18019
19.7158	-6.22543	-4.18412
19.7257	-6.22936	-4.18805
19.7357	-6.23329	-4.19198
19.7457	-6.23722	-4.19591
19.7557	-6.24116	-4.19985
19.7656	-6.24509	-4.20378
19.7756	-6.24903	-4.20772
19.7856	-6.25297	-4.21166
19.7956	-6.25691	-4.2156
19.8056	-6.26085	-4.21954
19.8155	-6.26479	-4.22348
19.8255	-6.26874	-4.22743
19.8355	-6.27268	-4.23137
19.8455	-6.27662	-4.23532
19.8554	-6.28057	-4.23926
19.8654	-6.28452	-4.24321
19.8754	-6.28847	-4.24716
19.8854	-6.29242	-4.25111
19.8953	-6.29637	-4.25506
19.9053	-6.30032	-4.25901
19.9153	-6.30428	-4.26297
19.9253	-6.30823	-4.26692
19.9353	-6.31219	-4.27088
19.9452	-6.31614	-4.27483
19.9552	-6.3201	-4.27879
19.9652	-6.32406	-4.28275
19.9752	-6.32802	-4.28671
19.9851	-6.33198	-4.29067
19.9951	-6.33595	-4.29464
20.0051	-6.33991	-4.2986
20.0151	-6.34387	-4.30256
20.0251	-6.34784	-4.30653
20.035	-6.35181	-4.3105
20.045	-6.35578	-4.31447
20.055	-6.35975	-4.31844
20.065	-6.36372	-4.32241
20.0749	-6.36769	-4.32638
20.0849	-6.37166	-4.33035
20.0949	-6.37564	-4.33433
20.1049	-6.37961	-4.3383
20.1149	-6.38359	-4.34228
20.1248	-6.38756	-4.34626
20.1348	-6.39154	-4.35023
20.1448	-6.39552	-4.35421
20.1548	-6.3995	-4.35819
20.1647	-6.40349	-4.36218
20.1747	-6.40747	-4.36616
20.1847	-6.41145	-4.37014
20.1947	-6.41544	-4.37413
20.2047	-6.41943	-4.37812
20.2146	-6.42341	-4.3821
20.2246	-6.4274	-4.38609
20.2346	-6.43139	-4.39008
20.2446	-6.43538	-4.39407
20.2545	-6.43937	-4.39806
20.2645	-6.44337	-4.40206
20.2745	-6.44736	-4.40605
20.2845	-6.45136	-4.41005
20.2944	-6.45535	-4.41404
20.3044	-6.45935	-4.41804
20.3144	-6.46335	-4.42204
20.3244	-6.46735	-4.42604
20.3344	-6.47135	-4.43004
20.3443	-6.47535	-4.43404
20.3543	-6.47936	-4.43805
20.3643	-6.48336	-4.44205
20.3743	-6.48736	-4.44605
20.3842	-6.49137	-4.45006
20.3942	-6.49538	-4.45407
20.4042	-6.49939	-4.45808
20.4142	-6.5034	-4.46209
20.4242	-6.50741	-4.4661
20.4341	-6.51142	-4.47011
20.4441	-6.51543	-4.47412
20.4541	-6.51945	-4.47814
20.4641	-6.52346	-4.48215
20.474	-6.52748	-4.48617
20.484	-6.53149	-4.49018
20.494	-6.53551	-4.4942
20.504	-6.53953	-4.49822
20.514	-6.54355	-4.50224
20.5239	-6.54757	-4.50626
20.5339	-6.5516	-4.51029
20.5439	-6.55562	-4.51431
20.5539	-6.55964	-4.51833
20.5638	-6.56367	-4.52236
20.5738	-6.5677	-4.52639
20.5838	-6.57172	-4.53041
20.5938	-6.57575	-4.53444
20.6038	-6.57978	-4.53847
20.6137	-6.58381	-4.5425
20.6237	-6.58785	-4.54654
20.6337	-6.59188	-4.55057
20.6437	-6.59591	-4.5546
20.6536	-6.59995	-4.55864
20.6636	-6.60399	-4.56268
20.6736	-6.60802	-4.56671
20.6836	-6.61206	-4.57075
20.6935	-6.6161	-4.57479
20.7035	-6.62014	-4.57883
20.7135	-6.62418	-4.58287
20.7235	-6.62823	-4.58692
20.7335	-6.63227	-4.59096
20.7434	-6.63631	-4.595
20.7534	-6.64036	-4.59905
20.7634	-6.64441	-4.6031
20.7734	-6.64845	-4.60714
20.7833	-6.6525	-4.61119
20.7933	-6.65655	-4.61524
20.8033	-6.6606	-4.61929
20.8133	-6.66466	-4.62335
20.8233	-6.66871	-4.6274
20.8332	-6.67276	-4.63145
20.8432	-6.67682	-4.63551
20.8532	-6.68087	-4.63956
20.8632	-6.68493	-4.64362
20.8731	-6.68899	-4.64768
20.8831	-6.69305	-4.65174
20.8931	-6.69711	-4.6558
20.9031	-6.70117	-4.65986
20.9131	-6.70523	-4.66392
20.923	-6.7093	-4.66799
20.933	-6.71336	-4.67205
20.943	-6.71743	-4.67612
20.953	-6.72149	-4.68018
20.9629	-6.72556	-4.68425
20.9729	-6.72963	-4.68832
20.9829	-6.7337	-4.69239
20.9929	-6.73777	-4.69646
21.0029	-6.74184	-4.70053
21.0128	-6.74591	-4.7046
21.0228	-6.74999	-4.70868
21.0328	-6.75406	-4.71275
21.0428	-6.75813	-4.71683
21.0527	-6.76221	-4.7209
21.0627	-6.76629	-4.72498
21.0727	-6.77037	-4.72906
21.0827	-6.77445	-4.73314
21.0926	-6.77853	-4.73722
21.1026	-6.78261	-4.7413
21.1126	-6.78669	-4.74538
21.1226	-6.79077	-4.74946
21.1326	-6.79486	-4.75355
21.1425	-6.79894	-4.75763
21.1525	-6.80303	-4.76172
21.1625	-6.80712	-4.76581
21.1725	-6.81121	-4.7699
21.1824	-6.8153	-4.77399
21.1924	-6.81939	-4.77808
21.2024	-6.82348	-4.78217
21.2124	-6.82757	-4.78626
21.2224	-6.83166	-4.79035
21.2323	-6.83576	-4.79445
21.2423	-6.83985	-4.79854
21.2523	-6.84395	-4.80264
21.2623	-6.84805	-4.80674
21.2722	-6.85214	-4.81083
21.2822	-6.85624	-4.81493
21.2922	-6.86034	-4.81903
21.3022	-6.86444	-4.82313
21.3122	-6.86855	-4.82724
21.3221	-6.87265	-4.83134
21.3321	-6.87675	-4.83544
21.3421	-6.88086	-4.83955
21.3521	-6.88496	-4.84365
21.362	-6.88907	-4.84776
21.372	-6.89318	-4.85187
21.382	-6.89729	-4.85598
21.392	-6.9014	-4.86009
21.402	-6.90551	-4.8642
21.4119	-6.90962	-4.86831
21.4219	-6.91373	-4.87242
21.4319	-6.91785	-4.87654
21.4419	-6.92196	-4.88065
21.4518	-6.92608	-4.88477
21.4618	-6.93019	-4.88888
21.4718	-6.93431	-4.893
21.4818	-6.93843	-4.89712
21.4917	-6.94255	-4.90124
21.5017	-6.94667	-4.90536
21.5117	-6.95079	-4.90948
21.5217	-6.95491	-4.9136
21.5317	-6.95903	-4.91772
21.5416	-6.96316	-4.92185
21.5516	-6.96728	-4.92597
21.5616	-6.97141	-4.9301
21.5716	-6.97554	-4.93423
21.5815	-6.97966	-4.93835
21.5915	-6.98379	-4.94248
21.6015	-6.98792	-4.94661
21.6115	-6.99205	-4.95074
21.6215	-6.99618	-4.95487
21.6314	-7.00032	-4.95901
21.6414	-7.00445	-4.96314
21.6514	-7.00858	-4.96727
21.6614	-7.01272	-4.97141
21.6713	-7.01686	-4.97555
21.6813	-7.02099	-4.97968
21.6913	-7.02513	-4.98382
21.7013	-7.02927	-4.98796
21.7113	-7.03341	-4.9921
21.7212	-7.03755	-4.99624
21.7312	-7.04169	-5.00038
21.7412	-7.04583	-5.00452
21.7512	-7.04998	-5.00867
21.7611	-7.05412	-5.01281
21.7711	-7.05827	-5.01696
21.7811	-7.06241	-5.0211
21.7911	-7.06656	-5.02525
21.8011	-7.07071	-5.0294
21.811	-7.07486	-5.03355
21.821	-7.07901	-5.0377
21.831	-7.08316	-5.04185
21.841	-7.08731	-5.046
21.8509	-7.09146	-5.05015
21.8609	-7.09561	-5.0543
21.8709	-7.09977	-5.05846
21.8809	-7.10392	-5.06261
21.8908	-7.10808	-5.06677
21.9008	-7.11224	-5.07093
21.9108	-7.11639	-5.07508
21.9208	-7.12055	-5.07924
21.9308	-7.12471	-5.0834
21.9407	-7.12887	-5.08756
21.9507	-7.13303	-5.09172
21.9607	-7.1372	-5.09589
21.9707	-7.14136	-5.10005
21.9806	-7.14552	-5.10421
21.9906	-7.14969	-5.10838
22.0006	-7.15385	-5.11255
22.0106	-7.15802	-5.11671
22.0206	-7.16219	-5.12088
22.0305	-7.16636	-5.12505
22.0405	-7.17053	-5.12922
22.0505	-7.1747	-5.13339
22.0605	-7.17887	-5.13756
22.0704	-7.18304	-5.14173
22.0804	-7.18721	-5.1459
22.0904	-7.19139	-5.15008
22.1004	-7.19556	-5.15425
22.1104	-7.19974	-5.15843
22.1203	-7.20391	-5.1626
22.1303	-7.20809	-5.16678
22.1403	-7.21227	-5.17096
22.1503	-7.21645	-5.17514
22.1602	-7.22063	-5.17932
22.1702	-7.22481	-5.1835
22.1802	-7.22899	-5.18768
22.1902	-7.23317	-5.19186
22.2002	-7.23735	-5.19604
22.2101	-7.24154	-5.20023
22.2201	-7.24572	-5.20441
22.2301	-7.24991	-5.2086
22.2401	-7.25409	-5.21279
22.25	-7.25828	-5.21697
22.26	-7.26247	-5.22116
22.27	-7.26666	-5.22535
22.28	-7.27085	-5.22954
22.2899	-7.27504	-5.23373
22.2999	-7.27923	-5.23792
22.3099	-7.28342	-5.24211
22.3199	-7.28762	-5.24631
22.3299	-7.29181	-5.2505
22.3398	-7.29601	-5.2547
22.3498	-7.3002	-5.25889
22.3598	-7.3044	-5.26309
22.3698	-7.3086	-5.26729
22.3797	-7.3128	-5.27149
22.3897	-7.31699	-5.27568
22.3997	-7.32119	-5.27988
22.4097	-7.3254	-5.28409
22.4197	-7.3296	-5.28829
22.4296	-7.3338	-5.29249
22.4396	-7.338	-5.29669
22.4496	-7.34221	-5.3009
22.4596	-7.34641	-5.3051
22.4695	-7.35062	-5.30931
22.4795	-7.35482	-5.31351
22.4895	-7.35903	-5.31772
22.4995	-7.36324	-5.32193
22.5095	-7.36745	-5.32614
22.5194	-7.37166	-5.33035
22.5294	-7.37587	-5.33456
22.5394	-7.38008	-5.33877
22.5494	-7.38429	-5.34298
22.5593	-7.38851	-5.3472
22.5693	-7.39272	-5.35141
22.5793	-7.39693	-5.35562
22.5893	-7.40115	-5.35984
22.5992	-7.40537	-5.36406
22.6092	-7.40958	-5.36827
22.6192	-7.4138	-5.37249
22.6292	-7.41802	-5.37671
22.6392	-7.42224	-5.38093
22.6491	-7.42646	-5.38515
22.6591	-7.43068	-5.38937
22.6691	-7.4349	-5.39359
22.6791	-7.43913	-5.39782
22.689	-7.44335	-5.40204
22.699	-7.44757	-5.40626
22.709	-7.4518	-5.41049
22.719	-7.45602	-5.41471
22.729	-7.46025	-5.41894
22.7389	-7.46448	-5.42317
22.7489	-7.46871	-5.4274
22.7589	-7.47294	-5.43163
22.7689	-7.47717	-5.43586
22.7788	-7.4814	-5.44009
22.7888	-7.48563	-5.44432
22.7988	-7.48986	-5.44855
22.8088	-7.49409	-5.45278
22.8188	-7.49833	-5.45702
22.8287	-7.50256	-5.46125
22.8387	-7.5068	-5.46549
22.8487	-7.51103	-5.46972
22.8587	-7.51527	-5.47396
22.8686	-7.51951	-5.4782
22.8786	-7.52375	-5.48244
22.8886	-7.52798	-5.48667
22.8986	-7.53222	-5.49091
22.9086	-7.53646	-5.49516
22.9185	-7.54071	-5.4994
22.9285	-7.54495	-5.50364
22.9385	-7.54919	-5.50788
22.9485	-7.55344	-5.51213
22.9584	-7.55768	-5.51637
22.9684	-7.56193	-5.52062
22.9784	-7.56617	-5.52486
22.9884	-7.57042	-5.52911
22.9983	-7.57467	-5.53336
23.0083	-7.57891	-5.5376
23.0183	-7.58316	-5.54185
23.0283	-7.58741	-5.5461
23.0383	-7.59166	-5.55035
23.0482	-7.59591	-5.5546
23.0582	-7.60017	-5.55886
23.0682	-7.60442	-5.56311
23.0782	-7.60867	-5.56736
23.0881	-7.61293	-5.57162
23.0981	-7.61718	-5.57587
23.1081	-7.62144	-5.58013
23.1181	-7.62569	-5.58438
23.1281	-7.62995	-5.58864
23.138	-7.63421	-5.5929
23.148	-7.63847	-5.59716
23.158	-7.64273	-5.60142
23.168	-7.64699	-5.60568
23.1779	-7.65125	-5.60994
23.1879	-7.65551	-5.6142
23.1979	-7.65977	-5.61846
23.2079	-7.66404	-5.62273
23.2179	-7.6683	-5.62699
23.2278	-7.67256	-5.63125
23.2378	-7.67683	-5.63552
23.2478	-7.6811	-5.63979
23.2578	-7.68536	-5.64405
23.2677	-7.68963	-5.64832
23.2777	-7.6939	-5.65259
23.2877	-7.69817	-5.65686
23.2977	-7.70244	-5.66113
23.3077	-7.70671	-5.6654
23.3176	-7.71098	-5.66967
23.3276	-7.71525	-5.67394
23.3376	-7.71952	-5.67821
23.3476	-7.7238	-5.68249
23.3575	-7.72807	-5.68676
23.3675	-7.73234	-5.69103
23.3775	-7.73662	-5.69531
23.3875	-7.7409	-5.69959
23.3974	-7.74517	-5.70386
23.4074	-7.74945	-5.70814
23.4174	-7.75373	-5.71242
23.4274	-7.75801	-5.7167
23.4374	-7.76229	-5.72098
23.4473	-7.76657	-5.72526
23.4573	-7.77085	-5.72954
23.4673	-7.77513	-5.73382
23.4773	-7.77941	-5.7381
23.4872	-7.7837	-5.74239
23.4972	-7.78798	-5.74667
23.5072	-7.79226	-5.75095
23.5172	-7.79655	-5.75524
23.5272	-7.80083	-5.75952
23.5371	-7.80512	-5.76381
23.5471	-7.80941	-5.7681
23.5571	-7.8137	-5.77239
23.5671	-7.81798	-5.77668
23.577	-7.82227	-5.78096
23.587	-7.82656	-5.78525
23.597	-7.83085	-5.78955
23.607	-7.83515	-5.79384
23.617	-7.83944	-5.79813
23.6269	-7.84373	-5.80242
23.6369	-7.84802	-5.80671
23.6469	-7.85232	-5.81101
23.6569	-7.85661	-5.8153
23.6668	-7.86091	-5.8196
23.6768	-7.8652	-5.8239
23.6868	-7.8695	-5.82819
23.6968	-7.8738	-5.83249
23.7068	-7.8781	-5.83679
23.7167	-7.8824	-5.84109
23.7267	-7.8867	-5.84539
23.7367	-7.891	-5.84969
23.7467	-7.8953	-5.85399
23.7566	-7.8996	-5.85829
23.7666	-7.9039	-5.86259
23.7766	-7.9082	-5.86689
23.7866	-7.91251	-5.8712
23.7965	-7.91681	-5.8755
23.8065	-7.92112	-5.87981
23.8165	-7.92542	-5.88411
23.8265	-7.92973	-5.88842
23.8365	-7.93403	-5.89272
23.8464	-7.93834	-5.89703
23.8564	-7.94265	-5.90134
23.8664	-7.94696	-5.90565
23.8764	-7.95127	-5.90996
23.8863	-7.95558	-5.91427
23.8963	-7.95989	-5.91858
23.9063	-7.9642	-5.92289
23.9163	-7.96851	-5.9272
23.9263	-7.97282	-5.93151
23.9362	-7.97714	-5.93583
23.9462	-7.98145	-5.94014
23.9562	-7.98577	-5.94446
23.9662	-7.99008	-5.94877
23.9761	-7.9944	-5.95309
23.9861	-7.99871	-5.9574
23.9961	-8.00303	-5.96172
24.0061	-8.00735	-5.96604
24.0161	-8.01167	-5.97036
24.026	-8.01599	-5.97468
24.036	-8.02031	-5.979
24.046	-8.02463	-5.98332
24.056	-8.02895	-5.98764
24.0659	-8.03327	-5.99196
24.0759	-8.03759	-5.99628
24.0859	-8.04191	-6.0006
24.0959	-8.04624	-6.00493
24.1059	-8.05056	-6.00925
24.1158	-8.05489	-6.01358
24.1258	-8.05921	-6.0179
24.1358	-8.06354	-6.02223
24.1458	-8.06786	-6.02655
24.1557	-8.07219	-6.03088
24.1657	-8.07652	-6.03521
24.1757	-8.08085	-6.03954
24.1857	-8.08518	-6.04387
24.1956	-8.08951	-6.0482
24.2056	-8.09384	-6.05253
24.2156	-8.09817	-6.05686
24.2256	-8.1025	-6.06119
24.2356	-8.10683	-6.06552
24.2455	-8.11116	-6.06985
24.2555	-8.1155	-6.07419
24.2655	-8.11983	-6.07852
24.2755	-8.12417	-6.08286
24.2854	-8.1285	-6.08719
24.2954	-8.13284	-6.09153
24.3054	-8.13717	-6.09586
24.3154	-8.14151	-6.1002
24.3254	-8.14585	-6.10454
24.3353	-8.15019	-6.10888
24.3453	-8.15452	-6.11321
24.3553	-8.15886	-6.11755
24.3653	-8.1632	-6.12189
24.3752	-8.16754	-6.12623
24.3852	-8.17189	-6.13058
24.3952	-8.17623	-6.13492
24.4052	-8.18057	-6.13926
24.4152	-8.18491	-6.1436
24.4251	-8.18926	-6.14795
24.4351	-8.1936	-6.15229
24.4451	-8.19794	-6.15663
24.4551	-8.20229	-6.16098
24.465	-8.20664	-6.16533
24.475	-8.21098	-6.16967
24.485	-8.21533	-6.17402
24.495	-8.21968	-6.17837
24.505	-8.22402	-6.18272
24.5149	-8.22837	-6.18706
24.5249	-8.23272	-6.19141
24.5349	-8.23707	-6.19576
24.5449	-8.24142	-6.20011
24.5548	-8.24577	-6.20446
24.5648	-8.25013	-6.20882
24.5748	-8.25448	-6.21317
24.5848	-8.25883	-6.21752
24.5947	-8.26318	-6.22188
24.6047	-8.26754	-6.22623
24.6147	-8.27189	-6.23058
24.6247	-8.27625	-6.23494
24.6347	-8.2806	-6.23929
24.6446	-8.28496	-6.24365
24.6546	-8.28932	-6.24801
24.6646	-8.29367	-6.25236
24.6746	-8.29803	-6.25672
24.6845	-8.30239	-6.26108
24.6945	-8.30675	-6.26544
24.7045	-8.31111	-6.2698
24.7145	-8.31547	-6.27416
24.7245	-8.31983	-6.27852
24.7344	-8.32419	-6.28288
24.7444	-8.32855	-6.28724
24.7544	-8.33292	-6.29161
24.7644	-8.33728	-6.29597
24.7743	-8.34164	-6.30033
24.7843	-8.34601	-6.3047
24.7943	-8.35037	-6.30906
24.8043	-8.35474	-6.31343
24.8143	-8.3591	-6.31779
24.8242	-8.36347	-6.32216
24.8342	-8.36783	-6.32652
24.8442	-8.3722	-6.33089
24.8542	-8.37657	-6.33526
24.8641	-8.38094	-6.33963
24.8741	-8.38531	-6.344
24.8841	-8.38968	-6.34837
24.8941	-8.39405	-6.35274
24.9041	-8.39842	-6.35711
24.914	-8.40279	-6.36148
24.924	-8.40716	-6.36585
24.934	-8.41153	-6.37022
24.944	-8.4159	-6.37459
24.9539	-8.42028	-6.37897
24.9639	-8.42465	-6.38334
24.9739	-8.42903	-6.38772
24.9839	-8.4334	-6.39209
24.9938	-8.43778	-6.39647
25.0038	-8.44215	-6.40084
25.0138	-8.44653	-6.40522
25.0238	-8.45091	-6.4096
25.0338	-8.45528	-6.41397
25.0437	-8.45966	-6.41835
25.0537	-8.46404	-6.42273
25.0637	-8.46842	-6.42711
25.0737	-8.4728	-6.43149
25.0836	-8.47718	-6.43587
25.0936	-8.48156	-6.44025
25.1036	-8.48594	-6.44463
25.1136	-8.49032	-6.44901
25.1236	-8.4947	-6.45339
25.1335	-8.49909	-6.45778
25.1435	-8.50347	-6.46216
25.1535	-8.50785	-6.46654
25.1635	-8.51224	-6.47093
25.1734	-8.51662	-6.47531
25.1834	-8.52101	-6.4797
25.1934	-8.52539	-6.48408
25.2034	-8.52978	-6.48847
25.2134	-8.53416	-6.49286
25.2233	-8.53855	-6.49724
25.2333	-8.54294	-6.50163
25.2433	-8.54733	-6.50602
25.2533	-8.55172	-6.51041
25.2632	-8.55611	-6.5148
25.2732	-8.5605	-6.51919
25.2832	-8.56489	-6.52358
25.2932	-8.56928	-6.52797
25.3032	-8.57367	-6.53236
25.3131	-8.57806	-6.53675
25.3231	-8.58245	-6.54114
25.3331	-8.58684	-6.54553
25.3431	-8.59124	-6.54993
25.353	-8.59563	-6.55432
25.363	-8.60002	-6.55872
25.373	-8.60442	-6.56311
25.383	-8.60881	-6.5675
25.3929	-8.61321	-6.5719
25.4029	-8.61761	-6.5763
25.4129	-8.622	-6.58069
25.4229	-8.6264	-6.58509
25.4329	-8.6308	-6.58949
25.4428	-8.6352	-6.59389
25.4528	-8.63959	-6.59828
25.4628	-8.64399	-6.60268
25.4728	-8.64839	-6.60708
25.4827	-8.65279	-6.61148
25.4927	-8.65719	-6.61588
25.5027	-8.66159	-6.62028
25.5127	-8.66599	-6.62469
25.5227	-8.6704	-6.62909
25.5326	-8.6748	-6.63349
25.5426	-8.6792	-6.63789
25.5526	-8.6836	-6.6423
25.5626	-8.68801	-6.6467
25.5725	-8.69241	-6.6511
25.5825	-8.69682	-6.65551
25.5925	-8.70122	-6.65991
25.6025	-8.70563	-6.66432
25.6125	-8.71003	-6.66872
25.6224	-8.71444	-6.67313
25.6324	-8.71885	-6.67754
25.6424	-8.72326	-6.68195
25.6524	-8.72766	-6.68635
25.6623	-8.73207	-6.69076
25.6723	-8.73648	-6.69517
25.6823	-8.74089	-6.69958
25.6923	-8.7453	-6.70399
25.7023	-8.74971	-6.7084
25.7122	-8.75412	-6.71281
25.7222	-8.75853	-6.71722
25.7322	-8.76294	-6.72163
25.7422	-8.76735	-6.72604
25.7521	-8.77177	-6.73046
25.7621	-8.77618	-6.73487
25.7721	-8.78059	-6.73928
25.7821	-8.78501	-6.7437
25.792	-8.78942	-6.74811
25.802	-8.79384	-6.75253
25.812	-8.79825	-6.75694
25.822	-8.80267	-6.76136
25.832	-8.80708	-6.76577
25.8419	-8.8115	-6.77019
25.8519	-8.81592	-6.77461
25.8619	-8.82033	-6.77902
25.8719	-8.82475	-6.78344
25.8818	-8.82917	-6.78786
25.8918	-8.83359	-6.79228
25.9018	-8.83801	-6.7967
25.9118	-8.84243	-6.80112
25.9218	-8.84685	-6.80554
25.9317	-8.85127	-6.80996
25.9417	-8.85569	-6.81438
25.9517	-8.86011	-6.8188
25.9617	-8.86453	-6.82322
25.9716	-8.86895	-6.82764
25.9816	-8.87337	-6.83206
25.9916	-8.8778	-6.83649
26.0016	-8.88222	-6.84091
26.0116	-8.88664	-6.84533
26.0215	-8.89107	-6.84976
26.0315	-8.89549	-6.85418
26.0415	-8.89992	-6.85861
26.0515	-8.90434	-6.86303
26.0614	-8.90877	-6.86746
26.0714	-8.91319	-6.87189
26.0814	-8.91762	-6.87631
26.0914	-8.92205	-6.88074
26.1014	-8.92648	-6.88517
26.1113	-8.9309	-6.88959
26.1213	-8.93533	-6.89402
26.1313	-8.93976	-6.89845
26.1413	-8.94419	-6.90288
26.1512	-8.94862	-6.90731
26.1612	-8.95305	-6.91174
26.1712	-8.95748	-6.91617
26.1812	-8.96191	-6.9206
26.1911	-8.96634	-6.92503
26.2011	-8.97077	-6.92946
26.2111	-8.97521	-6.9339
26.2211	-8.97964	-6.93833
26.2311	-8.98407	-6.94276
26.241	-8.9885	-6.94719
26.251	-8.99294	-6.95163
26.261	-8.99737	-6.95606
26.271	-9.00181	-6.9605
26.2809	-9.00624	-6.96493
26.2909	-9.01068	-6.96937
26.3009	-9.01511	-6.9738
26.3109	-9.01955	-6.97824
26.3209	-9.02398	-6.98267
26.3308	-9.02842	-6.98711
26.3408	-9.03286	-6.99155
26.3508	-9.0373	-6.99599
26.3608	-9.04173	-7.00042
26.3707	-9.04617	-7.00486
26.3807	-9.05061	-7.0093
26.3907	-9.05505	-7.01374
26.4007	-9.05949	-7.01818
26.4107	-9.06393	-7.02262
26.4206	-9.06837	-7.02706
26.4306	-9.07281	-7.0315
26.4406	-9.07725	-7.03594
26.4506	-9.08169	-7.04038
26.4605	-9.08613	-7.04482
26.4705	-9.09058	-7.04927
26.4805	-9.09502	-7.05371
26.4905	-9.09946	-7.05815
26.5005	-9.1039	-7.0626
26.5104	-9.10835	-7.06704
26.5204	-9.11279	-7.07148
26.5304	-9.11724	-7.07593
26.5404	-9.12168	-7.08037
26.5503	-9.12613	-7.08482
26.5603	-9.13057	-7.08926
26.5703	-9.13502	-7.09371
26.5803	-9.13946	-7.09815
26.5902	-9.14391	-7.1026
26.6002	-9.14836	-7.10705
26.6102	-9.15281	-7.1115
26.6202	-9.15725	-7.11594
26.6302	-9.1617	-7.12039
26.6401	-9.16615	-7.12484
26.6501	-9.1706	-7.12929
26.6601	-9.17505	-7.13374
26.6701	-9.1795	-7.13819
26.68	-9.18395	-7.14264
26.69	-9.1884	-7.14709
26.7	-9.19285	-7.15154
26.71	-9.1973	-7.15599
26.72	-9.20175	-7.16044
26.7299	-9.2062	-7.16489
26.7399	-9.21065	-7.16934
26.7499	-9.21511	-7.1738
26.7599	-9.21956	-7.17825
26.7698	-9.22401	-7.1827
26.7798	-9.22847	-7.18716
26.7898	-9.23292	-7.19161
26.7998	-9.23737	-7.19606
26.8098	-9.24183	-7.20052
26.8197	-9.24628	-7.20497
26.8297	-9.25074	-7.20943
26.8397	-9.25519	-7.21388
26.8497	-9.25965	-7.21834
26.8596	-9.26411	-7.2228
26.8696	-9.26856	-7.22725
26.8796	-9.27302	-7.23171
26.8896	-9.27748	-7.23617
26.8995	-9.28193	-7.24062
26.9095	-9.28639	-7.24508
26.9195	-9.29085	-7.24954
26.9295	-9.29531	-7.254
26.9395	-9.29977	-7.25846
26.9494	-9.30423	-7.26292
26.9594	-9.30869	-7.26738
26.9694	-9.31315	-7.27184
26.9794	-9.31761	-7.2763
26.9893	-9.32207	-7.28076
26.9993	-9.32653	-7.28522
27.0093	-9.33099	-7.28968
27.0193	-9.33545	-7.29414
27.0293	-9.33991	-7.2986
27.0392	-9.34437	-7.30307
27.0492	-9.34884	-7.30753
27.0592	-9.3533	-7.31199
27.0692	-9.35776	-7.31645
27.0791	-9.36223	-7.32092
27.0891	-9.36669	-7.32538
27.0991	-9.37115	-7.32985
27.1091	-9.37562	-7.33431
27.1191	-9.38008	-7.33877
27.129	-9.38455	-7.34324
27.139	-9.38901	-7.3477
27.149	-9.39348	-7.35217
27.159	-9.39795	-7.35664
27.1689	-9.40241	-7.3611
27.1789	-9.40688	-7.36557
27.1889	-9.41135	-7.37004
27.1989	-9.41581	-7.3745
27.2089	-9.42028	-7.37897
27.2188	-9.42475	-7.38344
27.2288	-9.42922	-7.38791
27.2388	-9.43369	-7.39238
27.2488	-9.43815	-7.39685
27.2587	-9.44262	-7.40131
27.2687	-9.44709	-7.40578
27.2787	-9.45156	-7.41025
27.2887	-9.45603	-7.41472
27.2986	-9.4605	-7.41919
27.3086	-9.46497	-7.42366
27.3186	-9.46945	-7.42814
27.3286	-9.47392	-7.43261
27.3386	-9.47839	-7.43708
27.3485	-9.48286	-7.44155
27.3585	-9.48733	-7.44602
27.3685	-9.4918	-7.4505
27.3785	-9.49628	-7.45497
27.3884	-9.50075	-7.45944
27.3984	-9.50522	-7.46391
27.4084	-9.5097	-7.46839
27.4184	-9.51417	-7.47286
27.4284	-9.51865	-7.47734
27.4383	-9.52312	-7.48181
27.4483	-9.5276	-7.48629
27.4583	-9.53207	-7.49076
27.4683	-9.53655	-7.49524
27.4782	-9.54102	-7.49971
27.4882	-9.5455	-7.50419
27.4982	-9.54997	-7.50866
27.5082	-9.55445	-7.51314
27.5182	-9.55893	-7.51762
27.5281	-9.5634	-7.52209
27.5381	-9.56788	-7.52657
27.5481	-9.57236	-7.53105
27.5581	-9.57684	-7.53553
27.568	-9.58132	-7.54001
27.578	-9.58579	-7.54448
27.588	-9.59027	-7.54896
27.598	-9.59475	-7.55344
27.608	-9.59923	-7.55792
27.6179	-9.60371	-7.5624
27.6279	-9.60819	-7.56688
27.6379	-9.61267	-7.57136
27.6479	-9.61715	-7.57584
27.6578	-9.62163	-7.58032
27.6678	-9.62611	-7.5848
27.6778	-9.63059	-7.58928
27.6878	-9.63508	-7.59377
27.6977	-9.63956	-7.59825
27.7077	-9.64404	-7.60273
27.7177	-9.64852	-7.60721
27.7277	-9.653	-7.61169
27.7377	-9.65749	-7.61618
27.7476	-9.66197	-7.62066
27.7576	-9.66645	-7.62514
27.7676	-9.67094	-7.62963
27.7776	-9.67542	-7.63411
27.7875	-9.67991	-7.6386
27.7975	-9.68439	-7.64308
27.8075	-9.68887	-7.64756
27.8175	-9.69336	-7.65205
27.8275	-9.69784	-7.65653
27.8374	-9.70233	-7.66102
27.8474	-9.70682	-7.66551
27.8574	-9.7113	-7.66999
27.8674	-9.71579	-7.67448
27.8773	-9.72027	-7.67896
27.8873	-9.72476	-7.68345
27.8973	-9.72925	-7.68794
27.9073	-9.73374	-7.69243
27.9173	-9.73822	-7.69691
27.9272	-9.74271	-7.7014
27.9372	-9.7472	-7.70589
27.9472	-9.75169	-7.71038
27.9572	-9.75618	-7.71487
27.9671	-9.76066	-7.71935
27.9771	-9.76515	-7.72384
27.9871	-9.76964	-7.72833
27.9971	-9.77413	-7.73282
28.0071	-9.77862	-7.73731
28.017	-9.78311	-7.7418
28.027	-9.7876	-7.74629
28.037	-9.79209	-7.75078
28.047	-9.79658	-7.75527
28.0569	-9.80107	-7.75976
28.0669	-9.80556	-7.76425
28.0769	-9.81006	-7.76875
28.0869	-9.81455	-7.77324
28.0968	-9.81904	-7.77773
28.1068	-9.82353	-7.78222
28.1168	-9.82802	-7.78671
28.1268	-9.83252	-7.79121
28.1368	-9.83701	-7.7957
28.1467	-9.8415	-7.80019
28.1567	-9.846	-7.80469
28.1667	-9.85049	-7.80918
28.1767	-9.85498	-7.81367
28.1866	-9.85948	-7.81817
28.1966	-9.86397	-7.82266
28.2066	-9.86846	-7.82715
28.2166	-9.87296	-7.83165
28.2266	-9.87745	-7.83614
28.2365	-9.88195	-7.84064
28.2465	-9.88644	-7.84513
28.2565	-9.89094	-7.84963
28.2665	-9.89544	-7.85413
28.2764	-9.89993	-7.85862
28.2864	-9.90443	-7.86312
28.2964	-9.90892	-7.86761
28.3064	-9.91342	-7.87211
28.3164	-9.91792	-7.87661
28.3263	-9.92241	-7.8811
28.3363	-9.92691	-7.8856
28.3463	-9.93141	-7.8901
28.3563	-9.93591	-7.8946
28.3662	-9.9404	-7.89909
28.3762	-9.9449	-7.90359
28.3862	-9.9494	-7.90809
28.3962	-9.9539	-7.91259
28.4062	-9.9584	-7.91709
28.4161	-9.9629	-7.92159
28.4261	-9.9674	-7.92609
28.4361	-9.9719	-7.93059
28.4461	-9.9764	-7.93509
28.456	-9.9809	-7.93959
28.466	-9.98539	-7.94409
28.476	-9.9899	-7.94859
28.486	-9.9944	-7.95309
28.4959	-9.9989	-7.95759
28.5059	-10.0034	-7.96209
28.5159	-10.0079	-7.96659
28.5259	-10.0124	-7.97109
28.5359	-10.0169	-7.97559
28.5458	-10.0214	-7.98009
28.5558	-10.0259	-7.98459
28.5658	-10.0304	-7.9891
28.5758	-10.0349	-7.9936
28.5857	-10.0394	-7.9981
28.5957	-10.0439	-8.0026
28.6057	-10.0484	-8.00711
28.6157	-10.0529	-8.01161
28.6257	-10.0574	-8.01611
28.6356	-10.0619	-8.02062
28.6456	-10.0664	-8.02512
28.6556	-10.0709	-8.02962
28.6656	-10.0754	-8.03413
28.6755	-10.0799	-8.03863
28.6855	-10.0844	-8.04314
28.6955	-10.0889	-8.04764
28.7055	-10.0935	-8.05214
28.7155	-10.098	-8.05665
28.7254	-10.1025	-8.06115
28.7354	-10.107	-8.06566
28.7454	-10.1115	-8.07016
28.7554	-10.116	-8.07467
28.7653	-10.1205	-8.07918
28.7753	-10.125	-8.08368
28.7853	-10.1295	-8.08819
28.7953	-10.134	-8.09269
28.8053	-10.1385	-8.0972
28.8152	-10.143	-8.10171
28.8252	-10.1475	-8.10621
28.8352	-10.152	-8.11072
28.8452	-10.1565	-8.11523
28.8551	-10.161	-8.11974
28.8651	-10.1656	-8.12424
28.8751	-10.1701	-8.12875
28.8851	-10.1746	-8.13326
28.895	-10.1791	-8.13777
28.905	-10.1836	-8.14228
28.915	-10.1881	-8.14678
28.925	-10.1926	-8.15129
28.935	-10.1971	-8.1558
28.9449	-10.2016	-8.16031
28.9549	-10.2061	-8.16482
28.9649	-10.2106	-8.16933
28.9749	-10.2151	-8.17384
28.9848	-10.2197	-8.17835
28.9948	-10.2242	-8.18286
29.0048	-10.2287	-8.18737
29.0148	-10.2332	-8.19188
29.0248	-10.2377	-8.19639
29.0347	-10.2422	-8.2009
29.0447	-10.2467	-8.20541
29.0547	-10.2512	-8.20992
29.0647	-10.2557	-8.21443
29.0746	-10.2603	-8.21894
29.0846	-10.2648	-8.22345
29.0946	-10.2693	-8.22796
29.1046	-10.2738	-8.23248
29.1146	-10.2783	-8.23699
29.1245	-10.2828	-8.2415
29.1345	-10.2873	-8.24601
29.1445	-10.2918	-8.25052
29.1545	-10.2963	-8.25504
29.1644	-10.3009	-8.25955
29.1744	-10.3054	-8.26406
29.1844	-10.3099	-8.26857
29.1944	-10.3144	-8.27309
29.2044	-10.3189	-8.2776
29.2143	-10.3234	-8.28211
29.2243	-10.3279	-8.28663
29.2343	-10.3324	-8.29114
29.2443	-10.337	-8.29565
29.2542	-10.3415	-8.30017
29.2642	-10.346	-8.30468
29.2742	-10.3505	-8.30919
29.2842	-10.355	-8.31371
29.2941	-10.3595	-8.31822
29.3041	-10.364	-8.32274
29.3141	-10.3686	-8.32725
29.3241	-10.3731	-8.33177
29.3341	-10.3776	-8.33628
29.344	-10.3821	-8.3408
29.354	-10.3866	-8.34531
29.364	-10.3911	-8.34983
29.374	-10.3957	-8.35434
29.3839	-10.4002	-8.35886
29.3939	-10.4047	-8.36337
29.4039	-10.4092	-8.36789
29.4139	-10.4137	-8.37241
29.4239	-10.4182	-8.37692
29.4338	-10.4227	-8.38144
29.4438	-10.4273	-8.38596
29.4538	-10.4318	-8.39047
29.4638	-10.4363	-8.39499
29.4737	-10.4408	-8.39951
29.4837	-10.4453	-8.40402
29.4937	-10.4498	-8.40854
29.5037	-10.4544	-8.41306
29.5137	-10.4589	-8.41757
29.5236	-10.4634	-8.42209
29.5336	-10.4679	-8.42661
29.5436	-10.4724	-8.43113
29.5536	-10.477	-8.43564
29.5635	-10.4815	-8.44016
29.5735	-10.486	-8.44468
29.5835	-10.4905	-8.4492
29.5935	-10.495	-8.45372
29.6035	-10.4995	-8.45824
29.6134	-10.5041	-8.46275
29.6234	-10.5086	-8.46727
29.6334	-10.5131	-8.47179
29.6434	-10.5176	-8.47631
29.6533	-10.5221	-8.48083
29.6633	-10.5267	-8.48535
29.6733	-10.5312	-8.48987
29.6833	-10.5357	-8.49439
29.6932	-10.5402	-8.49891
29.7032	-10.5447	-8.50343
29.7132	-10.5493	-8.50795
29.7232	-10.5538	-8.51247
29.7332	-10.5583	-8.51699
29.7431	-10.5628	-8.52151
29.7531	-10.5673	-8.52603
29.7631	-10.5719	-8.53055
29.7731	-10.5764	-8.53507
29.783	-10.5809	-8.53959
29.793	-10.5854	-8.54411
29.803	-10.5899	-8.54863
29.813	-10.5945	-8.55315
29.823	-10.599	-8.55767
29.8329	-10.6035	-8.56219
29.8429	-10.608	-8.56671
29.8529	-10.6125	-8.57123
29.8629	-10.6171	-8.57576
29.8728	-10.6216	-8.58028
29.8828	-10.6261	-8.5848
29.8928	-10.6306	-8.58932
29.9028	-10.6352	-8.59384
29.9128	-10.6397	-8.59836
29.9227	-10.6442	-8.60289
29.9327	-10.6487	-8.60741
29.9427	-10.6532	-8.61193
29.9527	-10.6578	-8.61645
29.9626	-10.6623	-8.62097
29.9726	-10.6668	-8.6255
29.9826	-10.6713	-8.63002
29.9926	-10.6759	-8.63454
30.0026	-10.6804	-8.63906
30.0125	-10.6849	-8.64359
30.0225	-10.6894	-8.64811
30.0325	-10.6939	-8.65263
30.0425	-10.6985	-8.65716
30.0524	-10.703	-8.66168
30.0624	-10.7075	-8.6662
30.0724	-10.712	-8.67073
30.0824	-10.7166	-8.67525
30.0923	-10.7211	-8.67977
30.1023	-10.7256	-8.6843
30.1123	-10.7301	-8.68882
30.1223	-10.7347	-8.69334
30.1323	-10.7392	-8.69787
30.1422	-10.7437	-8.70239
30.1522	-10.7482	-8.70692
30.1622	-10.7527	-8.71144
30.1722	-10.7573	-8.71596
30.1821	-10.7618	-8.72049
30.1921	-10.7663	-8.72501
30.2021	-10.7708	-8.72954
30.2121	-10.7754	-8.73406
30.2221	-10.7799	-8.73859
30.232	-10.7844	-8.74311
30.242	-10.7889	-8.74764
30.252	-10.7935	-8.75216
30.262	-10.798	-8.75669
30.2719	-10.8025	-8.76121
30.2819	-10.807	-8.76574
30.2919	-10.8116	-8.77026
30.3019	-10.8161	-8.77479
30.3119	-10.8206	-8.77931
30.3218	-10.8251	-8.78384
30.3318	-10.8297	-8.78836
30.3418	-10.8342	-8.79289
30.3518	-10.8387	-8.79741
30.3617	-10.8432	-8.80194
30.3717	-10.8478	-8.80646
30.3817	-10.8523	-8.81099
30.3917	-10.8568	-8.81552
30.4017	-10.8614	-8.82004
30.4116	-10.8659	-8.82457
30.4216	-10.8704	-8.82909
30.4316	-10.8749	-8.83362
30.4416	-10.8795	-8.83815
30.4515	-10.884	-8.84267
30.4615	-10.8885	-8.8472
30.4715	-10.893	-8.85173
30.4815	-10.8976	-8.85625
30.4914	-10.9021	-8.86078
30.5014	-10.9066	-8.86531
30.5114	-10.9111	-8.86983
30.5214	-10.9157	-8.87436
30.5314	-10.9202	-8.87889
30.5413	-10.9247	-8.88341
30.5513	-10.9292	-8.88794
30.5613	-10.9338	-8.89247
30.5713	-10.9383	-8.89699
30.5812	-10.9428	-8.90152
30.5912	-10.9474	-8.90605
30.6012	-10.9519	-8.91057
30.6112	-10.9564	-8.9151
30.6212	-10.9609	-8.91963
30.6311	-10.9655	-8.92416
30.6411	-10.97	-8.92868
30.6511	-10.9745	-8.93321
30.6611	-10.979	-8.93774
30.671	-10.9836	-8.94227
30.681	-10.9881	-8.94679
30.691	-10.9926	-8.95132
30.701	-10.9972	-8.95585
30.711	-11.0017	-8.96038
30.7209	-11.0062	-8.9649
30.7309	-11.0107	-8.96943
30.7409	-11.0153	-8.97396
30.7509	-11.0198	-8.97849
30.7608	-11.0243	-8.98301
30.7708	-11.0289	-8.98754
30.7808	-11.0334	-8.99207
30.7908	-11.0379	-8.9966
30.8008	-11.0424	-9.00113
30.8107	-11.047	-9.00566
30.8207	-11.0515	-9.01018
30.8307	-11.056	-9.01471
30.8407	-11.0605	-9.01924
30.8506	-11.0651	-9.02377
30.8606	-11.0696	-9.0283
30.8706	-11.0741	-9.03282
30.8806	-11.0787	-9.03735
30.8905	-11.0832	-9.04188
30.9005	-11.0877	-9.04641
30.9105	-11.0922	-9.05094
30.9205	-11.0968	-9.05547
30.9305	-11.1013	-9.06
30.9404	-11.1058	-9.06452
30.9504	-11.1104	-9.06905
30.9604	-11.1149	-9.07358
30.9704	-11.1194	-9.07811
30.9803	-11.1239	-9.08264
30.9903	-11.1285	-9.08717
31.0003	-11.133	-9.0917
31.0103	-11.1375	-9.09623
31.0203	-11.1421	-9.10075
31.0302	-11.1466	-9.10528
31.0402	-11.1511	-9.10981
31.0502	-11.1557	-9.11434
31.0602	-11.1602	-9.11887
31.0701	-11.1647	-9.1234
31.0801	-11.1692	-9.12793
31.0901	-11.1738	-9.13246
31.1001	-11.1783	-9.13699
31.1101	-11.1828	-9.14152
31.12	-11.1874	-9.14604
31.13	-11.1919	-9.15057
31.14	-11.1964	-9.1551
31.15	-11.2009	-9.15963
31.1599	-11.2055	-9.16416
31.1699	-11.21	-9.16869
31.1799	-11.2145	-9.17322
31.1899	-11.2191	-9.17775
31.1998	-11.2236	-9.18228
31.2098	-11.2281	-9.18681
31.2198	-11.2326	-9.19134
31.2298	-11.2372	-9.19587
31.2398	-11.2417	-9.2004
31.2497	-11.2462	-9.20493
31.2597	-11.2508	-9.20945
31.2697	-11.2553	-9.21398
31.2797	-11.2598	-9.21851
31.2896	-11.2644	-9.22304
31.2996	-11.2689	-9.22757
31.3096	-11.2734	-9.2321
31.3196	-11.2779	-9.23663
31.3296	-11.2825	-9.24116
31.3395	-11.287	-9.24569
31.3495	-11.2915	-9.25022
31.3595	-11.2961	-9.25475
31.3695	-11.3006	-9.25928
31.3794	-11.3051	-9.26381
31.3894	-11.3096	-9.26834
31.3994	-11.3142	-9.27287
31.4094	-11.3187	-9.2774
31.4194	-11.3232	-9.28193
31.4293	-11.3278	-9.28646
31.4393	-11.3323	-9.29099
31.4493	-11.3368	-9.29552
31.4593	-11.3414	-9.30005
31.4692	-11.3459	-9.30457
31.4792	-11.3504	-9.3091
31.4892	-11.3549	-9.31363
31.4992	-11.3595	-9.31816
31.5092	-11.364	-9.32269
31.5191	-11.3685	-9.32722
31.5291	-11.3731	-9.33175
31.5391	-11.3776	-9.33628
31.5491	-11.3821	-9.34081
31.559	-11.3867	-9.34534
31.569	-11.3912	-9.34987
31.579	-11.3957	-9.3544
31.589	-11.4002	-9.35893
31.5989	-11.4048	-9.36346
31.6089	-11.4093	-9.36799
31.6189	-11.4138	-9.37252
31.6289	-11.4184	-9.37705
31.6389	-11.4229	-9.38158
31.6488	-11.4274	-9.38611
31.6588	-11.4319	-9.39064
31.6688	-11.4365	-9.39517
31.6788	-11.441	-9.3997
31.6887	-11.4455	-9.40423
31.6987	-11.4501	-9.40875
31.7087	-11.4546	-9.41328
31.7187	-11.4591	-9.41781
31.7287	-11.4637	-9.42234
31.7386	-11.4682	-9.42687
31.7486	-11.4727	-9.4314
31.7586	-11.4772	-9.43593
31.7686	-11.4818	-9.44046
31.7785	-11.4863	-9.44499
31.7885	-11.4908	-9.44952
31.7985	-11.4954	-9.45405
31.8085	-11.4999	-9.45858
31.8185	-11.5044	-9.46311
31.8284	-11.5089	-9.46764
31.8384	-11.5135	-9.47217
31.8484	-11.518	-9.4767
31.8584	-11.5225	-9.48122
31.8683	-11.5271	-9.48575
31.8783	-11.5316	-9.49028
31.8883	-11.5361	-9.49481
31.8983	-11.5407	-9.49934
31.9083	-11.5452	-9.50387
31.9182	-11.5497	-9.5084
31.9282	-11.5542	-9.51293
31.9382	-11.5588	-9.51746
31.9482	-11.5633	-9.52199
31.9581	-11.5678	-9.52652
31.9681	-11.5724	-9.53105
31.9781	-11.5769	-9.53557
31.9881	-11.5814	-9.5401
31.998	-11.5859	-9.54463
32.008	-11.5905	-9.54916
32.018	-11.595	-9.55369
32.028	-11.5995	-9.55822
32.038	-11.6041	-9.56275
32.0479	-11.6086	-9.56728
32.0579	-11.6131	-9.57181
32.0679	-11.6176	-9.57633
32.0779	-11.6222	-9.58086
32.0878	-11.6267	-9.58539
32.0978	-11.6312	-9.58992
32.1078	-11.6358	-9.59445
32.1178	-11.6403	-9.59898
32.1278	-11.6448	-9.60351
32.1377	-11.6493	-9.60803
32.1477	-11.6539	-9.61256
32.1577	-11.6584	-9.61709
32.1677	-11.6629	-9.62162
32.1776	-11.6675	-9.62615
32.1876	-11.672	-9.63068
32.1976	-11.6765	-9.6352
32.2076	-11.681	-9.63973
32.2176	-11.6856	-9.64426
32.2275	-11.6901	-9.64879
32.2375	-11.6946	-9.65332
32.2475	-11.6992	-9.65785
32.2575	-11.7037	-9.66237
32.2674	-11.7082	-9.6669
32.2774	-11.7127	-9.67143
32.2874	-11.7173	-9.67596
32.2974	-11.7218	-9.68049
32.3074	-11.7263	-9.68501
32.3173	-11.7309	-9.68954
32.3273	-11.7354	-9.69407
32.3373	-11.7399	-9.6986
32.3473	-11.7444	-9.70312
32.3572	-11.749	-9.70765
32.3672	-11.7535	-9.71218
32.3772	-11.758	-9.71671
32.3872	-11.7625	-9.72123
32.3971	-11.7671	-9.72576
32.4071	-11.7716	-9.73029
32.4171	-11.7761	-9.73482
32.4271	-11.7807	-9.73934
32.4371	-11.7852	-9.74387
32.447	-11.7897	-9.7484
32.457	-11.7942	-9.75293
32.467	-11.7988	-9.75745
32.477	-11.8033	-9.76198
32.4869	-11.8078	-9.76651
32.4969	-11.8123	-9.77103
32.5069	-11.8169	-9.77556
32.5169	-11.8214	-9.78009
32.5269	-11.8259	-9.78462
32.5368	-11.8305	-9.78914
32.5468	-11.835	-9.79367
32.5568	-11.8395	-9.7982
32.5668	-11.844	-9.80272
32.5767	-11.8486	-9.80725
32.5867	-11.8531	-9.81177
32.5967	-11.8576	-9.8163
32.6067	-11.8621	-9.82083
32.6167	-11.8667	-9.82535
32.6266	-11.8712	-9.82988
32.6366	-11.8757	-9.83441
32.6466	-11.8802	-9.83893
32.6566	-11.8848	-9.84346
32.6665	-11.8893	-9.84798
32.6765	-11.8938	-9.85251
32.6865	-11.8983	-9.85704
32.6965	-11.9029	-9.86156
32.7065	-11.9074	-9.86609
32.7164	-11.9119	-9.87061
32.7264	-11.9164	-9.87514
32.7364	-11.921	-9.87967
32.7464	-11.9255	-9.88419
32.7563	-11.93	-9.88872
32.7663	-11.9346	-9.89324
32.7763	-11.9391	-9.89777
32.7863	-11.9436	-9.90229
32.7962	-11.9481	-9.90682
32.8062	-11.9527	-9.91134
32.8162	-11.9572	-9.91587
32.8262	-11.9617	-9.92039
32.8362	-11.9662	-9.92492
32.8461	-11.9708	-9.92944
32.8561	-11.9753	-9.93397
32.8661	-11.9798	-9.93849
32.8761	-11.9843	-9.94302
32.886	-11.9889	-9.94754
32.896	-11.9934	-9.95207
32.906	-11.9979	-9.95659
32.916	-12.0024	-9.96111
32.926	-12.0069	-9.96564
32.9359	-12.0115	-9.97016
32.9459	-12.016	-9.97469
32.9559	-12.0205	-9.97921
32.9659	-12.025	-9.98373
32.9758	-12.0296	-9.98826
32.9858	-12.0341	-9.99278
32.9958	-12.0386	-9.99731
33.0058	-12.0431	-10.0018
33.0158	-12.0477	-10.0064
33.0257	-12.0522	-10.0109
33.0357	-12.0567	-10.0154
33.0457	-12.0612	-10.0199
33.0557	-12.0658	-10.0244
33.0656	-12.0703	-10.029
33.0756	-12.0748	-10.0335
33.0856	-12.0793	-10.038
33.0956	-12.0838	-10.0425
33.1056	-12.0884	-10.0471
33.1155	-12.0929	-10.0516
33.1255	-12.0974	-10.0561
33.1355	-12.1019	-10.0606
33.1455	-12.1065	-10.0652
33.1554	-12.111	-10.0697
33.1654	-12.1155	-10.0742
33.1754	-12.12	-10.0787
33.1854	-12.1246	-10.0832
33.1953	-12.1291	-10.0878
33.2053	-12.1336	-10.0923
33.2153	-12.1381	-10.0968
33.2253	-12.1426	-10.1013
33.2353	-12.1472	-10.1059
33.2452	-12.1517	-10.1104
33.2552	-12.1562	-10.1149
33.2652	-12.1607	-10.1194
33.2752	-12.1652	-10.1239
33.2851	-12.1698	-10.1285
33.2951	-12.1743	-10.133
33.3051	-12.1788	-10.1375
33.3151	-12.1833	-10.142
33.3251	-12.1879	-10.1465
33.335	-12.1924	-10.1511
33.345	-12.1969	-10.1556
33.355	-12.2014	-10.1601
33.365	-12.2059	-10.1646
33.3749	-12.2105	-10.1691
33.3849	-12.215	-10.1737
33.3949	-12.2195	-10.1782
33.4049	-12.224	-10.1827
33.4149	-12.2285	-10.1872
33.4248	-12.2331	-10.1917
33.4348	-12.2376	-10.1963
33.4448	-12.2421	-10.2008
33.4548	-12.2466	-10.2053
33.4647	-12.2511	-10.2098
33.4747	-12.2557	-10.2143
33.4847	-12.2602	-10.2189
33.4947	-12.2647	-10.2234
33.5047	-12.2692	-10.2279
33.5146	-12.2737	-10.2324
33.5246	-12.2783	-10.2369
33.5346	-12.2828	-10.2415
33.5446	-12.2873	-10.246
33.5545	-12.2918	-10.2505
33.5645	-12.2963	-10.255
33.5745	-12.3008	-10.2595
33.5845	-12.3054	-10.2641
33.5944	-12.3099	-10.2686
33.6044	-12.3144	-10.2731
33.6144	-12.3189	-10.2776
33.6244	-12.3234	-10.2821
33.6344	-12.328	-10.2866
33.6443	-12.3325	-10.2912
33.6543	-12.337	-10.2957
33.6643	-12.3415	-10.3002
33.6743	-12.346	-10.3047
33.6842	-12.3505	-10.3092
33.6942	-12.3551	-10.3138
33.7042	-12.3596	-10.3183
33.7142	-12.3641	-10.3228
33.7242	-12.3686	-10.3273
33.7341	-12.3731	-10.3318
33.7441	-12.3776	-10.3363
33.7541	-12.3822	-10.3409
33.7641	-12.3867	-10.3454
33.774	-12.3912	-10.3499
33.784	-12.3957	-10.3544
33.794	-12.4002	-10.3589
33.804	-12.4047	-10.3634
33.814	-12.4093	-10.368
33.8239	-12.4138	-10.3725
33.8339	-12.4183	-10.377
33.8439	-12.4228	-10.3815
33.8539	-12.4273	-10.386
33.8638	-12.4318	-10.3905
33.8738	-12.4364	-10.395
33.8838	-12.4409	-10.3996
33.8938	-12.4454	-10.4041
33.9038	-12.4499	-10.4086
33.9137	-12.4544	-10.4131
33.9237	-12.4589	-10.4176
33.9337	-12.4634	-10.4221
33.9437	-12.468	-10.4266
33.9536	-12.4725	-10.4312
33.9636	-12.477	-10.4357
33.9736	-12.4815	-10.4402
33.9836	-12.486	-10.4447
33.9935	-12.4905	-10.4492
34.0035	-12.495	-10.4537
34.0135	-12.4996	-10.4582
34.0235	-12.5041	-10.4628
34.0335	-12.5086	-10.4673
34.0434	-12.5131	-10.4718
34.0534	-12.5176	-10.4763
34.0634	-12.5221	-10.4808
34.0734	-12.5266	-10.4853
34.0833	-12.5311	-10.4898
34.0933	-12.5357	-10.4944
34.1033	-12.5402	-10.4989
34.1133	-12.5447	-10.5034
34.1233	-12.5492	-10.5079
34.1332	-12.5537	-10.5124
34.1432	-12.5582	-10.5169
34.1532	-12.5627	-10.5214
34.1632	-12.5672	-10.5259
34.1731	-12.5718	-10.5304
34.1831	-12.5763	-10.535
34.1931	-12.5808	-10.5395
34.2031	-12.5853	-10.544
34.2131	-12.5898	-10.5485
34.223	-12.5943	-10.553
34.233	-12.5988	-10.5575
34.243	-12.6033	-10.562
34.253	-12.6078	-10.5665
34.2629	-12.6124	-10.571
34.2729	-12.6169	-10.5756
34.2829	-12.6214	-10.5801
34.2929	-12.6259	-10.5846
34.3029	-12.6304	-10.5891
34.3128	-12.6349	-10.5936
34.3228	-12.6394	-10.5981
34.3328	-12.6439	-10.6026
34.3428	-12.6484	-10.6071
34.3527	-12.6529	-10.6116
34.3627	-12.6575	-10.6161
34.3727	-12.662	-10.6207
34.3827	-12.6665	-10.6252
34.3926	-12.671	-10.6297
34.4026	-12.6755	-10.6342
34.4126	-12.68	-10.6387
34.4226	-12.6845	-10.6432
34.4326	-12.689	-10.6477
34.4425	-12.6935	-10.6522
34.4525	-12.698	-10.6567
34.4625	-12.7025	-10.6612
34.4725	-12.707	-10.6657
34.4824	-12.7116	-10.6702
34.4924	-12.7161	-10.6748
34.5024	-12.7206	-10.6793
34.5124	-12.7251	-10.6838
34.5224	-12.7296	-10.6883
34.5323	-12.7341	-10.6928
34.5423	-12.7386	-10.6973
34.5523	-12.7431	-10.7018
34.5623	-12.7476	-10.7063
34.5722	-12.7521	-10.7108
34.5822	-12.7566	-10.7153
34.5922	-12.7611	-10.7198
34.6022	-12.7656	-10.7243
34.6122	-12.7701	-10.7288
34.6221	-12.7746	-10.7333
34.6321	-12.7791	-10.7378
34.6421	-12.7837	-10.7423
34.6521	-12.7882	-10.7469
34.662	-12.7927	-10.7514
34.672	-12.7972	-10.7559
34.682	-12.8017	-10.7604
34.692	-12.8062	-10.7649
34.702	-12.8107	-10.7694
34.7119	-12.8152	-10.7739
34.7219	-12.8197	-10.7784
34.7319	-12.8242	-10.7829
34.7419	-12.8287	-10.7874
34.7518	-12.8332	-10.7919
34.7618	-12.8377	-10.7964
34.7718	-12.8422	-10.8009
34.7818	-12.8467	-10.8054
34.7917	-12.8512	-10.8099
34.8017	-12.8557	-10.8144
34.8117	-12.8602	-10.8189
34.8217	-12.8647	-10.8234
34.8317	-12.8692	-10.8279
34.8416	-12.8737	-10.8324
34.8516	-12.8782	-10.8369
34.8616	-12.8827	-10.8414
34.8716	-12.8872	-10.8459
34.8815	-12.8917	-10.8504
34.8915	-12.8962	-10.8549
34.9015	-12.9007	-10.8594
34.9115	-12.9052	-10.8639
34.9215	-12.9097	-10.8684
34.9314	-12.9142	-10.8729
34.9414	-12.9187	-10.8774
34.9514	-12.9232	-10.8819
34.9614	-12.9277	-10.8864
34.9713	-12.9322	-10.8909
34.9813	-12.9367	-10.8954
34.9913	-12.9412	-10.8999
35.0013	-12.9457	-10.9044
35.0113	-12.9502	-10.9089
35.0212	-12.9547	-10.9134
35.0312	-12.9592	-10.9179
35.0412	-12.9637	-10.9224
35.0512	-12.9682	-10.9269
35.0611	-12.9727	-10.9314
35.0711	-12.9772	-10.9359
35.0811	-12.9817	-10.9404
35.0911	-12.9862	-10.9449
35.1011	-12.9907	-10.9494
35.111	-12.9952	-10.9539
35.121	-12.9997	-10.9584
35.131	-13.0042	-10.9629
35.141	-13.0087	-10.9674
35.1509	-13.0132	-10.9719
35.1609	-13.0177	-10.9764
35.1709	-13.0222	-10.9809
35.1809	-13.0267	-10.9854
35.1908	-13.0312	-10.9899
35.2008	-13.0357	-10.9944
35.2108	-13.0402	-10.9989
35.2208	-13.0447	-11.0034
35.2308	-13.0492	-11.0079
35.2407	-13.0537	-11.0124
35.2507	-13.0582	-11.0169
35.2607	-13.0627	-11.0214
35.2707	-13.0672	-11.0259
35.2806	-13.0717	-11.0304
35.2906	-13.0762	-11.0349
35.3006	-13.0807	-11.0393
35.3106	-13.0852	-11.0438
35.3206	-13.0896	-11.0483
35.3305	-13.0941	-11.0528
35.3405	-13.0986	-11.0573
35.3505	-13.1031	-11.0618
35.3605	-13.1076	-11.0663
35.3704	-13.1121	-11.0708
35.3804	-13.1166	-11.0753
35.3904	-13.1211	-11.0798
35.4004	-13.1256	-11.0843
35.4104	-13.1301	-11.0888
35.4203	-13.1346	-11.0933
35.4303	-13.1391	-11.0978
35.4403	-13.1436	-11.1023
35.4503	-13.1481	-11.1067
35.4602	-13.1526	-11.1112
35.4702	-13.157	-11.1157
35.4802	-13.1615	-11.1202
35.4902	-13.166	-11.1247
35.5002	-13.1705	-11.1292
35.5101	-13.175	-11.1337
35.5201	-13.1795	-11.1382
35.5301	-13.184	-11.1427
35.5401	-13.1885	-11.1472
35.55	-13.193	-11.1517
35.56	-13.1975	-11.1562
35.57	-13.202	-11.1606
35.58	-13.2064	-11.1651
35.5899	-13.2109	-11.1696
35.5999	-13.2154	-11.1741
35.6099	-13.2199	-11.1786
35.6199	-13.2244	-11.1831
35.6299	-13.2289	-11.1876
35.6398	-13.2334	-11.1921
35.6498	-13.2379	-11.1966
35.6598	-13.2424	-11.201
35.6698	-13.2468	-11.2055
35.6797	-13.2513	-11.21
35.6897	-13.2558	-11.2145
35.6997	-13.2603	-11.219
35.7097	-13.2648	-11.2235
35.7197	-13.2693	-11.228
35.7296	-13.2738	-11.2325
35.7396	-13.2783	-11.2369
35.7496	-13.2827	-11.2414
35.7596	-13.2872	-11.2459
35.7695	-13.2917	-11.2504
35.7795	-13.2962	-11.2549
35.7895	-13.3007	-11.2594
35.7995	-13.3052	-11.2639
35.8095	-13.3097	-11.2683
35.8194	-13.3141	-11.2728
35.8294	-13.3186	-11.2773
35.8394	-13.3231	-11.2818
35.8494	-13.3276	-11.2863
35.8593	-13.3321	-11.2908
35.8693	-13.3366	-11.2953
35.8793	-13.3411	-11.2997
35.8893	-13.3455	-11.3042
35.8992	-13.35	-11.3087
35.9092	-13.3545	-11.3132
35.9192	-13.359	-11.3177
35.9292	-13.3635	-11.3222
35.9392	-13.368	-11.3266
35.9491	-13.3724	-11.3311
35.9591	-13.3769	-11.3356
35.9691	-13.3814	-11.3401
35.9791	-13.3859	-11.3446
35.989	-13.3904	-11.3491
35.999	-13.3949	-11.3535
36.009	-13.3993	-11.358
36.019	-13.4038	-11.3625
36.029	-13.4083	-11.367
36.0389	-13.4128	-11.3715
36.0489	-13.4173	-11.3759
36.0589	-13.4217	-11.3804
36.0689	-13.4262	-11.3849
36.0788	-13.4307	-11.3894
36.0888	-13.4352	-11.3939
36.0988	-13.4397	-11.3984
36.1088	-13.4441	-11.4028
36.1188	-13.4486	-11.4073
36.1287	-13.4531	-11.4118
36.1387	-13.4576	-11.4163
36.1487	-13.4621	-11.4207
36.1587	-13.4665	-11.4252
36.1686	-13.471	-11.4297
36.1786	-13.4755	-11.4342
36.1886	-13.48	-11.4387
36.1986	-13.4845	-11.4431
36.2086	-13.4889	-11.4476
36.2185	-13.4934	-11.4521
36.2285	-13.4979	-11.4566
36.2385	-13.5024	-11.4611
36.2485	-13.5068	-11.4655
36.2584	-13.5113	-11.47
36.2684	-13.5158	-11.4745
36.2784	-13.5203	-11.479
36.2884	-13.5247	-11.4834
36.2983	-13.5292	-11.4879
36.3083	-13.5337	-11.4924
36.3183	-13.5382	-11.4969
36.3283	-13.5426	-11.5013
36.3383	-13.5471	-11.5058
36.3482	-13.5516	-11.5103
36.3582	-13.5561	-11.5148
36.3682	-13.5606	-11.5192
36.3782	-13.565	-11.5237
36.3881	-13.5695	-11.5282
36.3981	-13.574	-11.5327
36.4081	-13.5784	-11.5371
36.4181	-13.5829	-11.5416
36.4281	-13.5874	-11.5461
36.438	-13.5919	-11.5506
36.448	-13.5963	-11.555
36.458	-13.6008	-11.5595
36.468	-13.6053	-11.564
36.4779	-13.6098	-11.5684
36.4879	-13.6142	-11.5729
36.4979	-13.6187	-11.5774
36.5079	-13.6232	-11.5819
36.5179	-13.6276	-11.5863
36.5278	-13.6321	-11.5908
36.5378	-13.6366	-11.5953
36.5478	-13.6411	-11.5998
36.5578	-13.6455	-11.6042
36.5677	-13.65	-11.6087
36.5777	-13.6545	-11.6132
36.5877	-13.6589	-11.6176
36.5977	-13.6634	-11.6221
36.6077	-13.6679	-11.6266
36.6176	-13.6724	-11.631
36.6276	-13.6768	-11.6355
36.6376	-13.6813	-11.64
36.6476	-13.6858	-11.6444
36.6575	-13.6902	-11.6489
36.6675	-13.6947	-11.6534
36.6775	-13.6992	-11.6579
36.6875	-13.7036	-11.6623
36.6974	-13.7081	-11.6668
36.7074	-13.7126	-11.6713
36.7174	-13.717	-11.6757
36.7274	-13.7215	-11.6802
36.7374	-13.726	-11.6847
36.7473	-13.7304	-11.6891
36.7573	-13.7349	-11.6936
36.7673	-13.7394	-11.6981
36.7773	-13.7438	-11.7025
36.7872	-13.7483	-11.707
36.7972	-13.7528	-11.7115
36.8072	-13.7572	-11.7159
36.8172	-13.7617	-11.7204
36.8272	-13.7662	-11.7249
36.8371	-13.7706	-11.7293
36.8471	-13.7751	-11.7338
36.8571	-13.7796	-11.7382
36.8671	-13.784	-11.7427
36.877	-13.7885	-11.7472
36.887	-13.7929	-11.7516
36.897	-13.7974	-11.7561
36.907	-13.8019	-11.7606
36.917	-13.8063	-11.765
36.9269	-13.8108	-11.7695
36.9369	-13.8153	-11.774
36.9469	-13.8197	-11.7784
36.9569	-13.8242	-11.7829
36.9668	-13.8286	-11.7873
36.9768	-13.8331	-11.7918
36.9868	-13.8376	-11.7963
36.9968	-13.842	-11.8007
37.0068	-13.8465	-11.8052
37.0167	-13.851	-11.8096
37.0267	-13.8554	-11.8141
37.0367	-13.8599	-11.8186
37.0467	-13.8643	-11.823
37.0566	-13.8688	-11.8275
37.0666	-13.8733	-11.8319
37.0766	-13.8777	-11.8364
37.0866	-13.8822	-11.8409
37.0965	-13.8866	-11.8453
37.1065	-13.8911	-11.8498
37.1165	-13.8956	-11.8542
37.1265	-13.9	-11.8587
37.1365	-13.9045	-11.8632
37.1464	-13.9089	-11.8676
37.1564	-13.9134	-11.8721
37.1664	-13.9178	-11.8765
37.1764	-13.9223	-11.881
37.1863	-13.9268	-11.8854
37.1963	-13.9312	-11.8899
37.2063	-13.9357	-11.8944
37.2163	-13.9401	-11.8988
37.2263	-13.9446	-11.9033
37.2362	-13.949	-11.9077
37.2462	-13.9535	-11.9122
37.2562	-13.9579	-11.9166
37.2662	-13.9624	-11.9211
37.2761	-13.9669	-11.9255
37.2861	-13.9713	-11.93
37.2961	-13.9758	-11.9345
37.3061	-13.9802	-11.9389
37.3161	-13.9847	-11.9434
37.326	-13.9891	-11.9478
37.336	-13.9936	-11.9523
37.346	-13.998	-11.9567
37.356	-14.0025	-11.9612
37.3659	-14.0069	-11.9656
37.3759	-14.0114	-11.9701
37.3859	-14.0158	-11.9745
37.3959	-14.0203	-11.979
37.4059	-14.0248	-11.9834
37.4158	-14.0292	-11.9879
37.4258	-14.0337	-11.9923
37.4358	-14.0381	-11.9968
37.4458	-14.0426	-12.0012
37.4557	-14.047	-12.0057
37.4657	-14.0515	-12.0102
37.4757	-14.0559	-12.0146
37.4857	-14.0604	-12.0191
37.4956	-14.0648	-12.0235
37.5056	-14.0693	-12.028
37.5156	-14.0737	-12.0324
37.5256	-14.0782	-12.0368
37.5356	-14.0826	-12.0413
37.5455	-14.0871	-12.0457
37.5555	-14.0915	-12.0502
37.5655	-14.096	-12.0546
37.5755	-14.1004	-12.0591
37.5854	-14.1048	-12.0635
37.5954	-14.1093	-12.068
37.6054	-14.1137	-12.0724
37.6154	-14.1182	-12.0769
37.6254	-14.1226	-12.0813
37.6353	-14.1271	-12.0858
37.6453	-14.1315	-12.0902
37.6553	-14.136	-12.0947
37.6653	-14.1404	-12.0991
37.6752	-14.1449	-12.1036
37.6852	-14.1493	-12.108
37.6952	-14.1538	-12.1124
37.7052	-14.1582	-12.1169
37.7152	-14.1626	-12.1213
37.7251	-14.1671	-12.1258
37.7351	-14.1715	-12.1302
37.7451	-14.176	-12.1347
37.7551	-14.1804	-12.1391
37.765	-14.1849	-12.1436
37.775	-14.1893	-12.148
37.785	-14.1938	-12.1524
37.795	-14.1982	-12.1569
37.805	-14.2026	-12.1613
37.8149	-14.2071	-12.1658
37.8249	-14.2115	-12.1702
37.8349	-14.216	-12.1747
37.8449	-14.2204	-12.1791
37.8548	-14.2248	-12.1835
37.8648	-14.2293	-12.188
37.8748	-14.2337	-12.1924
37.8848	-14.2382	-12.1969
37.8947	-14.2426	-12.2013
37.9047	-14.247	-12.2057
37.9147	-14.2515	-12.2102
37.9247	-14.2559	-12.2146
37.9347	-14.2604	-12.2191
37.9446	-14.2648	-12.2235
37.9546	-14.2692	-12.2279
37.9646	-14.2737	-12.2324
37.9746	-14.2781	-12.2368
37.9845	-14.2826	-12.2413
37.9945	-14.287	-12.2457
38.0045	-14.2914	-12.2501
38.0145	-14.2959	-12.2546
38.0245	-14.3003	-12.259
38.0344	-14.3047	-12.2634
38.0444	-14.3092	-12.2679
38.0544	-14.3136	-12.2723
38.0644	-14.3181	-12.2767
38.0743	-14.3225	-12.2812
38.0843	-14.3269	-12.2856
38.0943	-14.3314	-12.2901
38.1043	-14.3358	-12.2945
38.1143	-14.3402	-12.2989
38.1242	-14.3447	-12.3034
38.1342	-14.3491	-12.3078
38.1442	-14.3535	-12.3122
38.1542	-14.358	-12.3167
38.1641	-14.3624	-12.3211
38.1741	-14.3668	-12.3255
38.1841	-14.3713	-12.33
38.1941	-14.3757	-12.3344
38.2041	-14.3801	-12.3388
38.214	-14.3846	-12.3433
38.224	-14.389	-12.3477
38.234	-14.3934	-12.3521
38.244	-14.3979	-12.3566
38.2539	-14.4023	-12.361
38.2639	-14.4067	-12.3654
38.2739	-14.4112	-12.3698
38.2839	-14.4156	-12.3743
38.2938	-14.42	-12.3787
38.3038	-14.4244	-12.3831
38.3138	-14.4289	-12.3876
38.3238	-14.4333	-12.392
38.3338	-14.4377	-12.3964
38.3437	-14.4422	-12.4009
38.3537	-14.4466	-12.4053
38.3637	-14.451	-12.4097
38.3737	-14.4555	-12.4141
38.3836	-14.4599	-12.4186
38.3936	-14.4643	-12.423
38.4036	-14.4687	-12.4274
38.4136	-14.4732	-12.4319
38.4236	-14.4776	-12.4363
38.4335	-14.482	-12.4407
38.4435	-14.4864	-12.4451
38.4535	-14.4909	-12.4496
38.4635	-14.4953	-12.454
38.4734	-14.4997	-12.4584
38.4834	-14.5041	-12.4628
38.4934	-14.5086	-12.4673
38.5034	-14.513	-12.4717
38.5134	-14.5174	-12.4761
38.5233	-14.5218	-12.4805
38.5333	-14.5263	-12.485
38.5433	-14.5307	-12.4894
38.5533	-14.5351	-12.4938
38.5632	-14.5395	-12.4982
38.5732	-14.544	-12.5027
38.5832	-14.5484	-12.5071
38.5932	-14.5528	-12.5115
38.6032	-14.5572	-12.5159
38.6131	-14.5617	-12.5203
38.6231	-14.5661	-12.5248
38.6331	-14.5705	-12.5292
38.6431	-14.5749	-12.5336
38.653	-14.5793	-12.538
38.663	-14.5838	-12.5424
38.673	-14.5882	-12.5469
38.683	-14.5926	-12.5513
38.6929	-14.597	-12.5557
38.7029	-14.6014	-12.5601
38.7129	-14.6059	-12.5645
38.7229	-14.6103	-12.569
38.7329	-14.6147	-12.5734
38.7428	-14.6191	-12.5778
38.7528	-14.6235	-12.5822
38.7628	-14.628	-12.5866
38.7728	-14.6324	-12.5911
38.7827	-14.6368	-12.5955
38.7927	-14.6412	-12.5999
38.8027	-14.6456	-12.6043
38.8127	-14.65	-12.6087
38.8227	-14.6545	-12.6131
38.8326	-14.6589	-12.6176
38.8426	-14.6633	-12.622
38.8526	-14.6677	-12.6264
38.8626	-14.6721	-12.6308
38.8725	-14.6765	-12.6352
38.8825	-14.6809	-12.6396
38.8925	-14.6854	-12.6441
38.9025	-14.6898	-12.6485
38.9125	-14.6942	-12.6529
38.9224	-14.6986	-12.6573
38.9324	-14.703	-12.6617
38.9424	-14.7074	-12.6661
38.9524	-14.7118	-12.6705
38.9623	-14.7163	-12.6749
38.9723	-14.7207	-12.6794
38.9823	-14.7251	-12.6838
38.9923	-14.7295	-12.6882
39.0023	-14.7339	-12.6926
39.0122	-14.7383	-12.697
39.0222	-14.7427	-12.7014
39.0322	-14.7471	-12.7058
39.0422	-14.7516	-12.7102
39.0521	-14.756	-12.7147
39.0621	-14.7604	-12.7191
39.0721	-14.7648	-12.7235
39.0821	-14.7692	-12.7279
39.092	-14.7736	-12.7323
39.102	-14.778	-12.7367
39.112	-14.7824	-12.7411
39.122	-14.7868	-12.7455
39.132	-14.7912	-12.7499
39.1419	-14.7956	-12.7543
39.1519	-14.8001	-12.7587
39.1619	-14.8045	-12.7631
39.1719	-14.8089	-12.7676
39.1818	-14.8133	-12.772
39.1918	-14.8177	-12.7764
39.2018	-14.8221	-12.7808
39.2118	-14.8265	-12.7852
39.2218	-14.8309	-12.7896
39.2317	-14.8353	-12.794
39.2417	-14.8397	-12.7984
39.2517	-14.8441	-12.8028
39.2617	-14.8485	-12.8072
39.2716	-14.8529	-12.8116
39.2816	-14.8573	-12.816
39.2916	-14.8617	-12.8204
39.3016	-14.8661	-12.8248
39.3116	-14.8705	-12.8292
39.3215	-14.8749	-12.8336
39.3315	-14.8793	-12.838
39.3415	-14.8837	-12.8424
39.3515	-14.8881	-12.8468
39.3614	-14.8925	-12.8512
39.3714	-14.897	-12.8556
39.3814	-14.9014	-12.86
39.3914	-14.9058	-12.8644
39.4014	-14.9102	-12.8688
39.4113	-14.9146	-12.8732
39.4213	-14.919	-12.8776
39.4313	-14.9234	-12.882
39.4413	-14.9278	-12.8864
39.4512	-14.9322	-12.8908
39.4612	-14.9366	-12.8952
39.4712	-14.941	-12.8996
39.4812	-14.9454	-12.904
39.4911	-14.9497	-12.9084
39.5011	-14.9541	-12.9128
39.5111	-14.9585	-12.9172
39.5211	-14.9629	-12.9216
39.5311	-14.9673	-12.926
39.541	-14.9717	-12.9304
39.551	-14.9761	-12.9348
39.561	-14.9805	-12.9392
39.571	-14.9849	-12.9436
39.5809	-14.9893	-12.948
39.5909	-14.9937	-12.9524
39.6009	-14.9981	-12.9568
39.6109	-15.0025	-12.9612
39.6209	-15.0069	-12.9656
39.6308	-15.0113	-12.97
39.6408	-15.0157	-12.9744
39.6508	-15.0201	-12.9788
39.6608	-15.0245	-12.9832
39.6707	-15.0289	-12.9876
39.6807	-15.0333	-12.992
39.6907	-15.0377	-12.9963
39.7007	-15.042	-13.0007
39.7107	-15.0464	-13.0051
39.7206	-15.0508	-13.0095
39.7306	-15.0552	-13.0139
39.7406	-15.0596	-13.0183
39.7506	-15.064	-13.0227
39.7605	-15.0684	-13.0271
39.7705	-15.0728	-13.0315
39.7805	-15.0772	-13.0359
39.7905	-15.0816	-13.0403
39.8005	-15.086	-13.0446
39.8104	-15.0903	-13.049
39.8204	-15.0947	-13.0534
39.8304	-15.0991	-13.0578
39.8404	-15.1035	-13.0622
39.8503	-15.1079	-13.0666
39.8603	-15.1123	-13.071
39.8703	-15.1167	-13.0754
39.8803	-15.1211	-13.0798
39.8902	-15.1255	-13.0841
39.9002	-15.1298	-13.0885
39.9102	-15.1342	-13.0929
39.9202	-15.1386	-13.0973
39.9302	-15.143	-13.1017
39.9401	-15.1474	-13.1061
39.9501	-15.1518	-13.1105
39.9601	-15.1562	-13.1148
39.9701	-15.1605	-13.1192
39.98	-15.1649	-13.1236
39.99	-15.1693	-13.128
40	-15.1737	-13.1324
