Freq_GHz	Model_dBm_5mA	Model_Norm_dB
0.1	-3.97948	0
0.109977	-3.9795	-1.76358e-05
0.119955	-3.97952	-3.69477e-05
0.129932	-3.97954	-5.79356e-05
0.13991	-3.97956	-8.05996e-05
0.149887	-3.97959	-0.00010494
0.159865	-3.97962	-0.000130956
0.169842	-3.97964	-0.000158648
0.17982	-3.97967	-0.000188016
0.189797	-3.9797	-0.00021906
0.199775	-3.97974	-0.000251781
0.209752	-3.97977	-0.000286177
0.21973	-3.97981	-0.00032225
0.229707	-3.97984	-0.000359999
0.239685	-3.97988	-0.000399423
0.249662	-3.97992	-0.000440525
0.25964	-3.97997	-0.000483302
0.269617	-3.98001	-0.000527755
0.279595	-3.98006	-0.000573885
0.289572	-3.98011	-0.000621691
0.29955	-3.98016	-0.000671173
0.309527	-3.98021	-0.000722331
0.319505	-3.98026	-0.000775166
0.329482	-3.98031	-0.000829677
0.33946	-3.98037	-0.000885864
0.349437	-3.98043	-0.000943728
0.359415	-3.98049	-0.00100327
0.369392	-3.98055	-0.00106448
0.37937	-3.98061	-0.00112738
0.389347	-3.98068	-0.00119195
0.399325	-3.98074	-0.00125819
0.409302	-3.98081	-0.00132611
0.41928	-3.98088	-0.00139571
0.429257	-3.98095	-0.00146699
0.439235	-3.98102	-0.00153994
0.449212	-3.9811	-0.00161457
0.45919	-3.98118	-0.00169087
0.469167	-3.98125	-0.00176885
0.479145	-3.98133	-0.00184851
0.489122	-3.98141	-0.00192984
0.4991	-3.9815	-0.00201286
0.509077	-3.98158	-0.00209754
0.519055	-3.98167	-0.00218391
0.529032	-3.98176	-0.00227195
0.53901	-3.98185	-0.00236167
0.548987	-3.98194	-0.00245306
0.558965	-3.98203	-0.00254614
0.568942	-3.98213	-0.00264089
0.57892	-3.98222	-0.00273731
0.588897	-3.98232	-0.00283541
0.598875	-3.98242	-0.00293519
0.608852	-3.98252	-0.00303665
0.61883	-3.98262	-0.00313979
0.628807	-3.98273	-0.0032446
0.638785	-3.98284	-0.00335109
0.648762	-3.98294	-0.00345925
0.65874	-3.98305	-0.00356909
0.668717	-3.98316	-0.00368061
0.678695	-3.98328	-0.00379381
0.688672	-3.98339	-0.00390869
0.69865	-3.98351	-0.00402524
0.708627	-3.98363	-0.00414347
0.718605	-3.98375	-0.00426337
0.728582	-3.98387	-0.00438496
0.73856	-3.98399	-0.00450822
0.748537	-3.98412	-0.00463316
0.758515	-3.98424	-0.00475978
0.768492	-3.98437	-0.00488807
0.77847	-3.9845	-0.00501805
0.788447	-3.98463	-0.0051497
0.798425	-3.98477	-0.00528302
0.808402	-3.9849	-0.00541803
0.81838	-3.98504	-0.00555471
0.828357	-3.98518	-0.00569308
0.838335	-3.98532	-0.00583312
0.848312	-3.98546	-0.00597483
0.85829	-3.9856	-0.00611823
0.868267	-3.98575	-0.00626331
0.878245	-3.98589	-0.00641006
0.888222	-3.98604	-0.00655849
0.8982	-3.98619	-0.0067086
0.908177	-3.98634	-0.00686039
0.918155	-3.9865	-0.00701385
0.928132	-3.98665	-0.007169
0.93811	-3.98681	-0.00732582
0.948087	-3.98697	-0.00748432
0.958065	-3.98713	-0.0076445
0.968042	-3.98729	-0.00780636
0.97802	-3.98745	-0.0079699
0.987997	-3.98762	-0.00813511
0.997974	-3.98779	-0.00830201
1.00795	-3.98795	-0.00847058
1.01793	-3.98813	-0.00864083
1.02791	-3.9883	-0.00881277
1.03788	-3.98847	-0.00898638
1.04786	-3.98865	-0.00916167
1.05784	-3.98882	-0.00933864
1.06782	-3.989	-0.00951729
1.07779	-3.98918	-0.00969761
1.08777	-3.98936	-0.00987962
1.09775	-3.98955	-0.0100633
1.10773	-3.98973	-0.0102487
1.1177	-3.98992	-0.0104357
1.12768	-3.99011	-0.0106244
1.13766	-3.9903	-0.0108149
1.14764	-3.99049	-0.0110069
1.15761	-3.99068	-0.0112007
1.16759	-3.99088	-0.0113961
1.17757	-3.99108	-0.0115933
1.18755	-3.99128	-0.0117921
1.19752	-3.99148	-0.0119926
1.2075	-3.99168	-0.0121947
1.21748	-3.99188	-0.0123986
1.22746	-3.99209	-0.0126041
1.23743	-3.9923	-0.0128113
1.24741	-3.9925	-0.0130202
1.25739	-3.99272	-0.0132308
1.26737	-3.99293	-0.013443
1.27734	-3.99314	-0.0136569
1.28732	-3.99336	-0.0138725
1.2973	-3.99357	-0.0140898
1.30728	-3.99379	-0.0143088
1.31725	-3.99401	-0.0145295
1.32723	-3.99424	-0.0147518
1.33721	-3.99446	-0.0149758
1.34719	-3.99469	-0.0152015
1.35716	-3.99491	-0.0154289
1.36714	-3.99514	-0.0156579
1.37712	-3.99537	-0.0158887
1.3871	-3.99561	-0.0161211
1.39707	-3.99584	-0.0163552
1.40705	-3.99608	-0.016591
1.41703	-3.99631	-0.0168284
1.42701	-3.99655	-0.0170676
1.43698	-3.99679	-0.0173084
1.44696	-3.99704	-0.0175509
1.45694	-3.99728	-0.0177951
1.46692	-3.99753	-0.018041
1.47689	-3.99777	-0.0182886
1.48687	-3.99802	-0.0185378
1.49685	-3.99827	-0.0187887
1.50683	-3.99853	-0.0190413
1.5168	-3.99878	-0.0192956
1.52678	-3.99904	-0.0195516
1.53676	-3.99929	-0.0198092
1.54674	-3.99955	-0.0200686
1.55671	-3.99981	-0.0203296
1.56669	-4.00008	-0.0205923
1.57667	-4.00034	-0.0208567
1.58665	-4.00061	-0.0211228
1.59662	-4.00087	-0.0213905
1.6066	-4.00114	-0.0216599
1.61658	-4.00142	-0.0219311
1.62656	-4.00169	-0.0222039
1.63653	-4.00196	-0.0224784
1.64651	-4.00224	-0.0227545
1.65649	-4.00252	-0.0230324
1.66647	-4.0028	-0.0233119
1.67644	-4.00308	-0.0235931
1.68642	-4.00336	-0.023876
1.6964	-4.00364	-0.0241606
1.70638	-4.00393	-0.0244469
1.71635	-4.00422	-0.0247349
1.72633	-4.00451	-0.0250245
1.73631	-4.0048	-0.0253158
1.74629	-4.00509	-0.0256088
1.75626	-4.00539	-0.0259035
1.76624	-4.00568	-0.0261999
1.77622	-4.00598	-0.026498
1.7862	-4.00628	-0.0267977
1.79617	-4.00658	-0.0270992
1.80615	-4.00689	-0.0274023
1.81613	-4.00719	-0.0277071
1.82611	-4.0075	-0.0280136
1.83608	-4.00781	-0.0283218
1.84606	-4.00812	-0.0286317
1.85604	-4.00843	-0.0289432
1.86602	-4.00874	-0.0292564
1.87599	-4.00906	-0.0295714
1.88597	-4.00937	-0.029888
1.89595	-4.00969	-0.0302063
1.90593	-4.01001	-0.0305263
1.9159	-4.01033	-0.0308479
1.92588	-4.01066	-0.0311713
1.93586	-4.01098	-0.0314963
1.94584	-4.01131	-0.031823
1.95581	-4.01164	-0.0321515
1.96579	-4.01197	-0.0324816
1.97577	-4.0123	-0.0328134
1.98575	-4.01263	-0.0331468
1.99572	-4.01297	-0.033482
2.0057	-4.0133	-0.0338188
2.01568	-4.01364	-0.0341574
2.02566	-4.01398	-0.0344976
2.03563	-4.01432	-0.0348395
2.04561	-4.01467	-0.0351831
2.05559	-4.01501	-0.0355284
2.06557	-4.01536	-0.0358754
2.07554	-4.01571	-0.0362241
2.08552	-4.01606	-0.0365744
2.0955	-4.01641	-0.0369265
2.10548	-4.01676	-0.0372802
2.11545	-4.01712	-0.0376356
2.12543	-4.01748	-0.0379927
2.13541	-4.01784	-0.0383515
2.14539	-4.0182	-0.038712
2.15536	-4.01856	-0.0390742
2.16534	-4.01892	-0.039438
2.17532	-4.01929	-0.0398036
2.1853	-4.01966	-0.0401708
2.19527	-4.02002	-0.0405398
2.20525	-4.02039	-0.0409104
2.21523	-4.02077	-0.0412827
2.22521	-4.02114	-0.0416567
2.23518	-4.02152	-0.0420324
2.24516	-4.02189	-0.0424098
2.25514	-4.02227	-0.0427889
2.26512	-4.02265	-0.0431696
2.27509	-4.02304	-0.0435521
2.28507	-4.02342	-0.0439362
2.29505	-4.02381	-0.0443221
2.30503	-4.02419	-0.0447096
2.315	-4.02458	-0.0450988
2.32498	-4.02497	-0.0454897
2.33496	-4.02537	-0.0458823
2.34494	-4.02576	-0.0462766
2.35491	-4.02616	-0.0466726
2.36489	-4.02655	-0.0470703
2.37487	-4.02695	-0.0474697
2.38485	-4.02736	-0.0478707
2.39482	-4.02776	-0.0482735
2.4048	-4.02816	-0.0486779
2.41478	-4.02857	-0.0490841
2.42476	-4.02898	-0.0494919
2.43473	-4.02939	-0.0499014
2.44471	-4.0298	-0.0503126
2.45469	-4.03021	-0.0507256
2.46467	-4.03062	-0.0511402
2.47464	-4.03104	-0.0515565
2.48462	-4.03146	-0.0519744
2.4946	-4.03188	-0.0523941
2.50458	-4.0323	-0.0528155
2.51455	-4.03272	-0.0532386
2.52453	-4.03315	-0.0536633
2.53451	-4.03357	-0.0540898
2.54449	-4.034	-0.0545179
2.55446	-4.03443	-0.0549478
2.56444	-4.03486	-0.0553793
2.57442	-4.0353	-0.0558126
2.5844	-4.03573	-0.0562475
2.59437	-4.03617	-0.0566841
2.60435	-4.03661	-0.0571224
2.61433	-4.03705	-0.0575625
2.62431	-4.03749	-0.0580042
2.63428	-4.03793	-0.0584476
2.64426	-4.03838	-0.0588927
2.65424	-4.03882	-0.0593395
2.66422	-4.03927	-0.059788
2.67419	-4.03972	-0.0602382
2.68417	-4.04017	-0.06069
2.69415	-4.04063	-0.0611436
2.70413	-4.04108	-0.0615989
2.7141	-4.04154	-0.0620559
2.72408	-4.042	-0.0625146
2.73406	-4.04246	-0.0629749
2.74404	-4.04292	-0.063437
2.75401	-4.04339	-0.0639008
2.76399	-4.04385	-0.0643662
2.77397	-4.04432	-0.0648334
2.78395	-4.04479	-0.0653022
2.79392	-4.04526	-0.0657728
2.8039	-4.04573	-0.066245
2.81388	-4.0462	-0.066719
2.82386	-4.04668	-0.0671946
2.83383	-4.04716	-0.067672
2.84381	-4.04764	-0.068151
2.85379	-4.04812	-0.0686318
2.86377	-4.0486	-0.0691142
2.87374	-4.04908	-0.0695983
2.88372	-4.04957	-0.0700842
2.8937	-4.05006	-0.0705717
2.90368	-4.05055	-0.071061
2.91365	-4.05104	-0.0715519
2.92363	-4.05153	-0.0720445
2.93361	-4.05202	-0.0725389
2.94359	-4.05252	-0.0730349
2.95356	-4.05302	-0.0735326
2.96354	-4.05352	-0.0740321
2.97352	-4.05402	-0.0745332
2.9835	-4.05452	-0.0750361
2.99347	-4.05502	-0.0755406
3.00345	-4.05553	-0.0760468
3.01343	-4.05604	-0.0765548
3.02341	-4.05655	-0.0770644
3.03338	-4.05706	-0.0775758
3.04336	-4.05757	-0.0780888
3.05334	-4.05809	-0.0786036
3.06332	-4.0586	-0.07912
3.07329	-4.05912	-0.0796382
3.08327	-4.05964	-0.080158
3.09325	-4.06016	-0.0806796
3.10323	-4.06069	-0.0812028
3.1132	-4.06121	-0.0817278
3.12318	-4.06174	-0.0822545
3.13316	-4.06227	-0.0827828
3.14314	-4.0628	-0.0833129
3.15311	-4.06333	-0.0838447
3.16309	-4.06386	-0.0843781
3.17307	-4.0644	-0.0849133
3.18305	-4.06493	-0.0854502
3.19302	-4.06547	-0.0859888
3.203	-4.06601	-0.0865291
3.21298	-4.06656	-0.0870711
3.22296	-4.0671	-0.0876148
3.23293	-4.06764	-0.0881602
3.24291	-4.06819	-0.0887073
3.25289	-4.06874	-0.0892561
3.26287	-4.06929	-0.0898067
3.27284	-4.06984	-0.0903589
3.28282	-4.0704	-0.0909128
3.2928	-4.07095	-0.0914685
3.30278	-4.07151	-0.0920258
3.31275	-4.07207	-0.0925848
3.32273	-4.07263	-0.0931456
3.33271	-4.07319	-0.0937081
3.34269	-4.07376	-0.0942722
3.35266	-4.07432	-0.0948381
3.36264	-4.07489	-0.0954057
3.37262	-4.07546	-0.095975
3.3826	-4.07603	-0.096546
3.39257	-4.0766	-0.0971187
3.40255	-4.07718	-0.0976931
3.41253	-4.07775	-0.0982692
3.42251	-4.07833	-0.098847
3.43248	-4.07891	-0.0994266
3.44246	-4.07949	-0.100008
3.45244	-4.08008	-0.100591
3.46242	-4.08066	-0.101175
3.47239	-4.08125	-0.101762
3.48237	-4.08183	-0.10235
3.49235	-4.08242	-0.10294
3.50233	-4.08302	-0.103531
3.5123	-4.08361	-0.104124
3.52228	-4.0842	-0.104719
3.53226	-4.0848	-0.105316
3.54224	-4.0854	-0.105914
3.55221	-4.086	-0.106514
3.56219	-4.0866	-0.107116
3.57217	-4.0872	-0.10772
3.58215	-4.08781	-0.108325
3.59212	-4.08842	-0.108932
3.6021	-4.08902	-0.10954
3.61208	-4.08963	-0.110151
3.62206	-4.09025	-0.110763
3.63203	-4.09086	-0.111376
3.64201	-4.09148	-0.111992
3.65199	-4.09209	-0.112609
3.66197	-4.09271	-0.113228
3.67194	-4.09333	-0.113848
3.68192	-4.09395	-0.114471
3.6919	-4.09458	-0.115095
3.70188	-4.0952	-0.11572
3.71185	-4.09583	-0.116348
3.72183	-4.09646	-0.116977
3.73181	-4.09709	-0.117608
3.74179	-4.09772	-0.11824
3.75176	-4.09836	-0.118875
3.76174	-4.09899	-0.119511
3.77172	-4.09963	-0.120148
3.7817	-4.10027	-0.120788
3.79167	-4.10091	-0.121429
3.80165	-4.10156	-0.122072
3.81163	-4.1022	-0.122716
3.82161	-4.10285	-0.123363
3.83158	-4.10349	-0.124011
3.84156	-4.10414	-0.12466
3.85154	-4.1048	-0.125312
3.86152	-4.10545	-0.125965
3.87149	-4.1061	-0.12662
3.88147	-4.10676	-0.127276
3.89145	-4.10742	-0.127935
3.90143	-4.10808	-0.128595
3.9114	-4.10874	-0.129256
3.92138	-4.1094	-0.12992
3.93136	-4.11007	-0.130585
3.94134	-4.11074	-0.131252
3.95131	-4.1114	-0.131921
3.96129	-4.11208	-0.132591
3.97127	-4.11275	-0.133263
3.98125	-4.11342	-0.133937
3.99122	-4.1141	-0.134612
4.0012	-4.11477	-0.135289
4.01118	-4.11545	-0.135968
4.02116	-4.11613	-0.136649
4.03113	-4.11682	-0.137331
4.04111	-4.1175	-0.138015
4.05109	-4.11819	-0.138701
4.06107	-4.11887	-0.139389
4.07104	-4.11956	-0.140078
4.08102	-4.12025	-0.140769
4.091	-4.12095	-0.141461
4.10098	-4.12164	-0.142156
4.11095	-4.12234	-0.142852
4.12093	-4.12303	-0.14355
4.13091	-4.12373	-0.144249
4.14089	-4.12443	-0.144951
4.15086	-4.12514	-0.145654
4.16084	-4.12584	-0.146358
4.17082	-4.12655	-0.147065
4.1808	-4.12726	-0.147773
4.19077	-4.12797	-0.148483
4.20075	-4.12868	-0.149194
4.21073	-4.12939	-0.149908
4.22071	-4.13011	-0.150623
4.23068	-4.13082	-0.151339
4.24066	-4.13154	-0.152058
4.25064	-4.13226	-0.152778
4.26062	-4.13298	-0.1535
4.27059	-4.13371	-0.154224
4.28057	-4.13443	-0.154949
4.29055	-4.13516	-0.155676
4.30053	-4.13589	-0.156405
4.3105	-4.13662	-0.157136
4.32048	-4.13735	-0.157868
4.33046	-4.13809	-0.158602
4.34044	-4.13882	-0.159338
4.35041	-4.13956	-0.160075
4.36039	-4.1403	-0.160814
4.37037	-4.14104	-0.161555
4.38035	-4.14178	-0.162298
4.39032	-4.14253	-0.163042
4.4003	-4.14327	-0.163788
4.41028	-4.14402	-0.164536
4.42026	-4.14477	-0.165286
4.43023	-4.14552	-0.166037
4.44021	-4.14627	-0.16679
4.45019	-4.14703	-0.167545
4.46017	-4.14779	-0.168301
4.47014	-4.14854	-0.169059
4.48012	-4.1493	-0.169819
4.4901	-4.15007	-0.170581
4.50008	-4.15083	-0.171344
4.51005	-4.15159	-0.172109
4.52003	-4.15236	-0.172876
4.53001	-4.15313	-0.173645
4.53998	-4.1539	-0.174415
4.54996	-4.15467	-0.175187
4.55994	-4.15544	-0.175961
4.56992	-4.15622	-0.176736
4.57989	-4.157	-0.177513
4.58987	-4.15778	-0.178292
4.59985	-4.15856	-0.179073
4.60983	-4.15934	-0.179855
4.6198	-4.16012	-0.180639
4.62978	-4.16091	-0.181425
4.63976	-4.1617	-0.182213
4.64974	-4.16249	-0.183002
4.65971	-4.16328	-0.183793
4.66969	-4.16407	-0.184586
4.67967	-4.16486	-0.18538
4.68965	-4.16566	-0.186177
4.69962	-4.16646	-0.186975
4.7096	-4.16726	-0.187774
4.71958	-4.16806	-0.188576
4.72956	-4.16886	-0.189379
4.73953	-4.16967	-0.190184
4.74951	-4.17047	-0.190991
4.75949	-4.17128	-0.191799
4.76947	-4.17209	-0.192609
4.77944	-4.17291	-0.193421
4.78942	-4.17372	-0.194234
4.7994	-4.17453	-0.19505
4.80938	-4.17535	-0.195867
4.81935	-4.17617	-0.196685
4.82933	-4.17699	-0.197506
4.83931	-4.17781	-0.198328
4.84929	-4.17864	-0.199152
4.85926	-4.17946	-0.199978
4.86924	-4.18029	-0.200805
4.87922	-4.18112	-0.201635
4.8892	-4.18195	-0.202465
4.89917	-4.18278	-0.203298
4.90915	-4.18362	-0.204133
4.91913	-4.18445	-0.204969
4.92911	-4.18529	-0.205807
4.93908	-4.18613	-0.206646
4.94906	-4.18697	-0.207487
4.95904	-4.18781	-0.208331
4.96902	-4.18866	-0.209175
4.97899	-4.18951	-0.210022
4.98897	-4.19035	-0.21087
4.99895	-4.1912	-0.21172
5.00893	-4.19206	-0.212572
5.0189	-4.19291	-0.213426
5.02888	-4.19377	-0.214281
5.03886	-4.19462	-0.215138
5.04884	-4.19548	-0.215997
5.05881	-4.19634	-0.216857
5.06879	-4.1972	-0.217719
5.07877	-4.19807	-0.218583
5.08875	-4.19893	-0.219449
5.09872	-4.1998	-0.220316
5.1087	-4.20067	-0.221185
5.11868	-4.20154	-0.222056
5.12866	-4.20241	-0.222929
5.13863	-4.20329	-0.223803
5.14861	-4.20416	-0.22468
5.15859	-4.20504	-0.225557
5.16857	-4.20592	-0.226437
5.17854	-4.2068	-0.227318
5.18852	-4.20769	-0.228201
5.1985	-4.20857	-0.229086
5.20848	-4.20946	-0.229973
5.21845	-4.21035	-0.230861
5.22843	-4.21124	-0.231751
5.23841	-4.21213	-0.232643
5.24839	-4.21302	-0.233537
5.25836	-4.21392	-0.234432
5.26834	-4.21481	-0.235329
5.27832	-4.21571	-0.236228
5.2883	-4.21661	-0.237128
5.29827	-4.21751	-0.238031
5.30825	-4.21842	-0.238935
5.31823	-4.21932	-0.23984
5.32821	-4.22023	-0.240748
5.33818	-4.22114	-0.241657
5.34816	-4.22205	-0.242568
5.35814	-4.22297	-0.243481
5.36812	-4.22388	-0.244396
5.37809	-4.2248	-0.245312
5.38807	-4.22571	-0.24623
5.39805	-4.22663	-0.24715
5.40803	-4.22756	-0.248071
5.418	-4.22848	-0.248994
5.42798	-4.2294	-0.249919
5.43796	-4.23033	-0.250846
5.44794	-4.23126	-0.251774
5.45791	-4.23219	-0.252705
5.46789	-4.23312	-0.253637
5.47787	-4.23405	-0.25457
5.48785	-4.23499	-0.255506
5.49782	-4.23593	-0.256443
5.5078	-4.23687	-0.257382
5.51778	-4.23781	-0.258323
5.52776	-4.23875	-0.259265
5.53773	-4.23969	-0.260209
5.54771	-4.24064	-0.261155
5.55769	-4.24159	-0.262103
5.56767	-4.24254	-0.263053
5.57764	-4.24349	-0.264004
5.58762	-4.24444	-0.264957
5.5976	-4.2454	-0.265912
5.60758	-4.24635	-0.266868
5.61755	-4.24731	-0.267826
5.62753	-4.24827	-0.268786
5.63751	-4.24923	-0.269748
5.64749	-4.2502	-0.270711
5.65746	-4.25116	-0.271677
5.66744	-4.25213	-0.272644
5.67742	-4.2531	-0.273612
5.6874	-4.25407	-0.274583
5.69737	-4.25504	-0.275555
5.70735	-4.25601	-0.276529
5.71733	-4.25699	-0.277505
5.72731	-4.25797	-0.278482
5.73728	-4.25895	-0.279462
5.74726	-4.25993	-0.280443
5.75724	-4.26091	-0.281425
5.76722	-4.26189	-0.28241
5.77719	-4.26288	-0.283396
5.78717	-4.26387	-0.284384
5.79715	-4.26486	-0.285374
5.80713	-4.26585	-0.286366
5.8171	-4.26684	-0.287359
5.82708	-4.26784	-0.288354
5.83706	-4.26884	-0.289351
5.84704	-4.26983	-0.290349
5.85701	-4.27083	-0.29135
5.86699	-4.27184	-0.292352
5.87697	-4.27284	-0.293356
5.88695	-4.27385	-0.294361
5.89692	-4.27485	-0.295369
5.9069	-4.27586	-0.296378
5.91688	-4.27687	-0.297389
5.92686	-4.27789	-0.298401
5.93683	-4.2789	-0.299416
5.94681	-4.27992	-0.300432
5.95679	-4.28093	-0.30145
5.96677	-4.28195	-0.302469
5.97674	-4.28297	-0.303491
5.98672	-4.284	-0.304514
5.9967	-4.28502	-0.305539
6.00668	-4.28605	-0.306566
6.01665	-4.28708	-0.307594
6.02663	-4.28811	-0.308624
6.03661	-4.28914	-0.309656
6.04659	-4.29017	-0.31069
6.05656	-4.29121	-0.311725
6.06654	-4.29225	-0.312763
6.07652	-4.29329	-0.313802
6.0865	-4.29433	-0.314842
6.09647	-4.29537	-0.315885
6.10645	-4.29641	-0.316929
6.11643	-4.29746	-0.317975
6.12641	-4.29851	-0.319023
6.13638	-4.29956	-0.320073
6.14636	-4.30061	-0.321124
6.15634	-4.30166	-0.322177
6.16632	-4.30272	-0.323232
6.17629	-4.30377	-0.324289
6.18627	-4.30483	-0.325347
6.19625	-4.30589	-0.326407
6.20623	-4.30695	-0.327469
6.2162	-4.30802	-0.328533
6.22618	-4.30908	-0.329598
6.23616	-4.31015	-0.330666
6.24614	-4.31122	-0.331735
6.25611	-4.31229	-0.332805
6.26609	-4.31336	-0.333878
6.27607	-4.31444	-0.334952
6.28605	-4.31551	-0.336028
6.29602	-4.31659	-0.337106
6.306	-4.31767	-0.338186
6.31598	-4.31875	-0.339267
6.32596	-4.31983	-0.34035
6.33593	-4.32092	-0.341435
6.34591	-4.32201	-0.342522
6.35589	-4.32309	-0.34361
6.36587	-4.32418	-0.3447
6.37584	-4.32528	-0.345792
6.38582	-4.32637	-0.346886
6.3958	-4.32747	-0.347981
6.40578	-4.32856	-0.349079
6.41575	-4.32966	-0.350178
6.42573	-4.33076	-0.351279
6.43571	-4.33187	-0.352381
6.44569	-4.33297	-0.353485
6.45566	-4.33408	-0.354592
6.46564	-4.33518	-0.355699
6.47562	-4.33629	-0.356809
6.4856	-4.3374	-0.35792
6.49557	-4.33852	-0.359034
6.50555	-4.33963	-0.360149
6.51553	-4.34075	-0.361265
6.52551	-4.34187	-0.362384
6.53548	-4.34299	-0.363504
6.54546	-4.34411	-0.364626
6.55544	-4.34523	-0.36575
6.56542	-4.34636	-0.366875
6.57539	-4.34749	-0.368003
6.58537	-4.34862	-0.369132
6.59535	-4.34975	-0.370263
6.60533	-4.35088	-0.371395
6.6153	-4.35201	-0.37253
6.62528	-4.35315	-0.373666
6.63526	-4.35429	-0.374804
6.64524	-4.35543	-0.375944
6.65521	-4.35657	-0.377085
6.66519	-4.35771	-0.378228
6.67517	-4.35886	-0.379373
6.68515	-4.36	-0.38052
6.69512	-4.36115	-0.381669
6.7051	-4.3623	-0.382819
6.71508	-4.36346	-0.383971
6.72506	-4.36461	-0.385125
6.73503	-4.36577	-0.386281
6.74501	-4.36692	-0.387439
6.75499	-4.36808	-0.388598
6.76497	-4.36924	-0.389759
6.77494	-4.37041	-0.390922
6.78492	-4.37157	-0.392086
6.7949	-4.37274	-0.393253
6.80488	-4.3739	-0.394421
6.81485	-4.37507	-0.395591
6.82483	-4.37625	-0.396762
6.83481	-4.37742	-0.397936
6.84479	-4.3786	-0.399111
6.85476	-4.37977	-0.400288
6.86474	-4.38095	-0.401467
6.87472	-4.38213	-0.402647
6.8847	-4.38331	-0.40383
6.89467	-4.3845	-0.405014
6.90465	-4.38568	-0.4062
6.91463	-4.38687	-0.407387
6.92461	-4.38806	-0.408577
6.93458	-4.38925	-0.409768
6.94456	-4.39045	-0.410961
6.95454	-4.39164	-0.412156
6.96452	-4.39284	-0.413352
6.97449	-4.39404	-0.414551
6.98447	-4.39524	-0.415751
6.99445	-4.39644	-0.416953
7.00443	-4.39764	-0.418156
7.0144	-4.39885	-0.419362
7.02438	-4.40005	-0.420569
7.03436	-4.40126	-0.421778
7.04434	-4.40247	-0.422989
7.05431	-4.40369	-0.424202
7.06429	-4.4049	-0.425416
7.07427	-4.40612	-0.426632
7.08425	-4.40733	-0.42785
7.09422	-4.40855	-0.42907
7.1042	-4.40978	-0.430291
7.11418	-4.411	-0.431515
7.12416	-4.41222	-0.43274
7.13413	-4.41345	-0.433966
7.14411	-4.41468	-0.435195
7.15409	-4.41591	-0.436425
7.16407	-4.41714	-0.437658
7.17404	-4.41838	-0.438892
7.18402	-4.41961	-0.440127
7.194	-4.42085	-0.441365
7.20398	-4.42209	-0.442604
7.21395	-4.42333	-0.443845
7.22393	-4.42457	-0.445088
7.23391	-4.42582	-0.446333
7.24389	-4.42706	-0.447579
7.25386	-4.42831	-0.448827
7.26384	-4.42956	-0.450077
7.27382	-4.43081	-0.451329
7.2838	-4.43207	-0.452583
7.29377	-4.43332	-0.453838
7.30375	-4.43458	-0.455095
7.31373	-4.43584	-0.456354
7.32371	-4.4371	-0.457615
7.33368	-4.43836	-0.458878
7.34366	-4.43963	-0.460142
7.35364	-4.44089	-0.461408
7.36362	-4.44216	-0.462676
7.37359	-4.44343	-0.463945
7.38357	-4.4447	-0.465217
7.39355	-4.44597	-0.46649
7.40353	-4.44725	-0.467765
7.4135	-4.44853	-0.469042
7.42348	-4.4498	-0.470321
7.43346	-4.45109	-0.471601
7.44344	-4.45237	-0.472883
7.45341	-4.45365	-0.474167
7.46339	-4.45494	-0.475453
7.47337	-4.45622	-0.47674
7.48335	-4.45751	-0.47803
7.49332	-4.4588	-0.479321
7.5033	-4.4601	-0.480614
7.51328	-4.46139	-0.481908
7.52326	-4.46269	-0.483205
7.53323	-4.46399	-0.484503
7.54321	-4.46529	-0.485803
7.55319	-4.46659	-0.487105
7.56317	-4.46789	-0.488409
7.57314	-4.4692	-0.489714
7.58312	-4.47051	-0.491021
7.5931	-4.47181	-0.49233
7.60308	-4.47313	-0.493641
7.61305	-4.47444	-0.494954
7.62303	-4.47575	-0.496268
7.63301	-4.47707	-0.497584
7.64299	-4.47839	-0.498902
7.65296	-4.47971	-0.500222
7.66294	-4.48103	-0.501543
7.67292	-4.48235	-0.502867
7.6829	-4.48368	-0.504192
7.69287	-4.485	-0.505519
7.70285	-4.48633	-0.506847
7.71283	-4.48766	-0.508178
7.72281	-4.48899	-0.50951
7.73278	-4.49033	-0.510844
7.74276	-4.49166	-0.51218
7.75274	-4.493	-0.513518
7.76272	-4.49434	-0.514857
7.77269	-4.49568	-0.516198
7.78267	-4.49703	-0.517541
7.79265	-4.49837	-0.518886
7.80263	-4.49972	-0.520233
7.8126	-4.50107	-0.521581
7.82258	-4.50242	-0.522931
7.83256	-4.50377	-0.524283
7.84254	-4.50512	-0.525637
7.85251	-4.50648	-0.526993
7.86249	-4.50783	-0.52835
7.87247	-4.50919	-0.529709
7.88245	-4.51055	-0.53107
7.89242	-4.51192	-0.532433
7.9024	-4.51328	-0.533798
7.91238	-4.51465	-0.535164
7.92236	-4.51602	-0.536532
7.93233	-4.51739	-0.537902
7.94231	-4.51876	-0.539274
7.95229	-4.52013	-0.540648
7.96227	-4.52151	-0.542023
7.97224	-4.52288	-0.5434
7.98222	-4.52426	-0.544779
7.9922	-4.52564	-0.54616
8.00218	-4.52703	-0.547542
8.01215	-4.52841	-0.548926
8.02213	-4.5298	-0.550313
8.03211	-4.53118	-0.551701
8.04209	-4.53257	-0.55309
8.05206	-4.53397	-0.554482
8.06204	-4.53536	-0.555875
8.07202	-4.53675	-0.55727
8.082	-4.53815	-0.558667
8.09197	-4.53955	-0.560066
8.10195	-4.54095	-0.561466
8.11193	-4.54235	-0.562869
8.12191	-4.54376	-0.564273
8.13188	-4.54516	-0.565678
8.14186	-4.54657	-0.567086
8.15184	-4.54798	-0.568496
8.16182	-4.54939	-0.569907
8.17179	-4.5508	-0.57132
8.18177	-4.55222	-0.572735
8.19175	-4.55364	-0.574152
8.20173	-4.55505	-0.57557
8.2117	-4.55647	-0.57699
8.22168	-4.5579	-0.578412
8.23166	-4.55932	-0.579836
8.24164	-4.56075	-0.581262
8.25161	-4.56217	-0.582689
8.26159	-4.5636	-0.584119
8.27157	-4.56503	-0.58555
8.28155	-4.56647	-0.586983
8.29152	-4.5679	-0.588417
8.3015	-4.56934	-0.589854
8.31148	-4.57078	-0.591292
8.32146	-4.57222	-0.592732
8.33143	-4.57366	-0.594174
8.34141	-4.5751	-0.595618
8.35139	-4.57655	-0.597063
8.36137	-4.57799	-0.598511
8.37134	-4.57944	-0.59996
8.38132	-4.58089	-0.601411
8.3913	-4.58235	-0.602863
8.40128	-4.5838	-0.604318
8.41125	-4.58526	-0.605774
8.42123	-4.58672	-0.607232
8.43121	-4.58818	-0.608692
8.44119	-4.58964	-0.610154
8.45116	-4.5911	-0.611617
8.46114	-4.59257	-0.613083
8.47112	-4.59403	-0.61455
8.4811	-4.5955	-0.616019
8.49107	-4.59697	-0.617489
8.50105	-4.59845	-0.618962
8.51103	-4.59992	-0.620436
8.52101	-4.6014	-0.621912
8.53098	-4.60287	-0.62339
8.54096	-4.60435	-0.62487
8.55094	-4.60584	-0.626351
8.56092	-4.60732	-0.627835
8.57089	-4.6088	-0.62932
8.58087	-4.61029	-0.630807
8.59085	-4.61178	-0.632296
8.60083	-4.61327	-0.633786
8.6108	-4.61476	-0.635278
8.62078	-4.61626	-0.636773
8.63076	-4.61775	-0.638269
8.64074	-4.61925	-0.639766
8.65071	-4.62075	-0.641266
8.66069	-4.62225	-0.642767
8.67067	-4.62375	-0.644271
8.68065	-4.62526	-0.645776
8.69062	-4.62677	-0.647282
8.7006	-4.62828	-0.648791
8.71058	-4.62979	-0.650301
8.72056	-4.6313	-0.651814
8.73053	-4.63281	-0.653328
8.74051	-4.63433	-0.654843
8.75049	-4.63585	-0.656361
8.76047	-4.63736	-0.65788
8.77044	-4.63889	-0.659402
8.78042	-4.64041	-0.660925
8.7904	-4.64193	-0.66245
8.80038	-4.64346	-0.663976
8.81035	-4.64499	-0.665505
8.82033	-4.64652	-0.667035
8.83031	-4.64805	-0.668567
8.84029	-4.64959	-0.670101
8.85026	-4.65112	-0.671637
8.86024	-4.65266	-0.673174
8.87022	-4.6542	-0.674713
8.8802	-4.65574	-0.676255
8.89017	-4.65728	-0.677798
8.90015	-4.65883	-0.679342
8.91013	-4.66037	-0.680889
8.92011	-4.66192	-0.682437
8.93008	-4.66347	-0.683987
8.94006	-4.66502	-0.685539
8.95004	-4.66658	-0.687093
8.96002	-4.66813	-0.688649
8.96999	-4.66969	-0.690206
8.97997	-4.67125	-0.691765
8.98995	-4.67281	-0.693326
8.99992	-4.67437	-0.694889
9.0099	-4.67594	-0.696454
9.01988	-4.6775	-0.69802
9.02986	-4.67907	-0.699588
9.03983	-4.68064	-0.701158
9.04981	-4.68221	-0.70273
9.05979	-4.68379	-0.704304
9.06977	-4.68536	-0.705879
9.07974	-4.68694	-0.707456
9.08972	-4.68852	-0.709036
9.0997	-4.6901	-0.710616
9.10968	-4.69168	-0.712199
9.11965	-4.69327	-0.713784
9.12963	-4.69485	-0.71537
9.13961	-4.69644	-0.716958
9.14959	-4.69803	-0.718548
9.15956	-4.69962	-0.72014
9.16954	-4.70122	-0.721733
9.17952	-4.70281	-0.723329
9.1895	-4.70441	-0.724926
9.19947	-4.70601	-0.726525
9.20945	-4.70761	-0.728126
9.21943	-4.70921	-0.729728
9.22941	-4.71082	-0.731333
9.23938	-4.71242	-0.732939
9.24936	-4.71403	-0.734547
9.25934	-4.71564	-0.736157
9.26932	-4.71725	-0.737768
9.27929	-4.71887	-0.739382
9.28927	-4.72048	-0.740997
9.29925	-4.7221	-0.742614
9.30923	-4.72372	-0.744233
9.3192	-4.72534	-0.745854
9.32918	-4.72696	-0.747476
9.33916	-4.72859	-0.749101
9.34914	-4.73021	-0.750727
9.35911	-4.73184	-0.752355
9.36909	-4.73347	-0.753985
9.37907	-4.7351	-0.755616
9.38905	-4.73673	-0.75725
9.39902	-4.73837	-0.758885
9.409	-4.74001	-0.760522
9.41898	-4.74164	-0.762161
9.42896	-4.74329	-0.763801
9.43893	-4.74493	-0.765444
9.44891	-4.74657	-0.767088
9.45889	-4.74822	-0.768734
9.46887	-4.74987	-0.770382
9.47884	-4.75152	-0.772032
9.48882	-4.75317	-0.773683
9.4988	-4.75482	-0.775336
9.50878	-4.75648	-0.776991
9.51875	-4.75813	-0.778648
9.52873	-4.75979	-0.780307
9.53871	-4.76145	-0.781968
9.54869	-4.76311	-0.78363
9.55866	-4.76478	-0.785294
9.56864	-4.76644	-0.78696
9.57862	-4.76811	-0.788628
9.5886	-4.76978	-0.790298
9.59857	-4.77145	-0.791969
9.60855	-4.77313	-0.793642
9.61853	-4.7748	-0.795317
9.62851	-4.77648	-0.796994
9.63848	-4.77816	-0.798673
9.64846	-4.77984	-0.800353
9.65844	-4.78152	-0.802036
9.66842	-4.7832	-0.80372
9.67839	-4.78489	-0.805406
9.68837	-4.78658	-0.807093
9.69835	-4.78827	-0.808783
9.70833	-4.78996	-0.810474
9.7183	-4.79165	-0.812167
9.72828	-4.79335	-0.813862
9.73826	-4.79504	-0.815559
9.74824	-4.79674	-0.817258
9.75821	-4.79844	-0.818958
9.76819	-4.80014	-0.820661
9.77817	-4.80185	-0.822365
9.78815	-4.80355	-0.82407
9.79812	-4.80526	-0.825778
9.8081	-4.80697	-0.827488
9.81808	-4.80868	-0.829199
9.82806	-4.8104	-0.830912
9.83803	-4.81211	-0.832627
9.84801	-4.81383	-0.834344
9.85799	-4.81555	-0.836062
9.86797	-4.81727	-0.837783
9.87794	-4.81899	-0.839505
9.88792	-4.82071	-0.841229
9.8979	-4.82244	-0.842954
9.90788	-4.82417	-0.844682
9.91785	-4.8259	-0.846412
9.92783	-4.82763	-0.848143
9.93781	-4.82936	-0.849876
9.94779	-4.83109	-0.851611
9.95776	-4.83283	-0.853347
9.96774	-4.83457	-0.855086
9.97772	-4.83631	-0.856826
9.9877	-4.83805	-0.858568
9.99767	-4.8398	-0.860312
10.0077	-4.84154	-0.862058
10.0176	-4.84329	-0.863805
10.0276	-4.84504	-0.865555
10.0376	-4.84679	-0.867306
10.0476	-4.84854	-0.869059
10.0575	-4.8503	-0.870814
10.0675	-4.85205	-0.87257
10.0775	-4.85381	-0.874329
10.0875	-4.85557	-0.876089
10.0974	-4.85734	-0.877851
10.1074	-4.8591	-0.879615
10.1174	-4.86086	-0.881381
10.1274	-4.86263	-0.883148
10.1374	-4.8644	-0.884917
10.1473	-4.86617	-0.886689
10.1573	-4.86795	-0.888462
10.1673	-4.86972	-0.890236
10.1773	-4.8715	-0.892013
10.1872	-4.87328	-0.893791
10.1972	-4.87506	-0.895571
10.2072	-4.87684	-0.897353
10.2172	-4.87862	-0.899137
10.2272	-4.88041	-0.900923
10.2371	-4.88219	-0.90271
10.2471	-4.88398	-0.904499
10.2571	-4.88577	-0.906291
10.2671	-4.88757	-0.908083
10.277	-4.88936	-0.909878
10.287	-4.89116	-0.911675
10.297	-4.89296	-0.913473
10.307	-4.89476	-0.915273
10.317	-4.89656	-0.917075
10.3269	-4.89836	-0.918879
10.3369	-4.90017	-0.920684
10.3469	-4.90198	-0.922492
10.3569	-4.90379	-0.924301
10.3668	-4.9056	-0.926112
10.3768	-4.90741	-0.927925
10.3868	-4.90922	-0.929739
10.3968	-4.91104	-0.931556
10.4068	-4.91286	-0.933374
10.4167	-4.91468	-0.935194
10.4267	-4.9165	-0.937016
10.4367	-4.91832	-0.93884
10.4467	-4.92015	-0.940665
10.4566	-4.92198	-0.942492
10.4666	-4.92381	-0.944321
10.4766	-4.92564	-0.946152
10.4866	-4.92747	-0.947985
10.4965	-4.9293	-0.94982
10.5065	-4.93114	-0.951656
10.5165	-4.93298	-0.953494
10.5265	-4.93482	-0.955334
10.5365	-4.93666	-0.957176
10.5464	-4.9385	-0.95902
10.5564	-4.94035	-0.960865
10.5664	-4.9422	-0.962712
10.5764	-4.94405	-0.964561
10.5863	-4.9459	-0.966412
10.5963	-4.94775	-0.968265
10.6063	-4.9496	-0.970119
10.6163	-4.95146	-0.971976
10.6263	-4.95332	-0.973834
10.6362	-4.95518	-0.975694
10.6462	-4.95704	-0.977555
10.6562	-4.9589	-0.979419
10.6662	-4.96077	-0.981284
10.6761	-4.96264	-0.983151
10.6861	-4.9645	-0.98502
10.6961	-4.96638	-0.986891
10.7061	-4.96825	-0.988764
10.7161	-4.97012	-0.990638
10.726	-4.972	-0.992514
10.736	-4.97388	-0.994392
10.746	-4.97576	-0.996272
10.756	-4.97764	-0.998154
10.7659	-4.97952	-1.00004
10.7759	-4.98141	-1.00192
10.7859	-4.98329	-1.00381
10.7959	-4.98518	-1.0057
10.8059	-4.98707	-1.00759
10.8158	-4.98897	-1.00948
10.8258	-4.99086	-1.01138
10.8358	-4.99276	-1.01327
10.8458	-4.99465	-1.01517
10.8557	-4.99655	-1.01707
10.8657	-4.99846	-1.01897
10.8757	-5.00036	-1.02087
10.8857	-5.00226	-1.02278
10.8956	-5.00417	-1.02469
10.9056	-5.00608	-1.0266
10.9156	-5.00799	-1.02851
10.9256	-5.0099	-1.03042
10.9356	-5.01182	-1.03233
10.9455	-5.01373	-1.03425
10.9555	-5.01565	-1.03617
10.9655	-5.01757	-1.03809
10.9755	-5.01949	-1.04001
10.9854	-5.02142	-1.04193
10.9954	-5.02334	-1.04386
11.0054	-5.02527	-1.04578
11.0154	-5.0272	-1.04771
11.0254	-5.02913	-1.04964
11.0353	-5.03106	-1.05157
11.0453	-5.03299	-1.05351
11.0553	-5.03493	-1.05544
11.0653	-5.03687	-1.05738
11.0752	-5.03881	-1.05932
11.0852	-5.04075	-1.06126
11.0952	-5.04269	-1.06321
11.1052	-5.04464	-1.06515
11.1152	-5.04658	-1.0671
11.1251	-5.04853	-1.06905
11.1351	-5.05048	-1.071
11.1451	-5.05243	-1.07295
11.1551	-5.05439	-1.0749
11.165	-5.05634	-1.07686
11.175	-5.0583	-1.07882
11.185	-5.06026	-1.08078
11.195	-5.06222	-1.08274
11.205	-5.06419	-1.0847
11.2149	-5.06615	-1.08667
11.2249	-5.06812	-1.08863
11.2349	-5.07009	-1.0906
11.2449	-5.07206	-1.09257
11.2548	-5.07403	-1.09454
11.2648	-5.076	-1.09652
11.2748	-5.07798	-1.09849
11.2848	-5.07995	-1.10047
11.2947	-5.08193	-1.10245
11.3047	-5.08391	-1.10443
11.3147	-5.0859	-1.10641
11.3247	-5.08788	-1.1084
11.3347	-5.08987	-1.11038
11.3446	-5.09186	-1.11237
11.3546	-5.09385	-1.11436
11.3646	-5.09584	-1.11636
11.3746	-5.09783	-1.11835
11.3845	-5.09983	-1.12034
11.3945	-5.10183	-1.12234
11.4045	-5.10383	-1.12434
11.4145	-5.10583	-1.12634
11.4245	-5.10783	-1.12834
11.4344	-5.10983	-1.13035
11.4444	-5.11184	-1.13236
11.4544	-5.11385	-1.13436
11.4644	-5.11586	-1.13637
11.4743	-5.11787	-1.13839
11.4843	-5.11988	-1.1404
11.4943	-5.1219	-1.14241
11.5043	-5.12392	-1.14443
11.5143	-5.12593	-1.14645
11.5242	-5.12796	-1.14847
11.5342	-5.12998	-1.15049
11.5442	-5.132	-1.15252
11.5542	-5.13403	-1.15454
11.5641	-5.13606	-1.15657
11.5741	-5.13809	-1.1586
11.5841	-5.14012	-1.16063
11.5941	-5.14215	-1.16267
11.6041	-5.14419	-1.1647
11.614	-5.14622	-1.16674
11.624	-5.14826	-1.16878
11.634	-5.1503	-1.17082
11.644	-5.15235	-1.17286
11.6539	-5.15439	-1.17491
11.6639	-5.15644	-1.17695
11.6739	-5.15848	-1.179
11.6839	-5.16053	-1.18105
11.6938	-5.16258	-1.1831
11.7038	-5.16464	-1.18515
11.7138	-5.16669	-1.18721
11.7238	-5.16875	-1.18927
11.7338	-5.17081	-1.19132
11.7437	-5.17287	-1.19338
11.7537	-5.17493	-1.19545
11.7637	-5.17699	-1.19751
11.7737	-5.17906	-1.19958
11.7836	-5.18113	-1.20164
11.7936	-5.1832	-1.20371
11.8036	-5.18527	-1.20578
11.8136	-5.18734	-1.20786
11.8236	-5.18942	-1.20993
11.8335	-5.19149	-1.21201
11.8435	-5.19357	-1.21409
11.8535	-5.19565	-1.21617
11.8635	-5.19773	-1.21825
11.8734	-5.19982	-1.22033
11.8834	-5.2019	-1.22242
11.8934	-5.20399	-1.22451
11.9034	-5.20608	-1.2266
11.9134	-5.20817	-1.22869
11.9233	-5.21026	-1.23078
11.9333	-5.21236	-1.23287
11.9433	-5.21445	-1.23497
11.9533	-5.21655	-1.23707
11.9632	-5.21865	-1.23917
11.9732	-5.22075	-1.24127
11.9832	-5.22286	-1.24337
11.9932	-5.22496	-1.24548
12.0032	-5.22707	-1.24759
12.0131	-5.22918	-1.24969
12.0231	-5.23129	-1.25181
12.0331	-5.2334	-1.25392
12.0431	-5.23552	-1.25603
12.053	-5.23763	-1.25815
12.063	-5.23975	-1.26027
12.073	-5.24187	-1.26239
12.083	-5.24399	-1.26451
12.0929	-5.24611	-1.26663
12.1029	-5.24824	-1.26876
12.1129	-5.25037	-1.27088
12.1229	-5.2525	-1.27301
12.1329	-5.25463	-1.27514
12.1428	-5.25676	-1.27727
12.1528	-5.25889	-1.27941
12.1628	-5.26103	-1.28154
12.1728	-5.26317	-1.28368
12.1827	-5.2653	-1.28582
12.1927	-5.26745	-1.28796
12.2027	-5.26959	-1.2901
12.2127	-5.27173	-1.29225
12.2227	-5.27388	-1.2944
12.2326	-5.27603	-1.29654
12.2426	-5.27818	-1.29869
12.2526	-5.28033	-1.30085
12.2626	-5.28248	-1.303
12.2725	-5.28464	-1.30516
12.2825	-5.2868	-1.30731
12.2925	-5.28896	-1.30947
12.3025	-5.29112	-1.31163
12.3125	-5.29328	-1.3138
12.3224	-5.29544	-1.31596
12.3324	-5.29761	-1.31813
12.3424	-5.29978	-1.32029
12.3524	-5.30195	-1.32246
12.3623	-5.30412	-1.32464
12.3723	-5.30629	-1.32681
12.3823	-5.30847	-1.32898
12.3923	-5.31064	-1.33116
12.4023	-5.31282	-1.33334
12.4122	-5.315	-1.33552
12.4222	-5.31719	-1.3377
12.4322	-5.31937	-1.33989
12.4422	-5.32156	-1.34207
12.4521	-5.32374	-1.34426
12.4621	-5.32593	-1.34645
12.4721	-5.32812	-1.34864
12.4821	-5.33032	-1.35083
12.492	-5.33251	-1.35303
12.502	-5.33471	-1.35522
12.512	-5.33691	-1.35742
12.522	-5.33911	-1.35962
12.532	-5.34131	-1.36182
12.5419	-5.34351	-1.36403
12.5519	-5.34572	-1.36623
12.5619	-5.34793	-1.36844
12.5719	-5.35013	-1.37065
12.5818	-5.35235	-1.37286
12.5918	-5.35456	-1.37507
12.6018	-5.35677	-1.37729
12.6118	-5.35899	-1.3795
12.6218	-5.36121	-1.38172
12.6317	-5.36343	-1.38394
12.6417	-5.36565	-1.38616
12.6517	-5.36787	-1.38839
12.6617	-5.3701	-1.39061
12.6716	-5.37232	-1.39284
12.6816	-5.37455	-1.39507
12.6916	-5.37678	-1.3973
12.7016	-5.37901	-1.39953
12.7116	-5.38125	-1.40176
12.7215	-5.38348	-1.404
12.7315	-5.38572	-1.40624
12.7415	-5.38796	-1.40848
12.7515	-5.3902	-1.41072
12.7614	-5.39244	-1.41296
12.7714	-5.39469	-1.4152
12.7814	-5.39693	-1.41745
12.7914	-5.39918	-1.4197
12.8014	-5.40143	-1.42195
12.8113	-5.40368	-1.4242
12.8213	-5.40594	-1.42645
12.8313	-5.40819	-1.42871
12.8413	-5.41045	-1.43097
12.8512	-5.41271	-1.43322
12.8612	-5.41497	-1.43548
12.8712	-5.41723	-1.43775
12.8812	-5.4195	-1.44001
12.8911	-5.42176	-1.44228
12.9011	-5.42403	-1.44454
12.9111	-5.4263	-1.44681
12.9211	-5.42857	-1.44909
12.9311	-5.43084	-1.45136
12.941	-5.43312	-1.45363
12.951	-5.43539	-1.45591
12.961	-5.43767	-1.45819
12.971	-5.43995	-1.46047
12.9809	-5.44223	-1.46275
12.9909	-5.44452	-1.46503
13.0009	-5.4468	-1.46732
13.0109	-5.44909	-1.46961
13.0209	-5.45138	-1.47189
13.0308	-5.45367	-1.47418
13.0408	-5.45596	-1.47648
13.0508	-5.45826	-1.47877
13.0608	-5.46055	-1.48107
13.0707	-5.46285	-1.48337
13.0807	-5.46515	-1.48566
13.0907	-5.46745	-1.48797
13.1007	-5.46975	-1.49027
13.1107	-5.47206	-1.49257
13.1206	-5.47436	-1.49488
13.1306	-5.47667	-1.49719
13.1406	-5.47898	-1.4995
13.1506	-5.48129	-1.50181
13.1605	-5.48361	-1.50412
13.1705	-5.48592	-1.50644
13.1805	-5.48824	-1.50876
13.1905	-5.49056	-1.51108
13.2005	-5.49288	-1.5134
13.2104	-5.4952	-1.51572
13.2204	-5.49753	-1.51804
13.2304	-5.49985	-1.52037
13.2404	-5.50218	-1.5227
13.2503	-5.50451	-1.52503
13.2603	-5.50684	-1.52736
13.2703	-5.50917	-1.52969
13.2803	-5.51151	-1.53202
13.2902	-5.51384	-1.53436
13.3002	-5.51618	-1.5367
13.3102	-5.51852	-1.53904
13.3202	-5.52086	-1.54138
13.3302	-5.52321	-1.54372
13.3401	-5.52555	-1.54607
13.3501	-5.5279	-1.54842
13.3601	-5.53025	-1.55077
13.3701	-5.5326	-1.55312
13.38	-5.53495	-1.55547
13.39	-5.53731	-1.55782
13.4	-5.53966	-1.56018
13.41	-5.54202	-1.56254
13.42	-5.54438	-1.56489
13.4299	-5.54674	-1.56726
13.4399	-5.5491	-1.56962
13.4499	-5.55147	-1.57198
13.4599	-5.55383	-1.57435
13.4698	-5.5562	-1.57672
13.4798	-5.55857	-1.57909
13.4898	-5.56094	-1.58146
13.4998	-5.56332	-1.58383
13.5098	-5.56569	-1.58621
13.5197	-5.56807	-1.58858
13.5297	-5.57045	-1.59096
13.5397	-5.57283	-1.59334
13.5497	-5.57521	-1.59572
13.5596	-5.57759	-1.59811
13.5696	-5.57998	-1.60049
13.5796	-5.58237	-1.60288
13.5896	-5.58475	-1.60527
13.5995	-5.58715	-1.60766
13.6095	-5.58954	-1.61005
13.6195	-5.59193	-1.61245
13.6295	-5.59433	-1.61484
13.6395	-5.59673	-1.61724
13.6494	-5.59913	-1.61964
13.6594	-5.60153	-1.62204
13.6694	-5.60393	-1.62445
13.6794	-5.60633	-1.62685
13.6893	-5.60874	-1.62926
13.6993	-5.61115	-1.63167
13.7093	-5.61356	-1.63408
13.7193	-5.61597	-1.63649
13.7293	-5.61838	-1.6389
13.7392	-5.6208	-1.64132
13.7492	-5.62322	-1.64373
13.7592	-5.62564	-1.64615
13.7692	-5.62806	-1.64857
13.7791	-5.63048	-1.65099
13.7891	-5.6329	-1.65342
13.7991	-5.63533	-1.65584
13.8091	-5.63776	-1.65827
13.8191	-5.64018	-1.6607
13.829	-5.64262	-1.66313
13.839	-5.64505	-1.66556
13.849	-5.64748	-1.668
13.859	-5.64992	-1.67043
13.8689	-5.65236	-1.67287
13.8789	-5.6548	-1.67531
13.8889	-5.65724	-1.67775
13.8989	-5.65968	-1.6802
13.9089	-5.66213	-1.68264
13.9188	-5.66457	-1.68509
13.9288	-5.66702	-1.68754
13.9388	-5.66947	-1.68999
13.9488	-5.67192	-1.69244
13.9587	-5.67437	-1.69489
13.9687	-5.67683	-1.69735
13.9787	-5.67929	-1.6998
13.9887	-5.68175	-1.70226
13.9986	-5.68421	-1.70472
14.0086	-5.68667	-1.70718
14.0186	-5.68913	-1.70965
14.0286	-5.6916	-1.71211
14.0386	-5.69406	-1.71458
14.0485	-5.69653	-1.71705
14.0585	-5.699	-1.71952
14.0685	-5.70148	-1.72199
14.0785	-5.70395	-1.72447
14.0884	-5.70643	-1.72694
14.0984	-5.7089	-1.72942
14.1084	-5.71138	-1.7319
14.1184	-5.71387	-1.73438
14.1284	-5.71635	-1.73686
14.1383	-5.71883	-1.73935
14.1483	-5.72132	-1.74183
14.1583	-5.72381	-1.74432
14.1683	-5.7263	-1.74681
14.1782	-5.72879	-1.7493
14.1882	-5.73128	-1.7518
14.1982	-5.73378	-1.75429
14.2082	-5.73627	-1.75679
14.2182	-5.73877	-1.75929
14.2281	-5.74127	-1.76179
14.2381	-5.74377	-1.76429
14.2481	-5.74628	-1.76679
14.2581	-5.74878	-1.7693
14.268	-5.75129	-1.7718
14.278	-5.7538	-1.77431
14.288	-5.75631	-1.77682
14.298	-5.75882	-1.77934
14.308	-5.76133	-1.78185
14.3179	-5.76385	-1.78436
14.3279	-5.76637	-1.78688
14.3379	-5.76888	-1.7894
14.3479	-5.77141	-1.79192
14.3578	-5.77393	-1.79444
14.3678	-5.77645	-1.79697
14.3778	-5.77898	-1.79949
14.3878	-5.78151	-1.80202
14.3977	-5.78403	-1.80455
14.4077	-5.78657	-1.80708
14.4177	-5.7891	-1.80961
14.4277	-5.79163	-1.81215
14.4377	-5.79417	-1.81468
14.4476	-5.79671	-1.81722
14.4576	-5.79925	-1.81976
14.4676	-5.80179	-1.8223
14.4776	-5.80433	-1.82485
14.4875	-5.80687	-1.82739
14.4975	-5.80942	-1.82994
14.5075	-5.81197	-1.83248
14.5175	-5.81452	-1.83503
14.5275	-5.81707	-1.83759
14.5374	-5.81962	-1.84014
14.5474	-5.82218	-1.84269
14.5574	-5.82473	-1.84525
14.5674	-5.82729	-1.84781
14.5773	-5.82985	-1.85037
14.5873	-5.83241	-1.85293
14.5973	-5.83498	-1.85549
14.6073	-5.83754	-1.85806
14.6173	-5.84011	-1.86063
14.6272	-5.84268	-1.86319
14.6372	-5.84525	-1.86576
14.6472	-5.84782	-1.86834
14.6572	-5.85039	-1.87091
14.6671	-5.85297	-1.87348
14.6771	-5.85555	-1.87606
14.6871	-5.85812	-1.87864
14.6971	-5.86071	-1.88122
14.7071	-5.86329	-1.8838
14.717	-5.86587	-1.88639
14.727	-5.86846	-1.88897
14.737	-5.87104	-1.89156
14.747	-5.87363	-1.89415
14.7569	-5.87622	-1.89674
14.7669	-5.87882	-1.89933
14.7769	-5.88141	-1.90192
14.7869	-5.884	-1.90452
14.7968	-5.8866	-1.90712
14.8068	-5.8892	-1.90972
14.8168	-5.8918	-1.91232
14.8268	-5.8944	-1.91492
14.8368	-5.89701	-1.91752
14.8467	-5.89961	-1.92013
14.8567	-5.90222	-1.92274
14.8667	-5.90483	-1.92535
14.8767	-5.90744	-1.92796
14.8866	-5.91005	-1.93057
14.8966	-5.91267	-1.93318
14.9066	-5.91528	-1.9358
14.9166	-5.9179	-1.93842
14.9266	-5.92052	-1.94104
14.9365	-5.92314	-1.94366
14.9465	-5.92576	-1.94628
14.9565	-5.92839	-1.9489
14.9665	-5.93101	-1.95153
14.9764	-5.93364	-1.95416
14.9864	-5.93627	-1.95679
14.9964	-5.9389	-1.95942
15.0064	-5.94154	-1.96205
15.0164	-5.94417	-1.96469
15.0263	-5.94681	-1.96732
15.0363	-5.94944	-1.96996
15.0463	-5.95208	-1.9726
15.0563	-5.95472	-1.97524
15.0662	-5.95737	-1.97788
15.0762	-5.96001	-1.98053
15.0862	-5.96266	-1.98317
15.0962	-5.96531	-1.98582
15.1062	-5.96795	-1.98847
15.1161	-5.97061	-1.99112
15.1261	-5.97326	-1.99377
15.1361	-5.97591	-1.99643
15.1461	-5.97857	-1.99908
15.156	-5.98123	-2.00174
15.166	-5.98389	-2.0044
15.176	-5.98655	-2.00706
15.186	-5.98921	-2.00973
15.1959	-5.99188	-2.01239
15.2059	-5.99454	-2.01506
15.2159	-5.99721	-2.01772
15.2259	-5.99988	-2.02039
15.2359	-6.00255	-2.02307
15.2458	-6.00522	-2.02574
15.2558	-6.0079	-2.02841
15.2658	-6.01057	-2.03109
15.2758	-6.01325	-2.03377
15.2857	-6.01593	-2.03645
15.2957	-6.01861	-2.03913
15.3057	-6.0213	-2.04181
15.3157	-6.02398	-2.0445
15.3257	-6.02667	-2.04718
15.3356	-6.02935	-2.04987
15.3456	-6.03204	-2.05256
15.3556	-6.03473	-2.05525
15.3656	-6.03743	-2.05794
15.3755	-6.04012	-2.06064
15.3855	-6.04282	-2.06333
15.3955	-6.04552	-2.06603
15.4055	-6.04822	-2.06873
15.4155	-6.05092	-2.07143
15.4254	-6.05362	-2.07413
15.4354	-6.05632	-2.07684
15.4454	-6.05903	-2.07955
15.4554	-6.06174	-2.08225
15.4653	-6.06445	-2.08496
15.4753	-6.06716	-2.08767
15.4853	-6.06987	-2.09039
15.4953	-6.07258	-2.0931
15.5053	-6.0753	-2.09582
15.5152	-6.07802	-2.09853
15.5252	-6.08074	-2.10125
15.5352	-6.08346	-2.10397
15.5452	-6.08618	-2.1067
15.5551	-6.08891	-2.10942
15.5651	-6.09163	-2.11215
15.5751	-6.09436	-2.11487
15.5851	-6.09709	-2.1176
15.595	-6.09982	-2.12033
15.605	-6.10255	-2.12307
15.615	-6.10529	-2.1258
15.625	-6.10802	-2.12854
15.635	-6.11076	-2.13127
15.6449	-6.1135	-2.13401
15.6549	-6.11624	-2.13675
15.6649	-6.11898	-2.1395
15.6749	-6.12172	-2.14224
15.6848	-6.12447	-2.14499
15.6948	-6.12722	-2.14773
15.7048	-6.12997	-2.15048
15.7148	-6.13272	-2.15323
15.7248	-6.13547	-2.15598
15.7347	-6.13822	-2.15874
15.7447	-6.14098	-2.16149
15.7547	-6.14374	-2.16425
15.7647	-6.14649	-2.16701
15.7746	-6.14925	-2.16977
15.7846	-6.15202	-2.17253
15.7946	-6.15478	-2.1753
15.8046	-6.15755	-2.17806
15.8146	-6.16031	-2.18083
15.8245	-6.16308	-2.1836
15.8345	-6.16585	-2.18637
15.8445	-6.16862	-2.18914
15.8545	-6.1714	-2.19191
15.8644	-6.17417	-2.19469
15.8744	-6.17695	-2.19746
15.8844	-6.17973	-2.20024
15.8944	-6.18251	-2.20302
15.9044	-6.18529	-2.2058
15.9143	-6.18807	-2.20859
15.9243	-6.19086	-2.21137
15.9343	-6.19364	-2.21416
15.9443	-6.19643	-2.21695
15.9542	-6.19922	-2.21974
15.9642	-6.20201	-2.22253
15.9742	-6.2048	-2.22532
15.9842	-6.2076	-2.22811
15.9941	-6.21039	-2.23091
16.0041	-6.21319	-2.23371
16.0141	-6.21599	-2.23651
16.0241	-6.21879	-2.23931
16.0341	-6.2216	-2.24211
16.044	-6.2244	-2.24492
16.054	-6.22721	-2.24772
16.064	-6.23001	-2.25053
16.074	-6.23282	-2.25334
16.0839	-6.23563	-2.25615
16.0939	-6.23844	-2.25896
16.1039	-6.24126	-2.26177
16.1139	-6.24407	-2.26459
16.1239	-6.24689	-2.26741
16.1338	-6.24971	-2.27023
16.1438	-6.25253	-2.27305
16.1538	-6.25535	-2.27587
16.1638	-6.25818	-2.27869
16.1737	-6.261	-2.28152
16.1837	-6.26383	-2.28434
16.1937	-6.26666	-2.28717
16.2037	-6.26949	-2.29
16.2137	-6.27232	-2.29283
16.2236	-6.27515	-2.29567
16.2336	-6.27799	-2.2985
16.2436	-6.28082	-2.30134
16.2536	-6.28366	-2.30418
16.2635	-6.2865	-2.30702
16.2735	-6.28934	-2.30986
16.2835	-6.29218	-2.3127
16.2935	-6.29503	-2.31554
16.3035	-6.29787	-2.31839
16.3134	-6.30072	-2.32124
16.3234	-6.30357	-2.32409
16.3334	-6.30642	-2.32694
16.3434	-6.30927	-2.32979
16.3533	-6.31213	-2.33264
16.3633	-6.31498	-2.3355
16.3733	-6.31784	-2.33836
16.3833	-6.3207	-2.34122
16.3932	-6.32356	-2.34408
16.4032	-6.32642	-2.34694
16.4132	-6.32929	-2.3498
16.4232	-6.33215	-2.35267
16.4332	-6.33502	-2.35553
16.4431	-6.33789	-2.3584
16.4531	-6.34076	-2.36127
16.4631	-6.34363	-2.36414
16.4731	-6.3465	-2.36702
16.483	-6.34938	-2.36989
16.493	-6.35225	-2.37277
16.503	-6.35513	-2.37565
16.513	-6.35801	-2.37853
16.523	-6.36089	-2.38141
16.5329	-6.36377	-2.38429
16.5429	-6.36666	-2.38717
16.5529	-6.36954	-2.39006
16.5629	-6.37243	-2.39295
16.5728	-6.37532	-2.39583
16.5828	-6.37821	-2.39873
16.5928	-6.3811	-2.40162
16.6028	-6.384	-2.40451
16.6128	-6.38689	-2.40741
16.6227	-6.38979	-2.4103
16.6327	-6.39269	-2.4132
16.6427	-6.39559	-2.4161
16.6527	-6.39849	-2.419
16.6626	-6.40139	-2.42191
16.6726	-6.4043	-2.42481
16.6826	-6.4072	-2.42772
16.6926	-6.41011	-2.43062
16.7026	-6.41302	-2.43353
16.7125	-6.41593	-2.43645
16.7225	-6.41884	-2.43936
16.7325	-6.42176	-2.44227
16.7425	-6.42467	-2.44519
16.7524	-6.42759	-2.4481
16.7624	-6.43051	-2.45102
16.7724	-6.43343	-2.45394
16.7824	-6.43635	-2.45687
16.7923	-6.43927	-2.45979
16.8023	-6.4422	-2.46271
16.8123	-6.44513	-2.46564
16.8223	-6.44805	-2.46857
16.8323	-6.45098	-2.4715
16.8422	-6.45391	-2.47443
16.8522	-6.45685	-2.47736
16.8622	-6.45978	-2.4803
16.8722	-6.46272	-2.48323
16.8821	-6.46566	-2.48617
16.8921	-6.46859	-2.48911
16.9021	-6.47153	-2.49205
16.9121	-6.47448	-2.49499
16.9221	-6.47742	-2.49794
16.932	-6.48037	-2.50088
16.942	-6.48331	-2.50383
16.952	-6.48626	-2.50678
16.962	-6.48921	-2.50973
16.9719	-6.49216	-2.51268
16.9819	-6.49512	-2.51563
16.9919	-6.49807	-2.51859
17.0019	-6.50103	-2.52154
17.0119	-6.50398	-2.5245
17.0218	-6.50694	-2.52746
17.0318	-6.5099	-2.53042
17.0418	-6.51287	-2.53338
17.0518	-6.51583	-2.53635
17.0617	-6.5188	-2.53931
17.0717	-6.52176	-2.54228
17.0817	-6.52473	-2.54525
17.0917	-6.5277	-2.54822
17.1017	-6.53067	-2.55119
17.1116	-6.53365	-2.55416
17.1216	-6.53662	-2.55714
17.1316	-6.5396	-2.56011
17.1416	-6.54257	-2.56309
17.1515	-6.54555	-2.56607
17.1615	-6.54853	-2.56905
17.1715	-6.55152	-2.57203
17.1815	-6.5545	-2.57502
17.1914	-6.55749	-2.578
17.2014	-6.56047	-2.58099
17.2114	-6.56346	-2.58398
17.2214	-6.56645	-2.58697
17.2314	-6.56944	-2.58996
17.2413	-6.57244	-2.59295
17.2513	-6.57543	-2.59595
17.2613	-6.57843	-2.59894
17.2713	-6.58142	-2.60194
17.2812	-6.58442	-2.60494
17.2912	-6.58742	-2.60794
17.3012	-6.59043	-2.61094
17.3112	-6.59343	-2.61395
17.3212	-6.59643	-2.61695
17.3311	-6.59944	-2.61996
17.3411	-6.60245	-2.62297
17.3511	-6.60546	-2.62598
17.3611	-6.60847	-2.62899
17.371	-6.61148	-2.632
17.381	-6.6145	-2.63501
17.391	-6.61751	-2.63803
17.401	-6.62053	-2.64105
17.411	-6.62355	-2.64407
17.4209	-6.62657	-2.64709
17.4309	-6.62959	-2.65011
17.4409	-6.63262	-2.65313
17.4509	-6.63564	-2.65616
17.4608	-6.63867	-2.65918
17.4708	-6.6417	-2.66221
17.4808	-6.64472	-2.66524
17.4908	-6.64776	-2.66827
17.5008	-6.65079	-2.6713
17.5107	-6.65382	-2.67434
17.5207	-6.65686	-2.67737
17.5307	-6.65989	-2.68041
17.5407	-6.66293	-2.68345
17.5506	-6.66597	-2.68649
17.5606	-6.66901	-2.68953
17.5706	-6.67206	-2.69257
17.5806	-6.6751	-2.69562
17.5905	-6.67815	-2.69866
17.6005	-6.6812	-2.70171
17.6105	-6.68424	-2.70476
17.6205	-6.6873	-2.70781
17.6305	-6.69035	-2.71086
17.6404	-6.6934	-2.71392
17.6504	-6.69646	-2.71697
17.6604	-6.69951	-2.72003
17.6704	-6.70257	-2.72309
17.6803	-6.70563	-2.72615
17.6903	-6.70869	-2.72921
17.7003	-6.71175	-2.73227
17.7103	-6.71482	-2.73533
17.7203	-6.71788	-2.7384
17.7302	-6.72095	-2.74147
17.7402	-6.72402	-2.74453
17.7502	-6.72709	-2.7476
17.7602	-6.73016	-2.75068
17.7701	-6.73323	-2.75375
17.7801	-6.73631	-2.75682
17.7901	-6.73938	-2.7599
17.8001	-6.74246	-2.76298
17.8101	-6.74554	-2.76605
17.82	-6.74862	-2.76913
17.83	-6.7517	-2.77222
17.84	-6.75478	-2.7753
17.85	-6.75787	-2.77838
17.8599	-6.76096	-2.78147
17.8699	-6.76404	-2.78456
17.8799	-6.76713	-2.78765
17.8899	-6.77022	-2.79074
17.8998	-6.77331	-2.79383
17.9098	-6.77641	-2.79692
17.9198	-6.7795	-2.80002
17.9298	-6.7826	-2.80312
17.9398	-6.7857	-2.80621
17.9497	-6.7888	-2.80931
17.9597	-6.7919	-2.81241
17.9697	-6.795	-2.81552
17.9797	-6.7981	-2.81862
17.9896	-6.80121	-2.82173
17.9996	-6.80432	-2.82483
18.0096	-6.80742	-2.82794
18.0196	-6.81053	-2.83105
18.0296	-6.81365	-2.83416
18.0395	-6.81676	-2.83727
18.0495	-6.81987	-2.84039
18.0595	-6.82299	-2.8435
18.0695	-6.82611	-2.84662
18.0794	-6.82922	-2.84974
18.0894	-6.83234	-2.85286
18.0994	-6.83547	-2.85598
18.1094	-6.83859	-2.8591
18.1194	-6.84171	-2.86223
18.1293	-6.84484	-2.86535
18.1393	-6.84797	-2.86848
18.1493	-6.85109	-2.87161
18.1593	-6.85422	-2.87474
18.1692	-6.85736	-2.87787
18.1792	-6.86049	-2.881
18.1892	-6.86362	-2.88414
18.1992	-6.86676	-2.88728
18.2092	-6.8699	-2.89041
18.2191	-6.87304	-2.89355
18.2291	-6.87618	-2.89669
18.2391	-6.87932	-2.89983
18.2491	-6.88246	-2.90298
18.259	-6.88561	-2.90612
18.269	-6.88875	-2.90927
18.279	-6.8919	-2.91241
18.289	-6.89505	-2.91556
18.2989	-6.8982	-2.91871
18.3089	-6.90135	-2.92187
18.3189	-6.9045	-2.92502
18.3289	-6.90766	-2.92817
18.3389	-6.91081	-2.93133
18.3488	-6.91397	-2.93449
18.3588	-6.91713	-2.93765
18.3688	-6.92029	-2.94081
18.3788	-6.92345	-2.94397
18.3887	-6.92662	-2.94713
18.3987	-6.92978	-2.9503
18.4087	-6.93295	-2.95346
18.4187	-6.93611	-2.95663
18.4287	-6.93928	-2.9598
18.4386	-6.94245	-2.96297
18.4486	-6.94563	-2.96614
18.4586	-6.9488	-2.96931
18.4686	-6.95197	-2.97249
18.4785	-6.95515	-2.97567
18.4885	-6.95833	-2.97884
18.4985	-6.96151	-2.98202
18.5085	-6.96469	-2.9852
18.5185	-6.96787	-2.98838
18.5284	-6.97105	-2.99157
18.5384	-6.97424	-2.99475
18.5484	-6.97742	-2.99794
18.5584	-6.98061	-3.00113
18.5683	-6.9838	-3.00431
18.5783	-6.98699	-3.00751
18.5883	-6.99018	-3.0107
18.5983	-6.99337	-3.01389
18.6083	-6.99657	-3.01708
18.6182	-6.99976	-3.02028
18.6282	-7.00296	-3.02348
18.6382	-7.00616	-3.02668
18.6482	-7.00936	-3.02988
18.6581	-7.01256	-3.03308
18.6681	-7.01577	-3.03628
18.6781	-7.01897	-3.03949
18.6881	-7.02218	-3.04269
18.698	-7.02538	-3.0459
18.708	-7.02859	-3.04911
18.718	-7.0318	-3.05232
18.728	-7.03501	-3.05553
18.738	-7.03823	-3.05874
18.7479	-7.04144	-3.06196
18.7579	-7.04466	-3.06517
18.7679	-7.04787	-3.06839
18.7779	-7.05109	-3.07161
18.7878	-7.05431	-3.07483
18.7978	-7.05753	-3.07805
18.8078	-7.06076	-3.08127
18.8178	-7.06398	-3.0845
18.8278	-7.0672	-3.08772
18.8377	-7.07043	-3.09095
18.8477	-7.07366	-3.09418
18.8577	-7.07689	-3.09741
18.8677	-7.08012	-3.10064
18.8776	-7.08335	-3.10387
18.8876	-7.08659	-3.1071
18.8976	-7.08982	-3.11034
18.9076	-7.09306	-3.11357
18.9176	-7.0963	-3.11681
18.9275	-7.09954	-3.12005
18.9375	-7.10278	-3.12329
18.9475	-7.10602	-3.12653
18.9575	-7.10926	-3.12978
18.9674	-7.11251	-3.13302
18.9774	-7.11575	-3.13627
18.9874	-7.119	-3.13952
18.9974	-7.12225	-3.14276
19.0074	-7.1255	-3.14601
19.0173	-7.12875	-3.14927
19.0273	-7.132	-3.15252
19.0373	-7.13526	-3.15577
19.0473	-7.13851	-3.15903
19.0572	-7.14177	-3.16229
19.0672	-7.14503	-3.16555
19.0772	-7.14829	-3.16881
19.0872	-7.15155	-3.17207
19.0971	-7.15481	-3.17533
19.1071	-7.15808	-3.17859
19.1171	-7.16134	-3.18186
19.1271	-7.16461	-3.18512
19.1371	-7.16788	-3.18839
19.147	-7.17115	-3.19166
19.157	-7.17442	-3.19493
19.167	-7.17769	-3.19821
19.177	-7.18096	-3.20148
19.1869	-7.18424	-3.20475
19.1969	-7.18751	-3.20803
19.2069	-7.19079	-3.21131
19.2169	-7.19407	-3.21459
19.2269	-7.19735	-3.21787
19.2368	-7.20063	-3.22115
19.2468	-7.20392	-3.22443
19.2568	-7.2072	-3.22772
19.2668	-7.21049	-3.231
19.2767	-7.21377	-3.23429
19.2867	-7.21706	-3.23758
19.2967	-7.22035	-3.24087
19.3067	-7.22364	-3.24416
19.3167	-7.22693	-3.24745
19.3266	-7.23023	-3.25074
19.3366	-7.23352	-3.25404
19.3466	-7.23682	-3.25734
19.3566	-7.24012	-3.26063
19.3665	-7.24342	-3.26393
19.3765	-7.24672	-3.26723
19.3865	-7.25002	-3.27054
19.3965	-7.25332	-3.27384
19.4065	-7.25663	-3.27714
19.4164	-7.25993	-3.28045
19.4264	-7.26324	-3.28376
19.4364	-7.26655	-3.28706
19.4464	-7.26986	-3.29037
19.4563	-7.27317	-3.29369
19.4663	-7.27648	-3.297
19.4763	-7.2798	-3.30031
19.4863	-7.28311	-3.30363
19.4962	-7.28643	-3.30694
19.5062	-7.28975	-3.31026
19.5162	-7.29307	-3.31358
19.5262	-7.29639	-3.3169
19.5362	-7.29971	-3.32022
19.5461	-7.30303	-3.32355
19.5561	-7.30636	-3.32687
19.5661	-7.30968	-3.3302
19.5761	-7.31301	-3.33352
19.586	-7.31634	-3.33685
19.596	-7.31967	-3.34018
19.606	-7.323	-3.34351
19.616	-7.32633	-3.34685
19.626	-7.32966	-3.35018
19.6359	-7.333	-3.35351
19.6459	-7.33633	-3.35685
19.6559	-7.33967	-3.36019
19.6659	-7.34301	-3.36353
19.6758	-7.34635	-3.36687
19.6858	-7.34969	-3.37021
19.6958	-7.35304	-3.37355
19.7058	-7.35638	-3.3769
19.7158	-7.35973	-3.38024
19.7257	-7.36307	-3.38359
19.7357	-7.36642	-3.38694
19.7457	-7.36977	-3.39029
19.7557	-7.37312	-3.39364
19.7656	-7.37647	-3.39699
19.7756	-7.37983	-3.40034
19.7856	-7.38318	-3.4037
19.7956	-7.38654	-3.40705
19.8056	-7.38989	-3.41041
19.8155	-7.39325	-3.41377
19.8255	-7.39661	-3.41713
19.8355	-7.39997	-3.42049
19.8455	-7.40334	-3.42385
19.8554	-7.4067	-3.42722
19.8654	-7.41007	-3.43058
19.8754	-7.41343	-3.43395
19.8854	-7.4168	-3.43731
19.8953	-7.42017	-3.44068
19.9053	-7.42354	-3.44405
19.9153	-7.42691	-3.44743
19.9253	-7.43028	-3.4508
19.9353	-7.43366	-3.45417
19.9452	-7.43703	-3.45755
19.9552	-7.44041	-3.46092
19.9652	-7.44379	-3.4643
19.9752	-7.44717	-3.46768
19.9851	-7.45055	-3.47106
19.9951	-7.45393	-3.47444
20.0051	-7.45731	-3.47783
20.0151	-7.46069	-3.48121
20.0251	-7.46408	-3.4846
20.035	-7.46747	-3.48798
20.045	-7.47086	-3.49137
20.055	-7.47424	-3.49476
20.065	-7.47764	-3.49815
20.0749	-7.48103	-3.50154
20.0849	-7.48442	-3.50494
20.0949	-7.48782	-3.50833
20.1049	-7.49121	-3.51173
20.1149	-7.49461	-3.51512
20.1248	-7.49801	-3.51852
20.1348	-7.50141	-3.52192
20.1448	-7.50481	-3.52532
20.1548	-7.50821	-3.52872
20.1647	-7.51161	-3.53213
20.1747	-7.51502	-3.53553
20.1847	-7.51842	-3.53894
20.1947	-7.52183	-3.54235
20.2047	-7.52524	-3.54575
20.2146	-7.52865	-3.54916
20.2246	-7.53206	-3.55257
20.2346	-7.53547	-3.55599
20.2446	-7.53888	-3.5594
20.2545	-7.5423	-3.56281
20.2645	-7.54571	-3.56623
20.2745	-7.54913	-3.56965
20.2845	-7.55255	-3.57307
20.2944	-7.55597	-3.57649
20.3044	-7.55939	-3.57991
20.3144	-7.56281	-3.58333
20.3244	-7.56624	-3.58675
20.3344	-7.56966	-3.59018
20.3443	-7.57309	-3.5936
20.3543	-7.57651	-3.59703
20.3643	-7.57994	-3.60046
20.3743	-7.58337	-3.60389
20.3842	-7.5868	-3.60732
20.3942	-7.59024	-3.61075
20.4042	-7.59367	-3.61418
20.4142	-7.5971	-3.61762
20.4242	-7.60054	-3.62106
20.4341	-7.60398	-3.62449
20.4441	-7.60741	-3.62793
20.4541	-7.61085	-3.63137
20.4641	-7.6143	-3.63481
20.474	-7.61774	-3.63825
20.484	-7.62118	-3.6417
20.494	-7.62463	-3.64514
20.504	-7.62807	-3.64859
20.514	-7.63152	-3.65203
20.5239	-7.63497	-3.65548
20.5339	-7.63842	-3.65893
20.5439	-7.64187	-3.66238
20.5539	-7.64532	-3.66583
20.5638	-7.64877	-3.66929
20.5738	-7.65223	-3.67274
20.5838	-7.65568	-3.6762
20.5938	-7.65914	-3.67965
20.6038	-7.6626	-3.68311
20.6137	-7.66605	-3.68657
20.6237	-7.66952	-3.69003
20.6337	-7.67298	-3.69349
20.6437	-7.67644	-3.69696
20.6536	-7.6799	-3.70042
20.6636	-7.68337	-3.70388
20.6736	-7.68684	-3.70735
20.6836	-7.6903	-3.71082
20.6935	-7.69377	-3.71429
20.7035	-7.69724	-3.71776
20.7135	-7.70071	-3.72123
20.7235	-7.70419	-3.7247
20.7335	-7.70766	-3.72818
20.7434	-7.71113	-3.73165
20.7534	-7.71461	-3.73513
20.7634	-7.71809	-3.7386
20.7734	-7.72157	-3.74208
20.7833	-7.72505	-3.74556
20.7933	-7.72853	-3.74904
20.8033	-7.73201	-3.75253
20.8133	-7.73549	-3.75601
20.8233	-7.73898	-3.75949
20.8332	-7.74246	-3.76298
20.8432	-7.74595	-3.76647
20.8532	-7.74944	-3.76995
20.8632	-7.75293	-3.77344
20.8731	-7.75642	-3.77693
20.8831	-7.75991	-3.78043
20.8931	-7.7634	-3.78392
20.9031	-7.7669	-3.78741
20.9131	-7.77039	-3.79091
20.923	-7.77389	-3.7944
20.933	-7.77739	-3.7979
20.943	-7.78088	-3.8014
20.953	-7.78438	-3.8049
20.9629	-7.78789	-3.8084
20.9729	-7.79139	-3.8119
20.9829	-7.79489	-3.81541
20.9929	-7.7984	-3.81891
21.0029	-7.8019	-3.82242
21.0128	-7.80541	-3.82593
21.0228	-7.80892	-3.82943
21.0328	-7.81243	-3.83294
21.0428	-7.81594	-3.83645
21.0527	-7.81945	-3.83997
21.0627	-7.82296	-3.84348
21.0727	-7.82648	-3.84699
21.0827	-7.82999	-3.85051
21.0926	-7.83351	-3.85402
21.1026	-7.83703	-3.85754
21.1126	-7.84055	-3.86106
21.1226	-7.84407	-3.86458
21.1326	-7.84759	-3.8681
21.1425	-7.85111	-3.87162
21.1525	-7.85463	-3.87515
21.1625	-7.85816	-3.87867
21.1725	-7.86168	-3.8822
21.1824	-7.86521	-3.88573
21.1924	-7.86874	-3.88925
21.2024	-7.87227	-3.89278
21.2124	-7.8758	-3.89631
21.2224	-7.87933	-3.89985
21.2323	-7.88286	-3.90338
21.2423	-7.8864	-3.90691
21.2523	-7.88993	-3.91045
21.2623	-7.89347	-3.91398
21.2722	-7.897	-3.91752
21.2822	-7.90054	-3.92106
21.2922	-7.90408	-3.9246
21.3022	-7.90762	-3.92814
21.3122	-7.91117	-3.93168
21.3221	-7.91471	-3.93522
21.3321	-7.91825	-3.93877
21.3421	-7.9218	-3.94231
21.3521	-7.92535	-3.94586
21.362	-7.92889	-3.94941
21.372	-7.93244	-3.95296
21.382	-7.93599	-3.95651
21.392	-7.93954	-3.96006
21.402	-7.94309	-3.96361
21.4119	-7.94665	-3.96716
21.4219	-7.9502	-3.97072
21.4319	-7.95376	-3.97427
21.4419	-7.95732	-3.97783
21.4518	-7.96087	-3.98139
21.4618	-7.96443	-3.98495
21.4718	-7.96799	-3.98851
21.4818	-7.97155	-3.99207
21.4917	-7.97512	-3.99563
21.5017	-7.97868	-3.9992
21.5117	-7.98224	-4.00276
21.5217	-7.98581	-4.00633
21.5317	-7.98938	-4.00989
21.5416	-7.99295	-4.01346
21.5516	-7.99651	-4.01703
21.5616	-8.00008	-4.0206
21.5716	-8.00366	-4.02417
21.5815	-8.00723	-4.02774
21.5915	-8.0108	-4.03132
21.6015	-8.01438	-4.03489
21.6115	-8.01795	-4.03847
21.6215	-8.02153	-4.04205
21.6314	-8.02511	-4.04562
21.6414	-8.02869	-4.0492
21.6514	-8.03227	-4.05278
21.6614	-8.03585	-4.05637
21.6713	-8.03943	-4.05995
21.6813	-8.04302	-4.06353
21.6913	-8.0466	-4.06712
21.7013	-8.05019	-4.0707
21.7113	-8.05377	-4.07429
21.7212	-8.05736	-4.07788
21.7312	-8.06095	-4.08147
21.7412	-8.06454	-4.08506
21.7512	-8.06813	-4.08865
21.7611	-8.07173	-4.09224
21.7711	-8.07532	-4.09583
21.7811	-8.07891	-4.09943
21.7911	-8.08251	-4.10303
21.8011	-8.08611	-4.10662
21.811	-8.0897	-4.11022
21.821	-8.0933	-4.11382
21.831	-8.0969	-4.11742
21.841	-8.10051	-4.12102
21.8509	-8.10411	-4.12462
21.8609	-8.10771	-4.12823
21.8709	-8.11132	-4.13183
21.8809	-8.11492	-4.13544
21.8908	-8.11853	-4.13904
21.9008	-8.12214	-4.14265
21.9108	-8.12574	-4.14626
21.9208	-8.12936	-4.14987
21.9308	-8.13297	-4.15348
21.9407	-8.13658	-4.15709
21.9507	-8.14019	-4.16071
21.9607	-8.14381	-4.16432
21.9707	-8.14742	-4.16794
21.9806	-8.15104	-4.17155
21.9906	-8.15466	-4.17517
22.0006	-8.15827	-4.17879
22.0106	-8.16189	-4.18241
22.0206	-8.16551	-4.18603
22.0305	-8.16914	-4.18965
22.0405	-8.17276	-4.19328
22.0505	-8.17638	-4.1969
22.0605	-8.18001	-4.20052
22.0704	-8.18363	-4.20415
22.0804	-8.18726	-4.20778
22.0904	-8.19089	-4.21141
22.1004	-8.19452	-4.21504
22.1104	-8.19815	-4.21867
22.1203	-8.20178	-4.2223
22.1303	-8.20541	-4.22593
22.1403	-8.20905	-4.22956
22.1503	-8.21268	-4.2332
22.1602	-8.21632	-4.23683
22.1702	-8.21995	-4.24047
22.1802	-8.22359	-4.24411
22.1902	-8.22723	-4.24775
22.2002	-8.23087	-4.25139
22.2101	-8.23451	-4.25503
22.2201	-8.23815	-4.25867
22.2301	-8.2418	-4.26231
22.2401	-8.24544	-4.26596
22.25	-8.24909	-4.2696
22.26	-8.25273	-4.27325
22.27	-8.25638	-4.2769
22.28	-8.26003	-4.28054
22.2899	-8.26368	-4.28419
22.2999	-8.26733	-4.28784
22.3099	-8.27098	-4.2915
22.3199	-8.27463	-4.29515
22.3299	-8.27829	-4.2988
22.3398	-8.28194	-4.30246
22.3498	-8.2856	-4.30611
22.3598	-8.28925	-4.30977
22.3698	-8.29291	-4.31343
22.3797	-8.29657	-4.31709
22.3897	-8.30023	-4.32075
22.3997	-8.30389	-4.32441
22.4097	-8.30755	-4.32807
22.4197	-8.31122	-4.33173
22.4296	-8.31488	-4.3354
22.4396	-8.31854	-4.33906
22.4496	-8.32221	-4.34273
22.4596	-8.32588	-4.34639
22.4695	-8.32955	-4.35006
22.4795	-8.33321	-4.35373
22.4895	-8.33689	-4.3574
22.4995	-8.34056	-4.36107
22.5095	-8.34423	-4.36474
22.5194	-8.3479	-4.36842
22.5294	-8.35158	-4.37209
22.5394	-8.35525	-4.37577
22.5494	-8.35893	-4.37944
22.5593	-8.3626	-4.38312
22.5693	-8.36628	-4.3868
22.5793	-8.36996	-4.39048
22.5893	-8.37364	-4.39416
22.5992	-8.37732	-4.39784
22.6092	-8.38101	-4.40152
22.6192	-8.38469	-4.40521
22.6292	-8.38837	-4.40889
22.6392	-8.39206	-4.41257
22.6491	-8.39575	-4.41626
22.6591	-8.39943	-4.41995
22.6691	-8.40312	-4.42364
22.6791	-8.40681	-4.42733
22.689	-8.4105	-4.43102
22.699	-8.41419	-4.43471
22.709	-8.41788	-4.4384
22.719	-8.42158	-4.44209
22.729	-8.42527	-4.44579
22.7389	-8.42897	-4.44948
22.7489	-8.43266	-4.45318
22.7589	-8.43636	-4.45688
22.7689	-8.44006	-4.46058
22.7788	-8.44376	-4.46428
22.7888	-8.44746	-4.46798
22.7988	-8.45116	-4.47168
22.8088	-8.45486	-4.47538
22.8188	-8.45857	-4.47908
22.8287	-8.46227	-4.48279
22.8387	-8.46598	-4.48649
22.8487	-8.46968	-4.4902
22.8587	-8.47339	-4.49391
22.8686	-8.4771	-4.49761
22.8786	-8.48081	-4.50132
22.8886	-8.48452	-4.50503
22.8986	-8.48823	-4.50875
22.9086	-8.49194	-4.51246
22.9185	-8.49566	-4.51617
22.9285	-8.49937	-4.51989
22.9385	-8.50308	-4.5236
22.9485	-8.5068	-4.52732
22.9584	-8.51052	-4.53103
22.9684	-8.51424	-4.53475
22.9784	-8.51796	-4.53847
22.9884	-8.52168	-4.54219
22.9983	-8.5254	-4.54591
23.0083	-8.52912	-4.54963
23.0183	-8.53284	-4.55336
23.0283	-8.53657	-4.55708
23.0383	-8.54029	-4.56081
23.0482	-8.54402	-4.56453
23.0582	-8.54774	-4.56826
23.0682	-8.55147	-4.57199
23.0782	-8.5552	-4.57572
23.0881	-8.55893	-4.57945
23.0981	-8.56266	-4.58318
23.1081	-8.56639	-4.58691
23.1181	-8.57012	-4.59064
23.1281	-8.57386	-4.59437
23.138	-8.57759	-4.59811
23.148	-8.58133	-4.60184
23.158	-8.58506	-4.60558
23.168	-8.5888	-4.60932
23.1779	-8.59254	-4.61306
23.1879	-8.59628	-4.6168
23.1979	-8.60002	-4.62054
23.2079	-8.60376	-4.62428
23.2179	-8.6075	-4.62802
23.2278	-8.61125	-4.63176
23.2378	-8.61499	-4.63551
23.2478	-8.61874	-4.63925
23.2578	-8.62248	-4.643
23.2677	-8.62623	-4.64674
23.2777	-8.62998	-4.65049
23.2877	-8.63372	-4.65424
23.2977	-8.63747	-4.65799
23.3077	-8.64123	-4.66174
23.3176	-8.64498	-4.66549
23.3276	-8.64873	-4.66925
23.3376	-8.65248	-4.673
23.3476	-8.65624	-4.67675
23.3575	-8.65999	-4.68051
23.3675	-8.66375	-4.68426
23.3775	-8.66751	-4.68802
23.3875	-8.67126	-4.69178
23.3974	-8.67502	-4.69554
23.4074	-8.67878	-4.6993
23.4174	-8.68254	-4.70306
23.4274	-8.68631	-4.70682
23.4374	-8.69007	-4.71058
23.4473	-8.69383	-4.71435
23.4573	-8.6976	-4.71811
23.4673	-8.70136	-4.72188
23.4773	-8.70513	-4.72565
23.4872	-8.7089	-4.72941
23.4972	-8.71267	-4.73318
23.5072	-8.71643	-4.73695
23.5172	-8.7202	-4.74072
23.5272	-8.72398	-4.74449
23.5371	-8.72775	-4.74826
23.5471	-8.73152	-4.75204
23.5571	-8.73529	-4.75581
23.5671	-8.73907	-4.75958
23.577	-8.74284	-4.76336
23.587	-8.74662	-4.76714
23.597	-8.7504	-4.77091
23.607	-8.75418	-4.77469
23.617	-8.75796	-4.77847
23.6269	-8.76174	-4.78225
23.6369	-8.76552	-4.78603
23.6469	-8.7693	-4.78982
23.6569	-8.77308	-4.7936
23.6668	-8.77687	-4.79738
23.6768	-8.78065	-4.80117
23.6868	-8.78444	-4.80495
23.6968	-8.78822	-4.80874
23.7068	-8.79201	-4.81253
23.7167	-8.7958	-4.81631
23.7267	-8.79959	-4.8201
23.7367	-8.80338	-4.82389
23.7467	-8.80717	-4.82769
23.7566	-8.81096	-4.83148
23.7666	-8.81475	-4.83527
23.7766	-8.81855	-4.83906
23.7866	-8.82234	-4.84286
23.7965	-8.82614	-4.84665
23.8065	-8.82993	-4.85045
23.8165	-8.83373	-4.85425
23.8265	-8.83753	-4.85805
23.8365	-8.84133	-4.86184
23.8464	-8.84513	-4.86564
23.8564	-8.84893	-4.86945
23.8664	-8.85273	-4.87325
23.8764	-8.85653	-4.87705
23.8863	-8.86034	-4.88085
23.8963	-8.86414	-4.88466
23.9063	-8.86795	-4.88846
23.9163	-8.87175	-4.89227
23.9263	-8.87556	-4.89608
23.9362	-8.87937	-4.89988
23.9462	-8.88318	-4.90369
23.9562	-8.88699	-4.9075
23.9662	-8.8908	-4.91131
23.9761	-8.89461	-4.91512
23.9861	-8.89842	-4.91894
23.9961	-8.90223	-4.92275
24.0061	-8.90605	-4.92656
24.0161	-8.90986	-4.93038
24.026	-8.91368	-4.93419
24.036	-8.91749	-4.93801
24.046	-8.92131	-4.94183
24.056	-8.92513	-4.94564
24.0659	-8.92895	-4.94946
24.0759	-8.93277	-4.95328
24.0859	-8.93659	-4.9571
24.0959	-8.94041	-4.96093
24.1059	-8.94423	-4.96475
24.1158	-8.94806	-4.96857
24.1258	-8.95188	-4.9724
24.1358	-8.95571	-4.97622
24.1458	-8.95953	-4.98005
24.1557	-8.96336	-4.98387
24.1657	-8.96719	-4.9877
24.1757	-8.97102	-4.99153
24.1857	-8.97484	-4.99536
24.1956	-8.97867	-4.99919
24.2056	-8.98251	-5.00302
24.2156	-8.98634	-5.00685
24.2256	-8.99017	-5.01069
24.2356	-8.994	-5.01452
24.2455	-8.99784	-5.01835
24.2555	-9.00167	-5.02219
24.2655	-9.00551	-5.02603
24.2755	-9.00935	-5.02986
24.2854	-9.01318	-5.0337
24.2954	-9.01702	-5.03754
24.3054	-9.02086	-5.04138
24.3154	-9.0247	-5.04522
24.3254	-9.02854	-5.04906
24.3353	-9.03239	-5.0529
24.3453	-9.03623	-5.05674
24.3553	-9.04007	-5.06059
24.3653	-9.04392	-5.06443
24.3752	-9.04776	-5.06828
24.3852	-9.05161	-5.07212
24.3952	-9.05546	-5.07597
24.4052	-9.0593	-5.07982
24.4152	-9.06315	-5.08367
24.4251	-9.067	-5.08752
24.4351	-9.07085	-5.09137
24.4451	-9.0747	-5.09522
24.4551	-9.07855	-5.09907
24.465	-9.08241	-5.10292
24.475	-9.08626	-5.10678
24.485	-9.09012	-5.11063
24.495	-9.09397	-5.11449
24.505	-9.09783	-5.11834
24.5149	-9.10168	-5.1222
24.5249	-9.10554	-5.12606
24.5349	-9.1094	-5.12992
24.5449	-9.11326	-5.13377
24.5548	-9.11712	-5.13763
24.5648	-9.12098	-5.1415
24.5748	-9.12484	-5.14536
24.5848	-9.1287	-5.14922
24.5947	-9.13257	-5.15308
24.6047	-9.13643	-5.15695
24.6147	-9.1403	-5.16081
24.6247	-9.14416	-5.16468
24.6347	-9.14803	-5.16854
24.6446	-9.1519	-5.17241
24.6546	-9.15576	-5.17628
24.6646	-9.15963	-5.18015
24.6746	-9.1635	-5.18402
24.6845	-9.16737	-5.18789
24.6945	-9.17125	-5.19176
24.7045	-9.17512	-5.19563
24.7145	-9.17899	-5.19951
24.7245	-9.18286	-5.20338
24.7344	-9.18674	-5.20725
24.7444	-9.19061	-5.21113
24.7544	-9.19449	-5.21501
24.7644	-9.19837	-5.21888
24.7743	-9.20224	-5.22276
24.7843	-9.20612	-5.22664
24.7943	-9.21	-5.23052
24.8043	-9.21388	-5.2344
24.8143	-9.21776	-5.23828
24.8242	-9.22165	-5.24216
24.8342	-9.22553	-5.24604
24.8442	-9.22941	-5.24993
24.8542	-9.23329	-5.25381
24.8641	-9.23718	-5.2577
24.8741	-9.24107	-5.26158
24.8841	-9.24495	-5.26547
24.8941	-9.24884	-5.26935
24.9041	-9.25273	-5.27324
24.914	-9.25662	-5.27713
24.924	-9.2605	-5.28102
24.934	-9.26439	-5.28491
24.944	-9.26829	-5.2888
24.9539	-9.27218	-5.29269
24.9639	-9.27607	-5.29659
24.9739	-9.27996	-5.30048
24.9839	-9.28386	-5.30437
24.9938	-9.28775	-5.30827
25.0038	-9.29165	-5.31216
25.0138	-9.29554	-5.31606
25.0238	-9.29944	-5.31996
25.0338	-9.30334	-5.32385
25.0437	-9.30724	-5.32775
25.0537	-9.31114	-5.33165
25.0637	-9.31504	-5.33555
25.0737	-9.31894	-5.33945
25.0836	-9.32284	-5.34336
25.0936	-9.32674	-5.34726
25.1036	-9.33065	-5.35116
25.1136	-9.33455	-5.35507
25.1236	-9.33845	-5.35897
25.1335	-9.34236	-5.36288
25.1435	-9.34627	-5.36678
25.1535	-9.35017	-5.37069
25.1635	-9.35408	-5.3746
25.1734	-9.35799	-5.37851
25.1834	-9.3619	-5.38241
25.1934	-9.36581	-5.38632
25.2034	-9.36972	-5.39024
25.2134	-9.37363	-5.39415
25.2233	-9.37754	-5.39806
25.2333	-9.38146	-5.40197
25.2433	-9.38537	-5.40589
25.2533	-9.38928	-5.4098
25.2632	-9.3932	-5.41372
25.2732	-9.39712	-5.41763
25.2832	-9.40103	-5.42155
25.2932	-9.40495	-5.42547
25.3032	-9.40887	-5.42938
25.3131	-9.41279	-5.4333
25.3231	-9.41671	-5.43722
25.3331	-9.42063	-5.44114
25.3431	-9.42455	-5.44506
25.353	-9.42847	-5.44899
25.363	-9.43239	-5.45291
25.373	-9.43632	-5.45683
25.383	-9.44024	-5.46076
25.3929	-9.44416	-5.46468
25.4029	-9.44809	-5.46861
25.4129	-9.45202	-5.47253
25.4229	-9.45594	-5.47646
25.4329	-9.45987	-5.48039
25.4428	-9.4638	-5.48431
25.4528	-9.46773	-5.48824
25.4628	-9.47166	-5.49217
25.4728	-9.47559	-5.4961
25.4827	-9.47952	-5.50004
25.4927	-9.48345	-5.50397
25.5027	-9.48738	-5.5079
25.5127	-9.49132	-5.51183
25.5227	-9.49525	-5.51577
25.5326	-9.49919	-5.5197
25.5426	-9.50312	-5.52364
25.5526	-9.50706	-5.52757
25.5626	-9.511	-5.53151
25.5725	-9.51493	-5.53545
25.5825	-9.51887	-5.53939
25.5925	-9.52281	-5.54333
25.6025	-9.52675	-5.54727
25.6125	-9.53069	-5.55121
25.6224	-9.53463	-5.55515
25.6324	-9.53857	-5.55909
25.6424	-9.54252	-5.56303
25.6524	-9.54646	-5.56698
25.6623	-9.5504	-5.57092
25.6723	-9.55435	-5.57486
25.6823	-9.55829	-5.57881
25.6923	-9.56224	-5.58276
25.7023	-9.56619	-5.5867
25.7122	-9.57013	-5.59065
25.7222	-9.57408	-5.5946
25.7322	-9.57803	-5.59855
25.7422	-9.58198	-5.6025
25.7521	-9.58593	-5.60645
25.7621	-9.58988	-5.6104
25.7721	-9.59383	-5.61435
25.7821	-9.59779	-5.6183
25.792	-9.60174	-5.62226
25.802	-9.60569	-5.62621
25.812	-9.60965	-5.63016
25.822	-9.6136	-5.63412
25.832	-9.61756	-5.63807
25.8419	-9.62152	-5.64203
25.8519	-9.62547	-5.64599
25.8619	-9.62943	-5.64995
25.8719	-9.63339	-5.6539
25.8818	-9.63735	-5.65786
25.8918	-9.64131	-5.66182
25.9018	-9.64527	-5.66578
25.9118	-9.64923	-5.66975
25.9218	-9.65319	-5.67371
25.9317	-9.65715	-5.67767
25.9417	-9.66112	-5.68163
25.9517	-9.66508	-5.6856
25.9617	-9.66905	-5.68956
25.9716	-9.67301	-5.69353
25.9816	-9.67698	-5.69749
25.9916	-9.68094	-5.70146
26.0016	-9.68491	-5.70543
26.0116	-9.68888	-5.7094
26.0215	-9.69285	-5.71336
26.0315	-9.69682	-5.71733
26.0415	-9.70079	-5.7213
26.0515	-9.70476	-5.72527
26.0614	-9.70873	-5.72925
26.0714	-9.7127	-5.73322
26.0814	-9.71667	-5.73719
26.0914	-9.72065	-5.74116
26.1014	-9.72462	-5.74514
26.1113	-9.7286	-5.74911
26.1213	-9.73257	-5.75309
26.1313	-9.73655	-5.75706
26.1413	-9.74052	-5.76104
26.1512	-9.7445	-5.76502
26.1612	-9.74848	-5.76899
26.1712	-9.75246	-5.77297
26.1812	-9.75644	-5.77695
26.1911	-9.76042	-5.78093
26.2011	-9.7644	-5.78491
26.2111	-9.76838	-5.78889
26.2211	-9.77236	-5.79288
26.2311	-9.77634	-5.79686
26.241	-9.78033	-5.80084
26.251	-9.78431	-5.80483
26.261	-9.78829	-5.80881
26.271	-9.79228	-5.81279
26.2809	-9.79626	-5.81678
26.2909	-9.80025	-5.82077
26.3009	-9.80424	-5.82475
26.3109	-9.80823	-5.82874
26.3209	-9.81221	-5.83273
26.3308	-9.8162	-5.83672
26.3408	-9.82019	-5.84071
26.3508	-9.82418	-5.8447
26.3608	-9.82817	-5.84869
26.3707	-9.83216	-5.85268
26.3807	-9.83616	-5.85667
26.3907	-9.84015	-5.86066
26.4007	-9.84414	-5.86466
26.4107	-9.84814	-5.86865
26.4206	-9.85213	-5.87265
26.4306	-9.85613	-5.87664
26.4406	-9.86012	-5.88064
26.4506	-9.86412	-5.88463
26.4605	-9.86812	-5.88863
26.4705	-9.87211	-5.89263
26.4805	-9.87611	-5.89663
26.4905	-9.88011	-5.90063
26.5005	-9.88411	-5.90463
26.5104	-9.88811	-5.90863
26.5204	-9.89211	-5.91263
26.5304	-9.89611	-5.91663
26.5404	-9.90011	-5.92063
26.5503	-9.90412	-5.92463
26.5603	-9.90812	-5.92864
26.5703	-9.91212	-5.93264
26.5803	-9.91613	-5.93664
26.5902	-9.92013	-5.94065
26.6002	-9.92414	-5.94465
26.6102	-9.92815	-5.94866
26.6202	-9.93215	-5.95267
26.6302	-9.93616	-5.95668
26.6401	-9.94017	-5.96068
26.6501	-9.94418	-5.96469
26.6601	-9.94819	-5.9687
26.6701	-9.9522	-5.97271
26.68	-9.95621	-5.97672
26.69	-9.96022	-5.98073
26.7	-9.96423	-5.98475
26.71	-9.96824	-5.98876
26.72	-9.97226	-5.99277
26.7299	-9.97627	-5.99678
26.7399	-9.98028	-6.0008
26.7499	-9.9843	-6.00481
26.7599	-9.98831	-6.00883
26.7698	-9.99233	-6.01284
26.7798	-9.99635	-6.01686
26.7898	-10.0004	-6.02088
26.7998	-10.0044	-6.0249
26.8098	-10.0084	-6.02891
26.8197	-10.0124	-6.03293
26.8297	-10.0164	-6.03695
26.8397	-10.0205	-6.04097
26.8497	-10.0245	-6.04499
26.8596	-10.0285	-6.04902
26.8696	-10.0325	-6.05304
26.8796	-10.0365	-6.05706
26.8896	-10.0406	-6.06108
26.8995	-10.0446	-6.06511
26.9095	-10.0486	-6.06913
26.9195	-10.0526	-6.07316
26.9295	-10.0567	-6.07718
26.9395	-10.0607	-6.08121
26.9494	-10.0647	-6.08523
26.9594	-10.0687	-6.08926
26.9694	-10.0728	-6.09329
26.9794	-10.0768	-6.09732
26.9893	-10.0808	-6.10135
26.9993	-10.0849	-6.10538
27.0093	-10.0889	-6.10941
27.0193	-10.0929	-6.11344
27.0293	-10.097	-6.11747
27.0392	-10.101	-6.1215
27.0492	-10.105	-6.12553
27.0592	-10.109	-6.12956
27.0692	-10.1131	-6.1336
27.0791	-10.1171	-6.13763
27.0891	-10.1212	-6.14167
27.0991	-10.1252	-6.1457
27.1091	-10.1292	-6.14974
27.1191	-10.1333	-6.15377
27.129	-10.1373	-6.15781
27.139	-10.1413	-6.16185
27.149	-10.1454	-6.16589
27.159	-10.1494	-6.16992
27.1689	-10.1534	-6.17396
27.1789	-10.1575	-6.178
27.1889	-10.1615	-6.18204
27.1989	-10.1656	-6.18608
27.2089	-10.1696	-6.19012
27.2188	-10.1737	-6.19417
27.2288	-10.1777	-6.19821
27.2388	-10.1817	-6.20225
27.2488	-10.1858	-6.2063
27.2587	-10.1898	-6.21034
27.2687	-10.1939	-6.21438
27.2787	-10.1979	-6.21843
27.2887	-10.202	-6.22248
27.2986	-10.206	-6.22652
27.3086	-10.2101	-6.23057
27.3186	-10.2141	-6.23462
27.3286	-10.2181	-6.23866
27.3386	-10.2222	-6.24271
27.3485	-10.2262	-6.24676
27.3585	-10.2303	-6.25081
27.3685	-10.2343	-6.25486
27.3785	-10.2384	-6.25891
27.3884	-10.2424	-6.26296
27.3984	-10.2465	-6.26701
27.4084	-10.2506	-6.27107
27.4184	-10.2546	-6.27512
27.4284	-10.2587	-6.27917
27.4383	-10.2627	-6.28323
27.4483	-10.2668	-6.28728
27.4583	-10.2708	-6.29134
27.4683	-10.2749	-6.29539
27.4782	-10.2789	-6.29945
27.4882	-10.283	-6.3035
27.4982	-10.287	-6.30756
27.5082	-10.2911	-6.31162
27.5182	-10.2952	-6.31568
27.5281	-10.2992	-6.31973
27.5381	-10.3033	-6.32379
27.5481	-10.3073	-6.32785
27.5581	-10.3114	-6.33191
27.568	-10.3155	-6.33597
27.578	-10.3195	-6.34004
27.588	-10.3236	-6.3441
27.598	-10.3276	-6.34816
27.608	-10.3317	-6.35222
27.6179	-10.3358	-6.35629
27.6279	-10.3398	-6.36035
27.6379	-10.3439	-6.36441
27.6479	-10.348	-6.36848
27.6578	-10.352	-6.37254
27.6678	-10.3561	-6.37661
27.6778	-10.3602	-6.38068
27.6878	-10.3642	-6.38474
27.6977	-10.3683	-6.38881
27.7077	-10.3724	-6.39288
27.7177	-10.3764	-6.39695
27.7277	-10.3805	-6.40102
27.7377	-10.3846	-6.40509
27.7476	-10.3886	-6.40916
27.7576	-10.3927	-6.41323
27.7676	-10.3968	-6.4173
27.7776	-10.4009	-6.42137
27.7875	-10.4049	-6.42544
27.7975	-10.409	-6.42951
27.8075	-10.4131	-6.43359
27.8175	-10.4171	-6.43766
27.8275	-10.4212	-6.44173
27.8374	-10.4253	-6.44581
27.8474	-10.4294	-6.44988
27.8574	-10.4334	-6.45396
27.8674	-10.4375	-6.45804
27.8773	-10.4416	-6.46211
27.8873	-10.4457	-6.46619
27.8973	-10.4498	-6.47027
27.9073	-10.4538	-6.47435
27.9173	-10.4579	-6.47842
27.9272	-10.462	-6.4825
27.9372	-10.4661	-6.48658
27.9472	-10.4701	-6.49066
27.9572	-10.4742	-6.49474
27.9671	-10.4783	-6.49882
27.9771	-10.4824	-6.5029
27.9871	-10.4865	-6.50699
27.9971	-10.4906	-6.51107
28.0071	-10.4946	-6.51515
28.017	-10.4987	-6.51924
28.027	-10.5028	-6.52332
28.037	-10.5069	-6.5274
28.047	-10.511	-6.53149
28.0569	-10.5151	-6.53557
28.0669	-10.5191	-6.53966
28.0769	-10.5232	-6.54375
28.0869	-10.5273	-6.54783
28.0968	-10.5314	-6.55192
28.1068	-10.5355	-6.55601
28.1168	-10.5396	-6.5601
28.1268	-10.5437	-6.56418
28.1368	-10.5478	-6.56827
28.1467	-10.5518	-6.57236
28.1567	-10.5559	-6.57645
28.1667	-10.56	-6.58054
28.1767	-10.5641	-6.58464
28.1866	-10.5682	-6.58873
28.1966	-10.5723	-6.59282
28.2066	-10.5764	-6.59691
28.2166	-10.5805	-6.601
28.2266	-10.5846	-6.6051
28.2365	-10.5887	-6.60919
28.2465	-10.5928	-6.61329
28.2565	-10.5969	-6.61738
28.2665	-10.601	-6.62148
28.2764	-10.6051	-6.62557
28.2864	-10.6092	-6.62967
28.2964	-10.6132	-6.63376
28.3064	-10.6173	-6.63786
28.3164	-10.6214	-6.64196
28.3263	-10.6255	-6.64606
28.3363	-10.6296	-6.65015
28.3463	-10.6337	-6.65425
28.3563	-10.6378	-6.65835
28.3662	-10.6419	-6.66245
28.3762	-10.646	-6.66655
28.3862	-10.6501	-6.67065
28.3962	-10.6542	-6.67476
28.4062	-10.6583	-6.67886
28.4161	-10.6624	-6.68296
28.4261	-10.6665	-6.68706
28.4361	-10.6706	-6.69116
28.4461	-10.6748	-6.69527
28.456	-10.6789	-6.69937
28.466	-10.683	-6.70348
28.476	-10.6871	-6.70758
28.486	-10.6912	-6.71169
28.4959	-10.6953	-6.71579
28.5059	-10.6994	-6.7199
28.5159	-10.7035	-6.724
28.5259	-10.7076	-6.72811
28.5359	-10.7117	-6.73222
28.5458	-10.7158	-6.73633
28.5558	-10.7199	-6.74043
28.5658	-10.724	-6.74454
28.5758	-10.7281	-6.74865
28.5857	-10.7322	-6.75276
28.5957	-10.7364	-6.75687
28.6057	-10.7405	-6.76098
28.6157	-10.7446	-6.76509
28.6257	-10.7487	-6.7692
28.6356	-10.7528	-6.77332
28.6456	-10.7569	-6.77743
28.6556	-10.761	-6.78154
28.6656	-10.7651	-6.78565
28.6755	-10.7693	-6.78977
28.6855	-10.7734	-6.79388
28.6955	-10.7775	-6.798
28.7055	-10.7816	-6.80211
28.7155	-10.7857	-6.80623
28.7254	-10.7898	-6.81034
28.7354	-10.7939	-6.81446
28.7454	-10.7981	-6.81857
28.7554	-10.8022	-6.82269
28.7653	-10.8063	-6.82681
28.7753	-10.8104	-6.83093
28.7853	-10.8145	-6.83504
28.7953	-10.8186	-6.83916
28.8053	-10.8228	-6.84328
28.8152	-10.8269	-6.8474
28.8252	-10.831	-6.85152
28.8352	-10.8351	-6.85564
28.8452	-10.8392	-6.85976
28.8551	-10.8434	-6.86388
28.8651	-10.8475	-6.868
28.8751	-10.8516	-6.87213
28.8851	-10.8557	-6.87625
28.895	-10.8599	-6.88037
28.905	-10.864	-6.88449
28.915	-10.8681	-6.88862
28.925	-10.8722	-6.89274
28.935	-10.8764	-6.89687
28.9449	-10.8805	-6.90099
28.9549	-10.8846	-6.90512
28.9649	-10.8887	-6.90924
28.9749	-10.8929	-6.91337
28.9848	-10.897	-6.91749
28.9948	-10.9011	-6.92162
29.0048	-10.9052	-6.92575
29.0148	-10.9094	-6.92988
29.0248	-10.9135	-6.934
29.0347	-10.9176	-6.93813
29.0447	-10.9217	-6.94226
29.0547	-10.9259	-6.94639
29.0647	-10.93	-6.95052
29.0746	-10.9341	-6.95465
29.0846	-10.9383	-6.95878
29.0946	-10.9424	-6.96291
29.1046	-10.9465	-6.96704
29.1146	-10.9507	-6.97117
29.1245	-10.9548	-6.9753
29.1345	-10.9589	-6.97944
29.1445	-10.9631	-6.98357
29.1545	-10.9672	-6.9877
29.1644	-10.9713	-6.99184
29.1744	-10.9755	-6.99597
29.1844	-10.9796	-7.0001
29.1944	-10.9837	-7.00424
29.2044	-10.9879	-7.00837
29.2143	-10.992	-7.01251
29.2243	-10.9961	-7.01665
29.2343	-11.0003	-7.02078
29.2443	-11.0044	-7.02492
29.2542	-11.0085	-7.02906
29.2642	-11.0127	-7.03319
29.2742	-11.0168	-7.03733
29.2842	-11.021	-7.04147
29.2941	-11.0251	-7.04561
29.3041	-11.0292	-7.04975
29.3141	-11.0334	-7.05388
29.3241	-11.0375	-7.05802
29.3341	-11.0416	-7.06216
29.344	-11.0458	-7.0663
29.354	-11.0499	-7.07045
29.364	-11.0541	-7.07459
29.374	-11.0582	-7.07873
29.3839	-11.0624	-7.08287
29.3939	-11.0665	-7.08701
29.4039	-11.0706	-7.09115
29.4139	-11.0748	-7.0953
29.4239	-11.0789	-7.09944
29.4338	-11.0831	-7.10358
29.4438	-11.0872	-7.10773
29.4538	-11.0914	-7.11187
29.4638	-11.0955	-7.11602
29.4737	-11.0996	-7.12016
29.4837	-11.1038	-7.12431
29.4937	-11.1079	-7.12845
29.5037	-11.1121	-7.1326
29.5137	-11.1162	-7.13675
29.5236	-11.1204	-7.14089
29.5336	-11.1245	-7.14504
29.5436	-11.1287	-7.14919
29.5536	-11.1328	-7.15334
29.5635	-11.137	-7.15749
29.5735	-11.1411	-7.16163
29.5835	-11.1453	-7.16578
29.5935	-11.1494	-7.16993
29.6035	-11.1536	-7.17408
29.6134	-11.1577	-7.17823
29.6234	-11.1619	-7.18238
29.6334	-11.166	-7.18653
29.6434	-11.1702	-7.19069
29.6533	-11.1743	-7.19484
29.6633	-11.1785	-7.19899
29.6733	-11.1826	-7.20314
29.6833	-11.1868	-7.20729
29.6932	-11.1909	-7.21145
29.7032	-11.1951	-7.2156
29.7132	-11.1992	-7.21975
29.7232	-11.2034	-7.22391
29.7332	-11.2075	-7.22806
29.7431	-11.2117	-7.23222
29.7531	-11.2159	-7.23637
29.7631	-11.22	-7.24053
29.7731	-11.2242	-7.24468
29.783	-11.2283	-7.24884
29.793	-11.2325	-7.253
29.803	-11.2366	-7.25715
29.813	-11.2408	-7.26131
29.823	-11.245	-7.26547
29.8329	-11.2491	-7.26962
29.8429	-11.2533	-7.27378
29.8529	-11.2574	-7.27794
29.8629	-11.2616	-7.2821
29.8728	-11.2657	-7.28626
29.8828	-11.2699	-7.29042
29.8928	-11.2741	-7.29458
29.9028	-11.2782	-7.29874
29.9128	-11.2824	-7.3029
29.9227	-11.2865	-7.30706
29.9327	-11.2907	-7.31122
29.9427	-11.2949	-7.31538
29.9527	-11.299	-7.31954
29.9626	-11.3032	-7.3237
29.9726	-11.3074	-7.32787
29.9826	-11.3115	-7.33203
29.9926	-11.3157	-7.33619
30.0026	-11.3198	-7.34036
30.0125	-11.324	-7.34452
30.0225	-11.3282	-7.34868
30.0325	-11.3323	-7.35285
30.0425	-11.3365	-7.35701
30.0524	-11.3407	-7.36118
30.0624	-11.3448	-7.36534
30.0724	-11.349	-7.36951
30.0824	-11.3532	-7.37367
30.0923	-11.3573	-7.37784
30.1023	-11.3615	-7.38201
30.1123	-11.3657	-7.38617
30.1223	-11.3698	-7.39034
30.1323	-11.374	-7.39451
30.1422	-11.3782	-7.39868
30.1522	-11.3823	-7.40284
30.1622	-11.3865	-7.40701
30.1722	-11.3907	-7.41118
30.1821	-11.3948	-7.41535
30.1921	-11.399	-7.41952
30.2021	-11.4032	-7.42369
30.2121	-11.4073	-7.42786
30.2221	-11.4115	-7.43203
30.232	-11.4157	-7.4362
30.242	-11.4199	-7.44037
30.252	-11.424	-7.44454
30.262	-11.4282	-7.44871
30.2719	-11.4324	-7.45289
30.2819	-11.4365	-7.45706
30.2919	-11.4407	-7.46123
30.3019	-11.4449	-7.4654
30.3119	-11.4491	-7.46958
30.3218	-11.4532	-7.47375
30.3318	-11.4574	-7.47792
30.3418	-11.4616	-7.4821
30.3518	-11.4658	-7.48627
30.3617	-11.4699	-7.49045
30.3717	-11.4741	-7.49462
30.3817	-11.4783	-7.4988
30.3917	-11.4825	-7.50297
30.4017	-11.4866	-7.50715
30.4116	-11.4908	-7.51132
30.4216	-11.495	-7.5155
30.4316	-11.4992	-7.51968
30.4416	-11.5033	-7.52385
30.4515	-11.5075	-7.52803
30.4615	-11.5117	-7.53221
30.4715	-11.5159	-7.53638
30.4815	-11.52	-7.54056
30.4914	-11.5242	-7.54474
30.5014	-11.5284	-7.54892
30.5114	-11.5326	-7.5531
30.5214	-11.5368	-7.55728
30.5314	-11.5409	-7.56146
30.5413	-11.5451	-7.56564
30.5513	-11.5493	-7.56982
30.5613	-11.5535	-7.574
30.5713	-11.5577	-7.57818
30.5812	-11.5618	-7.58236
30.5912	-11.566	-7.58654
30.6012	-11.5702	-7.59072
30.6112	-11.5744	-7.5949
30.6212	-11.5786	-7.59908
30.6311	-11.5828	-7.60327
30.6411	-11.5869	-7.60745
30.6511	-11.5911	-7.61163
30.6611	-11.5953	-7.61582
30.671	-11.5995	-7.62
30.681	-11.6037	-7.62418
30.691	-11.6079	-7.62837
30.701	-11.612	-7.63255
30.711	-11.6162	-7.63673
30.7209	-11.6204	-7.64092
30.7309	-11.6246	-7.6451
30.7409	-11.6288	-7.64929
30.7509	-11.633	-7.65347
30.7608	-11.6371	-7.65766
30.7708	-11.6413	-7.66185
30.7808	-11.6455	-7.66603
30.7908	-11.6497	-7.67022
30.8008	-11.6539	-7.67441
30.8107	-11.6581	-7.67859
30.8207	-11.6623	-7.68278
30.8307	-11.6665	-7.68697
30.8407	-11.6706	-7.69116
30.8506	-11.6748	-7.69534
30.8606	-11.679	-7.69953
30.8706	-11.6832	-7.70372
30.8806	-11.6874	-7.70791
30.8905	-11.6916	-7.7121
30.9005	-11.6958	-7.71629
30.9105	-11.7	-7.72048
30.9205	-11.7042	-7.72467
30.9305	-11.7083	-7.72886
30.9404	-11.7125	-7.73305
30.9504	-11.7167	-7.73724
30.9604	-11.7209	-7.74143
30.9704	-11.7251	-7.74562
30.9803	-11.7293	-7.74981
30.9903	-11.7335	-7.75401
31.0003	-11.7377	-7.7582
31.0103	-11.7419	-7.76239
31.0203	-11.7461	-7.76658
31.0302	-11.7503	-7.77078
31.0402	-11.7545	-7.77497
31.0502	-11.7586	-7.77916
31.0602	-11.7628	-7.78336
31.0701	-11.767	-7.78755
31.0801	-11.7712	-7.79174
31.0901	-11.7754	-7.79594
31.1001	-11.7796	-7.80013
31.1101	-11.7838	-7.80433
31.12	-11.788	-7.80852
31.13	-11.7922	-7.81272
31.14	-11.7964	-7.81691
31.15	-11.8006	-7.82111
31.1599	-11.8048	-7.8253
31.1699	-11.809	-7.8295
31.1799	-11.8132	-7.8337
31.1899	-11.8174	-7.83789
31.1998	-11.8216	-7.84209
31.2098	-11.8258	-7.84629
31.2198	-11.83	-7.85048
31.2298	-11.8342	-7.85468
31.2398	-11.8384	-7.85888
31.2497	-11.8426	-7.86308
31.2597	-11.8468	-7.86728
31.2697	-11.851	-7.87147
31.2797	-11.8552	-7.87567
31.2896	-11.8594	-7.87987
31.2996	-11.8636	-7.88407
31.3096	-11.8678	-7.88827
31.3196	-11.872	-7.89247
31.3296	-11.8762	-7.89667
31.3395	-11.8804	-7.90087
31.3495	-11.8846	-7.90507
31.3595	-11.8888	-7.90927
31.3695	-11.893	-7.91347
31.3794	-11.8972	-7.91767
31.3894	-11.9014	-7.92188
31.3994	-11.9056	-7.92608
31.4094	-11.9098	-7.93028
31.4194	-11.914	-7.93448
31.4293	-11.9182	-7.93868
31.4393	-11.9224	-7.94288
31.4493	-11.9266	-7.94709
31.4593	-11.9308	-7.95129
31.4692	-11.935	-7.95549
31.4792	-11.9392	-7.9597
31.4892	-11.9434	-7.9639
31.4992	-11.9476	-7.9681
31.5092	-11.9518	-7.97231
31.5191	-11.956	-7.97651
31.5291	-11.9602	-7.98072
31.5391	-11.9644	-7.98492
31.5491	-11.9686	-7.98913
31.559	-11.9728	-7.99333
31.569	-11.977	-7.99754
31.579	-11.9812	-8.00174
31.589	-11.9854	-8.00595
31.5989	-11.9896	-8.01015
31.6089	-11.9938	-8.01436
31.6189	-11.998	-8.01857
31.6289	-12.0023	-8.02277
31.6389	-12.0065	-8.02698
31.6488	-12.0107	-8.03119
31.6588	-12.0149	-8.03539
31.6688	-12.0191	-8.0396
31.6788	-12.0233	-8.04381
31.6887	-12.0275	-8.04801
31.6987	-12.0317	-8.05222
31.7087	-12.0359	-8.05643
31.7187	-12.0401	-8.06064
31.7287	-12.0443	-8.06485
31.7386	-12.0485	-8.06906
31.7486	-12.0527	-8.07327
31.7586	-12.057	-8.07747
31.7686	-12.0612	-8.08168
31.7785	-12.0654	-8.08589
31.7885	-12.0696	-8.0901
31.7985	-12.0738	-8.09431
31.8085	-12.078	-8.09852
31.8185	-12.0822	-8.10273
31.8284	-12.0864	-8.10694
31.8384	-12.0906	-8.11115
31.8484	-12.0948	-8.11537
31.8584	-12.0991	-8.11958
31.8683	-12.1033	-8.12379
31.8783	-12.1075	-8.128
31.8883	-12.1117	-8.13221
31.8983	-12.1159	-8.13642
31.9083	-12.1201	-8.14064
31.9182	-12.1243	-8.14485
31.9282	-12.1285	-8.14906
31.9382	-12.1328	-8.15327
31.9482	-12.137	-8.15749
31.9581	-12.1412	-8.1617
31.9681	-12.1454	-8.16591
31.9781	-12.1496	-8.17012
31.9881	-12.1538	-8.17434
31.998	-12.158	-8.17855
32.008	-12.1623	-8.18277
32.018	-12.1665	-8.18698
32.028	-12.1707	-8.19119
32.038	-12.1749	-8.19541
32.0479	-12.1791	-8.19962
32.0579	-12.1833	-8.20384
32.0679	-12.1875	-8.20805
32.0779	-12.1918	-8.21227
32.0878	-12.196	-8.21648
32.0978	-12.2002	-8.2207
32.1078	-12.2044	-8.22492
32.1178	-12.2086	-8.22913
32.1278	-12.2128	-8.23335
32.1377	-12.217	-8.23756
32.1477	-12.2213	-8.24178
32.1577	-12.2255	-8.246
32.1677	-12.2297	-8.25021
32.1776	-12.2339	-8.25443
32.1876	-12.2381	-8.25865
32.1976	-12.2423	-8.26286
32.2076	-12.2466	-8.26708
32.2176	-12.2508	-8.2713
32.2275	-12.255	-8.27552
32.2375	-12.2592	-8.27974
32.2475	-12.2634	-8.28395
32.2575	-12.2677	-8.28817
32.2674	-12.2719	-8.29239
32.2774	-12.2761	-8.29661
32.2874	-12.2803	-8.30083
32.2974	-12.2845	-8.30505
32.3074	-12.2888	-8.30927
32.3173	-12.293	-8.31349
32.3273	-12.2972	-8.31771
32.3373	-12.3014	-8.32193
32.3473	-12.3056	-8.32614
32.3572	-12.3098	-8.33036
32.3672	-12.3141	-8.33459
32.3772	-12.3183	-8.33881
32.3872	-12.3225	-8.34303
32.3971	-12.3267	-8.34725
32.4071	-12.331	-8.35147
32.4171	-12.3352	-8.35569
32.4271	-12.3394	-8.35991
32.4371	-12.3436	-8.36413
32.447	-12.3478	-8.36835
32.457	-12.3521	-8.37257
32.467	-12.3563	-8.3768
32.477	-12.3605	-8.38102
32.4869	-12.3647	-8.38524
32.4969	-12.3689	-8.38946
32.5069	-12.3732	-8.39368
32.5169	-12.3774	-8.39791
32.5269	-12.3816	-8.40213
32.5368	-12.3858	-8.40635
32.5468	-12.3901	-8.41057
32.5568	-12.3943	-8.4148
32.5668	-12.3985	-8.41902
32.5767	-12.4027	-8.42324
32.5867	-12.407	-8.42747
32.5967	-12.4112	-8.43169
32.6067	-12.4154	-8.43592
32.6167	-12.4196	-8.44014
32.6266	-12.4238	-8.44436
32.6366	-12.4281	-8.44859
32.6466	-12.4323	-8.45281
32.6566	-12.4365	-8.45704
32.6665	-12.4407	-8.46126
32.6765	-12.445	-8.46549
32.6865	-12.4492	-8.46971
32.6965	-12.4534	-8.47394
32.7065	-12.4576	-8.47816
32.7164	-12.4619	-8.48239
32.7264	-12.4661	-8.48661
32.7364	-12.4703	-8.49084
32.7464	-12.4745	-8.49506
32.7563	-12.4788	-8.49929
32.7663	-12.483	-8.50352
32.7763	-12.4872	-8.50774
32.7863	-12.4915	-8.51197
32.7962	-12.4957	-8.5162
32.8062	-12.4999	-8.52042
32.8162	-12.5041	-8.52465
32.8262	-12.5084	-8.52888
32.8362	-12.5126	-8.5331
32.8461	-12.5168	-8.53733
32.8561	-12.521	-8.54156
32.8661	-12.5253	-8.54579
32.8761	-12.5295	-8.55001
32.886	-12.5337	-8.55424
32.896	-12.538	-8.55847
32.906	-12.5422	-8.5627
32.916	-12.5464	-8.56693
32.926	-12.5506	-8.57115
32.9359	-12.5549	-8.57538
32.9459	-12.5591	-8.57961
32.9559	-12.5633	-8.58384
32.9659	-12.5676	-8.58807
32.9758	-12.5718	-8.5923
32.9858	-12.576	-8.59653
32.9958	-12.5802	-8.60075
33.0058	-12.5845	-8.60498
33.0158	-12.5887	-8.60921
33.0257	-12.5929	-8.61344
33.0357	-12.5972	-8.61767
33.0457	-12.6014	-8.6219
33.0557	-12.6056	-8.62613
33.0656	-12.6098	-8.63036
33.0756	-12.6141	-8.63459
33.0856	-12.6183	-8.63882
33.0956	-12.6225	-8.64305
33.1056	-12.6268	-8.64728
33.1155	-12.631	-8.65151
33.1255	-12.6352	-8.65574
33.1355	-12.6395	-8.65998
33.1455	-12.6437	-8.66421
33.1554	-12.6479	-8.66844
33.1654	-12.6522	-8.67267
33.1754	-12.6564	-8.6769
33.1854	-12.6606	-8.68113
33.1953	-12.6648	-8.68536
33.2053	-12.6691	-8.68959
33.2153	-12.6733	-8.69383
33.2253	-12.6775	-8.69806
33.2353	-12.6818	-8.70229
33.2452	-12.686	-8.70652
33.2552	-12.6902	-8.71075
33.2652	-12.6945	-8.71499
33.2752	-12.6987	-8.71922
33.2851	-12.7029	-8.72345
33.2951	-12.7072	-8.72768
33.3051	-12.7114	-8.73192
33.3151	-12.7156	-8.73615
33.3251	-12.7199	-8.74038
33.335	-12.7241	-8.74462
33.345	-12.7283	-8.74885
33.355	-12.7326	-8.75308
33.365	-12.7368	-8.75731
33.3749	-12.741	-8.76155
33.3849	-12.7453	-8.76578
33.3949	-12.7495	-8.77002
33.4049	-12.7537	-8.77425
33.4149	-12.758	-8.77848
33.4248	-12.7622	-8.78272
33.4348	-12.7664	-8.78695
33.4448	-12.7707	-8.79119
33.4548	-12.7749	-8.79542
33.4647	-12.7791	-8.79965
33.4747	-12.7834	-8.80389
33.4847	-12.7876	-8.80812
33.4947	-12.7918	-8.81236
33.5047	-12.7961	-8.81659
33.5146	-12.8003	-8.82083
33.5246	-12.8045	-8.82506
33.5346	-12.8088	-8.8293
33.5446	-12.813	-8.83353
33.5545	-12.8173	-8.83777
33.5645	-12.8215	-8.842
33.5745	-12.8257	-8.84624
33.5845	-12.83	-8.85047
33.5944	-12.8342	-8.85471
33.6044	-12.8384	-8.85894
33.6144	-12.8427	-8.86318
33.6244	-12.8469	-8.86742
33.6344	-12.8511	-8.87165
33.6443	-12.8554	-8.87589
33.6543	-12.8596	-8.88012
33.6643	-12.8638	-8.88436
33.6743	-12.8681	-8.8886
33.6842	-12.8723	-8.89283
33.6942	-12.8766	-8.89707
33.7042	-12.8808	-8.90131
33.7142	-12.885	-8.90554
33.7242	-12.8893	-8.90978
33.7341	-12.8935	-8.91402
33.7441	-12.8977	-8.91825
33.7541	-12.902	-8.92249
33.7641	-12.9062	-8.92673
33.774	-12.9104	-8.93096
33.784	-12.9147	-8.9352
33.794	-12.9189	-8.93944
33.804	-12.9232	-8.94368
33.814	-12.9274	-8.94791
33.8239	-12.9316	-8.95215
33.8339	-12.9359	-8.95639
33.8439	-12.9401	-8.96063
33.8539	-12.9443	-8.96486
33.8638	-12.9486	-8.9691
33.8738	-12.9528	-8.97334
33.8838	-12.9571	-8.97758
33.8938	-12.9613	-8.98182
33.9038	-12.9655	-8.98605
33.9137	-12.9698	-8.99029
33.9237	-12.974	-8.99453
33.9337	-12.9783	-8.99877
33.9437	-12.9825	-9.00301
33.9536	-12.9867	-9.00724
33.9636	-12.991	-9.01148
33.9736	-12.9952	-9.01572
33.9836	-12.9994	-9.01996
33.9935	-13.0037	-9.0242
34.0035	-13.0079	-9.02844
34.0135	-13.0122	-9.03268
34.0235	-13.0164	-9.03692
34.0335	-13.0206	-9.04116
34.0434	-13.0249	-9.04539
34.0534	-13.0291	-9.04963
34.0634	-13.0334	-9.05387
34.0734	-13.0376	-9.05811
34.0833	-13.0418	-9.06235
34.0933	-13.0461	-9.06659
34.1033	-13.0503	-9.07083
34.1133	-13.0546	-9.07507
34.1233	-13.0588	-9.07931
34.1332	-13.063	-9.08355
34.1432	-13.0673	-9.08779
34.1532	-13.0715	-9.09203
34.1632	-13.0758	-9.09627
34.1731	-13.08	-9.10051
34.1831	-13.0842	-9.10475
34.1931	-13.0885	-9.10899
34.2031	-13.0927	-9.11323
34.2131	-13.097	-9.11747
34.223	-13.1012	-9.12171
34.233	-13.1054	-9.12595
34.243	-13.1097	-9.13019
34.253	-13.1139	-9.13443
34.2629	-13.1182	-9.13867
34.2729	-13.1224	-9.14291
34.2829	-13.1266	-9.14715
34.2929	-13.1309	-9.15139
34.3029	-13.1351	-9.15563
34.3128	-13.1394	-9.15987
34.3228	-13.1436	-9.16411
34.3328	-13.1478	-9.16835
34.3428	-13.1521	-9.1726
34.3527	-13.1563	-9.17684
34.3627	-13.1606	-9.18108
34.3727	-13.1648	-9.18532
34.3827	-13.169	-9.18956
34.3926	-13.1733	-9.1938
34.4026	-13.1775	-9.19804
34.4126	-13.1818	-9.20228
34.4226	-13.186	-9.20652
34.4326	-13.1902	-9.21076
34.4425	-13.1945	-9.21501
34.4525	-13.1987	-9.21925
34.4625	-13.203	-9.22349
34.4725	-13.2072	-9.22773
34.4824	-13.2115	-9.23197
34.4924	-13.2157	-9.23621
34.5024	-13.2199	-9.24046
34.5124	-13.2242	-9.2447
34.5224	-13.2284	-9.24894
34.5323	-13.2327	-9.25318
34.5423	-13.2369	-9.25742
34.5523	-13.2411	-9.26166
34.5623	-13.2454	-9.26591
34.5722	-13.2496	-9.27015
34.5822	-13.2539	-9.27439
34.5922	-13.2581	-9.27863
34.6022	-13.2624	-9.28287
34.6122	-13.2666	-9.28712
34.6221	-13.2708	-9.29136
34.6321	-13.2751	-9.2956
34.6421	-13.2793	-9.29984
34.6521	-13.2836	-9.30408
34.662	-13.2878	-9.30833
34.672	-13.2921	-9.31257
34.682	-13.2963	-9.31681
34.692	-13.3005	-9.32105
34.702	-13.3048	-9.3253
34.7119	-13.309	-9.32954
34.7219	-13.3133	-9.33378
34.7319	-13.3175	-9.33802
34.7419	-13.3217	-9.34226
34.7518	-13.326	-9.34651
34.7618	-13.3302	-9.35075
34.7718	-13.3345	-9.35499
34.7818	-13.3387	-9.35924
34.7917	-13.343	-9.36348
34.8017	-13.3472	-9.36772
34.8117	-13.3514	-9.37196
34.8217	-13.3557	-9.37621
34.8317	-13.3599	-9.38045
34.8416	-13.3642	-9.38469
34.8516	-13.3684	-9.38893
34.8616	-13.3727	-9.39318
34.8716	-13.3769	-9.39742
34.8815	-13.3811	-9.40166
34.8915	-13.3854	-9.40591
34.9015	-13.3896	-9.41015
34.9115	-13.3939	-9.41439
34.9215	-13.3981	-9.41863
34.9314	-13.4024	-9.42288
34.9414	-13.4066	-9.42712
34.9514	-13.4108	-9.43136
34.9614	-13.4151	-9.43561
34.9713	-13.4193	-9.43985
34.9813	-13.4236	-9.44409
34.9913	-13.4278	-9.44834
35.0013	-13.4321	-9.45258
35.0113	-13.4363	-9.45682
35.0212	-13.4405	-9.46106
35.0312	-13.4448	-9.46531
35.0412	-13.449	-9.46955
35.0512	-13.4533	-9.47379
35.0611	-13.4575	-9.47804
35.0711	-13.4618	-9.48228
35.0811	-13.466	-9.48652
35.0911	-13.4703	-9.49077
35.1011	-13.4745	-9.49501
35.111	-13.4787	-9.49925
35.121	-13.483	-9.5035
35.131	-13.4872	-9.50774
35.141	-13.4915	-9.51198
35.1509	-13.4957	-9.51623
35.1609	-13.5	-9.52047
35.1709	-13.5042	-9.52471
35.1809	-13.5084	-9.52896
35.1908	-13.5127	-9.5332
35.2008	-13.5169	-9.53744
35.2108	-13.5212	-9.54169
35.2208	-13.5254	-9.54593
35.2308	-13.5297	-9.55017
35.2407	-13.5339	-9.55442
35.2507	-13.5381	-9.55866
35.2607	-13.5424	-9.5629
35.2707	-13.5466	-9.56715
35.2806	-13.5509	-9.57139
35.2906	-13.5551	-9.57564
35.3006	-13.5594	-9.57988
35.3106	-13.5636	-9.58412
35.3206	-13.5679	-9.58837
35.3305	-13.5721	-9.59261
35.3405	-13.5763	-9.59685
35.3505	-13.5806	-9.6011
35.3605	-13.5848	-9.60534
35.3704	-13.5891	-9.60958
35.3804	-13.5933	-9.61383
35.3904	-13.5976	-9.61807
35.4004	-13.6018	-9.62231
35.4104	-13.606	-9.62656
35.4203	-13.6103	-9.6308
35.4303	-13.6145	-9.63504
35.4403	-13.6188	-9.63929
35.4503	-13.623	-9.64353
35.4602	-13.6273	-9.64777
35.4702	-13.6315	-9.65202
35.4802	-13.6357	-9.65626
35.4902	-13.64	-9.66051
35.5002	-13.6442	-9.66475
35.5101	-13.6485	-9.66899
35.5201	-13.6527	-9.67324
35.5301	-13.657	-9.67748
35.5401	-13.6612	-9.68172
35.55	-13.6655	-9.68597
35.56	-13.6697	-9.69021
35.57	-13.6739	-9.69445
35.58	-13.6782	-9.6987
35.5899	-13.6824	-9.70294
35.5999	-13.6867	-9.70718
35.6099	-13.6909	-9.71143
35.6199	-13.6952	-9.71567
35.6299	-13.6994	-9.71991
35.6398	-13.7036	-9.72416
35.6498	-13.7079	-9.7284
35.6598	-13.7121	-9.73264
35.6698	-13.7164	-9.73689
35.6797	-13.7206	-9.74113
35.6897	-13.7249	-9.74537
35.6997	-13.7291	-9.74962
35.7097	-13.7333	-9.75386
35.7197	-13.7376	-9.7581
35.7296	-13.7418	-9.76235
35.7396	-13.7461	-9.76659
35.7496	-13.7503	-9.77083
35.7596	-13.7546	-9.77508
35.7695	-13.7588	-9.77932
35.7795	-13.763	-9.78356
35.7895	-13.7673	-9.78781
35.7995	-13.7715	-9.79205
35.8095	-13.7758	-9.79629
35.8194	-13.78	-9.80054
35.8294	-13.7843	-9.80478
35.8394	-13.7885	-9.80902
35.8494	-13.7927	-9.81326
35.8593	-13.797	-9.81751
35.8693	-13.8012	-9.82175
35.8793	-13.8055	-9.82599
35.8893	-13.8097	-9.83024
35.8992	-13.814	-9.83448
35.9092	-13.8182	-9.83872
35.9192	-13.8224	-9.84297
35.9292	-13.8267	-9.84721
35.9392	-13.8309	-9.85145
35.9491	-13.8352	-9.85569
35.9591	-13.8394	-9.85994
35.9691	-13.8437	-9.86418
35.9791	-13.8479	-9.86842
35.989	-13.8521	-9.87266
35.999	-13.8564	-9.87691
36.009	-13.8606	-9.88115
36.019	-13.8649	-9.88539
36.029	-13.8691	-9.88964
36.0389	-13.8734	-9.89388
36.0489	-13.8776	-9.89812
36.0589	-13.8818	-9.90236
36.0689	-13.8861	-9.90661
36.0788	-13.8903	-9.91085
36.0888	-13.8946	-9.91509
36.0988	-13.8988	-9.91933
36.1088	-13.9031	-9.92358
36.1188	-13.9073	-9.92782
36.1287	-13.9115	-9.93206
36.1387	-13.9158	-9.9363
36.1487	-13.92	-9.94054
36.1587	-13.9243	-9.94479
36.1686	-13.9285	-9.94903
36.1786	-13.9328	-9.95327
36.1886	-13.937	-9.95751
36.1986	-13.9412	-9.96176
36.2086	-13.9455	-9.966
36.2185	-13.9497	-9.97024
36.2285	-13.954	-9.97448
36.2385	-13.9582	-9.97872
36.2485	-13.9625	-9.98297
36.2584	-13.9667	-9.98721
36.2684	-13.9709	-9.99145
36.2784	-13.9752	-9.99569
36.2884	-13.9794	-9.99993
36.2983	-13.9837	-10.0042
36.3083	-13.9879	-10.0084
36.3183	-13.9921	-10.0127
36.3283	-13.9964	-10.0169
36.3383	-14.0006	-10.0211
36.3482	-14.0049	-10.0254
36.3582	-14.0091	-10.0296
36.3682	-14.0134	-10.0339
36.3782	-14.0176	-10.0381
36.3881	-14.0218	-10.0423
36.3981	-14.0261	-10.0466
36.4081	-14.0303	-10.0508
36.4181	-14.0346	-10.0551
36.4281	-14.0388	-10.0593
36.438	-14.043	-10.0636
36.448	-14.0473	-10.0678
36.458	-14.0515	-10.072
36.468	-14.0558	-10.0763
36.4779	-14.06	-10.0805
36.4879	-14.0642	-10.0848
36.4979	-14.0685	-10.089
36.5079	-14.0727	-10.0932
36.5179	-14.077	-10.0975
36.5278	-14.0812	-10.1017
36.5378	-14.0854	-10.106
36.5478	-14.0897	-10.1102
36.5578	-14.0939	-10.1144
36.5677	-14.0982	-10.1187
36.5777	-14.1024	-10.1229
36.5877	-14.1067	-10.1272
36.5977	-14.1109	-10.1314
36.6077	-14.1151	-10.1356
36.6176	-14.1194	-10.1399
36.6276	-14.1236	-10.1441
36.6376	-14.1279	-10.1484
36.6476	-14.1321	-10.1526
36.6575	-14.1363	-10.1568
36.6675	-14.1406	-10.1611
36.6775	-14.1448	-10.1653
36.6875	-14.1491	-10.1696
36.6974	-14.1533	-10.1738
36.7074	-14.1575	-10.178
36.7174	-14.1618	-10.1823
36.7274	-14.166	-10.1865
36.7374	-14.1703	-10.1908
36.7473	-14.1745	-10.195
36.7573	-14.1787	-10.1992
36.7673	-14.183	-10.2035
36.7773	-14.1872	-10.2077
36.7872	-14.1914	-10.212
36.7972	-14.1957	-10.2162
36.8072	-14.1999	-10.2204
36.8172	-14.2042	-10.2247
36.8272	-14.2084	-10.2289
36.8371	-14.2126	-10.2332
36.8471	-14.2169	-10.2374
36.8571	-14.2211	-10.2416
36.8671	-14.2254	-10.2459
36.877	-14.2296	-10.2501
36.887	-14.2338	-10.2544
36.897	-14.2381	-10.2586
36.907	-14.2423	-10.2628
36.917	-14.2466	-10.2671
36.9269	-14.2508	-10.2713
36.9369	-14.255	-10.2755
36.9469	-14.2593	-10.2798
36.9569	-14.2635	-10.284
36.9668	-14.2677	-10.2883
36.9768	-14.272	-10.2925
36.9868	-14.2762	-10.2967
36.9968	-14.2805	-10.301
37.0068	-14.2847	-10.3052
37.0167	-14.2889	-10.3095
37.0267	-14.2932	-10.3137
37.0367	-14.2974	-10.3179
37.0467	-14.3017	-10.3222
37.0566	-14.3059	-10.3264
37.0666	-14.3101	-10.3306
37.0766	-14.3144	-10.3349
37.0866	-14.3186	-10.3391
37.0965	-14.3228	-10.3434
37.1065	-14.3271	-10.3476
37.1165	-14.3313	-10.3518
37.1265	-14.3356	-10.3561
37.1365	-14.3398	-10.3603
37.1464	-14.344	-10.3645
37.1564	-14.3483	-10.3688
37.1664	-14.3525	-10.373
37.1764	-14.3567	-10.3773
37.1863	-14.361	-10.3815
37.1963	-14.3652	-10.3857
37.2063	-14.3694	-10.39
37.2163	-14.3737	-10.3942
37.2263	-14.3779	-10.3984
37.2362	-14.3822	-10.4027
37.2462	-14.3864	-10.4069
37.2562	-14.3906	-10.4111
37.2662	-14.3949	-10.4154
37.2761	-14.3991	-10.4196
37.2861	-14.4033	-10.4239
37.2961	-14.4076	-10.4281
37.3061	-14.4118	-10.4323
37.3161	-14.416	-10.4366
37.326	-14.4203	-10.4408
37.336	-14.4245	-10.445
37.346	-14.4288	-10.4493
37.356	-14.433	-10.4535
37.3659	-14.4372	-10.4577
37.3759	-14.4415	-10.462
37.3859	-14.4457	-10.4662
37.3959	-14.4499	-10.4704
37.4059	-14.4542	-10.4747
37.4158	-14.4584	-10.4789
37.4258	-14.4626	-10.4831
37.4358	-14.4669	-10.4874
37.4458	-14.4711	-10.4916
37.4557	-14.4753	-10.4959
37.4657	-14.4796	-10.5001
37.4757	-14.4838	-10.5043
37.4857	-14.488	-10.5086
37.4956	-14.4923	-10.5128
37.5056	-14.4965	-10.517
37.5156	-14.5007	-10.5213
37.5256	-14.505	-10.5255
37.5356	-14.5092	-10.5297
37.5455	-14.5134	-10.534
37.5555	-14.5177	-10.5382
37.5655	-14.5219	-10.5424
37.5755	-14.5261	-10.5467
37.5854	-14.5304	-10.5509
37.5954	-14.5346	-10.5551
37.6054	-14.5388	-10.5594
37.6154	-14.5431	-10.5636
37.6254	-14.5473	-10.5678
37.6353	-14.5515	-10.5721
37.6453	-14.5558	-10.5763
37.6553	-14.56	-10.5805
37.6653	-14.5642	-10.5848
37.6752	-14.5685	-10.589
37.6852	-14.5727	-10.5932
37.6952	-14.5769	-10.5975
37.7052	-14.5812	-10.6017
37.7152	-14.5854	-10.6059
37.7251	-14.5896	-10.6102
37.7351	-14.5939	-10.6144
37.7451	-14.5981	-10.6186
37.7551	-14.6023	-10.6229
37.765	-14.6066	-10.6271
37.775	-14.6108	-10.6313
37.785	-14.615	-10.6355
37.795	-14.6193	-10.6398
37.805	-14.6235	-10.644
37.8149	-14.6277	-10.6482
37.8249	-14.632	-10.6525
37.8349	-14.6362	-10.6567
37.8449	-14.6404	-10.6609
37.8548	-14.6446	-10.6652
37.8648	-14.6489	-10.6694
37.8748	-14.6531	-10.6736
37.8848	-14.6573	-10.6779
37.8947	-14.6616	-10.6821
37.9047	-14.6658	-10.6863
37.9147	-14.67	-10.6905
37.9247	-14.6743	-10.6948
37.9347	-14.6785	-10.699
37.9446	-14.6827	-10.7032
37.9546	-14.687	-10.7075
37.9646	-14.6912	-10.7117
37.9746	-14.6954	-10.7159
37.9845	-14.6996	-10.7202
37.9945	-14.7039	-10.7244
38.0045	-14.7081	-10.7286
38.0145	-14.7123	-10.7328
38.0245	-14.7166	-10.7371
38.0344	-14.7208	-10.7413
38.0444	-14.725	-10.7455
38.0544	-14.7292	-10.7498
38.0644	-14.7335	-10.754
38.0743	-14.7377	-10.7582
38.0843	-14.7419	-10.7625
38.0943	-14.7462	-10.7667
38.1043	-14.7504	-10.7709
38.1143	-14.7546	-10.7751
38.1242	-14.7588	-10.7794
38.1342	-14.7631	-10.7836
38.1442	-14.7673	-10.7878
38.1542	-14.7715	-10.792
38.1641	-14.7758	-10.7963
38.1741	-14.78	-10.8005
38.1841	-14.7842	-10.8047
38.1941	-14.7884	-10.809
38.2041	-14.7927	-10.8132
38.214	-14.7969	-10.8174
38.224	-14.8011	-10.8216
38.234	-14.8054	-10.8259
38.244	-14.8096	-10.8301
38.2539	-14.8138	-10.8343
38.2639	-14.818	-10.8386
38.2739	-14.8223	-10.8428
38.2839	-14.8265	-10.847
38.2938	-14.8307	-10.8512
38.3038	-14.8349	-10.8555
38.3138	-14.8392	-10.8597
38.3238	-14.8434	-10.8639
38.3338	-14.8476	-10.8681
38.3437	-14.8518	-10.8724
38.3537	-14.8561	-10.8766
38.3637	-14.8603	-10.8808
38.3737	-14.8645	-10.885
38.3836	-14.8687	-10.8893
38.3936	-14.873	-10.8935
38.4036	-14.8772	-10.8977
38.4136	-14.8814	-10.9019
38.4236	-14.8856	-10.9062
38.4335	-14.8899	-10.9104
38.4435	-14.8941	-10.9146
38.4535	-14.8983	-10.9188
38.4635	-14.9025	-10.9231
38.4734	-14.9068	-10.9273
38.4834	-14.911	-10.9315
38.4934	-14.9152	-10.9357
38.5034	-14.9194	-10.94
38.5134	-14.9237	-10.9442
38.5233	-14.9279	-10.9484
38.5333	-14.9321	-10.9526
38.5433	-14.9363	-10.9569
38.5533	-14.9406	-10.9611
38.5632	-14.9448	-10.9653
38.5732	-14.949	-10.9695
38.5832	-14.9532	-10.9737
38.5932	-14.9575	-10.978
38.6032	-14.9617	-10.9822
38.6131	-14.9659	-10.9864
38.6231	-14.9701	-10.9906
38.6331	-14.9743	-10.9949
38.6431	-14.9786	-10.9991
38.653	-14.9828	-11.0033
38.663	-14.987	-11.0075
38.673	-14.9912	-11.0117
38.683	-14.9955	-11.016
38.6929	-14.9997	-11.0202
38.7029	-15.0039	-11.0244
38.7129	-15.0081	-11.0286
38.7229	-15.0123	-11.0329
38.7329	-15.0166	-11.0371
38.7428	-15.0208	-11.0413
38.7528	-15.025	-11.0455
38.7628	-15.0292	-11.0497
38.7728	-15.0334	-11.054
38.7827	-15.0377	-11.0582
38.7927	-15.0419	-11.0624
38.8027	-15.0461	-11.0666
38.8127	-15.0503	-11.0708
38.8227	-15.0545	-11.0751
38.8326	-15.0588	-11.0793
38.8426	-15.063	-11.0835
38.8526	-15.0672	-11.0877
38.8626	-15.0714	-11.0919
38.8725	-15.0756	-11.0962
38.8825	-15.0799	-11.1004
38.8925	-15.0841	-11.1046
38.9025	-15.0883	-11.1088
38.9125	-15.0925	-11.113
38.9224	-15.0967	-11.1173
38.9324	-15.101	-11.1215
38.9424	-15.1052	-11.1257
38.9524	-15.1094	-11.1299
38.9623	-15.1136	-11.1341
38.9723	-15.1178	-11.1383
38.9823	-15.1221	-11.1426
38.9923	-15.1263	-11.1468
39.0023	-15.1305	-11.151
39.0122	-15.1347	-11.1552
39.0222	-15.1389	-11.1594
39.0322	-15.1431	-11.1637
39.0422	-15.1474	-11.1679
39.0521	-15.1516	-11.1721
39.0621	-15.1558	-11.1763
39.0721	-15.16	-11.1805
39.0821	-15.1642	-11.1847
39.092	-15.1684	-11.189
39.102	-15.1727	-11.1932
39.112	-15.1769	-11.1974
39.122	-15.1811	-11.2016
39.132	-15.1853	-11.2058
39.1419	-15.1895	-11.21
39.1519	-15.1937	-11.2143
39.1619	-15.198	-11.2185
39.1719	-15.2022	-11.2227
39.1818	-15.2064	-11.2269
39.1918	-15.2106	-11.2311
39.2018	-15.2148	-11.2353
39.2118	-15.219	-11.2395
39.2218	-15.2232	-11.2438
39.2317	-15.2275	-11.248
39.2417	-15.2317	-11.2522
39.2517	-15.2359	-11.2564
39.2617	-15.2401	-11.2606
39.2716	-15.2443	-11.2648
39.2816	-15.2485	-11.269
39.2916	-15.2527	-11.2733
39.3016	-15.257	-11.2775
39.3116	-15.2612	-11.2817
39.3215	-15.2654	-11.2859
39.3315	-15.2696	-11.2901
39.3415	-15.2738	-11.2943
39.3515	-15.278	-11.2985
39.3614	-15.2822	-11.3028
39.3714	-15.2864	-11.307
39.3814	-15.2907	-11.3112
39.3914	-15.2949	-11.3154
39.4014	-15.2991	-11.3196
39.4113	-15.3033	-11.3238
39.4213	-15.3075	-11.328
39.4313	-15.3117	-11.3322
39.4413	-15.3159	-11.3364
39.4512	-15.3201	-11.3407
39.4612	-15.3244	-11.3449
39.4712	-15.3286	-11.3491
39.4812	-15.3328	-11.3533
39.4911	-15.337	-11.3575
39.5011	-15.3412	-11.3617
39.5111	-15.3454	-11.3659
39.5211	-15.3496	-11.3701
39.5311	-15.3538	-11.3743
39.541	-15.358	-11.3786
39.551	-15.3622	-11.3828
39.561	-15.3665	-11.387
39.571	-15.3707	-11.3912
39.5809	-15.3749	-11.3954
39.5909	-15.3791	-11.3996
39.6009	-15.3833	-11.4038
39.6109	-15.3875	-11.408
39.6209	-15.3917	-11.4122
39.6308	-15.3959	-11.4164
39.6408	-15.4001	-11.4206
39.6508	-15.4043	-11.4249
39.6608	-15.4085	-11.4291
39.6707	-15.4128	-11.4333
39.6807	-15.417	-11.4375
39.6907	-15.4212	-11.4417
39.7007	-15.4254	-11.4459
39.7107	-15.4296	-11.4501
39.7206	-15.4338	-11.4543
39.7306	-15.438	-11.4585
39.7406	-15.4422	-11.4627
39.7506	-15.4464	-11.4669
39.7605	-15.4506	-11.4711
39.7705	-15.4548	-11.4753
39.7805	-15.459	-11.4796
39.7905	-15.4632	-11.4838
39.8005	-15.4674	-11.488
39.8104	-15.4717	-11.4922
39.8204	-15.4759	-11.4964
39.8304	-15.4801	-11.5006
39.8404	-15.4843	-11.5048
39.8503	-15.4885	-11.509
39.8603	-15.4927	-11.5132
39.8703	-15.4969	-11.5174
39.8803	-15.5011	-11.5216
39.8902	-15.5053	-11.5258
39.9002	-15.5095	-11.53
39.9102	-15.5137	-11.5342
39.9202	-15.5179	-11.5384
39.9302	-15.5221	-11.5426
39.9401	-15.5263	-11.5468
39.9501	-15.5305	-11.551
39.9601	-15.5347	-11.5552
39.9701	-15.5389	-11.5594
39.98	-15.5431	-11.5636
39.99	-15.5473	-11.5679
40	-15.5515	-11.5721
