Freq_GHz	Norm_dB
0.1	-2.5146686e-05
0.109982	-3.0417556e-05
0.11996399	-3.6189562e-05
0.12994599	-4.2462707e-05
0.13992799	-4.9236994e-05
0.14990998	-5.6512426e-05
0.15989198	-6.4289007e-05
0.16987397	-7.256674e-05
0.17985597	-8.134563e-05
0.18983797	-9.0625679e-05
0.19981996	-0.00010040689
0.20980196	-0.00011068927
0.21978396	-0.00012147283
0.22976595	-0.00013275756
0.23974795	-0.00014454348
0.24972995	-0.00015683059
0.25971194	-0.00016961889
0.26969394	-0.00018290839
0.27967594	-0.0001966991
0.28965793	-0.00021099102
0.29963993	-0.00022578417
0.30962192	-0.00024107854
0.31960392	-0.00025687414
0.32958592	-0.00027317098
0.33956791	-0.00028996907
0.34954991	-0.00030726842
0.35953191	-0.00032506903
0.3695139	-0.00034337092
0.3794959	-0.00036217408
0.3894779	-0.00038147854
0.39945989	-0.00040128429
0.40944189	-0.00042159135
0.41942388	-0.00044239973
0.42940588	-0.00046370943
0.43938788	-0.00048552047
0.44936987	-0.00050783285
0.45935187	-0.0005306466
0.46933387	-0.00055396171
0.47931586	-0.00057777819
0.48929786	-0.00060209607
0.49927986	-0.00062691534
0.50926185	-0.00065223603
0.51924385	-0.00067805814
0.52922585	-0.00070438169
0.53920784	-0.00073120668
0.54918984	-0.00075853313
0.55917183	-0.00078636106
0.56915383	-0.00081469047
0.57913583	-0.00084352138
0.58911782	-0.00087285379
0.59909982	-0.00090268774
0.60908182	-0.00093302322
0.61906381	-0.00096386026
0.62904581	-0.00099519886
0.63902781	-0.001027039
0.6490098	-0.0010593808
0.6589918	-0.0010922242
0.66897379	-0.0011255692
0.67895579	-0.0011594159
0.68893779	-0.0011937642
0.69891978	-0.0012286142
0.70890178	-0.0012639659
0.71888378	-0.0012998192
0.72886577	-0.0013361743
0.73884777	-0.0013730312
0.74882977	-0.0014103898
0.75881176	-0.0014482502
0.76879376	-0.0014866123
0.77877576	-0.0015254763
0.78875775	-0.0015648421
0.79873975	-0.0016047097
0.80872174	-0.0016450792
0.81870374	-0.0016859506
0.82868574	-0.0017273239
0.83866773	-0.0017691991
0.84864973	-0.0018115762
0.85863173	-0.0018544553
0.86861372	-0.0018978364
0.87859572	-0.0019417195
0.88857772	-0.0019861045
0.89855971	-0.0020309917
0.90854171	-0.0020763809
0.9185237	-0.0021222721
0.9285057	-0.0021686655
0.9384877	-0.002215561
0.94846969	-0.0022629586
0.95845169	-0.0023108584
0.96843369	-0.0023592604
0.97841568	-0.0024081646
0.98839768	-0.0024575711
0.99837968	-0.0025074797
1.0083617	-0.0025578907
1.0183437	-0.002608804
1.0283257	-0.0026602196
1.0383077	-0.0027121375
1.0482897	-0.0027645579
1.0582717	-0.0028174806
1.0682537	-0.0028709057
1.0782356	-0.0029248333
1.0882176	-0.0029792634
1.0981996	-0.0030341959
1.1081816	-0.003089631
1.1181636	-0.0031455686
1.1281456	-0.0032020088
1.1381276	-0.0032589516
1.1481096	-0.0033163971
1.1580916	-0.0033743452
1.1680736	-0.0034327959
1.1780556	-0.0034917494
1.1880376	-0.0035512056
1.1980196	-0.0036111646
1.2080016	-0.0036716263
1.2179836	-0.0037325909
1.2279656	-0.0037940583
1.2379476	-0.0038560286
1.2479296	-0.0039185018
1.2579116	-0.0039814779
1.2678936	-0.004044957
1.2778756	-0.004108939
1.2878576	-0.0041734241
1.2978396	-0.0042384123
1.3078216	-0.0043039035
1.3178036	-0.0043698978
1.3277856	-0.0044363953
1.3377676	-0.0045033959
1.3477495	-0.0045708998
1.3577315	-0.0046389068
1.3677135	-0.0047074172
1.3776955	-0.0047764308
1.3876775	-0.0048459478
1.3976595	-0.0049159681
1.4076415	-0.0049864918
1.4176235	-0.005057519
1.4276055	-0.0051290496
1.4375875	-0.0052010836
1.4475695	-0.0052736213
1.4575515	-0.0053466624
1.4675335	-0.0054202072
1.4775155	-0.0054942556
1.4874975	-0.0055688076
1.4974795	-0.0056438634
1.5074615	-0.0057194229
1.5174435	-0.0057954861
1.5274255	-0.0058720531
1.5374075	-0.005949124
1.5473895	-0.0060266988
1.5573715	-0.0061047774
1.5673535	-0.00618336
1.5773355	-0.0062624466
1.5873175	-0.0063420372
1.5972995	-0.0064221318
1.6072815	-0.0065027305
1.6172635	-0.0065838334
1.6272454	-0.0066654404
1.6372274	-0.0067475517
1.6472094	-0.0068301671
1.6571914	-0.0069132869
1.6671734	-0.006996911
1.6771554	-0.0070810394
1.6871374	-0.0071656722
1.6971194	-0.0072508095
1.7071014	-0.0073364512
1.7170834	-0.0074225974
1.7270654	-0.0075092482
1.7370474	-0.0075964036
1.7470294	-0.0076840636
1.7570114	-0.0077722283
1.7669934	-0.0078608978
1.7769754	-0.0079500719
1.7869574	-0.0080397509
1.7969394	-0.0081299347
1.8069214	-0.0082206234
1.8169034	-0.008311817
1.8268854	-0.0084035156
1.8368674	-0.0084957192
1.8468494	-0.0085884279
1.8568314	-0.0086816416
1.8668134	-0.0087753605
1.8767954	-0.0088695845
1.8867774	-0.0089643138
1.8967594	-0.0090595484
1.9067413	-0.0091552883
1.9167233	-0.0092515335
1.9267053	-0.0093482841
1.9366873	-0.0094455402
1.9466693	-0.0095433018
1.9566513	-0.0096415689
1.9666333	-0.0097403416
1.9766153	-0.0098396199
1.9865973	-0.0099394039
1.9965793	-0.010039694
2.0065613	-0.010140489
2.0165433	-0.01024179
2.0265253	-0.010343598
2.0365073	-0.010445911
2.0464893	-0.01054873
2.0564713	-0.010652055
2.0664533	-0.010755886
2.0764353	-0.010860223
2.0864173	-0.010965066
2.0963993	-0.011070416
2.1063813	-0.011176272
2.1163633	-0.011282634
2.1263453	-0.011389502
2.1363273	-0.011496877
2.1463093	-0.011604758
2.1562913	-0.011713146
2.1662733	-0.011822041
2.1762553	-0.011931442
2.1862372	-0.012041349
2.1962192	-0.012151763
2.2062012	-0.012262684
2.2161832	-0.012374112
2.2261652	-0.012486047
2.2361472	-0.012598489
2.2461292	-0.012711437
2.2561112	-0.012824893
2.2660932	-0.012938855
2.2760752	-0.013053325
2.2860572	-0.013168302
2.2960392	-0.013283786
2.3060212	-0.013399778
2.3160032	-0.013516276
2.3259852	-0.013633283
2.3359672	-0.013750796
2.3459492	-0.013868817
2.3559312	-0.013987346
2.3659132	-0.014106382
2.3758952	-0.014225926
2.3858772	-0.014345978
2.3958592	-0.014466537
2.4058412	-0.014587604
2.4158232	-0.01470918
2.4258052	-0.014831263
2.4357872	-0.014953854
2.4457692	-0.015076953
2.4557512	-0.01520056
2.4657331	-0.015324675
2.4757151	-0.015449299
2.4856971	-0.015574431
2.4956791	-0.015700071
2.5056611	-0.01582622
2.5156431	-0.015952877
2.5256251	-0.016080043
2.5356071	-0.016207717
2.5455891	-0.0163359
2.5555711	-0.016464592
2.5655531	-0.016593792
2.5755351	-0.016723501
2.5855171	-0.01685372
2.5954991	-0.016984447
2.6054811	-0.017115683
2.6154631	-0.017247428
2.6254451	-0.017379682
2.6354271	-0.017512445
2.6454091	-0.017645718
2.6553911	-0.0177795
2.6653731	-0.017913792
2.6753551	-0.018048592
2.6853371	-0.018183903
2.6953191	-0.018319723
2.7053011	-0.018456052
2.7152831	-0.018592891
2.7252651	-0.01873024
2.735247	-0.018868099
2.745229	-0.019006468
2.755211	-0.019145347
2.765193	-0.019284735
2.775175	-0.019424634
2.785157	-0.019565043
2.795139	-0.019705962
2.805121	-0.019847392
2.815103	-0.019989331
2.825085	-0.020131782
2.835067	-0.020274742
2.845049	-0.020418214
2.855031	-0.020562195
2.865013	-0.020706688
2.874995	-0.020851691
2.884977	-0.020997205
2.894959	-0.02114323
2.904941	-0.021289766
2.914923	-0.021436813
2.924905	-0.021584371
2.934887	-0.02173244
2.944869	-0.021881021
2.954851	-0.022030112
2.964833	-0.022179716
2.974815	-0.02232983
2.984797	-0.022480456
2.994779	-0.022631594
3.004761	-0.022783243
3.0147429	-0.022935404
3.0247249	-0.023088077
3.0347069	-0.023241262
3.0446889	-0.023394958
3.0546709	-0.023549167
3.0646529	-0.023703888
3.0746349	-0.023859121
3.0846169	-0.024014866
3.0945989	-0.024171123
3.1045809	-0.024327893
3.1145629	-0.024485175
3.1245449	-0.02464297
3.1345269	-0.024801278
3.1445089	-0.024960098
3.1544909	-0.02511943
3.1644729	-0.025279276
3.1744549	-0.025439635
3.1844369	-0.025600506
3.1944189	-0.025761891
3.2044009	-0.025923788
3.2143829	-0.026086199
3.2243649	-0.026249124
3.2343469	-0.026412561
3.2443289	-0.026576512
3.2543109	-0.026740977
3.2642929	-0.026905955
3.2742749	-0.027071446
3.2842569	-0.027237452
3.2942388	-0.027403971
3.3042208	-0.027571004
3.3142028	-0.027738552
3.3241848	-0.027906613
3.3341668	-0.028075188
3.3441488	-0.028244278
3.3541308	-0.028413882
3.3641128	-0.028584
3.3740948	-0.028754633
3.3840768	-0.02892578
3.3940588	-0.029097442
3.4040408	-0.029269619
3.4140228	-0.02944231
3.4240048	-0.029615516
3.4339868	-0.029789238
3.4439688	-0.029963474
3.4539508	-0.030138225
3.4639328	-0.030313492
3.4739148	-0.030489273
3.4838968	-0.030665571
3.4938788	-0.030842383
3.5038608	-0.031019711
3.5138428	-0.031197555
3.5238248	-0.031375915
3.5338068	-0.03155479
3.5437888	-0.031734181
3.5537708	-0.031914088
3.5637528	-0.032094511
3.5737347	-0.03227545
3.5837167	-0.032456906
3.5936987	-0.032638877
3.6036807	-0.032821365
3.6136627	-0.03300437
3.6236447	-0.033187891
3.6336267	-0.033371929
3.6436087	-0.033556483
3.6535907	-0.033741554
3.6635727	-0.033927143
3.6735547	-0.034113248
3.6835367	-0.03429987
3.6935187	-0.034487009
3.7035007	-0.034674666
3.7134827	-0.03486284
3.7234647	-0.035051531
3.7334467	-0.03524074
3.7434287	-0.035430467
3.7534107	-0.035620711
3.7633927	-0.035811473
3.7733747	-0.036002753
3.7833567	-0.036194551
3.7933387	-0.036386867
3.8033207	-0.036579701
3.8133027	-0.036773053
3.8232847	-0.036966924
3.8332667	-0.037161313
3.8432486	-0.037356221
3.8532306	-0.037551647
3.8632126	-0.037747592
3.8731946	-0.037944056
3.8831766	-0.038141038
3.8931586	-0.03833854
3.9031406	-0.038536561
3.9131226	-0.038735101
3.9231046	-0.03893416
3.9330866	-0.039133738
3.9430686	-0.039333836
3.9530506	-0.039534454
3.9630326	-0.039735591
3.9730146	-0.039937248
3.9829966	-0.040139425
3.9929786	-0.040342122
4.0029606	-0.040545338
4.0129426	-0.040749075
4.0229246	-0.040953333
4.0329066	-0.04115811
4.0428886	-0.041363408
4.0528706	-0.041569226
4.0628526	-0.041775565
4.0728346	-0.041982425
4.0828166	-0.042189806
4.0927986	-0.042397707
4.1027806	-0.04260613
4.1127626	-0.042815074
4.1227445	-0.043024538
4.1327265	-0.043234525
4.1427085	-0.043445032
4.1526905	-0.043656061
4.1626725	-0.043867612
4.1726545	-0.044079685
4.1826365	-0.044292279
4.1926185	-0.044505395
4.2026005	-0.044719033
4.2125825	-0.044933194
4.2225645	-0.045147876
4.2325465	-0.045363081
4.2425285	-0.045578809
4.2525105	-0.045795059
4.2624925	-0.046011831
4.2724745	-0.046229126
4.2824565	-0.046446945
4.2924385	-0.046665286
4.3024205	-0.04688415
4.3124025	-0.047103537
4.3223845	-0.047323448
4.3323665	-0.047543882
4.3423485	-0.047764839
4.3523305	-0.04798632
4.3623125	-0.048208325
4.3722945	-0.048430854
4.3822765	-0.048653906
4.3922585	-0.048877482
4.4022404	-0.049101583
4.4122224	-0.049326208
4.4222044	-0.049551357
4.4321864	-0.049777031
4.4421684	-0.050003229
4.4521504	-0.050229951
4.4621324	-0.050457199
4.4721144	-0.050684971
4.4820964	-0.050913269
4.4920784	-0.051142091
4.5020604	-0.051371439
4.5120424	-0.051601312
4.5220244	-0.051831711
4.5320064	-0.052062635
4.5419884	-0.052294084
4.5519704	-0.05252606
4.5619524	-0.052758561
4.5719344	-0.052991588
4.5819164	-0.053225142
4.5918984	-0.053459221
4.6018804	-0.053693827
4.6118624	-0.05392896
4.6218444	-0.054164618
4.6318264	-0.054400804
4.6418084	-0.054637516
4.6517904	-0.054874756
4.6617724	-0.055112522
4.6717544	-0.055350815
4.6817363	-0.055589636
4.6917183	-0.055828984
4.7017003	-0.056068859
4.7116823	-0.056309262
4.7216643	-0.056550193
4.7316463	-0.056791651
4.7416283	-0.057033638
4.7516103	-0.057276152
4.7615923	-0.057519195
4.7715743	-0.057762766
4.7815563	-0.058006865
4.7915383	-0.058251493
4.8015203	-0.058496649
4.8115023	-0.058742334
4.8214843	-0.058988548
4.8314663	-0.059235292
4.8414483	-0.059482564
4.8514303	-0.059730365
4.8614123	-0.059978696
4.8713943	-0.060227556
4.8813763	-0.060476946
4.8913583	-0.060726865
4.9013403	-0.060977315
4.9113223	-0.061228294
4.9213043	-0.061479803
4.9312863	-0.061731843
4.9412683	-0.061984413
4.9512503	-0.062237513
4.9612322	-0.062491144
4.9712142	-0.062745306
4.9811962	-0.062999998
4.9911782	-0.063255221
5.0011602	-0.063510976
5.0111422	-0.063767261
5.0211242	-0.064024078
5.0311062	-0.064281426
5.0410882	-0.064539306
5.0510702	-0.064797718
5.0610522	-0.065056661
5.0710342	-0.065316136
5.0810162	-0.065576144
5.0909982	-0.065836683
5.1009802	-0.066097755
5.1109622	-0.066359359
5.1209442	-0.066621496
5.1309262	-0.066884166
5.1409082	-0.067147368
5.1508902	-0.067411103
5.1608722	-0.067675372
5.1708542	-0.067940173
5.1808362	-0.068205508
5.1908182	-0.068471376
5.2008002	-0.068737778
5.2107822	-0.069004714
5.2207642	-0.069272183
5.2307461	-0.069540187
5.2407281	-0.069808724
5.2507101	-0.070077796
5.2606921	-0.070347402
5.2706741	-0.070617543
5.2806561	-0.070888218
5.2906381	-0.071159429
5.3006201	-0.071431174
5.3106021	-0.071703454
5.3205841	-0.071976269
5.3305661	-0.072249619
5.3405481	-0.072523505
5.3505301	-0.072797927
5.3605121	-0.073072884
5.3704941	-0.073348377
5.3804761	-0.073624406
5.3904581	-0.073900971
5.4004401	-0.074178072
5.4104221	-0.07445571
5.4204041	-0.074733884
5.4303861	-0.075012595
5.4403681	-0.075291843
5.4503501	-0.075571628
5.4603321	-0.075851949
5.4703141	-0.076132808
5.4802961	-0.076414204
5.4902781	-0.076696138
5.5002601	-0.076978609
5.510242	-0.077261618
5.520224	-0.077545165
5.530206	-0.07782925
5.540188	-0.078113873
5.55017	-0.078399034
5.560152	-0.078684734
5.570134	-0.078970972
5.580116	-0.079257749
5.590098	-0.079545065
5.60008	-0.07983292
5.610062	-0.080121314
5.620044	-0.080410248
5.630026	-0.080699721
5.640008	-0.080989733
5.64999	-0.081280285
5.659972	-0.081571377
5.669954	-0.081863009
5.679936	-0.082155181
5.689918	-0.082447893
5.6999	-0.082741146
5.709882	-0.083034939
5.719864	-0.083329273
5.729846	-0.083624148
5.739828	-0.083919564
5.74981	-0.084215521
5.759792	-0.08451202
5.769774	-0.08480906
5.779756	-0.085106641
5.7897379	-0.085404764
5.7997199	-0.085703429
5.8097019	-0.086002636
5.8196839	-0.086302385
5.8296659	-0.086602677
5.8396479	-0.086903511
5.8496299	-0.087204888
5.8596119	-0.087506807
5.8695939	-0.087809269
5.8795759	-0.088112275
5.8895579	-0.088415824
5.8995399	-0.088719916
5.9095219	-0.089024551
5.9195039	-0.08932973
5.9294859	-0.089635453
5.9394679	-0.08994172
5.9494499	-0.090248531
5.9594319	-0.090555887
5.9694139	-0.090863786
5.9793959	-0.091172231
5.9893779	-0.09148122
5.9993599	-0.091790754
6.0093419	-0.092100833
6.0193239	-0.092411457
6.0293059	-0.092722626
6.0392879	-0.093034341
6.0492699	-0.093346602
6.0592519	-0.093659409
6.0692338	-0.093972761
6.0792158	-0.09428666
6.0891978	-0.094601104
6.0991798	-0.094916096
6.1091618	-0.095231633
6.1191438	-0.095547718
6.1291258	-0.095864349
6.1391078	-0.096181528
6.1490898	-0.096499254
6.1590718	-0.096817527
6.1690538	-0.097136347
6.1790358	-0.097455715
6.1890178	-0.097775632
6.1989998	-0.098096096
6.2089818	-0.098417108
6.2189638	-0.098738669
6.2289458	-0.099060778
6.2389278	-0.099383435
6.2489098	-0.099706642
6.2588918	-0.1000304
6.2688738	-0.1003547
6.2788558	-0.10067956
6.2888378	-0.10100496
6.2988198	-0.10133091
6.3088018	-0.10165741
6.3187838	-0.10198447
6.3287658	-0.10231207
6.3387477	-0.10264022
6.3487297	-0.10296893
6.3587117	-0.10329818
6.3686937	-0.10362798
6.3786757	-0.10395834
6.3886577	-0.10428925
6.3986397	-0.1046207
6.4086217	-0.10495271
6.4186037	-0.10528528
6.4285857	-0.10561839
6.4385677	-0.10595205
6.4485497	-0.10628627
6.4585317	-0.10662104
6.4685137	-0.10695636
6.4784957	-0.10729223
6.4884777	-0.10762866
6.4984597	-0.10796564
6.5084417	-0.10830317
6.5184237	-0.10864126
6.5284057	-0.1089799
6.5383877	-0.10931909
6.5483697	-0.10965884
6.5583517	-0.10999914
6.5683337	-0.11033999
6.5783157	-0.1106814
6.5882977	-0.11102336
6.5982797	-0.11136588
6.6082617	-0.11170895
6.6182436	-0.11205258
6.6282256	-0.11239676
6.6382076	-0.1127415
6.6481896	-0.11308679
6.6581716	-0.11343264
6.6681536	-0.11377905
6.6781356	-0.11412601
6.6881176	-0.11447353
6.6980996	-0.1148216
6.7080816	-0.11517023
6.7180636	-0.11551942
6.7280456	-0.11586916
6.7380276	-0.11621946
6.7480096	-0.11657032
6.7579916	-0.11692173
6.7679736	-0.1172737
6.7779556	-0.11762623
6.7879376	-0.11797932
6.7979196	-0.11833297
6.8079016	-0.11868717
6.8178836	-0.11904194
6.8278656	-0.11939726
6.8378476	-0.11975314
6.8478296	-0.12010958
6.8578116	-0.12046658
6.8677936	-0.12082413
6.8777756	-0.12118225
6.8877576	-0.12154093
6.8977395	-0.12190017
6.9077215	-0.12225996
6.9177035	-0.12262032
6.9276855	-0.12298124
6.9376675	-0.12334272
6.9476495	-0.12370476
6.9576315	-0.12406736
6.9676135	-0.12443052
6.9775955	-0.12479424
6.9875775	-0.12515852
6.9975595	-0.12552337
7.0075415	-0.12588878
7.0175235	-0.12625475
7.0275055	-0.12662128
7.0374875	-0.12698837
7.0474695	-0.12735603
7.0574515	-0.12772425
7.0674335	-0.12809303
7.0774155	-0.12846238
7.0873975	-0.12883229
7.0973795	-0.12920276
7.1073615	-0.1295738
7.1173435	-0.1299454
7.1273255	-0.13031757
7.1373075	-0.1306903
7.1472895	-0.13106359
7.1572715	-0.13143745
7.1672535	-0.13181187
7.1772354	-0.13218686
7.1872174	-0.13256241
7.1971994	-0.13293853
7.2071814	-0.13331522
7.2171634	-0.13369247
7.2271454	-0.13407028
7.2371274	-0.13444867
7.2471094	-0.13482762
7.2570914	-0.13520713
7.2670734	-0.13558721
7.2770554	-0.13596786
7.2870374	-0.13634908
7.2970194	-0.13673087
7.3070014	-0.13711322
7.3169834	-0.13749614
7.3269654	-0.13787962
7.3369474	-0.13826368
7.3469294	-0.1386483
7.3569114	-0.1390335
7.3668934	-0.13941926
7.3768754	-0.13980559
7.3868574	-0.14019249
7.3968394	-0.14057996
7.4068214	-0.14096799
7.4168034	-0.1413566
7.4267854	-0.14174578
7.4367674	-0.14213553
7.4467493	-0.14252585
7.4567313	-0.14291673
7.4667133	-0.14330819
7.4766953	-0.14370022
7.4866773	-0.14409283
7.4966593	-0.144486
7.5066413	-0.14487974
7.5166233	-0.14527406
7.5266053	-0.14566895
7.5365873	-0.14606441
7.5465693	-0.14646044
7.5565513	-0.14685704
7.5665333	-0.14725422
7.5765153	-0.14765197
7.5864973	-0.1480503
7.5964793	-0.14844919
7.6064613	-0.14884866
7.6164433	-0.14924871
7.6264253	-0.14964933
7.6364073	-0.15005052
7.6463893	-0.15045228
7.6563713	-0.15085463
7.6663533	-0.15125754
7.6763353	-0.15166103
7.6863173	-0.1520651
7.6962993	-0.15246974
7.7062813	-0.15287496
7.7162633	-0.15328075
7.7262452	-0.15368712
7.7362272	-0.15409407
7.7462092	-0.15450159
7.7561912	-0.15490969
7.7661732	-0.15531836
7.7761552	-0.15572761
7.7861372	-0.15613744
7.7961192	-0.15654785
7.8061012	-0.15695883
7.8160832	-0.1573704
7.8260652	-0.15778254
7.8360472	-0.15819526
7.8460292	-0.15860855
7.8560112	-0.15902243
7.8659932	-0.15943689
7.8759752	-0.15985192
7.8859572	-0.16026753
7.8959392	-0.16068373
7.9059212	-0.1611005
7.9159032	-0.16151785
7.9258852	-0.16193579
7.9358672	-0.1623543
7.9458492	-0.1627734
7.9558312	-0.16319307
7.9658132	-0.16361333
7.9757952	-0.16403416
7.9857772	-0.16445558
7.9957592	-0.16487759
8.0057411	-0.16530017
8.0157231	-0.16572333
8.0257051	-0.16614708
8.0356871	-0.16657141
8.0456691	-0.16699633
8.0556511	-0.16742182
8.0656331	-0.1678479
8.0756151	-0.16827456
8.0855971	-0.16870181
8.0955791	-0.16912964
8.1055611	-0.16955806
8.1155431	-0.16998706
8.1255251	-0.17041664
8.1355071	-0.17084681
8.1454891	-0.17127756
8.1554711	-0.1717089
8.1654531	-0.17214083
8.1754351	-0.17257334
8.1854171	-0.17300643
8.1953991	-0.17344011
8.2053811	-0.17387438
8.2153631	-0.17430924
8.2253451	-0.17474468
8.2353271	-0.17518071
8.2453091	-0.17561733
8.2552911	-0.17605453
8.2652731	-0.17649232
8.2752551	-0.1769307
8.285237	-0.17736967
8.295219	-0.17780923
8.305201	-0.17824937
8.315183	-0.1786901
8.325165	-0.17913143
8.335147	-0.17957334
8.345129	-0.18001584
8.355111	-0.18045893
8.365093	-0.18090262
8.375075	-0.18134689
8.385057	-0.18179175
8.395039	-0.1822372
8.405021	-0.18268325
8.415003	-0.18312988
8.424985	-0.18357711
8.434967	-0.18402493
8.444949	-0.18447334
8.454931	-0.18492234
8.464913	-0.18537194
8.474895	-0.18582212
8.484877	-0.1862729
8.494859	-0.18672428
8.504841	-0.18717624
8.514823	-0.1876288
8.524805	-0.18808196
8.534787	-0.18853571
8.544769	-0.18899005
8.554751	-0.18944498
8.5647329	-0.18990052
8.5747149	-0.19035664
8.5846969	-0.19081336
8.5946789	-0.19127068
8.6046609	-0.19172859
8.6146429	-0.1921871
8.6246249	-0.1926462
8.6346069	-0.19310591
8.6445889	-0.1935662
8.6545709	-0.1940271
8.6645529	-0.19448859
8.6745349	-0.19495068
8.6845169	-0.19541336
8.6944989	-0.19587665
8.7044809	-0.19634053
8.7144629	-0.19680501
8.7244449	-0.19727009
8.7344269	-0.19773577
8.7444089	-0.19820204
8.7543909	-0.19866892
8.7643729	-0.1991364
8.7743549	-0.19960447
8.7843369	-0.20007315
8.7943189	-0.20054242
8.8043009	-0.2010123
8.8142829	-0.20148278
8.8242649	-0.20195385
8.8342468	-0.20242553
8.8442288	-0.20289781
8.8542108	-0.2033707
8.8641928	-0.20384418
8.8741748	-0.20431827
8.8841568	-0.20479296
8.8941388	-0.20526825
8.9041208	-0.20574414
8.9141028	-0.20622064
8.9240848	-0.20669774
8.9340668	-0.20717545
8.9440488	-0.20765376
8.9540308	-0.20813267
8.9640128	-0.20861219
8.9739948	-0.20909231
8.9839768	-0.20957304
8.9939588	-0.21005437
9.0039408	-0.21053631
9.0139228	-0.21101885
9.0239048	-0.211502
9.0338868	-0.21198576
9.0438688	-0.21247012
9.0538508	-0.21295509
9.0638328	-0.21344067
9.0738148	-0.21392685
9.0837968	-0.21441365
9.0937788	-0.21490105
9.1037608	-0.21538905
9.1137427	-0.21587767
9.1237247	-0.21636689
9.1337067	-0.21685673
9.1436887	-0.21734717
9.1536707	-0.21783822
9.1636527	-0.21832988
9.1736347	-0.21882215
9.1836167	-0.21931503
9.1935987	-0.21980852
9.2035807	-0.22030263
9.2135627	-0.22079734
9.2235447	-0.22129266
9.2335267	-0.2217886
9.2435087	-0.22228514
9.2534907	-0.2227823
9.2634727	-0.22328008
9.2734547	-0.22377846
9.2834367	-0.22427746
9.2934187	-0.22477706
9.3034007	-0.22527729
9.3133827	-0.22577812
9.3233647	-0.22627957
9.3333467	-0.22678164
9.3433287	-0.22728432
9.3533107	-0.22778761
9.3632927	-0.22829152
9.3732747	-0.22879604
9.3832567	-0.22930118
9.3932386	-0.22980693
9.4032206	-0.2303133
9.4132026	-0.23082029
9.4231846	-0.23132789
9.4331666	-0.23183611
9.4431486	-0.23234495
9.4531306	-0.2328544
9.4631126	-0.23336447
9.4730946	-0.23387516
9.4830766	-0.23438647
9.4930586	-0.23489839
9.5030406	-0.23541094
9.5130226	-0.2359241
9.5230046	-0.23643788
9.5329866	-0.23695228
9.5429686	-0.2374673
9.5529506	-0.23798294
9.5629326	-0.23849921
9.5729146	-0.23901609
9.5828966	-0.23953359
9.5928786	-0.24005171
9.6028606	-0.24057046
9.6128426	-0.24108983
9.6228246	-0.24160981
9.6328066	-0.24213043
9.6427886	-0.24265166
9.6527706	-0.24317351
9.6627526	-0.24369599
9.6727345	-0.2442191
9.6827165	-0.24474282
9.6926985	-0.24526717
9.7026805	-0.24579215
9.7126625	-0.24631774
9.7226445	-0.24684397
9.7326265	-0.24737082
9.7426085	-0.24789829
9.7525905	-0.24842639
9.7625725	-0.24895511
9.7725545	-0.24948446
9.7825365	-0.25001444
9.7925185	-0.25054504
9.8025005	-0.25107627
9.8124825	-0.25160813
9.8224645	-0.25214062
9.8324465	-0.25267373
9.8424285	-0.25320747
9.8524105	-0.25374184
9.8623925	-0.25427684
9.8723745	-0.25481247
9.8823565	-0.25534872
9.8923385	-0.25588561
9.9023205	-0.25642312
9.9123025	-0.25696127
9.9222845	-0.25750005
9.9322665	-0.25803945
9.9422484	-0.25857949
9.9522304	-0.25912016
9.9622124	-0.25966146
9.9721944	-0.26020339
9.9821764	-0.26074596
9.9921584	-0.26128916
10.00214	-0.26183298
10.012122	-0.26237745
10.022104	-0.26292254
10.032086	-0.26346827
10.042068	-0.26401464
10.05205	-0.26456163
10.062032	-0.26510926
10.072014	-0.26565753
10.081996	-0.26620643
10.091978	-0.26675597
10.10196	-0.26730614
10.111942	-0.26785695
10.121924	-0.2684084
10.131906	-0.26896048
10.141888	-0.26951319
10.15187	-0.27006655
10.161852	-0.27062054
10.171834	-0.27117517
10.181816	-0.27173044
10.191798	-0.27228635
10.20178	-0.27284289
10.211762	-0.27340008
10.221744	-0.2739579
10.231726	-0.27451636
10.241708	-0.27507546
10.25169	-0.27563521
10.261672	-0.27619559
10.271654	-0.27675661
10.281636	-0.27731828
10.291618	-0.27788058
10.3016	-0.27844353
10.311582	-0.27900712
10.321564	-0.27957135
10.331546	-0.28013622
10.341528	-0.28070174
10.35151	-0.2812679
10.361492	-0.2818347
10.371474	-0.28240215
10.381456	-0.28297024
10.391438	-0.28353898
10.40142	-0.28410836
10.411402	-0.28467838
10.421384	-0.28524905
10.431366	-0.28582037
10.441348	-0.28639233
10.45133	-0.28696494
10.461312	-0.28753819
10.471294	-0.28811209
10.481276	-0.28868664
10.491258	-0.28926184
10.50124	-0.28983768
10.511222	-0.29041417
10.521204	-0.29099131
10.531186	-0.2915691
10.541168	-0.29214754
10.55115	-0.29272662
10.561132	-0.29330636
10.571114	-0.29388675
10.581096	-0.29446778
10.591078	-0.29504947
10.60106	-0.29563181
10.611042	-0.29621479
10.621024	-0.29679844
10.631006	-0.29738273
10.640988	-0.29796767
10.65097	-0.29855327
10.660952	-0.29913952
10.670934	-0.29972642
10.680916	-0.30031398
10.690898	-0.30090219
10.70088	-0.30149105
10.710862	-0.30208057
10.720844	-0.30267074
10.730826	-0.30326157
10.740808	-0.30385305
10.75079	-0.30444519
10.760772	-0.30503798
10.770754	-0.30563143
10.780736	-0.30622554
10.790718	-0.30682031
10.8007	-0.30741573
10.810682	-0.30801181
10.820664	-0.30860854
10.830646	-0.30920594
10.840628	-0.30980399
10.85061	-0.3104027
10.860592	-0.31100207
10.870574	-0.31160211
10.880556	-0.3122028
10.890538	-0.31280415
10.90052	-0.31340616
10.910502	-0.31400883
10.920484	-0.31461216
10.930466	-0.31521616
10.940448	-0.31582082
10.95043	-0.31642613
10.960412	-0.31703212
10.970394	-0.31763876
10.980376	-0.31824607
10.990358	-0.31885404
11.00034	-0.31946267
11.010322	-0.32007197
11.020304	-0.32068193
11.030286	-0.32129256
11.040268	-0.32190385
11.05025	-0.32251581
11.060232	-0.32312843
11.070214	-0.32374172
11.080196	-0.32435568
11.090178	-0.3249703
11.10016	-0.32558559
11.110142	-0.32620155
11.120124	-0.32681817
11.130106	-0.32743547
11.140088	-0.32805343
11.15007	-0.32867206
11.160052	-0.32929136
11.170034	-0.32991133
11.180016	-0.33053197
11.189998	-0.33115328
11.19998	-0.33177525
11.209962	-0.3323979
11.219944	-0.33302123
11.229926	-0.33364522
11.239908	-0.33426988
11.24989	-0.33489522
11.259872	-0.33552123
11.269854	-0.33614791
11.279836	-0.33677527
11.289818	-0.33740329
11.2998	-0.338032
11.309782	-0.33866137
11.319764	-0.33929143
11.329746	-0.33992215
11.339728	-0.34055355
11.34971	-0.34118563
11.359692	-0.34181838
11.369674	-0.34245181
11.379656	-0.34308592
11.389638	-0.3437207
11.39962	-0.34435616
11.409602	-0.3449923
11.419584	-0.34562911
11.429566	-0.34626661
11.439548	-0.34690478
11.44953	-0.34754363
11.459512	-0.34818316
11.469494	-0.34882337
11.479476	-0.34946427
11.489458	-0.35010584
11.49944	-0.35074809
11.509422	-0.35139102
11.519404	-0.35203464
11.529386	-0.35267894
11.539368	-0.35332391
11.54935	-0.35396958
11.559332	-0.35461592
11.569314	-0.35526295
11.579296	-0.35591066
11.589278	-0.35655906
11.59926	-0.35720813
11.609242	-0.3578579
11.619224	-0.35850835
11.629206	-0.35915948
11.639188	-0.3598113
11.64917	-0.36046381
11.659152	-0.361117
11.669134	-0.36177088
11.679116	-0.36242545
11.689098	-0.36308071
11.69908	-0.36373665
11.709062	-0.36439328
11.719044	-0.3650506
11.729026	-0.36570861
11.739008	-0.36636731
11.74899	-0.36702669
11.758972	-0.36768677
11.768954	-0.36834754
11.778936	-0.369009
11.788918	-0.36967115
11.7989	-0.37033399
11.808882	-0.37099752
11.818864	-0.37166175
11.828846	-0.37232667
11.838828	-0.37299228
11.84881	-0.37365858
11.858792	-0.37432558
11.868774	-0.37499327
11.878756	-0.37566166
11.888738	-0.37633074
11.89872	-0.37700052
11.908702	-0.37767099
11.918684	-0.37834216
11.928666	-0.37901403
11.938648	-0.37968659
11.94863	-0.38035985
11.958612	-0.3810338
11.968594	-0.38170845
11.978576	-0.38238381
11.988558	-0.38305986
11.99854	-0.38373661
12.008522	-0.38441405
12.018504	-0.3850922
12.028486	-0.38577105
12.038468	-0.3864506
12.04845	-0.38713085
12.058432	-0.3878118
12.068414	-0.38849345
12.078396	-0.3891758
12.088378	-0.38985886
12.09836	-0.39054262
12.108342	-0.39122708
12.118324	-0.39191224
12.128306	-0.39259811
12.138288	-0.39328468
12.14827	-0.39397196
12.158252	-0.39465994
12.168234	-0.39534863
12.178216	-0.39603802
12.188198	-0.39672812
12.19818	-0.39741893
12.208162	-0.39811044
12.218144	-0.39880266
12.228126	-0.39949558
12.238108	-0.40018922
12.24809	-0.40088356
12.258072	-0.40157861
12.268054	-0.40227438
12.278036	-0.40297085
12.288018	-0.40366803
12.298	-0.40436592
12.307982	-0.40506452
12.317964	-0.40576383
12.327946	-0.40646385
12.337928	-0.40716459
12.34791	-0.40786603
12.357892	-0.40856819
12.367874	-0.40927107
12.377856	-0.40997465
12.387838	-0.41067895
12.39782	-0.41138397
12.407802	-0.41208969
12.417784	-0.41279614
12.427766	-0.4135033
12.437748	-0.41421117
12.44773	-0.41491976
12.457712	-0.41562907
12.467694	-0.41633909
12.477676	-0.41704983
12.487658	-0.41776129
12.49764	-0.41847347
12.507622	-0.41918636
12.517604	-0.41989997
12.527586	-0.42061431
12.537568	-0.42132936
12.54755	-0.42204513
12.557532	-0.42276162
12.567514	-0.42347884
12.577495	-0.42419677
12.587477	-0.42491543
12.597459	-0.4256348
12.607441	-0.4263549
12.617423	-0.42707573
12.627405	-0.42779727
12.637387	-0.42851954
12.647369	-0.42924254
12.657351	-0.42996626
12.667333	-0.4306907
12.677315	-0.43141587
12.687297	-0.43214176
12.697279	-0.43286838
12.707261	-0.43359572
12.717243	-0.4343238
12.727225	-0.4350526
12.737207	-0.43578212
12.747189	-0.43651238
12.757171	-0.43724336
12.767153	-0.43797507
12.777135	-0.43870752
12.787117	-0.43944069
12.797099	-0.44017459
12.807081	-0.44090922
12.817063	-0.44164458
12.827045	-0.44238068
12.837027	-0.4431175
12.847009	-0.44385506
12.856991	-0.44459335
12.866973	-0.44533237
12.876955	-0.44607212
12.886937	-0.44681261
12.896919	-0.44755384
12.906901	-0.44829579
12.916883	-0.44903849
12.926865	-0.44978191
12.936847	-0.45052608
12.946829	-0.45127098
12.956811	-0.45201661
12.966793	-0.45276299
12.976775	-0.4535101
12.986757	-0.45425795
12.996739	-0.45500653
13.006721	-0.45575586
13.016703	-0.45650592
13.026685	-0.45725673
13.036667	-0.45800827
13.046649	-0.45876055
13.056631	-0.45951358
13.066613	-0.46026734
13.076595	-0.46102185
13.086577	-0.4617771
13.096559	-0.46253309
13.106541	-0.46328982
13.116523	-0.4640473
13.126505	-0.46480552
13.136487	-0.46556448
13.146469	-0.46632419
13.156451	-0.46708465
13.166433	-0.46784585
13.176415	-0.46860779
13.186397	-0.46937048
13.196379	-0.47013392
13.206361	-0.47089811
13.216343	-0.47166304
13.226325	-0.47242872
13.236307	-0.47319515
13.246289	-0.47396232
13.256271	-0.47473025
13.266253	-0.47549892
13.276235	-0.47626835
13.286217	-0.47703852
13.296199	-0.47780945
13.306181	-0.47858113
13.316163	-0.47935356
13.326145	-0.48012674
13.336127	-0.48090067
13.346109	-0.48167536
13.356091	-0.4824508
13.366073	-0.48322699
13.376055	-0.48400394
13.386037	-0.48478165
13.396019	-0.4855601
13.406001	-0.48633932
13.415983	-0.48711929
13.425965	-0.48790001
13.435947	-0.4886815
13.445929	-0.48946374
13.455911	-0.49024673
13.465893	-0.49103049
13.475875	-0.491815
13.485857	-0.49260028
13.495839	-0.49338631
13.505821	-0.4941731
13.515803	-0.49496065
13.525785	-0.49574897
13.535767	-0.49653804
13.545749	-0.49732788
13.555731	-0.49811848
13.565713	-0.49890984
13.575695	-0.49970196
13.585677	-0.50049485
13.595659	-0.5012885
13.605641	-0.50208292
13.615623	-0.5028781
13.625605	-0.50367404
13.635587	-0.50447075
13.645569	-0.50526823
13.655551	-0.50606647
13.665533	-0.50686548
13.675515	-0.50766526
13.685497	-0.5084658
13.695479	-0.50926712
13.705461	-0.5100692
13.715443	-0.51087205
13.725425	-0.51167567
13.735407	-0.51248006
13.745389	-0.51328522
13.755371	-0.51409115
13.765353	-0.51489785
13.775335	-0.51570533
13.785317	-0.51651358
13.795299	-0.5173226
13.805281	-0.51813239
13.815263	-0.51894296
13.825245	-0.5197543
13.835227	-0.52056641
13.845209	-0.5213793
13.855191	-0.52219297
13.865173	-0.52300741
13.875155	-0.52382263
13.885137	-0.52463862
13.895119	-0.52545539
13.905101	-0.52627294
13.915083	-0.52709127
13.925065	-0.52791037
13.935047	-0.52873026
13.945029	-0.52955092
13.955011	-0.53037236
13.964993	-0.53119459
13.974975	-0.53201759
13.984957	-0.53284138
13.994939	-0.53366595
14.004921	-0.5344913
14.014903	-0.53531743
14.024885	-0.53614435
14.034867	-0.53697205
14.044849	-0.53780053
14.054831	-0.5386298
14.064813	-0.53945985
14.074795	-0.54029069
14.084777	-0.54112231
14.094759	-0.54195472
14.104741	-0.54278792
14.114723	-0.54362191
14.124705	-0.54445668
14.134687	-0.54529224
14.144669	-0.54612859
14.154651	-0.54696572
14.164633	-0.54780365
14.174615	-0.54864237
14.184597	-0.54948188
14.194579	-0.55032218
14.204561	-0.55116327
14.214543	-0.55200515
14.224525	-0.55284782
14.234507	-0.55369129
14.244489	-0.55453555
14.254471	-0.55538061
14.264453	-0.55622645
14.274435	-0.5570731
14.284417	-0.55792054
14.294399	-0.55876877
14.304381	-0.5596178
14.314363	-0.56046763
14.324345	-0.56131825
14.334327	-0.56216967
14.344309	-0.56302189
14.354291	-0.56387491
14.364273	-0.56472872
14.374255	-0.56558334
14.384237	-0.56643875
14.394219	-0.56729497
14.404201	-0.56815199
14.414183	-0.56900981
14.424165	-0.56986843
14.434147	-0.57072785
14.444129	-0.57158807
14.454111	-0.5724491
14.464093	-0.57331093
14.474075	-0.57417357
14.484057	-0.57503701
14.494039	-0.57590125
14.504021	-0.5767663
14.514003	-0.57763216
14.523985	-0.57849882
14.533967	-0.57936629
14.543949	-0.58023457
14.553931	-0.58110366
14.563913	-0.58197355
14.573895	-0.58284425
14.583877	-0.58371577
14.593859	-0.58458809
14.603841	-0.58546122
14.613823	-0.58633516
14.623805	-0.58720992
14.633787	-0.58808549
14.643769	-0.58896186
14.653751	-0.58983906
14.663733	-0.59071706
14.673715	-0.59159588
14.683697	-0.59247551
14.693679	-0.59335596
14.703661	-0.59423722
14.713643	-0.5951193
14.723625	-0.5960022
14.733607	-0.59688591
14.743589	-0.59777044
14.753571	-0.59865578
14.763553	-0.59954195
14.773535	-0.60042893
14.783517	-0.60131673
14.793499	-0.60220535
14.803481	-0.60309479
14.813463	-0.60398506
14.823445	-0.60487614
14.833427	-0.60576804
14.843409	-0.60666077
14.853391	-0.60755432
14.863373	-0.60844869
14.873355	-0.60934389
14.883337	-0.61023991
14.893319	-0.61113675
14.903301	-0.61203442
14.913283	-0.61293292
14.923265	-0.61383224
14.933247	-0.61473238
14.943229	-0.61563336
14.953211	-0.61653516
14.963193	-0.61743779
14.973175	-0.61834125
14.983157	-0.61924553
14.993139	-0.62015065
15.003121	-0.6210566
15.013103	-0.62196337
15.023085	-0.62287098
15.033067	-0.62377942
15.043049	-0.62468869
15.053031	-0.6255988
15.063013	-0.62650973
15.072995	-0.6274215
15.082977	-0.62833411
15.092959	-0.62924755
15.102941	-0.63016182
15.112923	-0.63107693
15.122905	-0.63199288
15.132887	-0.63290966
15.142869	-0.63382728
15.152851	-0.63474573
15.162833	-0.63566503
15.172815	-0.63658516
15.182797	-0.63750613
15.192779	-0.63842794
15.202761	-0.63935059
15.212743	-0.64027408
15.222725	-0.64119842
15.232707	-0.64212359
15.242689	-0.64304961
15.252671	-0.64397647
15.262653	-0.64490417
15.272635	-0.64583271
15.282617	-0.6467621
15.292599	-0.64769234
15.302581	-0.64862342
15.312563	-0.64955534
15.322545	-0.65048811
15.332527	-0.65142173
15.342509	-0.65235619
15.35249	-0.65329151
15.362472	-0.65422767
15.372454	-0.65516468
15.382436	-0.65610253
15.392418	-0.65704124
15.4024	-0.6579808
15.412382	-0.65892121
15.422364	-0.65986247
15.432346	-0.66080458
15.442328	-0.66174755
15.45231	-0.66269136
15.462292	-0.66363603
15.472274	-0.66458156
15.482256	-0.66552794
15.492238	-0.66647517
15.50222	-0.66742326
15.512202	-0.6683722
15.522184	-0.66932201
15.532166	-0.67027266
15.542148	-0.67122418
15.55213	-0.67217655
15.562112	-0.67312979
15.572094	-0.67408388
15.582076	-0.67503883
15.592058	-0.67599464
15.60204	-0.67695131
15.612022	-0.67790884
15.622004	-0.67886724
15.631986	-0.67982649
15.641968	-0.68078661
15.65195	-0.68174759
15.661932	-0.68270944
15.671914	-0.68367215
15.681896	-0.68463573
15.691878	-0.68560017
15.70186	-0.68656547
15.711842	-0.68753164
15.721824	-0.68849868
15.731806	-0.68946659
15.741788	-0.69043537
15.75177	-0.69140501
15.761752	-0.69237552
15.771734	-0.6933469
15.781716	-0.69431915
15.791698	-0.69529228
15.80168	-0.69626627
15.811662	-0.69724114
15.821644	-0.69821687
15.831626	-0.69919348
15.841608	-0.70017097
15.85159	-0.70114932
15.861572	-0.70212856
15.871554	-0.70310866
15.881536	-0.70408964
15.891518	-0.7050715
15.9015	-0.70605424
15.911482	-0.70703785
15.921464	-0.70802234
15.931446	-0.7090077
15.941428	-0.70999395
15.95141	-0.71098107
15.961392	-0.71196908
15.971374	-0.71295796
15.981356	-0.71394772
15.991338	-0.71493837
16.00132	-0.7159299
16.011302	-0.71692231
16.021284	-0.7179156
16.031266	-0.71890978
16.041248	-0.71990484
16.05123	-0.72090078
16.061212	-0.72189761
16.071194	-0.72289533
16.081176	-0.72389393
16.091158	-0.72489342
16.10114	-0.7258938
16.111122	-0.72689506
16.121104	-0.72789721
16.131086	-0.72890025
16.141068	-0.72990418
16.15105	-0.730909
16.161032	-0.73191471
16.171014	-0.73292131
16.180996	-0.7339288
16.190978	-0.73493719
16.20096	-0.73594647
16.210942	-0.73695664
16.220924	-0.7379677
16.230906	-0.73897966
16.240888	-0.73999251
16.25087	-0.74100626
16.260852	-0.74202091
16.270834	-0.74303645
16.280816	-0.74405289
16.290798	-0.74507022
16.30078	-0.74608846
16.310762	-0.74710759
16.320744	-0.74812762
16.330726	-0.74914855
16.340708	-0.75017038
16.35069	-0.75119312
16.360672	-0.75221675
16.370654	-0.75324129
16.380636	-0.75426672
16.390618	-0.75529307
16.4006	-0.75632031
16.410582	-0.75734846
16.420564	-0.75837751
16.430546	-0.75940747
16.440528	-0.76043834
16.45051	-0.76147011
16.460492	-0.76250279
16.470474	-0.76353637
16.480456	-0.76457087
16.490438	-0.76560627
16.50042	-0.76664258
16.510402	-0.7676798
16.520384	-0.76871793
16.530366	-0.76975698
16.540348	-0.77079693
16.55033	-0.7718378
16.560312	-0.77287958
16.570294	-0.77392227
16.580276	-0.77496587
16.590258	-0.77601039
16.60024	-0.77705582
16.610222	-0.77810217
16.620204	-0.77914944
16.630186	-0.78019762
16.640168	-0.78124672
16.65015	-0.78229673
16.660132	-0.78334767
16.670114	-0.78439952
16.680096	-0.78545229
16.690078	-0.78650599
16.70006	-0.7875606
16.710042	-0.78861613
16.720024	-0.78967259
16.730006	-0.79072996
16.739988	-0.79178826
16.74997	-0.79284748
16.759952	-0.79390763
16.769934	-0.7949687
16.779916	-0.79603069
16.789898	-0.79709362
16.79988	-0.79815746
16.809862	-0.79922224
16.819844	-0.80028794
16.829826	-0.80135456
16.839808	-0.80242212
16.84979	-0.80349061
16.859772	-0.80456002
16.869754	-0.80563036
16.879736	-0.80670164
16.889718	-0.80777385
16.8997	-0.80884698
16.909682	-0.80992105
16.919664	-0.81099606
16.929646	-0.81207199
16.939628	-0.81314886
16.94961	-0.81422667
16.959592	-0.81530541
16.969574	-0.81638508
16.979556	-0.8174657
16.989538	-0.81854725
16.99952	-0.81962973
17.009502	-0.82071316
17.019484	-0.82179752
17.029466	-0.82288282
17.039448	-0.82396906
17.04943	-0.82505624
17.059412	-0.82614437
17.069394	-0.82723343
17.079376	-0.82832344
17.089358	-0.82941438
17.09934	-0.83050628
17.109322	-0.83159911
17.119304	-0.83269289
17.129286	-0.83378762
17.139268	-0.83488329
17.14925	-0.8359799
17.159232	-0.83707747
17.169214	-0.83817598
17.179196	-0.83927543
17.189178	-0.84037584
17.19916	-0.8414772
17.209142	-0.8425795
17.219124	-0.84368276
17.229106	-0.84478696
17.239088	-0.84589212
17.24907	-0.84699823
17.259052	-0.84810529
17.269034	-0.8492133
17.279016	-0.85032227
17.288998	-0.85143219
17.29898	-0.85254307
17.308962	-0.8536549
17.318944	-0.85476769
17.328926	-0.85588143
17.338908	-0.85699613
17.34889	-0.85811179
17.358872	-0.85922841
17.368854	-0.86034598
17.378836	-0.86146452
17.388818	-0.86258402
17.3988	-0.86370447
17.408782	-0.86482589
17.418764	-0.86594827
17.428746	-0.86707161
17.438728	-0.86819591
17.44871	-0.86932118
17.458692	-0.87044741
17.468674	-0.87157461
17.478656	-0.87270277
17.488638	-0.8738319
17.49862	-0.874962
17.508602	-0.87609306
17.518584	-0.87722509
17.528566	-0.87835808
17.538548	-0.87949205
17.54853	-0.88062699
17.558512	-0.88176289
17.568494	-0.88289977
17.578476	-0.88403762
17.588458	-0.88517644
17.59844	-0.88631623
17.608422	-0.88745699
17.618404	-0.88859873
17.628386	-0.88974144
17.638368	-0.89088513
17.64835	-0.89202979
17.658332	-0.89317543
17.668314	-0.89432205
17.678296	-0.89546964
17.688278	-0.89661821
17.69826	-0.89776776
17.708242	-0.89891829
17.718224	-0.90006979
17.728206	-0.90122228
17.738188	-0.90237575
17.74817	-0.9035302
17.758152	-0.90468563
17.768134	-0.90584204
17.778116	-0.90699944
17.788098	-0.90815782
17.79808	-0.90931718
17.808062	-0.91047753
17.818044	-0.91163887
17.828026	-0.91280119
17.838008	-0.9139645
17.84799	-0.91512879
17.857972	-0.91629407
17.867954	-0.91746034
17.877936	-0.91862761
17.887918	-0.91979586
17.8979	-0.9209651
17.907882	-0.92213533
17.917864	-0.92330655
17.927846	-0.92447877
17.937828	-0.92565197
17.94781	-0.92682617
17.957792	-0.92800137
17.967774	-0.92917756
17.977756	-0.93035474
17.987738	-0.93153292
17.99772	-0.9327121
18.007702	-0.93389227
18.017684	-0.93507344
18.027666	-0.93625561
18.037648	-0.93743878
18.04763	-0.93862295
18.057612	-0.93980812
18.067594	-0.94099428
18.077576	-0.94218145
18.087558	-0.94336962
18.09754	-0.9445588
18.107522	-0.94574897
18.117504	-0.94694015
18.127485	-0.94813234
18.137467	-0.94932552
18.147449	-0.95051972
18.157431	-0.95171492
18.167413	-0.95291112
18.177395	-0.95410834
18.187377	-0.95530656
18.197359	-0.95650579
18.207341	-0.95770603
18.217323	-0.95890728
18.227305	-0.96010954
18.237287	-0.96131281
18.247269	-0.96251709
18.257251	-0.96372238
18.267233	-0.96492869
18.277215	-0.96613601
18.287197	-0.96734434
18.297179	-0.96855369
18.307161	-0.96976405
18.317143	-0.97097543
18.327125	-0.97218783
18.337107	-0.97340124
18.347089	-0.97461567
18.357071	-0.97583112
18.367053	-0.97704759
18.377035	-0.97826507
18.387017	-0.97948358
18.396999	-0.98070311
18.406981	-0.98192366
18.416963	-0.98314523
18.426945	-0.98436782
18.436927	-0.98559144
18.446909	-0.98681608
18.456891	-0.98804174
18.466873	-0.98926843
18.476855	-0.99049615
18.486837	-0.99172489
18.496819	-0.99295466
18.506801	-0.99418545
18.516783	-0.99541728
18.526765	-0.99665013
18.536747	-0.99788401
18.546729	-0.99911892
18.556711	-1.0003549
18.566693	-1.0015918
18.576675	-1.0028298
18.586657	-1.0040689
18.596639	-1.005309
18.606621	-1.0065501
18.616603	-1.0077922
18.626585	-1.0090354
18.636567	-1.0102796
18.646549	-1.0115248
18.656531	-1.0127711
18.666513	-1.0140184
18.676495	-1.0152668
18.686477	-1.0165162
18.696459	-1.0177666
18.706441	-1.0190181
18.716423	-1.0202706
18.726405	-1.0215242
18.736387	-1.0227787
18.746369	-1.0240344
18.756351	-1.0252911
18.766333	-1.0265488
18.776315	-1.0278076
18.786297	-1.0290674
18.796279	-1.0303282
18.806261	-1.0315902
18.816243	-1.0328531
18.826225	-1.0341171
18.836207	-1.0353822
18.846189	-1.0366483
18.856171	-1.0379154
18.866153	-1.0391836
18.876135	-1.0404528
18.886117	-1.0417231
18.896099	-1.0429945
18.906081	-1.0442669
18.916063	-1.0455403
18.926045	-1.0468149
18.936027	-1.0480904
18.946009	-1.049367
18.955991	-1.0506447
18.965973	-1.0519234
18.975955	-1.0532032
18.985937	-1.0544841
18.995919	-1.055766
19.005901	-1.0570489
19.015883	-1.0583329
19.025865	-1.059618
19.035847	-1.0609042
19.045829	-1.0621914
19.055811	-1.0634796
19.065793	-1.0647689
19.075775	-1.0660593
19.085757	-1.0673508
19.095739	-1.0686433
19.105721	-1.0699369
19.115703	-1.0712315
19.125685	-1.0725272
19.135667	-1.073824
19.145649	-1.0751219
19.155631	-1.0764208
19.165613	-1.0777207
19.175595	-1.0790218
19.185577	-1.0803239
19.195559	-1.0816271
19.205541	-1.0829314
19.215523	-1.0842367
19.225505	-1.0855431
19.235487	-1.0868506
19.245469	-1.0881591
19.255451	-1.0894688
19.265433	-1.0907795
19.275415	-1.0920913
19.285397	-1.0934041
19.295379	-1.094718
19.305361	-1.096033
19.315343	-1.0973491
19.325325	-1.0986663
19.335307	-1.0999845
19.345289	-1.1013039
19.355271	-1.1026243
19.365253	-1.1039458
19.375235	-1.1052683
19.385217	-1.106592
19.395199	-1.1079167
19.405181	-1.1092425
19.415163	-1.1105694
19.425145	-1.1118974
19.435127	-1.1132265
19.445109	-1.1145567
19.455091	-1.1158879
19.465073	-1.1172202
19.475055	-1.1185537
19.485037	-1.1198882
19.495019	-1.1212238
19.505001	-1.1225605
19.514983	-1.1238982
19.524965	-1.1252371
19.534947	-1.1265771
19.544929	-1.1279181
19.554911	-1.1292603
19.564893	-1.1306035
19.574875	-1.1319479
19.584857	-1.1332933
19.594839	-1.1346398
19.604821	-1.1359875
19.614803	-1.1373362
19.624785	-1.138686
19.634767	-1.1400369
19.644749	-1.1413889
19.654731	-1.1427421
19.664713	-1.1440963
19.674695	-1.1454516
19.684677	-1.146808
19.694659	-1.1481655
19.704641	-1.1495242
19.714623	-1.1508839
19.724605	-1.1522447
19.734587	-1.1536067
19.744569	-1.1549697
19.754551	-1.1563339
19.764533	-1.1576991
19.774515	-1.1590655
19.784497	-1.160433
19.794479	-1.1618015
19.804461	-1.1631712
19.814443	-1.164542
19.824425	-1.1659139
19.834407	-1.167287
19.844389	-1.1686611
19.854371	-1.1700363
19.864353	-1.1714127
19.874335	-1.1727902
19.884317	-1.1741688
19.894299	-1.1755485
19.904281	-1.1769293
19.914263	-1.1783112
19.924245	-1.1796943
19.934227	-1.1810784
19.944209	-1.1824637
19.954191	-1.1838501
19.964173	-1.1852377
19.974155	-1.1866263
19.984137	-1.1880161
19.994119	-1.189407
20.004101	-1.190799
20.014083	-1.1921921
20.024065	-1.1935864
20.034047	-1.1949817
20.044029	-1.1963782
20.054011	-1.1977759
20.063993	-1.1991746
20.073975	-1.2005745
20.083957	-1.2019755
20.093939	-1.2033777
20.103921	-1.2047809
20.113903	-1.2061853
20.123885	-1.2075908
20.133867	-1.2089975
20.143849	-1.2104053
20.153831	-1.2118142
20.163813	-1.2132243
20.173795	-1.2146354
20.183777	-1.2160478
20.193759	-1.2174612
20.203741	-1.2188758
20.213723	-1.2202915
20.223705	-1.2217084
20.233687	-1.2231264
20.243669	-1.2245455
20.253651	-1.2259658
20.263633	-1.2273872
20.273615	-1.2288097
20.283597	-1.2302334
20.293579	-1.2316582
20.303561	-1.2330842
20.313543	-1.2345113
20.323525	-1.2359396
20.333507	-1.237369
20.343489	-1.2387995
20.353471	-1.2402312
20.363453	-1.241664
20.373435	-1.243098
20.383417	-1.2445331
20.393399	-1.2459694
20.403381	-1.2474068
20.413363	-1.2488454
20.423345	-1.2502851
20.433327	-1.251726
20.443309	-1.253168
20.453291	-1.2546111
20.463273	-1.2560555
20.473255	-1.2575009
20.483237	-1.2589476
20.493219	-1.2603953
20.503201	-1.2618443
20.513183	-1.2632944
20.523165	-1.2647456
20.533147	-1.266198
20.543129	-1.2676516
20.553111	-1.2691063
20.563093	-1.2705621
20.573075	-1.2720192
20.583057	-1.2734773
20.593039	-1.2749367
20.603021	-1.2763972
20.613003	-1.2778589
20.622985	-1.2793217
20.632967	-1.2807857
20.642949	-1.2822509
20.652931	-1.2837172
20.662913	-1.2851847
20.672895	-1.2866533
20.682877	-1.2881231
20.692859	-1.2895941
20.702841	-1.2910663
20.712823	-1.2925396
20.722805	-1.2940141
20.732787	-1.2954897
20.742769	-1.2969666
20.752751	-1.2984446
20.762733	-1.2999237
20.772715	-1.3014041
20.782697	-1.3028856
20.792679	-1.3043682
20.802661	-1.3058521
20.812643	-1.3073371
20.822625	-1.3088233
20.832607	-1.3103107
20.842589	-1.3117993
20.852571	-1.313289
20.862553	-1.3147799
20.872535	-1.316272
20.882517	-1.3177653
20.892498	-1.3192597
20.90248	-1.3207554
20.912462	-1.3222522
20.922444	-1.3237502
20.932426	-1.3252493
20.942408	-1.3267497
20.95239	-1.3282512
20.962372	-1.3297539
20.972354	-1.3312578
20.982336	-1.3327629
20.992318	-1.3342692
21.0023	-1.3357767
21.012282	-1.3372853
21.022264	-1.3387952
21.032246	-1.3403062
21.042228	-1.3418184
21.05221	-1.3433318
21.062192	-1.3448464
21.072174	-1.3463622
21.082156	-1.3478792
21.092138	-1.3493973
21.10212	-1.3509167
21.112102	-1.3524372
21.122084	-1.353959
21.132066	-1.3554819
21.142048	-1.3570061
21.15203	-1.3585314
21.162012	-1.3600579
21.171994	-1.3615857
21.181976	-1.3631146
21.191958	-1.3646447
21.20194	-1.366176
21.211922	-1.3677086
21.221904	-1.3692423
21.231886	-1.3707772
21.241868	-1.3723134
21.25185	-1.3738507
21.261832	-1.3753892
21.271814	-1.376929
21.281796	-1.3784699
21.291778	-1.380012
21.30176	-1.3815554
21.311742	-1.3831
21.321724	-1.3846457
21.331706	-1.3861927
21.341688	-1.3877409
21.35167	-1.3892903
21.361652	-1.3908409
21.371634	-1.3923927
21.381616	-1.3939457
21.391598	-1.3954999
21.40158	-1.3970554
21.411562	-1.398612
21.421544	-1.4001699
21.431526	-1.401729
21.441508	-1.4032893
21.45149	-1.4048508
21.461472	-1.4064136
21.471454	-1.4079775
21.481436	-1.4095427
21.491418	-1.4111091
21.5014	-1.4126767
21.511382	-1.4142455
21.521364	-1.4158155
21.531346	-1.4173868
21.541328	-1.4189593
21.55131	-1.420533
21.561292	-1.4221079
21.571274	-1.423684
21.581256	-1.4252614
21.591238	-1.42684
21.60122	-1.4284198
21.611202	-1.4300009
21.621184	-1.4315832
21.631166	-1.4331667
21.641148	-1.4347514
21.65113	-1.4363373
21.661112	-1.4379245
21.671094	-1.4395129
21.681076	-1.4411026
21.691058	-1.4426935
21.70104	-1.4442856
21.711022	-1.4458789
21.721004	-1.4474735
21.730986	-1.4490693
21.740968	-1.4506663
21.75095	-1.4522646
21.760932	-1.4538641
21.770914	-1.4554648
21.780896	-1.4570668
21.790878	-1.45867
21.80086	-1.4602745
21.810842	-1.4618802
21.820824	-1.4634871
21.830806	-1.4650953
21.840788	-1.4667047
21.85077	-1.4683154
21.860752	-1.4699273
21.870734	-1.4715404
21.880716	-1.4731548
21.890698	-1.4747704
21.90068	-1.4763873
21.910662	-1.4780054
21.920644	-1.4796247
21.930626	-1.4812453
21.940608	-1.4828672
21.95059	-1.4844903
21.960572	-1.4861146
21.970554	-1.4877402
21.980536	-1.4893671
21.990518	-1.4909951
22.0005	-1.4926245
22.010482	-1.4942551
22.020464	-1.4958869
22.030446	-1.49752
22.040428	-1.4991544
22.05041	-1.50079
22.060392	-1.5024268
22.070374	-1.504065
22.080356	-1.5057043
22.090338	-1.5073449
22.10032	-1.5089868
22.110302	-1.51063
22.120284	-1.5122744
22.130266	-1.51392
22.140248	-1.5155669
22.15023	-1.5172151
22.160212	-1.5188645
22.170194	-1.5205152
22.180176	-1.5221672
22.190158	-1.5238204
22.20014	-1.5254749
22.210122	-1.5271306
22.220104	-1.5287876
22.230086	-1.5304459
22.240068	-1.5321055
22.25005	-1.5337663
22.260032	-1.5354283
22.270014	-1.5370917
22.279996	-1.5387563
22.289978	-1.5404222
22.29996	-1.5420893
22.309942	-1.5437577
22.319924	-1.5454274
22.329906	-1.5470984
22.339888	-1.5487706
22.34987	-1.5504441
22.359852	-1.5521189
22.369834	-1.553795
22.379816	-1.5554723
22.389798	-1.5571509
22.39978	-1.5588308
22.409762	-1.5605119
22.419744	-1.5621943
22.429726	-1.563878
22.439708	-1.565563
22.44969	-1.5672493
22.459672	-1.5689368
22.469654	-1.5706256
22.479636	-1.5723158
22.489618	-1.5740071
22.4996	-1.5756998
22.509582	-1.5773937
22.519564	-1.579089
22.529546	-1.5807855
22.539528	-1.5824833
22.54951	-1.5841824
22.559492	-1.5858827
22.569474	-1.5875844
22.579456	-1.5892873
22.589438	-1.5909916
22.59942	-1.5926971
22.609402	-1.5944039
22.619384	-1.596112
22.629366	-1.5978214
22.639348	-1.5995321
22.64933	-1.601244
22.659312	-1.6029573
22.669294	-1.6046718
22.679276	-1.6063877
22.689258	-1.6081048
22.69924	-1.6098233
22.709222	-1.611543
22.719204	-1.613264
22.729186	-1.6149863
22.739168	-1.6167099
22.74915	-1.6184349
22.759132	-1.6201611
22.769114	-1.6218886
22.779096	-1.6236174
22.789078	-1.6253475
22.79906	-1.6270789
22.809042	-1.6288116
22.819024	-1.6305456
22.829006	-1.6322809
22.838988	-1.6340176
22.84897	-1.6357555
22.858952	-1.6374947
22.868934	-1.6392352
22.878916	-1.6409771
22.888898	-1.6427202
22.89888	-1.6444647
22.908862	-1.6462104
22.918844	-1.6479575
22.928826	-1.6497058
22.938808	-1.6514555
22.94879	-1.6532065
22.958772	-1.6549588
22.968754	-1.6567124
22.978736	-1.6584673
22.988718	-1.6602236
22.9987	-1.6619811
23.008682	-1.66374
23.018664	-1.6655002
23.028646	-1.6672616
23.038628	-1.6690244
23.04861	-1.6707886
23.058592	-1.672554
23.068574	-1.6743208
23.078556	-1.6760888
23.088538	-1.6778582
23.09852	-1.6796289
23.108502	-1.6814009
23.118484	-1.6831743
23.128466	-1.684949
23.138448	-1.6867249
23.14843	-1.6885022
23.158412	-1.6902809
23.168394	-1.6920608
23.178376	-1.6938421
23.188358	-1.6956247
23.19834	-1.6974086
23.208322	-1.6991939
23.218304	-1.7009805
23.228286	-1.7027684
23.238268	-1.7045576
23.24825	-1.7063482
23.258232	-1.7081401
23.268214	-1.7099333
23.278196	-1.7117278
23.288178	-1.7135237
23.29816	-1.7153209
23.308142	-1.7171194
23.318124	-1.7189193
23.328106	-1.7207205
23.338088	-1.7225231
23.34807	-1.7243269
23.358052	-1.7261321
23.368034	-1.7279387
23.378016	-1.7297465
23.387998	-1.7315558
23.39798	-1.7333663
23.407962	-1.7351782
23.417944	-1.7369914
23.427926	-1.738806
23.437908	-1.7406219
23.44789	-1.7424391
23.457872	-1.7442577
23.467854	-1.7460776
23.477836	-1.7478989
23.487818	-1.7497215
23.4978	-1.7515454
23.507782	-1.7533707
23.517764	-1.7551974
23.527746	-1.7570253
23.537728	-1.7588547
23.54771	-1.7606853
23.557692	-1.7625174
23.567674	-1.7643507
23.577656	-1.7661854
23.587638	-1.7680215
23.59762	-1.7698589
23.607602	-1.7716977
23.617584	-1.7735378
23.627566	-1.7753792
23.637548	-1.777222
23.64753	-1.7790662
23.657512	-1.7809117
23.667493	-1.7827586
23.677475	-1.7846068
23.687457	-1.7864563
23.697439	-1.7883073
23.707421	-1.7901596
23.717403	-1.7920132
23.727385	-1.7938682
23.737367	-1.7957245
23.747349	-1.7975822
23.757331	-1.7994413
23.767313	-1.8013017
23.777295	-1.8031635
23.787277	-1.8050266
23.797259	-1.8068911
23.807241	-1.808757
23.817223	-1.8106242
23.827205	-1.8124928
23.837187	-1.8143628
23.847169	-1.8162341
23.857151	-1.8181068
23.867133	-1.8199808
23.877115	-1.8218562
23.887097	-1.823733
23.897079	-1.8256111
23.907061	-1.8274906
23.917043	-1.8293715
23.927025	-1.8312537
23.937007	-1.8331373
23.946989	-1.8350223
23.956971	-1.8369086
23.966953	-1.8387963
23.976935	-1.8406854
23.986917	-1.8425759
23.996899	-1.8444677
24.006881	-1.8463609
24.016863	-1.8482555
24.026845	-1.8501514
24.036827	-1.8520487
24.046809	-1.8539474
24.056791	-1.8558475
24.066773	-1.8577489
24.076755	-1.8596518
24.086737	-1.861556
24.096719	-1.8634615
24.106701	-1.8653685
24.116683	-1.8672768
24.126665	-1.8691865
24.136647	-1.8710976
24.146629	-1.8730101
24.156611	-1.8749239
24.166593	-1.8768392
24.176575	-1.8787558
24.186557	-1.8806738
24.196539	-1.8825932
24.206521	-1.8845139
24.216503	-1.8864361
24.226485	-1.8883596
24.236467	-1.8902845
24.246449	-1.8922108
24.256431	-1.8941385
24.266413	-1.8960676
24.276395	-1.897998
24.286377	-1.8999299
24.296359	-1.9018631
24.306341	-1.9037978
24.316323	-1.9057338
24.326305	-1.9076712
24.336287	-1.90961
24.346269	-1.9115502
24.356251	-1.9134918
24.366233	-1.9154347
24.376215	-1.9173791
24.386197	-1.9193249
24.396179	-1.921272
24.406161	-1.9232206
24.416143	-1.9251705
24.426125	-1.9271219
24.436107	-1.9290746
24.446089	-1.9310287
24.456071	-1.9329843
24.466053	-1.9349412
24.476035	-1.9368995
24.486017	-1.9388592
24.495999	-1.9408204
24.505981	-1.9427829
24.515963	-1.9447468
24.525945	-1.9467121
24.535927	-1.9486789
24.545909	-1.950647
24.555891	-1.9526165
24.565873	-1.9545875
24.575855	-1.9565598
24.585837	-1.9585336
24.595819	-1.9605087
24.605801	-1.9624853
24.615783	-1.9644632
24.625765	-1.9664426
24.635747	-1.9684234
24.645729	-1.9704055
24.655711	-1.9723891
24.665693	-1.9743741
24.675675	-1.9763605
24.685657	-1.9783484
24.695639	-1.9803376
24.705621	-1.9823282
24.715603	-1.9843203
24.725585	-1.9863137
24.735567	-1.9883086
24.745549	-1.9903049
24.755531	-1.9923026
24.765513	-1.9943017
24.775495	-1.9963022
24.785477	-1.9983042
24.795459	-2.0003075
24.805441	-2.0023123
24.815423	-2.0043185
24.825405	-2.0063261
24.835387	-2.0083351
24.845369	-2.0103456
24.855351	-2.0123575
24.865333	-2.0143707
24.875315	-2.0163854
24.885297	-2.0184016
24.895279	-2.0204191
24.905261	-2.0224381
24.915243	-2.0244585
24.925225	-2.0264803
24.935207	-2.0285035
24.945189	-2.0305282
24.955171	-2.0325542
24.965153	-2.0345817
24.975135	-2.0366107
24.985117	-2.038641
24.995099	-2.0406728
25.005081	-2.042706
25.015063	-2.0447406
25.025045	-2.0467767
25.035027	-2.0488142
25.045009	-2.0508531
25.054991	-2.0528934
25.064973	-2.0549352
25.074955	-2.0569784
25.084937	-2.0590231
25.094919	-2.0610691
25.104901	-2.0631166
25.114883	-2.0651655
25.124865	-2.0672159
25.134847	-2.0692677
25.144829	-2.0713209
25.154811	-2.0733756
25.164793	-2.0754317
25.174775	-2.0774892
25.184757	-2.0795482
25.194739	-2.0816086
25.204721	-2.0836704
25.214703	-2.0857337
25.224685	-2.0877984
25.234667	-2.0898646
25.244649	-2.0919322
25.254631	-2.0940012
25.264613	-2.0960717
25.274595	-2.0981436
25.284577	-2.1002169
25.294559	-2.1022917
25.304541	-2.1043679
25.314523	-2.1064456
25.324505	-2.1085247
25.334487	-2.1106053
25.344469	-2.1126873
25.354451	-2.1147707
25.364433	-2.1168556
25.374415	-2.118942
25.384397	-2.1210297
25.394379	-2.123119
25.404361	-2.1252096
25.414343	-2.1273018
25.424325	-2.1293953
25.434307	-2.1314903
25.444289	-2.1335868
25.454271	-2.1356847
25.464253	-2.1377841
25.474235	-2.1398849
25.484217	-2.1419872
25.494199	-2.1440909
25.504181	-2.146196
25.514163	-2.1483026
25.524145	-2.1504107
25.534127	-2.1525202
25.544109	-2.1546312
25.554091	-2.1567436
25.564073	-2.1588575
25.574055	-2.1609728
25.584037	-2.1630896
25.594019	-2.1652079
25.604001	-2.1673276
25.613983	-2.1694487
25.623965	-2.1715713
25.633947	-2.1736954
25.643929	-2.1758209
25.653911	-2.1779479
25.663893	-2.1800764
25.673875	-2.1822063
25.683857	-2.1843376
25.693839	-2.1864705
25.703821	-2.1886047
25.713803	-2.1907405
25.723785	-2.1928777
25.733767	-2.1950164
25.743749	-2.1971565
25.753731	-2.1992981
25.763713	-2.2014411
25.773695	-2.2035857
25.783677	-2.2057317
25.793659	-2.2078791
25.803641	-2.210028
25.813623	-2.2121784
25.823605	-2.2143302
25.833587	-2.2164836
25.843569	-2.2186383
25.853551	-2.2207946
25.863533	-2.2229523
25.873515	-2.2251115
25.883497	-2.2272721
25.893479	-2.2294343
25.903461	-2.2315979
25.913443	-2.2337629
25.923425	-2.2359294
25.933407	-2.2380974
25.943389	-2.2402669
25.953371	-2.2424379
25.963353	-2.2446103
25.973335	-2.2467842
25.983317	-2.2489595
25.993299	-2.2511364
26.003281	-2.2533147
26.013263	-2.2554945
26.023245	-2.2576757
26.033227	-2.2598585
26.043209	-2.2620427
26.053191	-2.2642284
26.063173	-2.2664155
26.073155	-2.2686042
26.083137	-2.2707943
26.093119	-2.2729859
26.103101	-2.275179
26.113083	-2.2773735
26.123065	-2.2795696
26.133047	-2.2817671
26.143029	-2.2839661
26.153011	-2.2861665
26.162993	-2.2883685
26.172975	-2.2905719
26.182957	-2.2927769
26.192939	-2.2949833
26.202921	-2.2971911
26.212903	-2.2994005
26.222885	-2.3016114
26.232867	-2.3038237
26.242849	-2.3060375
26.252831	-2.3082528
26.262813	-2.3104696
26.272795	-2.3126879
26.282777	-2.3149076
26.292759	-2.3171289
26.302741	-2.3193516
26.312723	-2.3215758
26.322705	-2.3238015
26.332687	-2.3260287
26.342669	-2.3282574
26.352651	-2.3304876
26.362633	-2.3327193
26.372615	-2.3349524
26.382597	-2.3371871
26.392579	-2.3394232
26.402561	-2.3416608
26.412543	-2.3438999
26.422525	-2.3461405
26.432507	-2.3483826
26.442488	-2.3506262
26.45247	-2.3528713
26.462452	-2.3551179
26.472434	-2.357366
26.482416	-2.3596155
26.492398	-2.3618666
26.50238	-2.3641191
26.512362	-2.3663732
26.522344	-2.3686287
26.532326	-2.3708858
26.542308	-2.3731443
26.55229	-2.3754044
26.562272	-2.3776659
26.572254	-2.3799289
26.582236	-2.3821935
26.592218	-2.3844595
26.6022	-2.386727
26.612182	-2.388996
26.622164	-2.3912666
26.632146	-2.3935386
26.642128	-2.3958121
26.65211	-2.3980871
26.662092	-2.4003637
26.672074	-2.4026417
26.682056	-2.4049212
26.692038	-2.4072023
26.70202	-2.4094848
26.712002	-2.4117688
26.721984	-2.4140544
26.731966	-2.4163414
26.741948	-2.41863
26.75193	-2.42092
26.761912	-2.4232116
26.771894	-2.4255047
26.781876	-2.4277992
26.791858	-2.4300953
26.80184	-2.4323929
26.811822	-2.434692
26.821804	-2.4369926
26.831786	-2.4392947
26.841768	-2.4415983
26.85175	-2.4439034
26.861732	-2.4462101
26.871714	-2.4485182
26.881696	-2.4508279
26.891678	-2.453139
26.90166	-2.4554517
26.911642	-2.4577659
26.921624	-2.4600815
26.931606	-2.4623988
26.941588	-2.4647175
26.95157	-2.4670377
26.961552	-2.4693594
26.971534	-2.4716827
26.981516	-2.4740074
26.991498	-2.4763337
27.00148	-2.4786615
27.011462	-2.4809908
27.021444	-2.4833216
27.031426	-2.485654
27.041408	-2.4879878
27.05139	-2.4903232
27.061372	-2.49266
27.071354	-2.4949984
27.081336	-2.4973384
27.091318	-2.4996798
27.1013	-2.5020227
27.111282	-2.5043672
27.121264	-2.5067132
27.131246	-2.5090607
27.141228	-2.5114097
27.15121	-2.5137602
27.161192	-2.5161123
27.171174	-2.5184659
27.181156	-2.5208209
27.191138	-2.5231776
27.20112	-2.5255357
27.211102	-2.5278954
27.221084	-2.5302565
27.231066	-2.5326192
27.241048	-2.5349834
27.25103	-2.5373492
27.261012	-2.5397165
27.270994	-2.5420852
27.280976	-2.5444556
27.290958	-2.5468274
27.30094	-2.5492007
27.310922	-2.5515756
27.320904	-2.553952
27.330886	-2.55633
27.340868	-2.5587094
27.35085	-2.5610904
27.360832	-2.5634729
27.370814	-2.5658569
27.380796	-2.5682425
27.390778	-2.5706296
27.40076	-2.5730182
27.410742	-2.5754083
27.420724	-2.5778
27.430706	-2.5801932
27.440688	-2.5825879
27.45067	-2.5849842
27.460652	-2.587382
27.470634	-2.5897813
27.480616	-2.5921821
27.490598	-2.5945845
27.50058	-2.5969884
27.510562	-2.5993938
27.520544	-2.6018008
27.530526	-2.6042092
27.540508	-2.6066193
27.55049	-2.6090308
27.560472	-2.6114439
27.570454	-2.6138585
27.580436	-2.6162747
27.590418	-2.6186924
27.6004	-2.6211116
27.610382	-2.6235323
27.620364	-2.6259546
27.630346	-2.6283784
27.640328	-2.6308038
27.65031	-2.6332306
27.660292	-2.6356591
27.670274	-2.638089
27.680256	-2.6405205
27.690238	-2.6429535
27.70022	-2.6453881
27.710202	-2.6478242
27.720184	-2.6502618
27.730166	-2.652701
27.740148	-2.6551417
27.75013	-2.6575839
27.760112	-2.6600277
27.770094	-2.662473
27.780076	-2.6649199
27.790058	-2.6673683
27.80004	-2.6698182
27.810022	-2.6722697
27.820004	-2.6747227
27.829986	-2.6771773
27.839968	-2.6796333
27.84995	-2.682091
27.859932	-2.6845501
27.869914	-2.6870109
27.879896	-2.6894731
27.889878	-2.6919369
27.89986	-2.6944022
27.909842	-2.6968691
27.919824	-2.6993375
27.929806	-2.7018075
27.939788	-2.704279
27.94977	-2.706752
27.959752	-2.7092266
27.969734	-2.7117027
27.979716	-2.7141804
27.989698	-2.7166596
27.99968	-2.7191404
28.009662	-2.7216227
28.019644	-2.7241065
28.029626	-2.7265919
28.039608	-2.7290789
28.04959	-2.7315673
28.059572	-2.7340574
28.069554	-2.7365489
28.079536	-2.7390421
28.089518	-2.7415367
28.0995	-2.7440329
28.109482	-2.7465307
28.119464	-2.74903
28.129446	-2.7515308
28.139428	-2.7540332
28.14941	-2.7565372
28.159392	-2.7590427
28.169374	-2.7615497
28.179356	-2.7640583
28.189338	-2.7665684
28.19932	-2.7690801
28.209302	-2.7715934
28.219284	-2.7741081
28.229266	-2.7766245
28.239248	-2.7791424
28.24923	-2.7816618
28.259212	-2.7841828
28.269194	-2.7867053
28.279176	-2.7892294
28.289158	-2.791755
28.29914	-2.7942822
28.309122	-2.7968109
28.319104	-2.7993412
28.329086	-2.8018731
28.339068	-2.8044064
28.34905	-2.8069414
28.359032	-2.8094779
28.369014	-2.8120159
28.378996	-2.8145555
28.388978	-2.8170967
28.39896	-2.8196394
28.408942	-2.8221836
28.418924	-2.8247294
28.428906	-2.8272768
28.438888	-2.8298257
28.44887	-2.8323762
28.458852	-2.8349282
28.468834	-2.8374818
28.478816	-2.8400369
28.488798	-2.8425936
28.49878	-2.8451518
28.508762	-2.8477116
28.518744	-2.850273
28.528726	-2.8528359
28.538708	-2.8554003
28.54869	-2.8579664
28.558672	-2.8605339
28.568654	-2.8631031
28.578636	-2.8656737
28.588618	-2.868246
28.5986	-2.8708198
28.608582	-2.8733951
28.618564	-2.8759721
28.628546	-2.8785505
28.638528	-2.8811306
28.64851	-2.8837121
28.658492	-2.8862953
28.668474	-2.88888
28.678456	-2.8914662
28.688438	-2.8940541
28.69842	-2.8966434
28.708402	-2.8992344
28.718384	-2.9018269
28.728366	-2.9044209
28.738348	-2.9070165
28.74833	-2.9096137
28.758312	-2.9122124
28.768294	-2.9148127
28.778276	-2.9174146
28.788258	-2.920018
28.79824	-2.922623
28.808222	-2.9252295
28.818204	-2.9278376
28.828186	-2.9304472
28.838168	-2.9330584
28.84815	-2.9356712
28.858132	-2.9382856
28.868114	-2.9409015
28.878096	-2.9435189
28.888078	-2.9461379
28.89806	-2.9487585
28.908042	-2.9513807
28.918024	-2.9540044
28.928006	-2.9566296
28.937988	-2.9592565
28.94797	-2.9618848
28.957952	-2.9645148
28.967934	-2.9671463
28.977916	-2.9697794
28.987898	-2.972414
28.99788	-2.9750502
29.007862	-2.977688
29.017844	-2.9803273
29.027826	-2.9829682
29.037808	-2.9856107
29.04779	-2.9882547
29.057772	-2.9909003
29.067754	-2.9935475
29.077736	-2.9961962
29.087718	-2.9988464
29.0977	-3.0014983
29.107682	-3.0041517
29.117664	-3.0068067
29.127646	-3.0094632
29.137628	-3.0121213
29.14761	-3.014781
29.157592	-3.0174422
29.167574	-3.020105
29.177556	-3.0227694
29.187538	-3.0254353
29.19752	-3.0281028
29.207502	-3.0307719
29.217483	-3.0334425
29.227465	-3.0361147
29.237447	-3.0387884
29.247429	-3.0414637
29.257411	-3.0441406
29.267393	-3.0468191
29.277375	-3.0494991
29.287357	-3.0521807
29.297339	-3.0548639
29.307321	-3.0575486
29.317303	-3.0602349
29.327285	-3.0629227
29.337267	-3.0656122
29.347249	-3.0683031
29.357231	-3.0709957
29.367213	-3.0736898
29.377195	-3.0763855
29.387177	-3.0790828
29.397159	-3.0817816
29.407141	-3.084482
29.417123	-3.087184
29.427105	-3.0898875
29.437087	-3.0925926
29.447069	-3.0952993
29.457051	-3.0980075
29.467033	-3.1007173
29.477015	-3.1034287
29.486997	-3.1061416
29.496979	-3.1088561
29.506961	-3.1115722
29.516943	-3.1142898
29.526925	-3.1170091
29.536907	-3.1197298
29.546889	-3.1224522
29.556871	-3.1251761
29.566853	-3.1279016
29.576835	-3.1306287
29.586817	-3.1333573
29.596799	-3.1360875
29.606781	-3.1388193
29.616763	-3.1415526
29.626745	-3.1442875
29.636727	-3.147024
29.646709	-3.149762
29.656691	-3.1525016
29.666673	-3.1552428
29.676655	-3.1579856
29.686637	-3.1607299
29.696619	-3.1634758
29.706601	-3.1662232
29.716583	-3.1689723
29.726565	-3.1717229
29.736547	-3.174475
29.746529	-3.1772288
29.756511	-3.1799841
29.766493	-3.182741
29.776475	-3.1854994
29.786457	-3.1882594
29.796439	-3.191021
29.806421	-3.1937842
29.816403	-3.1965489
29.826385	-3.1993152
29.836367	-3.2020831
29.846349	-3.2048525
29.856331	-3.2076235
29.866313	-3.2103961
29.876295	-3.2131703
29.886277	-3.215946
29.896259	-3.2187233
29.906241	-3.2215022
29.916223	-3.2242826
29.926205	-3.2270646
29.936187	-3.2298482
29.946169	-3.2326333
29.956151	-3.23542
29.966133	-3.2382083
29.976115	-3.2409982
29.986097	-3.2437896
29.996079	-3.2465826
30.006061	-3.2493772
30.016043	-3.2521733
30.026025	-3.2549711
30.036007	-3.2577703
30.045989	-3.2605712
30.055971	-3.2633736
30.065953	-3.2661776
30.075935	-3.2689832
30.085917	-3.2717903
30.095899	-3.274599
30.105881	-3.2774093
30.115863	-3.2802212
30.125845	-3.2830346
30.135827	-3.2858496
30.145809	-3.2886661
30.155791	-3.2914843
30.165773	-3.294304
30.175755	-3.2971253
30.185737	-3.2999481
30.195719	-3.3027725
30.205701	-3.3055985
30.215683	-3.3084261
30.225665	-3.3112552
30.235647	-3.3140859
30.245629	-3.3169182
30.255611	-3.319752
30.265593	-3.3225874
30.275575	-3.3254244
30.285557	-3.328263
30.295539	-3.3311031
30.305521	-3.3339448
30.315503	-3.336788
30.325485	-3.3396329
30.335467	-3.3424793
30.345449	-3.3453273
30.355431	-3.3481768
30.365413	-3.3510279
30.375395	-3.3538806
30.385377	-3.3567349
30.395359	-3.3595907
30.405341	-3.3624481
30.415323	-3.3653071
30.425305	-3.3681676
30.435287	-3.3710297
30.445269	-3.3738934
30.455251	-3.3767587
30.465233	-3.3796255
30.475215	-3.3824939
30.485197	-3.3853638
30.495179	-3.3882354
30.505161	-3.3911085
30.515143	-3.3939831
30.525125	-3.3968594
30.535107	-3.3997372
30.545089	-3.4026166
30.555071	-3.4054975
30.565053	-3.40838
30.575035	-3.4112641
30.585017	-3.4141498
30.594999	-3.417037
30.604981	-3.4199258
30.614963	-3.4228162
30.624945	-3.4257081
30.634927	-3.4286016
30.644909	-3.4314967
30.654891	-3.4343933
30.664873	-3.4372915
30.674855	-3.4401913
30.684837	-3.4430927
30.694819	-3.4459956
30.704801	-3.4489001
30.714783	-3.4518061
30.724765	-3.4547138
30.734747	-3.4576229
30.744729	-3.4605337
30.754711	-3.463446
30.764693	-3.4663599
30.774675	-3.4692754
30.784657	-3.4721924
30.794639	-3.475111
30.804621	-3.4780312
30.814603	-3.4809529
30.824585	-3.4838762
30.834567	-3.4868011
30.844549	-3.4897276
30.854531	-3.4926556
30.864513	-3.4955851
30.874495	-3.4985163
30.884477	-3.501449
30.894459	-3.5043833
30.904441	-3.5073191
30.914423	-3.5102565
30.924405	-3.5131955
30.934387	-3.516136
30.944369	-3.5190782
30.954351	-3.5220218
30.964333	-3.5249671
30.974315	-3.5279139
30.984297	-3.5308623
30.994279	-3.5338122
31.004261	-3.5367637
31.014243	-3.5397168
31.024225	-3.5426714
31.034207	-3.5456276
31.044189	-3.5485854
31.054171	-3.5515447
31.064153	-3.5545056
31.074135	-3.5574681
31.084117	-3.5604321
31.094099	-3.5633977
31.104081	-3.5663649
31.114063	-3.5693336
31.124045	-3.5723039
31.134027	-3.5752758
31.144009	-3.5782492
31.153991	-3.5812242
31.163973	-3.5842007
31.173955	-3.5871788
31.183937	-3.5901585
31.193919	-3.5931397
31.203901	-3.5961225
31.213883	-3.5991069
31.223865	-3.6020928
31.233847	-3.6050803
31.243829	-3.6080694
31.253811	-3.61106
31.263793	-3.6140522
31.273775	-3.6170459
31.283757	-3.6200412
31.293739	-3.6230381
31.303721	-3.6260365
31.313703	-3.6290365
31.323685	-3.632038
31.333667	-3.6350411
31.343649	-3.6380458
31.353631	-3.6410521
31.363613	-3.6440599
31.373595	-3.6470692
31.383577	-3.6500801
31.393559	-3.6530926
31.403541	-3.6561066
31.413523	-3.6591222
31.423505	-3.6621394
31.433487	-3.6651581
31.443469	-3.6681784
31.453451	-3.6712002
31.463433	-3.6742236
31.473415	-3.6772486
31.483397	-3.6802751
31.493379	-3.6833032
31.503361	-3.6863328
31.513343	-3.689364
31.523325	-3.6923968
31.533307	-3.6954311
31.543289	-3.698467
31.553271	-3.7015044
31.563253	-3.7045434
31.573235	-3.7075839
31.583217	-3.710626
31.593199	-3.7136697
31.603181	-3.7167149
31.613163	-3.7197616
31.623145	-3.72281
31.633127	-3.7258599
31.643109	-3.7289113
31.653091	-3.7319643
31.663073	-3.7350188
31.673055	-3.7380749
31.683037	-3.7411326
31.693019	-3.7441918
31.703001	-3.7472526
31.712983	-3.7503149
31.722965	-3.7533788
31.732947	-3.7564442
31.742929	-3.7595112
31.752911	-3.7625798
31.762893	-3.7656499
31.772875	-3.7687215
31.782857	-3.7717947
31.792839	-3.7748695
31.802821	-3.7779458
31.812803	-3.7810237
31.822785	-3.7841031
31.832767	-3.7871841
31.842749	-3.7902666
31.852731	-3.7933507
31.862713	-3.7964363
31.872695	-3.7995235
31.882677	-3.8026122
31.892659	-3.8057025
31.902641	-3.8087943
31.912623	-3.8118877
31.922605	-3.8149826
31.932587	-3.8180791
31.942569	-3.8211771
31.952551	-3.8242767
31.962533	-3.8273778
31.972515	-3.8304805
31.982496	-3.8335847
31.992478	-3.8366905
32.00246	-3.8397978
32.012442	-3.8429067
32.022424	-3.8460171
32.032406	-3.8491291
32.042388	-3.8522426
32.05237	-3.8553577
32.062352	-3.8584743
32.072334	-3.8615925
32.082316	-3.8647122
32.092298	-3.8678334
32.10228	-3.8709562
32.112262	-3.8740806
32.122244	-3.8772065
32.132226	-3.8803339
32.142208	-3.8834629
32.15219	-3.8865934
32.162172	-3.8897255
32.172154	-3.8928591
32.182136	-3.8959942
32.192118	-3.8991309
32.2021	-3.9022692
32.212082	-3.905409
32.222064	-3.9085503
32.232046	-3.9116932
32.242028	-3.9148376
32.25201	-3.9179835
32.261992	-3.921131
32.271974	-3.9242801
32.281956	-3.9274307
32.291938	-3.9305828
32.30192	-3.9337365
32.311902	-3.9368917
32.321884	-3.9400484
32.331866	-3.9432067
32.341848	-3.9463665
32.35183	-3.9495279
32.361812	-3.9526908
32.371794	-3.9558552
32.381776	-3.9590212
32.391758	-3.9621887
32.40174	-3.9653578
32.411722	-3.9685284
32.421704	-3.9717005
32.431686	-3.9748742
32.441668	-3.9780494
32.45165	-3.9812262
32.461632	-3.9844044
32.471614	-3.9875843
32.481596	-3.9907656
32.491578	-3.9939485
32.50156	-3.9971329
32.511542	-4.0003189
32.521524	-4.0035064
32.531506	-4.0066954
32.541488	-4.009886
32.55147	-4.0130781
32.561452	-4.0162717
32.571434	-4.0194668
32.581416	-4.0226635
32.591398	-4.0258618
32.60138	-4.0290615
32.611362	-4.0322628
32.621344	-4.0354656
32.631326	-4.03867
32.641308	-4.0418759
32.65129	-4.0450833
32.661272	-4.0482922
32.671254	-4.0515027
32.681236	-4.0547147
32.691218	-4.0579282
32.7012	-4.0611433
32.711182	-4.0643599
32.721164	-4.067578
32.731146	-4.0707976
32.741128	-4.0740188
32.75111	-4.0772415
32.761092	-4.0804658
32.771074	-4.0836915
32.781056	-4.0869188
32.791038	-4.0901476
32.80102	-4.0933779
32.811002	-4.0966098
32.820984	-4.0998432
32.830966	-4.1030781
32.840948	-4.1063145
32.85093	-4.1095525
32.860912	-4.1127919
32.870894	-4.1160329
32.880876	-4.1192755
32.890858	-4.1225195
32.90084	-4.1257651
32.910822	-4.1290122
32.920804	-4.1322608
32.930786	-4.1355109
32.940768	-4.1387626
32.95075	-4.1420158
32.960732	-4.1452705
32.970714	-4.1485267
32.980696	-4.1517844
32.990678	-4.1550437
33.00066	-4.1583044
33.010642	-4.1615667
33.020624	-4.1648305
33.030606	-4.1680959
33.040588	-4.1713627
33.05057	-4.1746311
33.060552	-4.1779009
33.070534	-4.1811723
33.080516	-4.1844453
33.090498	-4.1877197
33.10048	-4.1909956
33.110462	-4.1942731
33.120444	-4.197552
33.130426	-4.2008325
33.140408	-4.2041145
33.15039	-4.207398
33.160372	-4.2106831
33.170354	-4.2139696
33.180336	-4.2172576
33.190318	-4.2205472
33.2003	-4.2238383
33.210282	-4.2271308
33.220264	-4.2304249
33.230246	-4.2337205
33.240228	-4.2370176
33.25021	-4.2403163
33.260192	-4.2436164
33.270174	-4.246918
33.280156	-4.2502212
33.290138	-4.2535258
33.30012	-4.256832
33.310102	-4.2601397
33.320084	-4.2634488
33.330066	-4.2667595
33.340048	-4.2700717
33.35003	-4.2733854
33.360012	-4.2767006
33.369994	-4.2800173
33.379976	-4.2833355
33.389958	-4.2866552
33.39994	-4.2899764
33.409922	-4.2932991
33.419904	-4.2966234
33.429886	-4.2999491
33.439868	-4.3032763
33.44985	-4.306605
33.459832	-4.3099353
33.469814	-4.313267
33.479796	-4.3166002
33.489778	-4.3199349
33.49976	-4.3232712
33.509742	-4.3266089
33.519724	-4.3299481
33.529706	-4.3332888
33.539688	-4.336631
33.54967	-4.3399748
33.559652	-4.34332
33.569634	-4.3466667
33.579616	-4.3500149
33.589598	-4.3533646
33.59958	-4.3567158
33.609562	-4.3600685
33.619544	-4.3634226
33.629526	-4.3667783
33.639508	-4.3701355
33.64949	-4.3734941
33.659472	-4.3768543
33.669454	-4.3802159
33.679436	-4.3835791
33.689418	-4.3869437
33.6994	-4.3903098
33.709382	-4.3936774
33.719364	-4.3970465
33.729346	-4.4004171
33.739328	-4.4037892
33.74931	-4.4071628
33.759292	-4.4105378
33.769274	-4.4139144
33.779256	-4.4172924
33.789238	-4.4206719
33.79922	-4.4240529
33.809202	-4.4274354
33.819184	-4.4308194
33.829166	-4.4342049
33.839148	-4.4375918
33.84913	-4.4409802
33.859112	-4.4443701
33.869094	-4.4477615
33.879076	-4.4511544
33.889058	-4.4545488
33.89904	-4.4579446
33.909022	-4.4613419
33.919004	-4.4647407
33.928986	-4.468141
33.938968	-4.4715428
33.94895	-4.474946
33.958932	-4.4783507
33.968914	-4.4817569
33.978896	-4.4851646
33.988878	-4.4885738
33.99886	-4.4919844
34.008842	-4.4953965
34.018824	-4.4988101
34.028806	-4.5022251
34.038788	-4.5056417
34.04877	-4.5090597
34.058752	-4.5124792
34.068734	-4.5159001
34.078716	-4.5193225
34.088698	-4.5227464
34.09868	-4.5261718
34.108662	-4.5295987
34.118644	-4.533027
34.128626	-4.5364568
34.138608	-4.539888
34.14859	-4.5433208
34.158572	-4.5467549
34.168554	-4.5501906
34.178536	-4.5536277
34.188518	-4.5570663
34.1985	-4.5605064
34.208482	-4.563948
34.218464	-4.567391
34.228446	-4.5708354
34.238428	-4.5742814
34.24841	-4.5777288
34.258392	-4.5811776
34.268374	-4.5846279
34.278356	-4.5880797
34.288338	-4.591533
34.29832	-4.5949877
34.308302	-4.5984439
34.318284	-4.6019015
34.328266	-4.6053606
34.338248	-4.6088212
34.34823	-4.6122832
34.358212	-4.6157467
34.368194	-4.6192116
34.378176	-4.622678
34.388158	-4.6261458
34.39814	-4.6296151
34.408122	-4.6330859
34.418104	-4.6365581
34.428086	-4.6400318
34.438068	-4.6435069
34.44805	-4.6469835
34.458032	-4.6504616
34.468014	-4.6539411
34.477996	-4.657422
34.487978	-4.6609044
34.49796	-4.6643883
34.507942	-4.6678736
34.517924	-4.6713603
34.527906	-4.6748485
34.537888	-4.6783382
34.54787	-4.6818293
34.557852	-4.6853218
34.567834	-4.6888158
34.577816	-4.6923113
34.587798	-4.6958082
34.59778	-4.6993065
34.607762	-4.7028063
34.617744	-4.7063075
34.627726	-4.7098102
34.637708	-4.7133143
34.64769	-4.7168199
34.657672	-4.7203269
34.667654	-4.7238353
34.677636	-4.7273452
34.687618	-4.7308566
34.6976	-4.7343693
34.707582	-4.7378836
34.717564	-4.7413992
34.727546	-4.7449163
34.737528	-4.7484348
34.74751	-4.7519548
34.757491	-4.7554762
34.767473	-4.7589991
34.777455	-4.7625234
34.787437	-4.7660491
34.797419	-4.7695762
34.807401	-4.7731048
34.817383	-4.7766349
34.827365	-4.7801663
34.837347	-4.7836992
34.847329	-4.7872335
34.857311	-4.7907693
34.867293	-4.7943065
34.877275	-4.7978451
34.887257	-4.8013852
34.897239	-4.8049267
34.907221	-4.8084696
34.917203	-4.8120139
34.927185	-4.8155597
34.937167	-4.8191069
34.947149	-4.8226555
34.957131	-4.8262055
34.967113	-4.829757
34.977095	-4.8333099
34.987077	-4.8368642
34.997059	-4.84042
35.007041	-4.8439772
35.017023	-4.8475358
35.027005	-4.8510958
35.036987	-4.8546572
35.046969	-4.8582201
35.056951	-4.8617844
35.066933	-4.8653501
35.076915	-4.8689172
35.086897	-4.8724857
35.096879	-4.8760557
35.106861	-4.8796271
35.116843	-4.8831999
35.126825	-4.8867741
35.136807	-4.8903497
35.146789	-4.8939268
35.156771	-4.8975052
35.166753	-4.9010851
35.176735	-4.9046664
35.186717	-4.9082491
35.196699	-4.9118332
35.206681	-4.9154187
35.216663	-4.9190056
35.226645	-4.922594
35.236627	-4.9261837
35.246609	-4.9297749
35.256591	-4.9333675
35.266573	-4.9369615
35.276555	-4.9405569
35.286537	-4.9441537
35.296519	-4.9477519
35.306501	-4.9513515
35.316483	-4.9549525
35.326465	-4.9585549
35.336447	-4.9621587
35.346429	-4.965764
35.356411	-4.9693706
35.366393	-4.9729786
35.376375	-4.976588
35.386357	-4.9801989
35.396339	-4.9838111
35.406321	-4.9874247
35.416303	-4.9910398
35.426285	-4.9946562
35.436267	-4.998274
35.446249	-5.0018933
35.456231	-5.0055139
35.466213	-5.0091359
35.476195	-5.0127593
35.486177	-5.0163841
35.496159	-5.0200103
35.506141	-5.0236379
35.516123	-5.0272669
35.526105	-5.0308973
35.536087	-5.0345291
35.546069	-5.0381622
35.556051	-5.0417968
35.566033	-5.0454327
35.576015	-5.0490701
35.585997	-5.0527088
35.595979	-5.0563489
35.605961	-5.0599904
35.615943	-5.0636333
35.625925	-5.0672775
35.635907	-5.0709232
35.645889	-5.0745702
35.655871	-5.0782186
35.665853	-5.0818685
35.675835	-5.0855196
35.685817	-5.0891722
35.695799	-5.0928262
35.705781	-5.0964815
35.715763	-5.1001382
35.725745	-5.1037963
35.735727	-5.1074558
35.745709	-5.1111166
35.755691	-5.1147788
35.765673	-5.1184424
35.775655	-5.1221074
35.785637	-5.1257738
35.795619	-5.1294415
35.805601	-5.1331106
35.815583	-5.1367811
35.825565	-5.1404529
35.835547	-5.1441262
35.845529	-5.1478008
35.855511	-5.1514767
35.865493	-5.1551541
35.875475	-5.1588328
35.885457	-5.1625128
35.895439	-5.1661943
35.905421	-5.1698771
35.915403	-5.1735613
35.925385	-5.1772468
35.935367	-5.1809337
35.945349	-5.184622
35.955331	-5.1883116
35.965313	-5.1920026
35.975295	-5.195695
35.985277	-5.1993887
35.995259	-5.2030838
36.005241	-5.2067803
36.015223	-5.2104781
36.025205	-5.2141772
36.035187	-5.2178778
36.045169	-5.2215796
36.055151	-5.2252829
36.065133	-5.2289875
36.075115	-5.2326934
36.085097	-5.2364008
36.095079	-5.2401094
36.105061	-5.2438194
36.115043	-5.2475308
36.125025	-5.2512436
36.135007	-5.2549576
36.144989	-5.2586731
36.154971	-5.2623898
36.164953	-5.266108
36.174935	-5.2698275
36.184917	-5.2735483
36.194899	-5.2772705
36.204881	-5.280994
36.214863	-5.2847189
36.224845	-5.2884451
36.234827	-5.2921727
36.244809	-5.2959016
36.254791	-5.2996318
36.264773	-5.3033634
36.274755	-5.3070964
36.284737	-5.3108306
36.294719	-5.3145663
36.304701	-5.3183032
36.314683	-5.3220415
36.324665	-5.3257812
36.334647	-5.3295221
36.344629	-5.3332645
36.354611	-5.3370081
36.364593	-5.3407531
36.374575	-5.3444994
36.384557	-5.3482471
36.394539	-5.3519961
36.404521	-5.3557464
36.414503	-5.3594981
36.424485	-5.3632511
36.434467	-5.3670054
36.444449	-5.370761
36.454431	-5.374518
36.464413	-5.3782763
36.474395	-5.382036
36.484377	-5.385797
36.494359	-5.3895593
36.504341	-5.3933229
36.514323	-5.3970878
36.524305	-5.4008541
36.534287	-5.4046217
36.544269	-5.4083906
36.554251	-5.4121609
36.564233	-5.4159324
36.574215	-5.4197053
36.584197	-5.4234795
36.594179	-5.4272551
36.604161	-5.4310319
36.614143	-5.4348101
36.624125	-5.4385896
36.634107	-5.4423704
36.644089	-5.4461525
36.654071	-5.4499359
36.664053	-5.4537207
36.674035	-5.4575067
36.684017	-5.4612941
36.693999	-5.4650828
36.703981	-5.4688728
36.713963	-5.4726641
36.723945	-5.4764567
36.733927	-5.4802507
36.743909	-5.4840459
36.753891	-5.4878425
36.763873	-5.4916403
36.773855	-5.4954395
36.783837	-5.4992399
36.793819	-5.5030417
36.803801	-5.5068448
36.813783	-5.5106492
36.823765	-5.5144549
36.833747	-5.5182619
36.843729	-5.5220702
36.853711	-5.5258797
36.863693	-5.5296906
36.873675	-5.5335028
36.883657	-5.5373163
36.893639	-5.5411311
36.903621	-5.5449472
36.913603	-5.5487646
36.923585	-5.5525833
36.933567	-5.5564032
36.943549	-5.5602245
36.953531	-5.5640471
36.963513	-5.5678709
36.973495	-5.5716961
36.983477	-5.5755225
36.993459	-5.5793502
37.003441	-5.5831793
37.013423	-5.5870096
37.023405	-5.5908412
37.033387	-5.5946741
37.043369	-5.5985082
37.053351	-5.6023437
37.063333	-5.6061804
37.073315	-5.6100184
37.083297	-5.6138578
37.093279	-5.6176984
37.103261	-5.6215402
37.113243	-5.6253834
37.123225	-5.6292278
37.133207	-5.6330735
37.143189	-5.6369205
37.153171	-5.6407688
37.163153	-5.6446184
37.173135	-5.6484692
37.183117	-5.6523213
37.193099	-5.6561747
37.203081	-5.6600294
37.213063	-5.6638853
37.223045	-5.6677425
37.233027	-5.671601
37.243009	-5.6754607
37.252991	-5.6793217
37.262973	-5.683184
37.272955	-5.6870476
37.282937	-5.6909124
37.292919	-5.6947785
37.302901	-5.6986459
37.312883	-5.7025145
37.322865	-5.7063844
37.332847	-5.7102556
37.342829	-5.714128
37.352811	-5.7180017
37.362793	-5.7218766
37.372775	-5.7257528
37.382757	-5.7296303
37.392739	-5.7335091
37.402721	-5.737389
37.412703	-5.7412703
37.422685	-5.7451528
37.432667	-5.7490366
37.442649	-5.7529216
37.452631	-5.7568079
37.462613	-5.7606954
37.472595	-5.7645842
37.482577	-5.7684742
37.492559	-5.7723655
37.502541	-5.7762581
37.512523	-5.7801519
37.522505	-5.7840469
37.532486	-5.7879432
37.542468	-5.7918407
37.55245	-5.7957395
37.562432	-5.7996396
37.572414	-5.8035409
37.582396	-5.8074434
37.592378	-5.8113472
37.60236	-5.8152522
37.612342	-5.8191584
37.622324	-5.8230659
37.632306	-5.8269747
37.642288	-5.8308847
37.65227	-5.8347959
37.662252	-5.8387084
37.672234	-5.8426221
37.682216	-5.846537
37.692198	-5.8504532
37.70218	-5.8543706
37.712162	-5.8582892
37.722144	-5.8622091
37.732126	-5.8661302
37.742108	-5.8700526
37.75209	-5.8739761
37.762072	-5.877901
37.772054	-5.881827
37.782036	-5.8857543
37.792018	-5.8896828
37.802	-5.8936125
37.811982	-5.8975434
37.821964	-5.9014756
37.831946	-5.905409
37.841928	-5.9093437
37.85191	-5.9132795
37.861892	-5.9172166
37.871874	-5.9211549
37.881856	-5.9250944
37.891838	-5.9290352
37.90182	-5.9329771
37.911802	-5.9369203
37.921784	-5.9408647
37.931766	-5.9448103
37.941748	-5.9487572
37.95173	-5.9527052
37.961712	-5.9566545
37.971694	-5.9606049
37.981676	-5.9645566
37.991658	-5.9685095
38.00164	-5.9724637
38.011622	-5.976419
38.021604	-5.9803755
38.031586	-5.9843333
38.041568	-5.9882922
38.05155	-5.9922524
38.061532	-5.9962138
38.071514	-6.0001763
38.081496	-6.0041401
38.091478	-6.0081051
38.10146	-6.0120713
38.111442	-6.0160387
38.121424	-6.0200073
38.131406	-6.0239771
38.141388	-6.0279481
38.15137	-6.0319203
38.161352	-6.0358937
38.171334	-6.0398683
38.181316	-6.0438441
38.191298	-6.0478211
38.20128	-6.0517992
38.211262	-6.0557786
38.221244	-6.0597592
38.231226	-6.0637409
38.241208	-6.0677239
38.25119	-6.0717081
38.261172	-6.0756934
38.271154	-6.0796799
38.281136	-6.0836676
38.291118	-6.0876565
38.3011	-6.0916466
38.311082	-6.0956379
38.321064	-6.0996304
38.331046	-6.103624
38.341028	-6.1076189
38.35101	-6.1116149
38.360992	-6.1156121
38.370974	-6.1196105
38.380956	-6.12361
38.390938	-6.1276108
38.40092	-6.1316127
38.410902	-6.1356158
38.420884	-6.1396201
38.430866	-6.1436255
38.440848	-6.1476322
38.45083	-6.15164
38.460812	-6.1556489
38.470794	-6.1596591
38.480776	-6.1636704
38.490758	-6.1676829
38.50074	-6.1716966
38.510722	-6.1757114
38.520704	-6.1797274
38.530686	-6.1837446
38.540668	-6.1877629
38.55065	-6.1917825
38.560632	-6.1958031
38.570614	-6.199825
38.580596	-6.203848
38.590578	-6.2078721
38.60056	-6.2118975
38.610542	-6.215924
38.620524	-6.2199516
38.630506	-6.2239804
38.640488	-6.2280104
38.65047	-6.2320415
38.660452	-6.2360738
38.670434	-6.2401072
38.680416	-6.2441418
38.690398	-6.2481776
38.70038	-6.2522145
38.710362	-6.2562526
38.720344	-6.2602918
38.730326	-6.2643321
38.740308	-6.2683736
38.75029	-6.2724163
38.760272	-6.2764601
38.770254	-6.2805051
38.780236	-6.2845512
38.790218	-6.2885984
38.8002	-6.2926468
38.810182	-6.2966964
38.820164	-6.3007471
38.830146	-6.3047989
38.840128	-6.3088519
38.85011	-6.312906
38.860092	-6.3169613
38.870074	-6.3210176
38.880056	-6.3250752
38.890038	-6.3291339
38.90002	-6.3331937
38.910002	-6.3372546
38.919984	-6.3413167
38.929966	-6.3453799
38.939948	-6.3494442
38.94993	-6.3535097
38.959912	-6.3575763
38.969894	-6.3616441
38.979876	-6.365713
38.989858	-6.369783
38.99984	-6.3738541
39.009822	-6.3779264
39.019804	-6.3819997
39.029786	-6.3860743
39.039768	-6.3901499
39.04975	-6.3942267
39.059732	-6.3983045
39.069714	-6.4023836
39.079696	-6.4064637
39.089678	-6.4105449
39.09966	-6.4146273
39.109642	-6.4187108
39.119624	-6.4227954
39.129606	-6.4268811
39.139588	-6.430968
39.14957	-6.4350559
39.159552	-6.439145
39.169534	-6.4432352
39.179516	-6.4473265
39.189498	-6.4514189
39.19948	-6.4555124
39.209462	-6.4596071
39.219444	-6.4637028
39.229426	-6.4677997
39.239408	-6.4718976
39.24939	-6.4759967
39.259372	-6.4800969
39.269354	-6.4841981
39.279336	-6.4883005
39.289318	-6.492404
39.2993	-6.4965086
39.309282	-6.5006143
39.319264	-6.5047211
39.329246	-6.508829
39.339228	-6.512938
39.34921	-6.5170481
39.359192	-6.5211593
39.369174	-6.5252715
39.379156	-6.5293849
39.389138	-6.5334994
39.39912	-6.537615
39.409102	-6.5417316
39.419084	-6.5458494
39.429066	-6.5499682
39.439048	-6.5540882
39.44903	-6.5582092
39.459012	-6.5623313
39.468994	-6.5664545
39.478976	-6.5705788
39.488958	-6.5747042
39.49894	-6.5788306
39.508922	-6.5829582
39.518904	-6.5870868
39.528886	-6.5912165
39.538868	-6.5953473
39.54885	-6.5994792
39.558832	-6.6036122
39.568814	-6.6077462
39.578796	-6.6118813
39.588778	-6.6160175
39.59876	-6.6201548
39.608742	-6.6242931
39.618724	-6.6284325
39.628706	-6.632573
39.638688	-6.6367146
39.64867	-6.6408572
39.658652	-6.645001
39.668634	-6.6491457
39.678616	-6.6532916
39.688598	-6.6574385
39.69858	-6.6615865
39.708562	-6.6657355
39.718544	-6.6698857
39.728526	-6.6740369
39.738508	-6.6781891
39.74849	-6.6823424
39.758472	-6.6864968
39.768454	-6.6906522
39.778436	-6.6948087
39.788418	-6.6989663
39.7984	-6.7031249
39.808382	-6.7072846
39.818364	-6.7114453
39.828346	-6.7156071
39.838328	-6.71977
39.84831	-6.7239339
39.858292	-6.7280988
39.868274	-6.7322648
39.878256	-6.7364319
39.888238	-6.7406
39.89822	-6.7447692
39.908202	-6.7489394
39.918184	-6.7531106
39.928166	-6.7572829
39.938148	-6.7614563
39.94813	-6.7656307
39.958112	-6.7698061
39.968094	-6.7739826
39.978076	-6.7781601
39.988058	-6.7823387
39.99804	-6.7865183
40.008022	-6.790699
40.018004	-6.7948807
40.027986	-6.7990634
40.037968	-6.8032472
40.04795	-6.807432
40.057932	-6.8116179
40.067914	-6.8158047
40.077896	-6.8199927
40.087878	-6.8241816
40.09786	-6.8283716
40.107842	-6.8325626
40.117824	-6.8367546
40.127806	-6.8409477
40.137788	-6.8451418
40.14777	-6.849337
40.157752	-6.8535331
40.167734	-6.8577303
40.177716	-6.8619285
40.187698	-6.8661278
40.19768	-6.870328
40.207662	-6.8745293
40.217644	-6.8787316
40.227626	-6.8829349
40.237608	-6.8871393
40.24759	-6.8913446
40.257572	-6.895551
40.267554	-6.8997584
40.277536	-6.9039668
40.287518	-6.9081763
40.297499	-6.9123867
40.307481	-6.9165982
40.317463	-6.9208107
40.327445	-6.9250242
40.337427	-6.9292387
40.347409	-6.9334542
40.357391	-6.9376707
40.367373	-6.9418882
40.377355	-6.9461068
40.387337	-6.9503263
40.397319	-6.9545468
40.407301	-6.9587684
40.417283	-6.962991
40.427265	-6.9672145
40.437247	-6.9714391
40.447229	-6.9756647
40.457211	-6.9798912
40.467193	-6.9841188
40.477175	-6.9883474
40.487157	-6.9925769
40.497139	-6.9968075
40.507121	-7.001039
40.517103	-7.0052716
40.527085	-7.0095051
40.537067	-7.0137397
40.547049	-7.0179752
40.557031	-7.0222117
40.567013	-7.0264492
40.576995	-7.0306877
40.586977	-7.0349272
40.596959	-7.0391677
40.606941	-7.0434092
40.616923	-7.0476516
40.626905	-7.0518951
40.636887	-7.0561395
40.646869	-7.0603849
40.656851	-7.0646313
40.666833	-7.0688787
40.676815	-7.073127
40.686797	-7.0773764
40.696779	-7.0816267
40.706761	-7.085878
40.716743	-7.0901302
40.726725	-7.0943835
40.736707	-7.0986377
40.746689	-7.1028929
40.756671	-7.1071491
40.766653	-7.1114062
40.776635	-7.1156643
40.786617	-7.1199234
40.796599	-7.1241835
40.806581	-7.1284445
40.816563	-7.1327065
40.826545	-7.1369695
40.836527	-7.1412334
40.846509	-7.1454983
40.856491	-7.1497641
40.866473	-7.154031
40.876455	-7.1582987
40.886437	-7.1625675
40.896419	-7.1668372
40.906401	-7.1711079
40.916383	-7.1753795
40.926365	-7.1796521
40.936347	-7.1839256
40.946329	-7.1882001
40.956311	-7.1924756
40.966293	-7.196752
40.976275	-7.2010294
40.986257	-7.2053077
40.996239	-7.2095869
41.006221	-7.2138672
41.016203	-7.2181483
41.026185	-7.2224305
41.036167	-7.2267135
41.046149	-7.2309976
41.056131	-7.2352825
41.066113	-7.2395684
41.076095	-7.2438553
41.086077	-7.2481431
41.096059	-7.2524318
41.106041	-7.2567215
41.116023	-7.2610122
41.126005	-7.2653037
41.135987	-7.2695962
41.145969	-7.2738897
41.155951	-7.2781841
41.165933	-7.2824794
41.175915	-7.2867756
41.185897	-7.2910728
41.195879	-7.295371
41.205861	-7.29967
41.215843	-7.30397
41.225825	-7.3082709
41.235807	-7.3125728
41.245789	-7.3168756
41.255771	-7.3211793
41.265753	-7.3254839
41.275735	-7.3297895
41.285717	-7.334096
41.295699	-7.3384034
41.305681	-7.3427118
41.315663	-7.347021
41.325645	-7.3513312
41.335627	-7.3556423
41.345609	-7.3599544
41.355591	-7.3642673
41.365573	-7.3685812
41.375555	-7.372896
41.385537	-7.3772117
41.395519	-7.3815283
41.405501	-7.3858458
41.415483	-7.3901643
41.425465	-7.3944837
41.435447	-7.3988039
41.445429	-7.4031251
41.455411	-7.4074472
41.465393	-7.4117702
41.475375	-7.4160942
41.485357	-7.420419
41.495339	-7.4247447
41.505321	-7.4290714
41.515303	-7.4333989
41.525285	-7.4377274
41.535267	-7.4420567
41.545249	-7.446387
41.555231	-7.4507181
41.565213	-7.4550502
41.575195	-7.4593832
41.585177	-7.463717
41.595159	-7.4680518
41.605141	-7.4723874
41.615123	-7.476724
41.625105	-7.4810614
41.635087	-7.4853998
41.645069	-7.489739
41.655051	-7.4940791
41.665033	-7.4984202
41.675015	-7.5027621
41.684997	-7.5071049
41.694979	-7.5114486
41.704961	-7.5157931
41.714943	-7.5201386
41.724925	-7.524485
41.734907	-7.5288322
41.744889	-7.5331803
41.754871	-7.5375293
41.764853	-7.5418792
41.774835	-7.54623
41.784817	-7.5505816
41.794799	-7.5549342
41.804781	-7.5592876
41.814763	-7.5636419
41.824745	-7.567997
41.834727	-7.5723531
41.844709	-7.57671
41.854691	-7.5810678
41.864673	-7.5854265
41.874655	-7.589786
41.884637	-7.5941464
41.894619	-7.5985077
41.904601	-7.6028699
41.914583	-7.6072329
41.924565	-7.6115968
41.934547	-7.6159615
41.944529	-7.6203272
41.954511	-7.6246937
41.964493	-7.629061
41.974475	-7.6334292
41.984457	-7.6377983
41.994439	-7.6421683
42.004421	-7.6465391
42.014403	-7.6509107
42.024385	-7.6552833
42.034367	-7.6596567
42.044349	-7.6640309
42.054331	-7.668406
42.064313	-7.672782
42.074295	-7.6771588
42.084277	-7.6815364
42.094259	-7.685915
42.104241	-7.6902943
42.114223	-7.6946745
42.124205	-7.6990556
42.134187	-7.7034375
42.144169	-7.7078203
42.154151	-7.7122039
42.164133	-7.7165884
42.174115	-7.7209737
42.184097	-7.7253599
42.194079	-7.7297469
42.204061	-7.7341347
42.214043	-7.7385234
42.224025	-7.7429129
42.234007	-7.7473033
42.243989	-7.7516945
42.253971	-7.7560865
42.263953	-7.7604794
42.273935	-7.7648731
42.283917	-7.7692677
42.293899	-7.7736631
42.303881	-7.7780593
42.313863	-7.7824564
42.323845	-7.7868543
42.333827	-7.791253
42.343809	-7.7956525
42.353791	-7.8000529
42.363773	-7.8044541
42.373755	-7.8088562
42.383737	-7.813259
42.393719	-7.8176627
42.403701	-7.8220672
42.413683	-7.8264726
42.423665	-7.8308788
42.433647	-7.8352857
42.443629	-7.8396935
42.453611	-7.8441022
42.463593	-7.8485116
42.473575	-7.8529219
42.483557	-7.857333
42.493539	-7.8617449
42.503521	-7.8661576
42.513503	-7.8705711
42.523485	-7.8749855
42.533467	-7.8794007
42.543449	-7.8838166
42.553431	-7.8882334
42.563413	-7.892651
42.573395	-7.8970694
42.583377	-7.9014887
42.593359	-7.9059087
42.603341	-7.9103295
42.613323	-7.9147512
42.623305	-7.9191736
42.633287	-7.9235968
42.643269	-7.9280209
42.653251	-7.9324458
42.663233	-7.9368714
42.673215	-7.9412979
42.683197	-7.9457251
42.693179	-7.9501532
42.703161	-7.954582
42.713143	-7.9590117
42.723125	-7.9634422
42.733107	-7.9678734
42.743089	-7.9723054
42.753071	-7.9767383
42.763053	-7.9811719
42.773035	-7.9856063
42.783017	-7.9900415
42.792999	-7.9944775
42.802981	-7.9989143
42.812963	-8.0033519
42.822945	-8.0077903
42.832927	-8.0122294
42.842909	-8.0166694
42.852891	-8.0211101
42.862873	-8.0255516
42.872855	-8.0299939
42.882837	-8.034437
42.892819	-8.0388808
42.902801	-8.0433254
42.912783	-8.0477709
42.922765	-8.0522171
42.932747	-8.056664
42.942729	-8.0611118
42.952711	-8.0655603
42.962693	-8.0700096
42.972675	-8.0744597
42.982657	-8.0789105
42.992639	-8.0833621
43.002621	-8.0878145
43.012603	-8.0922677
43.022585	-8.0967216
43.032567	-8.1011763
43.042549	-8.1056318
43.052531	-8.110088
43.062513	-8.114545
43.072494	-8.1190028
43.082476	-8.1234613
43.092458	-8.1279206
43.10244	-8.1323806
43.112422	-8.1368415
43.122404	-8.141303
43.132386	-8.1457654
43.142368	-8.1502285
43.15235	-8.1546923
43.162332	-8.1591569
43.172314	-8.1636223
43.182296	-8.1680884
43.192278	-8.1725553
43.20226	-8.1770229
43.212242	-8.1814913
43.222224	-8.1859605
43.232206	-8.1904303
43.242188	-8.194901
43.25217	-8.1993724
43.262152	-8.2038445
43.272134	-8.2083174
43.282116	-8.212791
43.292098	-8.2172654
43.30208	-8.2217405
43.312062	-8.2262164
43.322044	-8.230693
43.332026	-8.2351703
43.342008	-8.2396484
43.35199	-8.2441272
43.361972	-8.2486068
43.371954	-8.2530871
43.381936	-8.2575682
43.391918	-8.26205
43.4019	-8.2665325
43.411882	-8.2710157
43.421864	-8.2754997
43.431846	-8.2799844
43.441828	-8.2844699
43.45181	-8.2889561
43.461792	-8.293443
43.471774	-8.2979306
43.481756	-8.302419
43.491738	-8.3069081
43.50172	-8.3113979
43.511702	-8.3158885
43.521684	-8.3203798
43.531666	-8.3248718
43.541648	-8.3293645
43.55163	-8.333858
43.561612	-8.3383521
43.571594	-8.342847
43.581576	-8.3473426
43.591558	-8.351839
43.60154	-8.356336
43.611522	-8.3608338
43.621504	-8.3653323
43.631486	-8.3698315
43.641468	-8.3743314
43.65145	-8.378832
43.661432	-8.3833333
43.671414	-8.3878354
43.681396	-8.3923382
43.691378	-8.3968416
43.70136	-8.4013458
43.711342	-8.4058507
43.721324	-8.4103563
43.731306	-8.4148626
43.741288	-8.4193696
43.75127	-8.4238774
43.761252	-8.4283858
43.771234	-8.4328949
43.781216	-8.4374047
43.791198	-8.4419153
43.80118	-8.4464265
43.811162	-8.4509384
43.821144	-8.4554511
43.831126	-8.4599644
43.841108	-8.4644784
43.85109	-8.4689931
43.861072	-8.4735085
43.871054	-8.4780246
43.881036	-8.4825414
43.891018	-8.4870589
43.901	-8.4915771
43.910982	-8.496096
43.920964	-8.5006156
43.930946	-8.5051358
43.940928	-8.5096568
43.95091	-8.5141784
43.960892	-8.5187007
43.970874	-8.5232237
43.980856	-8.5277474
43.990838	-8.5322718
44.00082	-8.5367969
44.010802	-8.5413226
44.020784	-8.545849
44.030766	-8.5503761
44.040748	-8.5549039
44.05073	-8.5594324
44.060712	-8.5639615
44.070694	-8.5684913
44.080676	-8.5730218
44.090658	-8.577553
44.10064	-8.5820848
44.110622	-8.5866173
44.120604	-8.5911505
44.130586	-8.5956844
44.140568	-8.6002189
44.15055	-8.6047541
44.160532	-8.60929
44.170514	-8.6138265
44.180496	-8.6183637
44.190478	-8.6229016
44.20046	-8.6274401
44.210442	-8.6319793
44.220424	-8.6365192
44.230406	-8.6410597
44.240388	-8.6456009
44.25037	-8.6501428
44.260352	-8.6546853
44.270334	-8.6592285
44.280316	-8.6637723
44.290298	-8.6683168
44.30028	-8.6728619
44.310262	-8.6774077
44.320244	-8.6819542
44.330226	-8.6865013
44.340208	-8.6910491
44.35019	-8.6955975
44.360172	-8.7001466
44.370154	-8.7046963
44.380136	-8.7092466
44.390118	-8.7137977
44.4001	-8.7183493
44.410082	-8.7229016
44.420064	-8.7274546
44.430046	-8.7320082
44.440028	-8.7365625
44.45001	-8.7411174
44.459992	-8.7456729
44.469974	-8.7502291
44.479956	-8.7547859
44.489938	-8.7593434
44.49992	-8.7639015
44.509902	-8.7684602
44.519884	-8.7730196
44.529866	-8.7775796
44.539848	-8.7821403
44.54983	-8.7867016
44.559812	-8.7912635
44.569794	-8.795826
44.579776	-8.8003892
44.589758	-8.8049531
44.59974	-8.8095175
44.609722	-8.8140826
44.619704	-8.8186483
44.629686	-8.8232147
44.639668	-8.8277816
44.64965	-8.8323492
44.659632	-8.8369174
44.669614	-8.8414863
44.679596	-8.8460558
44.689578	-8.8506259
44.69956	-8.8551966
44.709542	-8.8597679
44.719524	-8.8643399
44.729506	-8.8689124
44.739488	-8.8734856
44.74947	-8.8780595
44.759452	-8.8826339
44.769434	-8.8872089
44.779416	-8.8917846
44.789398	-8.8963609
44.79938	-8.9009378
44.809362	-8.9055153
44.819344	-8.9100934
44.829326	-8.9146722
44.839308	-8.9192515
44.84929	-8.9238314
44.859272	-8.928412
44.869254	-8.9329932
44.879236	-8.937575
44.889218	-8.9421573
44.8992	-8.9467403
44.909182	-8.9513239
44.919164	-8.9559081
44.929146	-8.9604929
44.939128	-8.9650783
44.94911	-8.9696643
44.959092	-8.9742509
44.969074	-8.9788381
44.979056	-8.9834259
44.989038	-8.9880143
44.99902	-8.9926033
45.009002	-8.9971929
45.018984	-9.0017831
45.028966	-9.0063739
45.038948	-9.0109652
45.04893	-9.0155572
45.058912	-9.0201498
45.068894	-9.0247429
45.078876	-9.0293367
45.088858	-9.033931
45.09884	-9.0385259
45.108822	-9.0431214
45.118804	-9.0477175
45.128786	-9.0523142
45.138768	-9.0569115
45.14875	-9.0615093
45.158732	-9.0661077
45.168714	-9.0707067
45.178696	-9.0753063
45.188678	-9.0799065
45.19866	-9.0845073
45.208642	-9.0891086
45.218624	-9.0937105
45.228606	-9.098313
45.238588	-9.1029161
45.24857	-9.1075197
45.258552	-9.1121239
45.268534	-9.1167287
45.278516	-9.1213341
45.288498	-9.12594
45.29848	-9.1305466
45.308462	-9.1351536
45.318444	-9.1397613
45.328426	-9.1443695
45.338408	-9.1489783
45.34839	-9.1535877
45.358372	-9.1581976
45.368354	-9.1628081
45.378336	-9.1674191
45.388318	-9.1720307
45.3983	-9.1766429
45.408282	-9.1812557
45.418264	-9.185869
45.428246	-9.1904828
45.438228	-9.1950973
45.44821	-9.1997122
45.458192	-9.2043278
45.468174	-9.2089439
45.478156	-9.2135605
45.488138	-9.2181778
45.49812	-9.2227955
45.508102	-9.2274138
45.518084	-9.2320327
45.528066	-9.2366521
45.538048	-9.2412721
45.54803	-9.2458926
45.558012	-9.2505137
45.567994	-9.2551354
45.577976	-9.2597575
45.587958	-9.2643803
45.59794	-9.2690035
45.607922	-9.2736273
45.617904	-9.2782517
45.627886	-9.2828766
45.637868	-9.2875021
45.64785	-9.292128
45.657832	-9.2967546
45.667814	-9.3013817
45.677796	-9.3060093
45.687778	-9.3106374
45.69776	-9.3152661
45.707742	-9.3198953
45.717724	-9.3245251
45.727706	-9.3291554
45.737688	-9.3337862
45.74767	-9.3384176
45.757652	-9.3430495
45.767634	-9.3476819
45.777616	-9.3523149
45.787598	-9.3569484
45.79758	-9.3615824
45.807562	-9.366217
45.817544	-9.3708521
45.827526	-9.3754877
45.837508	-9.3801238
45.847489	-9.3847605
45.857471	-9.3893977
45.867453	-9.3940354
45.877435	-9.3986736
45.887417	-9.4033124
45.897399	-9.4079517
45.907381	-9.4125915
45.917363	-9.4172318
45.927345	-9.4218727
45.937327	-9.426514
45.947309	-9.4311559
45.957291	-9.4357983
45.967273	-9.4404412
45.977255	-9.4450846
45.987237	-9.4497286
45.997219	-9.454373
46.007201	-9.459018
46.017183	-9.4636635
46.027165	-9.4683095
46.037147	-9.472956
46.047129	-9.477603
46.057111	-9.4822505
46.067093	-9.4868985
46.077075	-9.4915471
46.087057	-9.4961961
46.097039	-9.5008457
46.107021	-9.5054957
46.117003	-9.5101463
46.126985	-9.5147973
46.136967	-9.5194489
46.146949	-9.524101
46.156931	-9.5287535
46.166913	-9.5334066
46.176895	-9.5380601
46.186877	-9.5427142
46.196859	-9.5473688
46.206841	-9.5520238
46.216823	-9.5566794
46.226805	-9.5613354
46.236787	-9.5659919
46.246769	-9.570649
46.256751	-9.5753065
46.266733	-9.5799645
46.276715	-9.584623
46.286697	-9.589282
46.296679	-9.5939415
46.306661	-9.5986015
46.316643	-9.6032619
46.326625	-9.6079229
46.336607	-9.6125843
46.346589	-9.6172462
46.356571	-9.6219087
46.366553	-9.6265715
46.376535	-9.6312349
46.386517	-9.6358988
46.396499	-9.6405631
46.406481	-9.6452279
46.416463	-9.6498932
46.426445	-9.654559
46.436427	-9.6592252
46.446409	-9.663892
46.456391	-9.6685592
46.466373	-9.6732268
46.476355	-9.677895
46.486337	-9.6825636
46.496319	-9.6872327
46.506301	-9.6919023
46.516283	-9.6965724
46.526265	-9.7012429
46.536247	-9.7059139
46.546229	-9.7105853
46.556211	-9.7152572
46.566193	-9.7199296
46.576175	-9.7246025
46.586157	-9.7292758
46.596139	-9.7339496
46.606121	-9.7386239
46.616103	-9.7432986
46.626085	-9.7479738
46.636067	-9.7526494
46.646049	-9.7573255
46.656031	-9.7620021
46.666013	-9.7666791
46.675995	-9.7713566
46.685977	-9.7760345
46.695959	-9.7807129
46.705941	-9.7853918
46.715923	-9.7900711
46.725905	-9.7947508
46.735887	-9.7994311
46.745869	-9.8041117
46.755851	-9.8087929
46.765833	-9.8134744
46.775815	-9.8181565
46.785797	-9.8228389
46.795779	-9.8275219
46.805761	-9.8322053
46.815743	-9.8368891
46.825725	-9.8415733
46.835707	-9.8462581
46.845689	-9.8509432
46.855671	-9.8556288
46.865653	-9.8603149
46.875635	-9.8650014
46.885617	-9.8696883
46.895599	-9.8743757
46.905581	-9.8790635
46.915563	-9.8837518
46.925545	-9.8884405
46.935527	-9.8931296
46.945509	-9.8978192
46.955491	-9.9025092
46.965473	-9.9071996
46.975455	-9.9118905
46.985437	-9.9165818
46.995419	-9.9212736
47.005401	-9.9259657
47.015383	-9.9306584
47.025365	-9.9353514
47.035347	-9.9400449
47.045329	-9.9447388
47.055311	-9.9494331
47.065293	-9.9541279
47.075275	-9.9588231
47.085257	-9.9635187
47.095239	-9.9682147
47.105221	-9.9729112
47.115203	-9.9776081
47.125185	-9.9823054
47.135167	-9.9870031
47.145149	-9.9917013
47.155131	-9.9963999
47.165113	-10.001099
47.175095	-10.005798
47.185077	-10.010498
47.195059	-10.015198
47.205041	-10.019899
47.215023	-10.0246
47.225005	-10.029302
47.234987	-10.034004
47.244969	-10.038706
47.254951	-10.043409
47.264933	-10.048112
47.274915	-10.052815
47.284897	-10.057519
47.294879	-10.062224
47.304861	-10.066929
47.314843	-10.071634
47.324825	-10.076339
47.334807	-10.081045
47.344789	-10.085752
47.354771	-10.090459
47.364753	-10.095166
47.374735	-10.099874
47.384717	-10.104582
47.394699	-10.10929
47.404681	-10.113999
47.414663	-10.118708
47.424645	-10.123418
47.434627	-10.128128
47.444609	-10.132838
47.454591	-10.137549
47.464573	-10.142261
47.474555	-10.146972
47.484537	-10.151684
47.494519	-10.156397
47.504501	-10.161109
47.514483	-10.165823
47.524465	-10.170536
47.534447	-10.17525
47.544429	-10.179965
47.554411	-10.18468
47.564393	-10.189395
47.574375	-10.19411
47.584357	-10.198826
47.594339	-10.203543
47.604321	-10.208259
47.614303	-10.212976
47.624285	-10.217694
47.634267	-10.222412
47.644249	-10.22713
47.654231	-10.231849
47.664213	-10.236568
47.674195	-10.241287
47.684177	-10.246007
47.694159	-10.250727
47.704141	-10.255448
47.714123	-10.260169
47.724105	-10.26489
47.734087	-10.269612
47.744069	-10.274334
47.754051	-10.279056
47.764033	-10.283779
47.774015	-10.288502
47.783997	-10.293226
47.793979	-10.29795
47.803961	-10.302674
47.813943	-10.307399
47.823925	-10.312124
47.833907	-10.316849
47.843889	-10.321575
47.853871	-10.326301
47.863853	-10.331028
47.873835	-10.335754
47.883817	-10.340482
47.893799	-10.345209
47.903781	-10.349937
47.913763	-10.354666
47.923745	-10.359394
47.933727	-10.364123
47.943709	-10.368853
47.953691	-10.373583
47.963673	-10.378313
47.973655	-10.383043
47.983637	-10.387774
47.993619	-10.392505
48.003601	-10.397237
48.013583	-10.401969
48.023565	-10.406701
48.033547	-10.411434
48.043529	-10.416167
48.053511	-10.4209
48.063493	-10.425634
48.073475	-10.430368
48.083457	-10.435102
48.093439	-10.439837
48.103421	-10.444572
48.113403	-10.449308
48.123385	-10.454043
48.133367	-10.458779
48.143349	-10.463516
48.153331	-10.468253
48.163313	-10.47299
48.173295	-10.477727
48.183277	-10.482465
48.193259	-10.487204
48.203241	-10.491942
48.213223	-10.496681
48.223205	-10.50142
48.233187	-10.50616
48.243169	-10.5109
48.253151	-10.51564
48.263133	-10.52038
48.273115	-10.525121
48.283097	-10.529863
48.293079	-10.534604
48.303061	-10.539346
48.313043	-10.544088
48.323025	-10.548831
48.333007	-10.553574
48.342989	-10.558317
48.352971	-10.563061
48.362953	-10.567805
48.372935	-10.572549
48.382917	-10.577293
48.392899	-10.582038
48.402881	-10.586784
48.412863	-10.591529
48.422845	-10.596275
48.432827	-10.601021
48.442809	-10.605768
48.452791	-10.610515
48.462773	-10.615262
48.472755	-10.620009
48.482737	-10.624757
48.492719	-10.629505
48.502701	-10.634254
48.512683	-10.639002
48.522665	-10.643752
48.532647	-10.648501
48.542629	-10.653251
48.552611	-10.658001
48.562593	-10.662751
48.572575	-10.667502
48.582557	-10.672253
48.592539	-10.677004
48.602521	-10.681756
48.612503	-10.686508
48.622484	-10.69126
48.632466	-10.696012
48.642448	-10.700765
48.65243	-10.705518
48.662412	-10.710272
48.672394	-10.715026
48.682376	-10.71978
48.692358	-10.724534
48.70234	-10.729289
48.712322	-10.734044
48.722304	-10.738799
48.732286	-10.743555
48.742268	-10.748311
48.75225	-10.753067
48.762232	-10.757823
48.772214	-10.76258
48.782196	-10.767337
48.792178	-10.772095
48.80216	-10.776852
48.812142	-10.78161
48.822124	-10.786369
48.832106	-10.791127
48.842088	-10.795886
48.85207	-10.800645
48.862052	-10.805405
48.872034	-10.810165
48.882016	-10.814925
48.891998	-10.819685
48.90198	-10.824446
48.911962	-10.829207
48.921944	-10.833968
48.931926	-10.838729
48.941908	-10.843491
48.95189	-10.848253
48.961872	-10.853016
48.971854	-10.857778
48.981836	-10.862541
48.991818	-10.867304
49.0018	-10.872068
49.011782	-10.876832
49.021764	-10.881596
49.031746	-10.88636
49.041728	-10.891125
49.05171	-10.89589
49.061692	-10.900655
49.071674	-10.90542
49.081656	-10.910186
49.091638	-10.914952
49.10162	-10.919719
49.111602	-10.924485
49.121584	-10.929252
49.131566	-10.934019
49.141548	-10.938787
49.15153	-10.943554
49.161512	-10.948322
49.171494	-10.95309
49.181476	-10.957859
49.191458	-10.962628
49.20144	-10.967397
49.211422	-10.972166
49.221404	-10.976936
49.231386	-10.981706
49.241368	-10.986476
49.25135	-10.991246
49.261332	-10.996017
49.271314	-11.000788
49.281296	-11.005559
49.291278	-11.01033
49.30126	-11.015102
49.311242	-11.019874
49.321224	-11.024646
49.331206	-11.029419
49.341188	-11.034191
49.35117	-11.038964
49.361152	-11.043738
49.371134	-11.048511
49.381116	-11.053285
49.391098	-11.058059
49.40108	-11.062833
49.411062	-11.067608
49.421044	-11.072383
49.431026	-11.077158
49.441008	-11.081933
49.45099	-11.086708
49.460972	-11.091484
49.470954	-11.09626
49.480936	-11.101037
49.490918	-11.105813
49.5009	-11.11059
49.510882	-11.115367
49.520864	-11.120144
49.530846	-11.124922
49.540828	-11.1297
49.55081	-11.134478
49.560792	-11.139256
49.570774	-11.144035
49.580756	-11.148813
49.590738	-11.153592
49.60072	-11.158372
49.610702	-11.163151
49.620684	-11.167931
49.630666	-11.172711
49.640648	-11.177491
49.65063	-11.182272
49.660612	-11.187052
49.670594	-11.191833
49.680576	-11.196614
49.690558	-11.201396
49.70054	-11.206177
49.710522	-11.210959
49.720504	-11.215741
49.730486	-11.220524
49.740468	-11.225306
49.75045	-11.230089
49.760432	-11.234872
49.770414	-11.239655
49.780396	-11.244439
49.790378	-11.249223
49.80036	-11.254007
49.810342	-11.258791
49.820324	-11.263575
49.830306	-11.26836
49.840288	-11.273145
49.85027	-11.27793
49.860252	-11.282715
49.870234	-11.287501
49.880216	-11.292286
49.890198	-11.297072
49.90018	-11.301859
49.910162	-11.306645
49.920144	-11.311432
49.930126	-11.316219
49.940108	-11.321006
49.95009	-11.325793
49.960072	-11.33058
49.970054	-11.335368
49.980036	-11.340156
49.990018	-11.344944
50	-11.349733
