Freq_GHz	Norm_dB
0.1	0
0.109982	-1.8001404e-05
0.11996399	-3.7714296e-05
0.12994599	-5.9138679e-05
0.13992799	-8.2274555e-05
0.14990998	-0.00010712193
0.15989198	-0.0001336808
0.16987397	-0.00016195117
0.17985597	-0.00019193305
0.18983797	-0.00022362644
0.19981996	-0.00025703134
0.20980196	-0.00029214775
0.21978396	-0.00032897569
0.22976595	-0.00036751516
0.23974795	-0.00040776615
0.24972995	-0.00044972868
0.25971194	-0.00049340275
0.26969394	-0.00053878836
0.27967594	-0.00058588553
0.28965793	-0.00063469425
0.29963993	-0.00068521453
0.30962192	-0.00073744638
0.31960392	-0.0007913898
0.32958592	-0.00084704481
0.33956791	-0.0009044114
0.34954991	-0.00096348959
0.35953191	-0.0010242794
0.3695139	-0.0010867808
0.3794959	-0.0011509938
0.3894779	-0.0012169184
0.39945989	-0.0012845547
0.40944189	-0.0013539026
0.41942388	-0.0014249622
0.42940588	-0.0014977334
0.43938788	-0.0015722163
0.44936987	-0.0016484108
0.45935187	-0.001726317
0.46933387	-0.001805935
0.47931586	-0.0018872646
0.48929786	-0.0019703059
0.49927986	-0.002055059
0.50926185	-0.0021415238
0.51924385	-0.0022297003
0.52922585	-0.0023195886
0.53920784	-0.0024111887
0.54918984	-0.0025045005
0.55917183	-0.0025995241
0.56915383	-0.0026962595
0.57913583	-0.0027947067
0.58911782	-0.0028948657
0.59909982	-0.0029967366
0.60908182	-0.0031003193
0.61906381	-0.0032056138
0.62904581	-0.0033126203
0.63902781	-0.0034213386
0.6490098	-0.0035317688
0.6589918	-0.0036439109
0.66897379	-0.0037577649
0.67895579	-0.0038733309
0.68893779	-0.0039906088
0.69891978	-0.0041095986
0.70890178	-0.0042303005
0.71888378	-0.0043527143
0.72886577	-0.0044768401
0.73884777	-0.004602678
0.74882977	-0.0047302279
0.75881176	-0.0048594898
0.76879376	-0.0049904638
0.77877576	-0.0051231498
0.78875775	-0.005257548
0.79873975	-0.0053936583
0.80872174	-0.0055314807
0.81870374	-0.0056710152
0.82868574	-0.0058122619
0.83866773	-0.0059552208
0.84864973	-0.0060998919
0.85863173	-0.0062462751
0.86861372	-0.0063943706
0.87859572	-0.0065441784
0.88857772	-0.0066956984
0.89855971	-0.0068489306
0.90854171	-0.0070038752
0.9185237	-0.0071605321
0.9285057	-0.0073189013
0.9384877	-0.0074789829
0.94846969	-0.0076407768
0.95845169	-0.0078042831
0.96843369	-0.0079695019
0.97841568	-0.008136433
0.98839768	-0.0083050766
0.99837968	-0.0084754327
1.0083617	-0.0086475012
1.0183437	-0.0088212823
1.0283257	-0.0089967759
1.0383077	-0.009173982
1.0482897	-0.0093529007
1.0582717	-0.0095335319
1.0682537	-0.0097158758
1.0782356	-0.0098999323
1.0882176	-0.010085701
1.0981996	-0.010273183
1.1081816	-0.010462378
1.1181636	-0.010653285
1.1281456	-0.010845905
1.1381276	-0.011040238
1.1481096	-0.011236283
1.1580916	-0.011434042
1.1680736	-0.011633513
1.1780556	-0.011834697
1.1880376	-0.012037594
1.1980196	-0.012242203
1.2080016	-0.012448526
1.2179836	-0.012656562
1.2279656	-0.01286631
1.2379476	-0.013077772
1.2479296	-0.013290946
1.2579116	-0.013505834
1.2678936	-0.013722434
1.2778756	-0.013940748
1.2878576	-0.014160775
1.2978396	-0.014382515
1.3078216	-0.014605968
1.3178036	-0.014831135
1.3277856	-0.015058014
1.3377676	-0.015286607
1.3477495	-0.015516913
1.3577315	-0.015748932
1.3677135	-0.015982665
1.3776955	-0.016218111
1.3876775	-0.01645527
1.3976595	-0.016694143
1.4076415	-0.016934729
1.4176235	-0.017177029
1.4276055	-0.017421042
1.4375875	-0.017666768
1.4475695	-0.017914209
1.4575515	-0.018163362
1.4675335	-0.01841423
1.4775155	-0.01866681
1.4874975	-0.018921105
1.4974795	-0.019177113
1.5074615	-0.019434835
1.5174435	-0.019694271
1.5274255	-0.01995542
1.5374075	-0.020218283
1.5473895	-0.02048286
1.5573715	-0.020749151
1.5673535	-0.021017155
1.5773355	-0.021286874
1.5873175	-0.021558306
1.5972995	-0.021831453
1.6072815	-0.022106313
1.6172635	-0.022382888
1.6272454	-0.022661176
1.6372274	-0.022941179
1.6472094	-0.023222896
1.6571914	-0.023506326
1.6671734	-0.023791471
1.6771554	-0.024078331
1.6871374	-0.024366904
1.6971194	-0.024657192
1.7071014	-0.024949194
1.7170834	-0.02524291
1.7270654	-0.025538341
1.7370474	-0.025835486
1.7470294	-0.026134345
1.7570114	-0.026434919
1.7669934	-0.026737208
1.7769754	-0.027041211
1.7869574	-0.027346928
1.7969394	-0.02765436
1.8069214	-0.027963507
1.8169034	-0.028274368
1.8268854	-0.028586944
1.8368674	-0.028901235
1.8468494	-0.02921724
1.8568314	-0.029534961
1.8668134	-0.029854396
1.8767954	-0.030175546
1.8867774	-0.030498411
1.8967594	-0.03082299
1.9067413	-0.031149285
1.9167233	-0.031477295
1.9267053	-0.03180702
1.9366873	-0.032138459
1.9466693	-0.032471614
1.9566513	-0.032806484
1.9666333	-0.033143069
1.9766153	-0.03348137
1.9865973	-0.033821385
1.9965793	-0.034163116
2.0065613	-0.034506562
2.0165433	-0.034851724
2.0265253	-0.035198601
2.0365073	-0.035547193
2.0464893	-0.035897501
2.0564713	-0.036249524
2.0664533	-0.036603263
2.0764353	-0.036958717
2.0864173	-0.037315887
2.0963993	-0.037674772
2.1063813	-0.038035373
2.1163633	-0.03839769
2.1263453	-0.038761723
2.1363273	-0.039127471
2.1463093	-0.039494935
2.1562913	-0.039864116
2.1662733	-0.040235011
2.1762553	-0.040607623
2.1862372	-0.040981951
2.1962192	-0.041357995
2.2062012	-0.041735755
2.2161832	-0.042115231
2.2261652	-0.042496423
2.2361472	-0.042879331
2.2461292	-0.043263955
2.2561112	-0.043650296
2.2660932	-0.044038353
2.2760752	-0.044428126
2.2860572	-0.044819615
2.2960392	-0.045212821
2.3060212	-0.045607743
2.3160032	-0.046004382
2.3259852	-0.046402737
2.3359672	-0.046802809
2.3459492	-0.047204598
2.3559312	-0.047608103
2.3659132	-0.048013324
2.3758952	-0.048420263
2.3858772	-0.048828918
2.3958592	-0.04923929
2.4058412	-0.049651378
2.4158232	-0.050065184
2.4258052	-0.050480706
2.4357872	-0.050897945
2.4457692	-0.051316902
2.4557512	-0.051737575
2.4657331	-0.052159965
2.4757151	-0.052584073
2.4856971	-0.053009897
2.4956791	-0.053437439
2.5056611	-0.053866698
2.5156431	-0.054297674
2.5256251	-0.054730368
2.5356071	-0.055164779
2.5455891	-0.055600907
2.5555711	-0.056038753
2.5655531	-0.056478316
2.5755351	-0.056919596
2.5855171	-0.057362595
2.5954991	-0.05780731
2.6054811	-0.058253744
2.6154631	-0.058701895
2.6254451	-0.059151764
2.6354271	-0.05960335
2.6454091	-0.060056654
2.6553911	-0.060511677
2.6653731	-0.060968417
2.6753551	-0.061426874
2.6853371	-0.06188705
2.6953191	-0.062348944
2.7053011	-0.062812556
2.7152831	-0.063277886
2.7252651	-0.063744934
2.735247	-0.0642137
2.745229	-0.064684185
2.755211	-0.065156388
2.765193	-0.065630309
2.775175	-0.066105948
2.785157	-0.066583306
2.795139	-0.067062382
2.805121	-0.067543177
2.815103	-0.06802569
2.825085	-0.068509922
2.835067	-0.068995872
2.845049	-0.069483541
2.855031	-0.069972928
2.865013	-0.070464035
2.874995	-0.07095686
2.884977	-0.071451404
2.894959	-0.071947666
2.904941	-0.072445648
2.914923	-0.072945349
2.924905	-0.073446768
2.934887	-0.073949907
2.944869	-0.074454764
2.954851	-0.074961341
2.964833	-0.075469637
2.974815	-0.075979652
2.984797	-0.076491386
2.994779	-0.07700484
3.004761	-0.077520013
3.0147429	-0.078036905
3.0247249	-0.078555517
3.0347069	-0.079075848
3.0446889	-0.079597899
3.0546709	-0.080121669
3.0646529	-0.080647159
3.0746349	-0.081174368
3.0846169	-0.081703297
3.0945989	-0.082233946
3.1045809	-0.082766314
3.1145629	-0.083300403
3.1245449	-0.083836211
3.1345269	-0.084373739
3.1445089	-0.084912987
3.1544909	-0.085453955
3.1644729	-0.085996643
3.1744549	-0.086541051
3.1844369	-0.087087179
3.1944189	-0.087635027
3.2044009	-0.088184596
3.2143829	-0.088735884
3.2243649	-0.089288893
3.2343469	-0.089843623
3.2443289	-0.090400072
3.2543109	-0.090958243
3.2642929	-0.091518133
3.2742749	-0.092079744
3.2842569	-0.092643076
3.2942388	-0.093208128
3.3042208	-0.093774901
3.3142028	-0.094343394
3.3241848	-0.094913608
3.3341668	-0.095485543
3.3441488	-0.096059199
3.3541308	-0.096634576
3.3641128	-0.097211673
3.3740948	-0.097790491
3.3840768	-0.098371031
3.3940588	-0.098953291
3.4040408	-0.099537273
3.4140228	-0.10012298
3.4240048	-0.1007104
3.4339868	-0.10129954
3.4439688	-0.10189041
3.4539508	-0.102483
3.4639328	-0.10307731
3.4739148	-0.10367334
3.4838968	-0.10427109
3.4938788	-0.10487056
3.5038608	-0.10547175
3.5138428	-0.10607467
3.5238248	-0.10667931
3.5338068	-0.10728567
3.5437888	-0.10789375
3.5537708	-0.10850355
3.5637528	-0.10911508
3.5737347	-0.10972832
3.5837167	-0.11034329
3.5936987	-0.11095998
3.6036807	-0.11157839
3.6136627	-0.11219852
3.6236447	-0.11282038
3.6336267	-0.11344396
3.6436087	-0.11406926
3.6535907	-0.11469628
3.6635727	-0.11532502
3.6735547	-0.11595549
3.6835367	-0.11658768
3.6935187	-0.11722159
3.7035007	-0.11785722
3.7134827	-0.11849458
3.7234647	-0.11913366
3.7334467	-0.11977446
3.7434287	-0.12041698
3.7534107	-0.12106123
3.7633927	-0.12170719
3.7733747	-0.12235489
3.7833567	-0.1230043
3.7933387	-0.12365544
3.8033207	-0.12430829
3.8133027	-0.12496288
3.8232847	-0.12561918
3.8332667	-0.12627721
3.8432486	-0.12693696
3.8532306	-0.12759843
3.8632126	-0.12826163
3.8731946	-0.12892655
3.8831766	-0.12959319
3.8931586	-0.13026156
3.9031406	-0.13093165
3.9131226	-0.13160346
3.9231046	-0.13227699
3.9330866	-0.13295225
3.9430686	-0.13362924
3.9530506	-0.13430794
3.9630326	-0.13498837
3.9730146	-0.13567052
3.9829966	-0.1363544
3.9929786	-0.13704
4.0029606	-0.13772732
4.0129426	-0.13841637
4.0229246	-0.13910714
4.0329066	-0.13979963
4.0428886	-0.14049385
4.0528706	-0.14118979
4.0628526	-0.14188746
4.0728346	-0.14258684
4.0828166	-0.14328796
4.0927986	-0.14399079
4.1027806	-0.14469536
4.1127626	-0.14540164
4.1227445	-0.14610965
4.1327265	-0.14681938
4.1427085	-0.14753084
4.1526905	-0.14824402
4.1626725	-0.14895893
4.1726545	-0.14967556
4.1826365	-0.15039391
4.1926185	-0.15111399
4.2026005	-0.15183579
4.2125825	-0.15255932
4.2225645	-0.15328457
4.2325465	-0.15401155
4.2425285	-0.15474025
4.2525105	-0.15547067
4.2624925	-0.15620282
4.2724745	-0.1569367
4.2824565	-0.15767229
4.2924385	-0.15840962
4.3024205	-0.15914867
4.3124025	-0.15988944
4.3223845	-0.16063194
4.3323665	-0.16137616
4.3423485	-0.16212211
4.3523305	-0.16286978
4.3623125	-0.16361918
4.3722945	-0.1643703
4.3822765	-0.16512315
4.3922585	-0.16587772
4.4022404	-0.16663402
4.4122224	-0.16739204
4.4222044	-0.16815179
4.4321864	-0.16891326
4.4421684	-0.16967646
4.4521504	-0.17044138
4.4621324	-0.17120803
4.4721144	-0.1719764
4.4820964	-0.1727465
4.4920784	-0.17351833
4.5020604	-0.17429188
4.5120424	-0.17506715
4.5220244	-0.17584415
4.5320064	-0.17662288
4.5419884	-0.17740333
4.5519704	-0.17818551
4.5619524	-0.17896941
4.5719344	-0.17975504
4.5819164	-0.1805424
4.5918984	-0.18133148
4.6018804	-0.18212228
4.6118624	-0.18291481
4.6218444	-0.18370907
4.6318264	-0.18450505
4.6418084	-0.18530276
4.6517904	-0.1861022
4.6617724	-0.18690336
4.6717544	-0.18770625
4.6817363	-0.18851086
4.6917183	-0.1893172
4.7017003	-0.19012526
4.7116823	-0.19093505
4.7216643	-0.19174657
4.7316463	-0.19255981
4.7416283	-0.19337478
4.7516103	-0.19419148
4.7615923	-0.1950099
4.7715743	-0.19583005
4.7815563	-0.19665192
4.7915383	-0.19747552
4.8015203	-0.19830085
4.8115023	-0.1991279
4.8214843	-0.19995668
4.8314663	-0.20078719
4.8414483	-0.20161942
4.8514303	-0.20245338
4.8614123	-0.20328906
4.8713943	-0.20412647
4.8813763	-0.20496561
4.8913583	-0.20580648
4.9013403	-0.20664907
4.9113223	-0.20749339
4.9213043	-0.20833943
4.9312863	-0.2091872
4.9412683	-0.2100367
4.9512503	-0.21088792
4.9612322	-0.21174088
4.9712142	-0.21259555
4.9811962	-0.21345196
4.9911782	-0.21431009
5.0011602	-0.21516995
5.0111422	-0.21603153
5.0211242	-0.21689484
5.0311062	-0.21775988
5.0410882	-0.21862665
5.0510702	-0.21949514
5.0610522	-0.22036536
5.0710342	-0.22123731
5.0810162	-0.22211098
5.0909982	-0.22298638
5.1009802	-0.22386351
5.1109622	-0.22474236
5.1209442	-0.22562295
5.1309262	-0.22650526
5.1409082	-0.22738929
5.1508902	-0.22827505
5.1608722	-0.22916254
5.1708542	-0.23005176
5.1808362	-0.23094271
5.1908182	-0.23183538
5.2008002	-0.23272978
5.2107822	-0.2336259
5.2207642	-0.23452376
5.2307461	-0.23542334
5.2407281	-0.23632464
5.2507101	-0.23722768
5.2606921	-0.23813244
5.2706741	-0.23903893
5.2806561	-0.23994715
5.2906381	-0.24085709
5.3006201	-0.24176876
5.3106021	-0.24268216
5.3205841	-0.24359729
5.3305661	-0.24451414
5.3405481	-0.24543273
5.3505301	-0.24635303
5.3605121	-0.24727507
5.3704941	-0.24819883
5.3804761	-0.24912433
5.3904581	-0.25005154
5.4004401	-0.25098049
5.4104221	-0.25191116
5.4204041	-0.25284356
5.4303861	-0.25377769
5.4403681	-0.25471355
5.4503501	-0.25565113
5.4603321	-0.25659044
5.4703141	-0.25753148
5.4802961	-0.25847425
5.4902781	-0.25941874
5.5002601	-0.26036497
5.510242	-0.26131291
5.520224	-0.26226259
5.530206	-0.263214
5.540188	-0.26416713
5.55017	-0.26512199
5.560152	-0.26607857
5.570134	-0.26703689
5.580116	-0.26799693
5.590098	-0.2689587
5.60008	-0.2699222
5.610062	-0.27088743
5.620044	-0.27185438
5.630026	-0.27282306
5.640008	-0.27379347
5.64999	-0.2747656
5.659972	-0.27573947
5.669954	-0.27671506
5.679936	-0.27769238
5.689918	-0.27867142
5.6999	-0.2796522
5.709882	-0.2806347
5.719864	-0.28161893
5.729846	-0.28260489
5.739828	-0.28359257
5.74981	-0.28458199
5.759792	-0.28557313
5.769774	-0.286566
5.779756	-0.28756059
5.7897379	-0.28855692
5.7997199	-0.28955497
5.8097019	-0.29055475
5.8196839	-0.29155625
5.8296659	-0.29255949
5.8396479	-0.29356445
5.8496299	-0.29457114
5.8596119	-0.29557956
5.8695939	-0.2965897
5.8795759	-0.29760157
5.8895579	-0.29861517
5.8995399	-0.2996305
5.9095219	-0.30064756
5.9195039	-0.30166634
5.9294859	-0.30268685
5.9394679	-0.30370909
5.9494499	-0.30473305
5.9594319	-0.30575875
5.9694139	-0.30678617
5.9793959	-0.30781532
5.9893779	-0.30884619
5.9993599	-0.3098788
6.0093419	-0.31091313
6.0193239	-0.31194919
6.0293059	-0.31298697
6.0392879	-0.31402649
6.0492699	-0.31506773
6.0592519	-0.3161107
6.0692338	-0.31715539
6.0792158	-0.31820182
6.0891978	-0.31924997
6.0991798	-0.32029985
6.1091618	-0.32135145
6.1191438	-0.32240478
6.1291258	-0.32345985
6.1391078	-0.32451663
6.1490898	-0.32557515
6.1590718	-0.32663539
6.1690538	-0.32769736
6.1790358	-0.32876106
6.1890178	-0.32982648
6.1989998	-0.33089363
6.2089818	-0.33196251
6.2189638	-0.33303312
6.2289458	-0.33410545
6.2389278	-0.33517951
6.2489098	-0.3362553
6.2588918	-0.33733282
6.2688738	-0.33841206
6.2788558	-0.33949303
6.2888378	-0.34057572
6.2988198	-0.34166015
6.3088018	-0.3427463
6.3187838	-0.34383418
6.3287658	-0.34492378
6.3387477	-0.34601511
6.3487297	-0.34710817
6.3587117	-0.34820295
6.3686937	-0.34929947
6.3786757	-0.3503977
6.3886577	-0.35149767
6.3986397	-0.35259936
6.4086217	-0.35370278
6.4186037	-0.35480793
6.4285857	-0.3559148
6.4385677	-0.3570234
6.4485497	-0.35813373
6.4585317	-0.35924578
6.4685137	-0.36035956
6.4784957	-0.36147506
6.4884777	-0.36259229
6.4984597	-0.36371125
6.5084417	-0.36483194
6.5184237	-0.36595435
6.5284057	-0.36707849
6.5383877	-0.36820435
6.5483697	-0.36933194
6.5583517	-0.37046126
6.5683337	-0.3715923
6.5783157	-0.37272507
6.5882977	-0.37385957
6.5982797	-0.37499579
6.6082617	-0.37613374
6.6182436	-0.37727341
6.6282256	-0.37841481
6.6382076	-0.37955794
6.6481896	-0.38070279
6.6581716	-0.38184937
6.6681536	-0.38299767
6.6781356	-0.3841477
6.6881176	-0.38529945
6.6980996	-0.38645294
6.7080816	-0.38760814
6.7180636	-0.38876507
6.7280456	-0.38992373
6.7380276	-0.39108412
6.7480096	-0.39224622
6.7579916	-0.39341006
6.7679736	-0.39457562
6.7779556	-0.3957429
6.7879376	-0.39691191
6.7979196	-0.39808265
6.8079016	-0.39925511
6.8178836	-0.4004293
6.8278656	-0.40160521
6.8378476	-0.40278285
6.8478296	-0.40396221
6.8578116	-0.40514329
6.8677936	-0.4063261
6.8777756	-0.40751064
6.8877576	-0.4086969
6.8977395	-0.40988489
6.9077215	-0.4110746
6.9177035	-0.41226603
6.9276855	-0.41345919
6.9376675	-0.41465408
6.9476495	-0.41585069
6.9576315	-0.41704902
6.9676135	-0.41824908
6.9775955	-0.41945086
6.9875775	-0.42065437
6.9975595	-0.4218596
7.0075415	-0.42306655
7.0175235	-0.42427523
7.0275055	-0.42548564
7.0374875	-0.42669776
7.0474695	-0.42791161
7.0574515	-0.42912719
7.0674335	-0.43034449
7.0774155	-0.43156351
7.0873975	-0.43278425
7.0973795	-0.43400672
7.1073615	-0.43523092
7.1173435	-0.43645683
7.1273255	-0.43768447
7.1373075	-0.43891384
7.1472895	-0.44014492
7.1572715	-0.44137773
7.1672535	-0.44261227
7.1772354	-0.44384852
7.1872174	-0.4450865
7.1971994	-0.4463262
7.2071814	-0.44756763
7.2171634	-0.44881078
7.2271454	-0.45005565
7.2371274	-0.45130224
7.2471094	-0.45255055
7.2570914	-0.45380059
7.2670734	-0.45505235
7.2770554	-0.45630584
7.2870374	-0.45756104
7.2970194	-0.45881797
7.3070014	-0.46007662
7.3169834	-0.46133699
7.3269654	-0.46259908
7.3369474	-0.4638629
7.3469294	-0.46512843
7.3569114	-0.46639569
7.3668934	-0.46766467
7.3768754	-0.46893537
7.3868574	-0.4702078
7.3968394	-0.47148194
7.4068214	-0.47275781
7.4168034	-0.4740354
7.4267854	-0.4753147
7.4367674	-0.47659573
7.4467493	-0.47787848
7.4567313	-0.47916296
7.4667133	-0.48044915
7.4766953	-0.48173706
7.4866773	-0.48302669
7.4966593	-0.48431805
7.5066413	-0.48561112
7.5166233	-0.48690592
7.5266053	-0.48820243
7.5365873	-0.48950067
7.5465693	-0.49080062
7.5565513	-0.4921023
7.5665333	-0.49340569
7.5765153	-0.49471081
7.5864973	-0.49601764
7.5964793	-0.4973262
7.6064613	-0.49863647
7.6164433	-0.49994847
7.6264253	-0.50126218
7.6364073	-0.50257761
7.6463893	-0.50389476
7.6563713	-0.50521363
7.6663533	-0.50653422
7.6763353	-0.50785653
7.6863173	-0.50918056
7.6962993	-0.5105063
7.7062813	-0.51183376
7.7162633	-0.51316295
7.7262452	-0.51449385
7.7362272	-0.51582647
7.7462092	-0.5171608
7.7561912	-0.51849686
7.7661732	-0.51983463
7.7761552	-0.52117412
7.7861372	-0.52251533
7.7961192	-0.52385825
7.8061012	-0.5252029
7.8160832	-0.52654926
7.8260652	-0.52789734
7.8360472	-0.52924713
7.8460292	-0.53059864
7.8560112	-0.53195187
7.8659932	-0.53330682
7.8759752	-0.53466348
7.8859572	-0.53602186
7.8959392	-0.53738196
7.9059212	-0.53874377
7.9159032	-0.5401073
7.9258852	-0.54147254
7.9358672	-0.5428395
7.9458492	-0.54420818
7.9558312	-0.54557857
7.9658132	-0.54695067
7.9757952	-0.5483245
7.9857772	-0.54970004
7.9957592	-0.55107729
8.0057411	-0.55245626
8.0157231	-0.55383694
8.0257051	-0.55521934
8.0356871	-0.55660345
8.0456691	-0.55798928
8.0556511	-0.55937682
8.0656331	-0.56076608
8.0756151	-0.56215705
8.0855971	-0.56354974
8.0955791	-0.56494414
8.1055611	-0.56634025
8.1155431	-0.56773808
8.1255251	-0.56913762
8.1355071	-0.57053887
8.1454891	-0.57194184
8.1554711	-0.57334652
8.1654531	-0.57475291
8.1754351	-0.57616102
8.1854171	-0.57757084
8.1953991	-0.57898237
8.2053811	-0.58039562
8.2153631	-0.58181057
8.2253451	-0.58322724
8.2353271	-0.58464562
8.2453091	-0.58606572
8.2552911	-0.58748752
8.2652731	-0.58891104
8.2752551	-0.59033627
8.285237	-0.59176321
8.295219	-0.59319186
8.305201	-0.59462222
8.315183	-0.59605429
8.325165	-0.59748808
8.335147	-0.59892357
8.345129	-0.60036078
8.355111	-0.60179969
8.365093	-0.60324032
8.375075	-0.60468265
8.385057	-0.6061267
8.395039	-0.60757245
8.405021	-0.60901992
8.415003	-0.61046909
8.424985	-0.61191998
8.434967	-0.61337257
8.444949	-0.61482687
8.454931	-0.61628288
8.464913	-0.6177406
8.474895	-0.61920003
8.484877	-0.62066117
8.494859	-0.62212401
8.504841	-0.62358857
8.514823	-0.62505483
8.524805	-0.62652279
8.534787	-0.62799247
8.544769	-0.62946385
8.554751	-0.63093695
8.5647329	-0.63241174
8.5747149	-0.63388825
8.5846969	-0.63536646
8.5946789	-0.63684638
8.6046609	-0.638328
8.6146429	-0.63981133
8.6246249	-0.64129637
8.6346069	-0.64278311
8.6445889	-0.64427156
8.6545709	-0.64576171
8.6645529	-0.64725357
8.6745349	-0.64874714
8.6845169	-0.65024241
8.6944989	-0.65173938
8.7044809	-0.65323806
8.7144629	-0.65473844
8.7244449	-0.65624053
8.7344269	-0.65774432
8.7444089	-0.65924982
8.7543909	-0.66075702
8.7643729	-0.66226592
8.7743549	-0.66377653
8.7843369	-0.66528884
8.7943189	-0.66680285
8.8043009	-0.66831857
8.8142829	-0.66983599
8.8242649	-0.67135511
8.8342468	-0.67287594
8.8442288	-0.67439846
8.8542108	-0.67592269
8.8641928	-0.67744862
8.8741748	-0.67897625
8.8841568	-0.68050558
8.8941388	-0.68203662
8.9041208	-0.68356935
8.9141028	-0.68510379
8.9240848	-0.68663992
8.9340668	-0.68817776
8.9440488	-0.6897173
8.9540308	-0.69125853
8.9640128	-0.69280147
8.9739948	-0.69434611
8.9839768	-0.69589244
8.9939588	-0.69744048
9.0039408	-0.69899021
9.0139228	-0.70054164
9.0239048	-0.70209478
9.0338868	-0.70364961
9.0438688	-0.70520613
9.0538508	-0.70676436
9.0638328	-0.70832428
9.0738148	-0.70988591
9.0837968	-0.71144923
9.0937788	-0.71301424
9.1037608	-0.71458096
9.1137427	-0.71614937
9.1237247	-0.71771947
9.1337067	-0.71929128
9.1436887	-0.72086477
9.1536707	-0.72243997
9.1636527	-0.72401686
9.1736347	-0.72559545
9.1836167	-0.72717573
9.1935987	-0.7287577
9.2035807	-0.73034138
9.2135627	-0.73192674
9.2235447	-0.7335138
9.2335267	-0.73510256
9.2435087	-0.73669301
9.2534907	-0.73828515
9.2634727	-0.73987899
9.2734547	-0.74147451
9.2834367	-0.74307174
9.2934187	-0.74467065
9.3034007	-0.74627126
9.3133827	-0.74787356
9.3233647	-0.74947755
9.3333467	-0.75108324
9.3433287	-0.75269061
9.3533107	-0.75429968
9.3632927	-0.75591044
9.3732747	-0.75752289
9.3832567	-0.75913703
9.3932386	-0.76075286
9.4032206	-0.76237039
9.4132026	-0.7639896
9.4231846	-0.7656105
9.4331666	-0.76723309
9.4431486	-0.76885737
9.4531306	-0.77048334
9.4631126	-0.772111
9.4730946	-0.77374035
9.4830766	-0.77537138
9.4930586	-0.77700411
9.5030406	-0.77863852
9.5130226	-0.78027462
9.5230046	-0.78191241
9.5329866	-0.78355188
9.5429686	-0.78519304
9.5529506	-0.78683589
9.5629326	-0.78848043
9.5729146	-0.79012665
9.5828966	-0.79177455
9.5928786	-0.79342415
9.6028606	-0.79507542
9.6128426	-0.79672839
9.6228246	-0.79838303
9.6328066	-0.80003937
9.6427886	-0.80169738
9.6527706	-0.80335709
9.6627526	-0.80501847
9.6727345	-0.80668154
9.6827165	-0.80834629
9.6926985	-0.81001273
9.7026805	-0.81168085
9.7126625	-0.81335065
9.7226445	-0.81502213
9.7326265	-0.8166953
9.7426085	-0.81837014
9.7525905	-0.82004667
9.7625725	-0.82172488
9.7725545	-0.82340477
9.7825365	-0.82508635
9.7925185	-0.8267696
9.8025005	-0.82845453
9.8124825	-0.83014115
9.8224645	-0.83182944
9.8324465	-0.83351941
9.8424285	-0.83521106
9.8524105	-0.83690439
9.8623925	-0.8385994
9.8723745	-0.84029609
9.8823565	-0.84199445
9.8923385	-0.84369449
9.9023205	-0.84539621
9.9123025	-0.84709961
9.9222845	-0.84880469
9.9322665	-0.85051144
9.9422484	-0.85221986
9.9522304	-0.85392997
9.9622124	-0.85564175
9.9721944	-0.8573552
9.9821764	-0.85907033
9.9921584	-0.86078714
10.00214	-0.86250562
10.012122	-0.86422577
10.022104	-0.8659476
10.032086	-0.8676711
10.042068	-0.86939627
10.05205	-0.87112312
10.062032	-0.87285164
10.072014	-0.87458184
10.081996	-0.8763137
10.091978	-0.87804724
10.10196	-0.87978245
10.111942	-0.88151933
10.121924	-0.88325789
10.131906	-0.88499811
10.141888	-0.88674
10.15187	-0.88848357
10.161852	-0.8902288
10.171834	-0.8919757
10.181816	-0.89372428
10.191798	-0.89547452
10.20178	-0.89722643
10.211762	-0.89898001
10.221744	-0.90073525
10.231726	-0.90249217
10.241708	-0.90425075
10.25169	-0.906011
10.261672	-0.90777292
10.271654	-0.9095365
10.281636	-0.91130175
10.291618	-0.91306866
10.3016	-0.91483724
10.311582	-0.91660749
10.321564	-0.9183794
10.331546	-0.92015297
10.341528	-0.92192821
10.35151	-0.92370511
10.361492	-0.92548368
10.371474	-0.92726391
10.381456	-0.92904581
10.391438	-0.93082936
10.40142	-0.93261458
10.411402	-0.93440146
10.421384	-0.93619
10.431366	-0.9379802
10.441348	-0.93977207
10.45133	-0.94156559
10.461312	-0.94336078
10.471294	-0.94515763
10.481276	-0.94695613
10.491258	-0.94875629
10.50124	-0.95055812
10.511222	-0.9523616
10.521204	-0.95416674
10.531186	-0.95597354
10.541168	-0.957782
10.55115	-0.95959211
10.561132	-0.96140388
10.571114	-0.96321731
10.581096	-0.96503239
10.591078	-0.96684913
10.60106	-0.96866753
10.611042	-0.97048758
10.621024	-0.97230928
10.631006	-0.97413264
10.640988	-0.97595766
10.65097	-0.97778433
10.660952	-0.97961265
10.670934	-0.98144262
10.680916	-0.98327425
10.690898	-0.98510753
10.70088	-0.98694247
10.710862	-0.98877905
10.720844	-0.99061729
10.730826	-0.99245717
10.740808	-0.99429871
10.75079	-0.9961419
10.760772	-0.99798674
10.770754	-0.99983322
10.780736	-1.0016814
10.790718	-1.0035311
10.8007	-1.0053826
10.810682	-1.0072357
10.820664	-1.0090904
10.830646	-1.0109468
10.840628	-1.0128048
10.85061	-1.0146645
10.860592	-1.0165258
10.870574	-1.0183887
10.880556	-1.0202534
10.890538	-1.0221196
10.90052	-1.0239875
10.910502	-1.0258571
10.920484	-1.0277282
10.930466	-1.0296011
10.940448	-1.0314756
10.95043	-1.0333517
10.960412	-1.0352294
10.970394	-1.0371088
10.980376	-1.0389899
10.990358	-1.0408726
11.00034	-1.0427569
11.010322	-1.0446429
11.020304	-1.0465305
11.030286	-1.0484197
11.040268	-1.0503106
11.05025	-1.0522031
11.060232	-1.0540973
11.070214	-1.0559931
11.080196	-1.0578905
11.090178	-1.0597896
11.10016	-1.0616903
11.110142	-1.0635927
11.120124	-1.0654967
11.130106	-1.0674023
11.140088	-1.0693096
11.15007	-1.0712185
11.160052	-1.073129
11.170034	-1.0750412
11.180016	-1.076955
11.189998	-1.0788704
11.19998	-1.0807875
11.209962	-1.0827062
11.219944	-1.0846265
11.229926	-1.0865485
11.239908	-1.088472
11.24989	-1.0903973
11.259872	-1.0923241
11.269854	-1.0942526
11.279836	-1.0961827
11.289818	-1.0981145
11.2998	-1.1000479
11.309782	-1.1019829
11.319764	-1.1039195
11.329746	-1.1058578
11.339728	-1.1077976
11.34971	-1.1097392
11.359692	-1.1116823
11.369674	-1.1136271
11.379656	-1.1155735
11.389638	-1.1175215
11.39962	-1.1194711
11.409602	-1.1214224
11.419584	-1.1233753
11.429566	-1.1253298
11.439548	-1.1272859
11.44953	-1.1292437
11.459512	-1.1312031
11.469494	-1.1331641
11.479476	-1.1351267
11.489458	-1.137091
11.49944	-1.1390568
11.509422	-1.1410243
11.519404	-1.1429934
11.529386	-1.1449642
11.539368	-1.1469365
11.54935	-1.1489105
11.559332	-1.1508861
11.569314	-1.1528633
11.579296	-1.1548421
11.589278	-1.1568225
11.59926	-1.1588046
11.609242	-1.1607883
11.619224	-1.1627735
11.629206	-1.1647604
11.639188	-1.166749
11.64917	-1.1687391
11.659152	-1.1707308
11.669134	-1.1727242
11.679116	-1.1747191
11.689098	-1.1767157
11.69908	-1.1787139
11.709062	-1.1807137
11.719044	-1.1827151
11.729026	-1.1847181
11.739008	-1.1867228
11.74899	-1.188729
11.758972	-1.1907369
11.768954	-1.1927463
11.778936	-1.1947574
11.788918	-1.1967701
11.7989	-1.1987844
11.808882	-1.2008003
11.818864	-1.2028178
11.828846	-1.2048369
11.838828	-1.2068576
11.84881	-1.2088799
11.858792	-1.2109038
11.868774	-1.2129293
11.878756	-1.2149564
11.888738	-1.2169852
11.89872	-1.2190155
11.908702	-1.2210474
11.918684	-1.223081
11.928666	-1.2251161
11.938648	-1.2271528
11.94863	-1.2291912
11.958612	-1.2312311
11.968594	-1.2332726
11.978576	-1.2353158
11.988558	-1.2373605
11.99854	-1.2394068
12.008522	-1.2414548
12.018504	-1.2435043
12.028486	-1.2455554
12.038468	-1.2476081
12.04845	-1.2496624
12.058432	-1.2517183
12.068414	-1.2537758
12.078396	-1.2558349
12.088378	-1.2578956
12.09836	-1.2599579
12.108342	-1.2620218
12.118324	-1.2640872
12.128306	-1.2661543
12.138288	-1.2682229
12.14827	-1.2702932
12.158252	-1.272365
12.168234	-1.2744384
12.178216	-1.2765134
12.188198	-1.27859
12.19818	-1.2806682
12.208162	-1.282748
12.218144	-1.2848293
12.228126	-1.2869123
12.238108	-1.2889968
12.24809	-1.2910829
12.258072	-1.2931706
12.268054	-1.2952599
12.278036	-1.2973508
12.288018	-1.2994432
12.298	-1.3015372
12.307982	-1.3036329
12.317964	-1.3057301
12.327946	-1.3078288
12.337928	-1.3099292
12.34791	-1.3120311
12.357892	-1.3141347
12.367874	-1.3162398
12.377856	-1.3183464
12.387838	-1.3204547
12.39782	-1.3225645
12.407802	-1.3246759
12.417784	-1.3267889
12.427766	-1.3289035
12.437748	-1.3310196
12.44773	-1.3331373
12.457712	-1.3352566
12.467694	-1.3373775
12.477676	-1.3394999
12.487658	-1.3416239
12.49764	-1.3437495
12.507622	-1.3458767
12.517604	-1.3480054
12.527586	-1.3501357
12.537568	-1.3522676
12.54755	-1.354401
12.557532	-1.356536
12.567514	-1.3586726
12.577495	-1.3608107
12.587477	-1.3629504
12.597459	-1.3650917
12.607441	-1.3672346
12.617423	-1.369379
12.627405	-1.371525
12.637387	-1.3736725
12.647369	-1.3758216
12.657351	-1.3779723
12.667333	-1.3801245
12.677315	-1.3822783
12.687297	-1.3844337
12.697279	-1.3865906
12.707261	-1.3887491
12.717243	-1.3909091
12.727225	-1.3930707
12.737207	-1.3952339
12.747189	-1.3973986
12.757171	-1.3995648
12.767153	-1.4017327
12.777135	-1.4039021
12.787117	-1.406073
12.797099	-1.4082455
12.807081	-1.4104196
12.817063	-1.4125952
12.827045	-1.4147724
12.837027	-1.4169511
12.847009	-1.4191314
12.856991	-1.4213132
12.866973	-1.4234966
12.876955	-1.4256815
12.886937	-1.427868
12.896919	-1.430056
12.906901	-1.4322456
12.916883	-1.4344367
12.926865	-1.4366294
12.936847	-1.4388237
12.946829	-1.4410194
12.956811	-1.4432168
12.966793	-1.4454156
12.976775	-1.4476161
12.986757	-1.449818
12.996739	-1.4520215
13.006721	-1.4542266
13.016703	-1.4564332
13.026685	-1.4586413
13.036667	-1.460851
13.046649	-1.4630622
13.056631	-1.465275
13.066613	-1.4674893
13.076595	-1.4697051
13.086577	-1.4719225
13.096559	-1.4741414
13.106541	-1.4763619
13.116523	-1.4785839
13.126505	-1.4808074
13.136487	-1.4830325
13.146469	-1.4852591
13.156451	-1.4874872
13.166433	-1.4897169
13.176415	-1.4919481
13.186397	-1.4941809
13.196379	-1.4964152
13.206361	-1.498651
13.216343	-1.5008883
13.226325	-1.5031272
13.236307	-1.5053676
13.246289	-1.5076095
13.256271	-1.509853
13.266253	-1.512098
13.276235	-1.5143445
13.286217	-1.5165925
13.296199	-1.5188421
13.306181	-1.5210932
13.316163	-1.5233458
13.326145	-1.5256
13.336127	-1.5278557
13.346109	-1.5301129
13.356091	-1.5323716
13.366073	-1.5346318
13.376055	-1.5368936
13.386037	-1.5391569
13.396019	-1.5414217
13.406001	-1.543688
13.415983	-1.5459559
13.425965	-1.5482252
13.435947	-1.5504961
13.445929	-1.5527685
13.455911	-1.5550425
13.465893	-1.5573179
13.475875	-1.5595949
13.485857	-1.5618733
13.495839	-1.5641533
13.505821	-1.5664348
13.515803	-1.5687178
13.525785	-1.5710023
13.535767	-1.5732884
13.545749	-1.5755759
13.555731	-1.577865
13.565713	-1.5801555
13.575695	-1.5824476
13.585677	-1.5847412
13.595659	-1.5870363
13.605641	-1.5893329
13.615623	-1.591631
13.625605	-1.5939306
13.635587	-1.5962317
13.645569	-1.5985344
13.655551	-1.6008385
13.665533	-1.6031441
13.675515	-1.6054513
13.685497	-1.6077599
13.695479	-1.6100701
13.705461	-1.6123817
13.715443	-1.6146948
13.725425	-1.6170095
13.735407	-1.6193256
13.745389	-1.6216433
13.755371	-1.6239624
13.765353	-1.626283
13.775335	-1.6286052
13.785317	-1.6309288
13.795299	-1.6332539
13.805281	-1.6355806
13.815263	-1.6379087
13.825245	-1.6402383
13.835227	-1.6425694
13.845209	-1.644902
13.855191	-1.647236
13.865173	-1.6495716
13.875155	-1.6519087
13.885137	-1.6542472
13.895119	-1.6565873
13.905101	-1.6589288
13.915083	-1.6612718
13.925065	-1.6636163
13.935047	-1.6659623
13.945029	-1.6683098
13.955011	-1.6706588
13.964993	-1.6730092
13.974975	-1.6753611
13.984957	-1.6777145
13.994939	-1.6800694
14.004921	-1.6824258
14.014903	-1.6847837
14.024885	-1.687143
14.034867	-1.6895038
14.044849	-1.6918661
14.054831	-1.6942299
14.064813	-1.6965951
14.074795	-1.6989619
14.084777	-1.7013301
14.094759	-1.7036997
14.104741	-1.7060709
14.114723	-1.7084435
14.124705	-1.7108176
14.134687	-1.7131932
14.144669	-1.7155702
14.154651	-1.7179488
14.164633	-1.7203287
14.174615	-1.7227102
14.184597	-1.7250931
14.194579	-1.7274775
14.204561	-1.7298634
14.214543	-1.7322507
14.224525	-1.7346395
14.234507	-1.7370298
14.244489	-1.7394215
14.254471	-1.7418147
14.264453	-1.7442093
14.274435	-1.7466055
14.284417	-1.749003
14.294399	-1.7514021
14.304381	-1.7538026
14.314363	-1.7562045
14.324345	-1.758608
14.334327	-1.7610128
14.344309	-1.7634192
14.354291	-1.765827
14.364273	-1.7682362
14.374255	-1.7706469
14.384237	-1.7730591
14.394219	-1.7754727
14.404201	-1.7778878
14.414183	-1.7803043
14.424165	-1.7827223
14.434147	-1.7851417
14.444129	-1.7875626
14.454111	-1.7899849
14.464093	-1.7924087
14.474075	-1.794834
14.484057	-1.7972606
14.494039	-1.7996888
14.504021	-1.8021183
14.514003	-1.8045494
14.523985	-1.8069818
14.533967	-1.8094157
14.543949	-1.8118511
14.553931	-1.8142879
14.563913	-1.8167261
14.573895	-1.8191658
14.583877	-1.8216069
14.593859	-1.8240495
14.603841	-1.8264935
14.613823	-1.8289389
14.623805	-1.8313858
14.633787	-1.8338341
14.643769	-1.8362839
14.653751	-1.8387351
14.663733	-1.8411877
14.673715	-1.8436417
14.683697	-1.8460972
14.693679	-1.8485542
14.703661	-1.8510125
14.713643	-1.8534723
14.723625	-1.8559335
14.733607	-1.8583962
14.743589	-1.8608603
14.753571	-1.8633258
14.763553	-1.8657927
14.773535	-1.8682611
14.783517	-1.8707308
14.793499	-1.8732021
14.803481	-1.8756747
14.813463	-1.8781488
14.823445	-1.8806243
14.833427	-1.8831012
14.843409	-1.8855795
14.853391	-1.8880593
14.863373	-1.8905404
14.873355	-1.893023
14.883337	-1.895507
14.893319	-1.8979925
14.903301	-1.9004793
14.913283	-1.9029676
14.923265	-1.9054573
14.933247	-1.9079484
14.943229	-1.9104409
14.953211	-1.9129348
14.963193	-1.9154301
14.973175	-1.9179269
14.983157	-1.9204251
14.993139	-1.9229246
15.003121	-1.9254256
15.013103	-1.927928
15.023085	-1.9304318
15.033067	-1.932937
15.043049	-1.9354436
15.053031	-1.9379517
15.063013	-1.9404611
15.072995	-1.9429719
15.082977	-1.9454842
15.092959	-1.9479978
15.102941	-1.9505128
15.112923	-1.9530293
15.122905	-1.9555471
15.132887	-1.9580664
15.142869	-1.960587
15.152851	-1.9631091
15.162833	-1.9656325
15.172815	-1.9681573
15.182797	-1.9706836
15.192779	-1.9732112
15.202761	-1.9757402
15.212743	-1.9782706
15.222725	-1.9808025
15.232707	-1.9833357
15.242689	-1.9858703
15.252671	-1.9884062
15.262653	-1.9909436
15.272635	-1.9934824
15.282617	-1.9960225
15.292599	-1.9985641
15.302581	-2.001107
15.312563	-2.0036513
15.322545	-2.006197
15.332527	-2.0087441
15.342509	-2.0112926
15.35249	-2.0138424
15.362472	-2.0163937
15.372454	-2.0189463
15.382436	-2.0215003
15.392418	-2.0240557
15.4024	-2.0266124
15.412382	-2.0291706
15.422364	-2.0317301
15.432346	-2.034291
15.442328	-2.0368532
15.45231	-2.0394169
15.462292	-2.0419819
15.472274	-2.0445483
15.482256	-2.0471161
15.492238	-2.0496852
15.50222	-2.0522557
15.512202	-2.0548276
15.522184	-2.0574008
15.532166	-2.0599754
15.542148	-2.0625514
15.55213	-2.0651288
15.562112	-2.0677075
15.572094	-2.0702876
15.582076	-2.072869
15.592058	-2.0754518
15.60204	-2.078036
15.612022	-2.0806216
15.622004	-2.0832085
15.631986	-2.0857967
15.641968	-2.0883864
15.65195	-2.0909773
15.661932	-2.0935697
15.671914	-2.0961634
15.681896	-2.0987584
15.691878	-2.1013548
15.70186	-2.1039526
15.711842	-2.1065517
15.721824	-2.1091522
15.731806	-2.111754
15.741788	-2.1143572
15.75177	-2.1169617
15.761752	-2.1195676
15.771734	-2.1221749
15.781716	-2.1247834
15.791698	-2.1273934
15.80168	-2.1300047
15.811662	-2.1326173
15.821644	-2.1352312
15.831626	-2.1378466
15.841608	-2.1404632
15.85159	-2.1430812
15.861572	-2.1457006
15.871554	-2.1483212
15.881536	-2.1509433
15.891518	-2.1535666
15.9015	-2.1561913
15.911482	-2.1588174
15.921464	-2.1614448
15.931446	-2.1640735
15.941428	-2.1667035
15.95141	-2.1693349
15.961392	-2.1719676
15.971374	-2.1746017
15.981356	-2.1772371
15.991338	-2.1798738
16.00132	-2.1825119
16.011302	-2.1851512
16.021284	-2.1877919
16.031266	-2.190434
16.041248	-2.1930774
16.05123	-2.195722
16.061212	-2.1983681
16.071194	-2.2010154
16.081176	-2.2036641
16.091158	-2.2063141
16.10114	-2.2089654
16.111122	-2.211618
16.121104	-2.214272
16.131086	-2.2169273
16.141068	-2.2195839
16.15105	-2.2222418
16.161032	-2.224901
16.171014	-2.2275616
16.180996	-2.2302234
16.190978	-2.2328866
16.20096	-2.2355511
16.210942	-2.2382169
16.220924	-2.240884
16.230906	-2.2435525
16.240888	-2.2462222
16.25087	-2.2488933
16.260852	-2.2515656
16.270834	-2.2542393
16.280816	-2.2569143
16.290798	-2.2595905
16.30078	-2.2622681
16.310762	-2.264947
16.320744	-2.2676272
16.330726	-2.2703087
16.340708	-2.2729915
16.35069	-2.2756757
16.360672	-2.2783611
16.370654	-2.2810478
16.380636	-2.2837358
16.390618	-2.2864251
16.4006	-2.2891157
16.410582	-2.2918076
16.420564	-2.2945008
16.430546	-2.2971953
16.440528	-2.2998911
16.45051	-2.3025881
16.460492	-2.3052865
16.470474	-2.3079862
16.480456	-2.3106871
16.490438	-2.3133894
16.50042	-2.3160929
16.510402	-2.3187977
16.520384	-2.3215038
16.530366	-2.3242112
16.540348	-2.3269199
16.55033	-2.3296298
16.560312	-2.3323411
16.570294	-2.3350536
16.580276	-2.3377674
16.590258	-2.3404825
16.60024	-2.3431989
16.610222	-2.3459165
16.620204	-2.3486355
16.630186	-2.3513557
16.640168	-2.3540772
16.65015	-2.3567999
16.660132	-2.359524
16.670114	-2.3622493
16.680096	-2.3649759
16.690078	-2.3677037
16.70006	-2.3704328
16.710042	-2.3731632
16.720024	-2.3758949
16.730006	-2.3786278
16.739988	-2.381362
16.74997	-2.3840975
16.759952	-2.3868343
16.769934	-2.3895723
16.779916	-2.3923115
16.789898	-2.3950521
16.79988	-2.3977939
16.809862	-2.4005369
16.819844	-2.4032812
16.829826	-2.4060268
16.839808	-2.4087736
16.84979	-2.4115217
16.859772	-2.4142711
16.869754	-2.4170217
16.879736	-2.4197736
16.889718	-2.4225267
16.8997	-2.4252811
16.909682	-2.4280367
16.919664	-2.4307936
16.929646	-2.4335517
16.939628	-2.4363111
16.94961	-2.4390717
16.959592	-2.4418336
16.969574	-2.4445968
16.979556	-2.4473611
16.989538	-2.4501268
16.99952	-2.4528936
17.009502	-2.4556617
17.019484	-2.4584311
17.029466	-2.4612017
17.039448	-2.4639735
17.04943	-2.4667466
17.059412	-2.4695209
17.069394	-2.4722965
17.079376	-2.4750733
17.089358	-2.4778513
17.09934	-2.4806306
17.109322	-2.4834111
17.119304	-2.4861929
17.129286	-2.4889759
17.139268	-2.4917601
17.14925	-2.4945455
17.159232	-2.4973322
17.169214	-2.5001201
17.179196	-2.5029092
17.189178	-2.5056996
17.19916	-2.5084912
17.209142	-2.511284
17.219124	-2.514078
17.229106	-2.5168733
17.239088	-2.5196698
17.24907	-2.5224675
17.259052	-2.5252665
17.269034	-2.5280666
17.279016	-2.530868
17.288998	-2.5336706
17.29898	-2.5364744
17.308962	-2.5392795
17.318944	-2.5420857
17.328926	-2.5448932
17.338908	-2.5477019
17.34889	-2.5505118
17.358872	-2.5533229
17.368854	-2.5561352
17.378836	-2.5589487
17.388818	-2.5617635
17.3988	-2.5645794
17.408782	-2.5673966
17.418764	-2.570215
17.428746	-2.5730345
17.438728	-2.5758553
17.44871	-2.5786773
17.458692	-2.5815005
17.468674	-2.5843249
17.478656	-2.5871505
17.488638	-2.5899773
17.49862	-2.5928053
17.508602	-2.5956345
17.518584	-2.5984649
17.528566	-2.6012965
17.538548	-2.6041293
17.54853	-2.6069633
17.558512	-2.6097985
17.568494	-2.6126349
17.578476	-2.6154724
17.588458	-2.6183112
17.59844	-2.6211512
17.608422	-2.6239923
17.618404	-2.6268347
17.628386	-2.6296782
17.638368	-2.6325229
17.64835	-2.6353688
17.658332	-2.6382159
17.668314	-2.6410642
17.678296	-2.6439136
17.688278	-2.6467643
17.69826	-2.6496161
17.708242	-2.6524691
17.718224	-2.6553233
17.728206	-2.6581787
17.738188	-2.6610352
17.74817	-2.6638929
17.758152	-2.6667518
17.768134	-2.6696119
17.778116	-2.6724732
17.788098	-2.6753356
17.79808	-2.6781992
17.808062	-2.681064
17.818044	-2.6839299
17.828026	-2.686797
17.838008	-2.6896653
17.84799	-2.6925348
17.857972	-2.6954054
17.867954	-2.6982772
17.877936	-2.7011501
17.887918	-2.7040242
17.8979	-2.7068995
17.907882	-2.709776
17.917864	-2.7126536
17.927846	-2.7155323
17.937828	-2.7184123
17.94781	-2.7212934
17.957792	-2.7241756
17.967774	-2.727059
17.977756	-2.7299436
17.987738	-2.7328293
17.99772	-2.7357162
18.007702	-2.7386042
18.017684	-2.7414934
18.027666	-2.7443837
18.037648	-2.7472752
18.04763	-2.7501678
18.057612	-2.7530616
18.067594	-2.7559565
18.077576	-2.7588526
18.087558	-2.7617498
18.09754	-2.7646482
18.107522	-2.7675477
18.117504	-2.7704484
18.127485	-2.7733502
18.137467	-2.7762531
18.147449	-2.7791572
18.157431	-2.7820624
18.167413	-2.7849688
18.177395	-2.7878763
18.187377	-2.7907849
18.197359	-2.7936947
18.207341	-2.7966056
18.217323	-2.7995177
18.227305	-2.8024308
18.237287	-2.8053452
18.247269	-2.8082606
18.257251	-2.8111772
18.267233	-2.8140949
18.277215	-2.8170137
18.287197	-2.8199337
18.297179	-2.8228548
18.307161	-2.825777
18.317143	-2.8287003
18.327125	-2.8316248
18.337107	-2.8345504
18.347089	-2.8374771
18.357071	-2.8404049
18.367053	-2.8433339
18.377035	-2.8462639
18.387017	-2.8491951
18.396999	-2.8521274
18.406981	-2.8550608
18.416963	-2.8579954
18.426945	-2.860931
18.436927	-2.8638678
18.446909	-2.8668057
18.456891	-2.8697447
18.466873	-2.8726848
18.476855	-2.875626
18.486837	-2.8785683
18.496819	-2.8815118
18.506801	-2.8844563
18.516783	-2.8874019
18.526765	-2.8903487
18.536747	-2.8932965
18.546729	-2.8962455
18.556711	-2.8991956
18.566693	-2.9021467
18.576675	-2.905099
18.586657	-2.9080524
18.596639	-2.9110068
18.606621	-2.9139624
18.616603	-2.916919
18.626585	-2.9198768
18.636567	-2.9228356
18.646549	-2.9257956
18.656531	-2.9287566
18.666513	-2.9317188
18.676495	-2.934682
18.686477	-2.9376463
18.696459	-2.9406117
18.706441	-2.9435782
18.716423	-2.9465458
18.726405	-2.9495144
18.736387	-2.9524842
18.746369	-2.955455
18.756351	-2.9584269
18.766333	-2.9613999
18.776315	-2.964374
18.786297	-2.9673492
18.796279	-2.9703254
18.806261	-2.9733027
18.816243	-2.9762811
18.826225	-2.9792606
18.836207	-2.9822412
18.846189	-2.9852228
18.856171	-2.9882055
18.866153	-2.9911893
18.876135	-2.9941741
18.886117	-2.99716
18.896099	-3.000147
18.906081	-3.0031351
18.916063	-3.0061242
18.926045	-3.0091144
18.936027	-3.0121057
18.946009	-3.015098
18.955991	-3.0180914
18.965973	-3.0210859
18.975955	-3.0240814
18.985937	-3.027078
18.995919	-3.0300756
19.005901	-3.0330743
19.015883	-3.0360741
19.025865	-3.0390749
19.035847	-3.0420768
19.045829	-3.0450797
19.055811	-3.0480837
19.065793	-3.0510888
19.075775	-3.0540948
19.085757	-3.057102
19.095739	-3.0601102
19.105721	-3.0631195
19.115703	-3.0661298
19.125685	-3.0691411
19.135667	-3.0721535
19.145649	-3.075167
19.155631	-3.0781814
19.165613	-3.081197
19.175595	-3.0842136
19.185577	-3.0872312
19.195559	-3.0902499
19.205541	-3.0932696
19.215523	-3.0962903
19.225505	-3.0993121
19.235487	-3.1023349
19.245469	-3.1053588
19.255451	-3.1083837
19.265433	-3.1114096
19.275415	-3.1144366
19.285397	-3.1174646
19.295379	-3.1204936
19.305361	-3.1235237
19.315343	-3.1265548
19.325325	-3.1295869
19.335307	-3.1326201
19.345289	-3.1356542
19.355271	-3.1386894
19.365253	-3.1417257
19.375235	-3.1447629
19.385217	-3.1478012
19.395199	-3.1508405
19.405181	-3.1538809
19.415163	-3.1569222
19.425145	-3.1599646
19.435127	-3.163008
19.445109	-3.1660524
19.455091	-3.1690978
19.465073	-3.1721442
19.475055	-3.1751917
19.485037	-3.1782401
19.495019	-3.1812896
19.505001	-3.1843401
19.514983	-3.1873916
19.524965	-3.1904441
19.534947	-3.1934977
19.544929	-3.1965522
19.554911	-3.1996078
19.564893	-3.2026643
19.574875	-3.2057219
19.584857	-3.2087804
19.594839	-3.21184
19.604821	-3.2149005
19.614803	-3.2179621
19.624785	-3.2210247
19.634767	-3.2240883
19.644749	-3.2271528
19.654731	-3.2302184
19.664713	-3.2332849
19.674695	-3.2363525
19.684677	-3.2394211
19.694659	-3.2424906
19.704641	-3.2455612
19.714623	-3.2486327
19.724605	-3.2517052
19.734587	-3.2547787
19.744569	-3.2578532
19.754551	-3.2609287
19.764533	-3.2640052
19.774515	-3.2670827
19.784497	-3.2701611
19.794479	-3.2732406
19.804461	-3.276321
19.814443	-3.2794024
19.824425	-3.2824848
19.834407	-3.2855681
19.844389	-3.2886525
19.854371	-3.2917378
19.864353	-3.2948241
19.874335	-3.2979114
19.884317	-3.3009997
19.894299	-3.3040889
19.904281	-3.3071791
19.914263	-3.3102703
19.924245	-3.3133624
19.934227	-3.3164555
19.944209	-3.3195496
19.954191	-3.3226447
19.964173	-3.3257407
19.974155	-3.3288377
19.984137	-3.3319357
19.994119	-3.3350346
20.004101	-3.3381345
20.014083	-3.3412354
20.024065	-3.3443372
20.034047	-3.34744
20.044029	-3.3505437
20.054011	-3.3536484
20.063993	-3.3567541
20.073975	-3.3598607
20.083957	-3.3629682
20.093939	-3.3660768
20.103921	-3.3691863
20.113903	-3.3722967
20.123885	-3.3754081
20.133867	-3.3785204
20.143849	-3.3816337
20.153831	-3.384748
20.163813	-3.3878632
20.173795	-3.3909793
20.183777	-3.3940964
20.193759	-3.3972144
20.203741	-3.4003334
20.213723	-3.4034533
20.223705	-3.4065742
20.233687	-3.409696
20.243669	-3.4128188
20.253651	-3.4159425
20.263633	-3.4190671
20.273615	-3.4221927
20.283597	-3.4253192
20.293579	-3.4284466
20.303561	-3.431575
20.313543	-3.4347043
20.323525	-3.4378346
20.333507	-3.4409657
20.343489	-3.4440978
20.353471	-3.4472309
20.363453	-3.4503649
20.373435	-3.4534998
20.383417	-3.4566356
20.393399	-3.4597723
20.403381	-3.46291
20.413363	-3.4660486
20.423345	-3.4691882
20.433327	-3.4723286
20.443309	-3.47547
20.453291	-3.4786123
20.463273	-3.4817555
20.473255	-3.4848997
20.483237	-3.4880447
20.493219	-3.4911907
20.503201	-3.4943376
20.513183	-3.4974854
20.523165	-3.5006341
20.533147	-3.5037837
20.543129	-3.5069343
20.553111	-3.5100857
20.563093	-3.5132381
20.573075	-3.5163914
20.583057	-3.5195456
20.593039	-3.5227007
20.603021	-3.5258567
20.613003	-3.5290136
20.622985	-3.5321714
20.632967	-3.5353301
20.642949	-3.5384897
20.652931	-3.5416503
20.662913	-3.5448117
20.672895	-3.547974
20.682877	-3.5511372
20.692859	-3.5543013
20.702841	-3.5574664
20.712823	-3.5606323
20.722805	-3.5637991
20.732787	-3.5669668
20.742769	-3.5701354
20.752751	-3.5733049
20.762733	-3.5764753
20.772715	-3.5796465
20.782697	-3.5828187
20.792679	-3.5859917
20.802661	-3.5891657
20.812643	-3.5923405
20.822625	-3.5955162
20.832607	-3.5986928
20.842589	-3.6018703
20.852571	-3.6050486
20.862553	-3.6082279
20.872535	-3.611408
20.882517	-3.614589
20.892498	-3.6177709
20.90248	-3.6209537
20.912462	-3.6241373
20.922444	-3.6273218
20.932426	-3.6305072
20.942408	-3.6336935
20.95239	-3.6368806
20.962372	-3.6400686
20.972354	-3.6432575
20.982336	-3.6464472
20.992318	-3.6496379
21.0023	-3.6528293
21.012282	-3.6560217
21.022264	-3.6592149
21.032246	-3.662409
21.042228	-3.665604
21.05221	-3.6687998
21.062192	-3.6719965
21.072174	-3.675194
21.082156	-3.6783924
21.092138	-3.6815917
21.10212	-3.6847918
21.112102	-3.6879928
21.122084	-3.6911946
21.132066	-3.6943973
21.142048	-3.6976008
21.15203	-3.7008052
21.162012	-3.7040105
21.171994	-3.7072166
21.181976	-3.7104236
21.191958	-3.7136314
21.20194	-3.71684
21.211922	-3.7200495
21.221904	-3.7232599
21.231886	-3.7264711
21.241868	-3.7296831
21.25185	-3.732896
21.261832	-3.7361098
21.271814	-3.7393243
21.281796	-3.7425398
21.291778	-3.745756
21.30176	-3.7489731
21.311742	-3.7521911
21.321724	-3.7554098
21.331706	-3.7586294
21.341688	-3.7618499
21.35167	-3.7650712
21.361652	-3.7682933
21.371634	-3.7715163
21.381616	-3.77474
21.391598	-3.7779647
21.40158	-3.7811901
21.411562	-3.7844164
21.421544	-3.7876435
21.431526	-3.7908714
21.441508	-3.7941002
21.45149	-3.7973298
21.461472	-3.8005602
21.471454	-3.8037914
21.481436	-3.8070234
21.491418	-3.8102563
21.5014	-3.81349
21.511382	-3.8167245
21.521364	-3.8199599
21.531346	-3.823196
21.541328	-3.826433
21.55131	-3.8296708
21.561292	-3.8329094
21.571274	-3.8361488
21.581256	-3.839389
21.591238	-3.8426301
21.60122	-3.8458719
21.611202	-3.8491146
21.621184	-3.8523581
21.631166	-3.8556024
21.641148	-3.8588474
21.65113	-3.8620933
21.661112	-3.86534
21.671094	-3.8685876
21.681076	-3.8718359
21.691058	-3.875085
21.70104	-3.8783349
21.711022	-3.8815856
21.721004	-3.8848371
21.730986	-3.8880894
21.740968	-3.8913426
21.75095	-3.8945965
21.760932	-3.8978512
21.770914	-3.9011067
21.780896	-3.904363
21.790878	-3.9076201
21.80086	-3.9108779
21.810842	-3.9141366
21.820824	-3.9173961
21.830806	-3.9206563
21.840788	-3.9239174
21.85077	-3.9271792
21.860752	-3.9304418
21.870734	-3.9337052
21.880716	-3.9369694
21.890698	-3.9402344
21.90068	-3.9435001
21.910662	-3.9467667
21.920644	-3.950034
21.930626	-3.9533021
21.940608	-3.956571
21.95059	-3.9598406
21.960572	-3.9631111
21.970554	-3.9663823
21.980536	-3.9696543
21.990518	-3.972927
22.0005	-3.9762006
22.010482	-3.9794749
22.020464	-3.9827499
22.030446	-3.9860258
22.040428	-3.9893024
22.05041	-3.9925798
22.060392	-3.995858
22.070374	-3.9991369
22.080356	-4.0024166
22.090338	-4.005697
22.10032	-4.0089782
22.110302	-4.0122602
22.120284	-4.015543
22.130266	-4.0188265
22.140248	-4.0221107
22.15023	-4.0253958
22.160212	-4.0286815
22.170194	-4.0319681
22.180176	-4.0352554
22.190158	-4.0385434
22.20014	-4.0418323
22.210122	-4.0451218
22.220104	-4.0484121
22.230086	-4.0517032
22.240068	-4.054995
22.25005	-4.0582876
22.260032	-4.0615809
22.270014	-4.064875
22.279996	-4.0681698
22.289978	-4.0714654
22.29996	-4.0747617
22.309942	-4.0780587
22.319924	-4.0813565
22.329906	-4.0846551
22.339888	-4.0879543
22.34987	-4.0912544
22.359852	-4.0945551
22.369834	-4.0978566
22.379816	-4.1011589
22.389798	-4.1044618
22.39978	-4.1077655
22.409762	-4.11107
22.419744	-4.1143752
22.429726	-4.1176811
22.439708	-4.1209877
22.44969	-4.1242951
22.459672	-4.1276032
22.469654	-4.1309121
22.479636	-4.1342216
22.489618	-4.1375319
22.4996	-4.140843
22.509582	-4.1441547
22.519564	-4.1474672
22.529546	-4.1507804
22.539528	-4.1540943
22.54951	-4.1574089
22.559492	-4.1607243
22.569474	-4.1640404
22.579456	-4.1673572
22.589438	-4.1706747
22.59942	-4.173993
22.609402	-4.1773119
22.619384	-4.1806316
22.629366	-4.183952
22.639348	-4.1872731
22.64933	-4.1905949
22.659312	-4.1939174
22.669294	-4.1972407
22.679276	-4.2005646
22.689258	-4.2038893
22.69924	-4.2072147
22.709222	-4.2105407
22.719204	-4.2138675
22.729186	-4.217195
22.739168	-4.2205232
22.74915	-4.2238521
22.759132	-4.2271817
22.769114	-4.230512
22.779096	-4.233843
22.789078	-4.2371747
22.79906	-4.2405071
22.809042	-4.2438402
22.819024	-4.247174
22.829006	-4.2505085
22.838988	-4.2538437
22.84897	-4.2571796
22.858952	-4.2605162
22.868934	-4.2638535
22.878916	-4.2671914
22.888898	-4.2705301
22.89888	-4.2738694
22.908862	-4.2772095
22.918844	-4.2805502
22.928826	-4.2838916
22.938808	-4.2872337
22.94879	-4.2905765
22.958772	-4.2939199
22.968754	-4.2972641
22.978736	-4.3006089
22.988718	-4.3039544
22.9987	-4.3073006
23.008682	-4.3106475
23.018664	-4.3139951
23.028646	-4.3173433
23.038628	-4.3206922
23.04861	-4.3240418
23.058592	-4.3273921
23.068574	-4.330743
23.078556	-4.3340946
23.088538	-4.3374469
23.09852	-4.3407999
23.108502	-4.3441535
23.118484	-4.3475078
23.128466	-4.3508628
23.138448	-4.3542184
23.14843	-4.3575747
23.158412	-4.3609317
23.168394	-4.3642893
23.178376	-4.3676476
23.188358	-4.3710066
23.19834	-4.3743662
23.208322	-4.3777265
23.218304	-4.3810875
23.228286	-4.3844491
23.238268	-4.3878114
23.24825	-4.3911743
23.258232	-4.3945379
23.268214	-4.3979021
23.278196	-4.401267
23.288178	-4.4046326
23.29816	-4.4079988
23.308142	-4.4113656
23.318124	-4.4147331
23.328106	-4.4181013
23.338088	-4.4214701
23.34807	-4.4248396
23.358052	-4.4282097
23.368034	-4.4315805
23.378016	-4.4349519
23.387998	-4.4383239
23.39798	-4.4416966
23.407962	-4.44507
23.417944	-4.4484439
23.427926	-4.4518186
23.437908	-4.4551938
23.44789	-4.4585697
23.457872	-4.4619463
23.467854	-4.4653235
23.477836	-4.4687013
23.487818	-4.4720798
23.4978	-4.4754589
23.507782	-4.4788386
23.517764	-4.482219
23.527746	-4.4856
23.537728	-4.4889816
23.54771	-4.4923638
23.557692	-4.4957467
23.567674	-4.4991303
23.577656	-4.5025144
23.587638	-4.5058992
23.59762	-4.5092846
23.607602	-4.5126706
23.617584	-4.5160573
23.627566	-4.5194446
23.637548	-4.5228325
23.64753	-4.526221
23.657512	-4.5296102
23.667493	-4.5329999
23.677475	-4.5363903
23.687457	-4.5397813
23.697439	-4.543173
23.707421	-4.5465652
23.717403	-4.5499581
23.727385	-4.5533515
23.737367	-4.5567456
23.747349	-4.5601403
23.757331	-4.5635357
23.767313	-4.5669316
23.777295	-4.5703281
23.787277	-4.5737253
23.797259	-4.577123
23.807241	-4.5805214
23.817223	-4.5839204
23.827205	-4.58732
23.837187	-4.5907202
23.847169	-4.594121
23.857151	-4.5975224
23.867133	-4.6009244
23.877115	-4.604327
23.887097	-4.6077302
23.897079	-4.611134
23.907061	-4.6145384
23.917043	-4.6179434
23.927025	-4.621349
23.937007	-4.6247552
23.946989	-4.628162
23.956971	-4.6315694
23.966953	-4.6349773
23.976935	-4.6383859
23.986917	-4.6417951
23.996899	-4.6452049
24.006881	-4.6486152
24.016863	-4.6520262
24.026845	-4.6554377
24.036827	-4.6588498
24.046809	-4.6622625
24.056791	-4.6656758
24.066773	-4.6690897
24.076755	-4.6725042
24.086737	-4.6759192
24.096719	-4.6793348
24.106701	-4.6827511
24.116683	-4.6861678
24.126665	-4.6895852
24.136647	-4.6930032
24.146629	-4.6964217
24.156611	-4.6998408
24.166593	-4.7032605
24.176575	-4.7066808
24.186557	-4.7101016
24.196539	-4.713523
24.206521	-4.716945
24.216503	-4.7203676
24.226485	-4.7237907
24.236467	-4.7272144
24.246449	-4.7306387
24.256431	-4.7340635
24.266413	-4.7374889
24.276395	-4.7409149
24.286377	-4.7443415
24.296359	-4.7477686
24.306341	-4.7511963
24.316323	-4.7546245
24.326305	-4.7580533
24.336287	-4.7614827
24.346269	-4.7649126
24.356251	-4.7683431
24.366233	-4.7717741
24.376215	-4.7752057
24.386197	-4.7786379
24.396179	-4.7820706
24.406161	-4.7855039
24.416143	-4.7889377
24.426125	-4.7923721
24.436107	-4.7958071
24.446089	-4.7992425
24.456071	-4.8026786
24.466053	-4.8061152
24.476035	-4.8095523
24.486017	-4.81299
24.495999	-4.8164283
24.505981	-4.8198671
24.515963	-4.8233064
24.525945	-4.8267463
24.535927	-4.8301867
24.545909	-4.8336277
24.555891	-4.8370692
24.565873	-4.8405113
24.575855	-4.8439539
24.585837	-4.847397
24.595819	-4.8508407
24.605801	-4.8542849
24.615783	-4.8577297
24.625765	-4.861175
24.635747	-4.8646208
24.645729	-4.8680672
24.655711	-4.8715141
24.665693	-4.8749616
24.675675	-4.8784095
24.685657	-4.881858
24.695639	-4.8853071
24.705621	-4.8887566
24.715603	-4.8922067
24.725585	-4.8956574
24.735567	-4.8991085
24.745549	-4.9025602
24.755531	-4.9060124
24.765513	-4.9094652
24.775495	-4.9129184
24.785477	-4.9163722
24.795459	-4.9198265
24.805441	-4.9232814
24.815423	-4.9267367
24.825405	-4.9301926
24.835387	-4.933649
24.845369	-4.9371059
24.855351	-4.9405633
24.865333	-4.9440213
24.875315	-4.9474797
24.885297	-4.9509387
24.895279	-4.9543982
24.905261	-4.9578582
24.915243	-4.9613187
24.925225	-4.9647798
24.935207	-4.9682413
24.945189	-4.9717034
24.955171	-4.9751659
24.965153	-4.978629
24.975135	-4.9820926
24.985117	-4.9855567
24.995099	-4.9890213
25.005081	-4.9924864
25.015063	-4.995952
25.025045	-4.9994181
25.035027	-5.0028847
25.045009	-5.0063519
25.054991	-5.0098195
25.064973	-5.0132876
25.074955	-5.0167562
25.084937	-5.0202253
25.094919	-5.023695
25.104901	-5.0271651
25.114883	-5.0306357
25.124865	-5.0341068
25.134847	-5.0375784
25.144829	-5.0410505
25.154811	-5.0445231
25.164793	-5.0479962
25.174775	-5.0514697
25.184757	-5.0549438
25.194739	-5.0584184
25.204721	-5.0618934
25.214703	-5.0653689
25.224685	-5.068845
25.234667	-5.0723215
25.244649	-5.0757985
25.254631	-5.0792759
25.264613	-5.0827539
25.274595	-5.0862324
25.284577	-5.0897113
25.294559	-5.0931907
25.304541	-5.0966706
25.314523	-5.100151
25.324505	-5.1036318
25.334487	-5.1071131
25.344469	-5.110595
25.354451	-5.1140772
25.364433	-5.11756
25.374415	-5.1210432
25.384397	-5.124527
25.394379	-5.1280111
25.404361	-5.1314958
25.414343	-5.1349809
25.424325	-5.1384665
25.434307	-5.1419526
25.444289	-5.1454391
25.454271	-5.1489262
25.464253	-5.1524136
25.474235	-5.1559016
25.484217	-5.15939
25.494199	-5.1628789
25.504181	-5.1663682
25.514163	-5.169858
25.524145	-5.1733483
25.534127	-5.176839
25.544109	-5.1803302
25.554091	-5.1838219
25.564073	-5.187314
25.574055	-5.1908066
25.584037	-5.1942996
25.594019	-5.1977931
25.604001	-5.2012871
25.613983	-5.2047815
25.623965	-5.2082763
25.633947	-5.2117716
25.643929	-5.2152674
25.653911	-5.2187636
25.663893	-5.2222603
25.673875	-5.2257574
25.683857	-5.229255
25.693839	-5.232753
25.703821	-5.2362515
25.713803	-5.2397504
25.723785	-5.2432498
25.733767	-5.2467496
25.743749	-5.2502499
25.753731	-5.2537506
25.763713	-5.2572517
25.773695	-5.2607533
25.783677	-5.2642554
25.793659	-5.2677578
25.803641	-5.2712608
25.813623	-5.2747641
25.823605	-5.2782679
25.833587	-5.2817722
25.843569	-5.2852768
25.853551	-5.2887819
25.863533	-5.2922875
25.873515	-5.2957935
25.883497	-5.2992999
25.893479	-5.3028067
25.903461	-5.306314
25.913443	-5.3098217
25.923425	-5.3133299
25.933407	-5.3168385
25.943389	-5.3203475
25.953371	-5.3238569
25.963353	-5.3273668
25.973335	-5.3308771
25.983317	-5.3343878
25.993299	-5.337899
26.003281	-5.3414105
26.013263	-5.3449225
26.023245	-5.348435
26.033227	-5.3519478
26.043209	-5.3554611
26.053191	-5.3589748
26.063173	-5.3624889
26.073155	-5.3660034
26.083137	-5.3695183
26.093119	-5.3730337
26.103101	-5.3765495
26.113083	-5.3800657
26.123065	-5.3835823
26.133047	-5.3870993
26.143029	-5.3906168
26.153011	-5.3941347
26.162993	-5.3976529
26.172975	-5.4011716
26.182957	-5.4046907
26.192939	-5.4082102
26.202921	-5.4117301
26.212903	-5.4152505
26.222885	-5.4187712
26.232867	-5.4222923
26.242849	-5.4258139
26.252831	-5.4293358
26.262813	-5.4328582
26.272795	-5.436381
26.282777	-5.4399041
26.292759	-5.4434277
26.302741	-5.4469517
26.312723	-5.4504761
26.322705	-5.4540008
26.332687	-5.457526
26.342669	-5.4610516
26.352651	-5.4645776
26.362633	-5.4681039
26.372615	-5.4716307
26.382597	-5.4751579
26.392579	-5.4786854
26.402561	-5.4822134
26.412543	-5.4857417
26.422525	-5.4892704
26.432507	-5.4927996
26.442488	-5.4963291
26.45247	-5.499859
26.462452	-5.5033893
26.472434	-5.50692
26.482416	-5.5104511
26.492398	-5.5139826
26.50238	-5.5175144
26.512362	-5.5210467
26.522344	-5.5245793
26.532326	-5.5281123
26.542308	-5.5316457
26.55229	-5.5351795
26.562272	-5.5387137
26.572254	-5.5422482
26.582236	-5.5457831
26.592218	-5.5493184
26.6022	-5.5528541
26.612182	-5.5563902
26.622164	-5.5599266
26.632146	-5.5634634
26.642128	-5.5670006
26.65211	-5.5705382
26.662092	-5.5740762
26.672074	-5.5776145
26.682056	-5.5811532
26.692038	-5.5846922
26.70202	-5.5882317
26.712002	-5.5917715
26.721984	-5.5953117
26.731966	-5.5988522
26.741948	-5.6023931
26.75193	-5.6059344
26.761912	-5.6094761
26.771894	-5.6130181
26.781876	-5.6165605
26.791858	-5.6201033
26.80184	-5.6236464
26.811822	-5.6271899
26.821804	-5.6307337
26.831786	-5.6342779
26.841768	-5.6378225
26.85175	-5.6413674
26.861732	-5.6449127
26.871714	-5.6484584
26.881696	-5.6520044
26.891678	-5.6555507
26.90166	-5.6590975
26.911642	-5.6626445
26.921624	-5.666192
26.931606	-5.6697398
26.941588	-5.6732879
26.95157	-5.6768364
26.961552	-5.6803853
26.971534	-5.6839345
26.981516	-5.687484
26.991498	-5.6910339
27.00148	-5.6945842
27.011462	-5.6981348
27.021444	-5.7016858
27.031426	-5.7052371
27.041408	-5.7087887
27.05139	-5.7123407
27.061372	-5.7158931
27.071354	-5.7194458
27.081336	-5.7229988
27.091318	-5.7265522
27.1013	-5.7301059
27.111282	-5.7336599
27.121264	-5.7372143
27.131246	-5.7407691
27.141228	-5.7443242
27.15121	-5.7478796
27.161192	-5.7514354
27.171174	-5.7549914
27.181156	-5.7585479
27.191138	-5.7621047
27.20112	-5.7656618
27.211102	-5.7692192
27.221084	-5.772777
27.231066	-5.7763351
27.241048	-5.7798935
27.25103	-5.7834523
27.261012	-5.7870114
27.270994	-5.7905708
27.280976	-5.7941306
27.290958	-5.7976907
27.30094	-5.8012511
27.310922	-5.8048119
27.320904	-5.808373
27.330886	-5.8119344
27.340868	-5.8154961
27.35085	-5.8190582
27.360832	-5.8226205
27.370814	-5.8261832
27.380796	-5.8297463
27.390778	-5.8333096
27.40076	-5.8368733
27.410742	-5.8404373
27.420724	-5.8440016
27.430706	-5.8475662
27.440688	-5.8511312
27.45067	-5.8546964
27.460652	-5.858262
27.470634	-5.8618279
27.480616	-5.8653941
27.490598	-5.8689607
27.50058	-5.8725275
27.510562	-5.8760947
27.520544	-5.8796621
27.530526	-5.8832299
27.540508	-5.886798
27.55049	-5.8903664
27.560472	-5.8939351
27.570454	-5.8975042
27.580436	-5.9010735
27.590418	-5.9046431
27.6004	-5.9082131
27.610382	-5.9117834
27.620364	-5.9153539
27.630346	-5.9189248
27.640328	-5.922496
27.65031	-5.9260674
27.660292	-5.9296392
27.670274	-5.9332113
27.680256	-5.9367837
27.690238	-5.9403564
27.70022	-5.9439294
27.710202	-5.9475026
27.720184	-5.9510762
27.730166	-5.9546501
27.740148	-5.9582243
27.75013	-5.9617988
27.760112	-5.9653736
27.770094	-5.9689486
27.780076	-5.972524
27.790058	-5.9760997
27.80004	-5.9796756
27.810022	-5.9832519
27.820004	-5.9868284
27.829986	-5.9904052
27.839968	-5.9939824
27.84995	-5.9975598
27.859932	-6.0011375
27.869914	-6.0047155
27.879896	-6.0082937
27.889878	-6.0118723
27.89986	-6.0154512
27.909842	-6.0190303
27.919824	-6.0226097
27.929806	-6.0261894
27.939788	-6.0297694
27.94977	-6.0333497
27.959752	-6.0369303
27.969734	-6.0405111
27.979716	-6.0440922
27.989698	-6.0476736
27.99968	-6.0512553
28.009662	-6.0548373
28.019644	-6.0584195
28.029626	-6.0620021
28.039608	-6.0655849
28.04959	-6.0691679
28.059572	-6.0727513
28.069554	-6.0763349
28.079536	-6.0799188
28.089518	-6.083503
28.0995	-6.0870874
28.109482	-6.0906722
28.119464	-6.0942572
28.129446	-6.0978424
28.139428	-6.101428
28.14941	-6.1050138
28.159392	-6.1085999
28.169374	-6.1121862
28.179356	-6.1157728
28.189338	-6.1193597
28.19932	-6.1229468
28.209302	-6.1265343
28.219284	-6.1301219
28.229266	-6.1337099
28.239248	-6.1372981
28.24923	-6.1408866
28.259212	-6.1444753
28.269194	-6.1480643
28.279176	-6.1516536
28.289158	-6.1552431
28.29914	-6.1588329
28.309122	-6.1624229
28.319104	-6.1660132
28.329086	-6.1696038
28.339068	-6.1731946
28.34905	-6.1767856
28.359032	-6.180377
28.369014	-6.1839686
28.378996	-6.1875604
28.388978	-6.1911525
28.39896	-6.1947448
28.408942	-6.1983374
28.418924	-6.2019303
28.428906	-6.2055234
28.438888	-6.2091168
28.44887	-6.2127104
28.458852	-6.2163042
28.468834	-6.2198983
28.478816	-6.2234927
28.488798	-6.2270873
28.49878	-6.2306821
28.508762	-6.2342772
28.518744	-6.2378726
28.528726	-6.2414681
28.538708	-6.245064
28.54869	-6.2486601
28.558672	-6.2522564
28.568654	-6.2558529
28.578636	-6.2594497
28.588618	-6.2630468
28.5986	-6.2666441
28.608582	-6.2702416
28.618564	-6.2738394
28.628546	-6.2774374
28.638528	-6.2810356
28.64851	-6.2846341
28.658492	-6.2882328
28.668474	-6.2918318
28.678456	-6.295431
28.688438	-6.2990304
28.69842	-6.30263
28.708402	-6.3062299
28.718384	-6.3098301
28.728366	-6.3134304
28.738348	-6.317031
28.74833	-6.3206318
28.758312	-6.3242329
28.768294	-6.3278342
28.778276	-6.3314357
28.788258	-6.3350374
28.79824	-6.3386394
28.808222	-6.3422416
28.818204	-6.345844
28.828186	-6.3494467
28.838168	-6.3530496
28.84815	-6.3566527
28.858132	-6.360256
28.868114	-6.3638595
28.878096	-6.3674633
28.888078	-6.3710673
28.89806	-6.3746715
28.908042	-6.378276
28.918024	-6.3818806
28.928006	-6.3854855
28.937988	-6.3890906
28.94797	-6.3926959
28.957952	-6.3963015
28.967934	-6.3999072
28.977916	-6.4035132
28.987898	-6.4071194
28.99788	-6.4107258
29.007862	-6.4143324
29.017844	-6.4179392
29.027826	-6.4215463
29.037808	-6.4251535
29.04779	-6.428761
29.057772	-6.4323687
29.067754	-6.4359766
29.077736	-6.4395847
29.087718	-6.443193
29.0977	-6.4468015
29.107682	-6.4504103
29.117664	-6.4540192
29.127646	-6.4576284
29.137628	-6.4612377
29.14761	-6.4648473
29.157592	-6.4684571
29.167574	-6.4720671
29.177556	-6.4756772
29.187538	-6.4792876
29.19752	-6.4828982
29.207502	-6.486509
29.217483	-6.49012
29.227465	-6.4937312
29.237447	-6.4973426
29.247429	-6.5009542
29.257411	-6.504566
29.267393	-6.508178
29.277375	-6.5117902
29.287357	-6.5154026
29.297339	-6.5190152
29.307321	-6.522628
29.317303	-6.526241
29.327285	-6.5298542
29.337267	-6.5334675
29.347249	-6.5370811
29.357231	-6.5406949
29.367213	-6.5443088
29.377195	-6.547923
29.387177	-6.5515373
29.397159	-6.5551519
29.407141	-6.5587666
29.417123	-6.5623815
29.427105	-6.5659966
29.437087	-6.5696119
29.447069	-6.5732274
29.457051	-6.5768431
29.467033	-6.5804589
29.477015	-6.584075
29.486997	-6.5876912
29.496979	-6.5913076
29.506961	-6.5949242
29.516943	-6.598541
29.526925	-6.602158
29.536907	-6.6057752
29.546889	-6.6093925
29.556871	-6.61301
29.566853	-6.6166277
29.576835	-6.6202456
29.586817	-6.6238637
29.596799	-6.6274819
29.606781	-6.6311003
29.616763	-6.6347189
29.626745	-6.6383377
29.636727	-6.6419567
29.646709	-6.6455758
29.656691	-6.6491951
29.666673	-6.6528146
29.676655	-6.6564343
29.686637	-6.6600541
29.696619	-6.6636741
29.706601	-6.6672943
29.716583	-6.6709147
29.726565	-6.6745352
29.736547	-6.6781559
29.746529	-6.6817768
29.756511	-6.6853978
29.766493	-6.689019
29.776475	-6.6926404
29.786457	-6.6962619
29.796439	-6.6998837
29.806421	-6.7035055
29.816403	-6.7071276
29.826385	-6.7107498
29.836367	-6.7143722
29.846349	-6.7179948
29.856331	-6.7216175
29.866313	-6.7252404
29.876295	-6.7288634
29.886277	-6.7324866
29.896259	-6.73611
29.906241	-6.7397335
29.916223	-6.7433572
29.926205	-6.7469811
29.936187	-6.7506051
29.946169	-6.7542292
29.956151	-6.7578536
29.966133	-6.7614781
29.976115	-6.7651027
29.986097	-6.7687275
29.996079	-6.7723525
30.006061	-6.7759776
30.016043	-6.7796029
30.026025	-6.7832283
30.036007	-6.7868539
30.045989	-6.7904796
30.055971	-6.7941055
30.065953	-6.7977316
30.075935	-6.8013578
30.085917	-6.8049841
30.095899	-6.8086106
30.105881	-6.8122373
30.115863	-6.8158641
30.125845	-6.8194911
30.135827	-6.8231182
30.145809	-6.8267454
30.155791	-6.8303728
30.165773	-6.8340004
30.175755	-6.8376281
30.185737	-6.8412559
30.195719	-6.8448839
30.205701	-6.848512
30.215683	-6.8521403
30.225665	-6.8557687
30.235647	-6.8593973
30.245629	-6.863026
30.255611	-6.8666548
30.265593	-6.8702838
30.275575	-6.873913
30.285557	-6.8775422
30.295539	-6.8811716
30.305521	-6.8848012
30.315503	-6.8884309
30.325485	-6.8920607
30.335467	-6.8956907
30.345449	-6.8993208
30.355431	-6.902951
30.365413	-6.9065814
30.375395	-6.9102119
30.385377	-6.9138426
30.395359	-6.9174734
30.405341	-6.9211043
30.415323	-6.9247354
30.425305	-6.9283665
30.435287	-6.9319979
30.445269	-6.9356293
30.455251	-6.9392609
30.465233	-6.9428926
30.475215	-6.9465245
30.485197	-6.9501565
30.495179	-6.9537886
30.505161	-6.9574208
30.515143	-6.9610532
30.525125	-6.9646857
30.535107	-6.9683183
30.545089	-6.971951
30.555071	-6.9755839
30.565053	-6.9792169
30.575035	-6.98285
30.585017	-6.9864833
30.594999	-6.9901166
30.604981	-6.9937501
30.614963	-6.9973838
30.624945	-7.0010175
30.634927	-7.0046514
30.644909	-7.0082854
30.654891	-7.0119195
30.664873	-7.0155537
30.674855	-7.019188
30.684837	-7.0228225
30.694819	-7.0264571
30.704801	-7.0300918
30.714783	-7.0337266
30.724765	-7.0373616
30.734747	-7.0409966
30.744729	-7.0446318
30.754711	-7.0482671
30.764693	-7.0519025
30.774675	-7.055538
30.784657	-7.0591736
30.794639	-7.0628094
30.804621	-7.0664452
30.814603	-7.0700812
30.824585	-7.0737173
30.834567	-7.0773535
30.844549	-7.0809898
30.854531	-7.0846262
30.864513	-7.0882628
30.874495	-7.0918994
30.884477	-7.0955361
30.894459	-7.099173
30.904441	-7.10281
30.914423	-7.106447
30.924405	-7.1100842
30.934387	-7.1137215
30.944369	-7.1173589
30.954351	-7.1209964
30.964333	-7.124634
30.974315	-7.1282717
30.984297	-7.1319095
30.994279	-7.1355474
31.004261	-7.1391854
31.014243	-7.1428236
31.024225	-7.1464618
31.034207	-7.1501001
31.044189	-7.1537385
31.054171	-7.1573771
31.064153	-7.1610157
31.074135	-7.1646544
31.084117	-7.1682932
31.094099	-7.1719322
31.104081	-7.1755712
31.114063	-7.1792103
31.124045	-7.1828495
31.134027	-7.1864888
31.144009	-7.1901282
31.153991	-7.1937677
31.163973	-7.1974073
31.173955	-7.201047
31.183937	-7.2046868
31.193919	-7.2083267
31.203901	-7.2119666
31.213883	-7.2156067
31.223865	-7.2192469
31.233847	-7.2228871
31.243829	-7.2265274
31.253811	-7.2301679
31.263793	-7.2338084
31.273775	-7.237449
31.283757	-7.2410897
31.293739	-7.2447305
31.303721	-7.2483714
31.313703	-7.2520123
31.323685	-7.2556534
31.333667	-7.2592945
31.343649	-7.2629357
31.353631	-7.266577
31.363613	-7.2702184
31.373595	-7.2738599
31.383577	-7.2775015
31.393559	-7.2811431
31.403541	-7.2847848
31.413523	-7.2884266
31.423505	-7.2920685
31.433487	-7.2957105
31.443469	-7.2993525
31.453451	-7.3029947
31.463433	-7.3066369
31.473415	-7.3102792
31.483397	-7.3139216
31.493379	-7.317564
31.503361	-7.3212065
31.513343	-7.3248492
31.523325	-7.3284918
31.533307	-7.3321346
31.543289	-7.3357774
31.553271	-7.3394204
31.563253	-7.3430633
31.573235	-7.3467064
31.583217	-7.3503495
31.593199	-7.3539928
31.603181	-7.357636
31.613163	-7.3612794
31.623145	-7.3649228
31.633127	-7.3685663
31.643109	-7.3722099
31.653091	-7.3758536
31.663073	-7.3794973
31.673055	-7.3831411
31.683037	-7.3867849
31.693019	-7.3904289
31.703001	-7.3940728
31.712983	-7.3977169
31.722965	-7.401361
31.732947	-7.4050052
31.742929	-7.4086495
31.752911	-7.4122938
31.762893	-7.4159382
31.772875	-7.4195827
31.782857	-7.4232272
31.792839	-7.4268718
31.802821	-7.4305165
31.812803	-7.4341612
31.822785	-7.437806
31.832767	-7.4414508
31.842749	-7.4450957
31.852731	-7.4487407
31.862713	-7.4523857
31.872695	-7.4560308
31.882677	-7.459676
31.892659	-7.4633212
31.902641	-7.4669665
31.912623	-7.4706118
31.922605	-7.4742572
31.932587	-7.4779026
31.942569	-7.4815481
31.952551	-7.4851937
31.962533	-7.4888393
31.972515	-7.492485
31.982496	-7.4961307
31.992478	-7.4997765
32.00246	-7.5034223
32.012442	-7.5070682
32.022424	-7.5107142
32.032406	-7.5143602
32.042388	-7.5180062
32.05237	-7.5216523
32.062352	-7.5252985
32.072334	-7.5289447
32.082316	-7.532591
32.092298	-7.5362373
32.10228	-7.5398836
32.112262	-7.5435301
32.122244	-7.5471765
32.132226	-7.550823
32.142208	-7.5544696
32.15219	-7.5581162
32.162172	-7.5617628
32.172154	-7.5654095
32.182136	-7.5690563
32.192118	-7.5727031
32.2021	-7.5763499
32.212082	-7.5799968
32.222064	-7.5836437
32.232046	-7.5872907
32.242028	-7.5909377
32.25201	-7.5945848
32.261992	-7.5982319
32.271974	-7.6018791
32.281956	-7.6055263
32.291938	-7.6091735
32.30192	-7.6128208
32.311902	-7.6164681
32.321884	-7.6201154
32.331866	-7.6237628
32.341848	-7.6274103
32.35183	-7.6310577
32.361812	-7.6347052
32.371794	-7.6383528
32.381776	-7.6420004
32.391758	-7.645648
32.40174	-7.6492957
32.411722	-7.6529434
32.421704	-7.6565911
32.431686	-7.6602389
32.441668	-7.6638867
32.45165	-7.6675345
32.461632	-7.6711824
32.471614	-7.6748303
32.481596	-7.6784783
32.491578	-7.6821262
32.50156	-7.6857742
32.511542	-7.6894223
32.521524	-7.6930703
32.531506	-7.6967185
32.541488	-7.7003666
32.55147	-7.7040147
32.561452	-7.7076629
32.571434	-7.7113112
32.581416	-7.7149594
32.591398	-7.7186077
32.60138	-7.722256
32.611362	-7.7259044
32.621344	-7.7295527
32.631326	-7.7332011
32.641308	-7.7368495
32.65129	-7.740498
32.661272	-7.7441464
32.671254	-7.7477949
32.681236	-7.7514435
32.691218	-7.755092
32.7012	-7.7587406
32.711182	-7.7623892
32.721164	-7.7660378
32.731146	-7.7696864
32.741128	-7.7733351
32.75111	-7.7769838
32.761092	-7.7806325
32.771074	-7.7842812
32.781056	-7.78793
32.791038	-7.7915787
32.80102	-7.7952275
32.811002	-7.7988763
32.820984	-7.8025251
32.830966	-7.806174
32.840948	-7.8098229
32.85093	-7.8134717
32.860912	-7.8171206
32.870894	-7.8207695
32.880876	-7.8244185
32.890858	-7.8280674
32.90084	-7.8317164
32.910822	-7.8353654
32.920804	-7.8390144
32.930786	-7.8426634
32.940768	-7.8463124
32.95075	-7.8499614
32.960732	-7.8536105
32.970714	-7.8572595
32.980696	-7.8609086
32.990678	-7.8645577
33.00066	-7.8682068
33.010642	-7.8718559
33.020624	-7.875505
33.030606	-7.8791542
33.040588	-7.8828033
33.05057	-7.8864524
33.060552	-7.8901016
33.070534	-7.8937508
33.080516	-7.8973999
33.090498	-7.9010491
33.10048	-7.9046983
33.110462	-7.9083475
33.120444	-7.9119967
33.130426	-7.9156459
33.140408	-7.9192952
33.15039	-7.9229444
33.160372	-7.9265936
33.170354	-7.9302428
33.180336	-7.9338921
33.190318	-7.9375413
33.2003	-7.9411906
33.210282	-7.9448398
33.220264	-7.9484891
33.230246	-7.9521383
33.240228	-7.9557876
33.25021	-7.9594368
33.260192	-7.9630861
33.270174	-7.9667353
33.280156	-7.9703846
33.290138	-7.9740339
33.30012	-7.9776831
33.310102	-7.9813324
33.320084	-7.9849816
33.330066	-7.9886309
33.340048	-7.9922801
33.35003	-7.9959294
33.360012	-7.9995786
33.369994	-8.0032279
33.379976	-8.0068771
33.389958	-8.0105263
33.39994	-8.0141756
33.409922	-8.0178248
33.419904	-8.021474
33.429886	-8.0251232
33.439868	-8.0287725
33.44985	-8.0324217
33.459832	-8.0360709
33.469814	-8.03972
33.479796	-8.0433692
33.489778	-8.0470184
33.49976	-8.0506676
33.509742	-8.0543167
33.519724	-8.0579659
33.529706	-8.061615
33.539688	-8.0652642
33.54967	-8.0689133
33.559652	-8.0725624
33.569634	-8.0762115
33.579616	-8.0798606
33.589598	-8.0835096
33.59958	-8.0871587
33.609562	-8.0908078
33.619544	-8.0944568
33.629526	-8.0981058
33.639508	-8.1017548
33.64949	-8.1054038
33.659472	-8.1090528
33.669454	-8.1127018
33.679436	-8.1163507
33.689418	-8.1199997
33.6994	-8.1236486
33.709382	-8.1272975
33.719364	-8.1309464
33.729346	-8.1345953
33.739328	-8.1382441
33.74931	-8.141893
33.759292	-8.1455418
33.769274	-8.1491906
33.779256	-8.1528394
33.789238	-8.1564881
33.79922	-8.1601369
33.809202	-8.1637856
33.819184	-8.1674343
33.829166	-8.171083
33.839148	-8.1747316
33.84913	-8.1783803
33.859112	-8.1820289
33.869094	-8.1856775
33.879076	-8.1893261
33.889058	-8.1929746
33.89904	-8.1966232
33.909022	-8.2002717
33.919004	-8.2039201
33.928986	-8.2075686
33.938968	-8.211217
33.94895	-8.2148654
33.958932	-8.2185138
33.968914	-8.2221622
33.978896	-8.2258105
33.988878	-8.2294588
33.99886	-8.2331071
34.008842	-8.2367553
34.018824	-8.2404035
34.028806	-8.2440517
34.038788	-8.2476999
34.04877	-8.251348
34.058752	-8.2549961
34.068734	-8.2586442
34.078716	-8.2622923
34.088698	-8.2659403
34.09868	-8.2695883
34.108662	-8.2732362
34.118644	-8.2768841
34.128626	-8.280532
34.138608	-8.2841799
34.14859	-8.2878277
34.158572	-8.2914755
34.168554	-8.2951233
34.178536	-8.298771
34.188518	-8.3024187
34.1985	-8.3060664
34.208482	-8.309714
34.218464	-8.3133616
34.228446	-8.3170091
34.238428	-8.3206567
34.24841	-8.3243041
34.258392	-8.3279516
34.268374	-8.331599
34.278356	-8.3352464
34.288338	-8.3388937
34.29832	-8.342541
34.308302	-8.3461883
34.318284	-8.3498355
34.328266	-8.3534827
34.338248	-8.3571298
34.34823	-8.360777
34.358212	-8.364424
34.368194	-8.368071
34.378176	-8.371718
34.388158	-8.375365
34.39814	-8.3790119
34.408122	-8.3826588
34.418104	-8.3863056
34.428086	-8.3899524
34.438068	-8.3935991
34.44805	-8.3972458
34.458032	-8.4008924
34.468014	-8.4045391
34.477996	-8.4081856
34.487978	-8.4118321
34.49796	-8.4154786
34.507942	-8.419125
34.517924	-8.4227714
34.527906	-8.4264178
34.537888	-8.4300641
34.54787	-8.4337103
34.557852	-8.4373565
34.567834	-8.4410027
34.577816	-8.4446488
34.587798	-8.4482948
34.59778	-8.4519409
34.607762	-8.4555868
34.617744	-8.4592327
34.627726	-8.4628786
34.637708	-8.4665244
34.64769	-8.4701702
34.657672	-8.4738159
34.667654	-8.4774616
34.677636	-8.4811072
34.687618	-8.4847528
34.6976	-8.4883983
34.707582	-8.4920437
34.717564	-8.4956892
34.727546	-8.4993345
34.737528	-8.5029798
34.74751	-8.5066251
34.757491	-8.5102703
34.767473	-8.5139154
34.777455	-8.5175605
34.787437	-8.5212056
34.797419	-8.5248505
34.807401	-8.5284955
34.817383	-8.5321404
34.827365	-8.5357852
34.837347	-8.5394299
34.847329	-8.5430746
34.857311	-8.5467193
34.867293	-8.5503639
34.877275	-8.5540084
34.887257	-8.5576529
34.897239	-8.5612973
34.907221	-8.5649417
34.917203	-8.568586
34.927185	-8.5722302
34.937167	-8.5758744
34.947149	-8.5795186
34.957131	-8.5831626
34.967113	-8.5868066
34.977095	-8.5904506
34.987077	-8.5940945
34.997059	-8.5977383
35.007041	-8.6013821
35.017023	-8.6050258
35.027005	-8.6086694
35.036987	-8.612313
35.046969	-8.6159565
35.056951	-8.6196
35.066933	-8.6232433
35.076915	-8.6268867
35.086897	-8.6305299
35.096879	-8.6341731
35.106861	-8.6378163
35.116843	-8.6414593
35.126825	-8.6451023
35.136807	-8.6487453
35.146789	-8.6523882
35.156771	-8.656031
35.166753	-8.6596737
35.176735	-8.6633164
35.186717	-8.666959
35.196699	-8.6706015
35.206681	-8.674244
35.216663	-8.6778864
35.226645	-8.6815287
35.236627	-8.685171
35.246609	-8.6888132
35.256591	-8.6924553
35.266573	-8.6960974
35.276555	-8.6997394
35.286537	-8.7033813
35.296519	-8.7070231
35.306501	-8.7106649
35.316483	-8.7143066
35.326465	-8.7179483
35.336447	-8.7215898
35.346429	-8.7252313
35.356411	-8.7288727
35.366393	-8.7325141
35.376375	-8.7361554
35.386357	-8.7397966
35.396339	-8.7434377
35.406321	-8.7470787
35.416303	-8.7507197
35.426285	-8.7543606
35.436267	-8.7580014
35.446249	-8.7616422
35.456231	-8.7652829
35.466213	-8.7689235
35.476195	-8.772564
35.486177	-8.7762045
35.496159	-8.7798448
35.506141	-8.7834851
35.516123	-8.7871254
35.526105	-8.7907655
35.536087	-8.7944056
35.546069	-8.7980456
35.556051	-8.8016855
35.566033	-8.8053253
35.576015	-8.8089651
35.585997	-8.8126047
35.595979	-8.8162443
35.605961	-8.8198838
35.615943	-8.8235233
35.625925	-8.8271626
35.635907	-8.8308019
35.645889	-8.8344411
35.655871	-8.8380802
35.665853	-8.8417192
35.675835	-8.8453582
35.685817	-8.848997
35.695799	-8.8526358
35.705781	-8.8562745
35.715763	-8.8599131
35.725745	-8.8635517
35.735727	-8.8671901
35.745709	-8.8708285
35.755691	-8.8744668
35.765673	-8.878105
35.775655	-8.8817431
35.785637	-8.8853811
35.795619	-8.889019
35.805601	-8.8926569
35.815583	-8.8962947
35.825565	-8.8999324
35.835547	-8.9035699
35.845529	-8.9072075
35.855511	-8.9108449
35.865493	-8.9144822
35.875475	-8.9181195
35.885457	-8.9217566
35.895439	-8.9253937
35.905421	-8.9290307
35.915403	-8.9326676
35.925385	-8.9363044
35.935367	-8.9399411
35.945349	-8.9435777
35.955331	-8.9472143
35.965313	-8.9508507
35.975295	-8.9544871
35.985277	-8.9581233
35.995259	-8.9617595
36.005241	-8.9653956
36.015223	-8.9690316
36.025205	-8.9726675
36.035187	-8.9763033
36.045169	-8.979939
36.055151	-8.9835746
36.065133	-8.9872102
36.075115	-8.9908456
36.085097	-8.9944809
36.095079	-8.9981162
36.105061	-9.0017513
36.115043	-9.0053864
36.125025	-9.0090214
36.135007	-9.0126562
36.144989	-9.016291
36.154971	-9.0199257
36.164953	-9.0235603
36.174935	-9.0271948
36.184917	-9.0308291
36.194899	-9.0344634
36.204881	-9.0380976
36.214863	-9.0417317
36.224845	-9.0453657
36.234827	-9.0489996
36.244809	-9.0526335
36.254791	-9.0562672
36.264773	-9.0599008
36.274755	-9.0635343
36.284737	-9.0671677
36.294719	-9.070801
36.304701	-9.0744342
36.314683	-9.0780673
36.324665	-9.0817004
36.334647	-9.0853333
36.344629	-9.0889661
36.354611	-9.0925988
36.364593	-9.0962314
36.374575	-9.0998639
36.384557	-9.1034963
36.394539	-9.1071286
36.404521	-9.1107608
36.414503	-9.1143929
36.424485	-9.1180249
36.434467	-9.1216568
36.444449	-9.1252886
36.454431	-9.1289203
36.464413	-9.1325519
36.474395	-9.1361834
36.484377	-9.1398147
36.494359	-9.143446
36.504341	-9.1470772
36.514323	-9.1507082
36.524305	-9.1543392
36.534287	-9.15797
36.544269	-9.1616008
36.554251	-9.1652314
36.564233	-9.168862
36.574215	-9.1724924
36.584197	-9.1761227
36.594179	-9.1797529
36.604161	-9.183383
36.614143	-9.187013
36.624125	-9.1906429
36.634107	-9.1942727
36.644089	-9.1979023
36.654071	-9.2015319
36.664053	-9.2051614
36.674035	-9.2087907
36.684017	-9.2124199
36.693999	-9.2160491
36.703981	-9.2196781
36.713963	-9.223307
36.723945	-9.2269358
36.733927	-9.2305644
36.743909	-9.234193
36.753891	-9.2378215
36.763873	-9.2414498
36.773855	-9.2450781
36.783837	-9.2487062
36.793819	-9.2523342
36.803801	-9.2559621
36.813783	-9.2595899
36.823765	-9.2632175
36.833747	-9.2668451
36.843729	-9.2704725
36.853711	-9.2740999
36.863693	-9.2777271
36.873675	-9.2813542
36.883657	-9.2849812
36.893639	-9.2886081
36.903621	-9.2922348
36.913603	-9.2958615
36.923585	-9.299488
36.933567	-9.3031144
36.943549	-9.3067407
36.953531	-9.3103669
36.963513	-9.3139929
36.973495	-9.3176189
36.983477	-9.3212447
36.993459	-9.3248704
37.003441	-9.328496
37.013423	-9.3321215
37.023405	-9.3357468
37.033387	-9.3393721
37.043369	-9.3429972
37.053351	-9.3466222
37.063333	-9.3502471
37.073315	-9.3538719
37.083297	-9.3574965
37.093279	-9.361121
37.103261	-9.3647454
37.113243	-9.3683697
37.123225	-9.3719939
37.133207	-9.3756179
37.143189	-9.3792418
37.153171	-9.3828656
37.163153	-9.3864893
37.173135	-9.3901129
37.183117	-9.3937363
37.193099	-9.3973596
37.203081	-9.4009828
37.213063	-9.4046059
37.223045	-9.4082288
37.233027	-9.4118516
37.243009	-9.4154743
37.252991	-9.4190969
37.262973	-9.4227194
37.272955	-9.4263417
37.282937	-9.4299639
37.292919	-9.433586
37.302901	-9.4372079
37.312883	-9.4408298
37.322865	-9.4444515
37.332847	-9.448073
37.342829	-9.4516945
37.352811	-9.4553158
37.362793	-9.458937
37.372775	-9.4625581
37.382757	-9.466179
37.392739	-9.4697999
37.402721	-9.4734205
37.412703	-9.4770411
37.422685	-9.4806616
37.432667	-9.4842819
37.442649	-9.487902
37.452631	-9.4915221
37.462613	-9.495142
37.472595	-9.4987618
37.482577	-9.5023815
37.492559	-9.506001
37.502541	-9.5096204
37.512523	-9.5132397
37.522505	-9.5168589
37.532486	-9.5204779
37.542468	-9.5240968
37.55245	-9.5277155
37.562432	-9.5313342
37.572414	-9.5349527
37.582396	-9.538571
37.592378	-9.5421892
37.60236	-9.5458074
37.612342	-9.5494253
37.622324	-9.5530432
37.632306	-9.5566609
37.642288	-9.5602784
37.65227	-9.5638959
37.662252	-9.5675132
37.672234	-9.5711304
37.682216	-9.5747474
37.692198	-9.5783643
37.70218	-9.5819811
37.712162	-9.5855977
37.722144	-9.5892142
37.732126	-9.5928306
37.742108	-9.5964468
37.75209	-9.6000629
37.762072	-9.6036789
37.772054	-9.6072947
37.782036	-9.6109104
37.792018	-9.614526
37.802	-9.6181414
37.811982	-9.6217567
37.821964	-9.6253718
37.831946	-9.6289868
37.841928	-9.6326017
37.85191	-9.6362165
37.861892	-9.6398311
37.871874	-9.6434455
37.881856	-9.6470598
37.891838	-9.650674
37.90182	-9.6542881
37.911802	-9.657902
37.921784	-9.6615158
37.931766	-9.6651294
37.941748	-9.6687429
37.95173	-9.6723562
37.961712	-9.6759695
37.971694	-9.6795825
37.981676	-9.6831955
37.991658	-9.6868083
38.00164	-9.6904209
38.011622	-9.6940334
38.021604	-9.6976458
38.031586	-9.701258
38.041568	-9.7048701
38.05155	-9.7084821
38.061532	-9.7120939
38.071514	-9.7157056
38.081496	-9.7193171
38.091478	-9.7229285
38.10146	-9.7265397
38.111442	-9.7301508
38.121424	-9.7337617
38.131406	-9.7373726
38.141388	-9.7409832
38.15137	-9.7445937
38.161352	-9.7482041
38.171334	-9.7518144
38.181316	-9.7554245
38.191298	-9.7590344
38.20128	-9.7626442
38.211262	-9.7662539
38.221244	-9.7698634
38.231226	-9.7734727
38.241208	-9.777082
38.25119	-9.780691
38.261172	-9.7843
38.271154	-9.7879087
38.281136	-9.7915174
38.291118	-9.7951259
38.3011	-9.7987342
38.311082	-9.8023424
38.321064	-9.8059505
38.331046	-9.8095584
38.341028	-9.8131661
38.35101	-9.8167737
38.360992	-9.8203812
38.370974	-9.8239885
38.380956	-9.8275957
38.390938	-9.8312027
38.40092	-9.8348096
38.410902	-9.8384163
38.420884	-9.8420229
38.430866	-9.8456293
38.440848	-9.8492355
38.45083	-9.8528417
38.460812	-9.8564476
38.470794	-9.8600535
38.480776	-9.8636591
38.490758	-9.8672647
38.50074	-9.87087
38.510722	-9.8744752
38.520704	-9.8780803
38.530686	-9.8816852
38.540668	-9.88529
38.55065	-9.8888946
38.560632	-9.8924991
38.570614	-9.8961034
38.580596	-9.8997075
38.590578	-9.9033115
38.60056	-9.9069154
38.610542	-9.9105191
38.620524	-9.9141226
38.630506	-9.917726
38.640488	-9.9213293
38.65047	-9.9249324
38.660452	-9.9285353
38.670434	-9.9321381
38.680416	-9.9357407
38.690398	-9.9393432
38.70038	-9.9429455
38.710362	-9.9465477
38.720344	-9.9501497
38.730326	-9.9537515
38.740308	-9.9573532
38.75029	-9.9609548
38.760272	-9.9645561
38.770254	-9.9681574
38.780236	-9.9717584
38.790218	-9.9753594
38.8002	-9.9789601
38.810182	-9.9825607
38.820164	-9.9861612
38.830146	-9.9897615
38.840128	-9.9933616
38.85011	-9.9969616
38.860092	-10.000561
38.870074	-10.004161
38.880056	-10.007761
38.890038	-10.01136
38.90002	-10.014959
38.910002	-10.018558
38.919984	-10.022157
38.929966	-10.025756
38.939948	-10.029354
38.94993	-10.032953
38.959912	-10.036551
38.969894	-10.040149
38.979876	-10.043747
38.989858	-10.047345
38.99984	-10.050942
39.009822	-10.05454
39.019804	-10.058137
39.029786	-10.061734
39.039768	-10.065331
39.04975	-10.068928
39.059732	-10.072524
39.069714	-10.076121
39.079696	-10.079717
39.089678	-10.083313
39.09966	-10.086909
39.109642	-10.090505
39.119624	-10.094101
39.129606	-10.097696
39.139588	-10.101292
39.14957	-10.104887
39.159552	-10.108482
39.169534	-10.112077
39.179516	-10.115671
39.189498	-10.119266
39.19948	-10.12286
39.209462	-10.126454
39.219444	-10.130048
39.229426	-10.133642
39.239408	-10.137236
39.24939	-10.14083
39.259372	-10.144423
39.269354	-10.148016
39.279336	-10.151609
39.289318	-10.155202
39.2993	-10.158795
39.309282	-10.162387
39.319264	-10.16598
39.329246	-10.169572
39.339228	-10.173164
39.34921	-10.176756
39.359192	-10.180347
39.369174	-10.183939
39.379156	-10.18753
39.389138	-10.191122
39.39912	-10.194713
39.409102	-10.198304
39.419084	-10.201894
39.429066	-10.205485
39.439048	-10.209075
39.44903	-10.212665
39.459012	-10.216255
39.468994	-10.219845
39.478976	-10.223435
39.488958	-10.227024
39.49894	-10.230614
39.508922	-10.234203
39.518904	-10.237792
39.528886	-10.241381
39.538868	-10.24497
39.54885	-10.248558
39.558832	-10.252146
39.568814	-10.255735
39.578796	-10.259323
39.588778	-10.26291
39.59876	-10.266498
39.608742	-10.270086
39.618724	-10.273673
39.628706	-10.27726
39.638688	-10.280847
39.64867	-10.284434
39.658652	-10.288021
39.668634	-10.291607
39.678616	-10.295193
39.688598	-10.298779
39.69858	-10.302365
39.708562	-10.305951
39.718544	-10.309537
39.728526	-10.313122
39.738508	-10.316707
39.74849	-10.320293
39.758472	-10.323877
39.768454	-10.327462
39.778436	-10.331047
39.788418	-10.334631
39.7984	-10.338215
39.808382	-10.341799
39.818364	-10.345383
39.828346	-10.348967
39.838328	-10.352551
39.84831	-10.356134
39.858292	-10.359717
39.868274	-10.3633
39.878256	-10.366883
39.888238	-10.370466
39.89822	-10.374048
39.908202	-10.37763
39.918184	-10.381212
39.928166	-10.384794
39.938148	-10.388376
39.94813	-10.391958
39.958112	-10.395539
39.968094	-10.39912
39.978076	-10.402701
39.988058	-10.406282
39.99804	-10.409863
40.008022	-10.413444
40.018004	-10.417024
40.027986	-10.420604
40.037968	-10.424184
40.04795	-10.427764
40.057932	-10.431344
40.067914	-10.434923
40.077896	-10.438502
40.087878	-10.442081
40.09786	-10.44566
40.107842	-10.449239
40.117824	-10.452818
40.127806	-10.456396
40.137788	-10.459974
40.14777	-10.463552
40.157752	-10.46713
40.167734	-10.470708
40.177716	-10.474285
40.187698	-10.477863
40.19768	-10.48144
40.207662	-10.485017
40.217644	-10.488594
40.227626	-10.49217
40.237608	-10.495747
40.24759	-10.499323
40.257572	-10.502899
40.267554	-10.506475
40.277536	-10.51005
40.287518	-10.513626
40.297499	-10.517201
40.307481	-10.520776
40.317463	-10.524351
40.327445	-10.527926
40.337427	-10.531501
40.347409	-10.535075
40.357391	-10.538649
40.367373	-10.542223
40.377355	-10.545797
40.387337	-10.549371
40.397319	-10.552945
40.407301	-10.556518
40.417283	-10.560091
40.427265	-10.563664
40.437247	-10.567237
40.447229	-10.570809
40.457211	-10.574382
40.467193	-10.577954
40.477175	-10.581526
40.487157	-10.585098
40.497139	-10.58867
40.507121	-10.592241
40.517103	-10.595812
40.527085	-10.599383
40.537067	-10.602954
40.547049	-10.606525
40.557031	-10.610096
40.567013	-10.613666
40.576995	-10.617236
40.586977	-10.620806
40.596959	-10.624376
40.606941	-10.627946
40.616923	-10.631515
40.626905	-10.635084
40.636887	-10.638653
40.646869	-10.642222
40.656851	-10.645791
40.666833	-10.64936
40.676815	-10.652928
40.686797	-10.656496
40.696779	-10.660064
40.706761	-10.663632
40.716743	-10.667199
40.726725	-10.670767
40.736707	-10.674334
40.746689	-10.677901
40.756671	-10.681468
40.766653	-10.685034
40.776635	-10.688601
40.786617	-10.692167
40.796599	-10.695733
40.806581	-10.699299
40.816563	-10.702865
40.826545	-10.70643
40.836527	-10.709996
40.846509	-10.713561
40.856491	-10.717126
40.866473	-10.72069
40.876455	-10.724255
40.886437	-10.727819
40.896419	-10.731383
40.906401	-10.734947
40.916383	-10.738511
40.926365	-10.742075
40.936347	-10.745638
40.946329	-10.749202
40.956311	-10.752765
40.966293	-10.756327
40.976275	-10.75989
40.986257	-10.763453
40.996239	-10.767015
41.006221	-10.770577
41.016203	-10.774139
41.026185	-10.7777
41.036167	-10.781262
41.046149	-10.784823
41.056131	-10.788384
41.066113	-10.791945
41.076095	-10.795506
41.086077	-10.799067
41.096059	-10.802627
41.106041	-10.806187
41.116023	-10.809747
41.126005	-10.813307
41.135987	-10.816866
41.145969	-10.820426
41.155951	-10.823985
41.165933	-10.827544
41.175915	-10.831103
41.185897	-10.834661
41.195879	-10.83822
41.205861	-10.841778
41.215843	-10.845336
41.225825	-10.848894
41.235807	-10.852452
41.245789	-10.856009
41.255771	-10.859566
41.265753	-10.863123
41.275735	-10.86668
41.285717	-10.870237
41.295699	-10.873793
41.305681	-10.87735
41.315663	-10.880906
41.325645	-10.884462
41.335627	-10.888017
41.345609	-10.891573
41.355591	-10.895128
41.365573	-10.898683
41.375555	-10.902238
41.385537	-10.905793
41.395519	-10.909347
41.405501	-10.912902
41.415483	-10.916456
41.425465	-10.92001
41.435447	-10.923563
41.445429	-10.927117
41.455411	-10.93067
41.465393	-10.934223
41.475375	-10.937776
41.485357	-10.941329
41.495339	-10.944882
41.505321	-10.948434
41.515303	-10.951986
41.525285	-10.955538
41.535267	-10.95909
41.545249	-10.962641
41.555231	-10.966193
41.565213	-10.969744
41.575195	-10.973295
41.585177	-10.976846
41.595159	-10.980396
41.605141	-10.983947
41.615123	-10.987497
41.625105	-10.991047
41.635087	-10.994596
41.645069	-10.998146
41.655051	-11.001695
41.665033	-11.005245
41.675015	-11.008794
41.684997	-11.012342
41.694979	-11.015891
41.704961	-11.019439
41.714943	-11.022987
41.724925	-11.026535
41.734907	-11.030083
41.744889	-11.033631
41.754871	-11.037178
41.764853	-11.040725
41.774835	-11.044272
41.784817	-11.047819
41.794799	-11.051366
41.804781	-11.054912
41.814763	-11.058458
41.824745	-11.062004
41.834727	-11.06555
41.844709	-11.069095
41.854691	-11.072641
41.864673	-11.076186
41.874655	-11.079731
41.884637	-11.083276
41.894619	-11.08682
41.904601	-11.090364
41.914583	-11.093909
41.924565	-11.097453
41.934547	-11.100996
41.944529	-11.10454
41.954511	-11.108083
41.964493	-11.111626
41.974475	-11.115169
41.984457	-11.118712
41.994439	-11.122254
42.004421	-11.125797
42.014403	-11.129339
42.024385	-11.132881
42.034367	-11.136423
42.044349	-11.139964
42.054331	-11.143505
42.064313	-11.147046
42.074295	-11.150587
42.084277	-11.154128
42.094259	-11.157668
42.104241	-11.161209
42.114223	-11.164749
42.124205	-11.168289
42.134187	-11.171828
42.144169	-11.175368
42.154151	-11.178907
42.164133	-11.182446
42.174115	-11.185985
42.184097	-11.189524
42.194079	-11.193062
42.204061	-11.1966
42.214043	-11.200138
42.224025	-11.203676
42.234007	-11.207214
42.243989	-11.210751
42.253971	-11.214288
42.263953	-11.217825
42.273935	-11.221362
42.283917	-11.224899
42.293899	-11.228435
42.303881	-11.231971
42.313863	-11.235507
42.323845	-11.239043
42.333827	-11.242578
42.343809	-11.246114
42.353791	-11.249649
42.363773	-11.253184
42.373755	-11.256719
42.383737	-11.260253
42.393719	-11.263787
42.403701	-11.267321
42.413683	-11.270855
42.423665	-11.274389
42.433647	-11.277922
42.443629	-11.281456
42.453611	-11.284989
42.463593	-11.288522
42.473575	-11.292054
42.483557	-11.295587
42.493539	-11.299119
42.503521	-11.302651
42.513503	-11.306183
42.523485	-11.309714
42.533467	-11.313246
42.543449	-11.316777
42.553431	-11.320308
42.563413	-11.323839
42.573395	-11.327369
42.583377	-11.3309
42.593359	-11.33443
42.603341	-11.33796
42.613323	-11.341489
42.623305	-11.345019
42.633287	-11.348548
42.643269	-11.352077
42.653251	-11.355606
42.663233	-11.359135
42.673215	-11.362663
42.683197	-11.366191
42.693179	-11.369719
42.703161	-11.373247
42.713143	-11.376775
42.723125	-11.380302
42.733107	-11.383829
42.743089	-11.387356
42.753071	-11.390883
42.763053	-11.39441
42.773035	-11.397936
42.783017	-11.401462
42.792999	-11.404988
42.802981	-11.408514
42.812963	-11.412039
42.822945	-11.415565
42.832927	-11.41909
42.842909	-11.422615
42.852891	-11.426139
42.862873	-11.429664
42.872855	-11.433188
42.882837	-11.436712
42.892819	-11.440236
42.902801	-11.443759
42.912783	-11.447283
42.922765	-11.450806
42.932747	-11.454329
42.942729	-11.457852
42.952711	-11.461374
42.962693	-11.464896
42.972675	-11.468418
42.982657	-11.47194
42.992639	-11.475462
43.002621	-11.478983
43.012603	-11.482505
43.022585	-11.486026
43.032567	-11.489547
43.042549	-11.493067
43.052531	-11.496588
43.062513	-11.500108
43.072494	-11.503628
43.082476	-11.507147
43.092458	-11.510667
43.10244	-11.514186
43.112422	-11.517705
43.122404	-11.521224
43.132386	-11.524743
43.142368	-11.528261
43.15235	-11.53178
43.162332	-11.535298
43.172314	-11.538816
43.182296	-11.542333
43.192278	-11.545851
43.20226	-11.549368
43.212242	-11.552885
43.222224	-11.556401
43.232206	-11.559918
43.242188	-11.563434
43.25217	-11.56695
43.262152	-11.570466
43.272134	-11.573982
43.282116	-11.577497
43.292098	-11.581013
43.30208	-11.584528
43.312062	-11.588042
43.322044	-11.591557
43.332026	-11.595071
43.342008	-11.598586
43.35199	-11.602099
43.361972	-11.605613
43.371954	-11.609127
43.381936	-11.61264
43.391918	-11.616153
43.4019	-11.619666
43.411882	-11.623179
43.421864	-11.626691
43.431846	-11.630203
43.441828	-11.633715
43.45181	-11.637227
43.461792	-11.640738
43.471774	-11.64425
43.481756	-11.647761
43.491738	-11.651272
43.50172	-11.654783
43.511702	-11.658293
43.521684	-11.661803
43.531666	-11.665313
43.541648	-11.668823
43.55163	-11.672333
43.561612	-11.675842
43.571594	-11.679351
43.581576	-11.68286
43.591558	-11.686369
43.60154	-11.689877
43.611522	-11.693386
43.621504	-11.696894
43.631486	-11.700402
43.641468	-11.703909
43.65145	-11.707417
43.661432	-11.710924
43.671414	-11.714431
43.681396	-11.717938
43.691378	-11.721444
43.70136	-11.72495
43.711342	-11.728456
43.721324	-11.731962
43.731306	-11.735468
43.741288	-11.738973
43.75127	-11.742479
43.761252	-11.745984
43.771234	-11.749488
43.781216	-11.752993
43.791198	-11.756497
43.80118	-11.760001
43.811162	-11.763505
43.821144	-11.767009
43.831126	-11.770512
43.841108	-11.774016
43.85109	-11.777519
43.861072	-11.781021
43.871054	-11.784524
43.881036	-11.788026
43.891018	-11.791529
43.901	-11.79503
43.910982	-11.798532
43.920964	-11.802034
43.930946	-11.805535
43.940928	-11.809036
43.95091	-11.812537
43.960892	-11.816037
43.970874	-11.819538
43.980856	-11.823038
43.990838	-11.826538
44.00082	-11.830037
44.010802	-11.833537
44.020784	-11.837036
44.030766	-11.840535
44.040748	-11.844034
44.05073	-11.847533
44.060712	-11.851031
44.070694	-11.854529
44.080676	-11.858027
44.090658	-11.861525
44.10064	-11.865022
44.110622	-11.86852
44.120604	-11.872017
44.130586	-11.875513
44.140568	-11.87901
44.15055	-11.882506
44.160532	-11.886003
44.170514	-11.889498
44.180496	-11.892994
44.190478	-11.89649
44.20046	-11.899985
44.210442	-11.90348
44.220424	-11.906975
44.230406	-11.910469
44.240388	-11.913964
44.25037	-11.917458
44.260352	-11.920952
44.270334	-11.924445
44.280316	-11.927939
44.290298	-11.931432
44.30028	-11.934925
44.310262	-11.938418
44.320244	-11.941911
44.330226	-11.945403
44.340208	-11.948895
44.35019	-11.952387
44.360172	-11.955879
44.370154	-11.95937
44.380136	-11.962861
44.390118	-11.966352
44.4001	-11.969843
44.410082	-11.973334
44.420064	-11.976824
44.430046	-11.980314
44.440028	-11.983804
44.45001	-11.987294
44.459992	-11.990783
44.469974	-11.994272
44.479956	-11.997761
44.489938	-12.00125
44.49992	-12.004739
44.509902	-12.008227
44.519884	-12.011715
44.529866	-12.015203
44.539848	-12.018691
44.54983	-12.022178
44.559812	-12.025665
44.569794	-12.029152
44.579776	-12.032639
44.589758	-12.036125
44.59974	-12.039612
44.609722	-12.043098
44.619704	-12.046584
44.629686	-12.050069
44.639668	-12.053555
44.64965	-12.05704
44.659632	-12.060525
44.669614	-12.064009
44.679596	-12.067494
44.689578	-12.070978
44.69956	-12.074462
44.709542	-12.077946
44.719524	-12.08143
44.729506	-12.084913
44.739488	-12.088396
44.74947	-12.091879
44.759452	-12.095362
44.769434	-12.098844
44.779416	-12.102326
44.789398	-12.105808
44.79938	-12.10929
44.809362	-12.112772
44.819344	-12.116253
44.829326	-12.119734
44.839308	-12.123215
44.84929	-12.126695
44.859272	-12.130176
44.869254	-12.133656
44.879236	-12.137136
44.889218	-12.140616
44.8992	-12.144095
44.909182	-12.147575
44.919164	-12.151054
44.929146	-12.154532
44.939128	-12.158011
44.94911	-12.161489
44.959092	-12.164967
44.969074	-12.168445
44.979056	-12.171923
44.989038	-12.1754
44.99902	-12.178878
45.009002	-12.182355
45.018984	-12.185831
45.028966	-12.189308
45.038948	-12.192784
45.04893	-12.19626
45.058912	-12.199736
45.068894	-12.203212
45.078876	-12.206687
45.088858	-12.210162
45.09884	-12.213637
45.108822	-12.217112
45.118804	-12.220587
45.128786	-12.224061
45.138768	-12.227535
45.14875	-12.231009
45.158732	-12.234482
45.168714	-12.237955
45.178696	-12.241429
45.188678	-12.244901
45.19866	-12.248374
45.208642	-12.251847
45.218624	-12.255319
45.228606	-12.258791
45.238588	-12.262262
45.24857	-12.265734
45.258552	-12.269205
45.268534	-12.272676
45.278516	-12.276147
45.288498	-12.279618
45.29848	-12.283088
45.308462	-12.286558
45.318444	-12.290028
45.328426	-12.293498
45.338408	-12.296967
45.34839	-12.300436
45.358372	-12.303905
45.368354	-12.307374
45.378336	-12.310843
45.388318	-12.314311
45.3983	-12.317779
45.408282	-12.321247
45.418264	-12.324714
45.428246	-12.328182
45.438228	-12.331649
45.44821	-12.335116
45.458192	-12.338582
45.468174	-12.342049
45.478156	-12.345515
45.488138	-12.348981
45.49812	-12.352447
45.508102	-12.355912
45.518084	-12.359378
45.528066	-12.362843
45.538048	-12.366307
45.54803	-12.369772
45.558012	-12.373236
45.567994	-12.376701
45.577976	-12.380164
45.587958	-12.383628
45.59794	-12.387092
45.607922	-12.390555
45.617904	-12.394018
45.627886	-12.397481
45.637868	-12.400943
45.64785	-12.404405
45.657832	-12.407867
45.667814	-12.411329
45.677796	-12.414791
45.687778	-12.418252
45.69776	-12.421713
45.707742	-12.425174
45.717724	-12.428635
45.727706	-12.432095
45.737688	-12.435555
45.74767	-12.439015
45.757652	-12.442475
45.767634	-12.445935
45.777616	-12.449394
45.787598	-12.452853
45.79758	-12.456312
45.807562	-12.45977
45.817544	-12.463229
45.827526	-12.466687
45.837508	-12.470145
45.847489	-12.473602
45.857471	-12.47706
45.867453	-12.480517
45.877435	-12.483974
45.887417	-12.487431
45.897399	-12.490887
45.907381	-12.494343
45.917363	-12.497799
45.927345	-12.501255
45.937327	-12.504711
45.947309	-12.508166
45.957291	-12.511621
45.967273	-12.515076
45.977255	-12.518531
45.987237	-12.521985
45.997219	-12.525439
46.007201	-12.528893
46.017183	-12.532347
46.027165	-12.5358
46.037147	-12.539254
46.047129	-12.542706
46.057111	-12.546159
46.067093	-12.549612
46.077075	-12.553064
46.087057	-12.556516
46.097039	-12.559968
46.107021	-12.56342
46.117003	-12.566871
46.126985	-12.570322
46.136967	-12.573773
46.146949	-12.577224
46.156931	-12.580674
46.166913	-12.584124
46.176895	-12.587574
46.186877	-12.591024
46.196859	-12.594473
46.206841	-12.597923
46.216823	-12.601372
46.226805	-12.60482
46.236787	-12.608269
46.246769	-12.611717
46.256751	-12.615165
46.266733	-12.618613
46.276715	-12.622061
46.286697	-12.625508
46.296679	-12.628955
46.306661	-12.632402
46.316643	-12.635849
46.326625	-12.639295
46.336607	-12.642742
46.346589	-12.646188
46.356571	-12.649633
46.366553	-12.653079
46.376535	-12.656524
46.386517	-12.659969
46.396499	-12.663414
46.406481	-12.666859
46.416463	-12.670303
46.426445	-12.673747
46.436427	-12.677191
46.446409	-12.680635
46.456391	-12.684078
46.466373	-12.687521
46.476355	-12.690964
46.486337	-12.694407
46.496319	-12.697849
46.506301	-12.701291
46.516283	-12.704733
46.526265	-12.708175
46.536247	-12.711617
46.546229	-12.715058
46.556211	-12.718499
46.566193	-12.72194
46.576175	-12.72538
46.586157	-12.728821
46.596139	-12.732261
46.606121	-12.735701
46.616103	-12.73914
46.626085	-12.74258
46.636067	-12.746019
46.646049	-12.749458
46.656031	-12.752896
46.666013	-12.756335
46.675995	-12.759773
46.685977	-12.763211
46.695959	-12.766649
46.705941	-12.770086
46.715923	-12.773524
46.725905	-12.776961
46.735887	-12.780397
46.745869	-12.783834
46.755851	-12.78727
46.765833	-12.790706
46.775815	-12.794142
46.785797	-12.797578
46.795779	-12.801013
46.805761	-12.804448
46.815743	-12.807883
46.825725	-12.811318
46.835707	-12.814753
46.845689	-12.818187
46.855671	-12.821621
46.865653	-12.825054
46.875635	-12.828488
46.885617	-12.831921
46.895599	-12.835354
46.905581	-12.838787
46.915563	-12.84222
46.925545	-12.845652
46.935527	-12.849084
46.945509	-12.852516
46.955491	-12.855947
46.965473	-12.859379
46.975455	-12.86281
46.985437	-12.866241
46.995419	-12.869671
47.005401	-12.873102
47.015383	-12.876532
47.025365	-12.879962
47.035347	-12.883392
47.045329	-12.886821
47.055311	-12.89025
47.065293	-12.893679
47.075275	-12.897108
47.085257	-12.900537
47.095239	-12.903965
47.105221	-12.907393
47.115203	-12.910821
47.125185	-12.914248
47.135167	-12.917676
47.145149	-12.921103
47.155131	-12.92453
47.165113	-12.927956
47.175095	-12.931383
47.185077	-12.934809
47.195059	-12.938235
47.205041	-12.941661
47.215023	-12.945086
47.225005	-12.948511
47.234987	-12.951936
47.244969	-12.955361
47.254951	-12.958785
47.264933	-12.96221
47.274915	-12.965634
47.284897	-12.969057
47.294879	-12.972481
47.304861	-12.975904
47.314843	-12.979327
47.324825	-12.98275
47.334807	-12.986173
47.344789	-12.989595
47.354771	-12.993017
47.364753	-12.996439
47.374735	-12.999861
47.384717	-13.003282
47.394699	-13.006703
47.404681	-13.010124
47.414663	-13.013545
47.424645	-13.016965
47.434627	-13.020386
47.444609	-13.023806
47.454591	-13.027225
47.464573	-13.030645
47.474555	-13.034064
47.484537	-13.037483
47.494519	-13.040902
47.504501	-13.04432
47.514483	-13.047739
47.524465	-13.051157
47.534447	-13.054575
47.544429	-13.057992
47.554411	-13.06141
47.564393	-13.064827
47.574375	-13.068244
47.584357	-13.07166
47.594339	-13.075077
47.604321	-13.078493
47.614303	-13.081909
47.624285	-13.085324
47.634267	-13.08874
47.644249	-13.092155
47.654231	-13.09557
47.664213	-13.098985
47.674195	-13.102399
47.684177	-13.105813
47.694159	-13.109227
47.704141	-13.112641
47.714123	-13.116055
47.724105	-13.119468
47.734087	-13.122881
47.744069	-13.126294
47.754051	-13.129706
47.764033	-13.133119
47.774015	-13.136531
47.783997	-13.139943
47.793979	-13.143354
47.803961	-13.146766
47.813943	-13.150177
47.823925	-13.153588
47.833907	-13.156998
47.843889	-13.160409
47.853871	-13.163819
47.863853	-13.167229
47.873835	-13.170639
47.883817	-13.174048
47.893799	-13.177457
47.903781	-13.180866
47.913763	-13.184275
47.923745	-13.187684
47.933727	-13.191092
47.943709	-13.1945
47.953691	-13.197908
47.963673	-13.201315
47.973655	-13.204723
47.983637	-13.20813
47.993619	-13.211537
48.003601	-13.214943
48.013583	-13.21835
48.023565	-13.221756
48.033547	-13.225162
48.043529	-13.228567
48.053511	-13.231973
48.063493	-13.235378
48.073475	-13.238783
48.083457	-13.242187
48.093439	-13.245592
48.103421	-13.248996
48.113403	-13.2524
48.123385	-13.255804
48.133367	-13.259207
48.143349	-13.26261
48.153331	-13.266013
48.163313	-13.269416
48.173295	-13.272819
48.183277	-13.276221
48.193259	-13.279623
48.203241	-13.283025
48.213223	-13.286426
48.223205	-13.289828
48.233187	-13.293229
48.243169	-13.29663
48.253151	-13.30003
48.263133	-13.303431
48.273115	-13.306831
48.283097	-13.310231
48.293079	-13.31363
48.303061	-13.31703
48.313043	-13.320429
48.323025	-13.323828
48.333007	-13.327226
48.342989	-13.330625
48.352971	-13.334023
48.362953	-13.337421
48.372935	-13.340819
48.382917	-13.344216
48.392899	-13.347614
48.402881	-13.351011
48.412863	-13.354407
48.422845	-13.357804
48.432827	-13.3612
48.442809	-13.364596
48.452791	-13.367992
48.462773	-13.371387
48.472755	-13.374783
48.482737	-13.378178
48.492719	-13.381573
48.502701	-13.384967
48.512683	-13.388362
48.522665	-13.391756
48.532647	-13.39515
48.542629	-13.398543
48.552611	-13.401937
48.562593	-13.40533
48.572575	-13.408723
48.582557	-13.412115
48.592539	-13.415508
48.602521	-13.4189
48.612503	-13.422292
48.622484	-13.425684
48.632466	-13.429075
48.642448	-13.432466
48.65243	-13.435857
48.662412	-13.439248
48.672394	-13.442639
48.682376	-13.446029
48.692358	-13.449419
48.70234	-13.452809
48.712322	-13.456198
48.722304	-13.459588
48.732286	-13.462977
48.742268	-13.466366
48.75225	-13.469754
48.762232	-13.473142
48.772214	-13.476531
48.782196	-13.479918
48.792178	-13.483306
48.80216	-13.486693
48.812142	-13.490081
48.822124	-13.493467
48.832106	-13.496854
48.842088	-13.50024
48.85207	-13.503627
48.862052	-13.507013
48.872034	-13.510398
48.882016	-13.513784
48.891998	-13.517169
48.90198	-13.520554
48.911962	-13.523939
48.921944	-13.527323
48.931926	-13.530707
48.941908	-13.534091
48.95189	-13.537475
48.961872	-13.540859
48.971854	-13.544242
48.981836	-13.547625
48.991818	-13.551008
49.0018	-13.55439
49.011782	-13.557773
49.021764	-13.561155
49.031746	-13.564537
49.041728	-13.567918
49.05171	-13.5713
49.061692	-13.574681
49.071674	-13.578061
49.081656	-13.581442
49.091638	-13.584823
49.10162	-13.588203
49.111602	-13.591583
49.121584	-13.594962
49.131566	-13.598342
49.141548	-13.601721
49.15153	-13.6051
49.161512	-13.608478
49.171494	-13.611857
49.181476	-13.615235
49.191458	-13.618613
49.20144	-13.621991
49.211422	-13.625368
49.221404	-13.628746
49.231386	-13.632123
49.241368	-13.635499
49.25135	-13.638876
49.261332	-13.642252
49.271314	-13.645628
49.281296	-13.649004
49.291278	-13.65238
49.30126	-13.655755
49.311242	-13.65913
49.321224	-13.662505
49.331206	-13.665879
49.341188	-13.669254
49.35117	-13.672628
49.361152	-13.676002
49.371134	-13.679375
49.381116	-13.682749
49.391098	-13.686122
49.40108	-13.689495
49.411062	-13.692867
49.421044	-13.69624
49.431026	-13.699612
49.441008	-13.702984
49.45099	-13.706356
49.460972	-13.709727
49.470954	-13.713098
49.480936	-13.716469
49.490918	-13.71984
49.5009	-13.72321
49.510882	-13.726581
49.520864	-13.729951
49.530846	-13.73332
49.540828	-13.73669
49.55081	-13.740059
49.560792	-13.743428
49.570774	-13.746797
49.580756	-13.750166
49.590738	-13.753534
49.60072	-13.756902
49.610702	-13.76027
49.620684	-13.763637
49.630666	-13.767005
49.640648	-13.770372
49.65063	-13.773739
49.660612	-13.777105
49.670594	-13.780472
49.680576	-13.783838
49.690558	-13.787204
49.70054	-13.790569
49.710522	-13.793935
49.720504	-13.7973
49.730486	-13.800665
49.740468	-13.80403
49.75045	-13.807394
49.760432	-13.810758
49.770414	-13.814122
49.780396	-13.817486
49.790378	-13.820849
49.80036	-13.824213
49.810342	-13.827576
49.820324	-13.830938
49.830306	-13.834301
49.840288	-13.837663
49.85027	-13.841025
49.860252	-13.844387
49.870234	-13.847748
49.880216	-13.85111
49.890198	-13.854471
49.90018	-13.857832
49.910162	-13.861192
49.920144	-13.864552
49.930126	-13.867913
49.940108	-13.871272
49.95009	-13.874632
49.960072	-13.877991
49.970054	-13.88135
49.980036	-13.884709
49.990018	-13.888068
50	-13.891426
