Freq_GHz	Model_Norm_dB	Model_dBm_5mA
0.1	0	-7.30607
0.109977	-8.66303e-06	-7.30608
0.119955	-1.81494e-05	-7.30609
0.129932	-2.8459e-05	-7.3061
0.13991	-3.9592e-05	-7.30611
0.149887	-5.15483e-05	-7.30612
0.159865	-6.43279e-05	-7.30613
0.169842	-7.79308e-05	-7.30615
0.17982	-9.23571e-05	-7.30616
0.189797	-0.000107607	-7.30618
0.199775	-0.00012368	-7.30619
0.209752	-0.000140576	-7.30621
0.21973	-0.000158296	-7.30623
0.229707	-0.000176839	-7.30625
0.239685	-0.000196206	-7.30627
0.249662	-0.000216396	-7.30629
0.25964	-0.000237409	-7.30631
0.269617	-0.000259246	-7.30633
0.279595	-0.000281906	-7.30635
0.289572	-0.00030539	-7.30638
0.29955	-0.000329697	-7.3064
0.309527	-0.000354828	-7.30642
0.319505	-0.000380782	-7.30645
0.329482	-0.00040756	-7.30648
0.33946	-0.000435161	-7.30651
0.349437	-0.000463586	-7.30653
0.359415	-0.000492835	-7.30656
0.369392	-0.000522907	-7.30659
0.37937	-0.000553803	-7.30662
0.389347	-0.000585522	-7.30666
0.399325	-0.000618065	-7.30669
0.409302	-0.000651432	-7.30672
0.41928	-0.000685622	-7.30676
0.429257	-0.000720636	-7.30679
0.439235	-0.000756474	-7.30683
0.449212	-0.000793135	-7.30686
0.45919	-0.000830621	-7.3069
0.469167	-0.00086893	-7.30694
0.479145	-0.000908063	-7.30698
0.489122	-0.00094802	-7.30702
0.4991	-0.0009888	-7.30706
0.509077	-0.00103041	-7.3071
0.519055	-0.00107283	-7.30714
0.529032	-0.00111609	-7.30719
0.53901	-0.00116016	-7.30723
0.548987	-0.00120506	-7.30727
0.558965	-0.00125079	-7.30732
0.568942	-0.00129734	-7.30737
0.57892	-0.00134471	-7.30741
0.588897	-0.00139291	-7.30746
0.598875	-0.00144193	-7.30751
0.608852	-0.00149177	-7.30756
0.61883	-0.00154244	-7.30761
0.628807	-0.00159393	-7.30766
0.638785	-0.00164625	-7.30772
0.648762	-0.00169939	-7.30777
0.65874	-0.00175336	-7.30782
0.668717	-0.00180815	-7.30788
0.678695	-0.00186377	-7.30793
0.688672	-0.00192021	-7.30799
0.69865	-0.00197747	-7.30805
0.708627	-0.00203556	-7.30811
0.718605	-0.00209447	-7.30816
0.728582	-0.00215421	-7.30822
0.73856	-0.00221477	-7.30828
0.748537	-0.00227616	-7.30835
0.758515	-0.00233837	-7.30841
0.768492	-0.00240141	-7.30847
0.77847	-0.00246527	-7.30854
0.788447	-0.00252995	-7.3086
0.798425	-0.00259546	-7.30867
0.808402	-0.0026618	-7.30873
0.81838	-0.00272896	-7.3088
0.828357	-0.00279694	-7.30887
0.838335	-0.00286575	-7.30894
0.848312	-0.00293539	-7.30901
0.85829	-0.00300585	-7.30908
0.868267	-0.00307714	-7.30915
0.878245	-0.00314925	-7.30922
0.888222	-0.00322218	-7.30929
0.8982	-0.00329594	-7.30937
0.908177	-0.00337053	-7.30944
0.918155	-0.00344594	-7.30952
0.928132	-0.00352218	-7.30959
0.93811	-0.00359924	-7.30967
0.948087	-0.00367713	-7.30975
0.958065	-0.00375584	-7.30983
0.968042	-0.00383538	-7.30991
0.97802	-0.00391575	-7.30999
0.987997	-0.00399694	-7.31007
0.997974	-0.00407895	-7.31015
1.00795	-0.0041618	-7.31023
1.01793	-0.00424546	-7.31032
1.02791	-0.00432996	-7.3104
1.03788	-0.00441528	-7.31049
1.04786	-0.00450142	-7.31057
1.05784	-0.00458839	-7.31066
1.06782	-0.00467619	-7.31075
1.07779	-0.00476482	-7.31083
1.08777	-0.00485427	-7.31092
1.09775	-0.00494454	-7.31101
1.10773	-0.00503564	-7.31111
1.1177	-0.00512757	-7.3112
1.12768	-0.00522033	-7.31129
1.13766	-0.00531391	-7.31138
1.14764	-0.00540832	-7.31148
1.15761	-0.00550355	-7.31157
1.16759	-0.00559961	-7.31167
1.17757	-0.0056965	-7.31177
1.18755	-0.00579422	-7.31186
1.19752	-0.00589276	-7.31196
1.2075	-0.00599213	-7.31206
1.21748	-0.00609232	-7.31216
1.22746	-0.00619335	-7.31226
1.23743	-0.0062952	-7.31237
1.24741	-0.00639787	-7.31247
1.25739	-0.00650138	-7.31257
1.26737	-0.00660571	-7.31268
1.27734	-0.00671086	-7.31278
1.28732	-0.00681685	-7.31289
1.2973	-0.00692366	-7.31299
1.30728	-0.0070313	-7.3131
1.31725	-0.00713977	-7.31321
1.32723	-0.00724907	-7.31332
1.33721	-0.00735919	-7.31343
1.34719	-0.00747014	-7.31354
1.35716	-0.00758192	-7.31365
1.36714	-0.00769453	-7.31376
1.37712	-0.00780796	-7.31388
1.3871	-0.00792223	-7.31399
1.39707	-0.00803732	-7.31411
1.40705	-0.00815324	-7.31422
1.41703	-0.00826998	-7.31434
1.42701	-0.00838756	-7.31446
1.43698	-0.00850596	-7.31458
1.44696	-0.00862519	-7.3147
1.45694	-0.00874526	-7.31482
1.46692	-0.00886614	-7.31494
1.47689	-0.00898786	-7.31506
1.48687	-0.00911041	-7.31518
1.49685	-0.00923379	-7.3153
1.50683	-0.00935799	-7.31543
1.5168	-0.00948302	-7.31555
1.52678	-0.00960889	-7.31568
1.53676	-0.00973558	-7.31581
1.54674	-0.0098631	-7.31593
1.55671	-0.00999145	-7.31606
1.56669	-0.0101206	-7.31619
1.57667	-0.0102506	-7.31632
1.58665	-0.0103815	-7.31645
1.59662	-0.0105131	-7.31658
1.6066	-0.0106456	-7.31672
1.61658	-0.010779	-7.31685
1.62656	-0.0109131	-7.31698
1.63653	-0.0110481	-7.31712
1.64651	-0.0111839	-7.31725
1.65649	-0.0113206	-7.31739
1.66647	-0.0114581	-7.31753
1.67644	-0.0115964	-7.31767
1.68642	-0.0117355	-7.31781
1.6964	-0.0118755	-7.31795
1.70638	-0.0120163	-7.31809
1.71635	-0.0121579	-7.31823
1.72633	-0.0123004	-7.31837
1.73631	-0.0124436	-7.31851
1.74629	-0.0125878	-7.31866
1.75626	-0.0127327	-7.3188
1.76624	-0.0128785	-7.31895
1.77622	-0.0130251	-7.31909
1.7862	-0.0131726	-7.31924
1.79617	-0.0133208	-7.31939
1.80615	-0.0134699	-7.31954
1.81613	-0.0136199	-7.31969
1.82611	-0.0137707	-7.31984
1.83608	-0.0139223	-7.31999
1.84606	-0.0140747	-7.32014
1.85604	-0.014228	-7.3203
1.86602	-0.014382	-7.32045
1.87599	-0.014537	-7.32061
1.88597	-0.0146927	-7.32076
1.89595	-0.0148493	-7.32092
1.90593	-0.0150068	-7.32108
1.9159	-0.015165	-7.32123
1.92588	-0.0153241	-7.32139
1.93586	-0.015484	-7.32155
1.94584	-0.0156448	-7.32171
1.95581	-0.0158064	-7.32188
1.96579	-0.0159688	-7.32204
1.97577	-0.0161321	-7.3222
1.98575	-0.0162961	-7.32237
1.99572	-0.0164611	-7.32253
2.0057	-0.0166268	-7.3227
2.01568	-0.0167934	-7.32286
2.02566	-0.0169608	-7.32303
2.03563	-0.0171291	-7.3232
2.04561	-0.0172982	-7.32337
2.05559	-0.0174681	-7.32354
2.06557	-0.0176388	-7.32371
2.07554	-0.0178104	-7.32388
2.08552	-0.0179829	-7.32405
2.0955	-0.0181561	-7.32423
2.10548	-0.0183302	-7.3244
2.11545	-0.0185051	-7.32457
2.12543	-0.0186809	-7.32475
2.13541	-0.0188575	-7.32493
2.14539	-0.0190349	-7.3251
2.15536	-0.0192132	-7.32528
2.16534	-0.0193923	-7.32546
2.17532	-0.0195722	-7.32564
2.1853	-0.019753	-7.32582
2.19527	-0.0199346	-7.326
2.20525	-0.020117	-7.32619
2.21523	-0.0203003	-7.32637
2.22521	-0.0204844	-7.32655
2.23518	-0.0206693	-7.32674
2.24516	-0.0208551	-7.32693
2.25514	-0.0210417	-7.32711
2.26512	-0.0212292	-7.3273
2.27509	-0.0214175	-7.32749
2.28507	-0.0216066	-7.32768
2.29505	-0.0217966	-7.32787
2.30503	-0.0219874	-7.32806
2.315	-0.022179	-7.32825
2.32498	-0.0223715	-7.32844
2.33496	-0.0225648	-7.32863
2.34494	-0.0227589	-7.32883
2.35491	-0.0229539	-7.32902
2.36489	-0.0231497	-7.32922
2.37487	-0.0233464	-7.32942
2.38485	-0.0235439	-7.32961
2.39482	-0.0237422	-7.32981
2.4048	-0.0239414	-7.33001
2.41478	-0.0241414	-7.33021
2.42476	-0.0243422	-7.33041
2.43473	-0.0245439	-7.33061
2.44471	-0.0247464	-7.33082
2.45469	-0.0249498	-7.33102
2.46467	-0.025154	-7.33122
2.47464	-0.025359	-7.33143
2.48462	-0.0255649	-7.33163
2.4946	-0.0257716	-7.33184
2.50458	-0.0259792	-7.33205
2.51455	-0.0261876	-7.33226
2.52453	-0.0263968	-7.33247
2.53451	-0.0266068	-7.33268
2.54449	-0.0268178	-7.33289
2.55446	-0.0270295	-7.3331
2.56444	-0.0272421	-7.33331
2.57442	-0.0274555	-7.33353
2.5844	-0.0276698	-7.33374
2.59437	-0.0278849	-7.33395
2.60435	-0.0281008	-7.33417
2.61433	-0.0283176	-7.33439
2.62431	-0.0285352	-7.33461
2.63428	-0.0287537	-7.33482
2.64426	-0.028973	-7.33504
2.65424	-0.0291932	-7.33526
2.66422	-0.0294141	-7.33548
2.67419	-0.029636	-7.33571
2.68417	-0.0298586	-7.33593
2.69415	-0.0300821	-7.33615
2.70413	-0.0303065	-7.33638
2.7141	-0.0305317	-7.3366
2.72408	-0.0307577	-7.33683
2.73406	-0.0309846	-7.33705
2.74404	-0.0312123	-7.33728
2.75401	-0.0314409	-7.33751
2.76399	-0.0316703	-7.33774
2.77397	-0.0319005	-7.33797
2.78395	-0.0321316	-7.3382
2.79392	-0.0323635	-7.33843
2.8039	-0.0325963	-7.33867
2.81388	-0.0328299	-7.3389
2.82386	-0.0330644	-7.33913
2.83383	-0.0332997	-7.33937
2.84381	-0.0335358	-7.33961
2.85379	-0.0337728	-7.33984
2.86377	-0.0340107	-7.34008
2.87374	-0.0342493	-7.34032
2.88372	-0.0344888	-7.34056
2.8937	-0.0347292	-7.3408
2.90368	-0.0349704	-7.34104
2.91365	-0.0352125	-7.34128
2.92363	-0.0354554	-7.34153
2.93361	-0.0356991	-7.34177
2.94359	-0.0359437	-7.34201
2.95356	-0.0361891	-7.34226
2.96354	-0.0364354	-7.34251
2.97352	-0.0366825	-7.34275
2.9835	-0.0369305	-7.343
2.99347	-0.0371793	-7.34325
3.00345	-0.0374289	-7.3435
3.01343	-0.0376794	-7.34375
3.02341	-0.0379308	-7.344
3.03338	-0.038183	-7.34425
3.04336	-0.038436	-7.34451
3.05334	-0.0386899	-7.34476
3.06332	-0.0389446	-7.34501
3.07329	-0.0392002	-7.34527
3.08327	-0.0394566	-7.34553
3.09325	-0.0397139	-7.34578
3.10323	-0.039972	-7.34604
3.1132	-0.040231	-7.3463
3.12318	-0.0404908	-7.34656
3.13316	-0.0407514	-7.34682
3.14314	-0.0410129	-7.34708
3.15311	-0.0412753	-7.34735
3.16309	-0.0415385	-7.34761
3.17307	-0.0418026	-7.34787
3.18305	-0.0420675	-7.34814
3.19302	-0.0423332	-7.3484
3.203	-0.0425998	-7.34867
3.21298	-0.0428672	-7.34894
3.22296	-0.0431355	-7.34921
3.23293	-0.0434047	-7.34947
3.24291	-0.0436747	-7.34974
3.25289	-0.0439455	-7.35002
3.26287	-0.0442172	-7.35029
3.27284	-0.0444897	-7.35056
3.28282	-0.0447631	-7.35083
3.2928	-0.0450374	-7.35111
3.30278	-0.0453124	-7.35138
3.31275	-0.0455884	-7.35166
3.32273	-0.0458652	-7.35194
3.33271	-0.0461428	-7.35221
3.34269	-0.0464213	-7.35249
3.35266	-0.0467006	-7.35277
3.36264	-0.0469808	-7.35305
3.37262	-0.0472619	-7.35333
3.3826	-0.0475438	-7.35361
3.39257	-0.0478265	-7.3539
3.40255	-0.0481101	-7.35418
3.41253	-0.0483946	-7.35446
3.42251	-0.0486799	-7.35475
3.43248	-0.048966	-7.35504
3.44246	-0.049253	-7.35532
3.45244	-0.0495409	-7.35561
3.46242	-0.0498296	-7.3559
3.47239	-0.0501192	-7.35619
3.48237	-0.0504096	-7.35648
3.49235	-0.0507009	-7.35677
3.50233	-0.050993	-7.35706
3.5123	-0.051286	-7.35736
3.52228	-0.0515798	-7.35765
3.53226	-0.0518745	-7.35794
3.54224	-0.05217	-7.35824
3.55221	-0.0524664	-7.35854
3.56219	-0.0527637	-7.35883
3.57217	-0.0530618	-7.35913
3.58215	-0.0533607	-7.35943
3.59212	-0.0536605	-7.35973
3.6021	-0.0539612	-7.36003
3.61208	-0.0542627	-7.36033
3.62206	-0.0545651	-7.36063
3.63203	-0.0548683	-7.36094
3.64201	-0.0551724	-7.36124
3.65199	-0.0554774	-7.36155
3.66197	-0.0557832	-7.36185
3.67194	-0.0560898	-7.36216
3.68192	-0.0563973	-7.36247
3.6919	-0.0567057	-7.36278
3.70188	-0.0570149	-7.36308
3.71185	-0.057325	-7.36339
3.72183	-0.057636	-7.36371
3.73181	-0.0579478	-7.36402
3.74179	-0.0582604	-7.36433
3.75176	-0.0585739	-7.36464
3.76174	-0.0588883	-7.36496
3.77172	-0.0592035	-7.36527
3.7817	-0.0595196	-7.36559
3.79167	-0.0598366	-7.36591
3.80165	-0.0601544	-7.36622
3.81163	-0.060473	-7.36654
3.82161	-0.0607925	-7.36686
3.83158	-0.0611129	-7.36718
3.84156	-0.0614342	-7.3675
3.85154	-0.0617563	-7.36783
3.86152	-0.0620792	-7.36815
3.87149	-0.0624031	-7.36847
3.88147	-0.0627277	-7.3688
3.89145	-0.0630533	-7.36912
3.90143	-0.0633797	-7.36945
3.9114	-0.0637069	-7.36978
3.92138	-0.0640351	-7.3701
3.93136	-0.064364	-7.37043
3.94134	-0.0646939	-7.37076
3.95131	-0.0650246	-7.37109
3.96129	-0.0653562	-7.37143
3.97127	-0.0656886	-7.37176
3.98125	-0.0660219	-7.37209
3.99122	-0.066356	-7.37243
4.0012	-0.0666911	-7.37276
4.01118	-0.0670269	-7.3731
4.02116	-0.0673637	-7.37343
4.03113	-0.0677013	-7.37377
4.04111	-0.0680397	-7.37411
4.05109	-0.0683791	-7.37445
4.06107	-0.0687193	-7.37479
4.07104	-0.0690603	-7.37513
4.08102	-0.0694023	-7.37547
4.091	-0.069745	-7.37581
4.10098	-0.0700887	-7.37616
4.11095	-0.0704332	-7.3765
4.12093	-0.0707786	-7.37685
4.13091	-0.0711248	-7.37719
4.14089	-0.0714719	-7.37754
4.15086	-0.0718199	-7.37789
4.16084	-0.0721687	-7.37824
4.17082	-0.0725185	-7.37859
4.1808	-0.072869	-7.37894
4.19077	-0.0732205	-7.37929
4.20075	-0.0735728	-7.37964
4.21073	-0.0739259	-7.38
4.22071	-0.07428	-7.38035
4.23068	-0.0746349	-7.3807
4.24066	-0.0749906	-7.38106
4.25064	-0.0753473	-7.38142
4.26062	-0.0757048	-7.38177
4.27059	-0.0760632	-7.38213
4.28057	-0.0764224	-7.38249
4.29055	-0.0767825	-7.38285
4.30053	-0.0771435	-7.38321
4.3105	-0.0775053	-7.38358
4.32048	-0.0778681	-7.38394
4.33046	-0.0782316	-7.3843
4.34044	-0.0785961	-7.38467
4.35041	-0.0789614	-7.38503
4.36039	-0.0793276	-7.3854
4.37037	-0.0796947	-7.38576
4.38035	-0.0800626	-7.38613
4.39032	-0.0804314	-7.3865
4.4003	-0.0808011	-7.38687
4.41028	-0.0811716	-7.38724
4.42026	-0.081543	-7.38761
4.43023	-0.0819153	-7.38799
4.44021	-0.0822885	-7.38836
4.45019	-0.0826625	-7.38873
4.46017	-0.0830374	-7.38911
4.47014	-0.0834131	-7.38948
4.48012	-0.0837898	-7.38986
4.4901	-0.0841673	-7.39024
4.50008	-0.0845457	-7.39062
4.51005	-0.0849249	-7.39099
4.52003	-0.0853051	-7.39137
4.53001	-0.0856861	-7.39176
4.53998	-0.086068	-7.39214
4.54996	-0.0864507	-7.39252
4.55994	-0.0868343	-7.3929
4.56992	-0.0872188	-7.39329
4.57989	-0.0876042	-7.39367
4.58987	-0.0879904	-7.39406
4.59985	-0.0883776	-7.39445
4.60983	-0.0887656	-7.39484
4.6198	-0.0891544	-7.39522
4.62978	-0.0895442	-7.39561
4.63976	-0.0899348	-7.396
4.64974	-0.0903263	-7.3964
4.65971	-0.0907187	-7.39679
4.66969	-0.0911119	-7.39718
4.67967	-0.0915061	-7.39758
4.68965	-0.0919011	-7.39797
4.69962	-0.0922969	-7.39837
4.7096	-0.0926937	-7.39876
4.71958	-0.0930913	-7.39916
4.72956	-0.0934898	-7.39956
4.73953	-0.0938892	-7.39996
4.74951	-0.0942895	-7.40036
4.75949	-0.0946906	-7.40076
4.76947	-0.0950927	-7.40116
4.77944	-0.0954956	-7.40157
4.78942	-0.0958993	-7.40197
4.7994	-0.096304	-7.40237
4.80938	-0.0967095	-7.40278
4.81935	-0.0971159	-7.40319
4.82933	-0.0975232	-7.40359
4.83931	-0.0979314	-7.404
4.84929	-0.0983405	-7.40441
4.85926	-0.0987504	-7.40482
4.86924	-0.0991612	-7.40523
4.87922	-0.0995729	-7.40564
4.8892	-0.0999855	-7.40606
4.89917	-0.100399	-7.40647
4.90915	-0.100813	-7.40688
4.91913	-0.101229	-7.4073
4.92911	-0.101645	-7.40771
4.93908	-0.102062	-7.40813
4.94906	-0.102479	-7.40855
4.95904	-0.102898	-7.40897
4.96902	-0.103318	-7.40939
4.97899	-0.103738	-7.40981
4.98897	-0.10416	-7.41023
4.99895	-0.104582	-7.41065
5.00893	-0.105005	-7.41108
5.0189	-0.105429	-7.4115
5.02888	-0.105854	-7.41192
5.03886	-0.10628	-7.41235
5.04884	-0.106707	-7.41278
5.05881	-0.107134	-7.4132
5.06879	-0.107563	-7.41363
5.07877	-0.107992	-7.41406
5.08875	-0.108422	-7.41449
5.09872	-0.108854	-7.41492
5.1087	-0.109286	-7.41536
5.11868	-0.109719	-7.41579
5.12866	-0.110152	-7.41622
5.13863	-0.110587	-7.41666
5.14861	-0.111023	-7.41709
5.15859	-0.111459	-7.41753
5.16857	-0.111896	-7.41797
5.17854	-0.112335	-7.4184
5.18852	-0.112774	-7.41884
5.1985	-0.113214	-7.41928
5.20848	-0.113655	-7.41972
5.21845	-0.114096	-7.42017
5.22843	-0.114539	-7.42061
5.23841	-0.114983	-7.42105
5.24839	-0.115427	-7.4215
5.25836	-0.115872	-7.42194
5.26834	-0.116319	-7.42239
5.27832	-0.116766	-7.42284
5.2883	-0.117214	-7.42328
5.29827	-0.117663	-7.42373
5.30825	-0.118112	-7.42418
5.31823	-0.118563	-7.42463
5.32821	-0.119015	-7.42508
5.33818	-0.119467	-7.42554
5.34816	-0.119921	-7.42599
5.35814	-0.120375	-7.42644
5.36812	-0.12083	-7.4269
5.37809	-0.121286	-7.42736
5.38807	-0.121743	-7.42781
5.39805	-0.122201	-7.42827
5.40803	-0.122659	-7.42873
5.418	-0.123119	-7.42919
5.42798	-0.12358	-7.42965
5.43796	-0.124041	-7.43011
5.44794	-0.124503	-7.43057
5.45791	-0.124966	-7.43104
5.46789	-0.12543	-7.4315
5.47787	-0.125895	-7.43197
5.48785	-0.126361	-7.43243
5.49782	-0.126828	-7.4329
5.5078	-0.127296	-7.43337
5.51778	-0.127764	-7.43383
5.52776	-0.128234	-7.4343
5.53773	-0.128704	-7.43477
5.54771	-0.129175	-7.43525
5.55769	-0.129647	-7.43572
5.56767	-0.130121	-7.43619
5.57764	-0.130594	-7.43666
5.58762	-0.131069	-7.43714
5.5976	-0.131545	-7.43761
5.60758	-0.132022	-7.43809
5.61755	-0.132499	-7.43857
5.62753	-0.132978	-7.43905
5.63751	-0.133457	-7.43953
5.64749	-0.133937	-7.44001
5.65746	-0.134418	-7.44049
5.66744	-0.1349	-7.44097
5.67742	-0.135383	-7.44145
5.6874	-0.135867	-7.44194
5.69737	-0.136352	-7.44242
5.70735	-0.136837	-7.44291
5.71733	-0.137324	-7.44339
5.72731	-0.137811	-7.44388
5.73728	-0.1383	-7.44437
5.74726	-0.138789	-7.44486
5.75724	-0.139279	-7.44535
5.76722	-0.13977	-7.44584
5.77719	-0.140262	-7.44633
5.78717	-0.140755	-7.44682
5.79715	-0.141249	-7.44732
5.80713	-0.141743	-7.44781
5.8171	-0.142239	-7.44831
5.82708	-0.142735	-7.44881
5.83706	-0.143233	-7.4493
5.84704	-0.143731	-7.4498
5.85701	-0.14423	-7.4503
5.86699	-0.14473	-7.4508
5.87697	-0.145231	-7.4513
5.88695	-0.145733	-7.4518
5.89692	-0.146236	-7.45231
5.9069	-0.14674	-7.45281
5.91688	-0.147244	-7.45331
5.92686	-0.14775	-7.45382
5.93683	-0.148256	-7.45433
5.94681	-0.148764	-7.45483
5.95679	-0.149272	-7.45534
5.96677	-0.149781	-7.45585
5.97674	-0.150291	-7.45636
5.98672	-0.150802	-7.45687
5.9967	-0.151314	-7.45738
6.00668	-0.151827	-7.4579
6.01665	-0.15234	-7.45841
6.02663	-0.152855	-7.45892
6.03661	-0.15337	-7.45944
6.04659	-0.153887	-7.45996
6.05656	-0.154404	-7.46047
6.06654	-0.154922	-7.46099
6.07652	-0.155442	-7.46151
6.0865	-0.155962	-7.46203
6.09647	-0.156483	-7.46255
6.10645	-0.157005	-7.46307
6.11643	-0.157527	-7.4636
6.12641	-0.158051	-7.46412
6.13638	-0.158576	-7.46465
6.14636	-0.159101	-7.46517
6.15634	-0.159628	-7.4657
6.16632	-0.160155	-7.46622
6.17629	-0.160683	-7.46675
6.18627	-0.161212	-7.46728
6.19625	-0.161743	-7.46781
6.20623	-0.162274	-7.46834
6.2162	-0.162806	-7.46888
6.22618	-0.163338	-7.46941
6.23616	-0.163872	-7.46994
6.24614	-0.164407	-7.47048
6.25611	-0.164942	-7.47101
6.26609	-0.165479	-7.47155
6.27607	-0.166016	-7.47209
6.28605	-0.166555	-7.47262
6.29602	-0.167094	-7.47316
6.306	-0.167634	-7.4737
6.31598	-0.168175	-7.47425
6.32596	-0.168717	-7.47479
6.33593	-0.16926	-7.47533
6.34591	-0.169804	-7.47587
6.35589	-0.170349	-7.47642
6.36587	-0.170894	-7.47696
6.37584	-0.171441	-7.47751
6.38582	-0.171989	-7.47806
6.3958	-0.172537	-7.47861
6.40578	-0.173086	-7.47916
6.41575	-0.173637	-7.47971
6.42573	-0.174188	-7.48026
6.43571	-0.17474	-7.48081
6.44569	-0.175293	-7.48136
6.45566	-0.175847	-7.48192
6.46564	-0.176402	-7.48247
6.47562	-0.176958	-7.48303
6.4856	-0.177514	-7.48358
6.49557	-0.178072	-7.48414
6.50555	-0.178631	-7.4847
6.51553	-0.17919	-7.48526
6.52551	-0.179751	-7.48582
6.53548	-0.180312	-7.48638
6.54546	-0.180874	-7.48694
6.55544	-0.181437	-7.48751
6.56542	-0.182001	-7.48807
6.57539	-0.182566	-7.48864
6.58537	-0.183132	-7.4892
6.59535	-0.183699	-7.48977
6.60533	-0.184267	-7.49034
6.6153	-0.184836	-7.49091
6.62528	-0.185406	-7.49148
6.63526	-0.185976	-7.49205
6.64524	-0.186548	-7.49262
6.65521	-0.18712	-7.49319
6.66519	-0.187694	-7.49376
6.67517	-0.188268	-7.49434
6.68515	-0.188843	-7.49491
6.69512	-0.189419	-7.49549
6.7051	-0.189996	-7.49607
6.71508	-0.190574	-7.49664
6.72506	-0.191153	-7.49722
6.73503	-0.191733	-7.4978
6.74501	-0.192314	-7.49838
6.75499	-0.192896	-7.49897
6.76497	-0.193478	-7.49955
6.77494	-0.194062	-7.50013
6.78492	-0.194647	-7.50072
6.7949	-0.195232	-7.5013
6.80488	-0.195818	-7.50189
6.81485	-0.196406	-7.50248
6.82483	-0.196994	-7.50306
6.83481	-0.197583	-7.50365
6.84479	-0.198173	-7.50424
6.85476	-0.198764	-7.50483
6.86474	-0.199356	-7.50543
6.87472	-0.199949	-7.50602
6.8847	-0.200543	-7.50661
6.89467	-0.201138	-7.50721
6.90465	-0.201734	-7.5078
6.91463	-0.20233	-7.5084
6.92461	-0.202928	-7.509
6.93458	-0.203526	-7.5096
6.94456	-0.204126	-7.5102
6.95454	-0.204726	-7.5108
6.96452	-0.205328	-7.5114
6.97449	-0.20593	-7.512
6.98447	-0.206533	-7.5126
6.99445	-0.207137	-7.51321
7.00443	-0.207742	-7.51381
7.0144	-0.208348	-7.51442
7.02438	-0.208955	-7.51503
7.03436	-0.209563	-7.51563
7.04434	-0.210172	-7.51624
7.05431	-0.210782	-7.51685
7.06429	-0.211392	-7.51746
7.07427	-0.212004	-7.51807
7.08425	-0.212617	-7.51869
7.09422	-0.21323	-7.5193
7.1042	-0.213845	-7.51991
7.11418	-0.21446	-7.52053
7.12416	-0.215076	-7.52115
7.13413	-0.215694	-7.52176
7.14411	-0.216312	-7.52238
7.15409	-0.216931	-7.523
7.16407	-0.217551	-7.52362
7.17404	-0.218172	-7.52424
7.18402	-0.218794	-7.52486
7.194	-0.219417	-7.52549
7.20398	-0.220041	-7.52611
7.21395	-0.220666	-7.52674
7.22393	-0.221292	-7.52736
7.23391	-0.221919	-7.52799
7.24389	-0.222546	-7.52862
7.25386	-0.223175	-7.52924
7.26384	-0.223804	-7.52987
7.27382	-0.224435	-7.5305
7.2838	-0.225066	-7.53114
7.29377	-0.225699	-7.53177
7.30375	-0.226332	-7.5324
7.31373	-0.226966	-7.53304
7.32371	-0.227602	-7.53367
7.33368	-0.228238	-7.53431
7.34366	-0.228875	-7.53494
7.35364	-0.229513	-7.53558
7.36362	-0.230152	-7.53622
7.37359	-0.230792	-7.53686
7.38357	-0.231433	-7.5375
7.39355	-0.232075	-7.53814
7.40353	-0.232718	-7.53879
7.4135	-0.233361	-7.53943
7.42348	-0.234006	-7.54008
7.43346	-0.234652	-7.54072
7.44344	-0.235299	-7.54137
7.45341	-0.235946	-7.54202
7.46339	-0.236595	-7.54266
7.47337	-0.237244	-7.54331
7.48335	-0.237895	-7.54396
7.49332	-0.238546	-7.54462
7.5033	-0.239198	-7.54527
7.51328	-0.239852	-7.54592
7.52326	-0.240506	-7.54658
7.53323	-0.241161	-7.54723
7.54321	-0.241817	-7.54789
7.55319	-0.242474	-7.54854
7.56317	-0.243132	-7.5492
7.57314	-0.243791	-7.54986
7.58312	-0.244451	-7.55052
7.5931	-0.245112	-7.55118
7.60308	-0.245774	-7.55184
7.61305	-0.246437	-7.55251
7.62303	-0.247101	-7.55317
7.63301	-0.247766	-7.55384
7.64299	-0.248431	-7.5545
7.65296	-0.249098	-7.55517
7.66294	-0.249766	-7.55584
7.67292	-0.250434	-7.5565
7.6829	-0.251104	-7.55717
7.69287	-0.251774	-7.55784
7.70285	-0.252446	-7.55852
7.71283	-0.253118	-7.55919
7.72281	-0.253791	-7.55986
7.73278	-0.254466	-7.56054
7.74276	-0.255141	-7.56121
7.75274	-0.255817	-7.56189
7.76272	-0.256495	-7.56256
7.77269	-0.257173	-7.56324
7.78267	-0.257852	-7.56392
7.79265	-0.258532	-7.5646
7.80263	-0.259213	-7.56528
7.8126	-0.259895	-7.56597
7.82258	-0.260578	-7.56665
7.83256	-0.261262	-7.56733
7.84254	-0.261947	-7.56802
7.85251	-0.262633	-7.5687
7.86249	-0.26332	-7.56939
7.87247	-0.264008	-7.57008
7.88245	-0.264696	-7.57077
7.89242	-0.265386	-7.57146
7.9024	-0.266077	-7.57215
7.91238	-0.266768	-7.57284
7.92236	-0.267461	-7.57353
7.93233	-0.268155	-7.57422
7.94231	-0.268849	-7.57492
7.95229	-0.269545	-7.57561
7.96227	-0.270241	-7.57631
7.97224	-0.270939	-7.57701
7.98222	-0.271637	-7.57771
7.9922	-0.272337	-7.57841
8.00218	-0.273037	-7.57911
8.01215	-0.273738	-7.57981
8.02213	-0.274441	-7.58051
8.03211	-0.275144	-7.58121
8.04209	-0.275848	-7.58192
8.05206	-0.276554	-7.58262
8.06204	-0.27726	-7.58333
8.07202	-0.277967	-7.58404
8.082	-0.278675	-7.58474
8.09197	-0.279384	-7.58545
8.10195	-0.280094	-7.58616
8.11193	-0.280805	-7.58688
8.12191	-0.281517	-7.58759
8.13188	-0.28223	-7.5883
8.14186	-0.282944	-7.58901
8.15184	-0.283659	-7.58973
8.16182	-0.284375	-7.59045
8.17179	-0.285092	-7.59116
8.18177	-0.28581	-7.59188
8.19175	-0.286529	-7.5926
8.20173	-0.287249	-7.59332
8.2117	-0.287969	-7.59404
8.22168	-0.288691	-7.59476
8.23166	-0.289414	-7.59548
8.24164	-0.290138	-7.59621
8.25161	-0.290862	-7.59693
8.26159	-0.291588	-7.59766
8.27157	-0.292315	-7.59838
8.28155	-0.293042	-7.59911
8.29152	-0.293771	-7.59984
8.3015	-0.294501	-7.60057
8.31148	-0.295231	-7.6013
8.32146	-0.295963	-7.60203
8.33143	-0.296695	-7.60277
8.34141	-0.297429	-7.6035
8.35139	-0.298163	-7.60423
8.36137	-0.298899	-7.60497
8.37134	-0.299635	-7.60571
8.38132	-0.300373	-7.60644
8.3913	-0.301111	-7.60718
8.40128	-0.30185	-7.60792
8.41125	-0.302591	-7.60866
8.42123	-0.303332	-7.6094
8.43121	-0.304075	-7.61014
8.44119	-0.304818	-7.61089
8.45116	-0.305562	-7.61163
8.46114	-0.306307	-7.61238
8.47112	-0.307054	-7.61312
8.4811	-0.307801	-7.61387
8.49107	-0.308549	-7.61462
8.50105	-0.309298	-7.61537
8.51103	-0.310049	-7.61612
8.52101	-0.3108	-7.61687
8.53098	-0.311552	-7.61762
8.54096	-0.312305	-7.61838
8.55094	-0.313059	-7.61913
8.56092	-0.313815	-7.61988
8.57089	-0.314571	-7.62064
8.58087	-0.315328	-7.6214
8.59085	-0.316086	-7.62216
8.60083	-0.316845	-7.62291
8.6108	-0.317605	-7.62368
8.62078	-0.318366	-7.62444
8.63076	-0.319128	-7.6252
8.64074	-0.319891	-7.62596
8.65071	-0.320655	-7.62673
8.66069	-0.321421	-7.62749
8.67067	-0.322187	-7.62826
8.68065	-0.322954	-7.62902
8.69062	-0.323722	-7.62979
8.7006	-0.324491	-7.63056
8.71058	-0.325261	-7.63133
8.72056	-0.326032	-7.6321
8.73053	-0.326804	-7.63287
8.74051	-0.327577	-7.63365
8.75049	-0.328351	-7.63442
8.76047	-0.329126	-7.6352
8.77044	-0.329901	-7.63597
8.78042	-0.330678	-7.63675
8.7904	-0.331456	-7.63753
8.80038	-0.332235	-7.63831
8.81035	-0.333015	-7.63909
8.82033	-0.333796	-7.63987
8.83031	-0.334578	-7.64065
8.84029	-0.335361	-7.64143
8.85026	-0.336145	-7.64221
8.86024	-0.33693	-7.643
8.87022	-0.337716	-7.64379
8.8802	-0.338503	-7.64457
8.89017	-0.339291	-7.64536
8.90015	-0.34008	-7.64615
8.91013	-0.34087	-7.64694
8.92011	-0.34166	-7.64773
8.93008	-0.342452	-7.64852
8.94006	-0.343245	-7.64932
8.95004	-0.344039	-7.65011
8.96002	-0.344834	-7.6509
8.96999	-0.34563	-7.6517
8.97997	-0.346427	-7.6525
8.98995	-0.347225	-7.65329
8.99992	-0.348024	-7.65409
9.0099	-0.348824	-7.65489
9.01988	-0.349625	-7.65569
9.02986	-0.350427	-7.6565
9.03983	-0.35123	-7.6573
9.04981	-0.352033	-7.6581
9.05979	-0.352838	-7.65891
9.06977	-0.353644	-7.65971
9.07974	-0.354451	-7.66052
9.08972	-0.355259	-7.66133
9.0997	-0.356068	-7.66214
9.10968	-0.356878	-7.66295
9.11965	-0.357689	-7.66376
9.12963	-0.358501	-7.66457
9.13961	-0.359314	-7.66538
9.14959	-0.360128	-7.6662
9.15956	-0.360943	-7.66701
9.16954	-0.361759	-7.66783
9.17952	-0.362576	-7.66865
9.1895	-0.363394	-7.66946
9.19947	-0.364213	-7.67028
9.20945	-0.365033	-7.6711
9.21943	-0.365854	-7.67192
9.22941	-0.366676	-7.67275
9.23938	-0.367499	-7.67357
9.24936	-0.368324	-7.67439
9.25934	-0.369149	-7.67522
9.26932	-0.369975	-7.67604
9.27929	-0.370802	-7.67687
9.28927	-0.37163	-7.6777
9.29925	-0.372459	-7.67853
9.30923	-0.373289	-7.67936
9.3192	-0.37412	-7.68019
9.32918	-0.374953	-7.68102
9.33916	-0.375786	-7.68186
9.34914	-0.37662	-7.68269
9.35911	-0.377455	-7.68353
9.36909	-0.378292	-7.68436
9.37907	-0.379129	-7.6852
9.38905	-0.379967	-7.68604
9.39902	-0.380806	-7.68688
9.409	-0.381647	-7.68772
9.41898	-0.382488	-7.68856
9.42896	-0.38333	-7.6894
9.43893	-0.384174	-7.69024
9.44891	-0.385018	-7.69109
9.45889	-0.385863	-7.69193
9.46887	-0.38671	-7.69278
9.47884	-0.387557	-7.69363
9.48882	-0.388406	-7.69448
9.4988	-0.389255	-7.69533
9.50878	-0.390106	-7.69618
9.51875	-0.390957	-7.69703
9.52873	-0.39181	-7.69788
9.53871	-0.392663	-7.69873
9.54869	-0.393518	-7.69959
9.55866	-0.394373	-7.70044
9.56864	-0.39523	-7.7013
9.57862	-0.396088	-7.70216
9.5886	-0.396946	-7.70302
9.59857	-0.397806	-7.70388
9.60855	-0.398667	-7.70474
9.61853	-0.399528	-7.7056
9.62851	-0.400391	-7.70646
9.63848	-0.401255	-7.70732
9.64846	-0.40212	-7.70819
9.65844	-0.402986	-7.70906
9.66842	-0.403852	-7.70992
9.67839	-0.40472	-7.71079
9.68837	-0.405589	-7.71166
9.69835	-0.406459	-7.71253
9.70833	-0.40733	-7.7134
9.7183	-0.408202	-7.71427
9.72828	-0.409075	-7.71514
9.73826	-0.409949	-7.71602
9.74824	-0.410824	-7.71689
9.75821	-0.4117	-7.71777
9.76819	-0.412577	-7.71865
9.77817	-0.413455	-7.71953
9.78815	-0.414335	-7.7204
9.79812	-0.415215	-7.72128
9.8081	-0.416096	-7.72217
9.81808	-0.416978	-7.72305
9.82806	-0.417862	-7.72393
9.83803	-0.418746	-7.72482
9.84801	-0.419631	-7.7257
9.85799	-0.420518	-7.72659
9.86797	-0.421405	-7.72747
9.87794	-0.422294	-7.72836
9.88792	-0.423183	-7.72925
9.8979	-0.424074	-7.73014
9.90788	-0.424965	-7.73104
9.91785	-0.425858	-7.73193
9.92783	-0.426751	-7.73282
9.93781	-0.427646	-7.73372
9.94779	-0.428542	-7.73461
9.95776	-0.429438	-7.73551
9.96774	-0.430336	-7.73641
9.97772	-0.431235	-7.7373
9.9877	-0.432135	-7.7382
9.99767	-0.433036	-7.73911
10.0077	-0.433938	-7.74001
10.0176	-0.434841	-7.74091
10.0276	-0.435745	-7.74181
10.0376	-0.43665	-7.74272
10.0476	-0.437556	-7.74363
10.0575	-0.438463	-7.74453
10.0675	-0.439371	-7.74544
10.0775	-0.44028	-7.74635
10.0875	-0.44119	-7.74726
10.0974	-0.442102	-7.74817
10.1074	-0.443014	-7.74908
10.1174	-0.443927	-7.75
10.1274	-0.444842	-7.75091
10.1374	-0.445757	-7.75183
10.1473	-0.446673	-7.75274
10.1573	-0.447591	-7.75366
10.1673	-0.44851	-7.75458
10.1773	-0.449429	-7.7555
10.1872	-0.45035	-7.75642
10.1972	-0.451271	-7.75734
10.2072	-0.452194	-7.75826
10.2172	-0.453118	-7.75919
10.2272	-0.454043	-7.76011
10.2371	-0.454969	-7.76104
10.2471	-0.455895	-7.76197
10.2571	-0.456823	-7.76289
10.2671	-0.457752	-7.76382
10.277	-0.458682	-7.76475
10.287	-0.459614	-7.76568
10.297	-0.460546	-7.76662
10.307	-0.461479	-7.76755
10.317	-0.462413	-7.76848
10.3269	-0.463348	-7.76942
10.3369	-0.464285	-7.77035
10.3469	-0.465222	-7.77129
10.3569	-0.466161	-7.77223
10.3668	-0.4671	-7.77317
10.3768	-0.468041	-7.77411
10.3868	-0.468982	-7.77505
10.3968	-0.469925	-7.77599
10.4068	-0.470868	-7.77694
10.4167	-0.471813	-7.77788
10.4267	-0.472759	-7.77883
10.4367	-0.473706	-7.77978
10.4467	-0.474654	-7.78072
10.4566	-0.475603	-7.78167
10.4666	-0.476553	-7.78262
10.4766	-0.477504	-7.78357
10.4866	-0.478456	-7.78453
10.4965	-0.479409	-7.78548
10.5065	-0.480363	-7.78643
10.5165	-0.481318	-7.78739
10.5265	-0.482275	-7.78834
10.5365	-0.483232	-7.7893
10.5464	-0.484191	-7.79026
10.5564	-0.48515	-7.79122
10.5664	-0.486111	-7.79218
10.5764	-0.487072	-7.79314
10.5863	-0.488035	-7.7941
10.5963	-0.488999	-7.79507
10.6063	-0.489963	-7.79603
10.6163	-0.490929	-7.797
10.6263	-0.491896	-7.79797
10.6362	-0.492864	-7.79893
10.6462	-0.493833	-7.7999
10.6562	-0.494803	-7.80087
10.6662	-0.495774	-7.80184
10.6761	-0.496746	-7.80282
10.6861	-0.49772	-7.80379
10.6961	-0.498694	-7.80476
10.7061	-0.499669	-7.80574
10.7161	-0.500646	-7.80672
10.726	-0.501623	-7.80769
10.736	-0.502602	-7.80867
10.746	-0.503581	-7.80965
10.756	-0.504562	-7.81063
10.7659	-0.505544	-7.81161
10.7759	-0.506527	-7.8126
10.7859	-0.507511	-7.81358
10.7959	-0.508496	-7.81457
10.8059	-0.509482	-7.81555
10.8158	-0.510469	-7.81654
10.8258	-0.511457	-7.81753
10.8358	-0.512446	-7.81852
10.8458	-0.513436	-7.81951
10.8557	-0.514428	-7.8205
10.8657	-0.51542	-7.82149
10.8757	-0.516413	-7.82248
10.8857	-0.517408	-7.82348
10.8956	-0.518404	-7.82447
10.9056	-0.5194	-7.82547
10.9156	-0.520398	-7.82647
10.9256	-0.521397	-7.82747
10.9356	-0.522397	-7.82847
10.9455	-0.523398	-7.82947
10.9555	-0.5244	-7.83047
10.9655	-0.525403	-7.83147
10.9755	-0.526407	-7.83248
10.9854	-0.527412	-7.83348
10.9954	-0.528419	-7.83449
11.0054	-0.529426	-7.8355
11.0154	-0.530434	-7.8365
11.0254	-0.531444	-7.83751
11.0353	-0.532454	-7.83852
11.0453	-0.533466	-7.83954
11.0553	-0.534479	-7.84055
11.0653	-0.535493	-7.84156
11.0752	-0.536508	-7.84258
11.0852	-0.537524	-7.84359
11.0952	-0.538541	-7.84461
11.1052	-0.539559	-7.84563
11.1152	-0.540578	-7.84665
11.1251	-0.541598	-7.84767
11.1351	-0.54262	-7.84869
11.1451	-0.543642	-7.84971
11.1551	-0.544666	-7.85074
11.165	-0.54569	-7.85176
11.175	-0.546716	-7.85279
11.185	-0.547743	-7.85381
11.195	-0.54877	-7.85484
11.205	-0.549799	-7.85587
11.2149	-0.550829	-7.8569
11.2249	-0.55186	-7.85793
11.2349	-0.552892	-7.85896
11.2449	-0.553926	-7.86
11.2548	-0.55496	-7.86103
11.2648	-0.555995	-7.86207
11.2748	-0.557032	-7.8631
11.2848	-0.558069	-7.86414
11.2947	-0.559108	-7.86518
11.3047	-0.560148	-7.86622
11.3147	-0.561188	-7.86726
11.3247	-0.56223	-7.8683
11.3347	-0.563273	-7.86934
11.3446	-0.564317	-7.87039
11.3546	-0.565362	-7.87143
11.3646	-0.566409	-7.87248
11.3746	-0.567456	-7.87353
11.3845	-0.568504	-7.87457
11.3945	-0.569554	-7.87562
11.4045	-0.570604	-7.87667
11.4145	-0.571656	-7.87773
11.4245	-0.572709	-7.87878
11.4344	-0.573762	-7.87983
11.4444	-0.574817	-7.88089
11.4544	-0.575873	-7.88194
11.4644	-0.57693	-7.883
11.4743	-0.577989	-7.88406
11.4843	-0.579048	-7.88512
11.4943	-0.580108	-7.88618
11.5043	-0.58117	-7.88724
11.5143	-0.582232	-7.8883
11.5242	-0.583296	-7.88937
11.5342	-0.58436	-7.89043
11.5442	-0.585426	-7.8915
11.5542	-0.586493	-7.89256
11.5641	-0.587561	-7.89363
11.5741	-0.58863	-7.8947
11.5841	-0.5897	-7.89577
11.5941	-0.590772	-7.89684
11.6041	-0.591844	-7.89791
11.614	-0.592917	-7.89899
11.624	-0.593992	-7.90006
11.634	-0.595067	-7.90114
11.644	-0.596144	-7.90221
11.6539	-0.597222	-7.90329
11.6639	-0.598301	-7.90437
11.6739	-0.599381	-7.90545
11.6839	-0.600462	-7.90653
11.6938	-0.601544	-7.90761
11.7038	-0.602627	-7.9087
11.7138	-0.603712	-7.90978
11.7238	-0.604797	-7.91087
11.7338	-0.605884	-7.91195
11.7437	-0.606972	-7.91304
11.7537	-0.60806	-7.91413
11.7637	-0.60915	-7.91522
11.7737	-0.610241	-7.91631
11.7836	-0.611333	-7.9174
11.7936	-0.612426	-7.9185
11.8036	-0.613521	-7.91959
11.8136	-0.614616	-7.92069
11.8236	-0.615712	-7.92178
11.8335	-0.61681	-7.92288
11.8435	-0.617909	-7.92398
11.8535	-0.619008	-7.92508
11.8635	-0.620109	-7.92618
11.8734	-0.621211	-7.92728
11.8834	-0.622314	-7.92838
11.8934	-0.623419	-7.92949
11.9034	-0.624524	-7.93059
11.9134	-0.62563	-7.9317
11.9233	-0.626738	-7.93281
11.9333	-0.627846	-7.93392
11.9433	-0.628956	-7.93503
11.9533	-0.630067	-7.93614
11.9632	-0.631179	-7.93725
11.9732	-0.632292	-7.93836
11.9832	-0.633406	-7.93948
11.9932	-0.634521	-7.94059
12.0032	-0.635637	-7.94171
12.0131	-0.636755	-7.94282
12.0231	-0.637873	-7.94394
12.0331	-0.638993	-7.94506
12.0431	-0.640114	-7.94618
12.053	-0.641236	-7.94731
12.063	-0.642359	-7.94843
12.073	-0.643483	-7.94955
12.083	-0.644608	-7.95068
12.0929	-0.645734	-7.9518
12.1029	-0.646862	-7.95293
12.1129	-0.64799	-7.95406
12.1229	-0.64912	-7.95519
12.1329	-0.65025	-7.95632
12.1428	-0.651382	-7.95745
12.1528	-0.652515	-7.95859
12.1628	-0.653649	-7.95972
12.1728	-0.654785	-7.96085
12.1827	-0.655921	-7.96199
12.1927	-0.657058	-7.96313
12.2027	-0.658197	-7.96427
12.2127	-0.659336	-7.96541
12.2227	-0.660477	-7.96655
12.2326	-0.661619	-7.96769
12.2426	-0.662762	-7.96883
12.2526	-0.663906	-7.96998
12.2626	-0.665051	-7.97112
12.2725	-0.666198	-7.97227
12.2825	-0.667345	-7.97341
12.2925	-0.668494	-7.97456
12.3025	-0.669643	-7.97571
12.3125	-0.670794	-7.97686
12.3224	-0.671946	-7.97802
12.3324	-0.673099	-7.97917
12.3424	-0.674253	-7.98032
12.3524	-0.675408	-7.98148
12.3623	-0.676565	-7.98263
12.3723	-0.677722	-7.98379
12.3823	-0.678881	-7.98495
12.3923	-0.680041	-7.98611
12.4023	-0.681201	-7.98727
12.4122	-0.682363	-7.98843
12.4222	-0.683527	-7.9896
12.4322	-0.684691	-7.99076
12.4422	-0.685856	-7.99193
12.4521	-0.687023	-7.99309
12.4621	-0.68819	-7.99426
12.4721	-0.689359	-7.99543
12.4821	-0.690529	-7.9966
12.492	-0.6917	-7.99777
12.502	-0.692872	-7.99894
12.512	-0.694045	-8.00011
12.522	-0.695219	-8.00129
12.532	-0.696395	-8.00246
12.5419	-0.697571	-8.00364
12.5519	-0.698749	-8.00482
12.5619	-0.699928	-8.006
12.5719	-0.701108	-8.00718
12.5818	-0.702289	-8.00836
12.5918	-0.703471	-8.00954
12.6018	-0.704654	-8.01072
12.6118	-0.705839	-8.01191
12.6218	-0.707024	-8.01309
12.6317	-0.708211	-8.01428
12.6417	-0.709399	-8.01547
12.6517	-0.710588	-8.01666
12.6617	-0.711778	-8.01785
12.6716	-0.712969	-8.01904
12.6816	-0.714161	-8.02023
12.6916	-0.715355	-8.02142
12.7016	-0.716549	-8.02262
12.7116	-0.717745	-8.02381
12.7215	-0.718942	-8.02501
12.7315	-0.72014	-8.02621
12.7415	-0.721339	-8.02741
12.7515	-0.722539	-8.02861
12.7614	-0.723741	-8.02981
12.7714	-0.724943	-8.03101
12.7814	-0.726147	-8.03222
12.7914	-0.727352	-8.03342
12.8014	-0.728557	-8.03463
12.8113	-0.729765	-8.03583
12.8213	-0.730973	-8.03704
12.8313	-0.732182	-8.03825
12.8413	-0.733392	-8.03946
12.8512	-0.734604	-8.04067
12.8612	-0.735817	-8.04189
12.8712	-0.737031	-8.0431
12.8812	-0.738246	-8.04432
12.8911	-0.739462	-8.04553
12.9011	-0.740679	-8.04675
12.9111	-0.741897	-8.04797
12.9211	-0.743117	-8.04919
12.9311	-0.744337	-8.05041
12.941	-0.745559	-8.05163
12.951	-0.746782	-8.05285
12.961	-0.748006	-8.05408
12.971	-0.749231	-8.0553
12.9809	-0.750458	-8.05653
12.9909	-0.751685	-8.05776
13.0009	-0.752914	-8.05898
13.0109	-0.754144	-8.06021
13.0209	-0.755375	-8.06144
13.0308	-0.756607	-8.06268
13.0408	-0.75784	-8.06391
13.0508	-0.759074	-8.06514
13.0608	-0.76031	-8.06638
13.0707	-0.761546	-8.06762
13.0807	-0.762784	-8.06885
13.0907	-0.764023	-8.07009
13.1007	-0.765263	-8.07133
13.1107	-0.766504	-8.07257
13.1206	-0.767746	-8.07382
13.1306	-0.76899	-8.07506
13.1406	-0.770234	-8.0763
13.1506	-0.77148	-8.07755
13.1605	-0.772727	-8.0788
13.1705	-0.773975	-8.08004
13.1805	-0.775224	-8.08129
13.1905	-0.776474	-8.08254
13.2005	-0.777726	-8.0838
13.2104	-0.778979	-8.08505
13.2204	-0.780232	-8.0863
13.2304	-0.781487	-8.08756
13.2404	-0.782743	-8.08881
13.2503	-0.784	-8.09007
13.2603	-0.785259	-8.09133
13.2703	-0.786518	-8.09259
13.2803	-0.787779	-8.09385
13.2902	-0.789041	-8.09511
13.3002	-0.790304	-8.09637
13.3102	-0.791568	-8.09764
13.3202	-0.792833	-8.0989
13.3302	-0.794099	-8.10017
13.3401	-0.795367	-8.10144
13.3501	-0.796636	-8.10271
13.3601	-0.797905	-8.10398
13.3701	-0.799176	-8.10525
13.38	-0.800448	-8.10652
13.39	-0.801722	-8.10779
13.4	-0.802996	-8.10907
13.41	-0.804272	-8.11034
13.42	-0.805549	-8.11162
13.4299	-0.806826	-8.1129
13.4399	-0.808105	-8.11418
13.4499	-0.809386	-8.11546
13.4599	-0.810667	-8.11674
13.4698	-0.811949	-8.11802
13.4798	-0.813233	-8.1193
13.4898	-0.814518	-8.12059
13.4998	-0.815804	-8.12187
13.5098	-0.817091	-8.12316
13.5197	-0.818379	-8.12445
13.5297	-0.819669	-8.12574
13.5397	-0.820959	-8.12703
13.5497	-0.822251	-8.12832
13.5596	-0.823544	-8.12961
13.5696	-0.824838	-8.13091
13.5796	-0.826133	-8.1322
13.5896	-0.827429	-8.1335
13.5995	-0.828727	-8.1348
13.6095	-0.830026	-8.1361
13.6195	-0.831325	-8.1374
13.6295	-0.832626	-8.1387
13.6395	-0.833929	-8.14
13.6494	-0.835232	-8.1413
13.6594	-0.836536	-8.14261
13.6694	-0.837842	-8.14391
13.6794	-0.839149	-8.14522
13.6893	-0.840457	-8.14653
13.6993	-0.841766	-8.14784
13.7093	-0.843076	-8.14915
13.7193	-0.844388	-8.15046
13.7293	-0.8457	-8.15177
13.7392	-0.847014	-8.15308
13.7492	-0.848329	-8.1544
13.7592	-0.849645	-8.15571
13.7692	-0.850962	-8.15703
13.7791	-0.85228	-8.15835
13.7891	-0.8536	-8.15967
13.7991	-0.854921	-8.16099
13.8091	-0.856243	-8.16231
13.8191	-0.857566	-8.16364
13.829	-0.85889	-8.16496
13.839	-0.860215	-8.16629
13.849	-0.861542	-8.16761
13.859	-0.862869	-8.16894
13.8689	-0.864198	-8.17027
13.8789	-0.865528	-8.1716
13.8889	-0.86686	-8.17293
13.8989	-0.868192	-8.17426
13.9089	-0.869525	-8.1756
13.9188	-0.87086	-8.17693
13.9288	-0.872196	-8.17827
13.9388	-0.873533	-8.1796
13.9488	-0.874871	-8.18094
13.9587	-0.876211	-8.18228
13.9687	-0.877551	-8.18362
13.9787	-0.878893	-8.18496
13.9887	-0.880236	-8.18631
13.9986	-0.88158	-8.18765
14.0086	-0.882925	-8.18899
14.0186	-0.884271	-8.19034
14.0286	-0.885619	-8.19169
14.0386	-0.886968	-8.19304
14.0485	-0.888317	-8.19439
14.0585	-0.889669	-8.19574
14.0685	-0.891021	-8.19709
14.0785	-0.892374	-8.19844
14.0884	-0.893729	-8.1998
14.0984	-0.895084	-8.20115
14.1084	-0.896441	-8.20251
14.1184	-0.897799	-8.20387
14.1284	-0.899159	-8.20523
14.1383	-0.900519	-8.20659
14.1483	-0.901881	-8.20795
14.1583	-0.903243	-8.20931
14.1683	-0.904607	-8.21068
14.1782	-0.905973	-8.21204
14.1882	-0.907339	-8.21341
14.1982	-0.908706	-8.21478
14.2082	-0.910075	-8.21614
14.2182	-0.911445	-8.21751
14.2281	-0.912816	-8.21889
14.2381	-0.914188	-8.22026
14.2481	-0.915561	-8.22163
14.2581	-0.916936	-8.22301
14.268	-0.918311	-8.22438
14.278	-0.919688	-8.22576
14.288	-0.921066	-8.22714
14.298	-0.922446	-8.22852
14.308	-0.923826	-8.2299
14.3179	-0.925208	-8.23128
14.3279	-0.92659	-8.23266
14.3379	-0.927974	-8.23404
14.3479	-0.929359	-8.23543
14.3578	-0.930746	-8.23682
14.3678	-0.932133	-8.2382
14.3778	-0.933522	-8.23959
14.3878	-0.934912	-8.24098
14.3977	-0.936303	-8.24237
14.4077	-0.937695	-8.24376
14.4177	-0.939088	-8.24516
14.4277	-0.940483	-8.24655
14.4377	-0.941878	-8.24795
14.4476	-0.943275	-8.24935
14.4576	-0.944673	-8.25074
14.4676	-0.946073	-8.25214
14.4776	-0.947473	-8.25354
14.4875	-0.948875	-8.25494
14.4975	-0.950277	-8.25635
14.5075	-0.951681	-8.25775
14.5175	-0.953087	-8.25916
14.5275	-0.954493	-8.26056
14.5374	-0.955901	-8.26197
14.5474	-0.957309	-8.26338
14.5574	-0.958719	-8.26479
14.5674	-0.96013	-8.2662
14.5773	-0.961543	-8.26761
14.5873	-0.962956	-8.26903
14.5973	-0.964371	-8.27044
14.6073	-0.965786	-8.27186
14.6173	-0.967203	-8.27327
14.6272	-0.968622	-8.27469
14.6372	-0.970041	-8.27611
14.6472	-0.971462	-8.27753
14.6572	-0.972883	-8.27895
14.6671	-0.974306	-8.28038
14.6771	-0.97573	-8.2818
14.6871	-0.977156	-8.28323
14.6971	-0.978582	-8.28465
14.7071	-0.98001	-8.28608
14.717	-0.981439	-8.28751
14.727	-0.982869	-8.28894
14.737	-0.9843	-8.29037
14.747	-0.985733	-8.2918
14.7569	-0.987166	-8.29324
14.7669	-0.988601	-8.29467
14.7769	-0.990037	-8.29611
14.7869	-0.991474	-8.29754
14.7968	-0.992913	-8.29898
14.8068	-0.994352	-8.30042
14.8168	-0.995793	-8.30186
14.8268	-0.997235	-8.3033
14.8368	-0.998678	-8.30475
14.8467	-1.00012	-8.30619
14.8567	-1.00157	-8.30764
14.8667	-1.00301	-8.30908
14.8767	-1.00446	-8.31053
14.8866	-1.00591	-8.31198
14.8966	-1.00736	-8.31343
14.9066	-1.00881	-8.31488
14.9166	-1.01027	-8.31634
14.9266	-1.01172	-8.31779
14.9365	-1.01318	-8.31925
14.9465	-1.01463	-8.3207
14.9565	-1.01609	-8.32216
14.9665	-1.01755	-8.32362
14.9764	-1.01901	-8.32508
14.9864	-1.02047	-8.32654
14.9964	-1.02193	-8.328
15.0064	-1.02339	-8.32946
15.0164	-1.02486	-8.33093
15.0263	-1.02632	-8.33239
15.0363	-1.02779	-8.33386
15.0463	-1.02926	-8.33533
15.0563	-1.03073	-8.3368
15.0662	-1.0322	-8.33827
15.0762	-1.03367	-8.33974
15.0862	-1.03514	-8.34121
15.0962	-1.03662	-8.34269
15.1062	-1.03809	-8.34416
15.1161	-1.03957	-8.34564
15.1261	-1.04105	-8.34712
15.1361	-1.04253	-8.3486
15.1461	-1.04401	-8.35008
15.156	-1.04549	-8.35156
15.166	-1.04697	-8.35304
15.176	-1.04846	-8.35453
15.186	-1.04994	-8.35601
15.1959	-1.05143	-8.3575
15.2059	-1.05291	-8.35898
15.2159	-1.0544	-8.36047
15.2259	-1.05589	-8.36196
15.2359	-1.05738	-8.36345
15.2458	-1.05888	-8.36495
15.2558	-1.06037	-8.36644
15.2658	-1.06186	-8.36793
15.2758	-1.06336	-8.36943
15.2857	-1.06486	-8.37093
15.2957	-1.06635	-8.37242
15.3057	-1.06785	-8.37392
15.3157	-1.06935	-8.37542
15.3257	-1.07086	-8.37693
15.3356	-1.07236	-8.37843
15.3456	-1.07386	-8.37993
15.3556	-1.07537	-8.38144
15.3656	-1.07687	-8.38294
15.3755	-1.07838	-8.38445
15.3855	-1.07989	-8.38596
15.3955	-1.0814	-8.38747
15.4055	-1.08291	-8.38898
15.4155	-1.08443	-8.3905
15.4254	-1.08594	-8.39201
15.4354	-1.08745	-8.39352
15.4454	-1.08897	-8.39504
15.4554	-1.09049	-8.39656
15.4653	-1.09201	-8.39808
15.4753	-1.09353	-8.3996
15.4853	-1.09505	-8.40112
15.4953	-1.09657	-8.40264
15.5053	-1.09809	-8.40416
15.5152	-1.09962	-8.40569
15.5252	-1.10114	-8.40721
15.5352	-1.10267	-8.40874
15.5452	-1.1042	-8.41027
15.5551	-1.10573	-8.4118
15.5651	-1.10726	-8.41333
15.5751	-1.10879	-8.41486
15.5851	-1.11032	-8.41639
15.595	-1.11186	-8.41793
15.605	-1.11339	-8.41946
15.615	-1.11493	-8.421
15.625	-1.11647	-8.42254
15.635	-1.11801	-8.42408
15.6449	-1.11955	-8.42562
15.6549	-1.12109	-8.42716
15.6649	-1.12263	-8.4287
15.6749	-1.12418	-8.43025
15.6848	-1.12572	-8.43179
15.6948	-1.12727	-8.43334
15.7048	-1.12882	-8.43489
15.7148	-1.13036	-8.43643
15.7248	-1.13191	-8.43798
15.7347	-1.13347	-8.43954
15.7447	-1.13502	-8.44109
15.7547	-1.13657	-8.44264
15.7647	-1.13813	-8.4442
15.7746	-1.13968	-8.44575
15.7846	-1.14124	-8.44731
15.7946	-1.1428	-8.44887
15.8046	-1.14436	-8.45043
15.8146	-1.14592	-8.45199
15.8245	-1.14748	-8.45355
15.8345	-1.14904	-8.45511
15.8445	-1.15061	-8.45668
15.8545	-1.15217	-8.45824
15.8644	-1.15374	-8.45981
15.8744	-1.15531	-8.46138
15.8844	-1.15688	-8.46295
15.8944	-1.15845	-8.46452
15.9044	-1.16002	-8.46609
15.9143	-1.16159	-8.46766
15.9243	-1.16317	-8.46924
15.9343	-1.16474	-8.47081
15.9443	-1.16632	-8.47239
15.9542	-1.1679	-8.47397
15.9642	-1.16948	-8.47555
15.9742	-1.17106	-8.47713
15.9842	-1.17264	-8.47871
15.9941	-1.17422	-8.48029
16.0041	-1.17581	-8.48188
16.0141	-1.17739	-8.48346
16.0241	-1.17898	-8.48505
16.0341	-1.18057	-8.48664
16.044	-1.18215	-8.48822
16.054	-1.18374	-8.48981
16.064	-1.18534	-8.49141
16.074	-1.18693	-8.493
16.0839	-1.18852	-8.49459
16.0939	-1.19012	-8.49619
16.1039	-1.19171	-8.49778
16.1139	-1.19331	-8.49938
16.1239	-1.19491	-8.50098
16.1338	-1.19651	-8.50258
16.1438	-1.19811	-8.50418
16.1538	-1.19971	-8.50578
16.1638	-1.20132	-8.50739
16.1737	-1.20292	-8.50899
16.1837	-1.20453	-8.5106
16.1937	-1.20613	-8.5122
16.2037	-1.20774	-8.51381
16.2137	-1.20935	-8.51542
16.2236	-1.21096	-8.51703
16.2336	-1.21257	-8.51864
16.2436	-1.21419	-8.52026
16.2536	-1.2158	-8.52187
16.2635	-1.21742	-8.52349
16.2735	-1.21903	-8.5251
16.2835	-1.22065	-8.52672
16.2935	-1.22227	-8.52834
16.3035	-1.22389	-8.52996
16.3134	-1.22551	-8.53158
16.3234	-1.22714	-8.53321
16.3334	-1.22876	-8.53483
16.3434	-1.23039	-8.53646
16.3533	-1.23201	-8.53808
16.3633	-1.23364	-8.53971
16.3733	-1.23527	-8.54134
16.3833	-1.2369	-8.54297
16.3932	-1.23853	-8.5446
16.4032	-1.24016	-8.54623
16.4132	-1.2418	-8.54787
16.4232	-1.24343	-8.5495
16.4332	-1.24507	-8.55114
16.4431	-1.24671	-8.55278
16.4531	-1.24835	-8.55442
16.4631	-1.24999	-8.55606
16.4731	-1.25163	-8.5577
16.483	-1.25327	-8.55934
16.493	-1.25491	-8.56098
16.503	-1.25656	-8.56263
16.513	-1.2582	-8.56427
16.523	-1.25985	-8.56592
16.5329	-1.2615	-8.56757
16.5429	-1.26315	-8.56922
16.5529	-1.2648	-8.57087
16.5629	-1.26645	-8.57252
16.5728	-1.26811	-8.57418
16.5828	-1.26976	-8.57583
16.5928	-1.27142	-8.57749
16.6028	-1.27307	-8.57914
16.6128	-1.27473	-8.5808
16.6227	-1.27639	-8.58246
16.6327	-1.27805	-8.58412
16.6427	-1.27972	-8.58579
16.6527	-1.28138	-8.58745
16.6626	-1.28304	-8.58911
16.6726	-1.28471	-8.59078
16.6826	-1.28638	-8.59245
16.6926	-1.28804	-8.59411
16.7026	-1.28971	-8.59578
16.7125	-1.29138	-8.59745
16.7225	-1.29306	-8.59913
16.7325	-1.29473	-8.6008
16.7425	-1.2964	-8.60247
16.7524	-1.29808	-8.60415
16.7624	-1.29976	-8.60583
16.7724	-1.30143	-8.6075
16.7824	-1.30311	-8.60918
16.7923	-1.30479	-8.61086
16.8023	-1.30648	-8.61255
16.8123	-1.30816	-8.61423
16.8223	-1.30984	-8.61591
16.8323	-1.31153	-8.6176
16.8422	-1.31321	-8.61928
16.8522	-1.3149	-8.62097
16.8622	-1.31659	-8.62266
16.8722	-1.31828	-8.62435
16.8821	-1.31997	-8.62604
16.8921	-1.32167	-8.62774
16.9021	-1.32336	-8.62943
16.9121	-1.32506	-8.63113
16.9221	-1.32675	-8.63282
16.932	-1.32845	-8.63452
16.942	-1.33015	-8.63622
16.952	-1.33185	-8.63792
16.962	-1.33355	-8.63962
16.9719	-1.33525	-8.64132
16.9819	-1.33696	-8.64303
16.9919	-1.33866	-8.64473
17.0019	-1.34037	-8.64644
17.0119	-1.34208	-8.64815
17.0218	-1.34378	-8.64985
17.0318	-1.34549	-8.65156
17.0418	-1.34721	-8.65328
17.0518	-1.34892	-8.65499
17.0617	-1.35063	-8.6567
17.0717	-1.35235	-8.65842
17.0817	-1.35406	-8.66013
17.0917	-1.35578	-8.66185
17.1017	-1.3575	-8.66357
17.1116	-1.35922	-8.66529
17.1216	-1.36094	-8.66701
17.1316	-1.36266	-8.66873
17.1416	-1.36439	-8.67045
17.1515	-1.36611	-8.67218
17.1615	-1.36784	-8.67391
17.1715	-1.36956	-8.67563
17.1815	-1.37129	-8.67736
17.1914	-1.37302	-8.67909
17.2014	-1.37475	-8.68082
17.2114	-1.37648	-8.68255
17.2214	-1.37822	-8.68429
17.2314	-1.37995	-8.68602
17.2413	-1.38169	-8.68776
17.2513	-1.38342	-8.68949
17.2613	-1.38516	-8.69123
17.2713	-1.3869	-8.69297
17.2812	-1.38864	-8.69471
17.2912	-1.39039	-8.69646
17.3012	-1.39213	-8.6982
17.3112	-1.39387	-8.69994
17.3212	-1.39562	-8.70169
17.3311	-1.39737	-8.70344
17.3411	-1.39911	-8.70518
17.3511	-1.40086	-8.70693
17.3611	-1.40261	-8.70868
17.371	-1.40437	-8.71044
17.381	-1.40612	-8.71219
17.391	-1.40787	-8.71394
17.401	-1.40963	-8.7157
17.411	-1.41139	-8.71746
17.4209	-1.41314	-8.71921
17.4309	-1.4149	-8.72097
17.4409	-1.41666	-8.72273
17.4509	-1.41843	-8.7245
17.4608	-1.42019	-8.72626
17.4708	-1.42195	-8.72802
17.4808	-1.42372	-8.72979
17.4908	-1.42548	-8.73155
17.5008	-1.42725	-8.73332
17.5107	-1.42902	-8.73509
17.5207	-1.43079	-8.73686
17.5307	-1.43256	-8.73863
17.5407	-1.43434	-8.74041
17.5506	-1.43611	-8.74218
17.5606	-1.43789	-8.74396
17.5706	-1.43966	-8.74573
17.5806	-1.44144	-8.74751
17.5905	-1.44322	-8.74929
17.6005	-1.445	-8.75107
17.6105	-1.44678	-8.75285
17.6205	-1.44856	-8.75463
17.6305	-1.45035	-8.75642
17.6404	-1.45213	-8.7582
17.6504	-1.45392	-8.75999
17.6604	-1.45571	-8.76178
17.6704	-1.4575	-8.76357
17.6803	-1.45929	-8.76536
17.6903	-1.46108	-8.76715
17.7003	-1.46287	-8.76894
17.7103	-1.46466	-8.77073
17.7203	-1.46646	-8.77253
17.7302	-1.46826	-8.77432
17.7402	-1.47005	-8.77612
17.7502	-1.47185	-8.77792
17.7602	-1.47365	-8.77972
17.7701	-1.47545	-8.78152
17.7801	-1.47726	-8.78333
17.7901	-1.47906	-8.78513
17.8001	-1.48086	-8.78693
17.8101	-1.48267	-8.78874
17.82	-1.48448	-8.79055
17.83	-1.48629	-8.79236
17.84	-1.4881	-8.79417
17.85	-1.48991	-8.79598
17.8599	-1.49172	-8.79779
17.8699	-1.49353	-8.7996
17.8799	-1.49535	-8.80142
17.8899	-1.49716	-8.80323
17.8998	-1.49898	-8.80505
17.9098	-1.5008	-8.80687
17.9198	-1.50262	-8.80869
17.9298	-1.50444	-8.81051
17.9398	-1.50626	-8.81233
17.9497	-1.50809	-8.81416
17.9597	-1.50991	-8.81598
17.9697	-1.51174	-8.81781
17.9797	-1.51357	-8.81964
17.9896	-1.51539	-8.82146
17.9996	-1.51722	-8.82329
18.0096	-1.51905	-8.82512
18.0196	-1.52089	-8.82696
18.0296	-1.52272	-8.82879
18.0395	-1.52455	-8.83062
18.0495	-1.52639	-8.83246
18.0595	-1.52823	-8.8343
18.0695	-1.53007	-8.83614
18.0794	-1.53191	-8.83798
18.0894	-1.53375	-8.83982
18.0994	-1.53559	-8.84166
18.1094	-1.53743	-8.8435
18.1194	-1.53928	-8.84535
18.1293	-1.54112	-8.84719
18.1393	-1.54297	-8.84904
18.1493	-1.54482	-8.85089
18.1593	-1.54667	-8.85274
18.1692	-1.54852	-8.85459
18.1792	-1.55037	-8.85644
18.1892	-1.55222	-8.85829
18.1992	-1.55408	-8.86015
18.2092	-1.55593	-8.862
18.2191	-1.55779	-8.86386
18.2291	-1.55965	-8.86572
18.2391	-1.56151	-8.86758
18.2491	-1.56337	-8.86944
18.259	-1.56523	-8.8713
18.269	-1.56709	-8.87316
18.279	-1.56896	-8.87503
18.289	-1.57082	-8.87689
18.2989	-1.57269	-8.87876
18.3089	-1.57456	-8.88063
18.3189	-1.57643	-8.8825
18.3289	-1.5783	-8.88437
18.3389	-1.58017	-8.88624
18.3488	-1.58204	-8.88811
18.3588	-1.58392	-8.88999
18.3688	-1.58579	-8.89186
18.3788	-1.58767	-8.89374
18.3887	-1.58955	-8.89562
18.3987	-1.59143	-8.8975
18.4087	-1.59331	-8.89938
18.4187	-1.59519	-8.90126
18.4287	-1.59707	-8.90314
18.4386	-1.59896	-8.90503
18.4486	-1.60084	-8.90691
18.4586	-1.60273	-8.9088
18.4686	-1.60462	-8.91069
18.4785	-1.60651	-8.91258
18.4885	-1.6084	-8.91447
18.4985	-1.61029	-8.91636
18.5085	-1.61218	-8.91825
18.5185	-1.61408	-8.92015
18.5284	-1.61597	-8.92204
18.5384	-1.61787	-8.92394
18.5484	-1.61976	-8.92583
18.5584	-1.62166	-8.92773
18.5683	-1.62356	-8.92963
18.5783	-1.62547	-8.93154
18.5883	-1.62737	-8.93344
18.5983	-1.62927	-8.93534
18.6083	-1.63118	-8.93725
18.6182	-1.63308	-8.93915
18.6282	-1.63499	-8.94106
18.6382	-1.6369	-8.94297
18.6482	-1.63881	-8.94488
18.6581	-1.64072	-8.94679
18.6681	-1.64264	-8.94871
18.6781	-1.64455	-8.95062
18.6881	-1.64646	-8.95253
18.698	-1.64838	-8.95445
18.708	-1.6503	-8.95637
18.718	-1.65222	-8.95829
18.728	-1.65414	-8.96021
18.738	-1.65606	-8.96213
18.7479	-1.65798	-8.96405
18.7579	-1.65991	-8.96598
18.7679	-1.66183	-8.9679
18.7779	-1.66376	-8.96983
18.7878	-1.66568	-8.97175
18.7978	-1.66761	-8.97368
18.8078	-1.66954	-8.97561
18.8178	-1.67147	-8.97754
18.8278	-1.67341	-8.97948
18.8377	-1.67534	-8.98141
18.8477	-1.67728	-8.98335
18.8577	-1.67921	-8.98528
18.8677	-1.68115	-8.98722
18.8776	-1.68309	-8.98916
18.8876	-1.68503	-8.9911
18.8976	-1.68697	-8.99304
18.9076	-1.68891	-8.99498
18.9176	-1.69086	-8.99693
18.9275	-1.6928	-8.99887
18.9375	-1.69475	-9.00082
18.9475	-1.69669	-9.00276
18.9575	-1.69864	-9.00471
18.9674	-1.70059	-9.00666
18.9774	-1.70254	-9.00861
18.9874	-1.7045	-9.01057
18.9974	-1.70645	-9.01252
19.0074	-1.7084	-9.01447
19.0173	-1.71036	-9.01643
19.0273	-1.71232	-9.01839
19.0373	-1.71428	-9.02035
19.0473	-1.71624	-9.02231
19.0572	-1.7182	-9.02427
19.0672	-1.72016	-9.02623
19.0772	-1.72212	-9.02819
19.0872	-1.72409	-9.03016
19.0971	-1.72605	-9.03212
19.1071	-1.72802	-9.03409
19.1171	-1.72999	-9.03606
19.1271	-1.73196	-9.03803
19.1371	-1.73393	-9.04
19.147	-1.7359	-9.04197
19.157	-1.73787	-9.04394
19.167	-1.73985	-9.04592
19.177	-1.74183	-9.0479
19.1869	-1.7438	-9.04987
19.1969	-1.74578	-9.05185
19.2069	-1.74776	-9.05383
19.2169	-1.74974	-9.05581
19.2269	-1.75172	-9.05779
19.2368	-1.75371	-9.05978
19.2468	-1.75569	-9.06176
19.2568	-1.75768	-9.06375
19.2668	-1.75966	-9.06573
19.2767	-1.76165	-9.06772
19.2867	-1.76364	-9.06971
19.2967	-1.76563	-9.0717
19.3067	-1.76762	-9.07369
19.3167	-1.76962	-9.07569
19.3266	-1.77161	-9.07768
19.3366	-1.77361	-9.07968
19.3466	-1.7756	-9.08167
19.3566	-1.7776	-9.08367
19.3665	-1.7796	-9.08567
19.3765	-1.7816	-9.08767
19.3865	-1.7836	-9.08967
19.3965	-1.78561	-9.09168
19.4065	-1.78761	-9.09368
19.4164	-1.78962	-9.09569
19.4264	-1.79162	-9.09769
19.4364	-1.79363	-9.0997
19.4464	-1.79564	-9.10171
19.4563	-1.79765	-9.10372
19.4663	-1.79966	-9.10573
19.4763	-1.80168	-9.10775
19.4863	-1.80369	-9.10976
19.4962	-1.80571	-9.11178
19.5062	-1.80772	-9.11379
19.5162	-1.80974	-9.11581
19.5262	-1.81176	-9.11783
19.5362	-1.81378	-9.11985
19.5461	-1.8158	-9.12187
19.5561	-1.81782	-9.12389
19.5661	-1.81985	-9.12592
19.5761	-1.82187	-9.12794
19.586	-1.8239	-9.12997
19.596	-1.82593	-9.132
19.606	-1.82796	-9.13403
19.616	-1.82999	-9.13606
19.626	-1.83202	-9.13809
19.6359	-1.83405	-9.14012
19.6459	-1.83608	-9.14215
19.6559	-1.83812	-9.14419
19.6659	-1.84016	-9.14623
19.6758	-1.84219	-9.14826
19.6858	-1.84423	-9.1503
19.6958	-1.84627	-9.15234
19.7058	-1.84831	-9.15438
19.7158	-1.85036	-9.15643
19.7257	-1.8524	-9.15847
19.7357	-1.85445	-9.16051
19.7457	-1.85649	-9.16256
19.7557	-1.85854	-9.16461
19.7656	-1.86059	-9.16666
19.7756	-1.86264	-9.16871
19.7856	-1.86469	-9.17076
19.7956	-1.86674	-9.17281
19.8056	-1.86879	-9.17486
19.8155	-1.87085	-9.17692
19.8255	-1.87291	-9.17898
19.8355	-1.87496	-9.18103
19.8455	-1.87702	-9.18309
19.8554	-1.87908	-9.18515
19.8654	-1.88114	-9.18721
19.8754	-1.8832	-9.18927
19.8854	-1.88527	-9.19134
19.8953	-1.88733	-9.1934
19.9053	-1.8894	-9.19547
19.9153	-1.89147	-9.19754
19.9253	-1.89353	-9.1996
19.9353	-1.8956	-9.20167
19.9452	-1.89767	-9.20374
19.9552	-1.89975	-9.20582
19.9652	-1.90182	-9.20789
19.9752	-1.90389	-9.20996
19.9851	-1.90597	-9.21204
19.9951	-1.90805	-9.21412
20.0051	-1.91013	-9.2162
20.0151	-1.91221	-9.21828
20.0251	-1.91429	-9.22036
20.035	-1.91637	-9.22244
20.045	-1.91845	-9.22452
20.055	-1.92054	-9.22661
20.065	-1.92262	-9.22869
20.0749	-1.92471	-9.23078
20.0849	-1.9268	-9.23287
20.0949	-1.92889	-9.23496
20.1049	-1.93098	-9.23705
20.1149	-1.93307	-9.23914
20.1248	-1.93516	-9.24123
20.1348	-1.93726	-9.24333
20.1448	-1.93935	-9.24542
20.1548	-1.94145	-9.24752
20.1647	-1.94355	-9.24962
20.1747	-1.94564	-9.25171
20.1847	-1.94774	-9.25381
20.1947	-1.94985	-9.25592
20.2047	-1.95195	-9.25802
20.2146	-1.95405	-9.26012
20.2246	-1.95616	-9.26223
20.2346	-1.95827	-9.26434
20.2446	-1.96037	-9.26644
20.2545	-1.96248	-9.26855
20.2645	-1.96459	-9.27066
20.2745	-1.9667	-9.27277
20.2845	-1.96882	-9.27489
20.2944	-1.97093	-9.277
20.3044	-1.97305	-9.27912
20.3144	-1.97516	-9.28123
20.3244	-1.97728	-9.28335
20.3344	-1.9794	-9.28547
20.3443	-1.98152	-9.28759
20.3543	-1.98364	-9.28971
20.3643	-1.98576	-9.29183
20.3743	-1.98789	-9.29396
20.3842	-1.99001	-9.29608
20.3942	-1.99214	-9.29821
20.4042	-1.99426	-9.30033
20.4142	-1.99639	-9.30246
20.4242	-1.99852	-9.30459
20.4341	-2.00065	-9.30672
20.4441	-2.00279	-9.30886
20.4541	-2.00492	-9.31099
20.4641	-2.00705	-9.31312
20.474	-2.00919	-9.31526
20.484	-2.01133	-9.3174
20.494	-2.01346	-9.31953
20.504	-2.0156	-9.32167
20.514	-2.01775	-9.32382
20.5239	-2.01989	-9.32596
20.5339	-2.02203	-9.3281
20.5439	-2.02418	-9.33024
20.5539	-2.02632	-9.33239
20.5638	-2.02847	-9.33454
20.5738	-2.03062	-9.33669
20.5838	-2.03277	-9.33884
20.5938	-2.03492	-9.34099
20.6038	-2.03707	-9.34314
20.6137	-2.03922	-9.34529
20.6237	-2.04137	-9.34744
20.6337	-2.04353	-9.3496
20.6437	-2.04569	-9.35176
20.6536	-2.04784	-9.35391
20.6636	-2.05	-9.35607
20.6736	-2.05216	-9.35823
20.6836	-2.05433	-9.3604
20.6935	-2.05649	-9.36256
20.7035	-2.05865	-9.36472
20.7135	-2.06082	-9.36689
20.7235	-2.06298	-9.36905
20.7335	-2.06515	-9.37122
20.7434	-2.06732	-9.37339
20.7534	-2.06949	-9.37556
20.7634	-2.07166	-9.37773
20.7734	-2.07384	-9.3799
20.7833	-2.07601	-9.38208
20.7933	-2.07818	-9.38425
20.8033	-2.08036	-9.38643
20.8133	-2.08254	-9.38861
20.8233	-2.08472	-9.39079
20.8332	-2.0869	-9.39297
20.8432	-2.08908	-9.39515
20.8532	-2.09126	-9.39733
20.8632	-2.09344	-9.39951
20.8731	-2.09563	-9.4017
20.8831	-2.09781	-9.40388
20.8931	-2.1	-9.40607
20.9031	-2.10219	-9.40826
20.9131	-2.10438	-9.41045
20.923	-2.10657	-9.41264
20.933	-2.10876	-9.41483
20.943	-2.11095	-9.41702
20.953	-2.11315	-9.41922
20.9629	-2.11534	-9.42141
20.9729	-2.11754	-9.42361
20.9829	-2.11974	-9.42581
20.9929	-2.12194	-9.42801
21.0029	-2.12414	-9.43021
21.0128	-2.12634	-9.43241
21.0228	-2.12854	-9.43461
21.0328	-2.13075	-9.43682
21.0428	-2.13295	-9.43902
21.0527	-2.13516	-9.44123
21.0627	-2.13737	-9.44344
21.0727	-2.13958	-9.44565
21.0827	-2.14179	-9.44786
21.0926	-2.144	-9.45007
21.1026	-2.14621	-9.45228
21.1126	-2.14842	-9.45449
21.1226	-2.15064	-9.45671
21.1326	-2.15286	-9.45893
21.1425	-2.15507	-9.46114
21.1525	-2.15729	-9.46336
21.1625	-2.15951	-9.46558
21.1725	-2.16173	-9.4678
21.1824	-2.16396	-9.47003
21.1924	-2.16618	-9.47225
21.2024	-2.1684	-9.47447
21.2124	-2.17063	-9.4767
21.2224	-2.17286	-9.47893
21.2323	-2.17509	-9.48116
21.2423	-2.17732	-9.48339
21.2523	-2.17955	-9.48562
21.2623	-2.18178	-9.48785
21.2722	-2.18401	-9.49008
21.2822	-2.18625	-9.49232
21.2922	-2.18848	-9.49455
21.3022	-2.19072	-9.49679
21.3122	-2.19296	-9.49903
21.3221	-2.1952	-9.50127
21.3321	-2.19744	-9.50351
21.3421	-2.19968	-9.50575
21.3521	-2.20192	-9.50799
21.362	-2.20416	-9.51023
21.372	-2.20641	-9.51248
21.382	-2.20866	-9.51473
21.392	-2.2109	-9.51697
21.402	-2.21315	-9.51922
21.4119	-2.2154	-9.52147
21.4219	-2.21765	-9.52372
21.4319	-2.21991	-9.52598
21.4419	-2.22216	-9.52823
21.4518	-2.22442	-9.53048
21.4618	-2.22667	-9.53274
21.4718	-2.22893	-9.535
21.4818	-2.23119	-9.53726
21.4917	-2.23345	-9.53952
21.5017	-2.23571	-9.54178
21.5117	-2.23797	-9.54404
21.5217	-2.24023	-9.5463
21.5317	-2.2425	-9.54857
21.5416	-2.24476	-9.55083
21.5516	-2.24703	-9.5531
21.5616	-2.2493	-9.55537
21.5716	-2.25157	-9.55764
21.5815	-2.25384	-9.55991
21.5915	-2.25611	-9.56218
21.6015	-2.25838	-9.56445
21.6115	-2.26066	-9.56673
21.6215	-2.26293	-9.569
21.6314	-2.26521	-9.57128
21.6414	-2.26749	-9.57356
21.6514	-2.26977	-9.57584
21.6614	-2.27205	-9.57812
21.6713	-2.27433	-9.5804
21.6813	-2.27661	-9.58268
21.6913	-2.27889	-9.58496
21.7013	-2.28118	-9.58725
21.7113	-2.28346	-9.58953
21.7212	-2.28575	-9.59182
21.7312	-2.28804	-9.59411
21.7412	-2.29033	-9.5964
21.7512	-2.29262	-9.59869
21.7611	-2.29491	-9.60098
21.7711	-2.29721	-9.60328
21.7811	-2.2995	-9.60557
21.7911	-2.3018	-9.60787
21.8011	-2.30409	-9.61016
21.811	-2.30639	-9.61246
21.821	-2.30869	-9.61476
21.831	-2.31099	-9.61706
21.841	-2.31329	-9.61936
21.8509	-2.3156	-9.62167
21.8609	-2.3179	-9.62397
21.8709	-2.3202	-9.62627
21.8809	-2.32251	-9.62858
21.8908	-2.32482	-9.63089
21.9008	-2.32713	-9.6332
21.9108	-2.32944	-9.63551
21.9208	-2.33175	-9.63782
21.9308	-2.33406	-9.64013
21.9407	-2.33637	-9.64244
21.9507	-2.33869	-9.64476
21.9607	-2.34101	-9.64708
21.9707	-2.34332	-9.64939
21.9806	-2.34564	-9.65171
21.9906	-2.34796	-9.65403
22.0006	-2.35028	-9.65635
22.0106	-2.3526	-9.65867
22.0206	-2.35493	-9.661
22.0305	-2.35725	-9.66332
22.0405	-2.35958	-9.66565
22.0505	-2.3619	-9.66797
22.0605	-2.36423	-9.6703
22.0704	-2.36656	-9.67263
22.0804	-2.36889	-9.67496
22.0904	-2.37122	-9.67729
22.1004	-2.37355	-9.67962
22.1104	-2.37589	-9.68196
22.1203	-2.37822	-9.68429
22.1303	-2.38056	-9.68663
22.1403	-2.3829	-9.68897
22.1503	-2.38523	-9.6913
22.1602	-2.38757	-9.69364
22.1702	-2.38991	-9.69598
22.1802	-2.39226	-9.69833
22.1902	-2.3946	-9.70067
22.2002	-2.39694	-9.70301
22.2101	-2.39929	-9.70536
22.2201	-2.40164	-9.70771
22.2301	-2.40398	-9.71005
22.2401	-2.40633	-9.7124
22.25	-2.40868	-9.71475
22.26	-2.41104	-9.71711
22.27	-2.41339	-9.71946
22.28	-2.41574	-9.72181
22.2899	-2.4181	-9.72417
22.2999	-2.42045	-9.72652
22.3099	-2.42281	-9.72888
22.3199	-2.42517	-9.73124
22.3299	-2.42753	-9.7336
22.3398	-2.42989	-9.73596
22.3498	-2.43225	-9.73832
22.3598	-2.43462	-9.74069
22.3698	-2.43698	-9.74305
22.3797	-2.43935	-9.74542
22.3897	-2.44171	-9.74778
22.3997	-2.44408	-9.75015
22.4097	-2.44645	-9.75252
22.4197	-2.44882	-9.75489
22.4296	-2.45119	-9.75726
22.4396	-2.45357	-9.75963
22.4496	-2.45594	-9.76201
22.4596	-2.45831	-9.76438
22.4695	-2.46069	-9.76676
22.4795	-2.46307	-9.76914
22.4895	-2.46545	-9.77152
22.4995	-2.46783	-9.7739
22.5095	-2.47021	-9.77628
22.5194	-2.47259	-9.77866
22.5294	-2.47497	-9.78104
22.5394	-2.47736	-9.78343
22.5494	-2.47974	-9.78581
22.5593	-2.48213	-9.7882
22.5693	-2.48452	-9.79059
22.5793	-2.48691	-9.79298
22.5893	-2.4893	-9.79537
22.5992	-2.49169	-9.79776
22.6092	-2.49408	-9.80015
22.6192	-2.49648	-9.80254
22.6292	-2.49887	-9.80494
22.6392	-2.50127	-9.80734
22.6491	-2.50366	-9.80973
22.6591	-2.50606	-9.81213
22.6691	-2.50846	-9.81453
22.6791	-2.51086	-9.81693
22.689	-2.51326	-9.81933
22.699	-2.51567	-9.82174
22.709	-2.51807	-9.82414
22.719	-2.52048	-9.82655
22.729	-2.52288	-9.82895
22.7389	-2.52529	-9.83136
22.7489	-2.5277	-9.83377
22.7589	-2.53011	-9.83618
22.7689	-2.53252	-9.83859
22.7788	-2.53494	-9.84101
22.7888	-2.53735	-9.84342
22.7988	-2.53976	-9.84583
22.8088	-2.54218	-9.84825
22.8188	-2.5446	-9.85067
22.8287	-2.54702	-9.85309
22.8387	-2.54943	-9.8555
22.8487	-2.55186	-9.85793
22.8587	-2.55428	-9.86035
22.8686	-2.5567	-9.86277
22.8786	-2.55912	-9.86519
22.8886	-2.56155	-9.86762
22.8986	-2.56398	-9.87005
22.9086	-2.5664	-9.87247
22.9185	-2.56883	-9.8749
22.9285	-2.57126	-9.87733
22.9385	-2.57369	-9.87976
22.9485	-2.57613	-9.8822
22.9584	-2.57856	-9.88463
22.9684	-2.58099	-9.88706
22.9784	-2.58343	-9.8895
22.9884	-2.58587	-9.89194
22.9983	-2.5883	-9.89437
23.0083	-2.59074	-9.89681
23.0183	-2.59318	-9.89925
23.0283	-2.59563	-9.9017
23.0383	-2.59807	-9.90414
23.0482	-2.60051	-9.90658
23.0582	-2.60296	-9.90903
23.0682	-2.6054	-9.91147
23.0782	-2.60785	-9.91392
23.0881	-2.6103	-9.91637
23.0981	-2.61275	-9.91882
23.1081	-2.6152	-9.92127
23.1181	-2.61765	-9.92372
23.1281	-2.6201	-9.92617
23.138	-2.62256	-9.92863
23.148	-2.62501	-9.93108
23.158	-2.62747	-9.93354
23.168	-2.62993	-9.936
23.1779	-2.63239	-9.93846
23.1879	-2.63485	-9.94092
23.1979	-2.63731	-9.94338
23.2079	-2.63977	-9.94584
23.2179	-2.64223	-9.9483
23.2278	-2.6447	-9.95077
23.2378	-2.64716	-9.95323
23.2478	-2.64963	-9.9557
23.2578	-2.6521	-9.95817
23.2677	-2.65457	-9.96064
23.2777	-2.65704	-9.96311
23.2877	-2.65951	-9.96558
23.2977	-2.66198	-9.96805
23.3077	-2.66446	-9.97053
23.3176	-2.66693	-9.973
23.3276	-2.66941	-9.97548
23.3376	-2.67188	-9.97795
23.3476	-2.67436	-9.98043
23.3575	-2.67684	-9.98291
23.3675	-2.67932	-9.98539
23.3775	-2.6818	-9.98787
23.3875	-2.68429	-9.99036
23.3974	-2.68677	-9.99284
23.4074	-2.68926	-9.99533
23.4174	-2.69174	-9.99781
23.4274	-2.69423	-10.0003
23.4374	-2.69672	-10.0028
23.4473	-2.69921	-10.0053
23.4573	-2.7017	-10.0078
23.4673	-2.70419	-10.0103
23.4773	-2.70668	-10.0128
23.4872	-2.70918	-10.0152
23.4972	-2.71167	-10.0177
23.5072	-2.71417	-10.0202
23.5172	-2.71667	-10.0227
23.5272	-2.71917	-10.0252
23.5371	-2.72167	-10.0277
23.5471	-2.72417	-10.0302
23.5571	-2.72667	-10.0327
23.5671	-2.72917	-10.0352
23.577	-2.73168	-10.0377
23.587	-2.73418	-10.0403
23.597	-2.73669	-10.0428
23.607	-2.7392	-10.0453
23.617	-2.74171	-10.0478
23.6269	-2.74422	-10.0503
23.6369	-2.74673	-10.0528
23.6469	-2.74924	-10.0553
23.6569	-2.75175	-10.0578
23.6668	-2.75427	-10.0603
23.6768	-2.75678	-10.0629
23.6868	-2.7593	-10.0654
23.6968	-2.76182	-10.0679
23.7068	-2.76434	-10.0704
23.7167	-2.76686	-10.0729
23.7267	-2.76938	-10.0754
23.7367	-2.7719	-10.078
23.7467	-2.77443	-10.0805
23.7566	-2.77695	-10.083
23.7666	-2.77948	-10.0855
23.7766	-2.782	-10.0881
23.7866	-2.78453	-10.0906
23.7965	-2.78706	-10.0931
23.8065	-2.78959	-10.0957
23.8165	-2.79212	-10.0982
23.8265	-2.79466	-10.1007
23.8365	-2.79719	-10.1033
23.8464	-2.79972	-10.1058
23.8564	-2.80226	-10.1083
23.8664	-2.8048	-10.1109
23.8764	-2.80734	-10.1134
23.8863	-2.80987	-10.1159
23.8963	-2.81242	-10.1185
23.9063	-2.81496	-10.121
23.9163	-2.8175	-10.1236
23.9263	-2.82004	-10.1261
23.9362	-2.82259	-10.1287
23.9462	-2.82513	-10.1312
23.9562	-2.82768	-10.1338
23.9662	-2.83023	-10.1363
23.9761	-2.83278	-10.1388
23.9861	-2.83533	-10.1414
23.9961	-2.83788	-10.144
24.0061	-2.84043	-10.1465
24.0161	-2.84299	-10.1491
24.026	-2.84554	-10.1516
24.036	-2.8481	-10.1542
24.046	-2.85066	-10.1567
24.056	-2.85322	-10.1593
24.0659	-2.85578	-10.1618
24.0759	-2.85834	-10.1644
24.0859	-2.8609	-10.167
24.0959	-2.86346	-10.1695
24.1059	-2.86602	-10.1721
24.1158	-2.86859	-10.1747
24.1258	-2.87116	-10.1772
24.1358	-2.87372	-10.1798
24.1458	-2.87629	-10.1824
24.1557	-2.87886	-10.1849
24.1657	-2.88143	-10.1875
24.1757	-2.884	-10.1901
24.1857	-2.88658	-10.1926
24.1956	-2.88915	-10.1952
24.2056	-2.89172	-10.1978
24.2156	-2.8943	-10.2004
24.2256	-2.89688	-10.2029
24.2356	-2.89946	-10.2055
24.2455	-2.90204	-10.2081
24.2555	-2.90462	-10.2107
24.2655	-2.9072	-10.2133
24.2755	-2.90978	-10.2159
24.2854	-2.91236	-10.2184
24.2954	-2.91495	-10.221
24.3054	-2.91754	-10.2236
24.3154	-2.92012	-10.2262
24.3254	-2.92271	-10.2288
24.3353	-2.9253	-10.2314
24.3453	-2.92789	-10.234
24.3553	-2.93048	-10.2366
24.3653	-2.93308	-10.2391
24.3752	-2.93567	-10.2417
24.3852	-2.93826	-10.2443
24.3952	-2.94086	-10.2469
24.4052	-2.94346	-10.2495
24.4152	-2.94606	-10.2521
24.4251	-2.94865	-10.2547
24.4351	-2.95125	-10.2573
24.4451	-2.95386	-10.2599
24.4551	-2.95646	-10.2625
24.465	-2.95906	-10.2651
24.475	-2.96167	-10.2677
24.485	-2.96427	-10.2703
24.495	-2.96688	-10.2729
24.505	-2.96949	-10.2756
24.5149	-2.9721	-10.2782
24.5249	-2.97471	-10.2808
24.5349	-2.97732	-10.2834
24.5449	-2.97993	-10.286
24.5548	-2.98254	-10.2886
24.5648	-2.98516	-10.2912
24.5748	-2.98777	-10.2938
24.5848	-2.99039	-10.2965
24.5947	-2.99301	-10.2991
24.6047	-2.99563	-10.3017
24.6147	-2.99825	-10.3043
24.6247	-3.00087	-10.3069
24.6347	-3.00349	-10.3096
24.6446	-3.00611	-10.3122
24.6546	-3.00874	-10.3148
24.6646	-3.01136	-10.3174
24.6746	-3.01399	-10.3201
24.6845	-3.01662	-10.3227
24.6945	-3.01925	-10.3253
24.7045	-3.02188	-10.3279
24.7145	-3.02451	-10.3306
24.7245	-3.02714	-10.3332
24.7344	-3.02977	-10.3358
24.7444	-3.03241	-10.3385
24.7544	-3.03504	-10.3411
24.7644	-3.03768	-10.3437
24.7743	-3.04032	-10.3464
24.7843	-3.04295	-10.349
24.7943	-3.04559	-10.3517
24.8043	-3.04823	-10.3543
24.8143	-3.05088	-10.3569
24.8242	-3.05352	-10.3596
24.8342	-3.05616	-10.3622
24.8442	-3.05881	-10.3649
24.8542	-3.06145	-10.3675
24.8641	-3.0641	-10.3702
24.8741	-3.06675	-10.3728
24.8841	-3.0694	-10.3755
24.8941	-3.07205	-10.3781
24.9041	-3.0747	-10.3808
24.914	-3.07735	-10.3834
24.924	-3.08	-10.3861
24.934	-3.08266	-10.3887
24.944	-3.08531	-10.3914
24.9539	-3.08797	-10.394
24.9639	-3.09063	-10.3967
24.9739	-3.09329	-10.3994
24.9839	-3.09595	-10.402
24.9938	-3.09861	-10.4047
25.0038	-3.10127	-10.4073
25.0138	-3.10393	-10.41
25.0238	-3.1066	-10.4127
25.0338	-3.10926	-10.4153
25.0437	-3.11193	-10.418
25.0537	-3.1146	-10.4207
25.0637	-3.11727	-10.4233
25.0737	-3.11993	-10.426
25.0836	-3.12261	-10.4287
25.0936	-3.12528	-10.4313
25.1036	-3.12795	-10.434
25.1136	-3.13062	-10.4367
25.1236	-3.1333	-10.4394
25.1335	-3.13597	-10.442
25.1435	-3.13865	-10.4447
25.1535	-3.14133	-10.4474
25.1635	-3.14401	-10.4501
25.1734	-3.14669	-10.4528
25.1834	-3.14937	-10.4554
25.1934	-3.15205	-10.4581
25.2034	-3.15473	-10.4608
25.2134	-3.15742	-10.4635
25.2233	-3.1601	-10.4662
25.2333	-3.16279	-10.4689
25.2433	-3.16548	-10.4715
25.2533	-3.16817	-10.4742
25.2632	-3.17086	-10.4769
25.2732	-3.17355	-10.4796
25.2832	-3.17624	-10.4823
25.2932	-3.17893	-10.485
25.3032	-3.18162	-10.4877
25.3131	-3.18432	-10.4904
25.3231	-3.18702	-10.4931
25.3331	-3.18971	-10.4958
25.3431	-3.19241	-10.4985
25.353	-3.19511	-10.5012
25.363	-3.19781	-10.5039
25.373	-3.20051	-10.5066
25.383	-3.20321	-10.5093
25.3929	-3.20592	-10.512
25.4029	-3.20862	-10.5147
25.4129	-3.21133	-10.5174
25.4229	-3.21403	-10.5201
25.4329	-3.21674	-10.5228
25.4428	-3.21945	-10.5255
25.4528	-3.22216	-10.5282
25.4628	-3.22487	-10.5309
25.4728	-3.22758	-10.5337
25.4827	-3.23029	-10.5364
25.4927	-3.23301	-10.5391
25.5027	-3.23572	-10.5418
25.5127	-3.23844	-10.5445
25.5227	-3.24115	-10.5472
25.5326	-3.24387	-10.5499
25.5426	-3.24659	-10.5527
25.5526	-3.24931	-10.5554
25.5626	-3.25203	-10.5581
25.5725	-3.25475	-10.5608
25.5825	-3.25748	-10.5635
25.5925	-3.2602	-10.5663
25.6025	-3.26293	-10.569
25.6125	-3.26565	-10.5717
25.6224	-3.26838	-10.5744
25.6324	-3.27111	-10.5772
25.6424	-3.27384	-10.5799
25.6524	-3.27657	-10.5826
25.6623	-3.2793	-10.5854
25.6723	-3.28203	-10.5881
25.6823	-3.28476	-10.5908
25.6923	-3.2875	-10.5936
25.7023	-3.29023	-10.5963
25.7122	-3.29297	-10.599
25.7222	-3.29571	-10.6018
25.7322	-3.29845	-10.6045
25.7422	-3.30119	-10.6073
25.7521	-3.30393	-10.61
25.7621	-3.30667	-10.6127
25.7721	-3.30941	-10.6155
25.7821	-3.31215	-10.6182
25.792	-3.3149	-10.621
25.802	-3.31765	-10.6237
25.812	-3.32039	-10.6265
25.822	-3.32314	-10.6292
25.832	-3.32589	-10.632
25.8419	-3.32864	-10.6347
25.8519	-3.33139	-10.6375
25.8619	-3.33414	-10.6402
25.8719	-3.33689	-10.643
25.8818	-3.33965	-10.6457
25.8918	-3.3424	-10.6485
25.9018	-3.34516	-10.6512
25.9118	-3.34792	-10.654
25.9218	-3.35067	-10.6567
25.9317	-3.35343	-10.6595
25.9417	-3.35619	-10.6623
25.9517	-3.35895	-10.665
25.9617	-3.36172	-10.6678
25.9716	-3.36448	-10.6705
25.9816	-3.36724	-10.6733
25.9916	-3.37001	-10.6761
26.0016	-3.37277	-10.6788
26.0116	-3.37554	-10.6816
26.0215	-3.37831	-10.6844
26.0315	-3.38108	-10.6871
26.0415	-3.38385	-10.6899
26.0515	-3.38662	-10.6927
26.0614	-3.38939	-10.6955
26.0714	-3.39217	-10.6982
26.0814	-3.39494	-10.701
26.0914	-3.39772	-10.7038
26.1014	-3.40049	-10.7066
26.1113	-3.40327	-10.7093
26.1213	-3.40605	-10.7121
26.1313	-3.40883	-10.7149
26.1413	-3.41161	-10.7177
26.1512	-3.41439	-10.7205
26.1612	-3.41717	-10.7232
26.1712	-3.41995	-10.726
26.1812	-3.42274	-10.7288
26.1911	-3.42552	-10.7316
26.2011	-3.42831	-10.7344
26.2111	-3.4311	-10.7372
26.2211	-3.43388	-10.74
26.2311	-3.43667	-10.7427
26.241	-3.43946	-10.7455
26.251	-3.44226	-10.7483
26.261	-3.44505	-10.7511
26.271	-3.44784	-10.7539
26.2809	-3.45064	-10.7567
26.2909	-3.45343	-10.7595
26.3009	-3.45623	-10.7623
26.3109	-3.45902	-10.7651
26.3209	-3.46182	-10.7679
26.3308	-3.46462	-10.7707
26.3408	-3.46742	-10.7735
26.3508	-3.47022	-10.7763
26.3608	-3.47303	-10.7791
26.3707	-3.47583	-10.7819
26.3807	-3.47863	-10.7847
26.3907	-3.48144	-10.7875
26.4007	-3.48424	-10.7903
26.4107	-3.48705	-10.7931
26.4206	-3.48986	-10.7959
26.4306	-3.49267	-10.7987
26.4406	-3.49548	-10.8015
26.4506	-3.49829	-10.8044
26.4605	-3.5011	-10.8072
26.4705	-3.50392	-10.81
26.4805	-3.50673	-10.8128
26.4905	-3.50954	-10.8156
26.5005	-3.51236	-10.8184
26.5104	-3.51518	-10.8212
26.5204	-3.518	-10.8241
26.5304	-3.52081	-10.8269
26.5404	-3.52363	-10.8297
26.5503	-3.52646	-10.8325
26.5603	-3.52928	-10.8353
26.5703	-3.5321	-10.8382
26.5803	-3.53492	-10.841
26.5902	-3.53775	-10.8438
26.6002	-3.54058	-10.8466
26.6102	-3.5434	-10.8495
26.6202	-3.54623	-10.8523
26.6302	-3.54906	-10.8551
26.6401	-3.55189	-10.858
26.6501	-3.55472	-10.8608
26.6601	-3.55755	-10.8636
26.6701	-3.56038	-10.8665
26.68	-3.56322	-10.8693
26.69	-3.56605	-10.8721
26.7	-3.56889	-10.875
26.71	-3.57172	-10.8778
26.72	-3.57456	-10.8806
26.7299	-3.5774	-10.8835
26.7399	-3.58024	-10.8863
26.7499	-3.58308	-10.8892
26.7599	-3.58592	-10.892
26.7698	-3.58877	-10.8948
26.7798	-3.59161	-10.8977
26.7898	-3.59445	-10.9005
26.7998	-3.5973	-10.9034
26.8098	-3.60014	-10.9062
26.8197	-3.60299	-10.9091
26.8297	-3.60584	-10.9119
26.8397	-3.60869	-10.9148
26.8497	-3.61154	-10.9176
26.8596	-3.61439	-10.9205
26.8696	-3.61724	-10.9233
26.8796	-3.6201	-10.9262
26.8896	-3.62295	-10.929
26.8995	-3.6258	-10.9319
26.9095	-3.62866	-10.9347
26.9195	-3.63152	-10.9376
26.9295	-3.63438	-10.9404
26.9395	-3.63723	-10.9433
26.9494	-3.64009	-10.9462
26.9594	-3.64295	-10.949
26.9694	-3.64582	-10.9519
26.9794	-3.64868	-10.9547
26.9893	-3.65154	-10.9576
26.9993	-3.65441	-10.9605
27.0093	-3.65727	-10.9633
27.0193	-3.66014	-10.9662
27.0293	-3.66301	-10.9691
27.0392	-3.66588	-10.9719
27.0492	-3.66874	-10.9748
27.0592	-3.67161	-10.9777
27.0692	-3.67449	-10.9806
27.0791	-3.67736	-10.9834
27.0891	-3.68023	-10.9863
27.0991	-3.68311	-10.9892
27.1091	-3.68598	-10.9921
27.1191	-3.68886	-10.9949
27.129	-3.69173	-10.9978
27.139	-3.69461	-11.0007
27.149	-3.69749	-11.0036
27.159	-3.70037	-11.0064
27.1689	-3.70325	-11.0093
27.1789	-3.70613	-11.0122
27.1889	-3.70901	-11.0151
27.1989	-3.7119	-11.018
27.2089	-3.71478	-11.0209
27.2188	-3.71767	-11.0237
27.2288	-3.72055	-11.0266
27.2388	-3.72344	-11.0295
27.2488	-3.72633	-11.0324
27.2587	-3.72922	-11.0353
27.2687	-3.73211	-11.0382
27.2787	-3.735	-11.0411
27.2887	-3.73789	-11.044
27.2986	-3.74079	-11.0469
27.3086	-3.74368	-11.0497
27.3186	-3.74657	-11.0526
27.3286	-3.74947	-11.0555
27.3386	-3.75237	-11.0584
27.3485	-3.75526	-11.0613
27.3585	-3.75816	-11.0642
27.3685	-3.76106	-11.0671
27.3785	-3.76396	-11.07
27.3884	-3.76686	-11.0729
27.3984	-3.76977	-11.0758
27.4084	-3.77267	-11.0787
27.4184	-3.77557	-11.0816
27.4284	-3.77848	-11.0845
27.4383	-3.78138	-11.0875
27.4483	-3.78429	-11.0904
27.4583	-3.7872	-11.0933
27.4683	-3.79011	-11.0962
27.4782	-3.79302	-11.0991
27.4882	-3.79593	-11.102
27.4982	-3.79884	-11.1049
27.5082	-3.80175	-11.1078
27.5182	-3.80466	-11.1107
27.5281	-3.80758	-11.1136
27.5381	-3.81049	-11.1166
27.5481	-3.81341	-11.1195
27.5581	-3.81633	-11.1224
27.568	-3.81925	-11.1253
27.578	-3.82216	-11.1282
27.588	-3.82508	-11.1312
27.598	-3.828	-11.1341
27.608	-3.83093	-11.137
27.6179	-3.83385	-11.1399
27.6279	-3.83677	-11.1428
27.6379	-3.8397	-11.1458
27.6479	-3.84262	-11.1487
27.6578	-3.84555	-11.1516
27.6678	-3.84848	-11.1545
27.6778	-3.8514	-11.1575
27.6878	-3.85433	-11.1604
27.6977	-3.85726	-11.1633
27.7077	-3.86019	-11.1663
27.7177	-3.86312	-11.1692
27.7277	-3.86606	-11.1721
27.7377	-3.86899	-11.1751
27.7476	-3.87192	-11.178
27.7576	-3.87486	-11.1809
27.7676	-3.8778	-11.1839
27.7776	-3.88073	-11.1868
27.7875	-3.88367	-11.1897
27.7975	-3.88661	-11.1927
27.8075	-3.88955	-11.1956
27.8175	-3.89249	-11.1986
27.8275	-3.89543	-11.2015
27.8374	-3.89837	-11.2044
27.8474	-3.90132	-11.2074
27.8574	-3.90426	-11.2103
27.8674	-3.90721	-11.2133
27.8773	-3.91015	-11.2162
27.8873	-3.9131	-11.2192
27.8973	-3.91605	-11.2221
27.9073	-3.919	-11.2251
27.9173	-3.92195	-11.228
27.9272	-3.9249	-11.231
27.9372	-3.92785	-11.2339
27.9472	-3.9308	-11.2369
27.9572	-3.93375	-11.2398
27.9671	-3.93671	-11.2428
27.9771	-3.93966	-11.2457
27.9871	-3.94262	-11.2487
27.9971	-3.94558	-11.2516
28.0071	-3.94853	-11.2546
28.017	-3.95149	-11.2576
28.027	-3.95445	-11.2605
28.037	-3.95741	-11.2635
28.047	-3.96037	-11.2664
28.0569	-3.96334	-11.2694
28.0669	-3.9663	-11.2724
28.0769	-3.96926	-11.2753
28.0869	-3.97223	-11.2783
28.0968	-3.97519	-11.2813
28.1068	-3.97816	-11.2842
28.1168	-3.98113	-11.2872
28.1268	-3.9841	-11.2902
28.1368	-3.98707	-11.2931
28.1467	-3.99004	-11.2961
28.1567	-3.99301	-11.2991
28.1667	-3.99598	-11.302
28.1767	-3.99895	-11.305
28.1866	-4.00193	-11.308
28.1966	-4.0049	-11.311
28.2066	-4.00788	-11.3139
28.2166	-4.01085	-11.3169
28.2266	-4.01383	-11.3199
28.2365	-4.01681	-11.3229
28.2465	-4.01979	-11.3259
28.2565	-4.02277	-11.3288
28.2665	-4.02575	-11.3318
28.2764	-4.02873	-11.3348
28.2864	-4.03171	-11.3378
28.2964	-4.03469	-11.3408
28.3064	-4.03768	-11.3437
28.3164	-4.04066	-11.3467
28.3263	-4.04365	-11.3497
28.3363	-4.04664	-11.3527
28.3463	-4.04962	-11.3557
28.3563	-4.05261	-11.3587
28.3662	-4.0556	-11.3617
28.3762	-4.05859	-11.3647
28.3862	-4.06158	-11.3677
28.3962	-4.06457	-11.3706
28.4062	-4.06757	-11.3736
28.4161	-4.07056	-11.3766
28.4261	-4.07355	-11.3796
28.4361	-4.07655	-11.3826
28.4461	-4.07955	-11.3856
28.456	-4.08254	-11.3886
28.466	-4.08554	-11.3916
28.476	-4.08854	-11.3946
28.486	-4.09154	-11.3976
28.4959	-4.09454	-11.4006
28.5059	-4.09754	-11.4036
28.5159	-4.10054	-11.4066
28.5259	-4.10355	-11.4096
28.5359	-4.10655	-11.4126
28.5458	-4.10956	-11.4156
28.5558	-4.11256	-11.4186
28.5658	-4.11557	-11.4216
28.5758	-4.11858	-11.4246
28.5857	-4.12158	-11.4277
28.5957	-4.12459	-11.4307
28.6057	-4.1276	-11.4337
28.6157	-4.13061	-11.4367
28.6257	-4.13363	-11.4397
28.6356	-4.13664	-11.4427
28.6456	-4.13965	-11.4457
28.6556	-4.14267	-11.4487
28.6656	-4.14568	-11.4518
28.6755	-4.1487	-11.4548
28.6855	-4.15171	-11.4578
28.6955	-4.15473	-11.4608
28.7055	-4.15775	-11.4638
28.7155	-4.16077	-11.4668
28.7254	-4.16379	-11.4699
28.7354	-4.16681	-11.4729
28.7454	-4.16983	-11.4759
28.7554	-4.17285	-11.4789
28.7653	-4.17588	-11.4819
28.7753	-4.1789	-11.485
28.7853	-4.18193	-11.488
28.7953	-4.18495	-11.491
28.8053	-4.18798	-11.494
28.8152	-4.19101	-11.4971
28.8252	-4.19404	-11.5001
28.8352	-4.19706	-11.5031
28.8452	-4.2001	-11.5062
28.8551	-4.20313	-11.5092
28.8651	-4.20616	-11.5122
28.8751	-4.20919	-11.5153
28.8851	-4.21222	-11.5183
28.895	-4.21526	-11.5213
28.905	-4.21829	-11.5244
28.915	-4.22133	-11.5274
28.925	-4.22437	-11.5304
28.935	-4.2274	-11.5335
28.9449	-4.23044	-11.5365
28.9549	-4.23348	-11.5396
28.9649	-4.23652	-11.5426
28.9749	-4.23956	-11.5456
28.9848	-4.2426	-11.5487
28.9948	-4.24565	-11.5517
29.0048	-4.24869	-11.5548
29.0148	-4.25173	-11.5578
29.0248	-4.25478	-11.5608
29.0347	-4.25783	-11.5639
29.0447	-4.26087	-11.5669
29.0547	-4.26392	-11.57
29.0647	-4.26697	-11.573
29.0746	-4.27002	-11.5761
29.0846	-4.27307	-11.5791
29.0946	-4.27612	-11.5822
29.1046	-4.27917	-11.5852
29.1146	-4.28222	-11.5883
29.1245	-4.28528	-11.5913
29.1345	-4.28833	-11.5944
29.1445	-4.29138	-11.5975
29.1545	-4.29444	-11.6005
29.1644	-4.2975	-11.6036
29.1744	-4.30055	-11.6066
29.1844	-4.30361	-11.6097
29.1944	-4.30667	-11.6127
29.2044	-4.30973	-11.6158
29.2143	-4.31279	-11.6189
29.2243	-4.31585	-11.6219
29.2343	-4.31891	-11.625
29.2443	-4.32198	-11.628
29.2542	-4.32504	-11.6311
29.2642	-4.32811	-11.6342
29.2742	-4.33117	-11.6372
29.2842	-4.33424	-11.6403
29.2941	-4.3373	-11.6434
29.3041	-4.34037	-11.6464
29.3141	-4.34344	-11.6495
29.3241	-4.34651	-11.6526
29.3341	-4.34958	-11.6557
29.344	-4.35265	-11.6587
29.354	-4.35572	-11.6618
29.364	-4.3588	-11.6649
29.374	-4.36187	-11.6679
29.3839	-4.36494	-11.671
29.3939	-4.36802	-11.6741
29.4039	-4.37109	-11.6772
29.4139	-4.37417	-11.6802
29.4239	-4.37725	-11.6833
29.4338	-4.38033	-11.6864
29.4438	-4.38341	-11.6895
29.4538	-4.38649	-11.6926
29.4638	-4.38957	-11.6956
29.4737	-4.39265	-11.6987
29.4837	-4.39573	-11.7018
29.4937	-4.39881	-11.7049
29.5037	-4.4019	-11.708
29.5137	-4.40498	-11.7111
29.5236	-4.40807	-11.7141
29.5336	-4.41115	-11.7172
29.5436	-4.41424	-11.7203
29.5536	-4.41733	-11.7234
29.5635	-4.42041	-11.7265
29.5735	-4.4235	-11.7296
29.5835	-4.42659	-11.7327
29.5935	-4.42968	-11.7358
29.6035	-4.43278	-11.7388
29.6134	-4.43587	-11.7419
29.6234	-4.43896	-11.745
29.6334	-4.44206	-11.7481
29.6434	-4.44515	-11.7512
29.6533	-4.44825	-11.7543
29.6633	-4.45134	-11.7574
29.6733	-4.45444	-11.7605
29.6833	-4.45754	-11.7636
29.6932	-4.46064	-11.7667
29.7032	-4.46373	-11.7698
29.7132	-4.46683	-11.7729
29.7232	-4.46994	-11.776
29.7332	-4.47304	-11.7791
29.7431	-4.47614	-11.7822
29.7531	-4.47924	-11.7853
29.7631	-4.48235	-11.7884
29.7731	-4.48545	-11.7915
29.783	-4.48856	-11.7946
29.793	-4.49166	-11.7977
29.803	-4.49477	-11.8008
29.813	-4.49788	-11.8039
29.823	-4.50099	-11.8071
29.8329	-4.5041	-11.8102
29.8429	-4.50721	-11.8133
29.8529	-4.51032	-11.8164
29.8629	-4.51343	-11.8195
29.8728	-4.51654	-11.8226
29.8828	-4.51965	-11.8257
29.8928	-4.52277	-11.8288
29.9028	-4.52588	-11.832
29.9128	-4.529	-11.8351
29.9227	-4.53211	-11.8382
29.9327	-4.53523	-11.8413
29.9427	-4.53835	-11.8444
29.9527	-4.54147	-11.8475
29.9626	-4.54459	-11.8507
29.9726	-4.54771	-11.8538
29.9826	-4.55083	-11.8569
29.9926	-4.55395	-11.86
30.0026	-4.55707	-11.8631
30.0125	-4.56019	-11.8663
30.0225	-4.56332	-11.8694
30.0325	-4.56644	-11.8725
30.0425	-4.56957	-11.8756
30.0524	-4.57269	-11.8788
30.0624	-4.57582	-11.8819
30.0724	-4.57895	-11.885
30.0824	-4.58208	-11.8881
30.0923	-4.58521	-11.8913
30.1023	-4.58834	-11.8944
30.1123	-4.59147	-11.8975
30.1223	-4.5946	-11.9007
30.1323	-4.59773	-11.9038
30.1422	-4.60086	-11.9069
30.1522	-4.604	-11.9101
30.1622	-4.60713	-11.9132
30.1722	-4.61026	-11.9163
30.1821	-4.6134	-11.9195
30.1921	-4.61654	-11.9226
30.2021	-4.61967	-11.9257
30.2121	-4.62281	-11.9289
30.2221	-4.62595	-11.932
30.232	-4.62909	-11.9352
30.242	-4.63223	-11.9383
30.252	-4.63537	-11.9414
30.262	-4.63851	-11.9446
30.2719	-4.64166	-11.9477
30.2819	-4.6448	-11.9509
30.2919	-4.64794	-11.954
30.3019	-4.65109	-11.9572
30.3119	-4.65423	-11.9603
30.3218	-4.65738	-11.9634
30.3318	-4.66052	-11.9666
30.3418	-4.66367	-11.9697
30.3518	-4.66682	-11.9729
30.3617	-4.66997	-11.976
30.3717	-4.67312	-11.9792
30.3817	-4.67627	-11.9823
30.3917	-4.67942	-11.9855
30.4017	-4.68257	-11.9886
30.4116	-4.68573	-11.9918
30.4216	-4.68888	-11.9949
30.4316	-4.69203	-11.9981
30.4416	-4.69519	-12.0013
30.4515	-4.69834	-12.0044
30.4615	-4.7015	-12.0076
30.4715	-4.70466	-12.0107
30.4815	-4.70781	-12.0139
30.4914	-4.71097	-12.017
30.5014	-4.71413	-12.0202
30.5114	-4.71729	-12.0234
30.5214	-4.72045	-12.0265
30.5314	-4.72361	-12.0297
30.5413	-4.72677	-12.0328
30.5513	-4.72994	-12.036
30.5613	-4.7331	-12.0392
30.5713	-4.73626	-12.0423
30.5812	-4.73943	-12.0455
30.5912	-4.74259	-12.0487
30.6012	-4.74576	-12.0518
30.6112	-4.74893	-12.055
30.6212	-4.7521	-12.0582
30.6311	-4.75526	-12.0613
30.6411	-4.75843	-12.0645
30.6511	-4.7616	-12.0677
30.6611	-4.76477	-12.0708
30.671	-4.76794	-12.074
30.681	-4.77112	-12.0772
30.691	-4.77429	-12.0804
30.701	-4.77746	-12.0835
30.711	-4.78064	-12.0867
30.7209	-4.78381	-12.0899
30.7309	-4.78699	-12.0931
30.7409	-4.79016	-12.0962
30.7509	-4.79334	-12.0994
30.7608	-4.79652	-12.1026
30.7708	-4.7997	-12.1058
30.7808	-4.80287	-12.1089
30.7908	-4.80605	-12.1121
30.8008	-4.80923	-12.1153
30.8107	-4.81242	-12.1185
30.8207	-4.8156	-12.1217
30.8307	-4.81878	-12.1248
30.8407	-4.82196	-12.128
30.8506	-4.82515	-12.1312
30.8606	-4.82833	-12.1344
30.8706	-4.83152	-12.1376
30.8806	-4.8347	-12.1408
30.8905	-4.83789	-12.144
30.9005	-4.84108	-12.1471
30.9105	-4.84426	-12.1503
30.9205	-4.84745	-12.1535
30.9305	-4.85064	-12.1567
30.9404	-4.85383	-12.1599
30.9504	-4.85702	-12.1631
30.9604	-4.86021	-12.1663
30.9704	-4.86341	-12.1695
30.9803	-4.8666	-12.1727
30.9903	-4.86979	-12.1759
31.0003	-4.87299	-12.1791
31.0103	-4.87618	-12.1823
31.0203	-4.87938	-12.1854
31.0302	-4.88257	-12.1886
31.0402	-4.88577	-12.1918
31.0502	-4.88897	-12.195
31.0602	-4.89217	-12.1982
31.0701	-4.89536	-12.2014
31.0801	-4.89856	-12.2046
31.0901	-4.90176	-12.2078
31.1001	-4.90497	-12.211
31.1101	-4.90817	-12.2142
31.12	-4.91137	-12.2174
31.13	-4.91457	-12.2206
31.14	-4.91778	-12.2238
31.15	-4.92098	-12.227
31.1599	-4.92418	-12.2303
31.1699	-4.92739	-12.2335
31.1799	-4.9306	-12.2367
31.1899	-4.9338	-12.2399
31.1998	-4.93701	-12.2431
31.2098	-4.94022	-12.2463
31.2198	-4.94343	-12.2495
31.2298	-4.94664	-12.2527
31.2398	-4.94985	-12.2559
31.2497	-4.95306	-12.2591
31.2597	-4.95627	-12.2623
31.2697	-4.95948	-12.2656
31.2797	-4.9627	-12.2688
31.2896	-4.96591	-12.272
31.2996	-4.96912	-12.2752
31.3096	-4.97234	-12.2784
31.3196	-4.97556	-12.2816
31.3296	-4.97877	-12.2848
31.3395	-4.98199	-12.2881
31.3495	-4.98521	-12.2913
31.3595	-4.98842	-12.2945
31.3695	-4.99164	-12.2977
31.3794	-4.99486	-12.3009
31.3894	-4.99808	-12.3042
31.3994	-5.0013	-12.3074
31.4094	-5.00453	-12.3106
31.4194	-5.00775	-12.3138
31.4293	-5.01097	-12.317
31.4393	-5.01419	-12.3203
31.4493	-5.01742	-12.3235
31.4593	-5.02064	-12.3267
31.4692	-5.02387	-12.3299
31.4792	-5.02709	-12.3332
31.4892	-5.03032	-12.3364
31.4992	-5.03355	-12.3396
31.5092	-5.03678	-12.3428
31.5191	-5.04001	-12.3461
31.5291	-5.04324	-12.3493
31.5391	-5.04647	-12.3525
31.5491	-5.0497	-12.3558
31.559	-5.05293	-12.359
31.569	-5.05616	-12.3622
31.579	-5.05939	-12.3655
31.589	-5.06262	-12.3687
31.5989	-5.06586	-12.3719
31.6089	-5.06909	-12.3752
31.6189	-5.07233	-12.3784
31.6289	-5.07556	-12.3816
31.6389	-5.0788	-12.3849
31.6488	-5.08204	-12.3881
31.6588	-5.08528	-12.3913
31.6688	-5.08851	-12.3946
31.6788	-5.09175	-12.3978
31.6887	-5.09499	-12.4011
31.6987	-5.09823	-12.4043
31.7087	-5.10147	-12.4075
31.7187	-5.10471	-12.4108
31.7287	-5.10796	-12.414
31.7386	-5.1112	-12.4173
31.7486	-5.11444	-12.4205
31.7586	-5.11769	-12.4238
31.7686	-5.12093	-12.427
31.7785	-5.12418	-12.4302
31.7885	-5.12742	-12.4335
31.7985	-5.13067	-12.4367
31.8085	-5.13392	-12.44
31.8185	-5.13716	-12.4432
31.8284	-5.14041	-12.4465
31.8384	-5.14366	-12.4497
31.8484	-5.14691	-12.453
31.8584	-5.15016	-12.4562
31.8683	-5.15341	-12.4595
31.8783	-5.15666	-12.4627
31.8883	-5.15992	-12.466
31.8983	-5.16317	-12.4692
31.9083	-5.16642	-12.4725
31.9182	-5.16968	-12.4757
31.9282	-5.17293	-12.479
31.9382	-5.17619	-12.4823
31.9482	-5.17944	-12.4855
31.9581	-5.1827	-12.4888
31.9681	-5.18596	-12.492
31.9781	-5.18921	-12.4953
31.9881	-5.19247	-12.4985
31.998	-5.19573	-12.5018
32.008	-5.19899	-12.5051
32.018	-5.20225	-12.5083
32.028	-5.20551	-12.5116
32.038	-5.20877	-12.5148
32.0479	-5.21204	-12.5181
32.0579	-5.2153	-12.5214
32.0679	-5.21856	-12.5246
32.0779	-5.22182	-12.5279
32.0878	-5.22509	-12.5312
32.0978	-5.22835	-12.5344
32.1078	-5.23162	-12.5377
32.1178	-5.23489	-12.541
32.1278	-5.23815	-12.5442
32.1377	-5.24142	-12.5475
32.1477	-5.24469	-12.5508
32.1577	-5.24796	-12.554
32.1677	-5.25123	-12.5573
32.1776	-5.2545	-12.5606
32.1876	-5.25777	-12.5638
32.1976	-5.26104	-12.5671
32.2076	-5.26431	-12.5704
32.2176	-5.26758	-12.5737
32.2275	-5.27085	-12.5769
32.2375	-5.27413	-12.5802
32.2475	-5.2774	-12.5835
32.2575	-5.28068	-12.5867
32.2674	-5.28395	-12.59
32.2774	-5.28723	-12.5933
32.2874	-5.2905	-12.5966
32.2974	-5.29378	-12.5999
32.3074	-5.29706	-12.6031
32.3173	-5.30034	-12.6064
32.3273	-5.30362	-12.6097
32.3373	-5.30689	-12.613
32.3473	-5.31017	-12.6162
32.3572	-5.31346	-12.6195
32.3672	-5.31674	-12.6228
32.3772	-5.32002	-12.6261
32.3872	-5.3233	-12.6294
32.3971	-5.32658	-12.6327
32.4071	-5.32987	-12.6359
32.4171	-5.33315	-12.6392
32.4271	-5.33644	-12.6425
32.4371	-5.33972	-12.6458
32.447	-5.34301	-12.6491
32.457	-5.34629	-12.6524
32.467	-5.34958	-12.6556
32.477	-5.35287	-12.6589
32.4869	-5.35616	-12.6622
32.4969	-5.35944	-12.6655
32.5069	-5.36273	-12.6688
32.5169	-5.36602	-12.6721
32.5269	-5.36931	-12.6754
32.5368	-5.3726	-12.6787
32.5468	-5.3759	-12.682
32.5568	-5.37919	-12.6853
32.5668	-5.38248	-12.6886
32.5767	-5.38577	-12.6918
32.5867	-5.38907	-12.6951
32.5967	-5.39236	-12.6984
32.6067	-5.39566	-12.7017
32.6167	-5.39895	-12.705
32.6266	-5.40225	-12.7083
32.6366	-5.40555	-12.7116
32.6466	-5.40884	-12.7149
32.6566	-5.41214	-12.7182
32.6665	-5.41544	-12.7215
32.6765	-5.41874	-12.7248
32.6865	-5.42204	-12.7281
32.6965	-5.42534	-12.7314
32.7065	-5.42864	-12.7347
32.7164	-5.43194	-12.738
32.7264	-5.43524	-12.7413
32.7364	-5.43854	-12.7446
32.7464	-5.44185	-12.7479
32.7563	-5.44515	-12.7512
32.7663	-5.44845	-12.7545
32.7763	-5.45176	-12.7578
32.7863	-5.45506	-12.7611
32.7962	-5.45837	-12.7644
32.8062	-5.46168	-12.7677
32.8162	-5.46498	-12.7711
32.8262	-5.46829	-12.7744
32.8362	-5.4716	-12.7777
32.8461	-5.47491	-12.781
32.8561	-5.47822	-12.7843
32.8661	-5.48153	-12.7876
32.8761	-5.48484	-12.7909
32.886	-5.48815	-12.7942
32.896	-5.49146	-12.7975
32.906	-5.49477	-12.8008
32.916	-5.49808	-12.8042
32.926	-5.50139	-12.8075
32.9359	-5.50471	-12.8108
32.9459	-5.50802	-12.8141
32.9559	-5.51134	-12.8174
32.9659	-5.51465	-12.8207
32.9758	-5.51797	-12.824
32.9858	-5.52128	-12.8274
32.9958	-5.5246	-12.8307
33.0058	-5.52792	-12.834
33.0158	-5.53123	-12.8373
33.0257	-5.53455	-12.8406
33.0357	-5.53787	-12.8439
33.0457	-5.54119	-12.8473
33.0557	-5.54451	-12.8506
33.0656	-5.54783	-12.8539
33.0756	-5.55115	-12.8572
33.0856	-5.55447	-12.8605
33.0956	-5.5578	-12.8639
33.1056	-5.56112	-12.8672
33.1155	-5.56444	-12.8705
33.1255	-5.56777	-12.8738
33.1355	-5.57109	-12.8772
33.1455	-5.57441	-12.8805
33.1554	-5.57774	-12.8838
33.1654	-5.58107	-12.8871
33.1754	-5.58439	-12.8905
33.1854	-5.58772	-12.8938
33.1953	-5.59105	-12.8971
33.2053	-5.59437	-12.9004
33.2153	-5.5977	-12.9038
33.2253	-5.60103	-12.9071
33.2353	-5.60436	-12.9104
33.2452	-5.60769	-12.9138
33.2552	-5.61102	-12.9171
33.2652	-5.61435	-12.9204
33.2752	-5.61768	-12.9238
33.2851	-5.62102	-12.9271
33.2951	-5.62435	-12.9304
33.3051	-5.62768	-12.9338
33.3151	-5.63102	-12.9371
33.3251	-5.63435	-12.9404
33.335	-5.63769	-12.9438
33.345	-5.64102	-12.9471
33.355	-5.64436	-12.9504
33.365	-5.64769	-12.9538
33.3749	-5.65103	-12.9571
33.3849	-5.65437	-12.9604
33.3949	-5.6577	-12.9638
33.4049	-5.66104	-12.9671
33.4149	-5.66438	-12.9705
33.4248	-5.66772	-12.9738
33.4348	-5.67106	-12.9771
33.4448	-5.6744	-12.9805
33.4548	-5.67774	-12.9838
33.4647	-5.68108	-12.9872
33.4747	-5.68443	-12.9905
33.4847	-5.68777	-12.9938
33.4947	-5.69111	-12.9972
33.5047	-5.69445	-13.0005
33.5146	-5.6978	-13.0039
33.5246	-5.70114	-13.0072
33.5346	-5.70449	-13.0106
33.5446	-5.70783	-13.0139
33.5545	-5.71118	-13.0172
33.5645	-5.71453	-13.0206
33.5745	-5.71787	-13.0239
33.5845	-5.72122	-13.0273
33.5944	-5.72457	-13.0306
33.6044	-5.72792	-13.034
33.6144	-5.73127	-13.0373
33.6244	-5.73462	-13.0407
33.6344	-5.73797	-13.044
33.6443	-5.74132	-13.0474
33.6543	-5.74467	-13.0507
33.6643	-5.74802	-13.0541
33.6743	-5.75137	-13.0574
33.6842	-5.75472	-13.0608
33.6942	-5.75808	-13.0641
33.7042	-5.76143	-13.0675
33.7142	-5.76478	-13.0709
33.7242	-5.76814	-13.0742
33.7341	-5.77149	-13.0776
33.7441	-5.77485	-13.0809
33.7541	-5.7782	-13.0843
33.7641	-5.78156	-13.0876
33.774	-5.78492	-13.091
33.784	-5.78827	-13.0943
33.794	-5.79163	-13.0977
33.804	-5.79499	-13.1011
33.814	-5.79835	-13.1044
33.8239	-5.80171	-13.1078
33.8339	-5.80507	-13.1111
33.8439	-5.80843	-13.1145
33.8539	-5.81179	-13.1179
33.8638	-5.81515	-13.1212
33.8738	-5.81851	-13.1246
33.8838	-5.82188	-13.1279
33.8938	-5.82524	-13.1313
33.9038	-5.8286	-13.1347
33.9137	-5.83197	-13.138
33.9237	-5.83533	-13.1414
33.9337	-5.83869	-13.1448
33.9437	-5.84206	-13.1481
33.9536	-5.84542	-13.1515
33.9636	-5.84879	-13.1549
33.9736	-5.85216	-13.1582
33.9836	-5.85552	-13.1616
33.9935	-5.85889	-13.165
34.0035	-5.86226	-13.1683
34.0135	-5.86563	-13.1717
34.0235	-5.869	-13.1751
34.0335	-5.87237	-13.1784
34.0434	-5.87574	-13.1818
34.0534	-5.87911	-13.1852
34.0634	-5.88248	-13.1885
34.0734	-5.88585	-13.1919
34.0833	-5.88922	-13.1953
34.0933	-5.89259	-13.1987
34.1033	-5.89597	-13.202
34.1133	-5.89934	-13.2054
34.1233	-5.90271	-13.2088
34.1332	-5.90609	-13.2122
34.1432	-5.90946	-13.2155
34.1532	-5.91284	-13.2189
34.1632	-5.91621	-13.2223
34.1731	-5.91959	-13.2257
34.1831	-5.92296	-13.229
34.1931	-5.92634	-13.2324
34.2031	-5.92972	-13.2358
34.2131	-5.9331	-13.2392
34.223	-5.93647	-13.2425
34.233	-5.93985	-13.2459
34.243	-5.94323	-13.2493
34.253	-5.94661	-13.2527
34.2629	-5.94999	-13.2561
34.2729	-5.95337	-13.2594
34.2829	-5.95675	-13.2628
34.2929	-5.96013	-13.2662
34.3029	-5.96352	-13.2696
34.3128	-5.9669	-13.273
34.3228	-5.97028	-13.2764
34.3328	-5.97366	-13.2797
34.3428	-5.97705	-13.2831
34.3527	-5.98043	-13.2865
34.3627	-5.98382	-13.2899
34.3727	-5.9872	-13.2933
34.3827	-5.99059	-13.2967
34.3926	-5.99397	-13.3
34.4026	-5.99736	-13.3034
34.4126	-6.00075	-13.3068
34.4226	-6.00413	-13.3102
34.4326	-6.00752	-13.3136
34.4425	-6.01091	-13.317
34.4525	-6.0143	-13.3204
34.4625	-6.01769	-13.3238
34.4725	-6.02108	-13.3271
34.4824	-6.02447	-13.3305
34.4924	-6.02786	-13.3339
34.5024	-6.03125	-13.3373
34.5124	-6.03464	-13.3407
34.5224	-6.03803	-13.3441
34.5323	-6.04142	-13.3475
34.5423	-6.04481	-13.3509
34.5523	-6.04821	-13.3543
34.5623	-6.0516	-13.3577
34.5722	-6.05499	-13.3611
34.5822	-6.05839	-13.3645
34.5922	-6.06178	-13.3679
34.6022	-6.06518	-13.3712
34.6122	-6.06857	-13.3746
34.6221	-6.07197	-13.378
34.6321	-6.07537	-13.3814
34.6421	-6.07876	-13.3848
34.6521	-6.08216	-13.3882
34.662	-6.08556	-13.3916
34.672	-6.08896	-13.395
34.682	-6.09235	-13.3984
34.692	-6.09575	-13.4018
34.702	-6.09915	-13.4052
34.7119	-6.10255	-13.4086
34.7219	-6.10595	-13.412
34.7319	-6.10935	-13.4154
34.7419	-6.11276	-13.4188
34.7518	-6.11616	-13.4222
34.7618	-6.11956	-13.4256
34.7718	-6.12296	-13.429
34.7818	-6.12636	-13.4324
34.7917	-6.12977	-13.4358
34.8017	-6.13317	-13.4392
34.8117	-6.13657	-13.4426
34.8217	-6.13998	-13.446
34.8317	-6.14338	-13.4495
34.8416	-6.14679	-13.4529
34.8516	-6.1502	-13.4563
34.8616	-6.1536	-13.4597
34.8716	-6.15701	-13.4631
34.8815	-6.16041	-13.4665
34.8915	-6.16382	-13.4699
34.9015	-6.16723	-13.4733
34.9115	-6.17064	-13.4767
34.9215	-6.17405	-13.4801
34.9314	-6.17746	-13.4835
34.9414	-6.18087	-13.4869
34.9514	-6.18428	-13.4903
34.9614	-6.18769	-13.4938
34.9713	-6.1911	-13.4972
34.9813	-6.19451	-13.5006
34.9913	-6.19792	-13.504
35.0013	-6.20133	-13.5074
35.0113	-6.20474	-13.5108
35.0212	-6.20816	-13.5142
35.0312	-6.21157	-13.5176
35.0412	-6.21498	-13.5211
35.0512	-6.2184	-13.5245
35.0611	-6.22181	-13.5279
35.0711	-6.22523	-13.5313
35.0811	-6.22864	-13.5347
35.0911	-6.23206	-13.5381
35.1011	-6.23547	-13.5415
35.111	-6.23889	-13.545
35.121	-6.24231	-13.5484
35.131	-6.24572	-13.5518
35.141	-6.24914	-13.5552
35.1509	-6.25256	-13.5586
35.1609	-6.25598	-13.562
35.1709	-6.25939	-13.5655
35.1809	-6.26281	-13.5689
35.1908	-6.26623	-13.5723
35.2008	-6.26965	-13.5757
35.2108	-6.27307	-13.5791
35.2208	-6.27649	-13.5826
35.2308	-6.27992	-13.586
35.2407	-6.28334	-13.5894
35.2507	-6.28676	-13.5928
35.2607	-6.29018	-13.5963
35.2707	-6.2936	-13.5997
35.2806	-6.29703	-13.6031
35.2906	-6.30045	-13.6065
35.3006	-6.30387	-13.6099
35.3106	-6.3073	-13.6134
35.3206	-6.31072	-13.6168
35.3305	-6.31415	-13.6202
35.3405	-6.31757	-13.6236
35.3505	-6.321	-13.6271
35.3605	-6.32442	-13.6305
35.3704	-6.32785	-13.6339
35.3804	-6.33128	-13.6373
35.3904	-6.33471	-13.6408
35.4004	-6.33813	-13.6442
35.4104	-6.34156	-13.6476
35.4203	-6.34499	-13.6511
35.4303	-6.34842	-13.6545
35.4403	-6.35185	-13.6579
35.4503	-6.35528	-13.6613
35.4602	-6.35871	-13.6648
35.4702	-6.36214	-13.6682
35.4802	-6.36557	-13.6716
35.4902	-6.369	-13.6751
35.5002	-6.37243	-13.6785
35.5101	-6.37586	-13.6819
35.5201	-6.37929	-13.6854
35.5301	-6.38273	-13.6888
35.5401	-6.38616	-13.6922
35.55	-6.38959	-13.6957
35.56	-6.39303	-13.6991
35.57	-6.39646	-13.7025
35.58	-6.39989	-13.706
35.5899	-6.40333	-13.7094
35.5999	-6.40676	-13.7128
35.6099	-6.4102	-13.7163
35.6199	-6.41364	-13.7197
35.6299	-6.41707	-13.7231
35.6398	-6.42051	-13.7266
35.6498	-6.42395	-13.73
35.6598	-6.42738	-13.7335
35.6698	-6.43082	-13.7369
35.6797	-6.43426	-13.7403
35.6897	-6.4377	-13.7438
35.6997	-6.44114	-13.7472
35.7097	-6.44457	-13.7506
35.7197	-6.44801	-13.7541
35.7296	-6.45145	-13.7575
35.7396	-6.45489	-13.761
35.7496	-6.45833	-13.7644
35.7596	-6.46178	-13.7678
35.7695	-6.46522	-13.7713
35.7795	-6.46866	-13.7747
35.7895	-6.4721	-13.7782
35.7995	-6.47554	-13.7816
35.8095	-6.47899	-13.7851
35.8194	-6.48243	-13.7885
35.8294	-6.48587	-13.7919
35.8394	-6.48932	-13.7954
35.8494	-6.49276	-13.7988
35.8593	-6.4962	-13.8023
35.8693	-6.49965	-13.8057
35.8793	-6.50309	-13.8092
35.8893	-6.50654	-13.8126
35.8992	-6.50998	-13.8161
35.9092	-6.51343	-13.8195
35.9192	-6.51688	-13.8229
35.9292	-6.52032	-13.8264
35.9392	-6.52377	-13.8298
35.9491	-6.52722	-13.8333
35.9591	-6.53067	-13.8367
35.9691	-6.53412	-13.8402
35.9791	-6.53756	-13.8436
35.989	-6.54101	-13.8471
35.999	-6.54446	-13.8505
36.009	-6.54791	-13.854
36.019	-6.55136	-13.8574
36.029	-6.55481	-13.8609
36.0389	-6.55826	-13.8643
36.0489	-6.56171	-13.8678
36.0589	-6.56517	-13.8712
36.0689	-6.56862	-13.8747
36.0788	-6.57207	-13.8781
36.0888	-6.57552	-13.8816
36.0988	-6.57897	-13.885
36.1088	-6.58243	-13.8885
36.1188	-6.58588	-13.8919
36.1287	-6.58933	-13.8954
36.1387	-6.59279	-13.8989
36.1487	-6.59624	-13.9023
36.1587	-6.5997	-13.9058
36.1686	-6.60315	-13.9092
36.1786	-6.60661	-13.9127
36.1886	-6.61006	-13.9161
36.1986	-6.61352	-13.9196
36.2086	-6.61698	-13.923
36.2185	-6.62043	-13.9265
36.2285	-6.62389	-13.93
36.2385	-6.62735	-13.9334
36.2485	-6.6308	-13.9369
36.2584	-6.63426	-13.9403
36.2684	-6.63772	-13.9438
36.2784	-6.64118	-13.9472
36.2884	-6.64464	-13.9507
36.2983	-6.6481	-13.9542
36.3083	-6.65156	-13.9576
36.3183	-6.65502	-13.9611
36.3283	-6.65848	-13.9645
36.3383	-6.66194	-13.968
36.3482	-6.6654	-13.9715
36.3582	-6.66886	-13.9749
36.3682	-6.67232	-13.9784
36.3782	-6.67578	-13.9819
36.3881	-6.67924	-13.9853
36.3981	-6.68271	-13.9888
36.4081	-6.68617	-13.9922
36.4181	-6.68963	-13.9957
36.4281	-6.6931	-13.9992
36.438	-6.69656	-14.0026
36.448	-6.70002	-14.0061
36.458	-6.70349	-14.0096
36.468	-6.70695	-14.013
36.4779	-6.71042	-14.0165
36.4879	-6.71388	-14.02
36.4979	-6.71735	-14.0234
36.5079	-6.72081	-14.0269
36.5179	-6.72428	-14.0304
36.5278	-6.72775	-14.0338
36.5378	-6.73121	-14.0373
36.5478	-6.73468	-14.0408
36.5578	-6.73815	-14.0442
36.5677	-6.74162	-14.0477
36.5777	-6.74508	-14.0512
36.5877	-6.74855	-14.0546
36.5977	-6.75202	-14.0581
36.6077	-6.75549	-14.0616
36.6176	-6.75896	-14.065
36.6276	-6.76243	-14.0685
36.6376	-6.7659	-14.072
36.6476	-6.76937	-14.0754
36.6575	-6.77284	-14.0789
36.6675	-6.77631	-14.0824
36.6775	-6.77978	-14.0859
36.6875	-6.78325	-14.0893
36.6974	-6.78672	-14.0928
36.7074	-6.7902	-14.0963
36.7174	-6.79367	-14.0997
36.7274	-6.79714	-14.1032
36.7374	-6.80061	-14.1067
36.7473	-6.80409	-14.1102
36.7573	-6.80756	-14.1136
36.7673	-6.81103	-14.1171
36.7773	-6.81451	-14.1206
36.7872	-6.81798	-14.1241
36.7972	-6.82146	-14.1275
36.8072	-6.82493	-14.131
36.8172	-6.82841	-14.1345
36.8272	-6.83188	-14.138
36.8371	-6.83536	-14.1414
36.8471	-6.83884	-14.1449
36.8571	-6.84231	-14.1484
36.8671	-6.84579	-14.1519
36.877	-6.84927	-14.1553
36.887	-6.85274	-14.1588
36.897	-6.85622	-14.1623
36.907	-6.8597	-14.1658
36.917	-6.86318	-14.1692
36.9269	-6.86665	-14.1727
36.9369	-6.87013	-14.1762
36.9469	-6.87361	-14.1797
36.9569	-6.87709	-14.1832
36.9668	-6.88057	-14.1866
36.9768	-6.88405	-14.1901
36.9868	-6.88753	-14.1936
36.9968	-6.89101	-14.1971
37.0068	-6.89449	-14.2006
37.0167	-6.89797	-14.204
37.0267	-6.90145	-14.2075
37.0367	-6.90494	-14.211
37.0467	-6.90842	-14.2145
37.0566	-6.9119	-14.218
37.0666	-6.91538	-14.2215
37.0766	-6.91886	-14.2249
37.0866	-6.92235	-14.2284
37.0965	-6.92583	-14.2319
37.1065	-6.92931	-14.2354
37.1165	-6.9328	-14.2389
37.1265	-6.93628	-14.2424
37.1365	-6.93977	-14.2458
37.1464	-6.94325	-14.2493
37.1564	-6.94673	-14.2528
37.1664	-6.95022	-14.2563
37.1764	-6.9537	-14.2598
37.1863	-6.95719	-14.2633
37.1963	-6.96068	-14.2667
37.2063	-6.96416	-14.2702
37.2163	-6.96765	-14.2737
37.2263	-6.97114	-14.2772
37.2362	-6.97462	-14.2807
37.2462	-6.97811	-14.2842
37.2562	-6.9816	-14.2877
37.2662	-6.98508	-14.2912
37.2761	-6.98857	-14.2946
37.2861	-6.99206	-14.2981
37.2961	-6.99555	-14.3016
37.3061	-6.99904	-14.3051
37.3161	-7.00253	-14.3086
37.326	-7.00602	-14.3121
37.336	-7.00951	-14.3156
37.346	-7.013	-14.3191
37.356	-7.01649	-14.3226
37.3659	-7.01998	-14.326
37.3759	-7.02347	-14.3295
37.3859	-7.02696	-14.333
37.3959	-7.03045	-14.3365
37.4059	-7.03394	-14.34
37.4158	-7.03743	-14.3435
37.4258	-7.04092	-14.347
37.4358	-7.04442	-14.3505
37.4458	-7.04791	-14.354
37.4557	-7.0514	-14.3575
37.4657	-7.05489	-14.361
37.4757	-7.05839	-14.3645
37.4857	-7.06188	-14.3679
37.4956	-7.06537	-14.3714
37.5056	-7.06887	-14.3749
37.5156	-7.07236	-14.3784
37.5256	-7.07586	-14.3819
37.5356	-7.07935	-14.3854
37.5455	-7.08285	-14.3889
37.5555	-7.08634	-14.3924
37.5655	-7.08984	-14.3959
37.5755	-7.09333	-14.3994
37.5854	-7.09683	-14.4029
37.5954	-7.10032	-14.4064
37.6054	-7.10382	-14.4099
37.6154	-7.10732	-14.4134
37.6254	-7.11081	-14.4169
37.6353	-7.11431	-14.4204
37.6453	-7.11781	-14.4239
37.6553	-7.12131	-14.4274
37.6653	-7.1248	-14.4309
37.6752	-7.1283	-14.4344
37.6852	-7.1318	-14.4379
37.6952	-7.1353	-14.4414
37.7052	-7.1388	-14.4449
37.7152	-7.1423	-14.4484
37.7251	-7.14579	-14.4519
37.7351	-7.14929	-14.4554
37.7451	-7.15279	-14.4589
37.7551	-7.15629	-14.4624
37.765	-7.15979	-14.4659
37.775	-7.16329	-14.4694
37.785	-7.1668	-14.4729
37.795	-7.1703	-14.4764
37.805	-7.1738	-14.4799
37.8149	-7.1773	-14.4834
37.8249	-7.1808	-14.4869
37.8349	-7.1843	-14.4904
37.8449	-7.1878	-14.4939
37.8548	-7.19131	-14.4974
37.8648	-7.19481	-14.5009
37.8748	-7.19831	-14.5044
37.8848	-7.20181	-14.5079
37.8947	-7.20532	-14.5114
37.9047	-7.20882	-14.5149
37.9147	-7.21232	-14.5184
37.9247	-7.21583	-14.5219
37.9347	-7.21933	-14.5254
37.9446	-7.22284	-14.5289
37.9546	-7.22634	-14.5324
37.9646	-7.22985	-14.5359
37.9746	-7.23335	-14.5394
37.9845	-7.23686	-14.5429
37.9945	-7.24036	-14.5464
38.0045	-7.24387	-14.5499
38.0145	-7.24737	-14.5534
38.0245	-7.25088	-14.5569
38.0344	-7.25439	-14.5605
38.0444	-7.25789	-14.564
38.0544	-7.2614	-14.5675
38.0644	-7.26491	-14.571
38.0743	-7.26841	-14.5745
38.0843	-7.27192	-14.578
38.0943	-7.27543	-14.5815
38.1043	-7.27894	-14.585
38.1143	-7.28244	-14.5885
38.1242	-7.28595	-14.592
38.1342	-7.28946	-14.5955
38.1442	-7.29297	-14.599
38.1542	-7.29648	-14.6025
38.1641	-7.29999	-14.6061
38.1741	-7.3035	-14.6096
38.1841	-7.30701	-14.6131
38.1941	-7.31052	-14.6166
38.2041	-7.31403	-14.6201
38.214	-7.31754	-14.6236
38.224	-7.32105	-14.6271
38.234	-7.32456	-14.6306
38.244	-7.32807	-14.6341
38.2539	-7.33158	-14.6376
38.2639	-7.33509	-14.6412
38.2739	-7.3386	-14.6447
38.2839	-7.34211	-14.6482
38.2938	-7.34563	-14.6517
38.3038	-7.34914	-14.6552
38.3138	-7.35265	-14.6587
38.3238	-7.35616	-14.6622
38.3338	-7.35968	-14.6657
38.3437	-7.36319	-14.6693
38.3537	-7.3667	-14.6728
38.3637	-7.37021	-14.6763
38.3737	-7.37373	-14.6798
38.3836	-7.37724	-14.6833
38.3936	-7.38076	-14.6868
38.4036	-7.38427	-14.6903
38.4136	-7.38778	-14.6939
38.4236	-7.3913	-14.6974
38.4335	-7.39481	-14.7009
38.4435	-7.39833	-14.7044
38.4535	-7.40184	-14.7079
38.4635	-7.40536	-14.7114
38.4734	-7.40887	-14.7149
38.4834	-7.41239	-14.7185
38.4934	-7.4159	-14.722
38.5034	-7.41942	-14.7255
38.5134	-7.42294	-14.729
38.5233	-7.42645	-14.7325
38.5333	-7.42997	-14.736
38.5433	-7.43349	-14.7396
38.5533	-7.437	-14.7431
38.5632	-7.44052	-14.7466
38.5732	-7.44404	-14.7501
38.5832	-7.44756	-14.7536
38.5932	-7.45107	-14.7571
38.6032	-7.45459	-14.7607
38.6131	-7.45811	-14.7642
38.6231	-7.46163	-14.7677
38.6331	-7.46515	-14.7712
38.6431	-7.46867	-14.7747
38.653	-7.47218	-14.7783
38.663	-7.4757	-14.7818
38.673	-7.47922	-14.7853
38.683	-7.48274	-14.7888
38.6929	-7.48626	-14.7923
38.7029	-7.48978	-14.7959
38.7129	-7.4933	-14.7994
38.7229	-7.49682	-14.8029
38.7329	-7.50034	-14.8064
38.7428	-7.50386	-14.8099
38.7528	-7.50738	-14.8135
38.7628	-7.5109	-14.817
38.7728	-7.51442	-14.8205
38.7827	-7.51795	-14.824
38.7927	-7.52147	-14.8275
38.8027	-7.52499	-14.8311
38.8127	-7.52851	-14.8346
38.8227	-7.53203	-14.8381
38.8326	-7.53555	-14.8416
38.8426	-7.53908	-14.8451
38.8526	-7.5426	-14.8487
38.8626	-7.54612	-14.8522
38.8725	-7.54965	-14.8557
38.8825	-7.55317	-14.8592
38.8925	-7.55669	-14.8628
38.9025	-7.56021	-14.8663
38.9125	-7.56374	-14.8698
38.9224	-7.56726	-14.8733
38.9324	-7.57079	-14.8769
38.9424	-7.57431	-14.8804
38.9524	-7.57783	-14.8839
38.9623	-7.58136	-14.8874
38.9723	-7.58488	-14.891
38.9823	-7.58841	-14.8945
38.9923	-7.59193	-14.898
39.0023	-7.59546	-14.9015
39.0122	-7.59898	-14.9051
39.0222	-7.60251	-14.9086
39.0322	-7.60603	-14.9121
39.0422	-7.60956	-14.9156
39.0521	-7.61308	-14.9192
39.0621	-7.61661	-14.9227
39.0721	-7.62014	-14.9262
39.0821	-7.62366	-14.9297
39.092	-7.62719	-14.9333
39.102	-7.63072	-14.9368
39.112	-7.63424	-14.9403
39.122	-7.63777	-14.9438
39.132	-7.6413	-14.9474
39.1419	-7.64482	-14.9509
39.1519	-7.64835	-14.9544
39.1619	-7.65188	-14.9579
39.1719	-7.65541	-14.9615
39.1818	-7.65894	-14.965
39.1918	-7.66246	-14.9685
39.2018	-7.66599	-14.9721
39.2118	-7.66952	-14.9756
39.2218	-7.67305	-14.9791
39.2317	-7.67658	-14.9826
39.2417	-7.68011	-14.9862
39.2517	-7.68364	-14.9897
39.2617	-7.68716	-14.9932
39.2716	-7.69069	-14.9968
39.2816	-7.69422	-15.0003
39.2916	-7.69775	-15.0038
39.3016	-7.70128	-15.0074
39.3116	-7.70481	-15.0109
39.3215	-7.70834	-15.0144
39.3315	-7.71187	-15.0179
39.3415	-7.7154	-15.0215
39.3515	-7.71893	-15.025
39.3614	-7.72246	-15.0285
39.3714	-7.726	-15.0321
39.3814	-7.72953	-15.0356
39.3914	-7.73306	-15.0391
39.4014	-7.73659	-15.0427
39.4113	-7.74012	-15.0462
39.4213	-7.74365	-15.0497
39.4313	-7.74718	-15.0533
39.4413	-7.75071	-15.0568
39.4512	-7.75425	-15.0603
39.4612	-7.75778	-15.0638
39.4712	-7.76131	-15.0674
39.4812	-7.76484	-15.0709
39.4911	-7.76838	-15.0744
39.5011	-7.77191	-15.078
39.5111	-7.77544	-15.0815
39.5211	-7.77897	-15.085
39.5311	-7.78251	-15.0886
39.541	-7.78604	-15.0921
39.551	-7.78957	-15.0956
39.561	-7.79311	-15.0992
39.571	-7.79664	-15.1027
39.5809	-7.80018	-15.1062
39.5909	-7.80371	-15.1098
39.6009	-7.80724	-15.1133
39.6109	-7.81078	-15.1168
39.6209	-7.81431	-15.1204
39.6308	-7.81785	-15.1239
39.6408	-7.82138	-15.1275
39.6508	-7.82492	-15.131
39.6608	-7.82845	-15.1345
39.6707	-7.83199	-15.1381
39.6807	-7.83552	-15.1416
39.6907	-7.83906	-15.1451
39.7007	-7.84259	-15.1487
39.7107	-7.84613	-15.1522
39.7206	-7.84966	-15.1557
39.7306	-7.8532	-15.1593
39.7406	-7.85673	-15.1628
39.7506	-7.86027	-15.1663
39.7605	-7.86381	-15.1699
39.7705	-7.86734	-15.1734
39.7805	-7.87088	-15.1769
39.7905	-7.87442	-15.1805
39.8005	-7.87795	-15.184
39.8104	-7.88149	-15.1876
39.8204	-7.88503	-15.1911
39.8304	-7.88856	-15.1946
39.8404	-7.8921	-15.1982
39.8503	-7.89564	-15.2017
39.8603	-7.89917	-15.2052
39.8703	-7.90271	-15.2088
39.8803	-7.90625	-15.2123
39.8902	-7.90979	-15.2159
39.9002	-7.91333	-15.2194
39.9102	-7.91686	-15.2229
39.9202	-7.9204	-15.2265
39.9302	-7.92394	-15.23
39.9401	-7.92748	-15.2335
39.9501	-7.93102	-15.2371
39.9601	-7.93456	-15.2406
39.9701	-7.93809	-15.2442
39.98	-7.94163	-15.2477
39.99	-7.94517	-15.2512
40	-7.94871	-15.2548
