Freq_GHz	Model_Norm_dB	Model_dBm_5mA
0.1	0	-2.04132
0.109977	-2.4919e-05	-2.04134
0.119955	-5.22062e-05	-2.04137
0.129932	-8.18616e-05	-2.0414
0.13991	-0.000113885	-2.04143
0.149887	-0.000148277	-2.04147
0.159865	-0.000185037	-2.0415
0.169842	-0.000224165	-2.04154
0.17982	-0.000265661	-2.04158
0.189797	-0.000309525	-2.04163
0.199775	-0.000355758	-2.04167
0.209752	-0.000404359	-2.04172
0.21973	-0.000455328	-2.04177
0.229707	-0.000508665	-2.04183
0.239685	-0.00056437	-2.04188
0.249662	-0.000622444	-2.04194
0.25964	-0.000682885	-2.042
0.269617	-0.000745695	-2.04206
0.279595	-0.000810873	-2.04213
0.289572	-0.00087842	-2.0422
0.29955	-0.000948334	-2.04227
0.309527	-0.00102062	-2.04234
0.319505	-0.00109527	-2.04241
0.329482	-0.00117229	-2.04249
0.33946	-0.00125168	-2.04257
0.349437	-0.00133343	-2.04265
0.359415	-0.00141755	-2.04274
0.369392	-0.00150405	-2.04282
0.37937	-0.00159291	-2.04291
0.389347	-0.00168414	-2.043
0.399325	-0.00177773	-2.0431
0.409302	-0.0018737	-2.04319
0.41928	-0.00197203	-2.04329
0.429257	-0.00207273	-2.04339
0.439235	-0.0021758	-2.04349
0.449212	-0.00228124	-2.0436
0.45919	-0.00238905	-2.04371
0.469167	-0.00249923	-2.04382
0.479145	-0.00261177	-2.04393
0.489122	-0.00272668	-2.04405
0.4991	-0.00284396	-2.04416
0.509077	-0.00296361	-2.04428
0.519055	-0.00308563	-2.0444
0.529032	-0.00321001	-2.04453
0.53901	-0.00333677	-2.04466
0.548987	-0.00346589	-2.04478
0.558965	-0.00359738	-2.04492
0.568942	-0.00373124	-2.04505
0.57892	-0.00386746	-2.04519
0.588897	-0.00400606	-2.04532
0.598875	-0.00414702	-2.04547
0.608852	-0.00429036	-2.04561
0.61883	-0.00443606	-2.04575
0.628807	-0.00458413	-2.0459
0.638785	-0.00473456	-2.04605
0.648762	-0.00488737	-2.04621
0.65874	-0.00504255	-2.04636
0.668717	-0.00520009	-2.04652
0.678695	-0.00536	-2.04668
0.688672	-0.00552228	-2.04684
0.69865	-0.00568693	-2.04701
0.708627	-0.00585395	-2.04717
0.718605	-0.00602333	-2.04734
0.728582	-0.00619509	-2.04751
0.73856	-0.00636921	-2.04769
0.748537	-0.0065457	-2.04786
0.758515	-0.00672456	-2.04804
0.768492	-0.00690579	-2.04822
0.77847	-0.00708939	-2.04841
0.788447	-0.00727536	-2.04859
0.798425	-0.00746369	-2.04878
0.808402	-0.0076544	-2.04897
0.81838	-0.00784747	-2.04917
0.828357	-0.00804291	-2.04936
0.838335	-0.00824072	-2.04956
0.848312	-0.0084409	-2.04976
0.85829	-0.00864344	-2.04996
0.868267	-0.00884836	-2.05017
0.878245	-0.00905565	-2.05037
0.888222	-0.0092653	-2.05058
0.8982	-0.00947732	-2.0508
0.908177	-0.00969171	-2.05101
0.918155	-0.00990847	-2.05123
0.928132	-0.0101276	-2.05145
0.93811	-0.0103491	-2.05167
0.948087	-0.010573	-2.05189
0.958065	-0.0107992	-2.05212
0.968042	-0.0110278	-2.05235
0.97802	-0.0112588	-2.05258
0.987997	-0.0114921	-2.05281
0.997974	-0.0117278	-2.05305
1.00795	-0.0119659	-2.05328
1.01793	-0.0122064	-2.05353
1.02791	-0.0124492	-2.05377
1.03788	-0.0126944	-2.05401
1.04786	-0.0129419	-2.05426
1.05784	-0.0131918	-2.05451
1.06782	-0.0134441	-2.05476
1.07779	-0.0136988	-2.05502
1.08777	-0.0139558	-2.05527
1.09775	-0.0142152	-2.05553
1.10773	-0.014477	-2.0558
1.1177	-0.0147411	-2.05606
1.12768	-0.0150076	-2.05633
1.13766	-0.0152765	-2.0566
1.14764	-0.0155478	-2.05687
1.15761	-0.0158214	-2.05714
1.16759	-0.0160974	-2.05742
1.17757	-0.0163757	-2.05769
1.18755	-0.0166564	-2.05798
1.19752	-0.0169395	-2.05826
1.2075	-0.017225	-2.05854
1.21748	-0.0175128	-2.05883
1.22746	-0.017803	-2.05912
1.23743	-0.0180956	-2.05941
1.24741	-0.0183905	-2.05971
1.25739	-0.0186879	-2.06001
1.26737	-0.0189875	-2.06031
1.27734	-0.0192896	-2.06061
1.28732	-0.019594	-2.06091
1.2973	-0.0199008	-2.06122
1.30728	-0.0202099	-2.06153
1.31725	-0.0205215	-2.06184
1.32723	-0.0208354	-2.06215
1.33721	-0.0211516	-2.06247
1.34719	-0.0214703	-2.06279
1.35716	-0.0217913	-2.06311
1.36714	-0.0221146	-2.06343
1.37712	-0.0224404	-2.06376
1.3871	-0.0227685	-2.06409
1.39707	-0.023099	-2.06442
1.40705	-0.0234318	-2.06475
1.41703	-0.023767	-2.06509
1.42701	-0.0241046	-2.06542
1.43698	-0.0244446	-2.06576
1.44696	-0.0247869	-2.06611
1.45694	-0.0251316	-2.06645
1.46692	-0.0254787	-2.0668
1.47689	-0.0258281	-2.06715
1.48687	-0.0261799	-2.0675
1.49685	-0.0265341	-2.06785
1.50683	-0.0268907	-2.06821
1.5168	-0.0272496	-2.06857
1.52678	-0.0276109	-2.06893
1.53676	-0.0279745	-2.06929
1.54674	-0.0283405	-2.06966
1.55671	-0.0287089	-2.07003
1.56669	-0.0290797	-2.0704
1.57667	-0.0294529	-2.07077
1.58665	-0.0298284	-2.07115
1.59662	-0.0302062	-2.07153
1.6066	-0.0305865	-2.07191
1.61658	-0.0309691	-2.07229
1.62656	-0.0313541	-2.07267
1.63653	-0.0317414	-2.07306
1.64651	-0.0321312	-2.07345
1.65649	-0.0325233	-2.07384
1.66647	-0.0329177	-2.07424
1.67644	-0.0333146	-2.07463
1.68642	-0.0337138	-2.07503
1.6964	-0.0341154	-2.07543
1.70638	-0.0345193	-2.07584
1.71635	-0.0349256	-2.07624
1.72633	-0.0353343	-2.07665
1.73631	-0.0357454	-2.07706
1.74629	-0.0361588	-2.07748
1.75626	-0.0365746	-2.07789
1.76624	-0.0369928	-2.07831
1.77622	-0.0374133	-2.07873
1.7862	-0.0378362	-2.07916
1.79617	-0.0382615	-2.07958
1.80615	-0.0386892	-2.08001
1.81613	-0.0391192	-2.08044
1.82611	-0.0395516	-2.08087
1.83608	-0.0399864	-2.08131
1.84606	-0.0404235	-2.08174
1.85604	-0.040863	-2.08218
1.86602	-0.0413049	-2.08262
1.87599	-0.0417491	-2.08307
1.88597	-0.0421958	-2.08351
1.89595	-0.0426447	-2.08396
1.90593	-0.0430961	-2.08441
1.9159	-0.0435498	-2.08487
1.92588	-0.0440059	-2.08532
1.93586	-0.0444644	-2.08578
1.94584	-0.0449252	-2.08624
1.95581	-0.0453885	-2.08671
1.96579	-0.045854	-2.08717
1.97577	-0.046322	-2.08764
1.98575	-0.0467923	-2.08811
1.99572	-0.047265	-2.08858
2.0057	-0.0477401	-2.08906
2.01568	-0.0482175	-2.08954
2.02566	-0.0486973	-2.09002
2.03563	-0.0491795	-2.0905
2.04561	-0.0496641	-2.09098
2.05559	-0.050151	-2.09147
2.06557	-0.0506403	-2.09196
2.07554	-0.051132	-2.09245
2.08552	-0.051626	-2.09294
2.0955	-0.0521224	-2.09344
2.10548	-0.0526212	-2.09394
2.11545	-0.0531223	-2.09444
2.12543	-0.0536258	-2.09494
2.13541	-0.0541317	-2.09545
2.14539	-0.05464	-2.09596
2.15536	-0.0551506	-2.09647
2.16534	-0.0556636	-2.09698
2.17532	-0.056179	-2.0975
2.1853	-0.0566968	-2.09802
2.19527	-0.0572169	-2.09854
2.20525	-0.0577394	-2.09906
2.21523	-0.0582642	-2.09958
2.22521	-0.0587915	-2.10011
2.23518	-0.0593211	-2.10064
2.24516	-0.0598531	-2.10117
2.25514	-0.0603874	-2.10171
2.26512	-0.0609241	-2.10224
2.27509	-0.0614632	-2.10278
2.28507	-0.0620047	-2.10332
2.29505	-0.0625485	-2.10387
2.30503	-0.0630947	-2.10441
2.315	-0.0636433	-2.10496
2.32498	-0.0641943	-2.10551
2.33496	-0.0647476	-2.10607
2.34494	-0.0653033	-2.10662
2.35491	-0.0658613	-2.10718
2.36489	-0.0664218	-2.10774
2.37487	-0.0669846	-2.1083
2.38485	-0.0675498	-2.10887
2.39482	-0.0681173	-2.10944
2.4048	-0.0686872	-2.11001
2.41478	-0.0692595	-2.11058
2.42476	-0.0698342	-2.11115
2.43473	-0.0704112	-2.11173
2.44471	-0.0709907	-2.11231
2.45469	-0.0715724	-2.11289
2.46467	-0.0721566	-2.11348
2.47464	-0.0727431	-2.11406
2.48462	-0.073332	-2.11465
2.4946	-0.0739233	-2.11524
2.50458	-0.0745169	-2.11584
2.51455	-0.075113	-2.11643
2.52453	-0.0757113	-2.11703
2.53451	-0.0763121	-2.11763
2.54449	-0.0769152	-2.11823
2.55446	-0.0775207	-2.11884
2.56444	-0.0781286	-2.11945
2.57442	-0.0787389	-2.12006
2.5844	-0.0793515	-2.12067
2.59437	-0.0799665	-2.12129
2.60435	-0.0805838	-2.1219
2.61433	-0.0812036	-2.12252
2.62431	-0.0818257	-2.12314
2.63428	-0.0824502	-2.12377
2.64426	-0.083077	-2.1244
2.65424	-0.0837063	-2.12503
2.66422	-0.0843379	-2.12566
2.67419	-0.0849718	-2.12629
2.68417	-0.0856082	-2.12693
2.69415	-0.0862469	-2.12757
2.70413	-0.086888	-2.12821
2.7141	-0.0875315	-2.12885
2.72408	-0.0881773	-2.1295
2.73406	-0.0888255	-2.13014
2.74404	-0.0894761	-2.13079
2.75401	-0.090129	-2.13145
2.76399	-0.0907844	-2.1321
2.77397	-0.0914421	-2.13276
2.78395	-0.0921021	-2.13342
2.79392	-0.0927646	-2.13408
2.8039	-0.0934294	-2.13475
2.81388	-0.0940966	-2.13542
2.82386	-0.0947661	-2.13608
2.83383	-0.0954381	-2.13676
2.84381	-0.0961124	-2.13743
2.85379	-0.0967891	-2.13811
2.86377	-0.0974681	-2.13879
2.87374	-0.0981495	-2.13947
2.88372	-0.0988333	-2.14015
2.8937	-0.0995195	-2.14084
2.90368	-0.100208	-2.14153
2.91365	-0.100899	-2.14222
2.92363	-0.101592	-2.14291
2.93361	-0.102288	-2.14361
2.94359	-0.102986	-2.1443
2.95356	-0.103686	-2.14501
2.96354	-0.104389	-2.14571
2.97352	-0.105094	-2.14641
2.9835	-0.105802	-2.14712
2.99347	-0.106512	-2.14783
3.00345	-0.107224	-2.14854
3.01343	-0.107939	-2.14926
3.02341	-0.108656	-2.14997
3.03338	-0.109375	-2.15069
3.04336	-0.110097	-2.15142
3.05334	-0.110821	-2.15214
3.06332	-0.111548	-2.15287
3.07329	-0.112276	-2.1536
3.08327	-0.113008	-2.15433
3.09325	-0.113741	-2.15506
3.10323	-0.114477	-2.1558
3.1132	-0.115216	-2.15653
3.12318	-0.115956	-2.15728
3.13316	-0.1167	-2.15802
3.14314	-0.117445	-2.15876
3.15311	-0.118193	-2.15951
3.16309	-0.118943	-2.16026
3.17307	-0.119696	-2.16101
3.18305	-0.120451	-2.16177
3.19302	-0.121208	-2.16253
3.203	-0.121968	-2.16329
3.21298	-0.12273	-2.16405
3.22296	-0.123495	-2.16481
3.23293	-0.124261	-2.16558
3.24291	-0.125031	-2.16635
3.25289	-0.125802	-2.16712
3.26287	-0.126576	-2.16789
3.27284	-0.127353	-2.16867
3.28282	-0.128131	-2.16945
3.2928	-0.128912	-2.17023
3.30278	-0.129696	-2.17101
3.31275	-0.130482	-2.1718
3.32273	-0.13127	-2.17259
3.33271	-0.132061	-2.17338
3.34269	-0.132854	-2.17417
3.35266	-0.133649	-2.17497
3.36264	-0.134447	-2.17577
3.37262	-0.135247	-2.17657
3.3826	-0.136049	-2.17737
3.39257	-0.136854	-2.17817
3.40255	-0.137661	-2.17898
3.41253	-0.138471	-2.17979
3.42251	-0.139283	-2.1806
3.43248	-0.140097	-2.18142
3.44246	-0.140914	-2.18223
3.45244	-0.141733	-2.18305
3.46242	-0.142554	-2.18387
3.47239	-0.143378	-2.1847
3.48237	-0.144204	-2.18552
3.49235	-0.145033	-2.18635
3.50233	-0.145864	-2.18718
3.5123	-0.146697	-2.18802
3.52228	-0.147533	-2.18885
3.53226	-0.148371	-2.18969
3.54224	-0.149211	-2.19053
3.55221	-0.150054	-2.19137
3.56219	-0.150899	-2.19222
3.57217	-0.151747	-2.19307
3.58215	-0.152597	-2.19392
3.59212	-0.153449	-2.19477
3.6021	-0.154304	-2.19562
3.61208	-0.155161	-2.19648
3.62206	-0.15602	-2.19734
3.63203	-0.156882	-2.1982
3.64201	-0.157746	-2.19907
3.65199	-0.158613	-2.19993
3.66197	-0.159482	-2.2008
3.67194	-0.160353	-2.20167
3.68192	-0.161227	-2.20255
3.6919	-0.162103	-2.20342
3.70188	-0.162981	-2.2043
3.71185	-0.163862	-2.20518
3.72183	-0.164745	-2.20606
3.73181	-0.165631	-2.20695
3.74179	-0.166519	-2.20784
3.75176	-0.167409	-2.20873
3.76174	-0.168302	-2.20962
3.77172	-0.169197	-2.21052
3.7817	-0.170094	-2.21141
3.79167	-0.170994	-2.21231
3.80165	-0.171896	-2.21321
3.81163	-0.172801	-2.21412
3.82161	-0.173708	-2.21503
3.83158	-0.174617	-2.21594
3.84156	-0.175529	-2.21685
3.85154	-0.176443	-2.21776
3.86152	-0.177359	-2.21868
3.87149	-0.178278	-2.2196
3.88147	-0.179199	-2.22052
3.89145	-0.180122	-2.22144
3.90143	-0.181048	-2.22237
3.9114	-0.181977	-2.2233
3.92138	-0.182907	-2.22423
3.93136	-0.18384	-2.22516
3.94134	-0.184776	-2.22609
3.95131	-0.185713	-2.22703
3.96129	-0.186654	-2.22797
3.97127	-0.187596	-2.22891
3.98125	-0.188541	-2.22986
3.99122	-0.189488	-2.23081
4.0012	-0.190438	-2.23176
4.01118	-0.19139	-2.23271
4.02116	-0.192344	-2.23366
4.03113	-0.193301	-2.23462
4.04111	-0.19426	-2.23558
4.05109	-0.195222	-2.23654
4.06107	-0.196186	-2.2375
4.07104	-0.197152	-2.23847
4.08102	-0.19812	-2.23944
4.091	-0.199091	-2.24041
4.10098	-0.200065	-2.24138
4.11095	-0.201041	-2.24236
4.12093	-0.202019	-2.24334
4.13091	-0.202999	-2.24432
4.14089	-0.203982	-2.2453
4.15086	-0.204967	-2.24629
4.16084	-0.205955	-2.24727
4.17082	-0.206945	-2.24826
4.1808	-0.207937	-2.24926
4.19077	-0.208932	-2.25025
4.20075	-0.209929	-2.25125
4.21073	-0.210929	-2.25225
4.22071	-0.211931	-2.25325
4.23068	-0.212935	-2.25425
4.24066	-0.213941	-2.25526
4.25064	-0.21495	-2.25627
4.26062	-0.215962	-2.25728
4.27059	-0.216975	-2.25829
4.28057	-0.217992	-2.25931
4.29055	-0.21901	-2.26033
4.30053	-0.220031	-2.26135
4.3105	-0.221054	-2.26237
4.32048	-0.22208	-2.2634
4.33046	-0.223108	-2.26443
4.34044	-0.224138	-2.26546
4.35041	-0.225171	-2.26649
4.36039	-0.226206	-2.26752
4.37037	-0.227243	-2.26856
4.38035	-0.228283	-2.2696
4.39032	-0.229325	-2.27064
4.4003	-0.23037	-2.27169
4.41028	-0.231417	-2.27274
4.42026	-0.232466	-2.27378
4.43023	-0.233518	-2.27484
4.44021	-0.234572	-2.27589
4.45019	-0.235628	-2.27695
4.46017	-0.236687	-2.27801
4.47014	-0.237748	-2.27907
4.48012	-0.238812	-2.28013
4.4901	-0.239878	-2.2812
4.50008	-0.240946	-2.28226
4.51005	-0.242017	-2.28334
4.52003	-0.24309	-2.28441
4.53001	-0.244165	-2.28548
4.53998	-0.245243	-2.28656
4.54996	-0.246323	-2.28764
4.55994	-0.247406	-2.28872
4.56992	-0.248491	-2.28981
4.57989	-0.249578	-2.2909
4.58987	-0.250668	-2.29199
4.59985	-0.25176	-2.29308
4.60983	-0.252854	-2.29417
4.6198	-0.253951	-2.29527
4.62978	-0.25505	-2.29637
4.63976	-0.256152	-2.29747
4.64974	-0.257256	-2.29857
4.65971	-0.258362	-2.29968
4.66969	-0.259471	-2.30079
4.67967	-0.260582	-2.3019
4.68965	-0.261695	-2.30301
4.69962	-0.262811	-2.30413
4.7096	-0.263929	-2.30525
4.71958	-0.265049	-2.30637
4.72956	-0.266172	-2.30749
4.73953	-0.267297	-2.30862
4.74951	-0.268425	-2.30974
4.75949	-0.269555	-2.31087
4.76947	-0.270687	-2.31201
4.77944	-0.271822	-2.31314
4.78942	-0.272959	-2.31428
4.7994	-0.274099	-2.31542
4.80938	-0.275241	-2.31656
4.81935	-0.276385	-2.3177
4.82933	-0.277531	-2.31885
4.83931	-0.27868	-2.32
4.84929	-0.279832	-2.32115
4.85926	-0.280985	-2.3223
4.86924	-0.282142	-2.32346
4.87922	-0.2833	-2.32462
4.8892	-0.284461	-2.32578
4.89917	-0.285624	-2.32694
4.90915	-0.28679	-2.32811
4.91913	-0.287958	-2.32928
4.92911	-0.289128	-2.33045
4.93908	-0.290301	-2.33162
4.94906	-0.291476	-2.33279
4.95904	-0.292653	-2.33397
4.96902	-0.293833	-2.33515
4.97899	-0.295015	-2.33633
4.98897	-0.2962	-2.33752
4.99895	-0.297386	-2.33871
5.00893	-0.298576	-2.33989
5.0189	-0.299767	-2.34109
5.02888	-0.300961	-2.34228
5.03886	-0.302158	-2.34348
5.04884	-0.303357	-2.34468
5.05881	-0.304558	-2.34588
5.06879	-0.305761	-2.34708
5.07877	-0.306967	-2.34829
5.08875	-0.308175	-2.34949
5.09872	-0.309386	-2.3507
5.1087	-0.310599	-2.35192
5.11868	-0.311814	-2.35313
5.12866	-0.313032	-2.35435
5.13863	-0.314252	-2.35557
5.14861	-0.315475	-2.35679
5.15859	-0.316699	-2.35802
5.16857	-0.317927	-2.35925
5.17854	-0.319156	-2.36047
5.18852	-0.320388	-2.36171
5.1985	-0.321622	-2.36294
5.20848	-0.322859	-2.36418
5.21845	-0.324098	-2.36542
5.22843	-0.32534	-2.36666
5.23841	-0.326583	-2.3679
5.24839	-0.32783	-2.36915
5.25836	-0.329078	-2.3704
5.26834	-0.330329	-2.37165
5.27832	-0.331582	-2.3729
5.2883	-0.332838	-2.37416
5.29827	-0.334096	-2.37541
5.30825	-0.335356	-2.37668
5.31823	-0.336619	-2.37794
5.32821	-0.337884	-2.3792
5.33818	-0.339152	-2.38047
5.34816	-0.340421	-2.38174
5.35814	-0.341694	-2.38301
5.36812	-0.342968	-2.38429
5.37809	-0.344245	-2.38556
5.38807	-0.345525	-2.38684
5.39805	-0.346806	-2.38813
5.40803	-0.34809	-2.38941
5.418	-0.349377	-2.3907
5.42798	-0.350666	-2.39198
5.43796	-0.351957	-2.39328
5.44794	-0.35325	-2.39457
5.45791	-0.354546	-2.39586
5.46789	-0.355844	-2.39716
5.47787	-0.357145	-2.39846
5.48785	-0.358448	-2.39977
5.49782	-0.359753	-2.40107
5.5078	-0.361061	-2.40238
5.51778	-0.362371	-2.40369
5.52776	-0.363684	-2.405
5.53773	-0.364999	-2.40632
5.54771	-0.366316	-2.40763
5.55769	-0.367635	-2.40895
5.56767	-0.368957	-2.41028
5.57764	-0.370282	-2.4116
5.58762	-0.371608	-2.41293
5.5976	-0.372937	-2.41426
5.60758	-0.374269	-2.41559
5.61755	-0.375602	-2.41692
5.62753	-0.376939	-2.41826
5.63751	-0.378277	-2.4196
5.64749	-0.379618	-2.42094
5.65746	-0.380961	-2.42228
5.66744	-0.382307	-2.42363
5.67742	-0.383655	-2.42497
5.6874	-0.385005	-2.42632
5.69737	-0.386358	-2.42768
5.70735	-0.387713	-2.42903
5.71733	-0.38907	-2.43039
5.72731	-0.39043	-2.43175
5.73728	-0.391792	-2.43311
5.74726	-0.393157	-2.43448
5.75724	-0.394524	-2.43584
5.76722	-0.395893	-2.43721
5.77719	-0.397264	-2.43858
5.78717	-0.398638	-2.43996
5.79715	-0.400015	-2.44133
5.80713	-0.401393	-2.44271
5.8171	-0.402775	-2.44409
5.82708	-0.404158	-2.44548
5.83706	-0.405544	-2.44686
5.84704	-0.406932	-2.44825
5.85701	-0.408322	-2.44964
5.86699	-0.409715	-2.45103
5.87697	-0.411111	-2.45243
5.88695	-0.412508	-2.45383
5.89692	-0.413908	-2.45523
5.9069	-0.415311	-2.45663
5.91688	-0.416715	-2.45803
5.92686	-0.418122	-2.45944
5.93683	-0.419532	-2.46085
5.94681	-0.420944	-2.46226
5.95679	-0.422358	-2.46368
5.96677	-0.423774	-2.46509
5.97674	-0.425193	-2.46651
5.98672	-0.426614	-2.46793
5.9967	-0.428038	-2.46936
6.00668	-0.429464	-2.47078
6.01665	-0.430892	-2.47221
6.02663	-0.432323	-2.47364
6.03661	-0.433756	-2.47507
6.04659	-0.435191	-2.47651
6.05656	-0.436629	-2.47795
6.06654	-0.438069	-2.47939
6.07652	-0.439512	-2.48083
6.0865	-0.440957	-2.48228
6.09647	-0.442404	-2.48372
6.10645	-0.443853	-2.48517
6.11643	-0.445305	-2.48662
6.12641	-0.44676	-2.48808
6.13638	-0.448216	-2.48954
6.14636	-0.449675	-2.49099
6.15634	-0.451137	-2.49246
6.16632	-0.452601	-2.49392
6.17629	-0.454067	-2.49539
6.18627	-0.455535	-2.49685
6.19625	-0.457006	-2.49832
6.20623	-0.458479	-2.4998
6.2162	-0.459955	-2.50127
6.22618	-0.461432	-2.50275
6.23616	-0.462913	-2.50423
6.24614	-0.464395	-2.50571
6.25611	-0.46588	-2.5072
6.26609	-0.467368	-2.50869
6.27607	-0.468857	-2.51018
6.28605	-0.470349	-2.51167
6.29602	-0.471844	-2.51316
6.306	-0.473341	-2.51466
6.31598	-0.47484	-2.51616
6.32596	-0.476341	-2.51766
6.33593	-0.477845	-2.51916
6.34591	-0.479351	-2.52067
6.35589	-0.48086	-2.52218
6.36587	-0.482371	-2.52369
6.37584	-0.483884	-2.5252
6.38582	-0.485399	-2.52672
6.3958	-0.486917	-2.52824
6.40578	-0.488438	-2.52976
6.41575	-0.48996	-2.53128
6.42573	-0.491485	-2.5328
6.43571	-0.493013	-2.53433
6.44569	-0.494543	-2.53586
6.45566	-0.496075	-2.53739
6.46564	-0.497609	-2.53893
6.47562	-0.499146	-2.54046
6.4856	-0.500685	-2.542
6.49557	-0.502227	-2.54355
6.50555	-0.503771	-2.54509
6.51553	-0.505317	-2.54664
6.52551	-0.506865	-2.54818
6.53548	-0.508416	-2.54974
6.54546	-0.50997	-2.55129
6.55544	-0.511525	-2.55284
6.56542	-0.513083	-2.5544
6.57539	-0.514644	-2.55596
6.58537	-0.516206	-2.55753
6.59535	-0.517771	-2.55909
6.60533	-0.519339	-2.56066
6.6153	-0.520909	-2.56223
6.62528	-0.522481	-2.5638
6.63526	-0.524055	-2.56537
6.64524	-0.525632	-2.56695
6.65521	-0.527211	-2.56853
6.66519	-0.528793	-2.57011
6.67517	-0.530376	-2.5717
6.68515	-0.531963	-2.57328
6.69512	-0.533551	-2.57487
6.7051	-0.535142	-2.57646
6.71508	-0.536735	-2.57805
6.72506	-0.538331	-2.57965
6.73503	-0.539929	-2.58125
6.74501	-0.541529	-2.58285
6.75499	-0.543132	-2.58445
6.76497	-0.544737	-2.58606
6.77494	-0.546344	-2.58766
6.78492	-0.547954	-2.58927
6.7949	-0.549566	-2.59089
6.80488	-0.551181	-2.5925
6.81485	-0.552797	-2.59412
6.82483	-0.554417	-2.59574
6.83481	-0.556038	-2.59736
6.84479	-0.557662	-2.59898
6.85476	-0.559288	-2.60061
6.86474	-0.560917	-2.60224
6.87472	-0.562547	-2.60387
6.8847	-0.564181	-2.6055
6.89467	-0.565816	-2.60713
6.90465	-0.567454	-2.60877
6.91463	-0.569094	-2.61041
6.92461	-0.570737	-2.61206
6.93458	-0.572382	-2.6137
6.94456	-0.574029	-2.61535
6.95454	-0.575679	-2.617
6.96452	-0.577331	-2.61865
6.97449	-0.578985	-2.6203
6.98447	-0.580642	-2.62196
6.99445	-0.582301	-2.62362
7.00443	-0.583962	-2.62528
7.0144	-0.585626	-2.62694
7.02438	-0.587292	-2.62861
7.03436	-0.58896	-2.63028
7.04434	-0.590631	-2.63195
7.05431	-0.592304	-2.63362
7.06429	-0.593979	-2.6353
7.07427	-0.595657	-2.63698
7.08425	-0.597337	-2.63866
7.09422	-0.59902	-2.64034
7.1042	-0.600704	-2.64202
7.11418	-0.602392	-2.64371
7.12416	-0.604081	-2.6454
7.13413	-0.605773	-2.64709
7.14411	-0.607467	-2.64879
7.15409	-0.609163	-2.65048
7.16407	-0.610862	-2.65218
7.17404	-0.612563	-2.65388
7.18402	-0.614267	-2.65559
7.194	-0.615973	-2.65729
7.20398	-0.617681	-2.659
7.21395	-0.619392	-2.66071
7.22393	-0.621104	-2.66242
7.23391	-0.62282	-2.66414
7.24389	-0.624537	-2.66586
7.25386	-0.626257	-2.66758
7.26384	-0.627979	-2.6693
7.27382	-0.629704	-2.67102
7.2838	-0.631431	-2.67275
7.29377	-0.63316	-2.67448
7.30375	-0.634892	-2.67621
7.31373	-0.636625	-2.67794
7.32371	-0.638362	-2.67968
7.33368	-0.6401	-2.68142
7.34366	-0.641841	-2.68316
7.35364	-0.643584	-2.6849
7.36362	-0.64533	-2.68665
7.37359	-0.647078	-2.6884
7.38357	-0.648828	-2.69015
7.39355	-0.650581	-2.6919
7.40353	-0.652336	-2.69365
7.4135	-0.654093	-2.69541
7.42348	-0.655853	-2.69717
7.43346	-0.657615	-2.69893
7.44344	-0.659379	-2.7007
7.45341	-0.661145	-2.70246
7.46339	-0.662914	-2.70423
7.47337	-0.664686	-2.706
7.48335	-0.666459	-2.70778
7.49332	-0.668235	-2.70955
7.5033	-0.670013	-2.71133
7.51328	-0.671794	-2.71311
7.52326	-0.673577	-2.7149
7.53323	-0.675362	-2.71668
7.54321	-0.67715	-2.71847
7.55319	-0.67894	-2.72026
7.56317	-0.680732	-2.72205
7.57314	-0.682526	-2.72385
7.58312	-0.684323	-2.72564
7.5931	-0.686123	-2.72744
7.60308	-0.687924	-2.72924
7.61305	-0.689728	-2.73105
7.62303	-0.691534	-2.73285
7.63301	-0.693343	-2.73466
7.64299	-0.695154	-2.73647
7.65296	-0.696967	-2.73829
7.66294	-0.698782	-2.7401
7.67292	-0.7006	-2.74192
7.6829	-0.70242	-2.74374
7.69287	-0.704243	-2.74556
7.70285	-0.706068	-2.74739
7.71283	-0.707895	-2.74921
7.72281	-0.709724	-2.75104
7.73278	-0.711556	-2.75288
7.74276	-0.71339	-2.75471
7.75274	-0.715227	-2.75655
7.76272	-0.717066	-2.75838
7.77269	-0.718907	-2.76023
7.78267	-0.72075	-2.76207
7.79265	-0.722596	-2.76391
7.80263	-0.724444	-2.76576
7.8126	-0.726294	-2.76761
7.82258	-0.728147	-2.76947
7.83256	-0.730002	-2.77132
7.84254	-0.73186	-2.77318
7.85251	-0.733719	-2.77504
7.86249	-0.735581	-2.7769
7.87247	-0.737446	-2.77876
7.88245	-0.739312	-2.78063
7.89242	-0.741181	-2.7825
7.9024	-0.743053	-2.78437
7.91238	-0.744926	-2.78624
7.92236	-0.746802	-2.78812
7.93233	-0.74868	-2.79
7.94231	-0.750561	-2.79188
7.95229	-0.752444	-2.79376
7.96227	-0.754329	-2.79565
7.97224	-0.756216	-2.79754
7.98222	-0.758106	-2.79943
7.9922	-0.759998	-2.80132
8.00218	-0.761893	-2.80321
8.01215	-0.76379	-2.80511
8.02213	-0.765689	-2.80701
8.03211	-0.76759	-2.80891
8.04209	-0.769494	-2.81081
8.05206	-0.7714	-2.81272
8.06204	-0.773308	-2.81463
8.07202	-0.775219	-2.81654
8.082	-0.777132	-2.81845
8.09197	-0.779047	-2.82037
8.10195	-0.780965	-2.82228
8.11193	-0.782885	-2.8242
8.12191	-0.784807	-2.82613
8.13188	-0.786732	-2.82805
8.14186	-0.788658	-2.82998
8.15184	-0.790588	-2.83191
8.16182	-0.792519	-2.83384
8.17179	-0.794453	-2.83577
8.18177	-0.796389	-2.83771
8.19175	-0.798327	-2.83965
8.20173	-0.800268	-2.84159
8.2117	-0.802211	-2.84353
8.22168	-0.804156	-2.84548
8.23166	-0.806104	-2.84742
8.24164	-0.808054	-2.84937
8.25161	-0.810006	-2.85133
8.26159	-0.811961	-2.85328
8.27157	-0.813918	-2.85524
8.28155	-0.815877	-2.8572
8.29152	-0.817838	-2.85916
8.3015	-0.819802	-2.86112
8.31148	-0.821768	-2.86309
8.32146	-0.823737	-2.86506
8.33143	-0.825707	-2.86703
8.34141	-0.82768	-2.869
8.35139	-0.829656	-2.87097
8.36137	-0.831633	-2.87295
8.37134	-0.833613	-2.87493
8.38132	-0.835596	-2.87691
8.3913	-0.83758	-2.8789
8.40128	-0.839567	-2.88089
8.41125	-0.841556	-2.88287
8.42123	-0.843547	-2.88487
8.43121	-0.845541	-2.88686
8.44119	-0.847537	-2.88886
8.45116	-0.849535	-2.89085
8.46114	-0.851536	-2.89285
8.47112	-0.853539	-2.89486
8.4811	-0.855544	-2.89686
8.49107	-0.857552	-2.89887
8.50105	-0.859562	-2.90088
8.51103	-0.861574	-2.90289
8.52101	-0.863588	-2.90491
8.53098	-0.865605	-2.90692
8.54096	-0.867624	-2.90894
8.55094	-0.869645	-2.91096
8.56092	-0.871669	-2.91299
8.57089	-0.873695	-2.91501
8.58087	-0.875723	-2.91704
8.59085	-0.877753	-2.91907
8.60083	-0.879786	-2.9211
8.6108	-0.881821	-2.92314
8.62078	-0.883858	-2.92518
8.63076	-0.885898	-2.92722
8.64074	-0.88794	-2.92926
8.65071	-0.889984	-2.9313
8.66069	-0.892031	-2.93335
8.67067	-0.89408	-2.9354
8.68065	-0.896131	-2.93745
8.69062	-0.898184	-2.9395
8.7006	-0.90024	-2.94156
8.71058	-0.902298	-2.94362
8.72056	-0.904358	-2.94568
8.73053	-0.906421	-2.94774
8.74051	-0.908485	-2.9498
8.75049	-0.910552	-2.95187
8.76047	-0.912622	-2.95394
8.77044	-0.914694	-2.95601
8.78042	-0.916768	-2.95809
8.7904	-0.918844	-2.96016
8.80038	-0.920922	-2.96224
8.81035	-0.923003	-2.96432
8.82033	-0.925086	-2.96641
8.83031	-0.927172	-2.96849
8.84029	-0.929259	-2.97058
8.85026	-0.931349	-2.97267
8.86024	-0.933442	-2.97476
8.87022	-0.935536	-2.97685
8.8802	-0.937633	-2.97895
8.89017	-0.939732	-2.98105
8.90015	-0.941833	-2.98315
8.91013	-0.943937	-2.98526
8.92011	-0.946043	-2.98736
8.93008	-0.948151	-2.98947
8.94006	-0.950262	-2.99158
8.95004	-0.952374	-2.99369
8.96002	-0.954489	-2.99581
8.96999	-0.956607	-2.99793
8.97997	-0.958726	-3.00005
8.98995	-0.960848	-3.00217
8.99992	-0.962972	-3.00429
9.0099	-0.965099	-3.00642
9.01988	-0.967228	-3.00855
9.02986	-0.969358	-3.01068
9.03983	-0.971492	-3.01281
9.04981	-0.973627	-3.01495
9.05979	-0.975765	-3.01708
9.06977	-0.977905	-3.01922
9.07974	-0.980047	-3.02137
9.08972	-0.982192	-3.02351
9.0997	-0.984339	-3.02566
9.10968	-0.986488	-3.02781
9.11965	-0.988639	-3.02996
9.12963	-0.990793	-3.03211
9.13961	-0.992949	-3.03427
9.14959	-0.995107	-3.03643
9.15956	-0.997268	-3.03859
9.16954	-0.999431	-3.04075
9.17952	-1.0016	-3.04291
9.1895	-1.00376	-3.04508
9.19947	-1.00593	-3.04725
9.20945	-1.0081	-3.04942
9.21943	-1.01028	-3.0516
9.22941	-1.01245	-3.05377
9.23938	-1.01463	-3.05595
9.24936	-1.01681	-3.05813
9.25934	-1.019	-3.06032
9.26932	-1.02118	-3.0625
9.27929	-1.02337	-3.06469
9.28927	-1.02556	-3.06688
9.29925	-1.02775	-3.06907
9.30923	-1.02995	-3.07127
9.3192	-1.03214	-3.07346
9.32918	-1.03434	-3.07566
9.33916	-1.03654	-3.07786
9.34914	-1.03875	-3.08007
9.35911	-1.04095	-3.08227
9.36909	-1.04316	-3.08448
9.37907	-1.04537	-3.08669
9.38905	-1.04758	-3.0889
9.39902	-1.0498	-3.09112
9.409	-1.05202	-3.09333
9.41898	-1.05423	-3.09555
9.42896	-1.05646	-3.09778
9.43893	-1.05868	-3.1
9.44891	-1.06091	-3.10222
9.45889	-1.06313	-3.10445
9.46887	-1.06536	-3.10668
9.47884	-1.0676	-3.10892
9.48882	-1.06983	-3.11115
9.4988	-1.07207	-3.11339
9.50878	-1.07431	-3.11563
9.51875	-1.07655	-3.11787
9.52873	-1.0788	-3.12011
9.53871	-1.08104	-3.12236
9.54869	-1.08329	-3.12461
9.55866	-1.08554	-3.12686
9.56864	-1.08779	-3.12911
9.57862	-1.09005	-3.13137
9.5886	-1.09231	-3.13363
9.59857	-1.09457	-3.13589
9.60855	-1.09683	-3.13815
9.61853	-1.09909	-3.14041
9.62851	-1.10136	-3.14268
9.63848	-1.10363	-3.14495
9.64846	-1.1059	-3.14722
9.65844	-1.10817	-3.14949
9.66842	-1.11045	-3.15177
9.67839	-1.11273	-3.15404
9.68837	-1.11501	-3.15632
9.69835	-1.11729	-3.15861
9.70833	-1.11957	-3.16089
9.7183	-1.12186	-3.16318
9.72828	-1.12415	-3.16547
9.73826	-1.12644	-3.16776
9.74824	-1.12873	-3.17005
9.75821	-1.13103	-3.17235
9.76819	-1.13333	-3.17464
9.77817	-1.13563	-3.17694
9.78815	-1.13793	-3.17925
9.79812	-1.14023	-3.18155
9.8081	-1.14254	-3.18386
9.81808	-1.14485	-3.18617
9.82806	-1.14716	-3.18848
9.83803	-1.14947	-3.19079
9.84801	-1.15179	-3.19311
9.85799	-1.15411	-3.19542
9.86797	-1.15643	-3.19774
9.87794	-1.15875	-3.20007
9.88792	-1.16107	-3.20239
9.8979	-1.1634	-3.20472
9.90788	-1.16573	-3.20705
9.91785	-1.16806	-3.20938
9.92783	-1.17039	-3.21171
9.93781	-1.17273	-3.21405
9.94779	-1.17507	-3.21639
9.95776	-1.17741	-3.21873
9.96774	-1.17975	-3.22107
9.97772	-1.18209	-3.22341
9.9877	-1.18444	-3.22576
9.99767	-1.18679	-3.22811
10.0077	-1.18914	-3.23046
10.0176	-1.1915	-3.23281
10.0276	-1.19385	-3.23517
10.0376	-1.19621	-3.23753
10.0476	-1.19857	-3.23989
10.0575	-1.20093	-3.24225
10.0675	-1.2033	-3.24461
10.0775	-1.20566	-3.24698
10.0875	-1.20803	-3.24935
10.0974	-1.2104	-3.25172
10.1074	-1.21278	-3.25409
10.1174	-1.21515	-3.25647
10.1274	-1.21753	-3.25885
10.1374	-1.21991	-3.26123
10.1473	-1.22229	-3.26361
10.1573	-1.22468	-3.266
10.1673	-1.22706	-3.26838
10.1773	-1.22945	-3.27077
10.1872	-1.23184	-3.27316
10.1972	-1.23424	-3.27556
10.2072	-1.23663	-3.27795
10.2172	-1.23903	-3.28035
10.2272	-1.24143	-3.28275
10.2371	-1.24383	-3.28515
10.2471	-1.24624	-3.28756
10.2571	-1.24864	-3.28996
10.2671	-1.25105	-3.29237
10.277	-1.25346	-3.29478
10.287	-1.25588	-3.29719
10.297	-1.25829	-3.29961
10.307	-1.26071	-3.30203
10.317	-1.26313	-3.30445
10.3269	-1.26555	-3.30687
10.3369	-1.26797	-3.30929
10.3469	-1.2704	-3.31172
10.3569	-1.27283	-3.31415
10.3668	-1.27526	-3.31658
10.3768	-1.27769	-3.31901
10.3868	-1.28013	-3.32145
10.3968	-1.28257	-3.32388
10.4068	-1.28501	-3.32632
10.4167	-1.28745	-3.32877
10.4267	-1.28989	-3.33121
10.4367	-1.29234	-3.33366
10.4467	-1.29479	-3.3361
10.4566	-1.29724	-3.33855
10.4666	-1.29969	-3.34101
10.4766	-1.30214	-3.34346
10.4866	-1.3046	-3.34592
10.4965	-1.30706	-3.34838
10.5065	-1.30952	-3.35084
10.5165	-1.31199	-3.3533
10.5265	-1.31445	-3.35577
10.5365	-1.31692	-3.35824
10.5464	-1.31939	-3.36071
10.5564	-1.32186	-3.36318
10.5664	-1.32434	-3.36565
10.5764	-1.32681	-3.36813
10.5863	-1.32929	-3.37061
10.5963	-1.33177	-3.37309
10.6063	-1.33426	-3.37557
10.6163	-1.33674	-3.37806
10.6263	-1.33923	-3.38055
10.6362	-1.34172	-3.38304
10.6462	-1.34421	-3.38553
10.6562	-1.34671	-3.38802
10.6662	-1.3492	-3.39052
10.6761	-1.3517	-3.39302
10.6861	-1.3542	-3.39552
10.6961	-1.3567	-3.39802
10.7061	-1.35921	-3.40053
10.7161	-1.36172	-3.40303
10.726	-1.36423	-3.40554
10.736	-1.36674	-3.40806
10.746	-1.36925	-3.41057
10.756	-1.37177	-3.41309
10.7659	-1.37428	-3.4156
10.7759	-1.3768	-3.41812
10.7859	-1.37933	-3.42065
10.7959	-1.38185	-3.42317
10.8059	-1.38438	-3.4257
10.8158	-1.38691	-3.42823
10.8258	-1.38944	-3.43076
10.8358	-1.39197	-3.43329
10.8458	-1.39451	-3.43583
10.8557	-1.39704	-3.43836
10.8657	-1.39958	-3.4409
10.8757	-1.40213	-3.44344
10.8857	-1.40467	-3.44599
10.8956	-1.40722	-3.44854
10.9056	-1.40976	-3.45108
10.9156	-1.41232	-3.45363
10.9256	-1.41487	-3.45619
10.9356	-1.41742	-3.45874
10.9455	-1.41998	-3.4613
10.9555	-1.42254	-3.46386
10.9655	-1.4251	-3.46642
10.9755	-1.42766	-3.46898
10.9854	-1.43023	-3.47155
10.9954	-1.4328	-3.47412
11.0054	-1.43537	-3.47669
11.0154	-1.43794	-3.47926
11.0254	-1.44051	-3.48183
11.0353	-1.44309	-3.48441
11.0453	-1.44567	-3.48699
11.0553	-1.44825	-3.48957
11.0653	-1.45083	-3.49215
11.0752	-1.45342	-3.49473
11.0852	-1.456	-3.49732
11.0952	-1.45859	-3.49991
11.1052	-1.46118	-3.5025
11.1152	-1.46378	-3.5051
11.1251	-1.46637	-3.50769
11.1351	-1.46897	-3.51029
11.1451	-1.47157	-3.51289
11.1551	-1.47417	-3.51549
11.165	-1.47678	-3.5181
11.175	-1.47938	-3.5207
11.185	-1.48199	-3.52331
11.195	-1.4846	-3.52592
11.205	-1.48721	-3.52853
11.2149	-1.48983	-3.53115
11.2249	-1.49245	-3.53377
11.2349	-1.49507	-3.53638
11.2449	-1.49769	-3.53901
11.2548	-1.50031	-3.54163
11.2648	-1.50294	-3.54425
11.2748	-1.50556	-3.54688
11.2848	-1.50819	-3.54951
11.2947	-1.51083	-3.55214
11.3047	-1.51346	-3.55478
11.3147	-1.5161	-3.55741
11.3247	-1.51873	-3.56005
11.3347	-1.52137	-3.56269
11.3446	-1.52402	-3.56534
11.3546	-1.52666	-3.56798
11.3646	-1.52931	-3.57063
11.3746	-1.53196	-3.57328
11.3845	-1.53461	-3.57593
11.3945	-1.53726	-3.57858
11.4045	-1.53992	-3.58124
11.4145	-1.54257	-3.58389
11.4245	-1.54523	-3.58655
11.4344	-1.5479	-3.58921
11.4444	-1.55056	-3.59188
11.4544	-1.55322	-3.59454
11.4644	-1.55589	-3.59721
11.4743	-1.55856	-3.59988
11.4843	-1.56123	-3.60255
11.4943	-1.56391	-3.60523
11.5043	-1.56659	-3.6079
11.5143	-1.56926	-3.61058
11.5242	-1.57194	-3.61326
11.5342	-1.57463	-3.61595
11.5442	-1.57731	-3.61863
11.5542	-1.58	-3.62132
11.5641	-1.58269	-3.62401
11.5741	-1.58538	-3.6267
11.5841	-1.58807	-3.62939
11.5941	-1.59077	-3.63209
11.6041	-1.59347	-3.63478
11.614	-1.59616	-3.63748
11.624	-1.59887	-3.64019
11.634	-1.60157	-3.64289
11.644	-1.60428	-3.64559
11.6539	-1.60698	-3.6483
11.6639	-1.60969	-3.65101
11.6739	-1.61241	-3.65373
11.6839	-1.61512	-3.65644
11.6938	-1.61784	-3.65916
11.7038	-1.62056	-3.66187
11.7138	-1.62328	-3.66459
11.7238	-1.626	-3.66732
11.7338	-1.62872	-3.67004
11.7437	-1.63145	-3.67277
11.7537	-1.63418	-3.6755
11.7637	-1.63691	-3.67823
11.7737	-1.63964	-3.68096
11.7836	-1.64238	-3.6837
11.7936	-1.64512	-3.68643
11.8036	-1.64785	-3.68917
11.8136	-1.6506	-3.69191
11.8236	-1.65334	-3.69466
11.8335	-1.65608	-3.6974
11.8435	-1.65883	-3.70015
11.8535	-1.66158	-3.7029
11.8635	-1.66433	-3.70565
11.8734	-1.66709	-3.70841
11.8834	-1.66984	-3.71116
11.8934	-1.6726	-3.71392
11.9034	-1.67536	-3.71668
11.9134	-1.67812	-3.71944
11.9233	-1.68089	-3.72221
11.9333	-1.68365	-3.72497
11.9433	-1.68642	-3.72774
11.9533	-1.68919	-3.73051
11.9632	-1.69197	-3.73328
11.9732	-1.69474	-3.73606
11.9832	-1.69752	-3.73884
11.9932	-1.7003	-3.74161
12.0032	-1.70308	-3.7444
12.0131	-1.70586	-3.74718
12.0231	-1.70864	-3.74996
12.0331	-1.71143	-3.75275
12.0431	-1.71422	-3.75554
12.053	-1.71701	-3.75833
12.063	-1.71981	-3.76112
12.073	-1.7226	-3.76392
12.083	-1.7254	-3.76672
12.0929	-1.7282	-3.76952
12.1029	-1.731	-3.77232
12.1129	-1.7338	-3.77512
12.1229	-1.73661	-3.77793
12.1329	-1.73942	-3.78073
12.1428	-1.74222	-3.78354
12.1528	-1.74504	-3.78636
12.1628	-1.74785	-3.78917
12.1728	-1.75067	-3.79198
12.1827	-1.75348	-3.7948
12.1927	-1.7563	-3.79762
12.2027	-1.75913	-3.80044
12.2127	-1.76195	-3.80327
12.2227	-1.76478	-3.80609
12.2326	-1.7676	-3.80892
12.2426	-1.77043	-3.81175
12.2526	-1.77327	-3.81458
12.2626	-1.7761	-3.81742
12.2725	-1.77894	-3.82026
12.2825	-1.78177	-3.82309
12.2925	-1.78462	-3.82593
12.3025	-1.78746	-3.82878
12.3125	-1.7903	-3.83162
12.3224	-1.79315	-3.83447
12.3324	-1.796	-3.83732
12.3424	-1.79885	-3.84017
12.3524	-1.8017	-3.84302
12.3623	-1.80455	-3.84587
12.3723	-1.80741	-3.84873
12.3823	-1.81027	-3.85159
12.3923	-1.81313	-3.85445
12.4023	-1.81599	-3.85731
12.4122	-1.81886	-3.86018
12.4222	-1.82172	-3.86304
12.4322	-1.82459	-3.86591
12.4422	-1.82746	-3.86878
12.4521	-1.83034	-3.87166
12.4621	-1.83321	-3.87453
12.4721	-1.83609	-3.87741
12.4821	-1.83897	-3.88029
12.492	-1.84185	-3.88317
12.502	-1.84473	-3.88605
12.512	-1.84762	-3.88893
12.522	-1.8505	-3.89182
12.532	-1.85339	-3.89471
12.5419	-1.85628	-3.8976
12.5519	-1.85918	-3.90049
12.5619	-1.86207	-3.90339
12.5719	-1.86497	-3.90629
12.5818	-1.86787	-3.90919
12.5918	-1.87077	-3.91209
12.6018	-1.87367	-3.91499
12.6118	-1.87658	-3.9179
12.6218	-1.87948	-3.9208
12.6317	-1.88239	-3.92371
12.6417	-1.8853	-3.92662
12.6517	-1.88822	-3.92954
12.6617	-1.89113	-3.93245
12.6716	-1.89405	-3.93537
12.6816	-1.89697	-3.93829
12.6916	-1.89989	-3.94121
12.7016	-1.90281	-3.94413
12.7116	-1.90574	-3.94706
12.7215	-1.90866	-3.94998
12.7315	-1.91159	-3.95291
12.7415	-1.91452	-3.95584
12.7515	-1.91746	-3.95878
12.7614	-1.92039	-3.96171
12.7714	-1.92333	-3.96465
12.7814	-1.92627	-3.96759
12.7914	-1.92921	-3.97053
12.8014	-1.93215	-3.97347
12.8113	-1.9351	-3.97642
12.8213	-1.93804	-3.97936
12.8313	-1.94099	-3.98231
12.8413	-1.94394	-3.98526
12.8512	-1.9469	-3.98822
12.8612	-1.94985	-3.99117
12.8712	-1.95281	-3.99413
12.8812	-1.95577	-3.99709
12.8911	-1.95873	-4.00005
12.9011	-1.96169	-4.00301
12.9111	-1.96466	-4.00598
12.9211	-1.96762	-4.00894
12.9311	-1.97059	-4.01191
12.941	-1.97356	-4.01488
12.951	-1.97654	-4.01786
12.961	-1.97951	-4.02083
12.971	-1.98249	-4.02381
12.9809	-1.98547	-4.02679
12.9909	-1.98845	-4.02977
13.0009	-1.99143	-4.03275
13.0109	-1.99441	-4.03573
13.0209	-1.9974	-4.03872
13.0308	-2.00039	-4.04171
13.0408	-2.00338	-4.0447
13.0508	-2.00637	-4.04769
13.0608	-2.00937	-4.05069
13.0707	-2.01236	-4.05368
13.0807	-2.01536	-4.05668
13.0907	-2.01836	-4.05968
13.1007	-2.02136	-4.06268
13.1107	-2.02437	-4.06569
13.1206	-2.02737	-4.06869
13.1306	-2.03038	-4.0717
13.1406	-2.03339	-4.07471
13.1506	-2.0364	-4.07772
13.1605	-2.03942	-4.08074
13.1705	-2.04243	-4.08375
13.1805	-2.04545	-4.08677
13.1905	-2.04847	-4.08979
13.2005	-2.05149	-4.09281
13.2104	-2.05452	-4.09584
13.2204	-2.05754	-4.09886
13.2304	-2.06057	-4.10189
13.2404	-2.0636	-4.10492
13.2503	-2.06663	-4.10795
13.2603	-2.06966	-4.11098
13.2703	-2.0727	-4.11402
13.2803	-2.07574	-4.11706
13.2902	-2.07878	-4.1201
13.3002	-2.08182	-4.12314
13.3102	-2.08486	-4.12618
13.3202	-2.08791	-4.12922
13.3302	-2.09095	-4.13227
13.3401	-2.094	-4.13532
13.3501	-2.09705	-4.13837
13.3601	-2.10011	-4.14142
13.3701	-2.10316	-4.14448
13.38	-2.10622	-4.14754
13.39	-2.10927	-4.15059
13.4	-2.11234	-4.15365
13.41	-2.1154	-4.15672
13.42	-2.11846	-4.15978
13.4299	-2.12153	-4.16285
13.4399	-2.1246	-4.16592
13.4499	-2.12767	-4.16899
13.4599	-2.13074	-4.17206
13.4698	-2.13381	-4.17513
13.4798	-2.13689	-4.17821
13.4898	-2.13997	-4.18128
13.4998	-2.14305	-4.18436
13.5098	-2.14613	-4.18745
13.5197	-2.14921	-4.19053
13.5297	-2.1523	-4.19361
13.5397	-2.15538	-4.1967
13.5497	-2.15847	-4.19979
13.5596	-2.16156	-4.20288
13.5696	-2.16466	-4.20598
13.5796	-2.16775	-4.20907
13.5896	-2.17085	-4.21217
13.5995	-2.17395	-4.21527
13.6095	-2.17705	-4.21837
13.6195	-2.18015	-4.22147
13.6295	-2.18325	-4.22457
13.6395	-2.18636	-4.22768
13.6494	-2.18947	-4.23079
13.6594	-2.19258	-4.2339
13.6694	-2.19569	-4.23701
13.6794	-2.19881	-4.24012
13.6893	-2.20192	-4.24324
13.6993	-2.20504	-4.24636
13.7093	-2.20816	-4.24948
13.7193	-2.21128	-4.2526
13.7293	-2.2144	-4.25572
13.7392	-2.21753	-4.25885
13.7492	-2.22066	-4.26197
13.7592	-2.22378	-4.2651
13.7692	-2.22692	-4.26823
13.7791	-2.23005	-4.27137
13.7891	-2.23318	-4.2745
13.7991	-2.23632	-4.27764
13.8091	-2.23946	-4.28078
13.8191	-2.2426	-4.28392
13.829	-2.24574	-4.28706
13.839	-2.24888	-4.2902
13.849	-2.25203	-4.29335
13.859	-2.25518	-4.2965
13.8689	-2.25833	-4.29965
13.8789	-2.26148	-4.3028
13.8889	-2.26463	-4.30595
13.8989	-2.26779	-4.30911
13.9089	-2.27095	-4.31226
13.9188	-2.2741	-4.31542
13.9288	-2.27727	-4.31858
13.9388	-2.28043	-4.32175
13.9488	-2.28359	-4.32491
13.9587	-2.28676	-4.32808
13.9687	-2.28993	-4.33125
13.9787	-2.2931	-4.33442
13.9887	-2.29627	-4.33759
13.9986	-2.29944	-4.34076
14.0086	-2.30262	-4.34394
14.0186	-2.3058	-4.34712
14.0286	-2.30898	-4.3503
14.0386	-2.31216	-4.35348
14.0485	-2.31534	-4.35666
14.0585	-2.31853	-4.35985
14.0685	-2.32171	-4.36303
14.0785	-2.3249	-4.36622
14.0884	-2.32809	-4.36941
14.0984	-2.33129	-4.3726
14.1084	-2.33448	-4.3758
14.1184	-2.33768	-4.37899
14.1284	-2.34087	-4.38219
14.1383	-2.34407	-4.38539
14.1483	-2.34728	-4.38859
14.1583	-2.35048	-4.3918
14.1683	-2.35368	-4.395
14.1782	-2.35689	-4.39821
14.1882	-2.3601	-4.40142
14.1982	-2.36331	-4.40463
14.2082	-2.36652	-4.40784
14.2182	-2.36974	-4.41106
14.2281	-2.37296	-4.41427
14.2381	-2.37617	-4.41749
14.2481	-2.37939	-4.42071
14.2581	-2.38262	-4.42393
14.268	-2.38584	-4.42716
14.278	-2.38906	-4.43038
14.288	-2.39229	-4.43361
14.298	-2.39552	-4.43684
14.308	-2.39875	-4.44007
14.3179	-2.40198	-4.4433
14.3279	-2.40522	-4.44654
14.3379	-2.40846	-4.44977
14.3479	-2.41169	-4.45301
14.3578	-2.41493	-4.45625
14.3678	-2.41818	-4.45949
14.3778	-2.42142	-4.46274
14.3878	-2.42466	-4.46598
14.3977	-2.42791	-4.46923
14.4077	-2.43116	-4.47248
14.4177	-2.43441	-4.47573
14.4277	-2.43766	-4.47898
14.4377	-2.44092	-4.48224
14.4476	-2.44418	-4.48549
14.4576	-2.44743	-4.48875
14.4676	-2.45069	-4.49201
14.4776	-2.45396	-4.49527
14.4875	-2.45722	-4.49854
14.4975	-2.46048	-4.5018
14.5075	-2.46375	-4.50507
14.5175	-2.46702	-4.50834
14.5275	-2.47029	-4.51161
14.5374	-2.47356	-4.51488
14.5474	-2.47684	-4.51816
14.5574	-2.48011	-4.52143
14.5674	-2.48339	-4.52471
14.5773	-2.48667	-4.52799
14.5873	-2.48995	-4.53127
14.5973	-2.49324	-4.53455
14.6073	-2.49652	-4.53784
14.6173	-2.49981	-4.54113
14.6272	-2.5031	-4.54442
14.6372	-2.50639	-4.54771
14.6472	-2.50968	-4.551
14.6572	-2.51297	-4.55429
14.6671	-2.51627	-4.55759
14.6771	-2.51957	-4.56089
14.6871	-2.52287	-4.56418
14.6971	-2.52617	-4.56749
14.7071	-2.52947	-4.57079
14.717	-2.53277	-4.57409
14.727	-2.53608	-4.5774
14.737	-2.53939	-4.58071
14.747	-2.5427	-4.58402
14.7569	-2.54601	-4.58733
14.7669	-2.54932	-4.59064
14.7769	-2.55264	-4.59396
14.7869	-2.55596	-4.59727
14.7968	-2.55927	-4.60059
14.8068	-2.56259	-4.60391
14.8168	-2.56592	-4.60724
14.8268	-2.56924	-4.61056
14.8368	-2.57257	-4.61389
14.8467	-2.57589	-4.61721
14.8567	-2.57922	-4.62054
14.8667	-2.58255	-4.62387
14.8767	-2.58589	-4.62721
14.8866	-2.58922	-4.63054
14.8966	-2.59256	-4.63388
14.9066	-2.5959	-4.63721
14.9166	-2.59924	-4.64055
14.9266	-2.60258	-4.6439
14.9365	-2.60592	-4.64724
14.9465	-2.60927	-4.65058
14.9565	-2.61261	-4.65393
14.9665	-2.61596	-4.65728
14.9764	-2.61931	-4.66063
14.9864	-2.62266	-4.66398
14.9964	-2.62602	-4.66734
15.0064	-2.62937	-4.67069
15.0164	-2.63273	-4.67405
15.0263	-2.63609	-4.67741
15.0363	-2.63945	-4.68077
15.0463	-2.64281	-4.68413
15.0563	-2.64618	-4.68749
15.0662	-2.64954	-4.69086
15.0762	-2.65291	-4.69423
15.0862	-2.65628	-4.6976
15.0962	-2.65965	-4.70097
15.1062	-2.66302	-4.70434
15.1161	-2.6664	-4.70771
15.1261	-2.66977	-4.71109
15.1361	-2.67315	-4.71447
15.1461	-2.67653	-4.71785
15.156	-2.67991	-4.72123
15.166	-2.68329	-4.72461
15.176	-2.68668	-4.728
15.186	-2.69007	-4.73138
15.1959	-2.69345	-4.73477
15.2059	-2.69684	-4.73816
15.2159	-2.70024	-4.74155
15.2259	-2.70363	-4.74495
15.2359	-2.70702	-4.74834
15.2458	-2.71042	-4.75174
15.2558	-2.71382	-4.75514
15.2658	-2.71722	-4.75854
15.2758	-2.72062	-4.76194
15.2857	-2.72402	-4.76534
15.2957	-2.72743	-4.76875
15.3057	-2.73084	-4.77215
15.3157	-2.73424	-4.77556
15.3257	-2.73765	-4.77897
15.3356	-2.74107	-4.78239
15.3456	-2.74448	-4.7858
15.3556	-2.7479	-4.78921
15.3656	-2.75131	-4.79263
15.3755	-2.75473	-4.79605
15.3855	-2.75815	-4.79947
15.3955	-2.76157	-4.80289
15.4055	-2.765	-4.80632
15.4155	-2.76842	-4.80974
15.4254	-2.77185	-4.81317
15.4354	-2.77528	-4.8166
15.4454	-2.77871	-4.82003
15.4554	-2.78214	-4.82346
15.4653	-2.78558	-4.8269
15.4753	-2.78901	-4.83033
15.4853	-2.79245	-4.83377
15.4953	-2.79589	-4.83721
15.5053	-2.79933	-4.84065
15.5152	-2.80277	-4.84409
15.5252	-2.80622	-4.84753
15.5352	-2.80966	-4.85098
15.5452	-2.81311	-4.85443
15.5551	-2.81656	-4.85788
15.5651	-2.82001	-4.86133
15.5751	-2.82346	-4.86478
15.5851	-2.82691	-4.86823
15.595	-2.83037	-4.87169
15.605	-2.83383	-4.87515
15.615	-2.83729	-4.8786
15.625	-2.84075	-4.88206
15.635	-2.84421	-4.88553
15.6449	-2.84767	-4.88899
15.6549	-2.85114	-4.89246
15.6649	-2.8546	-4.89592
15.6749	-2.85807	-4.89939
15.6848	-2.86154	-4.90286
15.6948	-2.86502	-4.90634
15.7048	-2.86849	-4.90981
15.7148	-2.87197	-4.91328
15.7248	-2.87544	-4.91676
15.7347	-2.87892	-4.92024
15.7447	-2.8824	-4.92372
15.7547	-2.88588	-4.9272
15.7647	-2.88937	-4.93069
15.7746	-2.89285	-4.93417
15.7846	-2.89634	-4.93766
15.7946	-2.89983	-4.94115
15.8046	-2.90332	-4.94464
15.8146	-2.90681	-4.94813
15.8245	-2.9103	-4.95162
15.8345	-2.9138	-4.95512
15.8445	-2.91729	-4.95861
15.8545	-2.92079	-4.96211
15.8644	-2.92429	-4.96561
15.8744	-2.92779	-4.96911
15.8844	-2.9313	-4.97262
15.8944	-2.9348	-4.97612
15.9044	-2.93831	-4.97963
15.9143	-2.94182	-4.98314
15.9243	-2.94533	-4.98665
15.9343	-2.94884	-4.99016
15.9443	-2.95235	-4.99367
15.9542	-2.95587	-4.99718
15.9642	-2.95938	-5.0007
15.9742	-2.9629	-5.00422
15.9842	-2.96642	-5.00774
15.9941	-2.96994	-5.01126
16.0041	-2.97346	-5.01478
16.0141	-2.97699	-5.0183
16.0241	-2.98051	-5.02183
16.0341	-2.98404	-5.02536
16.044	-2.98757	-5.02889
16.054	-2.9911	-5.03242
16.064	-2.99463	-5.03595
16.074	-2.99816	-5.03948
16.0839	-3.0017	-5.04302
16.0939	-3.00524	-5.04656
16.1039	-3.00878	-5.05009
16.1139	-3.01232	-5.05363
16.1239	-3.01586	-5.05718
16.1338	-3.0194	-5.06072
16.1438	-3.02295	-5.06426
16.1538	-3.02649	-5.06781
16.1638	-3.03004	-5.07136
16.1737	-3.03359	-5.07491
16.1837	-3.03714	-5.07846
16.1937	-3.04069	-5.08201
16.2037	-3.04425	-5.08557
16.2137	-3.0478	-5.08912
16.2236	-3.05136	-5.09268
16.2336	-3.05492	-5.09624
16.2436	-3.05848	-5.0998
16.2536	-3.06204	-5.10336
16.2635	-3.06561	-5.10693
16.2735	-3.06917	-5.11049
16.2835	-3.07274	-5.11406
16.2935	-3.07631	-5.11763
16.3035	-3.07988	-5.1212
16.3134	-3.08345	-5.12477
16.3234	-3.08702	-5.12834
16.3334	-3.0906	-5.13192
16.3434	-3.09417	-5.13549
16.3533	-3.09775	-5.13907
16.3633	-3.10133	-5.14265
16.3733	-3.10491	-5.14623
16.3833	-3.1085	-5.14981
16.3932	-3.11208	-5.1534
16.4032	-3.11567	-5.15698
16.4132	-3.11925	-5.16057
16.4232	-3.12284	-5.16416
16.4332	-3.12643	-5.16775
16.4431	-3.13002	-5.17134
16.4531	-3.13362	-5.17494
16.4631	-3.13721	-5.17853
16.4731	-3.14081	-5.18213
16.483	-3.14441	-5.18573
16.493	-3.14801	-5.18933
16.503	-3.15161	-5.19293
16.513	-3.15521	-5.19653
16.523	-3.15881	-5.20013
16.5329	-3.16242	-5.20374
16.5429	-3.16603	-5.20735
16.5529	-3.16964	-5.21096
16.5629	-3.17325	-5.21457
16.5728	-3.17686	-5.21818
16.5828	-3.18047	-5.22179
16.5928	-3.18409	-5.22541
16.6028	-3.1877	-5.22902
16.6128	-3.19132	-5.23264
16.6227	-3.19494	-5.23626
16.6327	-3.19856	-5.23988
16.6427	-3.20219	-5.2435
16.6527	-3.20581	-5.24713
16.6626	-3.20944	-5.25075
16.6726	-3.21306	-5.25438
16.6826	-3.21669	-5.25801
16.6926	-3.22032	-5.26164
16.7026	-3.22395	-5.26527
16.7125	-3.22759	-5.2689
16.7225	-3.23122	-5.27254
16.7325	-3.23486	-5.27618
16.7425	-3.23849	-5.27981
16.7524	-3.24213	-5.28345
16.7624	-3.24577	-5.28709
16.7724	-3.24942	-5.29074
16.7824	-3.25306	-5.29438
16.7923	-3.25671	-5.29802
16.8023	-3.26035	-5.30167
16.8123	-3.264	-5.30532
16.8223	-3.26765	-5.30897
16.8323	-3.2713	-5.31262
16.8422	-3.27495	-5.31627
16.8522	-3.27861	-5.31993
16.8622	-3.28226	-5.32358
16.8722	-3.28592	-5.32724
16.8821	-3.28958	-5.3309
16.8921	-3.29324	-5.33456
16.9021	-3.2969	-5.33822
16.9121	-3.30057	-5.34188
16.9221	-3.30423	-5.34555
16.932	-3.3079	-5.34921
16.942	-3.31156	-5.35288
16.952	-3.31523	-5.35655
16.962	-3.3189	-5.36022
16.9719	-3.32258	-5.36389
16.9819	-3.32625	-5.36757
16.9919	-3.32992	-5.37124
17.0019	-3.3336	-5.37492
17.0119	-3.33728	-5.3786
17.0218	-3.34096	-5.38228
17.0318	-3.34464	-5.38596
17.0418	-3.34832	-5.38964
17.0518	-3.352	-5.39332
17.0617	-3.35569	-5.39701
17.0717	-3.35938	-5.40069
17.0817	-3.36306	-5.40438
17.0917	-3.36675	-5.40807
17.1017	-3.37045	-5.41176
17.1116	-3.37414	-5.41546
17.1216	-3.37783	-5.41915
17.1316	-3.38153	-5.42285
17.1416	-3.38522	-5.42654
17.1515	-3.38892	-5.43024
17.1615	-3.39262	-5.43394
17.1715	-3.39632	-5.43764
17.1815	-3.40003	-5.44134
17.1914	-3.40373	-5.44505
17.2014	-3.40744	-5.44875
17.2114	-3.41114	-5.45246
17.2214	-3.41485	-5.45617
17.2314	-3.41856	-5.45988
17.2413	-3.42227	-5.46359
17.2513	-3.42599	-5.4673
17.2613	-3.4297	-5.47102
17.2713	-3.43342	-5.47473
17.2812	-3.43713	-5.47845
17.2912	-3.44085	-5.48217
17.3012	-3.44457	-5.48589
17.3112	-3.44829	-5.48961
17.3212	-3.45202	-5.49333
17.3311	-3.45574	-5.49706
17.3411	-3.45947	-5.50078
17.3511	-3.46319	-5.50451
17.3611	-3.46692	-5.50824
17.371	-3.47065	-5.51197
17.381	-3.47438	-5.5157
17.391	-3.47811	-5.51943
17.401	-3.48185	-5.52317
17.411	-3.48558	-5.5269
17.4209	-3.48932	-5.53064
17.4309	-3.49306	-5.53438
17.4409	-3.4968	-5.53812
17.4509	-3.50054	-5.54186
17.4608	-3.50428	-5.5456
17.4708	-3.50803	-5.54935
17.4808	-3.51177	-5.55309
17.4908	-3.51552	-5.55684
17.5008	-3.51927	-5.56059
17.5107	-3.52302	-5.56434
17.5207	-3.52677	-5.56809
17.5307	-3.53052	-5.57184
17.5407	-3.53428	-5.57559
17.5506	-3.53803	-5.57935
17.5606	-3.54179	-5.58311
17.5706	-3.54555	-5.58686
17.5806	-3.54931	-5.59062
17.5905	-3.55307	-5.59438
17.6005	-3.55683	-5.59815
17.6105	-3.56059	-5.60191
17.6205	-3.56436	-5.60568
17.6305	-3.56812	-5.60944
17.6404	-3.57189	-5.61321
17.6504	-3.57566	-5.61698
17.6604	-3.57943	-5.62075
17.6704	-3.5832	-5.62452
17.6803	-3.58698	-5.62829
17.6903	-3.59075	-5.63207
17.7003	-3.59453	-5.63585
17.7103	-3.5983	-5.63962
17.7203	-3.60208	-5.6434
17.7302	-3.60586	-5.64718
17.7402	-3.60964	-5.65096
17.7502	-3.61343	-5.65475
17.7602	-3.61721	-5.65853
17.7701	-3.621	-5.66232
17.7801	-3.62478	-5.6661
17.7901	-3.62857	-5.66989
17.8001	-3.63236	-5.67368
17.8101	-3.63615	-5.67747
17.82	-3.63995	-5.68127
17.83	-3.64374	-5.68506
17.84	-3.64754	-5.68885
17.85	-3.65133	-5.69265
17.8599	-3.65513	-5.69645
17.8699	-3.65893	-5.70025
17.8799	-3.66273	-5.70405
17.8899	-3.66653	-5.70785
17.8998	-3.67034	-5.71165
17.9098	-3.67414	-5.71546
17.9198	-3.67795	-5.71926
17.9298	-3.68175	-5.72307
17.9398	-3.68556	-5.72688
17.9497	-3.68937	-5.73069
17.9597	-3.69318	-5.7345
17.9697	-3.697	-5.73831
17.9797	-3.70081	-5.74213
17.9896	-3.70463	-5.74594
17.9996	-3.70844	-5.74976
18.0096	-3.71226	-5.75358
18.0196	-3.71608	-5.7574
18.0296	-3.7199	-5.76122
18.0395	-3.72372	-5.76504
18.0495	-3.72755	-5.76886
18.0595	-3.73137	-5.77269
18.0695	-3.7352	-5.77651
18.0794	-3.73902	-5.78034
18.0894	-3.74285	-5.78417
18.0994	-3.74668	-5.788
18.1094	-3.75051	-5.79183
18.1194	-3.75435	-5.79566
18.1293	-3.75818	-5.7995
18.1393	-3.76202	-5.80333
18.1493	-3.76585	-5.80717
18.1593	-3.76969	-5.81101
18.1692	-3.77353	-5.81485
18.1792	-3.77737	-5.81869
18.1892	-3.78121	-5.82253
18.1992	-3.78505	-5.82637
18.2092	-3.7889	-5.83022
18.2191	-3.79274	-5.83406
18.2291	-3.79659	-5.83791
18.2391	-3.80044	-5.84176
18.2491	-3.80429	-5.84561
18.259	-3.80814	-5.84946
18.269	-3.81199	-5.85331
18.279	-3.81585	-5.85716
18.289	-3.8197	-5.86102
18.2989	-3.82356	-5.86488
18.3089	-3.82741	-5.86873
18.3189	-3.83127	-5.87259
18.3289	-3.83513	-5.87645
18.3389	-3.83899	-5.88031
18.3488	-3.84286	-5.88418
18.3588	-3.84672	-5.88804
18.3688	-3.85059	-5.8919
18.3788	-3.85445	-5.89577
18.3887	-3.85832	-5.89964
18.3987	-3.86219	-5.90351
18.4087	-3.86606	-5.90738
18.4187	-3.86993	-5.91125
18.4287	-3.8738	-5.91512
18.4386	-3.87768	-5.919
18.4486	-3.88155	-5.92287
18.4586	-3.88543	-5.92675
18.4686	-3.88931	-5.93063
18.4785	-3.89319	-5.9345
18.4885	-3.89707	-5.93839
18.4985	-3.90095	-5.94227
18.5085	-3.90483	-5.94615
18.5185	-3.90872	-5.95003
18.5284	-3.9126	-5.95392
18.5384	-3.91649	-5.95781
18.5484	-3.92038	-5.96169
18.5584	-3.92426	-5.96558
18.5683	-3.92815	-5.96947
18.5783	-3.93205	-5.97337
18.5883	-3.93594	-5.97726
18.5983	-3.93983	-5.98115
18.6083	-3.94373	-5.98505
18.6182	-3.94763	-5.98894
18.6282	-3.95152	-5.99284
18.6382	-3.95542	-5.99674
18.6482	-3.95932	-6.00064
18.6581	-3.96323	-6.00454
18.6681	-3.96713	-6.00845
18.6781	-3.97103	-6.01235
18.6881	-3.97494	-6.01626
18.698	-3.97884	-6.02016
18.708	-3.98275	-6.02407
18.718	-3.98666	-6.02798
18.728	-3.99057	-6.03189
18.738	-3.99448	-6.0358
18.7479	-3.9984	-6.03972
18.7579	-4.00231	-6.04363
18.7679	-4.00623	-6.04754
18.7779	-4.01014	-6.05146
18.7878	-4.01406	-6.05538
18.7978	-4.01798	-6.0593
18.8078	-4.0219	-6.06322
18.8178	-4.02582	-6.06714
18.8278	-4.02974	-6.07106
18.8377	-4.03367	-6.07499
18.8477	-4.03759	-6.07891
18.8577	-4.04152	-6.08284
18.8677	-4.04545	-6.08677
18.8776	-4.04937	-6.09069
18.8876	-4.0533	-6.09462
18.8976	-4.05724	-6.09855
18.9076	-4.06117	-6.10249
18.9176	-4.0651	-6.10642
18.9275	-4.06904	-6.11036
18.9375	-4.07297	-6.11429
18.9475	-4.07691	-6.11823
18.9575	-4.08085	-6.12217
18.9674	-4.08479	-6.12611
18.9774	-4.08873	-6.13005
18.9874	-4.09267	-6.13399
18.9974	-4.09661	-6.13793
19.0074	-4.10056	-6.14188
19.0173	-4.1045	-6.14582
19.0273	-4.10845	-6.14977
19.0373	-4.1124	-6.15372
19.0473	-4.11635	-6.15767
19.0572	-4.1203	-6.16162
19.0672	-4.12425	-6.16557
19.0772	-4.1282	-6.16952
19.0872	-4.13216	-6.17347
19.0971	-4.13611	-6.17743
19.1071	-4.14007	-6.18139
19.1171	-4.14402	-6.18534
19.1271	-4.14798	-6.1893
19.1371	-4.15194	-6.19326
19.147	-4.1559	-6.19722
19.157	-4.15987	-6.20118
19.167	-4.16383	-6.20515
19.177	-4.16779	-6.20911
19.1869	-4.17176	-6.21308
19.1969	-4.17573	-6.21704
19.2069	-4.17969	-6.22101
19.2169	-4.18366	-6.22498
19.2269	-4.18763	-6.22895
19.2368	-4.1916	-6.23292
19.2468	-4.19558	-6.2369
19.2568	-4.19955	-6.24087
19.2668	-4.20353	-6.24484
19.2767	-4.2075	-6.24882
19.2867	-4.21148	-6.2528
19.2967	-4.21546	-6.25678
19.3067	-4.21944	-6.26076
19.3167	-4.22342	-6.26474
19.3266	-4.2274	-6.26872
19.3366	-4.23138	-6.2727
19.3466	-4.23537	-6.27669
19.3566	-4.23935	-6.28067
19.3665	-4.24334	-6.28466
19.3765	-4.24733	-6.28865
19.3865	-4.25132	-6.29263
19.3965	-4.25531	-6.29662
19.4065	-4.2593	-6.30062
19.4164	-4.26329	-6.30461
19.4264	-4.26728	-6.3086
19.4364	-4.27128	-6.31259
19.4464	-4.27527	-6.31659
19.4563	-4.27927	-6.32059
19.4663	-4.28327	-6.32459
19.4763	-4.28727	-6.32858
19.4863	-4.29127	-6.33258
19.4962	-4.29527	-6.33659
19.5062	-4.29927	-6.34059
19.5162	-4.30327	-6.34459
19.5262	-4.30728	-6.3486
19.5362	-4.31128	-6.3526
19.5461	-4.31529	-6.35661
19.5561	-4.3193	-6.36062
19.5661	-4.32331	-6.36463
19.5761	-4.32732	-6.36864
19.586	-4.33133	-6.37265
19.596	-4.33534	-6.37666
19.606	-4.33935	-6.38067
19.616	-4.34337	-6.38469
19.626	-4.34738	-6.3887
19.6359	-4.3514	-6.39272
19.6459	-4.35542	-6.39674
19.6559	-4.35944	-6.40076
19.6659	-4.36346	-6.40478
19.6758	-4.36748	-6.4088
19.6858	-4.3715	-6.41282
19.6958	-4.37553	-6.41684
19.7058	-4.37955	-6.42087
19.7158	-4.38358	-6.42489
19.7257	-4.3876	-6.42892
19.7357	-4.39163	-6.43295
19.7457	-4.39566	-6.43698
19.7557	-4.39969	-6.44101
19.7656	-4.40372	-6.44504
19.7756	-4.40775	-6.44907
19.7856	-4.41179	-6.45311
19.7956	-4.41582	-6.45714
19.8056	-4.41986	-6.46118
19.8155	-4.42389	-6.46521
19.8255	-4.42793	-6.46925
19.8355	-4.43197	-6.47329
19.8455	-4.43601	-6.47733
19.8554	-4.44005	-6.48137
19.8654	-4.44409	-6.48541
19.8754	-4.44814	-6.48945
19.8854	-4.45218	-6.4935
19.8953	-4.45622	-6.49754
19.9053	-4.46027	-6.50159
19.9153	-4.46432	-6.50564
19.9253	-4.46837	-6.50969
19.9353	-4.47242	-6.51373
19.9452	-4.47647	-6.51779
19.9552	-4.48052	-6.52184
19.9652	-4.48457	-6.52589
19.9752	-4.48862	-6.52994
19.9851	-4.49268	-6.534
19.9951	-4.49674	-6.53805
20.0051	-4.50079	-6.54211
20.0151	-4.50485	-6.54617
20.0251	-4.50891	-6.55023
20.035	-4.51297	-6.55429
20.045	-4.51703	-6.55835
20.055	-4.52109	-6.56241
20.065	-4.52516	-6.56647
20.0749	-4.52922	-6.57054
20.0849	-4.53329	-6.5746
20.0949	-4.53735	-6.57867
20.1049	-4.54142	-6.58274
20.1149	-4.54549	-6.58681
20.1248	-4.54956	-6.59088
20.1348	-4.55363	-6.59495
20.1448	-4.5577	-6.59902
20.1548	-4.56177	-6.60309
20.1647	-4.56585	-6.60716
20.1747	-4.56992	-6.61124
20.1847	-4.574	-6.61532
20.1947	-4.57807	-6.61939
20.2047	-4.58215	-6.62347
20.2146	-4.58623	-6.62755
20.2246	-4.59031	-6.63163
20.2346	-4.59439	-6.63571
20.2446	-4.59847	-6.63979
20.2545	-4.60256	-6.64387
20.2645	-4.60664	-6.64796
20.2745	-4.61072	-6.65204
20.2845	-4.61481	-6.65613
20.2944	-4.6189	-6.66022
20.3044	-4.62299	-6.6643
20.3144	-4.62707	-6.66839
20.3244	-4.63117	-6.67248
20.3344	-4.63526	-6.67657
20.3443	-4.63935	-6.68067
20.3543	-4.64344	-6.68476
20.3643	-4.64754	-6.68885
20.3743	-4.65163	-6.69295
20.3842	-4.65573	-6.69705
20.3942	-4.65982	-6.70114
20.4042	-4.66392	-6.70524
20.4142	-4.66802	-6.70934
20.4242	-4.67212	-6.71344
20.4341	-4.67622	-6.71754
20.4441	-4.68032	-6.72164
20.4541	-4.68443	-6.72575
20.4641	-4.68853	-6.72985
20.474	-4.69264	-6.73396
20.484	-4.69674	-6.73806
20.494	-4.70085	-6.74217
20.504	-4.70496	-6.74628
20.514	-4.70907	-6.75039
20.5239	-4.71318	-6.7545
20.5339	-4.71729	-6.75861
20.5439	-4.7214	-6.76272
20.5539	-4.72551	-6.76683
20.5638	-4.72963	-6.77095
20.5738	-4.73374	-6.77506
20.5838	-4.73786	-6.77918
20.5938	-4.74198	-6.7833
20.6038	-4.74609	-6.78741
20.6137	-4.75021	-6.79153
20.6237	-4.75433	-6.79565
20.6337	-4.75845	-6.79977
20.6437	-4.76258	-6.80389
20.6536	-4.7667	-6.80802
20.6636	-4.77082	-6.81214
20.6736	-4.77495	-6.81627
20.6836	-4.77907	-6.82039
20.6935	-4.7832	-6.82452
20.7035	-4.78733	-6.82865
20.7135	-4.79146	-6.83278
20.7235	-4.79559	-6.8369
20.7335	-4.79972	-6.84104
20.7434	-4.80385	-6.84517
20.7534	-4.80798	-6.8493
20.7634	-4.81211	-6.85343
20.7734	-4.81625	-6.85757
20.7833	-4.82038	-6.8617
20.7933	-4.82452	-6.86584
20.8033	-4.82866	-6.86998
20.8133	-4.8328	-6.87411
20.8233	-4.83693	-6.87825
20.8332	-4.84108	-6.88239
20.8432	-4.84522	-6.88653
20.8532	-4.84936	-6.89068
20.8632	-4.8535	-6.89482
20.8731	-4.85765	-6.89896
20.8831	-4.86179	-6.90311
20.8931	-4.86594	-6.90725
20.9031	-4.87008	-6.9114
20.9131	-4.87423	-6.91555
20.923	-4.87838	-6.9197
20.933	-4.88253	-6.92385
20.943	-4.88668	-6.928
20.953	-4.89083	-6.93215
20.9629	-4.89498	-6.9363
20.9729	-4.89914	-6.94045
20.9829	-4.90329	-6.94461
20.9929	-4.90744	-6.94876
21.0029	-4.9116	-6.95292
21.0128	-4.91576	-6.95708
21.0228	-4.91992	-6.96123
21.0328	-4.92407	-6.96539
21.0428	-4.92823	-6.96955
21.0527	-4.93239	-6.97371
21.0627	-4.93656	-6.97788
21.0727	-4.94072	-6.98204
21.0827	-4.94488	-6.9862
21.0926	-4.94905	-6.99037
21.1026	-4.95321	-6.99453
21.1126	-4.95738	-6.9987
21.1226	-4.96155	-7.00286
21.1326	-4.96571	-7.00703
21.1425	-4.96988	-7.0112
21.1525	-4.97405	-7.01537
21.1625	-4.97822	-7.01954
21.1725	-4.98239	-7.02371
21.1824	-4.98657	-7.02789
21.1924	-4.99074	-7.03206
21.2024	-4.99491	-7.03623
21.2124	-4.99909	-7.04041
21.2224	-5.00327	-7.04458
21.2323	-5.00744	-7.04876
21.2423	-5.01162	-7.05294
21.2523	-5.0158	-7.05712
21.2623	-5.01998	-7.0613
21.2722	-5.02416	-7.06548
21.2822	-5.02834	-7.06966
21.2922	-5.03252	-7.07384
21.3022	-5.03671	-7.07802
21.3122	-5.04089	-7.08221
21.3221	-5.04507	-7.08639
21.3321	-5.04926	-7.09058
21.3421	-5.05345	-7.09477
21.3521	-5.05764	-7.09895
21.362	-5.06182	-7.10314
21.372	-5.06601	-7.10733
21.382	-5.0702	-7.11152
21.392	-5.07439	-7.11571
21.402	-5.07859	-7.11991
21.4119	-5.08278	-7.1241
21.4219	-5.08697	-7.12829
21.4319	-5.09117	-7.13249
21.4419	-5.09536	-7.13668
21.4518	-5.09956	-7.14088
21.4618	-5.10376	-7.14508
21.4718	-5.10795	-7.14927
21.4818	-5.11215	-7.15347
21.4917	-5.11635	-7.15767
21.5017	-5.12055	-7.16187
21.5117	-5.12476	-7.16607
21.5217	-5.12896	-7.17028
21.5317	-5.13316	-7.17448
21.5416	-5.13737	-7.17868
21.5516	-5.14157	-7.18289
21.5616	-5.14578	-7.18709
21.5716	-5.14998	-7.1913
21.5815	-5.15419	-7.19551
21.5915	-5.1584	-7.19972
21.6015	-5.16261	-7.20393
21.6115	-5.16682	-7.20814
21.6215	-5.17103	-7.21235
21.6314	-5.17524	-7.21656
21.6414	-5.17945	-7.22077
21.6514	-5.18367	-7.22499
21.6614	-5.18788	-7.2292
21.6713	-5.1921	-7.23341
21.6813	-5.19631	-7.23763
21.6913	-5.20053	-7.24185
21.7013	-5.20475	-7.24607
21.7113	-5.20896	-7.25028
21.7212	-5.21318	-7.2545
21.7312	-5.2174	-7.25872
21.7412	-5.22163	-7.26294
21.7512	-5.22585	-7.26717
21.7611	-5.23007	-7.27139
21.7711	-5.23429	-7.27561
21.7811	-5.23852	-7.27984
21.7911	-5.24274	-7.28406
21.8011	-5.24697	-7.28829
21.811	-5.2512	-7.29251
21.821	-5.25542	-7.29674
21.831	-5.25965	-7.30097
21.841	-5.26388	-7.3052
21.8509	-5.26811	-7.30943
21.8609	-5.27234	-7.31366
21.8709	-5.27657	-7.31789
21.8809	-5.28081	-7.32212
21.8908	-5.28504	-7.32636
21.9008	-5.28927	-7.33059
21.9108	-5.29351	-7.33483
21.9208	-5.29774	-7.33906
21.9308	-5.30198	-7.3433
21.9407	-5.30622	-7.34754
21.9507	-5.31045	-7.35177
21.9607	-5.31469	-7.35601
21.9707	-5.31893	-7.36025
21.9806	-5.32317	-7.36449
21.9906	-5.32742	-7.36873
22.0006	-5.33166	-7.37298
22.0106	-5.3359	-7.37722
22.0206	-5.34014	-7.38146
22.0305	-5.34439	-7.38571
22.0405	-5.34863	-7.38995
22.0505	-5.35288	-7.3942
22.0605	-5.35713	-7.39845
22.0704	-5.36137	-7.40269
22.0804	-5.36562	-7.40694
22.0904	-5.36987	-7.41119
22.1004	-5.37412	-7.41544
22.1104	-5.37837	-7.41969
22.1203	-5.38262	-7.42394
22.1303	-5.38688	-7.4282
22.1403	-5.39113	-7.43245
22.1503	-5.39538	-7.4367
22.1602	-5.39964	-7.44096
22.1702	-5.40389	-7.44521
22.1802	-5.40815	-7.44947
22.1902	-5.41241	-7.45373
22.2002	-5.41667	-7.45798
22.2101	-5.42092	-7.46224
22.2201	-5.42518	-7.4665
22.2301	-5.42944	-7.47076
22.2401	-5.4337	-7.47502
22.25	-5.43797	-7.47928
22.26	-5.44223	-7.48355
22.27	-5.44649	-7.48781
22.28	-5.45076	-7.49207
22.2899	-5.45502	-7.49634
22.2999	-5.45929	-7.5006
22.3099	-5.46355	-7.50487
22.3199	-5.46782	-7.50914
22.3299	-5.47209	-7.51341
22.3398	-5.47636	-7.51767
22.3498	-5.48062	-7.52194
22.3598	-5.48489	-7.52621
22.3698	-5.48917	-7.53048
22.3797	-5.49344	-7.53476
22.3897	-5.49771	-7.53903
22.3997	-5.50198	-7.5433
22.4097	-5.50626	-7.54757
22.4197	-5.51053	-7.55185
22.4296	-5.51481	-7.55612
22.4396	-5.51908	-7.5604
22.4496	-5.52336	-7.56468
22.4596	-5.52764	-7.56895
22.4695	-5.53191	-7.57323
22.4795	-5.53619	-7.57751
22.4895	-5.54047	-7.58179
22.4995	-5.54475	-7.58607
22.5095	-5.54903	-7.59035
22.5194	-5.55332	-7.59464
22.5294	-5.5576	-7.59892
22.5394	-5.56188	-7.6032
22.5494	-5.56617	-7.60749
22.5593	-5.57045	-7.61177
22.5693	-5.57474	-7.61606
22.5793	-5.57902	-7.62034
22.5893	-5.58331	-7.62463
22.5992	-5.5876	-7.62892
22.6092	-5.59189	-7.63321
22.6192	-5.59618	-7.63749
22.6292	-5.60047	-7.64178
22.6392	-5.60476	-7.64608
22.6491	-5.60905	-7.65037
22.6591	-5.61334	-7.65466
22.6691	-5.61763	-7.65895
22.6791	-5.62193	-7.66324
22.689	-5.62622	-7.66754
22.699	-5.63052	-7.67183
22.709	-5.63481	-7.67613
22.719	-5.63911	-7.68043
22.729	-5.6434	-7.68472
22.7389	-5.6477	-7.68902
22.7489	-5.652	-7.69332
22.7589	-5.6563	-7.69762
22.7689	-5.6606	-7.70192
22.7788	-5.6649	-7.70622
22.7888	-5.6692	-7.71052
22.7988	-5.6735	-7.71482
22.8088	-5.67781	-7.71912
22.8188	-5.68211	-7.72343
22.8287	-5.68641	-7.72773
22.8387	-5.69072	-7.73204
22.8487	-5.69502	-7.73634
22.8587	-5.69933	-7.74065
22.8686	-5.70364	-7.74496
22.8786	-5.70794	-7.74926
22.8886	-5.71225	-7.75357
22.8986	-5.71656	-7.75788
22.9086	-5.72087	-7.76219
22.9185	-5.72518	-7.7665
22.9285	-5.72949	-7.77081
22.9385	-5.7338	-7.77512
22.9485	-5.73812	-7.77944
22.9584	-5.74243	-7.78375
22.9684	-5.74674	-7.78806
22.9784	-5.75106	-7.79238
22.9884	-5.75537	-7.79669
22.9983	-5.75969	-7.80101
23.0083	-5.76401	-7.80532
23.0183	-5.76832	-7.80964
23.0283	-5.77264	-7.81396
23.0383	-5.77696	-7.81828
23.0482	-5.78128	-7.8226
23.0582	-5.7856	-7.82692
23.0682	-5.78992	-7.83124
23.0782	-5.79424	-7.83556
23.0881	-5.79856	-7.83988
23.0981	-5.80288	-7.8442
23.1081	-5.80721	-7.84853
23.1181	-5.81153	-7.85285
23.1281	-5.81585	-7.85717
23.138	-5.82018	-7.8615
23.148	-5.82451	-7.86582
23.158	-5.82883	-7.87015
23.168	-5.83316	-7.87448
23.1779	-5.83749	-7.87881
23.1879	-5.84182	-7.88313
23.1979	-5.84614	-7.88746
23.2079	-5.85047	-7.89179
23.2179	-5.8548	-7.89612
23.2278	-5.85914	-7.90045
23.2378	-5.86347	-7.90479
23.2478	-5.8678	-7.90912
23.2578	-5.87213	-7.91345
23.2677	-5.87647	-7.91778
23.2777	-5.8808	-7.92212
23.2877	-5.88513	-7.92645
23.2977	-5.88947	-7.93079
23.3077	-5.89381	-7.93513
23.3176	-5.89814	-7.93946
23.3276	-5.90248	-7.9438
23.3376	-5.90682	-7.94814
23.3476	-5.91116	-7.95248
23.3575	-5.9155	-7.95682
23.3675	-5.91984	-7.96116
23.3775	-5.92418	-7.9655
23.3875	-5.92852	-7.96984
23.3974	-5.93286	-7.97418
23.4074	-5.9372	-7.97852
23.4174	-5.94155	-7.98286
23.4274	-5.94589	-7.98721
23.4374	-5.95023	-7.99155
23.4473	-5.95458	-7.9959
23.4573	-5.95893	-8.00024
23.4673	-5.96327	-8.00459
23.4773	-5.96762	-8.00894
23.4872	-5.97197	-8.01328
23.4972	-5.97631	-8.01763
23.5072	-5.98066	-8.02198
23.5172	-5.98501	-8.02633
23.5272	-5.98936	-8.03068
23.5371	-5.99371	-8.03503
23.5471	-5.99806	-8.03938
23.5571	-6.00242	-8.04373
23.5671	-6.00677	-8.04809
23.577	-6.01112	-8.05244
23.587	-6.01547	-8.05679
23.597	-6.01983	-8.06115
23.607	-6.02418	-8.0655
23.617	-6.02854	-8.06986
23.6269	-6.0329	-8.07421
23.6369	-6.03725	-8.07857
23.6469	-6.04161	-8.08293
23.6569	-6.04597	-8.08729
23.6668	-6.05033	-8.09164
23.6768	-6.05468	-8.096
23.6868	-6.05904	-8.10036
23.6968	-6.0634	-8.10472
23.7068	-6.06777	-8.10908
23.7167	-6.07213	-8.11345
23.7267	-6.07649	-8.11781
23.7367	-6.08085	-8.12217
23.7467	-6.08521	-8.12653
23.7566	-6.08958	-8.1309
23.7666	-6.09394	-8.13526
23.7766	-6.09831	-8.13963
23.7866	-6.10267	-8.14399
23.7965	-6.10704	-8.14836
23.8065	-6.11141	-8.15273
23.8165	-6.11577	-8.15709
23.8265	-6.12014	-8.16146
23.8365	-6.12451	-8.16583
23.8464	-6.12888	-8.1702
23.8564	-6.13325	-8.17457
23.8664	-6.13762	-8.17894
23.8764	-6.14199	-8.18331
23.8863	-6.14636	-8.18768
23.8963	-6.15073	-8.19205
23.9063	-6.15511	-8.19642
23.9163	-6.15948	-8.2008
23.9263	-6.16385	-8.20517
23.9362	-6.16823	-8.20955
23.9462	-6.1726	-8.21392
23.9562	-6.17698	-8.2183
23.9662	-6.18135	-8.22267
23.9761	-6.18573	-8.22705
23.9861	-6.19011	-8.23143
23.9961	-6.19448	-8.2358
24.0061	-6.19886	-8.24018
24.0161	-6.20324	-8.24456
24.026	-6.20762	-8.24894
24.036	-6.212	-8.25332
24.046	-6.21638	-8.2577
24.056	-6.22076	-8.26208
24.0659	-6.22514	-8.26646
24.0759	-6.22953	-8.27084
24.0859	-6.23391	-8.27523
24.0959	-6.23829	-8.27961
24.1059	-6.24268	-8.28399
24.1158	-6.24706	-8.28838
24.1258	-6.25145	-8.29276
24.1358	-6.25583	-8.29715
24.1458	-6.26022	-8.30154
24.1557	-6.2646	-8.30592
24.1657	-6.26899	-8.31031
24.1757	-6.27338	-8.3147
24.1857	-6.27777	-8.31908
24.1956	-6.28215	-8.32347
24.2056	-6.28654	-8.32786
24.2156	-6.29093	-8.33225
24.2256	-6.29532	-8.33664
24.2356	-6.29971	-8.34103
24.2455	-6.30411	-8.34542
24.2555	-6.3085	-8.34982
24.2655	-6.31289	-8.35421
24.2755	-6.31728	-8.3586
24.2854	-6.32168	-8.363
24.2954	-6.32607	-8.36739
24.3054	-6.33047	-8.37178
24.3154	-6.33486	-8.37618
24.3254	-6.33926	-8.38057
24.3353	-6.34365	-8.38497
24.3453	-6.34805	-8.38937
24.3553	-6.35245	-8.39377
24.3653	-6.35684	-8.39816
24.3752	-6.36124	-8.40256
24.3852	-6.36564	-8.40696
24.3952	-6.37004	-8.41136
24.4052	-6.37444	-8.41576
24.4152	-6.37884	-8.42016
24.4251	-6.38324	-8.42456
24.4351	-6.38764	-8.42896
24.4451	-6.39204	-8.43336
24.4551	-6.39645	-8.43777
24.465	-6.40085	-8.44217
24.475	-6.40525	-8.44657
24.485	-6.40966	-8.45098
24.495	-6.41406	-8.45538
24.505	-6.41847	-8.45979
24.5149	-6.42287	-8.46419
24.5249	-6.42728	-8.4686
24.5349	-6.43168	-8.473
24.5449	-6.43609	-8.47741
24.5548	-6.4405	-8.48182
24.5648	-6.44491	-8.48623
24.5748	-6.44932	-8.49063
24.5848	-6.45372	-8.49504
24.5947	-6.45813	-8.49945
24.6047	-6.46254	-8.50386
24.6147	-6.46695	-8.50827
24.6247	-6.47137	-8.51268
24.6347	-6.47578	-8.5171
24.6446	-6.48019	-8.52151
24.6546	-6.4846	-8.52592
24.6646	-6.48901	-8.53033
24.6746	-6.49343	-8.53475
24.6845	-6.49784	-8.53916
24.6945	-6.50226	-8.54357
24.7045	-6.50667	-8.54799
24.7145	-6.51109	-8.5524
24.7245	-6.5155	-8.55682
24.7344	-6.51992	-8.56124
24.7444	-6.52434	-8.56565
24.7544	-6.52875	-8.57007
24.7644	-6.53317	-8.57449
24.7743	-6.53759	-8.57891
24.7843	-6.54201	-8.58333
24.7943	-6.54643	-8.58775
24.8043	-6.55085	-8.59216
24.8143	-6.55527	-8.59659
24.8242	-6.55969	-8.60101
24.8342	-6.56411	-8.60543
24.8442	-6.56853	-8.60985
24.8542	-6.57295	-8.61427
24.8641	-6.57737	-8.61869
24.8741	-6.5818	-8.62312
24.8841	-6.58622	-8.62754
24.8941	-6.59064	-8.63196
24.9041	-6.59507	-8.63639
24.914	-6.59949	-8.64081
24.924	-6.60392	-8.64524
24.934	-6.60835	-8.64966
24.944	-6.61277	-8.65409
24.9539	-6.6172	-8.65852
24.9639	-6.62163	-8.66294
24.9739	-6.62605	-8.66737
24.9839	-6.63048	-8.6718
24.9938	-6.63491	-8.67623
25.0038	-6.63934	-8.68066
25.0138	-6.64377	-8.68509
25.0238	-6.6482	-8.68952
25.0338	-6.65263	-8.69395
25.0437	-6.65706	-8.69838
25.0537	-6.66149	-8.70281
25.0637	-6.66592	-8.70724
25.0737	-6.67035	-8.71167
25.0836	-6.67479	-8.71611
25.0936	-6.67922	-8.72054
25.1036	-6.68365	-8.72497
25.1136	-6.68809	-8.72941
25.1236	-6.69252	-8.73384
25.1335	-6.69696	-8.73828
25.1435	-6.70139	-8.74271
25.1535	-6.70583	-8.74715
25.1635	-6.71026	-8.75158
25.1734	-6.7147	-8.75602
25.1834	-6.71914	-8.76046
25.1934	-6.72358	-8.76489
25.2034	-6.72801	-8.76933
25.2134	-6.73245	-8.77377
25.2233	-6.73689	-8.77821
25.2333	-6.74133	-8.78265
25.2433	-6.74577	-8.78709
25.2533	-6.75021	-8.79153
25.2632	-6.75465	-8.79597
25.2732	-6.75909	-8.80041
25.2832	-6.76353	-8.80485
25.2932	-6.76797	-8.80929
25.3032	-6.77242	-8.81374
25.3131	-6.77686	-8.81818
25.3231	-6.7813	-8.82262
25.3331	-6.78575	-8.82707
25.3431	-6.79019	-8.83151
25.353	-6.79463	-8.83595
25.363	-6.79908	-8.8404
25.373	-6.80352	-8.84484
25.383	-6.80797	-8.84929
25.3929	-6.81242	-8.85374
25.4029	-6.81686	-8.85818
25.4129	-6.82131	-8.86263
25.4229	-6.82576	-8.86708
25.4329	-6.8302	-8.87152
25.4428	-6.83465	-8.87597
25.4528	-6.8391	-8.88042
25.4628	-6.84355	-8.88487
25.4728	-6.848	-8.88932
25.4827	-6.85245	-8.89377
25.4927	-6.8569	-8.89822
25.5027	-6.86135	-8.90267
25.5127	-6.8658	-8.90712
25.5227	-6.87025	-8.91157
25.5326	-6.8747	-8.91602
25.5426	-6.87916	-8.92048
25.5526	-6.88361	-8.92493
25.5626	-6.88806	-8.92938
25.5725	-6.89252	-8.93383
25.5825	-6.89697	-8.93829
25.5925	-6.90142	-8.94274
25.6025	-6.90588	-8.9472
25.6125	-6.91033	-8.95165
25.6224	-6.91479	-8.95611
25.6324	-6.91924	-8.96056
25.6424	-6.9237	-8.96502
25.6524	-6.92816	-8.96948
25.6623	-6.93261	-8.97393
25.6723	-6.93707	-8.97839
25.6823	-6.94153	-8.98285
25.6923	-6.94599	-8.98731
25.7023	-6.95045	-8.99176
25.7122	-6.9549	-8.99622
25.7222	-6.95936	-9.00068
25.7322	-6.96382	-9.00514
25.7422	-6.96828	-9.0096
25.7521	-6.97274	-9.01406
25.7621	-6.97721	-9.01852
25.7721	-6.98167	-9.02299
25.7821	-6.98613	-9.02745
25.792	-6.99059	-9.03191
25.802	-6.99505	-9.03637
25.812	-6.99951	-9.04083
25.822	-7.00398	-9.0453
25.832	-7.00844	-9.04976
25.8419	-7.01291	-9.05422
25.8519	-7.01737	-9.05869
25.8619	-7.02183	-9.06315
25.8719	-7.0263	-9.06762
25.8818	-7.03076	-9.07208
25.8918	-7.03523	-9.07655
25.9018	-7.0397	-9.08101
25.9118	-7.04416	-9.08548
25.9218	-7.04863	-9.08995
25.9317	-7.0531	-9.09442
25.9417	-7.05756	-9.09888
25.9517	-7.06203	-9.10335
25.9617	-7.0665	-9.10782
25.9716	-7.07097	-9.11229
25.9816	-7.07544	-9.11676
25.9916	-7.07991	-9.12123
26.0016	-7.08438	-9.1257
26.0116	-7.08885	-9.13017
26.0215	-7.09332	-9.13464
26.0315	-7.09779	-9.13911
26.0415	-7.10226	-9.14358
26.0515	-7.10673	-9.14805
26.0614	-7.1112	-9.15252
26.0714	-7.11567	-9.15699
26.0814	-7.12015	-9.16147
26.0914	-7.12462	-9.16594
26.1014	-7.12909	-9.17041
26.1113	-7.13357	-9.17489
26.1213	-7.13804	-9.17936
26.1313	-7.14252	-9.18383
26.1413	-7.14699	-9.18831
26.1512	-7.15146	-9.19278
26.1612	-7.15594	-9.19726
26.1712	-7.16042	-9.20173
26.1812	-7.16489	-9.20621
26.1911	-7.16937	-9.21069
26.2011	-7.17384	-9.21516
26.2111	-7.17832	-9.21964
26.2211	-7.1828	-9.22412
26.2311	-7.18728	-9.2286
26.241	-7.19175	-9.23307
26.251	-7.19623	-9.23755
26.261	-7.20071	-9.24203
26.271	-7.20519	-9.24651
26.2809	-7.20967	-9.25099
26.2909	-7.21415	-9.25547
26.3009	-7.21863	-9.25995
26.3109	-7.22311	-9.26443
26.3209	-7.22759	-9.26891
26.3308	-7.23207	-9.27339
26.3408	-7.23655	-9.27787
26.3508	-7.24103	-9.28235
26.3608	-7.24552	-9.28684
26.3707	-7.25	-9.29132
26.3807	-7.25448	-9.2958
26.3907	-7.25896	-9.30028
26.4007	-7.26345	-9.30477
26.4107	-7.26793	-9.30925
26.4206	-7.27242	-9.31373
26.4306	-7.2769	-9.31822
26.4406	-7.28138	-9.3227
26.4506	-7.28587	-9.32719
26.4605	-7.29035	-9.33167
26.4705	-7.29484	-9.33616
26.4805	-7.29933	-9.34064
26.4905	-7.30381	-9.34513
26.5005	-7.3083	-9.34962
26.5104	-7.31279	-9.3541
26.5204	-7.31727	-9.35859
26.5304	-7.32176	-9.36308
26.5404	-7.32625	-9.36757
26.5503	-7.33074	-9.37205
26.5603	-7.33522	-9.37654
26.5703	-7.33971	-9.38103
26.5803	-7.3442	-9.38552
26.5902	-7.34869	-9.39001
26.6002	-7.35318	-9.3945
26.6102	-7.35767	-9.39899
26.6202	-7.36216	-9.40348
26.6302	-7.36665	-9.40797
26.6401	-7.37114	-9.41246
26.6501	-7.37563	-9.41695
26.6601	-7.38012	-9.42144
26.6701	-7.38462	-9.42593
26.68	-7.38911	-9.43043
26.69	-7.3936	-9.43492
26.7	-7.39809	-9.43941
26.71	-7.40259	-9.4439
26.72	-7.40708	-9.4484
26.7299	-7.41157	-9.45289
26.7399	-7.41607	-9.45738
26.7499	-7.42056	-9.46188
26.7599	-7.42505	-9.46637
26.7698	-7.42955	-9.47087
26.7798	-7.43404	-9.47536
26.7898	-7.43854	-9.47986
26.7998	-7.44303	-9.48435
26.8098	-7.44753	-9.48885
26.8197	-7.45203	-9.49334
26.8297	-7.45652	-9.49784
26.8397	-7.46102	-9.50234
26.8497	-7.46552	-9.50683
26.8596	-7.47001	-9.51133
26.8696	-7.47451	-9.51583
26.8796	-7.47901	-9.52033
26.8896	-7.48351	-9.52482
26.8995	-7.488	-9.52932
26.9095	-7.4925	-9.53382
26.9195	-7.497	-9.53832
26.9295	-7.5015	-9.54282
26.9395	-7.506	-9.54732
26.9494	-7.5105	-9.55182
26.9594	-7.515	-9.55632
26.9694	-7.5195	-9.56082
26.9794	-7.524	-9.56532
26.9893	-7.5285	-9.56982
26.9993	-7.533	-9.57432
27.0093	-7.5375	-9.57882
27.0193	-7.542	-9.58332
27.0293	-7.54651	-9.58783
27.0392	-7.55101	-9.59233
27.0492	-7.55551	-9.59683
27.0592	-7.56001	-9.60133
27.0692	-7.56452	-9.60584
27.0791	-7.56902	-9.61034
27.0891	-7.57352	-9.61484
27.0991	-7.57803	-9.61935
27.1091	-7.58253	-9.62385
27.1191	-7.58704	-9.62835
27.129	-7.59154	-9.63286
27.139	-7.59604	-9.63736
27.149	-7.60055	-9.64187
27.159	-7.60505	-9.64637
27.1689	-7.60956	-9.65088
27.1789	-7.61407	-9.65538
27.1889	-7.61857	-9.65989
27.1989	-7.62308	-9.6644
27.2089	-7.62758	-9.6689
27.2188	-7.63209	-9.67341
27.2288	-7.6366	-9.67792
27.2388	-7.64111	-9.68242
27.2488	-7.64561	-9.68693
27.2587	-7.65012	-9.69144
27.2687	-7.65463	-9.69595
27.2787	-7.65914	-9.70046
27.2887	-7.66365	-9.70496
27.2986	-7.66815	-9.70947
27.3086	-7.67266	-9.71398
27.3186	-7.67717	-9.71849
27.3286	-7.68168	-9.723
27.3386	-7.68619	-9.72751
27.3485	-7.6907	-9.73202
27.3585	-7.69521	-9.73653
27.3685	-7.69972	-9.74104
27.3785	-7.70423	-9.74555
27.3884	-7.70874	-9.75006
27.3984	-7.71325	-9.75457
27.4084	-7.71777	-9.75908
27.4184	-7.72228	-9.7636
27.4284	-7.72679	-9.76811
27.4383	-7.7313	-9.77262
27.4483	-7.73581	-9.77713
27.4583	-7.74033	-9.78164
27.4683	-7.74484	-9.78616
27.4782	-7.74935	-9.79067
27.4882	-7.75386	-9.79518
27.4982	-7.75838	-9.7997
27.5082	-7.76289	-9.80421
27.5182	-7.76741	-9.80872
27.5281	-7.77192	-9.81324
27.5381	-7.77643	-9.81775
27.5481	-7.78095	-9.82227
27.5581	-7.78546	-9.82678
27.568	-7.78998	-9.8313
27.578	-7.79449	-9.83581
27.588	-7.79901	-9.84033
27.598	-7.80353	-9.84484
27.608	-7.80804	-9.84936
27.6179	-7.81256	-9.85388
27.6279	-7.81707	-9.85839
27.6379	-7.82159	-9.86291
27.6479	-7.82611	-9.86743
27.6578	-7.83062	-9.87194
27.6678	-7.83514	-9.87646
27.6778	-7.83966	-9.88098
27.6878	-7.84418	-9.88549
27.6977	-7.84869	-9.89001
27.7077	-7.85321	-9.89453
27.7177	-7.85773	-9.89905
27.7277	-7.86225	-9.90357
27.7377	-7.86677	-9.90809
27.7476	-7.87129	-9.9126
27.7576	-7.87581	-9.91712
27.7676	-7.88032	-9.92164
27.7776	-7.88484	-9.92616
27.7875	-7.88936	-9.93068
27.7975	-7.89388	-9.9352
27.8075	-7.8984	-9.93972
27.8175	-7.90292	-9.94424
27.8275	-7.90744	-9.94876
27.8374	-7.91197	-9.95328
27.8474	-7.91649	-9.9578
27.8574	-7.92101	-9.96233
27.8674	-7.92553	-9.96685
27.8773	-7.93005	-9.97137
27.8873	-7.93457	-9.97589
27.8973	-7.93909	-9.98041
27.9073	-7.94362	-9.98493
27.9173	-7.94814	-9.98946
27.9272	-7.95266	-9.99398
27.9372	-7.95718	-9.9985
27.9472	-7.96171	-10.003
27.9572	-7.96623	-10.0075
27.9671	-7.97075	-10.0121
27.9771	-7.97528	-10.0166
27.9871	-7.9798	-10.0211
27.9971	-7.98432	-10.0256
28.0071	-7.98885	-10.0302
28.017	-7.99337	-10.0347
28.027	-7.9979	-10.0392
28.037	-8.00242	-10.0437
28.047	-8.00695	-10.0483
28.0569	-8.01147	-10.0528
28.0669	-8.016	-10.0573
28.0769	-8.02052	-10.0618
28.0869	-8.02505	-10.0664
28.0968	-8.02957	-10.0709
28.1068	-8.0341	-10.0754
28.1168	-8.03862	-10.0799
28.1268	-8.04315	-10.0845
28.1368	-8.04768	-10.089
28.1467	-8.0522	-10.0935
28.1567	-8.05673	-10.098
28.1667	-8.06126	-10.1026
28.1767	-8.06578	-10.1071
28.1866	-8.07031	-10.1116
28.1966	-8.07484	-10.1162
28.2066	-8.07937	-10.1207
28.2166	-8.08389	-10.1252
28.2266	-8.08842	-10.1297
28.2365	-8.09295	-10.1343
28.2465	-8.09748	-10.1388
28.2565	-8.10201	-10.1433
28.2665	-8.10654	-10.1479
28.2764	-8.11106	-10.1524
28.2864	-8.11559	-10.1569
28.2964	-8.12012	-10.1614
28.3064	-8.12465	-10.166
28.3164	-8.12918	-10.1705
28.3263	-8.13371	-10.175
28.3363	-8.13824	-10.1796
28.3463	-8.14277	-10.1841
28.3563	-8.1473	-10.1886
28.3662	-8.15183	-10.1931
28.3762	-8.15636	-10.1977
28.3862	-8.16089	-10.2022
28.3962	-8.16542	-10.2067
28.4062	-8.16995	-10.2113
28.4161	-8.17448	-10.2158
28.4261	-8.17902	-10.2203
28.4361	-8.18355	-10.2249
28.4461	-8.18808	-10.2294
28.456	-8.19261	-10.2339
28.466	-8.19714	-10.2385
28.476	-8.20167	-10.243
28.486	-8.20621	-10.2475
28.4959	-8.21074	-10.2521
28.5059	-8.21527	-10.2566
28.5159	-8.2198	-10.2611
28.5259	-8.22434	-10.2657
28.5359	-8.22887	-10.2702
28.5458	-8.2334	-10.2747
28.5558	-8.23794	-10.2793
28.5658	-8.24247	-10.2838
28.5758	-8.247	-10.2883
28.5857	-8.25154	-10.2929
28.5957	-8.25607	-10.2974
28.6057	-8.2606	-10.3019
28.6157	-8.26514	-10.3065
28.6257	-8.26967	-10.311
28.6356	-8.27421	-10.3155
28.6456	-8.27874	-10.3201
28.6556	-8.28328	-10.3246
28.6656	-8.28781	-10.3291
28.6755	-8.29234	-10.3337
28.6855	-8.29688	-10.3382
28.6955	-8.30142	-10.3427
28.7055	-8.30595	-10.3473
28.7155	-8.31049	-10.3518
28.7254	-8.31502	-10.3563
28.7354	-8.31956	-10.3609
28.7454	-8.32409	-10.3654
28.7554	-8.32863	-10.3699
28.7653	-8.33316	-10.3745
28.7753	-8.3377	-10.379
28.7853	-8.34224	-10.3836
28.7953	-8.34677	-10.3881
28.8053	-8.35131	-10.3926
28.8152	-8.35585	-10.3972
28.8252	-8.36038	-10.4017
28.8352	-8.36492	-10.4062
28.8452	-8.36946	-10.4108
28.8551	-8.374	-10.4153
28.8651	-8.37853	-10.4199
28.8751	-8.38307	-10.4244
28.8851	-8.38761	-10.4289
28.895	-8.39215	-10.4335
28.905	-8.39668	-10.438
28.915	-8.40122	-10.4425
28.925	-8.40576	-10.4471
28.935	-8.4103	-10.4516
28.9449	-8.41484	-10.4562
28.9549	-8.41937	-10.4607
28.9649	-8.42391	-10.4652
28.9749	-8.42845	-10.4698
28.9848	-8.43299	-10.4743
28.9948	-8.43753	-10.4788
29.0048	-8.44207	-10.4834
29.0148	-8.44661	-10.4879
29.0248	-8.45115	-10.4925
29.0347	-8.45569	-10.497
29.0447	-8.46023	-10.5015
29.0547	-8.46477	-10.5061
29.0647	-8.46931	-10.5106
29.0746	-8.47385	-10.5152
29.0846	-8.47839	-10.5197
29.0946	-8.48293	-10.5242
29.1046	-8.48747	-10.5288
29.1146	-8.49201	-10.5333
29.1245	-8.49655	-10.5379
29.1345	-8.50109	-10.5424
29.1445	-8.50563	-10.5469
29.1545	-8.51017	-10.5515
29.1644	-8.51471	-10.556
29.1744	-8.51925	-10.5606
29.1844	-8.52379	-10.5651
29.1944	-8.52833	-10.5697
29.2044	-8.53287	-10.5742
29.2143	-8.53741	-10.5787
29.2243	-8.54196	-10.5833
29.2343	-8.5465	-10.5878
29.2443	-8.55104	-10.5924
29.2542	-8.55558	-10.5969
29.2642	-8.56012	-10.6014
29.2742	-8.56466	-10.606
29.2842	-8.56921	-10.6105
29.2941	-8.57375	-10.6151
29.3041	-8.57829	-10.6196
29.3141	-8.58283	-10.6242
29.3241	-8.58738	-10.6287
29.3341	-8.59192	-10.6332
29.344	-8.59646	-10.6378
29.354	-8.601	-10.6423
29.364	-8.60555	-10.6469
29.374	-8.61009	-10.6514
29.3839	-8.61463	-10.6559
29.3939	-8.61917	-10.6605
29.4039	-8.62372	-10.665
29.4139	-8.62826	-10.6696
29.4239	-8.6328	-10.6741
29.4338	-8.63735	-10.6787
29.4438	-8.64189	-10.6832
29.4538	-8.64643	-10.6878
29.4638	-8.65098	-10.6923
29.4737	-8.65552	-10.6968
29.4837	-8.66006	-10.7014
29.4937	-8.66461	-10.7059
29.5037	-8.66915	-10.7105
29.5137	-8.6737	-10.715
29.5236	-8.67824	-10.7196
29.5336	-8.68278	-10.7241
29.5436	-8.68733	-10.7286
29.5536	-8.69187	-10.7332
29.5635	-8.69642	-10.7377
29.5735	-8.70096	-10.7423
29.5835	-8.70551	-10.7468
29.5935	-8.71005	-10.7514
29.6035	-8.7146	-10.7559
29.6134	-8.71914	-10.7605
29.6234	-8.72369	-10.765
29.6334	-8.72823	-10.7695
29.6434	-8.73278	-10.7741
29.6533	-8.73732	-10.7786
29.6633	-8.74187	-10.7832
29.6733	-8.74641	-10.7877
29.6833	-8.75096	-10.7923
29.6932	-8.7555	-10.7968
29.7032	-8.76005	-10.8014
29.7132	-8.76459	-10.8059
29.7232	-8.76914	-10.8105
29.7332	-8.77368	-10.815
29.7431	-8.77823	-10.8195
29.7531	-8.78278	-10.8241
29.7631	-8.78732	-10.8286
29.7731	-8.79187	-10.8332
29.783	-8.79641	-10.8377
29.793	-8.80096	-10.8423
29.803	-8.8055	-10.8468
29.813	-8.81005	-10.8514
29.823	-8.8146	-10.8559
29.8329	-8.81914	-10.8605
29.8429	-8.82369	-10.865
29.8529	-8.82824	-10.8696
29.8629	-8.83278	-10.8741
29.8728	-8.83733	-10.8786
29.8828	-8.84188	-10.8832
29.8928	-8.84642	-10.8877
29.9028	-8.85097	-10.8923
29.9128	-8.85552	-10.8968
29.9227	-8.86006	-10.9014
29.9327	-8.86461	-10.9059
29.9427	-8.86916	-10.9105
29.9527	-8.8737	-10.915
29.9626	-8.87825	-10.9196
29.9726	-8.8828	-10.9241
29.9826	-8.88734	-10.9287
29.9926	-8.89189	-10.9332
30.0026	-8.89644	-10.9378
30.0125	-8.90098	-10.9423
30.0225	-8.90553	-10.9469
30.0325	-8.91008	-10.9514
30.0425	-8.91463	-10.9559
30.0524	-8.91917	-10.9605
30.0624	-8.92372	-10.965
30.0724	-8.92827	-10.9696
30.0824	-8.93282	-10.9741
30.0923	-8.93736	-10.9787
30.1023	-8.94191	-10.9832
30.1123	-8.94646	-10.9878
30.1223	-8.95101	-10.9923
30.1323	-8.95555	-10.9969
30.1422	-8.9601	-11.0014
30.1522	-8.96465	-11.006
30.1622	-8.9692	-11.0105
30.1722	-8.97375	-11.0151
30.1821	-8.97829	-11.0196
30.1921	-8.98284	-11.0242
30.2021	-8.98739	-11.0287
30.2121	-8.99194	-11.0333
30.2221	-8.99649	-11.0378
30.232	-9.00103	-11.0424
30.242	-9.00558	-11.0469
30.252	-9.01013	-11.0514
30.262	-9.01468	-11.056
30.2719	-9.01923	-11.0605
30.2819	-9.02378	-11.0651
30.2919	-9.02832	-11.0696
30.3019	-9.03287	-11.0742
30.3119	-9.03742	-11.0787
30.3218	-9.04197	-11.0833
30.3318	-9.04652	-11.0878
30.3418	-9.05107	-11.0924
30.3518	-9.05561	-11.0969
30.3617	-9.06016	-11.1015
30.3717	-9.06471	-11.106
30.3817	-9.06926	-11.1106
30.3917	-9.07381	-11.1151
30.4017	-9.07836	-11.1197
30.4116	-9.08291	-11.1242
30.4216	-9.08745	-11.1288
30.4316	-9.092	-11.1333
30.4416	-9.09655	-11.1379
30.4515	-9.1011	-11.1424
30.4615	-9.10565	-11.147
30.4715	-9.1102	-11.1515
30.4815	-9.11475	-11.1561
30.4914	-9.1193	-11.1606
30.5014	-9.12384	-11.1652
30.5114	-9.12839	-11.1697
30.5214	-9.13294	-11.1743
30.5314	-9.13749	-11.1788
30.5413	-9.14204	-11.1834
30.5513	-9.14659	-11.1879
30.5613	-9.15114	-11.1925
30.5713	-9.15569	-11.197
30.5812	-9.16024	-11.2016
30.5912	-9.16478	-11.2061
30.6012	-9.16933	-11.2107
30.6112	-9.17388	-11.2152
30.6212	-9.17843	-11.2198
30.6311	-9.18298	-11.2243
30.6411	-9.18753	-11.2288
30.6511	-9.19208	-11.2334
30.6611	-9.19663	-11.2379
30.671	-9.20118	-11.2425
30.681	-9.20573	-11.247
30.691	-9.21027	-11.2516
30.701	-9.21482	-11.2561
30.711	-9.21937	-11.2607
30.7209	-9.22392	-11.2652
30.7309	-9.22847	-11.2698
30.7409	-9.23302	-11.2743
30.7509	-9.23757	-11.2789
30.7608	-9.24212	-11.2834
30.7708	-9.24667	-11.288
30.7808	-9.25122	-11.2925
30.7908	-9.25577	-11.2971
30.8008	-9.26032	-11.3016
30.8107	-9.26486	-11.3062
30.8207	-9.26941	-11.3107
30.8307	-9.27396	-11.3153
30.8407	-9.27851	-11.3198
30.8506	-9.28306	-11.3244
30.8606	-9.28761	-11.3289
30.8706	-9.29216	-11.3335
30.8806	-9.29671	-11.338
30.8905	-9.30126	-11.3426
30.9005	-9.30581	-11.3471
30.9105	-9.31036	-11.3517
30.9205	-9.3149	-11.3562
30.9305	-9.31945	-11.3608
30.9404	-9.324	-11.3653
30.9504	-9.32855	-11.3699
30.9604	-9.3331	-11.3744
30.9704	-9.33765	-11.379
30.9803	-9.3422	-11.3835
30.9903	-9.34675	-11.3881
31.0003	-9.3513	-11.3926
31.0103	-9.35585	-11.3972
31.0203	-9.3604	-11.4017
31.0302	-9.36494	-11.4063
31.0402	-9.36949	-11.4108
31.0502	-9.37404	-11.4154
31.0602	-9.37859	-11.4199
31.0701	-9.38314	-11.4245
31.0801	-9.38769	-11.429
31.0901	-9.39224	-11.4336
31.1001	-9.39679	-11.4381
31.1101	-9.40134	-11.4427
31.12	-9.40588	-11.4472
31.13	-9.41043	-11.4518
31.14	-9.41498	-11.4563
31.15	-9.41953	-11.4609
31.1599	-9.42408	-11.4654
31.1699	-9.42863	-11.4699
31.1799	-9.43318	-11.4745
31.1899	-9.43773	-11.479
31.1998	-9.44228	-11.4836
31.2098	-9.44682	-11.4881
31.2198	-9.45137	-11.4927
31.2298	-9.45592	-11.4972
31.2398	-9.46047	-11.5018
31.2497	-9.46502	-11.5063
31.2597	-9.46957	-11.5109
31.2697	-9.47412	-11.5154
31.2797	-9.47866	-11.52
31.2896	-9.48321	-11.5245
31.2996	-9.48776	-11.5291
31.3096	-9.49231	-11.5336
31.3196	-9.49686	-11.5382
31.3296	-9.50141	-11.5427
31.3395	-9.50596	-11.5473
31.3495	-9.5105	-11.5518
31.3595	-9.51505	-11.5564
31.3695	-9.5196	-11.5609
31.3794	-9.52415	-11.5655
31.3894	-9.5287	-11.57
31.3994	-9.53325	-11.5746
31.4094	-9.53779	-11.5791
31.4194	-9.54234	-11.5837
31.4293	-9.54689	-11.5882
31.4393	-9.55144	-11.5928
31.4493	-9.55599	-11.5973
31.4593	-9.56053	-11.6019
31.4692	-9.56508	-11.6064
31.4792	-9.56963	-11.6109
31.4892	-9.57418	-11.6155
31.4992	-9.57873	-11.62
31.5092	-9.58327	-11.6246
31.5191	-9.58782	-11.6291
31.5291	-9.59237	-11.6337
31.5391	-9.59692	-11.6382
31.5491	-9.60146	-11.6428
31.559	-9.60601	-11.6473
31.569	-9.61056	-11.6519
31.579	-9.61511	-11.6564
31.589	-9.61966	-11.661
31.5989	-9.6242	-11.6655
31.6089	-9.62875	-11.6701
31.6189	-9.6333	-11.6746
31.6289	-9.63784	-11.6792
31.6389	-9.64239	-11.6837
31.6488	-9.64694	-11.6883
31.6588	-9.65149	-11.6928
31.6688	-9.65603	-11.6974
31.6788	-9.66058	-11.7019
31.6887	-9.66513	-11.7064
31.6987	-9.66968	-11.711
31.7087	-9.67422	-11.7155
31.7187	-9.67877	-11.7201
31.7287	-9.68332	-11.7246
31.7386	-9.68786	-11.7292
31.7486	-9.69241	-11.7337
31.7586	-9.69696	-11.7383
31.7686	-9.7015	-11.7428
31.7785	-9.70605	-11.7474
31.7885	-9.7106	-11.7519
31.7985	-9.71514	-11.7565
31.8085	-9.71969	-11.761
31.8185	-9.72424	-11.7656
31.8284	-9.72878	-11.7701
31.8384	-9.73333	-11.7746
31.8484	-9.73788	-11.7792
31.8584	-9.74242	-11.7837
31.8683	-9.74697	-11.7883
31.8783	-9.75151	-11.7928
31.8883	-9.75606	-11.7974
31.8983	-9.76061	-11.8019
31.9083	-9.76515	-11.8065
31.9182	-9.7697	-11.811
31.9282	-9.77424	-11.8156
31.9382	-9.77879	-11.8201
31.9482	-9.78334	-11.8247
31.9581	-9.78788	-11.8292
31.9681	-9.79243	-11.8337
31.9781	-9.79697	-11.8383
31.9881	-9.80152	-11.8428
31.998	-9.80606	-11.8474
32.008	-9.81061	-11.8519
32.018	-9.81515	-11.8565
32.028	-9.8197	-11.861
32.038	-9.82424	-11.8656
32.0479	-9.82879	-11.8701
32.0579	-9.83333	-11.8747
32.0679	-9.83788	-11.8792
32.0779	-9.84242	-11.8837
32.0878	-9.84697	-11.8883
32.0978	-9.85151	-11.8928
32.1078	-9.85606	-11.8974
32.1178	-9.8606	-11.9019
32.1278	-9.86515	-11.9065
32.1377	-9.86969	-11.911
32.1477	-9.87424	-11.9156
32.1577	-9.87878	-11.9201
32.1677	-9.88333	-11.9246
32.1776	-9.88787	-11.9292
32.1876	-9.89241	-11.9337
32.1976	-9.89696	-11.9383
32.2076	-9.9015	-11.9428
32.2176	-9.90605	-11.9474
32.2275	-9.91059	-11.9519
32.2375	-9.91513	-11.9565
32.2475	-9.91968	-11.961
32.2575	-9.92422	-11.9655
32.2674	-9.92876	-11.9701
32.2774	-9.93331	-11.9746
32.2874	-9.93785	-11.9792
32.2974	-9.94239	-11.9837
32.3074	-9.94694	-11.9883
32.3173	-9.95148	-11.9928
32.3273	-9.95602	-11.9973
32.3373	-9.96057	-12.0019
32.3473	-9.96511	-12.0064
32.3572	-9.96965	-12.011
32.3672	-9.9742	-12.0155
32.3772	-9.97874	-12.0201
32.3872	-9.98328	-12.0246
32.3971	-9.98782	-12.0291
32.4071	-9.99237	-12.0337
32.4171	-9.99691	-12.0382
32.4271	-10.0015	-12.0428
32.4371	-10.006	-12.0473
32.447	-10.0105	-12.0519
32.457	-10.0151	-12.0564
32.467	-10.0196	-12.0609
32.477	-10.0242	-12.0655
32.4869	-10.0287	-12.07
32.4969	-10.0332	-12.0746
32.5069	-10.0378	-12.0791
32.5169	-10.0423	-12.0836
32.5269	-10.0469	-12.0882
32.5368	-10.0514	-12.0927
32.5468	-10.056	-12.0973
32.5568	-10.0605	-12.1018
32.5668	-10.065	-12.1064
32.5767	-10.0696	-12.1109
32.5867	-10.0741	-12.1154
32.5967	-10.0787	-12.12
32.6067	-10.0832	-12.1245
32.6167	-10.0877	-12.1291
32.6266	-10.0923	-12.1336
32.6366	-10.0968	-12.1381
32.6466	-10.1014	-12.1427
32.6566	-10.1059	-12.1472
32.6665	-10.1104	-12.1518
32.6765	-10.115	-12.1563
32.6865	-10.1195	-12.1608
32.6965	-10.1241	-12.1654
32.7065	-10.1286	-12.1699
32.7164	-10.1331	-12.1745
32.7264	-10.1377	-12.179
32.7364	-10.1422	-12.1835
32.7464	-10.1468	-12.1881
32.7563	-10.1513	-12.1926
32.7663	-10.1558	-12.1972
32.7763	-10.1604	-12.2017
32.7863	-10.1649	-12.2062
32.7962	-10.1695	-12.2108
32.8062	-10.174	-12.2153
32.8162	-10.1785	-12.2199
32.8262	-10.1831	-12.2244
32.8362	-10.1876	-12.2289
32.8461	-10.1921	-12.2335
32.8561	-10.1967	-12.238
32.8661	-10.2012	-12.2425
32.8761	-10.2058	-12.2471
32.886	-10.2103	-12.2516
32.896	-10.2148	-12.2562
32.906	-10.2194	-12.2607
32.916	-10.2239	-12.2652
32.926	-10.2285	-12.2698
32.9359	-10.233	-12.2743
32.9459	-10.2375	-12.2788
32.9559	-10.2421	-12.2834
32.9659	-10.2466	-12.2879
32.9758	-10.2511	-12.2925
32.9858	-10.2557	-12.297
32.9958	-10.2602	-12.3015
33.0058	-10.2648	-12.3061
33.0158	-10.2693	-12.3106
33.0257	-10.2738	-12.3151
33.0357	-10.2784	-12.3197
33.0457	-10.2829	-12.3242
33.0557	-10.2874	-12.3288
33.0656	-10.292	-12.3333
33.0756	-10.2965	-12.3378
33.0856	-10.301	-12.3424
33.0956	-10.3056	-12.3469
33.1056	-10.3101	-12.3514
33.1155	-10.3146	-12.356
33.1255	-10.3192	-12.3605
33.1355	-10.3237	-12.365
33.1455	-10.3283	-12.3696
33.1554	-10.3328	-12.3741
33.1654	-10.3373	-12.3786
33.1754	-10.3419	-12.3832
33.1854	-10.3464	-12.3877
33.1953	-10.3509	-12.3922
33.2053	-10.3555	-12.3968
33.2153	-10.36	-12.4013
33.2253	-10.3645	-12.4059
33.2353	-10.3691	-12.4104
33.2452	-10.3736	-12.4149
33.2552	-10.3781	-12.4195
33.2652	-10.3827	-12.424
33.2752	-10.3872	-12.4285
33.2851	-10.3917	-12.4331
33.2951	-10.3963	-12.4376
33.3051	-10.4008	-12.4421
33.3151	-10.4053	-12.4467
33.3251	-10.4099	-12.4512
33.335	-10.4144	-12.4557
33.345	-10.4189	-12.4603
33.355	-10.4235	-12.4648
33.365	-10.428	-12.4693
33.3749	-10.4325	-12.4739
33.3849	-10.4371	-12.4784
33.3949	-10.4416	-12.4829
33.4049	-10.4461	-12.4874
33.4149	-10.4507	-12.492
33.4248	-10.4552	-12.4965
33.4348	-10.4597	-12.501
33.4448	-10.4643	-12.5056
33.4548	-10.4688	-12.5101
33.4647	-10.4733	-12.5146
33.4747	-10.4779	-12.5192
33.4847	-10.4824	-12.5237
33.4947	-10.4869	-12.5282
33.5047	-10.4914	-12.5328
33.5146	-10.496	-12.5373
33.5246	-10.5005	-12.5418
33.5346	-10.505	-12.5464
33.5446	-10.5096	-12.5509
33.5545	-10.5141	-12.5554
33.5645	-10.5186	-12.5599
33.5745	-10.5232	-12.5645
33.5845	-10.5277	-12.569
33.5944	-10.5322	-12.5735
33.6044	-10.5367	-12.5781
33.6144	-10.5413	-12.5826
33.6244	-10.5458	-12.5871
33.6344	-10.5503	-12.5917
33.6443	-10.5549	-12.5962
33.6543	-10.5594	-12.6007
33.6643	-10.5639	-12.6052
33.6743	-10.5685	-12.6098
33.6842	-10.573	-12.6143
33.6942	-10.5775	-12.6188
33.7042	-10.582	-12.6234
33.7142	-10.5866	-12.6279
33.7242	-10.5911	-12.6324
33.7341	-10.5956	-12.6369
33.7441	-10.6001	-12.6415
33.7541	-10.6047	-12.646
33.7641	-10.6092	-12.6505
33.774	-10.6137	-12.655
33.784	-10.6183	-12.6596
33.794	-10.6228	-12.6641
33.804	-10.6273	-12.6686
33.814	-10.6318	-12.6732
33.8239	-10.6364	-12.6777
33.8339	-10.6409	-12.6822
33.8439	-10.6454	-12.6867
33.8539	-10.6499	-12.6913
33.8638	-10.6545	-12.6958
33.8738	-10.659	-12.7003
33.8838	-10.6635	-12.7048
33.8938	-10.668	-12.7094
33.9038	-10.6726	-12.7139
33.9137	-10.6771	-12.7184
33.9237	-10.6816	-12.7229
33.9337	-10.6861	-12.7275
33.9437	-10.6907	-12.732
33.9536	-10.6952	-12.7365
33.9636	-10.6997	-12.741
33.9736	-10.7042	-12.7456
33.9836	-10.7088	-12.7501
33.9935	-10.7133	-12.7546
34.0035	-10.7178	-12.7591
34.0135	-10.7223	-12.7637
34.0235	-10.7269	-12.7682
34.0335	-10.7314	-12.7727
34.0434	-10.7359	-12.7772
34.0534	-10.7404	-12.7818
34.0634	-10.745	-12.7863
34.0734	-10.7495	-12.7908
34.0833	-10.754	-12.7953
34.0933	-10.7585	-12.7998
34.1033	-10.763	-12.8044
34.1133	-10.7676	-12.8089
34.1233	-10.7721	-12.8134
34.1332	-10.7766	-12.8179
34.1432	-10.7811	-12.8225
34.1532	-10.7857	-12.827
34.1632	-10.7902	-12.8315
34.1731	-10.7947	-12.836
34.1831	-10.7992	-12.8405
34.1931	-10.8037	-12.8451
34.2031	-10.8083	-12.8496
34.2131	-10.8128	-12.8541
34.223	-10.8173	-12.8586
34.233	-10.8218	-12.8631
34.243	-10.8263	-12.8677
34.253	-10.8309	-12.8722
34.2629	-10.8354	-12.8767
34.2729	-10.8399	-12.8812
34.2829	-10.8444	-12.8857
34.2929	-10.8489	-12.8903
34.3029	-10.8535	-12.8948
34.3128	-10.858	-12.8993
34.3228	-10.8625	-12.9038
34.3328	-10.867	-12.9083
34.3428	-10.8715	-12.9129
34.3527	-10.8761	-12.9174
34.3627	-10.8806	-12.9219
34.3727	-10.8851	-12.9264
34.3827	-10.8896	-12.9309
34.3926	-10.8941	-12.9355
34.4026	-10.8987	-12.94
34.4126	-10.9032	-12.9445
34.4226	-10.9077	-12.949
34.4326	-10.9122	-12.9535
34.4425	-10.9167	-12.958
34.4525	-10.9212	-12.9626
34.4625	-10.9258	-12.9671
34.4725	-10.9303	-12.9716
34.4824	-10.9348	-12.9761
34.4924	-10.9393	-12.9806
34.5024	-10.9438	-12.9851
34.5124	-10.9483	-12.9897
34.5224	-10.9529	-12.9942
34.5323	-10.9574	-12.9987
34.5423	-10.9619	-13.0032
34.5523	-10.9664	-13.0077
34.5623	-10.9709	-13.0122
34.5722	-10.9754	-13.0167
34.5822	-10.9799	-13.0213
34.5922	-10.9845	-13.0258
34.6022	-10.989	-13.0303
34.6122	-10.9935	-13.0348
34.6221	-10.998	-13.0393
34.6321	-11.0025	-13.0438
34.6421	-11.007	-13.0483
34.6521	-11.0115	-13.0529
34.662	-11.0161	-13.0574
34.672	-11.0206	-13.0619
34.682	-11.0251	-13.0664
34.692	-11.0296	-13.0709
34.702	-11.0341	-13.0754
34.7119	-11.0386	-13.0799
34.7219	-11.0431	-13.0845
34.7319	-11.0476	-13.089
34.7419	-11.0522	-13.0935
34.7518	-11.0567	-13.098
34.7618	-11.0612	-13.1025
34.7718	-11.0657	-13.107
34.7818	-11.0702	-13.1115
34.7917	-11.0747	-13.116
34.8017	-11.0792	-13.1205
34.8117	-11.0837	-13.1251
34.8217	-11.0882	-13.1296
34.8317	-11.0928	-13.1341
34.8416	-11.0973	-13.1386
34.8516	-11.1018	-13.1431
34.8616	-11.1063	-13.1476
34.8716	-11.1108	-13.1521
34.8815	-11.1153	-13.1566
34.8915	-11.1198	-13.1611
34.9015	-11.1243	-13.1656
34.9115	-11.1288	-13.1702
34.9215	-11.1333	-13.1747
34.9314	-11.1379	-13.1792
34.9414	-11.1424	-13.1837
34.9514	-11.1469	-13.1882
34.9614	-11.1514	-13.1927
34.9713	-11.1559	-13.1972
34.9813	-11.1604	-13.2017
34.9913	-11.1649	-13.2062
35.0013	-11.1694	-13.2107
35.0113	-11.1739	-13.2152
35.0212	-11.1784	-13.2197
35.0312	-11.1829	-13.2242
35.0412	-11.1874	-13.2288
35.0512	-11.1919	-13.2333
35.0611	-11.1964	-13.2378
35.0711	-11.201	-13.2423
35.0811	-11.2055	-13.2468
35.0911	-11.21	-13.2513
35.1011	-11.2145	-13.2558
35.111	-11.219	-13.2603
35.121	-11.2235	-13.2648
35.131	-11.228	-13.2693
35.141	-11.2325	-13.2738
35.1509	-11.237	-13.2783
35.1609	-11.2415	-13.2828
35.1709	-11.246	-13.2873
35.1809	-11.2505	-13.2918
35.1908	-11.255	-13.2963
35.2008	-11.2595	-13.3008
35.2108	-11.264	-13.3053
35.2208	-11.2685	-13.3098
35.2308	-11.273	-13.3143
35.2407	-11.2775	-13.3188
35.2507	-11.282	-13.3233
35.2607	-11.2865	-13.3279
35.2707	-11.291	-13.3324
35.2806	-11.2955	-13.3369
35.2906	-11.3	-13.3414
35.3006	-11.3045	-13.3459
35.3106	-11.309	-13.3504
35.3206	-11.3135	-13.3549
35.3305	-11.318	-13.3594
35.3405	-11.3225	-13.3639
35.3505	-11.327	-13.3684
35.3605	-11.3315	-13.3729
35.3704	-11.336	-13.3774
35.3804	-11.3405	-13.3819
35.3904	-11.345	-13.3864
35.4004	-11.3495	-13.3909
35.4104	-11.354	-13.3954
35.4203	-11.3585	-13.3999
35.4303	-11.363	-13.4044
35.4403	-11.3675	-13.4089
35.4503	-11.372	-13.4134
35.4602	-11.3765	-13.4179
35.4702	-11.381	-13.4224
35.4802	-11.3855	-13.4269
35.4902	-11.39	-13.4314
35.5002	-11.3945	-13.4359
35.5101	-11.399	-13.4404
35.5201	-11.4035	-13.4448
35.5301	-11.408	-13.4493
35.5401	-11.4125	-13.4538
35.55	-11.417	-13.4583
35.56	-11.4215	-13.4628
35.57	-11.426	-13.4673
35.58	-11.4305	-13.4718
35.5899	-11.435	-13.4763
35.5999	-11.4395	-13.4808
35.6099	-11.444	-13.4853
35.6199	-11.4485	-13.4898
35.6299	-11.453	-13.4943
35.6398	-11.4575	-13.4988
35.6498	-11.462	-13.5033
35.6598	-11.4665	-13.5078
35.6698	-11.471	-13.5123
35.6797	-11.4755	-13.5168
35.6897	-11.48	-13.5213
35.6997	-11.4844	-13.5258
35.7097	-11.4889	-13.5303
35.7197	-11.4934	-13.5348
35.7296	-11.4979	-13.5392
35.7396	-11.5024	-13.5437
35.7496	-11.5069	-13.5482
35.7596	-11.5114	-13.5527
35.7695	-11.5159	-13.5572
35.7795	-11.5204	-13.5617
35.7895	-11.5249	-13.5662
35.7995	-11.5294	-13.5707
35.8095	-11.5339	-13.5752
35.8194	-11.5384	-13.5797
35.8294	-11.5428	-13.5842
35.8394	-11.5473	-13.5887
35.8494	-11.5518	-13.5931
35.8593	-11.5563	-13.5976
35.8693	-11.5608	-13.6021
35.8793	-11.5653	-13.6066
35.8893	-11.5698	-13.6111
35.8992	-11.5743	-13.6156
35.9092	-11.5788	-13.6201
35.9192	-11.5833	-13.6246
35.9292	-11.5877	-13.6291
35.9392	-11.5922	-13.6336
35.9491	-11.5967	-13.638
35.9591	-11.6012	-13.6425
35.9691	-11.6057	-13.647
35.9791	-11.6102	-13.6515
35.989	-11.6147	-13.656
35.999	-11.6192	-13.6605
36.009	-11.6237	-13.665
36.019	-11.6281	-13.6695
36.029	-11.6326	-13.6739
36.0389	-11.6371	-13.6784
36.0489	-11.6416	-13.6829
36.0589	-11.6461	-13.6874
36.0689	-11.6506	-13.6919
36.0788	-11.6551	-13.6964
36.0888	-11.6595	-13.7009
36.0988	-11.664	-13.7053
36.1088	-11.6685	-13.7098
36.1188	-11.673	-13.7143
36.1287	-11.6775	-13.7188
36.1387	-11.682	-13.7233
36.1487	-11.6865	-13.7278
36.1587	-11.6909	-13.7323
36.1686	-11.6954	-13.7367
36.1786	-11.6999	-13.7412
36.1886	-11.7044	-13.7457
36.1986	-11.7089	-13.7502
36.2086	-11.7134	-13.7547
36.2185	-11.7178	-13.7592
36.2285	-11.7223	-13.7636
36.2385	-11.7268	-13.7681
36.2485	-11.7313	-13.7726
36.2584	-11.7358	-13.7771
36.2684	-11.7402	-13.7816
36.2784	-11.7447	-13.786
36.2884	-11.7492	-13.7905
36.2983	-11.7537	-13.795
36.3083	-11.7582	-13.7995
36.3183	-11.7626	-13.804
36.3283	-11.7671	-13.8084
36.3383	-11.7716	-13.8129
36.3482	-11.7761	-13.8174
36.3582	-11.7806	-13.8219
36.3682	-11.785	-13.8264
36.3782	-11.7895	-13.8308
36.3881	-11.794	-13.8353
36.3981	-11.7985	-13.8398
36.4081	-11.803	-13.8443
36.4181	-11.8074	-13.8488
36.4281	-11.8119	-13.8532
36.438	-11.8164	-13.8577
36.448	-11.8209	-13.8622
36.458	-11.8254	-13.8667
36.468	-11.8298	-13.8711
36.4779	-11.8343	-13.8756
36.4879	-11.8388	-13.8801
36.4979	-11.8433	-13.8846
36.5079	-11.8477	-13.8891
36.5179	-11.8522	-13.8935
36.5278	-11.8567	-13.898
36.5378	-11.8612	-13.9025
36.5478	-11.8656	-13.907
36.5578	-11.8701	-13.9114
36.5677	-11.8746	-13.9159
36.5777	-11.8791	-13.9204
36.5877	-11.8835	-13.9249
36.5977	-11.888	-13.9293
36.6077	-11.8925	-13.9338
36.6176	-11.897	-13.9383
36.6276	-11.9014	-13.9428
36.6376	-11.9059	-13.9472
36.6476	-11.9104	-13.9517
36.6575	-11.9149	-13.9562
36.6675	-11.9193	-13.9606
36.6775	-11.9238	-13.9651
36.6875	-11.9283	-13.9696
36.6974	-11.9327	-13.9741
36.7074	-11.9372	-13.9785
36.7174	-11.9417	-13.983
36.7274	-11.9462	-13.9875
36.7374	-11.9506	-13.9919
36.7473	-11.9551	-13.9964
36.7573	-11.9596	-14.0009
36.7673	-11.964	-14.0054
36.7773	-11.9685	-14.0098
36.7872	-11.973	-14.0143
36.7972	-11.9774	-14.0188
36.8072	-11.9819	-14.0232
36.8172	-11.9864	-14.0277
36.8272	-11.9909	-14.0322
36.8371	-11.9953	-14.0366
36.8471	-11.9998	-14.0411
36.8571	-12.0043	-14.0456
36.8671	-12.0087	-14.05
36.877	-12.0132	-14.0545
36.887	-12.0177	-14.059
36.897	-12.0221	-14.0634
36.907	-12.0266	-14.0679
36.917	-12.0311	-14.0724
36.9269	-12.0355	-14.0768
36.9369	-12.04	-14.0813
36.9469	-12.0445	-14.0858
36.9569	-12.0489	-14.0902
36.9668	-12.0534	-14.0947
36.9768	-12.0579	-14.0992
36.9868	-12.0623	-14.1036
36.9968	-12.0668	-14.1081
37.0068	-12.0713	-14.1126
37.0167	-12.0757	-14.117
37.0267	-12.0802	-14.1215
37.0367	-12.0846	-14.126
37.0467	-12.0891	-14.1304
37.0566	-12.0936	-14.1349
37.0666	-12.098	-14.1394
37.0766	-12.1025	-14.1438
37.0866	-12.107	-14.1483
37.0965	-12.1114	-14.1527
37.1065	-12.1159	-14.1572
37.1165	-12.1203	-14.1617
37.1265	-12.1248	-14.1661
37.1365	-12.1293	-14.1706
37.1464	-12.1337	-14.175
37.1564	-12.1382	-14.1795
37.1664	-12.1427	-14.184
37.1764	-12.1471	-14.1884
37.1863	-12.1516	-14.1929
37.1963	-12.156	-14.1973
37.2063	-12.1605	-14.2018
37.2163	-12.1649	-14.2063
37.2263	-12.1694	-14.2107
37.2362	-12.1739	-14.2152
37.2462	-12.1783	-14.2196
37.2562	-12.1828	-14.2241
37.2662	-12.1872	-14.2286
37.2761	-12.1917	-14.233
37.2861	-12.1962	-14.2375
37.2961	-12.2006	-14.2419
37.3061	-12.2051	-14.2464
37.3161	-12.2095	-14.2508
37.326	-12.214	-14.2553
37.336	-12.2184	-14.2598
37.346	-12.2229	-14.2642
37.356	-12.2274	-14.2687
37.3659	-12.2318	-14.2731
37.3759	-12.2363	-14.2776
37.3859	-12.2407	-14.282
37.3959	-12.2452	-14.2865
37.4059	-12.2496	-14.291
37.4158	-12.2541	-14.2954
37.4258	-12.2585	-14.2999
37.4358	-12.263	-14.3043
37.4458	-12.2674	-14.3088
37.4557	-12.2719	-14.3132
37.4657	-12.2764	-14.3177
37.4757	-12.2808	-14.3221
37.4857	-12.2853	-14.3266
37.4956	-12.2897	-14.331
37.5056	-12.2942	-14.3355
37.5156	-12.2986	-14.3399
37.5256	-12.3031	-14.3444
37.5356	-12.3075	-14.3488
37.5455	-12.312	-14.3533
37.5555	-12.3164	-14.3577
37.5655	-12.3209	-14.3622
37.5755	-12.3253	-14.3666
37.5854	-12.3298	-14.3711
37.5954	-12.3342	-14.3755
37.6054	-12.3387	-14.38
37.6154	-12.3431	-14.3844
37.6254	-12.3476	-14.3889
37.6353	-12.352	-14.3933
37.6453	-12.3565	-14.3978
37.6553	-12.3609	-14.4022
37.6653	-12.3654	-14.4067
37.6752	-12.3698	-14.4111
37.6852	-12.3743	-14.4156
37.6952	-12.3787	-14.42
37.7052	-12.3832	-14.4245
37.7152	-12.3876	-14.4289
37.7251	-12.392	-14.4334
37.7351	-12.3965	-14.4378
37.7451	-12.4009	-14.4423
37.7551	-12.4054	-14.4467
37.765	-12.4098	-14.4512
37.775	-12.4143	-14.4556
37.785	-12.4187	-14.46
37.795	-12.4232	-14.4645
37.805	-12.4276	-14.4689
37.8149	-12.4321	-14.4734
37.8249	-12.4365	-14.4778
37.8349	-12.4409	-14.4823
37.8449	-12.4454	-14.4867
37.8548	-12.4498	-14.4912
37.8648	-12.4543	-14.4956
37.8748	-12.4587	-14.5
37.8848	-12.4632	-14.5045
37.8947	-12.4676	-14.5089
37.9047	-12.472	-14.5134
37.9147	-12.4765	-14.5178
37.9247	-12.4809	-14.5222
37.9347	-12.4854	-14.5267
37.9446	-12.4898	-14.5311
37.9546	-12.4942	-14.5356
37.9646	-12.4987	-14.54
37.9746	-12.5031	-14.5444
37.9845	-12.5076	-14.5489
37.9945	-12.512	-14.5533
38.0045	-12.5164	-14.5578
38.0145	-12.5209	-14.5622
38.0245	-12.5253	-14.5666
38.0344	-12.5298	-14.5711
38.0444	-12.5342	-14.5755
38.0544	-12.5386	-14.58
38.0644	-12.5431	-14.5844
38.0743	-12.5475	-14.5888
38.0843	-12.552	-14.5933
38.0943	-12.5564	-14.5977
38.1043	-12.5608	-14.6021
38.1143	-12.5653	-14.6066
38.1242	-12.5697	-14.611
38.1342	-12.5741	-14.6155
38.1442	-12.5786	-14.6199
38.1542	-12.583	-14.6243
38.1641	-12.5874	-14.6288
38.1741	-12.5919	-14.6332
38.1841	-12.5963	-14.6376
38.1941	-12.6007	-14.6421
38.2041	-12.6052	-14.6465
38.214	-12.6096	-14.6509
38.224	-12.614	-14.6554
38.234	-12.6185	-14.6598
38.244	-12.6229	-14.6642
38.2539	-12.6273	-14.6687
38.2639	-12.6318	-14.6731
38.2739	-12.6362	-14.6775
38.2839	-12.6406	-14.682
38.2938	-12.6451	-14.6864
38.3038	-12.6495	-14.6908
38.3138	-12.6539	-14.6953
38.3238	-12.6584	-14.6997
38.3338	-12.6628	-14.7041
38.3437	-12.6672	-14.7085
38.3537	-12.6717	-14.713
38.3637	-12.6761	-14.7174
38.3737	-12.6805	-14.7218
38.3836	-12.6849	-14.7263
38.3936	-12.6894	-14.7307
38.4036	-12.6938	-14.7351
38.4136	-12.6982	-14.7396
38.4236	-12.7027	-14.744
38.4335	-12.7071	-14.7484
38.4435	-12.7115	-14.7528
38.4535	-12.7159	-14.7573
38.4635	-12.7204	-14.7617
38.4734	-12.7248	-14.7661
38.4834	-12.7292	-14.7705
38.4934	-12.7336	-14.775
38.5034	-12.7381	-14.7794
38.5134	-12.7425	-14.7838
38.5233	-12.7469	-14.7882
38.5333	-12.7514	-14.7927
38.5433	-12.7558	-14.7971
38.5533	-12.7602	-14.8015
38.5632	-12.7646	-14.8059
38.5732	-12.769	-14.8104
38.5832	-12.7735	-14.8148
38.5932	-12.7779	-14.8192
38.6032	-12.7823	-14.8236
38.6131	-12.7867	-14.8281
38.6231	-12.7912	-14.8325
38.6331	-12.7956	-14.8369
38.6431	-12.8	-14.8413
38.653	-12.8044	-14.8457
38.663	-12.8089	-14.8502
38.673	-12.8133	-14.8546
38.683	-12.8177	-14.859
38.6929	-12.8221	-14.8634
38.7029	-12.8265	-14.8679
38.7129	-12.831	-14.8723
38.7229	-12.8354	-14.8767
38.7329	-12.8398	-14.8811
38.7428	-12.8442	-14.8855
38.7528	-12.8486	-14.89
38.7628	-12.8531	-14.8944
38.7728	-12.8575	-14.8988
38.7827	-12.8619	-14.9032
38.7927	-12.8663	-14.9076
38.8027	-12.8707	-14.912
38.8127	-12.8751	-14.9165
38.8227	-12.8796	-14.9209
38.8326	-12.884	-14.9253
38.8426	-12.8884	-14.9297
38.8526	-12.8928	-14.9341
38.8626	-12.8972	-14.9385
38.8725	-12.9016	-14.943
38.8825	-12.9061	-14.9474
38.8925	-12.9105	-14.9518
38.9025	-12.9149	-14.9562
38.9125	-12.9193	-14.9606
38.9224	-12.9237	-14.965
38.9324	-12.9281	-14.9694
38.9424	-12.9325	-14.9739
38.9524	-12.937	-14.9783
38.9623	-12.9414	-14.9827
38.9723	-12.9458	-14.9871
38.9823	-12.9502	-14.9915
38.9923	-12.9546	-14.9959
39.0023	-12.959	-15.0003
39.0122	-12.9634	-15.0047
39.0222	-12.9678	-15.0092
39.0322	-12.9723	-15.0136
39.0422	-12.9767	-15.018
39.0521	-12.9811	-15.0224
39.0621	-12.9855	-15.0268
39.0721	-12.9899	-15.0312
39.0821	-12.9943	-15.0356
39.092	-12.9987	-15.04
39.102	-13.0031	-15.0444
39.112	-13.0075	-15.0489
39.122	-13.0119	-15.0533
39.132	-13.0163	-15.0577
39.1419	-13.0208	-15.0621
39.1519	-13.0252	-15.0665
39.1619	-13.0296	-15.0709
39.1719	-13.034	-15.0753
39.1818	-13.0384	-15.0797
39.1918	-13.0428	-15.0841
39.2018	-13.0472	-15.0885
39.2118	-13.0516	-15.0929
39.2218	-13.056	-15.0973
39.2317	-13.0604	-15.1017
39.2417	-13.0648	-15.1061
39.2517	-13.0692	-15.1105
39.2617	-13.0736	-15.115
39.2716	-13.078	-15.1194
39.2816	-13.0824	-15.1238
39.2916	-13.0868	-15.1282
39.3016	-13.0912	-15.1326
39.3116	-13.0957	-15.137
39.3215	-13.1001	-15.1414
39.3315	-13.1045	-15.1458
39.3415	-13.1089	-15.1502
39.3515	-13.1133	-15.1546
39.3614	-13.1177	-15.159
39.3714	-13.1221	-15.1634
39.3814	-13.1265	-15.1678
39.3914	-13.1309	-15.1722
39.4014	-13.1353	-15.1766
39.4113	-13.1397	-15.181
39.4213	-13.1441	-15.1854
39.4313	-13.1485	-15.1898
39.4413	-13.1529	-15.1942
39.4512	-13.1573	-15.1986
39.4612	-13.1617	-15.203
39.4712	-13.1661	-15.2074
39.4812	-13.1705	-15.2118
39.4911	-13.1749	-15.2162
39.5011	-13.1793	-15.2206
39.5111	-13.1837	-15.225
39.5211	-13.1881	-15.2294
39.5311	-13.1924	-15.2338
39.541	-13.1968	-15.2382
39.551	-13.2012	-15.2426
39.561	-13.2056	-15.247
39.571	-13.21	-15.2514
39.5809	-13.2144	-15.2557
39.5909	-13.2188	-15.2601
39.6009	-13.2232	-15.2645
39.6109	-13.2276	-15.2689
39.6209	-13.232	-15.2733
39.6308	-13.2364	-15.2777
39.6408	-13.2408	-15.2821
39.6508	-13.2452	-15.2865
39.6608	-13.2496	-15.2909
39.6707	-13.254	-15.2953
39.6807	-13.2584	-15.2997
39.6907	-13.2628	-15.3041
39.7007	-13.2671	-15.3085
39.7107	-13.2715	-15.3129
39.7206	-13.2759	-15.3173
39.7306	-13.2803	-15.3216
39.7406	-13.2847	-15.326
39.7506	-13.2891	-15.3304
39.7605	-13.2935	-15.3348
39.7705	-13.2979	-15.3392
39.7805	-13.3023	-15.3436
39.7905	-13.3067	-15.348
39.8005	-13.3111	-15.3524
39.8104	-13.3154	-15.3568
39.8204	-13.3198	-15.3611
39.8304	-13.3242	-15.3655
39.8404	-13.3286	-15.3699
39.8503	-13.333	-15.3743
39.8603	-13.3374	-15.3787
39.8703	-13.3418	-15.3831
39.8803	-13.3462	-15.3875
39.8902	-13.3505	-15.3919
39.9002	-13.3549	-15.3962
39.9102	-13.3593	-15.4006
39.9202	-13.3637	-15.405
39.9302	-13.3681	-15.4094
39.9401	-13.3725	-15.4138
39.9501	-13.3768	-15.4182
39.9601	-13.3812	-15.4226
39.9701	-13.3856	-15.4269
39.98	-13.39	-15.4313
39.99	-13.3944	-15.4357
40	-13.3988	-15.4401
