Freq_GHz	Model_Norm_dB	Model_dBm_5mA
0.1	0	-3.97949
0.109977	-1.8939e-05	-3.97951
0.119955	-3.96779e-05	-3.97953
0.129932	-6.22166e-05	-3.97955
0.13991	-8.65552e-05	-3.97958
0.149887	-0.000112694	-3.9796
0.159865	-0.000140632	-3.97963
0.169842	-0.00017037	-3.97966
0.17982	-0.000201909	-3.97969
0.189797	-0.000235247	-3.97973
0.199775	-0.000270385	-3.97976
0.209752	-0.000307323	-3.9798
0.21973	-0.000346061	-3.97984
0.229707	-0.000386598	-3.97988
0.239685	-0.000428936	-3.97992
0.249662	-0.000473074	-3.97996
0.25964	-0.000519012	-3.98001
0.269617	-0.000566749	-3.98006
0.279595	-0.000616287	-3.98011
0.289572	-0.000667625	-3.98016
0.29955	-0.000720763	-3.98021
0.309527	-0.000775701	-3.98027
0.319505	-0.000832439	-3.98032
0.329482	-0.000890977	-3.98038
0.33946	-0.000951315	-3.98044
0.349437	-0.00101345	-3.9805
0.359415	-0.00107739	-3.98057
0.369392	-0.00114313	-3.98063
0.37937	-0.00121067	-3.9807
0.389347	-0.00128001	-3.98077
0.399325	-0.00135115	-3.98084
0.409302	-0.00142409	-3.98091
0.41928	-0.00149882	-3.98099
0.429257	-0.00157536	-3.98107
0.439235	-0.0016537	-3.98114
0.449212	-0.00173384	-3.98122
0.45919	-0.00181578	-3.98131
0.469167	-0.00189953	-3.98139
0.479145	-0.00198507	-3.98148
0.489122	-0.00207241	-3.98156
0.4991	-0.00216155	-3.98165
0.509077	-0.00225249	-3.98174
0.519055	-0.00234524	-3.98184
0.529032	-0.00243978	-3.98193
0.53901	-0.00253612	-3.98203
0.548987	-0.00263427	-3.98212
0.558965	-0.00273421	-3.98222
0.568942	-0.00283596	-3.98233
0.57892	-0.0029395	-3.98243
0.588897	-0.00304485	-3.98254
0.598875	-0.003152	-3.98264
0.608852	-0.00326094	-3.98275
0.61883	-0.00337169	-3.98286
0.628807	-0.00348424	-3.98297
0.638785	-0.00359859	-3.98309
0.648762	-0.00371474	-3.98321
0.65874	-0.0038327	-3.98332
0.668717	-0.00395245	-3.98344
0.678695	-0.004074	-3.98356
0.688672	-0.00419736	-3.98369
0.69865	-0.00432251	-3.98381
0.708627	-0.00444947	-3.98394
0.718605	-0.00457822	-3.98407
0.728582	-0.00470878	-3.9842
0.73856	-0.00484114	-3.98433
0.748537	-0.0049753	-3.98447
0.758515	-0.00511126	-3.9846
0.768492	-0.00524903	-3.98474
0.77847	-0.00538859	-3.98488
0.788447	-0.00552996	-3.98502
0.798425	-0.00567312	-3.98516
0.808402	-0.00581809	-3.98531
0.81838	-0.00596486	-3.98546
0.828357	-0.00611343	-3.9856
0.838335	-0.0062638	-3.98575
0.848312	-0.00641597	-3.98591
0.85829	-0.00656995	-3.98606
0.868267	-0.00672573	-3.98622
0.878245	-0.0068833	-3.98637
0.888222	-0.00704268	-3.98653
0.8982	-0.00720386	-3.98669
0.908177	-0.00736685	-3.98686
0.918155	-0.00753163	-3.98702
0.928132	-0.00769822	-3.98719
0.93811	-0.00786661	-3.98736
0.948087	-0.0080368	-3.98753
0.958065	-0.00820879	-3.9877
0.968042	-0.00838258	-3.98787
0.97802	-0.00855818	-3.98805
0.987997	-0.00873558	-3.98823
0.997974	-0.00891478	-3.98841
1.00795	-0.00909578	-3.98859
1.01793	-0.00927858	-3.98877
1.02791	-0.00946319	-3.98895
1.03788	-0.0096496	-3.98914
1.04786	-0.00983781	-3.98933
1.05784	-0.0100278	-3.98952
1.06782	-0.0102196	-3.98971
1.07779	-0.0104133	-3.9899
1.08777	-0.0106087	-3.9901
1.09775	-0.0108059	-3.9903
1.10773	-0.0110049	-3.9905
1.1177	-0.0112058	-3.9907
1.12768	-0.0114084	-3.9909
1.13766	-0.0116128	-3.9911
1.14764	-0.0118191	-3.99131
1.15761	-0.0120271	-3.99152
1.16759	-0.0122369	-3.99173
1.17757	-0.0124486	-3.99194
1.18755	-0.012662	-3.99215
1.19752	-0.0128773	-3.99237
1.2075	-0.0130943	-3.99258
1.21748	-0.0133132	-3.9928
1.22746	-0.0135339	-3.99302
1.23743	-0.0137563	-3.99325
1.24741	-0.0139806	-3.99347
1.25739	-0.0142067	-3.9937
1.26737	-0.0144345	-3.99393
1.27734	-0.0146642	-3.99415
1.28732	-0.0148957	-3.99439
1.2973	-0.015129	-3.99462
1.30728	-0.0153641	-3.99485
1.31725	-0.015601	-3.99509
1.32723	-0.0158397	-3.99533
1.33721	-0.0160802	-3.99557
1.34719	-0.0163225	-3.99581
1.35716	-0.0165666	-3.99606
1.36714	-0.0168125	-3.9963
1.37712	-0.0170602	-3.99655
1.3871	-0.0173097	-3.9968
1.39707	-0.0175611	-3.99705
1.40705	-0.0178142	-3.9973
1.41703	-0.0180691	-3.99756
1.42701	-0.0183259	-3.99782
1.43698	-0.0185844	-3.99807
1.44696	-0.0188448	-3.99834
1.45694	-0.0191069	-3.9986
1.46692	-0.0193709	-3.99886
1.47689	-0.0196366	-3.99913
1.48687	-0.0199042	-3.99939
1.49685	-0.0201736	-3.99966
1.50683	-0.0204447	-3.99994
1.5168	-0.0207177	-4.00021
1.52678	-0.0209925	-4.00048
1.53676	-0.0212691	-4.00076
1.54674	-0.0215475	-4.00104
1.55671	-0.0218277	-4.00132
1.56669	-0.0221097	-4.0016
1.57667	-0.0223935	-4.00188
1.58665	-0.0226791	-4.00217
1.59662	-0.0229666	-4.00246
1.6066	-0.0232558	-4.00275
1.61658	-0.0235468	-4.00304
1.62656	-0.0238397	-4.00333
1.63653	-0.0241343	-4.00362
1.64651	-0.0244308	-4.00392
1.65649	-0.024729	-4.00422
1.66647	-0.0250291	-4.00452
1.67644	-0.025331	-4.00482
1.68642	-0.0256346	-4.00513
1.6964	-0.0259401	-4.00543
1.70638	-0.0262474	-4.00574
1.71635	-0.0265565	-4.00605
1.72633	-0.0268674	-4.00636
1.73631	-0.0271801	-4.00667
1.74629	-0.0274946	-4.00699
1.75626	-0.027811	-4.0073
1.76624	-0.0281291	-4.00762
1.77622	-0.028449	-4.00794
1.7862	-0.0287708	-4.00826
1.79617	-0.0290943	-4.00858
1.80615	-0.0294197	-4.00891
1.81613	-0.0297468	-4.00924
1.82611	-0.0300758	-4.00957
1.83608	-0.0304066	-4.0099
1.84606	-0.0307392	-4.01023
1.85604	-0.0310736	-4.01056
1.86602	-0.0314098	-4.0109
1.87599	-0.0317478	-4.01124
1.88597	-0.0320876	-4.01158
1.89595	-0.0324292	-4.01192
1.90593	-0.0327727	-4.01226
1.9159	-0.0331179	-4.01261
1.92588	-0.033465	-4.01296
1.93586	-0.0338138	-4.0133
1.94584	-0.0341645	-4.01365
1.95581	-0.034517	-4.01401
1.96579	-0.0348712	-4.01436
1.97577	-0.0352273	-4.01472
1.98575	-0.0355852	-4.01508
1.99572	-0.0359449	-4.01544
2.0057	-0.0363065	-4.0158
2.01568	-0.0366698	-4.01616
2.02566	-0.0370349	-4.01653
2.03563	-0.0374019	-4.01689
2.04561	-0.0377706	-4.01726
2.05559	-0.0381412	-4.01763
2.06557	-0.0385136	-4.018
2.07554	-0.0388877	-4.01838
2.08552	-0.0392637	-4.01875
2.0955	-0.0396415	-4.01913
2.10548	-0.0400211	-4.01951
2.11545	-0.0404026	-4.01989
2.12543	-0.0407858	-4.02028
2.13541	-0.0411708	-4.02066
2.14539	-0.0415577	-4.02105
2.15536	-0.0419463	-4.02144
2.16534	-0.0423368	-4.02183
2.17532	-0.0427291	-4.02222
2.1853	-0.0431232	-4.02261
2.19527	-0.0435191	-4.02301
2.20525	-0.0439168	-4.02341
2.21523	-0.0443163	-4.02381
2.22521	-0.0447177	-4.02421
2.23518	-0.0451208	-4.02461
2.24516	-0.0455258	-4.02502
2.25514	-0.0459325	-4.02542
2.26512	-0.0463411	-4.02583
2.27509	-0.0467515	-4.02624
2.28507	-0.0471637	-4.02665
2.29505	-0.0475777	-4.02707
2.30503	-0.0479935	-4.02748
2.315	-0.0484112	-4.0279
2.32498	-0.0488306	-4.02832
2.33496	-0.0492519	-4.02874
2.34494	-0.0496749	-4.02917
2.35491	-0.0500998	-4.02959
2.36489	-0.0505265	-4.03002
2.37487	-0.050955	-4.03045
2.38485	-0.0513853	-4.03088
2.39482	-0.0518175	-4.03131
2.4048	-0.0522514	-4.03174
2.41478	-0.0526872	-4.03218
2.42476	-0.0531247	-4.03262
2.43473	-0.0535641	-4.03305
2.44471	-0.0540053	-4.0335
2.45469	-0.0544483	-4.03394
2.46467	-0.0548932	-4.03438
2.47464	-0.0553398	-4.03483
2.48462	-0.0557882	-4.03528
2.4946	-0.0562385	-4.03573
2.50458	-0.0566906	-4.03618
2.51455	-0.0571445	-4.03663
2.52453	-0.0576002	-4.03709
2.53451	-0.0580577	-4.03755
2.54449	-0.058517	-4.03801
2.55446	-0.0589782	-4.03847
2.56444	-0.0594411	-4.03893
2.57442	-0.0599059	-4.0394
2.5844	-0.0603725	-4.03986
2.59437	-0.0608409	-4.04033
2.60435	-0.0613111	-4.0408
2.61433	-0.0617831	-4.04127
2.62431	-0.062257	-4.04175
2.63428	-0.0627326	-4.04222
2.64426	-0.0632101	-4.0427
2.65424	-0.0636894	-4.04318
2.66422	-0.0641705	-4.04366
2.67419	-0.0646534	-4.04414
2.68417	-0.0651382	-4.04463
2.69415	-0.0656247	-4.04512
2.70413	-0.0661131	-4.0456
2.7141	-0.0666033	-4.04609
2.72408	-0.0670953	-4.04659
2.73406	-0.0675891	-4.04708
2.74404	-0.0680847	-4.04758
2.75401	-0.0685822	-4.04807
2.76399	-0.0690814	-4.04857
2.77397	-0.0695825	-4.04907
2.78395	-0.0700854	-4.04958
2.79392	-0.0705901	-4.05008
2.8039	-0.0710967	-4.05059
2.81388	-0.071605	-4.0511
2.82386	-0.0721152	-4.05161
2.83383	-0.0726272	-4.05212
2.84381	-0.073141	-4.05263
2.85379	-0.0736566	-4.05315
2.86377	-0.074174	-4.05366
2.87374	-0.0746933	-4.05418
2.88372	-0.0752144	-4.0547
2.8937	-0.0757372	-4.05523
2.90368	-0.0762619	-4.05575
2.91365	-0.0767885	-4.05628
2.92363	-0.0773168	-4.05681
2.93361	-0.077847	-4.05734
2.94359	-0.078379	-4.05787
2.95356	-0.0789128	-4.0584
2.96354	-0.0794484	-4.05894
2.97352	-0.0799858	-4.05948
2.9835	-0.0805251	-4.06002
2.99347	-0.0810661	-4.06056
3.00345	-0.081609	-4.0611
3.01343	-0.0821537	-4.06164
3.02341	-0.0827003	-4.06219
3.03338	-0.0832486	-4.06274
3.04336	-0.0837988	-4.06329
3.05334	-0.0843508	-4.06384
3.06332	-0.0849046	-4.0644
3.07329	-0.0854602	-4.06495
3.08327	-0.0860177	-4.06551
3.09325	-0.086577	-4.06607
3.10323	-0.087138	-4.06663
3.1132	-0.087701	-4.06719
3.12318	-0.0882657	-4.06776
3.13316	-0.0888322	-4.06832
3.14314	-0.0894006	-4.06889
3.15311	-0.0899708	-4.06946
3.16309	-0.0905428	-4.07003
3.17307	-0.0911167	-4.07061
3.18305	-0.0916923	-4.07118
3.19302	-0.0922698	-4.07176
3.203	-0.0928491	-4.07234
3.21298	-0.0934302	-4.07292
3.22296	-0.0940132	-4.0735
3.23293	-0.0945979	-4.07409
3.24291	-0.0951845	-4.07468
3.25289	-0.0957729	-4.07526
3.26287	-0.0963632	-4.07585
3.27284	-0.0969552	-4.07645
3.28282	-0.0975491	-4.07704
3.2928	-0.0981448	-4.07764
3.30278	-0.0987423	-4.07823
3.31275	-0.0993417	-4.07883
3.32273	-0.0999429	-4.07943
3.33271	-0.100546	-4.08004
3.34269	-0.101151	-4.08064
3.35266	-0.101757	-4.08125
3.36264	-0.102366	-4.08186
3.37262	-0.102976	-4.08247
3.3826	-0.103588	-4.08308
3.39257	-0.104202	-4.08369
3.40255	-0.104818	-4.08431
3.41253	-0.105435	-4.08493
3.42251	-0.106055	-4.08555
3.43248	-0.106676	-4.08617
3.44246	-0.107299	-4.08679
3.45244	-0.107924	-4.08741
3.46242	-0.108551	-4.08804
3.47239	-0.109179	-4.08867
3.48237	-0.10981	-4.0893
3.49235	-0.110442	-4.08993
3.50233	-0.111076	-4.09057
3.5123	-0.111712	-4.0912
3.52228	-0.112349	-4.09184
3.53226	-0.112989	-4.09248
3.54224	-0.11363	-4.09312
3.55221	-0.114273	-4.09376
3.56219	-0.114918	-4.09441
3.57217	-0.115565	-4.09506
3.58215	-0.116214	-4.0957
3.59212	-0.116864	-4.09635
3.6021	-0.117516	-4.09701
3.61208	-0.11817	-4.09766
3.62206	-0.118826	-4.09832
3.63203	-0.119484	-4.09897
3.64201	-0.120144	-4.09963
3.65199	-0.120805	-4.1003
3.66197	-0.121468	-4.10096
3.67194	-0.122133	-4.10162
3.68192	-0.1228	-4.10229
3.6919	-0.123469	-4.10296
3.70188	-0.12414	-4.10363
3.71185	-0.124812	-4.1043
3.72183	-0.125486	-4.10498
3.73181	-0.126162	-4.10565
3.74179	-0.12684	-4.10633
3.75176	-0.12752	-4.10701
3.76174	-0.128201	-4.10769
3.77172	-0.128885	-4.10837
3.7817	-0.12957	-4.10906
3.79167	-0.130257	-4.10975
3.80165	-0.130946	-4.11044
3.81163	-0.131636	-4.11113
3.82161	-0.132329	-4.11182
3.83158	-0.133023	-4.11251
3.84156	-0.133719	-4.11321
3.85154	-0.134417	-4.11391
3.86152	-0.135117	-4.11461
3.87149	-0.135819	-4.11531
3.88147	-0.136522	-4.11601
3.89145	-0.137227	-4.11672
3.90143	-0.137934	-4.11742
3.9114	-0.138643	-4.11813
3.92138	-0.139354	-4.11884
3.93136	-0.140067	-4.11956
3.94134	-0.140781	-4.12027
3.95131	-0.141498	-4.12099
3.96129	-0.142216	-4.12171
3.97127	-0.142936	-4.12243
3.98125	-0.143657	-4.12315
3.99122	-0.144381	-4.12387
4.0012	-0.145107	-4.1246
4.01118	-0.145834	-4.12532
4.02116	-0.146563	-4.12605
4.03113	-0.147294	-4.12678
4.04111	-0.148027	-4.12752
4.05109	-0.148761	-4.12825
4.06107	-0.149498	-4.12899
4.07104	-0.150236	-4.12973
4.08102	-0.150976	-4.13047
4.091	-0.151718	-4.13121
4.10098	-0.152462	-4.13195
4.11095	-0.153207	-4.1327
4.12093	-0.153955	-4.13345
4.13091	-0.154704	-4.13419
4.14089	-0.155455	-4.13495
4.15086	-0.156208	-4.1357
4.16084	-0.156963	-4.13645
4.17082	-0.15772	-4.13721
4.1808	-0.158478	-4.13797
4.19077	-0.159238	-4.13873
4.20075	-0.16	-4.13949
4.21073	-0.160764	-4.14025
4.22071	-0.16153	-4.14102
4.23068	-0.162298	-4.14179
4.24066	-0.163067	-4.14256
4.25064	-0.163839	-4.14333
4.26062	-0.164612	-4.1441
4.27059	-0.165387	-4.14488
4.28057	-0.166164	-4.14565
4.29055	-0.166942	-4.14643
4.30053	-0.167723	-4.14721
4.3105	-0.168505	-4.148
4.32048	-0.169289	-4.14878
4.33046	-0.170075	-4.14957
4.34044	-0.170863	-4.15035
4.35041	-0.171653	-4.15114
4.36039	-0.172444	-4.15193
4.37037	-0.173237	-4.15273
4.38035	-0.174033	-4.15352
4.39032	-0.17483	-4.15432
4.4003	-0.175628	-4.15512
4.41028	-0.176429	-4.15592
4.42026	-0.177232	-4.15672
4.43023	-0.178036	-4.15753
4.44021	-0.178842	-4.15833
4.45019	-0.17965	-4.15914
4.46017	-0.18046	-4.15995
4.47014	-0.181272	-4.16076
4.48012	-0.182085	-4.16158
4.4901	-0.182901	-4.16239
4.50008	-0.183718	-4.16321
4.51005	-0.184537	-4.16403
4.52003	-0.185358	-4.16485
4.53001	-0.186181	-4.16567
4.53998	-0.187005	-4.1665
4.54996	-0.187832	-4.16732
4.55994	-0.18866	-4.16815
4.56992	-0.18949	-4.16898
4.57989	-0.190322	-4.16981
4.58987	-0.191156	-4.17065
4.59985	-0.191992	-4.17148
4.60983	-0.192829	-4.17232
4.6198	-0.193668	-4.17316
4.62978	-0.19451	-4.174
4.63976	-0.195353	-4.17484
4.64974	-0.196197	-4.17569
4.65971	-0.197044	-4.17653
4.66969	-0.197893	-4.17738
4.67967	-0.198743	-4.17823
4.68965	-0.199595	-4.17909
4.69962	-0.200449	-4.17994
4.7096	-0.201305	-4.1808
4.71958	-0.202163	-4.18165
4.72956	-0.203022	-4.18251
4.73953	-0.203884	-4.18337
4.74951	-0.204747	-4.18424
4.75949	-0.205612	-4.1851
4.76947	-0.206479	-4.18597
4.77944	-0.207348	-4.18684
4.78942	-0.208219	-4.18771
4.7994	-0.209091	-4.18858
4.80938	-0.209965	-4.18946
4.81935	-0.210842	-4.19033
4.82933	-0.21172	-4.19121
4.83931	-0.212599	-4.19209
4.84929	-0.213481	-4.19297
4.85926	-0.214365	-4.19386
4.86924	-0.21525	-4.19474
4.87922	-0.216137	-4.19563
4.8892	-0.217026	-4.19652
4.89917	-0.217917	-4.19741
4.90915	-0.21881	-4.1983
4.91913	-0.219705	-4.1992
4.92911	-0.220601	-4.20009
4.93908	-0.221499	-4.20099
4.94906	-0.2224	-4.20189
4.95904	-0.223302	-4.20279
4.96902	-0.224205	-4.2037
4.97899	-0.225111	-4.2046
4.98897	-0.226019	-4.20551
4.99895	-0.226928	-4.20642
5.00893	-0.227839	-4.20733
5.0189	-0.228752	-4.20824
5.02888	-0.229667	-4.20916
5.03886	-0.230584	-4.21007
5.04884	-0.231503	-4.21099
5.05881	-0.232423	-4.21191
5.06879	-0.233345	-4.21284
5.07877	-0.234269	-4.21376
5.08875	-0.235195	-4.21469
5.09872	-0.236123	-4.21561
5.1087	-0.237053	-4.21654
5.11868	-0.237985	-4.21748
5.12866	-0.238918	-4.21841
5.13863	-0.239853	-4.21934
5.14861	-0.24079	-4.22028
5.15859	-0.241729	-4.22122
5.16857	-0.24267	-4.22216
5.17854	-0.243613	-4.2231
5.18852	-0.244557	-4.22405
5.1985	-0.245503	-4.22499
5.20848	-0.246452	-4.22594
5.21845	-0.247402	-4.22689
5.22843	-0.248354	-4.22784
5.23841	-0.249307	-4.2288
5.24839	-0.250263	-4.22975
5.25836	-0.25122	-4.23071
5.26834	-0.25218	-4.23167
5.27832	-0.253141	-4.23263
5.2883	-0.254104	-4.23359
5.29827	-0.255069	-4.23456
5.30825	-0.256035	-4.23553
5.31823	-0.257004	-4.23649
5.32821	-0.257974	-4.23746
5.33818	-0.258946	-4.23844
5.34816	-0.25992	-4.23941
5.35814	-0.260896	-4.24039
5.36812	-0.261874	-4.24136
5.37809	-0.262854	-4.24234
5.38807	-0.263835	-4.24333
5.39805	-0.264819	-4.24431
5.40803	-0.265804	-4.24529
5.418	-0.266791	-4.24628
5.42798	-0.26778	-4.24727
5.43796	-0.268771	-4.24826
5.44794	-0.269763	-4.24925
5.45791	-0.270758	-4.25025
5.46789	-0.271754	-4.25124
5.47787	-0.272752	-4.25224
5.48785	-0.273752	-4.25324
5.49782	-0.274754	-4.25424
5.5078	-0.275758	-4.25525
5.51778	-0.276763	-4.25625
5.52776	-0.277771	-4.25726
5.53773	-0.27878	-4.25827
5.54771	-0.279791	-4.25928
5.55769	-0.280804	-4.26029
5.56767	-0.281819	-4.26131
5.57764	-0.282836	-4.26233
5.58762	-0.283854	-4.26334
5.5976	-0.284875	-4.26437
5.60758	-0.285897	-4.26539
5.61755	-0.286921	-4.26641
5.62753	-0.287947	-4.26744
5.63751	-0.288975	-4.26847
5.64749	-0.290005	-4.2695
5.65746	-0.291036	-4.27053
5.66744	-0.29207	-4.27156
5.67742	-0.293105	-4.2726
5.6874	-0.294142	-4.27363
5.69737	-0.295181	-4.27467
5.70735	-0.296222	-4.27571
5.71733	-0.297265	-4.27676
5.72731	-0.298309	-4.2778
5.73728	-0.299355	-4.27885
5.74726	-0.300404	-4.27989
5.75724	-0.301454	-4.28094
5.76722	-0.302506	-4.282
5.77719	-0.30356	-4.28305
5.78717	-0.304615	-4.28411
5.79715	-0.305673	-4.28516
5.80713	-0.306732	-4.28622
5.8171	-0.307794	-4.28728
5.82708	-0.308857	-4.28835
5.83706	-0.309922	-4.28941
5.84704	-0.310988	-4.29048
5.85701	-0.312057	-4.29155
5.86699	-0.313128	-4.29262
5.87697	-0.3142	-4.29369
5.88695	-0.315274	-4.29476
5.89692	-0.31635	-4.29584
5.9069	-0.317428	-4.29692
5.91688	-0.318508	-4.298
5.92686	-0.31959	-4.29908
5.93683	-0.320674	-4.30016
5.94681	-0.321759	-4.30125
5.95679	-0.322846	-4.30234
5.96677	-0.323935	-4.30343
5.97674	-0.325026	-4.30452
5.98672	-0.326119	-4.30561
5.9967	-0.327214	-4.3067
6.00668	-0.328311	-4.3078
6.01665	-0.329409	-4.3089
6.02663	-0.330509	-4.31
6.03661	-0.331611	-4.3111
6.04659	-0.332715	-4.31221
6.05656	-0.333821	-4.31331
6.06654	-0.334929	-4.31442
6.07652	-0.336039	-4.31553
6.0865	-0.33715	-4.31664
6.09647	-0.338263	-4.31775
6.10645	-0.339379	-4.31887
6.11643	-0.340496	-4.31999
6.12641	-0.341615	-4.32111
6.13638	-0.342735	-4.32223
6.14636	-0.343858	-4.32335
6.15634	-0.344983	-4.32447
6.16632	-0.346109	-4.3256
6.17629	-0.347237	-4.32673
6.18627	-0.348367	-4.32786
6.19625	-0.349499	-4.32899
6.20623	-0.350633	-4.33012
6.2162	-0.351769	-4.33126
6.22618	-0.352906	-4.3324
6.23616	-0.354046	-4.33354
6.24614	-0.355187	-4.33468
6.25611	-0.35633	-4.33582
6.26609	-0.357475	-4.33697
6.27607	-0.358622	-4.33811
6.28605	-0.359771	-4.33926
6.29602	-0.360921	-4.34041
6.306	-0.362074	-4.34156
6.31598	-0.363228	-4.34272
6.32596	-0.364384	-4.34387
6.33593	-0.365542	-4.34503
6.34591	-0.366702	-4.34619
6.35589	-0.367864	-4.34735
6.36587	-0.369027	-4.34852
6.37584	-0.370193	-4.34968
6.38582	-0.37136	-4.35085
6.3958	-0.372529	-4.35202
6.40578	-0.373701	-4.35319
6.41575	-0.374873	-4.35436
6.42573	-0.376048	-4.35554
6.43571	-0.377225	-4.35672
6.44569	-0.378404	-4.35789
6.45566	-0.379584	-4.35907
6.46564	-0.380766	-4.36026
6.47562	-0.38195	-4.36144
6.4856	-0.383136	-4.36263
6.49557	-0.384324	-4.36381
6.50555	-0.385514	-4.365
6.51553	-0.386706	-4.3662
6.52551	-0.387899	-4.36739
6.53548	-0.389094	-4.36858
6.54546	-0.390292	-4.36978
6.55544	-0.391491	-4.37098
6.56542	-0.392692	-4.37218
6.57539	-0.393895	-4.37338
6.58537	-0.395099	-4.37459
6.59535	-0.396306	-4.3758
6.60533	-0.397514	-4.377
6.6153	-0.398724	-4.37821
6.62528	-0.399937	-4.37943
6.63526	-0.401151	-4.38064
6.64524	-0.402367	-4.38186
6.65521	-0.403584	-4.38307
6.66519	-0.404804	-4.38429
6.67517	-0.406025	-4.38552
6.68515	-0.407249	-4.38674
6.69512	-0.408474	-4.38796
6.7051	-0.409701	-4.38919
6.71508	-0.41093	-4.39042
6.72506	-0.412161	-4.39165
6.73503	-0.413394	-4.39288
6.74501	-0.414628	-4.39412
6.75499	-0.415865	-4.39536
6.76497	-0.417103	-4.39659
6.77494	-0.418343	-4.39783
6.78492	-0.419585	-4.39908
6.7949	-0.420829	-4.40032
6.80488	-0.422075	-4.40157
6.81485	-0.423322	-4.40281
6.82483	-0.424572	-4.40406
6.83481	-0.425823	-4.40531
6.84479	-0.427077	-4.40657
6.85476	-0.428332	-4.40782
6.86474	-0.429589	-4.40908
6.87472	-0.430848	-4.41034
6.8847	-0.432108	-4.4116
6.89467	-0.433371	-4.41286
6.90465	-0.434636	-4.41413
6.91463	-0.435902	-4.41539
6.92461	-0.43717	-4.41666
6.93458	-0.43844	-4.41793
6.94456	-0.439712	-4.4192
6.95454	-0.440986	-4.42048
6.96452	-0.442262	-4.42175
6.97449	-0.443539	-4.42303
6.98447	-0.444819	-4.42431
6.99445	-0.4461	-4.42559
7.00443	-0.447383	-4.42687
7.0144	-0.448668	-4.42816
7.02438	-0.449955	-4.42945
7.03436	-0.451244	-4.43073
7.04434	-0.452535	-4.43203
7.05431	-0.453827	-4.43332
7.06429	-0.455122	-4.43461
7.07427	-0.456418	-4.43591
7.08425	-0.457716	-4.43721
7.09422	-0.459016	-4.43851
7.1042	-0.460318	-4.43981
7.11418	-0.461622	-4.44111
7.12416	-0.462928	-4.44242
7.13413	-0.464235	-4.44373
7.14411	-0.465545	-4.44504
7.15409	-0.466856	-4.44635
7.16407	-0.468169	-4.44766
7.17404	-0.469484	-4.44897
7.18402	-0.470801	-4.45029
7.194	-0.47212	-4.45161
7.20398	-0.47344	-4.45293
7.21395	-0.474763	-4.45425
7.22393	-0.476087	-4.45558
7.23391	-0.477414	-4.4569
7.24389	-0.478742	-4.45823
7.25386	-0.480072	-4.45956
7.26384	-0.481404	-4.46089
7.27382	-0.482737	-4.46223
7.2838	-0.484073	-4.46356
7.29377	-0.485411	-4.4649
7.30375	-0.48675	-4.46624
7.31373	-0.488091	-4.46758
7.32371	-0.489434	-4.46892
7.33368	-0.490779	-4.47027
7.34366	-0.492126	-4.47162
7.35364	-0.493475	-4.47297
7.36362	-0.494826	-4.47432
7.37359	-0.496178	-4.47567
7.38357	-0.497533	-4.47702
7.39355	-0.498889	-4.47838
7.40353	-0.500247	-4.47974
7.4135	-0.501607	-4.4811
7.42348	-0.502969	-4.48246
7.43346	-0.504333	-4.48382
7.44344	-0.505698	-4.48519
7.45341	-0.507066	-4.48656
7.46339	-0.508435	-4.48793
7.47337	-0.509806	-4.4893
7.48335	-0.51118	-4.49067
7.49332	-0.512555	-4.49205
7.5033	-0.513931	-4.49342
7.51328	-0.51531	-4.4948
7.52326	-0.516691	-4.49618
7.53323	-0.518073	-4.49756
7.54321	-0.519458	-4.49895
7.55319	-0.520844	-4.50033
7.56317	-0.522232	-4.50172
7.57314	-0.523622	-4.50311
7.58312	-0.525014	-4.5045
7.5931	-0.526408	-4.5059
7.60308	-0.527804	-4.50729
7.61305	-0.529201	-4.50869
7.62303	-0.5306	-4.51009
7.63301	-0.532002	-4.51149
7.64299	-0.533405	-4.5129
7.65296	-0.53481	-4.5143
7.66294	-0.536217	-4.51571
7.67292	-0.537626	-4.51712
7.6829	-0.539036	-4.51853
7.69287	-0.540449	-4.51994
7.70285	-0.541863	-4.52135
7.71283	-0.54328	-4.52277
7.72281	-0.544698	-4.52419
7.73278	-0.546118	-4.52561
7.74276	-0.54754	-4.52703
7.75274	-0.548963	-4.52845
7.76272	-0.550389	-4.52988
7.77269	-0.551817	-4.53131
7.78267	-0.553246	-4.53274
7.79265	-0.554677	-4.53417
7.80263	-0.556111	-4.5356
7.8126	-0.557546	-4.53704
7.82258	-0.558983	-4.53847
7.83256	-0.560421	-4.53991
7.84254	-0.561862	-4.54135
7.85251	-0.563305	-4.5428
7.86249	-0.564749	-4.54424
7.87247	-0.566195	-4.54569
7.88245	-0.567644	-4.54713
7.89242	-0.569094	-4.54858
7.9024	-0.570546	-4.55004
7.91238	-0.572	-4.55149
7.92236	-0.573455	-4.55295
7.93233	-0.574913	-4.5544
7.94231	-0.576372	-4.55586
7.95229	-0.577834	-4.55732
7.96227	-0.579297	-4.55879
7.97224	-0.580762	-4.56025
7.98222	-0.582229	-4.56172
7.9922	-0.583698	-4.56319
8.00218	-0.585169	-4.56466
8.01215	-0.586641	-4.56613
8.02213	-0.588116	-4.56761
8.03211	-0.589592	-4.56908
8.04209	-0.59107	-4.57056
8.05206	-0.592551	-4.57204
8.06204	-0.594033	-4.57352
8.07202	-0.595517	-4.57501
8.082	-0.597002	-4.57649
8.09197	-0.59849	-4.57798
8.10195	-0.59998	-4.57947
8.11193	-0.601471	-4.58096
8.12191	-0.602964	-4.58245
8.13188	-0.604459	-4.58395
8.14186	-0.605956	-4.58545
8.15184	-0.607455	-4.58695
8.16182	-0.608956	-4.58845
8.17179	-0.610459	-4.58995
8.18177	-0.611963	-4.59145
8.19175	-0.61347	-4.59296
8.20173	-0.614978	-4.59447
8.2117	-0.616488	-4.59598
8.22168	-0.618001	-4.59749
8.23166	-0.619514	-4.599
8.24164	-0.62103	-4.60052
8.25161	-0.622548	-4.60204
8.26159	-0.624068	-4.60356
8.27157	-0.625589	-4.60508
8.28155	-0.627112	-4.6066
8.29152	-0.628638	-4.60813
8.3015	-0.630165	-4.60966
8.31148	-0.631694	-4.61118
8.32146	-0.633225	-4.61272
8.33143	-0.634757	-4.61425
8.34141	-0.636292	-4.61578
8.35139	-0.637829	-4.61732
8.36137	-0.639367	-4.61886
8.37134	-0.640907	-4.6204
8.38132	-0.642449	-4.62194
8.3913	-0.643993	-4.62348
8.40128	-0.645539	-4.62503
8.41125	-0.647087	-4.62658
8.42123	-0.648637	-4.62813
8.43121	-0.650188	-4.62968
8.44119	-0.651742	-4.63123
8.45116	-0.653297	-4.63279
8.46114	-0.654854	-4.63434
8.47112	-0.656413	-4.6359
8.4811	-0.657974	-4.63746
8.49107	-0.659537	-4.63903
8.50105	-0.661102	-4.64059
8.51103	-0.662669	-4.64216
8.52101	-0.664237	-4.64373
8.53098	-0.665807	-4.6453
8.54096	-0.66738	-4.64687
8.55094	-0.668954	-4.64844
8.56092	-0.67053	-4.65002
8.57089	-0.672108	-4.6516
8.58087	-0.673687	-4.65318
8.59085	-0.675269	-4.65476
8.60083	-0.676852	-4.65634
8.6108	-0.678438	-4.65793
8.62078	-0.680025	-4.65952
8.63076	-0.681614	-4.6611
8.64074	-0.683205	-4.6627
8.65071	-0.684798	-4.66429
8.66069	-0.686393	-4.66588
8.67067	-0.68799	-4.66748
8.68065	-0.689588	-4.66908
8.69062	-0.691189	-4.67068
8.7006	-0.692791	-4.67228
8.71058	-0.694395	-4.67389
8.72056	-0.696001	-4.67549
8.73053	-0.697609	-4.6771
8.74051	-0.699219	-4.67871
8.75049	-0.700831	-4.68032
8.76047	-0.702444	-4.68193
8.77044	-0.70406	-4.68355
8.78042	-0.705677	-4.68517
8.7904	-0.707296	-4.68679
8.80038	-0.708917	-4.68841
8.81035	-0.71054	-4.69003
8.82033	-0.712165	-4.69166
8.83031	-0.713792	-4.69328
8.84029	-0.715421	-4.69491
8.85026	-0.717051	-4.69654
8.86024	-0.718683	-4.69817
8.87022	-0.720318	-4.69981
8.8802	-0.721954	-4.70144
8.89017	-0.723592	-4.70308
8.90015	-0.725232	-4.70472
8.91013	-0.726873	-4.70636
8.92011	-0.728517	-4.70801
8.93008	-0.730163	-4.70965
8.94006	-0.73181	-4.7113
8.95004	-0.733459	-4.71295
8.96002	-0.735111	-4.7146
8.96999	-0.736764	-4.71625
8.97997	-0.738419	-4.71791
8.98995	-0.740075	-4.71957
8.99992	-0.741734	-4.72122
9.0099	-0.743395	-4.72289
9.01988	-0.745057	-4.72455
9.02986	-0.746721	-4.72621
9.03983	-0.748388	-4.72788
9.04981	-0.750056	-4.72955
9.05979	-0.751726	-4.73122
9.06977	-0.753397	-4.73289
9.07974	-0.755071	-4.73456
9.08972	-0.756747	-4.73624
9.0997	-0.758424	-4.73791
9.10968	-0.760104	-4.73959
9.11965	-0.761785	-4.74128
9.12963	-0.763468	-4.74296
9.13961	-0.765153	-4.74464
9.14959	-0.76684	-4.74633
9.15956	-0.768529	-4.74802
9.16954	-0.770219	-4.74971
9.17952	-0.771912	-4.7514
9.1895	-0.773606	-4.7531
9.19947	-0.775302	-4.75479
9.20945	-0.777001	-4.75649
9.21943	-0.778701	-4.75819
9.22941	-0.780402	-4.75989
9.23938	-0.782106	-4.7616
9.24936	-0.783812	-4.7633
9.25934	-0.785519	-4.76501
9.26932	-0.787229	-4.76672
9.27929	-0.78894	-4.76843
9.28927	-0.790653	-4.77014
9.29925	-0.792368	-4.77186
9.30923	-0.794085	-4.77358
9.3192	-0.795804	-4.77529
9.32918	-0.797525	-4.77702
9.33916	-0.799247	-4.77874
9.34914	-0.800972	-4.78046
9.35911	-0.802698	-4.78219
9.36909	-0.804426	-4.78392
9.37907	-0.806156	-4.78565
9.38905	-0.807888	-4.78738
9.39902	-0.809622	-4.78911
9.409	-0.811358	-4.79085
9.41898	-0.813095	-4.79259
9.42896	-0.814835	-4.79433
9.43893	-0.816576	-4.79607
9.44891	-0.818319	-4.79781
9.45889	-0.820064	-4.79955
9.46887	-0.821811	-4.8013
9.47884	-0.82356	-4.80305
9.48882	-0.825311	-4.8048
9.4988	-0.827064	-4.80655
9.50878	-0.828818	-4.80831
9.51875	-0.830574	-4.81006
9.52873	-0.832333	-4.81182
9.53871	-0.834093	-4.81358
9.54869	-0.835855	-4.81535
9.55866	-0.837618	-4.81711
9.56864	-0.839384	-4.81887
9.57862	-0.841152	-4.82064
9.5886	-0.842921	-4.82241
9.59857	-0.844693	-4.82418
9.60855	-0.846466	-4.82596
9.61853	-0.848241	-4.82773
9.62851	-0.850018	-4.82951
9.63848	-0.851797	-4.83129
9.64846	-0.853577	-4.83307
9.65844	-0.85536	-4.83485
9.66842	-0.857145	-4.83664
9.67839	-0.858931	-4.83842
9.68837	-0.860719	-4.84021
9.69835	-0.862509	-4.842
9.70833	-0.864301	-4.84379
9.7183	-0.866095	-4.84559
9.72828	-0.867891	-4.84738
9.73826	-0.869688	-4.84918
9.74824	-0.871488	-4.85098
9.75821	-0.873289	-4.85278
9.76819	-0.875092	-4.85458
9.77817	-0.876898	-4.85639
9.78815	-0.878705	-4.8582
9.79812	-0.880513	-4.86
9.8081	-0.882324	-4.86181
9.81808	-0.884137	-4.86363
9.82806	-0.885951	-4.86544
9.83803	-0.887767	-4.86726
9.84801	-0.889586	-4.86908
9.85799	-0.891406	-4.8709
9.86797	-0.893228	-4.87272
9.87794	-0.895052	-4.87454
9.88792	-0.896877	-4.87637
9.8979	-0.898705	-4.8782
9.90788	-0.900534	-4.88002
9.91785	-0.902366	-4.88186
9.92783	-0.904199	-4.88369
9.93781	-0.906034	-4.88552
9.94779	-0.907871	-4.88736
9.95776	-0.90971	-4.8892
9.96774	-0.91155	-4.89104
9.97772	-0.913393	-4.89288
9.9877	-0.915237	-4.89473
9.99767	-0.917084	-4.89657
10.0077	-0.918932	-4.89842
10.0176	-0.920782	-4.90027
10.0276	-0.922634	-4.90212
10.0376	-0.924488	-4.90398
10.0476	-0.926343	-4.90583
10.0575	-0.928201	-4.90769
10.0675	-0.93006	-4.90955
10.0775	-0.931921	-4.91141
10.0875	-0.933785	-4.91328
10.0974	-0.93565	-4.91514
10.1074	-0.937516	-4.91701
10.1174	-0.939385	-4.91888
10.1274	-0.941256	-4.92075
10.1374	-0.943128	-4.92262
10.1473	-0.945003	-4.92449
10.1573	-0.946879	-4.92637
10.1673	-0.948757	-4.92825
10.1773	-0.950637	-4.93013
10.1872	-0.952519	-4.93201
10.1972	-0.954403	-4.93389
10.2072	-0.956288	-4.93578
10.2172	-0.958176	-4.93767
10.2272	-0.960065	-4.93956
10.2371	-0.961956	-4.94145
10.2471	-0.963849	-4.94334
10.2571	-0.965744	-4.94523
10.2671	-0.967641	-4.94713
10.277	-0.96954	-4.94903
10.287	-0.97144	-4.95093
10.297	-0.973342	-4.95283
10.307	-0.975247	-4.95474
10.317	-0.977153	-4.95664
10.3269	-0.979061	-4.95855
10.3369	-0.980971	-4.96046
10.3469	-0.982882	-4.96237
10.3569	-0.984796	-4.96429
10.3668	-0.986711	-4.9662
10.3768	-0.988629	-4.96812
10.3868	-0.990548	-4.97004
10.3968	-0.992469	-4.97196
10.4068	-0.994392	-4.97388
10.4167	-0.996317	-4.97581
10.4267	-0.998243	-4.97773
10.4367	-1.00017	-4.97966
10.4467	-1.0021	-4.98159
10.4566	-1.00403	-4.98353
10.4666	-1.00597	-4.98546
10.4766	-1.0079	-4.9874
10.4866	-1.00984	-4.98933
10.4965	-1.01178	-4.99127
10.5065	-1.01372	-4.99321
10.5165	-1.01567	-4.99516
10.5265	-1.01761	-4.9971
10.5365	-1.01956	-4.99905
10.5464	-1.02151	-5.001
10.5564	-1.02346	-5.00295
10.5664	-1.02541	-5.0049
10.5764	-1.02737	-5.00686
10.5863	-1.02932	-5.00881
10.5963	-1.03128	-5.01077
10.6063	-1.03324	-5.01273
10.6163	-1.0352	-5.01469
10.6263	-1.03717	-5.01666
10.6362	-1.03913	-5.01862
10.6462	-1.0411	-5.02059
10.6562	-1.04307	-5.02256
10.6662	-1.04504	-5.02453
10.6761	-1.04702	-5.02651
10.6861	-1.04899	-5.02848
10.6961	-1.05097	-5.03046
10.7061	-1.05295	-5.03244
10.7161	-1.05493	-5.03442
10.726	-1.05691	-5.0364
10.736	-1.05889	-5.03838
10.746	-1.06088	-5.04037
10.756	-1.06287	-5.04236
10.7659	-1.06486	-5.04435
10.7759	-1.06685	-5.04634
10.7859	-1.06884	-5.04833
10.7959	-1.07084	-5.05033
10.8059	-1.07284	-5.05233
10.8158	-1.07484	-5.05433
10.8258	-1.07684	-5.05633
10.8358	-1.07884	-5.05833
10.8458	-1.08085	-5.06034
10.8557	-1.08285	-5.06234
10.8657	-1.08486	-5.06435
10.8757	-1.08687	-5.06636
10.8857	-1.08888	-5.06837
10.8956	-1.0909	-5.07039
10.9056	-1.09291	-5.0724
10.9156	-1.09493	-5.07442
10.9256	-1.09695	-5.07644
10.9356	-1.09897	-5.07846
10.9455	-1.101	-5.08049
10.9555	-1.10302	-5.08251
10.9655	-1.10505	-5.08454
10.9755	-1.10708	-5.08657
10.9854	-1.10911	-5.0886
10.9954	-1.11114	-5.09063
11.0054	-1.11318	-5.09267
11.0154	-1.11521	-5.0947
11.0254	-1.11725	-5.09674
11.0353	-1.11929	-5.09878
11.0453	-1.12133	-5.10082
11.0553	-1.12338	-5.10287
11.0653	-1.12542	-5.10491
11.0752	-1.12747	-5.10696
11.0852	-1.12952	-5.10901
11.0952	-1.13157	-5.11106
11.1052	-1.13362	-5.11311
11.1152	-1.13568	-5.11517
11.1251	-1.13773	-5.11723
11.1351	-1.13979	-5.11928
11.1451	-1.14185	-5.12134
11.1551	-1.14392	-5.12341
11.165	-1.14598	-5.12547
11.175	-1.14805	-5.12754
11.185	-1.15011	-5.12961
11.195	-1.15218	-5.13167
11.205	-1.15426	-5.13375
11.2149	-1.15633	-5.13582
11.2249	-1.1584	-5.1379
11.2349	-1.16048	-5.13997
11.2449	-1.16256	-5.14205
11.2548	-1.16464	-5.14413
11.2648	-1.16672	-5.14621
11.2748	-1.16881	-5.1483
11.2848	-1.1709	-5.15039
11.2947	-1.17298	-5.15247
11.3047	-1.17507	-5.15456
11.3147	-1.17717	-5.15666
11.3247	-1.17926	-5.15875
11.3347	-1.18135	-5.16085
11.3446	-1.18345	-5.16294
11.3546	-1.18555	-5.16504
11.3646	-1.18765	-5.16714
11.3746	-1.18976	-5.16925
11.3845	-1.19186	-5.17135
11.3945	-1.19397	-5.17346
11.4045	-1.19608	-5.17557
11.4145	-1.19819	-5.17768
11.4245	-1.2003	-5.17979
11.4344	-1.20241	-5.1819
11.4444	-1.20453	-5.18402
11.4544	-1.20665	-5.18614
11.4644	-1.20877	-5.18826
11.4743	-1.21089	-5.19038
11.4843	-1.21301	-5.1925
11.4943	-1.21514	-5.19463
11.5043	-1.21726	-5.19675
11.5143	-1.21939	-5.19888
11.5242	-1.22152	-5.20101
11.5342	-1.22365	-5.20315
11.5442	-1.22579	-5.20528
11.5542	-1.22793	-5.20742
11.5641	-1.23006	-5.20955
11.5741	-1.2322	-5.21169
11.5841	-1.23434	-5.21384
11.5941	-1.23649	-5.21598
11.6041	-1.23863	-5.21812
11.614	-1.24078	-5.22027
11.624	-1.24293	-5.22242
11.634	-1.24508	-5.22457
11.644	-1.24723	-5.22672
11.6539	-1.24939	-5.22888
11.6639	-1.25154	-5.23104
11.6739	-1.2537	-5.23319
11.6839	-1.25586	-5.23535
11.6938	-1.25802	-5.23752
11.7038	-1.26019	-5.23968
11.7138	-1.26235	-5.24184
11.7238	-1.26452	-5.24401
11.7338	-1.26669	-5.24618
11.7437	-1.26886	-5.24835
11.7537	-1.27103	-5.25053
11.7637	-1.27321	-5.2527
11.7737	-1.27539	-5.25488
11.7836	-1.27756	-5.25706
11.7936	-1.27974	-5.25924
11.8036	-1.28193	-5.26142
11.8136	-1.28411	-5.2636
11.8236	-1.2863	-5.26579
11.8335	-1.28848	-5.26797
11.8435	-1.29067	-5.27016
11.8535	-1.29286	-5.27236
11.8635	-1.29506	-5.27455
11.8734	-1.29725	-5.27674
11.8834	-1.29945	-5.27894
11.8934	-1.30165	-5.28114
11.9034	-1.30385	-5.28334
11.9134	-1.30605	-5.28554
11.9233	-1.30825	-5.28775
11.9333	-1.31046	-5.28995
11.9433	-1.31267	-5.29216
11.9533	-1.31488	-5.29437
11.9632	-1.31709	-5.29658
11.9732	-1.3193	-5.29879
11.9832	-1.32152	-5.30101
11.9932	-1.32373	-5.30323
12.0032	-1.32595	-5.30544
12.0131	-1.32817	-5.30766
12.0231	-1.3304	-5.30989
12.0331	-1.33262	-5.31211
12.0431	-1.33485	-5.31434
12.053	-1.33707	-5.31656
12.063	-1.3393	-5.31879
12.073	-1.34154	-5.32103
12.083	-1.34377	-5.32326
12.0929	-1.346	-5.32549
12.1029	-1.34824	-5.32773
12.1129	-1.35048	-5.32997
12.1229	-1.35272	-5.33221
12.1329	-1.35496	-5.33445
12.1428	-1.35721	-5.3367
12.1528	-1.35945	-5.33894
12.1628	-1.3617	-5.34119
12.1728	-1.36395	-5.34344
12.1827	-1.3662	-5.34569
12.1927	-1.36846	-5.34795
12.2027	-1.37071	-5.3502
12.2127	-1.37297	-5.35246
12.2227	-1.37523	-5.35472
12.2326	-1.37749	-5.35698
12.2426	-1.37975	-5.35924
12.2526	-1.38201	-5.3615
12.2626	-1.38428	-5.36377
12.2725	-1.38655	-5.36604
12.2825	-1.38882	-5.36831
12.2925	-1.39109	-5.37058
12.3025	-1.39336	-5.37285
12.3125	-1.39564	-5.37513
12.3224	-1.39791	-5.3774
12.3324	-1.40019	-5.37968
12.3424	-1.40247	-5.38196
12.3524	-1.40476	-5.38425
12.3623	-1.40704	-5.38653
12.3723	-1.40933	-5.38882
12.3823	-1.41161	-5.3911
12.3923	-1.4139	-5.39339
12.4023	-1.41619	-5.39569
12.4122	-1.41849	-5.39798
12.4222	-1.42078	-5.40027
12.4322	-1.42308	-5.40257
12.4422	-1.42538	-5.40487
12.4521	-1.42768	-5.40717
12.4621	-1.42998	-5.40947
12.4721	-1.43229	-5.41178
12.4821	-1.43459	-5.41408
12.492	-1.4369	-5.41639
12.502	-1.43921	-5.4187
12.512	-1.44152	-5.42101
12.522	-1.44383	-5.42332
12.532	-1.44615	-5.42564
12.5419	-1.44847	-5.42796
12.5519	-1.45078	-5.43027
12.5619	-1.4531	-5.43259
12.5719	-1.45543	-5.43492
12.5818	-1.45775	-5.43724
12.5918	-1.46008	-5.43957
12.6018	-1.4624	-5.44189
12.6118	-1.46473	-5.44422
12.6218	-1.46706	-5.44656
12.6317	-1.4694	-5.44889
12.6417	-1.47173	-5.45122
12.6517	-1.47407	-5.45356
12.6617	-1.47641	-5.4559
12.6716	-1.47875	-5.45824
12.6816	-1.48109	-5.46058
12.6916	-1.48343	-5.46292
12.7016	-1.48578	-5.46527
12.7116	-1.48813	-5.46762
12.7215	-1.49048	-5.46997
12.7315	-1.49283	-5.47232
12.7415	-1.49518	-5.47467
12.7515	-1.49753	-5.47703
12.7614	-1.49989	-5.47938
12.7714	-1.50225	-5.48174
12.7814	-1.50461	-5.4841
12.7914	-1.50697	-5.48646
12.8014	-1.50934	-5.48883
12.8113	-1.5117	-5.49119
12.8213	-1.51407	-5.49356
12.8313	-1.51644	-5.49593
12.8413	-1.51881	-5.4983
12.8512	-1.52118	-5.50067
12.8612	-1.52355	-5.50305
12.8712	-1.52593	-5.50542
12.8812	-1.52831	-5.5078
12.8911	-1.53069	-5.51018
12.9011	-1.53307	-5.51256
12.9111	-1.53545	-5.51494
12.9211	-1.53784	-5.51733
12.9311	-1.54023	-5.51972
12.941	-1.54261	-5.5221
12.951	-1.545	-5.5245
12.961	-1.5474	-5.52689
12.971	-1.54979	-5.52928
12.9809	-1.55219	-5.53168
12.9909	-1.55458	-5.53408
13.0009	-1.55698	-5.53647
13.0109	-1.55939	-5.53888
13.0209	-1.56179	-5.54128
13.0308	-1.56419	-5.54368
13.0408	-1.5666	-5.54609
13.0508	-1.56901	-5.5485
13.0608	-1.57142	-5.55091
13.0707	-1.57383	-5.55332
13.0807	-1.57624	-5.55573
13.0907	-1.57866	-5.55815
13.1007	-1.58108	-5.56057
13.1107	-1.5835	-5.56299
13.1206	-1.58592	-5.56541
13.1306	-1.58834	-5.56783
13.1406	-1.59076	-5.57025
13.1506	-1.59319	-5.57268
13.1605	-1.59562	-5.57511
13.1705	-1.59805	-5.57754
13.1805	-1.60048	-5.57997
13.1905	-1.60291	-5.5824
13.2005	-1.60535	-5.58484
13.2104	-1.60779	-5.58728
13.2204	-1.61022	-5.58971
13.2304	-1.61266	-5.59215
13.2404	-1.61511	-5.5946
13.2503	-1.61755	-5.59704
13.2603	-1.62	-5.59949
13.2703	-1.62244	-5.60193
13.2803	-1.62489	-5.60438
13.2902	-1.62734	-5.60683
13.3002	-1.6298	-5.60929
13.3102	-1.63225	-5.61174
13.3202	-1.63471	-5.6142
13.3302	-1.63717	-5.61666
13.3401	-1.63963	-5.61912
13.3501	-1.64209	-5.62158
13.3601	-1.64455	-5.62404
13.3701	-1.64702	-5.62651
13.38	-1.64948	-5.62897
13.39	-1.65195	-5.63144
13.4	-1.65442	-5.63391
13.41	-1.6569	-5.63639
13.42	-1.65937	-5.63886
13.4299	-1.66185	-5.64134
13.4399	-1.66432	-5.64381
13.4499	-1.6668	-5.64629
13.4599	-1.66928	-5.64877
13.4698	-1.67177	-5.65126
13.4798	-1.67425	-5.65374
13.4898	-1.67674	-5.65623
13.4998	-1.67923	-5.65872
13.5098	-1.68172	-5.66121
13.5197	-1.68421	-5.6637
13.5297	-1.6867	-5.66619
13.5397	-1.6892	-5.66869
13.5497	-1.69169	-5.67118
13.5596	-1.69419	-5.67368
13.5696	-1.69669	-5.67618
13.5796	-1.6992	-5.67869
13.5896	-1.7017	-5.68119
13.5995	-1.70421	-5.6837
13.6095	-1.70671	-5.6862
13.6195	-1.70922	-5.68871
13.6295	-1.71173	-5.69122
13.6395	-1.71425	-5.69374
13.6494	-1.71676	-5.69625
13.6594	-1.71928	-5.69877
13.6694	-1.7218	-5.70129
13.6794	-1.72432	-5.70381
13.6893	-1.72684	-5.70633
13.6993	-1.72936	-5.70885
13.7093	-1.73189	-5.71138
13.7193	-1.73441	-5.7139
13.7293	-1.73694	-5.71643
13.7392	-1.73947	-5.71896
13.7492	-1.742	-5.72149
13.7592	-1.74454	-5.72403
13.7692	-1.74707	-5.72656
13.7791	-1.74961	-5.7291
13.7891	-1.75215	-5.73164
13.7991	-1.75469	-5.73418
13.8091	-1.75723	-5.73672
13.8191	-1.75978	-5.73927
13.829	-1.76232	-5.74181
13.839	-1.76487	-5.74436
13.849	-1.76742	-5.74691
13.859	-1.76997	-5.74946
13.8689	-1.77253	-5.75202
13.8789	-1.77508	-5.75457
13.8889	-1.77764	-5.75713
13.8989	-1.7802	-5.75969
13.9089	-1.78276	-5.76225
13.9188	-1.78532	-5.76481
13.9288	-1.78788	-5.76737
13.9388	-1.79045	-5.76994
13.9488	-1.79301	-5.7725
13.9587	-1.79558	-5.77507
13.9687	-1.79815	-5.77764
13.9787	-1.80073	-5.78022
13.9887	-1.8033	-5.78279
13.9986	-1.80587	-5.78537
14.0086	-1.80845	-5.78794
14.0186	-1.81103	-5.79052
14.0286	-1.81361	-5.7931
14.0386	-1.8162	-5.79569
14.0485	-1.81878	-5.79827
14.0585	-1.82137	-5.80086
14.0685	-1.82395	-5.80344
14.0785	-1.82654	-5.80603
14.0884	-1.82913	-5.80862
14.0984	-1.83173	-5.81122
14.1084	-1.83432	-5.81381
14.1184	-1.83692	-5.81641
14.1284	-1.83952	-5.81901
14.1383	-1.84212	-5.82161
14.1483	-1.84472	-5.82421
14.1583	-1.84732	-5.82681
14.1683	-1.84993	-5.82942
14.1782	-1.85253	-5.83202
14.1882	-1.85514	-5.83463
14.1982	-1.85775	-5.83724
14.2082	-1.86037	-5.83986
14.2182	-1.86298	-5.84247
14.2281	-1.86559	-5.84508
14.2381	-1.86821	-5.8477
14.2481	-1.87083	-5.85032
14.2581	-1.87345	-5.85294
14.268	-1.87607	-5.85556
14.278	-1.8787	-5.85819
14.288	-1.88132	-5.86081
14.298	-1.88395	-5.86344
14.308	-1.88658	-5.86607
14.3179	-1.88921	-5.8687
14.3279	-1.89184	-5.87133
14.3379	-1.89448	-5.87397
14.3479	-1.89711	-5.87661
14.3578	-1.89975	-5.87924
14.3678	-1.90239	-5.88188
14.3778	-1.90503	-5.88452
14.3878	-1.90768	-5.88717
14.3977	-1.91032	-5.88981
14.4077	-1.91297	-5.89246
14.4177	-1.91562	-5.89511
14.4277	-1.91827	-5.89776
14.4377	-1.92092	-5.90041
14.4476	-1.92357	-5.90306
14.4576	-1.92623	-5.90572
14.4676	-1.92888	-5.90837
14.4776	-1.93154	-5.91103
14.4875	-1.9342	-5.91369
14.4975	-1.93686	-5.91635
14.5075	-1.93953	-5.91902
14.5175	-1.94219	-5.92168
14.5275	-1.94486	-5.92435
14.5374	-1.94753	-5.92702
14.5474	-1.9502	-5.92969
14.5574	-1.95287	-5.93236
14.5674	-1.95554	-5.93503
14.5773	-1.95822	-5.93771
14.5873	-1.9609	-5.94039
14.5973	-1.96357	-5.94306
14.6073	-1.96625	-5.94574
14.6173	-1.96894	-5.94843
14.6272	-1.97162	-5.95111
14.6372	-1.97431	-5.9538
14.6472	-1.97699	-5.95648
14.6572	-1.97968	-5.95917
14.6671	-1.98237	-5.96186
14.6771	-1.98507	-5.96456
14.6871	-1.98776	-5.96725
14.6971	-1.99046	-5.96995
14.7071	-1.99315	-5.97264
14.717	-1.99585	-5.97534
14.727	-1.99855	-5.97804
14.737	-2.00126	-5.98075
14.747	-2.00396	-5.98345
14.7569	-2.00667	-5.98616
14.7669	-2.00937	-5.98886
14.7769	-2.01208	-5.99157
14.7869	-2.01479	-5.99428
14.7968	-2.01751	-5.997
14.8068	-2.02022	-5.99971
14.8168	-2.02294	-6.00243
14.8268	-2.02565	-6.00515
14.8368	-2.02837	-6.00786
14.8467	-2.0311	-6.01059
14.8567	-2.03382	-6.01331
14.8667	-2.03654	-6.01603
14.8767	-2.03927	-6.01876
14.8866	-2.042	-6.02149
14.8966	-2.04473	-6.02422
14.9066	-2.04746	-6.02695
14.9166	-2.05019	-6.02968
14.9266	-2.05293	-6.03242
14.9365	-2.05566	-6.03515
14.9465	-2.0584	-6.03789
14.9565	-2.06114	-6.04063
14.9665	-2.06388	-6.04337
14.9764	-2.06662	-6.04611
14.9864	-2.06937	-6.04886
14.9964	-2.07211	-6.0516
15.0064	-2.07486	-6.05435
15.0164	-2.07761	-6.0571
15.0263	-2.08036	-6.05985
15.0363	-2.08312	-6.06261
15.0463	-2.08587	-6.06536
15.0563	-2.08863	-6.06812
15.0662	-2.09139	-6.07088
15.0762	-2.09414	-6.07364
15.0862	-2.09691	-6.0764
15.0962	-2.09967	-6.07916
15.1062	-2.10243	-6.08192
15.1161	-2.1052	-6.08469
15.1261	-2.10797	-6.08746
15.1361	-2.11074	-6.09023
15.1461	-2.11351	-6.093
15.156	-2.11628	-6.09577
15.166	-2.11906	-6.09855
15.176	-2.12183	-6.10132
15.186	-2.12461	-6.1041
15.1959	-2.12739	-6.10688
15.2059	-2.13017	-6.10966
15.2159	-2.13296	-6.11245
15.2259	-2.13574	-6.11523
15.2359	-2.13853	-6.11802
15.2458	-2.14131	-6.1208
15.2558	-2.1441	-6.12359
15.2658	-2.14689	-6.12639
15.2758	-2.14969	-6.12918
15.2857	-2.15248	-6.13197
15.2957	-2.15528	-6.13477
15.3057	-2.15808	-6.13757
15.3157	-2.16088	-6.14037
15.3257	-2.16368	-6.14317
15.3356	-2.16648	-6.14597
15.3456	-2.16928	-6.14877
15.3556	-2.17209	-6.15158
15.3656	-2.1749	-6.15439
15.3755	-2.17771	-6.1572
15.3855	-2.18052	-6.16001
15.3955	-2.18333	-6.16282
15.4055	-2.18615	-6.16564
15.4155	-2.18896	-6.16845
15.4254	-2.19178	-6.17127
15.4354	-2.1946	-6.17409
15.4454	-2.19742	-6.17691
15.4554	-2.20024	-6.17973
15.4653	-2.20307	-6.18256
15.4753	-2.20589	-6.18538
15.4853	-2.20872	-6.18821
15.4953	-2.21155	-6.19104
15.5053	-2.21438	-6.19387
15.5152	-2.21721	-6.1967
15.5252	-2.22005	-6.19954
15.5352	-2.22288	-6.20237
15.5452	-2.22572	-6.20521
15.5551	-2.22856	-6.20805
15.5651	-2.2314	-6.21089
15.5751	-2.23424	-6.21373
15.5851	-2.23708	-6.21658
15.595	-2.23993	-6.21942
15.605	-2.24278	-6.22227
15.615	-2.24563	-6.22512
15.625	-2.24848	-6.22797
15.635	-2.25133	-6.23082
15.6449	-2.25418	-6.23367
15.6549	-2.25704	-6.23653
15.6649	-2.25989	-6.23938
15.6749	-2.26275	-6.24224
15.6848	-2.26561	-6.2451
15.6948	-2.26847	-6.24796
15.7048	-2.27134	-6.25083
15.7148	-2.2742	-6.25369
15.7248	-2.27707	-6.25656
15.7347	-2.27994	-6.25943
15.7447	-2.28281	-6.2623
15.7547	-2.28568	-6.26517
15.7647	-2.28855	-6.26804
15.7746	-2.29143	-6.27092
15.7846	-2.2943	-6.27379
15.7946	-2.29718	-6.27667
15.8046	-2.30006	-6.27955
15.8146	-2.30294	-6.28243
15.8245	-2.30582	-6.28532
15.8345	-2.30871	-6.2882
15.8445	-2.31159	-6.29109
15.8545	-2.31448	-6.29397
15.8644	-2.31737	-6.29686
15.8744	-2.32026	-6.29975
15.8844	-2.32316	-6.30265
15.8944	-2.32605	-6.30554
15.9044	-2.32894	-6.30844
15.9143	-2.33184	-6.31133
15.9243	-2.33474	-6.31423
15.9343	-2.33764	-6.31713
15.9443	-2.34054	-6.32003
15.9542	-2.34345	-6.32294
15.9642	-2.34635	-6.32584
15.9742	-2.34926	-6.32875
15.9842	-2.35217	-6.33166
15.9941	-2.35508	-6.33457
16.0041	-2.35799	-6.33748
16.0141	-2.3609	-6.34039
16.0241	-2.36382	-6.34331
16.0341	-2.36673	-6.34623
16.044	-2.36965	-6.34914
16.054	-2.37257	-6.35206
16.064	-2.37549	-6.35498
16.074	-2.37842	-6.35791
16.0839	-2.38134	-6.36083
16.0939	-2.38427	-6.36376
16.1039	-2.38719	-6.36669
16.1139	-2.39012	-6.36961
16.1239	-2.39306	-6.37255
16.1338	-2.39599	-6.37548
16.1438	-2.39892	-6.37841
16.1538	-2.40186	-6.38135
16.1638	-2.40479	-6.38428
16.1737	-2.40773	-6.38722
16.1837	-2.41067	-6.39016
16.1937	-2.41362	-6.39311
16.2037	-2.41656	-6.39605
16.2137	-2.4195	-6.39899
16.2236	-2.42245	-6.40194
16.2336	-2.4254	-6.40489
16.2436	-2.42835	-6.40784
16.2536	-2.4313	-6.41079
16.2635	-2.43425	-6.41374
16.2735	-2.43721	-6.4167
16.2835	-2.44016	-6.41966
16.2935	-2.44312	-6.42261
16.3035	-2.44608	-6.42557
16.3134	-2.44904	-6.42853
16.3234	-2.45201	-6.4315
16.3334	-2.45497	-6.43446
16.3434	-2.45793	-6.43743
16.3533	-2.4609	-6.44039
16.3633	-2.46387	-6.44336
16.3733	-2.46684	-6.44633
16.3833	-2.46981	-6.4493
16.3932	-2.47279	-6.45228
16.4032	-2.47576	-6.45525
16.4132	-2.47874	-6.45823
16.4232	-2.48172	-6.46121
16.4332	-2.4847	-6.46419
16.4431	-2.48768	-6.46717
16.4531	-2.49066	-6.47015
16.4631	-2.49365	-6.47314
16.4731	-2.49663	-6.47612
16.483	-2.49962	-6.47911
16.493	-2.50261	-6.4821
16.503	-2.5056	-6.48509
16.513	-2.50859	-6.48808
16.523	-2.51158	-6.49108
16.5329	-2.51458	-6.49407
16.5429	-2.51758	-6.49707
16.5529	-2.52058	-6.50007
16.5629	-2.52358	-6.50307
16.5728	-2.52658	-6.50607
16.5828	-2.52958	-6.50907
16.5928	-2.53259	-6.51208
16.6028	-2.53559	-6.51508
16.6128	-2.5386	-6.51809
16.6227	-2.54161	-6.5211
16.6327	-2.54462	-6.52411
16.6427	-2.54763	-6.52712
16.6527	-2.55065	-6.53014
16.6626	-2.55366	-6.53315
16.6726	-2.55668	-6.53617
16.6826	-2.5597	-6.53919
16.6926	-2.56272	-6.54221
16.7026	-2.56574	-6.54523
16.7125	-2.56876	-6.54825
16.7225	-2.57179	-6.55128
16.7325	-2.57481	-6.5543
16.7425	-2.57784	-6.55733
16.7524	-2.58087	-6.56036
16.7624	-2.5839	-6.56339
16.7724	-2.58693	-6.56643
16.7824	-2.58997	-6.56946
16.7923	-2.593	-6.57249
16.8023	-2.59604	-6.57553
16.8123	-2.59908	-6.57857
16.8223	-2.60212	-6.58161
16.8323	-2.60516	-6.58465
16.8422	-2.60821	-6.5877
16.8522	-2.61125	-6.59074
16.8622	-2.6143	-6.59379
16.8722	-2.61734	-6.59683
16.8821	-2.62039	-6.59988
16.8921	-2.62344	-6.60293
16.9021	-2.6265	-6.60599
16.9121	-2.62955	-6.60904
16.9221	-2.63261	-6.6121
16.932	-2.63566	-6.61515
16.942	-2.63872	-6.61821
16.952	-2.64178	-6.62127
16.962	-2.64484	-6.62433
16.9719	-2.64791	-6.6274
16.9819	-2.65097	-6.63046
16.9919	-2.65404	-6.63353
17.0019	-2.6571	-6.6366
17.0119	-2.66017	-6.63966
17.0218	-2.66324	-6.64274
17.0318	-2.66632	-6.64581
17.0418	-2.66939	-6.64888
17.0518	-2.67247	-6.65196
17.0617	-2.67554	-6.65503
17.0717	-2.67862	-6.65811
17.0817	-2.6817	-6.66119
17.0917	-2.68478	-6.66427
17.1017	-2.68786	-6.66736
17.1116	-2.69095	-6.67044
17.1216	-2.69403	-6.67353
17.1316	-2.69712	-6.67661
17.1416	-2.70021	-6.6797
17.1515	-2.7033	-6.68279
17.1615	-2.70639	-6.68588
17.1715	-2.70949	-6.68898
17.1815	-2.71258	-6.69207
17.1914	-2.71568	-6.69517
17.2014	-2.71878	-6.69827
17.2114	-2.72187	-6.70136
17.2214	-2.72498	-6.70447
17.2314	-2.72808	-6.70757
17.2413	-2.73118	-6.71067
17.2513	-2.73429	-6.71378
17.2613	-2.73739	-6.71688
17.2713	-2.7405	-6.71999
17.2812	-2.74361	-6.7231
17.2912	-2.74672	-6.72621
17.3012	-2.74984	-6.72933
17.3112	-2.75295	-6.73244
17.3212	-2.75607	-6.73556
17.3311	-2.75918	-6.73867
17.3411	-2.7623	-6.74179
17.3511	-2.76542	-6.74491
17.3611	-2.76854	-6.74803
17.371	-2.77167	-6.75116
17.381	-2.77479	-6.75428
17.391	-2.77792	-6.75741
17.401	-2.78105	-6.76054
17.411	-2.78417	-6.76366
17.4209	-2.7873	-6.7668
17.4309	-2.79044	-6.76993
17.4409	-2.79357	-6.77306
17.4509	-2.79671	-6.7762
17.4608	-2.79984	-6.77933
17.4708	-2.80298	-6.78247
17.4808	-2.80612	-6.78561
17.4908	-2.80926	-6.78875
17.5008	-2.8124	-6.79189
17.5107	-2.81555	-6.79504
17.5207	-2.81869	-6.79818
17.5307	-2.82184	-6.80133
17.5407	-2.82499	-6.80448
17.5506	-2.82814	-6.80763
17.5606	-2.83129	-6.81078
17.5706	-2.83444	-6.81393
17.5806	-2.83759	-6.81709
17.5905	-2.84075	-6.82024
17.6005	-2.84391	-6.8234
17.6105	-2.84707	-6.82656
17.6205	-2.85023	-6.82972
17.6305	-2.85339	-6.83288
17.6404	-2.85655	-6.83604
17.6504	-2.85971	-6.83921
17.6604	-2.86288	-6.84237
17.6704	-2.86605	-6.84554
17.6803	-2.86922	-6.84871
17.6903	-2.87239	-6.85188
17.7003	-2.87556	-6.85505
17.7103	-2.87873	-6.85822
17.7203	-2.88191	-6.8614
17.7302	-2.88508	-6.86457
17.7402	-2.88826	-6.86775
17.7502	-2.89144	-6.87093
17.7602	-2.89462	-6.87411
17.7701	-2.8978	-6.87729
17.7801	-2.90098	-6.88047
17.7901	-2.90417	-6.88366
17.8001	-2.90736	-6.88685
17.8101	-2.91054	-6.89003
17.82	-2.91373	-6.89322
17.83	-2.91692	-6.89641
17.84	-2.92011	-6.8996
17.85	-2.92331	-6.9028
17.8599	-2.9265	-6.90599
17.8699	-2.9297	-6.90919
17.8799	-2.9329	-6.91239
17.8899	-2.9361	-6.91559
17.8998	-2.9393	-6.91879
17.9098	-2.9425	-6.92199
17.9198	-2.9457	-6.92519
17.9298	-2.94891	-6.9284
17.9398	-2.95211	-6.9316
17.9497	-2.95532	-6.93481
17.9597	-2.95853	-6.93802
17.9697	-2.96174	-6.94123
17.9797	-2.96495	-6.94444
17.9896	-2.96817	-6.94766
17.9996	-2.97138	-6.95087
18.0096	-2.9746	-6.95409
18.0196	-2.97781	-6.95731
18.0296	-2.98103	-6.96052
18.0395	-2.98425	-6.96374
18.0495	-2.98748	-6.96697
18.0595	-2.9907	-6.97019
18.0695	-2.99392	-6.97342
18.0794	-2.99715	-6.97664
18.0894	-3.00038	-6.97987
18.0994	-3.00361	-6.9831
18.1094	-3.00684	-6.98633
18.1194	-3.01007	-6.98956
18.1293	-3.0133	-6.99279
18.1393	-3.01654	-6.99603
18.1493	-3.01977	-6.99926
18.1593	-3.02301	-7.0025
18.1692	-3.02625	-7.00574
18.1792	-3.02949	-7.00898
18.1892	-3.03273	-7.01222
18.1992	-3.03598	-7.01547
18.2092	-3.03922	-7.01871
18.2191	-3.04247	-7.02196
18.2291	-3.04571	-7.02521
18.2391	-3.04896	-7.02845
18.2491	-3.05221	-7.0317
18.259	-3.05547	-7.03496
18.269	-3.05872	-7.03821
18.279	-3.06197	-7.04146
18.289	-3.06523	-7.04472
18.2989	-3.06849	-7.04798
18.3089	-3.07174	-7.05123
18.3189	-3.075	-7.0545
18.3289	-3.07827	-7.05776
18.3389	-3.08153	-7.06102
18.3488	-3.08479	-7.06428
18.3588	-3.08806	-7.06755
18.3688	-3.09133	-7.07082
18.3788	-3.09459	-7.07408
18.3887	-3.09786	-7.07735
18.3987	-3.10114	-7.08063
18.4087	-3.10441	-7.0839
18.4187	-3.10768	-7.08717
18.4287	-3.11096	-7.09045
18.4386	-3.11423	-7.09372
18.4486	-3.11751	-7.097
18.4586	-3.12079	-7.10028
18.4686	-3.12407	-7.10356
18.4785	-3.12735	-7.10684
18.4885	-3.13064	-7.11013
18.4985	-3.13392	-7.11341
18.5085	-3.13721	-7.1167
18.5185	-3.1405	-7.11999
18.5284	-3.14379	-7.12328
18.5384	-3.14708	-7.12657
18.5484	-3.15037	-7.12986
18.5584	-3.15366	-7.13315
18.5683	-3.15696	-7.13645
18.5783	-3.16025	-7.13974
18.5883	-3.16355	-7.14304
18.5983	-3.16685	-7.14634
18.6083	-3.17015	-7.14964
18.6182	-3.17345	-7.15294
18.6282	-3.17675	-7.15624
18.6382	-3.18006	-7.15955
18.6482	-3.18336	-7.16285
18.6581	-3.18667	-7.16616
18.6681	-3.18998	-7.16947
18.6781	-3.19329	-7.17278
18.6881	-3.1966	-7.17609
18.698	-3.19991	-7.1794
18.708	-3.20322	-7.18272
18.718	-3.20654	-7.18603
18.728	-3.20986	-7.18935
18.738	-3.21317	-7.19266
18.7479	-3.21649	-7.19598
18.7579	-3.21981	-7.1993
18.7679	-3.22314	-7.20263
18.7779	-3.22646	-7.20595
18.7878	-3.22978	-7.20927
18.7978	-3.23311	-7.2126
18.8078	-3.23644	-7.21593
18.8178	-3.23977	-7.21926
18.8278	-3.2431	-7.22259
18.8377	-3.24643	-7.22592
18.8477	-3.24976	-7.22925
18.8577	-3.25309	-7.23258
18.8677	-3.25643	-7.23592
18.8776	-3.25977	-7.23926
18.8876	-3.2631	-7.24259
18.8976	-3.26644	-7.24593
18.9076	-3.26978	-7.24927
18.9176	-3.27313	-7.25262
18.9275	-3.27647	-7.25596
18.9375	-3.27981	-7.2593
18.9475	-3.28316	-7.26265
18.9575	-3.28651	-7.266
18.9674	-3.28986	-7.26935
18.9774	-3.29321	-7.2727
18.9874	-3.29656	-7.27605
18.9974	-3.29991	-7.2794
19.0074	-3.30326	-7.28275
19.0173	-3.30662	-7.28611
19.0273	-3.30998	-7.28947
19.0373	-3.31333	-7.29282
19.0473	-3.31669	-7.29618
19.0572	-3.32005	-7.29954
19.0672	-3.32342	-7.30291
19.0772	-3.32678	-7.30627
19.0872	-3.33014	-7.30963
19.0971	-3.33351	-7.313
19.1071	-3.33688	-7.31637
19.1171	-3.34025	-7.31974
19.1271	-3.34362	-7.32311
19.1371	-3.34699	-7.32648
19.147	-3.35036	-7.32985
19.157	-3.35373	-7.33322
19.167	-3.35711	-7.3366
19.177	-3.36048	-7.33998
19.1869	-3.36386	-7.34335
19.1969	-3.36724	-7.34673
19.2069	-3.37062	-7.35011
19.2169	-3.374	-7.35349
19.2269	-3.37739	-7.35688
19.2368	-3.38077	-7.36026
19.2468	-3.38416	-7.36365
19.2568	-3.38754	-7.36703
19.2668	-3.39093	-7.37042
19.2767	-3.39432	-7.37381
19.2867	-3.39771	-7.3772
19.2967	-3.4011	-7.38059
19.3067	-3.4045	-7.38399
19.3167	-3.40789	-7.38738
19.3266	-3.41129	-7.39078
19.3366	-3.41469	-7.39418
19.3466	-3.41808	-7.39758
19.3566	-3.42148	-7.40097
19.3665	-3.42489	-7.40438
19.3765	-3.42829	-7.40778
19.3865	-3.43169	-7.41118
19.3965	-3.4351	-7.41459
19.4065	-3.4385	-7.41799
19.4164	-3.44191	-7.4214
19.4264	-3.44532	-7.42481
19.4364	-3.44873	-7.42822
19.4464	-3.45214	-7.43163
19.4563	-3.45555	-7.43504
19.4663	-3.45897	-7.43846
19.4763	-3.46238	-7.44187
19.4863	-3.4658	-7.44529
19.4962	-3.46922	-7.44871
19.5062	-3.47264	-7.45213
19.5162	-3.47606	-7.45555
19.5262	-3.47948	-7.45897
19.5362	-3.4829	-7.46239
19.5461	-3.48633	-7.46582
19.5561	-3.48975	-7.46924
19.5661	-3.49318	-7.47267
19.5761	-3.49661	-7.4761
19.586	-3.50004	-7.47953
19.596	-3.50347	-7.48296
19.606	-3.5069	-7.48639
19.616	-3.51033	-7.48982
19.626	-3.51377	-7.49326
19.6359	-3.5172	-7.49669
19.6459	-3.52064	-7.50013
19.6559	-3.52408	-7.50357
19.6659	-3.52752	-7.50701
19.6758	-3.53096	-7.51045
19.6858	-3.5344	-7.51389
19.6958	-3.53784	-7.51733
19.7058	-3.54129	-7.52078
19.7158	-3.54473	-7.52422
19.7257	-3.54818	-7.52767
19.7357	-3.55163	-7.53112
19.7457	-3.55508	-7.53457
19.7557	-3.55853	-7.53802
19.7656	-3.56198	-7.54147
19.7756	-3.56543	-7.54493
19.7856	-3.56889	-7.54838
19.7956	-3.57235	-7.55184
19.8056	-3.5758	-7.55529
19.8155	-3.57926	-7.55875
19.8255	-3.58272	-7.56221
19.8355	-3.58618	-7.56567
19.8455	-3.58964	-7.56913
19.8554	-3.59311	-7.5726
19.8654	-3.59657	-7.57606
19.8754	-3.60004	-7.57953
19.8854	-3.6035	-7.58299
19.8953	-3.60697	-7.58646
19.9053	-3.61044	-7.58993
19.9153	-3.61391	-7.5934
19.9253	-3.61738	-7.59687
19.9353	-3.62086	-7.60035
19.9452	-3.62433	-7.60382
19.9552	-3.62781	-7.6073
19.9652	-3.63128	-7.61077
19.9752	-3.63476	-7.61425
19.9851	-3.63824	-7.61773
19.9951	-3.64172	-7.62121
20.0051	-3.6452	-7.62469
20.0151	-3.64869	-7.62818
20.0251	-3.65217	-7.63166
20.035	-3.65566	-7.63515
20.045	-3.65914	-7.63863
20.055	-3.66263	-7.64212
20.065	-3.66612	-7.64561
20.0749	-3.66961	-7.6491
20.0849	-3.6731	-7.65259
20.0949	-3.67659	-7.65609
20.1049	-3.68009	-7.65958
20.1149	-3.68358	-7.66307
20.1248	-3.68708	-7.66657
20.1348	-3.69058	-7.67007
20.1448	-3.69408	-7.67357
20.1548	-3.69758	-7.67707
20.1647	-3.70108	-7.68057
20.1747	-3.70458	-7.68407
20.1847	-3.70808	-7.68757
20.1947	-3.71159	-7.69108
20.2047	-3.7151	-7.69459
20.2146	-3.7186	-7.69809
20.2246	-3.72211	-7.7016
20.2346	-3.72562	-7.70511
20.2446	-3.72913	-7.70862
20.2545	-3.73264	-7.71213
20.2645	-3.73616	-7.71565
20.2745	-3.73967	-7.71916
20.2845	-3.74319	-7.72268
20.2944	-3.7467	-7.72619
20.3044	-3.75022	-7.72971
20.3144	-3.75374	-7.73323
20.3244	-3.75726	-7.73675
20.3344	-3.76078	-7.74027
20.3443	-3.76431	-7.7438
20.3543	-3.76783	-7.74732
20.3643	-3.77136	-7.75085
20.3743	-3.77488	-7.75437
20.3842	-3.77841	-7.7579
20.3942	-3.78194	-7.76143
20.4042	-3.78547	-7.76496
20.4142	-3.789	-7.76849
20.4242	-3.79253	-7.77202
20.4341	-3.79607	-7.77556
20.4441	-3.7996	-7.77909
20.4541	-3.80314	-7.78263
20.4641	-3.80667	-7.78616
20.474	-3.81021	-7.7897
20.484	-3.81375	-7.79324
20.494	-3.81729	-7.79678
20.504	-3.82083	-7.80032
20.514	-3.82438	-7.80387
20.5239	-3.82792	-7.80741
20.5339	-3.83147	-7.81096
20.5439	-3.83501	-7.8145
20.5539	-3.83856	-7.81805
20.5638	-3.84211	-7.8216
20.5738	-3.84566	-7.82515
20.5838	-3.84921	-7.8287
20.5938	-3.85276	-7.83225
20.6038	-3.85632	-7.83581
20.6137	-3.85987	-7.83936
20.6237	-3.86343	-7.84292
20.6337	-3.86698	-7.84647
20.6437	-3.87054	-7.85003
20.6536	-3.8741	-7.85359
20.6636	-3.87766	-7.85715
20.6736	-3.88122	-7.86071
20.6836	-3.88479	-7.86428
20.6935	-3.88835	-7.86784
20.7035	-3.89191	-7.87141
20.7135	-3.89548	-7.87497
20.7235	-3.89905	-7.87854
20.7335	-3.90262	-7.88211
20.7434	-3.90619	-7.88568
20.7534	-3.90976	-7.88925
20.7634	-3.91333	-7.89282
20.7734	-3.9169	-7.89639
20.7833	-3.92048	-7.89997
20.7933	-3.92405	-7.90354
20.8033	-3.92763	-7.90712
20.8133	-3.93121	-7.9107
20.8233	-3.93479	-7.91428
20.8332	-3.93837	-7.91786
20.8432	-3.94195	-7.92144
20.8532	-3.94553	-7.92502
20.8632	-3.94911	-7.9286
20.8731	-3.9527	-7.93219
20.8831	-3.95628	-7.93577
20.8931	-3.95987	-7.93936
20.9031	-3.96346	-7.94295
20.9131	-3.96705	-7.94654
20.923	-3.97064	-7.95013
20.933	-3.97423	-7.95372
20.943	-3.97782	-7.95731
20.953	-3.98141	-7.9609
20.9629	-3.98501	-7.9645
20.9729	-3.9886	-7.96809
20.9829	-3.9922	-7.97169
20.9929	-3.9958	-7.97529
21.0029	-3.9994	-7.97889
21.0128	-4.003	-7.98249
21.0228	-4.0066	-7.98609
21.0328	-4.0102	-7.98969
21.0428	-4.01381	-7.9933
21.0527	-4.01741	-7.9969
21.0627	-4.02102	-8.00051
21.0727	-4.02462	-8.00411
21.0827	-4.02823	-8.00772
21.0926	-4.03184	-8.01133
21.1026	-4.03545	-8.01494
21.1126	-4.03906	-8.01855
21.1226	-4.04268	-8.02217
21.1326	-4.04629	-8.02578
21.1425	-4.0499	-8.02939
21.1525	-4.05352	-8.03301
21.1625	-4.05714	-8.03663
21.1725	-4.06075	-8.04025
21.1824	-4.06437	-8.04386
21.1924	-4.06799	-8.04748
21.2024	-4.07162	-8.05111
21.2124	-4.07524	-8.05473
21.2224	-4.07886	-8.05835
21.2323	-4.08249	-8.06198
21.2423	-4.08611	-8.0656
21.2523	-4.08974	-8.06923
21.2623	-4.09337	-8.07286
21.2722	-4.097	-8.07649
21.2822	-4.10063	-8.08012
21.2922	-4.10426	-8.08375
21.3022	-4.10789	-8.08738
21.3122	-4.11152	-8.09101
21.3221	-4.11516	-8.09465
21.3321	-4.11879	-8.09828
21.3421	-4.12243	-8.10192
21.3521	-4.12607	-8.10556
21.362	-4.12971	-8.1092
21.372	-4.13335	-8.11284
21.382	-4.13699	-8.11648
21.392	-4.14063	-8.12012
21.402	-4.14427	-8.12376
21.4119	-4.14792	-8.12741
21.4219	-4.15156	-8.13105
21.4319	-4.15521	-8.1347
21.4419	-4.15886	-8.13835
21.4518	-4.16251	-8.142
21.4618	-4.16615	-8.14565
21.4718	-4.16981	-8.1493
21.4818	-4.17346	-8.15295
21.4917	-4.17711	-8.1566
21.5017	-4.18076	-8.16025
21.5117	-4.18442	-8.16391
21.5217	-4.18808	-8.16757
21.5317	-4.19173	-8.17122
21.5416	-4.19539	-8.17488
21.5516	-4.19905	-8.17854
21.5616	-4.20271	-8.1822
21.5716	-4.20637	-8.18586
21.5815	-4.21003	-8.18952
21.5915	-4.2137	-8.19319
21.6015	-4.21736	-8.19685
21.6115	-4.22103	-8.20052
21.6215	-4.22469	-8.20418
21.6314	-4.22836	-8.20785
21.6414	-4.23203	-8.21152
21.6514	-4.2357	-8.21519
21.6614	-4.23937	-8.21886
21.6713	-4.24304	-8.22253
21.6813	-4.24672	-8.22621
21.6913	-4.25039	-8.22988
21.7013	-4.25407	-8.23356
21.7113	-4.25774	-8.23723
21.7212	-4.26142	-8.24091
21.7312	-4.2651	-8.24459
21.7412	-4.26878	-8.24827
21.7512	-4.27246	-8.25195
21.7611	-4.27614	-8.25563
21.7711	-4.27982	-8.25931
21.7811	-4.2835	-8.26299
21.7911	-4.28719	-8.26668
21.8011	-4.29087	-8.27036
21.811	-4.29456	-8.27405
21.821	-4.29825	-8.27774
21.831	-4.30194	-8.28143
21.841	-4.30563	-8.28512
21.8509	-4.30932	-8.28881
21.8609	-4.31301	-8.2925
21.8709	-4.3167	-8.29619
21.8809	-4.32039	-8.29989
21.8908	-4.32409	-8.30358
21.9008	-4.32779	-8.30728
21.9108	-4.33148	-8.31097
21.9208	-4.33518	-8.31467
21.9308	-4.33888	-8.31837
21.9407	-4.34258	-8.32207
21.9507	-4.34628	-8.32577
21.9607	-4.34998	-8.32947
21.9707	-4.35368	-8.33318
21.9806	-4.35739	-8.33688
21.9906	-4.36109	-8.34058
22.0006	-4.3648	-8.34429
22.0106	-4.36851	-8.348
22.0206	-4.37222	-8.35171
22.0305	-4.37592	-8.35541
22.0405	-4.37963	-8.35912
22.0505	-4.38335	-8.36284
22.0605	-4.38706	-8.36655
22.0704	-4.39077	-8.37026
22.0804	-4.39448	-8.37398
22.0904	-4.3982	-8.37769
22.1004	-4.40192	-8.38141
22.1104	-4.40563	-8.38512
22.1203	-4.40935	-8.38884
22.1303	-4.41307	-8.39256
22.1403	-4.41679	-8.39628
22.1503	-4.42051	-8.4
22.1602	-4.42423	-8.40372
22.1702	-4.42796	-8.40745
22.1802	-4.43168	-8.41117
22.1902	-4.43541	-8.4149
22.2002	-4.43913	-8.41862
22.2101	-4.44286	-8.42235
22.2201	-4.44659	-8.42608
22.2301	-4.45032	-8.42981
22.2401	-4.45405	-8.43354
22.25	-4.45778	-8.43727
22.26	-4.46151	-8.441
22.27	-4.46524	-8.44473
22.28	-4.46898	-8.44847
22.2899	-4.47271	-8.4522
22.2999	-4.47645	-8.45594
22.3099	-4.48019	-8.45968
22.3199	-4.48392	-8.46341
22.3299	-4.48766	-8.46715
22.3398	-4.4914	-8.47089
22.3498	-4.49514	-8.47463
22.3598	-4.49888	-8.47838
22.3698	-4.50263	-8.48212
22.3797	-4.50637	-8.48586
22.3897	-4.51012	-8.48961
22.3997	-4.51386	-8.49335
22.4097	-4.51761	-8.4971
22.4197	-4.52136	-8.50085
22.4296	-4.52511	-8.5046
22.4396	-4.52886	-8.50835
22.4496	-4.53261	-8.5121
22.4596	-4.53636	-8.51585
22.4695	-4.54011	-8.5196
22.4795	-4.54386	-8.52335
22.4895	-4.54762	-8.52711
22.4995	-4.55137	-8.53086
22.5095	-4.55513	-8.53462
22.5194	-4.55889	-8.53838
22.5294	-4.56265	-8.54214
22.5394	-4.5664	-8.5459
22.5494	-4.57017	-8.54966
22.5593	-4.57393	-8.55342
22.5693	-4.57769	-8.55718
22.5793	-4.58145	-8.56094
22.5893	-4.58522	-8.56471
22.5992	-4.58898	-8.56847
22.6092	-4.59275	-8.57224
22.6192	-4.59651	-8.576
22.6292	-4.60028	-8.57977
22.6392	-4.60405	-8.58354
22.6491	-4.60782	-8.58731
22.6591	-4.61159	-8.59108
22.6691	-4.61536	-8.59485
22.6791	-4.61914	-8.59863
22.689	-4.62291	-8.6024
22.699	-4.62668	-8.60617
22.709	-4.63046	-8.60995
22.719	-4.63424	-8.61373
22.729	-4.63801	-8.6175
22.7389	-4.64179	-8.62128
22.7489	-4.64557	-8.62506
22.7589	-4.64935	-8.62884
22.7689	-4.65313	-8.63262
22.7788	-4.65691	-8.6364
22.7888	-4.6607	-8.64019
22.7988	-4.66448	-8.64397
22.8088	-4.66827	-8.64776
22.8188	-4.67205	-8.65154
22.8287	-4.67584	-8.65533
22.8387	-4.67963	-8.65912
22.8487	-4.68341	-8.6629
22.8587	-4.6872	-8.66669
22.8686	-4.69099	-8.67048
22.8786	-4.69478	-8.67428
22.8886	-4.69858	-8.67807
22.8986	-4.70237	-8.68186
22.9086	-4.70616	-8.68565
22.9185	-4.70996	-8.68945
22.9285	-4.71376	-8.69325
22.9385	-4.71755	-8.69704
22.9485	-4.72135	-8.70084
22.9584	-4.72515	-8.70464
22.9684	-4.72895	-8.70844
22.9784	-4.73275	-8.71224
22.9884	-4.73655	-8.71604
22.9983	-4.74035	-8.71984
23.0083	-4.74416	-8.72365
23.0183	-4.74796	-8.72745
23.0283	-4.75176	-8.73125
23.0383	-4.75557	-8.73506
23.0482	-4.75938	-8.73887
23.0582	-4.76318	-8.74268
23.0682	-4.76699	-8.74648
23.0782	-4.7708	-8.75029
23.0881	-4.77461	-8.7541
23.0981	-4.77842	-8.75792
23.1081	-4.78224	-8.76173
23.1181	-4.78605	-8.76554
23.1281	-4.78986	-8.76935
23.138	-4.79368	-8.77317
23.148	-4.7975	-8.77699
23.158	-4.80131	-8.7808
23.168	-4.80513	-8.78462
23.1779	-4.80895	-8.78844
23.1879	-4.81277	-8.79226
23.1979	-4.81659	-8.79608
23.2079	-4.82041	-8.7999
23.2179	-4.82423	-8.80372
23.2278	-4.82805	-8.80754
23.2378	-4.83188	-8.81137
23.2478	-4.8357	-8.81519
23.2578	-4.83953	-8.81902
23.2677	-4.84335	-8.82284
23.2777	-4.84718	-8.82667
23.2877	-4.85101	-8.8305
23.2977	-4.85484	-8.83433
23.3077	-4.85867	-8.83816
23.3176	-4.8625	-8.84199
23.3276	-4.86633	-8.84582
23.3376	-4.87016	-8.84965
23.3476	-4.874	-8.85349
23.3575	-4.87783	-8.85732
23.3675	-4.88167	-8.86116
23.3775	-4.8855	-8.86499
23.3875	-4.88934	-8.86883
23.3974	-4.89318	-8.87267
23.4074	-4.89702	-8.87651
23.4174	-4.90086	-8.88035
23.4274	-4.9047	-8.88419
23.4374	-4.90854	-8.88803
23.4473	-4.91238	-8.89187
23.4573	-4.91622	-8.89571
23.4673	-4.92007	-8.89956
23.4773	-4.92391	-8.9034
23.4872	-4.92776	-8.90725
23.4972	-4.9316	-8.9111
23.5072	-4.93545	-8.91494
23.5172	-4.9393	-8.91879
23.5272	-4.94315	-8.92264
23.5371	-4.947	-8.92649
23.5471	-4.95085	-8.93034
23.5571	-4.9547	-8.93419
23.5671	-4.95855	-8.93804
23.577	-4.96241	-8.9419
23.587	-4.96626	-8.94575
23.597	-4.97012	-8.94961
23.607	-4.97397	-8.95346
23.617	-4.97783	-8.95732
23.6269	-4.98169	-8.96118
23.6369	-4.98555	-8.96504
23.6469	-4.9894	-8.96889
23.6569	-4.99326	-8.97275
23.6668	-4.99713	-8.97662
23.6768	-5.00099	-8.98048
23.6868	-5.00485	-8.98434
23.6968	-5.00871	-8.9882
23.7068	-5.01258	-8.99207
23.7167	-5.01644	-8.99593
23.7267	-5.02031	-8.9998
23.7367	-5.02418	-9.00367
23.7467	-5.02804	-9.00753
23.7566	-5.03191	-9.0114
23.7666	-5.03578	-9.01527
23.7766	-5.03965	-9.01914
23.7866	-5.04352	-9.02301
23.7965	-5.04739	-9.02688
23.8065	-5.05127	-9.03076
23.8165	-5.05514	-9.03463
23.8265	-5.05901	-9.0385
23.8365	-5.06289	-9.04238
23.8464	-5.06676	-9.04626
23.8564	-5.07064	-9.05013
23.8664	-5.07452	-9.05401
23.8764	-5.0784	-9.05789
23.8863	-5.08228	-9.06177
23.8963	-5.08616	-9.06565
23.9063	-5.09004	-9.06953
23.9163	-5.09392	-9.07341
23.9263	-5.0978	-9.07729
23.9362	-5.10168	-9.08117
23.9462	-5.10557	-9.08506
23.9562	-5.10945	-9.08894
23.9662	-5.11334	-9.09283
23.9761	-5.11723	-9.09672
23.9861	-5.12111	-9.1006
23.9961	-5.125	-9.10449
24.0061	-5.12889	-9.10838
24.0161	-5.13278	-9.11227
24.026	-5.13667	-9.11616
24.036	-5.14056	-9.12005
24.046	-5.14445	-9.12394
24.056	-5.14835	-9.12784
24.0659	-5.15224	-9.13173
24.0759	-5.15613	-9.13563
24.0859	-5.16003	-9.13952
24.0959	-5.16393	-9.14342
24.1059	-5.16782	-9.14731
24.1158	-5.17172	-9.15121
24.1258	-5.17562	-9.15511
24.1358	-5.17952	-9.15901
24.1458	-5.18342	-9.16291
24.1557	-5.18732	-9.16681
24.1657	-5.19122	-9.17071
24.1757	-5.19512	-9.17461
24.1857	-5.19903	-9.17852
24.1956	-5.20293	-9.18242
24.2056	-5.20684	-9.18633
24.2156	-5.21074	-9.19023
24.2256	-5.21465	-9.19414
24.2356	-5.21855	-9.19805
24.2455	-5.22246	-9.20195
24.2555	-5.22637	-9.20586
24.2655	-5.23028	-9.20977
24.2755	-5.23419	-9.21368
24.2854	-5.2381	-9.21759
24.2954	-5.24201	-9.2215
24.3054	-5.24593	-9.22542
24.3154	-5.24984	-9.22933
24.3254	-5.25375	-9.23324
24.3353	-5.25767	-9.23716
24.3453	-5.26158	-9.24108
24.3553	-5.2655	-9.24499
24.3653	-5.26942	-9.24891
24.3752	-5.27334	-9.25283
24.3852	-5.27726	-9.25675
24.3952	-5.28117	-9.26067
24.4052	-5.2851	-9.26459
24.4152	-5.28902	-9.26851
24.4251	-5.29294	-9.27243
24.4351	-5.29686	-9.27635
24.4451	-5.30078	-9.28027
24.4551	-5.30471	-9.2842
24.465	-5.30863	-9.28812
24.475	-5.31256	-9.29205
24.485	-5.31649	-9.29598
24.495	-5.32041	-9.2999
24.505	-5.32434	-9.30383
24.5149	-5.32827	-9.30776
24.5249	-5.3322	-9.31169
24.5349	-5.33613	-9.31562
24.5449	-5.34006	-9.31955
24.5548	-5.34399	-9.32348
24.5648	-5.34792	-9.32741
24.5748	-5.35186	-9.33135
24.5848	-5.35579	-9.33528
24.5947	-5.35973	-9.33922
24.6047	-5.36366	-9.34315
24.6147	-5.3676	-9.34709
24.6247	-5.37153	-9.35102
24.6347	-5.37547	-9.35496
24.6446	-5.37941	-9.3589
24.6546	-5.38335	-9.36284
24.6646	-5.38729	-9.36678
24.6746	-5.39123	-9.37072
24.6845	-5.39517	-9.37466
24.6945	-5.39911	-9.3786
24.7045	-5.40306	-9.38255
24.7145	-5.407	-9.38649
24.7245	-5.41094	-9.39043
24.7344	-5.41489	-9.39438
24.7444	-5.41883	-9.39832
24.7544	-5.42278	-9.40227
24.7644	-5.42673	-9.40622
24.7743	-5.43068	-9.41017
24.7843	-5.43462	-9.41411
24.7943	-5.43857	-9.41806
24.8043	-5.44252	-9.42201
24.8143	-5.44647	-9.42596
24.8242	-5.45043	-9.42992
24.8342	-5.45438	-9.43387
24.8442	-5.45833	-9.43782
24.8542	-5.46228	-9.44178
24.8641	-5.46624	-9.44573
24.8741	-5.47019	-9.44968
24.8841	-5.47415	-9.45364
24.8941	-5.47811	-9.4576
24.9041	-5.48206	-9.46155
24.914	-5.48602	-9.46551
24.924	-5.48998	-9.46947
24.934	-5.49394	-9.47343
24.944	-5.4979	-9.47739
24.9539	-5.50186	-9.48135
24.9639	-5.50582	-9.48531
24.9739	-5.50979	-9.48928
24.9839	-5.51375	-9.49324
24.9938	-5.51771	-9.4972
25.0038	-5.52168	-9.50117
25.0138	-5.52564	-9.50513
25.0238	-5.52961	-9.5091
25.0338	-5.53357	-9.51306
25.0437	-5.53754	-9.51703
25.0537	-5.54151	-9.521
25.0637	-5.54548	-9.52497
25.0737	-5.54945	-9.52894
25.0836	-5.55342	-9.53291
25.0936	-5.55739	-9.53688
25.1036	-5.56136	-9.54085
25.1136	-5.56533	-9.54482
25.1236	-5.5693	-9.54879
25.1335	-5.57328	-9.55277
25.1435	-5.57725	-9.55674
25.1535	-5.58123	-9.56072
25.1635	-5.5852	-9.56469
25.1734	-5.58918	-9.56867
25.1834	-5.59315	-9.57265
25.1934	-5.59713	-9.57662
25.2034	-5.60111	-9.5806
25.2134	-5.60509	-9.58458
25.2233	-5.60907	-9.58856
25.2333	-5.61305	-9.59254
25.2433	-5.61703	-9.59652
25.2533	-5.62101	-9.6005
25.2632	-5.62499	-9.60449
25.2732	-5.62898	-9.60847
25.2832	-5.63296	-9.61245
25.2932	-5.63695	-9.61644
25.3032	-5.64093	-9.62042
25.3131	-5.64492	-9.62441
25.3231	-5.6489	-9.62839
25.3331	-5.65289	-9.63238
25.3431	-5.65688	-9.63637
25.353	-5.66087	-9.64036
25.363	-5.66486	-9.64435
25.373	-5.66885	-9.64834
25.383	-5.67284	-9.65233
25.3929	-5.67683	-9.65632
25.4029	-5.68082	-9.66031
25.4129	-5.68481	-9.6643
25.4229	-5.6888	-9.6683
25.4329	-5.6928	-9.67229
25.4428	-5.69679	-9.67628
25.4528	-5.70079	-9.68028
25.4628	-5.70478	-9.68427
25.4728	-5.70878	-9.68827
25.4827	-5.71278	-9.69227
25.4927	-5.71678	-9.69627
25.5027	-5.72077	-9.70026
25.5127	-5.72477	-9.70426
25.5227	-5.72877	-9.70826
25.5326	-5.73277	-9.71226
25.5426	-5.73677	-9.71626
25.5526	-5.74078	-9.72027
25.5626	-5.74478	-9.72427
25.5725	-5.74878	-9.72827
25.5825	-5.75278	-9.73228
25.5925	-5.75679	-9.73628
25.6025	-5.76079	-9.74028
25.6125	-5.7648	-9.74429
25.6224	-5.76881	-9.7483
25.6324	-5.77281	-9.7523
25.6424	-5.77682	-9.75631
25.6524	-5.78083	-9.76032
25.6623	-5.78484	-9.76433
25.6723	-5.78885	-9.76834
25.6823	-5.79286	-9.77235
25.6923	-5.79687	-9.77636
25.7023	-5.80088	-9.78037
25.7122	-5.80489	-9.78438
25.7222	-5.8089	-9.78839
25.7322	-5.81292	-9.79241
25.7422	-5.81693	-9.79642
25.7521	-5.82094	-9.80044
25.7621	-5.82496	-9.80445
25.7721	-5.82898	-9.80847
25.7821	-5.83299	-9.81248
25.792	-5.83701	-9.8165
25.802	-5.84103	-9.82052
25.812	-5.84505	-9.82454
25.822	-5.84906	-9.82855
25.832	-5.85308	-9.83257
25.8419	-5.8571	-9.83659
25.8519	-5.86112	-9.84062
25.8619	-5.86515	-9.84464
25.8719	-5.86917	-9.84866
25.8818	-5.87319	-9.85268
25.8918	-5.87721	-9.8567
25.9018	-5.88124	-9.86073
25.9118	-5.88526	-9.86475
25.9218	-5.88929	-9.86878
25.9317	-5.89331	-9.8728
25.9417	-5.89734	-9.87683
25.9517	-5.90137	-9.88086
25.9617	-5.90539	-9.88488
25.9716	-5.90942	-9.88891
25.9816	-5.91345	-9.89294
25.9916	-5.91748	-9.89697
26.0016	-5.92151	-9.901
26.0116	-5.92554	-9.90503
26.0215	-5.92957	-9.90906
26.0315	-5.9336	-9.9131
26.0415	-5.93764	-9.91713
26.0515	-5.94167	-9.92116
26.0614	-5.9457	-9.92519
26.0714	-5.94974	-9.92923
26.0814	-5.95377	-9.93326
26.0914	-5.95781	-9.9373
26.1014	-5.96184	-9.94133
26.1113	-5.96588	-9.94537
26.1213	-5.96992	-9.94941
26.1313	-5.97396	-9.95345
26.1413	-5.97799	-9.95749
26.1512	-5.98203	-9.96152
26.1612	-5.98607	-9.96556
26.1712	-5.99011	-9.9696
26.1812	-5.99415	-9.97365
26.1911	-5.9982	-9.97769
26.2011	-6.00224	-9.98173
26.2111	-6.00628	-9.98577
26.2211	-6.01032	-9.98981
26.2311	-6.01437	-9.99386
26.241	-6.01841	-9.9979
26.251	-6.02246	-10.0019
26.261	-6.0265	-10.006
26.271	-6.03055	-10.01
26.2809	-6.0346	-10.0141
26.2909	-6.03864	-10.0181
26.3009	-6.04269	-10.0222
26.3109	-6.04674	-10.0262
26.3209	-6.05079	-10.0303
26.3308	-6.05484	-10.0343
26.3408	-6.05889	-10.0384
26.3508	-6.06294	-10.0424
26.3608	-6.06699	-10.0465
26.3707	-6.07104	-10.0505
26.3807	-6.07509	-10.0546
26.3907	-6.07915	-10.0586
26.4007	-6.0832	-10.0627
26.4107	-6.08726	-10.0667
26.4206	-6.09131	-10.0708
26.4306	-6.09537	-10.0749
26.4406	-6.09942	-10.0789
26.4506	-6.10348	-10.083
26.4605	-6.10753	-10.087
26.4705	-6.11159	-10.0911
26.4805	-6.11565	-10.0951
26.4905	-6.11971	-10.0992
26.5005	-6.12377	-10.1033
26.5104	-6.12783	-10.1073
26.5204	-6.13189	-10.1114
26.5304	-6.13595	-10.1154
26.5404	-6.14001	-10.1195
26.5503	-6.14407	-10.1236
26.5603	-6.14814	-10.1276
26.5703	-6.1522	-10.1317
26.5803	-6.15626	-10.1358
26.5902	-6.16033	-10.1398
26.6002	-6.16439	-10.1439
26.6102	-6.16846	-10.1479
26.6202	-6.17252	-10.152
26.6302	-6.17659	-10.1561
26.6401	-6.18066	-10.1601
26.6501	-6.18472	-10.1642
26.6601	-6.18879	-10.1683
26.6701	-6.19286	-10.1724
26.68	-6.19693	-10.1764
26.69	-6.201	-10.1805
26.7	-6.20507	-10.1846
26.71	-6.20914	-10.1886
26.72	-6.21321	-10.1927
26.7299	-6.21729	-10.1968
26.7399	-6.22136	-10.2008
26.7499	-6.22543	-10.2049
26.7599	-6.2295	-10.209
26.7698	-6.23358	-10.2131
26.7798	-6.23765	-10.2171
26.7898	-6.24173	-10.2212
26.7998	-6.2458	-10.2253
26.8098	-6.24988	-10.2294
26.8197	-6.25396	-10.2334
26.8297	-6.25804	-10.2375
26.8397	-6.26211	-10.2416
26.8497	-6.26619	-10.2457
26.8596	-6.27027	-10.2498
26.8696	-6.27435	-10.2538
26.8796	-6.27843	-10.2579
26.8896	-6.28251	-10.262
26.8995	-6.28659	-10.2661
26.9095	-6.29067	-10.2702
26.9195	-6.29476	-10.2742
26.9295	-6.29884	-10.2783
26.9395	-6.30292	-10.2824
26.9494	-6.307	-10.2865
26.9594	-6.31109	-10.2906
26.9694	-6.31517	-10.2947
26.9794	-6.31926	-10.2987
26.9893	-6.32334	-10.3028
26.9993	-6.32743	-10.3069
27.0093	-6.33152	-10.311
27.0193	-6.3356	-10.3151
27.0293	-6.33969	-10.3192
27.0392	-6.34378	-10.3233
27.0492	-6.34787	-10.3274
27.0592	-6.35196	-10.3314
27.0692	-6.35605	-10.3355
27.0791	-6.36014	-10.3396
27.0891	-6.36423	-10.3437
27.0991	-6.36832	-10.3478
27.1091	-6.37241	-10.3519
27.1191	-6.37651	-10.356
27.129	-6.3806	-10.3601
27.139	-6.38469	-10.3642
27.149	-6.38879	-10.3683
27.159	-6.39288	-10.3724
27.1689	-6.39698	-10.3765
27.1789	-6.40107	-10.3806
27.1889	-6.40517	-10.3847
27.1989	-6.40926	-10.3888
27.2089	-6.41336	-10.3929
27.2188	-6.41746	-10.3969
27.2288	-6.42156	-10.401
27.2388	-6.42565	-10.4051
27.2488	-6.42975	-10.4092
27.2587	-6.43385	-10.4133
27.2687	-6.43795	-10.4174
27.2787	-6.44205	-10.4215
27.2887	-6.44615	-10.4256
27.2986	-6.45026	-10.4297
27.3086	-6.45436	-10.4338
27.3186	-6.45846	-10.4379
27.3286	-6.46256	-10.4421
27.3386	-6.46667	-10.4462
27.3485	-6.47077	-10.4503
27.3585	-6.47487	-10.4544
27.3685	-6.47898	-10.4585
27.3785	-6.48308	-10.4626
27.3884	-6.48719	-10.4667
27.3984	-6.4913	-10.4708
27.4084	-6.4954	-10.4749
27.4184	-6.49951	-10.479
27.4284	-6.50362	-10.4831
27.4383	-6.50773	-10.4872
27.4483	-6.51183	-10.4913
27.4583	-6.51594	-10.4954
27.4683	-6.52005	-10.4995
27.4782	-6.52416	-10.5037
27.4882	-6.52827	-10.5078
27.4982	-6.53238	-10.5119
27.5082	-6.5365	-10.516
27.5182	-6.54061	-10.5201
27.5281	-6.54472	-10.5242
27.5381	-6.54883	-10.5283
27.5481	-6.55295	-10.5324
27.5581	-6.55706	-10.5366
27.568	-6.56117	-10.5407
27.578	-6.56529	-10.5448
27.588	-6.5694	-10.5489
27.598	-6.57352	-10.553
27.608	-6.57764	-10.5571
27.6179	-6.58175	-10.5612
27.6279	-6.58587	-10.5654
27.6379	-6.58999	-10.5695
27.6479	-6.59411	-10.5736
27.6578	-6.59822	-10.5777
27.6678	-6.60234	-10.5818
27.6778	-6.60646	-10.586
27.6878	-6.61058	-10.5901
27.6977	-6.6147	-10.5942
27.7077	-6.61882	-10.5983
27.7177	-6.62295	-10.6024
27.7277	-6.62707	-10.6066
27.7377	-6.63119	-10.6107
27.7476	-6.63531	-10.6148
27.7576	-6.63943	-10.6189
27.7676	-6.64356	-10.623
27.7776	-6.64768	-10.6272
27.7875	-6.65181	-10.6313
27.7975	-6.65593	-10.6354
27.8075	-6.66006	-10.6395
27.8175	-6.66418	-10.6437
27.8275	-6.66831	-10.6478
27.8374	-6.67243	-10.6519
27.8474	-6.67656	-10.6561
27.8574	-6.68069	-10.6602
27.8674	-6.68482	-10.6643
27.8773	-6.68895	-10.6684
27.8873	-6.69307	-10.6726
27.8973	-6.6972	-10.6767
27.9073	-6.70133	-10.6808
27.9173	-6.70546	-10.685
27.9272	-6.70959	-10.6891
27.9372	-6.71373	-10.6932
27.9472	-6.71786	-10.6973
27.9572	-6.72199	-10.7015
27.9671	-6.72612	-10.7056
27.9771	-6.73025	-10.7097
27.9871	-6.73439	-10.7139
27.9971	-6.73852	-10.718
28.0071	-6.74265	-10.7221
28.017	-6.74679	-10.7263
28.027	-6.75092	-10.7304
28.037	-6.75506	-10.7345
28.047	-6.7592	-10.7387
28.0569	-6.76333	-10.7428
28.0669	-6.76747	-10.747
28.0769	-6.7716	-10.7511
28.0869	-6.77574	-10.7552
28.0968	-6.77988	-10.7594
28.1068	-6.78402	-10.7635
28.1168	-6.78816	-10.7676
28.1268	-6.7923	-10.7718
28.1368	-6.79644	-10.7759
28.1467	-6.80058	-10.7801
28.1567	-6.80472	-10.7842
28.1667	-6.80886	-10.7883
28.1767	-6.813	-10.7925
28.1866	-6.81714	-10.7966
28.1966	-6.82128	-10.8008
28.2066	-6.82542	-10.8049
28.2166	-6.82957	-10.8091
28.2266	-6.83371	-10.8132
28.2365	-6.83785	-10.8173
28.2465	-6.842	-10.8215
28.2565	-6.84614	-10.8256
28.2665	-6.85029	-10.8298
28.2764	-6.85443	-10.8339
28.2864	-6.85858	-10.8381
28.2964	-6.86273	-10.8422
28.3064	-6.86687	-10.8464
28.3164	-6.87102	-10.8505
28.3263	-6.87517	-10.8547
28.3363	-6.87931	-10.8588
28.3463	-6.88346	-10.863
28.3563	-6.88761	-10.8671
28.3662	-6.89176	-10.8713
28.3762	-6.89591	-10.8754
28.3862	-6.90006	-10.8795
28.3962	-6.90421	-10.8837
28.4062	-6.90836	-10.8879
28.4161	-6.91251	-10.892
28.4261	-6.91666	-10.8962
28.4361	-6.92081	-10.9003
28.4461	-6.92497	-10.9045
28.456	-6.92912	-10.9086
28.466	-6.93327	-10.9128
28.476	-6.93742	-10.9169
28.486	-6.94158	-10.9211
28.4959	-6.94573	-10.9252
28.5059	-6.94989	-10.9294
28.5159	-6.95404	-10.9335
28.5259	-6.9582	-10.9377
28.5359	-6.96235	-10.9418
28.5458	-6.96651	-10.946
28.5558	-6.97067	-10.9502
28.5658	-6.97482	-10.9543
28.5758	-6.97898	-10.9585
28.5857	-6.98314	-10.9626
28.5957	-6.9873	-10.9668
28.6057	-6.99145	-10.9709
28.6157	-6.99561	-10.9751
28.6257	-6.99977	-10.9793
28.6356	-7.00393	-10.9834
28.6456	-7.00809	-10.9876
28.6556	-7.01225	-10.9917
28.6656	-7.01641	-10.9959
28.6755	-7.02057	-11.0001
28.6855	-7.02473	-11.0042
28.6955	-7.0289	-11.0084
28.7055	-7.03306	-11.0125
28.7155	-7.03722	-11.0167
28.7254	-7.04138	-11.0209
28.7354	-7.04555	-11.025
28.7454	-7.04971	-11.0292
28.7554	-7.05387	-11.0334
28.7653	-7.05804	-11.0375
28.7753	-7.0622	-11.0417
28.7853	-7.06637	-11.0459
28.7953	-7.07053	-11.05
28.8053	-7.0747	-11.0542
28.8152	-7.07887	-11.0584
28.8252	-7.08303	-11.0625
28.8352	-7.0872	-11.0667
28.8452	-7.09137	-11.0709
28.8551	-7.09553	-11.075
28.8651	-7.0997	-11.0792
28.8751	-7.10387	-11.0834
28.8851	-7.10804	-11.0875
28.895	-7.11221	-11.0917
28.905	-7.11638	-11.0959
28.915	-7.12055	-11.1
28.925	-7.12472	-11.1042
28.935	-7.12889	-11.1084
28.9449	-7.13306	-11.1125
28.9549	-7.13723	-11.1167
28.9649	-7.1414	-11.1209
28.9749	-7.14557	-11.1251
28.9848	-7.14975	-11.1292
28.9948	-7.15392	-11.1334
29.0048	-7.15809	-11.1376
29.0148	-7.16226	-11.1418
29.0248	-7.16644	-11.1459
29.0347	-7.17061	-11.1501
29.0447	-7.17479	-11.1543
29.0547	-7.17896	-11.1585
29.0647	-7.18314	-11.1626
29.0746	-7.18731	-11.1668
29.0846	-7.19149	-11.171
29.0946	-7.19566	-11.1752
29.1046	-7.19984	-11.1793
29.1146	-7.20402	-11.1835
29.1245	-7.20819	-11.1877
29.1345	-7.21237	-11.1919
29.1445	-7.21655	-11.196
29.1545	-7.22073	-11.2002
29.1644	-7.22491	-11.2044
29.1744	-7.22908	-11.2086
29.1844	-7.23326	-11.2128
29.1944	-7.23744	-11.2169
29.2044	-7.24162	-11.2211
29.2143	-7.2458	-11.2253
29.2243	-7.24998	-11.2295
29.2343	-7.25416	-11.2337
29.2443	-7.25835	-11.2378
29.2542	-7.26253	-11.242
29.2642	-7.26671	-11.2462
29.2742	-7.27089	-11.2504
29.2842	-7.27507	-11.2546
29.2941	-7.27926	-11.2587
29.3041	-7.28344	-11.2629
29.3141	-7.28762	-11.2671
29.3241	-7.29181	-11.2713
29.3341	-7.29599	-11.2755
29.344	-7.30018	-11.2797
29.354	-7.30436	-11.2839
29.364	-7.30854	-11.288
29.374	-7.31273	-11.2922
29.3839	-7.31692	-11.2964
29.3939	-7.3211	-11.3006
29.4039	-7.32529	-11.3048
29.4139	-7.32947	-11.309
29.4239	-7.33366	-11.3132
29.4338	-7.33785	-11.3173
29.4438	-7.34204	-11.3215
29.4538	-7.34622	-11.3257
29.4638	-7.35041	-11.3299
29.4737	-7.3546	-11.3341
29.4837	-7.35879	-11.3383
29.4937	-7.36298	-11.3425
29.5037	-7.36717	-11.3467
29.5137	-7.37136	-11.3508
29.5236	-7.37555	-11.355
29.5336	-7.37974	-11.3592
29.5436	-7.38393	-11.3634
29.5536	-7.38812	-11.3676
29.5635	-7.39231	-11.3718
29.5735	-7.3965	-11.376
29.5835	-7.4007	-11.3802
29.5935	-7.40489	-11.3844
29.6035	-7.40908	-11.3886
29.6134	-7.41327	-11.3928
29.6234	-7.41747	-11.397
29.6334	-7.42166	-11.4012
29.6434	-7.42585	-11.4053
29.6533	-7.43005	-11.4095
29.6633	-7.43424	-11.4137
29.6733	-7.43844	-11.4179
29.6833	-7.44263	-11.4221
29.6932	-7.44683	-11.4263
29.7032	-7.45102	-11.4305
29.7132	-7.45522	-11.4347
29.7232	-7.45941	-11.4389
29.7332	-7.46361	-11.4431
29.7431	-7.46781	-11.4473
29.7531	-7.47201	-11.4515
29.7631	-7.4762	-11.4557
29.7731	-7.4804	-11.4599
29.783	-7.4846	-11.4641
29.793	-7.4888	-11.4683
29.803	-7.49299	-11.4725
29.813	-7.49719	-11.4767
29.823	-7.50139	-11.4809
29.8329	-7.50559	-11.4851
29.8429	-7.50979	-11.4893
29.8529	-7.51399	-11.4935
29.8629	-7.51819	-11.4977
29.8728	-7.52239	-11.5019
29.8828	-7.52659	-11.5061
29.8928	-7.53079	-11.5103
29.9028	-7.535	-11.5145
29.9128	-7.5392	-11.5187
29.9227	-7.5434	-11.5229
29.9327	-7.5476	-11.5271
29.9427	-7.5518	-11.5313
29.9527	-7.55601	-11.5355
29.9626	-7.56021	-11.5397
29.9726	-7.56441	-11.5439
29.9826	-7.56862	-11.5481
29.9926	-7.57282	-11.5523
30.0026	-7.57702	-11.5565
30.0125	-7.58123	-11.5607
30.0225	-7.58543	-11.5649
30.0325	-7.58964	-11.5691
30.0425	-7.59384	-11.5733
30.0524	-7.59805	-11.5775
30.0624	-7.60225	-11.5817
30.0724	-7.60646	-11.586
30.0824	-7.61067	-11.5902
30.0923	-7.61487	-11.5944
30.1023	-7.61908	-11.5986
30.1123	-7.62329	-11.6028
30.1223	-7.6275	-11.607
30.1323	-7.6317	-11.6112
30.1422	-7.63591	-11.6154
30.1522	-7.64012	-11.6196
30.1622	-7.64433	-11.6238
30.1722	-7.64854	-11.628
30.1821	-7.65274	-11.6322
30.1921	-7.65695	-11.6364
30.2021	-7.66116	-11.6407
30.2121	-7.66537	-11.6449
30.2221	-7.66958	-11.6491
30.232	-7.67379	-11.6533
30.242	-7.678	-11.6575
30.252	-7.68221	-11.6617
30.262	-7.68643	-11.6659
30.2719	-7.69064	-11.6701
30.2819	-7.69485	-11.6743
30.2919	-7.69906	-11.6786
30.3019	-7.70327	-11.6828
30.3119	-7.70748	-11.687
30.3218	-7.7117	-11.6912
30.3318	-7.71591	-11.6954
30.3418	-7.72012	-11.6996
30.3518	-7.72434	-11.7038
30.3617	-7.72855	-11.708
30.3717	-7.73276	-11.7123
30.3817	-7.73698	-11.7165
30.3917	-7.74119	-11.7207
30.4017	-7.74541	-11.7249
30.4116	-7.74962	-11.7291
30.4216	-7.75384	-11.7333
30.4316	-7.75805	-11.7375
30.4416	-7.76227	-11.7418
30.4515	-7.76648	-11.746
30.4615	-7.7707	-11.7502
30.4715	-7.77492	-11.7544
30.4815	-7.77913	-11.7586
30.4914	-7.78335	-11.7628
30.5014	-7.78757	-11.7671
30.5114	-7.79178	-11.7713
30.5214	-7.796	-11.7755
30.5314	-7.80022	-11.7797
30.5413	-7.80444	-11.7839
30.5513	-7.80865	-11.7881
30.5613	-7.81287	-11.7924
30.5713	-7.81709	-11.7966
30.5812	-7.82131	-11.8008
30.5912	-7.82553	-11.805
30.6012	-7.82975	-11.8092
30.6112	-7.83397	-11.8135
30.6212	-7.83819	-11.8177
30.6311	-7.84241	-11.8219
30.6411	-7.84663	-11.8261
30.6511	-7.85085	-11.8303
30.6611	-7.85507	-11.8346
30.671	-7.85929	-11.8388
30.681	-7.86351	-11.843
30.691	-7.86773	-11.8472
30.701	-7.87196	-11.8514
30.711	-7.87618	-11.8557
30.7209	-7.8804	-11.8599
30.7309	-7.88462	-11.8641
30.7409	-7.88884	-11.8683
30.7509	-7.89307	-11.8726
30.7608	-7.89729	-11.8768
30.7708	-7.90151	-11.881
30.7808	-7.90574	-11.8852
30.7908	-7.90996	-11.8895
30.8008	-7.91418	-11.8937
30.8107	-7.91841	-11.8979
30.8207	-7.92263	-11.9021
30.8307	-7.92686	-11.9063
30.8407	-7.93108	-11.9106
30.8506	-7.93531	-11.9148
30.8606	-7.93953	-11.919
30.8706	-7.94376	-11.9232
30.8806	-7.94798	-11.9275
30.8905	-7.95221	-11.9317
30.9005	-7.95643	-11.9359
30.9105	-7.96066	-11.9402
30.9205	-7.96489	-11.9444
30.9305	-7.96911	-11.9486
30.9404	-7.97334	-11.9528
30.9504	-7.97757	-11.9571
30.9604	-7.9818	-11.9613
30.9704	-7.98602	-11.9655
30.9803	-7.99025	-11.9697
30.9903	-7.99448	-11.974
31.0003	-7.99871	-11.9782
31.0103	-8.00294	-11.9824
31.0203	-8.00716	-11.9867
31.0302	-8.01139	-11.9909
31.0402	-8.01562	-11.9951
31.0502	-8.01985	-11.9993
31.0602	-8.02408	-12.0036
31.0701	-8.02831	-12.0078
31.0801	-8.03254	-12.012
31.0901	-8.03677	-12.0163
31.1001	-8.041	-12.0205
31.1101	-8.04523	-12.0247
31.12	-8.04946	-12.029
31.13	-8.05369	-12.0332
31.14	-8.05792	-12.0374
31.15	-8.06215	-12.0416
31.1599	-8.06638	-12.0459
31.1699	-8.07062	-12.0501
31.1799	-8.07485	-12.0543
31.1899	-8.07908	-12.0586
31.1998	-8.08331	-12.0628
31.2098	-8.08754	-12.067
31.2198	-8.09178	-12.0713
31.2298	-8.09601	-12.0755
31.2398	-8.10024	-12.0797
31.2497	-8.10448	-12.084
31.2597	-8.10871	-12.0882
31.2697	-8.11294	-12.0924
31.2797	-8.11718	-12.0967
31.2896	-8.12141	-12.1009
31.2996	-8.12564	-12.1051
31.3096	-8.12988	-12.1094
31.3196	-8.13411	-12.1136
31.3296	-8.13835	-12.1178
31.3395	-8.14258	-12.1221
31.3495	-8.14682	-12.1263
31.3595	-8.15105	-12.1305
31.3695	-8.15529	-12.1348
31.3794	-8.15952	-12.139
31.3894	-8.16376	-12.1432
31.3994	-8.16799	-12.1475
31.4094	-8.17223	-12.1517
31.4194	-8.17647	-12.156
31.4293	-8.1807	-12.1602
31.4393	-8.18494	-12.1644
31.4493	-8.18918	-12.1687
31.4593	-8.19341	-12.1729
31.4692	-8.19765	-12.1771
31.4792	-8.20189	-12.1814
31.4892	-8.20612	-12.1856
31.4992	-8.21036	-12.1899
31.5092	-8.2146	-12.1941
31.5191	-8.21884	-12.1983
31.5291	-8.22308	-12.2026
31.5391	-8.22731	-12.2068
31.5491	-8.23155	-12.211
31.559	-8.23579	-12.2153
31.569	-8.24003	-12.2195
31.579	-8.24427	-12.2238
31.589	-8.24851	-12.228
31.5989	-8.25275	-12.2322
31.6089	-8.25699	-12.2365
31.6189	-8.26123	-12.2407
31.6289	-8.26547	-12.245
31.6389	-8.26971	-12.2492
31.6488	-8.27395	-12.2534
31.6588	-8.27819	-12.2577
31.6688	-8.28243	-12.2619
31.6788	-8.28667	-12.2662
31.6887	-8.29091	-12.2704
31.6987	-8.29515	-12.2746
31.7087	-8.29939	-12.2789
31.7187	-8.30363	-12.2831
31.7287	-8.30787	-12.2874
31.7386	-8.31212	-12.2916
31.7486	-8.31636	-12.2958
31.7586	-8.3206	-12.3001
31.7686	-8.32484	-12.3043
31.7785	-8.32908	-12.3086
31.7885	-8.33333	-12.3128
31.7985	-8.33757	-12.3171
31.8085	-8.34181	-12.3213
31.8185	-8.34605	-12.3255
31.8284	-8.3503	-12.3298
31.8384	-8.35454	-12.334
31.8484	-8.35878	-12.3383
31.8584	-8.36303	-12.3425
31.8683	-8.36727	-12.3468
31.8783	-8.37152	-12.351
31.8883	-8.37576	-12.3552
31.8983	-8.38	-12.3595
31.9083	-8.38425	-12.3637
31.9182	-8.38849	-12.368
31.9282	-8.39274	-12.3722
31.9382	-8.39698	-12.3765
31.9482	-8.40123	-12.3807
31.9581	-8.40547	-12.385
31.9681	-8.40972	-12.3892
31.9781	-8.41396	-12.3935
31.9881	-8.41821	-12.3977
31.998	-8.42245	-12.4019
32.008	-8.4267	-12.4062
32.018	-8.43094	-12.4104
32.028	-8.43519	-12.4147
32.038	-8.43944	-12.4189
32.0479	-8.44368	-12.4232
32.0579	-8.44793	-12.4274
32.0679	-8.45218	-12.4317
32.0779	-8.45642	-12.4359
32.0878	-8.46067	-12.4402
32.0978	-8.46492	-12.4444
32.1078	-8.46916	-12.4487
32.1178	-8.47341	-12.4529
32.1278	-8.47766	-12.4571
32.1377	-8.4819	-12.4614
32.1477	-8.48615	-12.4656
32.1577	-8.4904	-12.4699
32.1677	-8.49465	-12.4741
32.1776	-8.4989	-12.4784
32.1876	-8.50314	-12.4826
32.1976	-8.50739	-12.4869
32.2076	-8.51164	-12.4911
32.2176	-8.51589	-12.4954
32.2275	-8.52014	-12.4996
32.2375	-8.52439	-12.5039
32.2475	-8.52864	-12.5081
32.2575	-8.53289	-12.5124
32.2674	-8.53713	-12.5166
32.2774	-8.54138	-12.5209
32.2874	-8.54563	-12.5251
32.2974	-8.54988	-12.5294
32.3074	-8.55413	-12.5336
32.3173	-8.55838	-12.5379
32.3273	-8.56263	-12.5421
32.3373	-8.56688	-12.5464
32.3473	-8.57113	-12.5506
32.3572	-8.57538	-12.5549
32.3672	-8.57963	-12.5591
32.3772	-8.58388	-12.5634
32.3872	-8.58813	-12.5676
32.3971	-8.59239	-12.5719
32.4071	-8.59664	-12.5761
32.4171	-8.60089	-12.5804
32.4271	-8.60514	-12.5846
32.4371	-8.60939	-12.5889
32.447	-8.61364	-12.5931
32.457	-8.61789	-12.5974
32.467	-8.62214	-12.6016
32.477	-8.6264	-12.6059
32.4869	-8.63065	-12.6101
32.4969	-8.6349	-12.6144
32.5069	-8.63915	-12.6186
32.5169	-8.6434	-12.6229
32.5269	-8.64766	-12.6271
32.5368	-8.65191	-12.6314
32.5468	-8.65616	-12.6357
32.5568	-8.66041	-12.6399
32.5668	-8.66467	-12.6442
32.5767	-8.66892	-12.6484
32.5867	-8.67317	-12.6527
32.5967	-8.67743	-12.6569
32.6067	-8.68168	-12.6612
32.6167	-8.68593	-12.6654
32.6266	-8.69019	-12.6697
32.6366	-8.69444	-12.6739
32.6466	-8.69869	-12.6782
32.6566	-8.70295	-12.6824
32.6665	-8.7072	-12.6867
32.6765	-8.71145	-12.6909
32.6865	-8.71571	-12.6952
32.6965	-8.71996	-12.6995
32.7065	-8.72422	-12.7037
32.7164	-8.72847	-12.708
32.7264	-8.73273	-12.7122
32.7364	-8.73698	-12.7165
32.7464	-8.74124	-12.7207
32.7563	-8.74549	-12.725
32.7663	-8.74974	-12.7292
32.7763	-8.754	-12.7335
32.7863	-8.75825	-12.7377
32.7962	-8.76251	-12.742
32.8062	-8.76677	-12.7463
32.8162	-8.77102	-12.7505
32.8262	-8.77528	-12.7548
32.8362	-8.77953	-12.759
32.8461	-8.78379	-12.7633
32.8561	-8.78804	-12.7675
32.8661	-8.7923	-12.7718
32.8761	-8.79655	-12.776
32.886	-8.80081	-12.7803
32.896	-8.80507	-12.7846
32.906	-8.80932	-12.7888
32.916	-8.81358	-12.7931
32.926	-8.81784	-12.7973
32.9359	-8.82209	-12.8016
32.9459	-8.82635	-12.8058
32.9559	-8.8306	-12.8101
32.9659	-8.83486	-12.8144
32.9758	-8.83912	-12.8186
32.9858	-8.84338	-12.8229
32.9958	-8.84763	-12.8271
33.0058	-8.85189	-12.8314
33.0158	-8.85615	-12.8356
33.0257	-8.8604	-12.8399
33.0357	-8.86466	-12.8442
33.0457	-8.86892	-12.8484
33.0557	-8.87318	-12.8527
33.0656	-8.87743	-12.8569
33.0756	-8.88169	-12.8612
33.0856	-8.88595	-12.8654
33.0956	-8.89021	-12.8697
33.1056	-8.89446	-12.874
33.1155	-8.89872	-12.8782
33.1255	-8.90298	-12.8825
33.1355	-8.90724	-12.8867
33.1455	-8.9115	-12.891
33.1554	-8.91576	-12.8952
33.1654	-8.92001	-12.8995
33.1754	-8.92427	-12.9038
33.1854	-8.92853	-12.908
33.1953	-8.93279	-12.9123
33.2053	-8.93705	-12.9165
33.2153	-8.94131	-12.9208
33.2253	-8.94557	-12.9251
33.2353	-8.94982	-12.9293
33.2452	-8.95408	-12.9336
33.2552	-8.95834	-12.9378
33.2652	-8.9626	-12.9421
33.2752	-8.96686	-12.9464
33.2851	-8.97112	-12.9506
33.2951	-8.97538	-12.9549
33.3051	-8.97964	-12.9591
33.3151	-8.9839	-12.9634
33.3251	-8.98816	-12.9676
33.335	-8.99242	-12.9719
33.345	-8.99668	-12.9762
33.355	-9.00094	-12.9804
33.365	-9.0052	-12.9847
33.3749	-9.00946	-12.9889
33.3849	-9.01372	-12.9932
33.3949	-9.01798	-12.9975
33.4049	-9.02224	-13.0017
33.4149	-9.0265	-13.006
33.4248	-9.03076	-13.0102
33.4348	-9.03502	-13.0145
33.4448	-9.03928	-13.0188
33.4548	-9.04354	-13.023
33.4647	-9.0478	-13.0273
33.4747	-9.05206	-13.0315
33.4847	-9.05632	-13.0358
33.4947	-9.06058	-13.0401
33.5047	-9.06484	-13.0443
33.5146	-9.0691	-13.0486
33.5246	-9.07336	-13.0529
33.5346	-9.07762	-13.0571
33.5446	-9.08188	-13.0614
33.5545	-9.08614	-13.0656
33.5645	-9.09041	-13.0699
33.5745	-9.09467	-13.0742
33.5845	-9.09893	-13.0784
33.5944	-9.10319	-13.0827
33.6044	-9.10745	-13.0869
33.6144	-9.11171	-13.0912
33.6244	-9.11597	-13.0955
33.6344	-9.12023	-13.0997
33.6443	-9.1245	-13.104
33.6543	-9.12876	-13.1082
33.6643	-9.13302	-13.1125
33.6743	-9.13728	-13.1168
33.6842	-9.14154	-13.121
33.6942	-9.1458	-13.1253
33.7042	-9.15007	-13.1296
33.7142	-9.15433	-13.1338
33.7242	-9.15859	-13.1381
33.7341	-9.16285	-13.1423
33.7441	-9.16711	-13.1466
33.7541	-9.17137	-13.1509
33.7641	-9.17564	-13.1551
33.774	-9.1799	-13.1594
33.784	-9.18416	-13.1637
33.794	-9.18842	-13.1679
33.804	-9.19269	-13.1722
33.814	-9.19695	-13.1764
33.8239	-9.20121	-13.1807
33.8339	-9.20547	-13.185
33.8439	-9.20973	-13.1892
33.8539	-9.214	-13.1935
33.8638	-9.21826	-13.1978
33.8738	-9.22252	-13.202
33.8838	-9.22678	-13.2063
33.8938	-9.23105	-13.2105
33.9038	-9.23531	-13.2148
33.9137	-9.23957	-13.2191
33.9237	-9.24384	-13.2233
33.9337	-9.2481	-13.2276
33.9437	-9.25236	-13.2319
33.9536	-9.25662	-13.2361
33.9636	-9.26089	-13.2404
33.9736	-9.26515	-13.2446
33.9836	-9.26941	-13.2489
33.9935	-9.27368	-13.2532
34.0035	-9.27794	-13.2574
34.0135	-9.2822	-13.2617
34.0235	-9.28646	-13.266
34.0335	-9.29073	-13.2702
34.0434	-9.29499	-13.2745
34.0534	-9.29925	-13.2787
34.0634	-9.30352	-13.283
34.0734	-9.30778	-13.2873
34.0833	-9.31204	-13.2915
34.0933	-9.31631	-13.2958
34.1033	-9.32057	-13.3001
34.1133	-9.32483	-13.3043
34.1233	-9.3291	-13.3086
34.1332	-9.33336	-13.3129
34.1432	-9.33762	-13.3171
34.1532	-9.34189	-13.3214
34.1632	-9.34615	-13.3256
34.1731	-9.35041	-13.3299
34.1831	-9.35468	-13.3342
34.1931	-9.35894	-13.3384
34.2031	-9.3632	-13.3427
34.2131	-9.36747	-13.347
34.223	-9.37173	-13.3512
34.233	-9.376	-13.3555
34.243	-9.38026	-13.3597
34.253	-9.38452	-13.364
34.2629	-9.38879	-13.3683
34.2729	-9.39305	-13.3725
34.2829	-9.39731	-13.3768
34.2929	-9.40158	-13.3811
34.3029	-9.40584	-13.3853
34.3128	-9.41011	-13.3896
34.3228	-9.41437	-13.3939
34.3328	-9.41863	-13.3981
34.3428	-9.4229	-13.4024
34.3527	-9.42716	-13.4067
34.3627	-9.43142	-13.4109
34.3727	-9.43569	-13.4152
34.3827	-9.43995	-13.4194
34.3926	-9.44422	-13.4237
34.4026	-9.44848	-13.428
34.4126	-9.45274	-13.4322
34.4226	-9.45701	-13.4365
34.4326	-9.46127	-13.4408
34.4425	-9.46554	-13.445
34.4525	-9.4698	-13.4493
34.4625	-9.47406	-13.4536
34.4725	-9.47833	-13.4578
34.4824	-9.48259	-13.4621
34.4924	-9.48686	-13.4663
34.5024	-9.49112	-13.4706
34.5124	-9.49538	-13.4749
34.5224	-9.49965	-13.4791
34.5323	-9.50391	-13.4834
34.5423	-9.50818	-13.4877
34.5523	-9.51244	-13.4919
34.5623	-9.51671	-13.4962
34.5722	-9.52097	-13.5005
34.5822	-9.52523	-13.5047
34.5922	-9.5295	-13.509
34.6022	-9.53376	-13.5133
34.6122	-9.53803	-13.5175
34.6221	-9.54229	-13.5218
34.6321	-9.54655	-13.526
34.6421	-9.55082	-13.5303
34.6521	-9.55508	-13.5346
34.662	-9.55935	-13.5388
34.672	-9.56361	-13.5431
34.682	-9.56788	-13.5474
34.692	-9.57214	-13.5516
34.702	-9.5764	-13.5559
34.7119	-9.58067	-13.5602
34.7219	-9.58493	-13.5644
34.7319	-9.5892	-13.5687
34.7419	-9.59346	-13.573
34.7518	-9.59772	-13.5772
34.7618	-9.60199	-13.5815
34.7718	-9.60625	-13.5857
34.7818	-9.61052	-13.59
34.7917	-9.61478	-13.5943
34.8017	-9.61905	-13.5985
34.8117	-9.62331	-13.6028
34.8217	-9.62757	-13.6071
34.8317	-9.63184	-13.6113
34.8416	-9.6361	-13.6156
34.8516	-9.64037	-13.6199
34.8616	-9.64463	-13.6241
34.8716	-9.64889	-13.6284
34.8815	-9.65316	-13.6326
34.8915	-9.65742	-13.6369
34.9015	-9.66169	-13.6412
34.9115	-9.66595	-13.6454
34.9215	-9.67022	-13.6497
34.9314	-9.67448	-13.654
34.9414	-9.67874	-13.6582
34.9514	-9.68301	-13.6625
34.9614	-9.68727	-13.6668
34.9713	-9.69154	-13.671
34.9813	-9.6958	-13.6753
34.9913	-9.70006	-13.6796
35.0013	-9.70433	-13.6838
35.0113	-9.70859	-13.6881
35.0212	-9.71286	-13.6923
35.0312	-9.71712	-13.6966
35.0412	-9.72138	-13.7009
35.0512	-9.72565	-13.7051
35.0611	-9.72991	-13.7094
35.0711	-9.73418	-13.7137
35.0811	-9.73844	-13.7179
35.0911	-9.7427	-13.7222
35.1011	-9.74697	-13.7265
35.111	-9.75123	-13.7307
35.121	-9.75549	-13.735
35.131	-9.75976	-13.7392
35.141	-9.76402	-13.7435
35.1509	-9.76829	-13.7478
35.1609	-9.77255	-13.752
35.1709	-9.77681	-13.7563
35.1809	-9.78108	-13.7606
35.1908	-9.78534	-13.7648
35.2008	-9.7896	-13.7691
35.2108	-9.79387	-13.7734
35.2208	-9.79813	-13.7776
35.2308	-9.8024	-13.7819
35.2407	-9.80666	-13.7861
35.2507	-9.81092	-13.7904
35.2607	-9.81519	-13.7947
35.2707	-9.81945	-13.7989
35.2806	-9.82371	-13.8032
35.2906	-9.82798	-13.8075
35.3006	-9.83224	-13.8117
35.3106	-9.8365	-13.816
35.3206	-9.84077	-13.8203
35.3305	-9.84503	-13.8245
35.3405	-9.84929	-13.8288
35.3505	-9.85356	-13.833
35.3605	-9.85782	-13.8373
35.3704	-9.86208	-13.8416
35.3804	-9.86635	-13.8458
35.3904	-9.87061	-13.8501
35.4004	-9.87487	-13.8544
35.4104	-9.87914	-13.8586
35.4203	-9.8834	-13.8629
35.4303	-9.88766	-13.8672
35.4403	-9.89193	-13.8714
35.4503	-9.89619	-13.8757
35.4602	-9.90045	-13.8799
35.4702	-9.90471	-13.8842
35.4802	-9.90898	-13.8885
35.4902	-9.91324	-13.8927
35.5002	-9.9175	-13.897
35.5101	-9.92177	-13.9013
35.5201	-9.92603	-13.9055
35.5301	-9.93029	-13.9098
35.5401	-9.93455	-13.914
35.55	-9.93882	-13.9183
35.56	-9.94308	-13.9226
35.57	-9.94734	-13.9268
35.58	-9.9516	-13.9311
35.5899	-9.95587	-13.9354
35.5999	-9.96013	-13.9396
35.6099	-9.96439	-13.9439
35.6199	-9.96865	-13.9481
35.6299	-9.97292	-13.9524
35.6398	-9.97718	-13.9567
35.6498	-9.98144	-13.9609
35.6598	-9.9857	-13.9652
35.6698	-9.98997	-13.9695
35.6797	-9.99423	-13.9737
35.6897	-9.99849	-13.978
35.6997	-10.0028	-13.9822
35.7097	-10.007	-13.9865
35.7197	-10.0113	-13.9908
35.7296	-10.0155	-13.995
35.7396	-10.0198	-13.9993
35.7496	-10.0241	-14.0036
35.7596	-10.0283	-14.0078
35.7695	-10.0326	-14.0121
35.7795	-10.0368	-14.0163
35.7895	-10.0411	-14.0206
35.7995	-10.0454	-14.0249
35.8095	-10.0496	-14.0291
35.8194	-10.0539	-14.0334
35.8294	-10.0582	-14.0376
35.8394	-10.0624	-14.0419
35.8494	-10.0667	-14.0462
35.8593	-10.0709	-14.0504
35.8693	-10.0752	-14.0547
35.8793	-10.0795	-14.059
35.8893	-10.0837	-14.0632
35.8992	-10.088	-14.0675
35.9092	-10.0922	-14.0717
35.9192	-10.0965	-14.076
35.9292	-10.1008	-14.0803
35.9392	-10.105	-14.0845
35.9491	-10.1093	-14.0888
35.9591	-10.1135	-14.093
35.9691	-10.1178	-14.0973
35.9791	-10.1221	-14.1016
35.989	-10.1263	-14.1058
35.999	-10.1306	-14.1101
36.009	-10.1349	-14.1143
36.019	-10.1391	-14.1186
36.029	-10.1434	-14.1229
36.0389	-10.1476	-14.1271
36.0489	-10.1519	-14.1314
36.0589	-10.1562	-14.1356
36.0689	-10.1604	-14.1399
36.0788	-10.1647	-14.1442
36.0888	-10.1689	-14.1484
36.0988	-10.1732	-14.1527
36.1088	-10.1775	-14.1569
36.1188	-10.1817	-14.1612
36.1287	-10.186	-14.1655
36.1387	-10.1902	-14.1697
36.1487	-10.1945	-14.174
36.1587	-10.1988	-14.1782
36.1686	-10.203	-14.1825
36.1786	-10.2073	-14.1868
36.1886	-10.2115	-14.191
36.1986	-10.2158	-14.1953
36.2086	-10.2201	-14.1995
36.2185	-10.2243	-14.2038
36.2285	-10.2286	-14.2081
36.2385	-10.2328	-14.2123
36.2485	-10.2371	-14.2166
36.2584	-10.2413	-14.2208
36.2684	-10.2456	-14.2251
36.2784	-10.2499	-14.2294
36.2884	-10.2541	-14.2336
36.2983	-10.2584	-14.2379
36.3083	-10.2626	-14.2421
36.3183	-10.2669	-14.2464
36.3283	-10.2712	-14.2506
36.3383	-10.2754	-14.2549
36.3482	-10.2797	-14.2592
36.3582	-10.2839	-14.2634
36.3682	-10.2882	-14.2677
36.3782	-10.2925	-14.2719
36.3881	-10.2967	-14.2762
36.3981	-10.301	-14.2805
36.4081	-10.3052	-14.2847
36.4181	-10.3095	-14.289
36.4281	-10.3137	-14.2932
36.438	-10.318	-14.2975
36.448	-10.3223	-14.3017
36.458	-10.3265	-14.306
36.468	-10.3308	-14.3103
36.4779	-10.335	-14.3145
36.4879	-10.3393	-14.3188
36.4979	-10.3435	-14.323
36.5079	-10.3478	-14.3273
36.5179	-10.3521	-14.3316
36.5278	-10.3563	-14.3358
36.5378	-10.3606	-14.3401
36.5478	-10.3648	-14.3443
36.5578	-10.3691	-14.3486
36.5677	-10.3733	-14.3528
36.5777	-10.3776	-14.3571
36.5877	-10.3819	-14.3613
36.5977	-10.3861	-14.3656
36.6077	-10.3904	-14.3699
36.6176	-10.3946	-14.3741
36.6276	-10.3989	-14.3784
36.6376	-10.4031	-14.3826
36.6476	-10.4074	-14.3869
36.6575	-10.4117	-14.3911
36.6675	-10.4159	-14.3954
36.6775	-10.4202	-14.3997
36.6875	-10.4244	-14.4039
36.6974	-10.4287	-14.4082
36.7074	-10.4329	-14.4124
36.7174	-10.4372	-14.4167
36.7274	-10.4414	-14.4209
36.7374	-10.4457	-14.4252
36.7473	-10.45	-14.4294
36.7573	-10.4542	-14.4337
36.7673	-10.4585	-14.438
36.7773	-10.4627	-14.4422
36.7872	-10.467	-14.4465
36.7972	-10.4712	-14.4507
36.8072	-10.4755	-14.455
36.8172	-10.4797	-14.4592
36.8272	-10.484	-14.4635
36.8371	-10.4883	-14.4677
36.8471	-10.4925	-14.472
36.8571	-10.4968	-14.4763
36.8671	-10.501	-14.4805
36.877	-10.5053	-14.4848
36.887	-10.5095	-14.489
36.897	-10.5138	-14.4933
36.907	-10.518	-14.4975
36.917	-10.5223	-14.5018
36.9269	-10.5265	-14.506
36.9369	-10.5308	-14.5103
36.9469	-10.535	-14.5145
36.9569	-10.5393	-14.5188
36.9668	-10.5436	-14.523
36.9768	-10.5478	-14.5273
36.9868	-10.5521	-14.5316
36.9968	-10.5563	-14.5358
37.0068	-10.5606	-14.5401
37.0167	-10.5648	-14.5443
37.0267	-10.5691	-14.5486
37.0367	-10.5733	-14.5528
37.0467	-10.5776	-14.5571
37.0566	-10.5818	-14.5613
37.0666	-10.5861	-14.5656
37.0766	-10.5903	-14.5698
37.0866	-10.5946	-14.5741
37.0965	-10.5988	-14.5783
37.1065	-10.6031	-14.5826
37.1165	-10.6073	-14.5868
37.1265	-10.6116	-14.5911
37.1365	-10.6159	-14.5953
37.1464	-10.6201	-14.5996
37.1564	-10.6244	-14.6038
37.1664	-10.6286	-14.6081
37.1764	-10.6329	-14.6123
37.1863	-10.6371	-14.6166
37.1963	-10.6414	-14.6209
37.2063	-10.6456	-14.6251
37.2163	-10.6499	-14.6294
37.2263	-10.6541	-14.6336
37.2362	-10.6584	-14.6379
37.2462	-10.6626	-14.6421
37.2562	-10.6669	-14.6464
37.2662	-10.6711	-14.6506
37.2761	-10.6754	-14.6549
37.2861	-10.6796	-14.6591
37.2961	-10.6839	-14.6634
37.3061	-10.6881	-14.6676
37.3161	-10.6924	-14.6719
37.326	-10.6966	-14.6761
37.336	-10.7009	-14.6804
37.346	-10.7051	-14.6846
37.356	-10.7094	-14.6889
37.3659	-10.7136	-14.6931
37.3759	-10.7179	-14.6974
37.3859	-10.7221	-14.7016
37.3959	-10.7264	-14.7059
37.4059	-10.7306	-14.7101
37.4158	-10.7349	-14.7144
37.4258	-10.7391	-14.7186
37.4358	-10.7434	-14.7229
37.4458	-10.7476	-14.7271
37.4557	-10.7519	-14.7314
37.4657	-10.7561	-14.7356
37.4757	-10.7604	-14.7398
37.4857	-10.7646	-14.7441
37.4956	-10.7689	-14.7483
37.5056	-10.7731	-14.7526
37.5156	-10.7774	-14.7568
37.5256	-10.7816	-14.7611
37.5356	-10.7858	-14.7653
37.5455	-10.7901	-14.7696
37.5555	-10.7943	-14.7738
37.5655	-10.7986	-14.7781
37.5755	-10.8028	-14.7823
37.5854	-10.8071	-14.7866
37.5954	-10.8113	-14.7908
37.6054	-10.8156	-14.7951
37.6154	-10.8198	-14.7993
37.6254	-10.8241	-14.8036
37.6353	-10.8283	-14.8078
37.6453	-10.8326	-14.8121
37.6553	-10.8368	-14.8163
37.6653	-10.8411	-14.8205
37.6752	-10.8453	-14.8248
37.6852	-10.8496	-14.829
37.6952	-10.8538	-14.8333
37.7052	-10.858	-14.8375
37.7152	-10.8623	-14.8418
37.7251	-10.8665	-14.846
37.7351	-10.8708	-14.8503
37.7451	-10.875	-14.8545
37.7551	-10.8793	-14.8588
37.765	-10.8835	-14.863
37.775	-10.8878	-14.8673
37.785	-10.892	-14.8715
37.795	-10.8963	-14.8757
37.805	-10.9005	-14.88
37.8149	-10.9047	-14.8842
37.8249	-10.909	-14.8885
37.8349	-10.9132	-14.8927
37.8449	-10.9175	-14.897
37.8548	-10.9217	-14.9012
37.8648	-10.926	-14.9055
37.8748	-10.9302	-14.9097
37.8848	-10.9344	-14.9139
37.8947	-10.9387	-14.9182
37.9047	-10.9429	-14.9224
37.9147	-10.9472	-14.9267
37.9247	-10.9514	-14.9309
37.9347	-10.9557	-14.9352
37.9446	-10.9599	-14.9394
37.9546	-10.9642	-14.9436
37.9646	-10.9684	-14.9479
37.9746	-10.9726	-14.9521
37.9845	-10.9769	-14.9564
37.9945	-10.9811	-14.9606
38.0045	-10.9854	-14.9649
38.0145	-10.9896	-14.9691
38.0245	-10.9938	-14.9733
38.0344	-10.9981	-14.9776
38.0444	-11.0023	-14.9818
38.0544	-11.0066	-14.9861
38.0644	-11.0108	-14.9903
38.0743	-11.0151	-14.9945
38.0843	-11.0193	-14.9988
38.0943	-11.0235	-15.003
38.1043	-11.0278	-15.0073
38.1143	-11.032	-15.0115
38.1242	-11.0363	-15.0158
38.1342	-11.0405	-15.02
38.1442	-11.0447	-15.0242
38.1542	-11.049	-15.0285
38.1641	-11.0532	-15.0327
38.1741	-11.0575	-15.037
38.1841	-11.0617	-15.0412
38.1941	-11.0659	-15.0454
38.2041	-11.0702	-15.0497
38.214	-11.0744	-15.0539
38.224	-11.0787	-15.0582
38.234	-11.0829	-15.0624
38.244	-11.0871	-15.0666
38.2539	-11.0914	-15.0709
38.2639	-11.0956	-15.0751
38.2739	-11.0999	-15.0793
38.2839	-11.1041	-15.0836
38.2938	-11.1083	-15.0878
38.3038	-11.1126	-15.0921
38.3138	-11.1168	-15.0963
38.3238	-11.1211	-15.1005
38.3338	-11.1253	-15.1048
38.3437	-11.1295	-15.109
38.3537	-11.1338	-15.1133
38.3637	-11.138	-15.1175
38.3737	-11.1422	-15.1217
38.3836	-11.1465	-15.126
38.3936	-11.1507	-15.1302
38.4036	-11.155	-15.1344
38.4136	-11.1592	-15.1387
38.4236	-11.1634	-15.1429
38.4335	-11.1677	-15.1472
38.4435	-11.1719	-15.1514
38.4535	-11.1761	-15.1556
38.4635	-11.1804	-15.1599
38.4734	-11.1846	-15.1641
38.4834	-11.1888	-15.1683
38.4934	-11.1931	-15.1726
38.5034	-11.1973	-15.1768
38.5134	-11.2016	-15.181
38.5233	-11.2058	-15.1853
38.5333	-11.21	-15.1895
38.5433	-11.2143	-15.1937
38.5533	-11.2185	-15.198
38.5632	-11.2227	-15.2022
38.5732	-11.227	-15.2065
38.5832	-11.2312	-15.2107
38.5932	-11.2354	-15.2149
38.6032	-11.2397	-15.2192
38.6131	-11.2439	-15.2234
38.6231	-11.2481	-15.2276
38.6331	-11.2524	-15.2319
38.6431	-11.2566	-15.2361
38.653	-11.2608	-15.2403
38.663	-11.2651	-15.2446
38.673	-11.2693	-15.2488
38.683	-11.2735	-15.253
38.6929	-11.2778	-15.2573
38.7029	-11.282	-15.2615
38.7129	-11.2862	-15.2657
38.7229	-11.2905	-15.27
38.7329	-11.2947	-15.2742
38.7428	-11.2989	-15.2784
38.7528	-11.3032	-15.2827
38.7628	-11.3074	-15.2869
38.7728	-11.3116	-15.2911
38.7827	-11.3159	-15.2953
38.7927	-11.3201	-15.2996
38.8027	-11.3243	-15.3038
38.8127	-11.3286	-15.308
38.8227	-11.3328	-15.3123
38.8326	-11.337	-15.3165
38.8426	-11.3412	-15.3207
38.8526	-11.3455	-15.325
38.8626	-11.3497	-15.3292
38.8725	-11.3539	-15.3334
38.8825	-11.3582	-15.3377
38.8925	-11.3624	-15.3419
38.9025	-11.3666	-15.3461
38.9125	-11.3709	-15.3503
38.9224	-11.3751	-15.3546
38.9324	-11.3793	-15.3588
38.9424	-11.3835	-15.363
38.9524	-11.3878	-15.3673
38.9623	-11.392	-15.3715
38.9723	-11.3962	-15.3757
38.9823	-11.4005	-15.3799
38.9923	-11.4047	-15.3842
39.0023	-11.4089	-15.3884
39.0122	-11.4131	-15.3926
39.0222	-11.4174	-15.3969
39.0322	-11.4216	-15.4011
39.0422	-11.4258	-15.4053
39.0521	-11.4301	-15.4095
39.0621	-11.4343	-15.4138
39.0721	-11.4385	-15.418
39.0821	-11.4427	-15.4222
39.092	-11.447	-15.4265
39.102	-11.4512	-15.4307
39.112	-11.4554	-15.4349
39.122	-11.4596	-15.4391
39.132	-11.4639	-15.4434
39.1419	-11.4681	-15.4476
39.1519	-11.4723	-15.4518
39.1619	-11.4765	-15.456
39.1719	-11.4808	-15.4603
39.1818	-11.485	-15.4645
39.1918	-11.4892	-15.4687
39.2018	-11.4934	-15.4729
39.2118	-11.4977	-15.4772
39.2218	-11.5019	-15.4814
39.2317	-11.5061	-15.4856
39.2417	-11.5103	-15.4898
39.2517	-11.5146	-15.4941
39.2617	-11.5188	-15.4983
39.2716	-11.523	-15.5025
39.2816	-11.5272	-15.5067
39.2916	-11.5315	-15.511
39.3016	-11.5357	-15.5152
39.3116	-11.5399	-15.5194
39.3215	-11.5441	-15.5236
39.3315	-11.5484	-15.5279
39.3415	-11.5526	-15.5321
39.3515	-11.5568	-15.5363
39.3614	-11.561	-15.5405
39.3714	-11.5653	-15.5447
39.3814	-11.5695	-15.549
39.3914	-11.5737	-15.5532
39.4014	-11.5779	-15.5574
39.4113	-11.5821	-15.5616
39.4213	-11.5864	-15.5659
39.4313	-11.5906	-15.5701
39.4413	-11.5948	-15.5743
39.4512	-11.599	-15.5785
39.4612	-11.6032	-15.5827
39.4712	-11.6075	-15.587
39.4812	-11.6117	-15.5912
39.4911	-11.6159	-15.5954
39.5011	-11.6201	-15.5996
39.5111	-11.6244	-15.6038
39.5211	-11.6286	-15.6081
39.5311	-11.6328	-15.6123
39.541	-11.637	-15.6165
39.551	-11.6412	-15.6207
39.561	-11.6454	-15.6249
39.571	-11.6497	-15.6292
39.5809	-11.6539	-15.6334
39.5909	-11.6581	-15.6376
39.6009	-11.6623	-15.6418
39.6109	-11.6665	-15.646
39.6209	-11.6708	-15.6503
39.6308	-11.675	-15.6545
39.6408	-11.6792	-15.6587
39.6508	-11.6834	-15.6629
39.6608	-11.6876	-15.6671
39.6707	-11.6918	-15.6713
39.6807	-11.6961	-15.6756
39.6907	-11.7003	-15.6798
39.7007	-11.7045	-15.684
39.7107	-11.7087	-15.6882
39.7206	-11.7129	-15.6924
39.7306	-11.7172	-15.6966
39.7406	-11.7214	-15.7009
39.7506	-11.7256	-15.7051
39.7605	-11.7298	-15.7093
39.7705	-11.734	-15.7135
39.7805	-11.7382	-15.7177
39.7905	-11.7424	-15.7219
39.8005	-11.7467	-15.7262
39.8104	-11.7509	-15.7304
39.8204	-11.7551	-15.7346
39.8304	-11.7593	-15.7388
39.8404	-11.7635	-15.743
39.8503	-11.7677	-15.7472
39.8603	-11.7719	-15.7514
39.8703	-11.7762	-15.7557
39.8803	-11.7804	-15.7599
39.8902	-11.7846	-15.7641
39.9002	-11.7888	-15.7683
39.9102	-11.793	-15.7725
39.9202	-11.7972	-15.7767
39.9302	-11.8014	-15.7809
39.9401	-11.8057	-15.7851
39.9501	-11.8099	-15.7894
39.9601	-11.8141	-15.7936
39.9701	-11.8183	-15.7978
39.98	-11.8225	-15.802
39.99	-11.8267	-15.8062
40	-11.8309	-15.8104
