Freq_GHz	Model_Norm_dB	Model_dBm_5mA
0.1	0	-3.97949
0.109977	-1.95438e-05	-3.97951
0.119955	-4.09449e-05	-3.97953
0.129932	-6.42034e-05	-3.97956
0.13991	-8.93192e-05	-3.97958
0.149887	-0.000116292	-3.97961
0.159865	-0.000145123	-3.97964
0.169842	-0.000175811	-3.97967
0.17982	-0.000208356	-3.9797
0.189797	-0.000242759	-3.97974
0.199775	-0.000279019	-3.97977
0.209752	-0.000317136	-3.97981
0.21973	-0.000357111	-3.97985
0.229707	-0.000398944	-3.97989
0.239685	-0.000442633	-3.97994
0.249662	-0.000488181	-3.97998
0.25964	-0.000535585	-3.98003
0.269617	-0.000584847	-3.98008
0.279595	-0.000635967	-3.98013
0.289572	-0.000688944	-3.98018
0.29955	-0.000743779	-3.98024
0.309527	-0.000800471	-3.98029
0.319505	-0.000859021	-3.98035
0.329482	-0.000919428	-3.98041
0.33946	-0.000981693	-3.98048
0.349437	-0.00104582	-3.98054
0.359415	-0.0011118	-3.98061
0.369392	-0.00117963	-3.98067
0.37937	-0.00124933	-3.98074
0.389347	-0.00132088	-3.98081
0.399325	-0.00139429	-3.98089
0.409302	-0.00146956	-3.98096
0.41928	-0.00154669	-3.98104
0.429257	-0.00162567	-3.98112
0.439235	-0.00170651	-3.9812
0.449212	-0.00178921	-3.98128
0.45919	-0.00187377	-3.98137
0.469167	-0.00196018	-3.98145
0.479145	-0.00204845	-3.98154
0.489122	-0.00213858	-3.98163
0.4991	-0.00223057	-3.98172
0.509077	-0.00232442	-3.98182
0.519055	-0.00242012	-3.98191
0.529032	-0.00251768	-3.98201
0.53901	-0.0026171	-3.98211
0.548987	-0.00271838	-3.98221
0.558965	-0.00282152	-3.98231
0.568942	-0.00292651	-3.98242
0.57892	-0.00303336	-3.98253
0.588897	-0.00314207	-3.98264
0.598875	-0.00325264	-3.98275
0.608852	-0.00336507	-3.98286
0.61883	-0.00347935	-3.98297
0.628807	-0.0035955	-3.98309
0.638785	-0.0037135	-3.98321
0.648762	-0.00383336	-3.98333
0.65874	-0.00395507	-3.98345
0.668717	-0.00407865	-3.98357
0.678695	-0.00420408	-3.9837
0.688672	-0.00433138	-3.98382
0.69865	-0.00446053	-3.98395
0.708627	-0.00459154	-3.98408
0.718605	-0.0047244	-3.98422
0.728582	-0.00485913	-3.98435
0.73856	-0.00499572	-3.98449
0.748537	-0.00513416	-3.98463
0.758515	-0.00527446	-3.98477
0.768492	-0.00541662	-3.98491
0.77847	-0.00556064	-3.98505
0.788447	-0.00570652	-3.9852
0.798425	-0.00585426	-3.98535
0.808402	-0.00600385	-3.9855
0.81838	-0.00615531	-3.98565
0.828357	-0.00630862	-3.9858
0.838335	-0.00646379	-3.98596
0.848312	-0.00662082	-3.98611
0.85829	-0.00677971	-3.98627
0.868267	-0.00694046	-3.98643
0.878245	-0.00710307	-3.9866
0.888222	-0.00726754	-3.98676
0.8982	-0.00743386	-3.98693
0.908177	-0.00760205	-3.9871
0.918155	-0.00777209	-3.98727
0.928132	-0.007944	-3.98744
0.93811	-0.00811776	-3.98761
0.948087	-0.00829338	-3.98779
0.958065	-0.00847087	-3.98796
0.968042	-0.00865021	-3.98814
0.97802	-0.00883141	-3.98832
0.987997	-0.00901447	-3.98851
0.997974	-0.00919939	-3.98869
1.00795	-0.00938617	-3.98888
1.01793	-0.00957481	-3.98907
1.02791	-0.00976531	-3.98926
1.03788	-0.00995766	-3.98945
1.04786	-0.0101519	-3.98965
1.05784	-0.010348	-3.98984
1.06782	-0.0105459	-3.99004
1.07779	-0.0107457	-3.99024
1.08777	-0.0109474	-3.99044
1.09775	-0.0111509	-3.99064
1.10773	-0.0113563	-3.99085
1.1177	-0.0115635	-3.99106
1.12768	-0.0117726	-3.99127
1.13766	-0.0119835	-3.99148
1.14764	-0.0121964	-3.99169
1.15761	-0.012411	-3.9919
1.16759	-0.0126276	-3.99212
1.17757	-0.012846	-3.99234
1.18755	-0.0130662	-3.99256
1.19752	-0.0132884	-3.99278
1.2075	-0.0135123	-3.99301
1.21748	-0.0137382	-3.99323
1.22746	-0.0139659	-3.99346
1.23743	-0.0141955	-3.99369
1.24741	-0.0144269	-3.99392
1.25739	-0.0146602	-3.99415
1.26737	-0.0148953	-3.99439
1.27734	-0.0151323	-3.99463
1.28732	-0.0153712	-3.99486
1.2973	-0.0156119	-3.99511
1.30728	-0.0158545	-3.99535
1.31725	-0.016099	-3.99559
1.32723	-0.0163453	-3.99584
1.33721	-0.0165934	-3.99609
1.34719	-0.0168435	-3.99634
1.35716	-0.0170954	-3.99659
1.36714	-0.0173491	-3.99684
1.37712	-0.0176048	-3.9971
1.3871	-0.0178622	-3.99736
1.39707	-0.0181216	-3.99761
1.40705	-0.0183828	-3.99788
1.41703	-0.0186459	-3.99814
1.42701	-0.0189108	-3.9984
1.43698	-0.0191776	-3.99867
1.44696	-0.0194462	-3.99894
1.45694	-0.0197167	-3.99921
1.46692	-0.0199891	-3.99948
1.47689	-0.0202634	-3.99976
1.48687	-0.0205395	-4.00003
1.49685	-0.0208174	-4.00031
1.50683	-0.0210973	-4.00059
1.5168	-0.0213789	-4.00087
1.52678	-0.0216625	-4.00116
1.53676	-0.0219479	-4.00144
1.54674	-0.0222352	-4.00173
1.55671	-0.0225243	-4.00202
1.56669	-0.0228153	-4.00231
1.57667	-0.0231082	-4.0026
1.58665	-0.0234029	-4.0029
1.59662	-0.0236995	-4.00319
1.6066	-0.023998	-4.00349
1.61658	-0.0242983	-4.00379
1.62656	-0.0246005	-4.00409
1.63653	-0.0249045	-4.0044
1.64651	-0.0252104	-4.0047
1.65649	-0.0255182	-4.00501
1.66647	-0.0258278	-4.00532
1.67644	-0.0261393	-4.00563
1.68642	-0.0264527	-4.00595
1.6964	-0.0267679	-4.00626
1.70638	-0.027085	-4.00658
1.71635	-0.027404	-4.0069
1.72633	-0.0277248	-4.00722
1.73631	-0.0280474	-4.00754
1.74629	-0.028372	-4.00787
1.75626	-0.0286984	-4.00819
1.76624	-0.0290267	-4.00852
1.77622	-0.0293568	-4.00885
1.7862	-0.0296888	-4.00918
1.79617	-0.0300227	-4.00952
1.80615	-0.0303584	-4.00985
1.81613	-0.030696	-4.01019
1.82611	-0.0310355	-4.01053
1.83608	-0.0313768	-4.01087
1.84606	-0.03172	-4.01121
1.85604	-0.032065	-4.01156
1.86602	-0.032412	-4.01191
1.87599	-0.0327607	-4.01225
1.88597	-0.0331114	-4.0126
1.89595	-0.0334639	-4.01296
1.90593	-0.0338183	-4.01331
1.9159	-0.0341745	-4.01367
1.92588	-0.0345327	-4.01403
1.93586	-0.0348926	-4.01439
1.94584	-0.0352545	-4.01475
1.95581	-0.0356182	-4.01511
1.96579	-0.0359838	-4.01548
1.97577	-0.0363512	-4.01584
1.98575	-0.0367205	-4.01621
1.99572	-0.0370917	-4.01659
2.0057	-0.0374647	-4.01696
2.01568	-0.0378396	-4.01733
2.02566	-0.0382164	-4.01771
2.03563	-0.038595	-4.01809
2.04561	-0.0389756	-4.01847
2.05559	-0.0393579	-4.01885
2.06557	-0.0397422	-4.01924
2.07554	-0.0401283	-4.01962
2.08552	-0.0405162	-4.02001
2.0955	-0.0409061	-4.0204
2.10548	-0.0412978	-4.02079
2.11545	-0.0416914	-4.02118
2.12543	-0.0420868	-4.02158
2.13541	-0.0424841	-4.02198
2.14539	-0.0428833	-4.02238
2.15536	-0.0432843	-4.02278
2.16534	-0.0436872	-4.02318
2.17532	-0.044092	-4.02359
2.1853	-0.0444987	-4.02399
2.19527	-0.0449072	-4.0244
2.20525	-0.0453176	-4.02481
2.21523	-0.0457298	-4.02522
2.22521	-0.0461439	-4.02564
2.23518	-0.0465599	-4.02605
2.24516	-0.0469778	-4.02647
2.25514	-0.0473975	-4.02689
2.26512	-0.0478191	-4.02731
2.27509	-0.0482426	-4.02774
2.28507	-0.0486679	-4.02816
2.29505	-0.0490951	-4.02859
2.30503	-0.0495242	-4.02902
2.315	-0.0499551	-4.02945
2.32498	-0.0503879	-4.02988
2.33496	-0.0508226	-4.03032
2.34494	-0.0512591	-4.03075
2.35491	-0.0516976	-4.03119
2.36489	-0.0521378	-4.03163
2.37487	-0.05258	-4.03207
2.38485	-0.053024	-4.03252
2.39482	-0.0534699	-4.03296
2.4048	-0.0539177	-4.03341
2.41478	-0.0543673	-4.03386
2.42476	-0.0548188	-4.03431
2.43473	-0.0552722	-4.03477
2.44471	-0.0557274	-4.03522
2.45469	-0.0561845	-4.03568
2.46467	-0.0566435	-4.03614
2.47464	-0.0571044	-4.0366
2.48462	-0.0575671	-4.03706
2.4946	-0.0580317	-4.03753
2.50458	-0.0584982	-4.03799
2.51455	-0.0589665	-4.03846
2.52453	-0.0594367	-4.03893
2.53451	-0.0599088	-4.0394
2.54449	-0.0603828	-4.03988
2.55446	-0.0608586	-4.04035
2.56444	-0.0613363	-4.04083
2.57442	-0.0618159	-4.04131
2.5844	-0.0622973	-4.04179
2.59437	-0.0627806	-4.04227
2.60435	-0.0632658	-4.04276
2.61433	-0.0637529	-4.04325
2.62431	-0.0642418	-4.04374
2.63428	-0.0647326	-4.04423
2.64426	-0.0652253	-4.04472
2.65424	-0.0657198	-4.04521
2.66422	-0.0662162	-4.04571
2.67419	-0.0667145	-4.04621
2.68417	-0.0672147	-4.04671
2.69415	-0.0677167	-4.04721
2.70413	-0.0682206	-4.04771
2.7141	-0.0687264	-4.04822
2.72408	-0.0692341	-4.04873
2.73406	-0.0697436	-4.04924
2.74404	-0.070255	-4.04975
2.75401	-0.0707683	-4.05026
2.76399	-0.0712834	-4.05078
2.77397	-0.0718005	-4.05129
2.78395	-0.0723194	-4.05181
2.79392	-0.0728401	-4.05233
2.8039	-0.0733628	-4.05286
2.81388	-0.0738873	-4.05338
2.82386	-0.0744137	-4.05391
2.83383	-0.074942	-4.05444
2.84381	-0.0754721	-4.05497
2.85379	-0.0760041	-4.0555
2.86377	-0.076538	-4.05603
2.87374	-0.0770738	-4.05657
2.88372	-0.0776115	-4.0571
2.8937	-0.078151	-4.05764
2.90368	-0.0786924	-4.05819
2.91365	-0.0792356	-4.05873
2.92363	-0.0797808	-4.05927
2.93361	-0.0803278	-4.05982
2.94359	-0.0808767	-4.06037
2.95356	-0.0814275	-4.06092
2.96354	-0.0819801	-4.06147
2.97352	-0.0825347	-4.06203
2.9835	-0.0830911	-4.06258
2.99347	-0.0836494	-4.06314
3.00345	-0.0842095	-4.0637
3.01343	-0.0847715	-4.06426
3.02341	-0.0853355	-4.06483
3.03338	-0.0859012	-4.06539
3.04336	-0.0864689	-4.06596
3.05334	-0.0870384	-4.06653
3.06332	-0.0876099	-4.0671
3.07329	-0.0881832	-4.06768
3.08327	-0.0887583	-4.06825
3.09325	-0.0893354	-4.06883
3.10323	-0.0899143	-4.06941
3.1132	-0.0904951	-4.06999
3.12318	-0.0910778	-4.07057
3.13316	-0.0916624	-4.07116
3.14314	-0.0922488	-4.07174
3.15311	-0.0928371	-4.07233
3.16309	-0.0934273	-4.07292
3.17307	-0.0940194	-4.07351
3.18305	-0.0946134	-4.07411
3.19302	-0.0952092	-4.0747
3.203	-0.0958069	-4.0753
3.21298	-0.0964065	-4.0759
3.22296	-0.097008	-4.0765
3.23293	-0.0976113	-4.0771
3.24291	-0.0982165	-4.07771
3.25289	-0.0988237	-4.07832
3.26287	-0.0994326	-4.07893
3.27284	-0.100044	-4.07954
3.28282	-0.100656	-4.08015
3.2928	-0.101271	-4.08076
3.30278	-0.101887	-4.08138
3.31275	-0.102506	-4.082
3.32273	-0.103126	-4.08262
3.33271	-0.103748	-4.08324
3.34269	-0.104372	-4.08387
3.35266	-0.104998	-4.08449
3.36264	-0.105626	-4.08512
3.37262	-0.106256	-4.08575
3.3826	-0.106887	-4.08638
3.39257	-0.107521	-4.08701
3.40255	-0.108156	-4.08765
3.41253	-0.108793	-4.08829
3.42251	-0.109432	-4.08893
3.43248	-0.110073	-4.08957
3.44246	-0.110716	-4.09021
3.45244	-0.111361	-4.09085
3.46242	-0.112007	-4.0915
3.47239	-0.112656	-4.09215
3.48237	-0.113306	-4.0928
3.49235	-0.113958	-4.09345
3.50233	-0.114613	-4.09411
3.5123	-0.115269	-4.09476
3.52228	-0.115927	-4.09542
3.53226	-0.116586	-4.09608
3.54224	-0.117248	-4.09674
3.55221	-0.117912	-4.0974
3.56219	-0.118577	-4.09807
3.57217	-0.119244	-4.09874
3.58215	-0.119914	-4.09941
3.59212	-0.120585	-4.10008
3.6021	-0.121258	-4.10075
3.61208	-0.121932	-4.10143
3.62206	-0.122609	-4.1021
3.63203	-0.123288	-4.10278
3.64201	-0.123968	-4.10346
3.65199	-0.124651	-4.10414
3.66197	-0.125335	-4.10483
3.67194	-0.126021	-4.10551
3.68192	-0.126709	-4.1062
3.6919	-0.127399	-4.10689
3.70188	-0.128091	-4.10758
3.71185	-0.128785	-4.10828
3.72183	-0.12948	-4.10897
3.73181	-0.130178	-4.10967
3.74179	-0.130877	-4.11037
3.75176	-0.131578	-4.11107
3.76174	-0.132282	-4.11177
3.77172	-0.132987	-4.11248
3.7817	-0.133693	-4.11319
3.79167	-0.134402	-4.1139
3.80165	-0.135113	-4.11461
3.81163	-0.135826	-4.11532
3.82161	-0.13654	-4.11603
3.83158	-0.137256	-4.11675
3.84156	-0.137975	-4.11747
3.85154	-0.138695	-4.11819
3.86152	-0.139417	-4.11891
3.87149	-0.140141	-4.11963
3.88147	-0.140866	-4.12036
3.89145	-0.141594	-4.12109
3.90143	-0.142324	-4.12182
3.9114	-0.143055	-4.12255
3.92138	-0.143788	-4.12328
3.93136	-0.144524	-4.12402
3.94134	-0.145261	-4.12475
3.95131	-0.146	-4.12549
3.96129	-0.146741	-4.12623
3.97127	-0.147483	-4.12698
3.98125	-0.148228	-4.12772
3.99122	-0.148975	-4.12847
4.0012	-0.149723	-4.12922
4.01118	-0.150473	-4.12997
4.02116	-0.151226	-4.13072
4.03113	-0.15198	-4.13147
4.04111	-0.152736	-4.13223
4.05109	-0.153494	-4.13299
4.06107	-0.154253	-4.13375
4.07104	-0.155015	-4.13451
4.08102	-0.155779	-4.13527
4.091	-0.156544	-4.13604
4.10098	-0.157311	-4.1368
4.11095	-0.158081	-4.13757
4.12093	-0.158852	-4.13835
4.13091	-0.159625	-4.13912
4.14089	-0.1604	-4.13989
4.15086	-0.161177	-4.14067
4.16084	-0.161955	-4.14145
4.17082	-0.162736	-4.14223
4.1808	-0.163518	-4.14301
4.19077	-0.164303	-4.1438
4.20075	-0.165089	-4.14458
4.21073	-0.165877	-4.14537
4.22071	-0.166667	-4.14616
4.23068	-0.167459	-4.14695
4.24066	-0.168253	-4.14775
4.25064	-0.169049	-4.14854
4.26062	-0.169846	-4.14934
4.27059	-0.170646	-4.15014
4.28057	-0.171447	-4.15094
4.29055	-0.172251	-4.15174
4.30053	-0.173056	-4.15255
4.3105	-0.173863	-4.15336
4.32048	-0.174672	-4.15417
4.33046	-0.175483	-4.15498
4.34044	-0.176295	-4.15579
4.35041	-0.17711	-4.1566
4.36039	-0.177927	-4.15742
4.37037	-0.178745	-4.15824
4.38035	-0.179565	-4.15906
4.39032	-0.180388	-4.15988
4.4003	-0.181212	-4.16071
4.41028	-0.182038	-4.16153
4.42026	-0.182866	-4.16236
4.43023	-0.183696	-4.16319
4.44021	-0.184527	-4.16402
4.45019	-0.185361	-4.16485
4.46017	-0.186197	-4.16569
4.47014	-0.187034	-4.16653
4.48012	-0.187873	-4.16737
4.4901	-0.188714	-4.16821
4.50008	-0.189558	-4.16905
4.51005	-0.190403	-4.1699
4.52003	-0.191249	-4.17074
4.53001	-0.192098	-4.17159
4.53998	-0.192949	-4.17244
4.54996	-0.193801	-4.17329
4.55994	-0.194656	-4.17415
4.56992	-0.195512	-4.17501
4.57989	-0.196371	-4.17586
4.58987	-0.197231	-4.17672
4.59985	-0.198093	-4.17759
4.60983	-0.198957	-4.17845
4.6198	-0.199823	-4.17932
4.62978	-0.20069	-4.18018
4.63976	-0.20156	-4.18105
4.64974	-0.202432	-4.18193
4.65971	-0.203305	-4.1828
4.66969	-0.20418	-4.18367
4.67967	-0.205058	-4.18455
4.68965	-0.205937	-4.18543
4.69962	-0.206818	-4.18631
4.7096	-0.207701	-4.18719
4.71958	-0.208586	-4.18808
4.72956	-0.209473	-4.18897
4.73953	-0.210361	-4.18985
4.74951	-0.211252	-4.19075
4.75949	-0.212144	-4.19164
4.76947	-0.213039	-4.19253
4.77944	-0.213935	-4.19343
4.78942	-0.214833	-4.19433
4.7994	-0.215733	-4.19523
4.80938	-0.216635	-4.19613
4.81935	-0.217539	-4.19703
4.82933	-0.218445	-4.19794
4.83931	-0.219352	-4.19885
4.84929	-0.220262	-4.19976
4.85926	-0.221173	-4.20067
4.86924	-0.222087	-4.20158
4.87922	-0.223002	-4.2025
4.8892	-0.223919	-4.20341
4.89917	-0.224838	-4.20433
4.90915	-0.225759	-4.20525
4.91913	-0.226682	-4.20618
4.92911	-0.227607	-4.2071
4.93908	-0.228534	-4.20803
4.94906	-0.229462	-4.20896
4.95904	-0.230393	-4.20989
4.96902	-0.231325	-4.21082
4.97899	-0.232259	-4.21175
4.98897	-0.233195	-4.21269
4.99895	-0.234134	-4.21363
5.00893	-0.235074	-4.21457
5.0189	-0.236015	-4.21551
5.02888	-0.236959	-4.21645
5.03886	-0.237905	-4.2174
5.04884	-0.238853	-4.21835
5.05881	-0.239802	-4.2193
5.06879	-0.240754	-4.22025
5.07877	-0.241707	-4.2212
5.08875	-0.242662	-4.22216
5.09872	-0.243619	-4.22311
5.1087	-0.244578	-4.22407
5.11868	-0.245539	-4.22503
5.12866	-0.246502	-4.226
5.13863	-0.247467	-4.22696
5.14861	-0.248434	-4.22793
5.15859	-0.249402	-4.2289
5.16857	-0.250373	-4.22987
5.17854	-0.251345	-4.23084
5.18852	-0.252319	-4.23181
5.1985	-0.253296	-4.23279
5.20848	-0.254274	-4.23377
5.21845	-0.255254	-4.23475
5.22843	-0.256236	-4.23573
5.23841	-0.257219	-4.23671
5.24839	-0.258205	-4.2377
5.25836	-0.259193	-4.23869
5.26834	-0.260182	-4.23968
5.27832	-0.261174	-4.24067
5.2883	-0.262167	-4.24166
5.29827	-0.263163	-4.24266
5.30825	-0.26416	-4.24365
5.31823	-0.265159	-4.24465
5.32821	-0.26616	-4.24565
5.33818	-0.267163	-4.24666
5.34816	-0.268168	-4.24766
5.35814	-0.269174	-4.24867
5.36812	-0.270183	-4.24968
5.37809	-0.271193	-4.25069
5.38807	-0.272206	-4.2517
5.39805	-0.27322	-4.25271
5.40803	-0.274237	-4.25373
5.418	-0.275255	-4.25475
5.42798	-0.276275	-4.25577
5.43796	-0.277297	-4.25679
5.44794	-0.278321	-4.25781
5.45791	-0.279347	-4.25884
5.46789	-0.280374	-4.25987
5.47787	-0.281404	-4.2609
5.48785	-0.282435	-4.26193
5.49782	-0.283469	-4.26296
5.5078	-0.284504	-4.264
5.51778	-0.285542	-4.26503
5.52776	-0.286581	-4.26607
5.53773	-0.287622	-4.26712
5.54771	-0.288665	-4.26816
5.55769	-0.28971	-4.2692
5.56767	-0.290757	-4.27025
5.57764	-0.291805	-4.2713
5.58762	-0.292856	-4.27235
5.5976	-0.293909	-4.2734
5.60758	-0.294963	-4.27446
5.61755	-0.29602	-4.27551
5.62753	-0.297078	-4.27657
5.63751	-0.298138	-4.27763
5.64749	-0.2992	-4.27869
5.65746	-0.300264	-4.27976
5.66744	-0.30133	-4.28082
5.67742	-0.302398	-4.28189
5.6874	-0.303468	-4.28296
5.69737	-0.30454	-4.28403
5.70735	-0.305613	-4.28511
5.71733	-0.306689	-4.28618
5.72731	-0.307766	-4.28726
5.73728	-0.308845	-4.28834
5.74726	-0.309927	-4.28942
5.75724	-0.31101	-4.2905
5.76722	-0.312095	-4.29159
5.77719	-0.313182	-4.29268
5.78717	-0.314271	-4.29376
5.79715	-0.315362	-4.29486
5.80713	-0.316455	-4.29595
5.8171	-0.317549	-4.29704
5.82708	-0.318646	-4.29814
5.83706	-0.319744	-4.29924
5.84704	-0.320845	-4.30034
5.85701	-0.321947	-4.30144
5.86699	-0.323051	-4.30254
5.87697	-0.324157	-4.30365
5.88695	-0.325266	-4.30476
5.89692	-0.326376	-4.30587
5.9069	-0.327487	-4.30698
5.91688	-0.328601	-4.30809
5.92686	-0.329717	-4.30921
5.93683	-0.330835	-4.31033
5.94681	-0.331954	-4.31145
5.95679	-0.333076	-4.31257
5.96677	-0.334199	-4.31369
5.97674	-0.335325	-4.31482
5.98672	-0.336452	-4.31595
5.9967	-0.337581	-4.31707
6.00668	-0.338712	-4.31821
6.01665	-0.339845	-4.31934
6.02663	-0.34098	-4.32047
6.03661	-0.342117	-4.32161
6.04659	-0.343255	-4.32275
6.05656	-0.344396	-4.32389
6.06654	-0.345539	-4.32503
6.07652	-0.346683	-4.32618
6.0865	-0.34783	-4.32732
6.09647	-0.348978	-4.32847
6.10645	-0.350128	-4.32962
6.11643	-0.35128	-4.33077
6.12641	-0.352435	-4.33193
6.13638	-0.353591	-4.33308
6.14636	-0.354748	-4.33424
6.15634	-0.355908	-4.3354
6.16632	-0.35707	-4.33656
6.17629	-0.358234	-4.33773
6.18627	-0.359399	-4.33889
6.19625	-0.360567	-4.34006
6.20623	-0.361736	-4.34123
6.2162	-0.362908	-4.3424
6.22618	-0.364081	-4.34357
6.23616	-0.365256	-4.34475
6.24614	-0.366433	-4.34593
6.25611	-0.367612	-4.34711
6.26609	-0.368793	-4.34829
6.27607	-0.369976	-4.34947
6.28605	-0.371161	-4.35065
6.29602	-0.372348	-4.35184
6.306	-0.373537	-4.35303
6.31598	-0.374727	-4.35422
6.32596	-0.37592	-4.35541
6.33593	-0.377114	-4.35661
6.34591	-0.37831	-4.3578
6.35589	-0.379509	-4.359
6.36587	-0.380709	-4.3602
6.37584	-0.381911	-4.3614
6.38582	-0.383115	-4.36261
6.3958	-0.384321	-4.36381
6.40578	-0.385529	-4.36502
6.41575	-0.386739	-4.36623
6.42573	-0.38795	-4.36744
6.43571	-0.389164	-4.36866
6.44569	-0.390379	-4.36987
6.45566	-0.391597	-4.37109
6.46564	-0.392816	-4.37231
6.47562	-0.394038	-4.37353
6.4856	-0.395261	-4.37475
6.49557	-0.396486	-4.37598
6.50555	-0.397713	-4.37721
6.51553	-0.398942	-4.37844
6.52551	-0.400173	-4.37967
6.53548	-0.401406	-4.3809
6.54546	-0.402641	-4.38213
6.55544	-0.403878	-4.38337
6.56542	-0.405116	-4.38461
6.57539	-0.406357	-4.38585
6.58537	-0.407599	-4.38709
6.59535	-0.408844	-4.38834
6.60533	-0.41009	-4.38958
6.6153	-0.411338	-4.39083
6.62528	-0.412588	-4.39208
6.63526	-0.413841	-4.39333
6.64524	-0.415095	-4.39459
6.65521	-0.416351	-4.39584
6.66519	-0.417608	-4.3971
6.67517	-0.418868	-4.39836
6.68515	-0.42013	-4.39962
6.69512	-0.421394	-4.40089
6.7051	-0.422659	-4.40215
6.71508	-0.423927	-4.40342
6.72506	-0.425196	-4.40469
6.73503	-0.426468	-4.40596
6.74501	-0.427741	-4.40723
6.75499	-0.429016	-4.40851
6.76497	-0.430293	-4.40979
6.77494	-0.431572	-4.41107
6.78492	-0.432853	-4.41235
6.7949	-0.434136	-4.41363
6.80488	-0.435421	-4.41491
6.81485	-0.436708	-4.4162
6.82483	-0.437997	-4.41749
6.83481	-0.439287	-4.41878
6.84479	-0.44058	-4.42007
6.85476	-0.441874	-4.42137
6.86474	-0.443171	-4.42266
6.87472	-0.444469	-4.42396
6.8847	-0.445769	-4.42526
6.89467	-0.447071	-4.42656
6.90465	-0.448376	-4.42787
6.91463	-0.449682	-4.42918
6.92461	-0.45099	-4.43048
6.93458	-0.4523	-4.43179
6.94456	-0.453611	-4.4331
6.95454	-0.454925	-4.43442
6.96452	-0.456241	-4.43573
6.97449	-0.457558	-4.43705
6.98447	-0.458878	-4.43837
6.99445	-0.460199	-4.43969
7.00443	-0.461523	-4.44102
7.0144	-0.462848	-4.44234
7.02438	-0.464175	-4.44367
7.03436	-0.465505	-4.445
7.04434	-0.466836	-4.44633
7.05431	-0.468169	-4.44766
7.06429	-0.469504	-4.449
7.07427	-0.470841	-4.45033
7.08425	-0.47218	-4.45167
7.09422	-0.47352	-4.45301
7.1042	-0.474863	-4.45436
7.11418	-0.476208	-4.4557
7.12416	-0.477554	-4.45705
7.13413	-0.478903	-4.4584
7.14411	-0.480253	-4.45975
7.15409	-0.481605	-4.4611
7.16407	-0.48296	-4.46245
7.17404	-0.484316	-4.46381
7.18402	-0.485674	-4.46517
7.194	-0.487034	-4.46653
7.20398	-0.488396	-4.46789
7.21395	-0.48976	-4.46925
7.22393	-0.491126	-4.47062
7.23391	-0.492494	-4.47199
7.24389	-0.493863	-4.47336
7.25386	-0.495235	-4.47473
7.26384	-0.496609	-4.4761
7.27382	-0.497984	-4.47748
7.2838	-0.499361	-4.47885
7.29377	-0.500741	-4.48023
7.30375	-0.502122	-4.48162
7.31373	-0.503505	-4.483
7.32371	-0.504891	-4.48438
7.33368	-0.506278	-4.48577
7.34366	-0.507667	-4.48716
7.35364	-0.509058	-4.48855
7.36362	-0.510451	-4.48994
7.37359	-0.511845	-4.49134
7.38357	-0.513242	-4.49274
7.39355	-0.514641	-4.49413
7.40353	-0.516041	-4.49553
7.4135	-0.517444	-4.49694
7.42348	-0.518848	-4.49834
7.43346	-0.520255	-4.49975
7.44344	-0.521663	-4.50116
7.45341	-0.523073	-4.50257
7.46339	-0.524486	-4.50398
7.47337	-0.5259	-4.50539
7.48335	-0.527316	-4.50681
7.49332	-0.528734	-4.50823
7.5033	-0.530154	-4.50965
7.51328	-0.531576	-4.51107
7.52326	-0.532999	-4.51249
7.53323	-0.534425	-4.51392
7.54321	-0.535853	-4.51535
7.55319	-0.537282	-4.51678
7.56317	-0.538714	-4.51821
7.57314	-0.540147	-4.51964
7.58312	-0.541583	-4.52108
7.5931	-0.54302	-4.52251
7.60308	-0.544459	-4.52395
7.61305	-0.545901	-4.52539
7.62303	-0.547344	-4.52684
7.63301	-0.548789	-4.52828
7.64299	-0.550236	-4.52973
7.65296	-0.551685	-4.53118
7.66294	-0.553136	-4.53263
7.67292	-0.554588	-4.53408
7.6829	-0.556043	-4.53554
7.69287	-0.5575	-4.53699
7.70285	-0.558958	-4.53845
7.71283	-0.560419	-4.53991
7.72281	-0.561881	-4.54137
7.73278	-0.563346	-4.54284
7.74276	-0.564812	-4.54431
7.75274	-0.56628	-4.54577
7.76272	-0.567751	-4.54724
7.77269	-0.569223	-4.54872
7.78267	-0.570697	-4.55019
7.79265	-0.572173	-4.55167
7.80263	-0.573651	-4.55314
7.8126	-0.575131	-4.55462
7.82258	-0.576613	-4.55611
7.83256	-0.578096	-4.55759
7.84254	-0.579582	-4.55908
7.85251	-0.58107	-4.56056
7.86249	-0.582559	-4.56205
7.87247	-0.584051	-4.56354
7.88245	-0.585544	-4.56504
7.89242	-0.587039	-4.56653
7.9024	-0.588537	-4.56803
7.91238	-0.590036	-4.56953
7.92236	-0.591537	-4.57103
7.93233	-0.59304	-4.57253
7.94231	-0.594545	-4.57404
7.95229	-0.596052	-4.57555
7.96227	-0.597561	-4.57705
7.97224	-0.599072	-4.57857
7.98222	-0.600585	-4.58008
7.9922	-0.602099	-4.58159
8.00218	-0.603616	-4.58311
8.01215	-0.605135	-4.58463
8.02213	-0.606655	-4.58615
8.03211	-0.608178	-4.58767
8.04209	-0.609702	-4.5892
8.05206	-0.611228	-4.59072
8.06204	-0.612757	-4.59225
8.07202	-0.614287	-4.59378
8.082	-0.615819	-4.59531
8.09197	-0.617353	-4.59685
8.10195	-0.618889	-4.59838
8.11193	-0.620427	-4.59992
8.12191	-0.621967	-4.60146
8.13188	-0.623509	-4.603
8.14186	-0.625052	-4.60455
8.15184	-0.626598	-4.60609
8.16182	-0.628146	-4.60764
8.17179	-0.629695	-4.60919
8.18177	-0.631247	-4.61074
8.19175	-0.6328	-4.61229
8.20173	-0.634355	-4.61385
8.2117	-0.635913	-4.61541
8.22168	-0.637472	-4.61697
8.23166	-0.639033	-4.61853
8.24164	-0.640596	-4.62009
8.25161	-0.642161	-4.62165
8.26159	-0.643728	-4.62322
8.27157	-0.645297	-4.62479
8.28155	-0.646868	-4.62636
8.29152	-0.648441	-4.62793
8.3015	-0.650015	-4.62951
8.31148	-0.651592	-4.63109
8.32146	-0.653171	-4.63266
8.33143	-0.654751	-4.63424
8.34141	-0.656334	-4.63583
8.35139	-0.657918	-4.63741
8.36137	-0.659504	-4.639
8.37134	-0.661093	-4.64059
8.38132	-0.662683	-4.64218
8.3913	-0.664275	-4.64377
8.40128	-0.665869	-4.64536
8.41125	-0.667465	-4.64696
8.42123	-0.669063	-4.64856
8.43121	-0.670663	-4.65016
8.44119	-0.672265	-4.65176
8.45116	-0.673868	-4.65336
8.46114	-0.675474	-4.65497
8.47112	-0.677082	-4.65658
8.4811	-0.678691	-4.65818
8.49107	-0.680303	-4.6598
8.50105	-0.681916	-4.66141
8.51103	-0.683532	-4.66303
8.52101	-0.685149	-4.66464
8.53098	-0.686768	-4.66626
8.54096	-0.688389	-4.66788
8.55094	-0.690013	-4.66951
8.56092	-0.691638	-4.67113
8.57089	-0.693265	-4.67276
8.58087	-0.694894	-4.67439
8.59085	-0.696524	-4.67602
8.60083	-0.698157	-4.67765
8.6108	-0.699792	-4.67929
8.62078	-0.701429	-4.68092
8.63076	-0.703067	-4.68256
8.64074	-0.704708	-4.6842
8.65071	-0.70635	-4.68584
8.66069	-0.707995	-4.68749
8.67067	-0.709641	-4.68913
8.68065	-0.711289	-4.69078
8.69062	-0.71294	-4.69243
8.7006	-0.714592	-4.69409
8.71058	-0.716246	-4.69574
8.72056	-0.717902	-4.6974
8.73053	-0.71956	-4.69905
8.74051	-0.72122	-4.70071
8.75049	-0.722882	-4.70238
8.76047	-0.724546	-4.70404
8.77044	-0.726211	-4.7057
8.78042	-0.727879	-4.70737
8.7904	-0.729549	-4.70904
8.80038	-0.73122	-4.71071
8.81035	-0.732894	-4.71239
8.82033	-0.734569	-4.71406
8.83031	-0.736246	-4.71574
8.84029	-0.737926	-4.71742
8.85026	-0.739607	-4.7191
8.86024	-0.74129	-4.72078
8.87022	-0.742975	-4.72247
8.8802	-0.744662	-4.72416
8.89017	-0.746351	-4.72584
8.90015	-0.748042	-4.72754
8.91013	-0.749735	-4.72923
8.92011	-0.75143	-4.73092
8.93008	-0.753126	-4.73262
8.94006	-0.754825	-4.73432
8.95004	-0.756525	-4.73602
8.96002	-0.758228	-4.73772
8.96999	-0.759932	-4.73943
8.97997	-0.761639	-4.74113
8.98995	-0.763347	-4.74284
8.99992	-0.765057	-4.74455
9.0099	-0.76677	-4.74626
9.01988	-0.768484	-4.74798
9.02986	-0.7702	-4.74969
9.03983	-0.771918	-4.75141
9.04981	-0.773638	-4.75313
9.05979	-0.77536	-4.75485
9.06977	-0.777083	-4.75658
9.07974	-0.778809	-4.7583
9.08972	-0.780537	-4.76003
9.0997	-0.782266	-4.76176
9.10968	-0.783998	-4.76349
9.11965	-0.785731	-4.76522
9.12963	-0.787467	-4.76696
9.13961	-0.789204	-4.7687
9.14959	-0.790943	-4.77044
9.15956	-0.792685	-4.77218
9.16954	-0.794428	-4.77392
9.17952	-0.796173	-4.77567
9.1895	-0.79792	-4.77741
9.19947	-0.799669	-4.77916
9.20945	-0.80142	-4.78091
9.21943	-0.803173	-4.78267
9.22941	-0.804927	-4.78442
9.23938	-0.806684	-4.78618
9.24936	-0.808443	-4.78794
9.25934	-0.810203	-4.7897
9.26932	-0.811966	-4.79146
9.27929	-0.81373	-4.79322
9.28927	-0.815497	-4.79499
9.29925	-0.817265	-4.79676
9.30923	-0.819035	-4.79853
9.3192	-0.820807	-4.8003
9.32918	-0.822582	-4.80207
9.33916	-0.824358	-4.80385
9.34914	-0.826136	-4.80563
9.35911	-0.827915	-4.80741
9.36909	-0.829697	-4.80919
9.37907	-0.831481	-4.81097
9.38905	-0.833267	-4.81276
9.39902	-0.835054	-4.81455
9.409	-0.836844	-4.81634
9.41898	-0.838636	-4.81813
9.42896	-0.840429	-4.81992
9.43893	-0.842224	-4.82172
9.44891	-0.844022	-4.82352
9.45889	-0.845821	-4.82531
9.46887	-0.847622	-4.82712
9.47884	-0.849425	-4.82892
9.48882	-0.85123	-4.83072
9.4988	-0.853037	-4.83253
9.50878	-0.854846	-4.83434
9.51875	-0.856657	-4.83615
9.52873	-0.85847	-4.83796
9.53871	-0.860285	-4.83978
9.54869	-0.862101	-4.84159
9.55866	-0.86392	-4.84341
9.56864	-0.86574	-4.84523
9.57862	-0.867563	-4.84706
9.5886	-0.869387	-4.84888
9.59857	-0.871213	-4.85071
9.60855	-0.873042	-4.85254
9.61853	-0.874872	-4.85437
9.62851	-0.876704	-4.8562
9.63848	-0.878538	-4.85803
9.64846	-0.880374	-4.85987
9.65844	-0.882212	-4.86171
9.66842	-0.884052	-4.86355
9.67839	-0.885894	-4.86539
9.68837	-0.887737	-4.86723
9.69835	-0.889583	-4.86908
9.70833	-0.89143	-4.87092
9.7183	-0.89328	-4.87277
9.72828	-0.895131	-4.87462
9.73826	-0.896985	-4.87648
9.74824	-0.89884	-4.87833
9.75821	-0.900697	-4.88019
9.76819	-0.902556	-4.88205
9.77817	-0.904417	-4.88391
9.78815	-0.90628	-4.88577
9.79812	-0.908145	-4.88764
9.8081	-0.910012	-4.88951
9.81808	-0.911881	-4.89137
9.82806	-0.913752	-4.89325
9.83803	-0.915624	-4.89512
9.84801	-0.917499	-4.89699
9.85799	-0.919376	-4.89887
9.86797	-0.921254	-4.90075
9.87794	-0.923134	-4.90263
9.88792	-0.925017	-4.90451
9.8979	-0.926901	-4.90639
9.90788	-0.928787	-4.90828
9.91785	-0.930675	-4.91017
9.92783	-0.932565	-4.91206
9.93781	-0.934457	-4.91395
9.94779	-0.936351	-4.91584
9.95776	-0.938247	-4.91774
9.96774	-0.940145	-4.91964
9.97772	-0.942044	-4.92154
9.9877	-0.943946	-4.92344
9.99767	-0.945849	-4.92534
10.0077	-0.947755	-4.92725
10.0176	-0.949662	-4.92916
10.0276	-0.951572	-4.93106
10.0376	-0.953483	-4.93298
10.0476	-0.955396	-4.93489
10.0575	-0.957311	-4.9368
10.0675	-0.959228	-4.93872
10.0775	-0.961147	-4.94064
10.0875	-0.963068	-4.94256
10.0974	-0.964991	-4.94448
10.1074	-0.966915	-4.94641
10.1174	-0.968842	-4.94834
10.1274	-0.970771	-4.95026
10.1374	-0.972701	-4.95219
10.1473	-0.974634	-4.95413
10.1573	-0.976568	-4.95606
10.1673	-0.978504	-4.958
10.1773	-0.980442	-4.95994
10.1872	-0.982383	-4.96188
10.1972	-0.984325	-4.96382
10.2072	-0.986269	-4.96576
10.2172	-0.988214	-4.96771
10.2272	-0.990162	-4.96966
10.2371	-0.992112	-4.97161
10.2471	-0.994064	-4.97356
10.2571	-0.996017	-4.97551
10.2671	-0.997973	-4.97747
10.277	-0.99993	-4.97942
10.287	-1.00189	-4.98138
10.297	-1.00385	-4.98334
10.307	-1.00581	-4.98531
10.317	-1.00778	-4.98727
10.3269	-1.00975	-4.98924
10.3369	-1.01172	-4.99121
10.3469	-1.01369	-4.99318
10.3569	-1.01566	-4.99515
10.3668	-1.01763	-4.99713
10.3768	-1.01961	-4.9991
10.3868	-1.02159	-5.00108
10.3968	-1.02357	-5.00306
10.4068	-1.02555	-5.00505
10.4167	-1.02754	-5.00703
10.4267	-1.02952	-5.00902
10.4367	-1.03151	-5.011
10.4467	-1.0335	-5.01299
10.4566	-1.03549	-5.01499
10.4666	-1.03749	-5.01698
10.4766	-1.03948	-5.01898
10.4866	-1.04148	-5.02097
10.4965	-1.04348	-5.02297
10.5065	-1.04548	-5.02498
10.5165	-1.04749	-5.02698
10.5265	-1.04949	-5.02899
10.5365	-1.0515	-5.03099
10.5464	-1.05351	-5.033
10.5564	-1.05552	-5.03501
10.5664	-1.05753	-5.03703
10.5764	-1.05955	-5.03904
10.5863	-1.06157	-5.04106
10.5963	-1.06358	-5.04308
10.6063	-1.06561	-5.0451
10.6163	-1.06763	-5.04712
10.6263	-1.06965	-5.04915
10.6362	-1.07168	-5.05117
10.6462	-1.07371	-5.0532
10.6562	-1.07574	-5.05523
10.6662	-1.07777	-5.05726
10.6761	-1.0798	-5.0593
10.6861	-1.08184	-5.06133
10.6961	-1.08388	-5.06337
10.7061	-1.08592	-5.06541
10.7161	-1.08796	-5.06745
10.726	-1.09001	-5.0695
10.736	-1.09205	-5.07154
10.746	-1.0941	-5.07359
10.756	-1.09615	-5.07564
10.7659	-1.0982	-5.07769
10.7759	-1.10025	-5.07975
10.7859	-1.10231	-5.0818
10.7959	-1.10437	-5.08386
10.8059	-1.10643	-5.08592
10.8158	-1.10849	-5.08798
10.8258	-1.11055	-5.09004
10.8358	-1.11261	-5.09211
10.8458	-1.11468	-5.09417
10.8557	-1.11675	-5.09624
10.8657	-1.11882	-5.09831
10.8757	-1.12089	-5.10039
10.8857	-1.12297	-5.10246
10.8956	-1.12504	-5.10454
10.9056	-1.12712	-5.10662
10.9156	-1.1292	-5.1087
10.9256	-1.13129	-5.11078
10.9356	-1.13337	-5.11286
10.9455	-1.13546	-5.11495
10.9555	-1.13754	-5.11704
10.9655	-1.13963	-5.11913
10.9755	-1.14172	-5.12122
10.9854	-1.14382	-5.12331
10.9954	-1.14591	-5.12541
11.0054	-1.14801	-5.1275
11.0154	-1.15011	-5.1296
11.0254	-1.15221	-5.13171
11.0353	-1.15432	-5.13381
11.0453	-1.15642	-5.13591
11.0553	-1.15853	-5.13802
11.0653	-1.16064	-5.14013
11.0752	-1.16275	-5.14224
11.0852	-1.16486	-5.14435
11.0952	-1.16697	-5.14647
11.1052	-1.16909	-5.14858
11.1152	-1.17121	-5.1507
11.1251	-1.17333	-5.15282
11.1351	-1.17545	-5.15495
11.1451	-1.17758	-5.15707
11.1551	-1.1797	-5.1592
11.165	-1.18183	-5.16132
11.175	-1.18396	-5.16345
11.185	-1.18609	-5.16559
11.195	-1.18823	-5.16772
11.205	-1.19036	-5.16985
11.2149	-1.1925	-5.17199
11.2249	-1.19464	-5.17413
11.2349	-1.19678	-5.17627
11.2449	-1.19892	-5.17842
11.2548	-1.20107	-5.18056
11.2648	-1.20322	-5.18271
11.2748	-1.20536	-5.18486
11.2848	-1.20752	-5.18701
11.2947	-1.20967	-5.18916
11.3047	-1.21182	-5.19132
11.3147	-1.21398	-5.19347
11.3247	-1.21614	-5.19563
11.3347	-1.2183	-5.19779
11.3446	-1.22046	-5.19995
11.3546	-1.22262	-5.20212
11.3646	-1.22479	-5.20428
11.3746	-1.22696	-5.20645
11.3845	-1.22913	-5.20862
11.3945	-1.2313	-5.21079
11.4045	-1.23347	-5.21297
11.4145	-1.23565	-5.21514
11.4245	-1.23783	-5.21732
11.4344	-1.24001	-5.2195
11.4444	-1.24219	-5.22168
11.4544	-1.24437	-5.22386
11.4644	-1.24656	-5.22605
11.4743	-1.24874	-5.22824
11.4843	-1.25093	-5.23043
11.4943	-1.25312	-5.23262
11.5043	-1.25532	-5.23481
11.5143	-1.25751	-5.237
11.5242	-1.25971	-5.2392
11.5342	-1.2619	-5.2414
11.5442	-1.26411	-5.2436
11.5542	-1.26631	-5.2458
11.5641	-1.26851	-5.248
11.5741	-1.27072	-5.25021
11.5841	-1.27293	-5.25242
11.5941	-1.27514	-5.25463
11.6041	-1.27735	-5.25684
11.614	-1.27956	-5.25905
11.624	-1.28178	-5.26127
11.634	-1.28399	-5.26349
11.644	-1.28621	-5.26571
11.6539	-1.28843	-5.26793
11.6639	-1.29066	-5.27015
11.6739	-1.29288	-5.27237
11.6839	-1.29511	-5.2746
11.6938	-1.29734	-5.27683
11.7038	-1.29957	-5.27906
11.7138	-1.3018	-5.28129
11.7238	-1.30403	-5.28353
11.7338	-1.30627	-5.28576
11.7437	-1.30851	-5.288
11.7537	-1.31075	-5.29024
11.7637	-1.31299	-5.29248
11.7737	-1.31523	-5.29473
11.7836	-1.31748	-5.29697
11.7936	-1.31973	-5.29922
11.8036	-1.32198	-5.30147
11.8136	-1.32423	-5.30372
11.8236	-1.32648	-5.30598
11.8335	-1.32874	-5.30823
11.8435	-1.33099	-5.31049
11.8535	-1.33325	-5.31275
11.8635	-1.33551	-5.31501
11.8734	-1.33778	-5.31727
11.8834	-1.34004	-5.31953
11.8934	-1.34231	-5.3218
11.9034	-1.34458	-5.32407
11.9134	-1.34685	-5.32634
11.9233	-1.34912	-5.32861
11.9333	-1.35139	-5.33089
11.9433	-1.35367	-5.33316
11.9533	-1.35595	-5.33544
11.9632	-1.35823	-5.33772
11.9732	-1.36051	-5.34
11.9832	-1.36279	-5.34228
11.9932	-1.36508	-5.34457
12.0032	-1.36736	-5.34686
12.0131	-1.36965	-5.34915
12.0231	-1.37194	-5.35144
12.0331	-1.37424	-5.35373
12.0431	-1.37653	-5.35602
12.053	-1.37883	-5.35832
12.063	-1.38113	-5.36062
12.073	-1.38343	-5.36292
12.083	-1.38573	-5.36522
12.0929	-1.38803	-5.36753
12.1029	-1.39034	-5.36983
12.1129	-1.39265	-5.37214
12.1229	-1.39496	-5.37445
12.1329	-1.39727	-5.37676
12.1428	-1.39958	-5.37908
12.1528	-1.4019	-5.38139
12.1628	-1.40421	-5.38371
12.1728	-1.40653	-5.38603
12.1827	-1.40885	-5.38835
12.1927	-1.41118	-5.39067
12.2027	-1.4135	-5.393
12.2127	-1.41583	-5.39532
12.2227	-1.41816	-5.39765
12.2326	-1.42049	-5.39998
12.2426	-1.42282	-5.40231
12.2526	-1.42515	-5.40465
12.2626	-1.42749	-5.40698
12.2725	-1.42983	-5.40932
12.2825	-1.43217	-5.41166
12.2925	-1.43451	-5.414
12.3025	-1.43685	-5.41635
12.3125	-1.4392	-5.41869
12.3224	-1.44155	-5.42104
12.3324	-1.4439	-5.42339
12.3424	-1.44625	-5.42574
12.3524	-1.4486	-5.42809
12.3623	-1.45095	-5.43045
12.3723	-1.45331	-5.4328
12.3823	-1.45567	-5.43516
12.3923	-1.45803	-5.43752
12.4023	-1.46039	-5.43989
12.4122	-1.46276	-5.44225
12.4222	-1.46512	-5.44462
12.4322	-1.46749	-5.44698
12.4422	-1.46986	-5.44935
12.4521	-1.47223	-5.45172
12.4621	-1.4746	-5.4541
12.4721	-1.47698	-5.45647
12.4821	-1.47936	-5.45885
12.492	-1.48174	-5.46123
12.502	-1.48412	-5.46361
12.512	-1.4865	-5.46599
12.522	-1.48888	-5.46838
12.532	-1.49127	-5.47076
12.5419	-1.49366	-5.47315
12.5519	-1.49605	-5.47554
12.5619	-1.49844	-5.47793
12.5719	-1.50084	-5.48033
12.5818	-1.50323	-5.48272
12.5918	-1.50563	-5.48512
12.6018	-1.50803	-5.48752
12.6118	-1.51043	-5.48992
12.6218	-1.51283	-5.49233
12.6317	-1.51524	-5.49473
12.6417	-1.51764	-5.49714
12.6517	-1.52005	-5.49955
12.6617	-1.52246	-5.50196
12.6716	-1.52488	-5.50437
12.6816	-1.52729	-5.50678
12.6916	-1.52971	-5.5092
12.7016	-1.53213	-5.51162
12.7116	-1.53455	-5.51404
12.7215	-1.53697	-5.51646
12.7315	-1.53939	-5.51888
12.7415	-1.54182	-5.52131
12.7515	-1.54424	-5.52374
12.7614	-1.54667	-5.52617
12.7714	-1.5491	-5.5286
12.7814	-1.55154	-5.53103
12.7914	-1.55397	-5.53347
12.8014	-1.55641	-5.5359
12.8113	-1.55885	-5.53834
12.8213	-1.56129	-5.54078
12.8313	-1.56373	-5.54322
12.8413	-1.56617	-5.54567
12.8512	-1.56862	-5.54811
12.8612	-1.57107	-5.55056
12.8712	-1.57352	-5.55301
12.8812	-1.57597	-5.55546
12.8911	-1.57842	-5.55791
12.9011	-1.58088	-5.56037
12.9111	-1.58333	-5.56283
12.9211	-1.58579	-5.56529
12.9311	-1.58825	-5.56775
12.941	-1.59072	-5.57021
12.951	-1.59318	-5.57267
12.961	-1.59565	-5.57514
12.971	-1.59811	-5.57761
12.9809	-1.60058	-5.58008
12.9909	-1.60306	-5.58255
13.0009	-1.60553	-5.58502
13.0109	-1.608	-5.5875
13.0209	-1.61048	-5.58998
13.0308	-1.61296	-5.59245
13.0408	-1.61544	-5.59494
13.0508	-1.61792	-5.59742
13.0608	-1.62041	-5.5999
13.0707	-1.6229	-5.60239
13.0807	-1.62538	-5.60488
13.0907	-1.62787	-5.60737
13.1007	-1.63037	-5.60986
13.1107	-1.63286	-5.61235
13.1206	-1.63536	-5.61485
13.1306	-1.63785	-5.61735
13.1406	-1.64035	-5.61985
13.1506	-1.64285	-5.62235
13.1605	-1.64536	-5.62485
13.1705	-1.64786	-5.62735
13.1805	-1.65037	-5.62986
13.1905	-1.65288	-5.63237
13.2005	-1.65539	-5.63488
13.2104	-1.6579	-5.63739
13.2204	-1.66041	-5.63991
13.2304	-1.66293	-5.64242
13.2404	-1.66545	-5.64494
13.2503	-1.66797	-5.64746
13.2603	-1.67049	-5.64998
13.2703	-1.67301	-5.6525
13.2803	-1.67554	-5.65503
13.2902	-1.67806	-5.65756
13.3002	-1.68059	-5.66008
13.3102	-1.68312	-5.66262
13.3202	-1.68565	-5.66515
13.3302	-1.68819	-5.66768
13.3401	-1.69072	-5.67022
13.3501	-1.69326	-5.67276
13.3601	-1.6958	-5.67529
13.3701	-1.69834	-5.67784
13.38	-1.70089	-5.68038
13.39	-1.70343	-5.68292
13.4	-1.70598	-5.68547
13.41	-1.70853	-5.68802
13.42	-1.71108	-5.69057
13.4299	-1.71363	-5.69312
13.4399	-1.71618	-5.69568
13.4499	-1.71874	-5.69823
13.4599	-1.7213	-5.70079
13.4698	-1.72386	-5.70335
13.4798	-1.72642	-5.70591
13.4898	-1.72898	-5.70848
13.4998	-1.73155	-5.71104
13.5098	-1.73411	-5.71361
13.5197	-1.73668	-5.71618
13.5297	-1.73925	-5.71875
13.5397	-1.74183	-5.72132
13.5497	-1.7444	-5.72389
13.5596	-1.74698	-5.72647
13.5696	-1.74955	-5.72905
13.5796	-1.75213	-5.73163
13.5896	-1.75472	-5.73421
13.5995	-1.7573	-5.73679
13.6095	-1.75988	-5.73938
13.6195	-1.76247	-5.74196
13.6295	-1.76506	-5.74455
13.6395	-1.76765	-5.74714
13.6494	-1.77024	-5.74974
13.6594	-1.77284	-5.75233
13.6694	-1.77543	-5.75493
13.6794	-1.77803	-5.75752
13.6893	-1.78063	-5.76012
13.6993	-1.78323	-5.76272
13.7093	-1.78583	-5.76533
13.7193	-1.78844	-5.76793
13.7293	-1.79105	-5.77054
13.7392	-1.79366	-5.77315
13.7492	-1.79627	-5.77576
13.7592	-1.79888	-5.77837
13.7692	-1.80149	-5.78099
13.7791	-1.80411	-5.7836
13.7891	-1.80673	-5.78622
13.7991	-1.80934	-5.78884
13.8091	-1.81197	-5.79146
13.8191	-1.81459	-5.79408
13.829	-1.81721	-5.79671
13.839	-1.81984	-5.79933
13.849	-1.82247	-5.80196
13.859	-1.8251	-5.80459
13.8689	-1.82773	-5.80722
13.8789	-1.83037	-5.80986
13.8889	-1.833	-5.81249
13.8989	-1.83564	-5.81513
13.9089	-1.83828	-5.81777
13.9188	-1.84092	-5.82041
13.9288	-1.84356	-5.82305
13.9388	-1.84621	-5.8257
13.9488	-1.84885	-5.82835
13.9587	-1.8515	-5.83099
13.9687	-1.85415	-5.83364
13.9787	-1.8568	-5.8363
13.9887	-1.85946	-5.83895
13.9986	-1.86211	-5.8416
14.0086	-1.86477	-5.84426
14.0186	-1.86743	-5.84692
14.0286	-1.87009	-5.84958
14.0386	-1.87275	-5.85224
14.0485	-1.87542	-5.85491
14.0585	-1.87808	-5.85757
14.0685	-1.88075	-5.86024
14.0785	-1.88342	-5.86291
14.0884	-1.88609	-5.86558
14.0984	-1.88876	-5.86826
14.1084	-1.89144	-5.87093
14.1184	-1.89412	-5.87361
14.1284	-1.89679	-5.87629
14.1383	-1.89947	-5.87897
14.1483	-1.90216	-5.88165
14.1583	-1.90484	-5.88433
14.1683	-1.90753	-5.88702
14.1782	-1.91021	-5.88971
14.1882	-1.9129	-5.8924
14.1982	-1.91559	-5.89509
14.2082	-1.91829	-5.89778
14.2182	-1.92098	-5.90048
14.2281	-1.92368	-5.90317
14.2381	-1.92638	-5.90587
14.2481	-1.92908	-5.90857
14.2581	-1.93178	-5.91127
14.268	-1.93448	-5.91398
14.278	-1.93719	-5.91668
14.288	-1.93989	-5.91939
14.298	-1.9426	-5.9221
14.308	-1.94531	-5.92481
14.3179	-1.94803	-5.92752
14.3279	-1.95074	-5.93023
14.3379	-1.95346	-5.93295
14.3479	-1.95617	-5.93567
14.3578	-1.95889	-5.93839
14.3678	-1.96162	-5.94111
14.3778	-1.96434	-5.94383
14.3878	-1.96706	-5.94656
14.3977	-1.96979	-5.94928
14.4077	-1.97252	-5.95201
14.4177	-1.97525	-5.95474
14.4277	-1.97798	-5.95747
14.4377	-1.98071	-5.96021
14.4476	-1.98345	-5.96294
14.4576	-1.98619	-5.96568
14.4676	-1.98893	-5.96842
14.4776	-1.99167	-5.97116
14.4875	-1.99441	-5.9739
14.4975	-1.99715	-5.97665
14.5075	-1.9999	-5.97939
14.5175	-2.00265	-5.98214
14.5275	-2.0054	-5.98489
14.5374	-2.00815	-5.98764
14.5474	-2.0109	-5.99039
14.5574	-2.01366	-5.99315
14.5674	-2.01641	-5.99591
14.5773	-2.01917	-5.99866
14.5873	-2.02193	-6.00142
14.5973	-2.02469	-6.00419
14.6073	-2.02746	-6.00695
14.6173	-2.03022	-6.00971
14.6272	-2.03299	-6.01248
14.6372	-2.03576	-6.01525
14.6472	-2.03853	-6.01802
14.6572	-2.0413	-6.02079
14.6671	-2.04407	-6.02357
14.6771	-2.04685	-6.02634
14.6871	-2.04963	-6.02912
14.6971	-2.05241	-6.0319
14.7071	-2.05519	-6.03468
14.717	-2.05797	-6.03746
14.727	-2.06076	-6.04025
14.737	-2.06354	-6.04303
14.747	-2.06633	-6.04582
14.7569	-2.06912	-6.04861
14.7669	-2.07191	-6.0514
14.7769	-2.0747	-6.0542
14.7869	-2.0775	-6.05699
14.7968	-2.0803	-6.05979
14.8068	-2.08309	-6.06259
14.8168	-2.08589	-6.06539
14.8268	-2.0887	-6.06819
14.8368	-2.0915	-6.07099
14.8467	-2.09431	-6.0738
14.8567	-2.09711	-6.07661
14.8667	-2.09992	-6.07942
14.8767	-2.10273	-6.08223
14.8866	-2.10555	-6.08504
14.8966	-2.10836	-6.08785
14.9066	-2.11118	-6.09067
14.9166	-2.11399	-6.09349
14.9266	-2.11681	-6.09631
14.9365	-2.11963	-6.09913
14.9465	-2.12246	-6.10195
14.9565	-2.12528	-6.10477
14.9665	-2.12811	-6.1076
14.9764	-2.13094	-6.11043
14.9864	-2.13377	-6.11326
14.9964	-2.1366	-6.11609
15.0064	-2.13943	-6.11892
15.0164	-2.14227	-6.12176
15.0263	-2.1451	-6.1246
15.0363	-2.14794	-6.12743
15.0463	-2.15078	-6.13027
15.0563	-2.15362	-6.13312
15.0662	-2.15647	-6.13596
15.0762	-2.15931	-6.1388
15.0862	-2.16216	-6.14165
15.0962	-2.16501	-6.1445
15.1062	-2.16786	-6.14735
15.1161	-2.17071	-6.1502
15.1261	-2.17356	-6.15306
15.1361	-2.17642	-6.15591
15.1461	-2.17928	-6.15877
15.156	-2.18214	-6.16163
15.166	-2.185	-6.16449
15.176	-2.18786	-6.16735
15.186	-2.19072	-6.17022
15.1959	-2.19359	-6.17308
15.2059	-2.19646	-6.17595
15.2159	-2.19933	-6.17882
15.2259	-2.2022	-6.18169
15.2359	-2.20507	-6.18456
15.2458	-2.20794	-6.18744
15.2558	-2.21082	-6.19031
15.2658	-2.2137	-6.19319
15.2758	-2.21658	-6.19607
15.2857	-2.21946	-6.19895
15.2957	-2.22234	-6.20184
15.3057	-2.22523	-6.20472
15.3157	-2.22811	-6.20761
15.3257	-2.231	-6.2105
15.3356	-2.23389	-6.21339
15.3456	-2.23678	-6.21628
15.3556	-2.23968	-6.21917
15.3656	-2.24257	-6.22207
15.3755	-2.24547	-6.22496
15.3855	-2.24837	-6.22786
15.3955	-2.25127	-6.23076
15.4055	-2.25417	-6.23366
15.4155	-2.25707	-6.23657
15.4254	-2.25998	-6.23947
15.4354	-2.26288	-6.24238
15.4454	-2.26579	-6.24529
15.4554	-2.2687	-6.2482
15.4653	-2.27162	-6.25111
15.4753	-2.27453	-6.25402
15.4853	-2.27744	-6.25694
15.4953	-2.28036	-6.25986
15.5053	-2.28328	-6.26277
15.5152	-2.2862	-6.26569
15.5252	-2.28912	-6.26862
15.5352	-2.29205	-6.27154
15.5452	-2.29497	-6.27447
15.5551	-2.2979	-6.27739
15.5651	-2.30083	-6.28032
15.5751	-2.30376	-6.28325
15.5851	-2.30669	-6.28619
15.595	-2.30963	-6.28912
15.605	-2.31256	-6.29205
15.615	-2.3155	-6.29499
15.625	-2.31844	-6.29793
15.635	-2.32138	-6.30087
15.6449	-2.32432	-6.30381
15.6549	-2.32726	-6.30676
15.6649	-2.33021	-6.3097
15.6749	-2.33316	-6.31265
15.6848	-2.33611	-6.3156
15.6948	-2.33906	-6.31855
15.7048	-2.34201	-6.3215
15.7148	-2.34496	-6.32446
15.7248	-2.34792	-6.32741
15.7347	-2.35088	-6.33037
15.7447	-2.35384	-6.33333
15.7547	-2.3568	-6.33629
15.7647	-2.35976	-6.33925
15.7746	-2.36272	-6.34222
15.7846	-2.36569	-6.34518
15.7946	-2.36866	-6.34815
15.8046	-2.37163	-6.35112
15.8146	-2.3746	-6.35409
15.8245	-2.37757	-6.35706
15.8345	-2.38054	-6.36004
15.8445	-2.38352	-6.36301
15.8545	-2.3865	-6.36599
15.8644	-2.38948	-6.36897
15.8744	-2.39246	-6.37195
15.8844	-2.39544	-6.37493
15.8944	-2.39843	-6.37792
15.9044	-2.40141	-6.3809
15.9143	-2.4044	-6.38389
15.9243	-2.40739	-6.38688
15.9343	-2.41038	-6.38987
15.9443	-2.41337	-6.39286
15.9542	-2.41637	-6.39586
15.9642	-2.41936	-6.39885
15.9742	-2.42236	-6.40185
15.9842	-2.42536	-6.40485
15.9941	-2.42836	-6.40785
16.0041	-2.43136	-6.41085
16.0141	-2.43437	-6.41386
16.0241	-2.43737	-6.41686
16.0341	-2.44038	-6.41987
16.044	-2.44339	-6.42288
16.054	-2.4464	-6.42589
16.064	-2.44941	-6.4289
16.074	-2.45242	-6.43192
16.0839	-2.45544	-6.43493
16.0939	-2.45846	-6.43795
16.1039	-2.46148	-6.44097
16.1139	-2.4645	-6.44399
16.1239	-2.46752	-6.44701
16.1338	-2.47054	-6.45004
16.1438	-2.47357	-6.45306
16.1538	-2.4766	-6.45609
16.1638	-2.47963	-6.45912
16.1737	-2.48266	-6.46215
16.1837	-2.48569	-6.46518
16.1937	-2.48872	-6.46821
16.2037	-2.49176	-6.47125
16.2137	-2.49479	-6.47429
16.2236	-2.49783	-6.47733
16.2336	-2.50087	-6.48037
16.2436	-2.50391	-6.48341
16.2536	-2.50696	-6.48645
16.2635	-2.51	-6.4895
16.2735	-2.51305	-6.49254
16.2835	-2.5161	-6.49559
16.2935	-2.51915	-6.49864
16.3035	-2.5222	-6.50169
16.3134	-2.52525	-6.50475
16.3234	-2.52831	-6.5078
16.3334	-2.53137	-6.51086
16.3434	-2.53442	-6.51392
16.3533	-2.53748	-6.51698
16.3633	-2.54055	-6.52004
16.3733	-2.54361	-6.5231
16.3833	-2.54667	-6.52617
16.3932	-2.54974	-6.52923
16.4032	-2.55281	-6.5323
16.4132	-2.55588	-6.53537
16.4232	-2.55895	-6.53844
16.4332	-2.56202	-6.54152
16.4431	-2.5651	-6.54459
16.4531	-2.56817	-6.54767
16.4631	-2.57125	-6.55074
16.4731	-2.57433	-6.55382
16.483	-2.57741	-6.5569
16.493	-2.58049	-6.55999
16.503	-2.58358	-6.56307
16.513	-2.58666	-6.56616
16.523	-2.58975	-6.56924
16.5329	-2.59284	-6.57233
16.5429	-2.59593	-6.57542
16.5529	-2.59902	-6.57852
16.5629	-2.60212	-6.58161
16.5728	-2.60521	-6.58471
16.5828	-2.60831	-6.5878
16.5928	-2.61141	-6.5909
16.6028	-2.61451	-6.594
16.6128	-2.61761	-6.5971
16.6227	-2.62071	-6.60021
16.6327	-2.62382	-6.60331
16.6427	-2.62693	-6.60642
16.6527	-2.63003	-6.60953
16.6626	-2.63314	-6.61264
16.6726	-2.63625	-6.61575
16.6826	-2.63937	-6.61886
16.6926	-2.64248	-6.62198
16.7026	-2.6456	-6.62509
16.7125	-2.64872	-6.62821
16.7225	-2.65184	-6.63133
16.7325	-2.65496	-6.63445
16.7425	-2.65808	-6.63757
16.7524	-2.6612	-6.6407
16.7624	-2.66433	-6.64382
16.7724	-2.66746	-6.64695
16.7824	-2.67059	-6.65008
16.7923	-2.67372	-6.65321
16.8023	-2.67685	-6.65634
16.8123	-2.67998	-6.65948
16.8223	-2.68312	-6.66261
16.8323	-2.68626	-6.66575
16.8422	-2.68939	-6.66889
16.8522	-2.69253	-6.67203
16.8622	-2.69568	-6.67517
16.8722	-2.69882	-6.67831
16.8821	-2.70196	-6.68146
16.8921	-2.70511	-6.6846
16.9021	-2.70826	-6.68775
16.9121	-2.71141	-6.6909
16.9221	-2.71456	-6.69405
16.932	-2.71771	-6.69721
16.942	-2.72087	-6.70036
16.952	-2.72402	-6.70352
16.962	-2.72718	-6.70667
16.9719	-2.73034	-6.70983
16.9819	-2.7335	-6.71299
16.9919	-2.73666	-6.71616
17.0019	-2.73983	-6.71932
17.0119	-2.74299	-6.72249
17.0218	-2.74616	-6.72565
17.0318	-2.74933	-6.72882
17.0418	-2.7525	-6.73199
17.0518	-2.75567	-6.73516
17.0617	-2.75884	-6.73834
17.0717	-2.76202	-6.74151
17.0817	-2.76519	-6.74469
17.0917	-2.76837	-6.74787
17.1017	-2.77155	-6.75105
17.1116	-2.77473	-6.75423
17.1216	-2.77792	-6.75741
17.1316	-2.7811	-6.76059
17.1416	-2.78429	-6.76378
17.1515	-2.78747	-6.76697
17.1615	-2.79066	-6.77016
17.1715	-2.79385	-6.77335
17.1815	-2.79704	-6.77654
17.1914	-2.80024	-6.77973
17.2014	-2.80343	-6.78293
17.2114	-2.80663	-6.78612
17.2214	-2.80983	-6.78932
17.2314	-2.81303	-6.79252
17.2413	-2.81623	-6.79572
17.2513	-2.81943	-6.79893
17.2613	-2.82264	-6.80213
17.2713	-2.82584	-6.80534
17.2812	-2.82905	-6.80854
17.2912	-2.83226	-6.81175
17.3012	-2.83547	-6.81496
17.3112	-2.83868	-6.81818
17.3212	-2.8419	-6.82139
17.3311	-2.84511	-6.8246
17.3411	-2.84833	-6.82782
17.3511	-2.85155	-6.83104
17.3611	-2.85477	-6.83426
17.371	-2.85799	-6.83748
17.381	-2.86121	-6.8407
17.391	-2.86443	-6.84393
17.401	-2.86766	-6.84715
17.411	-2.87089	-6.85038
17.4209	-2.87412	-6.85361
17.4309	-2.87735	-6.85684
17.4409	-2.88058	-6.86007
17.4509	-2.88381	-6.86331
17.4608	-2.88705	-6.86654
17.4708	-2.89029	-6.86978
17.4808	-2.89352	-6.87302
17.4908	-2.89676	-6.87626
17.5008	-2.9	-6.8795
17.5107	-2.90325	-6.88274
17.5207	-2.90649	-6.88599
17.5307	-2.90974	-6.88923
17.5407	-2.91299	-6.89248
17.5506	-2.91623	-6.89573
17.5606	-2.91948	-6.89898
17.5706	-2.92274	-6.90223
17.5806	-2.92599	-6.90548
17.5905	-2.92925	-6.90874
17.6005	-2.9325	-6.912
17.6105	-2.93576	-6.91525
17.6205	-2.93902	-6.91851
17.6305	-2.94228	-6.92177
17.6404	-2.94554	-6.92504
17.6504	-2.94881	-6.9283
17.6604	-2.95207	-6.93157
17.6704	-2.95534	-6.93483
17.6803	-2.95861	-6.9381
17.6903	-2.96188	-6.94137
17.7003	-2.96515	-6.94464
17.7103	-2.96842	-6.94792
17.7203	-2.9717	-6.95119
17.7302	-2.97497	-6.95447
17.7402	-2.97825	-6.95775
17.7502	-2.98153	-6.96103
17.7602	-2.98481	-6.96431
17.7701	-2.98809	-6.96759
17.7801	-2.99138	-6.97087
17.7901	-2.99466	-6.97416
17.8001	-2.99795	-6.97744
17.8101	-3.00124	-6.98073
17.82	-3.00453	-6.98402
17.83	-3.00782	-6.98731
17.84	-3.01111	-6.99061
17.85	-3.01441	-6.9939
17.8599	-3.0177	-6.9972
17.8699	-3.021	-7.00049
17.8799	-3.0243	-7.00379
17.8899	-3.0276	-7.00709
17.8998	-3.0309	-7.01039
17.9098	-3.0342	-7.0137
17.9198	-3.03751	-7.017
17.9298	-3.04081	-7.02031
17.9398	-3.04412	-7.02361
17.9497	-3.04743	-7.02692
17.9597	-3.05074	-7.03023
17.9697	-3.05405	-7.03355
17.9797	-3.05737	-7.03686
17.9896	-3.06068	-7.04018
17.9996	-3.064	-7.04349
18.0096	-3.06732	-7.04681
18.0196	-3.07064	-7.05013
18.0296	-3.07396	-7.05345
18.0395	-3.07728	-7.05677
18.0495	-3.0806	-7.0601
18.0595	-3.08393	-7.06342
18.0695	-3.08726	-7.06675
18.0794	-3.09058	-7.07008
18.0894	-3.09391	-7.07341
18.0994	-3.09724	-7.07674
18.1094	-3.10058	-7.08007
18.1194	-3.10391	-7.08341
18.1293	-3.10725	-7.08674
18.1393	-3.11058	-7.09008
18.1493	-3.11392	-7.09342
18.1593	-3.11726	-7.09676
18.1692	-3.12061	-7.1001
18.1792	-3.12395	-7.10344
18.1892	-3.12729	-7.10679
18.1992	-3.13064	-7.11013
18.2092	-3.13399	-7.11348
18.2191	-3.13733	-7.11683
18.2291	-3.14069	-7.12018
18.2391	-3.14404	-7.12353
18.2491	-3.14739	-7.12688
18.259	-3.15074	-7.13024
18.269	-3.1541	-7.13359
18.279	-3.15746	-7.13695
18.289	-3.16082	-7.14031
18.2989	-3.16418	-7.14367
18.3089	-3.16754	-7.14703
18.3189	-3.1709	-7.1504
18.3289	-3.17427	-7.15376
18.3389	-3.17763	-7.15713
18.3488	-3.181	-7.1605
18.3588	-3.18437	-7.16386
18.3688	-3.18774	-7.16724
18.3788	-3.19111	-7.17061
18.3887	-3.19449	-7.17398
18.3987	-3.19786	-7.17736
18.4087	-3.20124	-7.18073
18.4187	-3.20462	-7.18411
18.4287	-3.208	-7.18749
18.4386	-3.21138	-7.19087
18.4486	-3.21476	-7.19425
18.4586	-3.21814	-7.19764
18.4686	-3.22153	-7.20102
18.4785	-3.22491	-7.20441
18.4885	-3.2283	-7.2078
18.4985	-3.23169	-7.21119
18.5085	-3.23508	-7.21458
18.5185	-3.23847	-7.21797
18.5284	-3.24187	-7.22136
18.5384	-3.24526	-7.22476
18.5484	-3.24866	-7.22815
18.5584	-3.25206	-7.23155
18.5683	-3.25546	-7.23495
18.5783	-3.25886	-7.23835
18.5883	-3.26226	-7.24175
18.5983	-3.26566	-7.24516
18.6083	-3.26907	-7.24856
18.6182	-3.27248	-7.25197
18.6282	-3.27588	-7.25538
18.6382	-3.27929	-7.25879
18.6482	-3.2827	-7.2622
18.6581	-3.28612	-7.26561
18.6681	-3.28953	-7.26902
18.6781	-3.29294	-7.27244
18.6881	-3.29636	-7.27585
18.698	-3.29978	-7.27927
18.708	-3.3032	-7.28269
18.718	-3.30662	-7.28611
18.728	-3.31004	-7.28953
18.738	-3.31346	-7.29296
18.7479	-3.31689	-7.29638
18.7579	-3.32031	-7.29981
18.7679	-3.32374	-7.30324
18.7779	-3.32717	-7.30666
18.7878	-3.3306	-7.31009
18.7978	-3.33403	-7.31353
18.8078	-3.33747	-7.31696
18.8178	-3.3409	-7.32039
18.8278	-3.34434	-7.32383
18.8377	-3.34777	-7.32727
18.8477	-3.35121	-7.33071
18.8577	-3.35465	-7.33415
18.8677	-3.3581	-7.33759
18.8776	-3.36154	-7.34103
18.8876	-3.36498	-7.34448
18.8976	-3.36843	-7.34792
18.9076	-3.37188	-7.35137
18.9176	-3.37533	-7.35482
18.9275	-3.37878	-7.35827
18.9375	-3.38223	-7.36172
18.9475	-3.38568	-7.36517
18.9575	-3.38913	-7.36863
18.9674	-3.39259	-7.37208
18.9774	-3.39605	-7.37554
18.9874	-3.3995	-7.379
18.9974	-3.40296	-7.38246
19.0074	-3.40643	-7.38592
19.0173	-3.40989	-7.38938
19.0273	-3.41335	-7.39284
19.0373	-3.41682	-7.39631
19.0473	-3.42028	-7.39978
19.0572	-3.42375	-7.40324
19.0672	-3.42722	-7.40671
19.0772	-3.43069	-7.41019
19.0872	-3.43416	-7.41366
19.0971	-3.43764	-7.41713
19.1071	-3.44111	-7.42061
19.1171	-3.44459	-7.42408
19.1271	-3.44807	-7.42756
19.1371	-3.45155	-7.43104
19.147	-3.45503	-7.43452
19.157	-3.45851	-7.438
19.167	-3.46199	-7.44148
19.177	-3.46547	-7.44497
19.1869	-3.46896	-7.44845
19.1969	-3.47245	-7.45194
19.2069	-3.47594	-7.45543
19.2169	-3.47943	-7.45892
19.2269	-3.48292	-7.46241
19.2368	-3.48641	-7.4659
19.2468	-3.4899	-7.4694
19.2568	-3.4934	-7.47289
19.2668	-3.4969	-7.47639
19.2767	-3.50039	-7.47989
19.2867	-3.50389	-7.48339
19.2967	-3.50739	-7.48689
19.3067	-3.5109	-7.49039
19.3167	-3.5144	-7.49389
19.3266	-3.5179	-7.4974
19.3366	-3.52141	-7.5009
19.3466	-3.52492	-7.50441
19.3566	-3.52843	-7.50792
19.3665	-3.53194	-7.51143
19.3765	-3.53545	-7.51494
19.3865	-3.53896	-7.51846
19.3965	-3.54248	-7.52197
19.4065	-3.54599	-7.52549
19.4164	-3.54951	-7.529
19.4264	-3.55303	-7.53252
19.4364	-3.55655	-7.53604
19.4464	-3.56007	-7.53956
19.4563	-3.56359	-7.54308
19.4663	-3.56711	-7.54661
19.4763	-3.57064	-7.55013
19.4863	-3.57416	-7.55366
19.4962	-3.57769	-7.55719
19.5062	-3.58122	-7.56071
19.5162	-3.58475	-7.56424
19.5262	-3.58828	-7.56778
19.5362	-3.59182	-7.57131
19.5461	-3.59535	-7.57484
19.5561	-3.59889	-7.57838
19.5661	-3.60242	-7.58192
19.5761	-3.60596	-7.58545
19.586	-3.6095	-7.58899
19.596	-3.61304	-7.59253
19.606	-3.61658	-7.59608
19.616	-3.62013	-7.59962
19.626	-3.62367	-7.60317
19.6359	-3.62722	-7.60671
19.6459	-3.63077	-7.61026
19.6559	-3.63431	-7.61381
19.6659	-3.63786	-7.61736
19.6758	-3.64142	-7.62091
19.6858	-3.64497	-7.62446
19.6958	-3.64852	-7.62802
19.7058	-3.65208	-7.63157
19.7158	-3.65563	-7.63513
19.7257	-3.65919	-7.63869
19.7357	-3.66275	-7.64225
19.7457	-3.66631	-7.64581
19.7557	-3.66987	-7.64937
19.7656	-3.67344	-7.65293
19.7756	-3.677	-7.6565
19.7856	-3.68057	-7.66006
19.7956	-3.68414	-7.66363
19.8056	-3.6877	-7.6672
19.8155	-3.69127	-7.67077
19.8255	-3.69484	-7.67434
19.8355	-3.69842	-7.67791
19.8455	-3.70199	-7.68148
19.8554	-3.70556	-7.68506
19.8654	-3.70914	-7.68863
19.8754	-3.71272	-7.69221
19.8854	-3.7163	-7.69579
19.8953	-3.71988	-7.69937
19.9053	-3.72346	-7.70295
19.9153	-3.72704	-7.70653
19.9253	-3.73063	-7.71012
19.9353	-3.73421	-7.7137
19.9452	-3.7378	-7.71729
19.9552	-3.74138	-7.72088
19.9652	-3.74497	-7.72447
19.9752	-3.74856	-7.72806
19.9851	-3.75216	-7.73165
19.9951	-3.75575	-7.73524
20.0051	-3.75934	-7.73884
20.0151	-3.76294	-7.74243
20.0251	-3.76654	-7.74603
20.035	-3.77013	-7.74963
20.045	-3.77373	-7.75323
20.055	-3.77733	-7.75683
20.065	-3.78094	-7.76043
20.0749	-3.78454	-7.76403
20.0849	-3.78814	-7.76764
20.0949	-3.79175	-7.77124
20.1049	-3.79536	-7.77485
20.1149	-3.79896	-7.77846
20.1248	-3.80257	-7.78207
20.1348	-3.80618	-7.78568
20.1448	-3.8098	-7.78929
20.1548	-3.81341	-7.7929
20.1647	-3.81702	-7.79652
20.1747	-3.82064	-7.80013
20.1847	-3.82426	-7.80375
20.1947	-3.82787	-7.80737
20.2047	-3.83149	-7.81099
20.2146	-3.83512	-7.81461
20.2246	-3.83874	-7.81823
20.2346	-3.84236	-7.82185
20.2446	-3.84599	-7.82548
20.2545	-3.84961	-7.8291
20.2645	-3.85324	-7.83273
20.2745	-3.85687	-7.83636
20.2845	-3.8605	-7.83999
20.2944	-3.86413	-7.84362
20.3044	-3.86776	-7.84725
20.3144	-3.87139	-7.85089
20.3244	-3.87503	-7.85452
20.3344	-3.87866	-7.85816
20.3443	-3.8823	-7.86179
20.3543	-3.88594	-7.86543
20.3643	-3.88958	-7.86907
20.3743	-3.89322	-7.87271
20.3842	-3.89686	-7.87635
20.3942	-3.9005	-7.88
20.4042	-3.90415	-7.88364
20.4142	-3.90779	-7.88729
20.4242	-3.91144	-7.89094
20.4341	-3.91509	-7.89458
20.4441	-3.91874	-7.89823
20.4541	-3.92239	-7.90188
20.4641	-3.92604	-7.90554
20.474	-3.9297	-7.90919
20.484	-3.93335	-7.91284
20.494	-3.93701	-7.9165
20.504	-3.94066	-7.92016
20.514	-3.94432	-7.92381
20.5239	-3.94798	-7.92747
20.5339	-3.95164	-7.93113
20.5439	-3.9553	-7.9348
20.5539	-3.95897	-7.93846
20.5638	-3.96263	-7.94212
20.5738	-3.96629	-7.94579
20.5838	-3.96996	-7.94945
20.5938	-3.97363	-7.95312
20.6038	-3.9773	-7.95679
20.6137	-3.98097	-7.96046
20.6237	-3.98464	-7.96413
20.6337	-3.98831	-7.96781
20.6437	-3.99199	-7.97148
20.6536	-3.99566	-7.97516
20.6636	-3.99934	-7.97883
20.6736	-4.00302	-7.98251
20.6836	-4.00669	-7.98619
20.6935	-4.01037	-7.98987
20.7035	-4.01406	-7.99355
20.7135	-4.01774	-7.99723
20.7235	-4.02142	-8.00092
20.7335	-4.02511	-8.0046
20.7434	-4.02879	-8.00829
20.7534	-4.03248	-8.01197
20.7634	-4.03617	-8.01566
20.7734	-4.03986	-8.01935
20.7833	-4.04355	-8.02304
20.7933	-4.04724	-8.02673
20.8033	-4.05093	-8.03043
20.8133	-4.05463	-8.03412
20.8233	-4.05832	-8.03782
20.8332	-4.06202	-8.04151
20.8432	-4.06572	-8.04521
20.8532	-4.06942	-8.04891
20.8632	-4.07312	-8.05261
20.8731	-4.07682	-8.05631
20.8831	-4.08052	-8.06002
20.8931	-4.08423	-8.06372
20.9031	-4.08793	-8.06743
20.9131	-4.09164	-8.07113
20.923	-4.09535	-8.07484
20.933	-4.09905	-8.07855
20.943	-4.10276	-8.08226
20.953	-4.10648	-8.08597
20.9629	-4.11019	-8.08968
20.9729	-4.1139	-8.09339
20.9829	-4.11762	-8.09711
20.9929	-4.12133	-8.10082
21.0029	-4.12505	-8.10454
21.0128	-4.12877	-8.10826
21.0228	-4.13249	-8.11198
21.0328	-4.13621	-8.1157
21.0428	-4.13993	-8.11942
21.0527	-4.14365	-8.12314
21.0627	-4.14737	-8.12687
21.0727	-4.1511	-8.13059
21.0827	-4.15483	-8.13432
21.0926	-4.15855	-8.13805
21.1026	-4.16228	-8.14177
21.1126	-4.16601	-8.1455
21.1226	-4.16974	-8.14924
21.1326	-4.17347	-8.15297
21.1425	-4.17721	-8.1567
21.1525	-4.18094	-8.16044
21.1625	-4.18468	-8.16417
21.1725	-4.18841	-8.16791
21.1824	-4.19215	-8.17165
21.1924	-4.19589	-8.17538
21.2024	-4.19963	-8.17912
21.2124	-4.20337	-8.18287
21.2224	-4.20712	-8.18661
21.2323	-4.21086	-8.19035
21.2423	-4.2146	-8.1941
21.2523	-4.21835	-8.19784
21.2623	-4.2221	-8.20159
21.2722	-4.22584	-8.20534
21.2822	-4.22959	-8.20909
21.2922	-4.23334	-8.21284
21.3022	-4.2371	-8.21659
21.3122	-4.24085	-8.22034
21.3221	-4.2446	-8.2241
21.3321	-4.24836	-8.22785
21.3421	-4.25211	-8.23161
21.3521	-4.25587	-8.23537
21.362	-4.25963	-8.23912
21.372	-4.26339	-8.24288
21.382	-4.26715	-8.24664
21.392	-4.27091	-8.25041
21.402	-4.27468	-8.25417
21.4119	-4.27844	-8.25793
21.4219	-4.2822	-8.2617
21.4319	-4.28597	-8.26546
21.4419	-4.28974	-8.26923
21.4518	-4.29351	-8.273
21.4618	-4.29728	-8.27677
21.4718	-4.30105	-8.28054
21.4818	-4.30482	-8.28431
21.4917	-4.30859	-8.28809
21.5017	-4.31237	-8.29186
21.5117	-4.31614	-8.29564
21.5217	-4.31992	-8.29941
21.5317	-4.3237	-8.30319
21.5416	-4.32748	-8.30697
21.5516	-4.33126	-8.31075
21.5616	-4.33504	-8.31453
21.5716	-4.33882	-8.31831
21.5815	-4.3426	-8.3221
21.5915	-4.34639	-8.32588
21.6015	-4.35017	-8.32967
21.6115	-4.35396	-8.33345
21.6215	-4.35775	-8.33724
21.6314	-4.36154	-8.34103
21.6414	-4.36532	-8.34482
21.6514	-4.36912	-8.34861
21.6614	-4.37291	-8.3524
21.6713	-4.3767	-8.35619
21.6813	-4.3805	-8.35999
21.6913	-4.38429	-8.36378
21.7013	-4.38809	-8.36758
21.7113	-4.39189	-8.37138
21.7212	-4.39568	-8.37518
21.7312	-4.39948	-8.37898
21.7412	-4.40328	-8.38278
21.7512	-4.40709	-8.38658
21.7611	-4.41089	-8.39038
21.7711	-4.41469	-8.39419
21.7811	-4.4185	-8.39799
21.7911	-4.42231	-8.4018
21.8011	-4.42611	-8.40561
21.811	-4.42992	-8.40941
21.821	-4.43373	-8.41322
21.831	-4.43754	-8.41703
21.841	-4.44135	-8.42085
21.8509	-4.44517	-8.42466
21.8609	-4.44898	-8.42847
21.8709	-4.4528	-8.43229
21.8809	-4.45661	-8.4361
21.8908	-4.46043	-8.43992
21.9008	-4.46425	-8.44374
21.9108	-4.46807	-8.44756
21.9208	-4.47189	-8.45138
21.9308	-4.47571	-8.4552
21.9407	-4.47953	-8.45902
21.9507	-4.48335	-8.46285
21.9607	-4.48718	-8.46667
21.9707	-4.491	-8.4705
21.9806	-4.49483	-8.47433
21.9906	-4.49866	-8.47815
22.0006	-4.50249	-8.48198
22.0106	-4.50632	-8.48581
22.0206	-4.51015	-8.48964
22.0305	-4.51398	-8.49348
22.0405	-4.51782	-8.49731
22.0505	-4.52165	-8.50114
22.0605	-4.52549	-8.50498
22.0704	-4.52932	-8.50881
22.0804	-4.53316	-8.51265
22.0904	-4.537	-8.51649
22.1004	-4.54084	-8.52033
22.1104	-4.54468	-8.52417
22.1203	-4.54852	-8.52801
22.1303	-4.55236	-8.53186
22.1403	-4.55621	-8.5357
22.1503	-4.56005	-8.53954
22.1602	-4.5639	-8.54339
22.1702	-4.56774	-8.54724
22.1802	-4.57159	-8.55109
22.1902	-4.57544	-8.55493
22.2002	-4.57929	-8.55878
22.2101	-4.58314	-8.56264
22.2201	-4.587	-8.56649
22.2301	-4.59085	-8.57034
22.2401	-4.5947	-8.5742
22.25	-4.59856	-8.57805
22.26	-4.60241	-8.58191
22.27	-4.60627	-8.58577
22.28	-4.61013	-8.58962
22.2899	-4.61399	-8.59348
22.2999	-4.61785	-8.59734
22.3099	-4.62171	-8.60121
22.3199	-4.62557	-8.60507
22.3299	-4.62944	-8.60893
22.3398	-4.6333	-8.6128
22.3498	-4.63717	-8.61666
22.3598	-4.64104	-8.62053
22.3698	-4.6449	-8.6244
22.3797	-4.64877	-8.62827
22.3897	-4.65264	-8.63214
22.3997	-4.65651	-8.63601
22.4097	-4.66038	-8.63988
22.4197	-4.66426	-8.64375
22.4296	-4.66813	-8.64763
22.4396	-4.67201	-8.6515
22.4496	-4.67588	-8.65538
22.4596	-4.67976	-8.65925
22.4695	-4.68364	-8.66313
22.4795	-4.68752	-8.66701
22.4895	-4.6914	-8.67089
22.4995	-4.69528	-8.67477
22.5095	-4.69916	-8.67865
22.5194	-4.70304	-8.68254
22.5294	-4.70693	-8.68642
22.5394	-4.71081	-8.69031
22.5494	-4.7147	-8.69419
22.5593	-4.71859	-8.69808
22.5693	-4.72247	-8.70197
22.5793	-4.72636	-8.70586
22.5893	-4.73025	-8.70975
22.5992	-4.73414	-8.71364
22.6092	-4.73804	-8.71753
22.6192	-4.74193	-8.72142
22.6292	-4.74582	-8.72532
22.6392	-4.74972	-8.72921
22.6491	-4.75361	-8.73311
22.6591	-4.75751	-8.73701
22.6691	-4.76141	-8.7409
22.6791	-4.76531	-8.7448
22.689	-4.76921	-8.7487
22.699	-4.77311	-8.7526
22.709	-4.77701	-8.75651
22.719	-4.78092	-8.76041
22.729	-4.78482	-8.76431
22.7389	-4.78873	-8.76822
22.7489	-4.79263	-8.77212
22.7589	-4.79654	-8.77603
22.7689	-4.80045	-8.77994
22.7788	-4.80436	-8.78385
22.7888	-4.80827	-8.78776
22.7988	-4.81218	-8.79167
22.8088	-4.81609	-8.79558
22.8188	-4.82	-8.7995
22.8287	-4.82392	-8.80341
22.8387	-4.82783	-8.80732
22.8487	-4.83175	-8.81124
22.8587	-4.83566	-8.81516
22.8686	-4.83958	-8.81907
22.8786	-4.8435	-8.82299
22.8886	-4.84742	-8.82691
22.8986	-4.85134	-8.83083
22.9086	-4.85526	-8.83476
22.9185	-4.85919	-8.83868
22.9285	-4.86311	-8.8426
22.9385	-4.86703	-8.84653
22.9485	-4.87096	-8.85045
22.9584	-4.87489	-8.85438
22.9684	-4.87881	-8.85831
22.9784	-4.88274	-8.86224
22.9884	-4.88667	-8.86617
22.9983	-4.8906	-8.8701
23.0083	-4.89453	-8.87403
23.0183	-4.89847	-8.87796
23.0283	-4.9024	-8.88189
23.0383	-4.90633	-8.88583
23.0482	-4.91027	-8.88976
23.0582	-4.91421	-8.8937
23.0682	-4.91814	-8.89764
23.0782	-4.92208	-8.90157
23.0881	-4.92602	-8.90551
23.0981	-4.92996	-8.90945
23.1081	-4.9339	-8.91339
23.1181	-4.93784	-8.91734
23.1281	-4.94179	-8.92128
23.138	-4.94573	-8.92522
23.148	-4.94967	-8.92917
23.158	-4.95362	-8.93311
23.168	-4.95757	-8.93706
23.1779	-4.96151	-8.94101
23.1879	-4.96546	-8.94496
23.1979	-4.96941	-8.94891
23.2079	-4.97336	-8.95286
23.2179	-4.97731	-8.95681
23.2278	-4.98127	-8.96076
23.2378	-4.98522	-8.96471
23.2478	-4.98917	-8.96867
23.2578	-4.99313	-8.97262
23.2677	-4.99709	-8.97658
23.2777	-5.00104	-8.98054
23.2877	-5.005	-8.98449
23.2977	-5.00896	-8.98845
23.3077	-5.01292	-8.99241
23.3176	-5.01688	-8.99637
23.3276	-5.02084	-9.00033
23.3376	-5.0248	-9.0043
23.3476	-5.02877	-9.00826
23.3575	-5.03273	-9.01223
23.3675	-5.0367	-9.01619
23.3775	-5.04066	-9.02016
23.3875	-5.04463	-9.02412
23.3974	-5.0486	-9.02809
23.4074	-5.05257	-9.03206
23.4174	-5.05654	-9.03603
23.4274	-5.06051	-9.04
23.4374	-5.06448	-9.04397
23.4473	-5.06845	-9.04795
23.4573	-5.07243	-9.05192
23.4673	-5.0764	-9.05589
23.4773	-5.08038	-9.05987
23.4872	-5.08435	-9.06385
23.4972	-5.08833	-9.06782
23.5072	-5.09231	-9.0718
23.5172	-5.09629	-9.07578
23.5272	-5.10027	-9.07976
23.5371	-5.10425	-9.08374
23.5471	-5.10823	-9.08772
23.5571	-5.11221	-9.09171
23.5671	-5.1162	-9.09569
23.577	-5.12018	-9.09967
23.587	-5.12417	-9.10366
23.597	-5.12815	-9.10765
23.607	-5.13214	-9.11163
23.617	-5.13613	-9.11562
23.6269	-5.14012	-9.11961
23.6369	-5.14411	-9.1236
23.6469	-5.1481	-9.12759
23.6569	-5.15209	-9.13158
23.6668	-5.15608	-9.13558
23.6768	-5.16008	-9.13957
23.6868	-5.16407	-9.14356
23.6968	-5.16807	-9.14756
23.7068	-5.17206	-9.15155
23.7167	-5.17606	-9.15555
23.7267	-5.18006	-9.15955
23.7367	-5.18406	-9.16355
23.7467	-5.18805	-9.16755
23.7566	-5.19206	-9.17155
23.7666	-5.19606	-9.17555
23.7766	-5.20006	-9.17955
23.7866	-5.20406	-9.18356
23.7965	-5.20807	-9.18756
23.8065	-5.21207	-9.19156
23.8165	-5.21608	-9.19557
23.8265	-5.22008	-9.19958
23.8365	-5.22409	-9.20358
23.8464	-5.2281	-9.20759
23.8564	-5.23211	-9.2116
23.8664	-5.23612	-9.21561
23.8764	-5.24013	-9.21962
23.8863	-5.24414	-9.22364
23.8963	-5.24816	-9.22765
23.9063	-5.25217	-9.23166
23.9163	-5.25618	-9.23568
23.9263	-5.2602	-9.23969
23.9362	-5.26422	-9.24371
23.9462	-5.26823	-9.24773
23.9562	-5.27225	-9.25174
23.9662	-5.27627	-9.25576
23.9761	-5.28029	-9.25978
23.9861	-5.28431	-9.2638
23.9961	-5.28833	-9.26782
24.0061	-5.29235	-9.27185
24.0161	-5.29638	-9.27587
24.026	-5.3004	-9.27989
24.036	-5.30443	-9.28392
24.046	-5.30845	-9.28794
24.056	-5.31248	-9.29197
24.0659	-5.3165	-9.296
24.0759	-5.32053	-9.30003
24.0859	-5.32456	-9.30406
24.0959	-5.32859	-9.30809
24.1059	-5.33262	-9.31212
24.1158	-5.33665	-9.31615
24.1258	-5.34069	-9.32018
24.1358	-5.34472	-9.32421
24.1458	-5.34875	-9.32825
24.1557	-5.35279	-9.33228
24.1657	-5.35683	-9.33632
24.1757	-5.36086	-9.34036
24.1857	-5.3649	-9.34439
24.1956	-5.36894	-9.34843
24.2056	-5.37298	-9.35247
24.2156	-5.37702	-9.35651
24.2256	-5.38106	-9.36055
24.2356	-5.3851	-9.36459
24.2455	-5.38914	-9.36864
24.2555	-5.39319	-9.37268
24.2655	-5.39723	-9.37672
24.2755	-5.40128	-9.38077
24.2854	-5.40532	-9.38481
24.2954	-5.40937	-9.38886
24.3054	-5.41342	-9.39291
24.3154	-5.41746	-9.39696
24.3254	-5.42151	-9.40101
24.3353	-5.42556	-9.40506
24.3453	-5.42961	-9.40911
24.3553	-5.43367	-9.41316
24.3653	-5.43772	-9.41721
24.3752	-5.44177	-9.42126
24.3852	-5.44583	-9.42532
24.3952	-5.44988	-9.42937
24.4052	-5.45394	-9.43343
24.4152	-5.45799	-9.43749
24.4251	-5.46205	-9.44154
24.4351	-5.46611	-9.4456
24.4451	-5.47017	-9.44966
24.4551	-5.47423	-9.45372
24.465	-5.47829	-9.45778
24.475	-5.48235	-9.46184
24.485	-5.48641	-9.4659
24.495	-5.49047	-9.46997
24.505	-5.49454	-9.47403
24.5149	-5.4986	-9.4781
24.5249	-5.50267	-9.48216
24.5349	-5.50673	-9.48623
24.5449	-5.5108	-9.4903
24.5548	-5.51487	-9.49436
24.5648	-5.51894	-9.49843
24.5748	-5.52301	-9.5025
24.5848	-5.52708	-9.50657
24.5947	-5.53115	-9.51064
24.6047	-5.53522	-9.51471
24.6147	-5.53929	-9.51879
24.6247	-5.54337	-9.52286
24.6347	-5.54744	-9.52693
24.6446	-5.55152	-9.53101
24.6546	-5.55559	-9.53509
24.6646	-5.55967	-9.53916
24.6746	-5.56375	-9.54324
24.6845	-5.56782	-9.54732
24.6945	-5.5719	-9.5514
24.7045	-5.57598	-9.55548
24.7145	-5.58006	-9.55956
24.7245	-5.58415	-9.56364
24.7344	-5.58823	-9.56772
24.7444	-5.59231	-9.5718
24.7544	-5.59639	-9.57589
24.7644	-5.60048	-9.57997
24.7743	-5.60456	-9.58406
24.7843	-5.60865	-9.58814
24.7943	-5.61274	-9.59223
24.8043	-5.61682	-9.59632
24.8143	-5.62091	-9.60041
24.8242	-5.625	-9.6045
24.8342	-5.62909	-9.60858
24.8442	-5.63318	-9.61268
24.8542	-5.63727	-9.61677
24.8641	-5.64137	-9.62086
24.8741	-5.64546	-9.62495
24.8841	-5.64955	-9.62905
24.8941	-5.65365	-9.63314
24.9041	-5.65774	-9.63724
24.914	-5.66184	-9.64133
24.924	-5.66594	-9.64543
24.934	-5.67003	-9.64953
24.944	-5.67413	-9.65362
24.9539	-5.67823	-9.65772
24.9639	-5.68233	-9.66182
24.9739	-5.68643	-9.66592
24.9839	-5.69053	-9.67003
24.9938	-5.69463	-9.67413
25.0038	-5.69874	-9.67823
25.0138	-5.70284	-9.68233
25.0238	-5.70695	-9.68644
25.0338	-5.71105	-9.69054
25.0437	-5.71516	-9.69465
25.0537	-5.71926	-9.69876
25.0637	-5.72337	-9.70286
25.0737	-5.72748	-9.70697
25.0836	-5.73159	-9.71108
25.0936	-5.7357	-9.71519
25.1036	-5.73981	-9.7193
25.1136	-5.74392	-9.72341
25.1236	-5.74803	-9.72752
25.1335	-5.75214	-9.73164
25.1435	-5.75626	-9.73575
25.1535	-5.76037	-9.73986
25.1635	-5.76449	-9.74398
25.1734	-5.7686	-9.74809
25.1834	-5.77272	-9.75221
25.1934	-5.77683	-9.75633
25.2034	-5.78095	-9.76045
25.2134	-5.78507	-9.76456
25.2233	-5.78919	-9.76868
25.2333	-5.79331	-9.7728
25.2433	-5.79743	-9.77692
25.2533	-5.80155	-9.78105
25.2632	-5.80567	-9.78517
25.2732	-5.8098	-9.78929
25.2832	-5.81392	-9.79341
25.2932	-5.81805	-9.79754
25.3032	-5.82217	-9.80166
25.3131	-5.8263	-9.80579
25.3231	-5.83042	-9.80992
25.3331	-5.83455	-9.81404
25.3431	-5.83868	-9.81817
25.353	-5.84281	-9.8223
25.363	-5.84694	-9.82643
25.373	-5.85107	-9.83056
25.383	-5.8552	-9.83469
25.3929	-5.85933	-9.83882
25.4029	-5.86346	-9.84295
25.4129	-5.86759	-9.84709
25.4229	-5.87173	-9.85122
25.4329	-5.87586	-9.85536
25.4428	-5.88	-9.85949
25.4528	-5.88413	-9.86363
25.4628	-5.88827	-9.86776
25.4728	-5.89241	-9.8719
25.4827	-5.89655	-9.87604
25.4927	-5.90068	-9.88018
25.5027	-5.90482	-9.88432
25.5127	-5.90896	-9.88846
25.5227	-5.91311	-9.8926
25.5326	-5.91725	-9.89674
25.5426	-5.92139	-9.90088
25.5526	-5.92553	-9.90503
25.5626	-5.92968	-9.90917
25.5725	-5.93382	-9.91331
25.5825	-5.93796	-9.91746
25.5925	-5.94211	-9.9216
25.6025	-5.94626	-9.92575
25.6125	-5.9504	-9.9299
25.6224	-5.95455	-9.93405
25.6324	-5.9587	-9.93819
25.6424	-5.96285	-9.94234
25.6524	-5.967	-9.94649
25.6623	-5.97115	-9.95064
25.6723	-5.9753	-9.9548
25.6823	-5.97945	-9.95895
25.6923	-5.98361	-9.9631
25.7023	-5.98776	-9.96725
25.7122	-5.99191	-9.97141
25.7222	-5.99607	-9.97556
25.7322	-6.00022	-9.97972
25.7422	-6.00438	-9.98387
25.7521	-6.00854	-9.98803
25.7621	-6.01269	-9.99219
25.7721	-6.01685	-9.99635
25.7821	-6.02101	-10.0005
25.792	-6.02517	-10.0047
25.802	-6.02933	-10.0088
25.812	-6.03349	-10.013
25.822	-6.03765	-10.0171
25.832	-6.04182	-10.0213
25.8419	-6.04598	-10.0255
25.8519	-6.05014	-10.0296
25.8619	-6.05431	-10.0338
25.8719	-6.05847	-10.038
25.8818	-6.06264	-10.0421
25.8918	-6.0668	-10.0463
25.9018	-6.07097	-10.0505
25.9118	-6.07514	-10.0546
25.9218	-6.07931	-10.0588
25.9317	-6.08348	-10.063
25.9417	-6.08765	-10.0671
25.9517	-6.09182	-10.0713
25.9617	-6.09599	-10.0755
25.9716	-6.10016	-10.0797
25.9816	-6.10433	-10.0838
25.9916	-6.1085	-10.088
26.0016	-6.11268	-10.0922
26.0116	-6.11685	-10.0963
26.0215	-6.12103	-10.1005
26.0315	-6.1252	-10.1047
26.0415	-6.12938	-10.1089
26.0515	-6.13355	-10.113
26.0614	-6.13773	-10.1172
26.0714	-6.14191	-10.1214
26.0814	-6.14609	-10.1256
26.0914	-6.15027	-10.1298
26.1014	-6.15445	-10.1339
26.1113	-6.15863	-10.1381
26.1213	-6.16281	-10.1423
26.1313	-6.16699	-10.1465
26.1413	-6.17118	-10.1507
26.1512	-6.17536	-10.1549
26.1612	-6.17954	-10.159
26.1712	-6.18373	-10.1632
26.1812	-6.18791	-10.1674
26.1911	-6.1921	-10.1716
26.2011	-6.19629	-10.1758
26.2111	-6.20047	-10.18
26.2211	-6.20466	-10.1842
26.2311	-6.20885	-10.1883
26.241	-6.21304	-10.1925
26.251	-6.21723	-10.1967
26.261	-6.22142	-10.2009
26.271	-6.22561	-10.2051
26.2809	-6.2298	-10.2093
26.2909	-6.23399	-10.2135
26.3009	-6.23819	-10.2177
26.3109	-6.24238	-10.2219
26.3209	-6.24657	-10.2261
26.3308	-6.25077	-10.2303
26.3408	-6.25496	-10.2345
26.3508	-6.25916	-10.2387
26.3608	-6.26336	-10.2428
26.3707	-6.26755	-10.247
26.3807	-6.27175	-10.2512
26.3907	-6.27595	-10.2554
26.4007	-6.28015	-10.2596
26.4107	-6.28435	-10.2638
26.4206	-6.28855	-10.268
26.4306	-6.29275	-10.2722
26.4406	-6.29695	-10.2764
26.4506	-6.30115	-10.2806
26.4605	-6.30536	-10.2849
26.4705	-6.30956	-10.2891
26.4805	-6.31376	-10.2933
26.4905	-6.31797	-10.2975
26.5005	-6.32217	-10.3017
26.5104	-6.32638	-10.3059
26.5204	-6.33059	-10.3101
26.5304	-6.33479	-10.3143
26.5404	-6.339	-10.3185
26.5503	-6.34321	-10.3227
26.5603	-6.34742	-10.3269
26.5703	-6.35163	-10.3311
26.5803	-6.35584	-10.3353
26.5902	-6.36005	-10.3395
26.6002	-6.36426	-10.3438
26.6102	-6.36847	-10.348
26.6202	-6.37269	-10.3522
26.6302	-6.3769	-10.3564
26.6401	-6.38111	-10.3606
26.6501	-6.38533	-10.3648
26.6601	-6.38954	-10.369
26.6701	-6.39376	-10.3733
26.68	-6.39797	-10.3775
26.69	-6.40219	-10.3817
26.7	-6.40641	-10.3859
26.71	-6.41063	-10.3901
26.72	-6.41485	-10.3943
26.7299	-6.41906	-10.3986
26.7399	-6.42328	-10.4028
26.7499	-6.4275	-10.407
26.7599	-6.43173	-10.4112
26.7698	-6.43595	-10.4154
26.7798	-6.44017	-10.4197
26.7898	-6.44439	-10.4239
26.7998	-6.44862	-10.4281
26.8098	-6.45284	-10.4323
26.8197	-6.45706	-10.4366
26.8297	-6.46129	-10.4408
26.8397	-6.46551	-10.445
26.8497	-6.46974	-10.4492
26.8596	-6.47397	-10.4535
26.8696	-6.47819	-10.4577
26.8796	-6.48242	-10.4619
26.8896	-6.48665	-10.4661
26.8995	-6.49088	-10.4704
26.9095	-6.49511	-10.4746
26.9195	-6.49934	-10.4788
26.9295	-6.50357	-10.4831
26.9395	-6.5078	-10.4873
26.9494	-6.51203	-10.4915
26.9594	-6.51627	-10.4958
26.9694	-6.5205	-10.5
26.9794	-6.52473	-10.5042
26.9893	-6.52897	-10.5085
26.9993	-6.5332	-10.5127
27.0093	-6.53744	-10.5169
27.0193	-6.54167	-10.5212
27.0293	-6.54591	-10.5254
27.0392	-6.55015	-10.5296
27.0492	-6.55438	-10.5339
27.0592	-6.55862	-10.5381
27.0692	-6.56286	-10.5424
27.0791	-6.5671	-10.5466
27.0891	-6.57134	-10.5508
27.0991	-6.57558	-10.5551
27.1091	-6.57982	-10.5593
27.1191	-6.58406	-10.5636
27.129	-6.58831	-10.5678
27.139	-6.59255	-10.572
27.149	-6.59679	-10.5763
27.159	-6.60104	-10.5805
27.1689	-6.60528	-10.5848
27.1789	-6.60952	-10.589
27.1889	-6.61377	-10.5933
27.1989	-6.61802	-10.5975
27.2089	-6.62226	-10.6018
27.2188	-6.62651	-10.606
27.2288	-6.63076	-10.6103
27.2388	-6.63501	-10.6145
27.2488	-6.63925	-10.6187
27.2587	-6.6435	-10.623
27.2687	-6.64775	-10.6272
27.2787	-6.652	-10.6315
27.2887	-6.65625	-10.6357
27.2986	-6.66051	-10.64
27.3086	-6.66476	-10.6443
27.3186	-6.66901	-10.6485
27.3286	-6.67326	-10.6528
27.3386	-6.67752	-10.657
27.3485	-6.68177	-10.6613
27.3585	-6.68603	-10.6655
27.3685	-6.69028	-10.6698
27.3785	-6.69454	-10.674
27.3884	-6.69879	-10.6783
27.3984	-6.70305	-10.6825
27.4084	-6.70731	-10.6868
27.4184	-6.71156	-10.6911
27.4284	-6.71582	-10.6953
27.4383	-6.72008	-10.6996
27.4483	-6.72434	-10.7038
27.4583	-6.7286	-10.7081
27.4683	-6.73286	-10.7124
27.4782	-6.73712	-10.7166
27.4882	-6.74138	-10.7209
27.4982	-6.74565	-10.7251
27.5082	-6.74991	-10.7294
27.5182	-6.75417	-10.7337
27.5281	-6.75843	-10.7379
27.5381	-6.7627	-10.7422
27.5481	-6.76696	-10.7465
27.5581	-6.77123	-10.7507
27.568	-6.77549	-10.755
27.578	-6.77976	-10.7593
27.588	-6.78403	-10.7635
27.598	-6.78829	-10.7678
27.608	-6.79256	-10.7721
27.6179	-6.79683	-10.7763
27.6279	-6.8011	-10.7806
27.6379	-6.80537	-10.7849
27.6479	-6.80964	-10.7891
27.6578	-6.81391	-10.7934
27.6678	-6.81818	-10.7977
27.6778	-6.82245	-10.8019
27.6878	-6.82672	-10.8062
27.6977	-6.83099	-10.8105
27.7077	-6.83527	-10.8148
27.7177	-6.83954	-10.819
27.7277	-6.84381	-10.8233
27.7377	-6.84809	-10.8276
27.7476	-6.85236	-10.8319
27.7576	-6.85664	-10.8361
27.7676	-6.86091	-10.8404
27.7776	-6.86519	-10.8447
27.7875	-6.86947	-10.849
27.7975	-6.87374	-10.8532
27.8075	-6.87802	-10.8575
27.8175	-6.8823	-10.8618
27.8275	-6.88658	-10.8661
27.8374	-6.89086	-10.8704
27.8474	-6.89514	-10.8746
27.8574	-6.89942	-10.8789
27.8674	-6.9037	-10.8832
27.8773	-6.90798	-10.8875
27.8873	-6.91226	-10.8918
27.8973	-6.91654	-10.896
27.9073	-6.92083	-10.9003
27.9173	-6.92511	-10.9046
27.9272	-6.92939	-10.9089
27.9372	-6.93368	-10.9132
27.9472	-6.93796	-10.9175
27.9572	-6.94225	-10.9217
27.9671	-6.94653	-10.926
27.9771	-6.95082	-10.9303
27.9871	-6.95511	-10.9346
27.9971	-6.95939	-10.9389
28.0071	-6.96368	-10.9432
28.017	-6.96797	-10.9475
28.027	-6.97226	-10.9518
28.037	-6.97655	-10.956
28.047	-6.98084	-10.9603
28.0569	-6.98513	-10.9646
28.0669	-6.98942	-10.9689
28.0769	-6.99371	-10.9732
28.0869	-6.998	-10.9775
28.0968	-7.00229	-10.9818
28.1068	-7.00658	-10.9861
28.1168	-7.01088	-10.9904
28.1268	-7.01517	-10.9947
28.1368	-7.01946	-10.999
28.1467	-7.02376	-11.0032
28.1567	-7.02805	-11.0075
28.1667	-7.03235	-11.0118
28.1767	-7.03664	-11.0161
28.1866	-7.04094	-11.0204
28.1966	-7.04523	-11.0247
28.2066	-7.04953	-11.029
28.2166	-7.05383	-11.0333
28.2266	-7.05813	-11.0376
28.2365	-7.06242	-11.0419
28.2465	-7.06672	-11.0462
28.2565	-7.07102	-11.0505
28.2665	-7.07532	-11.0548
28.2764	-7.07962	-11.0591
28.2864	-7.08392	-11.0634
28.2964	-7.08822	-11.0677
28.3064	-7.09253	-11.072
28.3164	-7.09683	-11.0763
28.3263	-7.10113	-11.0806
28.3363	-7.10543	-11.0849
28.3463	-7.10974	-11.0892
28.3563	-7.11404	-11.0935
28.3662	-7.11834	-11.0978
28.3762	-7.12265	-11.1021
28.3862	-7.12695	-11.1064
28.3962	-7.13126	-11.1108
28.4062	-7.13557	-11.1151
28.4161	-7.13987	-11.1194
28.4261	-7.14418	-11.1237
28.4361	-7.14849	-11.128
28.4461	-7.15279	-11.1323
28.456	-7.1571	-11.1366
28.466	-7.16141	-11.1409
28.476	-7.16572	-11.1452
28.486	-7.17003	-11.1495
28.4959	-7.17434	-11.1538
28.5059	-7.17865	-11.1581
28.5159	-7.18296	-11.1625
28.5259	-7.18727	-11.1668
28.5359	-7.19158	-11.1711
28.5458	-7.1959	-11.1754
28.5558	-7.20021	-11.1797
28.5658	-7.20452	-11.184
28.5758	-7.20884	-11.1883
28.5857	-7.21315	-11.1926
28.5957	-7.21746	-11.197
28.6057	-7.22178	-11.2013
28.6157	-7.22609	-11.2056
28.6257	-7.23041	-11.2099
28.6356	-7.23473	-11.2142
28.6456	-7.23904	-11.2185
28.6556	-7.24336	-11.2229
28.6656	-7.24768	-11.2272
28.6755	-7.25199	-11.2315
28.6855	-7.25631	-11.2358
28.6955	-7.26063	-11.2401
28.7055	-7.26495	-11.2444
28.7155	-7.26927	-11.2488
28.7254	-7.27359	-11.2531
28.7354	-7.27791	-11.2574
28.7454	-7.28223	-11.2617
28.7554	-7.28655	-11.266
28.7653	-7.29087	-11.2704
28.7753	-7.2952	-11.2747
28.7853	-7.29952	-11.279
28.7953	-7.30384	-11.2833
28.8053	-7.30816	-11.2877
28.8152	-7.31249	-11.292
28.8252	-7.31681	-11.2963
28.8352	-7.32114	-11.3006
28.8452	-7.32546	-11.305
28.8551	-7.32979	-11.3093
28.8651	-7.33411	-11.3136
28.8751	-7.33844	-11.3179
28.8851	-7.34276	-11.3223
28.895	-7.34709	-11.3266
28.905	-7.35142	-11.3309
28.915	-7.35575	-11.3352
28.925	-7.36007	-11.3396
28.935	-7.3644	-11.3439
28.9449	-7.36873	-11.3482
28.9549	-7.37306	-11.3526
28.9649	-7.37739	-11.3569
28.9749	-7.38172	-11.3612
28.9848	-7.38605	-11.3655
28.9948	-7.39038	-11.3699
29.0048	-7.39471	-11.3742
29.0148	-7.39904	-11.3785
29.0248	-7.40338	-11.3829
29.0347	-7.40771	-11.3872
29.0447	-7.41204	-11.3915
29.0547	-7.41638	-11.3959
29.0647	-7.42071	-11.4002
29.0746	-7.42504	-11.4045
29.0846	-7.42938	-11.4089
29.0946	-7.43371	-11.4132
29.1046	-7.43805	-11.4175
29.1146	-7.44238	-11.4219
29.1245	-7.44672	-11.4262
29.1345	-7.45106	-11.4305
29.1445	-7.45539	-11.4349
29.1545	-7.45973	-11.4392
29.1644	-7.46407	-11.4436
29.1744	-7.46841	-11.4479
29.1844	-7.47274	-11.4522
29.1944	-7.47708	-11.4566
29.2044	-7.48142	-11.4609
29.2143	-7.48576	-11.4653
29.2243	-7.4901	-11.4696
29.2343	-7.49444	-11.4739
29.2443	-7.49878	-11.4783
29.2542	-7.50312	-11.4826
29.2642	-7.50746	-11.487
29.2742	-7.51181	-11.4913
29.2842	-7.51615	-11.4956
29.2941	-7.52049	-11.5
29.3041	-7.52483	-11.5043
29.3141	-7.52918	-11.5087
29.3241	-7.53352	-11.513
29.3341	-7.53786	-11.5174
29.344	-7.54221	-11.5217
29.354	-7.54655	-11.526
29.364	-7.5509	-11.5304
29.374	-7.55524	-11.5347
29.3839	-7.55959	-11.5391
29.3939	-7.56394	-11.5434
29.4039	-7.56828	-11.5478
29.4139	-7.57263	-11.5521
29.4239	-7.57698	-11.5565
29.4338	-7.58133	-11.5608
29.4438	-7.58567	-11.5652
29.4538	-7.59002	-11.5695
29.4638	-7.59437	-11.5739
29.4737	-7.59872	-11.5782
29.4837	-7.60307	-11.5826
29.4937	-7.60742	-11.5869
29.5037	-7.61177	-11.5913
29.5137	-7.61612	-11.5956
29.5236	-7.62047	-11.6
29.5336	-7.62482	-11.6043
29.5436	-7.62917	-11.6087
29.5536	-7.63353	-11.613
29.5635	-7.63788	-11.6174
29.5735	-7.64223	-11.6217
29.5835	-7.64658	-11.6261
29.5935	-7.65094	-11.6304
29.6035	-7.65529	-11.6348
29.6134	-7.65965	-11.6391
29.6234	-7.664	-11.6435
29.6334	-7.66835	-11.6478
29.6434	-7.67271	-11.6522
29.6533	-7.67707	-11.6566
29.6633	-7.68142	-11.6609
29.6733	-7.68578	-11.6653
29.6833	-7.69013	-11.6696
29.6932	-7.69449	-11.674
29.7032	-7.69885	-11.6783
29.7132	-7.70321	-11.6827
29.7232	-7.70756	-11.6871
29.7332	-7.71192	-11.6914
29.7431	-7.71628	-11.6958
29.7531	-7.72064	-11.7001
29.7631	-7.725	-11.7045
29.7731	-7.72936	-11.7089
29.783	-7.73372	-11.7132
29.793	-7.73808	-11.7176
29.803	-7.74244	-11.7219
29.813	-7.7468	-11.7263
29.823	-7.75116	-11.7307
29.8329	-7.75552	-11.735
29.8429	-7.75989	-11.7394
29.8529	-7.76425	-11.7437
29.8629	-7.76861	-11.7481
29.8728	-7.77297	-11.7525
29.8828	-7.77734	-11.7568
29.8928	-7.7817	-11.7612
29.9028	-7.78606	-11.7656
29.9128	-7.79043	-11.7699
29.9227	-7.79479	-11.7743
29.9327	-7.79916	-11.7787
29.9427	-7.80352	-11.783
29.9527	-7.80789	-11.7874
29.9626	-7.81226	-11.7917
29.9726	-7.81662	-11.7961
29.9826	-7.82099	-11.8005
29.9926	-7.82536	-11.8048
30.0026	-7.82972	-11.8092
30.0125	-7.83409	-11.8136
30.0225	-7.83846	-11.818
30.0325	-7.84283	-11.8223
30.0425	-7.8472	-11.8267
30.0524	-7.85156	-11.8311
30.0624	-7.85593	-11.8354
30.0724	-7.8603	-11.8398
30.0824	-7.86467	-11.8442
30.0923	-7.86904	-11.8485
30.1023	-7.87341	-11.8529
30.1123	-7.87778	-11.8573
30.1223	-7.88215	-11.8616
30.1323	-7.88653	-11.866
30.1422	-7.8909	-11.8704
30.1522	-7.89527	-11.8748
30.1622	-7.89964	-11.8791
30.1722	-7.90402	-11.8835
30.1821	-7.90839	-11.8879
30.1921	-7.91276	-11.8923
30.2021	-7.91713	-11.8966
30.2121	-7.92151	-11.901
30.2221	-7.92588	-11.9054
30.232	-7.93026	-11.9098
30.242	-7.93463	-11.9141
30.252	-7.93901	-11.9185
30.262	-7.94338	-11.9229
30.2719	-7.94776	-11.9273
30.2819	-7.95213	-11.9316
30.2919	-7.95651	-11.936
30.3019	-7.96089	-11.9404
30.3119	-7.96526	-11.9448
30.3218	-7.96964	-11.9491
30.3318	-7.97402	-11.9535
30.3418	-7.9784	-11.9579
30.3518	-7.98277	-11.9623
30.3617	-7.98715	-11.9666
30.3717	-7.99153	-11.971
30.3817	-7.99591	-11.9754
30.3917	-8.00029	-11.9798
30.4017	-8.00467	-11.9842
30.4116	-8.00905	-11.9885
30.4216	-8.01343	-11.9929
30.4316	-8.01781	-11.9973
30.4416	-8.02219	-12.0017
30.4515	-8.02657	-12.0061
30.4615	-8.03095	-12.0104
30.4715	-8.03534	-12.0148
30.4815	-8.03972	-12.0192
30.4914	-8.0441	-12.0236
30.5014	-8.04848	-12.028
30.5114	-8.05286	-12.0324
30.5214	-8.05725	-12.0367
30.5314	-8.06163	-12.0411
30.5413	-8.06601	-12.0455
30.5513	-8.0704	-12.0499
30.5613	-8.07478	-12.0543
30.5713	-8.07917	-12.0587
30.5812	-8.08355	-12.063
30.5912	-8.08794	-12.0674
30.6012	-8.09232	-12.0718
30.6112	-8.09671	-12.0762
30.6212	-8.10109	-12.0806
30.6311	-8.10548	-12.085
30.6411	-8.10987	-12.0894
30.6511	-8.11425	-12.0937
30.6611	-8.11864	-12.0981
30.671	-8.12303	-12.1025
30.681	-8.12741	-12.1069
30.691	-8.1318	-12.1113
30.701	-8.13619	-12.1157
30.711	-8.14058	-12.1201
30.7209	-8.14497	-12.1245
30.7309	-8.14936	-12.1289
30.7409	-8.15375	-12.1332
30.7509	-8.15814	-12.1376
30.7608	-8.16253	-12.142
30.7708	-8.16692	-12.1464
30.7808	-8.17131	-12.1508
30.7908	-8.1757	-12.1552
30.8008	-8.18009	-12.1596
30.8107	-8.18448	-12.164
30.8207	-8.18887	-12.1684
30.8307	-8.19326	-12.1728
30.8407	-8.19765	-12.1771
30.8506	-8.20204	-12.1815
30.8606	-8.20644	-12.1859
30.8706	-8.21083	-12.1903
30.8806	-8.21522	-12.1947
30.8905	-8.21962	-12.1991
30.9005	-8.22401	-12.2035
30.9105	-8.2284	-12.2079
30.9205	-8.2328	-12.2123
30.9305	-8.23719	-12.2167
30.9404	-8.24159	-12.2211
30.9504	-8.24598	-12.2255
30.9604	-8.25037	-12.2299
30.9704	-8.25477	-12.2343
30.9803	-8.25917	-12.2387
30.9903	-8.26356	-12.2431
31.0003	-8.26796	-12.2475
31.0103	-8.27235	-12.2518
31.0203	-8.27675	-12.2562
31.0302	-8.28115	-12.2606
31.0402	-8.28554	-12.265
31.0502	-8.28994	-12.2694
31.0602	-8.29434	-12.2738
31.0701	-8.29874	-12.2782
31.0801	-8.30313	-12.2826
31.0901	-8.30753	-12.287
31.1001	-8.31193	-12.2914
31.1101	-8.31633	-12.2958
31.12	-8.32073	-12.3002
31.13	-8.32513	-12.3046
31.14	-8.32953	-12.309
31.15	-8.33393	-12.3134
31.1599	-8.33833	-12.3178
31.1699	-8.34273	-12.3222
31.1799	-8.34713	-12.3266
31.1899	-8.35153	-12.331
31.1998	-8.35593	-12.3354
31.2098	-8.36033	-12.3398
31.2198	-8.36473	-12.3442
31.2298	-8.36913	-12.3486
31.2398	-8.37354	-12.353
31.2497	-8.37794	-12.3574
31.2597	-8.38234	-12.3618
31.2697	-8.38674	-12.3662
31.2797	-8.39114	-12.3706
31.2896	-8.39555	-12.375
31.2996	-8.39995	-12.3794
31.3096	-8.40435	-12.3838
31.3196	-8.40876	-12.3883
31.3296	-8.41316	-12.3927
31.3395	-8.41757	-12.3971
31.3495	-8.42197	-12.4015
31.3595	-8.42638	-12.4059
31.3695	-8.43078	-12.4103
31.3794	-8.43519	-12.4147
31.3894	-8.43959	-12.4191
31.3994	-8.444	-12.4235
31.4094	-8.4484	-12.4279
31.4194	-8.45281	-12.4323
31.4293	-8.45721	-12.4367
31.4393	-8.46162	-12.4411
31.4493	-8.46603	-12.4455
31.4593	-8.47043	-12.4499
31.4692	-8.47484	-12.4543
31.4792	-8.47925	-12.4587
31.4892	-8.48366	-12.4632
31.4992	-8.48806	-12.4676
31.5092	-8.49247	-12.472
31.5191	-8.49688	-12.4764
31.5291	-8.50129	-12.4808
31.5391	-8.5057	-12.4852
31.5491	-8.51011	-12.4896
31.559	-8.51452	-12.494
31.569	-8.51893	-12.4984
31.579	-8.52334	-12.5028
31.589	-8.52774	-12.5072
31.5989	-8.53215	-12.5116
31.6089	-8.53657	-12.5161
31.6189	-8.54098	-12.5205
31.6289	-8.54539	-12.5249
31.6389	-8.5498	-12.5293
31.6488	-8.55421	-12.5337
31.6588	-8.55862	-12.5381
31.6688	-8.56303	-12.5425
31.6788	-8.56744	-12.5469
31.6887	-8.57185	-12.5513
31.6987	-8.57627	-12.5558
31.7087	-8.58068	-12.5602
31.7187	-8.58509	-12.5646
31.7287	-8.5895	-12.569
31.7386	-8.59392	-12.5734
31.7486	-8.59833	-12.5778
31.7586	-8.60274	-12.5822
31.7686	-8.60716	-12.5867
31.7785	-8.61157	-12.5911
31.7885	-8.61598	-12.5955
31.7985	-8.6204	-12.5999
31.8085	-8.62481	-12.6043
31.8185	-8.62923	-12.6087
31.8284	-8.63364	-12.6131
31.8384	-8.63806	-12.6176
31.8484	-8.64247	-12.622
31.8584	-8.64689	-12.6264
31.8683	-8.6513	-12.6308
31.8783	-8.65572	-12.6352
31.8883	-8.66013	-12.6396
31.8983	-8.66455	-12.644
31.9083	-8.66897	-12.6485
31.9182	-8.67338	-12.6529
31.9282	-8.6778	-12.6573
31.9382	-8.68222	-12.6617
31.9482	-8.68663	-12.6661
31.9581	-8.69105	-12.6705
31.9681	-8.69547	-12.675
31.9781	-8.69989	-12.6794
31.9881	-8.7043	-12.6838
31.998	-8.70872	-12.6882
32.008	-8.71314	-12.6926
32.018	-8.71756	-12.6971
32.028	-8.72198	-12.7015
32.038	-8.7264	-12.7059
32.0479	-8.73082	-12.7103
32.0579	-8.73523	-12.7147
32.0679	-8.73965	-12.7191
32.0779	-8.74407	-12.7236
32.0878	-8.74849	-12.728
32.0978	-8.75291	-12.7324
32.1078	-8.75733	-12.7368
32.1178	-8.76175	-12.7412
32.1278	-8.76617	-12.7457
32.1377	-8.77059	-12.7501
32.1477	-8.77502	-12.7545
32.1577	-8.77944	-12.7589
32.1677	-8.78386	-12.7634
32.1776	-8.78828	-12.7678
32.1876	-8.7927	-12.7722
32.1976	-8.79712	-12.7766
32.2076	-8.80154	-12.781
32.2176	-8.80597	-12.7855
32.2275	-8.81039	-12.7899
32.2375	-8.81481	-12.7943
32.2475	-8.81923	-12.7987
32.2575	-8.82366	-12.8031
32.2674	-8.82808	-12.8076
32.2774	-8.8325	-12.812
32.2874	-8.83693	-12.8164
32.2974	-8.84135	-12.8208
32.3074	-8.84577	-12.8253
32.3173	-8.8502	-12.8297
32.3273	-8.85462	-12.8341
32.3373	-8.85904	-12.8385
32.3473	-8.86347	-12.843
32.3572	-8.86789	-12.8474
32.3672	-8.87232	-12.8518
32.3772	-8.87674	-12.8562
32.3872	-8.88117	-12.8607
32.3971	-8.88559	-12.8651
32.4071	-8.89002	-12.8695
32.4171	-8.89444	-12.8739
32.4271	-8.89887	-12.8784
32.4371	-8.9033	-12.8828
32.447	-8.90772	-12.8872
32.457	-8.91215	-12.8916
32.467	-8.91657	-12.8961
32.477	-8.921	-12.9005
32.4869	-8.92543	-12.9049
32.4969	-8.92985	-12.9093
32.5069	-8.93428	-12.9138
32.5169	-8.93871	-12.9182
32.5269	-8.94313	-12.9226
32.5368	-8.94756	-12.9271
32.5468	-8.95199	-12.9315
32.5568	-8.95642	-12.9359
32.5668	-8.96085	-12.9403
32.5767	-8.96527	-12.9448
32.5867	-8.9697	-12.9492
32.5967	-8.97413	-12.9536
32.6067	-8.97856	-12.9581
32.6167	-8.98299	-12.9625
32.6266	-8.98742	-12.9669
32.6366	-8.99184	-12.9713
32.6466	-8.99627	-12.9758
32.6566	-9.0007	-12.9802
32.6665	-9.00513	-12.9846
32.6765	-9.00956	-12.9891
32.6865	-9.01399	-12.9935
32.6965	-9.01842	-12.9979
32.7065	-9.02285	-13.0023
32.7164	-9.02728	-13.0068
32.7264	-9.03171	-13.0112
32.7364	-9.03614	-13.0156
32.7464	-9.04057	-13.0201
32.7563	-9.045	-13.0245
32.7663	-9.04943	-13.0289
32.7763	-9.05387	-13.0334
32.7863	-9.0583	-13.0378
32.7962	-9.06273	-13.0422
32.8062	-9.06716	-13.0467
32.8162	-9.07159	-13.0511
32.8262	-9.07602	-13.0555
32.8362	-9.08045	-13.0599
32.8461	-9.08489	-13.0644
32.8561	-9.08932	-13.0688
32.8661	-9.09375	-13.0732
32.8761	-9.09818	-13.0777
32.886	-9.10262	-13.0821
32.896	-9.10705	-13.0865
32.906	-9.11148	-13.091
32.916	-9.11591	-13.0954
32.926	-9.12035	-13.0998
32.9359	-9.12478	-13.1043
32.9459	-9.12921	-13.1087
32.9559	-9.13365	-13.1131
32.9659	-9.13808	-13.1176
32.9758	-9.14251	-13.122
32.9858	-9.14695	-13.1264
32.9958	-9.15138	-13.1309
33.0058	-9.15582	-13.1353
33.0158	-9.16025	-13.1397
33.0257	-9.16469	-13.1442
33.0357	-9.16912	-13.1486
33.0457	-9.17355	-13.153
33.0557	-9.17799	-13.1575
33.0656	-9.18242	-13.1619
33.0756	-9.18686	-13.1664
33.0856	-9.19129	-13.1708
33.0956	-9.19573	-13.1752
33.1056	-9.20017	-13.1797
33.1155	-9.2046	-13.1841
33.1255	-9.20904	-13.1885
33.1355	-9.21347	-13.193
33.1455	-9.21791	-13.1974
33.1554	-9.22234	-13.2018
33.1654	-9.22678	-13.2063
33.1754	-9.23122	-13.2107
33.1854	-9.23565	-13.2151
33.1953	-9.24009	-13.2196
33.2053	-9.24453	-13.224
33.2153	-9.24896	-13.2285
33.2253	-9.2534	-13.2329
33.2353	-9.25784	-13.2373
33.2452	-9.26227	-13.2418
33.2552	-9.26671	-13.2462
33.2652	-9.27115	-13.2506
33.2752	-9.27559	-13.2551
33.2851	-9.28002	-13.2595
33.2951	-9.28446	-13.264
33.3051	-9.2889	-13.2684
33.3151	-9.29334	-13.2728
33.3251	-9.29778	-13.2773
33.335	-9.30221	-13.2817
33.345	-9.30665	-13.2861
33.355	-9.31109	-13.2906
33.365	-9.31553	-13.295
33.3749	-9.31997	-13.2995
33.3849	-9.32441	-13.3039
33.3949	-9.32885	-13.3083
33.4049	-9.33328	-13.3128
33.4149	-9.33772	-13.3172
33.4248	-9.34216	-13.3217
33.4348	-9.3466	-13.3261
33.4448	-9.35104	-13.3305
33.4548	-9.35548	-13.335
33.4647	-9.35992	-13.3394
33.4747	-9.36436	-13.3439
33.4847	-9.3688	-13.3483
33.4947	-9.37324	-13.3527
33.5047	-9.37768	-13.3572
33.5146	-9.38212	-13.3616
33.5246	-9.38656	-13.3661
33.5346	-9.391	-13.3705
33.5446	-9.39544	-13.3749
33.5545	-9.39988	-13.3794
33.5645	-9.40432	-13.3838
33.5745	-9.40876	-13.3883
33.5845	-9.4132	-13.3927
33.5944	-9.41764	-13.3971
33.6044	-9.42209	-13.4016
33.6144	-9.42653	-13.406
33.6244	-9.43097	-13.4105
33.6344	-9.43541	-13.4149
33.6443	-9.43985	-13.4193
33.6543	-9.44429	-13.4238
33.6643	-9.44873	-13.4282
33.6743	-9.45318	-13.4327
33.6842	-9.45762	-13.4371
33.6942	-9.46206	-13.4416
33.7042	-9.4665	-13.446
33.7142	-9.47094	-13.4504
33.7242	-9.47539	-13.4549
33.7341	-9.47983	-13.4593
33.7441	-9.48427	-13.4638
33.7541	-9.48871	-13.4682
33.7641	-9.49316	-13.4726
33.774	-9.4976	-13.4771
33.784	-9.50204	-13.4815
33.794	-9.50648	-13.486
33.804	-9.51093	-13.4904
33.814	-9.51537	-13.4949
33.8239	-9.51981	-13.4993
33.8339	-9.52426	-13.5037
33.8439	-9.5287	-13.5082
33.8539	-9.53314	-13.5126
33.8638	-9.53759	-13.5171
33.8738	-9.54203	-13.5215
33.8838	-9.54647	-13.526
33.8938	-9.55092	-13.5304
33.9038	-9.55536	-13.5349
33.9137	-9.5598	-13.5393
33.9237	-9.56425	-13.5437
33.9337	-9.56869	-13.5482
33.9437	-9.57314	-13.5526
33.9536	-9.57758	-13.5571
33.9636	-9.58202	-13.5615
33.9736	-9.58647	-13.566
33.9836	-9.59091	-13.5704
33.9935	-9.59536	-13.5749
34.0035	-9.5998	-13.5793
34.0135	-9.60425	-13.5837
34.0235	-9.60869	-13.5882
34.0335	-9.61314	-13.5926
34.0434	-9.61758	-13.5971
34.0534	-9.62203	-13.6015
34.0634	-9.62647	-13.606
34.0734	-9.63092	-13.6104
34.0833	-9.63536	-13.6149
34.0933	-9.63981	-13.6193
34.1033	-9.64425	-13.6237
34.1133	-9.6487	-13.6282
34.1233	-9.65314	-13.6326
34.1332	-9.65759	-13.6371
34.1432	-9.66203	-13.6415
34.1532	-9.66648	-13.646
34.1632	-9.67093	-13.6504
34.1731	-9.67537	-13.6549
34.1831	-9.67982	-13.6593
34.1931	-9.68426	-13.6638
34.2031	-9.68871	-13.6682
34.2131	-9.69316	-13.6726
34.223	-9.6976	-13.6771
34.233	-9.70205	-13.6815
34.243	-9.70649	-13.686
34.253	-9.71094	-13.6904
34.2629	-9.71539	-13.6949
34.2729	-9.71983	-13.6993
34.2829	-9.72428	-13.7038
34.2929	-9.72873	-13.7082
34.3029	-9.73317	-13.7127
34.3128	-9.73762	-13.7171
34.3228	-9.74207	-13.7216
34.3328	-9.74651	-13.726
34.3428	-9.75096	-13.7305
34.3527	-9.75541	-13.7349
34.3627	-9.75985	-13.7393
34.3727	-9.7643	-13.7438
34.3827	-9.76875	-13.7482
34.3926	-9.7732	-13.7527
34.4026	-9.77764	-13.7571
34.4126	-9.78209	-13.7616
34.4226	-9.78654	-13.766
34.4326	-9.79099	-13.7705
34.4425	-9.79543	-13.7749
34.4525	-9.79988	-13.7794
34.4625	-9.80433	-13.7838
34.4725	-9.80878	-13.7883
34.4824	-9.81322	-13.7927
34.4924	-9.81767	-13.7972
34.5024	-9.82212	-13.8016
34.5124	-9.82657	-13.8061
34.5224	-9.83102	-13.8105
34.5323	-9.83546	-13.815
34.5423	-9.83991	-13.8194
34.5523	-9.84436	-13.8239
34.5623	-9.84881	-13.8283
34.5722	-9.85326	-13.8327
34.5822	-9.8577	-13.8372
34.5922	-9.86215	-13.8416
34.6022	-9.8666	-13.8461
34.6122	-9.87105	-13.8505
34.6221	-9.8755	-13.855
34.6321	-9.87995	-13.8594
34.6421	-9.8844	-13.8639
34.6521	-9.88884	-13.8683
34.662	-9.89329	-13.8728
34.672	-9.89774	-13.8772
34.682	-9.90219	-13.8817
34.692	-9.90664	-13.8861
34.702	-9.91109	-13.8906
34.7119	-9.91554	-13.895
34.7219	-9.91999	-13.8995
34.7319	-9.92443	-13.9039
34.7419	-9.92888	-13.9084
34.7518	-9.93333	-13.9128
34.7618	-9.93778	-13.9173
34.7718	-9.94223	-13.9217
34.7818	-9.94668	-13.9262
34.7917	-9.95113	-13.9306
34.8017	-9.95558	-13.9351
34.8117	-9.96003	-13.9395
34.8217	-9.96448	-13.944
34.8317	-9.96893	-13.9484
34.8416	-9.97338	-13.9529
34.8516	-9.97783	-13.9573
34.8616	-9.98228	-13.9618
34.8716	-9.98672	-13.9662
34.8815	-9.99117	-13.9707
34.8915	-9.99562	-13.9751
34.9015	-10.0001	-13.9796
34.9115	-10.0045	-13.984
34.9215	-10.009	-13.9885
34.9314	-10.0134	-13.9929
34.9414	-10.0179	-13.9974
34.9514	-10.0223	-14.0018
34.9614	-10.0268	-14.0063
34.9713	-10.0312	-14.0107
34.9813	-10.0357	-14.0152
34.9913	-10.0401	-14.0196
35.0013	-10.0446	-14.0241
35.0113	-10.049	-14.0285
35.0212	-10.0535	-14.033
35.0312	-10.0579	-14.0374
35.0412	-10.0624	-14.0419
35.0512	-10.0668	-14.0463
35.0611	-10.0713	-14.0508
35.0711	-10.0757	-14.0552
35.0811	-10.0802	-14.0597
35.0911	-10.0846	-14.0641
35.1011	-10.0891	-14.0686
35.111	-10.0935	-14.073
35.121	-10.098	-14.0775
35.131	-10.1024	-14.0819
35.141	-10.1069	-14.0864
35.1509	-10.1113	-14.0908
35.1609	-10.1158	-14.0953
35.1709	-10.1202	-14.0997
35.1809	-10.1247	-14.1042
35.1908	-10.1291	-14.1086
35.2008	-10.1336	-14.1131
35.2108	-10.138	-14.1175
35.2208	-10.1425	-14.122
35.2308	-10.1469	-14.1264
35.2407	-10.1514	-14.1309
35.2507	-10.1558	-14.1353
35.2607	-10.1603	-14.1398
35.2707	-10.1647	-14.1442
35.2806	-10.1692	-14.1487
35.2906	-10.1736	-14.1531
35.3006	-10.1781	-14.1576
35.3106	-10.1825	-14.162
35.3206	-10.187	-14.1665
35.3305	-10.1914	-14.1709
35.3405	-10.1959	-14.1754
35.3505	-10.2003	-14.1798
35.3605	-10.2048	-14.1843
35.3704	-10.2092	-14.1887
35.3804	-10.2137	-14.1932
35.3904	-10.2181	-14.1976
35.4004	-10.2226	-14.2021
35.4104	-10.227	-14.2065
35.4203	-10.2315	-14.211
35.4303	-10.2359	-14.2154
35.4403	-10.2404	-14.2199
35.4503	-10.2448	-14.2243
35.4602	-10.2493	-14.2288
35.4702	-10.2537	-14.2332
35.4802	-10.2582	-14.2377
35.4902	-10.2626	-14.2421
35.5002	-10.2671	-14.2466
35.5101	-10.2716	-14.251
35.5201	-10.276	-14.2555
35.5301	-10.2805	-14.2599
35.5401	-10.2849	-14.2644
35.55	-10.2894	-14.2688
35.56	-10.2938	-14.2733
35.57	-10.2983	-14.2778
35.58	-10.3027	-14.2822
35.5899	-10.3072	-14.2867
35.5999	-10.3116	-14.2911
35.6099	-10.3161	-14.2956
35.6199	-10.3205	-14.3
35.6299	-10.325	-14.3045
35.6398	-10.3294	-14.3089
35.6498	-10.3339	-14.3134
35.6598	-10.3383	-14.3178
35.6698	-10.3428	-14.3223
35.6797	-10.3472	-14.3267
35.6897	-10.3517	-14.3312
35.6997	-10.3561	-14.3356
35.7097	-10.3606	-14.3401
35.7197	-10.365	-14.3445
35.7296	-10.3695	-14.349
35.7396	-10.3739	-14.3534
35.7496	-10.3784	-14.3579
35.7596	-10.3828	-14.3623
35.7695	-10.3873	-14.3668
35.7795	-10.3917	-14.3712
35.7895	-10.3962	-14.3757
35.7995	-10.4006	-14.3801
35.8095	-10.4051	-14.3846
35.8194	-10.4095	-14.389
35.8294	-10.414	-14.3935
35.8394	-10.4184	-14.3979
35.8494	-10.4229	-14.4024
35.8593	-10.4273	-14.4068
35.8693	-10.4318	-14.4113
35.8793	-10.4362	-14.4157
35.8893	-10.4407	-14.4202
35.8992	-10.4451	-14.4246
35.9092	-10.4496	-14.4291
35.9192	-10.454	-14.4335
35.9292	-10.4585	-14.438
35.9392	-10.4629	-14.4424
35.9491	-10.4674	-14.4469
35.9591	-10.4718	-14.4513
35.9691	-10.4763	-14.4558
35.9791	-10.4807	-14.4602
35.989	-10.4852	-14.4647
35.999	-10.4897	-14.4691
36.009	-10.4941	-14.4736
36.019	-10.4986	-14.478
36.029	-10.503	-14.4825
36.0389	-10.5075	-14.4869
36.0489	-10.5119	-14.4914
36.0589	-10.5164	-14.4959
36.0689	-10.5208	-14.5003
36.0788	-10.5253	-14.5048
36.0888	-10.5297	-14.5092
36.0988	-10.5342	-14.5137
36.1088	-10.5386	-14.5181
36.1188	-10.5431	-14.5226
36.1287	-10.5475	-14.527
36.1387	-10.552	-14.5315
36.1487	-10.5564	-14.5359
36.1587	-10.5609	-14.5404
36.1686	-10.5653	-14.5448
36.1786	-10.5698	-14.5493
36.1886	-10.5742	-14.5537
36.1986	-10.5787	-14.5582
36.2086	-10.5831	-14.5626
36.2185	-10.5876	-14.5671
36.2285	-10.592	-14.5715
36.2385	-10.5965	-14.576
36.2485	-10.6009	-14.5804
36.2584	-10.6054	-14.5849
36.2684	-10.6098	-14.5893
36.2784	-10.6143	-14.5938
36.2884	-10.6187	-14.5982
36.2983	-10.6232	-14.6027
36.3083	-10.6276	-14.6071
36.3183	-10.6321	-14.6116
36.3283	-10.6365	-14.616
36.3383	-10.641	-14.6205
36.3482	-10.6454	-14.6249
36.3582	-10.6499	-14.6294
36.3682	-10.6543	-14.6338
36.3782	-10.6588	-14.6383
36.3881	-10.6632	-14.6427
36.3981	-10.6677	-14.6472
36.4081	-10.6721	-14.6516
36.4181	-10.6766	-14.6561
36.4281	-10.681	-14.6605
36.438	-10.6855	-14.665
36.448	-10.6899	-14.6694
36.458	-10.6944	-14.6739
36.468	-10.6988	-14.6783
36.4779	-10.7033	-14.6828
36.4879	-10.7077	-14.6872
36.4979	-10.7122	-14.6917
36.5079	-10.7166	-14.6961
36.5179	-10.7211	-14.7006
36.5278	-10.7255	-14.705
36.5378	-10.73	-14.7095
36.5478	-10.7344	-14.7139
36.5578	-10.7389	-14.7184
36.5677	-10.7433	-14.7228
36.5777	-10.7478	-14.7273
36.5877	-10.7522	-14.7317
36.5977	-10.7567	-14.7362
36.6077	-10.7611	-14.7406
36.6176	-10.7656	-14.7451
36.6276	-10.77	-14.7495
36.6376	-10.7745	-14.754
36.6476	-10.7789	-14.7584
36.6575	-10.7834	-14.7629
36.6675	-10.7878	-14.7673
36.6775	-10.7923	-14.7718
36.6875	-10.7967	-14.7762
36.6974	-10.8012	-14.7807
36.7074	-10.8056	-14.7851
36.7174	-10.8101	-14.7896
36.7274	-10.8145	-14.794
36.7374	-10.819	-14.7985
36.7473	-10.8234	-14.8029
36.7573	-10.8279	-14.8073
36.7673	-10.8323	-14.8118
36.7773	-10.8368	-14.8162
36.7872	-10.8412	-14.8207
36.7972	-10.8457	-14.8251
36.8072	-10.8501	-14.8296
36.8172	-10.8545	-14.834
36.8272	-10.859	-14.8385
36.8371	-10.8634	-14.8429
36.8471	-10.8679	-14.8474
36.8571	-10.8723	-14.8518
36.8671	-10.8768	-14.8563
36.877	-10.8812	-14.8607
36.887	-10.8857	-14.8652
36.897	-10.8901	-14.8696
36.907	-10.8946	-14.8741
36.917	-10.899	-14.8785
36.9269	-10.9035	-14.883
36.9369	-10.9079	-14.8874
36.9469	-10.9124	-14.8919
36.9569	-10.9168	-14.8963
36.9668	-10.9213	-14.9008
36.9768	-10.9257	-14.9052
36.9868	-10.9302	-14.9097
36.9968	-10.9346	-14.9141
37.0068	-10.9391	-14.9186
37.0167	-10.9435	-14.923
37.0267	-10.948	-14.9275
37.0367	-10.9524	-14.9319
37.0467	-10.9569	-14.9363
37.0566	-10.9613	-14.9408
37.0666	-10.9657	-14.9452
37.0766	-10.9702	-14.9497
37.0866	-10.9746	-14.9541
37.0965	-10.9791	-14.9586
37.1065	-10.9835	-14.963
37.1165	-10.988	-14.9675
37.1265	-10.9924	-14.9719
37.1365	-10.9969	-14.9764
37.1464	-11.0013	-14.9808
37.1564	-11.0058	-14.9853
37.1664	-11.0102	-14.9897
37.1764	-11.0147	-14.9942
37.1863	-11.0191	-14.9986
37.1963	-11.0236	-15.0031
37.2063	-11.028	-15.0075
37.2163	-11.0325	-15.0119
37.2263	-11.0369	-15.0164
37.2362	-11.0413	-15.0208
37.2462	-11.0458	-15.0253
37.2562	-11.0502	-15.0297
37.2662	-11.0547	-15.0342
37.2761	-11.0591	-15.0386
37.2861	-11.0636	-15.0431
37.2961	-11.068	-15.0475
37.3061	-11.0725	-15.052
37.3161	-11.0769	-15.0564
37.326	-11.0814	-15.0609
37.336	-11.0858	-15.0653
37.346	-11.0903	-15.0697
37.356	-11.0947	-15.0742
37.3659	-11.0991	-15.0786
37.3759	-11.1036	-15.0831
37.3859	-11.108	-15.0875
37.3959	-11.1125	-15.092
37.4059	-11.1169	-15.0964
37.4158	-11.1214	-15.1009
37.4258	-11.1258	-15.1053
37.4358	-11.1303	-15.1098
37.4458	-11.1347	-15.1142
37.4557	-11.1392	-15.1186
37.4657	-11.1436	-15.1231
37.4757	-11.148	-15.1275
37.4857	-11.1525	-15.132
37.4956	-11.1569	-15.1364
37.5056	-11.1614	-15.1409
37.5156	-11.1658	-15.1453
37.5256	-11.1703	-15.1498
37.5356	-11.1747	-15.1542
37.5455	-11.1792	-15.1587
37.5555	-11.1836	-15.1631
37.5655	-11.188	-15.1675
37.5755	-11.1925	-15.172
37.5854	-11.1969	-15.1764
37.5954	-11.2014	-15.1809
37.6054	-11.2058	-15.1853
37.6154	-11.2103	-15.1898
37.6254	-11.2147	-15.1942
37.6353	-11.2192	-15.1986
37.6453	-11.2236	-15.2031
37.6553	-11.228	-15.2075
37.6653	-11.2325	-15.212
37.6752	-11.2369	-15.2164
37.6852	-11.2414	-15.2209
37.6952	-11.2458	-15.2253
37.7052	-11.2503	-15.2298
37.7152	-11.2547	-15.2342
37.7251	-11.2591	-15.2386
37.7351	-11.2636	-15.2431
37.7451	-11.268	-15.2475
37.7551	-11.2725	-15.252
37.765	-11.2769	-15.2564
37.775	-11.2814	-15.2609
37.785	-11.2858	-15.2653
37.795	-11.2902	-15.2697
37.805	-11.2947	-15.2742
37.8149	-11.2991	-15.2786
37.8249	-11.3036	-15.2831
37.8349	-11.308	-15.2875
37.8449	-11.3125	-15.292
37.8548	-11.3169	-15.2964
37.8648	-11.3213	-15.3008
37.8748	-11.3258	-15.3053
37.8848	-11.3302	-15.3097
37.8947	-11.3347	-15.3142
37.9047	-11.3391	-15.3186
37.9147	-11.3436	-15.323
37.9247	-11.348	-15.3275
37.9347	-11.3524	-15.3319
37.9446	-11.3569	-15.3364
37.9546	-11.3613	-15.3408
37.9646	-11.3658	-15.3453
37.9746	-11.3702	-15.3497
37.9845	-11.3746	-15.3541
37.9945	-11.3791	-15.3586
38.0045	-11.3835	-15.363
38.0145	-11.388	-15.3675
38.0245	-11.3924	-15.3719
38.0344	-11.3968	-15.3763
38.0444	-11.4013	-15.3808
38.0544	-11.4057	-15.3852
38.0644	-11.4102	-15.3897
38.0743	-11.4146	-15.3941
38.0843	-11.419	-15.3985
38.0943	-11.4235	-15.403
38.1043	-11.4279	-15.4074
38.1143	-11.4324	-15.4119
38.1242	-11.4368	-15.4163
38.1342	-11.4412	-15.4207
38.1442	-11.4457	-15.4252
38.1542	-11.4501	-15.4296
38.1641	-11.4546	-15.4341
38.1741	-11.459	-15.4385
38.1841	-11.4634	-15.4429
38.1941	-11.4679	-15.4474
38.2041	-11.4723	-15.4518
38.214	-11.4768	-15.4563
38.224	-11.4812	-15.4607
38.234	-11.4856	-15.4651
38.244	-11.4901	-15.4696
38.2539	-11.4945	-15.474
38.2639	-11.499	-15.4785
38.2739	-11.5034	-15.4829
38.2839	-11.5078	-15.4873
38.2938	-11.5123	-15.4918
38.3038	-11.5167	-15.4962
38.3138	-11.5212	-15.5006
38.3238	-11.5256	-15.5051
38.3338	-11.53	-15.5095
38.3437	-11.5345	-15.514
38.3537	-11.5389	-15.5184
38.3637	-11.5433	-15.5228
38.3737	-11.5478	-15.5273
38.3836	-11.5522	-15.5317
38.3936	-11.5567	-15.5361
38.4036	-11.5611	-15.5406
38.4136	-11.5655	-15.545
38.4236	-11.57	-15.5495
38.4335	-11.5744	-15.5539
38.4435	-11.5788	-15.5583
38.4535	-11.5833	-15.5628
38.4635	-11.5877	-15.5672
38.4734	-11.5921	-15.5716
38.4834	-11.5966	-15.5761
38.4934	-11.601	-15.5805
38.5034	-11.6055	-15.585
38.5134	-11.6099	-15.5894
38.5233	-11.6143	-15.5938
38.5333	-11.6188	-15.5983
38.5433	-11.6232	-15.6027
38.5533	-11.6276	-15.6071
38.5632	-11.6321	-15.6116
38.5732	-11.6365	-15.616
38.5832	-11.6409	-15.6204
38.5932	-11.6454	-15.6249
38.6032	-11.6498	-15.6293
38.6131	-11.6543	-15.6337
38.6231	-11.6587	-15.6382
38.6331	-11.6631	-15.6426
38.6431	-11.6676	-15.6471
38.653	-11.672	-15.6515
38.663	-11.6764	-15.6559
38.673	-11.6809	-15.6604
38.683	-11.6853	-15.6648
38.6929	-11.6897	-15.6692
38.7029	-11.6942	-15.6737
38.7129	-11.6986	-15.6781
38.7229	-11.703	-15.6825
38.7329	-11.7075	-15.687
38.7428	-11.7119	-15.6914
38.7528	-11.7163	-15.6958
38.7628	-11.7208	-15.7003
38.7728	-11.7252	-15.7047
38.7827	-11.7296	-15.7091
38.7927	-11.7341	-15.7136
38.8027	-11.7385	-15.718
38.8127	-11.7429	-15.7224
38.8227	-11.7474	-15.7269
38.8326	-11.7518	-15.7313
38.8426	-11.7562	-15.7357
38.8526	-11.7607	-15.7402
38.8626	-11.7651	-15.7446
38.8725	-11.7695	-15.749
38.8825	-11.774	-15.7535
38.8925	-11.7784	-15.7579
38.9025	-11.7828	-15.7623
38.9125	-11.7873	-15.7668
38.9224	-11.7917	-15.7712
38.9324	-11.7961	-15.7756
38.9424	-11.8006	-15.78
38.9524	-11.805	-15.7845
38.9623	-11.8094	-15.7889
38.9723	-11.8139	-15.7933
38.9823	-11.8183	-15.7978
38.9923	-11.8227	-15.8022
39.0023	-11.8271	-15.8066
39.0122	-11.8316	-15.8111
39.0222	-11.836	-15.8155
39.0322	-11.8404	-15.8199
39.0422	-11.8449	-15.8244
39.0521	-11.8493	-15.8288
39.0621	-11.8537	-15.8332
39.0721	-11.8582	-15.8377
39.0821	-11.8626	-15.8421
39.092	-11.867	-15.8465
39.102	-11.8714	-15.8509
39.112	-11.8759	-15.8554
39.122	-11.8803	-15.8598
39.132	-11.8847	-15.8642
39.1419	-11.8892	-15.8687
39.1519	-11.8936	-15.8731
39.1619	-11.898	-15.8775
39.1719	-11.9025	-15.8819
39.1818	-11.9069	-15.8864
39.1918	-11.9113	-15.8908
39.2018	-11.9157	-15.8952
39.2118	-11.9202	-15.8997
39.2218	-11.9246	-15.9041
39.2317	-11.929	-15.9085
39.2417	-11.9335	-15.9129
39.2517	-11.9379	-15.9174
39.2617	-11.9423	-15.9218
39.2716	-11.9467	-15.9262
39.2816	-11.9512	-15.9307
39.2916	-11.9556	-15.9351
39.3016	-11.96	-15.9395
39.3116	-11.9644	-15.9439
39.3215	-11.9689	-15.9484
39.3315	-11.9733	-15.9528
39.3415	-11.9777	-15.9572
39.3515	-11.9822	-15.9616
39.3614	-11.9866	-15.9661
39.3714	-11.991	-15.9705
39.3814	-11.9954	-15.9749
39.3914	-11.9999	-15.9794
39.4014	-12.0043	-15.9838
39.4113	-12.0087	-15.9882
39.4213	-12.0131	-15.9926
39.4313	-12.0176	-15.9971
39.4413	-12.022	-16.0015
39.4512	-12.0264	-16.0059
39.4612	-12.0308	-16.0103
39.4712	-12.0353	-16.0148
39.4812	-12.0397	-16.0192
39.4911	-12.0441	-16.0236
39.5011	-12.0485	-16.028
39.5111	-12.053	-16.0325
39.5211	-12.0574	-16.0369
39.5311	-12.0618	-16.0413
39.541	-12.0662	-16.0457
39.551	-12.0707	-16.0502
39.561	-12.0751	-16.0546
39.571	-12.0795	-16.059
39.5809	-12.0839	-16.0634
39.5909	-12.0884	-16.0679
39.6009	-12.0928	-16.0723
39.6109	-12.0972	-16.0767
39.6209	-12.1016	-16.0811
39.6308	-12.1061	-16.0856
39.6408	-12.1105	-16.09
39.6508	-12.1149	-16.0944
39.6608	-12.1193	-16.0988
39.6707	-12.1237	-16.1032
39.6807	-12.1282	-16.1077
39.6907	-12.1326	-16.1121
39.7007	-12.137	-16.1165
39.7107	-12.1414	-16.1209
39.7206	-12.1459	-16.1254
39.7306	-12.1503	-16.1298
39.7406	-12.1547	-16.1342
39.7506	-12.1591	-16.1386
39.7605	-12.1635	-16.143
39.7705	-12.168	-16.1475
39.7805	-12.1724	-16.1519
39.7905	-12.1768	-16.1563
39.8005	-12.1812	-16.1607
39.8104	-12.1857	-16.1651
39.8204	-12.1901	-16.1696
39.8304	-12.1945	-16.174
39.8404	-12.1989	-16.1784
39.8503	-12.2033	-16.1828
39.8603	-12.2078	-16.1872
39.8703	-12.2122	-16.1917
39.8803	-12.2166	-16.1961
39.8902	-12.221	-16.2005
39.9002	-12.2254	-16.2049
39.9102	-12.2299	-16.2093
39.9202	-12.2343	-16.2138
39.9302	-12.2387	-16.2182
39.9401	-12.2431	-16.2226
39.9501	-12.2475	-16.227
39.9601	-12.2519	-16.2314
39.9701	-12.2564	-16.2359
39.98	-12.2608	-16.2403
39.99	-12.2652	-16.2447
40	-12.2696	-16.2491
