Freq_GHz	Model_Norm_dB	Model_dBm_5mA
0.1	0	-2.04132
0.109977	-2.55238e-05	-2.04135
0.119955	-5.34733e-05	-2.04138
0.129932	-8.38484e-05	-2.04141
0.13991	-0.000116649	-2.04144
0.149887	-0.000151876	-2.04147
0.159865	-0.000189528	-2.04151
0.169842	-0.000229605	-2.04155
0.17982	-0.000272109	-2.04159
0.189797	-0.000317038	-2.04164
0.199775	-0.000364392	-2.04169
0.209752	-0.000414172	-2.04174
0.21973	-0.000466378	-2.04179
0.229707	-0.00052101	-2.04184
0.239685	-0.000578067	-2.0419
0.249662	-0.00063755	-2.04196
0.25964	-0.000699459	-2.04202
0.269617	-0.000763793	-2.04209
0.279595	-0.000830553	-2.04215
0.289572	-0.000899739	-2.04222
0.29955	-0.00097135	-2.04229
0.309527	-0.00104539	-2.04237
0.319505	-0.00112185	-2.04244
0.329482	-0.00120074	-2.04252
0.33946	-0.00128205	-2.0426
0.349437	-0.00136579	-2.04269
0.359415	-0.00145196	-2.04277
0.369392	-0.00154055	-2.04286
0.37937	-0.00163157	-2.04295
0.389347	-0.00172501	-2.04305
0.399325	-0.00182088	-2.04314
0.409302	-0.00191917	-2.04324
0.41928	-0.00201989	-2.04334
0.429257	-0.00212304	-2.04344
0.439235	-0.00222861	-2.04355
0.449212	-0.00233661	-2.04366
0.45919	-0.00244703	-2.04377
0.469167	-0.00255988	-2.04388
0.479145	-0.00267516	-2.044
0.489122	-0.00279286	-2.04411
0.4991	-0.00291298	-2.04423
0.509077	-0.00303554	-2.04436
0.519055	-0.00316051	-2.04448
0.529032	-0.00328792	-2.04461
0.53901	-0.00341775	-2.04474
0.548987	-0.00355	-2.04487
0.558965	-0.00368468	-2.04501
0.568942	-0.00382179	-2.04514
0.57892	-0.00396133	-2.04528
0.588897	-0.00410328	-2.04542
0.598875	-0.00424767	-2.04557
0.608852	-0.00439448	-2.04572
0.61883	-0.00454372	-2.04587
0.628807	-0.00469538	-2.04602
0.638785	-0.00484947	-2.04617
0.648762	-0.00500598	-2.04633
0.65874	-0.00516492	-2.04649
0.668717	-0.00532629	-2.04665
0.678695	-0.00549008	-2.04681
0.688672	-0.0056563	-2.04698
0.69865	-0.00582495	-2.04715
0.708627	-0.00599602	-2.04732
0.718605	-0.00616952	-2.04749
0.728582	-0.00634544	-2.04767
0.73856	-0.00652379	-2.04785
0.748537	-0.00670456	-2.04803
0.758515	-0.00688776	-2.04821
0.768492	-0.00707339	-2.0484
0.77847	-0.00726144	-2.04858
0.788447	-0.00745192	-2.04877
0.798425	-0.00764483	-2.04897
0.808402	-0.00784016	-2.04916
0.81838	-0.00803792	-2.04936
0.828357	-0.0082381	-2.04956
0.838335	-0.00844071	-2.04976
0.848312	-0.00864575	-2.04997
0.85829	-0.00885321	-2.05017
0.868267	-0.0090631	-2.05038
0.878245	-0.00927541	-2.0506
0.888222	-0.00949015	-2.05081
0.8982	-0.00970732	-2.05103
0.908177	-0.00992691	-2.05125
0.918155	-0.0101489	-2.05147
0.928132	-0.0103734	-2.0517
0.93811	-0.0106003	-2.05192
0.948087	-0.0108296	-2.05215
0.958065	-0.0110613	-2.05238
0.968042	-0.0112954	-2.05262
0.97802	-0.011532	-2.05285
0.987997	-0.011771	-2.05309
0.997974	-0.0120124	-2.05333
1.00795	-0.0122563	-2.05358
1.01793	-0.0125026	-2.05382
1.02791	-0.0127513	-2.05407
1.03788	-0.0130024	-2.05432
1.04786	-0.013256	-2.05458
1.05784	-0.013512	-2.05483
1.06782	-0.0137704	-2.05509
1.07779	-0.0140312	-2.05535
1.08777	-0.0142945	-2.05562
1.09775	-0.0145602	-2.05588
1.10773	-0.0148283	-2.05615
1.1177	-0.0150989	-2.05642
1.12768	-0.0153718	-2.05669
1.13766	-0.0156472	-2.05697
1.14764	-0.0159251	-2.05725
1.15761	-0.0162053	-2.05753
1.16759	-0.016488	-2.05781
1.17757	-0.0167731	-2.05809
1.18755	-0.0170607	-2.05838
1.19752	-0.0173506	-2.05867
1.2075	-0.017643	-2.05896
1.21748	-0.0179378	-2.05926
1.22746	-0.0182351	-2.05956
1.23743	-0.0185347	-2.05986
1.24741	-0.0188368	-2.06016
1.25739	-0.0191413	-2.06046
1.26737	-0.0194483	-2.06077
1.27734	-0.0197577	-2.06108
1.28732	-0.0200695	-2.06139
1.2973	-0.0203837	-2.06171
1.30728	-0.0207004	-2.06202
1.31725	-0.0210194	-2.06234
1.32723	-0.021341	-2.06266
1.33721	-0.0216649	-2.06299
1.34719	-0.0219913	-2.06331
1.35716	-0.02232	-2.06364
1.36714	-0.0226513	-2.06397
1.37712	-0.0229849	-2.06431
1.3871	-0.023321	-2.06464
1.39707	-0.0236595	-2.06498
1.40705	-0.0240004	-2.06532
1.41703	-0.0243438	-2.06567
1.42701	-0.0246895	-2.06601
1.43698	-0.0250378	-2.06636
1.44696	-0.0253884	-2.06671
1.45694	-0.0257414	-2.06706
1.46692	-0.0260969	-2.06742
1.47689	-0.0264549	-2.06778
1.48687	-0.0268152	-2.06814
1.49685	-0.027178	-2.0685
1.50683	-0.0275432	-2.06886
1.5168	-0.0279108	-2.06923
1.52678	-0.0282808	-2.0696
1.53676	-0.0286533	-2.06997
1.54674	-0.0290282	-2.07035
1.55671	-0.0294056	-2.07073
1.56669	-0.0297853	-2.07111
1.57667	-0.0301675	-2.07149
1.58665	-0.0305521	-2.07187
1.59662	-0.0309392	-2.07226
1.6066	-0.0313287	-2.07265
1.61658	-0.0317206	-2.07304
1.62656	-0.0321149	-2.07344
1.63653	-0.0325116	-2.07383
1.64651	-0.0329108	-2.07423
1.65649	-0.0333124	-2.07463
1.66647	-0.0337165	-2.07504
1.67644	-0.0341229	-2.07544
1.68642	-0.0345318	-2.07585
1.6964	-0.0349432	-2.07626
1.70638	-0.0353569	-2.07668
1.71635	-0.0357731	-2.07709
1.72633	-0.0361917	-2.07751
1.73631	-0.0366127	-2.07793
1.74629	-0.0370362	-2.07836
1.75626	-0.0374621	-2.07878
1.76624	-0.0378904	-2.07921
1.77622	-0.0383211	-2.07964
1.7862	-0.0387543	-2.08008
1.79617	-0.0391899	-2.08051
1.80615	-0.0396279	-2.08095
1.81613	-0.0400684	-2.08139
1.82611	-0.0405113	-2.08183
1.83608	-0.0409566	-2.08228
1.84606	-0.0414043	-2.08273
1.85604	-0.0418545	-2.08318
1.86602	-0.0423071	-2.08363
1.87599	-0.0427621	-2.08408
1.88597	-0.0432195	-2.08454
1.89595	-0.0436794	-2.085
1.90593	-0.0441417	-2.08546
1.9159	-0.0446065	-2.08593
1.92588	-0.0450736	-2.0864
1.93586	-0.0455432	-2.08686
1.94584	-0.0460152	-2.08734
1.95581	-0.0464897	-2.08781
1.96579	-0.0469666	-2.08829
1.97577	-0.0474459	-2.08877
1.98575	-0.0479276	-2.08925
1.99572	-0.0484118	-2.08973
2.0057	-0.0488984	-2.09022
2.01568	-0.0493874	-2.09071
2.02566	-0.0498788	-2.0912
2.03563	-0.0503727	-2.09169
2.04561	-0.050869	-2.09219
2.05559	-0.0513677	-2.09269
2.06557	-0.0518689	-2.09319
2.07554	-0.0523725	-2.09369
2.08552	-0.0528785	-2.0942
2.0955	-0.0533869	-2.09471
2.10548	-0.0538978	-2.09522
2.11545	-0.0544111	-2.09573
2.12543	-0.0549269	-2.09625
2.13541	-0.055445	-2.09677
2.14539	-0.0559656	-2.09729
2.15536	-0.0564886	-2.09781
2.16534	-0.0570141	-2.09834
2.17532	-0.057542	-2.09886
2.1853	-0.0580723	-2.09939
2.19527	-0.058605	-2.09993
2.20525	-0.0591402	-2.10046
2.21523	-0.0596777	-2.101
2.22521	-0.0602178	-2.10154
2.23518	-0.0607602	-2.10208
2.24516	-0.0613051	-2.10263
2.25514	-0.0618524	-2.10317
2.26512	-0.0624021	-2.10372
2.27509	-0.0629543	-2.10428
2.28507	-0.0635089	-2.10483
2.29505	-0.0640659	-2.10539
2.30503	-0.0646254	-2.10595
2.315	-0.0651872	-2.10651
2.32498	-0.0657516	-2.10707
2.33496	-0.0663183	-2.10764
2.34494	-0.0668875	-2.10821
2.35491	-0.0674591	-2.10878
2.36489	-0.0680331	-2.10935
2.37487	-0.0686095	-2.10993
2.38485	-0.0691884	-2.11051
2.39482	-0.0697697	-2.11109
2.4048	-0.0703535	-2.11168
2.41478	-0.0709397	-2.11226
2.42476	-0.0715283	-2.11285
2.43473	-0.0721193	-2.11344
2.44471	-0.0727128	-2.11403
2.45469	-0.0733086	-2.11463
2.46467	-0.073907	-2.11523
2.47464	-0.0745077	-2.11583
2.48462	-0.0751109	-2.11643
2.4946	-0.0757165	-2.11704
2.50458	-0.0763245	-2.11765
2.51455	-0.076935	-2.11826
2.52453	-0.0775479	-2.11887
2.53451	-0.0781632	-2.11948
2.54449	-0.078781	-2.1201
2.55446	-0.0794012	-2.12072
2.56444	-0.0800238	-2.12135
2.57442	-0.0806488	-2.12197
2.5844	-0.0812763	-2.1226
2.59437	-0.0819062	-2.12323
2.60435	-0.0825385	-2.12386
2.61433	-0.0831733	-2.12449
2.62431	-0.0838105	-2.12513
2.63428	-0.0844501	-2.12577
2.64426	-0.0850922	-2.12641
2.65424	-0.0857367	-2.12706
2.66422	-0.0863836	-2.12771
2.67419	-0.0870329	-2.12835
2.68417	-0.0876847	-2.12901
2.69415	-0.0883389	-2.12966
2.70413	-0.0889955	-2.13032
2.7141	-0.0896546	-2.13098
2.72408	-0.0903161	-2.13164
2.73406	-0.09098	-2.1323
2.74404	-0.0916464	-2.13297
2.75401	-0.0923151	-2.13364
2.76399	-0.0929864	-2.13431
2.77397	-0.09366	-2.13498
2.78395	-0.0943361	-2.13566
2.79392	-0.0950146	-2.13634
2.8039	-0.0956955	-2.13702
2.81388	-0.0963789	-2.1377
2.82386	-0.0970647	-2.13839
2.83383	-0.0977529	-2.13907
2.84381	-0.0984435	-2.13977
2.85379	-0.0991366	-2.14046
2.86377	-0.0998321	-2.14115
2.87374	-0.10053	-2.14185
2.88372	-0.10123	-2.14255
2.8937	-0.101933	-2.14325
2.90368	-0.102638	-2.14396
2.91365	-0.103346	-2.14467
2.92363	-0.104056	-2.14538
2.93361	-0.104769	-2.14609
2.94359	-0.105484	-2.14681
2.95356	-0.106201	-2.14752
2.96354	-0.106921	-2.14824
2.97352	-0.107643	-2.14896
2.9835	-0.108368	-2.14969
2.99347	-0.109095	-2.15042
3.00345	-0.109825	-2.15115
3.01343	-0.110556	-2.15188
3.02341	-0.111291	-2.15261
3.03338	-0.112028	-2.15335
3.04336	-0.112767	-2.15409
3.05334	-0.113509	-2.15483
3.06332	-0.114253	-2.15557
3.07329	-0.114999	-2.15632
3.08327	-0.115748	-2.15707
3.09325	-0.1165	-2.15782
3.10323	-0.117254	-2.15858
3.1132	-0.11801	-2.15933
3.12318	-0.118769	-2.16009
3.13316	-0.11953	-2.16085
3.14314	-0.120293	-2.16161
3.15311	-0.121059	-2.16238
3.16309	-0.121828	-2.16315
3.17307	-0.122599	-2.16392
3.18305	-0.123372	-2.16469
3.19302	-0.124148	-2.16547
3.203	-0.124926	-2.16625
3.21298	-0.125706	-2.16703
3.22296	-0.126489	-2.16781
3.23293	-0.127275	-2.1686
3.24291	-0.128063	-2.16938
3.25289	-0.128853	-2.17017
3.26287	-0.129646	-2.17097
3.27284	-0.130441	-2.17176
3.28282	-0.131238	-2.17256
3.2928	-0.132038	-2.17336
3.30278	-0.132841	-2.17416
3.31275	-0.133646	-2.17497
3.32273	-0.134453	-2.17577
3.33271	-0.135263	-2.17658
3.34269	-0.136075	-2.1774
3.35266	-0.13689	-2.17821
3.36264	-0.137707	-2.17903
3.37262	-0.138526	-2.17985
3.3826	-0.139348	-2.18067
3.39257	-0.140172	-2.18149
3.40255	-0.140999	-2.18232
3.41253	-0.141828	-2.18315
3.42251	-0.14266	-2.18398
3.43248	-0.143494	-2.18482
3.44246	-0.144331	-2.18565
3.45244	-0.14517	-2.18649
3.46242	-0.146011	-2.18733
3.47239	-0.146855	-2.18818
3.48237	-0.147701	-2.18902
3.49235	-0.14855	-2.18987
3.50233	-0.149401	-2.19072
3.5123	-0.150254	-2.19158
3.52228	-0.15111	-2.19243
3.53226	-0.151968	-2.19329
3.54224	-0.152829	-2.19415
3.55221	-0.153693	-2.19501
3.56219	-0.154558	-2.19588
3.57217	-0.155426	-2.19675
3.58215	-0.156297	-2.19762
3.59212	-0.15717	-2.19849
3.6021	-0.158045	-2.19937
3.61208	-0.158923	-2.20024
3.62206	-0.159803	-2.20112
3.63203	-0.160686	-2.20201
3.64201	-0.161571	-2.20289
3.65199	-0.162459	-2.20378
3.66197	-0.163349	-2.20467
3.67194	-0.164241	-2.20556
3.68192	-0.165136	-2.20646
3.6919	-0.166033	-2.20735
3.70188	-0.166933	-2.20825
3.71185	-0.167835	-2.20916
3.72183	-0.16874	-2.21006
3.73181	-0.169646	-2.21097
3.74179	-0.170556	-2.21188
3.75176	-0.171468	-2.21279
3.76174	-0.172382	-2.2137
3.77172	-0.173299	-2.21462
3.7817	-0.174218	-2.21554
3.79167	-0.17514	-2.21646
3.80165	-0.176064	-2.21739
3.81163	-0.17699	-2.21831
3.82161	-0.177919	-2.21924
3.83158	-0.17885	-2.22017
3.84156	-0.179784	-2.22111
3.85154	-0.18072	-2.22204
3.86152	-0.181659	-2.22298
3.87149	-0.1826	-2.22392
3.88147	-0.183543	-2.22486
3.89145	-0.184489	-2.22581
3.90143	-0.185437	-2.22676
3.9114	-0.186388	-2.22771
3.92138	-0.187341	-2.22866
3.93136	-0.188297	-2.22962
3.94134	-0.189255	-2.23058
3.95131	-0.190216	-2.23154
3.96129	-0.191178	-2.2325
3.97127	-0.192144	-2.23347
3.98125	-0.193112	-2.23443
3.99122	-0.194082	-2.2354
4.0012	-0.195054	-2.23638
4.01118	-0.196029	-2.23735
4.02116	-0.197007	-2.23833
4.03113	-0.197987	-2.23931
4.04111	-0.198969	-2.24029
4.05109	-0.199954	-2.24128
4.06107	-0.200941	-2.24226
4.07104	-0.201931	-2.24325
4.08102	-0.202923	-2.24424
4.091	-0.203918	-2.24524
4.10098	-0.204915	-2.24624
4.11095	-0.205914	-2.24724
4.12093	-0.206916	-2.24824
4.13091	-0.20792	-2.24924
4.14089	-0.208927	-2.25025
4.15086	-0.209936	-2.25126
4.16084	-0.210947	-2.25227
4.17082	-0.211961	-2.25328
4.1808	-0.212978	-2.2543
4.19077	-0.213996	-2.25532
4.20075	-0.215018	-2.25634
4.21073	-0.216041	-2.25736
4.22071	-0.217068	-2.25839
4.23068	-0.218096	-2.25942
4.24066	-0.219127	-2.26045
4.25064	-0.22016	-2.26148
4.26062	-0.221196	-2.26252
4.27059	-0.222235	-2.26356
4.28057	-0.223275	-2.2646
4.29055	-0.224318	-2.26564
4.30053	-0.225364	-2.26669
4.3105	-0.226412	-2.26773
4.32048	-0.227462	-2.26878
4.33046	-0.228515	-2.26984
4.34044	-0.229571	-2.27089
4.35041	-0.230628	-2.27195
4.36039	-0.231688	-2.27301
4.37037	-0.232751	-2.27407
4.38035	-0.233816	-2.27514
4.39032	-0.234883	-2.27621
4.4003	-0.235953	-2.27727
4.41028	-0.237026	-2.27835
4.42026	-0.2381	-2.27942
4.43023	-0.239178	-2.2805
4.44021	-0.240257	-2.28158
4.45019	-0.241339	-2.28266
4.46017	-0.242424	-2.28375
4.47014	-0.24351	-2.28483
4.48012	-0.2446	-2.28592
4.4901	-0.245692	-2.28701
4.50008	-0.246786	-2.28811
4.51005	-0.247882	-2.2892
4.52003	-0.248981	-2.2903
4.53001	-0.250083	-2.2914
4.53998	-0.251187	-2.29251
4.54996	-0.252293	-2.29361
4.55994	-0.253402	-2.29472
4.56992	-0.254513	-2.29583
4.57989	-0.255627	-2.29695
4.58987	-0.256743	-2.29806
4.59985	-0.257861	-2.29918
4.60983	-0.258982	-2.3003
4.6198	-0.260105	-2.30143
4.62978	-0.261231	-2.30255
4.63976	-0.262359	-2.30368
4.64974	-0.26349	-2.30481
4.65971	-0.264623	-2.30594
4.66969	-0.265758	-2.30708
4.67967	-0.266896	-2.30822
4.68965	-0.268037	-2.30936
4.69962	-0.269179	-2.3105
4.7096	-0.270325	-2.31165
4.71958	-0.271472	-2.31279
4.72956	-0.272622	-2.31394
4.73953	-0.273775	-2.3151
4.74951	-0.27493	-2.31625
4.75949	-0.276087	-2.31741
4.76947	-0.277247	-2.31857
4.77944	-0.278409	-2.31973
4.78942	-0.279574	-2.3209
4.7994	-0.280741	-2.32206
4.80938	-0.28191	-2.32323
4.81935	-0.283082	-2.3244
4.82933	-0.284257	-2.32558
4.83931	-0.285433	-2.32675
4.84929	-0.286613	-2.32793
4.85926	-0.287794	-2.32912
4.86924	-0.288978	-2.3303
4.87922	-0.290165	-2.33149
4.8892	-0.291354	-2.33268
4.89917	-0.292545	-2.33387
4.90915	-0.293739	-2.33506
4.91913	-0.294935	-2.33626
4.92911	-0.296134	-2.33746
4.93908	-0.297335	-2.33866
4.94906	-0.298538	-2.33986
4.95904	-0.299744	-2.34107
4.96902	-0.300952	-2.34227
4.97899	-0.302163	-2.34348
4.98897	-0.303376	-2.3447
4.99895	-0.304592	-2.34591
5.00893	-0.30581	-2.34713
5.0189	-0.307031	-2.34835
5.02888	-0.308254	-2.34958
5.03886	-0.309479	-2.3508
5.04884	-0.310707	-2.35203
5.05881	-0.311937	-2.35326
5.06879	-0.31317	-2.35449
5.07877	-0.314405	-2.35573
5.08875	-0.315642	-2.35696
5.09872	-0.316882	-2.3582
5.1087	-0.318124	-2.35945
5.11868	-0.319369	-2.36069
5.12866	-0.320616	-2.36194
5.13863	-0.321866	-2.36319
5.14861	-0.323118	-2.36444
5.15859	-0.324372	-2.36569
5.16857	-0.325629	-2.36695
5.17854	-0.326889	-2.36821
5.18852	-0.32815	-2.36947
5.1985	-0.329415	-2.37074
5.20848	-0.330681	-2.372
5.21845	-0.33195	-2.37327
5.22843	-0.333222	-2.37454
5.23841	-0.334496	-2.37582
5.24839	-0.335772	-2.37709
5.25836	-0.337051	-2.37837
5.26834	-0.338332	-2.37965
5.27832	-0.339615	-2.38094
5.2883	-0.340901	-2.38222
5.29827	-0.34219	-2.38351
5.30825	-0.343481	-2.3848
5.31823	-0.344774	-2.3861
5.32821	-0.34607	-2.38739
5.33818	-0.347368	-2.38869
5.34816	-0.348669	-2.38999
5.35814	-0.349972	-2.39129
5.36812	-0.351277	-2.3926
5.37809	-0.352585	-2.39391
5.38807	-0.353895	-2.39522
5.39805	-0.355208	-2.39653
5.40803	-0.356523	-2.39784
5.418	-0.35784	-2.39916
5.42798	-0.35916	-2.40048
5.43796	-0.360483	-2.4018
5.44794	-0.361808	-2.40313
5.45791	-0.363135	-2.40446
5.46789	-0.364465	-2.40579
5.47787	-0.365797	-2.40712
5.48785	-0.367131	-2.40845
5.49782	-0.368468	-2.40979
5.5078	-0.369808	-2.41113
5.51778	-0.371149	-2.41247
5.52776	-0.372494	-2.41382
5.53773	-0.37384	-2.41516
5.54771	-0.375189	-2.41651
5.55769	-0.376541	-2.41786
5.56767	-0.377895	-2.41922
5.57764	-0.379251	-2.42057
5.58762	-0.38061	-2.42193
5.5976	-0.381971	-2.42329
5.60758	-0.383335	-2.42466
5.61755	-0.384701	-2.42602
5.62753	-0.386069	-2.42739
5.63751	-0.38744	-2.42876
5.64749	-0.388813	-2.43014
5.65746	-0.390189	-2.43151
5.66744	-0.391567	-2.43289
5.67742	-0.392948	-2.43427
5.6874	-0.394331	-2.43565
5.69737	-0.395716	-2.43704
5.70735	-0.397104	-2.43843
5.71733	-0.398494	-2.43982
5.72731	-0.399887	-2.44121
5.73728	-0.401282	-2.4426
5.74726	-0.40268	-2.444
5.75724	-0.40408	-2.4454
5.76722	-0.405482	-2.4468
5.77719	-0.406887	-2.44821
5.78717	-0.408294	-2.44962
5.79715	-0.409704	-2.45103
5.80713	-0.411116	-2.45244
5.8171	-0.41253	-2.45385
5.82708	-0.413947	-2.45527
5.83706	-0.415367	-2.45669
5.84704	-0.416788	-2.45811
5.85701	-0.418212	-2.45953
5.86699	-0.419639	-2.46096
5.87697	-0.421068	-2.46239
5.88695	-0.422499	-2.46382
5.89692	-0.423933	-2.46525
5.9069	-0.42537	-2.46669
5.91688	-0.426808	-2.46813
5.92686	-0.428249	-2.46957
5.93683	-0.429693	-2.47101
5.94681	-0.431139	-2.47246
5.95679	-0.432587	-2.47391
5.96677	-0.434038	-2.47536
5.97674	-0.435491	-2.47681
5.98672	-0.436947	-2.47827
5.9967	-0.438405	-2.47973
6.00668	-0.439865	-2.48119
6.01665	-0.441328	-2.48265
6.02663	-0.442794	-2.48412
6.03661	-0.444261	-2.48558
6.04659	-0.445731	-2.48705
6.05656	-0.447204	-2.48853
6.06654	-0.448679	-2.49
6.07652	-0.450156	-2.49148
6.0865	-0.451636	-2.49296
6.09647	-0.453118	-2.49444
6.10645	-0.454603	-2.49592
6.11643	-0.45609	-2.49741
6.12641	-0.45758	-2.4989
6.13638	-0.459072	-2.50039
6.14636	-0.460566	-2.50189
6.15634	-0.462063	-2.50338
6.16632	-0.463562	-2.50488
6.17629	-0.465063	-2.50638
6.18627	-0.466567	-2.50789
6.19625	-0.468074	-2.5094
6.20623	-0.469582	-2.5109
6.2162	-0.471094	-2.51242
6.22618	-0.472607	-2.51393
6.23616	-0.474123	-2.51545
6.24614	-0.475642	-2.51696
6.25611	-0.477163	-2.51848
6.26609	-0.478686	-2.52001
6.27607	-0.480212	-2.52153
6.28605	-0.48174	-2.52306
6.29602	-0.483271	-2.52459
6.306	-0.484804	-2.52613
6.31598	-0.486339	-2.52766
6.32596	-0.487877	-2.5292
6.33593	-0.489417	-2.53074
6.34591	-0.49096	-2.53228
6.35589	-0.492505	-2.53383
6.36587	-0.494052	-2.53537
6.37584	-0.495602	-2.53692
6.38582	-0.497154	-2.53848
6.3958	-0.498709	-2.54003
6.40578	-0.500266	-2.54159
6.41575	-0.501825	-2.54315
6.42573	-0.503387	-2.54471
6.43571	-0.504952	-2.54627
6.44569	-0.506519	-2.54784
6.45566	-0.508088	-2.54941
6.46564	-0.509659	-2.55098
6.47562	-0.511233	-2.55255
6.4856	-0.51281	-2.55413
6.49557	-0.514389	-2.55571
6.50555	-0.51597	-2.55729
6.51553	-0.517553	-2.55888
6.52551	-0.519139	-2.56046
6.53548	-0.520728	-2.56205
6.54546	-0.522319	-2.56364
6.55544	-0.523912	-2.56523
6.56542	-0.525508	-2.56683
6.57539	-0.527106	-2.56843
6.58537	-0.528706	-2.57003
6.59535	-0.530309	-2.57163
6.60533	-0.531915	-2.57324
6.6153	-0.533522	-2.57484
6.62528	-0.535133	-2.57645
6.63526	-0.536745	-2.57807
6.64524	-0.53836	-2.57968
6.65521	-0.539977	-2.5813
6.66519	-0.541597	-2.58292
6.67517	-0.543219	-2.58454
6.68515	-0.544844	-2.58617
6.69512	-0.546471	-2.58779
6.7051	-0.5481	-2.58942
6.71508	-0.549732	-2.59105
6.72506	-0.551366	-2.59269
6.73503	-0.553003	-2.59432
6.74501	-0.554642	-2.59596
6.75499	-0.556284	-2.59761
6.76497	-0.557927	-2.59925
6.77494	-0.559574	-2.6009
6.78492	-0.561222	-2.60254
6.7949	-0.562874	-2.6042
6.80488	-0.564527	-2.60585
6.81485	-0.566183	-2.6075
6.82483	-0.567841	-2.60916
6.83481	-0.569502	-2.61082
6.84479	-0.571165	-2.61249
6.85476	-0.57283	-2.61415
6.86474	-0.574498	-2.61582
6.87472	-0.576169	-2.61749
6.8847	-0.577841	-2.61916
6.89467	-0.579517	-2.62084
6.90465	-0.581194	-2.62252
6.91463	-0.582874	-2.6242
6.92461	-0.584556	-2.62588
6.93458	-0.586241	-2.62756
6.94456	-0.587928	-2.62925
6.95454	-0.589618	-2.63094
6.96452	-0.59131	-2.63263
6.97449	-0.593004	-2.63433
6.98447	-0.594701	-2.63602
6.99445	-0.5964	-2.63772
7.00443	-0.598102	-2.63942
7.0144	-0.599806	-2.64113
7.02438	-0.601512	-2.64283
7.03436	-0.603221	-2.64454
7.04434	-0.604932	-2.64625
7.05431	-0.606645	-2.64797
7.06429	-0.608361	-2.64968
7.07427	-0.61008	-2.6514
7.08425	-0.6118	-2.65312
7.09422	-0.613524	-2.65485
7.1042	-0.615249	-2.65657
7.11418	-0.616977	-2.6583
7.12416	-0.618707	-2.66003
7.13413	-0.62044	-2.66176
7.14411	-0.622175	-2.6635
7.15409	-0.623913	-2.66523
7.16407	-0.625653	-2.66697
7.17404	-0.627395	-2.66872
7.18402	-0.62914	-2.67046
7.194	-0.630887	-2.67221
7.20398	-0.632637	-2.67396
7.21395	-0.634388	-2.67571
7.22393	-0.636143	-2.67746
7.23391	-0.6379	-2.67922
7.24389	-0.639659	-2.68098
7.25386	-0.64142	-2.68274
7.26384	-0.643184	-2.68451
7.27382	-0.64495	-2.68627
7.2838	-0.646719	-2.68804
7.29377	-0.64849	-2.68981
7.30375	-0.650264	-2.69159
7.31373	-0.65204	-2.69336
7.32371	-0.653818	-2.69514
7.33368	-0.655598	-2.69692
7.34366	-0.657382	-2.6987
7.35364	-0.659167	-2.70049
7.36362	-0.660955	-2.70228
7.37359	-0.662745	-2.70407
7.38357	-0.664538	-2.70586
7.39355	-0.666333	-2.70765
7.40353	-0.66813	-2.70945
7.4135	-0.66993	-2.71125
7.42348	-0.671732	-2.71305
7.43346	-0.673537	-2.71486
7.44344	-0.675344	-2.71667
7.45341	-0.677153	-2.71847
7.46339	-0.678965	-2.72029
7.47337	-0.680779	-2.7221
7.48335	-0.682595	-2.72392
7.49332	-0.684414	-2.72574
7.5033	-0.686236	-2.72756
7.51328	-0.688059	-2.72938
7.52326	-0.689885	-2.73121
7.53323	-0.691714	-2.73304
7.54321	-0.693545	-2.73487
7.55319	-0.695378	-2.7367
7.56317	-0.697214	-2.73854
7.57314	-0.699052	-2.74037
7.58312	-0.700892	-2.74221
7.5931	-0.702735	-2.74406
7.60308	-0.70458	-2.7459
7.61305	-0.706428	-2.74775
7.62303	-0.708278	-2.7496
7.63301	-0.71013	-2.75145
7.64299	-0.711985	-2.75331
7.65296	-0.713842	-2.75516
7.66294	-0.715701	-2.75702
7.67292	-0.717563	-2.75888
7.6829	-0.719427	-2.76075
7.69287	-0.721294	-2.76262
7.70285	-0.723163	-2.76448
7.71283	-0.725034	-2.76636
7.72281	-0.726908	-2.76823
7.73278	-0.728784	-2.77011
7.74276	-0.730663	-2.77198
7.75274	-0.732544	-2.77387
7.76272	-0.734427	-2.77575
7.77269	-0.736313	-2.77763
7.78267	-0.738201	-2.77952
7.79265	-0.740091	-2.78141
7.80263	-0.741984	-2.78331
7.8126	-0.74388	-2.7852
7.82258	-0.745777	-2.7871
7.83256	-0.747677	-2.789
7.84254	-0.749579	-2.7909
7.85251	-0.751484	-2.79281
7.86249	-0.753391	-2.79471
7.87247	-0.755301	-2.79662
7.88245	-0.757213	-2.79853
7.89242	-0.759127	-2.80045
7.9024	-0.761043	-2.80237
7.91238	-0.762962	-2.80428
7.92236	-0.764884	-2.80621
7.93233	-0.766808	-2.80813
7.94231	-0.768734	-2.81006
7.95229	-0.770662	-2.81198
7.96227	-0.772593	-2.81391
7.97224	-0.774526	-2.81585
7.98222	-0.776462	-2.81778
7.9922	-0.7784	-2.81972
8.00218	-0.78034	-2.82166
8.01215	-0.782283	-2.8236
8.02213	-0.784228	-2.82555
8.03211	-0.786176	-2.8275
8.04209	-0.788125	-2.82945
8.05206	-0.790078	-2.8314
8.06204	-0.792032	-2.83335
8.07202	-0.793989	-2.83531
8.082	-0.795949	-2.83727
8.09197	-0.79791	-2.83923
8.10195	-0.799874	-2.8412
8.11193	-0.801841	-2.84316
8.12191	-0.80381	-2.84513
8.13188	-0.805781	-2.8471
8.14186	-0.807754	-2.84908
8.15184	-0.80973	-2.85105
8.16182	-0.811708	-2.85303
8.17179	-0.813689	-2.85501
8.18177	-0.815672	-2.85699
8.19175	-0.817658	-2.85898
8.20173	-0.819645	-2.86097
8.2117	-0.821635	-2.86296
8.22168	-0.823628	-2.86495
8.23166	-0.825623	-2.86694
8.24164	-0.82762	-2.86894
8.25161	-0.829619	-2.87094
8.26159	-0.831621	-2.87294
8.27157	-0.833626	-2.87495
8.28155	-0.835632	-2.87695
8.29152	-0.837641	-2.87896
8.3015	-0.839653	-2.88097
8.31148	-0.841667	-2.88299
8.32146	-0.843683	-2.885
8.33143	-0.845701	-2.88702
8.34141	-0.847722	-2.88904
8.35139	-0.849745	-2.89107
8.36137	-0.851771	-2.89309
8.37134	-0.853799	-2.89512
8.38132	-0.855829	-2.89715
8.3913	-0.857862	-2.89918
8.40128	-0.859896	-2.90122
8.41125	-0.861934	-2.90326
8.42123	-0.863974	-2.9053
8.43121	-0.866016	-2.90734
8.44119	-0.86806	-2.90938
8.45116	-0.870107	-2.91143
8.46114	-0.872156	-2.91348
8.47112	-0.874207	-2.91553
8.4811	-0.876261	-2.91758
8.49107	-0.878317	-2.91964
8.50105	-0.880376	-2.9217
8.51103	-0.882437	-2.92376
8.52101	-0.8845	-2.92582
8.53098	-0.886566	-2.92789
8.54096	-0.888634	-2.92996
8.55094	-0.890704	-2.93203
8.56092	-0.892777	-2.9341
8.57089	-0.894852	-2.93617
8.58087	-0.896929	-2.93825
8.59085	-0.899009	-2.94033
8.60083	-0.901091	-2.94241
8.6108	-0.903175	-2.9445
8.62078	-0.905262	-2.94658
8.63076	-0.907351	-2.94867
8.64074	-0.909443	-2.95076
8.65071	-0.911536	-2.95286
8.66069	-0.913633	-2.95495
8.67067	-0.915731	-2.95705
8.68065	-0.917832	-2.95915
8.69062	-0.919935	-2.96126
8.7006	-0.922041	-2.96336
8.71058	-0.924149	-2.96547
8.72056	-0.926259	-2.96758
8.73053	-0.928371	-2.96969
8.74051	-0.930486	-2.97181
8.75049	-0.932604	-2.97393
8.76047	-0.934723	-2.97604
8.77044	-0.936845	-2.97817
8.78042	-0.938969	-2.98029
8.7904	-0.941096	-2.98242
8.80038	-0.943225	-2.98455
8.81035	-0.945356	-2.98668
8.82033	-0.94749	-2.98881
8.83031	-0.949626	-2.99095
8.84029	-0.951764	-2.99309
8.85026	-0.953905	-2.99523
8.86024	-0.956048	-2.99737
8.87022	-0.958194	-2.99952
8.8802	-0.960341	-3.00166
8.89017	-0.962491	-3.00381
8.90015	-0.964644	-3.00597
8.91013	-0.966798	-3.00812
8.92011	-0.968955	-3.01028
8.93008	-0.971115	-3.01244
8.94006	-0.973276	-3.0146
8.95004	-0.97544	-3.01676
8.96002	-0.977607	-3.01893
8.96999	-0.979776	-3.0211
8.97997	-0.981947	-3.02327
8.98995	-0.98412	-3.02544
8.99992	-0.986296	-3.02762
9.0099	-0.988474	-3.0298
9.01988	-0.990654	-3.03198
9.02986	-0.992837	-3.03416
9.03983	-0.995022	-3.03634
9.04981	-0.997209	-3.03853
9.05979	-0.999399	-3.04072
9.06977	-1.00159	-3.04291
9.07974	-1.00379	-3.04511
9.08972	-1.00598	-3.0473
9.0997	-1.00818	-3.0495
9.10968	-1.01038	-3.0517
9.11965	-1.01259	-3.05391
9.12963	-1.01479	-3.05611
9.13961	-1.017	-3.05832
9.14959	-1.01921	-3.06053
9.15956	-1.02142	-3.06275
9.16954	-1.02364	-3.06496
9.17952	-1.02586	-3.06718
9.1895	-1.02808	-3.0694
9.19947	-1.0303	-3.07162
9.20945	-1.03252	-3.07385
9.21943	-1.03475	-3.07607
9.22941	-1.03698	-3.0783
9.23938	-1.03921	-3.08053
9.24936	-1.04145	-3.08277
9.25934	-1.04368	-3.085
9.26932	-1.04592	-3.08724
9.27929	-1.04816	-3.08948
9.28927	-1.0504	-3.09173
9.29925	-1.05265	-3.09397
9.30923	-1.0549	-3.09622
9.3192	-1.05715	-3.09847
9.32918	-1.0594	-3.10072
9.33916	-1.06165	-3.10298
9.34914	-1.06391	-3.10523
9.35911	-1.06617	-3.10749
9.36909	-1.06843	-3.10975
9.37907	-1.0707	-3.11202
9.38905	-1.07296	-3.11428
9.39902	-1.07523	-3.11655
9.409	-1.0775	-3.11882
9.41898	-1.07978	-3.1211
9.42896	-1.08205	-3.12337
9.43893	-1.08433	-3.12565
9.44891	-1.08661	-3.12793
9.45889	-1.08889	-3.13021
9.46887	-1.09118	-3.1325
9.47884	-1.09346	-3.13478
9.48882	-1.09575	-3.13707
9.4988	-1.09804	-3.13937
9.50878	-1.10034	-3.14166
9.51875	-1.10263	-3.14396
9.52873	-1.10493	-3.14625
9.53871	-1.10723	-3.14856
9.54869	-1.10954	-3.15086
9.55866	-1.11184	-3.15316
9.56864	-1.11415	-3.15547
9.57862	-1.11646	-3.15778
9.5886	-1.11877	-3.16009
9.59857	-1.12109	-3.16241
9.60855	-1.1234	-3.16473
9.61853	-1.12572	-3.16705
9.62851	-1.12805	-3.16937
9.63848	-1.13037	-3.17169
9.64846	-1.1327	-3.17402
9.65844	-1.13502	-3.17635
9.66842	-1.13735	-3.17868
9.67839	-1.13969	-3.18101
9.68837	-1.14202	-3.18334
9.69835	-1.14436	-3.18568
9.70833	-1.1467	-3.18802
9.7183	-1.14904	-3.19036
9.72828	-1.15139	-3.19271
9.73826	-1.15373	-3.19506
9.74824	-1.15608	-3.19741
9.75821	-1.15844	-3.19976
9.76819	-1.16079	-3.20211
9.77817	-1.16314	-3.20447
9.78815	-1.1655	-3.20682
9.79812	-1.16786	-3.20919
9.8081	-1.17023	-3.21155
9.81808	-1.17259	-3.21391
9.82806	-1.17496	-3.21628
9.83803	-1.17733	-3.21865
9.84801	-1.1797	-3.22102
9.85799	-1.18208	-3.2234
9.86797	-1.18445	-3.22577
9.87794	-1.18683	-3.22815
9.88792	-1.18921	-3.23053
9.8979	-1.1916	-3.23292
9.90788	-1.19398	-3.2353
9.91785	-1.19637	-3.23769
9.92783	-1.19876	-3.24008
9.93781	-1.20115	-3.24247
9.94779	-1.20355	-3.24487
9.95776	-1.20594	-3.24727
9.96774	-1.20834	-3.24967
9.97772	-1.21075	-3.25207
9.9877	-1.21315	-3.25447
9.99767	-1.21556	-3.25688
10.0077	-1.21796	-3.25929
10.0176	-1.22038	-3.2617
10.0276	-1.22279	-3.26411
10.0376	-1.2252	-3.26653
10.0476	-1.22762	-3.26894
10.0575	-1.23004	-3.27136
10.0675	-1.23246	-3.27379
10.0775	-1.23489	-3.27621
10.0875	-1.23731	-3.27864
10.0974	-1.23974	-3.28107
10.1074	-1.24218	-3.2835
10.1174	-1.24461	-3.28593
10.1274	-1.24704	-3.28837
10.1374	-1.24948	-3.2908
10.1473	-1.25192	-3.29324
10.1573	-1.25437	-3.29569
10.1673	-1.25681	-3.29813
10.1773	-1.25926	-3.30058
10.1872	-1.26171	-3.30303
10.1972	-1.26416	-3.30548
10.2072	-1.26661	-3.30793
10.2172	-1.26907	-3.31039
10.2272	-1.27153	-3.31285
10.2371	-1.27399	-3.31531
10.2471	-1.27645	-3.31777
10.2571	-1.27892	-3.32024
10.2671	-1.28138	-3.32271
10.277	-1.28385	-3.32518
10.287	-1.28633	-3.32765
10.297	-1.2888	-3.33012
10.307	-1.29128	-3.3326
10.317	-1.29376	-3.33508
10.3269	-1.29624	-3.33756
10.3369	-1.29872	-3.34004
10.3469	-1.30121	-3.34253
10.3569	-1.30369	-3.34501
10.3668	-1.30618	-3.3475
10.3768	-1.30868	-3.35
10.3868	-1.31117	-3.35249
10.3968	-1.31367	-3.35499
10.4068	-1.31617	-3.35749
10.4167	-1.31867	-3.35999
10.4267	-1.32117	-3.36249
10.4367	-1.32368	-3.365
10.4467	-1.32618	-3.36751
10.4566	-1.32869	-3.37002
10.4666	-1.33121	-3.37253
10.4766	-1.33372	-3.37504
10.4866	-1.33624	-3.37756
10.4965	-1.33876	-3.38008
10.5065	-1.34128	-3.3826
10.5165	-1.3438	-3.38513
10.5265	-1.34633	-3.38765
10.5365	-1.34886	-3.39018
10.5464	-1.35139	-3.39271
10.5564	-1.35392	-3.39524
10.5664	-1.35646	-3.39778
10.5764	-1.35899	-3.40032
10.5863	-1.36153	-3.40285
10.5963	-1.36407	-3.4054
10.6063	-1.36662	-3.40794
10.6163	-1.36917	-3.41049
10.6263	-1.37171	-3.41304
10.6362	-1.37426	-3.41559
10.6462	-1.37682	-3.41814
10.6562	-1.37937	-3.42069
10.6662	-1.38193	-3.42325
10.6761	-1.38449	-3.42581
10.6861	-1.38705	-3.42837
10.6961	-1.38961	-3.43094
10.7061	-1.39218	-3.4335
10.7161	-1.39475	-3.43607
10.726	-1.39732	-3.43864
10.736	-1.39989	-3.44122
10.746	-1.40247	-3.44379
10.756	-1.40505	-3.44637
10.7659	-1.40763	-3.44895
10.7759	-1.41021	-3.45153
10.7859	-1.41279	-3.45411
10.7959	-1.41538	-3.4567
10.8059	-1.41797	-3.45929
10.8158	-1.42056	-3.46188
10.8258	-1.42315	-3.46447
10.8358	-1.42575	-3.46707
10.8458	-1.42834	-3.46966
10.8557	-1.43094	-3.47226
10.8657	-1.43354	-3.47487
10.8757	-1.43615	-3.47747
10.8857	-1.43875	-3.48008
10.8956	-1.44136	-3.48268
10.9056	-1.44397	-3.4853
10.9156	-1.44659	-3.48791
10.9256	-1.4492	-3.49052
10.9356	-1.45182	-3.49314
10.9455	-1.45444	-3.49576
10.9555	-1.45706	-3.49838
10.9655	-1.45968	-3.50101
10.9755	-1.46231	-3.50363
10.9854	-1.46494	-3.50626
10.9954	-1.46757	-3.50889
11.0054	-1.4702	-3.51152
11.0154	-1.47284	-3.51416
11.0254	-1.47547	-3.5168
11.0353	-1.47811	-3.51944
11.0453	-1.48076	-3.52208
11.0553	-1.4834	-3.52472
11.0653	-1.48605	-3.52737
11.0752	-1.48869	-3.53002
11.0852	-1.49134	-3.53267
11.0952	-1.494	-3.53532
11.1052	-1.49665	-3.53797
11.1152	-1.49931	-3.54063
11.1251	-1.50197	-3.54329
11.1351	-1.50463	-3.54595
11.1451	-1.50729	-3.54861
11.1551	-1.50996	-3.55128
11.165	-1.51263	-3.55395
11.175	-1.5153	-3.55662
11.185	-1.51797	-3.55929
11.195	-1.52064	-3.56197
11.205	-1.52332	-3.56464
11.2149	-1.526	-3.56732
11.2249	-1.52868	-3.57
11.2349	-1.53136	-3.57269
11.2449	-1.53405	-3.57537
11.2548	-1.53674	-3.57806
11.2648	-1.53943	-3.58075
11.2748	-1.54212	-3.58344
11.2848	-1.54481	-3.58613
11.2947	-1.54751	-3.58883
11.3047	-1.55021	-3.59153
11.3147	-1.55291	-3.59423
11.3247	-1.55561	-3.59693
11.3347	-1.55832	-3.59964
11.3446	-1.56102	-3.60235
11.3546	-1.56373	-3.60506
11.3646	-1.56645	-3.60777
11.3746	-1.56916	-3.61048
11.3845	-1.57188	-3.6132
11.3945	-1.57459	-3.61592
11.4045	-1.57731	-3.61864
11.4145	-1.58004	-3.62136
11.4245	-1.58276	-3.62408
11.4344	-1.58549	-3.62681
11.4444	-1.58822	-3.62954
11.4544	-1.59095	-3.63227
11.4644	-1.59368	-3.635
11.4743	-1.59642	-3.63774
11.4843	-1.59916	-3.64048
11.4943	-1.6019	-3.64322
11.5043	-1.60464	-3.64596
11.5143	-1.60738	-3.6487
11.5242	-1.61013	-3.65145
11.5342	-1.61288	-3.6542
11.5442	-1.61563	-3.65695
11.5542	-1.61838	-3.6597
11.5641	-1.62114	-3.66246
11.5741	-1.62389	-3.66522
11.5841	-1.62665	-3.66797
11.5941	-1.62941	-3.67074
11.6041	-1.63218	-3.6735
11.614	-1.63494	-3.67627
11.624	-1.63771	-3.67903
11.634	-1.64048	-3.6818
11.644	-1.64325	-3.68458
11.6539	-1.64603	-3.68735
11.6639	-1.64881	-3.69013
11.6739	-1.65158	-3.69291
11.6839	-1.65437	-3.69569
11.6938	-1.65715	-3.69847
11.7038	-1.65993	-3.70126
11.7138	-1.66272	-3.70404
11.7238	-1.66551	-3.70683
11.7338	-1.6683	-3.70962
11.7437	-1.6711	-3.71242
11.7537	-1.67389	-3.71521
11.7637	-1.67669	-3.71801
11.7737	-1.67949	-3.72081
11.7836	-1.68229	-3.72362
11.7936	-1.6851	-3.72642
11.8036	-1.6879	-3.72923
11.8136	-1.69071	-3.73204
11.8236	-1.69352	-3.73485
11.8335	-1.69634	-3.73766
11.8435	-1.69915	-3.74047
11.8535	-1.70197	-3.74329
11.8635	-1.70479	-3.74611
11.8734	-1.70761	-3.74893
11.8834	-1.71044	-3.75176
11.8934	-1.71326	-3.75458
11.9034	-1.71609	-3.75741
11.9134	-1.71892	-3.76024
11.9233	-1.72175	-3.76307
11.9333	-1.72459	-3.76591
11.9433	-1.72742	-3.76874
11.9533	-1.73026	-3.77158
11.9632	-1.7331	-3.77442
11.9732	-1.73595	-3.77727
11.9832	-1.73879	-3.78011
11.9932	-1.74164	-3.78296
12.0032	-1.74449	-3.78581
12.0131	-1.74734	-3.78866
12.0231	-1.75019	-3.79151
12.0331	-1.75305	-3.79437
12.0431	-1.75591	-3.79723
12.053	-1.75877	-3.80009
12.063	-1.76163	-3.80295
12.073	-1.76449	-3.80581
12.083	-1.76736	-3.80868
12.0929	-1.77023	-3.81155
12.1029	-1.7731	-3.81442
12.1129	-1.77597	-3.81729
12.1229	-1.77884	-3.82017
12.1329	-1.78172	-3.82304
12.1428	-1.7846	-3.82592
12.1528	-1.78748	-3.8288
12.1628	-1.79036	-3.83169
12.1728	-1.79325	-3.83457
12.1827	-1.79614	-3.83746
12.1927	-1.79903	-3.84035
12.2027	-1.80192	-3.84324
12.2127	-1.80481	-3.84613
12.2227	-1.80771	-3.84903
12.2326	-1.81061	-3.85193
12.2426	-1.81351	-3.85483
12.2526	-1.81641	-3.85773
12.2626	-1.81931	-3.86063
12.2725	-1.82222	-3.86354
12.2825	-1.82513	-3.86645
12.2925	-1.82804	-3.86936
12.3025	-1.83095	-3.87227
12.3125	-1.83386	-3.87519
12.3224	-1.83678	-3.8781
12.3324	-1.8397	-3.88102
12.3424	-1.84262	-3.88394
12.3524	-1.84554	-3.88687
12.3623	-1.84847	-3.88979
12.3723	-1.8514	-3.89272
12.3823	-1.85433	-3.89565
12.3923	-1.85726	-3.89858
12.4023	-1.86019	-3.90151
12.4122	-1.86313	-3.90445
12.4222	-1.86606	-3.90738
12.4322	-1.869	-3.91032
12.4422	-1.87194	-3.91327
12.4521	-1.87489	-3.91621
12.4621	-1.87783	-3.91916
12.4721	-1.88078	-3.9221
12.4821	-1.88373	-3.92505
12.492	-1.88668	-3.92801
12.502	-1.88964	-3.93096
12.512	-1.8926	-3.93392
12.522	-1.89555	-3.93688
12.532	-1.89851	-3.93984
12.5419	-1.90148	-3.9428
12.5519	-1.90444	-3.94576
12.5619	-1.90741	-3.94873
12.5719	-1.91038	-3.9517
12.5818	-1.91335	-3.95467
12.5918	-1.91632	-3.95764
12.6018	-1.9193	-3.96062
12.6118	-1.92227	-3.96359
12.6218	-1.92525	-3.96657
12.6317	-1.92823	-3.96955
12.6417	-1.93122	-3.97254
12.6517	-1.9342	-3.97552
12.6617	-1.93719	-3.97851
12.6716	-1.94018	-3.9815
12.6816	-1.94317	-3.98449
12.6916	-1.94616	-3.98748
12.7016	-1.94916	-3.99048
12.7116	-1.95216	-3.99348
12.7215	-1.95516	-3.99648
12.7315	-1.95816	-3.99948
12.7415	-1.96116	-4.00248
12.7515	-1.96417	-4.00549
12.7614	-1.96717	-4.0085
12.7714	-1.97018	-4.01151
12.7814	-1.9732	-4.01452
12.7914	-1.97621	-4.01753
12.8014	-1.97923	-4.02055
12.8113	-1.98224	-4.02357
12.8213	-1.98526	-4.02659
12.8313	-1.98829	-4.02961
12.8413	-1.99131	-4.03263
12.8512	-1.99434	-4.03566
12.8612	-1.99737	-4.03869
12.8712	-2.0004	-4.04172
12.8812	-2.00343	-4.04475
12.8911	-2.00646	-4.04778
12.9011	-2.0095	-4.05082
12.9111	-2.01254	-4.05386
12.9211	-2.01558	-4.0569
12.9311	-2.01862	-4.05994
12.941	-2.02166	-4.06299
12.951	-2.02471	-4.06603
12.961	-2.02776	-4.06908
12.971	-2.03081	-4.07213
12.9809	-2.03386	-4.07518
12.9909	-2.03692	-4.07824
13.0009	-2.03997	-4.0813
13.0109	-2.04303	-4.08435
13.0209	-2.04609	-4.08742
13.0308	-2.04916	-4.09048
13.0408	-2.05222	-4.09354
13.0508	-2.05529	-4.09661
13.0608	-2.05836	-4.09968
13.0707	-2.06143	-4.10275
13.0807	-2.0645	-4.10582
13.0907	-2.06758	-4.1089
13.1007	-2.07065	-4.11197
13.1107	-2.07373	-4.11505
13.1206	-2.07681	-4.11813
13.1306	-2.0799	-4.12122
13.1406	-2.08298	-4.1243
13.1506	-2.08607	-4.12739
13.1605	-2.08916	-4.13048
13.1705	-2.09225	-4.13357
13.1805	-2.09534	-4.13666
13.1905	-2.09844	-4.13976
13.2005	-2.10153	-4.14285
13.2104	-2.10463	-4.14595
13.2204	-2.10773	-4.14905
13.2304	-2.11083	-4.15216
13.2404	-2.11394	-4.15526
13.2503	-2.11705	-4.15837
13.2603	-2.12016	-4.16148
13.2703	-2.12327	-4.16459
13.2803	-2.12638	-4.1677
13.2902	-2.12949	-4.17082
13.3002	-2.13261	-4.17393
13.3102	-2.13573	-4.17705
13.3202	-2.13885	-4.18017
13.3302	-2.14197	-4.1833
13.3401	-2.1451	-4.18642
13.3501	-2.14823	-4.18955
13.3601	-2.15135	-4.19268
13.3701	-2.15449	-4.19581
13.38	-2.15762	-4.19894
13.39	-2.16075	-4.20208
13.4	-2.16389	-4.20521
13.41	-2.16703	-4.20835
13.42	-2.17017	-4.21149
13.4299	-2.17331	-4.21463
13.4399	-2.17646	-4.21778
13.4499	-2.1796	-4.22093
13.4599	-2.18275	-4.22407
13.4698	-2.1859	-4.22722
13.4798	-2.18906	-4.23038
13.4898	-2.19221	-4.23353
13.4998	-2.19537	-4.23669
13.5098	-2.19853	-4.23985
13.5197	-2.20169	-4.24301
13.5297	-2.20485	-4.24617
13.5397	-2.20801	-4.24933
13.5497	-2.21118	-4.2525
13.5596	-2.21435	-4.25567
13.5696	-2.21752	-4.25884
13.5796	-2.22069	-4.26201
13.5896	-2.22386	-4.26519
13.5995	-2.22704	-4.26836
13.6095	-2.23022	-4.27154
13.6195	-2.2334	-4.27472
13.6295	-2.23658	-4.2779
13.6395	-2.23976	-4.28109
13.6494	-2.24295	-4.28427
13.6594	-2.24614	-4.28746
13.6694	-2.24933	-4.29065
13.6794	-2.25252	-4.29384
13.6893	-2.25571	-4.29704
13.6993	-2.25891	-4.30023
13.7093	-2.26211	-4.30343
13.7193	-2.26531	-4.30663
13.7293	-2.26851	-4.30983
13.7392	-2.27171	-4.31303
13.7492	-2.27492	-4.31624
13.7592	-2.27812	-4.31945
13.7692	-2.28133	-4.32266
13.7791	-2.28455	-4.32587
13.7891	-2.28776	-4.32908
13.7991	-2.29097	-4.3323
13.8091	-2.29419	-4.33551
13.8191	-2.29741	-4.33873
13.829	-2.30063	-4.34195
13.839	-2.30385	-4.34518
13.849	-2.30708	-4.3484
13.859	-2.31031	-4.35163
13.8689	-2.31353	-4.35486
13.8789	-2.31676	-4.35809
13.8889	-2.32	-4.36132
13.8989	-2.32323	-4.36455
13.9089	-2.32647	-4.36779
13.9188	-2.32971	-4.37103
13.9288	-2.33295	-4.37427
13.9388	-2.33619	-4.37751
13.9488	-2.33943	-4.38075
13.9587	-2.34268	-4.384
13.9687	-2.34593	-4.38725
13.9787	-2.34918	-4.3905
13.9887	-2.35243	-4.39375
13.9986	-2.35568	-4.397
14.0086	-2.35894	-4.40026
14.0186	-2.36219	-4.40352
14.0286	-2.36545	-4.40677
14.0386	-2.36871	-4.41004
14.0485	-2.37198	-4.4133
14.0585	-2.37524	-4.41656
14.0685	-2.37851	-4.41983
14.0785	-2.38178	-4.4231
14.0884	-2.38505	-4.42637
14.0984	-2.38832	-4.42964
14.1084	-2.3916	-4.43292
14.1184	-2.39487	-4.43619
14.1284	-2.39815	-4.43947
14.1383	-2.40143	-4.44275
14.1483	-2.40471	-4.44604
14.1583	-2.408	-4.44932
14.1683	-2.41128	-4.45261
14.1782	-2.41457	-4.45589
14.1882	-2.41786	-4.45918
14.1982	-2.42115	-4.46247
14.2082	-2.42445	-4.46577
14.2182	-2.42774	-4.46906
14.2281	-2.43104	-4.47236
14.2381	-2.43434	-4.47566
14.2481	-2.43764	-4.47896
14.2581	-2.44094	-4.48226
14.268	-2.44425	-4.48557
14.278	-2.44755	-4.48888
14.288	-2.45086	-4.49218
14.298	-2.45417	-4.49549
14.308	-2.45749	-4.49881
14.3179	-2.4608	-4.50212
14.3279	-2.46412	-4.50544
14.3379	-2.46743	-4.50876
14.3479	-2.47075	-4.51208
14.3578	-2.47408	-4.5154
14.3678	-2.4774	-4.51872
14.3778	-2.48072	-4.52205
14.3878	-2.48405	-4.52537
14.3977	-2.48738	-4.5287
14.4077	-2.49071	-4.53203
14.4177	-2.49404	-4.53537
14.4277	-2.49738	-4.5387
14.4377	-2.50072	-4.54204
14.4476	-2.50405	-4.54538
14.4576	-2.50739	-4.54872
14.4676	-2.51074	-4.55206
14.4776	-2.51408	-4.5554
14.4875	-2.51743	-4.55875
14.4975	-2.52077	-4.5621
14.5075	-2.52412	-4.56545
14.5175	-2.52748	-4.5688
14.5275	-2.53083	-4.57215
14.5374	-2.53418	-4.57551
14.5474	-2.53754	-4.57886
14.5574	-2.5409	-4.58222
14.5674	-2.54426	-4.58558
14.5773	-2.54762	-4.58895
14.5873	-2.55099	-4.59231
14.5973	-2.55435	-4.59568
14.6073	-2.55772	-4.59904
14.6173	-2.56109	-4.60241
14.6272	-2.56446	-4.60579
14.6372	-2.56784	-4.60916
14.6472	-2.57121	-4.61253
14.6572	-2.57459	-4.61591
14.6671	-2.57797	-4.61929
14.6771	-2.58135	-4.62267
14.6871	-2.58473	-4.62605
14.6971	-2.58812	-4.62944
14.7071	-2.5915	-4.63283
14.717	-2.59489	-4.63621
14.727	-2.59828	-4.6396
14.737	-2.60167	-4.643
14.747	-2.60507	-4.64639
14.7569	-2.60846	-4.64979
14.7669	-2.61186	-4.65318
14.7769	-2.61526	-4.65658
14.7869	-2.61866	-4.65998
14.7968	-2.62206	-4.66339
14.8068	-2.62547	-4.66679
14.8168	-2.62887	-4.6702
14.8268	-2.63228	-4.6736
14.8368	-2.63569	-4.67701
14.8467	-2.63911	-4.68043
14.8567	-2.64252	-4.68384
14.8667	-2.64593	-4.68726
14.8767	-2.64935	-4.69067
14.8866	-2.65277	-4.69409
14.8966	-2.65619	-4.69751
14.9066	-2.65961	-4.70094
14.9166	-2.66304	-4.70436
14.9266	-2.66647	-4.70779
14.9365	-2.66989	-4.71121
14.9465	-2.67332	-4.71464
14.9565	-2.67675	-4.71808
14.9665	-2.68019	-4.72151
14.9764	-2.68362	-4.72495
14.9864	-2.68706	-4.72838
14.9964	-2.6905	-4.73182
15.0064	-2.69394	-4.73526
15.0164	-2.69738	-4.7387
15.0263	-2.70083	-4.74215
15.0363	-2.70427	-4.74559
15.0463	-2.70772	-4.74904
15.0563	-2.71117	-4.75249
15.0662	-2.71462	-4.75594
15.0762	-2.71808	-4.7594
15.0862	-2.72153	-4.76285
15.0962	-2.72499	-4.76631
15.1062	-2.72845	-4.76977
15.1161	-2.73191	-4.77323
15.1261	-2.73537	-4.77669
15.1361	-2.73883	-4.78015
15.1461	-2.7423	-4.78362
15.156	-2.74576	-4.78709
15.166	-2.74923	-4.79056
15.176	-2.7527	-4.79403
15.186	-2.75618	-4.7975
15.1959	-2.75965	-4.80097
15.2059	-2.76313	-4.80445
15.2159	-2.76661	-4.80793
15.2259	-2.77009	-4.81141
15.2359	-2.77357	-4.81489
15.2458	-2.77705	-4.81837
15.2558	-2.78054	-4.82186
15.2658	-2.78402	-4.82534
15.2758	-2.78751	-4.82883
15.2857	-2.791	-4.83232
15.2957	-2.79449	-4.83582
15.3057	-2.79799	-4.83931
15.3157	-2.80148	-4.8428
15.3257	-2.80498	-4.8463
15.3356	-2.80848	-4.8498
15.3456	-2.81198	-4.8533
15.3556	-2.81548	-4.8568
15.3656	-2.81899	-4.86031
15.3755	-2.82249	-4.86381
15.3855	-2.826	-4.86732
15.3955	-2.82951	-4.87083
15.4055	-2.83302	-4.87434
15.4155	-2.83653	-4.87786
15.4254	-2.84005	-4.88137
15.4354	-2.84357	-4.88489
15.4454	-2.84708	-4.88841
15.4554	-2.8506	-4.89193
15.4653	-2.85413	-4.89545
15.4753	-2.85765	-4.89897
15.4853	-2.86117	-4.9025
15.4953	-2.8647	-4.90602
15.5053	-2.86823	-4.90955
15.5152	-2.87176	-4.91308
15.5252	-2.87529	-4.91661
15.5352	-2.87883	-4.92015
15.5452	-2.88236	-4.92368
15.5551	-2.8859	-4.92722
15.5651	-2.88944	-4.93076
15.5751	-2.89298	-4.9343
15.5851	-2.89652	-4.93784
15.595	-2.90006	-4.94139
15.605	-2.90361	-4.94493
15.615	-2.90716	-4.94848
15.625	-2.91071	-4.95203
15.635	-2.91426	-4.95558
15.6449	-2.91781	-4.95913
15.6549	-2.92137	-4.96269
15.6649	-2.92492	-4.96624
15.6749	-2.92848	-4.9698
15.6848	-2.93204	-4.97336
15.6948	-2.9356	-4.97692
15.7048	-2.93916	-4.98048
15.7148	-2.94273	-4.98405
15.7248	-2.94629	-4.98762
15.7347	-2.94986	-4.99118
15.7447	-2.95343	-4.99475
15.7547	-2.957	-4.99832
15.7647	-2.96058	-5.0019
15.7746	-2.96415	-5.00547
15.7846	-2.96773	-5.00905
15.7946	-2.9713	-5.01263
15.8046	-2.97488	-5.01621
15.8146	-2.97847	-5.01979
15.8245	-2.98205	-5.02337
15.8345	-2.98563	-5.02696
15.8445	-2.98922	-5.03054
15.8545	-2.99281	-5.03413
15.8644	-2.9964	-5.03772
15.8744	-2.99999	-5.04131
15.8844	-3.00358	-5.04491
15.8944	-3.00718	-5.0485
15.9044	-3.01078	-5.0521
15.9143	-3.01437	-5.0557
15.9243	-3.01797	-5.0593
15.9343	-3.02158	-5.0629
15.9443	-3.02518	-5.0665
15.9542	-3.02878	-5.07011
15.9642	-3.03239	-5.07371
15.9742	-3.036	-5.07732
15.9842	-3.03961	-5.08093
15.9941	-3.04322	-5.08454
16.0041	-3.04683	-5.08815
16.0141	-3.05045	-5.09177
16.0241	-3.05406	-5.09539
16.0341	-3.05768	-5.099
16.044	-3.0613	-5.10262
16.054	-3.06492	-5.10625
16.064	-3.06855	-5.10987
16.074	-3.07217	-5.11349
16.0839	-3.0758	-5.11712
16.0939	-3.07943	-5.12075
16.1039	-3.08306	-5.12438
16.1139	-3.08669	-5.12801
16.1239	-3.09032	-5.13164
16.1338	-3.09396	-5.13528
16.1438	-3.09759	-5.13891
16.1538	-3.10123	-5.14255
16.1638	-3.10487	-5.14619
16.1737	-3.10851	-5.14983
16.1837	-3.11216	-5.15348
16.1937	-3.1158	-5.15712
16.2037	-3.11945	-5.16077
16.2137	-3.12309	-5.16442
16.2236	-3.12674	-5.16806
16.2336	-3.13039	-5.17172
16.2436	-3.13405	-5.17537
16.2536	-3.1377	-5.17902
16.2635	-3.14136	-5.18268
16.2735	-3.14502	-5.18634
16.2835	-3.14867	-5.19
16.2935	-3.15234	-5.19366
16.3035	-3.156	-5.19732
16.3134	-3.15966	-5.20098
16.3234	-3.16333	-5.20465
16.3334	-3.167	-5.20832
16.3434	-3.17066	-5.21199
16.3533	-3.17433	-5.21566
16.3633	-3.17801	-5.21933
16.3733	-3.18168	-5.223
16.3833	-3.18536	-5.22668
16.3932	-3.18903	-5.23035
16.4032	-3.19271	-5.23403
16.4132	-3.19639	-5.23771
16.4232	-3.20007	-5.2414
16.4332	-3.20376	-5.24508
16.4431	-3.20744	-5.24876
16.4531	-3.21113	-5.25245
16.4631	-3.21482	-5.25614
16.4731	-3.21851	-5.25983
16.483	-3.2222	-5.26352
16.493	-3.22589	-5.26721
16.503	-3.22959	-5.27091
16.513	-3.23328	-5.2746
16.523	-3.23698	-5.2783
16.5329	-3.24068	-5.282
16.5429	-3.24438	-5.2857
16.5529	-3.24808	-5.28941
16.5629	-3.25179	-5.29311
16.5728	-3.25549	-5.29682
16.5828	-3.2592	-5.30052
16.5928	-3.26291	-5.30423
16.6028	-3.26662	-5.30794
16.6128	-3.27033	-5.31165
16.6227	-3.27405	-5.31537
16.6327	-3.27776	-5.31908
16.6427	-3.28148	-5.3228
16.6527	-3.2852	-5.32652
16.6626	-3.28892	-5.33024
16.6726	-3.29264	-5.33396
16.6826	-3.29636	-5.33768
16.6926	-3.30009	-5.34141
16.7026	-3.30381	-5.34513
16.7125	-3.30754	-5.34886
16.7225	-3.31127	-5.35259
16.7325	-3.315	-5.35632
16.7425	-3.31873	-5.36005
16.7524	-3.32247	-5.36379
16.7624	-3.3262	-5.36752
16.7724	-3.32994	-5.37126
16.7824	-3.33368	-5.375
16.7923	-3.33742	-5.37874
16.8023	-3.34116	-5.38248
16.8123	-3.3449	-5.38623
16.8223	-3.34865	-5.38997
16.8323	-3.3524	-5.39372
16.8422	-3.35614	-5.39747
16.8522	-3.35989	-5.40122
16.8622	-3.36364	-5.40497
16.8722	-3.3674	-5.40872
16.8821	-3.37115	-5.41247
16.8921	-3.37491	-5.41623
16.9021	-3.37866	-5.41999
16.9121	-3.38242	-5.42375
16.9221	-3.38618	-5.42751
16.932	-3.38995	-5.43127
16.942	-3.39371	-5.43503
16.952	-3.39747	-5.4388
16.962	-3.40124	-5.44256
16.9719	-3.40501	-5.44633
16.9819	-3.40878	-5.4501
16.9919	-3.41255	-5.45387
17.0019	-3.41632	-5.45764
17.0119	-3.4201	-5.46142
17.0218	-3.42387	-5.46519
17.0318	-3.42765	-5.46897
17.0418	-3.43143	-5.47275
17.0518	-3.43521	-5.47653
17.0617	-3.43899	-5.48031
17.0717	-3.44277	-5.4841
17.0817	-3.44656	-5.48788
17.0917	-3.45034	-5.49167
17.1017	-3.45413	-5.49545
17.1116	-3.45792	-5.49924
17.1216	-3.46171	-5.50303
17.1316	-3.46551	-5.50683
17.1416	-3.4693	-5.51062
17.1515	-3.47309	-5.51442
17.1615	-3.47689	-5.51821
17.1715	-3.48069	-5.52201
17.1815	-3.48449	-5.52581
17.1914	-3.48829	-5.52961
17.2014	-3.49209	-5.53342
17.2114	-3.4959	-5.53722
17.2214	-3.4997	-5.54103
17.2314	-3.50351	-5.54483
17.2413	-3.50732	-5.54864
17.2513	-3.51113	-5.55245
17.2613	-3.51494	-5.55626
17.2713	-3.51876	-5.56008
17.2812	-3.52257	-5.56389
17.2912	-3.52639	-5.56771
17.3012	-3.5302	-5.57153
17.3112	-3.53402	-5.57535
17.3212	-3.53785	-5.57917
17.3311	-3.54167	-5.58299
17.3411	-3.54549	-5.58681
17.3511	-3.54932	-5.59064
17.3611	-3.55314	-5.59446
17.371	-3.55697	-5.59829
17.381	-3.5608	-5.60212
17.391	-3.56463	-5.60595
17.401	-3.56846	-5.60979
17.411	-3.5723	-5.61362
17.4209	-3.57613	-5.61746
17.4309	-3.57997	-5.62129
17.4409	-3.58381	-5.62513
17.4509	-3.58765	-5.62897
17.4608	-3.59149	-5.63281
17.4708	-3.59533	-5.63666
17.4808	-3.59918	-5.6405
17.4908	-3.60302	-5.64435
17.5008	-3.60687	-5.64819
17.5107	-3.61072	-5.65204
17.5207	-3.61457	-5.65589
17.5307	-3.61842	-5.65974
17.5407	-3.62227	-5.6636
17.5506	-3.62613	-5.66745
17.5606	-3.62998	-5.67131
17.5706	-3.63384	-5.67516
17.5806	-3.6377	-5.67902
17.5905	-3.64156	-5.68288
17.6005	-3.64542	-5.68674
17.6105	-3.64929	-5.69061
17.6205	-3.65315	-5.69447
17.6305	-3.65702	-5.69834
17.6404	-3.66088	-5.70221
17.6504	-3.66475	-5.70607
17.6604	-3.66862	-5.70995
17.6704	-3.6725	-5.71382
17.6803	-3.67637	-5.71769
17.6903	-3.68024	-5.72156
17.7003	-3.68412	-5.72544
17.7103	-3.688	-5.72932
17.7203	-3.69188	-5.7332
17.7302	-3.69576	-5.73708
17.7402	-3.69964	-5.74096
17.7502	-3.70352	-5.74484
17.7602	-3.70741	-5.74873
17.7701	-3.71129	-5.75261
17.7801	-3.71518	-5.7565
17.7901	-3.71907	-5.76039
17.8001	-3.72296	-5.76428
17.8101	-3.72685	-5.76817
17.82	-3.73074	-5.77207
17.83	-3.73464	-5.77596
17.84	-3.73853	-5.77986
17.85	-3.74243	-5.78375
17.8599	-3.74633	-5.78765
17.8699	-3.75023	-5.79155
17.8799	-3.75413	-5.79545
17.8899	-3.75803	-5.79936
17.8998	-3.76194	-5.80326
17.9098	-3.76584	-5.80717
17.9198	-3.76975	-5.81107
17.9298	-3.77366	-5.81498
17.9398	-3.77757	-5.81889
17.9497	-3.78148	-5.8228
17.9597	-3.78539	-5.82672
17.9697	-3.78931	-5.83063
17.9797	-3.79322	-5.83455
17.9896	-3.79714	-5.83846
17.9996	-3.80106	-5.84238
18.0096	-3.80498	-5.8463
18.0196	-3.8089	-5.85022
18.0296	-3.81282	-5.85414
18.0395	-3.81675	-5.85807
18.0495	-3.82067	-5.86199
18.0595	-3.8246	-5.86592
18.0695	-3.82853	-5.86985
18.0794	-3.83246	-5.87378
18.0894	-3.83639	-5.87771
18.0994	-3.84032	-5.88164
18.1094	-3.84425	-5.88557
18.1194	-3.84819	-5.88951
18.1293	-3.85212	-5.89345
18.1393	-3.85606	-5.89738
18.1493	-3.86	-5.90132
18.1593	-3.86394	-5.90526
18.1692	-3.86788	-5.9092
18.1792	-3.87183	-5.91315
18.1892	-3.87577	-5.91709
18.1992	-3.87972	-5.92104
18.2092	-3.88366	-5.92499
18.2191	-3.88761	-5.92893
18.2291	-3.89156	-5.93288
18.2391	-3.89551	-5.93683
18.2491	-3.89947	-5.94079
18.259	-3.90342	-5.94474
18.269	-3.90737	-5.9487
18.279	-3.91133	-5.95265
18.289	-3.91529	-5.95661
18.2989	-3.91925	-5.96057
18.3089	-3.92321	-5.96453
18.3189	-3.92717	-5.96849
18.3289	-3.93114	-5.97246
18.3389	-3.9351	-5.97642
18.3488	-3.93907	-5.98039
18.3588	-3.94303	-5.98435
18.3688	-3.947	-5.98832
18.3788	-3.95097	-5.99229
18.3887	-3.95494	-5.99627
18.3987	-3.95892	-6.00024
18.4087	-3.96289	-6.00421
18.4187	-3.96687	-6.00819
18.4287	-3.97084	-6.01216
18.4386	-3.97482	-6.01614
18.4486	-3.9788	-6.02012
18.4586	-3.98278	-6.0241
18.4686	-3.98676	-6.02808
18.4785	-3.99075	-6.03207
18.4885	-3.99473	-6.03605
18.4985	-3.99872	-6.04004
18.5085	-4.0027	-6.04403
18.5185	-4.00669	-6.04801
18.5284	-4.01068	-6.052
18.5384	-4.01467	-6.056
18.5484	-4.01867	-6.05999
18.5584	-4.02266	-6.06398
18.5683	-4.02666	-6.06798
18.5783	-4.03065	-6.07197
18.5883	-4.03465	-6.07597
18.5983	-4.03865	-6.07997
18.6083	-4.04265	-6.08397
18.6182	-4.04665	-6.08797
18.6282	-4.05065	-6.09198
18.6382	-4.05466	-6.09598
18.6482	-4.05866	-6.09999
18.6581	-4.06267	-6.10399
18.6681	-4.06668	-6.108
18.6781	-4.07069	-6.11201
18.6881	-4.0747	-6.11602
18.698	-4.07871	-6.12003
18.708	-4.08272	-6.12405
18.718	-4.08674	-6.12806
18.728	-4.09076	-6.13208
18.738	-4.09477	-6.13609
18.7479	-4.09879	-6.14011
18.7579	-4.10281	-6.14413
18.7679	-4.10683	-6.14815
18.7779	-4.11085	-6.15218
18.7878	-4.11488	-6.1562
18.7978	-4.1189	-6.16022
18.8078	-4.12293	-6.16425
18.8178	-4.12696	-6.16828
18.8278	-4.13099	-6.17231
18.8377	-4.13502	-6.17634
18.8477	-4.13905	-6.18037
18.8577	-4.14308	-6.1844
18.8677	-4.14711	-6.18843
18.8776	-4.15115	-6.19247
18.8876	-4.15518	-6.19651
18.8976	-4.15922	-6.20054
18.9076	-4.16326	-6.20458
18.9176	-4.1673	-6.20862
18.9275	-4.17134	-6.21266
18.9375	-4.17539	-6.21671
18.9475	-4.17943	-6.22075
18.9575	-4.18347	-6.2248
18.9674	-4.18752	-6.22884
18.9774	-4.19157	-6.23289
18.9874	-4.19562	-6.23694
18.9974	-4.19967	-6.24099
19.0074	-4.20372	-6.24504
19.0173	-4.20777	-6.24909
19.0273	-4.21183	-6.25315
19.0373	-4.21588	-6.2572
19.0473	-4.21994	-6.26126
19.0572	-4.224	-6.26532
19.0672	-4.22805	-6.26938
19.0772	-4.23211	-6.27344
19.0872	-4.23618	-6.2775
19.0971	-4.24024	-6.28156
19.1071	-4.2443	-6.28562
19.1171	-4.24837	-6.28969
19.1271	-4.25243	-6.29376
19.1371	-4.2565	-6.29782
19.147	-4.26057	-6.30189
19.157	-4.26464	-6.30596
19.167	-4.26871	-6.31003
19.177	-4.27278	-6.31411
19.1869	-4.27686	-6.31818
19.1969	-4.28093	-6.32225
19.2069	-4.28501	-6.32633
19.2169	-4.28909	-6.33041
19.2269	-4.29316	-6.33449
19.2368	-4.29724	-6.33857
19.2468	-4.30132	-6.34265
19.2568	-4.30541	-6.34673
19.2668	-4.30949	-6.35081
19.2767	-4.31357	-6.3549
19.2867	-4.31766	-6.35898
19.2967	-4.32175	-6.36307
19.3067	-4.32584	-6.36716
19.3167	-4.32993	-6.37125
19.3266	-4.33402	-6.37534
19.3366	-4.33811	-6.37943
19.3466	-4.3422	-6.38352
19.3566	-4.3463	-6.38762
19.3665	-4.35039	-6.39171
19.3765	-4.35449	-6.39581
19.3865	-4.35859	-6.39991
19.3965	-4.36268	-6.40401
19.4065	-4.36678	-6.40811
19.4164	-4.37089	-6.41221
19.4264	-4.37499	-6.41631
19.4364	-4.37909	-6.42041
19.4464	-4.3832	-6.42452
19.4563	-4.3873	-6.42863
19.4663	-4.39141	-6.43273
19.4763	-4.39552	-6.43684
19.4863	-4.39963	-6.44095
19.4962	-4.40374	-6.44506
19.5062	-4.40785	-6.44917
19.5162	-4.41197	-6.45329
19.5262	-4.41608	-6.4574
19.5362	-4.4202	-6.46152
19.5461	-4.42431	-6.46563
19.5561	-4.42843	-6.46975
19.5661	-4.43255	-6.47387
19.5761	-4.43667	-6.47799
19.586	-4.44079	-6.48211
19.596	-4.44491	-6.48624
19.606	-4.44904	-6.49036
19.616	-4.45316	-6.49448
19.626	-4.45729	-6.49861
19.6359	-4.46142	-6.50274
19.6459	-4.46555	-6.50687
19.6559	-4.46967	-6.511
19.6659	-4.47381	-6.51513
19.6758	-4.47794	-6.51926
19.6858	-4.48207	-6.52339
19.6958	-4.4862	-6.52753
19.7058	-4.49034	-6.53166
19.7158	-4.49448	-6.5358
19.7257	-4.49861	-6.53994
19.7357	-4.50275	-6.54408
19.7457	-4.50689	-6.54822
19.7557	-4.51103	-6.55236
19.7656	-4.51518	-6.5565
19.7756	-4.51932	-6.56064
19.7856	-4.52346	-6.56479
19.7956	-4.52761	-6.56893
19.8056	-4.53176	-6.57308
19.8155	-4.53591	-6.57723
19.8255	-4.54005	-6.58138
19.8355	-4.5442	-6.58553
19.8455	-4.54836	-6.58968
19.8554	-4.55251	-6.59383
19.8654	-4.55666	-6.59798
19.8754	-4.56082	-6.60214
19.8854	-4.56497	-6.60629
19.8953	-4.56913	-6.61045
19.9053	-4.57329	-6.61461
19.9153	-4.57745	-6.61877
19.9253	-4.58161	-6.62293
19.9353	-4.58577	-6.62709
19.9452	-4.58993	-6.63125
19.9552	-4.5941	-6.63542
19.9652	-4.59826	-6.63958
19.9752	-4.60243	-6.64375
19.9851	-4.60659	-6.64792
19.9951	-4.61076	-6.65208
20.0051	-4.61493	-6.65625
20.0151	-4.6191	-6.66042
20.0251	-4.62327	-6.6646
20.035	-4.62745	-6.66877
20.045	-4.63162	-6.67294
20.055	-4.6358	-6.67712
20.065	-4.63997	-6.68129
20.0749	-4.64415	-6.68547
20.0849	-4.64833	-6.68965
20.0949	-4.65251	-6.69383
20.1049	-4.65669	-6.69801
20.1149	-4.66087	-6.70219
20.1248	-4.66505	-6.70637
20.1348	-4.66923	-6.71056
20.1448	-4.67342	-6.71474
20.1548	-4.6776	-6.71893
20.1647	-4.68179	-6.72311
20.1747	-4.68598	-6.7273
20.1847	-4.69017	-6.73149
20.1947	-4.69436	-6.73568
20.2047	-4.69855	-6.73987
20.2146	-4.70274	-6.74406
20.2246	-4.70694	-6.74826
20.2346	-4.71113	-6.75245
20.2446	-4.71533	-6.75665
20.2545	-4.71952	-6.76084
20.2645	-4.72372	-6.76504
20.2745	-4.72792	-6.76924
20.2845	-4.73212	-6.77344
20.2944	-4.73632	-6.77764
20.3044	-4.74052	-6.78184
20.3144	-4.74473	-6.78605
20.3244	-4.74893	-6.79025
20.3344	-4.75314	-6.79446
20.3443	-4.75734	-6.79866
20.3543	-4.76155	-6.80287
20.3643	-4.76576	-6.80708
20.3743	-4.76997	-6.81129
20.3842	-4.77418	-6.8155
20.3942	-4.77839	-6.81971
20.4042	-4.7826	-6.82392
20.4142	-4.78682	-6.82814
20.4242	-4.79103	-6.83235
20.4341	-4.79525	-6.83657
20.4441	-4.79946	-6.84079
20.4541	-4.80368	-6.845
20.4641	-4.8079	-6.84922
20.474	-4.81212	-6.85344
20.484	-4.81634	-6.85766
20.494	-4.82056	-6.86189
20.504	-4.82479	-6.86611
20.514	-4.82901	-6.87033
20.5239	-4.83324	-6.87456
20.5339	-4.83746	-6.87878
20.5439	-4.84169	-6.88301
20.5539	-4.84592	-6.88724
20.5638	-4.85015	-6.89147
20.5738	-4.85438	-6.8957
20.5838	-4.85861	-6.89993
20.5938	-4.86284	-6.90416
20.6038	-4.86708	-6.9084
20.6137	-4.87131	-6.91263
20.6237	-4.87555	-6.91687
20.6337	-4.87978	-6.92111
20.6437	-4.88402	-6.92534
20.6536	-4.88826	-6.92958
20.6636	-4.8925	-6.93382
20.6736	-4.89674	-6.93806
20.6836	-4.90098	-6.9423
20.6935	-4.90523	-6.94655
20.7035	-4.90947	-6.95079
20.7135	-4.91371	-6.95504
20.7235	-4.91796	-6.95928
20.7335	-4.92221	-6.96353
20.7434	-4.92645	-6.96778
20.7534	-4.9307	-6.97203
20.7634	-4.93495	-6.97628
20.7734	-4.9392	-6.98053
20.7833	-4.94346	-6.98478
20.7933	-4.94771	-6.98903
20.8033	-4.95196	-6.99328
20.8133	-4.95622	-6.99754
20.8233	-4.96047	-7.0018
20.8332	-4.96473	-7.00605
20.8432	-4.96899	-7.01031
20.8532	-4.97325	-7.01457
20.8632	-4.97751	-7.01883
20.8731	-4.98177	-7.02309
20.8831	-4.98603	-7.02735
20.8931	-4.99029	-7.03162
20.9031	-4.99456	-7.03588
20.9131	-4.99882	-7.04014
20.923	-5.00309	-7.04441
20.933	-5.00736	-7.04868
20.943	-5.01162	-7.05294
20.953	-5.01589	-7.05721
20.9629	-5.02016	-7.06148
20.9729	-5.02443	-7.06575
20.9829	-5.0287	-7.07003
20.9929	-5.03298	-7.0743
21.0029	-5.03725	-7.07857
21.0128	-5.04153	-7.08285
21.0228	-5.0458	-7.08712
21.0328	-5.05008	-7.0914
21.0428	-5.05436	-7.09568
21.0527	-5.05863	-7.09996
21.0627	-5.06291	-7.10424
21.0727	-5.06719	-7.10852
21.0827	-5.07148	-7.1128
21.0926	-5.07576	-7.11708
21.1026	-5.08004	-7.12136
21.1126	-5.08433	-7.12565
21.1226	-5.08861	-7.12993
21.1326	-5.0929	-7.13422
21.1425	-5.09719	-7.13851
21.1525	-5.10147	-7.1428
21.1625	-5.10576	-7.14708
21.1725	-5.11005	-7.15138
21.1824	-5.11434	-7.15567
21.1924	-5.11864	-7.15996
21.2024	-5.12293	-7.16425
21.2124	-5.12722	-7.16855
21.2224	-5.13152	-7.17284
21.2323	-5.13581	-7.17714
21.2423	-5.14011	-7.18143
21.2523	-5.14441	-7.18573
21.2623	-5.14871	-7.19003
21.2722	-5.15301	-7.19433
21.2822	-5.15731	-7.19863
21.2922	-5.16161	-7.20293
21.3022	-5.16591	-7.20723
21.3122	-5.17022	-7.21154
21.3221	-5.17452	-7.21584
21.3321	-5.17883	-7.22015
21.3421	-5.18313	-7.22445
21.3521	-5.18744	-7.22876
21.362	-5.19175	-7.23307
21.372	-5.19606	-7.23738
21.382	-5.20037	-7.24169
21.392	-5.20468	-7.246
21.402	-5.20899	-7.25031
21.4119	-5.2133	-7.25462
21.4219	-5.21762	-7.25894
21.4319	-5.22193	-7.26325
21.4419	-5.22625	-7.26757
21.4518	-5.23056	-7.27188
21.4618	-5.23488	-7.2762
21.4718	-5.2392	-7.28052
21.4818	-5.24352	-7.28484
21.4917	-5.24784	-7.28916
21.5017	-5.25216	-7.29348
21.5117	-5.25648	-7.2978
21.5217	-5.2608	-7.30212
21.5317	-5.26513	-7.30645
21.5416	-5.26945	-7.31077
21.5516	-5.27378	-7.3151
21.5616	-5.2781	-7.31942
21.5716	-5.28243	-7.32375
21.5815	-5.28676	-7.32808
21.5915	-5.29109	-7.33241
21.6015	-5.29542	-7.33674
21.6115	-5.29975	-7.34107
21.6215	-5.30408	-7.3454
21.6314	-5.30841	-7.34974
21.6414	-5.31275	-7.35407
21.6514	-5.31708	-7.3584
21.6614	-5.32142	-7.36274
21.6713	-5.32575	-7.36708
21.6813	-5.33009	-7.37141
21.6913	-5.33443	-7.37575
21.7013	-5.33877	-7.38009
21.7113	-5.34311	-7.38443
21.7212	-5.34745	-7.38877
21.7312	-5.35179	-7.39311
21.7412	-5.35613	-7.39746
21.7512	-5.36048	-7.4018
21.7611	-5.36482	-7.40614
21.7711	-5.36917	-7.41049
21.7811	-5.37351	-7.41483
21.7911	-5.37786	-7.41918
21.8011	-5.38221	-7.42353
21.811	-5.38656	-7.42788
21.821	-5.39091	-7.43223
21.831	-5.39526	-7.43658
21.841	-5.39961	-7.44093
21.8509	-5.40396	-7.44528
21.8609	-5.40831	-7.44963
21.8709	-5.41267	-7.45399
21.8809	-5.41702	-7.45834
21.8908	-5.42138	-7.4627
21.9008	-5.42573	-7.46706
21.9108	-5.43009	-7.47141
21.9208	-5.43445	-7.47577
21.9308	-5.43881	-7.48013
21.9407	-5.44317	-7.48449
21.9507	-5.44753	-7.48885
21.9607	-5.45189	-7.49321
21.9707	-5.45625	-7.49758
21.9806	-5.46062	-7.50194
21.9906	-5.46498	-7.5063
22.0006	-5.46935	-7.51067
22.0106	-5.47371	-7.51503
22.0206	-5.47808	-7.5194
22.0305	-5.48245	-7.52377
22.0405	-5.48682	-7.52814
22.0505	-5.49118	-7.53251
22.0605	-5.49555	-7.53688
22.0704	-5.49993	-7.54125
22.0804	-5.5043	-7.54562
22.0904	-5.50867	-7.54999
22.1004	-5.51304	-7.55437
22.1104	-5.51742	-7.55874
22.1203	-5.52179	-7.56311
22.1303	-5.52617	-7.56749
22.1403	-5.53055	-7.57187
22.1503	-5.53492	-7.57625
22.1602	-5.5393	-7.58062
22.1702	-5.54368	-7.585
22.1802	-5.54806	-7.58938
22.1902	-5.55244	-7.59376
22.2002	-5.55682	-7.59815
22.2101	-5.56121	-7.60253
22.2201	-5.56559	-7.60691
22.2301	-5.56998	-7.6113
22.2401	-5.57436	-7.61568
22.25	-5.57875	-7.62007
22.26	-5.58313	-7.62445
22.27	-5.58752	-7.62884
22.28	-5.59191	-7.63323
22.2899	-5.5963	-7.63762
22.2999	-5.60069	-7.64201
22.3099	-5.60508	-7.6464
22.3199	-5.60947	-7.65079
22.3299	-5.61386	-7.65518
22.3398	-5.61826	-7.65958
22.3498	-5.62265	-7.66397
22.3598	-5.62705	-7.66837
22.3698	-5.63144	-7.67276
22.3797	-5.63584	-7.67716
22.3897	-5.64024	-7.68156
22.3997	-5.64463	-7.68595
22.4097	-5.64903	-7.69035
22.4197	-5.65343	-7.69475
22.4296	-5.65783	-7.69915
22.4396	-5.66223	-7.70356
22.4496	-5.66664	-7.70796
22.4596	-5.67104	-7.71236
22.4695	-5.67544	-7.71676
22.4795	-5.67985	-7.72117
22.4895	-5.68425	-7.72557
22.4995	-5.68866	-7.72998
22.5095	-5.69306	-7.73439
22.5194	-5.69747	-7.73879
22.5294	-5.70188	-7.7432
22.5394	-5.70629	-7.74761
22.5494	-5.7107	-7.75202
22.5593	-5.71511	-7.75643
22.5693	-5.71952	-7.76084
22.5793	-5.72393	-7.76526
22.5893	-5.72835	-7.76967
22.5992	-5.73276	-7.77408
22.6092	-5.73718	-7.7785
22.6192	-5.74159	-7.78291
22.6292	-5.74601	-7.78733
22.6392	-5.75042	-7.79175
22.6491	-5.75484	-7.79616
22.6591	-5.75926	-7.80058
22.6691	-5.76368	-7.805
22.6791	-5.7681	-7.80942
22.689	-5.77252	-7.81384
22.699	-5.77694	-7.81826
22.709	-5.78136	-7.82269
22.719	-5.78579	-7.82711
22.729	-5.79021	-7.83153
22.7389	-5.79464	-7.83596
22.7489	-5.79906	-7.84038
22.7589	-5.80349	-7.84481
22.7689	-5.80791	-7.84924
22.7788	-5.81234	-7.85366
22.7888	-5.81677	-7.85809
22.7988	-5.8212	-7.86252
22.8088	-5.82563	-7.86695
22.8188	-5.83006	-7.87138
22.8287	-5.83449	-7.87581
22.8387	-5.83892	-7.88025
22.8487	-5.84336	-7.88468
22.8587	-5.84779	-7.88911
22.8686	-5.85222	-7.89355
22.8786	-5.85666	-7.89798
22.8886	-5.8611	-7.90242
22.8986	-5.86553	-7.90685
22.9086	-5.86997	-7.91129
22.9185	-5.87441	-7.91573
22.9285	-5.87885	-7.92017
22.9385	-5.88329	-7.92461
22.9485	-5.88773	-7.92905
22.9584	-5.89217	-7.93349
22.9684	-5.89661	-7.93793
22.9784	-5.90105	-7.94237
22.9884	-5.90549	-7.94682
22.9983	-5.90994	-7.95126
23.0083	-5.91438	-7.95571
23.0183	-5.91883	-7.96015
23.0283	-5.92328	-7.9646
23.0383	-5.92772	-7.96904
23.0482	-5.93217	-7.97349
23.0582	-5.93662	-7.97794
23.0682	-5.94107	-7.98239
23.0782	-5.94552	-7.98684
23.0881	-5.94997	-7.99129
23.0981	-5.95442	-7.99574
23.1081	-5.95887	-8.00019
23.1181	-5.96332	-8.00464
23.1281	-5.96778	-8.0091
23.138	-5.97223	-8.01355
23.148	-5.97668	-8.01801
23.158	-5.98114	-8.02246
23.168	-5.9856	-8.02692
23.1779	-5.99005	-8.03137
23.1879	-5.99451	-8.03583
23.1979	-5.99897	-8.04029
23.2079	-6.00343	-8.04475
23.2179	-6.00789	-8.04921
23.2278	-6.01235	-8.05367
23.2378	-6.01681	-8.05813
23.2478	-6.02127	-8.06259
23.2578	-6.02573	-8.06706
23.2677	-6.0302	-8.07152
23.2777	-6.03466	-8.07598
23.2877	-6.03913	-8.08045
23.2977	-6.04359	-8.08491
23.3077	-6.04806	-8.08938
23.3176	-6.05252	-8.09384
23.3276	-6.05699	-8.09831
23.3376	-6.06146	-8.10278
23.3476	-6.06593	-8.10725
23.3575	-6.0704	-8.11172
23.3675	-6.07487	-8.11619
23.3775	-6.07934	-8.12066
23.3875	-6.08381	-8.12513
23.3974	-6.08828	-8.1296
23.4074	-6.09275	-8.13408
23.4174	-6.09723	-8.13855
23.4274	-6.1017	-8.14302
23.4374	-6.10618	-8.1475
23.4473	-6.11065	-8.15197
23.4573	-6.11513	-8.15645
23.4673	-6.1196	-8.16093
23.4773	-6.12408	-8.1654
23.4872	-6.12856	-8.16988
23.4972	-6.13304	-8.17436
23.5072	-6.13752	-8.17884
23.5172	-6.142	-8.18332
23.5272	-6.14648	-8.1878
23.5371	-6.15096	-8.19228
23.5471	-6.15544	-8.19677
23.5571	-6.15993	-8.20125
23.5671	-6.16441	-8.20573
23.577	-6.16889	-8.21022
23.587	-6.17338	-8.2147
23.597	-6.17787	-8.21919
23.607	-6.18235	-8.22367
23.617	-6.18684	-8.22816
23.6269	-6.19133	-8.23265
23.6369	-6.19581	-8.23714
23.6469	-6.2003	-8.24162
23.6569	-6.20479	-8.24611
23.6668	-6.20928	-8.2506
23.6768	-6.21377	-8.25509
23.6868	-6.21826	-8.25959
23.6968	-6.22276	-8.26408
23.7068	-6.22725	-8.26857
23.7167	-6.23174	-8.27306
23.7267	-6.23624	-8.27756
23.7367	-6.24073	-8.28205
23.7467	-6.24523	-8.28655
23.7566	-6.24972	-8.29104
23.7666	-6.25422	-8.29554
23.7766	-6.25872	-8.30004
23.7866	-6.26321	-8.30454
23.7965	-6.26771	-8.30903
23.8065	-6.27221	-8.31353
23.8165	-6.27671	-8.31803
23.8265	-6.28121	-8.32253
23.8365	-6.28571	-8.32703
23.8464	-6.29021	-8.33154
23.8564	-6.29472	-8.33604
23.8664	-6.29922	-8.34054
23.8764	-6.30372	-8.34505
23.8863	-6.30823	-8.34955
23.8963	-6.31273	-8.35405
23.9063	-6.31724	-8.35856
23.9163	-6.32174	-8.36307
23.9263	-6.32625	-8.36757
23.9362	-6.33076	-8.37208
23.9462	-6.33527	-8.37659
23.9562	-6.33977	-8.3811
23.9662	-6.34428	-8.38561
23.9761	-6.34879	-8.39011
23.9861	-6.3533	-8.39463
23.9961	-6.35781	-8.39914
24.0061	-6.36233	-8.40365
24.0161	-6.36684	-8.40816
24.026	-6.37135	-8.41267
24.036	-6.37586	-8.41719
24.046	-6.38038	-8.4217
24.056	-6.38489	-8.42622
24.0659	-6.38941	-8.43073
24.0759	-6.39392	-8.43525
24.0859	-6.39844	-8.43976
24.0959	-6.40296	-8.44428
24.1059	-6.40748	-8.4488
24.1158	-6.41199	-8.45332
24.1258	-6.41651	-8.45783
24.1358	-6.42103	-8.46235
24.1458	-6.42555	-8.46687
24.1557	-6.43007	-8.4714
24.1657	-6.43459	-8.47592
24.1757	-6.43912	-8.48044
24.1857	-6.44364	-8.48496
24.1956	-6.44816	-8.48948
24.2056	-6.45269	-8.49401
24.2156	-6.45721	-8.49853
24.2256	-6.46173	-8.50306
24.2356	-6.46626	-8.50758
24.2455	-6.47079	-8.51211
24.2555	-6.47531	-8.51663
24.2655	-6.47984	-8.52116
24.2755	-6.48437	-8.52569
24.2854	-6.4889	-8.53022
24.2954	-6.49343	-8.53475
24.3054	-6.49795	-8.53928
24.3154	-6.50248	-8.54381
24.3254	-6.50702	-8.54834
24.3353	-6.51155	-8.55287
24.3453	-6.51608	-8.5574
24.3553	-6.52061	-8.56193
24.3653	-6.52514	-8.56647
24.3752	-6.52968	-8.571
24.3852	-6.53421	-8.57553
24.3952	-6.53875	-8.58007
24.4052	-6.54328	-8.5846
24.4152	-6.54782	-8.58914
24.4251	-6.55235	-8.59368
24.4351	-6.55689	-8.59821
24.4451	-6.56143	-8.60275
24.4551	-6.56597	-8.60729
24.465	-6.5705	-8.61183
24.475	-6.57504	-8.61637
24.485	-6.57958	-8.62091
24.495	-6.58412	-8.62545
24.505	-6.58867	-8.62999
24.5149	-6.59321	-8.63453
24.5249	-6.59775	-8.63907
24.5349	-6.60229	-8.64361
24.5449	-6.60683	-8.64816
24.5548	-6.61138	-8.6527
24.5648	-6.61592	-8.65724
24.5748	-6.62047	-8.66179
24.5848	-6.62501	-8.66633
24.5947	-6.62956	-8.67088
24.6047	-6.6341	-8.67543
24.6147	-6.63865	-8.67997
24.6247	-6.6432	-8.68452
24.6347	-6.64775	-8.68907
24.6446	-6.6523	-8.69362
24.6546	-6.65684	-8.69817
24.6646	-6.66139	-8.70272
24.6746	-6.66594	-8.70727
24.6845	-6.6705	-8.71182
24.6945	-6.67505	-8.71637
24.7045	-6.6796	-8.72092
24.7145	-6.68415	-8.72547
24.7245	-6.6887	-8.73003
24.7344	-6.69326	-8.73458
24.7444	-6.69781	-8.73913
24.7544	-6.70237	-8.74369
24.7644	-6.70692	-8.74824
24.7743	-6.71148	-8.7528
24.7843	-6.71603	-8.75735
24.7943	-6.72059	-8.76191
24.8043	-6.72515	-8.76647
24.8143	-6.7297	-8.77103
24.8242	-6.73426	-8.77558
24.8342	-6.73882	-8.78014
24.8442	-6.74338	-8.7847
24.8542	-6.74794	-8.78926
24.8641	-6.7525	-8.79382
24.8741	-6.75706	-8.79838
24.8841	-6.76162	-8.80294
24.8941	-6.76619	-8.80751
24.9041	-6.77075	-8.81207
24.914	-6.77531	-8.81663
24.924	-6.77987	-8.8212
24.934	-6.78444	-8.82576
24.944	-6.789	-8.83032
24.9539	-6.79357	-8.83489
24.9639	-6.79813	-8.83945
24.9739	-6.8027	-8.84402
24.9839	-6.80727	-8.84859
24.9938	-6.81183	-8.85315
25.0038	-6.8164	-8.85772
25.0138	-6.82097	-8.86229
25.0238	-6.82554	-8.86686
25.0338	-6.83011	-8.87143
25.0437	-6.83468	-8.876
25.0537	-6.83925	-8.88057
25.0637	-6.84382	-8.88514
25.0737	-6.84839	-8.88971
25.0836	-6.85296	-8.89428
25.0936	-6.85753	-8.89885
25.1036	-6.8621	-8.90342
25.1136	-6.86668	-8.908
25.1236	-6.87125	-8.91257
25.1335	-6.87582	-8.91715
25.1435	-6.8804	-8.92172
25.1535	-6.88497	-8.92629
25.1635	-6.88955	-8.93087
25.1734	-6.89412	-8.93545
25.1834	-6.8987	-8.94002
25.1934	-6.90328	-8.9446
25.2034	-6.90786	-8.94918
25.2134	-6.91243	-8.95376
25.2233	-6.91701	-8.95833
25.2333	-6.92159	-8.96291
25.2433	-6.92617	-8.96749
25.2533	-6.93075	-8.97207
25.2632	-6.93533	-8.97665
25.2732	-6.93991	-8.98123
25.2832	-6.94449	-8.98581
25.2932	-6.94907	-8.9904
25.3032	-6.95366	-8.99498
25.3131	-6.95824	-8.99956
25.3231	-6.96282	-9.00414
25.3331	-6.96741	-9.00873
25.3431	-6.97199	-9.01331
25.353	-6.97658	-9.0179
25.363	-6.98116	-9.02248
25.373	-6.98575	-9.02707
25.383	-6.99033	-9.03165
25.3929	-6.99492	-9.03624
25.4029	-6.99951	-9.04083
25.4129	-7.00409	-9.04541
25.4229	-7.00868	-9.05
25.4329	-7.01327	-9.05459
25.4428	-7.01786	-9.05918
25.4528	-7.02245	-9.06377
25.4628	-7.02704	-9.06836
25.4728	-7.03163	-9.07295
25.4827	-7.03622	-9.07754
25.4927	-7.04081	-9.08213
25.5027	-7.0454	-9.08672
25.5127	-7.04999	-9.09131
25.5227	-7.05459	-9.09591
25.5326	-7.05918	-9.1005
25.5426	-7.06377	-9.10509
25.5526	-7.06837	-9.10969
25.5626	-7.07296	-9.11428
25.5725	-7.07755	-9.11888
25.5825	-7.08215	-9.12347
25.5925	-7.08675	-9.12807
25.6025	-7.09134	-9.13266
25.6125	-7.09594	-9.13726
25.6224	-7.10054	-9.14186
25.6324	-7.10513	-9.14645
25.6424	-7.10973	-9.15105
25.6524	-7.11433	-9.15565
25.6623	-7.11893	-9.16025
25.6723	-7.12353	-9.16485
25.6823	-7.12813	-9.16945
25.6923	-7.13273	-9.17405
25.7023	-7.13733	-9.17865
25.7122	-7.14193	-9.18325
25.7222	-7.14653	-9.18785
25.7322	-7.15113	-9.19245
25.7422	-7.15573	-9.19706
25.7521	-7.16034	-9.20166
25.7621	-7.16494	-9.20626
25.7721	-7.16954	-9.21087
25.7821	-7.17415	-9.21547
25.792	-7.17875	-9.22007
25.802	-7.18336	-9.22468
25.812	-7.18796	-9.22928
25.822	-7.19257	-9.23389
25.832	-7.19717	-9.2385
25.8419	-7.20178	-9.2431
25.8519	-7.20639	-9.24771
25.8619	-7.21099	-9.25232
25.8719	-7.2156	-9.25692
25.8818	-7.22021	-9.26153
25.8918	-7.22482	-9.26614
25.9018	-7.22943	-9.27075
25.9118	-7.23404	-9.27536
25.9218	-7.23865	-9.27997
25.9317	-7.24326	-9.28458
25.9417	-7.24787	-9.28919
25.9517	-7.25248	-9.2938
25.9617	-7.25709	-9.29841
25.9716	-7.2617	-9.30303
25.9816	-7.26632	-9.30764
25.9916	-7.27093	-9.31225
26.0016	-7.27554	-9.31686
26.0116	-7.28016	-9.32148
26.0215	-7.28477	-9.32609
26.0315	-7.28938	-9.33071
26.0415	-7.294	-9.33532
26.0515	-7.29861	-9.33994
26.0614	-7.30323	-9.34455
26.0714	-7.30785	-9.34917
26.0814	-7.31246	-9.35378
26.0914	-7.31708	-9.3584
26.1014	-7.3217	-9.36302
26.1113	-7.32631	-9.36764
26.1213	-7.33093	-9.37225
26.1313	-7.33555	-9.37687
26.1413	-7.34017	-9.38149
26.1512	-7.34479	-9.38611
26.1612	-7.34941	-9.39073
26.1712	-7.35403	-9.39535
26.1812	-7.35865	-9.39997
26.1911	-7.36327	-9.40459
26.2011	-7.36789	-9.40921
26.2111	-7.37251	-9.41383
26.2211	-7.37714	-9.41846
26.2311	-7.38176	-9.42308
26.241	-7.38638	-9.4277
26.251	-7.391	-9.43233
26.261	-7.39563	-9.43695
26.271	-7.40025	-9.44157
26.2809	-7.40488	-9.4462
26.2909	-7.4095	-9.45082
26.3009	-7.41413	-9.45545
26.3109	-7.41875	-9.46007
26.3209	-7.42338	-9.4647
26.3308	-7.428	-9.46932
26.3408	-7.43263	-9.47395
26.3508	-7.43726	-9.47858
26.3608	-7.44188	-9.48321
26.3707	-7.44651	-9.48783
26.3807	-7.45114	-9.49246
26.3907	-7.45577	-9.49709
26.4007	-7.4604	-9.50172
26.4107	-7.46503	-9.50635
26.4206	-7.46966	-9.51098
26.4306	-7.47429	-9.51561
26.4406	-7.47892	-9.52024
26.4506	-7.48355	-9.52487
26.4605	-7.48818	-9.5295
26.4705	-7.49281	-9.53413
26.4805	-7.49744	-9.53876
26.4905	-7.50207	-9.54339
26.5005	-7.50671	-9.54803
26.5104	-7.51134	-9.55266
26.5204	-7.51597	-9.55729
26.5304	-7.5206	-9.56193
26.5404	-7.52524	-9.56656
26.5503	-7.52987	-9.57119
26.5603	-7.53451	-9.57583
26.5703	-7.53914	-9.58046
26.5803	-7.54378	-9.5851
26.5902	-7.54841	-9.58974
26.6002	-7.55305	-9.59437
26.6102	-7.55769	-9.59901
26.6202	-7.56232	-9.60364
26.6302	-7.56696	-9.60828
26.6401	-7.5716	-9.61292
26.6501	-7.57624	-9.61756
26.6601	-7.58087	-9.6222
26.6701	-7.58551	-9.62683
26.68	-7.59015	-9.63147
26.69	-7.59479	-9.63611
26.7	-7.59943	-9.64075
26.71	-7.60407	-9.64539
26.72	-7.60871	-9.65003
26.7299	-7.61335	-9.65467
26.7399	-7.61799	-9.65931
26.7499	-7.62263	-9.66395
26.7599	-7.62727	-9.6686
26.7698	-7.63192	-9.67324
26.7798	-7.63656	-9.67788
26.7898	-7.6412	-9.68252
26.7998	-7.64584	-9.68717
26.8098	-7.65049	-9.69181
26.8197	-7.65513	-9.69645
26.8297	-7.65978	-9.7011
26.8397	-7.66442	-9.70574
26.8497	-7.66906	-9.71039
26.8596	-7.67371	-9.71503
26.8696	-7.67836	-9.71968
26.8796	-7.683	-9.72432
26.8896	-7.68765	-9.72897
26.8995	-7.69229	-9.73361
26.9095	-7.69694	-9.73826
26.9195	-7.70159	-9.74291
26.9295	-7.70623	-9.74756
26.9395	-7.71088	-9.7522
26.9494	-7.71553	-9.75685
26.9594	-7.72018	-9.7615
26.9694	-7.72483	-9.76615
26.9794	-7.72948	-9.7708
26.9893	-7.73412	-9.77545
26.9993	-7.73877	-9.7801
27.0093	-7.74342	-9.78475
27.0193	-7.74807	-9.7894
27.0293	-7.75272	-9.79405
27.0392	-7.75738	-9.7987
27.0492	-7.76203	-9.80335
27.0592	-7.76668	-9.808
27.0692	-7.77133	-9.81265
27.0791	-7.77598	-9.8173
27.0891	-7.78063	-9.82196
27.0991	-7.78529	-9.82661
27.1091	-7.78994	-9.83126
27.1191	-7.79459	-9.83591
27.129	-7.79925	-9.84057
27.139	-7.8039	-9.84522
27.149	-7.80855	-9.84988
27.159	-7.81321	-9.85453
27.1689	-7.81786	-9.85919
27.1789	-7.82252	-9.86384
27.1889	-7.82717	-9.8685
27.1989	-7.83183	-9.87315
27.2089	-7.83649	-9.87781
27.2188	-7.84114	-9.88246
27.2288	-7.8458	-9.88712
27.2388	-7.85046	-9.89178
27.2488	-7.85511	-9.89644
27.2587	-7.85977	-9.90109
27.2687	-7.86443	-9.90575
27.2787	-7.86909	-9.91041
27.2887	-7.87375	-9.91507
27.2986	-7.8784	-9.91973
27.3086	-7.88306	-9.92439
27.3186	-7.88772	-9.92904
27.3286	-7.89238	-9.9337
27.3386	-7.89704	-9.93836
27.3485	-7.9017	-9.94302
27.3585	-7.90636	-9.94768
27.3685	-7.91102	-9.95235
27.3785	-7.91568	-9.95701
27.3884	-7.92035	-9.96167
27.3984	-7.92501	-9.96633
27.4084	-7.92967	-9.97099
27.4184	-7.93433	-9.97565
27.4284	-7.93899	-9.98032
27.4383	-7.94366	-9.98498
27.4483	-7.94832	-9.98964
27.4583	-7.95298	-9.9943
27.4683	-7.95765	-9.99897
27.4782	-7.96231	-10.0036
27.4882	-7.96697	-10.0083
27.4982	-7.97164	-10.013
27.5082	-7.9763	-10.0176
27.5182	-7.98097	-10.0223
27.5281	-7.98563	-10.027
27.5381	-7.9903	-10.0316
27.5481	-7.99497	-10.0363
27.5581	-7.99963	-10.041
27.568	-8.0043	-10.0456
27.578	-8.00896	-10.0503
27.588	-8.01363	-10.055
27.598	-8.0183	-10.0596
27.608	-8.02297	-10.0643
27.6179	-8.02763	-10.069
27.6279	-8.0323	-10.0736
27.6379	-8.03697	-10.0783
27.6479	-8.04164	-10.083
27.6578	-8.04631	-10.0876
27.6678	-8.05098	-10.0923
27.6778	-8.05565	-10.097
27.6878	-8.06031	-10.1016
27.6977	-8.06498	-10.1063
27.7077	-8.06965	-10.111
27.7177	-8.07433	-10.1156
27.7277	-8.079	-10.1203
27.7377	-8.08367	-10.125
27.7476	-8.08834	-10.1297
27.7576	-8.09301	-10.1343
27.7676	-8.09768	-10.139
27.7776	-8.10235	-10.1437
27.7875	-8.10702	-10.1483
27.7975	-8.1117	-10.153
27.8075	-8.11637	-10.1577
27.8175	-8.12104	-10.1624
27.8275	-8.12572	-10.167
27.8374	-8.13039	-10.1717
27.8474	-8.13506	-10.1764
27.8574	-8.13974	-10.1811
27.8674	-8.14441	-10.1857
27.8773	-8.14909	-10.1904
27.8873	-8.15376	-10.1951
27.8973	-8.15843	-10.1998
27.9073	-8.16311	-10.2044
27.9173	-8.16778	-10.2091
27.9272	-8.17246	-10.2138
27.9372	-8.17714	-10.2185
27.9472	-8.18181	-10.2231
27.9572	-8.18649	-10.2278
27.9671	-8.19117	-10.2325
27.9771	-8.19584	-10.2372
27.9871	-8.20052	-10.2418
27.9971	-8.2052	-10.2465
28.0071	-8.20987	-10.2512
28.017	-8.21455	-10.2559
28.027	-8.21923	-10.2606
28.037	-8.22391	-10.2652
28.047	-8.22859	-10.2699
28.0569	-8.23327	-10.2746
28.0669	-8.23794	-10.2793
28.0769	-8.24262	-10.2839
28.0869	-8.2473	-10.2886
28.0968	-8.25198	-10.2933
28.1068	-8.25666	-10.298
28.1168	-8.26134	-10.3027
28.1268	-8.26602	-10.3073
28.1368	-8.2707	-10.312
28.1467	-8.27538	-10.3167
28.1567	-8.28006	-10.3214
28.1667	-8.28475	-10.3261
28.1767	-8.28943	-10.3307
28.1866	-8.29411	-10.3354
28.1966	-8.29879	-10.3401
28.2066	-8.30347	-10.3448
28.2166	-8.30815	-10.3495
28.2266	-8.31284	-10.3542
28.2365	-8.31752	-10.3588
28.2465	-8.3222	-10.3635
28.2565	-8.32689	-10.3682
28.2665	-8.33157	-10.3729
28.2764	-8.33625	-10.3776
28.2864	-8.34094	-10.3823
28.2964	-8.34562	-10.3869
28.3064	-8.35031	-10.3916
28.3164	-8.35499	-10.3963
28.3263	-8.35967	-10.401
28.3363	-8.36436	-10.4057
28.3463	-8.36904	-10.4104
28.3563	-8.37373	-10.4151
28.3662	-8.37842	-10.4197
28.3762	-8.3831	-10.4244
28.3862	-8.38779	-10.4291
28.3962	-8.39247	-10.4338
28.4062	-8.39716	-10.4385
28.4161	-8.40185	-10.4432
28.4261	-8.40653	-10.4479
28.4361	-8.41122	-10.4525
28.4461	-8.41591	-10.4572
28.456	-8.42059	-10.4619
28.466	-8.42528	-10.4666
28.476	-8.42997	-10.4713
28.486	-8.43466	-10.476
28.4959	-8.43935	-10.4807
28.5059	-8.44403	-10.4854
28.5159	-8.44872	-10.49
28.5259	-8.45341	-10.4947
28.5359	-8.4581	-10.4994
28.5458	-8.46279	-10.5041
28.5558	-8.46748	-10.5088
28.5658	-8.47217	-10.5135
28.5758	-8.47686	-10.5182
28.5857	-8.48155	-10.5229
28.5957	-8.48624	-10.5276
28.6057	-8.49093	-10.5323
28.6157	-8.49562	-10.5369
28.6257	-8.50031	-10.5416
28.6356	-8.505	-10.5463
28.6456	-8.50969	-10.551
28.6556	-8.51438	-10.5557
28.6656	-8.51907	-10.5604
28.6755	-8.52377	-10.5651
28.6855	-8.52846	-10.5698
28.6955	-8.53315	-10.5745
28.7055	-8.53784	-10.5792
28.7155	-8.54253	-10.5839
28.7254	-8.54723	-10.5885
28.7354	-8.55192	-10.5932
28.7454	-8.55661	-10.5979
28.7554	-8.56131	-10.6026
28.7653	-8.566	-10.6073
28.7753	-8.57069	-10.612
28.7853	-8.57539	-10.6167
28.7953	-8.58008	-10.6214
28.8053	-8.58477	-10.6261
28.8152	-8.58947	-10.6308
28.8252	-8.59416	-10.6355
28.8352	-8.59886	-10.6402
28.8452	-8.60355	-10.6449
28.8551	-8.60825	-10.6496
28.8651	-8.61294	-10.6543
28.8751	-8.61764	-10.659
28.8851	-8.62233	-10.6637
28.895	-8.62703	-10.6684
28.905	-8.63172	-10.673
28.915	-8.63642	-10.6777
28.925	-8.64112	-10.6824
28.935	-8.64581	-10.6871
28.9449	-8.65051	-10.6918
28.9549	-8.65521	-10.6965
28.9649	-8.6599	-10.7012
28.9749	-8.6646	-10.7059
28.9848	-8.6693	-10.7106
28.9948	-8.67399	-10.7153
29.0048	-8.67869	-10.72
29.0148	-8.68339	-10.7247
29.0248	-8.68809	-10.7294
29.0347	-8.69278	-10.7341
29.0447	-8.69748	-10.7388
29.0547	-8.70218	-10.7435
29.0647	-8.70688	-10.7482
29.0746	-8.71158	-10.7529
29.0846	-8.71628	-10.7576
29.0946	-8.72097	-10.7623
29.1046	-8.72567	-10.767
29.1146	-8.73037	-10.7717
29.1245	-8.73507	-10.7764
29.1345	-8.73977	-10.7811
29.1445	-8.74447	-10.7858
29.1545	-8.74917	-10.7905
29.1644	-8.75387	-10.7952
29.1744	-8.75857	-10.7999
29.1844	-8.76327	-10.8046
29.1944	-8.76797	-10.8093
29.2044	-8.77267	-10.814
29.2143	-8.77737	-10.8187
29.2243	-8.78207	-10.8234
29.2343	-8.78677	-10.8281
29.2443	-8.79148	-10.8328
29.2542	-8.79618	-10.8375
29.2642	-8.80088	-10.8422
29.2742	-8.80558	-10.8469
29.2842	-8.81028	-10.8516
29.2941	-8.81498	-10.8563
29.3041	-8.81968	-10.861
29.3141	-8.82439	-10.8657
29.3241	-8.82909	-10.8704
29.3341	-8.83379	-10.8751
29.344	-8.83849	-10.8798
29.354	-8.8432	-10.8845
29.364	-8.8479	-10.8892
29.374	-8.8526	-10.8939
29.3839	-8.85731	-10.8986
29.3939	-8.86201	-10.9033
29.4039	-8.86671	-10.908
29.4139	-8.87142	-10.9127
29.4239	-8.87612	-10.9174
29.4338	-8.88082	-10.9221
29.4438	-8.88553	-10.9268
29.4538	-8.89023	-10.9316
29.4638	-8.89494	-10.9363
29.4737	-8.89964	-10.941
29.4837	-8.90434	-10.9457
29.4937	-8.90905	-10.9504
29.5037	-8.91375	-10.9551
29.5137	-8.91846	-10.9598
29.5236	-8.92316	-10.9645
29.5336	-8.92787	-10.9692
29.5436	-8.93257	-10.9739
29.5536	-8.93728	-10.9786
29.5635	-8.94198	-10.9833
29.5735	-8.94669	-10.988
29.5835	-8.95139	-10.9927
29.5935	-8.9561	-10.9974
29.6035	-8.96081	-11.0021
29.6134	-8.96551	-11.0068
29.6234	-8.97022	-11.0115
29.6334	-8.97493	-11.0162
29.6434	-8.97963	-11.021
29.6533	-8.98434	-11.0257
29.6633	-8.98904	-11.0304
29.6733	-8.99375	-11.0351
29.6833	-8.99846	-11.0398
29.6932	-9.00317	-11.0445
29.7032	-9.00787	-11.0492
29.7132	-9.01258	-11.0539
29.7232	-9.01729	-11.0586
29.7332	-9.02199	-11.0633
29.7431	-9.0267	-11.068
29.7531	-9.03141	-11.0727
29.7631	-9.03612	-11.0774
29.7731	-9.04083	-11.0821
29.783	-9.04553	-11.0869
29.793	-9.05024	-11.0916
29.803	-9.05495	-11.0963
29.813	-9.05966	-11.101
29.823	-9.06437	-11.1057
29.8329	-9.06908	-11.1104
29.8429	-9.07378	-11.1151
29.8529	-9.07849	-11.1198
29.8629	-9.0832	-11.1245
29.8728	-9.08791	-11.1292
29.8828	-9.09262	-11.1339
29.8928	-9.09733	-11.1387
29.9028	-9.10204	-11.1434
29.9128	-9.10675	-11.1481
29.9227	-9.11146	-11.1528
29.9327	-9.11617	-11.1575
29.9427	-9.12088	-11.1622
29.9527	-9.12559	-11.1669
29.9626	-9.1303	-11.1716
29.9726	-9.13501	-11.1763
29.9826	-9.13972	-11.181
29.9926	-9.14443	-11.1857
30.0026	-9.14914	-11.1905
30.0125	-9.15385	-11.1952
30.0225	-9.15856	-11.1999
30.0325	-9.16327	-11.2046
30.0425	-9.16798	-11.2093
30.0524	-9.17269	-11.214
30.0624	-9.1774	-11.2187
30.0724	-9.18211	-11.2234
30.0824	-9.18682	-11.2281
30.0923	-9.19153	-11.2329
30.1023	-9.19624	-11.2376
30.1123	-9.20096	-11.2423
30.1223	-9.20567	-11.247
30.1323	-9.21038	-11.2517
30.1422	-9.21509	-11.2564
30.1522	-9.2198	-11.2611
30.1622	-9.22451	-11.2658
30.1722	-9.22923	-11.2705
30.1821	-9.23394	-11.2753
30.1921	-9.23865	-11.28
30.2021	-9.24336	-11.2847
30.2121	-9.24807	-11.2894
30.2221	-9.25279	-11.2941
30.232	-9.2575	-11.2988
30.242	-9.26221	-11.3035
30.252	-9.26692	-11.3082
30.262	-9.27164	-11.313
30.2719	-9.27635	-11.3177
30.2819	-9.28106	-11.3224
30.2919	-9.28577	-11.3271
30.3019	-9.29049	-11.3318
30.3119	-9.2952	-11.3365
30.3218	-9.29991	-11.3412
30.3318	-9.30463	-11.3459
30.3418	-9.30934	-11.3507
30.3518	-9.31405	-11.3554
30.3617	-9.31877	-11.3601
30.3717	-9.32348	-11.3648
30.3817	-9.32819	-11.3695
30.3917	-9.33291	-11.3742
30.4017	-9.33762	-11.3789
30.4116	-9.34233	-11.3837
30.4216	-9.34705	-11.3884
30.4316	-9.35176	-11.3931
30.4416	-9.35647	-11.3978
30.4515	-9.36119	-11.4025
30.4615	-9.3659	-11.4072
30.4715	-9.37062	-11.4119
30.4815	-9.37533	-11.4167
30.4914	-9.38005	-11.4214
30.5014	-9.38476	-11.4261
30.5114	-9.38947	-11.4308
30.5214	-9.39419	-11.4355
30.5314	-9.3989	-11.4402
30.5413	-9.40362	-11.4449
30.5513	-9.40833	-11.4497
30.5613	-9.41305	-11.4544
30.5713	-9.41776	-11.4591
30.5812	-9.42248	-11.4638
30.5912	-9.42719	-11.4685
30.6012	-9.43191	-11.4732
30.6112	-9.43662	-11.4779
30.6212	-9.44134	-11.4827
30.6311	-9.44605	-11.4874
30.6411	-9.45077	-11.4921
30.6511	-9.45548	-11.4968
30.6611	-9.4602	-11.5015
30.671	-9.46491	-11.5062
30.681	-9.46963	-11.511
30.691	-9.47434	-11.5157
30.701	-9.47906	-11.5204
30.711	-9.48378	-11.5251
30.7209	-9.48849	-11.5298
30.7309	-9.49321	-11.5345
30.7409	-9.49792	-11.5392
30.7509	-9.50264	-11.544
30.7608	-9.50735	-11.5487
30.7708	-9.51207	-11.5534
30.7808	-9.51679	-11.5581
30.7908	-9.5215	-11.5628
30.8008	-9.52622	-11.5675
30.8107	-9.53093	-11.5723
30.8207	-9.53565	-11.577
30.8307	-9.54037	-11.5817
30.8407	-9.54508	-11.5864
30.8506	-9.5498	-11.5911
30.8606	-9.55452	-11.5958
30.8706	-9.55923	-11.6006
30.8806	-9.56395	-11.6053
30.8905	-9.56866	-11.61
30.9005	-9.57338	-11.6147
30.9105	-9.5781	-11.6194
30.9205	-9.58281	-11.6241
30.9305	-9.58753	-11.6289
30.9404	-9.59225	-11.6336
30.9504	-9.59696	-11.6383
30.9604	-9.60168	-11.643
30.9704	-9.6064	-11.6477
30.9803	-9.61111	-11.6524
30.9903	-9.61583	-11.6572
31.0003	-9.62055	-11.6619
31.0103	-9.62526	-11.6666
31.0203	-9.62998	-11.6713
31.0302	-9.6347	-11.676
31.0402	-9.63942	-11.6807
31.0502	-9.64413	-11.6855
31.0602	-9.64885	-11.6902
31.0701	-9.65357	-11.6949
31.0801	-9.65828	-11.6996
31.0901	-9.663	-11.7043
31.1001	-9.66772	-11.709
31.1101	-9.67244	-11.7138
31.12	-9.67715	-11.7185
31.13	-9.68187	-11.7232
31.14	-9.68659	-11.7279
31.15	-9.69131	-11.7326
31.1599	-9.69602	-11.7373
31.1699	-9.70074	-11.7421
31.1799	-9.70546	-11.7468
31.1899	-9.71018	-11.7515
31.1998	-9.71489	-11.7562
31.2098	-9.71961	-11.7609
31.2198	-9.72433	-11.7656
31.2298	-9.72905	-11.7704
31.2398	-9.73376	-11.7751
31.2497	-9.73848	-11.7798
31.2597	-9.7432	-11.7845
31.2697	-9.74792	-11.7892
31.2797	-9.75263	-11.794
31.2896	-9.75735	-11.7987
31.2996	-9.76207	-11.8034
31.3096	-9.76679	-11.8081
31.3196	-9.77151	-11.8128
31.3296	-9.77622	-11.8175
31.3395	-9.78094	-11.8223
31.3495	-9.78566	-11.827
31.3595	-9.79038	-11.8317
31.3695	-9.79509	-11.8364
31.3794	-9.79981	-11.8411
31.3894	-9.80453	-11.8459
31.3994	-9.80925	-11.8506
31.4094	-9.81397	-11.8553
31.4194	-9.81868	-11.86
31.4293	-9.8234	-11.8647
31.4393	-9.82812	-11.8694
31.4493	-9.83284	-11.8742
31.4593	-9.83756	-11.8789
31.4692	-9.84227	-11.8836
31.4792	-9.84699	-11.8883
31.4892	-9.85171	-11.893
31.4992	-9.85643	-11.8977
31.5092	-9.86115	-11.9025
31.5191	-9.86586	-11.9072
31.5291	-9.87058	-11.9119
31.5391	-9.8753	-11.9166
31.5491	-9.88002	-11.9213
31.559	-9.88474	-11.9261
31.569	-9.88946	-11.9308
31.579	-9.89417	-11.9355
31.589	-9.89889	-11.9402
31.5989	-9.90361	-11.9449
31.6089	-9.90833	-11.9496
31.6189	-9.91305	-11.9544
31.6289	-9.91776	-11.9591
31.6389	-9.92248	-11.9638
31.6488	-9.9272	-11.9685
31.6588	-9.93192	-11.9732
31.6688	-9.93664	-11.978
31.6788	-9.94135	-11.9827
31.6887	-9.94607	-11.9874
31.6987	-9.95079	-11.9921
31.7087	-9.95551	-11.9968
31.7187	-9.96023	-12.0015
31.7287	-9.96495	-12.0063
31.7386	-9.96966	-12.011
31.7486	-9.97438	-12.0157
31.7586	-9.9791	-12.0204
31.7686	-9.98382	-12.0251
31.7785	-9.98854	-12.0299
31.7885	-9.99325	-12.0346
31.7985	-9.99797	-12.0393
31.8085	-10.0027	-12.044
31.8185	-10.0074	-12.0487
31.8284	-10.0121	-12.0534
31.8384	-10.0168	-12.0582
31.8484	-10.0216	-12.0629
31.8584	-10.0263	-12.0676
31.8683	-10.031	-12.0723
31.8783	-10.0357	-12.077
31.8883	-10.0404	-12.0818
31.8983	-10.0452	-12.0865
31.9083	-10.0499	-12.0912
31.9182	-10.0546	-12.0959
31.9282	-10.0593	-12.1006
31.9382	-10.064	-12.1053
31.9482	-10.0687	-12.1101
31.9581	-10.0735	-12.1148
31.9681	-10.0782	-12.1195
31.9781	-10.0829	-12.1242
31.9881	-10.0876	-12.1289
31.998	-10.0923	-12.1337
32.008	-10.0971	-12.1384
32.018	-10.1018	-12.1431
32.028	-10.1065	-12.1478
32.038	-10.1112	-12.1525
32.0479	-10.1159	-12.1572
32.0579	-10.1206	-12.162
32.0679	-10.1254	-12.1667
32.0779	-10.1301	-12.1714
32.0878	-10.1348	-12.1761
32.0978	-10.1395	-12.1808
32.1078	-10.1442	-12.1856
32.1178	-10.1489	-12.1903
32.1278	-10.1537	-12.195
32.1377	-10.1584	-12.1997
32.1477	-10.1631	-12.2044
32.1577	-10.1678	-12.2091
32.1677	-10.1725	-12.2139
32.1776	-10.1773	-12.2186
32.1876	-10.182	-12.2233
32.1976	-10.1867	-12.228
32.2076	-10.1914	-12.2327
32.2176	-10.1961	-12.2374
32.2275	-10.2008	-12.2422
32.2375	-10.2056	-12.2469
32.2475	-10.2103	-12.2516
32.2575	-10.215	-12.2563
32.2674	-10.2197	-12.261
32.2774	-10.2244	-12.2657
32.2874	-10.2291	-12.2705
32.2974	-10.2339	-12.2752
32.3074	-10.2386	-12.2799
32.3173	-10.2433	-12.2846
32.3273	-10.248	-12.2893
32.3373	-10.2527	-12.2941
32.3473	-10.2574	-12.2988
32.3572	-10.2622	-12.3035
32.3672	-10.2669	-12.3082
32.3772	-10.2716	-12.3129
32.3872	-10.2763	-12.3176
32.3971	-10.281	-12.3224
32.4071	-10.2857	-12.3271
32.4171	-10.2905	-12.3318
32.4271	-10.2952	-12.3365
32.4371	-10.2999	-12.3412
32.447	-10.3046	-12.3459
32.457	-10.3093	-12.3507
32.467	-10.314	-12.3554
32.477	-10.3188	-12.3601
32.4869	-10.3235	-12.3648
32.4969	-10.3282	-12.3695
32.5069	-10.3329	-12.3742
32.5169	-10.3376	-12.379
32.5269	-10.3423	-12.3837
32.5368	-10.3471	-12.3884
32.5468	-10.3518	-12.3931
32.5568	-10.3565	-12.3978
32.5668	-10.3612	-12.4025
32.5767	-10.3659	-12.4073
32.5867	-10.3706	-12.412
32.5967	-10.3754	-12.4167
32.6067	-10.3801	-12.4214
32.6167	-10.3848	-12.4261
32.6266	-10.3895	-12.4308
32.6366	-10.3942	-12.4355
32.6466	-10.3989	-12.4403
32.6566	-10.4037	-12.445
32.6665	-10.4084	-12.4497
32.6765	-10.4131	-12.4544
32.6865	-10.4178	-12.4591
32.6965	-10.4225	-12.4638
32.7065	-10.4272	-12.4686
32.7164	-10.432	-12.4733
32.7264	-10.4367	-12.478
32.7364	-10.4414	-12.4827
32.7464	-10.4461	-12.4874
32.7563	-10.4508	-12.4921
32.7663	-10.4555	-12.4969
32.7763	-10.4602	-12.5016
32.7863	-10.465	-12.5063
32.7962	-10.4697	-12.511
32.8062	-10.4744	-12.5157
32.8162	-10.4791	-12.5204
32.8262	-10.4838	-12.5251
32.8362	-10.4885	-12.5299
32.8461	-10.4932	-12.5346
32.8561	-10.498	-12.5393
32.8661	-10.5027	-12.544
32.8761	-10.5074	-12.5487
32.886	-10.5121	-12.5534
32.896	-10.5168	-12.5581
32.906	-10.5215	-12.5629
32.916	-10.5263	-12.5676
32.926	-10.531	-12.5723
32.9359	-10.5357	-12.577
32.9459	-10.5404	-12.5817
32.9559	-10.5451	-12.5864
32.9659	-10.5498	-12.5911
32.9758	-10.5545	-12.5959
32.9858	-10.5593	-12.6006
32.9958	-10.564	-12.6053
33.0058	-10.5687	-12.61
33.0158	-10.5734	-12.6147
33.0257	-10.5781	-12.6194
33.0357	-10.5828	-12.6241
33.0457	-10.5875	-12.6289
33.0557	-10.5922	-12.6336
33.0656	-10.597	-12.6383
33.0756	-10.6017	-12.643
33.0856	-10.6064	-12.6477
33.0956	-10.6111	-12.6524
33.1056	-10.6158	-12.6571
33.1155	-10.6205	-12.6618
33.1255	-10.6252	-12.6666
33.1355	-10.63	-12.6713
33.1455	-10.6347	-12.676
33.1554	-10.6394	-12.6807
33.1654	-10.6441	-12.6854
33.1754	-10.6488	-12.6901
33.1854	-10.6535	-12.6948
33.1953	-10.6582	-12.6996
33.2053	-10.6629	-12.7043
33.2153	-10.6677	-12.709
33.2253	-10.6724	-12.7137
33.2353	-10.6771	-12.7184
33.2452	-10.6818	-12.7231
33.2552	-10.6865	-12.7278
33.2652	-10.6912	-12.7325
33.2752	-10.6959	-12.7373
33.2851	-10.7006	-12.742
33.2951	-10.7054	-12.7467
33.3051	-10.7101	-12.7514
33.3151	-10.7148	-12.7561
33.3251	-10.7195	-12.7608
33.335	-10.7242	-12.7655
33.345	-10.7289	-12.7702
33.355	-10.7336	-12.7749
33.365	-10.7383	-12.7797
33.3749	-10.743	-12.7844
33.3849	-10.7478	-12.7891
33.3949	-10.7525	-12.7938
33.4049	-10.7572	-12.7985
33.4149	-10.7619	-12.8032
33.4248	-10.7666	-12.8079
33.4348	-10.7713	-12.8126
33.4448	-10.776	-12.8173
33.4548	-10.7807	-12.8221
33.4647	-10.7854	-12.8268
33.4747	-10.7902	-12.8315
33.4847	-10.7949	-12.8362
33.4947	-10.7996	-12.8409
33.5047	-10.8043	-12.8456
33.5146	-10.809	-12.8503
33.5246	-10.8137	-12.855
33.5346	-10.8184	-12.8597
33.5446	-10.8231	-12.8644
33.5545	-10.8278	-12.8692
33.5645	-10.8325	-12.8739
33.5745	-10.8373	-12.8786
33.5845	-10.842	-12.8833
33.5944	-10.8467	-12.888
33.6044	-10.8514	-12.8927
33.6144	-10.8561	-12.8974
33.6244	-10.8608	-12.9021
33.6344	-10.8655	-12.9068
33.6443	-10.8702	-12.9115
33.6543	-10.8749	-12.9163
33.6643	-10.8796	-12.921
33.6743	-10.8843	-12.9257
33.6842	-10.8891	-12.9304
33.6942	-10.8938	-12.9351
33.7042	-10.8985	-12.9398
33.7142	-10.9032	-12.9445
33.7242	-10.9079	-12.9492
33.7341	-10.9126	-12.9539
33.7441	-10.9173	-12.9586
33.7541	-10.922	-12.9633
33.7641	-10.9267	-12.968
33.774	-10.9314	-12.9728
33.784	-10.9361	-12.9775
33.794	-10.9408	-12.9822
33.804	-10.9456	-12.9869
33.814	-10.9503	-12.9916
33.8239	-10.955	-12.9963
33.8339	-10.9597	-13.001
33.8439	-10.9644	-13.0057
33.8539	-10.9691	-13.0104
33.8638	-10.9738	-13.0151
33.8738	-10.9785	-13.0198
33.8838	-10.9832	-13.0245
33.8938	-10.9879	-13.0292
33.9038	-10.9926	-13.0339
33.9137	-10.9973	-13.0387
33.9237	-11.002	-13.0434
33.9337	-11.0067	-13.0481
33.9437	-11.0114	-13.0528
33.9536	-11.0162	-13.0575
33.9636	-11.0209	-13.0622
33.9736	-11.0256	-13.0669
33.9836	-11.0303	-13.0716
33.9935	-11.035	-13.0763
34.0035	-11.0397	-13.081
34.0135	-11.0444	-13.0857
34.0235	-11.0491	-13.0904
34.0335	-11.0538	-13.0951
34.0434	-11.0585	-13.0998
34.0534	-11.0632	-13.1045
34.0634	-11.0679	-13.1092
34.0734	-11.0726	-13.1139
34.0833	-11.0773	-13.1186
34.0933	-11.082	-13.1233
34.1033	-11.0867	-13.1281
34.1133	-11.0914	-13.1328
34.1233	-11.0961	-13.1375
34.1332	-11.1008	-13.1422
34.1432	-11.1055	-13.1469
34.1532	-11.1103	-13.1516
34.1632	-11.115	-13.1563
34.1731	-11.1197	-13.161
34.1831	-11.1244	-13.1657
34.1931	-11.1291	-13.1704
34.2031	-11.1338	-13.1751
34.2131	-11.1385	-13.1798
34.223	-11.1432	-13.1845
34.233	-11.1479	-13.1892
34.243	-11.1526	-13.1939
34.253	-11.1573	-13.1986
34.2629	-11.162	-13.2033
34.2729	-11.1667	-13.208
34.2829	-11.1714	-13.2127
34.2929	-11.1761	-13.2174
34.3029	-11.1808	-13.2221
34.3128	-11.1855	-13.2268
34.3228	-11.1902	-13.2315
34.3328	-11.1949	-13.2362
34.3428	-11.1996	-13.2409
34.3527	-11.2043	-13.2456
34.3627	-11.209	-13.2503
34.3727	-11.2137	-13.255
34.3827	-11.2184	-13.2597
34.3926	-11.2231	-13.2644
34.4026	-11.2278	-13.2691
34.4126	-11.2325	-13.2738
34.4226	-11.2372	-13.2785
34.4326	-11.2419	-13.2832
34.4425	-11.2466	-13.2879
34.4525	-11.2513	-13.2926
34.4625	-11.256	-13.2973
34.4725	-11.2607	-13.302
34.4824	-11.2654	-13.3067
34.4924	-11.2701	-13.3114
34.5024	-11.2748	-13.3161
34.5124	-11.2795	-13.3208
34.5224	-11.2842	-13.3255
34.5323	-11.2889	-13.3302
34.5423	-11.2936	-13.3349
34.5523	-11.2983	-13.3396
34.5623	-11.303	-13.3443
34.5722	-11.3077	-13.349
34.5822	-11.3124	-13.3537
34.5922	-11.3171	-13.3584
34.6022	-11.3218	-13.3631
34.6122	-11.3265	-13.3678
34.6221	-11.3312	-13.3725
34.6321	-11.3359	-13.3772
34.6421	-11.3406	-13.3819
34.6521	-11.3453	-13.3866
34.662	-11.35	-13.3913
34.672	-11.3547	-13.396
34.682	-11.3594	-13.4007
34.692	-11.3641	-13.4054
34.702	-11.3688	-13.4101
34.7119	-11.3735	-13.4148
34.7219	-11.3782	-13.4195
34.7319	-11.3829	-13.4242
34.7419	-11.3876	-13.4289
34.7518	-11.3923	-13.4336
34.7618	-11.397	-13.4383
34.7718	-11.4017	-13.443
34.7818	-11.4064	-13.4477
34.7917	-11.4111	-13.4524
34.8017	-11.4158	-13.4571
34.8117	-11.4205	-13.4618
34.8217	-11.4251	-13.4665
34.8317	-11.4298	-13.4712
34.8416	-11.4345	-13.4759
34.8516	-11.4392	-13.4806
34.8616	-11.4439	-13.4853
34.8716	-11.4486	-13.4899
34.8815	-11.4533	-13.4946
34.8915	-11.458	-13.4993
34.9015	-11.4627	-13.504
34.9115	-11.4674	-13.5087
34.9215	-11.4721	-13.5134
34.9314	-11.4768	-13.5181
34.9414	-11.4815	-13.5228
34.9514	-11.4862	-13.5275
34.9614	-11.4909	-13.5322
34.9713	-11.4956	-13.5369
34.9813	-11.5003	-13.5416
34.9913	-11.505	-13.5463
35.0013	-11.5097	-13.551
35.0113	-11.5143	-13.5557
35.0212	-11.519	-13.5604
35.0312	-11.5237	-13.5651
35.0412	-11.5284	-13.5697
35.0512	-11.5331	-13.5744
35.0611	-11.5378	-13.5791
35.0711	-11.5425	-13.5838
35.0811	-11.5472	-13.5885
35.0911	-11.5519	-13.5932
35.1011	-11.5566	-13.5979
35.111	-11.5613	-13.6026
35.121	-11.566	-13.6073
35.131	-11.5707	-13.612
35.141	-11.5753	-13.6167
35.1509	-11.58	-13.6214
35.1609	-11.5847	-13.626
35.1709	-11.5894	-13.6307
35.1809	-11.5941	-13.6354
35.1908	-11.5988	-13.6401
35.2008	-11.6035	-13.6448
35.2108	-11.6082	-13.6495
35.2208	-11.6129	-13.6542
35.2308	-11.6176	-13.6589
35.2407	-11.6222	-13.6636
35.2507	-11.6269	-13.6683
35.2607	-11.6316	-13.6729
35.2707	-11.6363	-13.6776
35.2806	-11.641	-13.6823
35.2906	-11.6457	-13.687
35.3006	-11.6504	-13.6917
35.3106	-11.6551	-13.6964
35.3206	-11.6598	-13.7011
35.3305	-11.6645	-13.7058
35.3405	-11.6691	-13.7105
35.3505	-11.6738	-13.7151
35.3605	-11.6785	-13.7198
35.3704	-11.6832	-13.7245
35.3804	-11.6879	-13.7292
35.3904	-11.6926	-13.7339
35.4004	-11.6973	-13.7386
35.4104	-11.702	-13.7433
35.4203	-11.7066	-13.748
35.4303	-11.7113	-13.7526
35.4403	-11.716	-13.7573
35.4503	-11.7207	-13.762
35.4602	-11.7254	-13.7667
35.4702	-11.7301	-13.7714
35.4802	-11.7348	-13.7761
35.4902	-11.7394	-13.7808
35.5002	-11.7441	-13.7855
35.5101	-11.7488	-13.7901
35.5201	-11.7535	-13.7948
35.5301	-11.7582	-13.7995
35.5401	-11.7629	-13.8042
35.55	-11.7676	-13.8089
35.56	-11.7722	-13.8136
35.57	-11.7769	-13.8183
35.58	-11.7816	-13.8229
35.5899	-11.7863	-13.8276
35.5999	-11.791	-13.8323
35.6099	-11.7957	-13.837
35.6199	-11.8004	-13.8417
35.6299	-11.805	-13.8464
35.6398	-11.8097	-13.851
35.6498	-11.8144	-13.8557
35.6598	-11.8191	-13.8604
35.6698	-11.8238	-13.8651
35.6797	-11.8285	-13.8698
35.6897	-11.8331	-13.8745
35.6997	-11.8378	-13.8791
35.7097	-11.8425	-13.8838
35.7197	-11.8472	-13.8885
35.7296	-11.8519	-13.8932
35.7396	-11.8565	-13.8979
35.7496	-11.8612	-13.9026
35.7596	-11.8659	-13.9072
35.7695	-11.8706	-13.9119
35.7795	-11.8753	-13.9166
35.7895	-11.88	-13.9213
35.7995	-11.8846	-13.926
35.8095	-11.8893	-13.9306
35.8194	-11.894	-13.9353
35.8294	-11.8987	-13.94
35.8394	-11.9034	-13.9447
35.8494	-11.908	-13.9494
35.8593	-11.9127	-13.954
35.8693	-11.9174	-13.9587
35.8793	-11.9221	-13.9634
35.8893	-11.9268	-13.9681
35.8992	-11.9314	-13.9728
35.9092	-11.9361	-13.9774
35.9192	-11.9408	-13.9821
35.9292	-11.9455	-13.9868
35.9392	-11.9502	-13.9915
35.9491	-11.9548	-13.9962
35.9591	-11.9595	-14.0008
35.9691	-11.9642	-14.0055
35.9791	-11.9689	-14.0102
35.989	-11.9735	-14.0149
35.999	-11.9782	-14.0195
36.009	-11.9829	-14.0242
36.019	-11.9876	-14.0289
36.029	-11.9923	-14.0336
36.0389	-11.9969	-14.0383
36.0489	-12.0016	-14.0429
36.0589	-12.0063	-14.0476
36.0689	-12.011	-14.0523
36.0788	-12.0156	-14.057
36.0888	-12.0203	-14.0616
36.0988	-12.025	-14.0663
36.1088	-12.0297	-14.071
36.1188	-12.0343	-14.0757
36.1287	-12.039	-14.0803
36.1387	-12.0437	-14.085
36.1487	-12.0484	-14.0897
36.1587	-12.053	-14.0944
36.1686	-12.0577	-14.099
36.1786	-12.0624	-14.1037
36.1886	-12.0671	-14.1084
36.1986	-12.0717	-14.1131
36.2086	-12.0764	-14.1177
36.2185	-12.0811	-14.1224
36.2285	-12.0858	-14.1271
36.2385	-12.0904	-14.1318
36.2485	-12.0951	-14.1364
36.2584	-12.0998	-14.1411
36.2684	-12.1045	-14.1458
36.2784	-12.1091	-14.1505
36.2884	-12.1138	-14.1551
36.2983	-12.1185	-14.1598
36.3083	-12.1231	-14.1645
36.3183	-12.1278	-14.1691
36.3283	-12.1325	-14.1738
36.3383	-12.1372	-14.1785
36.3482	-12.1418	-14.1832
36.3582	-12.1465	-14.1878
36.3682	-12.1512	-14.1925
36.3782	-12.1558	-14.1972
36.3881	-12.1605	-14.2018
36.3981	-12.1652	-14.2065
36.4081	-12.1699	-14.2112
36.4181	-12.1745	-14.2159
36.4281	-12.1792	-14.2205
36.438	-12.1839	-14.2252
36.448	-12.1885	-14.2299
36.458	-12.1932	-14.2345
36.468	-12.1979	-14.2392
36.4779	-12.2025	-14.2439
36.4879	-12.2072	-14.2485
36.4979	-12.2119	-14.2532
36.5079	-12.2166	-14.2579
36.5179	-12.2212	-14.2625
36.5278	-12.2259	-14.2672
36.5378	-12.2306	-14.2719
36.5478	-12.2352	-14.2766
36.5578	-12.2399	-14.2812
36.5677	-12.2446	-14.2859
36.5777	-12.2492	-14.2906
36.5877	-12.2539	-14.2952
36.5977	-12.2586	-14.2999
36.6077	-12.2632	-14.3046
36.6176	-12.2679	-14.3092
36.6276	-12.2726	-14.3139
36.6376	-12.2772	-14.3186
36.6476	-12.2819	-14.3232
36.6575	-12.2866	-14.3279
36.6675	-12.2912	-14.3326
36.6775	-12.2959	-14.3372
36.6875	-12.3006	-14.3419
36.6974	-12.3052	-14.3465
36.7074	-12.3099	-14.3512
36.7174	-12.3146	-14.3559
36.7274	-12.3192	-14.3605
36.7374	-12.3239	-14.3652
36.7473	-12.3285	-14.3699
36.7573	-12.3332	-14.3745
36.7673	-12.3379	-14.3792
36.7773	-12.3425	-14.3839
36.7872	-12.3472	-14.3885
36.7972	-12.3519	-14.3932
36.8072	-12.3565	-14.3979
36.8172	-12.3612	-14.4025
36.8272	-12.3659	-14.4072
36.8371	-12.3705	-14.4118
36.8471	-12.3752	-14.4165
36.8571	-12.3798	-14.4212
36.8671	-12.3845	-14.4258
36.877	-12.3892	-14.4305
36.887	-12.3938	-14.4351
36.897	-12.3985	-14.4398
36.907	-12.4031	-14.4445
36.917	-12.4078	-14.4491
36.9269	-12.4125	-14.4538
36.9369	-12.4171	-14.4585
36.9469	-12.4218	-14.4631
36.9569	-12.4264	-14.4678
36.9668	-12.4311	-14.4724
36.9768	-12.4358	-14.4771
36.9868	-12.4404	-14.4818
36.9968	-12.4451	-14.4864
37.0068	-12.4497	-14.4911
37.0167	-12.4544	-14.4957
37.0267	-12.4591	-14.5004
37.0367	-12.4637	-14.505
37.0467	-12.4684	-14.5097
37.0566	-12.473	-14.5144
37.0666	-12.4777	-14.519
37.0766	-12.4824	-14.5237
37.0866	-12.487	-14.5283
37.0965	-12.4917	-14.533
37.1065	-12.4963	-14.5376
37.1165	-12.501	-14.5423
37.1265	-12.5056	-14.547
37.1365	-12.5103	-14.5516
37.1464	-12.515	-14.5563
37.1564	-12.5196	-14.5609
37.1664	-12.5243	-14.5656
37.1764	-12.5289	-14.5702
37.1863	-12.5336	-14.5749
37.1963	-12.5382	-14.5796
37.2063	-12.5429	-14.5842
37.2163	-12.5475	-14.5889
37.2263	-12.5522	-14.5935
37.2362	-12.5568	-14.5982
37.2462	-12.5615	-14.6028
37.2562	-12.5662	-14.6075
37.2662	-12.5708	-14.6121
37.2761	-12.5755	-14.6168
37.2861	-12.5801	-14.6214
37.2961	-12.5848	-14.6261
37.3061	-12.5894	-14.6307
37.3161	-12.5941	-14.6354
37.326	-12.5987	-14.6401
37.336	-12.6034	-14.6447
37.346	-12.608	-14.6494
37.356	-12.6127	-14.654
37.3659	-12.6173	-14.6587
37.3759	-12.622	-14.6633
37.3859	-12.6266	-14.668
37.3959	-12.6313	-14.6726
37.4059	-12.6359	-14.6773
37.4158	-12.6406	-14.6819
37.4258	-12.6452	-14.6866
37.4358	-12.6499	-14.6912
37.4458	-12.6545	-14.6959
37.4557	-12.6592	-14.7005
37.4657	-12.6638	-14.7052
37.4757	-12.6685	-14.7098
37.4857	-12.6731	-14.7145
37.4956	-12.6778	-14.7191
37.5056	-12.6824	-14.7238
37.5156	-12.6871	-14.7284
37.5256	-12.6917	-14.7331
37.5356	-12.6964	-14.7377
37.5455	-12.701	-14.7424
37.5555	-12.7057	-14.747
37.5655	-12.7103	-14.7517
37.5755	-12.715	-14.7563
37.5854	-12.7196	-14.7609
37.5954	-12.7243	-14.7656
37.6054	-12.7289	-14.7702
37.6154	-12.7336	-14.7749
37.6254	-12.7382	-14.7795
37.6353	-12.7429	-14.7842
37.6453	-12.7475	-14.7888
37.6553	-12.7521	-14.7935
37.6653	-12.7568	-14.7981
37.6752	-12.7614	-14.8028
37.6852	-12.7661	-14.8074
37.6952	-12.7707	-14.812
37.7052	-12.7754	-14.8167
37.7152	-12.78	-14.8213
37.7251	-12.7847	-14.826
37.7351	-12.7893	-14.8306
37.7451	-12.7939	-14.8353
37.7551	-12.7986	-14.8399
37.765	-12.8032	-14.8446
37.775	-12.8079	-14.8492
37.785	-12.8125	-14.8538
37.795	-12.8172	-14.8585
37.805	-12.8218	-14.8631
37.8149	-12.8264	-14.8678
37.8249	-12.8311	-14.8724
37.8349	-12.8357	-14.8771
37.8449	-12.8404	-14.8817
37.8548	-12.845	-14.8863
37.8648	-12.8497	-14.891
37.8748	-12.8543	-14.8956
37.8848	-12.8589	-14.9003
37.8947	-12.8636	-14.9049
37.9047	-12.8682	-14.9095
37.9147	-12.8729	-14.9142
37.9247	-12.8775	-14.9188
37.9347	-12.8821	-14.9235
37.9446	-12.8868	-14.9281
37.9546	-12.8914	-14.9327
37.9646	-12.8961	-14.9374
37.9746	-12.9007	-14.942
37.9845	-12.9053	-14.9467
37.9945	-12.91	-14.9513
38.0045	-12.9146	-14.9559
38.0145	-12.9192	-14.9606
38.0245	-12.9239	-14.9652
38.0344	-12.9285	-14.9698
38.0444	-12.9332	-14.9745
38.0544	-12.9378	-14.9791
38.0644	-12.9424	-14.9838
38.0743	-12.9471	-14.9884
38.0843	-12.9517	-14.993
38.0943	-12.9563	-14.9977
38.1043	-12.961	-15.0023
38.1143	-12.9656	-15.0069
38.1242	-12.9702	-15.0116
38.1342	-12.9749	-15.0162
38.1442	-12.9795	-15.0208
38.1542	-12.9842	-15.0255
38.1641	-12.9888	-15.0301
38.1741	-12.9934	-15.0347
38.1841	-12.9981	-15.0394
38.1941	-13.0027	-15.044
38.2041	-13.0073	-15.0486
38.214	-13.012	-15.0533
38.224	-13.0166	-15.0579
38.234	-13.0212	-15.0625
38.244	-13.0259	-15.0672
38.2539	-13.0305	-15.0718
38.2639	-13.0351	-15.0764
38.2739	-13.0397	-15.0811
38.2839	-13.0444	-15.0857
38.2938	-13.049	-15.0903
38.3038	-13.0536	-15.095
38.3138	-13.0583	-15.0996
38.3238	-13.0629	-15.1042
38.3338	-13.0675	-15.1089
38.3437	-13.0722	-15.1135
38.3537	-13.0768	-15.1181
38.3637	-13.0814	-15.1227
38.3737	-13.0861	-15.1274
38.3836	-13.0907	-15.132
38.3936	-13.0953	-15.1366
38.4036	-13.0999	-15.1413
38.4136	-13.1046	-15.1459
38.4236	-13.1092	-15.1505
38.4335	-13.1138	-15.1551
38.4435	-13.1185	-15.1598
38.4535	-13.1231	-15.1644
38.4635	-13.1277	-15.169
38.4734	-13.1323	-15.1737
38.4834	-13.137	-15.1783
38.4934	-13.1416	-15.1829
38.5034	-13.1462	-15.1875
38.5134	-13.1508	-15.1922
38.5233	-13.1555	-15.1968
38.5333	-13.1601	-15.2014
38.5433	-13.1647	-15.206
38.5533	-13.1693	-15.2107
38.5632	-13.174	-15.2153
38.5732	-13.1786	-15.2199
38.5832	-13.1832	-15.2245
38.5932	-13.1878	-15.2292
38.6032	-13.1925	-15.2338
38.6131	-13.1971	-15.2384
38.6231	-13.2017	-15.243
38.6331	-13.2063	-15.2477
38.6431	-13.211	-15.2523
38.653	-13.2156	-15.2569
38.663	-13.2202	-15.2615
38.673	-13.2248	-15.2662
38.683	-13.2295	-15.2708
38.6929	-13.2341	-15.2754
38.7029	-13.2387	-15.28
38.7129	-13.2433	-15.2846
38.7229	-13.2479	-15.2893
38.7329	-13.2526	-15.2939
38.7428	-13.2572	-15.2985
38.7528	-13.2618	-15.3031
38.7628	-13.2664	-15.3077
38.7728	-13.271	-15.3124
38.7827	-13.2757	-15.317
38.7927	-13.2803	-15.3216
38.8027	-13.2849	-15.3262
38.8127	-13.2895	-15.3308
38.8227	-13.2941	-15.3355
38.8326	-13.2988	-15.3401
38.8426	-13.3034	-15.3447
38.8526	-13.308	-15.3493
38.8626	-13.3126	-15.3539
38.8725	-13.3172	-15.3586
38.8825	-13.3219	-15.3632
38.8925	-13.3265	-15.3678
38.9025	-13.3311	-15.3724
38.9125	-13.3357	-15.377
38.9224	-13.3403	-15.3816
38.9324	-13.3449	-15.3863
38.9424	-13.3496	-15.3909
38.9524	-13.3542	-15.3955
38.9623	-13.3588	-15.4001
38.9723	-13.3634	-15.4047
38.9823	-13.368	-15.4093
38.9923	-13.3726	-15.414
39.0023	-13.3772	-15.4186
39.0122	-13.3819	-15.4232
39.0222	-13.3865	-15.4278
39.0322	-13.3911	-15.4324
39.0422	-13.3957	-15.437
39.0521	-13.4003	-15.4416
39.0621	-13.4049	-15.4463
39.0721	-13.4095	-15.4509
39.0821	-13.4142	-15.4555
39.092	-13.4188	-15.4601
39.102	-13.4234	-15.4647
39.112	-13.428	-15.4693
39.122	-13.4326	-15.4739
39.132	-13.4372	-15.4785
39.1419	-13.4418	-15.4831
39.1519	-13.4464	-15.4878
39.1619	-13.451	-15.4924
39.1719	-13.4557	-15.497
39.1818	-13.4603	-15.5016
39.1918	-13.4649	-15.5062
39.2018	-13.4695	-15.5108
39.2118	-13.4741	-15.5154
39.2218	-13.4787	-15.52
39.2317	-13.4833	-15.5246
39.2417	-13.4879	-15.5292
39.2517	-13.4925	-15.5339
39.2617	-13.4971	-15.5385
39.2716	-13.5018	-15.5431
39.2816	-13.5064	-15.5477
39.2916	-13.511	-15.5523
39.3016	-13.5156	-15.5569
39.3116	-13.5202	-15.5615
39.3215	-13.5248	-15.5661
39.3315	-13.5294	-15.5707
39.3415	-13.534	-15.5753
39.3515	-13.5386	-15.5799
39.3614	-13.5432	-15.5845
39.3714	-13.5478	-15.5891
39.3814	-13.5524	-15.5937
39.3914	-13.557	-15.5984
39.4014	-13.5616	-15.603
39.4113	-13.5662	-15.6076
39.4213	-13.5708	-15.6122
39.4313	-13.5754	-15.6168
39.4413	-13.5801	-15.6214
39.4512	-13.5847	-15.626
39.4612	-13.5893	-15.6306
39.4712	-13.5939	-15.6352
39.4812	-13.5985	-15.6398
39.4911	-13.6031	-15.6444
39.5011	-13.6077	-15.649
39.5111	-13.6123	-15.6536
39.5211	-13.6169	-15.6582
39.5311	-13.6215	-15.6628
39.541	-13.6261	-15.6674
39.551	-13.6307	-15.672
39.561	-13.6353	-15.6766
39.571	-13.6399	-15.6812
39.5809	-13.6445	-15.6858
39.5909	-13.6491	-15.6904
39.6009	-13.6537	-15.695
39.6109	-13.6583	-15.6996
39.6209	-13.6629	-15.7042
39.6308	-13.6675	-15.7088
39.6408	-13.6721	-15.7134
39.6508	-13.6767	-15.718
39.6608	-13.6813	-15.7226
39.6707	-13.6859	-15.7272
39.6807	-13.6905	-15.7318
39.6907	-13.6951	-15.7364
39.7007	-13.6997	-15.741
39.7107	-13.7043	-15.7456
39.7206	-13.7089	-15.7502
39.7306	-13.7135	-15.7548
39.7406	-13.7181	-15.7594
39.7506	-13.7226	-15.764
39.7605	-13.7272	-15.7686
39.7705	-13.7318	-15.7732
39.7805	-13.7364	-15.7778
39.7905	-13.741	-15.7824
39.8005	-13.7456	-15.7869
39.8104	-13.7502	-15.7915
39.8204	-13.7548	-15.7961
39.8304	-13.7594	-15.8007
39.8404	-13.764	-15.8053
39.8503	-13.7686	-15.8099
39.8603	-13.7732	-15.8145
39.8703	-13.7778	-15.8191
39.8803	-13.7824	-15.8237
39.8902	-13.787	-15.8283
39.9002	-13.7916	-15.8329
39.9102	-13.7961	-15.8375
39.9202	-13.8007	-15.8421
39.9302	-13.8053	-15.8467
39.9401	-13.8099	-15.8512
39.9501	-13.8145	-15.8558
39.9601	-13.8191	-15.8604
39.9701	-13.8237	-15.865
39.98	-13.8283	-15.8696
39.99	-13.8329	-15.8742
40	-13.8375	-15.8788
