Freq_GHz	Rm60_Rs5_dBm	Open_Rs5_dBm	Rm60_Rs15_dBm	Open_Rs15_dBm	Rm60_Rs25_dBm	Open_Rs25_dBm	Rm60_Rs35_dBm	Open_Rs35_dBm	Rm60_Rs45_dBm	Open_Rs45_dBm
0.1	-21.2855	-16.0207	-21.2855	-16.0207	-21.2855	-16.0207	-21.2856	-16.0208	-21.2856	-16.0208
0.11996	-21.2855	-16.0207	-21.2855	-16.0207	-21.2856	-16.0208	-21.2856	-16.0209	-21.2857	-16.0209
0.13992	-21.2855	-16.0207	-21.2856	-16.0208	-21.2856	-16.0209	-21.2857	-16.0209	-21.2858	-16.021
0.15988	-21.2855	-16.0207	-21.2856	-16.0208	-21.2857	-16.0209	-21.2857	-16.0211	-21.2858	-16.0212
0.17984	-21.2856	-16.0208	-21.2856	-16.0209	-21.2857	-16.021	-21.2858	-16.0212	-21.286	-16.0213
0.1998	-21.2856	-16.0208	-21.2857	-16.021	-21.2858	-16.0211	-21.2859	-16.0213	-21.2861	-16.0215
0.21976	-21.2856	-16.0209	-21.2857	-16.021	-21.2859	-16.0212	-21.286	-16.0215	-21.2862	-16.0217
0.23972	-21.2857	-16.0209	-21.2858	-16.0211	-21.286	-16.0213	-21.2861	-16.0216	-21.2864	-16.0219
0.25968	-21.2857	-16.021	-21.2859	-16.0212	-21.286	-16.0215	-21.2863	-16.0218	-21.2865	-16.0221
0.27964	-21.2858	-16.021	-21.2859	-16.0213	-21.2861	-16.0216	-21.2864	-16.022	-21.2867	-16.0224
0.2996	-21.2858	-16.0211	-21.286	-16.0214	-21.2862	-16.0218	-21.2866	-16.0222	-21.2869	-16.0227
0.31956	-21.2859	-16.0211	-21.2861	-16.0215	-21.2864	-16.0219	-21.2867	-16.0224	-21.2871	-16.0229
0.33952	-21.2859	-16.0212	-21.2862	-16.0216	-21.2865	-16.0221	-21.2869	-16.0226	-21.2873	-16.0232
0.35948	-21.286	-16.0213	-21.2862	-16.0217	-21.2866	-16.0223	-21.287	-16.0229	-21.2876	-16.0236
0.37944	-21.286	-16.0214	-21.2863	-16.0219	-21.2867	-16.0225	-21.2872	-16.0231	-21.2878	-16.0239
0.3994	-21.2861	-16.0214	-21.2864	-16.022	-21.2869	-16.0227	-21.2874	-16.0234	-21.2881	-16.0243
0.41936	-21.2862	-16.0215	-21.2865	-16.0222	-21.287	-16.0229	-21.2876	-16.0237	-21.2883	-16.0246
0.43932	-21.2862	-16.0216	-21.2867	-16.0223	-21.2872	-16.0231	-21.2878	-16.024	-21.2886	-16.025
0.45928	-21.2863	-16.0217	-21.2868	-16.0225	-21.2874	-16.0233	-21.2881	-16.0243	-21.2889	-16.0254
0.47924	-21.2864	-16.0218	-21.2869	-16.0226	-21.2875	-16.0236	-21.2883	-16.0247	-21.2892	-16.0259
0.4992	-21.2865	-16.0219	-21.287	-16.0228	-21.2877	-16.0238	-21.2885	-16.025	-21.2895	-16.0263
0.51916	-21.2865	-16.022	-21.2871	-16.023	-21.2879	-16.0241	-21.2888	-16.0254	-21.2899	-16.0268
0.53912	-21.2866	-16.0221	-21.2873	-16.0232	-21.2881	-16.0244	-21.2891	-16.0257	-21.2902	-16.0273
0.55908	-21.2867	-16.0223	-21.2874	-16.0234	-21.2883	-16.0246	-21.2893	-16.0261	-21.2906	-16.0278
0.57904	-21.2868	-16.0224	-21.2876	-16.0236	-21.2885	-16.0249	-21.2896	-16.0265	-21.2909	-16.0283
0.598999	-21.2869	-16.0225	-21.2877	-16.0238	-21.2887	-16.0252	-21.2899	-16.0269	-21.2913	-16.0288
0.618959	-21.287	-16.0226	-21.2879	-16.024	-21.2889	-16.0256	-21.2902	-16.0274	-21.2917	-16.0294
0.638919	-21.2871	-16.0228	-21.288	-16.0242	-21.2892	-16.0259	-21.2905	-16.0278	-21.2921	-16.03
0.658879	-21.2872	-16.0229	-21.2882	-16.0244	-21.2894	-16.0262	-21.2909	-16.0283	-21.2926	-16.0306
0.678839	-21.2873	-16.023	-21.2884	-16.0247	-21.2896	-16.0266	-21.2912	-16.0287	-21.293	-16.0312
0.698799	-21.2875	-16.0232	-21.2885	-16.0249	-21.2899	-16.0269	-21.2915	-16.0292	-21.2935	-16.0318
0.718759	-21.2876	-16.0233	-21.2887	-16.0252	-21.2901	-16.0273	-21.2919	-16.0297	-21.2939	-16.0324
0.738719	-21.2877	-16.0235	-21.2889	-16.0254	-21.2904	-16.0277	-21.2922	-16.0302	-21.2944	-16.0331
0.758679	-21.2878	-16.0237	-21.2891	-16.0257	-21.2907	-16.0281	-21.2926	-16.0308	-21.2949	-16.0338
0.778639	-21.2879	-16.0238	-21.2893	-16.026	-21.291	-16.0284	-21.293	-16.0313	-21.2954	-16.0345
0.798599	-21.2881	-16.024	-21.2895	-16.0262	-21.2913	-16.0289	-21.2934	-16.0319	-21.2959	-16.0352
0.818559	-21.2882	-16.0242	-21.2897	-16.0265	-21.2915	-16.0293	-21.2938	-16.0324	-21.2964	-16.036
0.838519	-21.2884	-16.0243	-21.2899	-16.0268	-21.2918	-16.0297	-21.2942	-16.033	-21.297	-16.0367
0.858479	-21.2885	-16.0245	-21.2901	-16.0271	-21.2922	-16.0301	-21.2946	-16.0336	-21.2975	-16.0375
0.878439	-21.2886	-16.0247	-21.2903	-16.0274	-21.2925	-16.0306	-21.2951	-16.0342	-21.2981	-16.0383
0.898399	-21.2888	-16.0249	-21.2906	-16.0277	-21.2928	-16.031	-21.2955	-16.0348	-21.2987	-16.0391
0.918359	-21.2889	-16.0251	-21.2908	-16.028	-21.2931	-16.0315	-21.296	-16.0355	-21.2993	-16.0399
0.938319	-21.2891	-16.0253	-21.291	-16.0284	-21.2935	-16.032	-21.2964	-16.0361	-21.2999	-16.0408
0.958279	-21.2892	-16.0255	-21.2913	-16.0287	-21.2938	-16.0325	-21.2969	-16.0368	-21.3005	-16.0416
0.978239	-21.2894	-16.0257	-21.2915	-16.0291	-21.2942	-16.033	-21.2974	-16.0375	-21.3012	-16.0425
0.998199	-21.2896	-16.0259	-21.2918	-16.0294	-21.2945	-16.0335	-21.2979	-16.0382	-21.3018	-16.0434
1.01816	-21.2897	-16.0261	-21.292	-16.0298	-21.2949	-16.034	-21.2984	-16.0389	-21.3025	-16.0443
1.03812	-21.2899	-16.0263	-21.2923	-16.0301	-21.2953	-16.0345	-21.2989	-16.0396	-21.3031	-16.0453
1.05808	-21.2901	-16.0265	-21.2925	-16.0305	-21.2956	-16.0351	-21.2994	-16.0403	-21.3038	-16.0462
1.07804	-21.2903	-16.0268	-21.2928	-16.0309	-21.296	-16.0356	-21.2999	-16.0411	-21.3045	-16.0472
1.098	-21.2904	-16.027	-21.2931	-16.0312	-21.2964	-16.0362	-21.3005	-16.0419	-21.3052	-16.0482
1.11796	-21.2906	-16.0272	-21.2934	-16.0316	-21.2968	-16.0368	-21.301	-16.0426	-21.306	-16.0492
1.13792	-21.2908	-16.0275	-21.2937	-16.032	-21.2972	-16.0374	-21.3016	-16.0434	-21.3067	-16.0502
1.15788	-21.291	-16.0277	-21.2939	-16.0324	-21.2977	-16.0379	-21.3022	-16.0442	-21.3075	-16.0513
1.17784	-21.2912	-16.028	-21.2942	-16.0329	-21.2981	-16.0385	-21.3028	-16.0451	-21.3082	-16.0524
1.1978	-21.2914	-16.0282	-21.2945	-16.0333	-21.2985	-16.0392	-21.3033	-16.0459	-21.309	-16.0534
1.21776	-21.2916	-16.0285	-21.2948	-16.0337	-21.299	-16.0398	-21.3039	-16.0467	-21.3098	-16.0545
1.23772	-21.2918	-16.0287	-21.2952	-16.0341	-21.2994	-16.0404	-21.3046	-16.0476	-21.3106	-16.0557
1.25768	-21.292	-16.029	-21.2955	-16.0346	-21.2999	-16.0411	-21.3052	-16.0485	-21.3114	-16.0568
1.27764	-21.2922	-16.0293	-21.2958	-16.035	-21.3003	-16.0417	-21.3058	-16.0494	-21.3122	-16.0579
1.2976	-21.2924	-16.0295	-21.2961	-16.0355	-21.3008	-16.0424	-21.3065	-16.0503	-21.3131	-16.0591
1.31756	-21.2926	-16.0298	-21.2965	-16.0359	-21.3013	-16.0431	-21.3071	-16.0512	-21.3139	-16.0603
1.33752	-21.2929	-16.0301	-21.2968	-16.0364	-21.3018	-16.0437	-21.3078	-16.0521	-21.3148	-16.0615
1.35748	-21.2931	-16.0304	-21.2971	-16.0369	-21.3022	-16.0444	-21.3084	-16.0531	-21.3157	-16.0627
1.37744	-21.2933	-16.0307	-21.2975	-16.0374	-21.3027	-16.0451	-21.3091	-16.054	-21.3166	-16.064
1.3974	-21.2936	-16.031	-21.2978	-16.0378	-21.3033	-16.0459	-21.3098	-16.055	-21.3175	-16.0652
1.41736	-21.2938	-16.0313	-21.2982	-16.0383	-21.3038	-16.0466	-21.3105	-16.056	-21.3184	-16.0665
1.43732	-21.294	-16.0316	-21.2986	-16.0388	-21.3043	-16.0473	-21.3112	-16.057	-21.3194	-16.0678
1.45728	-21.2943	-16.0319	-21.2989	-16.0394	-21.3048	-16.0481	-21.3119	-16.058	-21.3203	-16.0691
1.47724	-21.2945	-16.0322	-21.2993	-16.0399	-21.3053	-16.0488	-21.3127	-16.059	-21.3213	-16.0705
1.4972	-21.2948	-16.0325	-21.2997	-16.0404	-21.3059	-16.0496	-21.3134	-16.0601	-21.3222	-16.0718
1.51716	-21.295	-16.0328	-21.3	-16.0409	-21.3064	-16.0504	-21.3142	-16.0611	-21.3232	-16.0732
1.53712	-21.2953	-16.0332	-21.3004	-16.0415	-21.307	-16.0512	-21.3149	-16.0622	-21.3242	-16.0746
1.55708	-21.2955	-16.0335	-21.3008	-16.042	-21.3076	-16.052	-21.3157	-16.0633	-21.3252	-16.076
1.57704	-21.2958	-16.0338	-21.3012	-16.0426	-21.3081	-16.0528	-21.3165	-16.0644	-21.3262	-16.0774
1.597	-21.296	-16.0342	-21.3016	-16.0431	-21.3087	-16.0536	-21.3173	-16.0655	-21.3273	-16.0788
1.61696	-21.2963	-16.0345	-21.302	-16.0437	-21.3093	-16.0544	-21.3181	-16.0666	-21.3283	-16.0803
1.63692	-21.2966	-16.0348	-21.3024	-16.0443	-21.3099	-16.0552	-21.3189	-16.0678	-21.3294	-16.0818
1.65688	-21.2969	-16.0352	-21.3029	-16.0449	-21.3105	-16.0561	-21.3197	-16.0689	-21.3305	-16.0833
1.67684	-21.2971	-16.0355	-21.3033	-16.0454	-21.3111	-16.057	-21.3205	-16.0701	-21.3316	-16.0848
1.6968	-21.2974	-16.0359	-21.3037	-16.046	-21.3117	-16.0578	-21.3214	-16.0713	-21.3327	-16.0863
1.71676	-21.2977	-16.0363	-21.3042	-16.0466	-21.3123	-16.0587	-21.3222	-16.0725	-21.3338	-16.0879
1.73672	-21.298	-16.0366	-21.3046	-16.0473	-21.313	-16.0596	-21.3231	-16.0737	-21.3349	-16.0894
1.75668	-21.2983	-16.037	-21.305	-16.0479	-21.3136	-16.0605	-21.3239	-16.0749	-21.336	-16.091
1.77664	-21.2986	-16.0374	-21.3055	-16.0485	-21.3142	-16.0614	-21.3248	-16.0761	-21.3372	-16.0926
1.7966	-21.2989	-16.0378	-21.3059	-16.0491	-21.3149	-16.0623	-21.3257	-16.0774	-21.3384	-16.0942
1.81656	-21.2992	-16.0382	-21.3064	-16.0498	-21.3155	-16.0633	-21.3266	-16.0786	-21.3395	-16.0959
1.83652	-21.2995	-16.0385	-21.3069	-16.0504	-21.3162	-16.0642	-21.3275	-16.0799	-21.3407	-16.0975
1.85648	-21.2998	-16.0389	-21.3073	-16.0511	-21.3169	-16.0651	-21.3284	-16.0812	-21.3419	-16.0992
1.87644	-21.3001	-16.0393	-21.3078	-16.0517	-21.3176	-16.0661	-21.3293	-16.0825	-21.3432	-16.1009
1.8964	-21.3004	-16.0397	-21.3083	-16.0524	-21.3182	-16.0671	-21.3303	-16.0838	-21.3444	-16.1026
1.91636	-21.3007	-16.0401	-21.3088	-16.0531	-21.3189	-16.0681	-21.3312	-16.0852	-21.3456	-16.1043
1.93632	-21.301	-16.0406	-21.3092	-16.0537	-21.3196	-16.0691	-21.3322	-16.0865	-21.3469	-16.106
1.95628	-21.3014	-16.041	-21.3097	-16.0544	-21.3203	-16.0701	-21.3332	-16.0879	-21.3481	-16.1078
1.97624	-21.3017	-16.0414	-21.3102	-16.0551	-21.3211	-16.0711	-21.3341	-16.0892	-21.3494	-16.1096
1.9962	-21.302	-16.0418	-21.3107	-16.0558	-21.3218	-16.0721	-21.3351	-16.0906	-21.3507	-16.1114
2.01616	-21.3024	-16.0422	-21.3113	-16.0565	-21.3225	-16.0731	-21.3361	-16.092	-21.352	-16.1132
2.03612	-21.3027	-16.0427	-21.3118	-16.0572	-21.3232	-16.0742	-21.3371	-16.0934	-21.3533	-16.115
2.05608	-21.303	-16.0431	-21.3123	-16.058	-21.324	-16.0752	-21.3381	-16.0949	-21.3547	-16.1168
2.07604	-21.3034	-16.0436	-21.3128	-16.0587	-21.3247	-16.0763	-21.3392	-16.0963	-21.356	-16.1187
2.096	-21.3037	-16.044	-21.3133	-16.0594	-21.3255	-16.0774	-21.3402	-16.0978	-21.3574	-16.1206
2.11596	-21.3041	-16.0445	-21.3139	-16.0602	-21.3263	-16.0784	-21.3412	-16.0992	-21.3587	-16.1225
2.13592	-21.3044	-16.0449	-21.3144	-16.0609	-21.327	-16.0795	-21.3423	-16.1007	-21.3601	-16.1244
2.15588	-21.3048	-16.0454	-21.315	-16.0617	-21.3278	-16.0806	-21.3434	-16.1022	-21.3615	-16.1263
2.17584	-21.3051	-16.0458	-21.3155	-16.0625	-21.3286	-16.0818	-21.3444	-16.1037	-21.3629	-16.1283
2.1958	-21.3055	-16.0463	-21.3161	-16.0632	-21.3294	-16.0829	-21.3455	-16.1052	-21.3644	-16.1302
2.21576	-21.3059	-16.0468	-21.3166	-16.064	-21.3302	-16.084	-21.3466	-16.1068	-21.3658	-16.1322
2.23572	-21.3063	-16.0472	-21.3172	-16.0648	-21.331	-16.0852	-21.3477	-16.1083	-21.3672	-16.1342
2.25568	-21.3066	-16.0477	-21.3178	-16.0656	-21.3318	-16.0863	-21.3488	-16.1099	-21.3687	-16.1362
2.27564	-21.307	-16.0482	-21.3183	-16.0664	-21.3327	-16.0875	-21.3499	-16.1115	-21.3702	-16.1383
2.2956	-21.3074	-16.0487	-21.3189	-16.0672	-21.3335	-16.0887	-21.3511	-16.1131	-21.3716	-16.1403
2.31556	-21.3078	-16.0492	-21.3195	-16.068	-21.3343	-16.0898	-21.3522	-16.1147	-21.3731	-16.1424
2.33552	-21.3082	-16.0497	-21.3201	-16.0688	-21.3352	-16.091	-21.3534	-16.1163	-21.3746	-16.1445
2.35548	-21.3085	-16.0502	-21.3207	-16.0697	-21.336	-16.0922	-21.3545	-16.1179	-21.3762	-16.1466
2.37544	-21.3089	-16.0507	-21.3213	-16.0705	-21.3369	-16.0935	-21.3557	-16.1196	-21.3777	-16.1487
2.3954	-21.3093	-16.0512	-21.3219	-16.0713	-21.3377	-16.0947	-21.3569	-16.1212	-21.3793	-16.1509
2.41536	-21.3097	-16.0517	-21.3225	-16.0722	-21.3386	-16.0959	-21.3581	-16.1229	-21.3808	-16.153
2.43532	-21.3101	-16.0523	-21.3231	-16.073	-21.3395	-16.0972	-21.3593	-16.1246	-21.3824	-16.1552
2.45528	-21.3106	-16.0528	-21.3237	-16.0739	-21.3404	-16.0984	-21.3605	-16.1263	-21.384	-16.1574
2.47524	-21.311	-16.0533	-21.3244	-16.0748	-21.3413	-16.0997	-21.3617	-16.128	-21.3856	-16.1596
2.4952	-21.3114	-16.0538	-21.325	-16.0757	-21.3422	-16.101	-21.3629	-16.1297	-21.3872	-16.1618
2.51516	-21.3118	-16.0544	-21.3256	-16.0765	-21.3431	-16.1023	-21.3642	-16.1314	-21.3888	-16.164
2.53512	-21.3122	-16.0549	-21.3263	-16.0774	-21.344	-16.1036	-21.3654	-16.1332	-21.3904	-16.1663
2.55508	-21.3126	-16.0555	-21.3269	-16.0783	-21.3449	-16.1049	-21.3667	-16.135	-21.3921	-16.1686
2.57504	-21.3131	-16.056	-21.3276	-16.0792	-21.3459	-16.1062	-21.368	-16.1367	-21.3937	-16.1709
2.595	-21.3135	-16.0566	-21.3282	-16.0802	-21.3468	-16.1075	-21.3692	-16.1385	-21.3954	-16.1732
2.61496	-21.3139	-16.0571	-21.3289	-16.0811	-21.3478	-16.1088	-21.3705	-16.1403	-21.3971	-16.1755
2.63492	-21.3144	-16.0577	-21.3296	-16.082	-21.3487	-16.1102	-21.3718	-16.1422	-21.3988	-16.1778
2.65488	-21.3148	-16.0583	-21.3302	-16.0829	-21.3497	-16.1116	-21.3731	-16.144	-21.4005	-16.1802
2.67484	-21.3153	-16.0588	-21.3309	-16.0839	-21.3506	-16.1129	-21.3744	-16.1458	-21.4022	-16.1826
2.6948	-21.3157	-16.0594	-21.3316	-16.0848	-21.3516	-16.1143	-21.3758	-16.1477	-21.404	-16.185
2.71476	-21.3162	-16.06	-21.3323	-16.0858	-21.3526	-16.1157	-21.3771	-16.1496	-21.4057	-16.1874
2.73472	-21.3166	-16.0606	-21.333	-16.0868	-21.3536	-16.1171	-21.3785	-16.1515	-21.4075	-16.1898
2.75468	-21.3171	-16.0612	-21.3337	-16.0877	-21.3546	-16.1185	-21.3798	-16.1534	-21.4092	-16.1923
2.77464	-21.3175	-16.0618	-21.3344	-16.0887	-21.3556	-16.1199	-21.3812	-16.1553	-21.411	-16.1947
2.7946	-21.318	-16.0624	-21.3351	-16.0897	-21.3566	-16.1213	-21.3826	-16.1572	-21.4128	-16.1972
2.81456	-21.3185	-16.063	-21.3358	-16.0907	-21.3576	-16.1228	-21.3839	-16.1591	-21.4146	-16.1997
2.83452	-21.3189	-16.0636	-21.3365	-16.0917	-21.3586	-16.1242	-21.3853	-16.1611	-21.4165	-16.2022
2.85448	-21.3194	-16.0642	-21.3372	-16.0927	-21.3597	-16.1257	-21.3867	-16.1631	-21.4183	-16.2047
2.87444	-21.3199	-16.0648	-21.3379	-16.0937	-21.3607	-16.1272	-21.3881	-16.165	-21.4201	-16.2073
2.8944	-21.3204	-16.0654	-21.3387	-16.0947	-21.3618	-16.1286	-21.3896	-16.167	-21.422	-16.2098
2.91436	-21.3209	-16.0661	-21.3394	-16.0958	-21.3628	-16.1301	-21.391	-16.169	-21.4239	-16.2124
2.93432	-21.3214	-16.0667	-21.3402	-16.0968	-21.3639	-16.1316	-21.3924	-16.1711	-21.4258	-16.215
2.95428	-21.3218	-16.0673	-21.3409	-16.0978	-21.365	-16.1331	-21.3939	-16.1731	-21.4277	-16.2176
2.97424	-21.3223	-16.068	-21.3417	-16.0989	-21.366	-16.1347	-21.3954	-16.1751	-21.4296	-16.2202
2.9942	-21.3228	-16.0686	-21.3424	-16.0999	-21.3671	-16.1362	-21.3968	-16.1772	-21.4315	-16.2229
3.01416	-21.3233	-16.0693	-21.3432	-16.101	-21.3682	-16.1377	-21.3983	-16.1793	-21.4334	-16.2255
3.03412	-21.3238	-16.0699	-21.3439	-16.1021	-21.3693	-16.1393	-21.3998	-16.1814	-21.4354	-16.2282
3.05408	-21.3244	-16.0706	-21.3447	-16.1032	-21.3704	-16.1408	-21.4013	-16.1835	-21.4373	-16.2309
3.07404	-21.3249	-16.0713	-21.3455	-16.1042	-21.3715	-16.1424	-21.4028	-16.1856	-21.4393	-16.2336
3.094	-21.3254	-16.0719	-21.3463	-16.1053	-21.3726	-16.144	-21.4043	-16.1877	-21.4413	-16.2364
3.11396	-21.3259	-16.0726	-21.3471	-16.1064	-21.3738	-16.1456	-21.4059	-16.1898	-21.4433	-16.2391
3.13392	-21.3264	-16.0733	-21.3479	-16.1075	-21.3749	-16.1472	-21.4074	-16.192	-21.4453	-16.2419
3.15388	-21.327	-16.074	-21.3487	-16.1087	-21.376	-16.1488	-21.409	-16.1942	-21.4473	-16.2446
3.17384	-21.3275	-16.0746	-21.3495	-16.1098	-21.3772	-16.1504	-21.4105	-16.1963	-21.4493	-16.2474
3.1938	-21.328	-16.0753	-21.3503	-16.1109	-21.3783	-16.152	-21.4121	-16.1985	-21.4514	-16.2502
3.21376	-21.3285	-16.076	-21.3511	-16.112	-21.3795	-16.1537	-21.4137	-16.2007	-21.4534	-16.2531
3.23372	-21.3291	-16.0767	-21.3519	-16.1132	-21.3807	-16.1553	-21.4152	-16.2029	-21.4555	-16.2559
3.25368	-21.3296	-16.0774	-21.3527	-16.1143	-21.3818	-16.157	-21.4168	-16.2052	-21.4576	-16.2587
3.27364	-21.3302	-16.0781	-21.3536	-16.1155	-21.383	-16.1586	-21.4184	-16.2074	-21.4597	-16.2616
3.2936	-21.3307	-16.0789	-21.3544	-16.1167	-21.3842	-16.1603	-21.4201	-16.2097	-21.4618	-16.2645
3.31356	-21.3313	-16.0796	-21.3552	-16.1178	-21.3854	-16.162	-21.4217	-16.2119	-21.4639	-16.2674
3.33352	-21.3318	-16.0803	-21.3561	-16.119	-21.3866	-16.1637	-21.4233	-16.2142	-21.466	-16.2703
3.35348	-21.3324	-16.081	-21.3569	-16.1202	-21.3878	-16.1654	-21.425	-16.2165	-21.4682	-16.2733
3.37344	-21.333	-16.0818	-21.3578	-16.1214	-21.389	-16.1671	-21.4266	-16.2188	-21.4703	-16.2762
3.3934	-21.3335	-16.0825	-21.3586	-16.1226	-21.3903	-16.1689	-21.4283	-16.2212	-21.4725	-16.2792
3.41336	-21.3341	-16.0832	-21.3595	-16.1238	-21.3915	-16.1706	-21.4299	-16.2235	-21.4747	-16.2822
3.43332	-21.3347	-16.084	-21.3604	-16.125	-21.3927	-16.1724	-21.4316	-16.2258	-21.4768	-16.2852
3.45328	-21.3353	-16.0847	-21.3613	-16.1262	-21.394	-16.1741	-21.4333	-16.2282	-21.479	-16.2882
3.47324	-21.3358	-16.0855	-21.3621	-16.1275	-21.3952	-16.1759	-21.435	-16.2306	-21.4813	-16.2912
3.4932	-21.3364	-16.0862	-21.363	-16.1287	-21.3965	-16.1777	-21.4367	-16.233	-21.4835	-16.2943
3.51316	-21.337	-16.087	-21.3639	-16.1299	-21.3978	-16.1795	-21.4384	-16.2354	-21.4857	-16.2973
3.53312	-21.3376	-16.0878	-21.3648	-16.1312	-21.3991	-16.1813	-21.4402	-16.2378	-21.488	-16.3004
3.55308	-21.3382	-16.0885	-21.3657	-16.1324	-21.4003	-16.1831	-21.4419	-16.2402	-21.4902	-16.3035
3.57304	-21.3388	-16.0893	-21.3666	-16.1337	-21.4016	-16.1849	-21.4437	-16.2426	-21.4925	-16.3066
3.593	-21.3394	-16.0901	-21.3675	-16.135	-21.4029	-16.1867	-21.4454	-16.2451	-21.4948	-16.3098
3.61296	-21.34	-16.0909	-21.3684	-16.1363	-21.4042	-16.1886	-21.4472	-16.2475	-21.4971	-16.3129
3.63292	-21.3406	-16.0917	-21.3694	-16.1375	-21.4055	-16.1904	-21.449	-16.25	-21.4994	-16.3161
3.65288	-21.3412	-16.0925	-21.3703	-16.1388	-21.4069	-16.1923	-21.4508	-16.2525	-21.5017	-16.3192
3.67284	-21.3418	-16.0933	-21.3712	-16.1401	-21.4082	-16.1941	-21.4525	-16.255	-21.5041	-16.3224
3.6928	-21.3424	-16.0941	-21.3722	-16.1414	-21.4095	-16.196	-21.4544	-16.2575	-21.5064	-16.3256
3.71276	-21.3431	-16.0949	-21.3731	-16.1428	-21.4109	-16.1979	-21.4562	-16.26	-21.5088	-16.3289
3.73272	-21.3437	-16.0957	-21.374	-16.1441	-21.4122	-16.1998	-21.458	-16.2626	-21.5111	-16.3321
3.75268	-21.3443	-16.0965	-21.375	-16.1454	-21.4136	-16.2017	-21.4598	-16.2651	-21.5135	-16.3354
3.77264	-21.3449	-16.0973	-21.376	-16.1467	-21.4149	-16.2036	-21.4617	-16.2677	-21.5159	-16.3386
3.7926	-21.3456	-16.0982	-21.3769	-16.1481	-21.4163	-16.2056	-21.4635	-16.2703	-21.5183	-16.3419
3.81256	-21.3462	-16.099	-21.3779	-16.1494	-21.4177	-16.2075	-21.4654	-16.2729	-21.5207	-16.3452
3.83252	-21.3469	-16.0998	-21.3789	-16.1508	-21.4191	-16.2094	-21.4672	-16.2755	-21.5232	-16.3485
3.85248	-21.3475	-16.1007	-21.3798	-16.1522	-21.4204	-16.2114	-21.4691	-16.2781	-21.5256	-16.3519
3.87244	-21.3482	-16.1015	-21.3808	-16.1535	-21.4218	-16.2134	-21.471	-16.2807	-21.5281	-16.3552
3.8924	-21.3488	-16.1024	-21.3818	-16.1549	-21.4232	-16.2154	-21.4729	-16.2834	-21.5305	-16.3586
3.91236	-21.3495	-16.1032	-21.3828	-16.1563	-21.4247	-16.2173	-21.4748	-16.286	-21.533	-16.362
3.93232	-21.3501	-16.1041	-21.3838	-16.1577	-21.4261	-16.2193	-21.4767	-16.2887	-21.5355	-16.3653
3.95228	-21.3508	-16.105	-21.3848	-16.1591	-21.4275	-16.2213	-21.4787	-16.2914	-21.538	-16.3688
3.97224	-21.3515	-16.1058	-21.3858	-16.1605	-21.4289	-16.2234	-21.4806	-16.2941	-21.5405	-16.3722
3.9922	-21.3521	-16.1067	-21.3868	-16.1619	-21.4304	-16.2254	-21.4825	-16.2968	-21.543	-16.3756
4.01216	-21.3528	-16.1076	-21.3878	-16.1633	-21.4318	-16.2274	-21.4845	-16.2995	-21.5456	-16.3791
4.03212	-21.3535	-16.1085	-21.3889	-16.1648	-21.4333	-16.2295	-21.4865	-16.3022	-21.5481	-16.3825
4.05208	-21.3542	-16.1094	-21.3899	-16.1662	-21.4347	-16.2315	-21.4884	-16.3049	-21.5507	-16.386
4.07204	-21.3548	-16.1103	-21.3909	-16.1677	-21.4362	-16.2336	-21.4904	-16.3077	-21.5532	-16.3895
4.092	-21.3555	-16.1112	-21.392	-16.1691	-21.4377	-16.2357	-21.4924	-16.3105	-21.5558	-16.393
4.11196	-21.3562	-16.1121	-21.393	-16.1706	-21.4392	-16.2378	-21.4944	-16.3132	-21.5584	-16.3966
4.13192	-21.3569	-16.113	-21.394	-16.172	-21.4407	-16.2399	-21.4964	-16.316	-21.561	-16.4001
4.15188	-21.3576	-16.1139	-21.3951	-16.1735	-21.4421	-16.242	-21.4984	-16.3188	-21.5636	-16.4037
4.17184	-21.3583	-16.1148	-21.3962	-16.175	-21.4437	-16.2441	-21.5005	-16.3217	-21.5663	-16.4073
4.1918	-21.359	-16.1157	-21.3972	-16.1765	-21.4452	-16.2462	-21.5025	-16.3245	-21.5689	-16.4109
4.21176	-21.3597	-16.1167	-21.3983	-16.178	-21.4467	-16.2483	-21.5046	-16.3273	-21.5716	-16.4145
4.23172	-21.3604	-16.1176	-21.3994	-16.1795	-21.4482	-16.2505	-21.5066	-16.3302	-21.5742	-16.4181
4.25168	-21.3611	-16.1185	-21.4004	-16.181	-21.4497	-16.2526	-21.5087	-16.3331	-21.5769	-16.4217
4.27164	-21.3619	-16.1195	-21.4015	-16.1825	-21.4513	-16.2548	-21.5108	-16.3359	-21.5796	-16.4254
4.2916	-21.3626	-16.1204	-21.4026	-16.184	-21.4528	-16.257	-21.5128	-16.3388	-21.5823	-16.429
4.31156	-21.3633	-16.1214	-21.4037	-16.1856	-21.4544	-16.2592	-21.5149	-16.3417	-21.585	-16.4327
4.33152	-21.364	-16.1223	-21.4048	-16.1871	-21.4559	-16.2614	-21.517	-16.3446	-21.5877	-16.4364
4.35148	-21.3648	-16.1233	-21.4059	-16.1886	-21.4575	-16.2636	-21.5192	-16.3476	-21.5904	-16.4401
4.37144	-21.3655	-16.1243	-21.407	-16.1902	-21.4591	-16.2658	-21.5213	-16.3505	-21.5932	-16.4438
4.3914	-21.3662	-16.1252	-21.4081	-16.1918	-21.4607	-16.268	-21.5234	-16.3535	-21.5959	-16.4476
4.41136	-21.367	-16.1262	-21.4093	-16.1933	-21.4623	-16.2702	-21.5256	-16.3564	-21.5987	-16.4513
4.43132	-21.3677	-16.1272	-21.4104	-16.1949	-21.4638	-16.2725	-21.5277	-16.3594	-21.6015	-16.4551
4.45128	-21.3685	-16.1282	-21.4115	-16.1965	-21.4654	-16.2747	-21.5299	-16.3624	-21.6043	-16.4589
4.47124	-21.3692	-16.1292	-21.4127	-16.1981	-21.4671	-16.277	-21.532	-16.3654	-21.6071	-16.4627
4.4912	-21.37	-16.1302	-21.4138	-16.1997	-21.4687	-16.2793	-21.5342	-16.3684	-21.6099	-16.4665
4.51116	-21.3708	-16.1312	-21.4149	-16.2013	-21.4703	-16.2816	-21.5364	-16.3714	-21.6127	-16.4703
4.53112	-21.3715	-16.1322	-21.4161	-16.2029	-21.4719	-16.2838	-21.5386	-16.3745	-21.6156	-16.4742
4.55108	-21.3723	-16.1332	-21.4173	-16.2045	-21.4736	-16.2861	-21.5408	-16.3775	-21.6184	-16.478
4.57104	-21.3731	-16.1342	-21.4184	-16.2061	-21.4752	-16.2885	-21.543	-16.3806	-21.6213	-16.4819
4.591	-21.3738	-16.1352	-21.4196	-16.2078	-21.4769	-16.2908	-21.5452	-16.3837	-21.6241	-16.4858
4.61096	-21.3746	-16.1362	-21.4208	-16.2094	-21.4785	-16.2931	-21.5475	-16.3868	-21.627	-16.4897
4.63092	-21.3754	-16.1373	-21.4219	-16.211	-21.4802	-16.2955	-21.5497	-16.3899	-21.6299	-16.4936
4.65088	-21.3762	-16.1383	-21.4231	-16.2127	-21.4819	-16.2978	-21.552	-16.393	-21.6328	-16.4975
4.67084	-21.377	-16.1393	-21.4243	-16.2144	-21.4835	-16.3002	-21.5542	-16.3961	-21.6357	-16.5015
4.6908	-21.3777	-16.1404	-21.4255	-16.216	-21.4852	-16.3025	-21.5565	-16.3992	-21.6387	-16.5054
4.71076	-21.3785	-16.1414	-21.4267	-16.2177	-21.4869	-16.3049	-21.5588	-16.4024	-21.6416	-16.5094
4.73072	-21.3793	-16.1425	-21.4279	-16.2194	-21.4886	-16.3073	-21.561	-16.4055	-21.6446	-16.5134
4.75068	-21.3801	-16.1435	-21.4291	-16.2211	-21.4903	-16.3097	-21.5633	-16.4087	-21.6475	-16.5174
4.77064	-21.3809	-16.1446	-21.4303	-16.2228	-21.4921	-16.3121	-21.5656	-16.4119	-21.6505	-16.5214
4.7906	-21.3818	-16.1457	-21.4315	-16.2245	-21.4938	-16.3145	-21.568	-16.4151	-21.6535	-16.5254
4.81056	-21.3826	-16.1467	-21.4327	-16.2262	-21.4955	-16.317	-21.5703	-16.4183	-21.6565	-16.5295
4.83052	-21.3834	-16.1478	-21.434	-16.2279	-21.4972	-16.3194	-21.5726	-16.4215	-21.6595	-16.5335
4.85048	-21.3842	-16.1489	-21.4352	-16.2296	-21.499	-16.3218	-21.575	-16.4248	-21.6625	-16.5376
4.87044	-21.385	-16.15	-21.4364	-16.2314	-21.5007	-16.3243	-21.5773	-16.428	-21.6655	-16.5417
4.8904	-21.3858	-16.1511	-21.4377	-16.2331	-21.5025	-16.3268	-21.5797	-16.4313	-21.6686	-16.5458
4.91036	-21.3867	-16.1522	-21.4389	-16.2349	-21.5043	-16.3292	-21.582	-16.4345	-21.6716	-16.5499
4.93032	-21.3875	-16.1533	-21.4402	-16.2366	-21.506	-16.3317	-21.5844	-16.4378	-21.6747	-16.554
4.95028	-21.3883	-16.1544	-21.4415	-16.2384	-21.5078	-16.3342	-21.5868	-16.4411	-21.6777	-16.5582
4.97024	-21.3892	-16.1555	-21.4427	-16.2402	-21.5096	-16.3367	-21.5892	-16.4444	-21.6808	-16.5623
4.9902	-21.39	-16.1566	-21.444	-16.2419	-21.5114	-16.3392	-21.5916	-16.4477	-21.6839	-16.5665
5.01016	-21.3909	-16.1577	-21.4453	-16.2437	-21.5132	-16.3418	-21.594	-16.451	-21.687	-16.5707
5.03012	-21.3917	-16.1589	-21.4465	-16.2455	-21.515	-16.3443	-21.5964	-16.4544	-21.6901	-16.5749
5.05008	-21.3926	-16.16	-21.4478	-16.2473	-21.5168	-16.3468	-21.5989	-16.4577	-21.6933	-16.5791
5.07004	-21.3934	-16.1611	-21.4491	-16.2491	-21.5186	-16.3494	-21.6013	-16.4611	-21.6964	-16.5833
5.08999	-21.3943	-16.1623	-21.4504	-16.2509	-21.5204	-16.3519	-21.6038	-16.4645	-21.6996	-16.5875
5.10995	-21.3952	-16.1634	-21.4517	-16.2527	-21.5223	-16.3545	-21.6062	-16.4679	-21.7027	-16.5918
5.12991	-21.396	-16.1646	-21.453	-16.2546	-21.5241	-16.3571	-21.6087	-16.4712	-21.7059	-16.5961
5.14987	-21.3969	-16.1657	-21.4543	-16.2564	-21.526	-16.3597	-21.6112	-16.4747	-21.7091	-16.6003
5.16983	-21.3978	-16.1669	-21.4556	-16.2583	-21.5278	-16.3623	-21.6136	-16.4781	-21.7123	-16.6046
5.18979	-21.3987	-16.1681	-21.457	-16.2601	-21.5297	-16.3649	-21.6161	-16.4815	-21.7155	-16.6089
5.20975	-21.3995	-16.1692	-21.4583	-16.262	-21.5316	-16.3675	-21.6186	-16.485	-21.7187	-16.6133
5.22971	-21.4004	-16.1704	-21.4596	-16.2638	-21.5334	-16.3702	-21.6212	-16.4884	-21.7219	-16.6176
5.24967	-21.4013	-16.1716	-21.4609	-16.2657	-21.5353	-16.3728	-21.6237	-16.4919	-21.7252	-16.6219
5.26963	-21.4022	-16.1728	-21.4623	-16.2676	-21.5372	-16.3754	-21.6262	-16.4954	-21.7284	-16.6263
5.28959	-21.4031	-16.174	-21.4636	-16.2695	-21.5391	-16.3781	-21.6287	-16.4988	-21.7317	-16.6307
5.30955	-21.404	-16.1752	-21.465	-16.2714	-21.541	-16.3808	-21.6313	-16.5024	-21.7349	-16.6351
5.32951	-21.4049	-16.1764	-21.4663	-16.2733	-21.5429	-16.3834	-21.6339	-16.5059	-21.7382	-16.6395
5.34947	-21.4058	-16.1776	-21.4677	-16.2752	-21.5448	-16.3861	-21.6364	-16.5094	-21.7415	-16.6439
5.36943	-21.4067	-16.1788	-21.4691	-16.2771	-21.5468	-16.3888	-21.639	-16.5129	-21.7448	-16.6483
5.38939	-21.4076	-16.18	-21.4704	-16.279	-21.5487	-16.3915	-21.6416	-16.5165	-21.7481	-16.6527
5.40935	-21.4086	-16.1813	-21.4718	-16.281	-21.5506	-16.3942	-21.6442	-16.52	-21.7514	-16.6572
5.42931	-21.4095	-16.1825	-21.4732	-16.2829	-21.5526	-16.397	-21.6468	-16.5236	-21.7548	-16.6617
5.44927	-21.4104	-16.1837	-21.4746	-16.2848	-21.5545	-16.3997	-21.6494	-16.5272	-21.7581	-16.6661
5.46923	-21.4113	-16.185	-21.476	-16.2868	-21.5565	-16.4024	-21.652	-16.5308	-21.7615	-16.6706
5.48919	-21.4123	-16.1862	-21.4774	-16.2888	-21.5585	-16.4052	-21.6546	-16.5344	-21.7649	-16.6751
5.50915	-21.4132	-16.1875	-21.4788	-16.2907	-21.5604	-16.408	-21.6573	-16.538	-21.7682	-16.6797
5.52911	-21.4141	-16.1887	-21.4802	-16.2927	-21.5624	-16.4107	-21.6599	-16.5416	-21.7716	-16.6842
5.54907	-21.4151	-16.19	-21.4816	-16.2947	-21.5644	-16.4135	-21.6626	-16.5453	-21.775	-16.6887
5.56903	-21.416	-16.1912	-21.483	-16.2967	-21.5664	-16.4163	-21.6652	-16.5489	-21.7784	-16.6933
5.58899	-21.417	-16.1925	-21.4844	-16.2987	-21.5684	-16.4191	-21.6679	-16.5526	-21.7818	-16.6979
5.60895	-21.4179	-16.1938	-21.4859	-16.3007	-21.5704	-16.4219	-21.6706	-16.5563	-21.7853	-16.7024
5.62891	-21.4189	-16.1951	-21.4873	-16.3027	-21.5724	-16.4247	-21.6733	-16.56	-21.7887	-16.707
5.64887	-21.4199	-16.1963	-21.4887	-16.3047	-21.5744	-16.4276	-21.676	-16.5636	-21.7922	-16.7117
5.66883	-21.4208	-16.1976	-21.4902	-16.3067	-21.5765	-16.4304	-21.6787	-16.5674	-21.7956	-16.7163
5.68879	-21.4218	-16.1989	-21.4916	-16.3088	-21.5785	-16.4332	-21.6814	-16.5711	-21.7991	-16.7209
5.70875	-21.4228	-16.2002	-21.4931	-16.3108	-21.5806	-16.4361	-21.6841	-16.5748	-21.8026	-16.7256
5.72871	-21.4237	-16.2015	-21.4946	-16.3129	-21.5826	-16.439	-21.6868	-16.5785	-21.8061	-16.7302
5.74867	-21.4247	-16.2028	-21.496	-16.3149	-21.5847	-16.4418	-21.6896	-16.5823	-21.8096	-16.7349
5.76863	-21.4257	-16.2042	-21.4975	-16.317	-21.5867	-16.4447	-21.6923	-16.5861	-21.8131	-16.7396
5.78859	-21.4267	-16.2055	-21.499	-16.319	-21.5888	-16.4476	-21.6951	-16.5898	-21.8166	-16.7443
5.80855	-21.4277	-16.2068	-21.5004	-16.3211	-21.5909	-16.4505	-21.6979	-16.5936	-21.8202	-16.749
5.82851	-21.4287	-16.2081	-21.5019	-16.3232	-21.593	-16.4534	-21.7006	-16.5974	-21.8237	-16.7537
5.84847	-21.4297	-16.2095	-21.5034	-16.3253	-21.5951	-16.4564	-21.7034	-16.6012	-21.8273	-16.7585
5.86843	-21.4307	-16.2108	-21.5049	-16.3274	-21.5971	-16.4593	-21.7062	-16.6051	-21.8308	-16.7632
5.88839	-21.4317	-16.2122	-21.5064	-16.3295	-21.5993	-16.4622	-21.709	-16.6089	-21.8344	-16.768
5.90835	-21.4327	-16.2135	-21.5079	-16.3316	-21.6014	-16.4652	-21.7118	-16.6127	-21.838	-16.7727
5.92831	-21.4337	-16.2149	-21.5094	-16.3337	-21.6035	-16.4681	-21.7147	-16.6166	-21.8416	-16.7775
5.94827	-21.4347	-16.2163	-21.5109	-16.3359	-21.6056	-16.4711	-21.7175	-16.6204	-21.8452	-16.7823
5.96823	-21.4357	-16.2176	-21.5125	-16.338	-21.6077	-16.4741	-21.7203	-16.6243	-21.8488	-16.7871
5.98819	-21.4367	-16.219	-21.514	-16.3402	-21.6099	-16.4771	-21.7232	-16.6282	-21.8525	-16.792
6.00815	-21.4378	-16.2204	-21.5155	-16.3423	-21.612	-16.4801	-21.726	-16.6321	-21.8561	-16.7968
6.02811	-21.4388	-16.2218	-21.5171	-16.3445	-21.6142	-16.4831	-21.7289	-16.636	-21.8598	-16.8016
6.04807	-21.4398	-16.2232	-21.5186	-16.3466	-21.6163	-16.4861	-21.7318	-16.6399	-21.8634	-16.8065
6.06803	-21.4409	-16.2245	-21.5202	-16.3488	-21.6185	-16.4891	-21.7346	-16.6439	-21.8671	-16.8114
6.08799	-21.4419	-16.2259	-21.5217	-16.351	-21.6207	-16.4922	-21.7375	-16.6478	-21.8708	-16.8163
6.10795	-21.4429	-16.2274	-21.5233	-16.3532	-21.6229	-16.4952	-21.7404	-16.6518	-21.8745	-16.8212
6.12791	-21.444	-16.2288	-21.5248	-16.3554	-21.6251	-16.4983	-21.7433	-16.6557	-21.8782	-16.8261
6.14787	-21.445	-16.2302	-21.5264	-16.3576	-21.6272	-16.5013	-21.7462	-16.6597	-21.8819	-16.831
6.16783	-21.4461	-16.2316	-21.528	-16.3598	-21.6294	-16.5044	-21.7492	-16.6637	-21.8856	-16.8359
6.18779	-21.4472	-16.233	-21.5295	-16.362	-21.6317	-16.5075	-21.7521	-16.6677	-21.8893	-16.8409
6.20775	-21.4482	-16.2345	-21.5311	-16.3642	-21.6339	-16.5106	-21.755	-16.6717	-21.8931	-16.8458
6.22771	-21.4493	-16.2359	-21.5327	-16.3665	-21.6361	-16.5137	-21.758	-16.6757	-21.8968	-16.8508
6.24767	-21.4503	-16.2373	-21.5343	-16.3687	-21.6383	-16.5168	-21.761	-16.6797	-21.9006	-16.8558
6.26763	-21.4514	-16.2388	-21.5359	-16.371	-21.6406	-16.5199	-21.7639	-16.6838	-21.9044	-16.8608
6.28759	-21.4525	-16.2403	-21.5375	-16.3732	-21.6428	-16.523	-21.7669	-16.6878	-21.9081	-16.8658
6.30755	-21.4536	-16.2417	-21.5391	-16.3755	-21.6451	-16.5261	-21.7699	-16.6919	-21.9119	-16.8708
6.32751	-21.4547	-16.2432	-21.5407	-16.3777	-21.6473	-16.5293	-21.7729	-16.6959	-21.9157	-16.8758
6.34747	-21.4557	-16.2446	-21.5424	-16.38	-21.6496	-16.5324	-21.7759	-16.7	-21.9195	-16.8809
6.36743	-21.4568	-16.2461	-21.544	-16.3823	-21.6518	-16.5356	-21.7789	-16.7041	-21.9234	-16.8859
6.38739	-21.4579	-16.2476	-21.5456	-16.3846	-21.6541	-16.5388	-21.7819	-16.7082	-21.9272	-16.891
6.40735	-21.459	-16.2491	-21.5472	-16.3869	-21.6564	-16.542	-21.7849	-16.7123	-21.931	-16.8961
6.42731	-21.4601	-16.2506	-21.5489	-16.3892	-21.6587	-16.5451	-21.788	-16.7165	-21.9349	-16.9012
6.44727	-21.4612	-16.2521	-21.5505	-16.3915	-21.661	-16.5483	-21.791	-16.7206	-21.9388	-16.9063
6.46723	-21.4623	-16.2536	-21.5522	-16.3938	-21.6633	-16.5516	-21.794	-16.7247	-21.9426	-16.9114
6.48719	-21.4635	-16.2551	-21.5538	-16.3962	-21.6656	-16.5548	-21.7971	-16.7289	-21.9465	-16.9165
6.50715	-21.4646	-16.2566	-21.5555	-16.3985	-21.6679	-16.558	-21.8002	-16.7331	-21.9504	-16.9216
6.52711	-21.4657	-16.2581	-21.5572	-16.4009	-21.6702	-16.5612	-21.8032	-16.7372	-21.9543	-16.9268
6.54707	-21.4668	-16.2597	-21.5588	-16.4032	-21.6726	-16.5645	-21.8063	-16.7414	-21.9582	-16.9319
6.56703	-21.4679	-16.2612	-21.5605	-16.4056	-21.6749	-16.5677	-21.8094	-16.7456	-21.9621	-16.9371
6.58699	-21.4691	-16.2627	-21.5622	-16.4079	-21.6773	-16.571	-21.8125	-16.7498	-21.9661	-16.9423
6.60695	-21.4702	-16.2643	-21.5639	-16.4103	-21.6796	-16.5743	-21.8156	-16.754	-21.97	-16.9475
6.62691	-21.4713	-16.2658	-21.5656	-16.4127	-21.682	-16.5776	-21.8188	-16.7583	-21.974	-16.9527
6.64687	-21.4725	-16.2674	-21.5673	-16.4151	-21.6843	-16.5809	-21.8219	-16.7625	-21.9779	-16.9579
6.66683	-21.4736	-16.2689	-21.569	-16.4175	-21.6867	-16.5842	-21.825	-16.7668	-21.9819	-16.9631
6.68679	-21.4748	-16.2705	-21.5707	-16.4199	-21.6891	-16.5875	-21.8282	-16.771	-21.9859	-16.9683
6.70675	-21.4759	-16.2721	-21.5724	-16.4223	-21.6915	-16.5908	-21.8313	-16.7753	-21.9899	-16.9736
6.72671	-21.4771	-16.2736	-21.5741	-16.4247	-21.6939	-16.5941	-21.8345	-16.7796	-21.9939	-16.9789
6.74667	-21.4782	-16.2752	-21.5758	-16.4271	-21.6963	-16.5974	-21.8376	-16.7839	-21.9979	-16.9841
6.76663	-21.4794	-16.2768	-21.5776	-16.4296	-21.6987	-16.6008	-21.8408	-16.7882	-22.0019	-16.9894
6.78659	-21.4806	-16.2784	-21.5793	-16.432	-21.7011	-16.6041	-21.844	-16.7925	-22.0059	-16.9947
6.80655	-21.4817	-16.28	-21.581	-16.4345	-21.7035	-16.6075	-21.8472	-16.7968	-22.01	-17
6.82651	-21.4829	-16.2816	-21.5828	-16.4369	-21.7059	-16.6109	-21.8504	-16.8011	-22.014	-17.0053
6.84647	-21.4841	-16.2832	-21.5845	-16.4394	-21.7084	-16.6143	-21.8536	-16.8055	-22.0181	-17.0106
6.86643	-21.4853	-16.2848	-21.5863	-16.4418	-21.7108	-16.6177	-21.8568	-16.8098	-22.0221	-17.016
6.88639	-21.4865	-16.2864	-21.588	-16.4443	-21.7132	-16.6211	-21.8601	-16.8142	-22.0262	-17.0213
6.90635	-21.4877	-16.2881	-21.5898	-16.4468	-21.7157	-16.6245	-21.8633	-16.8186	-22.0303	-17.0267
6.92631	-21.4889	-16.2897	-21.5916	-16.4493	-21.7182	-16.6279	-21.8665	-16.8229	-22.0344	-17.0321
6.94627	-21.49	-16.2913	-21.5933	-16.4518	-21.7206	-16.6313	-21.8698	-16.8273	-22.0385	-17.0374
6.96623	-21.4912	-16.293	-21.5951	-16.4543	-21.7231	-16.6347	-21.873	-16.8317	-22.0426	-17.0428
6.98619	-21.4925	-16.2946	-21.5969	-16.4568	-21.7256	-16.6382	-21.8763	-16.8362	-22.0468	-17.0482
7.00615	-21.4937	-16.2963	-21.5987	-16.4593	-21.7281	-16.6416	-21.8796	-16.8406	-22.0509	-17.0537
7.02611	-21.4949	-16.2979	-21.6005	-16.4619	-21.7306	-16.6451	-21.8829	-16.845	-22.055	-17.0591
7.04607	-21.4961	-16.2996	-21.6023	-16.4644	-21.7331	-16.6486	-21.8862	-16.8495	-22.0592	-17.0645
7.06603	-21.4973	-16.3013	-21.6041	-16.467	-21.7356	-16.6521	-21.8895	-16.8539	-22.0633	-17.07
7.08599	-21.4985	-16.3029	-21.6059	-16.4695	-21.7381	-16.6555	-21.8928	-16.8584	-22.0675	-17.0754
7.10595	-21.4998	-16.3046	-21.6077	-16.4721	-21.7406	-16.659	-21.8961	-16.8629	-22.0717	-17.0809
7.12591	-21.501	-16.3063	-21.6095	-16.4746	-21.7431	-16.6626	-21.8994	-16.8673	-22.0759	-17.0864
7.14587	-21.5022	-16.308	-21.6114	-16.4772	-21.7457	-16.6661	-21.9027	-16.8718	-22.0801	-17.0918
7.16583	-21.5035	-16.3097	-21.6132	-16.4798	-21.7482	-16.6696	-21.9061	-16.8763	-22.0843	-17.0973
7.18579	-21.5047	-16.3114	-21.615	-16.4824	-21.7508	-16.6731	-21.9094	-16.8809	-22.0885	-17.1029
7.20575	-21.5059	-16.3131	-21.6169	-16.485	-21.7533	-16.6767	-21.9128	-16.8854	-22.0927	-17.1084
7.22571	-21.5072	-16.3148	-21.6187	-16.4876	-21.7559	-16.6802	-21.9162	-16.8899	-22.097	-17.1139
7.24567	-21.5084	-16.3166	-21.6206	-16.4902	-21.7584	-16.6838	-21.9195	-16.8945	-22.1012	-17.1194
7.26563	-21.5097	-16.3183	-21.6224	-16.4928	-21.761	-16.6874	-21.9229	-16.899	-22.1055	-17.125
7.28559	-21.511	-16.32	-21.6243	-16.4955	-21.7636	-16.6909	-21.9263	-16.9036	-22.1098	-17.1306
7.30555	-21.5122	-16.3218	-21.6262	-16.4981	-21.7662	-16.6945	-21.9297	-16.9081	-22.114	-17.1361
7.32551	-21.5135	-16.3235	-21.628	-16.5007	-21.7688	-16.6981	-21.9331	-16.9127	-22.1183	-17.1417
7.34547	-21.5148	-16.3252	-21.6299	-16.5034	-21.7714	-16.7017	-21.9365	-16.9173	-22.1226	-17.1473
7.36543	-21.516	-16.327	-21.6318	-16.506	-21.774	-16.7053	-21.9399	-16.9219	-22.1269	-17.1529
7.38539	-21.5173	-16.3288	-21.6337	-16.5087	-21.7766	-16.709	-21.9434	-16.9265	-22.1312	-17.1585
7.40535	-21.5186	-16.3305	-21.6356	-16.5114	-21.7792	-16.7126	-21.9468	-16.9312	-22.1355	-17.1641
7.42531	-21.5199	-16.3323	-21.6375	-16.5141	-21.7818	-16.7162	-21.9503	-16.9358	-22.1399	-17.1698
7.44527	-21.5212	-16.3341	-21.6394	-16.5167	-21.7845	-16.7199	-21.9537	-16.9404	-22.1442	-17.1754
7.46523	-21.5225	-16.3359	-21.6413	-16.5194	-21.7871	-16.7235	-21.9572	-16.9451	-22.1486	-17.1811
7.48519	-21.5238	-16.3377	-21.6432	-16.5221	-21.7898	-16.7272	-21.9606	-16.9498	-22.1529	-17.1867
7.50515	-21.5251	-16.3395	-21.6451	-16.5248	-21.7924	-16.7309	-21.9641	-16.9544	-22.1573	-17.1924
7.52511	-21.5264	-16.3413	-21.6471	-16.5276	-21.7951	-16.7346	-21.9676	-16.9591	-22.1617	-17.1981
7.54507	-21.5277	-16.3431	-21.649	-16.5303	-21.7977	-16.7383	-21.9711	-16.9638	-22.166	-17.2038
7.56503	-21.529	-16.3449	-21.6509	-16.533	-21.8004	-16.742	-21.9746	-16.9685	-22.1704	-17.2095
7.58499	-21.5303	-16.3467	-21.6529	-16.5358	-21.8031	-16.7457	-21.9781	-16.9732	-22.1748	-17.2152
7.60495	-21.5316	-16.3485	-21.6548	-16.5385	-21.8058	-16.7494	-21.9816	-16.9779	-22.1792	-17.2209
7.62491	-21.533	-16.3504	-21.6568	-16.5413	-21.8085	-16.7531	-21.9852	-16.9826	-22.1837	-17.2267
7.64487	-21.5343	-16.3522	-21.6587	-16.544	-21.8112	-16.7569	-21.9887	-16.9874	-22.1881	-17.2324
7.66483	-21.5356	-16.354	-21.6607	-16.5468	-21.8139	-16.7606	-21.9922	-16.9921	-22.1925	-17.2381
7.68479	-21.5369	-16.3559	-21.6627	-16.5496	-21.8166	-16.7644	-21.9958	-16.9969	-22.197	-17.2439
7.70475	-21.5383	-16.3577	-21.6646	-16.5523	-21.8193	-16.7681	-21.9993	-17.0017	-22.2014	-17.2497
7.72471	-21.5396	-16.3596	-21.6666	-16.5551	-21.8221	-16.7719	-22.0029	-17.0064	-22.2059	-17.2555
7.74467	-21.541	-16.3615	-21.6686	-16.5579	-21.8248	-16.7757	-22.0065	-17.0112	-22.2104	-17.2613
7.76463	-21.5423	-16.3634	-21.6706	-16.5607	-21.8275	-16.7795	-22.0101	-17.016	-22.2149	-17.2671
7.78459	-21.5437	-16.3652	-21.6726	-16.5636	-21.8303	-16.7833	-22.0137	-17.0208	-22.2193	-17.2729
7.80455	-21.545	-16.3671	-21.6746	-16.5664	-21.833	-16.7871	-22.0173	-17.0256	-22.2238	-17.2787
7.82451	-21.5464	-16.369	-21.6766	-16.5692	-21.8358	-16.7909	-22.0209	-17.0305	-22.2284	-17.2845
7.84447	-21.5478	-16.3709	-21.6786	-16.5721	-21.8386	-16.7947	-22.0245	-17.0353	-22.2329	-17.2904
7.86443	-21.5491	-16.3728	-21.6806	-16.5749	-21.8413	-16.7985	-22.0281	-17.0401	-22.2374	-17.2962
7.88439	-21.5505	-16.3747	-21.6826	-16.5777	-21.8441	-16.8024	-22.0317	-17.045	-22.2419	-17.3021
7.90435	-21.5519	-16.3766	-21.6846	-16.5806	-21.8469	-16.8062	-22.0354	-17.0498	-22.2465	-17.3079
7.92431	-21.5533	-16.3785	-21.6867	-16.5835	-21.8497	-16.8101	-22.039	-17.0547	-22.251	-17.3138
7.94427	-21.5546	-16.3805	-21.6887	-16.5863	-21.8525	-16.814	-22.0427	-17.0596	-22.2556	-17.3197
7.96423	-21.556	-16.3824	-21.6907	-16.5892	-21.8553	-16.8178	-22.0463	-17.0645	-22.2602	-17.3256
7.98419	-21.5574	-16.3843	-21.6928	-16.5921	-21.8581	-16.8217	-22.05	-17.0694	-22.2647	-17.3315
8.00415	-21.5588	-16.3863	-21.6948	-16.595	-21.8609	-16.8256	-22.0537	-17.0743	-22.2693	-17.3374
8.02411	-21.5602	-16.3882	-21.6969	-16.5979	-21.8638	-16.8295	-22.0573	-17.0792	-22.2739	-17.3433
8.04407	-21.5616	-16.3902	-21.6989	-16.6008	-21.8666	-16.8334	-22.061	-17.0841	-22.2785	-17.3493
8.06403	-21.563	-16.3922	-21.701	-16.6038	-21.8694	-16.8373	-22.0647	-17.089	-22.2831	-17.3552
8.08399	-21.5644	-16.3941	-21.7031	-16.6067	-21.8723	-16.8413	-22.0684	-17.094	-22.2878	-17.3612
8.10395	-21.5659	-16.3961	-21.7052	-16.6096	-21.8751	-16.8452	-22.0721	-17.0989	-22.2924	-17.3671
8.12391	-21.5673	-16.3981	-21.7072	-16.6126	-21.878	-16.8492	-22.0759	-17.1039	-22.297	-17.3731
8.14387	-21.5687	-16.4001	-21.7093	-16.6155	-21.8809	-16.8531	-22.0796	-17.1089	-22.3017	-17.3791
8.16383	-21.5701	-16.4021	-21.7114	-16.6185	-21.8837	-16.8571	-22.0833	-17.1139	-22.3063	-17.3851
8.18379	-21.5716	-16.4041	-21.7135	-16.6214	-21.8866	-16.861	-22.0871	-17.1188	-22.311	-17.3911
8.20375	-21.573	-16.4061	-21.7156	-16.6244	-21.8895	-16.865	-22.0908	-17.1238	-22.3157	-17.3971
8.22371	-21.5744	-16.4081	-21.7177	-16.6274	-21.8924	-16.869	-22.0946	-17.1288	-22.3203	-17.4031
8.24367	-21.5759	-16.4101	-21.7198	-16.6304	-21.8953	-16.873	-22.0984	-17.1339	-22.325	-17.4091
8.26363	-21.5773	-16.4121	-21.722	-16.6334	-21.8982	-16.877	-22.1021	-17.1389	-22.3297	-17.4151
8.28359	-21.5788	-16.4142	-21.7241	-16.6364	-21.9011	-16.881	-22.1059	-17.1439	-22.3344	-17.4212
8.30355	-21.5802	-16.4162	-21.7262	-16.6394	-21.904	-16.885	-22.1097	-17.149	-22.3392	-17.4272
8.32351	-21.5817	-16.4182	-21.7283	-16.6424	-21.9069	-16.8891	-22.1135	-17.154	-22.3439	-17.4333
8.34347	-21.5831	-16.4203	-21.7305	-16.6454	-21.9099	-16.8931	-22.1173	-17.1591	-22.3486	-17.4393
8.36343	-21.5846	-16.4223	-21.7326	-16.6484	-21.9128	-16.8971	-22.1211	-17.1641	-22.3534	-17.4454
8.38339	-21.5861	-16.4244	-21.7348	-16.6515	-21.9158	-16.9012	-22.1249	-17.1692	-22.3581	-17.4515
8.40335	-21.5875	-16.4265	-21.7369	-16.6545	-21.9187	-16.9053	-22.1288	-17.1743	-22.3629	-17.4576
8.42331	-21.589	-16.4285	-21.7391	-16.6576	-21.9217	-16.9093	-22.1326	-17.1794	-22.3676	-17.4637
8.44327	-21.5905	-16.4306	-21.7413	-16.6607	-21.9246	-16.9134	-22.1365	-17.1845	-22.3724	-17.4698
8.46323	-21.592	-16.4327	-21.7434	-16.6637	-21.9276	-16.9175	-22.1403	-17.1896	-22.3772	-17.4759
8.48319	-21.5935	-16.4348	-21.7456	-16.6668	-21.9306	-16.9216	-22.1442	-17.1947	-22.382	-17.4821
8.50315	-21.595	-16.4369	-21.7478	-16.6699	-21.9336	-16.9257	-22.148	-17.1999	-22.3868	-17.4882
8.52311	-21.5965	-16.439	-21.75	-16.673	-21.9365	-16.9298	-22.1519	-17.205	-22.3916	-17.4944
8.54307	-21.598	-16.4411	-21.7522	-16.6761	-21.9395	-16.9339	-22.1558	-17.2102	-22.3964	-17.5005
8.56303	-21.5995	-16.4432	-21.7544	-16.6792	-21.9425	-16.9381	-22.1597	-17.2153	-22.4012	-17.5067
8.58299	-21.601	-16.4453	-21.7566	-16.6823	-21.9456	-16.9422	-22.1636	-17.2205	-22.406	-17.5128
8.60295	-21.6025	-16.4475	-21.7588	-16.6854	-21.9486	-16.9464	-22.1675	-17.2256	-22.4109	-17.519
8.62291	-21.604	-16.4496	-21.761	-16.6886	-21.9516	-16.9505	-22.1714	-17.2308	-22.4157	-17.5252
8.64287	-21.6055	-16.4517	-21.7632	-16.6917	-21.9546	-16.9547	-22.1753	-17.236	-22.4206	-17.5314
8.66283	-21.607	-16.4539	-21.7654	-16.6948	-21.9577	-16.9589	-22.1792	-17.2412	-22.4254	-17.5376
8.68279	-21.6086	-16.456	-21.7676	-16.698	-21.9607	-16.963	-22.1832	-17.2464	-22.4303	-17.5438
8.70275	-21.6101	-16.4582	-21.7699	-16.7012	-21.9637	-16.9672	-22.1871	-17.2516	-22.4352	-17.55
8.72271	-21.6116	-16.4604	-21.7721	-16.7043	-21.9668	-16.9714	-22.191	-17.2569	-22.4401	-17.5563
8.74267	-21.6132	-16.4625	-21.7744	-16.7075	-21.9699	-16.9756	-22.195	-17.2621	-22.445	-17.5625
8.76263	-21.6147	-16.4647	-21.7766	-16.7107	-21.9729	-16.9798	-22.199	-17.2673	-22.4499	-17.5688
8.78259	-21.6163	-16.4669	-21.7789	-16.7139	-21.976	-16.9841	-22.2029	-17.2726	-22.4548	-17.575
8.80255	-21.6178	-16.4691	-21.7811	-16.7171	-21.9791	-16.9883	-22.2069	-17.2779	-22.4597	-17.5813
8.82251	-21.6194	-16.4713	-21.7834	-16.7203	-21.9822	-16.9925	-22.2109	-17.2831	-22.4646	-17.5875
8.84247	-21.6209	-16.4735	-21.7856	-16.7235	-21.9853	-16.9968	-22.2149	-17.2884	-22.4696	-17.5938
8.86243	-21.6225	-16.4757	-21.7879	-16.7267	-21.9884	-17.001	-22.2189	-17.2937	-22.4745	-17.6001
8.88239	-21.624	-16.4779	-21.7902	-16.7299	-21.9915	-17.0053	-22.2229	-17.299	-22.4795	-17.6064
8.90235	-21.6256	-16.4802	-21.7925	-16.7332	-21.9946	-17.0096	-22.2269	-17.3043	-22.4844	-17.6127
8.92231	-21.6272	-16.4824	-21.7948	-16.7364	-21.9977	-17.0138	-22.2309	-17.3096	-22.4894	-17.619
8.94227	-21.6288	-16.4846	-21.7971	-16.7397	-22.0008	-17.0181	-22.235	-17.3149	-22.4944	-17.6253
8.96223	-21.6303	-16.4869	-21.7994	-16.7429	-22.004	-17.0224	-22.239	-17.3202	-22.4993	-17.6317
8.98219	-21.6319	-16.4891	-21.8017	-16.7462	-22.0071	-17.0267	-22.243	-17.3256	-22.5043	-17.638
9.00215	-21.6335	-16.4914	-21.804	-16.7495	-22.0102	-17.031	-22.2471	-17.3309	-22.5093	-17.6443
9.02211	-21.6351	-16.4936	-21.8063	-16.7527	-22.0134	-17.0354	-22.2512	-17.3363	-22.5143	-17.6507
9.04207	-21.6367	-16.4959	-21.8086	-16.756	-22.0165	-17.0397	-22.2552	-17.3416	-22.5193	-17.6571
9.06203	-21.6383	-16.4982	-21.811	-16.7593	-22.0197	-17.044	-22.2593	-17.347	-22.5244	-17.6634
9.08199	-21.6399	-16.5004	-21.8133	-16.7626	-22.0229	-17.0484	-22.2634	-17.3524	-22.5294	-17.6698
9.10195	-21.6415	-16.5027	-21.8156	-16.7659	-22.0261	-17.0527	-22.2675	-17.3577	-22.5344	-17.6762
9.12191	-21.6431	-16.505	-21.818	-16.7693	-22.0292	-17.0571	-22.2716	-17.3631	-22.5395	-17.6826
9.14187	-21.6448	-16.5073	-21.8203	-16.7726	-22.0324	-17.0615	-22.2757	-17.3685	-22.5445	-17.689
9.16183	-21.6464	-16.5096	-21.8227	-16.7759	-22.0356	-17.0658	-22.2798	-17.3739	-22.5496	-17.6954
9.18179	-21.648	-16.5119	-21.825	-16.7793	-22.0388	-17.0702	-22.2839	-17.3794	-22.5547	-17.7018
9.20175	-21.6496	-16.5143	-21.8274	-16.7826	-22.042	-17.0746	-22.288	-17.3848	-22.5597	-17.7082
9.22171	-21.6513	-16.5166	-21.8298	-16.786	-22.0452	-17.079	-22.2921	-17.3902	-22.5648	-17.7146
9.24167	-21.6529	-16.5189	-21.8321	-16.7893	-22.0485	-17.0834	-22.2963	-17.3957	-22.5699	-17.7211
9.26163	-21.6545	-16.5213	-21.8345	-16.7927	-22.0517	-17.0879	-22.3004	-17.4011	-22.575	-17.7275
9.28159	-21.6562	-16.5236	-21.8369	-16.7961	-22.0549	-17.0923	-22.3046	-17.4066	-22.5801	-17.734
9.30155	-21.6578	-16.526	-21.8393	-16.7995	-22.0582	-17.0967	-22.3087	-17.412	-22.5852	-17.7404
9.32151	-21.6595	-16.5283	-21.8417	-16.8029	-22.0614	-17.1012	-22.3129	-17.4175	-22.5903	-17.7469
9.34147	-21.6611	-16.5307	-21.8441	-16.8063	-22.0647	-17.1056	-22.3171	-17.423	-22.5955	-17.7534
9.36143	-21.6628	-16.5331	-21.8465	-16.8097	-22.0679	-17.1101	-22.3213	-17.4285	-22.6006	-17.7598
9.38139	-21.6645	-16.5354	-21.8489	-16.8131	-22.0712	-17.1145	-22.3254	-17.434	-22.6057	-17.7663
9.40135	-21.6661	-16.5378	-21.8513	-16.8165	-22.0745	-17.119	-22.3296	-17.4395	-22.6109	-17.7728
9.42131	-21.6678	-16.5402	-21.8537	-16.82	-22.0777	-17.1235	-22.3338	-17.445	-22.6161	-17.7793
9.44127	-21.6695	-16.5426	-21.8562	-16.8234	-22.081	-17.128	-22.3381	-17.4505	-22.6212	-17.7858
9.46123	-21.6712	-16.545	-21.8586	-16.8268	-22.0843	-17.1325	-22.3423	-17.456	-22.6264	-17.7923
9.48119	-21.6728	-16.5474	-21.861	-16.8303	-22.0876	-17.137	-22.3465	-17.4616	-22.6316	-17.7989
9.50115	-21.6745	-16.5498	-21.8635	-16.8338	-22.0909	-17.1415	-22.3507	-17.4671	-22.6368	-17.8054
9.52111	-21.6762	-16.5523	-21.8659	-16.8372	-22.0942	-17.146	-22.355	-17.4727	-22.642	-17.8119
9.54107	-21.6779	-16.5547	-21.8684	-16.8407	-22.0975	-17.1506	-22.3592	-17.4782	-22.6472	-17.8185
9.56103	-21.6796	-16.5571	-21.8708	-16.8442	-22.1009	-17.1551	-22.3635	-17.4838	-22.6524	-17.825
9.58099	-21.6813	-16.5596	-21.8733	-16.8477	-22.1042	-17.1596	-22.3677	-17.4894	-22.6576	-17.8316
9.60095	-21.683	-16.562	-21.8758	-16.8512	-22.1075	-17.1642	-22.372	-17.495	-22.6628	-17.8382
9.62091	-21.6847	-16.5645	-21.8782	-16.8547	-22.1109	-17.1688	-22.3763	-17.5006	-22.668	-17.8447
9.64087	-21.6865	-16.5669	-21.8807	-16.8582	-22.1142	-17.1733	-22.3805	-17.5062	-22.6733	-17.8513
9.66083	-21.6882	-16.5694	-21.8832	-16.8617	-22.1176	-17.1779	-22.3848	-17.5118	-22.6785	-17.8579
9.68079	-21.6899	-16.5719	-21.8857	-16.8653	-22.1209	-17.1825	-22.3891	-17.5174	-22.6838	-17.8645
9.70075	-21.6916	-16.5744	-21.8882	-16.8688	-22.1243	-17.1871	-22.3934	-17.523	-22.689	-17.8711
9.72071	-21.6934	-16.5769	-21.8907	-16.8723	-22.1277	-17.1917	-22.3977	-17.5286	-22.6943	-17.8777
9.74067	-21.6951	-16.5794	-21.8932	-16.8759	-22.131	-17.1963	-22.402	-17.5343	-22.6996	-17.8843
9.76063	-21.6968	-16.5819	-21.8957	-16.8795	-22.1344	-17.2009	-22.4064	-17.5399	-22.7049	-17.891
9.78059	-21.6986	-16.5844	-21.8982	-16.883	-22.1378	-17.2055	-22.4107	-17.5456	-22.7101	-17.8976
9.80055	-21.7003	-16.5869	-21.9007	-16.8866	-22.1412	-17.2102	-22.415	-17.5512	-22.7154	-17.9042
9.82051	-21.7021	-16.5894	-21.9032	-16.8902	-22.1446	-17.2148	-22.4194	-17.5569	-22.7207	-17.9109
9.84047	-21.7038	-16.5919	-21.9058	-16.8938	-22.148	-17.2195	-22.4237	-17.5626	-22.7261	-17.9175
9.86043	-21.7056	-16.5945	-21.9083	-16.8974	-22.1514	-17.2241	-22.4281	-17.5682	-22.7314	-17.9242
9.88039	-21.7074	-16.597	-21.9109	-16.901	-22.1549	-17.2288	-22.4324	-17.5739	-22.7367	-17.9308
9.90035	-21.7091	-16.5996	-21.9134	-16.9046	-22.1583	-17.2335	-22.4368	-17.5796	-22.742	-17.9375
9.92031	-21.7109	-16.6021	-21.916	-16.9082	-22.1617	-17.2381	-22.4412	-17.5853	-22.7474	-17.9442
9.94027	-21.7127	-16.6047	-21.9185	-16.9119	-22.1652	-17.2428	-22.4456	-17.5911	-22.7527	-17.9509
9.96023	-21.7145	-16.6073	-21.9211	-16.9155	-22.1686	-17.2475	-22.4499	-17.5968	-22.7581	-17.9576
9.98019	-21.7163	-16.6098	-21.9236	-16.9191	-22.1721	-17.2522	-22.4543	-17.6025	-22.7634	-17.9643
10.0002	-21.718	-16.6124	-21.9262	-16.9228	-22.1755	-17.2569	-22.4587	-17.6082	-22.7688	-17.971
10.0201	-21.7198	-16.615	-21.9288	-16.9264	-22.179	-17.2617	-22.4632	-17.614	-22.7742	-17.9777
10.0401	-21.7216	-16.6176	-21.9314	-16.9301	-22.1825	-17.2664	-22.4676	-17.6197	-22.7796	-17.9844
10.06	-21.7234	-16.6202	-21.934	-16.9338	-22.1859	-17.2711	-22.472	-17.6255	-22.7849	-17.9911
10.08	-21.7252	-16.6228	-21.9366	-16.9375	-22.1894	-17.2759	-22.4764	-17.6313	-22.7903	-17.9978
10.0999	-21.727	-16.6255	-21.9392	-16.9412	-22.1929	-17.2806	-22.4809	-17.637	-22.7957	-18.0046
10.1199	-21.7289	-16.6281	-21.9418	-16.9449	-22.1964	-17.2854	-22.4853	-17.6428	-22.8011	-18.0113
10.1399	-21.7307	-16.6307	-21.9444	-16.9486	-22.1999	-17.2901	-22.4898	-17.6486	-22.8066	-18.0181
10.1598	-21.7325	-16.6333	-21.947	-16.9523	-22.2034	-17.2949	-22.4942	-17.6544	-22.812	-18.0248
10.1798	-21.7343	-16.636	-21.9496	-16.956	-22.2069	-17.2997	-22.4987	-17.6602	-22.8174	-18.0316
10.1997	-21.7362	-16.6386	-21.9522	-16.9597	-22.2105	-17.3045	-22.5032	-17.666	-22.8228	-18.0384
10.2197	-21.738	-16.6413	-21.9549	-16.9634	-22.214	-17.3093	-22.5076	-17.6718	-22.8283	-18.0451
10.2397	-21.7398	-16.644	-21.9575	-16.9672	-22.2175	-17.3141	-22.5121	-17.6776	-22.8337	-18.0519
10.2596	-21.7417	-16.6466	-21.9601	-16.9709	-22.2211	-17.3189	-22.5166	-17.6835	-22.8392	-18.0587
10.2796	-21.7435	-16.6493	-21.9628	-16.9747	-22.2246	-17.3237	-22.5211	-17.6893	-22.8447	-18.0655
10.2995	-21.7454	-16.652	-21.9654	-16.9785	-22.2282	-17.3285	-22.5256	-17.6951	-22.8501	-18.0723
10.3195	-21.7472	-16.6547	-21.9681	-16.9822	-22.2317	-17.3334	-22.5301	-17.701	-22.8556	-18.0791
10.3395	-21.7491	-16.6574	-21.9707	-16.986	-22.2353	-17.3382	-22.5346	-17.7069	-22.8611	-18.0859
10.3594	-21.7509	-16.6601	-21.9734	-16.9898	-22.2388	-17.3431	-22.5392	-17.7127	-22.8666	-18.0927
10.3794	-21.7528	-16.6628	-21.9761	-16.9936	-22.2424	-17.3479	-22.5437	-17.7186	-22.8721	-18.0996
10.3993	-21.7547	-16.6655	-21.9788	-16.9974	-22.246	-17.3528	-22.5482	-17.7245	-22.8776	-18.1064
10.4193	-21.7565	-16.6683	-21.9814	-17.0012	-22.2496	-17.3576	-22.5528	-17.7304	-22.8831	-18.1132
10.4393	-21.7584	-16.671	-21.9841	-17.005	-22.2532	-17.3625	-22.5573	-17.7363	-22.8886	-18.1201
10.4592	-21.7603	-16.6738	-21.9868	-17.0089	-22.2568	-17.3674	-22.5619	-17.7422	-22.8941	-18.1269
10.4792	-21.7622	-16.6765	-21.9895	-17.0127	-22.2604	-17.3723	-22.5665	-17.7481	-22.8997	-18.1338
10.4991	-21.7641	-16.6793	-21.9922	-17.0165	-22.264	-17.3772	-22.571	-17.754	-22.9052	-18.1407
10.5191	-21.766	-16.682	-21.9949	-17.0204	-22.2676	-17.3821	-22.5756	-17.7599	-22.9107	-18.1475
10.5391	-21.7679	-16.6848	-21.9976	-17.0242	-22.2713	-17.387	-22.5802	-17.7658	-22.9163	-18.1544
10.559	-21.7698	-16.6876	-22.0004	-17.0281	-22.2749	-17.392	-22.5848	-17.7718	-22.9218	-18.1613
10.579	-21.7717	-16.6903	-22.0031	-17.032	-22.2785	-17.3969	-22.5894	-17.7777	-22.9274	-18.1682
10.5989	-21.7736	-16.6931	-22.0058	-17.0358	-22.2822	-17.4018	-22.594	-17.7837	-22.933	-18.175
10.6189	-21.7755	-16.6959	-22.0086	-17.0397	-22.2858	-17.4068	-22.5986	-17.7896	-22.9386	-18.1819
10.6389	-21.7774	-16.6987	-22.0113	-17.0436	-22.2895	-17.4117	-22.6032	-17.7956	-22.9441	-18.1888
10.6588	-21.7794	-16.7016	-22.014	-17.0475	-22.2931	-17.4167	-22.6078	-17.8015	-22.9497	-18.1958
10.6788	-21.7813	-16.7044	-22.0168	-17.0514	-22.2968	-17.4217	-22.6125	-17.8075	-22.9553	-18.2027
10.6987	-21.7832	-16.7072	-22.0196	-17.0553	-22.3005	-17.4267	-22.6171	-17.8135	-22.9609	-18.2096
10.7187	-21.7852	-16.71	-22.0223	-17.0593	-22.3042	-17.4316	-22.6217	-17.8195	-22.9665	-18.2165
10.7387	-21.7871	-16.7129	-22.0251	-17.0632	-22.3078	-17.4366	-22.6264	-17.8255	-22.9721	-18.2235
10.7586	-21.789	-16.7157	-22.0278	-17.0671	-22.3115	-17.4416	-22.631	-17.8315	-22.9778	-18.2304
10.7786	-21.791	-16.7186	-22.0306	-17.0711	-22.3152	-17.4466	-22.6357	-17.8375	-22.9834	-18.2373
10.7985	-21.7929	-16.7214	-22.0334	-17.075	-22.3189	-17.4516	-22.6404	-17.8435	-22.989	-18.2443
10.8185	-21.7949	-16.7243	-22.0362	-17.079	-22.3226	-17.4567	-22.645	-17.8496	-22.9947	-18.2512
10.8385	-21.7969	-16.7272	-22.039	-17.083	-22.3264	-17.4617	-22.6497	-17.8556	-23.0003	-18.2582
10.8584	-21.7988	-16.7301	-22.0418	-17.0869	-22.3301	-17.4667	-22.6544	-17.8616	-23.006	-18.2652
10.8784	-21.8008	-16.7329	-22.0446	-17.0909	-22.3338	-17.4718	-22.6591	-17.8677	-23.0116	-18.2721
10.8983	-21.8028	-16.7358	-22.0474	-17.0949	-22.3375	-17.4768	-22.6638	-17.8737	-23.0173	-18.2791
10.9183	-21.8047	-16.7387	-22.0502	-17.0989	-22.3413	-17.4819	-22.6685	-17.8798	-23.023	-18.2861
10.9383	-21.8067	-16.7417	-22.053	-17.1029	-22.345	-17.487	-22.6732	-17.8858	-23.0286	-18.2931
10.9582	-21.8087	-16.7446	-22.0559	-17.1069	-22.3488	-17.492	-22.6779	-17.8919	-23.0343	-18.3001
10.9782	-21.8107	-16.7475	-22.0587	-17.111	-22.3525	-17.4971	-22.6827	-17.898	-23.04	-18.3071
10.9981	-21.8127	-16.7504	-22.0615	-17.115	-22.3563	-17.5022	-22.6874	-17.9041	-23.0457	-18.3141
11.0181	-21.8147	-16.7534	-22.0644	-17.119	-22.3601	-17.5073	-22.6921	-17.9102	-23.0514	-18.3211
11.0381	-21.8167	-16.7563	-22.0672	-17.1231	-22.3638	-17.5124	-22.6969	-17.9163	-23.0571	-18.3281
11.058	-21.8187	-16.7593	-22.0701	-17.1271	-22.3676	-17.5175	-22.7016	-17.9224	-23.0628	-18.3351
11.078	-21.8207	-16.7622	-22.0729	-17.1312	-22.3714	-17.5226	-22.7064	-17.9285	-23.0686	-18.3422
11.0979	-21.8227	-16.7652	-22.0758	-17.1352	-22.3752	-17.5277	-22.7112	-17.9346	-23.0743	-18.3492
11.1179	-21.8248	-16.7682	-22.0786	-17.1393	-22.379	-17.5329	-22.7159	-17.9407	-23.08	-18.3562
11.1379	-21.8268	-16.7711	-22.0815	-17.1434	-22.3828	-17.538	-22.7207	-17.9469	-23.0858	-18.3633
11.1578	-21.8288	-16.7741	-22.0844	-17.1475	-22.3866	-17.5432	-22.7255	-17.953	-23.0915	-18.3703
11.1778	-21.8308	-16.7771	-22.0873	-17.1516	-22.3904	-17.5483	-22.7303	-17.9591	-23.0972	-18.3774
11.1977	-21.8329	-16.7801	-22.0901	-17.1557	-22.3943	-17.5535	-22.7351	-17.9653	-23.103	-18.3844
11.2177	-21.8349	-16.7831	-22.093	-17.1598	-22.3981	-17.5586	-22.7399	-17.9714	-23.1088	-18.3915
11.2377	-21.837	-16.7862	-22.0959	-17.1639	-22.4019	-17.5638	-22.7447	-17.9776	-23.1145	-18.3986
11.2576	-21.839	-16.7892	-22.0988	-17.168	-22.4058	-17.569	-22.7495	-17.9838	-23.1203	-18.4056
11.2776	-21.8411	-16.7922	-22.1017	-17.1722	-22.4096	-17.5742	-22.7543	-17.9899	-23.1261	-18.4127
11.2975	-21.8431	-16.7953	-22.1047	-17.1763	-22.4135	-17.5794	-22.7591	-17.9961	-23.1319	-18.4198
11.3175	-21.8452	-16.7983	-22.1076	-17.1805	-22.4173	-17.5846	-22.764	-18.0023	-23.1377	-18.4269
11.3375	-21.8472	-16.8014	-22.1105	-17.1846	-22.4212	-17.5898	-22.7688	-18.0085	-23.1435	-18.434
11.3574	-21.8493	-16.8044	-22.1134	-17.1888	-22.4251	-17.595	-22.7736	-18.0147	-23.1493	-18.4411
11.3774	-21.8514	-16.8075	-22.1164	-17.193	-22.4289	-17.6002	-22.7785	-18.0209	-23.1551	-18.4482
11.3973	-21.8535	-16.8106	-22.1193	-17.1971	-22.4328	-17.6055	-22.7833	-18.0271	-23.1609	-18.4553
11.4173	-21.8555	-16.8136	-22.1222	-17.2013	-22.4367	-17.6107	-22.7882	-18.0334	-23.1667	-18.4624
11.4373	-21.8576	-16.8167	-22.1252	-17.2055	-22.4406	-17.616	-22.7931	-18.0396	-23.1726	-18.4695
11.4572	-21.8597	-16.8198	-22.1282	-17.2097	-22.4445	-17.6212	-22.798	-18.0458	-23.1784	-18.4767
11.4772	-21.8618	-16.8229	-22.1311	-17.2139	-22.4484	-17.6265	-22.8028	-18.052	-23.1842	-18.4838
11.4971	-21.8639	-16.8261	-22.1341	-17.2181	-22.4523	-17.6317	-22.8077	-18.0583	-23.1901	-18.4909
11.5171	-21.866	-16.8292	-22.137	-17.2224	-22.4563	-17.637	-22.8126	-18.0645	-23.1959	-18.4981
11.5371	-21.8681	-16.8323	-22.14	-17.2266	-22.4602	-17.6423	-22.8175	-18.0708	-23.2018	-18.5052
11.557	-21.8702	-16.8354	-22.143	-17.2308	-22.4641	-17.6476	-22.8224	-18.0771	-23.2077	-18.5124
11.577	-21.8724	-16.8386	-22.146	-17.2351	-22.468	-17.6529	-22.8273	-18.0833	-23.2135	-18.5195
11.5969	-21.8745	-16.8417	-22.149	-17.2393	-22.472	-17.6582	-22.8322	-18.0896	-23.2194	-18.5267
11.6169	-21.8766	-16.8449	-22.152	-17.2436	-22.4759	-17.6635	-22.8372	-18.0959	-23.2253	-18.5338
11.6369	-21.8787	-16.848	-22.155	-17.2479	-22.4799	-17.6688	-22.8421	-18.1022	-23.2312	-18.541
11.6568	-21.8809	-16.8512	-22.158	-17.2521	-22.4838	-17.6741	-22.847	-18.1085	-23.2371	-18.5482
11.6768	-21.883	-16.8544	-22.161	-17.2564	-22.4878	-17.6795	-22.852	-18.1148	-23.243	-18.5554
11.6967	-21.8851	-16.8576	-22.164	-17.2607	-22.4918	-17.6848	-22.8569	-18.1211	-23.2489	-18.5625
11.7167	-21.8873	-16.8608	-22.167	-17.265	-22.4958	-17.6902	-22.8619	-18.1274	-23.2548	-18.5697
11.7367	-21.8894	-16.864	-22.1701	-17.2693	-22.4997	-17.6955	-22.8668	-18.1337	-23.2607	-18.5769
11.7566	-21.8916	-16.8672	-22.1731	-17.2736	-22.5037	-17.7009	-22.8718	-18.14	-23.2666	-18.5841
11.7766	-21.8938	-16.8704	-22.1761	-17.278	-22.5077	-17.7062	-22.8768	-18.1464	-23.2725	-18.5913
11.7965	-21.8959	-16.8736	-22.1792	-17.2823	-22.5117	-17.7116	-22.8817	-18.1527	-23.2785	-18.5985
11.8165	-21.8981	-16.8768	-22.1822	-17.2866	-22.5157	-17.717	-22.8867	-18.159	-23.2844	-18.6057
11.8365	-21.9003	-16.8801	-22.1853	-17.291	-22.5197	-17.7224	-22.8917	-18.1654	-23.2904	-18.613
11.8564	-21.9024	-16.8833	-22.1883	-17.2953	-22.5238	-17.7278	-22.8967	-18.1717	-23.2963	-18.6202
11.8764	-21.9046	-16.8866	-22.1914	-17.2997	-22.5278	-17.7332	-22.9017	-18.1781	-23.3023	-18.6274
11.8963	-21.9068	-16.8898	-22.1945	-17.304	-22.5318	-17.7386	-22.9067	-18.1845	-23.3082	-18.6346
11.9163	-21.909	-16.8931	-22.1976	-17.3084	-22.5358	-17.744	-22.9117	-18.1908	-23.3142	-18.6419
11.9363	-21.9112	-16.8964	-22.2006	-17.3128	-22.5399	-17.7494	-22.9167	-18.1972	-23.3202	-18.6491
11.9562	-21.9134	-16.8997	-22.2037	-17.3172	-22.5439	-17.7548	-22.9218	-18.2036	-23.3261	-18.6564
11.9762	-21.9156	-16.9029	-22.2068	-17.3216	-22.548	-17.7603	-22.9268	-18.21	-23.3321	-18.6636
11.9961	-21.9178	-16.9062	-22.2099	-17.326	-22.552	-17.7657	-22.9318	-18.2164	-23.3381	-18.6709
12.0161	-21.92	-16.9095	-22.213	-17.3304	-22.5561	-17.7712	-22.9369	-18.2228	-23.3441	-18.6781
12.0361	-21.9222	-16.9128	-22.2161	-17.3348	-22.5602	-17.7766	-22.9419	-18.2292	-23.3501	-18.6854
12.056	-21.9244	-16.9162	-22.2192	-17.3392	-22.5642	-17.7821	-22.947	-18.2356	-23.3561	-18.6926
12.076	-21.9267	-16.9195	-22.2223	-17.3437	-22.5683	-17.7876	-22.952	-18.242	-23.3621	-18.6999
12.0959	-21.9289	-16.9228	-22.2255	-17.3481	-22.5724	-17.793	-22.9571	-18.2484	-23.3681	-18.7072
12.1159	-21.9311	-16.9262	-22.2286	-17.3525	-22.5765	-17.7985	-22.9622	-18.2549	-23.3742	-18.7145
12.1359	-21.9334	-16.9295	-22.2317	-17.357	-22.5806	-17.804	-22.9673	-18.2613	-23.3802	-18.7217
12.1558	-21.9356	-16.9329	-22.2349	-17.3615	-22.5847	-17.8095	-22.9723	-18.2677	-23.3862	-18.729
12.1758	-21.9378	-16.9362	-22.238	-17.3659	-22.5888	-17.815	-22.9774	-18.2742	-23.3922	-18.7363
12.1957	-21.9401	-16.9396	-22.2412	-17.3704	-22.5929	-17.8205	-22.9825	-18.2806	-23.3983	-18.7436
12.2157	-21.9423	-16.943	-22.2443	-17.3749	-22.5971	-17.826	-22.9876	-18.2871	-23.4043	-18.7509
12.2357	-21.9446	-16.9464	-22.2475	-17.3794	-22.6012	-17.8316	-22.9927	-18.2935	-23.4104	-18.7582
12.2556	-21.9469	-16.9498	-22.2506	-17.3839	-22.6053	-17.8371	-22.9978	-18.3	-23.4164	-18.7655
12.2756	-21.9491	-16.9532	-22.2538	-17.3884	-22.6095	-17.8426	-23.0029	-18.3065	-23.4225	-18.7728
12.2955	-21.9514	-16.9566	-22.257	-17.3929	-22.6136	-17.8482	-23.0081	-18.313	-23.4286	-18.7802
12.3155	-21.9537	-16.96	-22.2601	-17.3974	-22.6177	-17.8537	-23.0132	-18.3195	-23.4346	-18.7875
12.3355	-21.956	-16.9634	-22.2633	-17.402	-22.6219	-17.8593	-23.0183	-18.3259	-23.4407	-18.7948
12.3554	-21.9582	-16.9668	-22.2665	-17.4065	-22.6261	-17.8648	-23.0235	-18.3324	-23.4468	-18.8021
12.3754	-21.9605	-16.9703	-22.2697	-17.411	-22.6302	-17.8704	-23.0286	-18.3389	-23.4529	-18.8095
12.3953	-21.9628	-16.9737	-22.2729	-17.4156	-22.6344	-17.876	-23.0338	-18.3454	-23.459	-18.8168
12.4153	-21.9651	-16.9772	-22.2761	-17.4202	-22.6386	-17.8816	-23.0389	-18.352	-23.4651	-18.8242
12.4353	-21.9674	-16.9806	-22.2793	-17.4247	-22.6428	-17.8872	-23.0441	-18.3585	-23.4712	-18.8315
12.4552	-21.9697	-16.9841	-22.2826	-17.4293	-22.6469	-17.8928	-23.0493	-18.365	-23.4773	-18.8388
12.4752	-21.972	-16.9876	-22.2858	-17.4339	-22.6511	-17.8984	-23.0544	-18.3715	-23.4834	-18.8462
12.4951	-21.9744	-16.9911	-22.289	-17.4385	-22.6553	-17.904	-23.0596	-18.3781	-23.4895	-18.8536
12.5151	-21.9767	-16.9946	-22.2922	-17.4431	-22.6595	-17.9096	-23.0648	-18.3846	-23.4957	-18.8609
12.5351	-21.979	-16.9981	-22.2955	-17.4477	-22.6638	-17.9152	-23.07	-18.3912	-23.5018	-18.8683
12.555	-21.9813	-17.0016	-22.2987	-17.4523	-22.668	-17.9208	-23.0752	-18.3977	-23.5079	-18.8757
12.575	-21.9837	-17.0051	-22.302	-17.4569	-22.6722	-17.9265	-23.0804	-18.4043	-23.5141	-18.883
12.5949	-21.986	-17.0086	-22.3052	-17.4615	-22.6764	-17.9321	-23.0856	-18.4108	-23.5202	-18.8904
12.6149	-21.9883	-17.0121	-22.3085	-17.4661	-22.6807	-17.9378	-23.0908	-18.4174	-23.5264	-18.8978
12.6349	-21.9907	-17.0157	-22.3117	-17.4708	-22.6849	-17.9434	-23.096	-18.424	-23.5325	-18.9052
12.6548	-21.993	-17.0192	-22.315	-17.4754	-22.6891	-17.9491	-23.1012	-18.4305	-23.5387	-18.9126
12.6748	-21.9954	-17.0228	-22.3183	-17.4801	-22.6934	-17.9548	-23.1065	-18.4371	-23.5449	-18.92
12.6947	-21.9977	-17.0263	-22.3215	-17.4847	-22.6977	-17.9604	-23.1117	-18.4437	-23.551	-18.9274
12.7147	-22.0001	-17.0299	-22.3248	-17.4894	-22.7019	-17.9661	-23.1169	-18.4503	-23.5572	-18.9348
12.7347	-22.0025	-17.0335	-22.3281	-17.4941	-22.7062	-17.9718	-23.1222	-18.4569	-23.5634	-18.9422
12.7546	-22.0048	-17.037	-22.3314	-17.4988	-22.7105	-17.9775	-23.1274	-18.4635	-23.5696	-18.9496
12.7746	-22.0072	-17.0406	-22.3347	-17.5035	-22.7147	-17.9832	-23.1327	-18.4701	-23.5758	-18.957
12.7945	-22.0096	-17.0442	-22.338	-17.5082	-22.719	-17.9889	-23.138	-18.4767	-23.582	-18.9644
12.8145	-22.012	-17.0478	-22.3413	-17.5129	-22.7233	-17.9946	-23.1432	-18.4833	-23.5882	-18.9718
12.8345	-22.0144	-17.0515	-22.3446	-17.5176	-22.7276	-18.0003	-23.1485	-18.49	-23.5944	-18.9792
12.8544	-22.0168	-17.0551	-22.348	-17.5223	-22.7319	-18.0061	-23.1538	-18.4966	-23.6006	-18.9867
12.8744	-22.0192	-17.0587	-22.3513	-17.527	-22.7362	-18.0118	-23.1591	-18.5032	-23.6068	-18.9941
12.8943	-22.0216	-17.0623	-22.3546	-17.5318	-22.7405	-18.0175	-23.1643	-18.5099	-23.613	-19.0015
12.9143	-22.024	-17.066	-22.3579	-17.5365	-22.7448	-18.0233	-23.1696	-18.5165	-23.6192	-19.009
12.9343	-22.0264	-17.0696	-22.3613	-17.5413	-22.7492	-18.029	-23.1749	-18.5232	-23.6255	-19.0164
12.9542	-22.0288	-17.0733	-22.3646	-17.546	-22.7535	-18.0348	-23.1802	-18.5298	-23.6317	-19.0239
12.9742	-22.0312	-17.077	-22.368	-17.5508	-22.7578	-18.0406	-23.1856	-18.5365	-23.6379	-19.0313
12.9941	-22.0336	-17.0806	-22.3713	-17.5556	-22.7622	-18.0463	-23.1909	-18.5432	-23.6442	-19.0388
13.0141	-22.0361	-17.0843	-22.3747	-17.5603	-22.7665	-18.0521	-23.1962	-18.5498	-23.6504	-19.0462
13.0341	-22.0385	-17.088	-22.3781	-17.5651	-22.7709	-18.0579	-23.2015	-18.5565	-23.6567	-19.0537
13.054	-22.0409	-17.0917	-22.3814	-17.5699	-22.7752	-18.0637	-23.2069	-18.5632	-23.6629	-19.0611
13.074	-22.0434	-17.0954	-22.3848	-17.5747	-22.7796	-18.0695	-23.2122	-18.5699	-23.6692	-19.0686
13.0939	-22.0458	-17.0991	-22.3882	-17.5795	-22.784	-18.0753	-23.2175	-18.5766	-23.6755	-19.0761
13.1139	-22.0483	-17.1029	-22.3916	-17.5843	-22.7883	-18.0811	-23.2229	-18.5833	-23.6818	-19.0836
13.1339	-22.0507	-17.1066	-22.395	-17.5892	-22.7927	-18.0869	-23.2282	-18.59	-23.688	-19.091
13.1538	-22.0532	-17.1103	-22.3984	-17.594	-22.7971	-18.0928	-23.2336	-18.5967	-23.6943	-19.0985
13.1738	-22.0557	-17.1141	-22.4018	-17.5988	-22.8015	-18.0986	-23.239	-18.6034	-23.7006	-19.106
13.1937	-22.0581	-17.1178	-22.4052	-17.6037	-22.8059	-18.1044	-23.2443	-18.6101	-23.7069	-19.1135
13.2137	-22.0606	-17.1216	-22.4086	-17.6085	-22.8103	-18.1103	-23.2497	-18.6168	-23.7132	-19.121
13.2337	-22.0631	-17.1253	-22.412	-17.6134	-22.8147	-18.1161	-23.2551	-18.6235	-23.7195	-19.1285
13.2536	-22.0656	-17.1291	-22.4154	-17.6183	-22.8191	-18.122	-23.2605	-18.6303	-23.7258	-19.136
13.2736	-22.068	-17.1329	-22.4189	-17.6231	-22.8235	-18.1278	-23.2659	-18.637	-23.7321	-19.1435
13.2935	-22.0705	-17.1367	-22.4223	-17.628	-22.8279	-18.1337	-23.2713	-18.6438	-23.7384	-19.151
13.3135	-22.073	-17.1405	-22.4257	-17.6329	-22.8324	-18.1396	-23.2767	-18.6505	-23.7447	-19.1585
13.3335	-22.0755	-17.1443	-22.4292	-17.6378	-22.8368	-18.1454	-23.2821	-18.6573	-23.7511	-19.166
13.3534	-22.078	-17.1481	-22.4326	-17.6427	-22.8412	-18.1513	-23.2875	-18.664	-23.7574	-19.1735
13.3734	-22.0805	-17.1519	-22.4361	-17.6476	-22.8457	-18.1572	-23.2929	-18.6708	-23.7637	-19.181
13.3933	-22.0831	-17.1558	-22.4396	-17.6525	-22.8501	-18.1631	-23.2983	-18.6775	-23.7701	-19.1886
13.4133	-22.0856	-17.1596	-22.443	-17.6574	-22.8546	-18.169	-23.3037	-18.6843	-23.7764	-19.1961
13.4333	-22.0881	-17.1634	-22.4465	-17.6624	-22.859	-18.1749	-23.3092	-18.6911	-23.7828	-19.2036
13.4532	-22.0906	-17.1673	-22.45	-17.6673	-22.8635	-18.1809	-23.3146	-18.6979	-23.7891	-19.2112
13.4732	-22.0932	-17.1712	-22.4534	-17.6723	-22.868	-18.1868	-23.32	-18.7046	-23.7955	-19.2187
13.4931	-22.0957	-17.175	-22.4569	-17.6772	-22.8724	-18.1927	-23.3255	-18.7114	-23.8018	-19.2262
13.5131	-22.0982	-17.1789	-22.4604	-17.6822	-22.8769	-18.1986	-23.3309	-18.7182	-23.8082	-19.2338
13.5331	-22.1008	-17.1828	-22.4639	-17.6871	-22.8814	-18.2046	-23.3364	-18.725	-23.8146	-19.2413
13.553	-22.1033	-17.1867	-22.4674	-17.6921	-22.8859	-18.2105	-23.3419	-18.7318	-23.8209	-19.2489
13.573	-22.1059	-17.1906	-22.4709	-17.6971	-22.8904	-18.2165	-23.3473	-18.7386	-23.8273	-19.2564
13.5929	-22.1084	-17.1945	-22.4744	-17.7021	-22.8949	-18.2224	-23.3528	-18.7455	-23.8337	-19.264
13.6129	-22.111	-17.1984	-22.478	-17.7071	-22.8994	-18.2284	-23.3583	-18.7523	-23.8401	-19.2715
13.6329	-22.1136	-17.2023	-22.4815	-17.7121	-22.9039	-18.2344	-23.3638	-18.7591	-23.8465	-19.2791
13.6528	-22.1161	-17.2063	-22.485	-17.7171	-22.9085	-18.2404	-23.3693	-18.7659	-23.8529	-19.2866
13.6728	-22.1187	-17.2102	-22.4885	-17.7221	-22.913	-18.2463	-23.3748	-18.7728	-23.8593	-19.2942
13.6927	-22.1213	-17.2141	-22.4921	-17.7272	-22.9175	-18.2523	-23.3803	-18.7796	-23.8657	-19.3018
13.7127	-22.1239	-17.2181	-22.4956	-17.7322	-22.922	-18.2583	-23.3858	-18.7864	-23.8721	-19.3094
13.7327	-22.1265	-17.2221	-22.4992	-17.7372	-22.9266	-18.2643	-23.3913	-18.7933	-23.8785	-19.3169
13.7526	-22.1291	-17.226	-22.5027	-17.7423	-22.9311	-18.2703	-23.3968	-18.8001	-23.8849	-19.3245
13.7726	-22.1317	-17.23	-22.5063	-17.7473	-22.9357	-18.2764	-23.4023	-18.807	-23.8913	-19.3321
13.7925	-22.1343	-17.234	-22.5098	-17.7524	-22.9402	-18.2824	-23.4078	-18.8138	-23.8978	-19.3397
13.8125	-22.1369	-17.238	-22.5134	-17.7575	-22.9448	-18.2884	-23.4133	-18.8207	-23.9042	-19.3473
13.8325	-22.1395	-17.242	-22.517	-17.7625	-22.9494	-18.2944	-23.4189	-18.8276	-23.9106	-19.3549
13.8524	-22.1421	-17.246	-22.5206	-17.7676	-22.9539	-18.3005	-23.4244	-18.8344	-23.9171	-19.3624
13.8724	-22.1447	-17.25	-22.5241	-17.7727	-22.9585	-18.3065	-23.43	-18.8413	-23.9235	-19.37
13.8923	-22.1474	-17.254	-22.5277	-17.7778	-22.9631	-18.3126	-23.4355	-18.8482	-23.93	-19.3776
13.9123	-22.15	-17.2581	-22.5313	-17.7829	-22.9677	-18.3186	-23.4411	-18.8551	-23.9364	-19.3852
13.9323	-22.1526	-17.2621	-22.5349	-17.788	-22.9723	-18.3247	-23.4466	-18.862	-23.9429	-19.3929
13.9522	-22.1553	-17.2662	-22.5385	-17.7931	-22.9769	-18.3308	-23.4522	-18.8689	-23.9493	-19.4005
13.9722	-22.1579	-17.2702	-22.5421	-17.7983	-22.9815	-18.3368	-23.4578	-18.8758	-23.9558	-19.4081
13.9921	-22.1605	-17.2743	-22.5457	-17.8034	-22.9861	-18.3429	-23.4633	-18.8827	-23.9623	-19.4157
14.0121	-22.1632	-17.2784	-22.5494	-17.8085	-22.9907	-18.349	-23.4689	-18.8896	-23.9687	-19.4233
14.0321	-22.1659	-17.2825	-22.553	-17.8137	-22.9953	-18.3551	-23.4745	-18.8965	-23.9752	-19.4309
14.052	-22.1685	-17.2865	-22.5566	-17.8188	-23	-18.3612	-23.4801	-18.9034	-23.9817	-19.4385
14.072	-22.1712	-17.2906	-22.5603	-17.824	-23.0046	-18.3673	-23.4857	-18.9103	-23.9882	-19.4462
14.0919	-22.1739	-17.2947	-22.5639	-17.8292	-23.0092	-18.3734	-23.4913	-18.9173	-23.9947	-19.4538
14.1119	-22.1765	-17.2989	-22.5675	-17.8343	-23.0139	-18.3795	-23.4969	-18.9242	-24.0012	-19.4614
14.1319	-22.1792	-17.303	-22.5712	-17.8395	-23.0185	-18.3856	-23.5025	-18.9311	-24.0077	-19.4691
14.1518	-22.1819	-17.3071	-22.5749	-17.8447	-23.0232	-18.3918	-23.5081	-18.9381	-24.0142	-19.4767
14.1718	-22.1846	-17.3112	-22.5785	-17.8499	-23.0278	-18.3979	-23.5137	-18.945	-24.0207	-19.4843
14.1917	-22.1873	-17.3154	-22.5822	-17.8551	-23.0325	-18.404	-23.5193	-18.952	-24.0272	-19.492
14.2117	-22.19	-17.3195	-22.5858	-17.8603	-23.0371	-18.4102	-23.525	-18.9589	-24.0337	-19.4996
14.2317	-22.1927	-17.3237	-22.5895	-17.8655	-23.0418	-18.4163	-23.5306	-18.9659	-24.0402	-19.5073
14.2516	-22.1954	-17.3279	-22.5932	-17.8708	-23.0465	-18.4225	-23.5362	-18.9728	-24.0467	-19.5149
14.2716	-22.1981	-17.332	-22.5969	-17.876	-23.0512	-18.4286	-23.5419	-18.9798	-24.0533	-19.5226
14.2915	-22.2008	-17.3362	-22.6006	-17.8812	-23.0559	-18.4348	-23.5475	-18.9868	-24.0598	-19.5302
14.3115	-22.2035	-17.3404	-22.6043	-17.8865	-23.0606	-18.441	-23.5532	-18.9937	-24.0663	-19.5379
14.3315	-22.2063	-17.3446	-22.608	-17.8917	-23.0653	-18.4472	-23.5588	-19.0007	-24.0729	-19.5455
14.3514	-22.209	-17.3488	-22.6117	-17.897	-23.07	-18.4533	-23.5645	-19.0077	-24.0794	-19.5532
14.3714	-22.2117	-17.353	-22.6154	-17.9023	-23.0747	-18.4595	-23.5701	-19.0147	-24.0859	-19.5609
14.3913	-22.2145	-17.3573	-22.6191	-17.9075	-23.0794	-18.4657	-23.5758	-19.0217	-24.0925	-19.5685
14.4113	-22.2172	-17.3615	-22.6228	-17.9128	-23.0841	-18.4719	-23.5815	-19.0287	-24.099	-19.5762
14.4313	-22.22	-17.3657	-22.6266	-17.9181	-23.0888	-18.4781	-23.5872	-19.0357	-24.1056	-19.5839
14.4512	-22.2227	-17.37	-22.6303	-17.9234	-23.0936	-18.4844	-23.5929	-19.0427	-24.1122	-19.5916
14.4712	-22.2255	-17.3742	-22.634	-17.9287	-23.0983	-18.4906	-23.5985	-19.0497	-24.1187	-19.5992
14.4911	-22.2282	-17.3785	-22.6378	-17.934	-23.103	-18.4968	-23.6042	-19.0567	-24.1253	-19.6069
14.5111	-22.231	-17.3828	-22.6415	-17.9393	-23.1078	-18.503	-23.6099	-19.0637	-24.1319	-19.6146
14.5311	-22.2338	-17.3871	-22.6453	-17.9447	-23.1125	-18.5093	-23.6156	-19.0707	-24.1385	-19.6223
14.551	-22.2365	-17.3913	-22.649	-17.95	-23.1173	-18.5155	-23.6213	-19.0778	-24.145	-19.63
14.571	-22.2393	-17.3956	-22.6528	-17.9553	-23.122	-18.5218	-23.6271	-19.0848	-24.1516	-19.6377
14.5909	-22.2421	-17.3999	-22.6566	-17.9607	-23.1268	-18.528	-23.6328	-19.0918	-24.1582	-19.6454
14.6109	-22.2449	-17.4042	-22.6603	-17.966	-23.1316	-18.5343	-23.6385	-19.0988	-24.1648	-19.6531
14.6309	-22.2477	-17.4086	-22.6641	-17.9714	-23.1364	-18.5405	-23.6442	-19.1059	-24.1714	-19.6608
14.6508	-22.2505	-17.4129	-22.6679	-17.9768	-23.1411	-18.5468	-23.65	-19.1129	-24.178	-19.6685
14.6708	-22.2533	-17.4172	-22.6717	-17.9821	-23.1459	-18.5531	-23.6557	-19.12	-24.1846	-19.6762
14.6907	-22.2561	-17.4216	-22.6755	-17.9875	-23.1507	-18.5594	-23.6614	-19.127	-24.1912	-19.6839
14.7107	-22.2589	-17.4259	-22.6793	-17.9929	-23.1555	-18.5656	-23.6672	-19.1341	-24.1978	-19.6916
14.7307	-22.2617	-17.4303	-22.6831	-17.9983	-23.1603	-18.5719	-23.6729	-19.1411	-24.2044	-19.6993
14.7506	-22.2646	-17.4347	-22.6869	-18.0037	-23.1651	-18.5782	-23.6787	-19.1482	-24.2111	-19.707
14.7706	-22.2674	-17.439	-22.6907	-18.0091	-23.1699	-18.5845	-23.6844	-19.1553	-24.2177	-19.7147
14.7905	-22.2702	-17.4434	-22.6945	-18.0145	-23.1747	-18.5908	-23.6902	-19.1624	-24.2243	-19.7224
14.8105	-22.2731	-17.4478	-22.6984	-18.0199	-23.1796	-18.5972	-23.696	-19.1694	-24.2309	-19.7302
14.8305	-22.2759	-17.4522	-22.7022	-18.0254	-23.1844	-18.6035	-23.7017	-19.1765	-24.2376	-19.7379
14.8504	-22.2787	-17.4566	-22.706	-18.0308	-23.1892	-18.6098	-23.7075	-19.1836	-24.2442	-19.7456
14.8704	-22.2816	-17.461	-22.7099	-18.0362	-23.1941	-18.6161	-23.7133	-19.1907	-24.2509	-19.7533
14.8903	-22.2844	-17.4654	-22.7137	-18.0417	-23.1989	-18.6225	-23.7191	-19.1978	-24.2575	-19.7611
14.9103	-22.2873	-17.4699	-22.7176	-18.0472	-23.2037	-18.6288	-23.7249	-19.2049	-24.2641	-19.7688
14.9303	-22.2902	-17.4743	-22.7214	-18.0526	-23.2086	-18.6352	-23.7307	-19.212	-24.2708	-19.7765
14.9502	-22.293	-17.4788	-22.7253	-18.0581	-23.2135	-18.6415	-23.7365	-19.2191	-24.2775	-19.7843
14.9702	-22.2959	-17.4832	-22.7291	-18.0636	-23.2183	-18.6479	-23.7423	-19.2262	-24.2841	-19.792
14.9901	-22.2988	-17.4877	-22.733	-18.069	-23.2232	-18.6542	-23.7481	-19.2333	-24.2908	-19.7998
15.0101	-22.3017	-17.4922	-22.7369	-18.0745	-23.2281	-18.6606	-23.7539	-19.2404	-24.2974	-19.8075
15.0301	-22.3045	-17.4966	-22.7408	-18.08	-23.2329	-18.667	-23.7597	-19.2475	-24.3041	-19.8152
15.05	-22.3074	-17.5011	-22.7447	-18.0855	-23.2378	-18.6734	-23.7655	-19.2546	-24.3108	-19.823
15.07	-22.3103	-17.5056	-22.7485	-18.091	-23.2427	-18.6798	-23.7714	-19.2618	-24.3175	-19.8307
15.0899	-22.3132	-17.5101	-22.7524	-18.0966	-23.2476	-18.6861	-23.7772	-19.2689	-24.3242	-19.8385
15.1099	-22.3161	-17.5146	-22.7563	-18.1021	-23.2525	-18.6925	-23.783	-19.276	-24.3308	-19.8463
15.1299	-22.3191	-17.5191	-22.7602	-18.1076	-23.2574	-18.6989	-23.7889	-19.2832	-24.3375	-19.854
15.1498	-22.322	-17.5237	-22.7642	-18.1132	-23.2623	-18.7053	-23.7947	-19.2903	-24.3442	-19.8618
15.1698	-22.3249	-17.5282	-22.7681	-18.1187	-23.2672	-18.7118	-23.8006	-19.2975	-24.3509	-19.8695
15.1897	-22.3278	-17.5328	-22.772	-18.1243	-23.2721	-18.7182	-23.8064	-19.3046	-24.3576	-19.8773
15.2097	-22.3307	-17.5373	-22.7759	-18.1298	-23.277	-18.7246	-23.8123	-19.3118	-24.3643	-19.8851
15.2297	-22.3337	-17.5419	-22.7798	-18.1354	-23.282	-18.731	-23.8181	-19.3189	-24.371	-19.8928
15.2496	-22.3366	-17.5464	-22.7838	-18.141	-23.2869	-18.7375	-23.824	-19.3261	-24.3777	-19.9006
15.2696	-22.3396	-17.551	-22.7877	-18.1465	-23.2918	-18.7439	-23.8299	-19.3332	-24.3844	-19.9084
15.2895	-22.3425	-17.5556	-22.7917	-18.1521	-23.2968	-18.7503	-23.8357	-19.3404	-24.3912	-19.9161
15.3095	-22.3455	-17.5602	-22.7956	-18.1577	-23.3017	-18.7568	-23.8416	-19.3476	-24.3979	-19.9239
15.3295	-22.3484	-17.5648	-22.7996	-18.1633	-23.3067	-18.7633	-23.8475	-19.3548	-24.4046	-19.9317
15.3494	-22.3514	-17.5694	-22.8035	-18.1689	-23.3116	-18.7697	-23.8534	-19.3619	-24.4113	-19.9395
15.3694	-22.3543	-17.574	-22.8075	-18.1745	-23.3166	-18.7762	-23.8593	-19.3691	-24.4181	-19.9473
15.3893	-22.3573	-17.5786	-22.8115	-18.1802	-23.3216	-18.7826	-23.8652	-19.3763	-24.4248	-19.955
15.4093	-22.3603	-17.5833	-22.8155	-18.1858	-23.3265	-18.7891	-23.8711	-19.3835	-24.4315	-19.9628
15.4293	-22.3633	-17.5879	-22.8194	-18.1914	-23.3315	-18.7956	-23.877	-19.3907	-24.4383	-19.9706
15.4492	-22.3662	-17.5926	-22.8234	-18.1971	-23.3365	-18.8021	-23.8829	-19.3979	-24.445	-19.9784
15.4692	-22.3692	-17.5972	-22.8274	-18.2027	-23.3415	-18.8086	-23.8888	-19.4051	-24.4518	-19.9862
15.4891	-22.3722	-17.6019	-22.8314	-18.2084	-23.3465	-18.8151	-23.8947	-19.4123	-24.4585	-19.994
15.5091	-22.3752	-17.6065	-22.8354	-18.214	-23.3515	-18.8216	-23.9006	-19.4195	-24.4653	-20.0018
15.5291	-22.3782	-17.6112	-22.8394	-18.2197	-23.3565	-18.8281	-23.9066	-19.4267	-24.472	-20.0096
15.549	-22.3812	-17.6159	-22.8434	-18.2254	-23.3615	-18.8346	-23.9125	-19.4339	-24.4788	-20.0174
15.569	-22.3843	-17.6206	-22.8474	-18.2311	-23.3665	-18.8411	-23.9184	-19.4411	-24.4856	-20.0252
15.5889	-22.3873	-17.6253	-22.8515	-18.2367	-23.3715	-18.8476	-23.9244	-19.4484	-24.4923	-20.033
15.6089	-22.3903	-17.63	-22.8555	-18.2424	-23.3765	-18.8542	-23.9303	-19.4556	-24.4991	-20.0408
15.6289	-22.3933	-17.6347	-22.8595	-18.2481	-23.3815	-18.8607	-23.9363	-19.4628	-24.5059	-20.0486
15.6488	-22.3963	-17.6395	-22.8636	-18.2539	-23.3866	-18.8672	-23.9422	-19.4701	-24.5126	-20.0564
15.6688	-22.3994	-17.6442	-22.8676	-18.2596	-23.3916	-18.8738	-23.9482	-19.4773	-24.5194	-20.0642
15.6887	-22.4024	-17.649	-22.8717	-18.2653	-23.3966	-18.8803	-23.9541	-19.4845	-24.5262	-20.072
15.7087	-22.4055	-17.6537	-22.8757	-18.271	-23.4017	-18.8869	-23.9601	-19.4918	-24.533	-20.0798
15.7287	-22.4085	-17.6585	-22.8798	-18.2768	-23.4067	-18.8934	-23.9661	-19.499	-24.5398	-20.0877
15.7486	-22.4116	-17.6632	-22.8838	-18.2825	-23.4118	-18.9	-23.972	-19.5063	-24.5466	-20.0955
15.7686	-22.4146	-17.668	-22.8879	-18.2882	-23.4168	-18.9066	-23.978	-19.5135	-24.5534	-20.1033
15.7885	-22.4177	-17.6728	-22.892	-18.294	-23.4219	-18.9132	-23.984	-19.5208	-24.5602	-20.1111
15.8085	-22.4208	-17.6776	-22.896	-18.2998	-23.427	-18.9197	-23.99	-19.528	-24.567	-20.119
15.8285	-22.4238	-17.6824	-22.9001	-18.3055	-23.432	-18.9263	-23.996	-19.5353	-24.5738	-20.1268
15.8484	-22.4269	-17.6872	-22.9042	-18.3113	-23.4371	-18.9329	-24.002	-19.5426	-24.5806	-20.1346
15.8684	-22.43	-17.692	-22.9083	-18.3171	-23.4422	-18.9395	-24.008	-19.5498	-24.5874	-20.1424
15.8883	-22.4331	-17.6968	-22.9124	-18.3229	-23.4473	-18.9461	-24.014	-19.5571	-24.5942	-20.1503
15.9083	-22.4362	-17.7017	-22.9165	-18.3287	-23.4524	-18.9527	-24.02	-19.5644	-24.601	-20.1581
15.9283	-22.4393	-17.7065	-22.9206	-18.3345	-23.4575	-18.9593	-24.026	-19.5717	-24.6079	-20.1659
15.9482	-22.4424	-17.7114	-22.9247	-18.3403	-23.4626	-18.9659	-24.032	-19.579	-24.6147	-20.1738
15.9682	-22.4455	-17.7162	-22.9288	-18.3461	-23.4677	-18.9726	-24.038	-19.5862	-24.6215	-20.1816
15.9881	-22.4486	-17.7211	-22.933	-18.3519	-23.4728	-18.9792	-24.044	-19.5935	-24.6284	-20.1895
16.0081	-22.4517	-17.726	-22.9371	-18.3577	-23.4779	-18.9858	-24.0501	-19.6008	-24.6352	-20.1973
16.0281	-22.4548	-17.7308	-22.9412	-18.3636	-23.483	-18.9924	-24.0561	-19.6081	-24.642	-20.2051
16.048	-22.458	-17.7357	-22.9454	-18.3694	-23.4882	-18.9991	-24.0621	-19.6154	-24.6489	-20.213
16.068	-22.4611	-17.7406	-22.9495	-18.3753	-23.4933	-19.0057	-24.0682	-19.6227	-24.6557	-20.2208
16.0879	-22.4642	-17.7455	-22.9536	-18.3811	-23.4984	-19.0124	-24.0742	-19.63	-24.6626	-20.2287
16.1079	-22.4674	-17.7504	-22.9578	-18.387	-23.5036	-19.019	-24.0803	-19.6373	-24.6694	-20.2365
16.1279	-22.4705	-17.7554	-22.962	-18.3929	-23.5087	-19.0257	-24.0863	-19.6447	-24.6763	-20.2444
16.1478	-22.4737	-17.7603	-22.9661	-18.3987	-23.5139	-19.0324	-24.0924	-19.652	-24.6831	-20.2522
16.1678	-22.4768	-17.7652	-22.9703	-18.4046	-23.519	-19.039	-24.0984	-19.6593	-24.69	-20.2601
16.1877	-22.48	-17.7702	-22.9745	-18.4105	-23.5242	-19.0457	-24.1045	-19.6666	-24.6968	-20.2679
16.2077	-22.4831	-17.7751	-22.9786	-18.4164	-23.5293	-19.0524	-24.1105	-19.6739	-24.7037	-20.2758
16.2277	-22.4863	-17.7801	-22.9828	-18.4223	-23.5345	-19.0591	-24.1166	-19.6813	-24.7106	-20.2837
16.2476	-22.4895	-17.7851	-22.987	-18.4282	-23.5397	-19.0657	-24.1227	-19.6886	-24.7175	-20.2915
16.2676	-22.4927	-17.79	-22.9912	-18.4341	-23.5448	-19.0724	-24.1288	-19.6959	-24.7243	-20.2994
16.2875	-22.4958	-17.795	-22.9954	-18.44	-23.55	-19.0791	-24.1348	-19.7033	-24.7312	-20.3073
16.3075	-22.499	-17.8	-22.9996	-18.446	-23.5552	-19.0858	-24.1409	-19.7106	-24.7381	-20.3151
16.3275	-22.5022	-17.805	-23.0038	-18.4519	-23.5604	-19.0926	-24.147	-19.718	-24.745	-20.323
16.3474	-22.5054	-17.81	-23.008	-18.4578	-23.5656	-19.0993	-24.1531	-19.7253	-24.7519	-20.3309
16.3674	-22.5086	-17.815	-23.0122	-18.4638	-23.5708	-19.106	-24.1592	-19.7327	-24.7587	-20.3387
16.3873	-22.5118	-17.8201	-23.0164	-18.4697	-23.576	-19.1127	-24.1653	-19.74	-24.7656	-20.3466
16.4073	-22.515	-17.8251	-23.0207	-18.4757	-23.5812	-19.1194	-24.1714	-19.7474	-24.7725	-20.3545
16.4273	-22.5182	-17.8301	-23.0249	-18.4817	-23.5864	-19.1262	-24.1775	-19.7547	-24.7794	-20.3624
16.4472	-22.5215	-17.8352	-23.0291	-18.4876	-23.5916	-19.1329	-24.1836	-19.7621	-24.7863	-20.3702
16.4672	-22.5247	-17.8402	-23.0334	-18.4936	-23.5969	-19.1396	-24.1898	-19.7695	-24.7932	-20.3781
16.4871	-22.5279	-17.8453	-23.0376	-18.4996	-23.6021	-19.1464	-24.1959	-19.7768	-24.8001	-20.386
16.5071	-22.5312	-17.8504	-23.0419	-18.5056	-23.6073	-19.1531	-24.202	-19.7842	-24.8071	-20.3939
16.5271	-22.5344	-17.8555	-23.0461	-18.5116	-23.6126	-19.1599	-24.2081	-19.7916	-24.814	-20.4018
16.547	-22.5376	-17.8605	-23.0504	-18.5176	-23.6178	-19.1667	-24.2143	-19.799	-24.8209	-20.4096
16.567	-22.5409	-17.8656	-23.0547	-18.5236	-23.623	-19.1734	-24.2204	-19.8064	-24.8278	-20.4175
16.5869	-22.5441	-17.8708	-23.0589	-18.5296	-23.6283	-19.1802	-24.2266	-19.8137	-24.8347	-20.4254
16.6069	-22.5474	-17.8759	-23.0632	-18.5356	-23.6336	-19.187	-24.2327	-19.8211	-24.8417	-20.4333
16.6269	-22.5507	-17.881	-23.0675	-18.5417	-23.6388	-19.1937	-24.2388	-19.8285	-24.8486	-20.4412
16.6468	-22.5539	-17.8861	-23.0718	-18.5477	-23.6441	-19.2005	-24.245	-19.8359	-24.8555	-20.4491
16.6668	-22.5572	-17.8913	-23.0761	-18.5538	-23.6493	-19.2073	-24.2512	-19.8433	-24.8624	-20.457
16.6867	-22.5605	-17.8964	-23.0804	-18.5598	-23.6546	-19.2141	-24.2573	-19.8507	-24.8694	-20.4649
16.7067	-22.5638	-17.9016	-23.0847	-18.5659	-23.6599	-19.2209	-24.2635	-19.8581	-24.8763	-20.4728
16.7267	-22.5671	-17.9067	-23.089	-18.5719	-23.6652	-19.2277	-24.2696	-19.8655	-24.8833	-20.4807
16.7466	-22.5703	-17.9119	-23.0933	-18.578	-23.6705	-19.2345	-24.2758	-19.8729	-24.8902	-20.4886
16.7666	-22.5736	-17.9171	-23.0976	-18.5841	-23.6758	-19.2413	-24.282	-19.8804	-24.8971	-20.4965
16.7865	-22.5769	-17.9222	-23.1019	-18.5902	-23.6811	-19.2482	-24.2882	-19.8878	-24.9041	-20.5044
16.8065	-22.5802	-17.9274	-23.1062	-18.5962	-23.6864	-19.255	-24.2944	-19.8952	-24.911	-20.5123
16.8265	-22.5836	-17.9326	-23.1106	-18.6023	-23.6917	-19.2618	-24.3005	-19.9026	-24.918	-20.5202
16.8464	-22.5869	-17.9378	-23.1149	-18.6084	-23.697	-19.2686	-24.3067	-19.91	-24.925	-20.5281
16.8664	-22.5902	-17.9431	-23.1192	-18.6145	-23.7023	-19.2755	-24.3129	-19.9175	-24.9319	-20.536
16.8863	-22.5935	-17.9483	-23.1236	-18.6207	-23.7076	-19.2823	-24.3191	-19.9249	-24.9389	-20.5439
16.9063	-22.5968	-17.9535	-23.1279	-18.6268	-23.7129	-19.2892	-24.3253	-19.9323	-24.9459	-20.5518
16.9263	-22.6002	-17.9588	-23.1323	-18.6329	-23.7183	-19.296	-24.3315	-19.9398	-24.9528	-20.5597
16.9462	-22.6035	-17.964	-23.1367	-18.639	-23.7236	-19.3029	-24.3377	-19.9472	-24.9598	-20.5676
16.9662	-22.6069	-17.9693	-23.141	-18.6452	-23.7289	-19.3097	-24.3439	-19.9546	-24.9668	-20.5755
16.9861	-22.6102	-17.9745	-23.1454	-18.6513	-23.7343	-19.3166	-24.3502	-19.9621	-24.9737	-20.5835
17.0061	-22.6136	-17.9798	-23.1498	-18.6575	-23.7396	-19.3234	-24.3564	-19.9695	-24.9807	-20.5914
17.0261	-22.6169	-17.9851	-23.1541	-18.6636	-23.745	-19.3303	-24.3626	-19.977	-24.9877	-20.5993
17.046	-22.6203	-17.9904	-23.1585	-18.6698	-23.7503	-19.3372	-24.3688	-19.9844	-24.9947	-20.6072
17.066	-22.6237	-17.9957	-23.1629	-18.676	-23.7557	-19.3441	-24.3751	-19.9919	-25.0017	-20.6151
17.0859	-22.627	-18.001	-23.1673	-18.6821	-23.761	-19.351	-24.3813	-19.9993	-25.0087	-20.6231
17.1059	-22.6304	-18.0063	-23.1717	-18.6883	-23.7664	-19.3578	-24.3875	-20.0068	-25.0157	-20.631
17.1259	-22.6338	-18.0116	-23.1761	-18.6945	-23.7718	-19.3647	-24.3938	-20.0143	-25.0227	-20.6389
17.1458	-22.6372	-18.0169	-23.1805	-18.7007	-23.7772	-19.3716	-24.4	-20.0217	-25.0297	-20.6468
17.1658	-22.6406	-18.0223	-23.1849	-18.7069	-23.7825	-19.3785	-24.4063	-20.0292	-25.0367	-20.6548
17.1857	-22.644	-18.0276	-23.1894	-18.7131	-23.7879	-19.3855	-24.4125	-20.0367	-25.0437	-20.6627
17.2057	-22.6474	-18.033	-23.1938	-18.7193	-23.7933	-19.3924	-24.4188	-20.0442	-25.0507	-20.6706
17.2257	-22.6508	-18.0383	-23.1982	-18.7255	-23.7987	-19.3993	-24.425	-20.0516	-25.0577	-20.6785
17.2456	-22.6542	-18.0437	-23.2026	-18.7318	-23.8041	-19.4062	-24.4313	-20.0591	-25.0647	-20.6865
17.2656	-22.6576	-18.0491	-23.2071	-18.738	-23.8095	-19.4131	-24.4376	-20.0666	-25.0717	-20.6944
17.2855	-22.661	-18.0545	-23.2115	-18.7442	-23.8149	-19.4201	-24.4438	-20.0741	-25.0787	-20.7023
17.3055	-22.6645	-18.0599	-23.216	-18.7505	-23.8203	-19.427	-24.4501	-20.0816	-25.0857	-20.7103
17.3255	-22.6679	-18.0653	-23.2204	-18.7567	-23.8257	-19.4339	-24.4564	-20.0891	-25.0927	-20.7182
17.3454	-22.6713	-18.0707	-23.2249	-18.763	-23.8312	-19.4409	-24.4627	-20.0966	-25.0998	-20.7262
17.3654	-22.6748	-18.0761	-23.2293	-18.7693	-23.8366	-19.4478	-24.469	-20.1041	-25.1068	-20.7341
17.3853	-22.6782	-18.0815	-23.2338	-18.7755	-23.842	-19.4548	-24.4752	-20.1116	-25.1138	-20.742
17.4053	-22.6817	-18.0869	-23.2383	-18.7818	-23.8474	-19.4617	-24.4815	-20.1191	-25.1209	-20.75
17.4253	-22.6851	-18.0924	-23.2427	-18.7881	-23.8529	-19.4687	-24.4878	-20.1266	-25.1279	-20.7579
17.4452	-22.6886	-18.0978	-23.2472	-18.7944	-23.8583	-19.4757	-24.4941	-20.1341	-25.1349	-20.7659
17.4652	-22.692	-18.1033	-23.2517	-18.8007	-23.8638	-19.4826	-24.5004	-20.1416	-25.142	-20.7738
17.4851	-22.6955	-18.1087	-23.2562	-18.807	-23.8692	-19.4896	-24.5067	-20.1491	-25.149	-20.7817
17.5051	-22.699	-18.1142	-23.2607	-18.8133	-23.8747	-19.4966	-24.513	-20.1566	-25.1561	-20.7897
17.5251	-22.7025	-18.1197	-23.2652	-18.8196	-23.8801	-19.5036	-24.5194	-20.1641	-25.1631	-20.7976
17.545	-22.7059	-18.1252	-23.2697	-18.8259	-23.8856	-19.5105	-24.5257	-20.1717	-25.1701	-20.8056
17.565	-22.7094	-18.1307	-23.2742	-18.8322	-23.8911	-19.5175	-24.532	-20.1792	-25.1772	-20.8135
17.5849	-22.7129	-18.1362	-23.2787	-18.8386	-23.8965	-19.5245	-24.5383	-20.1867	-25.1842	-20.8215
17.6049	-22.7164	-18.1417	-23.2833	-18.8449	-23.902	-19.5315	-24.5446	-20.1942	-25.1913	-20.8294
17.6249	-22.7199	-18.1472	-23.2878	-18.8512	-23.9075	-19.5385	-24.551	-20.2018	-25.1984	-20.8374
17.6448	-22.7234	-18.1527	-23.2923	-18.8576	-23.913	-19.5455	-24.5573	-20.2093	-25.2054	-20.8453
17.6648	-22.7269	-18.1583	-23.2968	-18.8639	-23.9185	-19.5526	-24.5636	-20.2168	-25.2125	-20.8533
17.6847	-22.7305	-18.1638	-23.3014	-18.8703	-23.924	-19.5596	-24.57	-20.2244	-25.2196	-20.8613
17.7047	-22.734	-18.1694	-23.3059	-18.8767	-23.9295	-19.5666	-24.5763	-20.2319	-25.2266	-20.8692
17.7247	-22.7375	-18.1749	-23.3105	-18.883	-23.935	-19.5736	-24.5827	-20.2395	-25.2337	-20.8772
17.7446	-22.741	-18.1805	-23.315	-18.8894	-23.9405	-19.5807	-24.589	-20.247	-25.2408	-20.8851
17.7646	-22.7446	-18.1861	-23.3196	-18.8958	-23.946	-19.5877	-24.5954	-20.2546	-25.2478	-20.8931
17.7845	-22.7481	-18.1916	-23.3241	-18.9022	-23.9515	-19.5947	-24.6017	-20.2621	-25.2549	-20.9011
17.8045	-22.7517	-18.1972	-23.3287	-18.9086	-23.957	-19.6018	-24.6081	-20.2697	-25.262	-20.909
17.8245	-22.7552	-18.2028	-23.3333	-18.915	-23.9626	-19.6088	-24.6145	-20.2772	-25.2691	-20.917
17.8444	-22.7588	-18.2084	-23.3379	-18.9214	-23.9681	-19.6159	-24.6208	-20.2848	-25.2762	-20.9249
17.8644	-22.7623	-18.214	-23.3424	-18.9278	-23.9736	-19.6229	-24.6272	-20.2923	-25.2832	-20.9329
17.8843	-22.7659	-18.2197	-23.347	-18.9342	-23.9792	-19.63	-24.6336	-20.2999	-25.2903	-20.9409
17.9043	-22.7695	-18.2253	-23.3516	-18.9407	-23.9847	-19.637	-24.64	-20.3075	-25.2974	-20.9488
17.9243	-22.773	-18.2309	-23.3562	-18.9471	-23.9902	-19.6441	-24.6463	-20.315	-25.3045	-20.9568
17.9442	-22.7766	-18.2366	-23.3608	-18.9535	-23.9958	-19.6512	-24.6527	-20.3226	-25.3116	-20.9648
17.9642	-22.7802	-18.2422	-23.3654	-18.96	-24.0013	-19.6582	-24.6591	-20.3302	-25.3187	-20.9728
17.9841	-22.7838	-18.2479	-23.37	-18.9664	-24.0069	-19.6653	-24.6655	-20.3378	-25.3258	-20.9807
18.0041	-22.7874	-18.2535	-23.3747	-18.9729	-24.0125	-19.6724	-24.6719	-20.3453	-25.3329	-20.9887
18.0241	-22.791	-18.2592	-23.3793	-18.9794	-24.018	-19.6795	-24.6783	-20.3529	-25.34	-20.9967
18.044	-22.7946	-18.2649	-23.3839	-18.9858	-24.0236	-19.6866	-24.6847	-20.3605	-25.3471	-21.0046
18.064	-22.7982	-18.2706	-23.3885	-18.9923	-24.0292	-19.6937	-24.6911	-20.3681	-25.3542	-21.0126
18.0839	-22.8018	-18.2763	-23.3932	-18.9988	-24.0348	-19.7008	-24.6975	-20.3757	-25.3614	-21.0206
18.1039	-22.8054	-18.282	-23.3978	-19.0053	-24.0403	-19.7079	-24.7039	-20.3833	-25.3685	-21.0286
18.1239	-22.8091	-18.2877	-23.4024	-19.0118	-24.0459	-19.715	-24.7103	-20.3909	-25.3756	-21.0365
18.1438	-22.8127	-18.2934	-23.4071	-19.0183	-24.0515	-19.7221	-24.7167	-20.3985	-25.3827	-21.0445
18.1638	-22.8163	-18.2992	-23.4117	-19.0248	-24.0571	-19.7292	-24.7232	-20.4061	-25.3898	-21.0525
18.1837	-22.82	-18.3049	-23.4164	-19.0313	-24.0627	-19.7363	-24.7296	-20.4137	-25.3969	-21.0605
18.2037	-22.8236	-18.3106	-23.4211	-19.0378	-24.0683	-19.7435	-24.736	-20.4213	-25.4041	-21.0685
18.2237	-22.8273	-18.3164	-23.4257	-19.0443	-24.0739	-19.7506	-24.7424	-20.4289	-25.4112	-21.0764
18.2436	-22.8309	-18.3222	-23.4304	-19.0508	-24.0795	-19.7577	-24.7489	-20.4365	-25.4183	-21.0844
18.2636	-22.8346	-18.3279	-23.4351	-19.0574	-24.0852	-19.7649	-24.7553	-20.4441	-25.4255	-21.0924
18.2835	-22.8382	-18.3337	-23.4398	-19.0639	-24.0908	-19.772	-24.7618	-20.4517	-25.4326	-21.1004
18.3035	-22.8419	-18.3395	-23.4445	-19.0704	-24.0964	-19.7791	-24.7682	-20.4593	-25.4397	-21.1084
18.3235	-22.8456	-18.3453	-23.4491	-19.077	-24.102	-19.7863	-24.7746	-20.4669	-25.4469	-21.1164
18.3434	-22.8492	-18.3511	-23.4538	-19.0836	-24.1077	-19.7934	-24.7811	-20.4746	-25.454	-21.1244
18.3634	-22.8529	-18.3569	-23.4585	-19.0901	-24.1133	-19.8006	-24.7875	-20.4822	-25.4611	-21.1323
18.3833	-22.8566	-18.3627	-23.4632	-19.0967	-24.1189	-19.8078	-24.794	-20.4898	-25.4683	-21.1403
18.4033	-22.8603	-18.3685	-23.468	-19.1033	-24.1246	-19.8149	-24.8005	-20.4974	-25.4754	-21.1483
18.4233	-22.864	-18.3743	-23.4727	-19.1098	-24.1302	-19.8221	-24.8069	-20.5051	-25.4826	-21.1563
18.4432	-22.8677	-18.3802	-23.4774	-19.1164	-24.1359	-19.8293	-24.8134	-20.5127	-25.4897	-21.1643
18.4632	-22.8714	-18.386	-23.4821	-19.123	-24.1415	-19.8364	-24.8199	-20.5203	-25.4969	-21.1723
18.4831	-22.8751	-18.3919	-23.4868	-19.1296	-24.1472	-19.8436	-24.8263	-20.528	-25.504	-21.1803
18.5031	-22.8788	-18.3977	-23.4916	-19.1362	-24.1529	-19.8508	-24.8328	-20.5356	-25.5112	-21.1883
18.5231	-22.8826	-18.4036	-23.4963	-19.1428	-24.1585	-19.858	-24.8393	-20.5432	-25.5184	-21.1963
18.543	-22.8863	-18.4095	-23.5011	-19.1494	-24.1642	-19.8652	-24.8458	-20.5509	-25.5255	-21.2043
18.563	-22.89	-18.4154	-23.5058	-19.156	-24.1699	-19.8724	-24.8522	-20.5585	-25.5327	-21.2123
18.5829	-22.8937	-18.4213	-23.5106	-19.1627	-24.1756	-19.8796	-24.8587	-20.5662	-25.5399	-21.2203
18.6029	-22.8975	-18.4272	-23.5153	-19.1693	-24.1813	-19.8868	-24.8652	-20.5738	-25.547	-21.2283
18.6229	-22.9012	-18.4331	-23.5201	-19.1759	-24.1869	-19.894	-24.8717	-20.5815	-25.5542	-21.2363
18.6428	-22.905	-18.439	-23.5248	-19.1826	-24.1926	-19.9012	-24.8782	-20.5891	-25.5614	-21.2443
18.6628	-22.9087	-18.4449	-23.5296	-19.1892	-24.1983	-19.9084	-24.8847	-20.5968	-25.5685	-21.2523
18.6827	-22.9125	-18.4508	-23.5344	-19.1959	-24.204	-19.9156	-24.8912	-20.6044	-25.5757	-21.2603
18.7027	-22.9163	-18.4568	-23.5392	-19.2025	-24.2097	-19.9228	-24.8977	-20.6121	-25.5829	-21.2683
18.7227	-22.92	-18.4627	-23.544	-19.2092	-24.2155	-19.9301	-24.9042	-20.6198	-25.5901	-21.2763
18.7426	-22.9238	-18.4687	-23.5487	-19.2159	-24.2212	-19.9373	-24.9107	-20.6274	-25.5972	-21.2843
18.7626	-22.9276	-18.4746	-23.5535	-19.2226	-24.2269	-19.9445	-24.9173	-20.6351	-25.6044	-21.2923
18.7825	-22.9314	-18.4806	-23.5583	-19.2292	-24.2326	-19.9518	-24.9238	-20.6428	-25.6116	-21.3003
18.8025	-22.9351	-18.4866	-23.5631	-19.2359	-24.2383	-19.959	-24.9303	-20.6504	-25.6188	-21.3083
18.8225	-22.9389	-18.4925	-23.568	-19.2426	-24.2441	-19.9663	-24.9368	-20.6581	-25.626	-21.3163
18.8424	-22.9427	-18.4985	-23.5728	-19.2493	-24.2498	-19.9735	-24.9434	-20.6658	-25.6332	-21.3243
18.8624	-22.9465	-18.5045	-23.5776	-19.256	-24.2555	-19.9808	-24.9499	-20.6734	-25.6404	-21.3323
18.8823	-22.9504	-18.5105	-23.5824	-19.2627	-24.2613	-19.988	-24.9564	-20.6811	-25.6476	-21.3403
18.9023	-22.9542	-18.5165	-23.5872	-19.2694	-24.267	-19.9953	-24.963	-20.6888	-25.6548	-21.3483
18.9223	-22.958	-18.5226	-23.5921	-19.2762	-24.2728	-20.0025	-24.9695	-20.6965	-25.662	-21.3563
18.9422	-22.9618	-18.5286	-23.5969	-19.2829	-24.2785	-20.0098	-24.976	-20.7042	-25.6692	-21.3643
18.9622	-22.9656	-18.5346	-23.6017	-19.2896	-24.2843	-20.0171	-24.9826	-20.7119	-25.6764	-21.3723
18.9821	-22.9695	-18.5407	-23.6066	-19.2964	-24.29	-20.0243	-24.9891	-20.7196	-25.6836	-21.3804
19.0021	-22.9733	-18.5467	-23.6114	-19.3031	-24.2958	-20.0316	-24.9957	-20.7272	-25.6908	-21.3884
19.0221	-22.9771	-18.5528	-23.6163	-19.3099	-24.3016	-20.0389	-25.0022	-20.7349	-25.698	-21.3964
19.042	-22.981	-18.5588	-23.6211	-19.3166	-24.3074	-20.0462	-25.0088	-20.7426	-25.7052	-21.4044
19.062	-22.9848	-18.5649	-23.626	-19.3234	-24.3131	-20.0535	-25.0153	-20.7503	-25.7124	-21.4124
19.0819	-22.9887	-18.571	-23.6309	-19.3301	-24.3189	-20.0608	-25.0219	-20.758	-25.7196	-21.4204
19.1019	-22.9926	-18.5771	-23.6358	-19.3369	-24.3247	-20.0681	-25.0285	-20.7657	-25.7269	-21.4284
19.1219	-22.9964	-18.5832	-23.6406	-19.3437	-24.3305	-20.0754	-25.035	-20.7734	-25.7341	-21.4365
19.1418	-23.0003	-18.5893	-23.6455	-19.3505	-24.3363	-20.0827	-25.0416	-20.7811	-25.7413	-21.4445
19.1618	-23.0042	-18.5954	-23.6504	-19.3572	-24.3421	-20.09	-25.0482	-20.7888	-25.7485	-21.4525
19.1817	-23.0081	-18.6015	-23.6553	-19.364	-24.3479	-20.0973	-25.0548	-20.7966	-25.7557	-21.4605
19.2017	-23.0119	-18.6076	-23.6602	-19.3708	-24.3537	-20.1046	-25.0613	-20.8043	-25.763	-21.4685
19.2217	-23.0158	-18.6138	-23.6651	-19.3776	-24.3595	-20.1119	-25.0679	-20.812	-25.7702	-21.4765
19.2416	-23.0197	-18.6199	-23.67	-19.3844	-24.3653	-20.1192	-25.0745	-20.8197	-25.7774	-21.4846
19.2616	-23.0236	-18.6261	-23.6749	-19.3913	-24.3711	-20.1266	-25.0811	-20.8274	-25.7847	-21.4926
19.2815	-23.0275	-18.6322	-23.6798	-19.3981	-24.3769	-20.1339	-25.0877	-20.8351	-25.7919	-21.5006
19.3015	-23.0314	-18.6384	-23.6847	-19.4049	-24.3828	-20.1412	-25.0943	-20.8429	-25.7991	-21.5086
19.3215	-23.0354	-18.6446	-23.6897	-19.4117	-24.3886	-20.1486	-25.1009	-20.8506	-25.8064	-21.5166
19.3414	-23.0393	-18.6507	-23.6946	-19.4186	-24.3944	-20.1559	-25.1075	-20.8583	-25.8136	-21.5247
19.3614	-23.0432	-18.6569	-23.6995	-19.4254	-24.4002	-20.1633	-25.1141	-20.866	-25.8208	-21.5327
19.3813	-23.0471	-18.6631	-23.7045	-19.4323	-24.4061	-20.1706	-25.1207	-20.8738	-25.8281	-21.5407
19.4013	-23.0511	-18.6693	-23.7094	-19.4391	-24.4119	-20.1779	-25.1273	-20.8815	-25.8353	-21.5487
19.4213	-23.055	-18.6755	-23.7143	-19.446	-24.4178	-20.1853	-25.1339	-20.8892	-25.8426	-21.5568
19.4412	-23.0589	-18.6817	-23.7193	-19.4528	-24.4236	-20.1927	-25.1405	-20.897	-25.8498	-21.5648
19.4612	-23.0629	-18.6879	-23.7242	-19.4597	-24.4295	-20.2	-25.1472	-20.9047	-25.8571	-21.5728
19.4811	-23.0668	-18.6942	-23.7292	-19.4666	-24.4353	-20.2074	-25.1538	-20.9124	-25.8643	-21.5808
19.5011	-23.0708	-18.7004	-23.7342	-19.4735	-24.4412	-20.2148	-25.1604	-20.9202	-25.8716	-21.5889
19.5211	-23.0748	-18.7067	-23.7391	-19.4803	-24.4471	-20.2221	-25.167	-20.9279	-25.8788	-21.5969
19.541	-23.0787	-18.7129	-23.7441	-19.4872	-24.4529	-20.2295	-25.1737	-20.9357	-25.8861	-21.6049
19.561	-23.0827	-18.7192	-23.7491	-19.4941	-24.4588	-20.2369	-25.1803	-20.9434	-25.8933	-21.6129
19.5809	-23.0867	-18.7254	-23.7541	-19.501	-24.4647	-20.2443	-25.1869	-20.9512	-25.9006	-21.621
19.6009	-23.0907	-18.7317	-23.7591	-19.5079	-24.4706	-20.2516	-25.1936	-20.9589	-25.9079	-21.629
19.6209	-23.0947	-18.738	-23.7641	-19.5148	-24.4764	-20.259	-25.2002	-20.9667	-25.9151	-21.637
19.6408	-23.0986	-18.7443	-23.7691	-19.5218	-24.4823	-20.2664	-25.2068	-20.9744	-25.9224	-21.6451
19.6608	-23.1026	-18.7506	-23.7741	-19.5287	-24.4882	-20.2738	-25.2135	-20.9822	-25.9297	-21.6531
19.6807	-23.1066	-18.7569	-23.7791	-19.5356	-24.4941	-20.2812	-25.2201	-20.9899	-25.9369	-21.6611
19.7007	-23.1107	-18.7632	-23.7841	-19.5425	-24.5	-20.2886	-25.2268	-20.9977	-25.9442	-21.6691
19.7207	-23.1147	-18.7695	-23.7891	-19.5495	-24.5059	-20.296	-25.2334	-21.0054	-25.9515	-21.6772
19.7406	-23.1187	-18.7758	-23.7941	-19.5564	-24.5118	-20.3034	-25.2401	-21.0132	-25.9588	-21.6852
19.7606	-23.1227	-18.7822	-23.7991	-19.5634	-24.5177	-20.3108	-25.2468	-21.021	-25.966	-21.6932
19.7805	-23.1267	-18.7885	-23.8041	-19.5703	-24.5237	-20.3183	-25.2534	-21.0287	-25.9733	-21.7013
19.8005	-23.1308	-18.7948	-23.8092	-19.5773	-24.5296	-20.3257	-25.2601	-21.0365	-25.9806	-21.7093
19.8205	-23.1348	-18.8012	-23.8142	-19.5842	-24.5355	-20.3331	-25.2668	-21.0443	-25.9879	-21.7173
19.8404	-23.1388	-18.8076	-23.8193	-19.5912	-24.5414	-20.3405	-25.2734	-21.052	-25.9951	-21.7254
19.8604	-23.1429	-18.8139	-23.8243	-19.5982	-24.5473	-20.348	-25.2801	-21.0598	-26.0024	-21.7334
19.8803	-23.1469	-18.8203	-23.8294	-19.6052	-24.5533	-20.3554	-25.2868	-21.0676	-26.0097	-21.7415
19.9003	-23.151	-18.8267	-23.8344	-19.6121	-24.5592	-20.3628	-25.2934	-21.0754	-26.017	-21.7495
19.9203	-23.155	-18.8331	-23.8395	-19.6191	-24.5652	-20.3703	-25.3001	-21.0832	-26.0243	-21.7575
19.9402	-23.1591	-18.8395	-23.8445	-19.6261	-24.5711	-20.3777	-25.3068	-21.0909	-26.0316	-21.7656
19.9602	-23.1632	-18.8459	-23.8496	-19.6331	-24.577	-20.3852	-25.3135	-21.0987	-26.0389	-21.7736
19.9801	-23.1673	-18.8523	-23.8547	-19.6401	-24.583	-20.3926	-25.3202	-21.1065	-26.0462	-21.7816
20.0001	-23.1713	-18.8587	-23.8597	-19.6471	-24.589	-20.4001	-25.3269	-21.1143	-26.0535	-21.7897
20.0201	-23.1754	-18.8651	-23.8648	-19.6541	-24.5949	-20.4075	-25.3336	-21.1221	-26.0608	-21.7977
20.04	-23.1795	-18.8716	-23.8699	-19.6612	-24.6009	-20.415	-25.3403	-21.1299	-26.0681	-21.8058
20.06	-23.1836	-18.878	-23.875	-19.6682	-24.6068	-20.4224	-25.347	-21.1377	-26.0754	-21.8138
20.0799	-23.1877	-18.8844	-23.8801	-19.6752	-24.6128	-20.4299	-25.3537	-21.1455	-26.0827	-21.8218
20.0999	-23.1918	-18.8909	-23.8852	-19.6823	-24.6188	-20.4374	-25.3604	-21.1532	-26.09	-21.8299
20.1199	-23.1959	-18.8974	-23.8903	-19.6893	-24.6248	-20.4448	-25.3671	-21.161	-26.0973	-21.8379
20.1398	-23.2	-18.9038	-23.8954	-19.6963	-24.6307	-20.4523	-25.3738	-21.1688	-26.1046	-21.846
20.1598	-23.2041	-18.9103	-23.9005	-19.7034	-24.6367	-20.4598	-25.3805	-21.1766	-26.1119	-21.854
20.1797	-23.2083	-18.9168	-23.9056	-19.7104	-24.6427	-20.4673	-25.3872	-21.1844	-26.1192	-21.862
20.1997	-23.2124	-18.9233	-23.9108	-19.7175	-24.6487	-20.4748	-25.3939	-21.1922	-26.1265	-21.8701
20.2197	-23.2165	-18.9298	-23.9159	-19.7246	-24.6547	-20.4823	-25.4007	-21.2	-26.1338	-21.8781
20.2396	-23.2207	-18.9363	-23.921	-19.7316	-24.6607	-20.4897	-25.4074	-21.2079	-26.1411	-21.8862
20.2596	-23.2248	-18.9428	-23.9261	-19.7387	-24.6667	-20.4972	-25.4141	-21.2157	-26.1484	-21.8942
20.2795	-23.229	-18.9493	-23.9313	-19.7458	-24.6727	-20.5047	-25.4208	-21.2235	-26.1558	-21.9023
20.2995	-23.2331	-18.9558	-23.9364	-19.7529	-24.6787	-20.5122	-25.4276	-21.2313	-26.1631	-21.9103
20.3195	-23.2373	-18.9624	-23.9416	-19.76	-24.6847	-20.5197	-25.4343	-21.2391	-26.1704	-21.9183
20.3394	-23.2414	-18.9689	-23.9467	-19.7671	-24.6907	-20.5273	-25.441	-21.2469	-26.1777	-21.9264
20.3594	-23.2456	-18.9755	-23.9519	-19.7742	-24.6968	-20.5348	-25.4478	-21.2547	-26.1851	-21.9344
20.3793	-23.2498	-18.982	-23.957	-19.7813	-24.7028	-20.5423	-25.4545	-21.2625	-26.1924	-21.9425
20.3993	-23.2539	-18.9886	-23.9622	-19.7884	-24.7088	-20.5498	-25.4613	-21.2704	-26.1997	-21.9505
20.4193	-23.2581	-18.9951	-23.9674	-19.7955	-24.7148	-20.5573	-25.468	-21.2782	-26.207	-21.9586
20.4392	-23.2623	-19.0017	-23.9726	-19.8026	-24.7209	-20.5648	-25.4748	-21.286	-26.2144	-21.9666
20.4592	-23.2665	-19.0083	-23.9777	-19.8097	-24.7269	-20.5724	-25.4815	-21.2938	-26.2217	-21.9747
20.4791	-23.2707	-19.0149	-23.9829	-19.8169	-24.7329	-20.5799	-25.4883	-21.3017	-26.229	-21.9827
20.4991	-23.2749	-19.0215	-23.9881	-19.824	-24.739	-20.5874	-25.495	-21.3095	-26.2364	-21.9908
20.5191	-23.2791	-19.0281	-23.9933	-19.8311	-24.745	-20.595	-25.5018	-21.3173	-26.2437	-21.9988
20.539	-23.2833	-19.0347	-23.9985	-19.8383	-24.7511	-20.6025	-25.5085	-21.3251	-26.251	-22.0068
20.559	-23.2875	-19.0413	-24.0037	-19.8454	-24.7571	-20.61	-25.5153	-21.333	-26.2584	-22.0149
20.5789	-23.2918	-19.0479	-24.0089	-19.8526	-24.7632	-20.6176	-25.5221	-21.3408	-26.2657	-22.0229
20.5989	-23.296	-19.0546	-24.0141	-19.8597	-24.7693	-20.6251	-25.5288	-21.3486	-26.273	-22.031
20.6189	-23.3002	-19.0612	-24.0193	-19.8669	-24.7753	-20.6327	-25.5356	-21.3565	-26.2804	-22.039
20.6388	-23.3044	-19.0678	-24.0245	-19.8741	-24.7814	-20.6402	-25.5424	-21.3643	-26.2877	-22.0471
20.6588	-23.3087	-19.0745	-24.0298	-19.8813	-24.7875	-20.6478	-25.5492	-21.3722	-26.2951	-22.0551
20.6787	-23.3129	-19.0812	-24.035	-19.8884	-24.7935	-20.6554	-25.5559	-21.38	-26.3024	-22.0632
20.6987	-23.3172	-19.0878	-24.0402	-19.8956	-24.7996	-20.6629	-25.5627	-21.3878	-26.3098	-22.0712
20.7187	-23.3214	-19.0945	-24.0454	-19.9028	-24.8057	-20.6705	-25.5695	-21.3957	-26.3171	-22.0793
20.7386	-23.3257	-19.1012	-24.0507	-19.91	-24.8118	-20.6781	-25.5763	-21.4035	-26.3245	-22.0873
20.7586	-23.33	-19.1079	-24.0559	-19.9172	-24.8179	-20.6856	-25.5831	-21.4114	-26.3318	-22.0954
20.7785	-23.3342	-19.1145	-24.0612	-19.9244	-24.824	-20.6932	-25.5899	-21.4192	-26.3392	-22.1034
20.7985	-23.3385	-19.1212	-24.0664	-19.9316	-24.8301	-20.7008	-25.5967	-21.4271	-26.3465	-22.1115
20.8185	-23.3428	-19.128	-24.0717	-19.9388	-24.8362	-20.7084	-25.6034	-21.4349	-26.3539	-22.1196
20.8384	-23.3471	-19.1347	-24.0769	-19.946	-24.8423	-20.7159	-25.6102	-21.4428	-26.3613	-22.1276
20.8584	-23.3513	-19.1414	-24.0822	-19.9533	-24.8484	-20.7235	-25.617	-21.4506	-26.3686	-22.1357
20.8783	-23.3556	-19.1481	-24.0875	-19.9605	-24.8545	-20.7311	-25.6238	-21.4585	-26.376	-22.1437
20.8983	-23.3599	-19.1548	-24.0928	-19.9677	-24.8606	-20.7387	-25.6307	-21.4664	-26.3833	-22.1518
20.9183	-23.3642	-19.1616	-24.098	-19.9749	-24.8667	-20.7463	-25.6375	-21.4742	-26.3907	-22.1598
20.9382	-23.3685	-19.1683	-24.1033	-19.9822	-24.8728	-20.7539	-25.6443	-21.4821	-26.3981	-22.1679
20.9582	-23.3729	-19.1751	-24.1086	-19.9894	-24.879	-20.7615	-25.6511	-21.4899	-26.4054	-22.1759
20.9781	-23.3772	-19.1818	-24.1139	-19.9967	-24.8851	-20.7691	-25.6579	-21.4978	-26.4128	-22.184
20.9981	-23.3815	-19.1886	-24.1192	-20.0039	-24.8912	-20.7767	-25.6647	-21.5057	-26.4202	-22.192
21.0181	-23.3858	-19.1954	-24.1245	-20.0112	-24.8974	-20.7843	-25.6715	-21.5135	-26.4275	-22.2001
21.038	-23.3901	-19.2022	-24.1298	-20.0185	-24.9035	-20.792	-25.6784	-21.5214	-26.4349	-22.2081
21.058	-23.3945	-19.209	-24.1351	-20.0257	-24.9096	-20.7996	-25.6852	-21.5293	-26.4423	-22.2162
21.0779	-23.3988	-19.2158	-24.1404	-20.033	-24.9158	-20.8072	-25.692	-21.5372	-26.4497	-22.2243
21.0979	-23.4032	-19.2226	-24.1457	-20.0403	-24.9219	-20.8148	-25.6988	-21.545	-26.457	-22.2323
21.1179	-23.4075	-19.2294	-24.151	-20.0476	-24.9281	-20.8224	-25.7057	-21.5529	-26.4644	-22.2404
21.1378	-23.4119	-19.2362	-24.1564	-20.0548	-24.9342	-20.8301	-25.7125	-21.5608	-26.4718	-22.2484
21.1578	-23.4162	-19.243	-24.1617	-20.0621	-24.9404	-20.8377	-25.7193	-21.5687	-26.4792	-22.2565
21.1777	-23.4206	-19.2498	-24.167	-20.0694	-24.9465	-20.8453	-25.7262	-21.5765	-26.4865	-22.2645
21.1977	-23.425	-19.2567	-24.1724	-20.0767	-24.9527	-20.853	-25.733	-21.5844	-26.4939	-22.2726
21.2177	-23.4293	-19.2635	-24.1777	-20.084	-24.9589	-20.8606	-25.7398	-21.5923	-26.5013	-22.2806
21.2376	-23.4337	-19.2704	-24.1831	-20.0913	-24.965	-20.8682	-25.7467	-21.6002	-26.5087	-22.2887
21.2576	-23.4381	-19.2772	-24.1884	-20.0987	-24.9712	-20.8759	-25.7535	-21.6081	-26.5161	-22.2968
21.2775	-23.4425	-19.2841	-24.1938	-20.106	-24.9774	-20.8835	-25.7604	-21.6159	-26.5235	-22.3048
21.2975	-23.4469	-19.2909	-24.1991	-20.1133	-24.9836	-20.8912	-25.7672	-21.6238	-26.5309	-22.3129
21.3175	-23.4513	-19.2978	-24.2045	-20.1206	-24.9898	-20.8988	-25.7741	-21.6317	-26.5383	-22.3209
21.3374	-23.4557	-19.3047	-24.2098	-20.128	-24.9959	-20.9065	-25.781	-21.6396	-26.5456	-22.329
21.3574	-23.4601	-19.3116	-24.2152	-20.1353	-25.0021	-20.9142	-25.7878	-21.6475	-26.553	-22.337
21.3773	-23.4645	-19.3185	-24.2206	-20.1426	-25.0083	-20.9218	-25.7947	-21.6554	-26.5604	-22.3451
21.3973	-23.4689	-19.3254	-24.226	-20.15	-25.0145	-20.9295	-25.8015	-21.6633	-26.5678	-22.3532
21.4173	-23.4734	-19.3323	-24.2314	-20.1573	-25.0207	-20.9372	-25.8084	-21.6712	-26.5752	-22.3612
21.4372	-23.4778	-19.3392	-24.2367	-20.1647	-25.0269	-20.9448	-25.8153	-21.6791	-26.5826	-22.3693
21.4572	-23.4822	-19.3461	-24.2421	-20.1721	-25.0331	-20.9525	-25.8221	-21.687	-26.59	-22.3773
21.4771	-23.4866	-19.353	-24.2475	-20.1794	-25.0393	-20.9602	-25.829	-21.6949	-26.5974	-22.3854
21.4971	-23.4911	-19.36	-24.2529	-20.1868	-25.0456	-20.9679	-25.8359	-21.7028	-26.6048	-22.3935
21.5171	-23.4955	-19.3669	-24.2583	-20.1942	-25.0518	-20.9755	-25.8428	-21.7107	-26.6122	-22.4015
21.537	-23.5	-19.3739	-24.2637	-20.2015	-25.058	-20.9832	-25.8496	-21.7186	-26.6196	-22.4096
21.557	-23.5044	-19.3808	-24.2692	-20.2089	-25.0642	-20.9909	-25.8565	-21.7265	-26.627	-22.4176
21.5769	-23.5089	-19.3878	-24.2746	-20.2163	-25.0704	-20.9986	-25.8634	-21.7344	-26.6344	-22.4257
21.5969	-23.5134	-19.3947	-24.28	-20.2237	-25.0767	-21.0063	-25.8703	-21.7423	-26.6418	-22.4338
21.6169	-23.5178	-19.4017	-24.2854	-20.2311	-25.0829	-21.014	-25.8772	-21.7502	-26.6492	-22.4418
21.6368	-23.5223	-19.4087	-24.2909	-20.2385	-25.0891	-21.0217	-25.8841	-21.7581	-26.6567	-22.4499
21.6568	-23.5268	-19.4157	-24.2963	-20.2459	-25.0954	-21.0294	-25.891	-21.766	-26.6641	-22.4579
21.6767	-23.5313	-19.4227	-24.3017	-20.2533	-25.1016	-21.0371	-25.8978	-21.7739	-26.6715	-22.466
21.6967	-23.5358	-19.4297	-24.3072	-20.2607	-25.1079	-21.0448	-25.9047	-21.7818	-26.6789	-22.4741
21.7167	-23.5403	-19.4367	-24.3126	-20.2681	-25.1141	-21.0525	-25.9116	-21.7898	-26.6863	-22.4821
21.7366	-23.5448	-19.4437	-24.3181	-20.2756	-25.1204	-21.0602	-25.9185	-21.7977	-26.6937	-22.4902
21.7566	-23.5493	-19.4507	-24.3235	-20.283	-25.1266	-21.0679	-25.9254	-21.8056	-26.7011	-22.4982
21.7765	-23.5538	-19.4577	-24.329	-20.2904	-25.1329	-21.0756	-25.9323	-21.8135	-26.7086	-22.5063
21.7965	-23.5583	-19.4648	-24.3344	-20.2979	-25.1391	-21.0834	-25.9393	-21.8214	-26.716	-22.5144
21.8165	-23.5628	-19.4718	-24.3399	-20.3053	-25.1454	-21.0911	-25.9462	-21.8294	-26.7234	-22.5224
21.8364	-23.5673	-19.4788	-24.3454	-20.3127	-25.1517	-21.0988	-25.9531	-21.8373	-26.7308	-22.5305
21.8564	-23.5719	-19.4859	-24.3509	-20.3202	-25.1579	-21.1065	-25.96	-21.8452	-26.7382	-22.5385
21.8763	-23.5764	-19.493	-24.3563	-20.3276	-25.1642	-21.1143	-25.9669	-21.8531	-26.7457	-22.5466
21.8963	-23.5809	-19.5	-24.3618	-20.3351	-25.1705	-21.122	-25.9738	-21.861	-26.7531	-22.5547
21.9163	-23.5855	-19.5071	-24.3673	-20.3425	-25.1768	-21.1297	-25.9807	-21.869	-26.7605	-22.5627
21.9362	-23.59	-19.5142	-24.3728	-20.35	-25.1831	-21.1375	-25.9877	-21.8769	-26.7679	-22.5708
21.9562	-23.5946	-19.5212	-24.3783	-20.3575	-25.1893	-21.1452	-25.9946	-21.8848	-26.7754	-22.5788
21.9761	-23.5991	-19.5283	-24.3838	-20.365	-25.1956	-21.1529	-26.0015	-21.8928	-26.7828	-22.5869
21.9961	-23.6037	-19.5354	-24.3893	-20.3724	-25.2019	-21.1607	-26.0084	-21.9007	-26.7902	-22.595
22.0161	-23.6082	-19.5425	-24.3948	-20.3799	-25.2082	-21.1684	-26.0154	-21.9086	-26.7977	-22.603
22.036	-23.6128	-19.5496	-24.4003	-20.3874	-25.2145	-21.1762	-26.0223	-21.9166	-26.8051	-22.6111
22.056	-23.6174	-19.5567	-24.4058	-20.3949	-25.2208	-21.1839	-26.0292	-21.9245	-26.8125	-22.6192
22.0759	-23.622	-19.5639	-24.4113	-20.4024	-25.2271	-21.1917	-26.0362	-21.9324	-26.82	-22.6272
22.0959	-23.6266	-19.571	-24.4169	-20.4099	-25.2334	-21.1995	-26.0431	-21.9404	-26.8274	-22.6353
22.1159	-23.6311	-19.5781	-24.4224	-20.4174	-25.2398	-21.2072	-26.05	-21.9483	-26.8348	-22.6433
22.1358	-23.6357	-19.5853	-24.4279	-20.4249	-25.2461	-21.215	-26.057	-21.9562	-26.8423	-22.6514
22.1558	-23.6403	-19.5924	-24.4335	-20.4324	-25.2524	-21.2227	-26.0639	-21.9642	-26.8497	-22.6595
22.1757	-23.6449	-19.5996	-24.439	-20.4399	-25.2587	-21.2305	-26.0709	-21.9721	-26.8571	-22.6675
22.1957	-23.6495	-19.6067	-24.4446	-20.4474	-25.265	-21.2383	-26.0778	-21.9801	-26.8646	-22.6756
22.2157	-23.6542	-19.6139	-24.4501	-20.455	-25.2714	-21.2461	-26.0848	-21.988	-26.872	-22.6837
22.2356	-23.6588	-19.621	-24.4557	-20.4625	-25.2777	-21.2538	-26.0917	-21.996	-26.8795	-22.6917
22.2556	-23.6634	-19.6282	-24.4612	-20.47	-25.284	-21.2616	-26.0987	-22.0039	-26.8869	-22.6998
22.2755	-23.668	-19.6354	-24.4668	-20.4776	-25.2904	-21.2694	-26.1056	-22.0119	-26.8944	-22.7078
22.2955	-23.6727	-19.6426	-24.4723	-20.4851	-25.2967	-21.2772	-26.1126	-22.0198	-26.9018	-22.7159
22.3155	-23.6773	-19.6498	-24.4779	-20.4926	-25.303	-21.285	-26.1196	-22.0278	-26.9092	-22.724
22.3354	-23.6819	-19.657	-24.4835	-20.5002	-25.3094	-21.2927	-26.1265	-22.0357	-26.9167	-22.732
22.3554	-23.6866	-19.6642	-24.4891	-20.5078	-25.3157	-21.3005	-26.1335	-22.0437	-26.9241	-22.7401
22.3753	-23.6912	-19.6714	-24.4946	-20.5153	-25.3221	-21.3083	-26.1405	-22.0516	-26.9316	-22.7482
22.3953	-23.6959	-19.6786	-24.5002	-20.5229	-25.3284	-21.3161	-26.1474	-22.0596	-26.939	-22.7562
22.4153	-23.7005	-19.6858	-24.5058	-20.5304	-25.3348	-21.3239	-26.1544	-22.0675	-26.9465	-22.7643
22.4352	-23.7052	-19.6931	-24.5114	-20.538	-25.3411	-21.3317	-26.1614	-22.0755	-26.9539	-22.7723
22.4552	-23.7099	-19.7003	-24.517	-20.5456	-25.3475	-21.3395	-26.1683	-22.0834	-26.9614	-22.7804
22.4751	-23.7146	-19.7075	-24.5226	-20.5532	-25.3539	-21.3473	-26.1753	-22.0914	-26.9689	-22.7885
22.4951	-23.7192	-19.7148	-24.5282	-20.5607	-25.3602	-21.3551	-26.1823	-22.0994	-26.9763	-22.7965
22.5151	-23.7239	-19.722	-24.5338	-20.5683	-25.3666	-21.3629	-26.1893	-22.1073	-26.9838	-22.8046
22.535	-23.7286	-19.7293	-24.5394	-20.5759	-25.373	-21.3708	-26.1963	-22.1153	-26.9912	-22.8127
22.555	-23.7333	-19.7366	-24.545	-20.5835	-25.3794	-21.3786	-26.2032	-22.1232	-26.9987	-22.8207
22.5749	-23.738	-19.7438	-24.5507	-20.5911	-25.3858	-21.3864	-26.2102	-22.1312	-27.0061	-22.8288
22.5949	-23.7427	-19.7511	-24.5563	-20.5987	-25.3921	-21.3942	-26.2172	-22.1392	-27.0136	-22.8369
22.6149	-23.7474	-19.7584	-24.5619	-20.6063	-25.3985	-21.402	-26.2242	-22.1471	-27.0211	-22.8449
22.6348	-23.7521	-19.7657	-24.5675	-20.6139	-25.4049	-21.4098	-26.2312	-22.1551	-27.0285	-22.853
22.6548	-23.7568	-19.773	-24.5732	-20.6215	-25.4113	-21.4177	-26.2382	-22.1631	-27.036	-22.861
22.6747	-23.7616	-19.7803	-24.5788	-20.6291	-25.4177	-21.4255	-26.2452	-22.171	-27.0435	-22.8691
22.6947	-23.7663	-19.7876	-24.5845	-20.6368	-25.4241	-21.4333	-26.2522	-22.179	-27.0509	-22.8772
22.7147	-23.771	-19.7949	-24.5901	-20.6444	-25.4305	-21.4412	-26.2592	-22.187	-27.0584	-22.8852
22.7346	-23.7757	-19.8022	-24.5958	-20.652	-25.4369	-21.449	-26.2662	-22.195	-27.0659	-22.8933
22.7546	-23.7805	-19.8096	-24.6014	-20.6597	-25.4433	-21.4568	-26.2732	-22.2029	-27.0733	-22.9014
22.7745	-23.7852	-19.8169	-24.6071	-20.6673	-25.4497	-21.4647	-26.2802	-22.2109	-27.0808	-22.9094
22.7945	-23.79	-19.8242	-24.6127	-20.6749	-25.4561	-21.4725	-26.2872	-22.2189	-27.0883	-22.9175
22.8145	-23.7947	-19.8316	-24.6184	-20.6826	-25.4626	-21.4804	-26.2942	-22.2269	-27.0957	-22.9255
22.8344	-23.7995	-19.8389	-24.6241	-20.6902	-25.469	-21.4882	-26.3012	-22.2348	-27.1032	-22.9336
22.8544	-23.8043	-19.8463	-24.6298	-20.6979	-25.4754	-21.4961	-26.3082	-22.2428	-27.1107	-22.9417
22.8743	-23.809	-19.8536	-24.6354	-20.7055	-25.4818	-21.5039	-26.3152	-22.2508	-27.1182	-22.9497
22.8943	-23.8138	-19.861	-24.6411	-20.7132	-25.4882	-21.5118	-26.3223	-22.2588	-27.1256	-22.9578
22.9143	-23.8186	-19.8684	-24.6468	-20.7209	-25.4947	-21.5196	-26.3293	-22.2668	-27.1331	-22.9659
22.9342	-23.8234	-19.8758	-24.6525	-20.7285	-25.5011	-21.5275	-26.3363	-22.2747	-27.1406	-22.9739
22.9542	-23.8281	-19.8831	-24.6582	-20.7362	-25.5075	-21.5353	-26.3433	-22.2827	-27.1481	-22.982
22.9741	-23.8329	-19.8905	-24.6639	-20.7439	-25.514	-21.5432	-26.3503	-22.2907	-27.1555	-22.99
22.9941	-23.8377	-19.8979	-24.6696	-20.7515	-25.5204	-21.5511	-26.3574	-22.2987	-27.163	-22.9981
23.0141	-23.8425	-19.9053	-24.6753	-20.7592	-25.5269	-21.5589	-26.3644	-22.3067	-27.1705	-23.0062
23.034	-23.8473	-19.9127	-24.681	-20.7669	-25.5333	-21.5668	-26.3714	-22.3147	-27.178	-23.0142
23.054	-23.8522	-19.9202	-24.6867	-20.7746	-25.5398	-21.5747	-26.3785	-22.3227	-27.1855	-23.0223
23.0739	-23.857	-19.9276	-24.6924	-20.7823	-25.5462	-21.5826	-26.3855	-22.3307	-27.193	-23.0304
23.0939	-23.8618	-19.935	-24.6982	-20.79	-25.5527	-21.5904	-26.3925	-22.3386	-27.2004	-23.0384
23.1139	-23.8666	-19.9424	-24.7039	-20.7977	-25.5591	-21.5983	-26.3996	-22.3466	-27.2079	-23.0465
23.1338	-23.8714	-19.9499	-24.7096	-20.8054	-25.5656	-21.6062	-26.4066	-22.3546	-27.2154	-23.0545
23.1538	-23.8763	-19.9573	-24.7153	-20.8131	-25.5721	-21.6141	-26.4136	-22.3626	-27.2229	-23.0626
23.1737	-23.8811	-19.9648	-24.7211	-20.8208	-25.5785	-21.622	-26.4207	-22.3706	-27.2304	-23.0707
23.1937	-23.886	-19.9722	-24.7268	-20.8285	-25.585	-21.6298	-26.4277	-22.3786	-27.2379	-23.0787
23.2137	-23.8908	-19.9797	-24.7326	-20.8363	-25.5915	-21.6377	-26.4348	-22.3866	-27.2454	-23.0868
23.2336	-23.8957	-19.9871	-24.7383	-20.844	-25.598	-21.6456	-26.4418	-22.3946	-27.2529	-23.0949
23.2536	-23.9005	-19.9946	-24.7441	-20.8517	-25.6044	-21.6535	-26.4489	-22.4026	-27.2603	-23.1029
23.2735	-23.9054	-20.0021	-24.7498	-20.8594	-25.6109	-21.6614	-26.4559	-22.4106	-27.2678	-23.111
23.2935	-23.9102	-20.0096	-24.7556	-20.8672	-25.6174	-21.6693	-26.463	-22.4186	-27.2753	-23.119
23.3135	-23.9151	-20.017	-24.7613	-20.8749	-25.6239	-21.6772	-26.47	-22.4266	-27.2828	-23.1271
23.3334	-23.92	-20.0245	-24.7671	-20.8827	-25.6304	-21.6851	-26.4771	-22.4346	-27.2903	-23.1352
23.3534	-23.9249	-20.032	-24.7729	-20.8904	-25.6369	-21.693	-26.4841	-22.4426	-27.2978	-23.1432
23.3733	-23.9297	-20.0395	-24.7787	-20.8982	-25.6434	-21.7009	-26.4912	-22.4506	-27.3053	-23.1513
23.3933	-23.9346	-20.0471	-24.7844	-20.9059	-25.6499	-21.7088	-26.4983	-22.4586	-27.3128	-23.1594
23.4133	-23.9395	-20.0546	-24.7902	-20.9137	-25.6564	-21.7167	-26.5053	-22.4666	-27.3203	-23.1674
23.4332	-23.9444	-20.0621	-24.796	-20.9214	-25.6629	-21.7247	-26.5124	-22.4746	-27.3278	-23.1755
23.4532	-23.9493	-20.0696	-24.8018	-20.9292	-25.6694	-21.7326	-26.5195	-22.4826	-27.3353	-23.1835
23.4731	-23.9542	-20.0771	-24.8076	-20.937	-25.6759	-21.7405	-26.5265	-22.4906	-27.3428	-23.1916
23.4931	-23.9591	-20.0847	-24.8134	-20.9447	-25.6824	-21.7484	-26.5336	-22.4987	-27.3503	-23.1997
23.5131	-23.9641	-20.0922	-24.8192	-20.9525	-25.6889	-21.7563	-26.5407	-22.5067	-27.3578	-23.2077
23.533	-23.969	-20.0998	-24.825	-20.9603	-25.6954	-21.7643	-26.5477	-22.5147	-27.3653	-23.2158
23.553	-23.9739	-20.1073	-24.8308	-20.9681	-25.702	-21.7722	-26.5548	-22.5227	-27.3728	-23.2238
23.5729	-23.9788	-20.1149	-24.8366	-20.9759	-25.7085	-21.7801	-26.5619	-22.5307	-27.3803	-23.2319
23.5929	-23.9838	-20.1224	-24.8424	-20.9837	-25.715	-21.788	-26.569	-22.5387	-27.3878	-23.24
23.6129	-23.9887	-20.13	-24.8482	-20.9914	-25.7215	-21.796	-26.5761	-22.5467	-27.3953	-23.248
23.6328	-23.9937	-20.1376	-24.8541	-20.9992	-25.7281	-21.8039	-26.5831	-22.5547	-27.4028	-23.2561
23.6528	-23.9986	-20.1452	-24.8599	-21.007	-25.7346	-21.8118	-26.5902	-22.5628	-27.4103	-23.2641
23.6727	-24.0036	-20.1528	-24.8657	-21.0148	-25.7411	-21.8198	-26.5973	-22.5708	-27.4178	-23.2722
23.6927	-24.0085	-20.1604	-24.8716	-21.0227	-25.7477	-21.8277	-26.6044	-22.5788	-27.4253	-23.2803
23.7127	-24.0135	-20.1679	-24.8774	-21.0305	-25.7542	-21.8357	-26.6115	-22.5868	-27.4329	-23.2883
23.7326	-24.0184	-20.1755	-24.8832	-21.0383	-25.7608	-21.8436	-26.6186	-22.5948	-27.4404	-23.2964
23.7526	-24.0234	-20.1832	-24.8891	-21.0461	-25.7673	-21.8515	-26.6257	-22.6028	-27.4479	-23.3044
23.7725	-24.0284	-20.1908	-24.8949	-21.0539	-25.7739	-21.8595	-26.6328	-22.6109	-27.4554	-23.3125
23.7925	-24.0334	-20.1984	-24.9008	-21.0617	-25.7804	-21.8674	-26.6399	-22.6189	-27.4629	-23.3206
23.8125	-24.0384	-20.206	-24.9067	-21.0696	-25.787	-21.8754	-26.6469	-22.6269	-27.4704	-23.3286
23.8324	-24.0434	-20.2136	-24.9125	-21.0774	-25.7935	-21.8833	-26.654	-22.6349	-27.4779	-23.3367
23.8524	-24.0483	-20.2213	-24.9184	-21.0852	-25.8001	-21.8913	-26.6611	-22.643	-27.4854	-23.3447
23.8723	-24.0533	-20.2289	-24.9242	-21.0931	-25.8066	-21.8993	-26.6683	-22.651	-27.493	-23.3528
23.8923	-24.0583	-20.2366	-24.9301	-21.1009	-25.8132	-21.9072	-26.6754	-22.659	-27.5005	-23.3609
23.9123	-24.0634	-20.2442	-24.936	-21.1088	-25.8198	-21.9152	-26.6825	-22.667	-27.508	-23.3689
23.9322	-24.0684	-20.2519	-24.9419	-21.1166	-25.8263	-21.9231	-26.6896	-22.6751	-27.5155	-23.377
23.9522	-24.0734	-20.2595	-24.9478	-21.1245	-25.8329	-21.9311	-26.6967	-22.6831	-27.523	-23.385
23.9721	-24.0784	-20.2672	-24.9536	-21.1323	-25.8395	-21.9391	-26.7038	-22.6911	-27.5305	-23.3931
23.9921	-24.0834	-20.2749	-24.9595	-21.1402	-25.8461	-21.947	-26.7109	-22.6992	-27.5381	-23.4011
24.0121	-24.0885	-20.2825	-24.9654	-21.148	-25.8527	-21.955	-26.718	-22.7072	-27.5456	-23.4092
24.032	-24.0935	-20.2902	-24.9713	-21.1559	-25.8592	-21.963	-26.7251	-22.7152	-27.5531	-23.4173
24.052	-24.0985	-20.2979	-24.9772	-21.1638	-25.8658	-21.971	-26.7322	-22.7232	-27.5606	-23.4253
24.0719	-24.1036	-20.3056	-24.9831	-21.1716	-25.8724	-21.9789	-26.7394	-22.7313	-27.5681	-23.4334
24.0919	-24.1086	-20.3133	-24.989	-21.1795	-25.879	-21.9869	-26.7465	-22.7393	-27.5757	-23.4414
24.1119	-24.1137	-20.321	-24.9949	-21.1874	-25.8856	-21.9949	-26.7536	-22.7473	-27.5832	-23.4495
24.1318	-24.1187	-20.3287	-25.0009	-21.1953	-25.8922	-22.0029	-26.7607	-22.7554	-27.5907	-23.4575
24.1518	-24.1238	-20.3364	-25.0068	-21.2032	-25.8988	-22.0109	-26.7678	-22.7634	-27.5982	-23.4656
24.1717	-24.1289	-20.3441	-25.0127	-21.2111	-25.9054	-22.0189	-26.775	-22.7715	-27.6058	-23.4737
24.1917	-24.1339	-20.3519	-25.0186	-21.2189	-25.912	-22.0268	-26.7821	-22.7795	-27.6133	-23.4817
24.2117	-24.139	-20.3596	-25.0246	-21.2268	-25.9186	-22.0348	-26.7892	-22.7875	-27.6208	-23.4898
24.2316	-24.1441	-20.3673	-25.0305	-21.2347	-25.9252	-22.0428	-26.7964	-22.7956	-27.6284	-23.4978
24.2516	-24.1492	-20.3751	-25.0364	-21.2426	-25.9318	-22.0508	-26.8035	-22.8036	-27.6359	-23.5059
24.2715	-24.1543	-20.3828	-25.0424	-21.2505	-25.9385	-22.0588	-26.8106	-22.8116	-27.6434	-23.5139
24.2915	-24.1594	-20.3905	-25.0483	-21.2585	-25.9451	-22.0668	-26.8178	-22.8197	-27.6509	-23.522
24.3115	-24.1645	-20.3983	-25.0543	-21.2664	-25.9517	-22.0748	-26.8249	-22.8277	-27.6585	-23.5301
24.3314	-24.1696	-20.4061	-25.0602	-21.2743	-25.9583	-22.0828	-26.832	-22.8358	-27.666	-23.5381
24.3514	-24.1747	-20.4138	-25.0662	-21.2822	-25.9649	-22.0908	-26.8392	-22.8438	-27.6735	-23.5462
24.3713	-24.1798	-20.4216	-25.0721	-21.2901	-25.9716	-22.0988	-26.8463	-22.8519	-27.6811	-23.5542
24.3913	-24.1849	-20.4294	-25.0781	-21.298	-25.9782	-22.1068	-26.8535	-22.8599	-27.6886	-23.5623
24.4113	-24.19	-20.4371	-25.0841	-21.306	-25.9848	-22.1148	-26.8606	-22.8679	-27.6961	-23.5703
24.4312	-24.1952	-20.4449	-25.09	-21.3139	-25.9915	-22.1228	-26.8677	-22.876	-27.7037	-23.5784
24.4512	-24.2003	-20.4527	-25.096	-21.3218	-25.9981	-22.1309	-26.8749	-22.884	-27.7112	-23.5864
24.4711	-24.2054	-20.4605	-25.102	-21.3298	-26.0047	-22.1389	-26.882	-22.8921	-27.7187	-23.5945
24.4911	-24.2106	-20.4683	-25.108	-21.3377	-26.0114	-22.1469	-26.8892	-22.9001	-27.7263	-23.6025
24.5111	-24.2157	-20.4761	-25.1139	-21.3457	-26.018	-22.1549	-26.8963	-22.9082	-27.7338	-23.6106
24.531	-24.2208	-20.4839	-25.1199	-21.3536	-26.0247	-22.1629	-26.9035	-22.9162	-27.7413	-23.6187
24.551	-24.226	-20.4917	-25.1259	-21.3616	-26.0313	-22.1709	-26.9107	-22.9243	-27.7489	-23.6267
24.5709	-24.2312	-20.4995	-25.1319	-21.3695	-26.038	-22.179	-26.9178	-22.9323	-27.7564	-23.6348
24.5909	-24.2363	-20.5074	-25.1379	-21.3775	-26.0446	-22.187	-26.925	-22.9404	-27.764	-23.6428
24.6109	-24.2415	-20.5152	-25.1439	-21.3854	-26.0513	-22.195	-26.9321	-22.9484	-27.7715	-23.6509
24.6308	-24.2467	-20.523	-25.1499	-21.3934	-26.058	-22.203	-26.9393	-22.9565	-27.779	-23.6589
24.6508	-24.2518	-20.5309	-25.1559	-21.4014	-26.0646	-22.2111	-26.9465	-22.9645	-27.7866	-23.667
24.6707	-24.257	-20.5387	-25.1619	-21.4093	-26.0713	-22.2191	-26.9536	-22.9726	-27.7941	-23.675
24.6907	-24.2622	-20.5466	-25.1679	-21.4173	-26.0779	-22.2271	-26.9608	-22.9807	-27.8017	-23.6831
24.7107	-24.2674	-20.5544	-25.174	-21.4253	-26.0846	-22.2352	-26.9679	-22.9887	-27.8092	-23.6911
24.7306	-24.2726	-20.5623	-25.18	-21.4333	-26.0913	-22.2432	-26.9751	-22.9968	-27.8167	-23.6992
24.7506	-24.2778	-20.5701	-25.186	-21.4412	-26.098	-22.2512	-26.9823	-23.0048	-27.8243	-23.7072
24.7705	-24.283	-20.578	-25.192	-21.4492	-26.1046	-22.2593	-26.9895	-23.0129	-27.8318	-23.7153
24.7905	-24.2882	-20.5859	-25.1981	-21.4572	-26.1113	-22.2673	-26.9966	-23.0209	-27.8394	-23.7233
24.8105	-24.2934	-20.5937	-25.2041	-21.4652	-26.118	-22.2754	-27.0038	-23.029	-27.8469	-23.7314
24.8304	-24.2986	-20.6016	-25.2102	-21.4732	-26.1247	-22.2834	-27.011	-23.0371	-27.8545	-23.7394
24.8504	-24.3038	-20.6095	-25.2162	-21.4812	-26.1314	-22.2915	-27.0182	-23.0451	-27.862	-23.7475
24.8703	-24.309	-20.6174	-25.2222	-21.4892	-26.1381	-22.2995	-27.0253	-23.0532	-27.8696	-23.7555
24.8903	-24.3143	-20.6253	-25.2283	-21.4972	-26.1448	-22.3076	-27.0325	-23.0612	-27.8771	-23.7636
24.9103	-24.3195	-20.6332	-25.2343	-21.5052	-26.1514	-22.3156	-27.0397	-23.0693	-27.8847	-23.7716
24.9302	-24.3247	-20.6411	-25.2404	-21.5132	-26.1581	-22.3237	-27.0469	-23.0774	-27.8922	-23.7797
24.9502	-24.33	-20.649	-25.2465	-21.5212	-26.1648	-22.3317	-27.0541	-23.0854	-27.8998	-23.7877
24.9701	-24.3352	-20.6569	-25.2525	-21.5292	-26.1715	-22.3398	-27.0612	-23.0935	-27.9073	-23.7958
24.9901	-24.3405	-20.6648	-25.2586	-21.5372	-26.1782	-22.3478	-27.0684	-23.1016	-27.9149	-23.8038
25.0101	-24.3457	-20.6728	-25.2647	-21.5453	-26.1849	-22.3559	-27.0756	-23.1096	-27.9224	-23.8119
25.03	-24.351	-20.6807	-25.2707	-21.5533	-26.1917	-22.364	-27.0828	-23.1177	-27.93	-23.8199
25.05	-24.3562	-20.6886	-25.2768	-21.5613	-26.1984	-22.372	-27.09	-23.1257	-27.9375	-23.828
25.0699	-24.3615	-20.6966	-25.2829	-21.5693	-26.2051	-22.3801	-27.0972	-23.1338	-27.9451	-23.836
25.0899	-24.3668	-20.7045	-25.289	-21.5774	-26.2118	-22.3881	-27.1044	-23.1419	-27.9526	-23.8441
25.1099	-24.3721	-20.7124	-25.2951	-21.5854	-26.2185	-22.3962	-27.1116	-23.1499	-27.9602	-23.8521
25.1298	-24.3773	-20.7204	-25.3012	-21.5934	-26.2252	-22.4043	-27.1188	-23.158	-27.9677	-23.8602
25.1498	-24.3826	-20.7283	-25.3072	-21.6015	-26.232	-22.4124	-27.126	-23.1661	-27.9753	-23.8682
25.1697	-24.3879	-20.7363	-25.3133	-21.6095	-26.2387	-22.4204	-27.1332	-23.1742	-27.9828	-23.8763
25.1897	-24.3932	-20.7443	-25.3194	-21.6176	-26.2454	-22.4285	-27.1404	-23.1822	-27.9904	-23.8843
25.2097	-24.3985	-20.7522	-25.3255	-21.6256	-26.2521	-22.4366	-27.1476	-23.1903	-27.998	-23.8924
25.2296	-24.4038	-20.7602	-25.3317	-21.6337	-26.2589	-22.4447	-27.1548	-23.1984	-28.0055	-23.9004
25.2496	-24.4091	-20.7682	-25.3378	-21.6417	-26.2656	-22.4527	-27.162	-23.2064	-28.0131	-23.9085
25.2695	-24.4144	-20.7762	-25.3439	-21.6498	-26.2723	-22.4608	-27.1692	-23.2145	-28.0206	-23.9165
25.2895	-24.4197	-20.7842	-25.35	-21.6578	-26.2791	-22.4689	-27.1764	-23.2226	-28.0282	-23.9245
25.3095	-24.4251	-20.7922	-25.3561	-21.6659	-26.2858	-22.477	-27.1836	-23.2307	-28.0357	-23.9326
25.3294	-24.4304	-20.8002	-25.3622	-21.674	-26.2926	-22.4851	-27.1908	-23.2387	-28.0433	-23.9406
25.3494	-24.4357	-20.8082	-25.3684	-21.682	-26.2993	-22.4932	-27.198	-23.2468	-28.0509	-23.9487
25.3693	-24.441	-20.8162	-25.3745	-21.6901	-26.3061	-22.5012	-27.2052	-23.2549	-28.0584	-23.9567
25.3893	-24.4464	-20.8242	-25.3806	-21.6982	-26.3128	-22.5093	-27.2124	-23.263	-28.066	-23.9648
25.4093	-24.4517	-20.8322	-25.3868	-21.7063	-26.3196	-22.5174	-27.2197	-23.271	-28.0736	-23.9728
25.4292	-24.4571	-20.8402	-25.3929	-21.7144	-26.3263	-22.5255	-27.2269	-23.2791	-28.0811	-23.9809
25.4492	-24.4624	-20.8482	-25.3991	-21.7224	-26.3331	-22.5336	-27.2341	-23.2872	-28.0887	-23.9889
25.4691	-24.4678	-20.8562	-25.4052	-21.7305	-26.3398	-22.5417	-27.2413	-23.2953	-28.0962	-23.9969
25.4891	-24.4731	-20.8643	-25.4114	-21.7386	-26.3466	-22.5498	-27.2485	-23.3033	-28.1038	-24.005
25.5091	-24.4785	-20.8723	-25.4175	-21.7467	-26.3533	-22.5579	-27.2557	-23.3114	-28.1114	-24.013
25.529	-24.4839	-20.8804	-25.4237	-21.7548	-26.3601	-22.566	-27.263	-23.3195	-28.1189	-24.0211
25.549	-24.4892	-20.8884	-25.4298	-21.7629	-26.3669	-22.5741	-27.2702	-23.3276	-28.1265	-24.0291
25.5689	-24.4946	-20.8964	-25.436	-21.771	-26.3736	-22.5822	-27.2774	-23.3357	-28.1341	-24.0372
25.5889	-24.5	-20.9045	-25.4422	-21.7791	-26.3804	-22.5903	-27.2846	-23.3437	-28.1416	-24.0452
25.6089	-24.5054	-20.9126	-25.4483	-21.7872	-26.3872	-22.5984	-27.2919	-23.3518	-28.1492	-24.0532
25.6288	-24.5108	-20.9206	-25.4545	-21.7953	-26.394	-22.6065	-27.2991	-23.3599	-28.1568	-24.0613
25.6488	-24.5162	-20.9287	-25.4607	-21.8034	-26.4008	-22.6146	-27.3063	-23.368	-28.1643	-24.0693
25.6687	-24.5216	-20.9368	-25.4669	-21.8115	-26.4075	-22.6227	-27.3136	-23.3761	-28.1719	-24.0774
25.6887	-24.527	-20.9448	-25.473	-21.8196	-26.4143	-22.6309	-27.3208	-23.3842	-28.1795	-24.0854
25.7087	-24.5324	-20.9529	-25.4792	-21.8278	-26.4211	-22.639	-27.328	-23.3922	-28.187	-24.0935
25.7286	-24.5378	-20.961	-25.4854	-21.8359	-26.4279	-22.6471	-27.3353	-23.4003	-28.1946	-24.1015
25.7486	-24.5432	-20.9691	-25.4916	-21.844	-26.4347	-22.6552	-27.3425	-23.4084	-28.2022	-24.1095
25.7685	-24.5486	-20.9772	-25.4978	-21.8521	-26.4415	-22.6633	-27.3497	-23.4165	-28.2097	-24.1176
25.7885	-24.554	-20.9853	-25.504	-21.8603	-26.4483	-22.6714	-27.357	-23.4246	-28.2173	-24.1256
25.8085	-24.5595	-20.9934	-25.5102	-21.8684	-26.4551	-22.6796	-27.3642	-23.4327	-28.2249	-24.1337
25.8284	-24.5649	-21.0015	-25.5164	-21.8765	-26.4619	-22.6877	-27.3715	-23.4408	-28.2324	-24.1417
25.8484	-24.5703	-21.0096	-25.5226	-21.8847	-26.4687	-22.6958	-27.3787	-23.4488	-28.24	-24.1497
25.8683	-24.5758	-21.0177	-25.5288	-21.8928	-26.4755	-22.7039	-27.3859	-23.4569	-28.2476	-24.1578
25.8883	-24.5812	-21.0258	-25.5351	-21.901	-26.4823	-22.7121	-27.3932	-23.465	-28.2552	-24.1658
25.9083	-24.5866	-21.0339	-25.5413	-21.9091	-26.4891	-22.7202	-27.4004	-23.4731	-28.2627	-24.1738
25.9282	-24.5921	-21.0421	-25.5475	-21.9172	-26.4959	-22.7283	-27.4077	-23.4812	-28.2703	-24.1819
25.9482	-24.5976	-21.0502	-25.5537	-21.9254	-26.5027	-22.7365	-27.4149	-23.4893	-28.2779	-24.1899
25.9681	-24.603	-21.0583	-25.56	-21.9335	-26.5095	-22.7446	-27.4222	-23.4974	-28.2855	-24.198
25.9881	-24.6085	-21.0665	-25.5662	-21.9417	-26.5163	-22.7527	-27.4294	-23.5055	-28.293	-24.206
26.0081	-24.614	-21.0746	-25.5724	-21.9499	-26.5231	-22.7609	-27.4367	-23.5136	-28.3006	-24.214
26.028	-24.6194	-21.0827	-25.5787	-21.958	-26.53	-22.769	-27.4439	-23.5217	-28.3082	-24.2221
26.048	-24.6249	-21.0909	-25.5849	-21.9662	-26.5368	-22.7771	-27.4512	-23.5297	-28.3158	-24.2301
26.0679	-24.6304	-21.099	-25.5911	-21.9743	-26.5436	-22.7853	-27.4585	-23.5378	-28.3233	-24.2381
26.0879	-24.6359	-21.1072	-25.5974	-21.9825	-26.5504	-22.7934	-27.4657	-23.5459	-28.3309	-24.2462
26.1079	-24.6414	-21.1154	-25.6036	-21.9907	-26.5573	-22.8015	-27.473	-23.554	-28.3385	-24.2542
26.1278	-24.6469	-21.1235	-25.6099	-21.9989	-26.5641	-22.8097	-27.4802	-23.5621	-28.3461	-24.2622
26.1478	-24.6524	-21.1317	-25.6162	-22.007	-26.5709	-22.8178	-27.4875	-23.5702	-28.3536	-24.2703
26.1677	-24.6579	-21.1399	-25.6224	-22.0152	-26.5778	-22.826	-27.4947	-23.5783	-28.3612	-24.2783
26.1877	-24.6634	-21.1481	-25.6287	-22.0234	-26.5846	-22.8341	-27.502	-23.5864	-28.3688	-24.2863
26.2077	-24.6689	-21.1562	-25.6349	-22.0316	-26.5914	-22.8423	-27.5093	-23.5945	-28.3764	-24.2944
26.2276	-24.6744	-21.1644	-25.6412	-22.0398	-26.5983	-22.8504	-27.5165	-23.6026	-28.384	-24.3024
26.2476	-24.6799	-21.1726	-25.6475	-22.0479	-26.6051	-22.8586	-27.5238	-23.6107	-28.3915	-24.3104
26.2675	-24.6854	-21.1808	-25.6538	-22.0561	-26.612	-22.8667	-27.5311	-23.6188	-28.3991	-24.3185
26.2875	-24.691	-21.189	-25.66	-22.0643	-26.6188	-22.8749	-27.5383	-23.6269	-28.4067	-24.3265
26.3075	-24.6965	-21.1972	-25.6663	-22.0725	-26.6257	-22.883	-27.5456	-23.635	-28.4143	-24.3345
26.3274	-24.702	-21.2054	-25.6726	-22.0807	-26.6325	-22.8912	-27.5529	-23.6431	-28.4219	-24.3426
26.3474	-24.7076	-21.2136	-25.6789	-22.0889	-26.6394	-22.8994	-27.5602	-23.6512	-28.4294	-24.3506
26.3673	-24.7131	-21.2218	-25.6852	-22.0971	-26.6462	-22.9075	-27.5674	-23.6593	-28.437	-24.3586
26.3873	-24.7187	-21.2301	-25.6915	-22.1053	-26.6531	-22.9157	-27.5747	-23.6674	-28.4446	-24.3667
26.4073	-24.7242	-21.2383	-25.6978	-22.1135	-26.6599	-22.9238	-27.582	-23.6755	-28.4522	-24.3747
26.4272	-24.7298	-21.2465	-25.7041	-22.1217	-26.6668	-22.932	-27.5893	-23.6836	-28.4598	-24.3827
26.4472	-24.7353	-21.2547	-25.7104	-22.13	-26.6737	-22.9402	-27.5965	-23.6917	-28.4673	-24.3908
26.4671	-24.7409	-21.263	-25.7167	-22.1382	-26.6805	-22.9483	-27.6038	-23.6998	-28.4749	-24.3988
26.4871	-24.7465	-21.2712	-25.723	-22.1464	-26.6874	-22.9565	-27.6111	-23.7079	-28.4825	-24.4068
26.5071	-24.752	-21.2794	-25.7293	-22.1546	-26.6943	-22.9647	-27.6184	-23.716	-28.4901	-24.4149
26.527	-24.7576	-21.2877	-25.7356	-22.1628	-26.7011	-22.9728	-27.6257	-23.7241	-28.4977	-24.4229
26.547	-24.7632	-21.2959	-25.742	-22.1711	-26.708	-22.981	-27.6329	-23.7322	-28.5053	-24.4309
26.5669	-24.7688	-21.3042	-25.7483	-22.1793	-26.7149	-22.9892	-27.6402	-23.7403	-28.5129	-24.4389
26.5869	-24.7744	-21.3124	-25.7546	-22.1875	-26.7218	-22.9973	-27.6475	-23.7484	-28.5204	-24.447
26.6069	-24.78	-21.3207	-25.7609	-22.1957	-26.7287	-23.0055	-27.6548	-23.7565	-28.528	-24.455
26.6268	-24.7856	-21.329	-25.7673	-22.204	-26.7355	-23.0137	-27.6621	-23.7646	-28.5356	-24.463
26.6468	-24.7912	-21.3372	-25.7736	-22.2122	-26.7424	-23.0219	-27.6694	-23.7727	-28.5432	-24.4711
26.6667	-24.7968	-21.3455	-25.7799	-22.2204	-26.7493	-23.03	-27.6767	-23.7808	-28.5508	-24.4791
26.6867	-24.8024	-21.3538	-25.7863	-22.2287	-26.7562	-23.0382	-27.6839	-23.7889	-28.5584	-24.4871
26.7067	-24.808	-21.362	-25.7926	-22.2369	-26.7631	-23.0464	-27.6912	-23.797	-28.566	-24.4951
26.7266	-24.8136	-21.3703	-25.799	-22.2452	-26.77	-23.0546	-27.6985	-23.8051	-28.5735	-24.5032
26.7466	-24.8192	-21.3786	-25.8053	-22.2534	-26.7769	-23.0628	-27.7058	-23.8132	-28.5811	-24.5112
26.7665	-24.8249	-21.3869	-25.8117	-22.2617	-26.7838	-23.0709	-27.7131	-23.8213	-28.5887	-24.5192
26.7865	-24.8305	-21.3952	-25.818	-22.2699	-26.7907	-23.0791	-27.7204	-23.8294	-28.5963	-24.5272
26.8065	-24.8361	-21.4035	-25.8244	-22.2782	-26.7976	-23.0873	-27.7277	-23.8375	-28.6039	-24.5353
26.8264	-24.8418	-21.4118	-25.8307	-22.2864	-26.8045	-23.0955	-27.735	-23.8456	-28.6115	-24.5433
26.8464	-24.8474	-21.4201	-25.8371	-22.2947	-26.8114	-23.1037	-27.7423	-23.8538	-28.6191	-24.5513
26.8663	-24.8531	-21.4284	-25.8435	-22.3029	-26.8183	-23.1119	-27.7496	-23.8619	-28.6267	-24.5593
26.8863	-24.8587	-21.4367	-25.8498	-22.3112	-26.8252	-23.1201	-27.7569	-23.87	-28.6343	-24.5674
26.9063	-24.8644	-21.445	-25.8562	-22.3195	-26.8321	-23.1283	-27.7642	-23.8781	-28.6418	-24.5754
26.9262	-24.87	-21.4533	-25.8626	-22.3277	-26.839	-23.1365	-27.7715	-23.8862	-28.6494	-24.5834
26.9462	-24.8757	-21.4617	-25.869	-22.336	-26.8459	-23.1446	-27.7788	-23.8943	-28.657	-24.5914
26.9661	-24.8814	-21.47	-25.8754	-22.3443	-26.8528	-23.1528	-27.7861	-23.9024	-28.6646	-24.5994
26.9861	-24.887	-21.4783	-25.8817	-22.3525	-26.8597	-23.161	-27.7934	-23.9105	-28.6722	-24.6075
27.0061	-24.8927	-21.4867	-25.8881	-22.3608	-26.8667	-23.1692	-27.8007	-23.9186	-28.6798	-24.6155
27.026	-24.8984	-21.495	-25.8945	-22.3691	-26.8736	-23.1774	-27.808	-23.9267	-28.6874	-24.6235
27.046	-24.9041	-21.5033	-25.9009	-22.3774	-26.8805	-23.1856	-27.8154	-23.9349	-28.695	-24.6315
27.0659	-24.9098	-21.5117	-25.9073	-22.3857	-26.8874	-23.1938	-27.8227	-23.943	-28.7026	-24.6396
27.0859	-24.9155	-21.52	-25.9137	-22.3939	-26.8944	-23.202	-27.83	-23.9511	-28.7102	-24.6476
27.1059	-24.9212	-21.5284	-25.9201	-22.4022	-26.9013	-23.2102	-27.8373	-23.9592	-28.7178	-24.6556
27.1258	-24.9269	-21.5367	-25.9265	-22.4105	-26.9082	-23.2184	-27.8446	-23.9673	-28.7254	-24.6636
27.1458	-24.9326	-21.5451	-25.9329	-22.4188	-26.9151	-23.2266	-27.8519	-23.9754	-28.7329	-24.6716
27.1657	-24.9383	-21.5534	-25.9393	-22.4271	-26.9221	-23.2349	-27.8592	-23.9835	-28.7405	-24.6797
27.1857	-24.944	-21.5618	-25.9458	-22.4354	-26.929	-23.2431	-27.8666	-23.9916	-28.7481	-24.6877
27.2057	-24.9497	-21.5702	-25.9522	-22.4437	-26.936	-23.2513	-27.8739	-23.9997	-28.7557	-24.6957
27.2256	-24.9554	-21.5785	-25.9586	-22.452	-26.9429	-23.2595	-27.8812	-24.0079	-28.7633	-24.7037
27.2456	-24.9611	-21.5869	-25.965	-22.4603	-26.9498	-23.2677	-27.8885	-24.016	-28.7709	-24.7117
27.2655	-24.9669	-21.5953	-25.9714	-22.4686	-26.9568	-23.2759	-27.8958	-24.0241	-28.7785	-24.7197
27.2855	-24.9726	-21.6037	-25.9779	-22.4769	-26.9637	-23.2841	-27.9031	-24.0322	-28.7861	-24.7278
27.3055	-24.9783	-21.6121	-25.9843	-22.4852	-26.9707	-23.2923	-27.9105	-24.0403	-28.7937	-24.7358
27.3254	-24.9841	-21.6204	-25.9907	-22.4935	-26.9776	-23.3005	-27.9178	-24.0484	-28.8013	-24.7438
27.3454	-24.9898	-21.6288	-25.9972	-22.5018	-26.9846	-23.3088	-27.9251	-24.0565	-28.8089	-24.7518
27.3653	-24.9956	-21.6372	-26.0036	-22.5101	-26.9915	-23.317	-27.9324	-24.0647	-28.8165	-24.7598
27.3853	-25.0013	-21.6456	-26.0101	-22.5185	-26.9985	-23.3252	-27.9398	-24.0728	-28.8241	-24.7678
27.4053	-25.0071	-21.654	-26.0165	-22.5268	-27.0054	-23.3334	-27.9471	-24.0809	-28.8317	-24.7759
27.4252	-25.0128	-21.6624	-26.023	-22.5351	-27.0124	-23.3416	-27.9544	-24.089	-28.8393	-24.7839
27.4452	-25.0186	-21.6708	-26.0294	-22.5434	-27.0193	-23.3498	-27.9618	-24.0971	-28.8469	-24.7919
27.4651	-25.0243	-21.6793	-26.0359	-22.5517	-27.0263	-23.3581	-27.9691	-24.1052	-28.8545	-24.7999
27.4851	-25.0301	-21.6877	-26.0423	-22.5601	-27.0333	-23.3663	-27.9764	-24.1134	-28.8621	-24.8079
27.5051	-25.0359	-21.6961	-26.0488	-22.5684	-27.0402	-23.3745	-27.9837	-24.1215	-28.8697	-24.8159
27.525	-25.0417	-21.7045	-26.0552	-22.5767	-27.0472	-23.3827	-27.9911	-24.1296	-28.8773	-24.8239
27.545	-25.0475	-21.7129	-26.0617	-22.5851	-27.0542	-23.391	-27.9984	-24.1377	-28.8849	-24.8319
27.5649	-25.0532	-21.7214	-26.0682	-22.5934	-27.0611	-23.3992	-28.0057	-24.1458	-28.8925	-24.84
27.5849	-25.059	-21.7298	-26.0746	-22.6017	-27.0681	-23.4074	-28.0131	-24.154	-28.9001	-24.848
27.6049	-25.0648	-21.7382	-26.0811	-22.6101	-27.0751	-23.4156	-28.0204	-24.1621	-28.9077	-24.856
27.6248	-25.0706	-21.7467	-26.0876	-22.6184	-27.0821	-23.4239	-28.0278	-24.1702	-28.9153	-24.864
27.6448	-25.0764	-21.7551	-26.0941	-22.6267	-27.089	-23.4321	-28.0351	-24.1783	-28.9229	-24.872
27.6647	-25.0822	-21.7635	-26.1006	-22.6351	-27.096	-23.4403	-28.0424	-24.1864	-28.9305	-24.88
27.6847	-25.088	-21.772	-26.107	-22.6434	-27.103	-23.4486	-28.0498	-24.1945	-28.9381	-24.888
27.7047	-25.0939	-21.7804	-26.1135	-22.6518	-27.11	-23.4568	-28.0571	-24.2027	-28.9457	-24.896
27.7246	-25.0997	-21.7889	-26.12	-22.6601	-27.117	-23.465	-28.0645	-24.2108	-28.9533	-24.904
27.7446	-25.1055	-21.7973	-26.1265	-22.6685	-27.124	-23.4733	-28.0718	-24.2189	-28.9609	-24.9121
27.7645	-25.1113	-21.8058	-26.133	-22.6768	-27.1309	-23.4815	-28.0791	-24.227	-28.9685	-24.9201
27.7845	-25.1172	-21.8143	-26.1395	-22.6852	-27.1379	-23.4898	-28.0865	-24.2351	-28.9761	-24.9281
27.8045	-25.123	-21.8227	-26.146	-22.6935	-27.1449	-23.498	-28.0938	-24.2433	-28.9837	-24.9361
27.8244	-25.1288	-21.8312	-26.1525	-22.7019	-27.1519	-23.5062	-28.1012	-24.2514	-28.9913	-24.9441
27.8444	-25.1347	-21.8397	-26.159	-22.7103	-27.1589	-23.5145	-28.1085	-24.2595	-28.9989	-24.9521
27.8643	-25.1405	-21.8481	-26.1655	-22.7186	-27.1659	-23.5227	-28.1159	-24.2676	-29.0065	-24.9601
27.8843	-25.1464	-21.8566	-26.172	-22.727	-27.1729	-23.531	-28.1232	-24.2758	-29.0141	-24.9681
27.9043	-25.1522	-21.8651	-26.1786	-22.7353	-27.1799	-23.5392	-28.1306	-24.2839	-29.0217	-24.9761
27.9242	-25.1581	-21.8736	-26.1851	-22.7437	-27.1869	-23.5474	-28.1379	-24.292	-29.0293	-24.9841
27.9442	-25.1639	-21.8821	-26.1916	-22.7521	-27.1939	-23.5557	-28.1453	-24.3001	-29.0369	-24.9921
27.9641	-25.1698	-21.8906	-26.1981	-22.7605	-27.2009	-23.5639	-28.1526	-24.3082	-29.0445	-25.0001
27.9841	-25.1757	-21.8991	-26.2047	-22.7688	-27.2079	-23.5722	-28.16	-24.3164	-29.0521	-25.0081
28.0041	-25.1815	-21.9075	-26.2112	-22.7772	-27.2149	-23.5804	-28.1673	-24.3245	-29.0597	-25.0161
28.024	-25.1874	-21.916	-26.2177	-22.7856	-27.222	-23.5887	-28.1747	-24.3326	-29.0673	-25.0241
28.044	-25.1933	-21.9246	-26.2243	-22.794	-27.229	-23.5969	-28.182	-24.3407	-29.0749	-25.0322
28.0639	-25.1992	-21.9331	-26.2308	-22.8023	-27.236	-23.6052	-28.1894	-24.3489	-29.0825	-25.0402
28.0839	-25.205	-21.9416	-26.2373	-22.8107	-27.243	-23.6134	-28.1967	-24.357	-29.0901	-25.0482
28.1039	-25.2109	-21.9501	-26.2439	-22.8191	-27.25	-23.6217	-28.2041	-24.3651	-29.0977	-25.0562
28.1238	-25.2168	-21.9586	-26.2504	-22.8275	-27.257	-23.6299	-28.2115	-24.3732	-29.1053	-25.0642
28.1438	-25.2227	-21.9671	-26.257	-22.8359	-27.2641	-23.6382	-28.2188	-24.3814	-29.1129	-25.0722
28.1637	-25.2286	-21.9756	-26.2635	-22.8443	-27.2711	-23.6464	-28.2262	-24.3895	-29.1205	-25.0802
28.1837	-25.2345	-21.9841	-26.2701	-22.8527	-27.2781	-23.6547	-28.2335	-24.3976	-29.1281	-25.0882
28.2037	-25.2404	-21.9927	-26.2766	-22.861	-27.2851	-23.6629	-28.2409	-24.4057	-29.1357	-25.0962
28.2236	-25.2464	-22.0012	-26.2832	-22.8694	-27.2922	-23.6712	-28.2483	-24.4139	-29.1433	-25.1042
28.2436	-25.2523	-22.0097	-26.2897	-22.8778	-27.2992	-23.6795	-28.2556	-24.422	-29.1509	-25.1122
28.2635	-25.2582	-22.0183	-26.2963	-22.8862	-27.3062	-23.6877	-28.263	-24.4301	-29.1585	-25.1202
28.2835	-25.2641	-22.0268	-26.3029	-22.8946	-27.3132	-23.696	-28.2704	-24.4382	-29.1661	-25.1282
28.3035	-25.27	-22.0353	-26.3094	-22.903	-27.3203	-23.7042	-28.2777	-24.4464	-29.1737	-25.1362
28.3234	-25.276	-22.0439	-26.316	-22.9114	-27.3273	-23.7125	-28.2851	-24.4545	-29.1813	-25.1442
28.3434	-25.2819	-22.0524	-26.3226	-22.9198	-27.3344	-23.7208	-28.2925	-24.4626	-29.1889	-25.1522
28.3633	-25.2879	-22.061	-26.3292	-22.9282	-27.3414	-23.729	-28.2998	-24.4707	-29.1966	-25.1602
28.3833	-25.2938	-22.0695	-26.3358	-22.9367	-27.3484	-23.7373	-28.3072	-24.4789	-29.2042	-25.1682
28.4033	-25.2997	-22.0781	-26.3423	-22.9451	-27.3555	-23.7456	-28.3146	-24.487	-29.2118	-25.1762
28.4232	-25.3057	-22.0866	-26.3489	-22.9535	-27.3625	-23.7538	-28.3219	-24.4951	-29.2194	-25.1842
28.4432	-25.3116	-22.0952	-26.3555	-22.9619	-27.3696	-23.7621	-28.3293	-24.5032	-29.227	-25.1922
28.4631	-25.3176	-22.1038	-26.3621	-22.9703	-27.3766	-23.7704	-28.3367	-24.5114	-29.2346	-25.2002
28.4831	-25.3236	-22.1123	-26.3687	-22.9787	-27.3837	-23.7786	-28.3441	-24.5195	-29.2422	-25.2081
28.5031	-25.3295	-22.1209	-26.3753	-22.9871	-27.3907	-23.7869	-28.3514	-24.5276	-29.2498	-25.2161
28.523	-25.3355	-22.1295	-26.3819	-22.9956	-27.3978	-23.7952	-28.3588	-24.5358	-29.2574	-25.2241
28.543	-25.3415	-22.138	-26.3885	-23.004	-27.4048	-23.8034	-28.3662	-24.5439	-29.265	-25.2321
28.5629	-25.3475	-22.1466	-26.3951	-23.0124	-27.4119	-23.8117	-28.3736	-24.552	-29.2726	-25.2401
28.5829	-25.3534	-22.1552	-26.4017	-23.0208	-27.4189	-23.82	-28.3809	-24.5601	-29.2802	-25.2481
28.6029	-25.3594	-22.1638	-26.4083	-23.0292	-27.426	-23.8283	-28.3883	-24.5683	-29.2878	-25.2561
28.6228	-25.3654	-22.1724	-26.4149	-23.0377	-27.433	-23.8365	-28.3957	-24.5764	-29.2954	-25.2641
28.6428	-25.3714	-22.1809	-26.4215	-23.0461	-27.4401	-23.8448	-28.4031	-24.5845	-29.303	-25.2721
28.6627	-25.3774	-22.1895	-26.4281	-23.0545	-27.4472	-23.8531	-28.4105	-24.5926	-29.3106	-25.2801
28.6827	-25.3834	-22.1981	-26.4348	-23.063	-27.4542	-23.8613	-28.4178	-24.6008	-29.3183	-25.2881
28.7027	-25.3894	-22.2067	-26.4414	-23.0714	-27.4613	-23.8696	-28.4252	-24.6089	-29.3259	-25.2961
28.7226	-25.3954	-22.2153	-26.448	-23.0798	-27.4684	-23.8779	-28.4326	-24.617	-29.3335	-25.3041
28.7426	-25.4014	-22.2239	-26.4546	-23.0883	-27.4754	-23.8862	-28.44	-24.6252	-29.3411	-25.3121
28.7625	-25.4074	-22.2325	-26.4613	-23.0967	-27.4825	-23.8945	-28.4474	-24.6333	-29.3487	-25.3201
28.7825	-25.4134	-22.2411	-26.4679	-23.1052	-27.4896	-23.9027	-28.4548	-24.6414	-29.3563	-25.328
28.8025	-25.4195	-22.2497	-26.4745	-23.1136	-27.4966	-23.911	-28.4621	-24.6495	-29.3639	-25.336
28.8224	-25.4255	-22.2583	-26.4812	-23.122	-27.5037	-23.9193	-28.4695	-24.6577	-29.3715	-25.344
28.8424	-25.4315	-22.267	-26.4878	-23.1305	-27.5108	-23.9276	-28.4769	-24.6658	-29.3791	-25.352
28.8623	-25.4375	-22.2756	-26.4944	-23.1389	-27.5179	-23.9359	-28.4843	-24.6739	-29.3867	-25.36
28.8823	-25.4436	-22.2842	-26.5011	-23.1474	-27.525	-23.9441	-28.4917	-24.6821	-29.3943	-25.368
28.9023	-25.4496	-22.2928	-26.5077	-23.1558	-27.532	-23.9524	-28.4991	-24.6902	-29.4019	-25.376
28.9222	-25.4556	-22.3014	-26.5144	-23.1643	-27.5391	-23.9607	-28.5065	-24.6983	-29.4095	-25.384
28.9422	-25.4617	-22.3101	-26.521	-23.1727	-27.5462	-23.969	-28.5139	-24.7065	-29.4172	-25.392
28.9621	-25.4677	-22.3187	-26.5277	-23.1812	-27.5533	-23.9773	-28.5213	-24.7146	-29.4248	-25.3999
28.9821	-25.4738	-22.3273	-26.5343	-23.1896	-27.5604	-23.9856	-28.5286	-24.7227	-29.4324	-25.4079
29.0021	-25.4799	-22.336	-26.541	-23.1981	-27.5675	-23.9939	-28.536	-24.7308	-29.44	-25.4159
29.022	-25.4859	-22.3446	-26.5477	-23.2065	-27.5746	-24.0021	-28.5434	-24.739	-29.4476	-25.4239
29.042	-25.492	-22.3532	-26.5543	-23.215	-27.5816	-24.0104	-28.5508	-24.7471	-29.4552	-25.4319
29.0619	-25.498	-22.3619	-26.561	-23.2235	-27.5887	-24.0187	-28.5582	-24.7552	-29.4628	-25.4399
29.0819	-25.5041	-22.3705	-26.5677	-23.2319	-27.5958	-24.027	-28.5656	-24.7634	-29.4704	-25.4479
29.1019	-25.5102	-22.3792	-26.5743	-23.2404	-27.6029	-24.0353	-28.573	-24.7715	-29.478	-25.4558
29.1218	-25.5163	-22.3878	-26.581	-23.2489	-27.61	-24.0436	-28.5804	-24.7796	-29.4856	-25.4638
29.1418	-25.5223	-22.3965	-26.5877	-23.2573	-27.6171	-24.0519	-28.5878	-24.7878	-29.4932	-25.4718
29.1617	-25.5284	-22.4051	-26.5944	-23.2658	-27.6242	-24.0602	-28.5952	-24.7959	-29.5008	-25.4798
29.1817	-25.5345	-22.4138	-26.601	-23.2743	-27.6313	-24.0685	-28.6026	-24.804	-29.5085	-25.4878
29.2017	-25.5406	-22.4224	-26.6077	-23.2827	-27.6384	-24.0768	-28.61	-24.8121	-29.5161	-25.4958
29.2216	-25.5467	-22.4311	-26.6144	-23.2912	-27.6455	-24.0851	-28.6174	-24.8203	-29.5237	-25.5037
29.2416	-25.5528	-22.4397	-26.6211	-23.2997	-27.6526	-24.0934	-28.6248	-24.8284	-29.5313	-25.5117
29.2615	-25.5589	-22.4484	-26.6278	-23.3082	-27.6598	-24.1017	-28.6322	-24.8365	-29.5389	-25.5197
29.2815	-25.565	-22.4571	-26.6345	-23.3166	-27.6669	-24.11	-28.6396	-24.8447	-29.5465	-25.5277
29.3015	-25.5711	-22.4658	-26.6412	-23.3251	-27.674	-24.1182	-28.647	-24.8528	-29.5541	-25.5357
29.3214	-25.5772	-22.4744	-26.6479	-23.3336	-27.6811	-24.1265	-28.6544	-24.8609	-29.5617	-25.5436
29.3414	-25.5834	-22.4831	-26.6546	-23.3421	-27.6882	-24.1348	-28.6618	-24.8691	-29.5693	-25.5516
29.3613	-25.5895	-22.4918	-26.6613	-23.3505	-27.6953	-24.1431	-28.6692	-24.8772	-29.5769	-25.5596
29.3813	-25.5956	-22.5005	-26.668	-23.359	-27.7024	-24.1514	-28.6766	-24.8853	-29.5845	-25.5676
29.4013	-25.6017	-22.5091	-26.6747	-23.3675	-27.7095	-24.1597	-28.684	-24.8935	-29.5922	-25.5756
29.4212	-25.6079	-22.5178	-26.6814	-23.376	-27.7167	-24.168	-28.6914	-24.9016	-29.5998	-25.5835
29.4412	-25.614	-22.5265	-26.6881	-23.3845	-27.7238	-24.1763	-28.6988	-24.9097	-29.6074	-25.5915
29.4611	-25.6201	-22.5352	-26.6948	-23.393	-27.7309	-24.1846	-28.7062	-24.9179	-29.615	-25.5995
29.4811	-25.6263	-22.5439	-26.7015	-23.4015	-27.738	-24.193	-28.7137	-24.926	-29.6226	-25.6075
29.5011	-25.6324	-22.5526	-26.7083	-23.41	-27.7452	-24.2013	-28.7211	-24.9341	-29.6302	-25.6154
29.521	-25.6386	-22.5613	-26.715	-23.4185	-27.7523	-24.2096	-28.7285	-24.9423	-29.6378	-25.6234
29.541	-25.6447	-22.57	-26.7217	-23.4269	-27.7594	-24.2179	-28.7359	-24.9504	-29.6454	-25.6314
29.5609	-25.6509	-22.5787	-26.7284	-23.4354	-27.7665	-24.2262	-28.7433	-24.9585	-29.653	-25.6394
29.5809	-25.657	-22.5874	-26.7352	-23.4439	-27.7737	-24.2345	-28.7507	-24.9666	-29.6606	-25.6473
29.6009	-25.6632	-22.5961	-26.7419	-23.4524	-27.7808	-24.2428	-28.7581	-24.9748	-29.6683	-25.6553
29.6208	-25.6693	-22.6048	-26.7486	-23.4609	-27.7879	-24.2511	-28.7655	-24.9829	-29.6759	-25.6633
29.6408	-25.6755	-22.6135	-26.7554	-23.4694	-27.7951	-24.2594	-28.7729	-24.991	-29.6835	-25.6713
29.6607	-25.6817	-22.6222	-26.7621	-23.4779	-27.8022	-24.2677	-28.7804	-24.9992	-29.6911	-25.6792
29.6807	-25.6879	-22.6309	-26.7688	-23.4864	-27.8093	-24.276	-28.7878	-25.0073	-29.6987	-25.6872
29.7007	-25.694	-22.6396	-26.7756	-23.4949	-27.8165	-24.2843	-28.7952	-25.0154	-29.7063	-25.6952
29.7206	-25.7002	-22.6483	-26.7823	-23.5034	-27.8236	-24.2926	-28.8026	-25.0236	-29.7139	-25.7032
29.7406	-25.7064	-22.6571	-26.7891	-23.512	-27.8308	-24.3009	-28.81	-25.0317	-29.7215	-25.7111
29.7605	-25.7126	-22.6658	-26.7958	-23.5205	-27.8379	-24.3093	-28.8174	-25.0398	-29.7291	-25.7191
29.7805	-25.7188	-22.6745	-26.8026	-23.529	-27.845	-24.3176	-28.8249	-25.048	-29.7367	-25.7271
29.8005	-25.725	-22.6832	-26.8093	-23.5375	-27.8522	-24.3259	-28.8323	-25.0561	-29.7444	-25.735
29.8204	-25.7312	-22.692	-26.8161	-23.546	-27.8593	-24.3342	-28.8397	-25.0642	-29.752	-25.743
29.8404	-25.7374	-22.7007	-26.8228	-23.5545	-27.8665	-24.3425	-28.8471	-25.0724	-29.7596	-25.751
29.8603	-25.7436	-22.7094	-26.8296	-23.563	-27.8736	-24.3508	-28.8545	-25.0805	-29.7672	-25.7589
29.8803	-25.7498	-22.7182	-26.8364	-23.5715	-27.8808	-24.3591	-28.862	-25.0886	-29.7748	-25.7669
29.9003	-25.756	-22.7269	-26.8431	-23.58	-27.8879	-24.3674	-28.8694	-25.0968	-29.7824	-25.7749
29.9202	-25.7622	-22.7356	-26.8499	-23.5886	-27.8951	-24.3758	-28.8768	-25.1049	-29.79	-25.7828
29.9402	-25.7685	-22.7444	-26.8567	-23.5971	-27.9022	-24.3841	-28.8842	-25.113	-29.7976	-25.7908
29.9601	-25.7747	-22.7531	-26.8634	-23.6056	-27.9094	-24.3924	-28.8916	-25.1212	-29.8052	-25.7988
29.9801	-25.7809	-22.7619	-26.8702	-23.6141	-27.9166	-24.4007	-28.8991	-25.1293	-29.8128	-25.8068
30.0001	-25.7871	-22.7706	-26.877	-23.6226	-27.9237	-24.409	-28.9065	-25.1374	-29.8205	-25.8147
30.02	-25.7934	-22.7794	-26.8838	-23.6312	-27.9309	-24.4173	-28.9139	-25.1456	-29.8281	-25.8227
30.04	-25.7996	-22.7881	-26.8905	-23.6397	-27.938	-24.4257	-28.9213	-25.1537	-29.8357	-25.8306
30.0599	-25.8058	-22.7969	-26.8973	-23.6482	-27.9452	-24.434	-28.9288	-25.1618	-29.8433	-25.8386
30.0799	-25.8121	-22.8056	-26.9041	-23.6567	-27.9524	-24.4423	-28.9362	-25.17	-29.8509	-25.8466
30.0998	-25.8183	-22.8144	-26.9109	-23.6653	-27.9595	-24.4506	-28.9436	-25.1781	-29.8585	-25.8545
30.1198	-25.8246	-22.8231	-26.9177	-23.6738	-27.9667	-24.4589	-28.951	-25.1862	-29.8661	-25.8625
30.1398	-25.8308	-22.8319	-26.9245	-23.6823	-27.9739	-24.4673	-28.9585	-25.1943	-29.8737	-25.8705
30.1597	-25.8371	-22.8407	-26.9313	-23.6909	-27.981	-24.4756	-28.9659	-25.2025	-29.8813	-25.8784
30.1797	-25.8433	-22.8494	-26.9381	-23.6994	-27.9882	-24.4839	-28.9733	-25.2106	-29.8889	-25.8864
30.1996	-25.8496	-22.8582	-26.9449	-23.7079	-27.9954	-24.4922	-28.9808	-25.2187	-29.8965	-25.8944
30.2196	-25.8559	-22.867	-26.9517	-23.7165	-28.0025	-24.5005	-28.9882	-25.2269	-29.9042	-25.9023
30.2396	-25.8621	-22.8757	-26.9585	-23.725	-28.0097	-24.5089	-28.9956	-25.235	-29.9118	-25.9103
30.2595	-25.8684	-22.8845	-26.9653	-23.7335	-28.0169	-24.5172	-29.0031	-25.2431	-29.9194	-25.9182
30.2795	-25.8747	-22.8933	-26.9721	-23.7421	-28.0241	-24.5255	-29.0105	-25.2513	-29.927	-25.9262
30.2994	-25.881	-22.902	-26.9789	-23.7506	-28.0313	-24.5338	-29.0179	-25.2594	-29.9346	-25.9342
30.3194	-25.8872	-22.9108	-26.9857	-23.7592	-28.0384	-24.5422	-29.0254	-25.2675	-29.9422	-25.9421
30.3394	-25.8935	-22.9196	-26.9925	-23.7677	-28.0456	-24.5505	-29.0328	-25.2757	-29.9498	-25.9501
30.3593	-25.8998	-22.9284	-26.9993	-23.7762	-28.0528	-24.5588	-29.0402	-25.2838	-29.9574	-25.958
30.3793	-25.9061	-22.9372	-27.0062	-23.7848	-28.06	-24.5671	-29.0477	-25.2919	-29.965	-25.966
30.3992	-25.9124	-22.946	-27.013	-23.7933	-28.0672	-24.5755	-29.0551	-25.3001	-29.9726	-25.974
30.4192	-25.9187	-22.9547	-27.0198	-23.8019	-28.0743	-24.5838	-29.0625	-25.3082	-29.9802	-25.9819
30.4392	-25.925	-22.9635	-27.0266	-23.8104	-28.0815	-24.5921	-29.07	-25.3163	-29.9879	-25.9899
30.4591	-25.9313	-22.9723	-27.0335	-23.819	-28.0887	-24.6004	-29.0774	-25.3245	-29.9955	-25.9978
30.4791	-25.9376	-22.9811	-27.0403	-23.8275	-28.0959	-24.6088	-29.0848	-25.3326	-30.0031	-26.0058
30.499	-25.9439	-22.9899	-27.0471	-23.8361	-28.1031	-24.6171	-29.0923	-25.3407	-30.0107	-26.0137
30.519	-25.9503	-22.9987	-27.0539	-23.8446	-28.1103	-24.6254	-29.0997	-25.3489	-30.0183	-26.0217
30.539	-25.9566	-23.0075	-27.0608	-23.8532	-28.1175	-24.6338	-29.1071	-25.357	-30.0259	-26.0297
30.5589	-25.9629	-23.0163	-27.0676	-23.8617	-28.1247	-24.6421	-29.1146	-25.3651	-30.0335	-26.0376
30.5789	-25.9692	-23.0251	-27.0745	-23.8703	-28.1319	-24.6504	-29.122	-25.3732	-30.0411	-26.0456
30.5988	-25.9755	-23.0339	-27.0813	-23.8788	-28.1391	-24.6587	-29.1295	-25.3814	-30.0487	-26.0535
30.6188	-25.9819	-23.0427	-27.0881	-23.8874	-28.1463	-24.6671	-29.1369	-25.3895	-30.0563	-26.0615
30.6388	-25.9882	-23.0515	-27.095	-23.8959	-28.1535	-24.6754	-29.1443	-25.3976	-30.0639	-26.0694
30.6587	-25.9945	-23.0603	-27.1018	-23.9045	-28.1607	-24.6837	-29.1518	-25.4058	-30.0716	-26.0774
30.6787	-26.0009	-23.0691	-27.1087	-23.913	-28.1679	-24.6921	-29.1592	-25.4139	-30.0792	-26.0853
30.6986	-26.0072	-23.0779	-27.1155	-23.9216	-28.1751	-24.7004	-29.1667	-25.422	-30.0868	-26.0933
30.7186	-26.0136	-23.0868	-27.1224	-23.9302	-28.1823	-24.7087	-29.1741	-25.4302	-30.0944	-26.1012
30.7386	-26.0199	-23.0956	-27.1292	-23.9387	-28.1895	-24.7171	-29.1816	-25.4383	-30.102	-26.1092
30.7585	-26.0263	-23.1044	-27.1361	-23.9473	-28.1967	-24.7254	-29.189	-25.4464	-30.1096	-26.1171
30.7785	-26.0326	-23.1132	-27.143	-23.9558	-28.2039	-24.7337	-29.1964	-25.4546	-30.1172	-26.1251
30.7984	-26.039	-23.122	-27.1498	-23.9644	-28.2111	-24.7421	-29.2039	-25.4627	-30.1248	-26.133
30.8184	-26.0454	-23.1309	-27.1567	-23.973	-28.2183	-24.7504	-29.2113	-25.4708	-30.1324	-26.141
30.8384	-26.0517	-23.1397	-27.1636	-23.9815	-28.2255	-24.7587	-29.2188	-25.4789	-30.14	-26.1489
30.8583	-26.0581	-23.1485	-27.1704	-23.9901	-28.2327	-24.7671	-29.2262	-25.4871	-30.1476	-26.1569
30.8783	-26.0645	-23.1573	-27.1773	-23.9987	-28.2399	-24.7754	-29.2337	-25.4952	-30.1552	-26.1648
30.8982	-26.0708	-23.1662	-27.1842	-24.0072	-28.2471	-24.7838	-29.2411	-25.5033	-30.1628	-26.1728
30.9182	-26.0772	-23.175	-27.191	-24.0158	-28.2544	-24.7921	-29.2486	-25.5115	-30.1705	-26.1807
30.9382	-26.0836	-23.1838	-27.1979	-24.0244	-28.2616	-24.8004	-29.256	-25.5196	-30.1781	-26.1887
30.9581	-26.09	-23.1927	-27.2048	-24.033	-28.2688	-24.8088	-29.2635	-25.5277	-30.1857	-26.1966
30.9781	-26.0964	-23.2015	-27.2117	-24.0415	-28.276	-24.8171	-29.2709	-25.5359	-30.1933	-26.2046
30.998	-26.1028	-23.2103	-27.2186	-24.0501	-28.2832	-24.8254	-29.2784	-25.544	-30.2009	-26.2125
31.018	-26.1091	-23.2192	-27.2254	-24.0587	-28.2905	-24.8338	-29.2858	-25.5521	-30.2085	-26.2205
31.038	-26.1155	-23.228	-27.2323	-24.0672	-28.2977	-24.8421	-29.2933	-25.5602	-30.2161	-26.2284
31.0579	-26.1219	-23.2368	-27.2392	-24.0758	-28.3049	-24.8505	-29.3007	-25.5684	-30.2237	-26.2363
31.0779	-26.1283	-23.2457	-27.2461	-24.0844	-28.3121	-24.8588	-29.3082	-25.5765	-30.2313	-26.2443
31.0978	-26.1348	-23.2545	-27.253	-24.093	-28.3193	-24.8671	-29.3156	-25.5846	-30.2389	-26.2522
31.1178	-26.1412	-23.2634	-27.2599	-24.1016	-28.3266	-24.8755	-29.3231	-25.5928	-30.2465	-26.2602
31.1378	-26.1476	-23.2722	-27.2668	-24.1101	-28.3338	-24.8838	-29.3305	-25.6009	-30.2541	-26.2681
31.1577	-26.154	-23.2811	-27.2737	-24.1187	-28.341	-24.8922	-29.338	-25.609	-30.2617	-26.2761
31.1777	-26.1604	-23.2899	-27.2806	-24.1273	-28.3483	-24.9005	-29.3454	-25.6172	-30.2693	-26.284
31.1976	-26.1668	-23.2988	-27.2875	-24.1359	-28.3555	-24.9088	-29.3529	-25.6253	-30.2769	-26.2919
31.2176	-26.1733	-23.3076	-27.2944	-24.1445	-28.3627	-24.9172	-29.3603	-25.6334	-30.2846	-26.2999
31.2376	-26.1797	-23.3165	-27.3013	-24.153	-28.37	-24.9255	-29.3678	-25.6415	-30.2922	-26.3078
31.2575	-26.1861	-23.3253	-27.3082	-24.1616	-28.3772	-24.9339	-29.3752	-25.6497	-30.2998	-26.3158
31.2775	-26.1925	-23.3342	-27.3151	-24.1702	-28.3844	-24.9422	-29.3827	-25.6578	-30.3074	-26.3237
31.2974	-26.199	-23.3431	-27.322	-24.1788	-28.3917	-24.9505	-29.3901	-25.6659	-30.315	-26.3317
31.3174	-26.2054	-23.3519	-27.329	-24.1874	-28.3989	-24.9589	-29.3976	-25.6741	-30.3226	-26.3396
31.3374	-26.2119	-23.3608	-27.3359	-24.196	-28.4061	-24.9672	-29.4051	-25.6822	-30.3302	-26.3475
31.3573	-26.2183	-23.3697	-27.3428	-24.2045	-28.4134	-24.9756	-29.4125	-25.6903	-30.3378	-26.3555
31.3773	-26.2248	-23.3785	-27.3497	-24.2131	-28.4206	-24.9839	-29.42	-25.6984	-30.3454	-26.3634
31.3972	-26.2312	-23.3874	-27.3566	-24.2217	-28.4278	-24.9923	-29.4274	-25.7066	-30.353	-26.3713
31.4172	-26.2377	-23.3963	-27.3636	-24.2303	-28.4351	-25.0006	-29.4349	-25.7147	-30.3606	-26.3793
31.4372	-26.2441	-23.4051	-27.3705	-24.2389	-28.4423	-25.0089	-29.4423	-25.7228	-30.3682	-26.3872
31.4571	-26.2506	-23.414	-27.3774	-24.2475	-28.4496	-25.0173	-29.4498	-25.7309	-30.3758	-26.3952
31.4771	-26.257	-23.4229	-27.3843	-24.2561	-28.4568	-25.0256	-29.4573	-25.7391	-30.3834	-26.4031
31.497	-26.2635	-23.4317	-27.3913	-24.2647	-28.4641	-25.034	-29.4647	-25.7472	-30.391	-26.411
31.517	-26.27	-23.4406	-27.3982	-24.2733	-28.4713	-25.0423	-29.4722	-25.7553	-30.3986	-26.419
31.537	-26.2764	-23.4495	-27.4051	-24.2819	-28.4786	-25.0507	-29.4796	-25.7635	-30.4062	-26.4269
31.5569	-26.2829	-23.4584	-27.4121	-24.2905	-28.4858	-25.059	-29.4871	-25.7716	-30.4138	-26.4348
31.5769	-26.2894	-23.4673	-27.419	-24.2991	-28.4931	-25.0674	-29.4946	-25.7797	-30.4214	-26.4428
31.5968	-26.2959	-23.4761	-27.426	-24.3077	-28.5003	-25.0757	-29.502	-25.7878	-30.429	-26.4507
31.6168	-26.3024	-23.485	-27.4329	-24.3163	-28.5076	-25.0841	-29.5095	-25.796	-30.4366	-26.4586
31.6368	-26.3089	-23.4939	-27.4398	-24.3249	-28.5148	-25.0924	-29.5169	-25.8041	-30.4443	-26.4666
31.6567	-26.3153	-23.5028	-27.4468	-24.3334	-28.5221	-25.1007	-29.5244	-25.8122	-30.4519	-26.4745
31.6767	-26.3218	-23.5117	-27.4537	-24.342	-28.5293	-25.1091	-29.5319	-25.8203	-30.4595	-26.4824
31.6966	-26.3283	-23.5206	-27.4607	-24.3506	-28.5366	-25.1174	-29.5393	-25.8285	-30.4671	-26.4904
31.7166	-26.3348	-23.5294	-27.4676	-24.3592	-28.5438	-25.1258	-29.5468	-25.8366	-30.4747	-26.4983
31.7366	-26.3413	-23.5383	-27.4746	-24.3679	-28.5511	-25.1341	-29.5543	-25.8447	-30.4823	-26.5062
31.7565	-26.3478	-23.5472	-27.4815	-24.3765	-28.5584	-25.1425	-29.5617	-25.8528	-30.4899	-26.5141
31.7765	-26.3543	-23.5561	-27.4885	-24.3851	-28.5656	-25.1508	-29.5692	-25.861	-30.4975	-26.5221
31.7964	-26.3609	-23.565	-27.4955	-24.3937	-28.5729	-25.1592	-29.5766	-25.8691	-30.5051	-26.53
31.8164	-26.3674	-23.5739	-27.5024	-24.4023	-28.5802	-25.1675	-29.5841	-25.8772	-30.5127	-26.5379
31.8364	-26.3739	-23.5828	-27.5094	-24.4109	-28.5874	-25.1759	-29.5916	-25.8853	-30.5203	-26.5459
31.8563	-26.3804	-23.5917	-27.5164	-24.4195	-28.5947	-25.1842	-29.599	-25.8935	-30.5279	-26.5538
31.8763	-26.3869	-23.6006	-27.5233	-24.4281	-28.6019	-25.1926	-29.6065	-25.9016	-30.5355	-26.5617
31.8962	-26.3934	-23.6095	-27.5303	-24.4367	-28.6092	-25.2009	-29.614	-25.9097	-30.5431	-26.5696
31.9162	-26.4	-23.6184	-27.5373	-24.4453	-28.6165	-25.2093	-29.6214	-25.9178	-30.5507	-26.5776
31.9362	-26.4065	-23.6273	-27.5442	-24.4539	-28.6237	-25.2176	-29.6289	-25.926	-30.5583	-26.5855
31.9561	-26.413	-23.6362	-27.5512	-24.4625	-28.631	-25.226	-29.6364	-25.9341	-30.5659	-26.5934
31.9761	-26.4196	-23.6451	-27.5582	-24.4711	-28.6383	-25.2343	-29.6438	-25.9422	-30.5735	-26.6013
31.996	-26.4261	-23.654	-27.5652	-24.4797	-28.6456	-25.2427	-29.6513	-25.9503	-30.5811	-26.6093
32.016	-26.4327	-23.6629	-27.5721	-24.4883	-28.6528	-25.251	-29.6588	-25.9585	-30.5887	-26.6172
32.036	-26.4392	-23.6718	-27.5791	-24.4969	-28.6601	-25.2594	-29.6662	-25.9666	-30.5963	-26.6251
32.0559	-26.4457	-23.6807	-27.5861	-24.5056	-28.6674	-25.2677	-29.6737	-25.9747	-30.6039	-26.633
32.0759	-26.4523	-23.6897	-27.5931	-24.5142	-28.6747	-25.2761	-29.6812	-25.9828	-30.6115	-26.641
32.0958	-26.4588	-23.6986	-27.6001	-24.5228	-28.6819	-25.2844	-29.6887	-25.991	-30.6191	-26.6489
32.1158	-26.4654	-23.7075	-27.6071	-24.5314	-28.6892	-25.2928	-29.6961	-25.9991	-30.6267	-26.6568
32.1358	-26.472	-23.7164	-27.614	-24.54	-28.6965	-25.3011	-29.7036	-26.0072	-30.6343	-26.6647
32.1557	-26.4785	-23.7253	-27.621	-24.5486	-28.7038	-25.3095	-29.7111	-26.0153	-30.6419	-26.6726
32.1757	-26.4851	-23.7342	-27.628	-24.5572	-28.711	-25.3178	-29.7185	-26.0234	-30.6495	-26.6806
32.1956	-26.4917	-23.7431	-27.635	-24.5659	-28.7183	-25.3262	-29.726	-26.0316	-30.6571	-26.6885
32.2156	-26.4982	-23.7521	-27.642	-24.5745	-28.7256	-25.3345	-29.7335	-26.0397	-30.6647	-26.6964
32.2356	-26.5048	-23.761	-27.649	-24.5831	-28.7329	-25.3429	-29.7409	-26.0478	-30.6723	-26.7043
32.2555	-26.5114	-23.7699	-27.656	-24.5917	-28.7402	-25.3512	-29.7484	-26.0559	-30.6799	-26.7122
32.2755	-26.518	-23.7788	-27.663	-24.6003	-28.7475	-25.3596	-29.7559	-26.064	-30.6875	-26.7202
32.2954	-26.5245	-23.7878	-27.67	-24.6089	-28.7547	-25.368	-29.7634	-26.0722	-30.6951	-26.7281
32.3154	-26.5311	-23.7967	-27.677	-24.6176	-28.762	-25.3763	-29.7708	-26.0803	-30.7027	-26.736
32.3354	-26.5377	-23.8056	-27.684	-24.6262	-28.7693	-25.3847	-29.7783	-26.0884	-30.7103	-26.7439
32.3553	-26.5443	-23.8145	-27.6911	-24.6348	-28.7766	-25.393	-29.7858	-26.0965	-30.7179	-26.7518
32.3753	-26.5509	-23.8235	-27.6981	-24.6434	-28.7839	-25.4014	-29.7933	-26.1047	-30.7255	-26.7597
32.3952	-26.5575	-23.8324	-27.7051	-24.652	-28.7912	-25.4097	-29.8007	-26.1128	-30.7331	-26.7677
32.4152	-26.5641	-23.8413	-27.7121	-24.6607	-28.7985	-25.4181	-29.8082	-26.1209	-30.7407	-26.7756
32.4352	-26.5707	-23.8502	-27.7191	-24.6693	-28.8058	-25.4264	-29.8157	-26.129	-30.7483	-26.7835
32.4551	-26.5773	-23.8592	-27.7261	-24.6779	-28.8131	-25.4348	-29.8232	-26.1371	-30.7559	-26.7914
32.4751	-26.5839	-23.8681	-27.7331	-24.6865	-28.8203	-25.4431	-29.8306	-26.1453	-30.7635	-26.7993
32.495	-26.5905	-23.877	-27.7402	-24.6951	-28.8276	-25.4515	-29.8381	-26.1534	-30.7711	-26.8072
32.515	-26.5971	-23.886	-27.7472	-24.7038	-28.8349	-25.4598	-29.8456	-26.1615	-30.7787	-26.8152
32.535	-26.6037	-23.8949	-27.7542	-24.7124	-28.8422	-25.4682	-29.8531	-26.1696	-30.7862	-26.8231
32.5549	-26.6103	-23.9038	-27.7612	-24.721	-28.8495	-25.4765	-29.8605	-26.1777	-30.7938	-26.831
32.5749	-26.617	-23.9128	-27.7683	-24.7296	-28.8568	-25.4849	-29.868	-26.1858	-30.8014	-26.8389
32.5948	-26.6236	-23.9217	-27.7753	-24.7383	-28.8641	-25.4933	-29.8755	-26.194	-30.809	-26.8468
32.6148	-26.6302	-23.9307	-27.7823	-24.7469	-28.8714	-25.5016	-29.883	-26.2021	-30.8166	-26.8547
32.6348	-26.6368	-23.9396	-27.7894	-24.7555	-28.8787	-25.51	-29.8904	-26.2102	-30.8242	-26.8626
32.6547	-26.6435	-23.9485	-27.7964	-24.7641	-28.886	-25.5183	-29.8979	-26.2183	-30.8318	-26.8705
32.6747	-26.6501	-23.9575	-27.8034	-24.7728	-28.8933	-25.5267	-29.9054	-26.2264	-30.8394	-26.8784
32.6946	-26.6567	-23.9664	-27.8105	-24.7814	-28.9006	-25.535	-29.9129	-26.2345	-30.847	-26.8864
32.7146	-26.6634	-23.9754	-27.8175	-24.79	-28.9079	-25.5434	-29.9204	-26.2427	-30.8546	-26.8943
32.7346	-26.67	-23.9843	-27.8245	-24.7987	-28.9152	-25.5517	-29.9278	-26.2508	-30.8622	-26.9022
32.7545	-26.6766	-23.9933	-27.8316	-24.8073	-28.9225	-25.5601	-29.9353	-26.2589	-30.8698	-26.9101
32.7745	-26.6833	-24.0022	-27.8386	-24.8159	-28.9299	-25.5684	-29.9428	-26.267	-30.8774	-26.918
32.7944	-26.6899	-24.0112	-27.8457	-24.8246	-28.9372	-25.5768	-29.9503	-26.2751	-30.885	-26.9259
32.8144	-26.6966	-24.0201	-27.8527	-24.8332	-28.9445	-25.5852	-29.9577	-26.2832	-30.8926	-26.9338
32.8344	-26.7032	-24.0291	-27.8598	-24.8418	-28.9518	-25.5935	-29.9652	-26.2914	-30.9002	-26.9417
32.8543	-26.7099	-24.038	-27.8668	-24.8504	-28.9591	-25.6019	-29.9727	-26.2995	-30.9078	-26.9496
32.8743	-26.7166	-24.047	-27.8739	-24.8591	-28.9664	-25.6102	-29.9802	-26.3076	-30.9153	-26.9575
32.8942	-26.7232	-24.0559	-27.8809	-24.8677	-28.9737	-25.6186	-29.9877	-26.3157	-30.9229	-26.9654
32.9142	-26.7299	-24.0649	-27.888	-24.8763	-28.981	-25.6269	-29.9951	-26.3238	-30.9305	-26.9733
32.9342	-26.7366	-24.0738	-27.895	-24.885	-28.9883	-25.6353	-30.0026	-26.3319	-30.9381	-26.9812
32.9541	-26.7432	-24.0828	-27.9021	-24.8936	-28.9956	-25.6436	-30.0101	-26.34	-30.9457	-26.9891
32.9741	-26.7499	-24.0917	-27.9092	-24.9022	-29.003	-25.652	-30.0176	-26.3482	-30.9533	-26.997
32.994	-26.7566	-24.1007	-27.9162	-24.9109	-29.0103	-25.6603	-30.0251	-26.3563	-30.9609	-27.0049
33.014	-26.7632	-24.1096	-27.9233	-24.9195	-29.0176	-25.6687	-30.0326	-26.3644	-30.9685	-27.0128
33.034	-26.7699	-24.1186	-27.9303	-24.9281	-29.0249	-25.6771	-30.04	-26.3725	-30.9761	-27.0207
33.0539	-26.7766	-24.1276	-27.9374	-24.9368	-29.0322	-25.6854	-30.0475	-26.3806	-30.9837	-27.0286
33.0739	-26.7833	-24.1365	-27.9445	-24.9454	-29.0395	-25.6938	-30.055	-26.3887	-30.9913	-27.0365
33.0938	-26.79	-24.1455	-27.9516	-24.954	-29.0469	-25.7021	-30.0625	-26.3968	-30.9989	-27.0444
33.1138	-26.7967	-24.1544	-27.9586	-24.9627	-29.0542	-25.7105	-30.07	-26.405	-31.0064	-27.0523
33.1338	-26.8034	-24.1634	-27.9657	-24.9713	-29.0615	-25.7188	-30.0774	-26.4131	-31.014	-27.0602
33.1537	-26.8101	-24.1724	-27.9728	-24.98	-29.0688	-25.7272	-30.0849	-26.4212	-31.0216	-27.0681
33.1737	-26.8168	-24.1813	-27.9798	-24.9886	-29.0761	-25.7355	-30.0924	-26.4293	-31.0292	-27.076
33.1936	-26.8235	-24.1903	-27.9869	-24.9972	-29.0835	-25.7439	-30.0999	-26.4374	-31.0368	-27.0839
33.2136	-26.8302	-24.1993	-27.994	-25.0059	-29.0908	-25.7523	-30.1074	-26.4455	-31.0444	-27.0918
33.2336	-26.8369	-24.2082	-28.0011	-25.0145	-29.0981	-25.7606	-30.1149	-26.4536	-31.052	-27.0997
33.2535	-26.8436	-24.2172	-28.0082	-25.0231	-29.1054	-25.769	-30.1223	-26.4617	-31.0596	-27.1076
33.2735	-26.8503	-24.2261	-28.0152	-25.0318	-29.1128	-25.7773	-30.1298	-26.4698	-31.0672	-27.1155
33.2934	-26.857	-24.2351	-28.0223	-25.0404	-29.1201	-25.7857	-30.1373	-26.478	-31.0747	-27.1234
33.3134	-26.8637	-24.2441	-28.0294	-25.0491	-29.1274	-25.794	-30.1448	-26.4861	-31.0823	-27.1313
33.3334	-26.8704	-24.2531	-28.0365	-25.0577	-29.1347	-25.8024	-30.1523	-26.4942	-31.0899	-27.1392
33.3533	-26.8771	-24.262	-28.0436	-25.0663	-29.1421	-25.8107	-30.1598	-26.5023	-31.0975	-27.1471
33.3733	-26.8839	-24.271	-28.0507	-25.075	-29.1494	-25.8191	-30.1673	-26.5104	-31.1051	-27.155
33.3932	-26.8906	-24.28	-28.0578	-25.0836	-29.1567	-25.8275	-30.1747	-26.5185	-31.1127	-27.1629
33.4132	-26.8973	-24.2889	-28.0649	-25.0923	-29.1641	-25.8358	-30.1822	-26.5266	-31.1203	-27.1708
33.4332	-26.9041	-24.2979	-28.072	-25.1009	-29.1714	-25.8442	-30.1897	-26.5347	-31.1279	-27.1787
33.4531	-26.9108	-24.3069	-28.0791	-25.1095	-29.1787	-25.8525	-30.1972	-26.5428	-31.1354	-27.1866
33.4731	-26.9175	-24.3159	-28.0862	-25.1182	-29.1861	-25.8609	-30.2047	-26.5509	-31.143	-27.1945
33.493	-26.9243	-24.3248	-28.0933	-25.1268	-29.1934	-25.8692	-30.2122	-26.559	-31.1506	-27.2024
33.513	-26.931	-24.3338	-28.1004	-25.1355	-29.2007	-25.8776	-30.2197	-26.5671	-31.1582	-27.2103
33.533	-26.9377	-24.3428	-28.1075	-25.1441	-29.2081	-25.8859	-30.2271	-26.5753	-31.1658	-27.2182
33.5529	-26.9445	-24.3518	-28.1146	-25.1528	-29.2154	-25.8943	-30.2346	-26.5834	-31.1734	-27.226
33.5729	-26.9512	-24.3607	-28.1217	-25.1614	-29.2227	-25.9027	-30.2421	-26.5915	-31.181	-27.2339
33.5928	-26.958	-24.3697	-28.1288	-25.17	-29.2301	-25.911	-30.2496	-26.5996	-31.1885	-27.2418
33.6128	-26.9647	-24.3787	-28.1359	-25.1787	-29.2374	-25.9194	-30.2571	-26.6077	-31.1961	-27.2497
33.6328	-26.9715	-24.3877	-28.143	-25.1873	-29.2448	-25.9277	-30.2646	-26.6158	-31.2037	-27.2576
33.6527	-26.9783	-24.3967	-28.1501	-25.196	-29.2521	-25.9361	-30.2721	-26.6239	-31.2113	-27.2655
33.6727	-26.985	-24.4056	-28.1572	-25.2046	-29.2594	-25.9444	-30.2796	-26.632	-31.2189	-27.2734
33.6926	-26.9918	-24.4146	-28.1643	-25.2133	-29.2668	-25.9528	-30.287	-26.6401	-31.2265	-27.2813
33.7126	-26.9985	-24.4236	-28.1715	-25.2219	-29.2741	-25.9611	-30.2945	-26.6482	-31.234	-27.2892
33.7326	-27.0053	-24.4326	-28.1786	-25.2305	-29.2815	-25.9695	-30.302	-26.6563	-31.2416	-27.297
33.7525	-27.0121	-24.4416	-28.1857	-25.2392	-29.2888	-25.9779	-30.3095	-26.6644	-31.2492	-27.3049
33.7725	-27.0188	-24.4505	-28.1928	-25.2478	-29.2962	-25.9862	-30.317	-26.6725	-31.2568	-27.3128
33.7924	-27.0256	-24.4595	-28.1999	-25.2565	-29.3035	-25.9946	-30.3245	-26.6806	-31.2644	-27.3207
33.8124	-27.0324	-24.4685	-28.2071	-25.2651	-29.3108	-26.0029	-30.332	-26.6887	-31.2719	-27.3286
33.8324	-27.0392	-24.4775	-28.2142	-25.2738	-29.3182	-26.0113	-30.3395	-26.6968	-31.2795	-27.3365
33.8523	-27.046	-24.4865	-28.2213	-25.2824	-29.3255	-26.0196	-30.3469	-26.7049	-31.2871	-27.3443
33.8723	-27.0527	-24.4955	-28.2284	-25.2911	-29.3329	-26.028	-30.3544	-26.713	-31.2947	-27.3522
33.8922	-27.0595	-24.5045	-28.2356	-25.2997	-29.3402	-26.0363	-30.3619	-26.7211	-31.3023	-27.3601
33.9122	-27.0663	-24.5134	-28.2427	-25.3084	-29.3476	-26.0447	-30.3694	-26.7292	-31.3098	-27.368
33.9322	-27.0731	-24.5224	-28.2498	-25.317	-29.3549	-26.053	-30.3769	-26.7373	-31.3174	-27.3759
33.9521	-27.0799	-24.5314	-28.257	-25.3257	-29.3623	-26.0614	-30.3844	-26.7454	-31.325	-27.3838
33.9721	-27.0867	-24.5404	-28.2641	-25.3343	-29.3696	-26.0697	-30.3919	-26.7535	-31.3326	-27.3916
33.992	-27.0935	-24.5494	-28.2712	-25.3429	-29.377	-26.0781	-30.3994	-26.7616	-31.3402	-27.3995
34.012	-27.1003	-24.5584	-28.2784	-25.3516	-29.3843	-26.0865	-30.4069	-26.7697	-31.3477	-27.4074
34.032	-27.1071	-24.5674	-28.2855	-25.3602	-29.3917	-26.0948	-30.4144	-26.7778	-31.3553	-27.4153
34.0519	-27.1139	-24.5764	-28.2926	-25.3689	-29.399	-26.1032	-30.4218	-26.7859	-31.3629	-27.4232
34.0719	-27.1207	-24.5854	-28.2998	-25.3775	-29.4064	-26.1115	-30.4293	-26.794	-31.3705	-27.431
34.0918	-27.1275	-24.5943	-28.3069	-25.3862	-29.4137	-26.1199	-30.4368	-26.8021	-31.3781	-27.4389
34.1118	-27.1343	-24.6033	-28.3141	-25.3948	-29.4211	-26.1282	-30.4443	-26.8102	-31.3856	-27.4468
34.1318	-27.1411	-24.6123	-28.3212	-25.4035	-29.4285	-26.1366	-30.4518	-26.8183	-31.3932	-27.4547
34.1517	-27.148	-24.6213	-28.3284	-25.4121	-29.4358	-26.1449	-30.4593	-26.8264	-31.4008	-27.4626
34.1717	-27.1548	-24.6303	-28.3355	-25.4208	-29.4432	-26.1533	-30.4668	-26.8345	-31.4084	-27.4704
34.1916	-27.1616	-24.6393	-28.3426	-25.4294	-29.4505	-26.1616	-30.4743	-26.8426	-31.4159	-27.4783
34.2116	-27.1684	-24.6483	-28.3498	-25.4381	-29.4579	-26.17	-30.4818	-26.8507	-31.4235	-27.4862
34.2316	-27.1752	-24.6573	-28.357	-25.4467	-29.4652	-26.1783	-30.4893	-26.8588	-31.4311	-27.4941
34.2515	-27.1821	-24.6663	-28.3641	-25.4554	-29.4726	-26.1867	-30.4967	-26.8669	-31.4387	-27.5019
34.2715	-27.1889	-24.6753	-28.3713	-25.464	-29.48	-26.195	-30.5042	-26.875	-31.4462	-27.5098
34.2914	-27.1957	-24.6843	-28.3784	-25.4727	-29.4873	-26.2034	-30.5117	-26.8831	-31.4538	-27.5177
34.3114	-27.2026	-24.6933	-28.3856	-25.4813	-29.4947	-26.2117	-30.5192	-26.8912	-31.4614	-27.5256
34.3314	-27.2094	-24.7023	-28.3927	-25.49	-29.5021	-26.2201	-30.5267	-26.8993	-31.469	-27.5334
34.3513	-27.2162	-24.7113	-28.3999	-25.4986	-29.5094	-26.2284	-30.5342	-26.9074	-31.4765	-27.5413
34.3713	-27.2231	-24.7203	-28.407	-25.5073	-29.5168	-26.2368	-30.5417	-26.9155	-31.4841	-27.5492
34.3912	-27.2299	-24.7293	-28.4142	-25.5159	-29.5241	-26.2451	-30.5492	-26.9236	-31.4917	-27.557
34.4112	-27.2368	-24.7383	-28.4214	-25.5246	-29.5315	-26.2535	-30.5567	-26.9317	-31.4993	-27.5649
34.4312	-27.2436	-24.7473	-28.4285	-25.5332	-29.5389	-26.2619	-30.5642	-26.9398	-31.5068	-27.5728
34.4511	-27.2505	-24.7563	-28.4357	-25.5419	-29.5462	-26.2702	-30.5717	-26.9479	-31.5144	-27.5807
34.4711	-27.2573	-24.7653	-28.4429	-25.5505	-29.5536	-26.2786	-30.5792	-26.956	-31.522	-27.5885
34.491	-27.2642	-24.7743	-28.45	-25.5592	-29.561	-26.2869	-30.5867	-26.9641	-31.5296	-27.5964
34.511	-27.271	-24.7833	-28.4572	-25.5678	-29.5683	-26.2953	-30.5941	-26.9721	-31.5371	-27.6043
34.531	-27.2779	-24.7923	-28.4644	-25.5765	-29.5757	-26.3036	-30.6016	-26.9802	-31.5447	-27.6121
34.5509	-27.2848	-24.8013	-28.4716	-25.5851	-29.5831	-26.312	-30.6091	-26.9883	-31.5523	-27.62
34.5709	-27.2916	-24.8103	-28.4787	-25.5938	-29.5904	-26.3203	-30.6166	-26.9964	-31.5598	-27.6279
34.5908	-27.2985	-24.8193	-28.4859	-25.6024	-29.5978	-26.3287	-30.6241	-27.0045	-31.5674	-27.6357
34.6108	-27.3054	-24.8283	-28.4931	-25.6111	-29.6052	-26.337	-30.6316	-27.0126	-31.575	-27.6436
34.6308	-27.3122	-24.8373	-28.5003	-25.6197	-29.6126	-26.3454	-30.6391	-27.0207	-31.5826	-27.6515
34.6507	-27.3191	-24.8463	-28.5074	-25.6284	-29.6199	-26.3537	-30.6466	-27.0288	-31.5901	-27.6593
34.6707	-27.326	-24.8553	-28.5146	-25.637	-29.6273	-26.362	-30.6541	-27.0369	-31.5977	-27.6672
34.6906	-27.3328	-24.8643	-28.5218	-25.6457	-29.6347	-26.3704	-30.6616	-27.045	-31.6053	-27.6751
34.7106	-27.3397	-24.8733	-28.529	-25.6543	-29.642	-26.3787	-30.6691	-27.0531	-31.6128	-27.6829
34.7306	-27.3466	-24.8823	-28.5362	-25.663	-29.6494	-26.3871	-30.6766	-27.0611	-31.6204	-27.6908
34.7505	-27.3535	-24.8913	-28.5433	-25.6716	-29.6568	-26.3954	-30.6841	-27.0692	-31.628	-27.6987
34.7705	-27.3604	-24.9003	-28.5505	-25.6803	-29.6642	-26.4038	-30.6915	-27.0773	-31.6355	-27.7065
34.7904	-27.3673	-24.9093	-28.5577	-25.6889	-29.6715	-26.4121	-30.699	-27.0854	-31.6431	-27.7144
34.8104	-27.3741	-24.9183	-28.5649	-25.6976	-29.6789	-26.4205	-30.7065	-27.0935	-31.6507	-27.7223
34.8304	-27.381	-24.9273	-28.5721	-25.7062	-29.6863	-26.4288	-30.714	-27.1016	-31.6582	-27.7301
34.8503	-27.3879	-24.9363	-28.5793	-25.7149	-29.6937	-26.4372	-30.7215	-27.1097	-31.6658	-27.738
34.8703	-27.3948	-24.9453	-28.5865	-25.7235	-29.701	-26.4455	-30.729	-27.1178	-31.6734	-27.7458
34.8902	-27.4017	-24.9543	-28.5937	-25.7322	-29.7084	-26.4539	-30.7365	-27.1258	-31.6809	-27.7537
34.9102	-27.4086	-24.9633	-28.6009	-25.7408	-29.7158	-26.4622	-30.744	-27.1339	-31.6885	-27.7616
34.9302	-27.4155	-24.9723	-28.6081	-25.7495	-29.7232	-26.4706	-30.7515	-27.142	-31.6961	-27.7694
34.9501	-27.4224	-24.9813	-28.6153	-25.7581	-29.7306	-26.4789	-30.759	-27.1501	-31.7036	-27.7773
34.9701	-27.4293	-24.9903	-28.6225	-25.7668	-29.7379	-26.4873	-30.7665	-27.1582	-31.7112	-27.7851
34.99	-27.4362	-24.9993	-28.6297	-25.7754	-29.7453	-26.4956	-30.774	-27.1663	-31.7188	-27.793
35.01	-27.4432	-25.0083	-28.6369	-25.7841	-29.7527	-26.504	-30.7815	-27.1744	-31.7263	-27.8009
35.03	-27.4501	-25.0174	-28.6441	-25.7927	-29.7601	-26.5123	-30.789	-27.1824	-31.7339	-27.8087
35.0499	-27.457	-25.0264	-28.6513	-25.8014	-29.7675	-26.5206	-30.7965	-27.1905	-31.7415	-27.8166
35.0699	-27.4639	-25.0354	-28.6585	-25.81	-29.7748	-26.529	-30.804	-27.1986	-31.749	-27.8244
35.0898	-27.4708	-25.0444	-28.6657	-25.8187	-29.7822	-26.5373	-30.8114	-27.2067	-31.7566	-27.8323
35.1098	-27.4777	-25.0534	-28.6729	-25.8273	-29.7896	-26.5457	-30.8189	-27.2148	-31.7641	-27.8401
35.1298	-27.4847	-25.0624	-28.6801	-25.836	-29.797	-26.554	-30.8264	-27.2229	-31.7717	-27.848
35.1497	-27.4916	-25.0714	-28.6873	-25.8446	-29.8044	-26.5624	-30.8339	-27.2309	-31.7793	-27.8559
35.1697	-27.4985	-25.0804	-28.6945	-25.8533	-29.8118	-26.5707	-30.8414	-27.239	-31.7868	-27.8637
35.1896	-27.5054	-25.0894	-28.7017	-25.8619	-29.8192	-26.5791	-30.8489	-27.2471	-31.7944	-27.8716
35.2096	-27.5124	-25.0984	-28.7089	-25.8706	-29.8265	-26.5874	-30.8564	-27.2552	-31.802	-27.8794
35.2296	-27.5193	-25.1074	-28.7161	-25.8792	-29.8339	-26.5957	-30.8639	-27.2633	-31.8095	-27.8873
35.2495	-27.5262	-25.1164	-28.7233	-25.8879	-29.8413	-26.6041	-30.8714	-27.2713	-31.8171	-27.8951
35.2695	-27.5332	-25.1254	-28.7306	-25.8965	-29.8487	-26.6124	-30.8789	-27.2794	-31.8246	-27.903
35.2894	-27.5401	-25.1345	-28.7378	-25.9051	-29.8561	-26.6208	-30.8864	-27.2875	-31.8322	-27.9108
35.3094	-27.5471	-25.1435	-28.745	-25.9138	-29.8635	-26.6291	-30.8939	-27.2956	-31.8397	-27.9187
35.3294	-27.554	-25.1525	-28.7522	-25.9224	-29.8709	-26.6375	-30.9014	-27.3037	-31.8473	-27.9265
35.3493	-27.561	-25.1615	-28.7594	-25.9311	-29.8783	-26.6458	-30.9089	-27.3117	-31.8549	-27.9344
35.3693	-27.5679	-25.1705	-28.7667	-25.9397	-29.8856	-26.6541	-30.9164	-27.3198	-31.8624	-27.9422
35.3892	-27.5748	-25.1795	-28.7739	-25.9484	-29.893	-26.6625	-30.9239	-27.3279	-31.87	-27.9501
35.4092	-27.5818	-25.1885	-28.7811	-25.957	-29.9004	-26.6708	-30.9313	-27.336	-31.8775	-27.9579
35.4292	-27.5888	-25.1975	-28.7883	-25.9657	-29.9078	-26.6792	-30.9388	-27.344	-31.8851	-27.9658
35.4491	-27.5957	-25.2065	-28.7956	-25.9743	-29.9152	-26.6875	-30.9463	-27.3521	-31.8927	-27.9736
35.4691	-27.6027	-25.2155	-28.8028	-25.983	-29.9226	-26.6958	-30.9538	-27.3602	-31.9002	-27.9815
35.489	-27.6096	-25.2245	-28.81	-25.9916	-29.93	-26.7042	-30.9613	-27.3683	-31.9078	-27.9893
35.509	-27.6166	-25.2336	-28.8172	-26.0003	-29.9374	-26.7125	-30.9688	-27.3764	-31.9153	-27.9972
35.529	-27.6235	-25.2426	-28.8245	-26.0089	-29.9448	-26.7209	-30.9763	-27.3844	-31.9229	-28.005
35.5489	-27.6305	-25.2516	-28.8317	-26.0176	-29.9522	-26.7292	-30.9838	-27.3925	-31.9304	-28.0129
35.5689	-27.6375	-25.2606	-28.8389	-26.0262	-29.9596	-26.7375	-30.9913	-27.4006	-31.938	-28.0207
35.5888	-27.6444	-25.2696	-28.8462	-26.0349	-29.967	-26.7459	-30.9988	-27.4086	-31.9455	-28.0286
35.6088	-27.6514	-25.2786	-28.8534	-26.0435	-29.9744	-26.7542	-31.0063	-27.4167	-31.9531	-28.0364
35.6288	-27.6584	-25.2876	-28.8606	-26.0522	-29.9818	-26.7625	-31.0138	-27.4248	-31.9607	-28.0442
35.6487	-27.6654	-25.2966	-28.8679	-26.0608	-29.9892	-26.7709	-31.0213	-27.4329	-31.9682	-28.0521
35.6687	-27.6723	-25.3056	-28.8751	-26.0695	-29.9965	-26.7792	-31.0288	-27.4409	-31.9758	-28.0599
35.6886	-27.6793	-25.3146	-28.8823	-26.0781	-30.0039	-26.7876	-31.0363	-27.449	-31.9833	-28.0678
35.7086	-27.6863	-25.3237	-28.8896	-26.0867	-30.0113	-26.7959	-31.0438	-27.4571	-31.9909	-28.0756
35.7286	-27.6933	-25.3327	-28.8968	-26.0954	-30.0187	-26.8042	-31.0513	-27.4652	-31.9984	-28.0835
35.7485	-27.7003	-25.3417	-28.9041	-26.104	-30.0261	-26.8126	-31.0587	-27.4732	-32.006	-28.0913
35.7685	-27.7073	-25.3507	-28.9113	-26.1127	-30.0335	-26.8209	-31.0662	-27.4813	-32.0135	-28.0991
35.7884	-27.7142	-25.3597	-28.9185	-26.1213	-30.0409	-26.8292	-31.0737	-27.4894	-32.0211	-28.107
35.8084	-27.7212	-25.3687	-28.9258	-26.13	-30.0483	-26.8376	-31.0812	-27.4974	-32.0286	-28.1148
35.8284	-27.7282	-25.3777	-28.933	-26.1386	-30.0557	-26.8459	-31.0887	-27.5055	-32.0362	-28.1227
35.8483	-27.7352	-25.3867	-28.9403	-26.1473	-30.0631	-26.8542	-31.0962	-27.5136	-32.0437	-28.1305
35.8683	-27.7422	-25.3957	-28.9475	-26.1559	-30.0705	-26.8626	-31.1037	-27.5216	-32.0513	-28.1383
35.8882	-27.7492	-25.4047	-28.9548	-26.1646	-30.0779	-26.8709	-31.1112	-27.5297	-32.0588	-28.1462
35.9082	-27.7562	-25.4137	-28.962	-26.1732	-30.0853	-26.8793	-31.1187	-27.5378	-32.0664	-28.154
35.9282	-27.7632	-25.4228	-28.9693	-26.1818	-30.0927	-26.8876	-31.1262	-27.5458	-32.0739	-28.1619
35.9481	-27.7702	-25.4318	-28.9765	-26.1905	-30.1001	-26.8959	-31.1337	-27.5539	-32.0815	-28.1697
35.9681	-27.7772	-25.4408	-28.9838	-26.1991	-30.1075	-26.9043	-31.1412	-27.562	-32.089	-28.1775
35.988	-27.7842	-25.4498	-28.991	-26.2078	-30.1149	-26.9126	-31.1487	-27.57	-32.0966	-28.1854
36.008	-27.7912	-25.4588	-28.9983	-26.2164	-30.1224	-26.9209	-31.1562	-27.5781	-32.1041	-28.1932
36.028	-27.7982	-25.4678	-29.0055	-26.2251	-30.1298	-26.9292	-31.1637	-27.5862	-32.1117	-28.201
36.0479	-27.8053	-25.4768	-29.0128	-26.2337	-30.1372	-26.9376	-31.1711	-27.5942	-32.1192	-28.2089
36.0679	-27.8123	-25.4858	-29.0201	-26.2423	-30.1446	-26.9459	-31.1786	-27.6023	-32.1268	-28.2167
36.0878	-27.8193	-25.4948	-29.0273	-26.251	-30.152	-26.9542	-31.1861	-27.6104	-32.1343	-28.2245
36.1078	-27.8263	-25.5038	-29.0346	-26.2596	-30.1594	-26.9626	-31.1936	-27.6184	-32.1418	-28.2324
36.1278	-27.8333	-25.5129	-29.0418	-26.2683	-30.1668	-26.9709	-31.2011	-27.6265	-32.1494	-28.2402
36.1477	-27.8403	-25.5219	-29.0491	-26.2769	-30.1742	-26.9792	-31.2086	-27.6346	-32.1569	-28.248
36.1677	-27.8474	-25.5309	-29.0564	-26.2856	-30.1816	-26.9876	-31.2161	-27.6426	-32.1645	-28.2559
36.1876	-27.8544	-25.5399	-29.0636	-26.2942	-30.189	-26.9959	-31.2236	-27.6507	-32.172	-28.2637
36.2076	-27.8614	-25.5489	-29.0709	-26.3028	-30.1964	-27.0042	-31.2311	-27.6587	-32.1796	-28.2715
36.2276	-27.8684	-25.5579	-29.0782	-26.3115	-30.2038	-27.0125	-31.2386	-27.6668	-32.1871	-28.2794
36.2475	-27.8755	-25.5669	-29.0854	-26.3201	-30.2112	-27.0209	-31.2461	-27.6749	-32.1947	-28.2872
36.2675	-27.8825	-25.5759	-29.0927	-26.3288	-30.2186	-27.0292	-31.2536	-27.6829	-32.2022	-28.295
36.2874	-27.8895	-25.5849	-29.1	-26.3374	-30.226	-27.0375	-31.2611	-27.691	-32.2097	-28.3029
36.3074	-27.8966	-25.5939	-29.1072	-26.346	-30.2334	-27.0459	-31.2686	-27.6991	-32.2173	-28.3107
36.3274	-27.9036	-25.6029	-29.1145	-26.3547	-30.2409	-27.0542	-31.276	-27.7071	-32.2248	-28.3185
36.3473	-27.9107	-25.6119	-29.1218	-26.3633	-30.2483	-27.0625	-31.2835	-27.7152	-32.2324	-28.3263
36.3673	-27.9177	-25.6209	-29.129	-26.372	-30.2557	-27.0708	-31.291	-27.7232	-32.2399	-28.3342
36.3872	-27.9247	-25.63	-29.1363	-26.3806	-30.2631	-27.0792	-31.2985	-27.7313	-32.2474	-28.342
36.4072	-27.9318	-25.639	-29.1436	-26.3892	-30.2705	-27.0875	-31.306	-27.7393	-32.255	-28.3498
36.4272	-27.9388	-25.648	-29.1509	-26.3979	-30.2779	-27.0958	-31.3135	-27.7474	-32.2625	-28.3577
36.4471	-27.9459	-25.657	-29.1581	-26.4065	-30.2853	-27.1041	-31.321	-27.7555	-32.2701	-28.3655
36.4671	-27.9529	-25.666	-29.1654	-26.4152	-30.2927	-27.1125	-31.3285	-27.7635	-32.2776	-28.3733
36.487	-27.96	-25.675	-29.1727	-26.4238	-30.3001	-27.1208	-31.336	-27.7716	-32.2851	-28.3811
36.507	-27.967	-25.684	-29.18	-26.4324	-30.3076	-27.1291	-31.3435	-27.7796	-32.2927	-28.389
36.527	-27.9741	-25.693	-29.1872	-26.4411	-30.315	-27.1374	-31.351	-27.7877	-32.3002	-28.3968
36.5469	-27.9811	-25.702	-29.1945	-26.4497	-30.3224	-27.1458	-31.3585	-27.7957	-32.3078	-28.4046
36.5669	-27.9882	-25.711	-29.2018	-26.4583	-30.3298	-27.1541	-31.3659	-27.8038	-32.3153	-28.4124
36.5868	-27.9953	-25.72	-29.2091	-26.467	-30.3372	-27.1624	-31.3734	-27.8118	-32.3228	-28.4202
36.6068	-28.0023	-25.729	-29.2164	-26.4756	-30.3446	-27.1707	-31.3809	-27.8199	-32.3304	-28.4281
36.6268	-28.0094	-25.738	-29.2237	-26.4842	-30.352	-27.179	-31.3884	-27.828	-32.3379	-28.4359
36.6467	-28.0164	-25.747	-29.2309	-26.4929	-30.3595	-27.1874	-31.3959	-27.836	-32.3454	-28.4437
36.6667	-28.0235	-25.756	-29.2382	-26.5015	-30.3669	-27.1957	-31.4034	-27.8441	-32.353	-28.4515
36.6866	-28.0306	-25.765	-29.2455	-26.5101	-30.3743	-27.204	-31.4109	-27.8521	-32.3605	-28.4594
36.7066	-28.0377	-25.7741	-29.2528	-26.5188	-30.3817	-27.2123	-31.4184	-27.8602	-32.368	-28.4672
36.7266	-28.0447	-25.7831	-29.2601	-26.5274	-30.3891	-27.2206	-31.4259	-27.8682	-32.3756	-28.475
36.7465	-28.0518	-25.7921	-29.2674	-26.536	-30.3965	-27.229	-31.4334	-27.8763	-32.3831	-28.4828
36.7665	-28.0589	-25.8011	-29.2747	-26.5447	-30.4039	-27.2373	-31.4409	-27.8843	-32.3906	-28.4906
36.7864	-28.0659	-25.8101	-29.282	-26.5533	-30.4114	-27.2456	-31.4483	-27.8924	-32.3982	-28.4985
36.8064	-28.073	-25.8191	-29.2892	-26.5619	-30.4188	-27.2539	-31.4558	-27.9004	-32.4057	-28.5063
36.8264	-28.0801	-25.8281	-29.2965	-26.5706	-30.4262	-27.2622	-31.4633	-27.9085	-32.4132	-28.5141
36.8463	-28.0872	-25.8371	-29.3038	-26.5792	-30.4336	-27.2706	-31.4708	-27.9165	-32.4208	-28.5219
36.8663	-28.0943	-25.8461	-29.3111	-26.5878	-30.441	-27.2789	-31.4783	-27.9246	-32.4283	-28.5297
36.8862	-28.1014	-25.8551	-29.3184	-26.5965	-30.4484	-27.2872	-31.4858	-27.9326	-32.4358	-28.5375
36.9062	-28.1084	-25.8641	-29.3257	-26.6051	-30.4559	-27.2955	-31.4933	-27.9407	-32.4434	-28.5454
36.9262	-28.1155	-25.8731	-29.333	-26.6137	-30.4633	-27.3038	-31.5008	-27.9487	-32.4509	-28.5532
36.9461	-28.1226	-25.8821	-29.3403	-26.6224	-30.4707	-27.3121	-31.5083	-27.9567	-32.4584	-28.561
36.9661	-28.1297	-25.8911	-29.3476	-26.631	-30.4781	-27.3205	-31.5158	-27.9648	-32.4659	-28.5688
36.986	-28.1368	-25.9001	-29.3549	-26.6396	-30.4855	-27.3288	-31.5232	-27.9728	-32.4735	-28.5766
37.006	-28.1439	-25.9091	-29.3622	-26.6482	-30.493	-27.3371	-31.5307	-27.9809	-32.481	-28.5844
37.026	-28.151	-25.9181	-29.3695	-26.6569	-30.5004	-27.3454	-31.5382	-27.9889	-32.4885	-28.5922
37.0459	-28.1581	-25.9271	-29.3768	-26.6655	-30.5078	-27.3537	-31.5457	-27.997	-32.4961	-28.6
37.0659	-28.1652	-25.9361	-29.3841	-26.6741	-30.5152	-27.362	-31.5532	-28.005	-32.5036	-28.6079
37.0858	-28.1723	-25.9451	-29.3914	-26.6828	-30.5226	-27.3703	-31.5607	-28.0131	-32.5111	-28.6157
37.1058	-28.1794	-25.9541	-29.3987	-26.6914	-30.5301	-27.3786	-31.5682	-28.0211	-32.5186	-28.6235
37.1258	-28.1865	-25.9631	-29.406	-26.7	-30.5375	-27.387	-31.5757	-28.0291	-32.5262	-28.6313
37.1457	-28.1936	-25.9721	-29.4133	-26.7086	-30.5449	-27.3953	-31.5832	-28.0372	-32.5337	-28.6391
37.1657	-28.2007	-25.9811	-29.4206	-26.7173	-30.5523	-27.4036	-31.5906	-28.0452	-32.5412	-28.6469
37.1856	-28.2078	-25.9901	-29.4279	-26.7259	-30.5598	-27.4119	-31.5981	-28.0533	-32.5487	-28.6547
37.2056	-28.2149	-25.9991	-29.4352	-26.7345	-30.5672	-27.4202	-31.6056	-28.0613	-32.5563	-28.6625
37.2256	-28.222	-26.0081	-29.4426	-26.7431	-30.5746	-27.4285	-31.6131	-28.0693	-32.5638	-28.6703
37.2455	-28.2292	-26.0171	-29.4499	-26.7518	-30.582	-27.4368	-31.6206	-28.0774	-32.5713	-28.6781
37.2655	-28.2363	-26.0261	-29.4572	-26.7604	-30.5894	-27.4451	-31.6281	-28.0854	-32.5788	-28.686
37.2854	-28.2434	-26.0351	-29.4645	-26.769	-30.5969	-27.4534	-31.6356	-28.0935	-32.5864	-28.6938
37.3054	-28.2505	-26.0441	-29.4718	-26.7776	-30.6043	-27.4617	-31.6431	-28.1015	-32.5939	-28.7016
37.3254	-28.2576	-26.053	-29.4791	-26.7863	-30.6117	-27.47	-31.6505	-28.1095	-32.6014	-28.7094
37.3453	-28.2647	-26.062	-29.4864	-26.7949	-30.6191	-27.4784	-31.658	-28.1176	-32.6089	-28.7172
37.3653	-28.2719	-26.071	-29.4937	-26.8035	-30.6266	-27.4867	-31.6655	-28.1256	-32.6164	-28.725
37.3852	-28.279	-26.08	-29.5011	-26.8121	-30.634	-27.495	-31.673	-28.1337	-32.624	-28.7328
37.4052	-28.2861	-26.089	-29.5084	-26.8207	-30.6414	-27.5033	-31.6805	-28.1417	-32.6315	-28.7406
37.4252	-28.2933	-26.098	-29.5157	-26.8294	-30.6488	-27.5116	-31.688	-28.1497	-32.639	-28.7484
37.4451	-28.3004	-26.107	-29.523	-26.838	-30.6563	-27.5199	-31.6955	-28.1578	-32.6465	-28.7562
37.4651	-28.3075	-26.116	-29.5303	-26.8466	-30.6637	-27.5282	-31.7029	-28.1658	-32.654	-28.764
37.485	-28.3146	-26.125	-29.5376	-26.8552	-30.6711	-27.5365	-31.7104	-28.1738	-32.6616	-28.7718
37.505	-28.3218	-26.134	-29.545	-26.8638	-30.6785	-27.5448	-31.7179	-28.1819	-32.6691	-28.7796
37.525	-28.3289	-26.143	-29.5523	-26.8725	-30.686	-27.5531	-31.7254	-28.1899	-32.6766	-28.7874
37.5449	-28.336	-26.152	-29.5596	-26.8811	-30.6934	-27.5614	-31.7329	-28.1979	-32.6841	-28.7952
37.5649	-28.3432	-26.161	-29.5669	-26.8897	-30.7008	-27.5697	-31.7404	-28.206	-32.6916	-28.803
37.5848	-28.3503	-26.1699	-29.5742	-26.8983	-30.7082	-27.578	-31.7479	-28.214	-32.6992	-28.8108
37.6048	-28.3575	-26.1789	-29.5816	-26.9069	-30.7157	-27.5863	-31.7553	-28.222	-32.7067	-28.8186
37.6248	-28.3646	-26.1879	-29.5889	-26.9155	-30.7231	-27.5946	-31.7628	-28.2301	-32.7142	-28.8264
37.6447	-28.3717	-26.1969	-29.5962	-26.9242	-30.7305	-27.6029	-31.7703	-28.2381	-32.7217	-28.8342
37.6647	-28.3789	-26.2059	-29.6035	-26.9328	-30.7379	-27.6112	-31.7778	-28.2461	-32.7292	-28.842
37.6846	-28.386	-26.2149	-29.6109	-26.9414	-30.7454	-27.6195	-31.7853	-28.2541	-32.7367	-28.8498
37.7046	-28.3932	-26.2239	-29.6182	-26.95	-30.7528	-27.6278	-31.7928	-28.2622	-32.7442	-28.8576
37.7246	-28.4003	-26.2329	-29.6255	-26.9586	-30.7602	-27.6361	-31.8002	-28.2702	-32.7518	-28.8654
37.7445	-28.4075	-26.2419	-29.6328	-26.9672	-30.7677	-27.6444	-31.8077	-28.2782	-32.7593	-28.8732
37.7645	-28.4146	-26.2508	-29.6402	-26.9758	-30.7751	-27.6527	-31.8152	-28.2863	-32.7668	-28.881
37.7844	-28.4218	-26.2598	-29.6475	-26.9845	-30.7825	-27.661	-31.8227	-28.2943	-32.7743	-28.8888
37.8044	-28.429	-26.2688	-29.6548	-26.9931	-30.7899	-27.6693	-31.8302	-28.3023	-32.7818	-28.8966
37.8244	-28.4361	-26.2778	-29.6622	-27.0017	-30.7974	-27.6776	-31.8377	-28.3103	-32.7893	-28.9044
37.8443	-28.4433	-26.2868	-29.6695	-27.0103	-30.8048	-27.6859	-31.8451	-28.3184	-32.7968	-28.9122
37.8643	-28.4504	-26.2958	-29.6768	-27.0189	-30.8122	-27.6942	-31.8526	-28.3264	-32.8043	-28.92
37.8842	-28.4576	-26.3047	-29.6842	-27.0275	-30.8197	-27.7025	-31.8601	-28.3344	-32.8119	-28.9278
37.9042	-28.4648	-26.3137	-29.6915	-27.0361	-30.8271	-27.7108	-31.8676	-28.3424	-32.8194	-28.9356
37.9242	-28.4719	-26.3227	-29.6988	-27.0447	-30.8345	-27.719	-31.8751	-28.3505	-32.8269	-28.9434
37.9441	-28.4791	-26.3317	-29.7062	-27.0533	-30.842	-27.7273	-31.8826	-28.3585	-32.8344	-28.9511
37.9641	-28.4862	-26.3407	-29.7135	-27.0619	-30.8494	-27.7356	-31.89	-28.3665	-32.8419	-28.9589
37.984	-28.4934	-26.3497	-29.7208	-27.0706	-30.8568	-27.7439	-31.8975	-28.3745	-32.8494	-28.9667
38.004	-28.5006	-26.3586	-29.7282	-27.0792	-30.8642	-27.7522	-31.905	-28.3826	-32.8569	-28.9745
38.024	-28.5078	-26.3676	-29.7355	-27.0878	-30.8717	-27.7605	-31.9125	-28.3906	-32.8644	-28.9823
38.0439	-28.5149	-26.3766	-29.7428	-27.0964	-30.8791	-27.7688	-31.92	-28.3986	-32.8719	-28.9901
38.0639	-28.5221	-26.3856	-29.7502	-27.105	-30.8865	-27.7771	-31.9274	-28.4066	-32.8794	-28.9979
38.0838	-28.5293	-26.3946	-29.7575	-27.1136	-30.894	-27.7854	-31.9349	-28.4146	-32.8869	-29.0057
38.1038	-28.5365	-26.4035	-29.7649	-27.1222	-30.9014	-27.7937	-31.9424	-28.4227	-32.8944	-29.0135
38.1238	-28.5436	-26.4125	-29.7722	-27.1308	-30.9088	-27.802	-31.9499	-28.4307	-32.9019	-29.0213
38.1437	-28.5508	-26.4215	-29.7795	-27.1394	-30.9163	-27.8102	-31.9574	-28.4387	-32.9094	-29.029
38.1637	-28.558	-26.4305	-29.7869	-27.148	-30.9237	-27.8185	-31.9648	-28.4467	-32.917	-29.0368
38.1836	-28.5652	-26.4394	-29.7942	-27.1566	-30.9311	-27.8268	-31.9723	-28.4547	-32.9245	-29.0446
38.2036	-28.5724	-26.4484	-29.8016	-27.1652	-30.9386	-27.8351	-31.9798	-28.4628	-32.932	-29.0524
38.2236	-28.5795	-26.4574	-29.8089	-27.1738	-30.946	-27.8434	-31.9873	-28.4708	-32.9395	-29.0602
38.2435	-28.5867	-26.4664	-29.8163	-27.1824	-30.9534	-27.8517	-31.9948	-28.4788	-32.947	-29.068
38.2635	-28.5939	-26.4753	-29.8236	-27.191	-30.9609	-27.86	-32.0022	-28.4868	-32.9545	-29.0758
38.2834	-28.6011	-26.4843	-29.8309	-27.1996	-30.9683	-27.8682	-32.0097	-28.4948	-32.962	-29.0835
38.3034	-28.6083	-26.4933	-29.8383	-27.2082	-30.9757	-27.8765	-32.0172	-28.5028	-32.9695	-29.0913
38.3234	-28.6155	-26.5023	-29.8456	-27.2168	-30.9831	-27.8848	-32.0247	-28.5108	-32.977	-29.0991
38.3433	-28.6227	-26.5112	-29.853	-27.2254	-30.9906	-27.8931	-32.0322	-28.5189	-32.9845	-29.1069
38.3633	-28.6299	-26.5202	-29.8603	-27.234	-30.998	-27.9014	-32.0396	-28.5269	-32.992	-29.1147
38.3832	-28.6371	-26.5292	-29.8677	-27.2426	-31.0054	-27.9097	-32.0471	-28.5349	-32.9995	-29.1225
38.4032	-28.6443	-26.5381	-29.875	-27.2512	-31.0129	-27.9179	-32.0546	-28.5429	-33.007	-29.1302
38.4232	-28.6515	-26.5471	-29.8824	-27.2598	-31.0203	-27.9262	-32.0621	-28.5509	-33.0145	-29.138
38.4431	-28.6587	-26.5561	-29.8897	-27.2684	-31.0277	-27.9345	-32.0695	-28.5589	-33.022	-29.1458
38.4631	-28.6659	-26.565	-29.8971	-27.277	-31.0352	-27.9428	-32.077	-28.5669	-33.0295	-29.1536
38.483	-28.6731	-26.574	-29.9044	-27.2856	-31.0426	-27.9511	-32.0845	-28.5749	-33.037	-29.1614
38.503	-28.6803	-26.583	-29.9118	-27.2942	-31.05	-27.9593	-32.092	-28.583	-33.0445	-29.1691
38.523	-28.6875	-26.5919	-29.9191	-27.3028	-31.0575	-27.9676	-32.0995	-28.591	-33.052	-29.1769
38.5429	-28.6947	-26.6009	-29.9265	-27.3113	-31.0649	-27.9759	-32.1069	-28.599	-33.0595	-29.1847
38.5629	-28.7019	-26.6099	-29.9339	-27.3199	-31.0723	-27.9842	-32.1144	-28.607	-33.0669	-29.1925
38.5828	-28.7091	-26.6188	-29.9412	-27.3285	-31.0798	-27.9924	-32.1219	-28.615	-33.0744	-29.2003
38.6028	-28.7163	-26.6278	-29.9486	-27.3371	-31.0872	-28.0007	-32.1294	-28.623	-33.0819	-29.208
38.6228	-28.7235	-26.6368	-29.9559	-27.3457	-31.0947	-28.009	-32.1368	-28.631	-33.0894	-29.2158
38.6427	-28.7307	-26.6457	-29.9633	-27.3543	-31.1021	-28.0173	-32.1443	-28.639	-33.0969	-29.2236
38.6627	-28.7379	-26.6547	-29.9706	-27.3629	-31.1095	-28.0255	-32.1518	-28.647	-33.1044	-29.2314
38.6826	-28.7451	-26.6637	-29.978	-27.3715	-31.117	-28.0338	-32.1593	-28.655	-33.1119	-29.2391
38.7026	-28.7524	-26.6726	-29.9853	-27.3801	-31.1244	-28.0421	-32.1667	-28.663	-33.1194	-29.2469
38.7226	-28.7596	-26.6816	-29.9927	-27.3887	-31.1318	-28.0504	-32.1742	-28.671	-33.1269	-29.2547
38.7425	-28.7668	-26.6905	-30.0001	-27.3972	-31.1393	-28.0586	-32.1817	-28.679	-33.1344	-29.2625
38.7625	-28.774	-26.6995	-30.0074	-27.4058	-31.1467	-28.0669	-32.1892	-28.687	-33.1419	-29.2702
38.7824	-28.7812	-26.7085	-30.0148	-27.4144	-31.1541	-28.0752	-32.1966	-28.695	-33.1494	-29.278
38.8024	-28.7884	-26.7174	-30.0221	-27.423	-31.1616	-28.0834	-32.2041	-28.703	-33.1569	-29.2858
38.8224	-28.7957	-26.7264	-30.0295	-27.4316	-31.169	-28.0917	-32.2116	-28.7111	-33.1643	-29.2936
38.8423	-28.8029	-26.7353	-30.0369	-27.4402	-31.1764	-28.1	-32.219	-28.7191	-33.1718	-29.3013
38.8623	-28.8101	-26.7443	-30.0442	-27.4488	-31.1839	-28.1083	-32.2265	-28.7271	-33.1793	-29.3091
38.8822	-28.8173	-26.7532	-30.0516	-27.4573	-31.1913	-28.1165	-32.234	-28.7351	-33.1868	-29.3169
38.9022	-28.8246	-26.7622	-30.059	-27.4659	-31.1987	-28.1248	-32.2415	-28.7431	-33.1943	-29.3246
38.9222	-28.8318	-26.7711	-30.0663	-27.4745	-31.2062	-28.1331	-32.2489	-28.7511	-33.2018	-29.3324
38.9421	-28.839	-26.7801	-30.0737	-27.4831	-31.2136	-28.1413	-32.2564	-28.7591	-33.2093	-29.3402
38.9621	-28.8463	-26.7891	-30.081	-27.4917	-31.221	-28.1496	-32.2639	-28.7671	-33.2168	-29.348
38.982	-28.8535	-26.798	-30.0884	-27.5002	-31.2285	-28.1579	-32.2713	-28.775	-33.2243	-29.3557
39.002	-28.8607	-26.807	-30.0958	-27.5088	-31.2359	-28.1661	-32.2788	-28.783	-33.2317	-29.3635
39.022	-28.868	-26.8159	-30.1031	-27.5174	-31.2434	-28.1744	-32.2863	-28.791	-33.2392	-29.3713
39.0419	-28.8752	-26.8249	-30.1105	-27.526	-31.2508	-28.1826	-32.2938	-28.799	-33.2467	-29.379
39.0619	-28.8824	-26.8338	-30.1179	-27.5345	-31.2582	-28.1909	-32.3012	-28.807	-33.2542	-29.3868
39.0818	-28.8897	-26.8428	-30.1252	-27.5431	-31.2657	-28.1992	-32.3087	-28.815	-33.2617	-29.3946
39.1018	-28.8969	-26.8517	-30.1326	-27.5517	-31.2731	-28.2074	-32.3162	-28.823	-33.2692	-29.4023
39.1218	-28.9041	-26.8606	-30.14	-27.5603	-31.2805	-28.2157	-32.3236	-28.831	-33.2766	-29.4101
39.1417	-28.9114	-26.8696	-30.1474	-27.5688	-31.288	-28.224	-32.3311	-28.839	-33.2841	-29.4179
39.1617	-28.9186	-26.8785	-30.1547	-27.5774	-31.2954	-28.2322	-32.3386	-28.847	-33.2916	-29.4256
39.1816	-28.9259	-26.8875	-30.1621	-27.586	-31.3028	-28.2405	-32.346	-28.855	-33.2991	-29.4334
39.2016	-28.9331	-26.8964	-30.1695	-27.5946	-31.3103	-28.2487	-32.3535	-28.863	-33.3066	-29.4412
39.2216	-28.9404	-26.9054	-30.1768	-27.6031	-31.3177	-28.257	-32.361	-28.871	-33.314	-29.4489
39.2415	-28.9476	-26.9143	-30.1842	-27.6117	-31.3252	-28.2652	-32.3684	-28.879	-33.3215	-29.4567
39.2615	-28.9549	-26.9233	-30.1916	-27.6203	-31.3326	-28.2735	-32.3759	-28.887	-33.329	-29.4644
39.2814	-28.9621	-26.9322	-30.199	-27.6289	-31.34	-28.2818	-32.3834	-28.895	-33.3365	-29.4722
39.3014	-28.9694	-26.9411	-30.2063	-27.6374	-31.3475	-28.29	-32.3908	-28.9029	-33.344	-29.48
39.3214	-28.9766	-26.9501	-30.2137	-27.646	-31.3549	-28.2983	-32.3983	-28.9109	-33.3514	-29.4877
39.3413	-28.9839	-26.959	-30.2211	-27.6546	-31.3623	-28.3065	-32.4058	-28.9189	-33.3589	-29.4955
39.3613	-28.9911	-26.968	-30.2284	-27.6631	-31.3698	-28.3148	-32.4132	-28.9269	-33.3664	-29.5033
39.3812	-28.9984	-26.9769	-30.2358	-27.6717	-31.3772	-28.323	-32.4207	-28.9349	-33.3739	-29.511
39.4012	-29.0056	-26.9858	-30.2432	-27.6803	-31.3846	-28.3313	-32.4282	-28.9429	-33.3814	-29.5188
39.4212	-29.0129	-26.9948	-30.2506	-27.6888	-31.3921	-28.3395	-32.4356	-28.9509	-33.3888	-29.5265
39.4411	-29.0201	-27.0037	-30.2579	-27.6974	-31.3995	-28.3478	-32.4431	-28.9589	-33.3963	-29.5343
39.4611	-29.0274	-27.0126	-30.2653	-27.706	-31.407	-28.356	-32.4506	-28.9668	-33.4038	-29.542
39.481	-29.0347	-27.0216	-30.2727	-27.7145	-31.4144	-28.3643	-32.458	-28.9748	-33.4113	-29.5498
39.501	-29.0419	-27.0305	-30.2801	-27.7231	-31.4218	-28.3725	-32.4655	-28.9828	-33.4187	-29.5576
39.521	-29.0492	-27.0394	-30.2875	-27.7316	-31.4293	-28.3808	-32.473	-28.9908	-33.4262	-29.5653
39.5409	-29.0564	-27.0484	-30.2948	-27.7402	-31.4367	-28.389	-32.4804	-28.9988	-33.4337	-29.5731
39.5609	-29.0637	-27.0573	-30.3022	-27.7488	-31.4441	-28.3973	-32.4879	-29.0068	-33.4411	-29.5808
39.5808	-29.071	-27.0662	-30.3096	-27.7573	-31.4516	-28.4055	-32.4954	-29.0148	-33.4486	-29.5886
39.6008	-29.0782	-27.0752	-30.317	-27.7659	-31.459	-28.4138	-32.5028	-29.0227	-33.4561	-29.5963
39.6208	-29.0855	-27.0841	-30.3244	-27.7744	-31.4665	-28.422	-32.5103	-29.0307	-33.4636	-29.6041
39.6407	-29.0928	-27.093	-30.3317	-27.783	-31.4739	-28.4303	-32.5177	-29.0387	-33.471	-29.6119
39.6607	-29.1001	-27.102	-30.3391	-27.7916	-31.4813	-28.4385	-32.5252	-29.0467	-33.4785	-29.6196
39.6806	-29.1073	-27.1109	-30.3465	-27.8001	-31.4888	-28.4468	-32.5327	-29.0547	-33.486	-29.6274
39.7006	-29.1146	-27.1198	-30.3539	-27.8087	-31.4962	-28.455	-32.5401	-29.0626	-33.4934	-29.6351
39.7206	-29.1219	-27.1287	-30.3613	-27.8172	-31.5036	-28.4633	-32.5476	-29.0706	-33.5009	-29.6429
39.7405	-29.1291	-27.1377	-30.3686	-27.8258	-31.5111	-28.4715	-32.555	-29.0786	-33.5084	-29.6506
39.7605	-29.1364	-27.1466	-30.376	-27.8343	-31.5185	-28.4797	-32.5625	-29.0866	-33.5158	-29.6584
39.7804	-29.1437	-27.1555	-30.3834	-27.8429	-31.5259	-28.488	-32.57	-29.0945	-33.5233	-29.6661
39.8004	-29.151	-27.1644	-30.3908	-27.8514	-31.5334	-28.4962	-32.5774	-29.1025	-33.5308	-29.6739
39.8204	-29.1582	-27.1733	-30.3982	-27.86	-31.5408	-28.5045	-32.5849	-29.1105	-33.5382	-29.6816
39.8403	-29.1655	-27.1823	-30.4056	-27.8685	-31.5483	-28.5127	-32.5923	-29.1185	-33.5457	-29.6894
39.8603	-29.1728	-27.1912	-30.4129	-27.8771	-31.5557	-28.5209	-32.5998	-29.1264	-33.5532	-29.6971
39.8802	-29.1801	-27.2001	-30.4203	-27.8856	-31.5631	-28.5292	-32.6073	-29.1344	-33.5606	-29.7049
39.9002	-29.1874	-27.209	-30.4277	-27.8942	-31.5706	-28.5374	-32.6147	-29.1424	-33.5681	-29.7126
39.9202	-29.1946	-27.2179	-30.4351	-27.9027	-31.578	-28.5457	-32.6222	-29.1504	-33.5756	-29.7204
39.9401	-29.2019	-27.2269	-30.4425	-27.9113	-31.5854	-28.5539	-32.6296	-29.1583	-33.583	-29.7281
39.9601	-29.2092	-27.2358	-30.4499	-27.9198	-31.5929	-28.5621	-32.6371	-29.1663	-33.5905	-29.7359
39.98	-29.2165	-27.2447	-30.4573	-27.9284	-31.6003	-28.5704	-32.6446	-29.1743	-33.598	-29.7436
40	-29.2238	-27.2536	-30.4647	-27.9369	-31.6077	-28.5786	-32.652	-29.1823	-33.6054	-29.7513
