Freq_GHz	Norm_dB
0.1	-1.9627498e-05
0.109982	-2.4499533e-05
0.11996399	-2.9834791e-05
0.12994599	-3.5633277e-05
0.13992799	-4.1894994e-05
0.14990998	-4.8619948e-05
0.15989198	-5.5808143e-05
0.16987397	-6.3459586e-05
0.17985597	-7.1574282e-05
0.18983797	-8.0152238e-05
0.19981996	-8.919346e-05
0.20980196	-9.8697956e-05
0.21978396	-0.00010866573
0.22976595	-0.0001190968
0.23974795	-0.00012999116
0.24972995	-0.00014134883
0.25971194	-0.00015316981
0.26969394	-0.00016545411
0.27967594	-0.00017820175
0.28965793	-0.00019141273
0.29963993	-0.00020508706
0.30962192	-0.00021922476
0.31960392	-0.00023382583
0.32958592	-0.00024889029
0.33956791	-0.00026441814
0.34954991	-0.00028040941
0.35953191	-0.0002968641
0.3695139	-0.00031378222
0.3794959	-0.00033116379
0.3894779	-0.00034900882
0.39945989	-0.00036731733
0.40944189	-0.00038608933
0.41942388	-0.00040532484
0.42940588	-0.00042502386
0.43938788	-0.00044518642
0.44936987	-0.00046581253
0.45935187	-0.00048690221
0.46933387	-0.00050845547
0.47931586	-0.00053047233
0.48929786	-0.00055295281
0.49927986	-0.00057589692
0.50926185	-0.00059930469
0.51924385	-0.00062317613
0.52922585	-0.00064751125
0.53920784	-0.00067231009
0.54918984	-0.00069757265
0.55917183	-0.00072329896
0.56915383	-0.00074948904
0.57913583	-0.0007761429
0.58911782	-0.00080326058
0.59909982	-0.00083084208
0.60908182	-0.00085888744
0.61906381	-0.00088739667
0.62904581	-0.00091636979
0.63902781	-0.00094580684
0.6490098	-0.00097570782
0.6589918	-0.0010060728
0.66897379	-0.0010369017
0.67895579	-0.0010681947
0.68893779	-0.0010999516
0.69891978	-0.0011321727
0.70890178	-0.0011648578
0.71888378	-0.0011980071
0.72886577	-0.0012316204
0.73884777	-0.001265698
0.74882977	-0.0013002397
0.75881176	-0.0013352457
0.76879376	-0.0013707159
0.77877576	-0.0014066503
0.78875775	-0.0014430491
0.79873975	-0.0014799122
0.80872174	-0.0015172396
0.81870374	-0.0015550315
0.82868574	-0.0015932877
0.83866773	-0.0016320084
0.84864973	-0.0016711936
0.85863173	-0.0017108433
0.86861372	-0.0017509575
0.87859572	-0.0017915363
0.88857772	-0.0018325797
0.89855971	-0.0018740877
0.90854171	-0.0019160604
0.9185237	-0.0019584977
0.9285057	-0.0020013998
0.9384877	-0.0020447667
0.94846969	-0.0020885984
0.95845169	-0.0021328949
0.96843369	-0.0021776562
0.97841568	-0.0022228825
0.98839768	-0.0022685737
0.99837968	-0.0023147299
1.0083617	-0.002361351
1.0183437	-0.0024084373
1.0283257	-0.0024559885
1.0383077	-0.002504005
1.0482897	-0.0025524865
1.0582717	-0.0026014333
1.0682537	-0.0026508453
1.0782356	-0.0027007225
1.0882176	-0.0027510651
1.0981996	-0.002801873
1.1081816	-0.0028531463
1.1181636	-0.002904885
1.1281456	-0.0029570892
1.1381276	-0.0030097589
1.1481096	-0.0030628942
1.1580916	-0.003116495
1.1680736	-0.0031705615
1.1780556	-0.0032250936
1.1880376	-0.0032800915
1.1980196	-0.0033355551
1.2080016	-0.0033914845
1.2179836	-0.0034478797
1.2279656	-0.0035047409
1.2379476	-0.003562068
1.2479296	-0.003619861
1.2579116	-0.0036781201
1.2678936	-0.0037368452
1.2778756	-0.0037960365
1.2878576	-0.0038556939
1.2978396	-0.0039158175
1.3078216	-0.0039764074
1.3178036	-0.0040374636
1.3277856	-0.0040989861
1.3377676	-0.004160975
1.3477495	-0.0042234304
1.3577315	-0.0042863522
1.3677135	-0.0043497406
1.3776955	-0.0044135956
1.3876775	-0.0044779172
1.3976595	-0.0045427055
1.4076415	-0.0046079606
1.4176235	-0.0046736824
1.4276055	-0.0047398711
1.4375875	-0.0048065266
1.4475695	-0.0048736491
1.4575515	-0.0049412387
1.4675335	-0.0050092952
1.4775155	-0.0050778189
1.4874975	-0.0051468097
1.4974795	-0.0052162677
1.5074615	-0.005286193
1.5174435	-0.0053565856
1.5274255	-0.0054274456
1.5374075	-0.005498773
1.5473895	-0.0055705679
1.5573715	-0.0056428303
1.5673535	-0.0057155603
1.5773355	-0.005788758
1.5873175	-0.0058624234
1.5972995	-0.0059365565
1.6072815	-0.0060111575
1.6172635	-0.0060862263
1.6272454	-0.0061617631
1.6372274	-0.0062377679
1.6472094	-0.0063142407
1.6571914	-0.0063911817
1.6671734	-0.0064685908
1.6771554	-0.0065464681
1.6871374	-0.0066248138
1.6971194	-0.0067036278
1.7071014	-0.0067829102
1.7170834	-0.0068626611
1.7270654	-0.0069428806
1.7370474	-0.0070235686
1.7470294	-0.0071047254
1.7570114	-0.0071863508
1.7669934	-0.007268445
1.7769754	-0.0073510081
1.7869574	-0.0074340401
1.7969394	-0.0075175411
1.8069214	-0.0076015112
1.8169034	-0.0076859503
1.8268854	-0.0077708587
1.8368674	-0.0078562362
1.8468494	-0.0079420831
1.8568314	-0.0080283994
1.8668134	-0.0081151851
1.8767954	-0.0082024403
1.8867774	-0.0082901652
1.8967594	-0.0083783596
1.9067413	-0.0084670238
1.9167233	-0.0085561577
1.9267053	-0.0086457615
1.9366873	-0.0087358353
1.9466693	-0.008826379
1.9566513	-0.0089173928
1.9666333	-0.0090088767
1.9766153	-0.0091008308
1.9865973	-0.0091932552
1.9965793	-0.00928615
2.0065613	-0.0093795151
2.0165433	-0.0094733508
2.0265253	-0.009567657
2.0365073	-0.0096624339
2.0464893	-0.0097576814
2.0564713	-0.0098533998
2.0664533	-0.009949589
2.0764353	-0.010046249
2.0864173	-0.01014338
2.0963993	-0.010240983
2.1063813	-0.010339056
2.1163633	-0.010437601
2.1263453	-0.010536617
2.1363273	-0.010636104
2.1463093	-0.010736063
2.1562913	-0.010836493
2.1662733	-0.010937395
2.1762553	-0.011038769
2.1862372	-0.011140614
2.1962192	-0.011242931
2.2062012	-0.01134572
2.2161832	-0.011448982
2.2261652	-0.011552715
2.2361472	-0.01165692
2.2461292	-0.011761598
2.2561112	-0.011866748
2.2660932	-0.011972371
2.2760752	-0.012078466
2.2860572	-0.012185033
2.2960392	-0.012292074
2.3060212	-0.012399587
2.3160032	-0.012507572
2.3259852	-0.012616031
2.3359672	-0.012724963
2.3459492	-0.012834368
2.3559312	-0.012944246
2.3659132	-0.013054597
2.3758952	-0.013165421
2.3858772	-0.013276719
2.3958592	-0.013388491
2.4058412	-0.013500736
2.4158232	-0.013613454
2.4258052	-0.013726647
2.4357872	-0.013840313
2.4457692	-0.013954454
2.4557512	-0.014069068
2.4657331	-0.014184156
2.4757151	-0.014299719
2.4856971	-0.014415756
2.4956791	-0.014532267
2.5056611	-0.014649253
2.5156431	-0.014766713
2.5256251	-0.014884648
2.5356071	-0.015003058
2.5455891	-0.015121943
2.5555711	-0.015241302
2.5655531	-0.015361137
2.5755351	-0.015481447
2.5855171	-0.015602231
2.5954991	-0.015723492
2.6054811	-0.015845227
2.6154631	-0.015967438
2.6254451	-0.016090125
2.6354271	-0.016213287
2.6454091	-0.016336925
2.6553911	-0.016461039
2.6653731	-0.016585629
2.6753551	-0.016710695
2.6853371	-0.016836237
2.6953191	-0.016962255
2.7053011	-0.01708875
2.7152831	-0.017215721
2.7252651	-0.017343169
2.735247	-0.017471093
2.745229	-0.017599494
2.755211	-0.017728372
2.765193	-0.017857727
2.775175	-0.017987559
2.785157	-0.018117868
2.795139	-0.018248654
2.805121	-0.018379918
2.815103	-0.018511659
2.825085	-0.018643878
2.835067	-0.018776574
2.845049	-0.018909748
2.855031	-0.0190434
2.865013	-0.019177529
2.874995	-0.019312137
2.884977	-0.019447223
2.894959	-0.019582787
2.904941	-0.01971883
2.914923	-0.019855351
2.924905	-0.019992351
2.934887	-0.020129829
2.944869	-0.020267786
2.954851	-0.020406222
2.964833	-0.020545137
2.974815	-0.020684531
2.984797	-0.020824404
2.994779	-0.020964757
3.004761	-0.021105589
3.0147429	-0.021246901
3.0247249	-0.021388692
3.0347069	-0.021530963
3.0446889	-0.021673714
3.0546709	-0.021816944
3.0646529	-0.021960655
3.0746349	-0.022104846
3.0846169	-0.022249518
3.0945989	-0.022394669
3.1045809	-0.022540302
3.1145629	-0.022686415
3.1245449	-0.022833008
3.1345269	-0.022980083
3.1445089	-0.023127638
3.1544909	-0.023275675
3.1644729	-0.023424193
3.1744549	-0.023573192
3.1844369	-0.023722672
3.1944189	-0.023872635
3.2044009	-0.024023078
3.2143829	-0.024174004
3.2243649	-0.024325411
3.2343469	-0.024477301
3.2443289	-0.024629672
3.2543109	-0.024782526
3.2642929	-0.024935862
3.2742749	-0.025089681
3.2842569	-0.025243982
3.2942388	-0.025398766
3.3042208	-0.025554032
3.3142028	-0.025709782
3.3241848	-0.025866015
3.3341668	-0.026022731
3.3441488	-0.02617993
3.3541308	-0.026337612
3.3641128	-0.026495779
3.3740948	-0.026654428
3.3840768	-0.026813562
3.3940588	-0.026973179
3.4040408	-0.027133281
3.4140228	-0.027293867
3.4240048	-0.027454937
3.4339868	-0.027616491
3.4439688	-0.02777853
3.4539508	-0.027941054
3.4639328	-0.028104062
3.4739148	-0.028267555
3.4838968	-0.028431533
3.4938788	-0.028595997
3.5038608	-0.028760945
3.5138428	-0.028926379
3.5238248	-0.029092299
3.5338068	-0.029258704
3.5437888	-0.029425595
3.5537708	-0.029592972
3.5637528	-0.029760835
3.5737347	-0.029929184
3.5837167	-0.030098019
3.5936987	-0.030267341
3.6036807	-0.030437149
3.6136627	-0.030607444
3.6236447	-0.030778226
3.6336267	-0.030949495
3.6436087	-0.031121251
3.6535907	-0.031293494
3.6635727	-0.031466224
3.6735547	-0.031639442
3.6835367	-0.031813147
3.6935187	-0.03198734
3.7035007	-0.032162021
3.7134827	-0.03233719
3.7234647	-0.032512847
3.7334467	-0.032688993
3.7434287	-0.032865626
3.7534107	-0.033042749
3.7633927	-0.03322036
3.7733747	-0.033398459
3.7833567	-0.033577048
3.7933387	-0.033756126
3.8033207	-0.033935692
3.8133027	-0.034115749
3.8232847	-0.034296294
3.8332667	-0.03447733
3.8432486	-0.034658855
3.8532306	-0.03484087
3.8632126	-0.035023375
3.8731946	-0.03520637
3.8831766	-0.035389856
3.8931586	-0.035573831
3.9031406	-0.035758298
3.9131226	-0.035943255
3.9231046	-0.036128703
3.9330866	-0.036314642
3.9430686	-0.036501073
3.9530506	-0.036687994
3.9630326	-0.036875407
3.9730146	-0.037063312
3.9829966	-0.037251708
3.9929786	-0.037440596
4.0029606	-0.037629976
4.0129426	-0.037819848
4.0229246	-0.038010213
4.0329066	-0.03820107
4.0428886	-0.03839242
4.0528706	-0.038584262
4.0628526	-0.038776597
4.0728346	-0.038969425
4.0828166	-0.039162747
4.0927986	-0.039356561
4.1027806	-0.039550869
4.1127626	-0.039745671
4.1227445	-0.039940967
4.1327265	-0.040136756
4.1427085	-0.040333039
4.1526905	-0.040529817
4.1626725	-0.040727089
4.1726545	-0.040924855
4.1826365	-0.041123116
4.1926185	-0.041321872
4.2026005	-0.041521123
4.2125825	-0.041720869
4.2225645	-0.04192111
4.2325465	-0.042121847
4.2425285	-0.042323079
4.2525105	-0.042524807
4.2624925	-0.04272703
4.2724745	-0.04292975
4.2824565	-0.043132966
4.2924385	-0.043336678
4.3024205	-0.043540887
4.3124025	-0.043745592
4.3223845	-0.043950794
4.3323665	-0.044156493
4.3423485	-0.044362689
4.3523305	-0.044569382
4.3623125	-0.044776573
4.3722945	-0.044984261
4.3822765	-0.045192447
4.3922585	-0.045401131
4.4022404	-0.045610312
4.4122224	-0.045819992
4.4222044	-0.046030171
4.4321864	-0.046240848
4.4421684	-0.046452023
4.4521504	-0.046663697
4.4621324	-0.046875871
4.4721144	-0.047088543
4.4820964	-0.047301715
4.4920784	-0.047515386
4.5020604	-0.047729557
4.5120424	-0.047944227
4.5220244	-0.048159398
4.5320064	-0.048375068
4.5419884	-0.048591239
4.5519704	-0.048807911
4.5619524	-0.049025083
4.5719344	-0.049242755
4.5819164	-0.049460929
4.5918984	-0.049679603
4.6018804	-0.049898779
4.6118624	-0.050118457
4.6218444	-0.050338636
4.6318264	-0.050559316
4.6418084	-0.050780499
4.6517904	-0.051002183
4.6617724	-0.05122437
4.6717544	-0.051447059
4.6817363	-0.051670251
4.6917183	-0.051893946
4.7017003	-0.052118143
4.7116823	-0.052342844
4.7216643	-0.052568048
4.7316463	-0.052793755
4.7416283	-0.053019966
4.7516103	-0.05324668
4.7615923	-0.053473899
4.7715743	-0.053701622
4.7815563	-0.053929848
4.7915383	-0.05415858
4.8015203	-0.054387816
4.8115023	-0.054617556
4.8214843	-0.054847802
4.8314663	-0.055078553
4.8414483	-0.055309809
4.8514303	-0.05554157
4.8614123	-0.055773838
4.8713943	-0.056006611
4.8813763	-0.05623989
4.8913583	-0.056473675
4.9013403	-0.056707966
4.9113223	-0.056942764
4.9213043	-0.057178069
4.9312863	-0.057413881
4.9412683	-0.057650199
4.9512503	-0.057887025
4.9612322	-0.058124358
4.9712142	-0.058362199
4.9811962	-0.058600548
4.9911782	-0.058839404
5.0011602	-0.059078769
5.0111422	-0.059318642
5.0211242	-0.059559023
5.0311062	-0.059799913
5.0410882	-0.060041312
5.0510702	-0.06028322
5.0610522	-0.060525637
5.0710342	-0.060768563
5.0810162	-0.061011999
5.0909982	-0.061255945
5.1009802	-0.061500401
5.1109622	-0.061745366
5.1209442	-0.061990842
5.1309262	-0.062236829
5.1409082	-0.062483326
5.1508902	-0.062730334
5.1608722	-0.062977853
5.1708542	-0.063225883
5.1808362	-0.063474424
5.1908182	-0.063723477
5.2008002	-0.063973042
5.2107822	-0.064223119
5.2207642	-0.064473708
5.2307461	-0.064724809
5.2407281	-0.064976423
5.2507101	-0.065228549
5.2606921	-0.065481188
5.2706741	-0.065734341
5.2806561	-0.065988006
5.2906381	-0.066242185
5.3006201	-0.066496878
5.3106021	-0.066752084
5.3205841	-0.067007804
5.3305661	-0.067264039
5.3405481	-0.067520788
5.3505301	-0.067778052
5.3605121	-0.06803583
5.3704941	-0.068294123
5.3804761	-0.068552932
5.3904581	-0.068812255
5.4004401	-0.069072095
5.4104221	-0.06933245
5.4204041	-0.06959332
5.4303861	-0.069854707
5.4403681	-0.070116611
5.4503501	-0.070379031
5.4603321	-0.070641967
5.4703141	-0.07090542
5.4802961	-0.071169391
5.4902781	-0.071433879
5.5002601	-0.071698884
5.510242	-0.071964407
5.520224	-0.072230447
5.530206	-0.072497006
5.540188	-0.072764083
5.55017	-0.073031679
5.560152	-0.073299793
5.570134	-0.073568426
5.580116	-0.073837578
5.590098	-0.074107249
5.60008	-0.07437744
5.610062	-0.07464815
5.620044	-0.074919381
5.630026	-0.075191131
5.640008	-0.075463401
5.64999	-0.075736192
5.659972	-0.076009504
5.669954	-0.076283336
5.679936	-0.07655769
5.689918	-0.076832565
5.6999	-0.077107961
5.709882	-0.077383879
5.719864	-0.077660318
5.729846	-0.07793728
5.739828	-0.078214764
5.74981	-0.078492771
5.759792	-0.0787713
5.769774	-0.079050352
5.779756	-0.079329927
5.7897379	-0.079610026
5.7997199	-0.079890648
5.8097019	-0.080171793
5.8196839	-0.080453463
5.8296659	-0.080735657
5.8396479	-0.081018375
5.8496299	-0.081301617
5.8596119	-0.081585384
5.8695939	-0.081869677
5.8795759	-0.082154494
5.8895579	-0.082439837
5.8995399	-0.082725705
5.9095219	-0.083012099
5.9195039	-0.083299019
5.9294859	-0.083586466
5.9394679	-0.083874438
5.9494499	-0.084162938
5.9594319	-0.084451964
5.9694139	-0.084741517
5.9793959	-0.085031598
5.9893779	-0.085322206
5.9993599	-0.085613341
6.0093419	-0.085905005
6.0193239	-0.086197197
6.0293059	-0.086489917
6.0392879	-0.086783165
6.0492699	-0.087076942
6.0592519	-0.087371249
6.0692338	-0.087666084
6.0792158	-0.087961449
6.0891978	-0.088257343
6.0991798	-0.088553768
6.1091618	-0.088850722
6.1191438	-0.089148207
6.1291258	-0.089446222
6.1391078	-0.089744767
6.1490898	-0.090043844
6.1590718	-0.090343452
6.1690538	-0.090643591
6.1790358	-0.090944262
6.1890178	-0.091245464
6.1989998	-0.091547199
6.2089818	-0.091849466
6.2189638	-0.092152265
6.2289458	-0.092455597
6.2389278	-0.092759462
6.2489098	-0.09306386
6.2588918	-0.093368791
6.2688738	-0.093674256
6.2788558	-0.093980254
6.2888378	-0.094286787
6.2988198	-0.094593854
6.3088018	-0.094901455
6.3187838	-0.095209591
6.3287658	-0.095518262
6.3387477	-0.095827468
6.3487297	-0.096137209
6.3587117	-0.096447486
6.3686937	-0.096758298
6.3786757	-0.097069647
6.3886577	-0.097381532
6.3986397	-0.097693953
6.4086217	-0.098006911
6.4186037	-0.098320406
6.4285857	-0.098634438
6.4385677	-0.098949008
6.4485497	-0.099264115
6.4585317	-0.09957976
6.4685137	-0.099895943
6.4784957	-0.10021266
6.4884777	-0.10052992
6.4984597	-0.10084772
6.5084417	-0.10116606
6.5184237	-0.10148494
6.5284057	-0.10180435
6.5383877	-0.10212431
6.5483697	-0.1024448
6.5583517	-0.10276584
6.5683337	-0.10308742
6.5783157	-0.10340953
6.5882977	-0.10373219
6.5982797	-0.10405539
6.6082617	-0.10437913
6.6182436	-0.10470341
6.6282256	-0.10502823
6.6382076	-0.1053536
6.6481896	-0.10567951
6.6581716	-0.10600596
6.6681536	-0.10633295
6.6781356	-0.10666048
6.6881176	-0.10698856
6.6980996	-0.10731719
6.7080816	-0.10764635
6.7180636	-0.10797606
6.7280456	-0.10830632
6.7380276	-0.10863711
6.7480096	-0.10896846
6.7579916	-0.10930034
6.7679736	-0.10963278
6.7779556	-0.10996575
6.7879376	-0.11029928
6.7979196	-0.11063335
6.8079016	-0.11096796
6.8178836	-0.11130312
6.8278656	-0.11163883
6.8378476	-0.11197509
6.8478296	-0.11231189
6.8578116	-0.11264924
6.8677936	-0.11298713
6.8777756	-0.11332558
6.8877576	-0.11366457
6.8977395	-0.11400411
6.9077215	-0.1143442
6.9177035	-0.11468484
6.9276855	-0.11502602
6.9376675	-0.11536776
6.9476495	-0.11571004
6.9576315	-0.11605288
6.9676135	-0.11639626
6.9775955	-0.1167402
6.9875775	-0.11708468
6.9975595	-0.11742972
7.0075415	-0.1177753
7.0175235	-0.11812144
7.0275055	-0.11846813
7.0374875	-0.11881537
7.0474695	-0.11916316
7.0574515	-0.11951151
7.0674335	-0.11986041
7.0774155	-0.12020986
7.0873975	-0.12055986
7.0973795	-0.12091041
7.1073615	-0.12126152
7.1173435	-0.12161319
7.1273255	-0.1219654
7.1373075	-0.12231817
7.1472895	-0.1226715
7.1572715	-0.12302538
7.1672535	-0.12337981
7.1772354	-0.1237348
7.1872174	-0.12409035
7.1971994	-0.12444645
7.2071814	-0.1248031
7.2171634	-0.12516032
7.2271454	-0.12551808
7.2371274	-0.12587641
7.2471094	-0.12623529
7.2570914	-0.12659473
7.2670734	-0.12695473
7.2770554	-0.12731528
7.2870374	-0.1276764
7.2970194	-0.12803807
7.3070014	-0.1284003
7.3169834	-0.12876308
7.3269654	-0.12912643
7.3369474	-0.12949034
7.3469294	-0.1298548
7.3569114	-0.13021983
7.3668934	-0.13058541
7.3768754	-0.13095156
7.3868574	-0.13131826
7.3968394	-0.13168553
7.4068214	-0.13205336
7.4168034	-0.13242175
7.4267854	-0.1327907
7.4367674	-0.13316021
7.4467493	-0.13353028
7.4567313	-0.13390092
7.4667133	-0.13427212
7.4766953	-0.13464388
7.4866773	-0.1350162
7.4966593	-0.13538909
7.5066413	-0.13576254
7.5166233	-0.13613656
7.5266053	-0.13651114
7.5365873	-0.13688628
7.5465693	-0.13726199
7.5565513	-0.13763826
7.5665333	-0.1380151
7.5765153	-0.13839251
7.5864973	-0.13877048
7.5964793	-0.13914901
7.6064613	-0.13952812
7.6164433	-0.13990778
7.6264253	-0.14028802
7.6364073	-0.14066882
7.6463893	-0.14105019
7.6563713	-0.14143213
7.6663533	-0.14181464
7.6763353	-0.14219771
7.6863173	-0.14258135
7.6962993	-0.14296556
7.7062813	-0.14335034
7.7162633	-0.14373569
7.7262452	-0.14412161
7.7362272	-0.14450809
7.7462092	-0.14489515
7.7561912	-0.14528278
7.7661732	-0.14567098
7.7761552	-0.14605975
7.7861372	-0.14644909
7.7961192	-0.146839
7.8061012	-0.14722948
7.8160832	-0.14762054
7.8260652	-0.14801216
7.8360472	-0.14840436
7.8460292	-0.14879714
7.8560112	-0.14919048
7.8659932	-0.1495844
7.8759752	-0.14997889
7.8859572	-0.15037396
7.8959392	-0.1507696
7.9059212	-0.15116581
7.9159032	-0.1515626
7.9258852	-0.15195997
7.9358672	-0.1523579
7.9458492	-0.15275642
7.9558312	-0.15315551
7.9658132	-0.15355518
7.9757952	-0.15395542
7.9857772	-0.15435624
7.9957592	-0.15475763
8.0057411	-0.15515961
8.0157231	-0.15556216
8.0257051	-0.15596528
8.0356871	-0.15636899
8.0456691	-0.15677327
8.0556511	-0.15717814
8.0656331	-0.15758358
8.0756151	-0.1579896
8.0855971	-0.1583962
8.0955791	-0.15880338
8.1055611	-0.15921114
8.1155431	-0.15961948
8.1255251	-0.1600284
8.1355071	-0.1604379
8.1454891	-0.16084798
8.1554711	-0.16125864
8.1654531	-0.16166989
8.1754351	-0.16208172
8.1854171	-0.16249412
8.1953991	-0.16290712
8.2053811	-0.16332069
8.2153631	-0.16373485
8.2253451	-0.16414959
8.2353271	-0.16456491
8.2453091	-0.16498082
8.2552911	-0.16539731
8.2652731	-0.16581439
8.2752551	-0.16623205
8.285237	-0.16665029
8.295219	-0.16706913
8.305201	-0.16748854
8.315183	-0.16790855
8.325165	-0.16832913
8.335147	-0.16875031
8.345129	-0.16917207
8.355111	-0.16959442
8.365093	-0.17001736
8.375075	-0.17044088
8.385057	-0.17086499
8.395039	-0.17128969
8.405021	-0.17171498
8.415003	-0.17214086
8.424985	-0.17256733
8.434967	-0.17299438
8.444949	-0.17342203
8.454931	-0.17385026
8.464913	-0.17427909
8.474895	-0.1747085
8.484877	-0.17513851
8.494859	-0.17556911
8.504841	-0.1760003
8.514823	-0.17643208
8.524805	-0.17686445
8.534787	-0.17729742
8.544769	-0.17773098
8.554751	-0.17816513
8.5647329	-0.17859987
8.5747149	-0.17903521
8.5846969	-0.17947114
8.5946789	-0.17990766
8.6046609	-0.18034478
8.6146429	-0.1807825
8.6246249	-0.18122081
8.6346069	-0.18165971
8.6445889	-0.18209921
8.6545709	-0.1825393
8.6645529	-0.18298
8.6745349	-0.18342128
8.6845169	-0.18386317
8.6944989	-0.18430565
8.7044809	-0.18474873
8.7144629	-0.18519241
8.7244449	-0.18563668
8.7344269	-0.18608155
8.7444089	-0.18652702
8.7543909	-0.18697309
8.7643729	-0.18741976
8.7743549	-0.18786703
8.7843369	-0.1883149
8.7943189	-0.18876337
8.8043009	-0.18921244
8.8142829	-0.18966211
8.8242649	-0.19011238
8.8342468	-0.19056325
8.8442288	-0.19101472
8.8542108	-0.19146679
8.8641928	-0.19191947
8.8741748	-0.19237275
8.8841568	-0.19282663
8.8941388	-0.19328112
8.9041208	-0.1937362
8.9141028	-0.1941919
8.9240848	-0.19464819
8.9340668	-0.19510509
8.9440488	-0.1955626
8.9540308	-0.19602071
8.9640128	-0.19647942
8.9739948	-0.19693874
8.9839768	-0.19739867
8.9939588	-0.1978592
9.0039408	-0.19832034
9.0139228	-0.19878208
9.0239048	-0.19924443
9.0338868	-0.19970739
9.0438688	-0.20017096
9.0538508	-0.20063514
9.0638328	-0.20109992
9.0738148	-0.20156531
9.0837968	-0.20203131
9.0937788	-0.20249792
9.1037608	-0.20296514
9.1137427	-0.20343297
9.1237247	-0.20390141
9.1337067	-0.20437046
9.1436887	-0.20484012
9.1536707	-0.20531039
9.1636527	-0.20578127
9.1736347	-0.20625277
9.1836167	-0.20672487
9.1935987	-0.20719759
9.2035807	-0.20767092
9.2135627	-0.20814487
9.2235447	-0.20861942
9.2335267	-0.20909459
9.2435087	-0.20957038
9.2534907	-0.21004678
9.2634727	-0.21052379
9.2734547	-0.21100142
9.2834367	-0.21147966
9.2934187	-0.21195852
9.3034007	-0.212438
9.3133827	-0.21291809
9.3233647	-0.21339879
9.3333467	-0.21388012
9.3433287	-0.21436206
9.3533107	-0.21484462
9.3632927	-0.21532779
9.3732747	-0.21581158
9.3832567	-0.216296
9.3932386	-0.21678103
9.4032206	-0.21726668
9.4132026	-0.21775294
9.4231846	-0.21823983
9.4331666	-0.21872734
9.4431486	-0.21921547
9.4531306	-0.21970422
9.4631126	-0.22019359
9.4730946	-0.22068358
9.4830766	-0.22117419
9.4930586	-0.22166542
9.5030406	-0.22215728
9.5130226	-0.22264976
9.5230046	-0.22314286
9.5329866	-0.22363658
9.5429686	-0.22413093
9.5529506	-0.2246259
9.5629326	-0.2251215
9.5729146	-0.22561772
9.5828966	-0.22611456
9.5928786	-0.22661203
9.6028606	-0.22711013
9.6128426	-0.22760885
9.6228246	-0.22810819
9.6328066	-0.22860817
9.6427886	-0.22910877
9.6527706	-0.22960999
9.6627526	-0.23011185
9.6727345	-0.23061433
9.6827165	-0.23111744
9.6926985	-0.23162118
9.7026805	-0.23212554
9.7126625	-0.23263054
9.7226445	-0.23313616
9.7326265	-0.23364241
9.7426085	-0.2341493
9.7525905	-0.23465681
9.7625725	-0.23516496
9.7725545	-0.23567373
9.7825365	-0.23618314
9.7925185	-0.23669318
9.8025005	-0.23720385
9.8124825	-0.23771515
9.8224645	-0.23822708
9.8324465	-0.23873965
9.8424285	-0.23925285
9.8524105	-0.23976669
9.8623925	-0.24028116
9.8723745	-0.24079626
9.8823565	-0.24131199
9.8923385	-0.24182837
9.9023205	-0.24234537
9.9123025	-0.24286302
9.9222845	-0.24338129
9.9322665	-0.24390021
9.9422484	-0.24441976
9.9522304	-0.24493995
9.9622124	-0.24546077
9.9721944	-0.24598223
9.9821764	-0.24650433
9.9921584	-0.24702707
10.00214	-0.24755045
10.012122	-0.24807446
10.022104	-0.24859912
10.032086	-0.24912441
10.042068	-0.24965035
10.05205	-0.25017692
10.062032	-0.25070414
10.072014	-0.25123199
10.081996	-0.25176049
10.091978	-0.25228963
10.10196	-0.25281941
10.111942	-0.25334983
10.121924	-0.2538809
10.131906	-0.2544126
10.141888	-0.25494495
10.15187	-0.25547795
10.161852	-0.25601159
10.171834	-0.25654587
10.181816	-0.2570808
10.191798	-0.25761637
10.20178	-0.25815259
10.211762	-0.25868945
10.221744	-0.25922696
10.231726	-0.25976511
10.241708	-0.26030392
10.25169	-0.26084336
10.261672	-0.26138346
10.271654	-0.2619242
10.281636	-0.2624656
10.291618	-0.26300764
10.3016	-0.26355032
10.311582	-0.26409366
10.321564	-0.26463765
10.331546	-0.26518228
10.341528	-0.26572757
10.35151	-0.26627351
10.361492	-0.26682009
10.371474	-0.26736733
10.381456	-0.26791522
10.391438	-0.26846376
10.40142	-0.26901296
10.411402	-0.2695628
10.421384	-0.2701133
10.431366	-0.27066445
10.441348	-0.27121626
10.45133	-0.27176872
10.461312	-0.27232183
10.471294	-0.2728756
10.481276	-0.27343002
10.491258	-0.2739851
10.50124	-0.27454083
10.511222	-0.27509722
10.521204	-0.27565427
10.531186	-0.27621197
10.541168	-0.27677033
10.55115	-0.27732934
10.561132	-0.27788902
10.571114	-0.27844935
10.581096	-0.27901034
10.591078	-0.27957199
10.60106	-0.2801343
10.611042	-0.28069726
10.621024	-0.28126089
10.631006	-0.28182517
10.640988	-0.28239012
10.65097	-0.28295573
10.660952	-0.283522
10.670934	-0.28408893
10.680916	-0.28465652
10.690898	-0.28522477
10.70088	-0.28579369
10.710862	-0.28636327
10.720844	-0.28693351
10.730826	-0.28750442
10.740808	-0.28807599
10.75079	-0.28864822
10.760772	-0.28922112
10.770754	-0.28979469
10.780736	-0.29036891
10.790718	-0.29094381
10.8007	-0.29151937
10.810682	-0.2920956
10.820664	-0.29267249
10.830646	-0.29325005
10.840628	-0.29382828
10.85061	-0.29440718
10.860592	-0.29498674
10.870574	-0.29556697
10.880556	-0.29614787
10.890538	-0.29672945
10.90052	-0.29731169
10.910502	-0.2978946
10.920484	-0.29847818
10.930466	-0.29906243
10.940448	-0.29964735
10.95043	-0.30023294
10.960412	-0.30081921
10.970394	-0.30140614
10.980376	-0.30199375
10.990358	-0.30258204
11.00034	-0.30317099
11.010322	-0.30376062
11.020304	-0.30435092
11.030286	-0.3049419
11.040268	-0.30553355
11.05025	-0.30612588
11.060232	-0.30671888
11.070214	-0.30731256
11.080196	-0.30790691
11.090178	-0.30850194
11.10016	-0.30909765
11.110142	-0.30969403
11.120124	-0.31029109
11.130106	-0.31088883
11.140088	-0.31148724
11.15007	-0.31208634
11.160052	-0.31268611
11.170034	-0.31328657
11.180016	-0.3138877
11.189998	-0.31448951
11.19998	-0.315092
11.209962	-0.31569518
11.219944	-0.31629903
11.229926	-0.31690357
11.239908	-0.31750879
11.24989	-0.31811469
11.259872	-0.31872127
11.269854	-0.31932853
11.279836	-0.31993648
11.289818	-0.32054511
11.2998	-0.32115443
11.309782	-0.32176443
11.319764	-0.32237511
11.329746	-0.32298648
11.339728	-0.32359854
11.34971	-0.32421128
11.359692	-0.32482471
11.369674	-0.32543882
11.379656	-0.32605362
11.389638	-0.32666911
11.39962	-0.32728528
11.409602	-0.32790215
11.419584	-0.3285197
11.429566	-0.32913794
11.439548	-0.32975687
11.44953	-0.33037649
11.459512	-0.3309968
11.469494	-0.33161779
11.479476	-0.33223948
11.489458	-0.33286186
11.49944	-0.33348493
11.509422	-0.3341087
11.519404	-0.33473315
11.529386	-0.3353583
11.539368	-0.33598414
11.54935	-0.33661067
11.559332	-0.3372379
11.569314	-0.33786582
11.579296	-0.33849443
11.589278	-0.33912374
11.59926	-0.33975374
11.609242	-0.34038444
11.619224	-0.34101584
11.629206	-0.34164793
11.639188	-0.34228072
11.64917	-0.3429142
11.659152	-0.34354838
11.669134	-0.34418326
11.679116	-0.34481884
11.689098	-0.34545511
11.69908	-0.34609208
11.709062	-0.34672976
11.719044	-0.34736813
11.729026	-0.3480072
11.739008	-0.34864697
11.74899	-0.34928744
11.758972	-0.34992862
11.768954	-0.35057049
11.778936	-0.35121307
11.788918	-0.35185634
11.7989	-0.35250032
11.808882	-0.35314501
11.818864	-0.35379039
11.828846	-0.35443648
11.838828	-0.35508327
11.84881	-0.35573077
11.858792	-0.35637897
11.868774	-0.35702788
11.878756	-0.35767749
11.888738	-0.35832781
11.89872	-0.35897884
11.908702	-0.35963057
11.918684	-0.360283
11.928666	-0.36093615
11.938648	-0.36159
11.94863	-0.36224456
11.958612	-0.36289983
11.968594	-0.36355581
11.978576	-0.36421249
11.988558	-0.36486989
11.99854	-0.36552799
12.008522	-0.36618681
12.018504	-0.36684634
12.028486	-0.36750657
12.038468	-0.36816752
12.04845	-0.36882918
12.058432	-0.36949156
12.068414	-0.37015464
12.078396	-0.37081844
12.088378	-0.37148295
12.09836	-0.37214817
12.108342	-0.37281411
12.118324	-0.37348077
12.128306	-0.37414813
12.138288	-0.37481622
12.14827	-0.37548502
12.158252	-0.37615453
12.168234	-0.37682476
12.178216	-0.37749571
12.188198	-0.37816737
12.19818	-0.37883975
12.208162	-0.37951285
12.218144	-0.38018667
12.228126	-0.38086121
12.238108	-0.38153646
12.24809	-0.38221244
12.258072	-0.38288913
12.268054	-0.38356655
12.278036	-0.38424468
12.288018	-0.38492354
12.298	-0.38560311
12.307982	-0.38628341
12.317964	-0.38696443
12.327946	-0.38764617
12.337928	-0.38832864
12.34791	-0.38901183
12.357892	-0.38969574
12.367874	-0.39038038
12.377856	-0.39106574
12.387838	-0.39175182
12.39782	-0.39243863
12.407802	-0.39312617
12.417784	-0.39381443
12.427766	-0.39450341
12.437748	-0.39519313
12.44773	-0.39588357
12.457712	-0.39657474
12.467694	-0.39726663
12.477676	-0.39795926
12.487658	-0.39865261
12.49764	-0.39934669
12.507622	-0.4000415
12.517604	-0.40073704
12.527586	-0.40143331
12.537568	-0.40213031
12.54755	-0.40282804
12.557532	-0.4035265
12.567514	-0.4042257
12.577495	-0.40492562
12.587477	-0.40562628
12.597459	-0.40632767
12.607441	-0.4070298
12.617423	-0.40773265
12.627405	-0.40843624
12.637387	-0.40914057
12.647369	-0.40984563
12.657351	-0.41055143
12.667333	-0.41125796
12.677315	-0.41196522
12.687297	-0.41267323
12.697279	-0.41338196
12.707261	-0.41409144
12.717243	-0.41480165
12.727225	-0.41551261
12.737207	-0.41622429
12.747189	-0.41693672
12.757171	-0.41764989
12.767153	-0.41836379
12.777135	-0.41907844
12.787117	-0.41979383
12.797099	-0.42050995
12.807081	-0.42122682
12.817063	-0.42194443
12.827045	-0.42266278
12.837027	-0.42338187
12.847009	-0.4241017
12.856991	-0.42482228
12.866973	-0.4255436
12.876955	-0.42626566
12.886937	-0.42698847
12.896919	-0.42771202
12.906901	-0.42843632
12.916883	-0.42916136
12.926865	-0.42988715
12.936847	-0.43061368
12.946829	-0.43134096
12.956811	-0.43206899
12.966793	-0.43279776
12.976775	-0.43352728
12.986757	-0.43425755
12.996739	-0.43498857
13.006721	-0.43572033
13.016703	-0.43645284
13.026685	-0.43718611
13.036667	-0.43792012
13.046649	-0.43865489
13.056631	-0.4393904
13.066613	-0.44012666
13.076595	-0.44086368
13.086577	-0.44160145
13.096559	-0.44233997
13.106541	-0.44307924
13.116523	-0.44381927
13.126505	-0.44456005
13.136487	-0.44530158
13.146469	-0.44604387
13.156451	-0.44678691
13.166433	-0.4475307
13.176415	-0.44827526
13.186397	-0.44902056
13.196379	-0.44976663
13.206361	-0.45051344
13.216343	-0.45126102
13.226325	-0.45200935
13.236307	-0.45275845
13.246289	-0.4535083
13.256271	-0.4542589
13.266253	-0.45501027
13.276235	-0.45576239
13.286217	-0.45651528
13.296199	-0.45726893
13.306181	-0.45802333
13.316163	-0.4587785
13.326145	-0.45953442
13.336127	-0.46029111
13.346109	-0.46104856
13.356091	-0.46180678
13.366073	-0.46256575
13.376055	-0.46332549
13.386037	-0.464086
13.396019	-0.46484726
13.406001	-0.46560929
13.415983	-0.46637209
13.425965	-0.46713565
13.435947	-0.46789998
13.445929	-0.46866507
13.455911	-0.46943093
13.465893	-0.47019755
13.475875	-0.47096494
13.485857	-0.4717331
13.495839	-0.47250203
13.505821	-0.47327173
13.515803	-0.47404219
13.525785	-0.47481342
13.535767	-0.47558543
13.545749	-0.4763582
13.555731	-0.47713174
13.565713	-0.47790606
13.575695	-0.47868114
13.585677	-0.479457
13.595659	-0.48023362
13.605641	-0.48101102
13.615623	-0.4817892
13.625605	-0.48256814
13.635587	-0.48334786
13.645569	-0.48412835
13.655551	-0.48490962
13.665533	-0.48569166
13.675515	-0.48647448
13.685497	-0.48725807
13.695479	-0.48804244
13.705461	-0.48882758
13.715443	-0.4896135
13.725425	-0.4904002
13.735407	-0.49118767
13.745389	-0.49197593
13.755371	-0.49276496
13.765353	-0.49355477
13.775335	-0.49434535
13.785317	-0.49513672
13.795299	-0.49592887
13.805281	-0.4967218
13.815263	-0.4975155
13.825245	-0.49830999
13.835227	-0.49910526
13.845209	-0.49990131
13.855191	-0.50069815
13.865173	-0.50149577
13.875155	-0.50229416
13.885137	-0.50309335
13.895119	-0.50389331
13.905101	-0.50469406
13.915083	-0.5054956
13.925065	-0.50629792
13.935047	-0.50710102
13.945029	-0.50790492
13.955011	-0.50870959
13.964993	-0.50951506
13.974975	-0.51032131
13.984957	-0.51112834
13.994939	-0.51193617
14.004921	-0.51274478
14.014903	-0.51355418
14.024885	-0.51436438
14.034867	-0.51517536
14.044849	-0.51598713
14.054831	-0.51679969
14.064813	-0.51761304
14.074795	-0.51842718
14.084777	-0.51924211
14.094759	-0.52005783
14.104741	-0.52087435
14.114723	-0.52169166
14.124705	-0.52250976
14.134687	-0.52332866
14.144669	-0.52414834
14.154651	-0.52496883
14.164633	-0.5257901
14.174615	-0.52661218
14.184597	-0.52743504
14.194579	-0.52825871
14.204561	-0.52908316
14.214543	-0.52990842
14.224525	-0.53073447
14.234507	-0.53156132
14.244489	-0.53238897
14.254471	-0.53321741
14.264453	-0.53404666
14.274435	-0.5348767
14.284417	-0.53570754
14.294399	-0.53653918
14.304381	-0.53737162
14.314363	-0.53820487
14.324345	-0.53903891
14.334327	-0.53987375
14.344309	-0.5407094
14.354291	-0.54154585
14.364273	-0.5423831
14.374255	-0.54322115
14.384237	-0.54406
14.394219	-0.54489966
14.404201	-0.54574013
14.414183	-0.5465814
14.424165	-0.54742347
14.434147	-0.54826635
14.444129	-0.54911003
14.454111	-0.54995452
14.464093	-0.55079982
14.474075	-0.55164592
14.484057	-0.55249283
14.494039	-0.55334055
14.504021	-0.55418908
14.514003	-0.55503841
14.523985	-0.55588855
14.533967	-0.55673951
14.543949	-0.55759127
14.553931	-0.55844384
14.563913	-0.55929722
14.573895	-0.56015142
14.583877	-0.56100642
14.593859	-0.56186224
14.603841	-0.56271887
14.613823	-0.56357631
14.623805	-0.56443456
14.633787	-0.56529363
14.643769	-0.56615351
14.653751	-0.5670142
14.663733	-0.56787571
14.673715	-0.56873804
14.683697	-0.56960118
14.693679	-0.57046513
14.703661	-0.5713299
14.713643	-0.57219549
14.723625	-0.57306189
14.733607	-0.57392911
14.743589	-0.57479715
14.753571	-0.57566601
14.763553	-0.57653568
14.773535	-0.57740618
14.783517	-0.57827749
14.793499	-0.57914962
14.803481	-0.58002258
14.813463	-0.58089635
14.823445	-0.58177094
14.833427	-0.58264636
14.843409	-0.5835226
14.853391	-0.58439966
14.863373	-0.58527754
14.873355	-0.58615624
14.883337	-0.58703577
14.893319	-0.58791612
14.903301	-0.58879729
14.913283	-0.58967929
14.923265	-0.59056212
14.933247	-0.59144577
14.943229	-0.59233024
14.953211	-0.59321554
14.963193	-0.59410167
14.973175	-0.59498862
14.983157	-0.59587641
14.993139	-0.59676502
15.003121	-0.59765445
15.013103	-0.59854472
15.023085	-0.59943581
15.033067	-0.60032774
15.043049	-0.60122049
15.053031	-0.60211407
15.063013	-0.60300848
15.072995	-0.60390373
15.082977	-0.6047998
15.092959	-0.60569671
15.102941	-0.60659445
15.112923	-0.60749302
15.122905	-0.60839242
15.132887	-0.60929266
15.142869	-0.61019373
15.152851	-0.61109564
15.162833	-0.61199838
15.172815	-0.61290195
15.182797	-0.61380636
15.192779	-0.6147116
15.202761	-0.61561769
15.212743	-0.6165246
15.222725	-0.61743236
15.232707	-0.61834095
15.242689	-0.61925038
15.252671	-0.62016064
15.262653	-0.62107175
15.272635	-0.62198369
15.282617	-0.62289647
15.292599	-0.62381009
15.302581	-0.62472456
15.312563	-0.62563986
15.322545	-0.626556
15.332527	-0.62747299
15.342509	-0.62839081
15.35249	-0.62930948
15.362472	-0.63022899
15.372454	-0.63114934
15.382436	-0.63207054
15.392418	-0.63299258
15.4024	-0.63391546
15.412382	-0.63483919
15.422364	-0.63576376
15.432346	-0.63668918
15.442328	-0.63761545
15.45231	-0.63854255
15.462292	-0.63947051
15.472274	-0.64039931
15.482256	-0.64132896
15.492238	-0.64225946
15.50222	-0.6431908
15.512202	-0.644123
15.522184	-0.64505604
15.532166	-0.64598993
15.542148	-0.64692467
15.55213	-0.64786026
15.562112	-0.6487967
15.572094	-0.64973399
15.582076	-0.65067213
15.592058	-0.65161112
15.60204	-0.65255097
15.612022	-0.65349167
15.622004	-0.65443322
15.631986	-0.65537562
15.641968	-0.65631888
15.65195	-0.65726299
15.661932	-0.65820795
15.671914	-0.65915377
15.681896	-0.66010045
15.691878	-0.66104798
15.70186	-0.66199636
15.711842	-0.6629456
15.721824	-0.6638957
15.731806	-0.66484666
15.741788	-0.66579847
15.75177	-0.66675114
15.761752	-0.66770467
15.771734	-0.66865906
15.781716	-0.6696143
15.791698	-0.67057041
15.80168	-0.67152737
15.811662	-0.6724852
15.821644	-0.67344388
15.831626	-0.67440343
15.841608	-0.67536384
15.85159	-0.67632511
15.861572	-0.67728724
15.871554	-0.67825024
15.881536	-0.67921409
15.891518	-0.68017881
15.9015	-0.6811444
15.911482	-0.68211085
15.921464	-0.68307816
15.931446	-0.68404634
15.941428	-0.68501538
15.95141	-0.68598529
15.961392	-0.68695606
15.971374	-0.68792771
15.981356	-0.68890021
15.991338	-0.68987359
16.00132	-0.69084783
16.011302	-0.69182294
16.021284	-0.69279892
16.031266	-0.69377577
16.041248	-0.69475349
16.05123	-0.69573207
16.061212	-0.69671153
16.071194	-0.69769186
16.081176	-0.69867306
16.091158	-0.69965512
16.10114	-0.70063807
16.111122	-0.70162188
16.121104	-0.70260656
16.131086	-0.70359212
16.141068	-0.70457855
16.15105	-0.70556585
16.161032	-0.70655403
16.171014	-0.70754308
16.180996	-0.70853301
16.190978	-0.70952381
16.20096	-0.71051549
16.210942	-0.71150804
16.220924	-0.71250147
16.230906	-0.71349578
16.240888	-0.71449096
16.25087	-0.71548702
16.260852	-0.71648396
16.270834	-0.71748178
16.280816	-0.71848047
16.290798	-0.71948004
16.30078	-0.7204805
16.310762	-0.72148183
16.320744	-0.72248404
16.330726	-0.72348714
16.340708	-0.72449111
16.35069	-0.72549597
16.360672	-0.7265017
16.370654	-0.72750832
16.380636	-0.72851582
16.390618	-0.72952421
16.4006	-0.73053348
16.410582	-0.73154363
16.420564	-0.73255466
16.430546	-0.73356658
16.440528	-0.73457939
16.45051	-0.73559307
16.460492	-0.73660765
16.470474	-0.73762311
16.480456	-0.73863946
16.490438	-0.73965669
16.50042	-0.74067481
16.510402	-0.74169382
16.520384	-0.74271372
16.530366	-0.7437345
16.540348	-0.74475617
16.55033	-0.74577873
16.560312	-0.74680219
16.570294	-0.74782653
16.580276	-0.74885176
16.590258	-0.74987788
16.60024	-0.75090489
16.610222	-0.7519328
16.620204	-0.75296159
16.630186	-0.75399128
16.640168	-0.75502186
16.65015	-0.75605333
16.660132	-0.7570857
16.670114	-0.75811896
16.680096	-0.75915311
16.690078	-0.76018816
16.70006	-0.7612241
16.710042	-0.76226094
16.720024	-0.76329867
16.730006	-0.7643373
16.739988	-0.76537683
16.74997	-0.76641725
16.759952	-0.76745857
16.769934	-0.76850079
16.779916	-0.7695439
16.789898	-0.77058791
16.79988	-0.77163282
16.809862	-0.77267863
16.819844	-0.77372534
16.829826	-0.77477295
16.839808	-0.77582146
16.84979	-0.77687087
16.859772	-0.77792118
16.869754	-0.77897239
16.879736	-0.78002451
16.889718	-0.78107752
16.8997	-0.78213144
16.909682	-0.78318626
16.919664	-0.78424198
16.929646	-0.78529861
16.939628	-0.78635614
16.94961	-0.78741458
16.959592	-0.78847391
16.969574	-0.78953416
16.979556	-0.79059531
16.989538	-0.79165737
16.99952	-0.79272033
17.009502	-0.7937842
17.019484	-0.79484897
17.029466	-0.79591465
17.039448	-0.79698124
17.04943	-0.79804874
17.059412	-0.79911715
17.069394	-0.80018646
17.079376	-0.80125669
17.089358	-0.80232782
17.09934	-0.80339987
17.109322	-0.80447282
17.119304	-0.80554668
17.129286	-0.80662146
17.139268	-0.80769715
17.14925	-0.80877375
17.159232	-0.80985126
17.169214	-0.81092968
17.179196	-0.81200902
17.189178	-0.81308927
17.19916	-0.81417043
17.209142	-0.81525251
17.219124	-0.8163355
17.229106	-0.81741941
17.239088	-0.81850423
17.24907	-0.81958996
17.259052	-0.82067662
17.269034	-0.82176419
17.279016	-0.82285267
17.288998	-0.82394207
17.29898	-0.82503239
17.308962	-0.82612363
17.318944	-0.82721579
17.328926	-0.82830886
17.338908	-0.82940286
17.34889	-0.83049777
17.358872	-0.8315936
17.368854	-0.83269035
17.378836	-0.83378802
17.388818	-0.83488662
17.3988	-0.83598613
17.408782	-0.83708657
17.418764	-0.83818792
17.428746	-0.8392902
17.438728	-0.8403934
17.44871	-0.84149753
17.458692	-0.84260258
17.468674	-0.84370855
17.478656	-0.84481544
17.488638	-0.84592326
17.49862	-0.84703201
17.508602	-0.84814168
17.518584	-0.84925227
17.528566	-0.85036379
17.538548	-0.85147624
17.54853	-0.85258961
17.558512	-0.85370391
17.568494	-0.85481914
17.578476	-0.8559353
17.588458	-0.85705238
17.59844	-0.85817039
17.608422	-0.85928933
17.618404	-0.8604092
17.628386	-0.86153
17.638368	-0.86265173
17.64835	-0.86377439
17.658332	-0.86489798
17.668314	-0.8660225
17.678296	-0.86714795
17.688278	-0.86827433
17.69826	-0.86940165
17.708242	-0.8705299
17.718224	-0.87165908
17.728206	-0.87278919
17.738188	-0.87392024
17.74817	-0.87505222
17.758152	-0.87618513
17.768134	-0.87731898
17.778116	-0.87845377
17.788098	-0.87958948
17.79808	-0.88072614
17.808062	-0.88186373
17.818044	-0.88300226
17.828026	-0.88414172
17.838008	-0.88528212
17.84799	-0.88642346
17.857972	-0.88756574
17.867954	-0.88870895
17.877936	-0.8898531
17.887918	-0.89099819
17.8979	-0.89214422
17.907882	-0.89329119
17.917864	-0.8944391
17.927846	-0.89558795
17.937828	-0.89673774
17.94781	-0.89788848
17.957792	-0.89904015
17.967774	-0.90019276
17.977756	-0.90134632
17.987738	-0.90250082
17.99772	-0.90365626
18.007702	-0.90481264
18.017684	-0.90596997
18.027666	-0.90712824
18.037648	-0.90828746
18.04763	-0.90944762
18.057612	-0.91060872
18.067594	-0.91177077
18.077576	-0.91293377
18.087558	-0.91409771
18.09754	-0.9152626
18.107522	-0.91642843
18.117504	-0.91759522
18.127485	-0.91876294
18.137467	-0.91993162
18.147449	-0.92110124
18.157431	-0.92227182
18.167413	-0.92344334
18.177395	-0.92461581
18.187377	-0.92578923
18.197359	-0.9269636
18.207341	-0.92813892
18.217323	-0.92931519
18.227305	-0.93049241
18.237287	-0.93167058
18.247269	-0.9328497
18.257251	-0.93402977
18.267233	-0.9352108
18.277215	-0.93639278
18.287197	-0.93757571
18.297179	-0.9387596
18.307161	-0.93994444
18.317143	-0.94113023
18.327125	-0.94231697
18.337107	-0.94350468
18.347089	-0.94469333
18.357071	-0.94588294
18.367053	-0.94707351
18.377035	-0.94826503
18.387017	-0.94945751
18.396999	-0.95065095
18.406981	-0.95184534
18.416963	-0.95304069
18.426945	-0.954237
18.436927	-0.95543426
18.446909	-0.95663249
18.456891	-0.95783167
18.466873	-0.95903181
18.476855	-0.96023291
18.486837	-0.96143497
18.496819	-0.96263799
18.506801	-0.96384197
18.516783	-0.96504691
18.526765	-0.96625281
18.536747	-0.96745968
18.546729	-0.9686675
18.556711	-0.96987629
18.566693	-0.97108604
18.576675	-0.97229675
18.586657	-0.97350842
18.596639	-0.97472106
18.606621	-0.97593466
18.616603	-0.97714923
18.626585	-0.97836476
18.636567	-0.97958126
18.646549	-0.98079872
18.656531	-0.98201714
18.666513	-0.98323653
18.676495	-0.98445689
18.686477	-0.98567821
18.696459	-0.9869005
18.706441	-0.98812376
18.716423	-0.98934798
18.726405	-0.99057317
18.736387	-0.99179933
18.746369	-0.99302646
18.756351	-0.99425456
18.766333	-0.99548362
18.776315	-0.99671366
18.786297	-0.99794466
18.796279	-0.99917664
18.806261	-1.0004096
18.816243	-1.0016435
18.826225	-1.0028784
18.836207	-1.0041142
18.846189	-1.0053511
18.856171	-1.0065889
18.866153	-1.0078276
18.876135	-1.0090674
18.886117	-1.0103081
18.896099	-1.0115498
18.906081	-1.0127925
18.916063	-1.0140361
18.926045	-1.0152807
18.936027	-1.0165263
18.946009	-1.0177729
18.955991	-1.0190204
18.965973	-1.0202689
18.975955	-1.0215184
18.985937	-1.0227689
18.995919	-1.0240203
19.005901	-1.0252727
19.015883	-1.0265261
19.025865	-1.0277805
19.035847	-1.0290359
19.045829	-1.0302922
19.055811	-1.0315495
19.065793	-1.0328078
19.075775	-1.034067
19.085757	-1.0353273
19.095739	-1.0365885
19.105721	-1.0378507
19.115703	-1.0391139
19.125685	-1.0403781
19.135667	-1.0416432
19.145649	-1.0429093
19.155631	-1.0441764
19.165613	-1.0454445
19.175595	-1.0467136
19.185577	-1.0479837
19.195559	-1.0492547
19.205541	-1.0505267
19.215523	-1.0517997
19.225505	-1.0530737
19.235487	-1.0543487
19.245469	-1.0556246
19.255451	-1.0569016
19.265433	-1.0581795
19.275415	-1.0594584
19.285397	-1.0607383
19.295379	-1.0620192
19.305361	-1.0633011
19.315343	-1.0645839
19.325325	-1.0658678
19.335307	-1.0671526
19.345289	-1.0684384
19.355271	-1.0697252
19.365253	-1.071013
19.375235	-1.0723018
19.385217	-1.0735915
19.395199	-1.0748823
19.405181	-1.076174
19.415163	-1.0774668
19.425145	-1.0787605
19.435127	-1.0800552
19.445109	-1.0813509
19.455091	-1.0826476
19.465073	-1.0839453
19.475055	-1.085244
19.485037	-1.0865437
19.495019	-1.0878443
19.505001	-1.089146
19.514983	-1.0904486
19.524965	-1.0917523
19.534947	-1.0930569
19.544929	-1.0943625
19.554911	-1.0956691
19.564893	-1.0969768
19.574875	-1.0982854
19.584857	-1.099595
19.594839	-1.1009056
19.604821	-1.1022172
19.614803	-1.1035298
19.624785	-1.1048433
19.634767	-1.1061579
19.644749	-1.1074735
19.654731	-1.1087901
19.664713	-1.1101077
19.674695	-1.1114262
19.684677	-1.1127458
19.694659	-1.1140664
19.704641	-1.1153879
19.714623	-1.1167105
19.724605	-1.118034
19.734587	-1.1193586
19.744569	-1.1206842
19.754551	-1.1220107
19.764533	-1.1233383
19.774515	-1.1246668
19.784497	-1.1259964
19.794479	-1.1273269
19.804461	-1.1286585
19.814443	-1.1299911
19.824425	-1.1313246
19.834407	-1.1326592
19.844389	-1.1339948
19.854371	-1.1353313
19.864353	-1.1366689
19.874335	-1.1380075
19.884317	-1.1393471
19.894299	-1.1406876
19.904281	-1.1420292
19.914263	-1.1433718
19.924245	-1.1447154
19.934227	-1.14606
19.944209	-1.1474056
19.954191	-1.1487522
19.964173	-1.1500998
19.974155	-1.1514485
19.984137	-1.1527981
19.994119	-1.1541487
20.004101	-1.1555004
20.014083	-1.156853
20.024065	-1.1582067
20.034047	-1.1595613
20.044029	-1.160917
20.054011	-1.1622737
20.063993	-1.1636314
20.073975	-1.1649901
20.083957	-1.1663498
20.093939	-1.1677105
20.103921	-1.1690722
20.113903	-1.1704349
20.123885	-1.1717987
20.133867	-1.1731634
20.143849	-1.1745292
20.153831	-1.175896
20.163813	-1.1772637
20.173795	-1.1786325
20.183777	-1.1800023
20.193759	-1.1813732
20.203741	-1.182745
20.213723	-1.1841178
20.223705	-1.1854917
20.233687	-1.1868666
20.243669	-1.1882425
20.253651	-1.1896194
20.263633	-1.1909973
20.273615	-1.1923762
20.283597	-1.1937561
20.293579	-1.1951371
20.303561	-1.1965191
20.313543	-1.197902
20.323525	-1.199286
20.333507	-1.200671
20.343489	-1.2020571
20.353471	-1.2034441
20.363453	-1.2048322
20.373435	-1.2062213
20.383417	-1.2076114
20.393399	-1.2090025
20.403381	-1.2103946
20.413363	-1.2117878
20.423345	-1.2131819
20.433327	-1.2145771
20.443309	-1.2159733
20.453291	-1.2173705
20.463273	-1.2187688
20.473255	-1.220168
20.483237	-1.2215683
20.493219	-1.2229696
20.503201	-1.2243719
20.513183	-1.2257753
20.523165	-1.2271796
20.533147	-1.228585
20.543129	-1.2299914
20.553111	-1.2313988
20.563093	-1.2328073
20.573075	-1.2342168
20.583057	-1.2356272
20.593039	-1.2370388
20.603021	-1.2384513
20.613003	-1.2398648
20.622985	-1.2412794
20.632967	-1.242695
20.642949	-1.2441117
20.652931	-1.2455293
20.662913	-1.246948
20.672895	-1.2483677
20.682877	-1.2497884
20.692859	-1.2512101
20.702841	-1.2526329
20.712823	-1.2540567
20.722805	-1.2554815
20.732787	-1.2569074
20.742769	-1.2583343
20.752751	-1.2597622
20.762733	-1.2611911
20.772715	-1.262621
20.782697	-1.264052
20.792679	-1.265484
20.802661	-1.2669171
20.812643	-1.2683511
20.822625	-1.2697862
20.832607	-1.2712223
20.842589	-1.2726595
20.852571	-1.2740977
20.862553	-1.2755369
20.872535	-1.2769771
20.882517	-1.2784184
20.892498	-1.2798607
20.90248	-1.281304
20.912462	-1.2827483
20.922444	-1.2841937
20.932426	-1.2856401
20.942408	-1.2870876
20.95239	-1.288536
20.962372	-1.2899855
20.972354	-1.2914361
20.982336	-1.2928877
20.992318	-1.2943403
21.0023	-1.2957939
21.012282	-1.2972486
21.022264	-1.2987042
21.032246	-1.300161
21.042228	-1.3016187
21.05221	-1.3030775
21.062192	-1.3045374
21.072174	-1.3059982
21.082156	-1.3074601
21.092138	-1.3089231
21.10212	-1.310387
21.112102	-1.311852
21.122084	-1.3133181
21.132066	-1.3147851
21.142048	-1.3162532
21.15203	-1.3177224
21.162012	-1.3191925
21.171994	-1.3206638
21.181976	-1.322136
21.191958	-1.3236093
21.20194	-1.3250836
21.211922	-1.326559
21.221904	-1.3280354
21.231886	-1.3295128
21.241868	-1.3309913
21.25185	-1.3324708
21.261832	-1.3339513
21.271814	-1.3354329
21.281796	-1.3369155
21.291778	-1.3383992
21.30176	-1.3398839
21.311742	-1.3413696
21.321724	-1.3428564
21.331706	-1.3443442
21.341688	-1.345833
21.35167	-1.3473229
21.361652	-1.3488139
21.371634	-1.3503058
21.381616	-1.3517988
21.391598	-1.3532929
21.40158	-1.354788
21.411562	-1.3562841
21.421544	-1.3577813
21.431526	-1.3592795
21.441508	-1.3607788
21.45149	-1.3622791
21.461472	-1.3637804
21.471454	-1.3652828
21.481436	-1.3667862
21.491418	-1.3682907
21.5014	-1.3697962
21.511382	-1.3713028
21.521364	-1.3728104
21.531346	-1.374319
21.541328	-1.3758287
21.55131	-1.3773394
21.561292	-1.3788512
21.571274	-1.380364
21.581256	-1.3818779
21.591238	-1.3833928
21.60122	-1.3849087
21.611202	-1.3864257
21.621184	-1.3879438
21.631166	-1.3894629
21.641148	-1.390983
21.65113	-1.3925042
21.661112	-1.3940264
21.671094	-1.3955497
21.681076	-1.397074
21.691058	-1.3985993
21.70104	-1.4001258
21.711022	-1.4016532
21.721004	-1.4031817
21.730986	-1.4047113
21.740968	-1.4062419
21.75095	-1.4077735
21.760932	-1.4093062
21.770914	-1.4108399
21.780896	-1.4123747
21.790878	-1.4139106
21.80086	-1.4154474
21.810842	-1.4169854
21.820824	-1.4185244
21.830806	-1.4200644
21.840788	-1.4216055
21.85077	-1.4231476
21.860752	-1.4246908
21.870734	-1.426235
21.880716	-1.4277803
21.890698	-1.4293266
21.90068	-1.430874
21.910662	-1.4324224
21.920644	-1.4339719
21.930626	-1.4355224
21.940608	-1.437074
21.95059	-1.4386266
21.960572	-1.4401803
21.970554	-1.4417351
21.980536	-1.4432909
21.990518	-1.4448477
22.0005	-1.4464056
22.010482	-1.4479645
22.020464	-1.4495245
22.030446	-1.4510856
22.040428	-1.4526477
22.05041	-1.4542108
22.060392	-1.455775
22.070374	-1.4573403
22.080356	-1.4589066
22.090338	-1.460474
22.10032	-1.4620424
22.110302	-1.4636119
22.120284	-1.4651824
22.130266	-1.466754
22.140248	-1.4683266
22.15023	-1.4699003
22.160212	-1.471475
22.170194	-1.4730508
22.180176	-1.4746277
22.190158	-1.4762056
22.20014	-1.4777846
22.210122	-1.4793646
22.220104	-1.4809457
22.230086	-1.4825278
22.240068	-1.484111
22.25005	-1.4856952
22.260032	-1.4872805
22.270014	-1.4888669
22.279996	-1.4904543
22.289978	-1.4920428
22.29996	-1.4936323
22.309942	-1.4952229
22.319924	-1.4968145
22.329906	-1.4984072
22.339888	-1.500001
22.34987	-1.5015958
22.359852	-1.5031917
22.369834	-1.5047886
22.379816	-1.5063866
22.389798	-1.5079856
22.39978	-1.5095857
22.409762	-1.5111869
22.419744	-1.5127891
22.429726	-1.5143924
22.439708	-1.5159967
22.44969	-1.5176021
22.459672	-1.5192086
22.469654	-1.5208161
22.479636	-1.5224247
22.489618	-1.5240343
22.4996	-1.525645
22.509582	-1.5272567
22.519564	-1.5288695
22.529546	-1.5304834
22.539528	-1.5320984
22.54951	-1.5337143
22.559492	-1.5353314
22.569474	-1.5369495
22.579456	-1.5385687
22.589438	-1.5401889
22.59942	-1.5418102
22.609402	-1.5434326
22.619384	-1.545056
22.629366	-1.5466805
22.639348	-1.548306
22.64933	-1.5499326
22.659312	-1.5515603
22.669294	-1.553189
22.679276	-1.5548188
22.689258	-1.5564497
22.69924	-1.5580816
22.709222	-1.5597146
22.719204	-1.5613486
22.729186	-1.5629837
22.739168	-1.5646199
22.74915	-1.5662571
22.759132	-1.5678954
22.769114	-1.5695347
22.779096	-1.5711751
22.789078	-1.5728166
22.79906	-1.5744592
22.809042	-1.5761028
22.819024	-1.5777475
22.829006	-1.5793932
22.838988	-1.58104
22.84897	-1.5826879
22.858952	-1.5843368
22.868934	-1.5859868
22.878916	-1.5876378
22.888898	-1.58929
22.89888	-1.5909431
22.908862	-1.5925974
22.918844	-1.5942527
22.928826	-1.5959091
22.938808	-1.5975665
22.94879	-1.599225
22.958772	-1.6008846
22.968754	-1.6025453
22.978736	-1.604207
22.988718	-1.6058697
22.9987	-1.6075336
23.008682	-1.6091985
23.018664	-1.6108645
23.028646	-1.6125315
23.038628	-1.6141996
23.04861	-1.6158688
23.058592	-1.617539
23.068574	-1.6192103
23.078556	-1.6208827
23.088538	-1.6225561
23.09852	-1.6242306
23.108502	-1.6259062
23.118484	-1.6275828
23.128466	-1.6292605
23.138448	-1.6309393
23.14843	-1.6326191
23.158412	-1.6343
23.168394	-1.635982
23.178376	-1.637665
23.188358	-1.6393492
23.19834	-1.6410343
23.208322	-1.6427206
23.218304	-1.6444079
23.228286	-1.6460963
23.238268	-1.6477857
23.24825	-1.6494762
23.258232	-1.6511678
23.268214	-1.6528605
23.278196	-1.6545542
23.288178	-1.656249
23.29816	-1.6579448
23.308142	-1.6596418
23.318124	-1.6613398
23.328106	-1.6630388
23.338088	-1.664739
23.34807	-1.6664402
23.358052	-1.6681424
23.368034	-1.6698458
23.378016	-1.6715502
23.387998	-1.6732557
23.39798	-1.6749622
23.407962	-1.6766698
23.417944	-1.6783785
23.427926	-1.6800883
23.437908	-1.6817991
23.44789	-1.683511
23.457872	-1.685224
23.467854	-1.686938
23.477836	-1.6886531
23.487818	-1.6903693
23.4978	-1.6920865
23.507782	-1.6938048
23.517764	-1.6955242
23.527746	-1.6972447
23.537728	-1.6989662
23.54771	-1.7006888
23.557692	-1.7024125
23.567674	-1.7041372
23.577656	-1.705863
23.587638	-1.7075899
23.59762	-1.7093179
23.607602	-1.7110469
23.617584	-1.712777
23.627566	-1.7145082
23.637548	-1.7162404
23.64753	-1.7179737
23.657512	-1.7197081
23.667493	-1.7214435
23.677475	-1.7231801
23.687457	-1.7249177
23.697439	-1.7266563
23.707421	-1.7283961
23.717403	-1.7301369
23.727385	-1.7318787
23.737367	-1.7336217
23.747349	-1.7353657
23.757331	-1.7371108
23.767313	-1.738857
23.777295	-1.7406042
23.787277	-1.7423525
23.797259	-1.7441019
23.807241	-1.7458524
23.817223	-1.7476039
23.827205	-1.7493565
23.837187	-1.7511102
23.847169	-1.7528649
23.857151	-1.7546207
23.867133	-1.7563776
23.877115	-1.7581356
23.887097	-1.7598946
23.897079	-1.7616547
23.907061	-1.7634159
23.917043	-1.7651781
23.927025	-1.7669415
23.937007	-1.7687059
23.946989	-1.7704713
23.956971	-1.7722379
23.966953	-1.7740055
23.976935	-1.7757742
23.986917	-1.7775439
23.996899	-1.7793148
24.006881	-1.7810867
24.016863	-1.7828596
24.026845	-1.7846337
24.036827	-1.7864088
24.046809	-1.788185
24.056791	-1.7899623
24.066773	-1.7917406
24.076755	-1.79352
24.086737	-1.7953005
24.096719	-1.7970821
24.106701	-1.7988647
24.116683	-1.8006484
24.126665	-1.8024332
24.136647	-1.8042191
24.146629	-1.806006
24.156611	-1.807794
24.166593	-1.8095831
24.176575	-1.8113732
24.186557	-1.8131645
24.196539	-1.8149568
24.206521	-1.8167501
24.216503	-1.8185446
24.226485	-1.8203401
24.236467	-1.8221367
24.246449	-1.8239343
24.256431	-1.8257331
24.266413	-1.8275329
24.276395	-1.8293338
24.286377	-1.8311357
24.296359	-1.8329388
24.306341	-1.8347429
24.316323	-1.8365481
24.326305	-1.8383543
24.336287	-1.8401616
24.346269	-1.84197
24.356251	-1.8437795
24.366233	-1.8455901
24.376215	-1.8474017
24.386197	-1.8492144
24.396179	-1.8510281
24.406161	-1.852843
24.416143	-1.8546589
24.426125	-1.8564759
24.436107	-1.858294
24.446089	-1.8601131
24.456071	-1.8619333
24.466053	-1.8637546
24.476035	-1.8655769
24.486017	-1.8674004
24.495999	-1.8692249
24.505981	-1.8710505
24.515963	-1.8728771
24.525945	-1.8747048
24.535927	-1.8765336
24.545909	-1.8783635
24.555891	-1.8801945
24.565873	-1.8820265
24.575855	-1.8838596
24.585837	-1.8856938
24.595819	-1.887529
24.605801	-1.8893653
24.615783	-1.8912027
24.625765	-1.8930412
24.635747	-1.8948807
24.645729	-1.8967213
24.655711	-1.898563
24.665693	-1.9004058
24.675675	-1.9022496
24.685657	-1.9040945
24.695639	-1.9059405
24.705621	-1.9077875
24.715603	-1.9096357
24.725585	-1.9114849
24.735567	-1.9133351
24.745549	-1.9151865
24.755531	-1.9170389
24.765513	-1.9188924
24.775495	-1.920747
24.785477	-1.9226026
24.795459	-1.9244593
24.805441	-1.9263171
24.815423	-1.928176
24.825405	-1.9300359
24.835387	-1.9318969
24.845369	-1.933759
24.855351	-1.9356222
24.865333	-1.9374864
24.875315	-1.9393517
24.885297	-1.9412181
24.895279	-1.9430855
24.905261	-1.944954
24.915243	-1.9468236
24.925225	-1.9486943
24.935207	-1.950566
24.945189	-1.9524388
24.955171	-1.9543127
24.965153	-1.9561877
24.975135	-1.9580637
24.985117	-1.9599408
24.995099	-1.961819
25.005081	-1.9636983
25.015063	-1.9655786
25.025045	-1.96746
25.035027	-1.9693424
25.045009	-1.971226
25.054991	-1.9731106
25.064973	-1.9749963
25.074955	-1.976883
25.084937	-1.9787709
25.094919	-1.9806598
25.104901	-1.9825498
25.114883	-1.9844408
25.124865	-1.9863329
25.134847	-1.9882261
25.144829	-1.9901204
25.154811	-1.9920157
25.164793	-1.9939121
25.174775	-1.9958096
25.184757	-1.9977082
25.194739	-1.9996078
25.204721	-2.0015085
25.214703	-2.0034103
25.224685	-2.0053131
25.234667	-2.007217
25.244649	-2.009122
25.254631	-2.011028
25.264613	-2.0129352
25.274595	-2.0148434
25.284577	-2.0167526
25.294559	-2.018663
25.304541	-2.0205744
25.314523	-2.0224869
25.324505	-2.0244004
25.334487	-2.0263151
25.344469	-2.0282308
25.354451	-2.0301475
25.364433	-2.0320654
25.374415	-2.0339843
25.384397	-2.0359043
25.394379	-2.0378253
25.404361	-2.0397474
25.414343	-2.0416706
25.424325	-2.0435949
25.434307	-2.0455202
25.444289	-2.0474466
25.454271	-2.0493741
25.464253	-2.0513026
25.474235	-2.0532323
25.484217	-2.0551629
25.494199	-2.0570947
25.504181	-2.0590275
25.514163	-2.0609614
25.524145	-2.0628964
25.534127	-2.0648324
25.544109	-2.0667695
25.554091	-2.0687077
25.564073	-2.0706469
25.574055	-2.0725873
25.584037	-2.0745286
25.594019	-2.0764711
25.604001	-2.0784146
25.613983	-2.0803592
25.623965	-2.0823049
25.633947	-2.0842516
25.643929	-2.0861994
25.653911	-2.0881483
25.663893	-2.0900982
25.673875	-2.0920492
25.683857	-2.0940013
25.693839	-2.0959544
25.703821	-2.0979086
25.713803	-2.0998639
25.723785	-2.1018202
25.733767	-2.1037776
25.743749	-2.1057361
25.753731	-2.1076957
25.763713	-2.1096563
25.773695	-2.111618
25.783677	-2.1135807
25.793659	-2.1155445
25.803641	-2.1175094
25.813623	-2.1194754
25.823605	-2.1214424
25.833587	-2.1234105
25.843569	-2.1253796
25.853551	-2.1273499
25.863533	-2.1293211
25.873515	-2.1312935
25.883497	-2.1332669
25.893479	-2.1352414
25.903461	-2.137217
25.913443	-2.1391936
25.923425	-2.1411713
25.933407	-2.14315
25.943389	-2.1451298
25.953371	-2.1471107
25.963353	-2.1490927
25.973335	-2.1510757
25.983317	-2.1530598
25.993299	-2.1550449
26.003281	-2.1570311
26.013263	-2.1590184
26.023245	-2.1610067
26.033227	-2.1629962
26.043209	-2.1649866
26.053191	-2.1669782
26.063173	-2.1689708
26.073155	-2.1709644
26.083137	-2.1729592
26.093119	-2.1749549
26.103101	-2.1769518
26.113083	-2.1789497
26.123065	-2.1809487
26.133047	-2.1829488
26.143029	-2.1849499
26.153011	-2.1869521
26.162993	-2.1889553
26.172975	-2.1909596
26.182957	-2.192965
26.192939	-2.1949714
26.202921	-2.1969789
26.212903	-2.1989874
26.222885	-2.2009971
26.232867	-2.2030077
26.242849	-2.2050195
26.252831	-2.2070323
26.262813	-2.2090462
26.272795	-2.2110611
26.282777	-2.2130771
26.292759	-2.2150941
26.302741	-2.2171122
26.312723	-2.2191314
26.322705	-2.2211516
26.332687	-2.2231729
26.342669	-2.2251953
26.352651	-2.2272187
26.362633	-2.2292432
26.372615	-2.2312687
26.382597	-2.2332953
26.392579	-2.235323
26.402561	-2.2373517
26.412543	-2.2393815
26.422525	-2.2414124
26.432507	-2.2434443
26.442488	-2.2454772
26.45247	-2.2475112
26.462452	-2.2495463
26.472434	-2.2515825
26.482416	-2.2536197
26.492398	-2.2556579
26.50238	-2.2576972
26.512362	-2.2597376
26.522344	-2.261779
26.532326	-2.2638215
26.542308	-2.2658651
26.55229	-2.2679097
26.562272	-2.2699553
26.572254	-2.2720021
26.582236	-2.2740499
26.592218	-2.2760987
26.6022	-2.2781486
26.612182	-2.2801995
26.622164	-2.2822515
26.632146	-2.2843046
26.642128	-2.2863587
26.65211	-2.2884139
26.662092	-2.2904701
26.672074	-2.2925274
26.682056	-2.2945858
26.692038	-2.2966452
26.70202	-2.2987056
26.712002	-2.3007672
26.721984	-2.3028297
26.731966	-2.3048933
26.741948	-2.306958
26.75193	-2.3090238
26.761912	-2.3110905
26.771894	-2.3131584
26.781876	-2.3152273
26.791858	-2.3172972
26.80184	-2.3193682
26.811822	-2.3214403
26.821804	-2.3235134
26.831786	-2.3255876
26.841768	-2.3276628
26.85175	-2.3297391
26.861732	-2.3318164
26.871714	-2.3338948
26.881696	-2.3359742
26.891678	-2.3380547
26.90166	-2.3401362
26.911642	-2.3422188
26.921624	-2.3443024
26.931606	-2.3463871
26.941588	-2.3484729
26.95157	-2.3505596
26.961552	-2.3526475
26.971534	-2.3547364
26.981516	-2.3568263
26.991498	-2.3589173
27.00148	-2.3610094
27.011462	-2.3631025
27.021444	-2.3651966
27.031426	-2.3672918
27.041408	-2.369388
27.05139	-2.3714853
27.061372	-2.3735837
27.071354	-2.3756831
27.081336	-2.3777835
27.091318	-2.379885
27.1013	-2.3819875
27.111282	-2.3840911
27.121264	-2.3861958
27.131246	-2.3883014
27.141228	-2.3904082
27.15121	-2.3925159
27.161192	-2.3946248
27.171174	-2.3967346
27.181156	-2.3988456
27.191138	-2.4009575
27.20112	-2.4030705
27.211102	-2.4051846
27.221084	-2.4072997
27.231066	-2.4094158
27.241048	-2.411533
27.25103	-2.4136513
27.261012	-2.4157706
27.270994	-2.4178909
27.280976	-2.4200123
27.290958	-2.4221347
27.30094	-2.4242582
27.310922	-2.4263827
27.320904	-2.4285082
27.330886	-2.4306348
27.340868	-2.4327624
27.35085	-2.4348911
27.360832	-2.4370209
27.370814	-2.4391516
27.380796	-2.4412834
27.390778	-2.4434163
27.40076	-2.4455502
27.410742	-2.4476851
27.420724	-2.4498211
27.430706	-2.4519581
27.440688	-2.4540962
27.45067	-2.4562353
27.460652	-2.4583754
27.470634	-2.4605166
27.480616	-2.4626588
27.490598	-2.4648021
27.50058	-2.4669464
27.510562	-2.4690918
27.520544	-2.4712382
27.530526	-2.4733856
27.540508	-2.475534
27.55049	-2.4776835
27.560472	-2.4798341
27.570454	-2.4819857
27.580436	-2.4841383
27.590418	-2.4862919
27.6004	-2.4884466
27.610382	-2.4906024
27.620364	-2.4927591
27.630346	-2.494917
27.640328	-2.4970758
27.65031	-2.4992357
27.660292	-2.5013966
27.670274	-2.5035585
27.680256	-2.5057215
27.690238	-2.5078856
27.70022	-2.5100506
27.710202	-2.5122167
27.720184	-2.5143838
27.730166	-2.516552
27.740148	-2.5187212
27.75013	-2.5208914
27.760112	-2.5230627
27.770094	-2.525235
27.780076	-2.5274083
27.790058	-2.5295827
27.80004	-2.5317581
27.810022	-2.5339346
27.820004	-2.536112
27.829986	-2.5382905
27.839968	-2.54047
27.84995	-2.5426506
27.859932	-2.5448322
27.869914	-2.5470148
27.879896	-2.5491985
27.889878	-2.5513832
27.89986	-2.5535689
27.909842	-2.5557556
27.919824	-2.5579434
27.929806	-2.5601322
27.939788	-2.5623221
27.94977	-2.5645129
27.959752	-2.5667048
27.969734	-2.5688978
27.979716	-2.5710917
27.989698	-2.5732867
27.99968	-2.5754827
28.009662	-2.5776797
28.019644	-2.5798778
28.029626	-2.5820769
28.039608	-2.584277
28.04959	-2.5864782
28.059572	-2.5886803
28.069554	-2.5908835
28.079536	-2.5930878
28.089518	-2.595293
28.0995	-2.5974993
28.109482	-2.5997066
28.119464	-2.6019149
28.129446	-2.6041243
28.139428	-2.6063346
28.14941	-2.608546
28.159392	-2.6107585
28.169374	-2.6129719
28.179356	-2.6151864
28.189338	-2.6174019
28.19932	-2.6196184
28.209302	-2.6218359
28.219284	-2.6240545
28.229266	-2.6262741
28.239248	-2.6284947
28.24923	-2.6307163
28.259212	-2.6329389
28.269194	-2.6351626
28.279176	-2.6373873
28.289158	-2.639613
28.29914	-2.6418397
28.309122	-2.6440675
28.319104	-2.6462962
28.329086	-2.648526
28.339068	-2.6507568
28.34905	-2.6529887
28.359032	-2.6552215
28.369014	-2.6574554
28.378996	-2.6596902
28.388978	-2.6619261
28.39896	-2.664163
28.408942	-2.666401
28.418924	-2.6686399
28.428906	-2.6708799
28.438888	-2.6731209
28.44887	-2.6753628
28.458852	-2.6776059
28.468834	-2.6798499
28.478816	-2.6820949
28.488798	-2.684341
28.49878	-2.686588
28.508762	-2.6888361
28.518744	-2.6910852
28.528726	-2.6933353
28.538708	-2.6955864
28.54869	-2.6978386
28.558672	-2.7000917
28.568654	-2.7023459
28.578636	-2.704601
28.588618	-2.7068572
28.5986	-2.7091144
28.608582	-2.7113726
28.618564	-2.7136318
28.628546	-2.7158921
28.638528	-2.7181533
28.64851	-2.7204155
28.658492	-2.7226788
28.668474	-2.7249431
28.678456	-2.7272083
28.688438	-2.7294746
28.69842	-2.7317419
28.708402	-2.7340102
28.718384	-2.7362795
28.728366	-2.7385498
28.738348	-2.7408211
28.74833	-2.7430934
28.758312	-2.7453668
28.768294	-2.7476411
28.778276	-2.7499165
28.788258	-2.7521928
28.79824	-2.7544702
28.808222	-2.7567485
28.818204	-2.7590279
28.828186	-2.7613083
28.838168	-2.7635896
28.84815	-2.765872
28.858132	-2.7681554
28.868114	-2.7704398
28.878096	-2.7727251
28.888078	-2.7750115
28.89806	-2.7772989
28.908042	-2.7795873
28.918024	-2.7818767
28.928006	-2.7841671
28.937988	-2.7864585
28.94797	-2.7887509
28.957952	-2.7910443
28.967934	-2.7933387
28.977916	-2.795634
28.987898	-2.7979304
28.99788	-2.8002278
29.007862	-2.8025262
29.017844	-2.8048256
29.027826	-2.807126
29.037808	-2.8094274
29.04779	-2.8117297
29.057772	-2.8140331
29.067754	-2.8163375
29.077736	-2.8186429
29.087718	-2.8209492
29.0977	-2.8232566
29.107682	-2.8255649
29.117664	-2.8278743
29.127646	-2.8301846
29.137628	-2.832496
29.14761	-2.8348083
29.157592	-2.8371216
29.167574	-2.8394359
29.177556	-2.8417513
29.187538	-2.8440676
29.19752	-2.8463848
29.207502	-2.8487031
29.217483	-2.8510224
29.227465	-2.8533427
29.237447	-2.8556639
29.247429	-2.8579862
29.257411	-2.8603094
29.267393	-2.8626337
29.277375	-2.8649589
29.287357	-2.8672851
29.297339	-2.8696123
29.307321	-2.8719405
29.317303	-2.8742696
29.327285	-2.8765998
29.337267	-2.878931
29.347249	-2.8812631
29.357231	-2.8835962
29.367213	-2.8859303
29.377195	-2.8882654
29.387177	-2.8906015
29.397159	-2.8929386
29.407141	-2.8952766
29.417123	-2.8976156
29.427105	-2.8999557
29.437087	-2.9022967
29.447069	-2.9046386
29.457051	-2.9069816
29.467033	-2.9093256
29.477015	-2.9116705
29.486997	-2.9140164
29.496979	-2.9163633
29.506961	-2.9187112
29.516943	-2.92106
29.526925	-2.9234099
29.536907	-2.9257607
29.546889	-2.9281125
29.556871	-2.9304653
29.566853	-2.932819
29.576835	-2.9351738
29.586817	-2.9375295
29.596799	-2.9398862
29.606781	-2.9422438
29.616763	-2.9446025
29.626745	-2.9469621
29.636727	-2.9493227
29.646709	-2.9516843
29.656691	-2.9540468
29.666673	-2.9564104
29.676655	-2.9587749
29.686637	-2.9611403
29.696619	-2.9635068
29.706601	-2.9658742
29.716583	-2.9682426
29.726565	-2.970612
29.736547	-2.9729823
29.746529	-2.9753537
29.756511	-2.977726
29.766493	-2.9800992
29.776475	-2.9824734
29.786457	-2.9848487
29.796439	-2.9872248
29.806421	-2.989602
29.816403	-2.9919801
29.826385	-2.9943592
29.836367	-2.9967392
29.846349	-2.9991202
29.856331	-3.0015022
29.866313	-3.0038852
29.876295	-3.0062691
29.886277	-3.008654
29.896259	-3.0110399
29.906241	-3.0134267
29.916223	-3.0158145
29.926205	-3.0182032
29.936187	-3.020593
29.946169	-3.0229837
29.956151	-3.0253753
29.966133	-3.0277679
29.976115	-3.0301615
29.986097	-3.032556
29.996079	-3.0349516
30.006061	-3.037348
30.016043	-3.0397455
30.026025	-3.0421438
30.036007	-3.0445432
30.045989	-3.0469435
30.055971	-3.0493448
30.065953	-3.051747
30.075935	-3.0541502
30.085917	-3.0565544
30.095899	-3.0589595
30.105881	-3.0613656
30.115863	-3.0637726
30.125845	-3.0661806
30.135827	-3.0685895
30.145809	-3.0709994
30.155791	-3.0734103
30.165773	-3.0758221
30.175755	-3.0782349
30.185737	-3.0806486
30.195719	-3.0830633
30.205701	-3.0854789
30.215683	-3.0878955
30.225665	-3.0903131
30.235647	-3.0927316
30.245629	-3.095151
30.255611	-3.0975714
30.265593	-3.0999928
30.275575	-3.1024151
30.285557	-3.1048383
30.295539	-3.1072625
30.305521	-3.1096877
30.315503	-3.1121138
30.325485	-3.1145409
30.335467	-3.1169689
30.345449	-3.1193978
30.355431	-3.1218278
30.365413	-3.1242586
30.375395	-3.1266904
30.385377	-3.1291232
30.395359	-3.1315569
30.405341	-3.1339915
30.415323	-3.1364271
30.425305	-3.1388636
30.435287	-3.1413011
30.445269	-3.1437395
30.455251	-3.1461789
30.465233	-3.1486192
30.475215	-3.1510605
30.485197	-3.1535027
30.495179	-3.1559458
30.505161	-3.1583899
30.515143	-3.1608349
30.525125	-3.1632809
30.535107	-3.1657278
30.545089	-3.1681757
30.555071	-3.1706245
30.565053	-3.1730742
30.575035	-3.1755249
30.585017	-3.1779765
30.594999	-3.180429
30.604981	-3.1828825
30.614963	-3.1853369
30.624945	-3.1877923
30.634927	-3.1902486
30.644909	-3.1927058
30.654891	-3.195164
30.664873	-3.1976231
30.674855	-3.2000831
30.684837	-3.2025441
30.694819	-3.205006
30.704801	-3.2074689
30.714783	-3.2099327
30.724765	-3.2123974
30.734747	-3.214863
30.744729	-3.2173296
30.754711	-3.2197971
30.764693	-3.2222655
30.774675	-3.2247349
30.784657	-3.2272052
30.794639	-3.2296764
30.804621	-3.2321486
30.814603	-3.2346217
30.824585	-3.2370957
30.834567	-3.2395706
30.844549	-3.2420465
30.854531	-3.2445233
30.864513	-3.247001
30.874495	-3.2494797
30.884477	-3.2519593
30.894459	-3.2544398
30.904441	-3.2569212
30.914423	-3.2594036
30.924405	-3.2618869
30.934387	-3.2643711
30.944369	-3.2668562
30.954351	-3.2693422
30.964333	-3.2718292
30.974315	-3.2743171
30.984297	-3.2768059
30.994279	-3.2792957
31.004261	-3.2817863
31.014243	-3.2842779
31.024225	-3.2867704
31.034207	-3.2892638
31.044189	-3.2917582
31.054171	-3.2942534
31.064153	-3.2967496
31.074135	-3.2992467
31.084117	-3.3017447
31.094099	-3.3042436
31.104081	-3.3067435
31.114063	-3.3092442
31.124045	-3.3117459
31.134027	-3.3142485
31.144009	-3.316752
31.153991	-3.3192564
31.163973	-3.3217617
31.173955	-3.324268
31.183937	-3.3267751
31.193919	-3.3292832
31.203901	-3.3317922
31.213883	-3.3343021
31.223865	-3.3368129
31.233847	-3.3393246
31.243829	-3.3418372
31.253811	-3.3443507
31.263793	-3.3468652
31.273775	-3.3493805
31.283757	-3.3518968
31.293739	-3.354414
31.303721	-3.356932
31.313703	-3.359451
31.323685	-3.3619709
31.333667	-3.3644917
31.343649	-3.3670134
31.353631	-3.369536
31.363613	-3.3720595
31.373595	-3.3745839
31.383577	-3.3771092
31.393559	-3.3796354
31.403541	-3.3821625
31.413523	-3.3846906
31.423505	-3.3872195
31.433487	-3.3897493
31.443469	-3.39228
31.453451	-3.3948117
31.463433	-3.3973442
31.473415	-3.3998776
31.483397	-3.4024119
31.493379	-3.4049472
31.503361	-3.4074833
31.513343	-3.4100203
31.523325	-3.4125582
31.533307	-3.415097
31.543289	-3.4176367
31.553271	-3.4201773
31.563253	-3.4227188
31.573235	-3.4252612
31.583217	-3.4278045
31.593199	-3.4303487
31.603181	-3.4328938
31.613163	-3.4354397
31.623145	-3.4379866
31.633127	-3.4405343
31.643109	-3.443083
31.653091	-3.4456325
31.663073	-3.4481829
31.673055	-3.4507342
31.683037	-3.4532864
31.693019	-3.4558395
31.703001	-3.4583935
31.712983	-3.4609484
31.722965	-3.4635041
31.732947	-3.4660608
31.742929	-3.4686183
31.752911	-3.4711767
31.762893	-3.473736
31.772875	-3.4762962
31.782857	-3.4788573
31.792839	-3.4814192
31.802821	-3.4839821
31.812803	-3.4865458
31.822785	-3.4891104
31.832767	-3.4916759
31.842749	-3.4942422
31.852731	-3.4968095
31.862713	-3.4993776
31.872695	-3.5019466
31.882677	-3.5045165
31.892659	-3.5070873
31.902641	-3.5096589
31.912623	-3.5122315
31.922605	-3.5148049
31.932587	-3.5173791
31.942569	-3.5199543
31.952551	-3.5225303
31.962533	-3.5251072
31.972515	-3.527685
31.982496	-3.5302637
31.992478	-3.5328432
32.00246	-3.5354236
32.012442	-3.5380049
32.022424	-3.5405871
32.032406	-3.5431701
32.042388	-3.545754
32.05237	-3.5483387
32.062352	-3.5509244
32.072334	-3.5535109
32.082316	-3.5560983
32.092298	-3.5586865
32.10228	-3.5612756
32.112262	-3.5638656
32.122244	-3.5664565
32.132226	-3.5690482
32.142208	-3.5716408
32.15219	-3.5742343
32.162172	-3.5768286
32.172154	-3.5794238
32.182136	-3.5820198
32.192118	-3.5846167
32.2021	-3.5872145
32.212082	-3.5898132
32.222064	-3.5924127
32.232046	-3.595013
32.242028	-3.5976143
32.25201	-3.6002164
32.261992	-3.6028193
32.271974	-3.6054231
32.281956	-3.6080278
32.291938	-3.6106333
32.30192	-3.6132397
32.311902	-3.615847
32.321884	-3.6184551
32.331866	-3.6210641
32.341848	-3.6236739
32.35183	-3.6262846
32.361812	-3.6288961
32.371794	-3.6315085
32.381776	-3.6341217
32.391758	-3.6367358
32.40174	-3.6393508
32.411722	-3.6419666
32.421704	-3.6445833
32.431686	-3.6472008
32.441668	-3.6498191
32.45165	-3.6524384
32.461632	-3.6550584
32.471614	-3.6576793
32.481596	-3.6603011
32.491578	-3.6629237
32.50156	-3.6655472
32.511542	-3.6681715
32.521524	-3.6707967
32.531506	-3.6734227
32.541488	-3.6760495
32.55147	-3.6786772
32.561452	-3.6813058
32.571434	-3.6839352
32.581416	-3.6865654
32.591398	-3.6891965
32.60138	-3.6918284
32.611362	-3.6944612
32.621344	-3.6970948
32.631326	-3.6997292
32.641308	-3.7023645
32.65129	-3.7050007
32.661272	-3.7076376
32.671254	-3.7102755
32.681236	-3.7129141
32.691218	-3.7155536
32.7012	-3.7181939
32.711182	-3.7208351
32.721164	-3.7234771
32.731146	-3.72612
32.741128	-3.7287636
32.75111	-3.7314082
32.761092	-3.7340535
32.771074	-3.7366997
32.781056	-3.7393467
32.791038	-3.7419946
32.80102	-3.7446433
32.811002	-3.7472928
32.820984	-3.7499431
32.830966	-3.7525943
32.840948	-3.7552463
32.85093	-3.7578992
32.860912	-3.7605529
32.870894	-3.7632074
32.880876	-3.7658627
32.890858	-3.7685189
32.90084	-3.7711758
32.910822	-3.7738337
32.920804	-3.7764923
32.930786	-3.7791518
32.940768	-3.7818121
32.95075	-3.7844732
32.960732	-3.7871351
32.970714	-3.7897979
32.980696	-3.7924615
32.990678	-3.7951259
33.00066	-3.7977912
33.010642	-3.8004572
33.020624	-3.8031241
33.030606	-3.8057918
33.040588	-3.8084604
33.05057	-3.8111297
33.060552	-3.8137999
33.070534	-3.8164709
33.080516	-3.8191427
33.090498	-3.8218153
33.10048	-3.8244887
33.110462	-3.827163
33.120444	-3.829838
33.130426	-3.8325139
33.140408	-3.8351906
33.15039	-3.8378682
33.160372	-3.8405465
33.170354	-3.8432256
33.180336	-3.8459056
33.190318	-3.8485864
33.2003	-3.8512679
33.210282	-3.8539503
33.220264	-3.8566335
33.230246	-3.8593176
33.240228	-3.8620024
33.25021	-3.864688
33.260192	-3.8673745
33.270174	-3.8700617
33.280156	-3.8727498
33.290138	-3.8754386
33.30012	-3.8781283
33.310102	-3.8808188
33.320084	-3.8835101
33.330066	-3.8862022
33.340048	-3.8888951
33.35003	-3.8915888
33.360012	-3.8942833
33.369994	-3.8969786
33.379976	-3.8996747
33.389958	-3.9023716
33.39994	-3.9050693
33.409922	-3.9077678
33.419904	-3.9104671
33.429886	-3.9131672
33.439868	-3.9158681
33.44985	-3.9185698
33.459832	-3.9212723
33.469814	-3.9239756
33.479796	-3.9266797
33.489778	-3.9293846
33.49976	-3.9320903
33.509742	-3.9347968
33.519724	-3.9375041
33.529706	-3.9402122
33.539688	-3.942921
33.54967	-3.9456307
33.559652	-3.9483412
33.569634	-3.9510524
33.579616	-3.9537644
33.589598	-3.9564773
33.59958	-3.9591909
33.609562	-3.9619053
33.619544	-3.9646205
33.629526	-3.9673365
33.639508	-3.9700533
33.64949	-3.9727708
33.659472	-3.9754892
33.669454	-3.9782083
33.679436	-3.9809282
33.689418	-3.9836489
33.6994	-3.9863704
33.709382	-3.9890927
33.719364	-3.9918157
33.729346	-3.9945396
33.739328	-3.9972642
33.74931	-3.9999896
33.759292	-4.0027158
33.769274	-4.0054428
33.779256	-4.0081705
33.789238	-4.010899
33.79922	-4.0136284
33.809202	-4.0163584
33.819184	-4.0190893
33.829166	-4.0218209
33.839148	-4.0245534
33.84913	-4.0272866
33.859112	-4.0300205
33.869094	-4.0327553
33.879076	-4.0354908
33.889058	-4.0382271
33.89904	-4.0409642
33.909022	-4.043702
33.919004	-4.0464406
33.928986	-4.04918
33.938968	-4.0519202
33.94895	-4.0546611
33.958932	-4.0574028
33.968914	-4.0601453
33.978896	-4.0628885
33.988878	-4.0656325
33.99886	-4.0683773
34.008842	-4.0711228
34.018824	-4.0738691
34.028806	-4.0766162
34.038788	-4.079364
34.04877	-4.0821126
34.058752	-4.084862
34.068734	-4.0876121
34.078716	-4.090363
34.088698	-4.0931147
34.09868	-4.0958671
34.108662	-4.0986203
34.118644	-4.1013743
34.128626	-4.104129
34.138608	-4.1068844
34.14859	-4.1096407
34.158572	-4.1123976
34.168554	-4.1151554
34.178536	-4.1179139
34.188518	-4.1206732
34.1985	-4.1234332
34.208482	-4.1261939
34.218464	-4.1289555
34.228446	-4.1317178
34.238428	-4.1344808
34.24841	-4.1372446
34.258392	-4.1400091
34.268374	-4.1427744
34.278356	-4.1455405
34.288338	-4.1483073
34.29832	-4.1510748
34.308302	-4.1538431
34.318284	-4.1566122
34.328266	-4.159382
34.338248	-4.1621525
34.34823	-4.1649238
34.358212	-4.1676959
34.368194	-4.1704687
34.378176	-4.1732422
34.388158	-4.1760165
34.39814	-4.1787915
34.408122	-4.1815673
34.418104	-4.1843438
34.428086	-4.1871211
34.438068	-4.1898991
34.44805	-4.1926779
34.458032	-4.1954574
34.468014	-4.1982376
34.477996	-4.2010186
34.487978	-4.2038003
34.49796	-4.2065827
34.507942	-4.2093659
34.517924	-4.2121499
34.527906	-4.2149345
34.537888	-4.2177199
34.54787	-4.2205061
34.557852	-4.223293
34.567834	-4.2260806
34.577816	-4.2288689
34.587798	-4.231658
34.59778	-4.2344478
34.607762	-4.2372384
34.617744	-4.2400297
34.627726	-4.2428217
34.637708	-4.2456144
34.64769	-4.2484079
34.657672	-4.2512021
34.667654	-4.2539971
34.677636	-4.2567928
34.687618	-4.2595892
34.6976	-4.2623863
34.707582	-4.2651841
34.717564	-4.2679827
34.727546	-4.270782
34.737528	-4.2735821
34.74751	-4.2763828
34.757491	-4.2791843
34.767473	-4.2819865
34.777455	-4.2847895
34.787437	-4.2875931
34.797419	-4.2903975
34.807401	-4.2932026
34.817383	-4.2960084
34.827365	-4.2988149
34.837347	-4.3016222
34.847329	-4.3044302
34.857311	-4.3072389
34.867293	-4.3100483
34.877275	-4.3128585
34.887257	-4.3156693
34.897239	-4.3184809
34.907221	-4.3212932
34.917203	-4.3241062
34.927185	-4.3269199
34.937167	-4.3297343
34.947149	-4.3325495
34.957131	-4.3353653
34.967113	-4.3381819
34.977095	-4.3409992
34.987077	-4.3438172
34.997059	-4.3466359
35.007041	-4.3494553
35.017023	-4.3522754
35.027005	-4.3550962
35.036987	-4.3579178
35.046969	-4.36074
35.056951	-4.363563
35.066933	-4.3663867
35.076915	-4.369211
35.086897	-4.3720361
35.096879	-4.3748619
35.106861	-4.3776884
35.116843	-4.3805156
35.126825	-4.3833435
35.136807	-4.3861721
35.146789	-4.3890013
35.156771	-4.3918313
35.166753	-4.394662
35.176735	-4.3974934
35.186717	-4.4003255
35.196699	-4.4031583
35.206681	-4.4059918
35.216663	-4.408826
35.226645	-4.4116609
35.236627	-4.4144965
35.246609	-4.4173328
35.256591	-4.4201698
35.266573	-4.4230075
35.276555	-4.4258458
35.286537	-4.4286849
35.296519	-4.4315247
35.306501	-4.4343651
35.316483	-4.4372063
35.326465	-4.4400481
35.336447	-4.4428906
35.346429	-4.4457338
35.356411	-4.4485777
35.366393	-4.4514223
35.376375	-4.4542676
35.386357	-4.4571136
35.396339	-4.4599602
35.406321	-4.4628076
35.416303	-4.4656556
35.426285	-4.4685043
35.436267	-4.4713537
35.446249	-4.4742038
35.456231	-4.4770546
35.466213	-4.4799061
35.476195	-4.4827582
35.486177	-4.485611
35.496159	-4.4884645
35.506141	-4.4913187
35.516123	-4.4941736
35.526105	-4.4970291
35.536087	-4.4998853
35.546069	-4.5027422
35.556051	-4.5055998
35.566033	-4.5084581
35.576015	-4.511317
35.585997	-4.5141766
35.595979	-4.5170369
35.605961	-4.5198978
35.615943	-4.5227595
35.625925	-4.5256218
35.635907	-4.5284848
35.645889	-4.5313484
35.655871	-4.5342127
35.665853	-4.5370777
35.675835	-4.5399434
35.685817	-4.5428097
35.695799	-4.5456767
35.705781	-4.5485444
35.715763	-4.5514128
35.725745	-4.5542818
35.735727	-4.5571515
35.745709	-4.5600218
35.755691	-4.5628928
35.765673	-4.5657645
35.775655	-4.5686368
35.785637	-4.5715099
35.795619	-4.5743835
35.805601	-4.5772579
35.815583	-4.5801329
35.825565	-4.5830085
35.835547	-4.5858848
35.845529	-4.5887618
35.855511	-4.5916395
35.865493	-4.5945178
35.875475	-4.5973967
35.885457	-4.6002764
35.895439	-4.6031566
35.905421	-4.6060376
35.915403	-4.6089192
35.925385	-4.6118014
35.935367	-4.6146843
35.945349	-4.6175679
35.955331	-4.6204521
35.965313	-4.6233369
35.975295	-4.6262225
35.985277	-4.6291086
35.995259	-4.6319955
36.005241	-4.6348829
36.015223	-4.6377711
36.025205	-4.6406598
36.035187	-4.6435493
36.045169	-4.6464393
36.055151	-4.6493301
36.065133	-4.6522214
36.075115	-4.6551134
36.085097	-4.6580061
36.095079	-4.6608994
36.105061	-4.6637934
36.115043	-4.666688
36.125025	-4.6695832
36.135007	-4.6724791
36.144989	-4.6753756
36.154971	-4.6782728
36.164953	-4.6811706
36.174935	-4.6840691
36.184917	-4.6869682
36.194899	-4.6898679
36.204881	-4.6927683
36.214863	-4.6956693
36.224845	-4.698571
36.234827	-4.7014733
36.244809	-4.7043762
36.254791	-4.7072798
36.264773	-4.710184
36.274755	-4.7130888
36.284737	-4.7159943
36.294719	-4.7189004
36.304701	-4.7218071
36.314683	-4.7247145
36.324665	-4.7276225
36.334647	-4.7305311
36.344629	-4.7334404
36.354611	-4.7363503
36.364593	-4.7392608
36.374575	-4.742172
36.384557	-4.7450837
36.394539	-4.7479962
36.404521	-4.7509092
36.414503	-4.7538229
36.424485	-4.7567372
36.434467	-4.7596521
36.444449	-4.7625676
36.454431	-4.7654838
36.464413	-4.7684006
36.474395	-4.771318
36.484377	-4.774236
36.494359	-4.7771547
36.504341	-4.780074
36.514323	-4.7829939
36.524305	-4.7859144
36.534287	-4.7888355
36.544269	-4.7917573
36.554251	-4.7946797
36.564233	-4.7976027
36.574215	-4.8005263
36.584197	-4.8034505
36.594179	-4.8063754
36.604161	-4.8093008
36.614143	-4.8122269
36.624125	-4.8151536
36.634107	-4.8180809
36.644089	-4.8210088
36.654071	-4.8239374
36.664053	-4.8268665
36.674035	-4.8297963
36.684017	-4.8327266
36.693999	-4.8356576
36.703981	-4.8385892
36.713963	-4.8415214
36.723945	-4.8444542
36.733927	-4.8473876
36.743909	-4.8503216
36.753891	-4.8532563
36.763873	-4.8561915
36.773855	-4.8591273
36.783837	-4.8620638
36.793819	-4.8650008
36.803801	-4.8679385
36.813783	-4.8708767
36.823765	-4.8738156
36.833747	-4.876755
36.843729	-4.8796951
36.853711	-4.8826357
36.863693	-4.885577
36.873675	-4.8885189
36.883657	-4.8914613
36.893639	-4.8944044
36.903621	-4.897348
36.913603	-4.9002923
36.923585	-4.9032371
36.933567	-4.9061825
36.943549	-4.9091286
36.953531	-4.9120752
36.963513	-4.9150224
36.973495	-4.9179703
36.983477	-4.9209187
36.993459	-4.9238677
37.003441	-4.9268173
37.013423	-4.9297674
37.023405	-4.9327182
37.033387	-4.9356696
37.043369	-4.9386215
37.053351	-4.9415741
37.063333	-4.9445272
37.073315	-4.9474809
37.083297	-4.9504352
37.093279	-4.9533901
37.103261	-4.9563456
37.113243	-4.9593017
37.123225	-4.9622583
37.133207	-4.9652155
37.143189	-4.9681734
37.153171	-4.9711318
37.163153	-4.9740907
37.173135	-4.9770503
37.183117	-4.9800104
37.193099	-4.9829711
37.203081	-4.9859324
37.213063	-4.9888943
37.223045	-4.9918568
37.233027	-4.9948198
37.243009	-4.9977834
37.252991	-5.0007476
37.262973	-5.0037124
37.272955	-5.0066777
37.282937	-5.0096436
37.292919	-5.0126101
37.302901	-5.0155772
37.312883	-5.0185448
37.322865	-5.021513
37.332847	-5.0244818
37.342829	-5.0274512
37.352811	-5.0304211
37.362793	-5.0333916
37.372775	-5.0363626
37.382757	-5.0393343
37.392739	-5.0423065
37.402721	-5.0452792
37.412703	-5.0482526
37.422685	-5.0512265
37.432667	-5.0542009
37.442649	-5.057176
37.452631	-5.0601515
37.462613	-5.0631277
37.472595	-5.0661044
37.482577	-5.0690817
37.492559	-5.0720596
37.502541	-5.075038
37.512523	-5.0780169
37.522505	-5.0809965
37.532486	-5.0839766
37.542468	-5.0869572
37.55245	-5.0899384
37.562432	-5.0929202
37.572414	-5.0959025
37.582396	-5.0988854
37.592378	-5.1018688
37.60236	-5.1048528
37.612342	-5.1078373
37.622324	-5.1108224
37.632306	-5.1138081
37.642288	-5.1167943
37.65227	-5.1197811
37.662252	-5.1227684
37.672234	-5.1257562
37.682216	-5.1287447
37.692198	-5.1317336
37.70218	-5.1347231
37.712162	-5.1377132
37.722144	-5.1407038
37.732126	-5.143695
37.742108	-5.1466867
37.75209	-5.1496789
37.762072	-5.1526717
37.772054	-5.1556651
37.782036	-5.158659
37.792018	-5.1616534
37.802	-5.1646484
37.811982	-5.1676439
37.821964	-5.17064
37.831946	-5.1736366
37.841928	-5.1766337
37.85191	-5.1796314
37.861892	-5.1826296
37.871874	-5.1856284
37.881856	-5.1886277
37.891838	-5.1916275
37.90182	-5.1946279
37.911802	-5.1976288
37.921784	-5.2006303
37.931766	-5.2036323
37.941748	-5.2066348
37.95173	-5.2096379
37.961712	-5.2126415
37.971694	-5.2156456
37.981676	-5.2186503
37.991658	-5.2216555
38.00164	-5.2246612
38.011622	-5.2276674
38.021604	-5.2306742
38.031586	-5.2336815
38.041568	-5.2366894
38.05155	-5.2396978
38.061532	-5.2427067
38.071514	-5.2457161
38.081496	-5.2487261
38.091478	-5.2517365
38.10146	-5.2547475
38.111442	-5.2577591
38.121424	-5.2607711
38.131406	-5.2637837
38.141388	-5.2667968
38.15137	-5.2698105
38.161352	-5.2728246
38.171334	-5.2758393
38.181316	-5.2788545
38.191298	-5.2818702
38.20128	-5.2848864
38.211262	-5.2879032
38.221244	-5.2909204
38.231226	-5.2939382
38.241208	-5.2969565
38.25119	-5.2999754
38.261172	-5.3029947
38.271154	-5.3060146
38.281136	-5.3090349
38.291118	-5.3120558
38.3011	-5.3150772
38.311082	-5.3180991
38.321064	-5.3211216
38.331046	-5.3241445
38.341028	-5.3271679
38.35101	-5.3301919
38.360992	-5.3332164
38.370974	-5.3362413
38.380956	-5.3392668
38.390938	-5.3422928
38.40092	-5.3453193
38.410902	-5.3483463
38.420884	-5.3513739
38.430866	-5.3544019
38.440848	-5.3574304
38.45083	-5.3604595
38.460812	-5.363489
38.470794	-5.366519
38.480776	-5.3695496
38.490758	-5.3725806
38.50074	-5.3756122
38.510722	-5.3786442
38.520704	-5.3816768
38.530686	-5.3847098
38.540668	-5.3877434
38.55065	-5.3907774
38.560632	-5.393812
38.570614	-5.396847
38.580596	-5.3998826
38.590578	-5.4029186
38.60056	-5.4059552
38.610542	-5.4089922
38.620524	-5.4120297
38.630506	-5.4150677
38.640488	-5.4181062
38.65047	-5.4211453
38.660452	-5.4241848
38.670434	-5.4272248
38.680416	-5.4302652
38.690398	-5.4333062
38.70038	-5.4363477
38.710362	-5.4393896
38.720344	-5.4424321
38.730326	-5.445475
38.740308	-5.4485184
38.75029	-5.4515623
38.760272	-5.4546067
38.770254	-5.4576516
38.780236	-5.460697
38.790218	-5.4637428
38.8002	-5.4667891
38.810182	-5.469836
38.820164	-5.4728833
38.830146	-5.475931
38.840128	-5.4789793
38.85011	-5.482028
38.860092	-5.4850773
38.870074	-5.488127
38.880056	-5.4911772
38.890038	-5.4942278
38.90002	-5.497279
38.910002	-5.5003306
38.919984	-5.5033827
38.929966	-5.5064353
38.939948	-5.5094883
38.94993	-5.5125418
38.959912	-5.5155958
38.969894	-5.5186503
38.979876	-5.5217053
38.989858	-5.5247607
38.99984	-5.5278166
39.009822	-5.5308729
39.019804	-5.5339298
39.029786	-5.5369871
39.039768	-5.5400448
39.04975	-5.5431031
39.059732	-5.5461618
39.069714	-5.549221
39.079696	-5.5522806
39.089678	-5.5553408
39.09966	-5.5584013
39.109642	-5.5614624
39.119624	-5.5645239
39.129606	-5.5675859
39.139588	-5.5706483
39.14957	-5.5737112
39.159552	-5.5767746
39.169534	-5.5798384
39.179516	-5.5829027
39.189498	-5.5859675
39.19948	-5.5890327
39.209462	-5.5920984
39.219444	-5.5951645
39.229426	-5.5982311
39.239408	-5.6012982
39.24939	-5.6043657
39.259372	-5.6074337
39.269354	-5.6105021
39.279336	-5.613571
39.289318	-5.6166403
39.2993	-5.6197101
39.309282	-5.6227803
39.319264	-5.625851
39.329246	-5.6289222
39.339228	-5.6319938
39.34921	-5.6350659
39.359192	-5.6381384
39.369174	-5.6412113
39.379156	-5.6442847
39.389138	-5.6473586
39.39912	-5.6504329
39.409102	-5.6535076
39.419084	-5.6565829
39.429066	-5.6596585
39.439048	-5.6627346
39.44903	-5.6658111
39.459012	-5.6688881
39.468994	-5.6719656
39.478976	-5.6750434
39.488958	-5.6781218
39.49894	-5.6812005
39.508922	-5.6842797
39.518904	-5.6873594
39.528886	-5.6904395
39.538868	-5.69352
39.54885	-5.696601
39.558832	-5.6996824
39.568814	-5.7027642
39.578796	-5.7058465
39.588778	-5.7089293
39.59876	-5.7120124
39.608742	-5.715096
39.618724	-5.7181801
39.628706	-5.7212645
39.638688	-5.7243494
39.64867	-5.7274348
39.658652	-5.7305206
39.668634	-5.7336068
39.678616	-5.7366934
39.688598	-5.7397805
39.69858	-5.742868
39.708562	-5.7459559
39.718544	-5.7490443
39.728526	-5.7521331
39.738508	-5.7552223
39.74849	-5.758312
39.758472	-5.7614021
39.768454	-5.7644926
39.778436	-5.7675835
39.788418	-5.7706749
39.7984	-5.7737667
39.808382	-5.7768589
39.818364	-5.7799515
39.828346	-5.7830446
39.838328	-5.7861381
39.84831	-5.789232
39.858292	-5.7923263
39.868274	-5.7954211
39.878256	-5.7985162
39.888238	-5.8016118
39.89822	-5.8047078
39.908202	-5.8078043
39.918184	-5.8109011
39.928166	-5.8139984
39.938148	-5.8170961
39.94813	-5.8201942
39.958112	-5.8232927
39.968094	-5.8263917
39.978076	-5.829491
39.988058	-5.8325908
39.99804	-5.835691
40.008022	-5.8387916
40.018004	-5.8418926
40.027986	-5.844994
40.037968	-5.8480958
40.04795	-5.8511981
40.057932	-5.8543007
40.067914	-5.8574038
40.077896	-5.8605073
40.087878	-5.8636112
40.09786	-5.8667155
40.107842	-5.8698202
40.117824	-5.8729253
40.127806	-5.8760308
40.137788	-5.8791367
40.14777	-5.8822431
40.157752	-5.8853498
40.167734	-5.8884569
40.177716	-5.8915645
40.187698	-5.8946724
40.19768	-5.8977808
40.207662	-5.9008895
40.217644	-5.9039987
40.227626	-5.9071082
40.237608	-5.9102182
40.24759	-5.9133285
40.257572	-5.9164393
40.267554	-5.9195504
40.277536	-5.922662
40.287518	-5.9257739
40.297499	-5.9288863
40.307481	-5.931999
40.317463	-5.9351122
40.327445	-5.9382257
40.337427	-5.9413396
40.347409	-5.9444539
40.357391	-5.9475687
40.367373	-5.9506838
40.377355	-5.9537993
40.387337	-5.9569152
40.397319	-5.9600314
40.407301	-5.9631481
40.417283	-5.9662652
40.427265	-5.9693826
40.437247	-5.9725005
40.447229	-5.9756187
40.457211	-5.9787373
40.467193	-5.9818564
40.477175	-5.9849757
40.487157	-5.9880955
40.497139	-5.9912157
40.507121	-5.9943363
40.517103	-5.9974572
40.527085	-6.0005785
40.537067	-6.0037002
40.547049	-6.0068223
40.557031	-6.0099448
40.567013	-6.0130676
40.576995	-6.0161909
40.586977	-6.0193145
40.596959	-6.0224385
40.606941	-6.0255628
40.616923	-6.0286876
40.626905	-6.0318127
40.636887	-6.0349382
40.646869	-6.0380641
40.656851	-6.0411904
40.666833	-6.044317
40.676815	-6.047444
40.686797	-6.0505714
40.696779	-6.0536992
40.706761	-6.0568273
40.716743	-6.0599559
40.726725	-6.0630847
40.736707	-6.066214
40.746689	-6.0693436
40.756671	-6.0724736
40.766653	-6.075604
40.776635	-6.0787347
40.786617	-6.0818658
40.796599	-6.0849973
40.806581	-6.0881292
40.816563	-6.0912614
40.826545	-6.094394
40.836527	-6.0975269
40.846509	-6.1006602
40.856491	-6.1037939
40.866473	-6.106928
40.876455	-6.1100624
40.886437	-6.1131971
40.896419	-6.1163323
40.906401	-6.1194678
40.916383	-6.1226037
40.926365	-6.1257399
40.936347	-6.1288765
40.946329	-6.1320134
40.956311	-6.1351507
40.966293	-6.1382884
40.976275	-6.1414264
40.986257	-6.1445648
40.996239	-6.1477035
41.006221	-6.1508426
41.016203	-6.1539821
41.026185	-6.1571219
41.036167	-6.1602621
41.046149	-6.1634026
41.056131	-6.1665434
41.066113	-6.1696847
41.076095	-6.1728263
41.086077	-6.1759682
41.096059	-6.1791105
41.106041	-6.1822531
41.116023	-6.1853961
41.126005	-6.1885394
41.135987	-6.1916831
41.145969	-6.1948272
41.155951	-6.1979716
41.165933	-6.2011163
41.175915	-6.2042614
41.185897	-6.2074068
41.195879	-6.2105526
41.205861	-6.2136987
41.215843	-6.2168452
41.225825	-6.219992
41.235807	-6.2231392
41.245789	-6.2262867
41.255771	-6.2294345
41.265753	-6.2325827
41.275735	-6.2357312
41.285717	-6.2388801
41.295699	-6.2420293
41.305681	-6.2451789
41.315663	-6.2483288
41.325645	-6.251479
41.335627	-6.2546296
41.345609	-6.2577805
41.355591	-6.2609318
41.365573	-6.2640834
41.375555	-6.2672353
41.385537	-6.2703875
41.395519	-6.2735401
41.405501	-6.2766931
41.415483	-6.2798463
41.425465	-6.2829999
41.435447	-6.2861539
41.445429	-6.2893081
41.455411	-6.2924627
41.465393	-6.2956177
41.475375	-6.2987729
41.485357	-6.3019285
41.495339	-6.3050845
41.505321	-6.3082407
41.515303	-6.3113973
41.525285	-6.3145542
41.535267	-6.3177114
41.545249	-6.320869
41.555231	-6.3240269
41.565213	-6.3271851
41.575195	-6.3303437
41.585177	-6.3335025
41.595159	-6.3366617
41.605141	-6.3398213
41.615123	-6.3429811
41.625105	-6.3461413
41.635087	-6.3493018
41.645069	-6.3524626
41.655051	-6.3556237
41.665033	-6.3587852
41.675015	-6.361947
41.684997	-6.365109
41.694979	-6.3682715
41.704961	-6.3714342
41.714943	-6.3745972
41.724925	-6.3777606
41.734907	-6.3809243
41.744889	-6.3840883
41.754871	-6.3872526
41.764853	-6.3904173
41.774835	-6.3935822
41.784817	-6.3967475
41.794799	-6.3999131
41.804781	-6.403079
41.814763	-6.4062452
41.824745	-6.4094117
41.834727	-6.4125785
41.844709	-6.4157457
41.854691	-6.4189131
41.864673	-6.4220809
41.874655	-6.4252489
41.884637	-6.4284173
41.894619	-6.431586
41.904601	-6.434755
41.914583	-6.4379243
41.924565	-6.4410939
41.934547	-6.4442639
41.944529	-6.4474341
41.954511	-6.4506046
41.964493	-6.4537754
41.974475	-6.4569466
41.984457	-6.460118
41.994439	-6.4632898
42.004421	-6.4664618
42.014403	-6.4696342
42.024385	-6.4728068
42.034367	-6.4759798
42.044349	-6.4791531
42.054331	-6.4823266
42.064313	-6.4855005
42.074295	-6.4886746
42.084277	-6.4918491
42.094259	-6.4950238
42.104241	-6.4981989
42.114223	-6.5013742
42.124205	-6.5045499
42.134187	-6.5077258
42.144169	-6.510902
42.154151	-6.5140786
42.164133	-6.5172554
42.174115	-6.5204325
42.184097	-6.5236099
42.194079	-6.5267876
42.204061	-6.5299656
42.214043	-6.5331439
42.224025	-6.5363225
42.234007	-6.5395013
42.243989	-6.5426805
42.253971	-6.5458599
42.263953	-6.5490397
42.273935	-6.5522197
42.283917	-6.5554
42.293899	-6.5585806
42.303881	-6.5617615
42.313863	-6.5649427
42.323845	-6.5681241
42.333827	-6.5713059
42.343809	-6.5744879
42.353791	-6.5776702
42.363773	-6.5808528
42.373755	-6.5840357
42.383737	-6.5872189
42.393719	-6.5904023
42.403701	-6.593586
42.413683	-6.59677
42.423665	-6.5999543
42.433647	-6.6031389
42.443629	-6.6063238
42.453611	-6.6095089
42.463593	-6.6126943
42.473575	-6.61588
42.483557	-6.6190659
42.493539	-6.6222522
42.503521	-6.6254387
42.513503	-6.6286255
42.523485	-6.6318125
42.533467	-6.6349999
42.543449	-6.6381875
42.553431	-6.6413754
42.563413	-6.6445636
42.573395	-6.647752
42.583377	-6.6509407
42.593359	-6.6541297
42.603341	-6.6573189
42.613323	-6.6605085
42.623305	-6.6636982
42.633287	-6.6668883
42.643269	-6.6700786
42.653251	-6.6732692
42.663233	-6.6764601
42.673215	-6.6796512
42.683197	-6.6828426
42.693179	-6.6860343
42.703161	-6.6892262
42.713143	-6.6924184
42.723125	-6.6956109
42.733107	-6.6988036
42.743089	-6.7019966
42.753071	-6.7051899
42.763053	-6.7083834
42.773035	-6.7115772
42.783017	-6.7147712
42.792999	-6.7179655
42.802981	-6.7211601
42.812963	-6.7243549
42.822945	-6.72755
42.832927	-6.7307454
42.842909	-6.733941
42.852891	-6.7371368
42.862873	-6.740333
42.872855	-6.7435293
42.882837	-6.746726
42.892819	-6.7499229
42.902801	-6.75312
42.912783	-6.7563174
42.922765	-6.7595151
42.932747	-6.762713
42.942729	-6.7659112
42.952711	-6.7691096
42.962693	-6.7723083
42.972675	-6.7755072
42.982657	-6.7787064
42.992639	-6.7819058
43.002621	-6.7851055
43.012603	-6.7883054
43.022585	-6.7915056
43.032567	-6.794706
43.042549	-6.7979067
43.052531	-6.8011076
43.062513	-6.8043088
43.072494	-6.8075102
43.082476	-6.8107119
43.092458	-6.8139138
43.10244	-6.8171159
43.112422	-6.8203183
43.122404	-6.823521
43.132386	-6.8267239
43.142368	-6.829927
43.15235	-6.8331304
43.162332	-6.836334
43.172314	-6.8395379
43.182296	-6.842742
43.192278	-6.8459463
43.20226	-6.8491509
43.212242	-6.8523557
43.222224	-6.8555608
43.232206	-6.8587661
43.242188	-6.8619716
43.25217	-6.8651774
43.262152	-6.8683834
43.272134	-6.8715897
43.282116	-6.8747962
43.292098	-6.8780029
43.30208	-6.8812099
43.312062	-6.8844171
43.322044	-6.8876245
43.332026	-6.8908322
43.342008	-6.8940401
43.35199	-6.8972482
43.361972	-6.9004566
43.371954	-6.9036652
43.381936	-6.906874
43.391918	-6.9100831
43.4019	-6.9132924
43.411882	-6.9165019
43.421864	-6.9197117
43.431846	-6.9229216
43.441828	-6.9261319
43.45181	-6.9293423
43.461792	-6.932553
43.471774	-6.9357639
43.481756	-6.938975
43.491738	-6.9421863
43.50172	-6.9453979
43.511702	-6.9486097
43.521684	-6.9518217
43.531666	-6.955034
43.541648	-6.9582464
43.55163	-6.9614591
43.561612	-6.964672
43.571594	-6.9678852
43.581576	-6.9710985
43.591558	-6.9743121
43.60154	-6.9775259
43.611522	-6.9807399
43.621504	-6.9839542
43.631486	-6.9871686
43.641468	-6.9903833
43.65145	-6.9935982
43.661432	-6.9968133
43.671414	-7.0000287
43.681396	-7.0032442
43.691378	-7.00646
43.70136	-7.009676
43.711342	-7.0128922
43.721324	-7.0161086
43.731306	-7.0193252
43.741288	-7.022542
43.75127	-7.0257591
43.761252	-7.0289764
43.771234	-7.0321938
43.781216	-7.0354115
43.791198	-7.0386294
43.80118	-7.0418475
43.811162	-7.0450659
43.821144	-7.0482844
43.831126	-7.0515031
43.841108	-7.0547221
43.85109	-7.0579412
43.861072	-7.0611606
43.871054	-7.0643802
43.881036	-7.0676
43.891018	-7.07082
43.901	-7.0740402
43.910982	-7.0772606
43.920964	-7.0804812
43.930946	-7.083702
43.940928	-7.086923
43.95091	-7.0901442
43.960892	-7.0933656
43.970874	-7.0965873
43.980856	-7.0998091
43.990838	-7.1030311
44.00082	-7.1062533
44.010802	-7.1094758
44.020784	-7.1126984
44.030766	-7.1159212
44.040748	-7.1191443
44.05073	-7.1223675
44.060712	-7.1255909
44.070694	-7.1288145
44.080676	-7.1320384
44.090658	-7.1352624
44.10064	-7.1384866
44.110622	-7.141711
44.120604	-7.1449356
44.130586	-7.1481604
44.140568	-7.1513854
44.15055	-7.1546106
44.160532	-7.157836
44.170514	-7.1610616
44.180496	-7.1642873
44.190478	-7.1675133
44.20046	-7.1707394
44.210442	-7.1739658
44.220424	-7.1771923
44.230406	-7.1804191
44.240388	-7.183646
44.25037	-7.1868731
44.260352	-7.1901004
44.270334	-7.1933278
44.280316	-7.1965555
44.290298	-7.1997834
44.30028	-7.2030114
44.310262	-7.2062396
44.320244	-7.2094681
44.330226	-7.2126967
44.340208	-7.2159255
44.35019	-7.2191544
44.360172	-7.2223836
44.370154	-7.2256129
44.380136	-7.2288424
44.390118	-7.2320721
44.4001	-7.235302
44.410082	-7.2385321
44.420064	-7.2417624
44.430046	-7.2449928
44.440028	-7.2482234
44.45001	-7.2514542
44.459992	-7.2546852
44.469974	-7.2579163
44.479956	-7.2611476
44.489938	-7.2643791
44.49992	-7.2676108
44.509902	-7.2708427
44.519884	-7.2740747
44.529866	-7.2773069
44.539848	-7.2805393
44.54983	-7.2837719
44.559812	-7.2870046
44.569794	-7.2902375
44.579776	-7.2934706
44.589758	-7.2967039
44.59974	-7.2999373
44.609722	-7.3031709
44.619704	-7.3064047
44.629686	-7.3096387
44.639668	-7.3128728
44.64965	-7.3161071
44.659632	-7.3193415
44.669614	-7.3225762
44.679596	-7.325811
44.689578	-7.3290459
44.69956	-7.3322811
44.709542	-7.3355164
44.719524	-7.3387518
44.729506	-7.3419875
44.739488	-7.3452233
44.74947	-7.3484593
44.759452	-7.3516954
44.769434	-7.3549317
44.779416	-7.3581682
44.789398	-7.3614048
44.79938	-7.3646416
44.809362	-7.3678785
44.819344	-7.3711157
44.829326	-7.3743529
44.839308	-7.3775904
44.84929	-7.380828
44.859272	-7.3840658
44.869254	-7.3873037
44.879236	-7.3905418
44.889218	-7.39378
44.8992	-7.3970184
44.909182	-7.400257
44.919164	-7.4034957
44.929146	-7.4067346
44.939128	-7.4099736
44.94911	-7.4132128
44.959092	-7.4164522
44.969074	-7.4196917
44.979056	-7.4229313
44.989038	-7.4261711
44.99902	-7.4294111
45.009002	-7.4326512
45.018984	-7.4358915
45.028966	-7.4391319
45.038948	-7.4423725
45.04893	-7.4456133
45.058912	-7.4488542
45.068894	-7.4520952
45.078876	-7.4553364
45.088858	-7.4585777
45.09884	-7.4618192
45.108822	-7.4650609
45.118804	-7.4683026
45.128786	-7.4715446
45.138768	-7.4747867
45.14875	-7.4780289
45.158732	-7.4812713
45.168714	-7.4845138
45.178696	-7.4877565
45.188678	-7.4909993
45.19866	-7.4942423
45.208642	-7.4974854
45.218624	-7.5007286
45.228606	-7.503972
45.238588	-7.5072156
45.24857	-7.5104593
45.258552	-7.5137031
45.268534	-7.5169471
45.278516	-7.5201912
45.288498	-7.5234354
45.29848	-7.5266798
45.308462	-7.5299244
45.318444	-7.533169
45.328426	-7.5364139
45.338408	-7.5396588
45.34839	-7.5429039
45.358372	-7.5461491
45.368354	-7.5493945
45.378336	-7.55264
45.388318	-7.5558857
45.3983	-7.5591314
45.408282	-7.5623774
45.418264	-7.5656234
45.428246	-7.5688696
45.438228	-7.5721159
45.44821	-7.5753624
45.458192	-7.578609
45.468174	-7.5818557
45.478156	-7.5851026
45.488138	-7.5883495
45.49812	-7.5915967
45.508102	-7.5948439
45.518084	-7.5980913
45.528066	-7.6013388
45.538048	-7.6045865
45.54803	-7.6078343
45.558012	-7.6110822
45.567994	-7.6143302
45.577976	-7.6175784
45.587958	-7.6208267
45.59794	-7.6240751
45.607922	-7.6273236
45.617904	-7.6305723
45.627886	-7.6338211
45.637868	-7.63707
45.64785	-7.6403191
45.657832	-7.6435683
45.667814	-7.6468176
45.677796	-7.650067
45.687778	-7.6533165
45.69776	-7.6565662
45.707742	-7.659816
45.717724	-7.6630659
45.727706	-7.666316
45.737688	-7.6695662
45.74767	-7.6728164
45.757652	-7.6760668
45.767634	-7.6793174
45.777616	-7.682568
45.787598	-7.6858188
45.79758	-7.6890697
45.807562	-7.6923207
45.817544	-7.6955718
45.827526	-7.698823
45.837508	-7.7020744
45.847489	-7.7053259
45.857471	-7.7085775
45.867453	-7.7118292
45.877435	-7.715081
45.887417	-7.7183329
45.897399	-7.721585
45.907381	-7.7248372
45.917363	-7.7280894
45.927345	-7.7313418
45.937327	-7.7345944
45.947309	-7.737847
45.957291	-7.7410997
45.967273	-7.7443526
45.977255	-7.7476055
45.987237	-7.7508586
45.997219	-7.7541118
46.007201	-7.757365
46.017183	-7.7606184
46.027165	-7.763872
46.037147	-7.7671256
46.047129	-7.7703793
46.057111	-7.7736331
46.067093	-7.7768871
46.077075	-7.7801411
46.087057	-7.7833953
46.097039	-7.7866495
46.107021	-7.7899039
46.117003	-7.7931584
46.126985	-7.796413
46.136967	-7.7996676
46.146949	-7.8029224
46.156931	-7.8061773
46.166913	-7.8094323
46.176895	-7.8126874
46.186877	-7.8159426
46.196859	-7.8191979
46.206841	-7.8224533
46.216823	-7.8257088
46.226805	-7.8289644
46.236787	-7.8322201
46.246769	-7.8354759
46.256751	-7.8387318
46.266733	-7.8419878
46.276715	-7.845244
46.286697	-7.8485002
46.296679	-7.8517565
46.306661	-7.8550129
46.316643	-7.8582694
46.326625	-7.8615259
46.336607	-7.8647826
46.346589	-7.8680394
46.356571	-7.8712963
46.366553	-7.8745533
46.376535	-7.8778103
46.386517	-7.8810675
46.396499	-7.8843248
46.406481	-7.8875821
46.416463	-7.8908396
46.426445	-7.8940971
46.436427	-7.8973547
46.446409	-7.9006124
46.456391	-7.9038702
46.466373	-7.9071282
46.476355	-7.9103861
46.486337	-7.9136442
46.496319	-7.9169024
46.506301	-7.9201607
46.516283	-7.923419
46.526265	-7.9266775
46.536247	-7.929936
46.546229	-7.9331946
46.556211	-7.9364533
46.566193	-7.9397121
46.576175	-7.942971
46.586157	-7.9462299
46.596139	-7.949489
46.606121	-7.9527481
46.616103	-7.9560073
46.626085	-7.9592666
46.636067	-7.962526
46.646049	-7.9657855
46.656031	-7.969045
46.666013	-7.9723047
46.675995	-7.9755644
46.685977	-7.9788242
46.695959	-7.9820841
46.705941	-7.985344
46.715923	-7.9886041
46.725905	-7.9918642
46.735887	-7.9951244
46.745869	-7.9983847
46.755851	-8.001645
46.765833	-8.0049055
46.775815	-8.008166
46.785797	-8.0114266
46.795779	-8.0146873
46.805761	-8.017948
46.815743	-8.0212088
46.825725	-8.0244697
46.835707	-8.0277307
46.845689	-8.0309918
46.855671	-8.0342529
46.865653	-8.0375141
46.875635	-8.0407754
46.885617	-8.0440368
46.895599	-8.0472982
46.905581	-8.0505597
46.915563	-8.0538213
46.925545	-8.0570829
46.935527	-8.0603446
46.945509	-8.0636064
46.955491	-8.0668683
46.965473	-8.0701302
46.975455	-8.0733922
46.985437	-8.0766543
46.995419	-8.0799164
47.005401	-8.0831786
47.015383	-8.0864409
47.025365	-8.0897032
47.035347	-8.0929657
47.045329	-8.0962281
47.055311	-8.0994907
47.065293	-8.1027533
47.075275	-8.106016
47.085257	-8.1092787
47.095239	-8.1125415
47.105221	-8.1158044
47.115203	-8.1190674
47.125185	-8.1223304
47.135167	-8.1255934
47.145149	-8.1288566
47.155131	-8.1321198
47.165113	-8.135383
47.175095	-8.1386464
47.185077	-8.1419097
47.195059	-8.1451732
47.205041	-8.1484367
47.215023	-8.1517003
47.225005	-8.1549639
47.234987	-8.1582276
47.244969	-8.1614913
47.254951	-8.1647552
47.264933	-8.168019
47.274915	-8.1712829
47.284897	-8.1745469
47.294879	-8.177811
47.304861	-8.1810751
47.314843	-8.1843392
47.324825	-8.1876034
47.334807	-8.1908677
47.344789	-8.194132
47.354771	-8.1973964
47.364753	-8.2006609
47.374735	-8.2039253
47.384717	-8.2071899
47.394699	-8.2104545
47.404681	-8.2137191
47.414663	-8.2169838
47.424645	-8.2202486
47.434627	-8.2235134
47.444609	-8.2267783
47.454591	-8.2300432
47.464573	-8.2333082
47.474555	-8.2365732
47.484537	-8.2398382
47.494519	-8.2431034
47.504501	-8.2463685
47.514483	-8.2496337
47.524465	-8.252899
47.534447	-8.2561643
47.544429	-8.2594297
47.554411	-8.2626951
47.564393	-8.2659605
47.574375	-8.269226
47.584357	-8.2724916
47.594339	-8.2757572
47.604321	-8.2790228
47.614303	-8.2822885
47.624285	-8.2855542
47.634267	-8.28882
47.644249	-8.2920858
47.654231	-8.2953517
47.664213	-8.2986176
47.674195	-8.3018836
47.684177	-8.3051496
47.694159	-8.3084156
47.704141	-8.3116817
47.714123	-8.3149478
47.724105	-8.318214
47.734087	-8.3214802
47.744069	-8.3247464
47.754051	-8.3280127
47.764033	-8.331279
47.774015	-8.3345454
47.783997	-8.3378118
47.793979	-8.3410782
47.803961	-8.3443447
47.813943	-8.3476112
47.823925	-8.3508778
47.833907	-8.3541444
47.843889	-8.357411
47.853871	-8.3606777
47.863853	-8.3639444
47.873835	-8.3672111
47.883817	-8.3704779
47.893799	-8.3737447
47.903781	-8.3770115
47.913763	-8.3802784
47.923745	-8.3835453
47.933727	-8.3868122
47.943709	-8.3900792
47.953691	-8.3933462
47.963673	-8.3966133
47.973655	-8.3998803
47.983637	-8.4031475
47.993619	-8.4064146
48.003601	-8.4096818
48.013583	-8.412949
48.023565	-8.4162162
48.033547	-8.4194834
48.043529	-8.4227507
48.053511	-8.426018
48.063493	-8.4292854
48.073475	-8.4325528
48.083457	-8.4358202
48.093439	-8.4390876
48.103421	-8.442355
48.113403	-8.4456225
48.123385	-8.44889
48.133367	-8.4521576
48.143349	-8.4554251
48.153331	-8.4586927
48.163313	-8.4619603
48.173295	-8.465228
48.183277	-8.4684956
48.193259	-8.4717633
48.203241	-8.475031
48.213223	-8.4782988
48.223205	-8.4815665
48.233187	-8.4848343
48.243169	-8.4881021
48.253151	-8.4913699
48.263133	-8.4946378
48.273115	-8.4979056
48.283097	-8.5011735
48.293079	-8.5044414
48.303061	-8.5077093
48.313043	-8.5109773
48.323025	-8.5142452
48.333007	-8.5175132
48.342989	-8.5207812
48.352971	-8.5240492
48.362953	-8.5273173
48.372935	-8.5305853
48.382917	-8.5338534
48.392899	-8.5371215
48.402881	-8.5403896
48.412863	-8.5436577
48.422845	-8.5469258
48.432827	-8.550194
48.442809	-8.5534622
48.452791	-8.5567303
48.462773	-8.5599985
48.472755	-8.5632668
48.482737	-8.566535
48.492719	-8.5698032
48.502701	-8.5730715
48.512683	-8.5763397
48.522665	-8.579608
48.532647	-8.5828763
48.542629	-8.5861446
48.552611	-8.5894129
48.562593	-8.5926812
48.572575	-8.5959495
48.582557	-8.5992179
48.592539	-8.6024862
48.602521	-8.6057546
48.612503	-8.6090229
48.622484	-8.6122913
48.632466	-8.6155597
48.642448	-8.6188281
48.65243	-8.6220965
48.662412	-8.6253649
48.672394	-8.6286333
48.682376	-8.6319017
48.692358	-8.6351702
48.70234	-8.6384386
48.712322	-8.641707
48.722304	-8.6449755
48.732286	-8.6482439
48.742268	-8.6515124
48.75225	-8.6547808
48.762232	-8.6580493
48.772214	-8.6613177
48.782196	-8.6645862
48.792178	-8.6678547
48.80216	-8.6711231
48.812142	-8.6743916
48.822124	-8.6776601
48.832106	-8.6809286
48.842088	-8.684197
48.85207	-8.6874655
48.862052	-8.690734
48.872034	-8.6940025
48.882016	-8.6972709
48.891998	-8.7005394
48.90198	-8.7038079
48.911962	-8.7070764
48.921944	-8.7103448
48.931926	-8.7136133
48.941908	-8.7168818
48.95189	-8.7201502
48.961872	-8.7234187
48.971854	-8.7266871
48.981836	-8.7299556
48.991818	-8.733224
49.0018	-8.7364925
49.011782	-8.7397609
49.021764	-8.7430294
49.031746	-8.7462978
49.041728	-8.7495662
49.05171	-8.7528346
49.061692	-8.756103
49.071674	-8.7593714
49.081656	-8.7626398
49.091638	-8.7659082
49.10162	-8.7691766
49.111602	-8.772445
49.121584	-8.7757133
49.131566	-8.7789817
49.141548	-8.78225
49.15153	-8.7855184
49.161512	-8.7887867
49.171494	-8.792055
49.181476	-8.7953233
49.191458	-8.7985916
49.20144	-8.8018599
49.211422	-8.8051282
49.221404	-8.8083964
49.231386	-8.8116647
49.241368	-8.8149329
49.25135	-8.8182011
49.261332	-8.8214693
49.271314	-8.8247375
49.281296	-8.8280057
49.291278	-8.8312738
49.30126	-8.834542
49.311242	-8.8378101
49.321224	-8.8410783
49.331206	-8.8443464
49.341188	-8.8476144
49.35117	-8.8508825
49.361152	-8.8541506
49.371134	-8.8574186
49.381116	-8.8606866
49.391098	-8.8639546
49.40108	-8.8672226
49.411062	-8.8704906
49.421044	-8.8737585
49.431026	-8.8770265
49.441008	-8.8802944
49.45099	-8.8835623
49.460972	-8.8868301
49.470954	-8.890098
49.480936	-8.8933658
49.490918	-8.8966336
49.5009	-8.8999014
49.510882	-8.9031692
49.520864	-8.9064369
49.530846	-8.9097046
49.540828	-8.9129723
49.55081	-8.91624
49.560792	-8.9195076
49.570774	-8.9227753
49.580756	-8.9260429
49.590738	-8.9293105
49.60072	-8.932578
49.610702	-8.9358455
49.620684	-8.9391131
49.630666	-8.9423805
49.640648	-8.945648
49.65063	-8.9489154
49.660612	-8.9521828
49.670594	-8.9554502
49.680576	-8.9587175
49.690558	-8.9619849
49.70054	-8.9652522
49.710522	-8.9685194
49.720504	-8.9717867
49.730486	-8.9750539
49.740468	-8.978321
49.75045	-8.9815882
49.760432	-8.9848553
49.770414	-8.9881224
49.780396	-8.9913894
49.790378	-8.9946565
49.80036	-8.9979235
49.810342	-9.0011904
49.820324	-9.0044574
49.830306	-9.0077243
49.840288	-9.0109911
49.85027	-9.014258
49.860252	-9.0175248
49.870234	-9.0207916
49.880216	-9.0240583
49.890198	-9.027325
49.90018	-9.0305917
49.910162	-9.0338583
49.920144	-9.0371249
49.930126	-9.0403915
49.940108	-9.043658
49.95009	-9.0469245
49.960072	-9.0501909
49.970054	-9.0534574
49.980036	-9.0567237
49.990018	-9.0599901
50	-9.0632564
