Freq_GHz	Norm_dB
0.1	-4.2339317e-05
0.109982	-5.778062e-05
0.11996399	-7.469004e-05
0.12994599	-9.3067586e-05
0.13992799	-0.00011291327
0.14990998	-0.0001342271
0.15989198	-0.0001570091
0.16987397	-0.00018125928
0.17985597	-0.00020697764
0.18983797	-0.00023416422
0.19981996	-0.00026281901
0.20980196	-0.00029294205
0.21978396	-0.00032453335
0.22976595	-0.00035759293
0.23974795	-0.00039212081
0.24972995	-0.00042811701
0.25971194	-0.00046558155
0.26969394	-0.00050451446
0.27967594	-0.00054491575
0.28965793	-0.00058678546
0.29963993	-0.00063012361
0.30962192	-0.00067493022
0.31960392	-0.00072120533
0.32958592	-0.00076894895
0.33956791	-0.00081816113
0.34954991	-0.00086884189
0.35953191	-0.00092099126
0.3695139	-0.00097460927
0.3794959	-0.001029696
0.3894779	-0.0010862514
0.39945989	-0.0011442755
0.40944189	-0.0012037684
0.41942388	-0.0012647302
0.42940588	-0.0013271607
0.43938788	-0.0013910602
0.44936987	-0.0014564286
0.45935187	-0.001523266
0.46933387	-0.0015915724
0.47931586	-0.0016613478
0.48929786	-0.0017325924
0.49927986	-0.0018053061
0.50926185	-0.0018794889
0.51924385	-0.001955141
0.52922585	-0.0020322623
0.53920784	-0.002110853
0.54918984	-0.0021909131
0.55917183	-0.0022724425
0.56915383	-0.0023554415
0.57913583	-0.0024399099
0.58911782	-0.0025258479
0.59909982	-0.0026132556
0.60908182	-0.0027021329
0.61906381	-0.0027924799
0.62904581	-0.0028842967
0.63902781	-0.0029775834
0.6490098	-0.00307234
0.6589918	-0.0031685665
0.66897379	-0.003266263
0.67895579	-0.0033654296
0.68893779	-0.0034660663
0.69891978	-0.0035681733
0.70890178	-0.0036717504
0.71888378	-0.0037767979
0.72886577	-0.0038833158
0.73884777	-0.0039913042
0.74882977	-0.004100763
0.75881176	-0.0042116924
0.76879376	-0.0043240925
0.77877576	-0.0044379633
0.78875775	-0.0045533049
0.79873975	-0.0046701173
0.80872174	-0.0047884006
0.81870374	-0.004908155
0.82868574	-0.0050293804
0.83866773	-0.005152077
0.84864973	-0.0052762448
0.85863173	-0.0054018839
0.86861372	-0.0055289943
0.87859572	-0.0056575762
0.88857772	-0.0057876297
0.89855971	-0.0059191547
0.90854171	-0.0060521514
0.9185237	-0.0061866199
0.9285057	-0.0063225603
0.9384877	-0.0064599725
0.94846969	-0.0065988568
0.95845169	-0.0067392132
0.96843369	-0.0068810418
0.97841568	-0.0070243426
0.98839768	-0.0071691158
0.99837968	-0.0073153614
1.0083617	-0.0074630796
1.0183437	-0.0076122704
1.0283257	-0.0077629339
1.0383077	-0.0079150702
1.0482897	-0.0080686795
1.0582717	-0.0082237617
1.0682537	-0.008380317
1.0782356	-0.0085383454
1.0882176	-0.0086978472
1.0981996	-0.0088588223
1.1081816	-0.0090212709
1.1181636	-0.0091851931
1.1281456	-0.0093505889
1.1381276	-0.0095174585
1.1481096	-0.009685802
1.1580916	-0.0098556194
1.1680736	-0.010026911
1.1780556	-0.010199677
1.1880376	-0.010373917
1.1980196	-0.010549631
1.2080016	-0.01072682
1.2179836	-0.010905483
1.2279656	-0.011085622
1.2379476	-0.011267235
1.2479296	-0.011450322
1.2579116	-0.011634885
1.2678936	-0.011820924
1.2778756	-0.012008437
1.2878576	-0.012197426
1.2978396	-0.01238789
1.3078216	-0.01257983
1.3178036	-0.012773245
1.3277856	-0.012968137
1.3377676	-0.013164504
1.3477495	-0.013362348
1.3577315	-0.013561667
1.3677135	-0.013762463
1.3776955	-0.013964736
1.3876775	-0.014168485
1.3976595	-0.01437371
1.4076415	-0.014580413
1.4176235	-0.014788592
1.4276055	-0.014998249
1.4375875	-0.015209383
1.4475695	-0.015421993
1.4575515	-0.015636082
1.4675335	-0.015851648
1.4775155	-0.016068692
1.4874975	-0.016287213
1.4974795	-0.016507213
1.5074615	-0.01672869
1.5174435	-0.016951646
1.5274255	-0.01717608
1.5374075	-0.017401993
1.5473895	-0.017629384
1.5573715	-0.017858254
1.5673535	-0.018088603
1.5773355	-0.018320431
1.5873175	-0.018553739
1.5972995	-0.018788525
1.6072815	-0.019024791
1.6172635	-0.019262537
1.6272454	-0.019501762
1.6372274	-0.019742468
1.6472094	-0.019984653
1.6571914	-0.020228319
1.6671734	-0.020473464
1.6771554	-0.020720091
1.6871374	-0.020968198
1.6971194	-0.021217786
1.7071014	-0.021468854
1.7170834	-0.021721404
1.7270654	-0.021975435
1.7370474	-0.022230948
1.7470294	-0.022487942
1.7570114	-0.022746417
1.7669934	-0.023006375
1.7769754	-0.023267815
1.7869574	-0.023530736
1.7969394	-0.02379514
1.8069214	-0.024061027
1.8169034	-0.024328396
1.8268854	-0.024597248
1.8368674	-0.024867583
1.8468494	-0.025139401
1.8568314	-0.025412702
1.8668134	-0.025687487
1.8767954	-0.025963756
1.8867774	-0.026241508
1.8967594	-0.026520744
1.9067413	-0.026801464
1.9167233	-0.027083669
1.9267053	-0.027367358
1.9366873	-0.027652531
1.9466693	-0.02793919
1.9566513	-0.028227333
1.9666333	-0.028516962
1.9766153	-0.028808076
1.9865973	-0.029100675
1.9965793	-0.02939476
2.0065613	-0.029690331
2.0165433	-0.029987387
2.0265253	-0.030285931
2.0365073	-0.03058596
2.0464893	-0.030887476
2.0564713	-0.031190479
2.0664533	-0.031494968
2.0764353	-0.031800945
2.0864173	-0.032108409
2.0963993	-0.03241736
2.1063813	-0.032727799
2.1163633	-0.033039726
2.1263453	-0.033353141
2.1363273	-0.033668044
2.1463093	-0.033984435
2.1562913	-0.034302316
2.1662733	-0.034621684
2.1762553	-0.034942542
2.1862372	-0.035264889
2.1962192	-0.035588725
2.2062012	-0.035914051
2.2161832	-0.036240867
2.2261652	-0.036569172
2.2361472	-0.036898968
2.2461292	-0.037230253
2.2561112	-0.03756303
2.2660932	-0.037897297
2.2760752	-0.038233055
2.2860572	-0.038570304
2.2960392	-0.038909044
2.3060212	-0.039249276
2.3160032	-0.039591
2.3259852	-0.039934215
2.3359672	-0.040278923
2.3459492	-0.040625123
2.3559312	-0.040972815
2.3659132	-0.041322001
2.3758952	-0.041672679
2.3858772	-0.04202485
2.3958592	-0.042378515
2.4058412	-0.042733673
2.4158232	-0.043090325
2.4258052	-0.043448471
2.4357872	-0.043808111
2.4457692	-0.044169245
2.4557512	-0.044531875
2.4657331	-0.044895999
2.4757151	-0.045261618
2.4856971	-0.045628732
2.4956791	-0.045997342
2.5056611	-0.046367447
2.5156431	-0.046739049
2.5256251	-0.047112146
2.5356071	-0.04748674
2.5455891	-0.047862831
2.5555711	-0.048240418
2.5655531	-0.048619503
2.5755351	-0.049000084
2.5855171	-0.049382163
2.5954991	-0.04976574
2.6054811	-0.050150815
2.6154631	-0.050537388
2.6254451	-0.050925459
2.6354271	-0.051315029
2.6454091	-0.051706098
2.6553911	-0.052098665
2.6653731	-0.052492733
2.6753551	-0.052888299
2.6853371	-0.053285366
2.6953191	-0.053683932
2.7053011	-0.054083999
2.7152831	-0.054485566
2.7252651	-0.054888633
2.735247	-0.055293202
2.745229	-0.055699272
2.755211	-0.056106843
2.765193	-0.056515916
2.775175	-0.056926491
2.785157	-0.057338568
2.795139	-0.057752148
2.805121	-0.05816723
2.815103	-0.058583815
2.825085	-0.059001903
2.835067	-0.059421494
2.845049	-0.059842589
2.855031	-0.060265188
2.865013	-0.060689291
2.874995	-0.061114898
2.884977	-0.06154201
2.894959	-0.061970626
2.904941	-0.062400748
2.914923	-0.062832375
2.924905	-0.063265508
2.934887	-0.063700146
2.944869	-0.064136291
2.954851	-0.064573942
2.964833	-0.0650131
2.974815	-0.065453764
2.984797	-0.065895936
2.994779	-0.066339614
3.004761	-0.066784801
3.0147429	-0.067231496
3.0247249	-0.067679698
3.0347069	-0.068129409
3.0446889	-0.068580629
3.0546709	-0.069033358
3.0646529	-0.069487595
3.0746349	-0.069943343
3.0846169	-0.0704006
3.0945989	-0.070859367
3.1045809	-0.071319644
3.1145629	-0.071781432
3.1245449	-0.072244731
3.1345269	-0.072709541
3.1445089	-0.073175862
3.1544909	-0.073643694
3.1644729	-0.074113039
3.1744549	-0.074583896
3.1844369	-0.075056265
3.1944189	-0.075530147
3.2044009	-0.076005541
3.2143829	-0.076482449
3.2243649	-0.076960871
3.2343469	-0.077440806
3.2443289	-0.077922256
3.2543109	-0.07840522
3.2642929	-0.078889698
3.2742749	-0.079375692
3.2842569	-0.0798632
3.2942388	-0.080352224
3.3042208	-0.080842764
3.3142028	-0.08133482
3.3241848	-0.081828392
3.3341668	-0.082323481
3.3441488	-0.082820086
3.3541308	-0.083318209
3.3641128	-0.083817849
3.3740948	-0.084319007
3.3840768	-0.084821684
3.3940588	-0.085325878
3.4040408	-0.085831591
3.4140228	-0.086338823
3.4240048	-0.086847574
3.4339868	-0.087357845
3.4439688	-0.087869635
3.4539508	-0.088382946
3.4639328	-0.088897777
3.4739148	-0.089414128
3.4838968	-0.089932001
3.4938788	-0.090451394
3.5038608	-0.09097231
3.5138428	-0.091494747
3.5238248	-0.092018706
3.5338068	-0.092544188
3.5437888	-0.093071193
3.5537708	-0.09359972
3.5637528	-0.094129771
3.5737347	-0.094661346
3.5837167	-0.095194444
3.5936987	-0.095729067
3.6036807	-0.096265215
3.6136627	-0.096802887
3.6236447	-0.097342085
3.6336267	-0.097882808
3.6436087	-0.098425056
3.6535907	-0.098968831
3.6635727	-0.099514133
3.6735547	-0.10006096
3.6835367	-0.10060932
3.6935187	-0.1011592
3.7035007	-0.10171061
3.7134827	-0.10226355
3.7234647	-0.10281801
3.7334467	-0.10337401
3.7434287	-0.10393153
3.7534107	-0.10449058
3.7633927	-0.10505117
3.7733747	-0.10561328
3.7833567	-0.10617692
3.7933387	-0.1067421
3.8033207	-0.1073088
3.8133027	-0.10787704
3.8232847	-0.1084468
3.8332667	-0.1090181
3.8432486	-0.10959093
3.8532306	-0.11016529
3.8632126	-0.11074119
3.8731946	-0.11131862
3.8831766	-0.11189758
3.8931586	-0.11247808
3.9031406	-0.11306011
3.9131226	-0.11364367
3.9231046	-0.11422877
3.9330866	-0.11481541
3.9430686	-0.11540358
3.9530506	-0.11599328
3.9630326	-0.11658452
3.9730146	-0.1171773
3.9829966	-0.11777161
3.9929786	-0.11836747
4.0029606	-0.11896486
4.0129426	-0.11956378
4.0229246	-0.12016425
4.0329066	-0.12076625
4.0428886	-0.12136979
4.0528706	-0.12197487
4.0628526	-0.12258149
4.0728346	-0.12318965
4.0828166	-0.12379935
4.0927986	-0.12441059
4.1027806	-0.12502337
4.1127626	-0.1256377
4.1227445	-0.12625356
4.1327265	-0.12687097
4.1427085	-0.12748991
4.1526905	-0.1281104
4.1626725	-0.12873244
4.1726545	-0.12935601
4.1826365	-0.12998113
4.1926185	-0.1306078
4.2026005	-0.131236
4.2125825	-0.13186576
4.2225645	-0.13249705
4.2325465	-0.1331299
4.2425285	-0.13376428
4.2525105	-0.13440022
4.2624925	-0.1350377
4.2724745	-0.13567673
4.2824565	-0.1363173
4.2924385	-0.13695942
4.3024205	-0.13760309
4.3124025	-0.13824831
4.3223845	-0.13889507
4.3323665	-0.13954339
4.3423485	-0.14019325
4.3523305	-0.14084467
4.3623125	-0.14149763
4.3722945	-0.14215214
4.3822765	-0.14280821
4.3922585	-0.14346582
4.4022404	-0.14412499
4.4122224	-0.14478571
4.4222044	-0.14544798
4.4321864	-0.1461118
4.4421684	-0.14677717
4.4521504	-0.1474441
4.4621324	-0.14811258
4.4721144	-0.14878262
4.4820964	-0.14945421
4.4920784	-0.15012735
4.5020604	-0.15080205
4.5120424	-0.15147831
4.5220244	-0.15215612
4.5320064	-0.15283549
4.5419884	-0.15351641
4.5519704	-0.15419889
4.5619524	-0.15488293
4.5719344	-0.15556852
4.5819164	-0.15625568
4.5918984	-0.15694439
4.6018804	-0.15763466
4.6118624	-0.15832649
4.6218444	-0.15901987
4.6318264	-0.15971482
4.6418084	-0.16041133
4.6517904	-0.1611094
4.6617724	-0.16180903
4.6717544	-0.16251022
4.6817363	-0.16321298
4.6917183	-0.16391729
4.7017003	-0.16462317
4.7116823	-0.16533061
4.7216643	-0.16603961
4.7316463	-0.16675018
4.7416283	-0.16746231
4.7516103	-0.16817601
4.7615923	-0.16889127
4.7715743	-0.1696081
4.7815563	-0.17032649
4.7915383	-0.17104645
4.8015203	-0.17176797
4.8115023	-0.17249106
4.8214843	-0.17321572
4.8314663	-0.17394194
4.8414483	-0.17466974
4.8514303	-0.1753991
4.8614123	-0.17613003
4.8713943	-0.17686253
4.8813763	-0.1775966
4.8913583	-0.17833224
4.9013403	-0.17906945
4.9113223	-0.17980823
4.9213043	-0.18054858
4.9312863	-0.1812905
4.9412683	-0.18203399
4.9512503	-0.18277906
4.9612322	-0.1835257
4.9712142	-0.18427391
4.9811962	-0.1850237
4.9911782	-0.18577506
5.0011602	-0.18652799
5.0111422	-0.1872825
5.0211242	-0.18803858
5.0311062	-0.18879624
5.0410882	-0.18955548
5.0510702	-0.19031629
5.0610522	-0.19107868
5.0710342	-0.19184264
5.0810162	-0.19260819
5.0909982	-0.19337531
5.1009802	-0.194144
5.1109622	-0.19491428
5.1209442	-0.19568614
5.1309262	-0.19645957
5.1409082	-0.19723459
5.1508902	-0.19801119
5.1608722	-0.19878936
5.1708542	-0.19956912
5.1808362	-0.20035046
5.1908182	-0.20113339
5.2008002	-0.20191789
5.2107822	-0.20270398
5.2207642	-0.20349165
5.2307461	-0.2042809
5.2407281	-0.20507174
5.2507101	-0.20586416
5.2606921	-0.20665817
5.2706741	-0.20745376
5.2806561	-0.20825094
5.2906381	-0.20904971
5.3006201	-0.20985006
5.3106021	-0.210652
5.3205841	-0.21145552
5.3305661	-0.21226064
5.3405481	-0.21306734
5.3505301	-0.21387563
5.3605121	-0.21468551
5.3704941	-0.21549698
5.3804761	-0.21631004
5.3904581	-0.21712469
5.4004401	-0.21794093
5.4104221	-0.21875876
5.4204041	-0.21957818
5.4303861	-0.2203992
5.4403681	-0.22122181
5.4503501	-0.22204601
5.4603321	-0.2228718
5.4703141	-0.22369919
5.4802961	-0.22452817
5.4902781	-0.22535875
5.5002601	-0.22619092
5.510242	-0.22702469
5.520224	-0.22786005
5.530206	-0.22869701
5.540188	-0.22953557
5.55017	-0.23037572
5.560152	-0.23121747
5.570134	-0.23206082
5.580116	-0.23290577
5.590098	-0.23375232
5.60008	-0.23460046
5.610062	-0.23545021
5.620044	-0.23630156
5.630026	-0.2371545
5.640008	-0.23800905
5.64999	-0.2388652
5.659972	-0.23972296
5.669954	-0.24058231
5.679936	-0.24144327
5.689918	-0.24230583
5.6999	-0.24316999
5.709882	-0.24403576
5.719864	-0.24490314
5.729846	-0.24577211
5.739828	-0.2466427
5.74981	-0.24751489
5.759792	-0.24838869
5.769774	-0.24926409
5.779756	-0.2501411
5.7897379	-0.25101972
5.7997199	-0.25189995
5.8097019	-0.25278178
5.8196839	-0.25366523
5.8296659	-0.25455028
5.8396479	-0.25543695
5.8496299	-0.25632522
5.8596119	-0.25721511
5.8695939	-0.25810661
5.8795759	-0.25899972
5.8895579	-0.25989444
5.8995399	-0.26079077
5.9095219	-0.26168872
5.9195039	-0.26258828
5.9294859	-0.26348946
5.9394679	-0.26439225
5.9494499	-0.26529665
5.9594319	-0.26620267
5.9694139	-0.26711031
5.9793959	-0.26801956
5.9893779	-0.26893043
5.9993599	-0.26984292
6.0093419	-0.27075702
6.0193239	-0.27167274
6.0293059	-0.27259008
6.0392879	-0.27350904
6.0492699	-0.27442962
6.0592519	-0.27535182
6.0692338	-0.27627564
6.0792158	-0.27720109
6.0891978	-0.27812815
6.0991798	-0.27905683
6.1091618	-0.27998714
6.1191438	-0.28091907
6.1291258	-0.28185262
6.1391078	-0.2827878
6.1490898	-0.2837246
6.1590718	-0.28466303
6.1690538	-0.28560308
6.1790358	-0.28654475
6.1890178	-0.28748805
6.1989998	-0.28843298
6.2089818	-0.28937954
6.2189638	-0.29032772
6.2289458	-0.29127753
6.2389278	-0.29222897
6.2489098	-0.29318204
6.2588918	-0.29413674
6.2688738	-0.29509307
6.2788558	-0.29605102
6.2888378	-0.29701061
6.2988198	-0.29797183
6.3088018	-0.29893468
6.3187838	-0.29989917
6.3287658	-0.30086528
6.3387477	-0.30183303
6.3487297	-0.30280242
6.3587117	-0.30377343
6.3686937	-0.30474608
6.3786757	-0.30572037
6.3886577	-0.30669629
6.3986397	-0.30767385
6.4086217	-0.30865304
6.4186037	-0.30963387
6.4285857	-0.31061634
6.4385677	-0.31160045
6.4485497	-0.31258619
6.4585317	-0.31357358
6.4685137	-0.3145626
6.4784957	-0.31555326
6.4884777	-0.31654556
6.4984597	-0.31753951
6.5084417	-0.31853509
6.5184237	-0.31953232
6.5284057	-0.32053118
6.5383877	-0.32153169
6.5483697	-0.32253385
6.5583517	-0.32353765
6.5683337	-0.32454309
6.5783157	-0.32555017
6.5882977	-0.3265589
6.5982797	-0.32756928
6.6082617	-0.3285813
6.6182436	-0.32959497
6.6282256	-0.33061029
6.6382076	-0.33162725
6.6481896	-0.33264586
6.6581716	-0.33366612
6.6681536	-0.33468803
6.6781356	-0.33571159
6.6881176	-0.3367368
6.6980996	-0.33776365
6.7080816	-0.33879216
6.7180636	-0.33982232
6.7280456	-0.34085414
6.7380276	-0.3418876
6.7480096	-0.34292272
6.7579916	-0.34395949
6.7679736	-0.34499791
6.7779556	-0.34603799
6.7879376	-0.34707973
6.7979196	-0.34812311
6.8079016	-0.34916816
6.8178836	-0.35021486
6.8278656	-0.35126322
6.8378476	-0.35231323
6.8478296	-0.3533649
6.8578116	-0.35441824
6.8677936	-0.35547322
6.8777756	-0.35652987
6.8877576	-0.35758818
6.8977395	-0.35864815
6.9077215	-0.35970978
6.9177035	-0.36077307
6.9276855	-0.36183802
6.9376675	-0.36290464
6.9476495	-0.36397291
6.9576315	-0.36504285
6.9676135	-0.36611446
6.9775955	-0.36718772
6.9875775	-0.36826266
6.9975595	-0.36933925
7.0075415	-0.37041752
7.0175235	-0.37149745
7.0275055	-0.37257904
7.0374875	-0.37366231
7.0474695	-0.37474724
7.0574515	-0.37583384
7.0674335	-0.3769221
7.0774155	-0.37801204
7.0873975	-0.37910365
7.0973795	-0.38019692
7.1073615	-0.38129187
7.1173435	-0.38238849
7.1273255	-0.38348678
7.1373075	-0.38458674
7.1472895	-0.38568838
7.1572715	-0.38679169
7.1672535	-0.38789667
7.1772354	-0.38900332
7.1872174	-0.39011165
7.1971994	-0.39122166
7.2071814	-0.39233334
7.2171634	-0.3934467
7.2271454	-0.39456173
7.2371274	-0.39567844
7.2471094	-0.39679683
7.2570914	-0.3979169
7.2670734	-0.39903865
7.2770554	-0.40016207
7.2870374	-0.40128718
7.2970194	-0.40241396
7.3070014	-0.40354243
7.3169834	-0.40467258
7.3269654	-0.40580441
7.3369474	-0.40693792
7.3469294	-0.40807311
7.3569114	-0.40920999
7.3668934	-0.41034855
7.3768754	-0.4114888
7.3868574	-0.41263073
7.3968394	-0.41377435
7.4068214	-0.41491965
7.4168034	-0.41606664
7.4267854	-0.41721531
7.4367674	-0.41836567
7.4467493	-0.41951772
7.4567313	-0.42067146
7.4667133	-0.42182689
7.4766953	-0.42298401
7.4866773	-0.42414281
7.4966593	-0.42530331
7.5066413	-0.4264655
7.5166233	-0.42762938
7.5266053	-0.42879495
7.5365873	-0.42996222
7.5465693	-0.43113117
7.5565513	-0.43230183
7.5665333	-0.43347417
7.5765153	-0.43464821
7.5864973	-0.43582394
7.5964793	-0.43700138
7.6064613	-0.4381805
7.6164433	-0.43936133
7.6264253	-0.44054385
7.6364073	-0.44172806
7.6463893	-0.44291398
7.6563713	-0.44410159
7.6663533	-0.44529091
7.6763353	-0.44648192
7.6863173	-0.44767464
7.6962993	-0.44886905
7.7062813	-0.45006517
7.7162633	-0.45126299
7.7262452	-0.45246251
7.7362272	-0.45366373
7.7462092	-0.45486666
7.7561912	-0.45607129
7.7661732	-0.45727762
7.7761552	-0.45848566
7.7861372	-0.45969541
7.7961192	-0.46090686
7.8061012	-0.46212001
7.8160832	-0.46333488
7.8260652	-0.46455145
7.8360472	-0.46576973
7.8460292	-0.46698972
7.8560112	-0.46821142
7.8659932	-0.46943482
7.8759752	-0.47065994
7.8859572	-0.47188677
7.8959392	-0.47311531
7.9059212	-0.47434556
7.9159032	-0.47557752
7.9258852	-0.4768112
7.9358672	-0.47804659
7.9458492	-0.47928369
7.9558312	-0.48052251
7.9658132	-0.48176304
7.9757952	-0.48300529
7.9857772	-0.48424925
7.9957592	-0.48549493
8.0057411	-0.48674233
8.0157231	-0.48799144
8.0257051	-0.48924228
8.0356871	-0.49049483
8.0456691	-0.4917491
8.0556511	-0.49300509
8.0656331	-0.4942628
8.0756151	-0.49552223
8.0855971	-0.49678338
8.0955791	-0.49804625
8.1055611	-0.49931084
8.1155431	-0.50057716
8.1255251	-0.5018452
8.1355071	-0.50311497
8.1454891	-0.50438646
8.1554711	-0.50565967
8.1654531	-0.50693461
8.1754351	-0.50821127
8.1854171	-0.50948967
8.1953991	-0.51076978
8.2053811	-0.51205163
8.2153631	-0.5133352
8.2253451	-0.5146205
8.2353271	-0.51590754
8.2453091	-0.5171963
8.2552911	-0.51848679
8.2652731	-0.51977901
8.2752551	-0.52107296
8.285237	-0.52236865
8.295219	-0.52366606
8.305201	-0.52496521
8.315183	-0.52626609
8.325165	-0.52756871
8.335147	-0.52887306
8.345129	-0.53017914
8.355111	-0.53148697
8.365093	-0.53279652
8.375075	-0.53410781
8.385057	-0.53542084
8.395039	-0.53673561
8.405021	-0.53805212
8.415003	-0.53937036
8.424985	-0.54069034
8.434967	-0.54201207
8.444949	-0.54333553
8.454931	-0.54466073
8.464913	-0.54598768
8.474895	-0.54731636
8.484877	-0.54864679
8.494859	-0.54997896
8.504841	-0.55131288
8.514823	-0.55264853
8.524805	-0.55398594
8.534787	-0.55532508
8.544769	-0.55666598
8.554751	-0.55800862
8.5647329	-0.559353
8.5747149	-0.56069913
8.5846969	-0.56204701
8.5946789	-0.56339664
8.6046609	-0.56474802
8.6146429	-0.56610114
8.6246249	-0.56745602
8.6346069	-0.56881265
8.6445889	-0.57017102
8.6545709	-0.57153115
8.6645529	-0.57289303
8.6745349	-0.57425666
8.6845169	-0.57562205
8.6944989	-0.57698918
8.7044809	-0.57835808
8.7144629	-0.57972872
8.7244449	-0.58110112
8.7344269	-0.58247528
8.7444089	-0.58385119
8.7543909	-0.58522886
8.7643729	-0.58660829
8.7743549	-0.58798947
8.7843369	-0.58937242
8.7943189	-0.59075712
8.8043009	-0.59214358
8.8142829	-0.5935318
8.8242649	-0.59492178
8.8342468	-0.59631352
8.8442288	-0.59770702
8.8542108	-0.59910228
8.8641928	-0.60049931
8.8741748	-0.6018981
8.8841568	-0.60329865
8.8941388	-0.60470097
8.9041208	-0.60610505
8.9141028	-0.6075109
8.9240848	-0.60891851
8.9340668	-0.61032789
8.9440488	-0.61173904
8.9540308	-0.61315195
8.9640128	-0.61456663
8.9739948	-0.61598308
8.9839768	-0.6174013
8.9939588	-0.61882128
9.0039408	-0.62024304
9.0139228	-0.62166657
9.0239048	-0.62309186
9.0338868	-0.62451893
9.0438688	-0.62594777
9.0538508	-0.62737839
9.0638328	-0.62881077
9.0738148	-0.63024494
9.0837968	-0.63168087
9.0937788	-0.63311858
9.1037608	-0.63455806
9.1137427	-0.63599932
9.1237247	-0.63744236
9.1337067	-0.63888717
9.1436887	-0.64033376
9.1536707	-0.64178213
9.1636527	-0.64323228
9.1736347	-0.6446842
9.1836167	-0.64613791
9.1935987	-0.64759339
9.2035807	-0.64905066
9.2135627	-0.6505097
9.2235447	-0.65197053
9.2335267	-0.65343314
9.2435087	-0.65489753
9.2534907	-0.65636371
9.2634727	-0.65783167
9.2734547	-0.65930141
9.2834367	-0.66077294
9.2934187	-0.66224626
9.3034007	-0.66372135
9.3133827	-0.66519824
9.3233647	-0.66667691
9.3333467	-0.66815737
9.3433287	-0.66963962
9.3533107	-0.67112366
9.3632927	-0.67260948
9.3732747	-0.6740971
9.3832567	-0.6755865
9.3932386	-0.6770777
9.4032206	-0.67857068
9.4132026	-0.68006546
9.4231846	-0.68156203
9.4331666	-0.68306039
9.4431486	-0.68456055
9.4531306	-0.6860625
9.4631126	-0.68756624
9.4730946	-0.68907178
9.4830766	-0.69057912
9.4930586	-0.69208825
9.5030406	-0.69359917
9.5130226	-0.6951119
9.5230046	-0.69662642
9.5329866	-0.69814274
9.5429686	-0.69966085
9.5529506	-0.70118077
9.5629326	-0.70270248
9.5729146	-0.704226
9.5828966	-0.70575132
9.5928786	-0.70727843
9.6028606	-0.70880735
9.6128426	-0.71033807
9.6228246	-0.7118706
9.6328066	-0.71340493
9.6427886	-0.71494106
9.6527706	-0.71647899
9.6627526	-0.71801873
9.6727345	-0.71956028
9.6827165	-0.72110363
9.6926985	-0.72264879
9.7026805	-0.72419575
9.7126625	-0.72574452
9.7226445	-0.7272951
9.7326265	-0.72884749
9.7426085	-0.73040169
9.7525905	-0.73195769
9.7625725	-0.73351551
9.7725545	-0.73507514
9.7825365	-0.73663658
9.7925185	-0.73819983
9.8025005	-0.73976489
9.8124825	-0.74133176
9.8224645	-0.74290045
9.8324465	-0.74447096
9.8424285	-0.74604327
9.8524105	-0.7476174
9.8623925	-0.74919335
9.8723745	-0.75077111
9.8823565	-0.75235069
9.8923385	-0.75393208
9.9023205	-0.7555153
9.9123025	-0.75710033
9.9222845	-0.75868718
9.9322665	-0.76027584
9.9422484	-0.76186633
9.9522304	-0.76345864
9.9622124	-0.76505277
9.9721944	-0.76664872
9.9821764	-0.76824649
9.9921584	-0.76984608
10.00214	-0.77144749
10.012122	-0.77305073
10.022104	-0.77465579
10.032086	-0.77626268
10.042068	-0.77787139
10.05205	-0.77948193
10.062032	-0.78109429
10.072014	-0.78270848
10.081996	-0.78432449
10.091978	-0.78594233
10.10196	-0.787562
10.111942	-0.7891835
10.121924	-0.79080682
10.131906	-0.79243198
10.141888	-0.79405897
10.15187	-0.79568778
10.161852	-0.79731843
10.171834	-0.79895091
10.181816	-0.80058522
10.191798	-0.80222136
10.20178	-0.80385934
10.211762	-0.80549914
10.221744	-0.80714079
10.231726	-0.80878426
10.241708	-0.81042958
10.25169	-0.81207673
10.261672	-0.81372571
10.271654	-0.81537653
10.281636	-0.81702919
10.291618	-0.81868368
10.3016	-0.82034001
10.311582	-0.82199819
10.321564	-0.8236582
10.331546	-0.82532005
10.341528	-0.82698374
10.35151	-0.82864927
10.361492	-0.83031664
10.371474	-0.83198585
10.381456	-0.83365691
10.391438	-0.83532981
10.40142	-0.83700455
10.411402	-0.83868114
10.421384	-0.84035957
10.431366	-0.84203984
10.441348	-0.84372196
10.45133	-0.84540592
10.461312	-0.84709174
10.471294	-0.84877939
10.481276	-0.8504689
10.491258	-0.85216025
10.50124	-0.85385345
10.511222	-0.8555485
10.521204	-0.8572454
10.531186	-0.85894415
10.541168	-0.86064475
10.55115	-0.8623472
10.561132	-0.8640515
10.571114	-0.86575766
10.581096	-0.86746566
10.591078	-0.86917552
10.60106	-0.87088723
10.611042	-0.8726008
10.621024	-0.87431622
10.631006	-0.87603349
10.640988	-0.87775262
10.65097	-0.87947361
10.660952	-0.88119645
10.670934	-0.88292115
10.680916	-0.8846477
10.690898	-0.88637612
10.70088	-0.88810639
10.710862	-0.88983852
10.720844	-0.89157251
10.730826	-0.89330836
10.740808	-0.89504607
10.75079	-0.89678564
10.760772	-0.89852707
10.770754	-0.90027037
10.780736	-0.90201552
10.790718	-0.90376254
10.8007	-0.90551143
10.810682	-0.90726217
10.820664	-0.90901478
10.830646	-0.91076926
10.840628	-0.9125256
10.85061	-0.9142838
10.860592	-0.91604388
10.870574	-0.91780581
10.880556	-0.91956962
10.890538	-0.92133529
10.90052	-0.92310284
10.910502	-0.92487225
10.920484	-0.92664353
10.930466	-0.92841668
10.940448	-0.9301917
10.95043	-0.93196859
10.960412	-0.93374735
10.970394	-0.93552798
10.980376	-0.93731049
10.990358	-0.93909487
11.00034	-0.94088112
11.010322	-0.94266924
11.020304	-0.94445924
11.030286	-0.94625111
11.040268	-0.94804486
11.05025	-0.94984049
11.060232	-0.95163799
11.070214	-0.95343736
11.080196	-0.95523862
11.090178	-0.95704175
11.10016	-0.95884676
11.110142	-0.96065364
11.120124	-0.96246241
11.130106	-0.96427306
11.140088	-0.96608558
11.15007	-0.96789999
11.160052	-0.96971627
11.170034	-0.97153444
11.180016	-0.97335449
11.189998	-0.97517642
11.19998	-0.97700024
11.209962	-0.97882594
11.219944	-0.98065352
11.229926	-0.98248298
11.239908	-0.98431433
11.24989	-0.98614757
11.259872	-0.98798269
11.269854	-0.9898197
11.279836	-0.99165859
11.289818	-0.99349937
11.2998	-0.99534204
11.309782	-0.9971866
11.319764	-0.99903304
11.329746	-1.0008814
11.339728	-1.0027316
11.34971	-1.0045837
11.359692	-1.0064377
11.369674	-1.0082936
11.379656	-1.0101514
11.389638	-1.0120111
11.39962	-1.0138726
11.409602	-1.0157361
11.419584	-1.0176015
11.429566	-1.0194687
11.439548	-1.0213379
11.44953	-1.0232089
11.459512	-1.0250818
11.469494	-1.0269567
11.479476	-1.0288334
11.489458	-1.030712
11.49944	-1.0325925
11.509422	-1.0344749
11.519404	-1.0363592
11.529386	-1.0382455
11.539368	-1.0401336
11.54935	-1.0420236
11.559332	-1.0439155
11.569314	-1.0458093
11.579296	-1.047705
11.589278	-1.0496026
11.59926	-1.0515021
11.609242	-1.0534035
11.619224	-1.0553068
11.629206	-1.0572121
11.639188	-1.0591192
11.64917	-1.0610282
11.659152	-1.0629391
11.669134	-1.064852
11.679116	-1.0667667
11.689098	-1.0686834
11.69908	-1.0706019
11.709062	-1.0725224
11.719044	-1.0744447
11.729026	-1.076369
11.739008	-1.0782952
11.74899	-1.0802233
11.758972	-1.0821533
11.768954	-1.0840852
11.778936	-1.086019
11.788918	-1.0879547
11.7989	-1.0898924
11.808882	-1.0918319
11.818864	-1.0937734
11.828846	-1.0957167
11.838828	-1.097662
11.84881	-1.0996092
11.858792	-1.1015583
11.868774	-1.1035094
11.878756	-1.1054623
11.888738	-1.1074171
11.89872	-1.1093739
11.908702	-1.1113326
11.918684	-1.1132932
11.928666	-1.1152557
11.938648	-1.1172201
11.94863	-1.1191865
11.958612	-1.1211547
11.968594	-1.1231249
11.978576	-1.125097
11.988558	-1.1270711
11.99854	-1.129047
12.008522	-1.1310249
12.018504	-1.1330046
12.028486	-1.1349863
12.038468	-1.13697
12.04845	-1.1389555
12.058432	-1.140943
12.068414	-1.1429324
12.078396	-1.1449237
12.088378	-1.1469169
12.09836	-1.1489121
12.108342	-1.1509091
12.118324	-1.1529081
12.128306	-1.1549091
12.138288	-1.1569119
12.14827	-1.1589167
12.158252	-1.1609234
12.168234	-1.1629321
12.178216	-1.1649426
12.188198	-1.1669551
12.19818	-1.1689695
12.208162	-1.1709859
12.218144	-1.1730041
12.228126	-1.1750244
12.238108	-1.1770465
12.24809	-1.1790705
12.258072	-1.1810965
12.268054	-1.1831245
12.278036	-1.1851543
12.288018	-1.1871861
12.298	-1.1892198
12.307982	-1.1912555
12.317964	-1.1932931
12.327946	-1.1953326
12.337928	-1.197374
12.34791	-1.1994174
12.357892	-1.2014627
12.367874	-1.20351
12.377856	-1.2055592
12.387838	-1.2076103
12.39782	-1.2096634
12.407802	-1.2117184
12.417784	-1.2137753
12.427766	-1.2158342
12.437748	-1.217895
12.44773	-1.2199578
12.457712	-1.2220224
12.467694	-1.2240891
12.477676	-1.2261576
12.487658	-1.2282281
12.49764	-1.2303006
12.507622	-1.232375
12.517604	-1.2344513
12.527586	-1.2365296
12.537568	-1.2386098
12.54755	-1.240692
12.557532	-1.242776
12.567514	-1.2448621
12.577495	-1.2469501
12.587477	-1.24904
12.597459	-1.2511319
12.607441	-1.2532257
12.617423	-1.2553214
12.627405	-1.2574192
12.637387	-1.2595188
12.647369	-1.2616204
12.657351	-1.263724
12.667333	-1.2658294
12.677315	-1.2679369
12.687297	-1.2700463
12.697279	-1.2721576
12.707261	-1.2742709
12.717243	-1.2763861
12.727225	-1.2785033
12.737207	-1.2806224
12.747189	-1.2827435
12.757171	-1.2848665
12.767153	-1.2869915
12.777135	-1.2891185
12.787117	-1.2912474
12.797099	-1.2933782
12.807081	-1.295511
12.817063	-1.2976457
12.827045	-1.2997824
12.837027	-1.3019211
12.847009	-1.3040617
12.856991	-1.3062042
12.866973	-1.3083487
12.876955	-1.3104952
12.886937	-1.3126436
12.896919	-1.314794
12.906901	-1.3169463
12.916883	-1.3191006
12.926865	-1.3212569
12.936847	-1.3234151
12.946829	-1.3255752
12.956811	-1.3277373
12.966793	-1.3299014
12.976775	-1.3320675
12.986757	-1.3342355
12.996739	-1.3364054
13.006721	-1.3385773
13.016703	-1.3407512
13.026685	-1.342927
13.036667	-1.3451048
13.046649	-1.3472846
13.056631	-1.3494663
13.066613	-1.35165
13.076595	-1.3538356
13.086577	-1.3560232
13.096559	-1.3582128
13.106541	-1.3604043
13.116523	-1.3625978
13.126505	-1.3647933
13.136487	-1.3669907
13.146469	-1.3691901
13.156451	-1.3713914
13.166433	-1.3735947
13.176415	-1.3758
13.186397	-1.3780073
13.196379	-1.3802165
13.206361	-1.3824277
13.216343	-1.3846408
13.226325	-1.3868559
13.236307	-1.389073
13.246289	-1.3912921
13.256271	-1.3935131
13.266253	-1.3957361
13.276235	-1.397961
13.286217	-1.400188
13.296199	-1.4024169
13.306181	-1.4046477
13.316163	-1.4068806
13.326145	-1.4091154
13.336127	-1.4113522
13.346109	-1.4135909
13.356091	-1.4158316
13.366073	-1.4180743
13.376055	-1.420319
13.386037	-1.4225656
13.396019	-1.4248142
13.406001	-1.4270648
13.415983	-1.4293174
13.425965	-1.4315719
13.435947	-1.4338284
13.445929	-1.4360869
13.455911	-1.4383474
13.465893	-1.4406098
13.475875	-1.4428742
13.485857	-1.4451406
13.495839	-1.447409
13.505821	-1.4496793
13.515803	-1.4519516
13.525785	-1.4542259
13.535767	-1.4565022
13.545749	-1.4587804
13.555731	-1.4610607
13.565713	-1.4633429
13.575695	-1.4656271
13.585677	-1.4679132
13.595659	-1.4702014
13.605641	-1.4724915
13.615623	-1.4747836
13.625605	-1.4770777
13.635587	-1.4793737
13.645569	-1.4816718
13.655551	-1.4839718
13.665533	-1.4862738
13.675515	-1.4885778
13.685497	-1.4908838
13.695479	-1.4931917
13.705461	-1.4955017
13.715443	-1.4978136
13.725425	-1.5001275
13.735407	-1.5024434
13.745389	-1.5047612
13.755371	-1.5070811
13.765353	-1.5094029
13.775335	-1.5117268
13.785317	-1.5140526
13.795299	-1.5163804
13.805281	-1.5187102
13.815263	-1.5210419
13.825245	-1.5233757
13.835227	-1.5257114
13.845209	-1.5280491
13.855191	-1.5303889
13.865173	-1.5327306
13.875155	-1.5350743
13.885137	-1.5374199
13.895119	-1.5397676
13.905101	-1.5421173
13.915083	-1.5444689
13.925065	-1.5468225
13.935047	-1.5491782
13.945029	-1.5515358
13.955011	-1.5538954
13.964993	-1.556257
13.974975	-1.5586205
13.984957	-1.5609861
13.994939	-1.5633537
14.004921	-1.5657232
14.014903	-1.5680948
14.024885	-1.5704683
14.034867	-1.5728439
14.044849	-1.5752214
14.054831	-1.5776009
14.064813	-1.5799824
14.074795	-1.5823659
14.084777	-1.5847514
14.094759	-1.5871389
14.104741	-1.5895284
14.114723	-1.5919199
14.124705	-1.5943133
14.134687	-1.5967088
14.144669	-1.5991063
14.154651	-1.6015057
14.164633	-1.6039072
14.174615	-1.6063106
14.184597	-1.6087161
14.194579	-1.6111235
14.204561	-1.6135329
14.214543	-1.6159444
14.224525	-1.6183578
14.234507	-1.6207732
14.244489	-1.6231907
14.254471	-1.6256101
14.264453	-1.6280315
14.274435	-1.6304549
14.284417	-1.6328804
14.294399	-1.6353078
14.304381	-1.6377372
14.314363	-1.6401686
14.324345	-1.642602
14.334327	-1.6450374
14.344309	-1.6474749
14.354291	-1.6499143
14.364273	-1.6523557
14.374255	-1.6547991
14.384237	-1.6572445
14.394219	-1.6596919
14.404201	-1.6621414
14.414183	-1.6645928
14.424165	-1.6670462
14.434147	-1.6695016
14.444129	-1.6719591
14.454111	-1.6744185
14.464093	-1.6768799
14.474075	-1.6793434
14.484057	-1.6818088
14.494039	-1.6842762
14.504021	-1.6867457
14.514003	-1.6892171
14.523985	-1.6916906
14.533967	-1.694166
14.543949	-1.6966435
14.553931	-1.699123
14.563913	-1.7016044
14.573895	-1.7040879
14.583877	-1.7065734
14.593859	-1.7090609
14.603841	-1.7115504
14.613823	-1.7140419
14.623805	-1.7165354
14.633787	-1.7190309
14.643769	-1.7215284
14.653751	-1.7240279
14.663733	-1.7265295
14.673715	-1.729033
14.683697	-1.7315386
14.693679	-1.7340461
14.703661	-1.7365557
14.713643	-1.7390672
14.723625	-1.7415808
14.733607	-1.7440964
14.743589	-1.746614
14.753571	-1.7491336
14.763553	-1.7516552
14.773535	-1.7541788
14.783517	-1.7567045
14.793499	-1.7592321
14.803481	-1.7617618
14.813463	-1.7642934
14.823445	-1.7668271
14.833427	-1.7693628
14.843409	-1.7719005
14.853391	-1.7744402
14.863373	-1.7769819
14.873355	-1.7795256
14.883337	-1.7820713
14.893319	-1.7846191
14.903301	-1.7871688
14.913283	-1.7897206
14.923265	-1.7922744
14.933247	-1.7948302
14.943229	-1.797388
14.953211	-1.7999478
14.963193	-1.8025096
14.973175	-1.8050734
14.983157	-1.8076393
14.993139	-1.8102072
15.003121	-1.812777
15.013103	-1.8153489
15.023085	-1.8179228
15.033067	-1.8204988
15.043049	-1.8230767
15.053031	-1.8256566
15.063013	-1.8282386
15.072995	-1.8308226
15.082977	-1.8334086
15.092959	-1.8359966
15.102941	-1.8385866
15.112923	-1.8411786
15.122905	-1.8437727
15.132887	-1.8463687
15.142869	-1.8489668
15.152851	-1.8515669
15.162833	-1.854169
15.172815	-1.8567731
15.182797	-1.8593793
15.192779	-1.8619874
15.202761	-1.8645976
15.212743	-1.8672098
15.222725	-1.869824
15.232707	-1.8724402
15.242689	-1.8750585
15.252671	-1.8776787
15.262653	-1.880301
15.272635	-1.8829253
15.282617	-1.8855516
15.292599	-1.8881799
15.302581	-1.8908103
15.312563	-1.8934426
15.322545	-1.896077
15.332527	-1.8987134
15.342509	-1.9013518
15.35249	-1.9039923
15.362472	-1.9066347
15.372454	-1.9092792
15.382436	-1.9119257
15.392418	-1.9145742
15.4024	-1.9172247
15.412382	-1.9198772
15.422364	-1.9225318
15.432346	-1.9251884
15.442328	-1.927847
15.45231	-1.9305076
15.462292	-1.9331702
15.472274	-1.9358349
15.482256	-1.9385016
15.492238	-1.9411703
15.50222	-1.943841
15.512202	-1.9465137
15.522184	-1.9491885
15.532166	-1.9518653
15.542148	-1.9545441
15.55213	-1.9572249
15.562112	-1.9599077
15.572094	-1.9625926
15.582076	-1.9652795
15.592058	-1.9679684
15.60204	-1.9706593
15.612022	-1.9733522
15.622004	-1.9760472
15.631986	-1.9787442
15.641968	-1.9814432
15.65195	-1.9841442
15.661932	-1.9868473
15.671914	-1.9895524
15.681896	-1.9922594
15.691878	-1.9949686
15.70186	-1.9976797
15.711842	-2.0003929
15.721824	-2.003108
15.731806	-2.0058252
15.741788	-2.0085445
15.75177	-2.0112657
15.761752	-2.013989
15.771734	-2.0167143
15.781716	-2.0194416
15.791698	-2.0221709
15.80168	-2.0249023
15.811662	-2.0276356
15.821644	-2.0303711
15.831626	-2.0331085
15.841608	-2.0358479
15.85159	-2.0385894
15.861572	-2.0413329
15.871554	-2.0440784
15.881536	-2.0468259
15.891518	-2.0495755
15.9015	-2.0523271
15.911482	-2.0550807
15.921464	-2.0578363
15.931446	-2.060594
15.941428	-2.0633537
15.95141	-2.0661154
15.961392	-2.0688791
15.971374	-2.0716448
15.981356	-2.0744126
15.991338	-2.0771824
16.00132	-2.0799542
16.011302	-2.0827281
16.021284	-2.0855039
16.031266	-2.0882818
16.041248	-2.0910617
16.05123	-2.0938437
16.061212	-2.0966276
16.071194	-2.0994136
16.081176	-2.1022016
16.091158	-2.1049917
16.10114	-2.1077837
16.111122	-2.1105778
16.121104	-2.1133739
16.131086	-2.1161721
16.141068	-2.1189722
16.15105	-2.1217744
16.161032	-2.1245786
16.171014	-2.1273848
16.180996	-2.1301931
16.190978	-2.1330033
16.20096	-2.1358156
16.210942	-2.13863
16.220924	-2.1414463
16.230906	-2.1442647
16.240888	-2.1470851
16.25087	-2.1499075
16.260852	-2.1527319
16.270834	-2.1555584
16.280816	-2.1583869
16.290798	-2.1612174
16.30078	-2.16405
16.310762	-2.1668845
16.320744	-2.1697211
16.330726	-2.1725597
16.340708	-2.1754004
16.35069	-2.178243
16.360672	-2.1810877
16.370654	-2.1839344
16.380636	-2.1867832
16.390618	-2.189634
16.4006	-2.1924867
16.410582	-2.1953415
16.420564	-2.1981984
16.430546	-2.2010572
16.440528	-2.2039181
16.45051	-2.206781
16.460492	-2.209646
16.470474	-2.2125129
16.480456	-2.2153819
16.490438	-2.2182529
16.50042	-2.2211259
16.510402	-2.224001
16.520384	-2.2268781
16.530366	-2.2297572
16.540348	-2.2326383
16.55033	-2.2355215
16.560312	-2.2384066
16.570294	-2.2412938
16.580276	-2.2441831
16.590258	-2.2470743
16.60024	-2.2499676
16.610222	-2.2528629
16.620204	-2.2557602
16.630186	-2.2586595
16.640168	-2.2615609
16.65015	-2.2644643
16.660132	-2.2673697
16.670114	-2.2702772
16.680096	-2.2731866
16.690078	-2.2760981
16.70006	-2.2790116
16.710042	-2.2819271
16.720024	-2.2848447
16.730006	-2.2877643
16.739988	-2.2906859
16.74997	-2.2936095
16.759952	-2.2965352
16.769934	-2.2994628
16.779916	-2.3023925
16.789898	-2.3053243
16.79988	-2.308258
16.809862	-2.3111938
16.819844	-2.3141316
16.829826	-2.3170714
16.839808	-2.3200132
16.84979	-2.3229571
16.859772	-2.325903
16.869754	-2.3288509
16.879736	-2.3318008
16.889718	-2.3347528
16.8997	-2.3377067
16.909682	-2.3406627
16.919664	-2.3436207
16.929646	-2.3465808
16.939628	-2.3495428
16.94961	-2.3525069
16.959592	-2.355473
16.969574	-2.3584412
16.979556	-2.3614113
16.989538	-2.3643835
16.99952	-2.3673577
17.009502	-2.3703339
17.019484	-2.3733121
17.029466	-2.3762924
17.039448	-2.3792747
17.04943	-2.382259
17.059412	-2.3852453
17.069394	-2.3882337
17.079376	-2.391224
17.089358	-2.3942164
17.09934	-2.3972108
17.109322	-2.4002072
17.119304	-2.4032057
17.129286	-2.4062062
17.139268	-2.4092087
17.14925	-2.4122132
17.159232	-2.4152197
17.169214	-2.4182283
17.179196	-2.4212388
17.189178	-2.4242514
17.19916	-2.427266
17.209142	-2.4302827
17.219124	-2.4333013
17.229106	-2.436322
17.239088	-2.4393447
17.24907	-2.4423694
17.259052	-2.4453961
17.269034	-2.4484249
17.279016	-2.4514556
17.288998	-2.4544884
17.29898	-2.4575232
17.308962	-2.4605601
17.318944	-2.4635989
17.328926	-2.4666398
17.338908	-2.4696826
17.34889	-2.4727275
17.358872	-2.4757745
17.368854	-2.4788234
17.378836	-2.4818743
17.388818	-2.4849273
17.3988	-2.4879823
17.408782	-2.4910393
17.418764	-2.4940983
17.428746	-2.4971594
17.438728	-2.5002224
17.44871	-2.5032875
17.458692	-2.5063546
17.468674	-2.5094237
17.478656	-2.5124948
17.488638	-2.5155679
17.49862	-2.5186431
17.508602	-2.5217203
17.518584	-2.5247995
17.528566	-2.5278807
17.538548	-2.5309639
17.54853	-2.5340491
17.558512	-2.5371364
17.568494	-2.5402256
17.578476	-2.5433169
17.588458	-2.5464102
17.59844	-2.5495055
17.608422	-2.5526028
17.618404	-2.5557022
17.628386	-2.5588035
17.638368	-2.5619069
17.64835	-2.5650122
17.658332	-2.5681196
17.668314	-2.571229
17.678296	-2.5743405
17.688278	-2.5774539
17.69826	-2.5805693
17.708242	-2.5836868
17.718224	-2.5868063
17.728206	-2.5899277
17.738188	-2.5930512
17.74817	-2.5961767
17.758152	-2.5993043
17.768134	-2.6024338
17.778116	-2.6055653
17.788098	-2.6086989
17.79808	-2.6118345
17.808062	-2.614972
17.818044	-2.6181116
17.828026	-2.6212532
17.838008	-2.6243968
17.84799	-2.6275424
17.857972	-2.6306901
17.867954	-2.6338397
17.877936	-2.6369913
17.887918	-2.640145
17.8979	-2.6433007
17.907882	-2.6464583
17.917864	-2.649618
17.927846	-2.6527797
17.937828	-2.6559434
17.94781	-2.6591091
17.957792	-2.6622768
17.967774	-2.6654466
17.977756	-2.6686183
17.987738	-2.671792
17.99772	-2.6749678
18.007702	-2.6781455
18.017684	-2.6813253
18.027666	-2.6845071
18.037648	-2.6876908
18.04763	-2.6908766
18.057612	-2.6940644
18.067594	-2.6972542
18.077576	-2.700446
18.087558	-2.7036398
18.09754	-2.7068356
18.107522	-2.7100334
18.117504	-2.7132332
18.127485	-2.7164351
18.137467	-2.7196389
18.147449	-2.7228447
18.157431	-2.7260525
18.167413	-2.7292624
18.177395	-2.7324742
18.187377	-2.7356881
18.197359	-2.7389039
18.207341	-2.7421217
18.217323	-2.7453416
18.227305	-2.7485634
18.237287	-2.7517873
18.247269	-2.7550132
18.257251	-2.758241
18.267233	-2.7614709
18.277215	-2.7647027
18.287197	-2.7679366
18.297179	-2.7711724
18.307161	-2.7744103
18.317143	-2.7776502
18.327125	-2.780892
18.337107	-2.7841359
18.347089	-2.7873817
18.357071	-2.7906296
18.367053	-2.7938794
18.377035	-2.7971313
18.387017	-2.8003851
18.396999	-2.803641
18.406981	-2.8068988
18.416963	-2.8101587
18.426945	-2.8134205
18.436927	-2.8166844
18.446909	-2.8199502
18.456891	-2.823218
18.466873	-2.8264878
18.476855	-2.8297597
18.486837	-2.8330335
18.496819	-2.8363093
18.506801	-2.8395871
18.516783	-2.8428669
18.526765	-2.8461487
18.536747	-2.8494325
18.546729	-2.8527183
18.556711	-2.856006
18.566693	-2.8592958
18.576675	-2.8625876
18.586657	-2.8658813
18.596639	-2.8691771
18.606621	-2.8724748
18.616603	-2.8757745
18.626585	-2.8790762
18.636567	-2.88238
18.646549	-2.8856857
18.656531	-2.8889934
18.666513	-2.892303
18.676495	-2.8956147
18.686477	-2.8989284
18.696459	-2.902244
18.706441	-2.9055617
18.716423	-2.9088813
18.726405	-2.9122029
18.736387	-2.9155265
18.746369	-2.9188521
18.756351	-2.9221797
18.766333	-2.9255093
18.776315	-2.9288408
18.786297	-2.9321744
18.796279	-2.9355099
18.806261	-2.9388474
18.816243	-2.9421869
18.826225	-2.9455284
18.836207	-2.9488719
18.846189	-2.9522173
18.856171	-2.9555647
18.866153	-2.9589142
18.876135	-2.9622656
18.886117	-2.965619
18.896099	-2.9689743
18.906081	-2.9723317
18.916063	-2.975691
18.926045	-2.9790523
18.936027	-2.9824157
18.946009	-2.9857809
18.955991	-2.9891482
18.965973	-2.9925174
18.975955	-2.9958887
18.985937	-2.9992619
18.995919	-3.0026371
19.005901	-3.0060142
19.015883	-3.0093934
19.025865	-3.0127745
19.035847	-3.0161576
19.045829	-3.0195427
19.055811	-3.0229297
19.065793	-3.0263188
19.075775	-3.0297098
19.085757	-3.0331027
19.095739	-3.0364977
19.105721	-3.0398947
19.115703	-3.0432936
19.125685	-3.0466945
19.135667	-3.0500973
19.145649	-3.0535022
19.155631	-3.056909
19.165613	-3.0603178
19.175595	-3.0637285
19.185577	-3.0671412
19.195559	-3.070556
19.205541	-3.0739726
19.215523	-3.0773913
19.225505	-3.0808119
19.235487	-3.0842345
19.245469	-3.0876591
19.255451	-3.0910856
19.265433	-3.0945141
19.275415	-3.0979446
19.285397	-3.101377
19.295379	-3.1048114
19.305361	-3.1082478
19.315343	-3.1116862
19.325325	-3.1151265
19.335307	-3.1185688
19.345289	-3.122013
19.355271	-3.1254592
19.365253	-3.1289074
19.375235	-3.1323576
19.385217	-3.1358097
19.395199	-3.1392638
19.405181	-3.1427198
19.415163	-3.1461778
19.425145	-3.1496378
19.435127	-3.1530997
19.445109	-3.1565636
19.455091	-3.1600295
19.465073	-3.1634973
19.475055	-3.1669671
19.485037	-3.1704389
19.495019	-3.1739126
19.505001	-3.1773882
19.514983	-3.1808659
19.524965	-3.1843455
19.534947	-3.187827
19.544929	-3.1913105
19.554911	-3.194796
19.564893	-3.1982834
19.574875	-3.2017728
19.584857	-3.2052642
19.594839	-3.2087575
19.604821	-3.2122527
19.614803	-3.2157499
19.624785	-3.2192491
19.634767	-3.2227502
19.644749	-3.2262533
19.654731	-3.2297583
19.664713	-3.2332653
19.674695	-3.2367743
19.684677	-3.2402852
19.694659	-3.243798
19.704641	-3.2473128
19.714623	-3.2508296
19.724605	-3.2543483
19.734587	-3.257869
19.744569	-3.2613916
19.754551	-3.2649161
19.764533	-3.2684426
19.774515	-3.2719711
19.784497	-3.2755015
19.794479	-3.2790338
19.804461	-3.2825682
19.814443	-3.2861044
19.824425	-3.2896426
19.834407	-3.2931828
19.844389	-3.2967248
19.854371	-3.3002689
19.864353	-3.3038149
19.874335	-3.3073628
19.884317	-3.3109127
19.894299	-3.3144645
19.904281	-3.3180183
19.914263	-3.321574
19.924245	-3.3251316
19.934227	-3.3286912
19.944209	-3.3322527
19.954191	-3.3358162
19.964173	-3.3393816
19.974155	-3.342949
19.984137	-3.3465183
19.994119	-3.3500895
20.004101	-3.3536627
20.014083	-3.3572378
20.024065	-3.3608149
20.034047	-3.3643938
20.044029	-3.3679748
20.054011	-3.3715576
20.063993	-3.3751424
20.073975	-3.3787292
20.083957	-3.3823178
20.093939	-3.3859085
20.103921	-3.389501
20.113903	-3.3930955
20.123885	-3.3966919
20.133867	-3.4002902
20.143849	-3.4038905
20.153831	-3.4074927
20.163813	-3.4110968
20.173795	-3.4147029
20.183777	-3.4183109
20.193759	-3.4219209
20.203741	-3.4255327
20.213723	-3.4291465
20.223705	-3.4327622
20.233687	-3.4363799
20.243669	-3.4399994
20.253651	-3.443621
20.263633	-3.4472444
20.273615	-3.4508697
20.283597	-3.454497
20.293579	-3.4581262
20.303561	-3.4617574
20.313543	-3.4653904
20.323525	-3.4690254
20.333507	-3.4726623
20.343489	-3.4763011
20.353471	-3.4799419
20.363453	-3.4835846
20.373435	-3.4872291
20.383417	-3.4908757
20.393399	-3.4945241
20.403381	-3.4981745
20.413363	-3.5018267
20.423345	-3.5054809
20.433327	-3.509137
20.443309	-3.5127951
20.453291	-3.516455
20.463273	-3.5201169
20.473255	-3.5237806
20.483237	-3.5274463
20.493219	-3.531114
20.503201	-3.5347835
20.513183	-3.5384549
20.523165	-3.5421283
20.533147	-3.5458035
20.543129	-3.5494807
20.553111	-3.5531598
20.563093	-3.5568408
20.573075	-3.5605237
20.583057	-3.5642085
20.593039	-3.5678953
20.603021	-3.5715839
20.613003	-3.5752745
20.622985	-3.5789669
20.632967	-3.5826613
20.642949	-3.5863576
20.652931	-3.5900558
20.662913	-3.5937559
20.672895	-3.5974579
20.682877	-3.6011618
20.692859	-3.6048676
20.702841	-3.6085753
20.712823	-3.6122849
20.722805	-3.6159964
20.732787	-3.6197098
20.742769	-3.6234251
20.752751	-3.6271424
20.762733	-3.6308615
20.772715	-3.6345825
20.782697	-3.6383054
20.792679	-3.6420303
20.802661	-3.645757
20.812643	-3.6494856
20.822625	-3.6532161
20.832607	-3.6569485
20.842589	-3.6606828
20.852571	-3.6644191
20.862553	-3.6681572
20.872535	-3.6718972
20.882517	-3.675639
20.892498	-3.6793828
20.90248	-3.6831285
20.912462	-3.6868761
20.922444	-3.6906255
20.932426	-3.6943769
20.942408	-3.6981301
20.95239	-3.7018853
20.962372	-3.7056423
20.972354	-3.7094012
20.982336	-3.713162
20.992318	-3.7169247
21.0023	-3.7206893
21.012282	-3.7244558
21.022264	-3.7282241
21.032246	-3.7319943
21.042228	-3.7357665
21.05221	-3.7395405
21.062192	-3.7433164
21.072174	-3.7470941
21.082156	-3.7508738
21.092138	-3.7546553
21.10212	-3.7584388
21.112102	-3.7622241
21.122084	-3.7660113
21.132066	-3.7698003
21.142048	-3.7735913
21.15203	-3.7773841
21.162012	-3.7811788
21.171994	-3.7849754
21.181976	-3.7887738
21.191958	-3.7925742
21.20194	-3.7963764
21.211922	-3.8001804
21.221904	-3.8039864
21.231886	-3.8077942
21.241868	-3.8116039
21.25185	-3.8154155
21.261832	-3.819229
21.271814	-3.8230443
21.281796	-3.8268615
21.291778	-3.8306805
21.30176	-3.8345015
21.311742	-3.8383243
21.321724	-3.842149
21.331706	-3.8459755
21.341688	-3.8498039
21.35167	-3.8536342
21.361652	-3.8574663
21.371634	-3.8613003
21.381616	-3.8651362
21.391598	-3.8689739
21.40158	-3.8728135
21.411562	-3.876655
21.421544	-3.8804983
21.431526	-3.8843435
21.441508	-3.8881905
21.45149	-3.8920395
21.461472	-3.8958902
21.471454	-3.8997428
21.481436	-3.9035973
21.491418	-3.9074537
21.5014	-3.9113119
21.511382	-3.9151719
21.521364	-3.9190339
21.531346	-3.9228976
21.541328	-3.9267633
21.55131	-3.9306307
21.561292	-3.9345001
21.571274	-3.9383713
21.581256	-3.9422443
21.591238	-3.9461192
21.60122	-3.9499959
21.611202	-3.9538745
21.621184	-3.957755
21.631166	-3.9616373
21.641148	-3.9655214
21.65113	-3.9694074
21.661112	-3.9732953
21.671094	-3.977185
21.681076	-3.9810765
21.691058	-3.9849699
21.70104	-3.9888651
21.711022	-3.9927622
21.721004	-3.9966611
21.730986	-4.0005618
21.740968	-4.0044644
21.75095	-4.0083689
21.760932	-4.0122751
21.770914	-4.0161833
21.780896	-4.0200932
21.790878	-4.024005
21.80086	-4.0279187
21.810842	-4.0318341
21.820824	-4.0357514
21.830806	-4.0396706
21.840788	-4.0435916
21.85077	-4.0475144
21.860752	-4.0514391
21.870734	-4.0553656
21.880716	-4.0592939
21.890698	-4.063224
21.90068	-4.067156
21.910662	-4.0710898
21.920644	-4.0750255
21.930626	-4.078963
21.940608	-4.0829023
21.95059	-4.0868434
21.960572	-4.0907864
21.970554	-4.0947312
21.980536	-4.0986778
21.990518	-4.1026262
22.0005	-4.1065765
22.010482	-4.1105286
22.020464	-4.1144825
22.030446	-4.1184383
22.040428	-4.1223958
22.05041	-4.1263552
22.060392	-4.1303164
22.070374	-4.1342795
22.080356	-4.1382443
22.090338	-4.142211
22.10032	-4.1461795
22.110302	-4.1501498
22.120284	-4.1541219
22.130266	-4.1580958
22.140248	-4.1620716
22.15023	-4.1660492
22.160212	-4.1700286
22.170194	-4.1740098
22.180176	-4.1779928
22.190158	-4.1819776
22.20014	-4.1859642
22.210122	-4.1899527
22.220104	-4.1939429
22.230086	-4.197935
22.240068	-4.2019289
22.25005	-4.2059246
22.260032	-4.2099221
22.270014	-4.2139214
22.279996	-4.2179225
22.289978	-4.2219254
22.29996	-4.2259301
22.309942	-4.2299366
22.319924	-4.2339449
22.329906	-4.2379551
22.339888	-4.241967
22.34987	-4.2459807
22.359852	-4.2499963
22.369834	-4.2540136
22.379816	-4.2580327
22.389798	-4.2620536
22.39978	-4.2660764
22.409762	-4.2701009
22.419744	-4.2741272
22.429726	-4.2781553
22.439708	-4.2821853
22.44969	-4.286217
22.459672	-4.2902505
22.469654	-4.2942858
22.479636	-4.2983228
22.489618	-4.3023617
22.4996	-4.3064024
22.509582	-4.3104448
22.519564	-4.3144891
22.529546	-4.3185351
22.539528	-4.3225829
22.54951	-4.3266326
22.559492	-4.330684
22.569474	-4.3347371
22.579456	-4.3387921
22.589438	-4.3428489
22.59942	-4.3469074
22.609402	-4.3509677
22.619384	-4.3550298
22.629366	-4.3590937
22.639348	-4.3631594
22.64933	-4.3672268
22.659312	-4.371296
22.669294	-4.375367
22.679276	-4.3794398
22.689258	-4.3835144
22.69924	-4.3875907
22.709222	-4.3916688
22.719204	-4.3957487
22.729186	-4.3998304
22.739168	-4.4039138
22.74915	-4.407999
22.759132	-4.412086
22.769114	-4.4161747
22.779096	-4.4202653
22.789078	-4.4243575
22.79906	-4.4284516
22.809042	-4.4325474
22.819024	-4.436645
22.829006	-4.4407444
22.838988	-4.4448455
22.84897	-4.4489484
22.858952	-4.4530531
22.868934	-4.4571595
22.878916	-4.4612677
22.888898	-4.4653776
22.89888	-4.4694893
22.908862	-4.4736028
22.918844	-4.477718
22.928826	-4.481835
22.938808	-4.4859538
22.94879	-4.4900743
22.958772	-4.4941965
22.968754	-4.4983206
22.978736	-4.5024463
22.988718	-4.5065739
22.9987	-4.5107032
23.008682	-4.5148342
23.018664	-4.518967
23.028646	-4.5231015
23.038628	-4.5272378
23.04861	-4.5313759
23.058592	-4.5355157
23.068574	-4.5396572
23.078556	-4.5438005
23.088538	-4.5479456
23.09852	-4.5520924
23.108502	-4.5562409
23.118484	-4.5603912
23.128466	-4.5645432
23.138448	-4.568697
23.14843	-4.5728525
23.158412	-4.5770097
23.168394	-4.5811687
23.178376	-4.5853295
23.188358	-4.5894919
23.19834	-4.5936561
23.208322	-4.5978221
23.218304	-4.6019898
23.228286	-4.6061592
23.238268	-4.6103304
23.24825	-4.6145033
23.258232	-4.6186779
23.268214	-4.6228543
23.278196	-4.6270324
23.288178	-4.6312122
23.29816	-4.6353938
23.308142	-4.6395771
23.318124	-4.6437621
23.328106	-4.6479489
23.338088	-4.6521373
23.34807	-4.6563276
23.358052	-4.6605195
23.368034	-4.6647132
23.378016	-4.6689085
23.387998	-4.6731057
23.39798	-4.6773045
23.407962	-4.6815051
23.417944	-4.6857073
23.427926	-4.6899113
23.437908	-4.6941171
23.44789	-4.6983245
23.457872	-4.7025337
23.467854	-4.7067446
23.477836	-4.7109572
23.487818	-4.7151715
23.4978	-4.7193875
23.507782	-4.7236053
23.517764	-4.7278247
23.527746	-4.7320459
23.537728	-4.7362688
23.54771	-4.7404934
23.557692	-4.7447197
23.567674	-4.7489477
23.577656	-4.7531775
23.587638	-4.7574089
23.59762	-4.761642
23.607602	-4.7658769
23.617584	-4.7701135
23.627566	-4.7743517
23.637548	-4.7785917
23.64753	-4.7828334
23.657512	-4.7870768
23.667493	-4.7913219
23.677475	-4.7955686
23.687457	-4.7998171
23.697439	-4.8040673
23.707421	-4.8083192
23.717403	-4.8125728
23.727385	-4.8168281
23.737367	-4.8210851
23.747349	-4.8253437
23.757331	-4.8296041
23.767313	-4.8338662
23.777295	-4.8381299
23.787277	-4.8423954
23.797259	-4.8466625
23.807241	-4.8509314
23.817223	-4.8552019
23.827205	-4.8594741
23.837187	-4.863748
23.847169	-4.8680236
23.857151	-4.8723009
23.867133	-4.8765799
23.877115	-4.8808605
23.887097	-4.8851429
23.897079	-4.8894269
23.907061	-4.8937126
23.917043	-4.898
23.927025	-4.9022891
23.937007	-4.9065798
23.946989	-4.9108723
23.956971	-4.9151664
23.966953	-4.9194622
23.976935	-4.9237596
23.986917	-4.9280588
23.996899	-4.9323596
24.006881	-4.9366621
24.016863	-4.9409663
24.026845	-4.9452721
24.036827	-4.9495796
24.046809	-4.9538888
24.056791	-4.9581997
24.066773	-4.9625122
24.076755	-4.9668264
24.086737	-4.9711423
24.096719	-4.9754598
24.106701	-4.979779
24.116683	-4.9840999
24.126665	-4.9884224
24.136647	-4.9927466
24.146629	-4.9970725
24.156611	-5.0014
24.166593	-5.0057292
24.176575	-5.0100601
24.186557	-5.0143926
24.196539	-5.0187268
24.206521	-5.0230626
24.216503	-5.0274001
24.226485	-5.0317393
24.236467	-5.0360801
24.246449	-5.0404225
24.256431	-5.0447666
24.266413	-5.0491124
24.276395	-5.0534598
24.286377	-5.0578089
24.296359	-5.0621596
24.306341	-5.066512
24.316323	-5.070866
24.326305	-5.0752217
24.336287	-5.079579
24.346269	-5.083938
24.356251	-5.0882986
24.366233	-5.0926609
24.376215	-5.0970248
24.386197	-5.1013904
24.396179	-5.1057575
24.406161	-5.1101264
24.416143	-5.1144969
24.426125	-5.118869
24.436107	-5.1232428
24.446089	-5.1276182
24.456071	-5.1319952
24.466053	-5.1363739
24.476035	-5.1407542
24.486017	-5.1451361
24.495999	-5.1495197
24.505981	-5.1539049
24.515963	-5.1582918
24.525945	-5.1626803
24.535927	-5.1670704
24.545909	-5.1714621
24.555891	-5.1758555
24.565873	-5.1802505
24.575855	-5.1846471
24.585837	-5.1890454
24.595819	-5.1934453
24.605801	-5.1978468
24.615783	-5.2022499
24.625765	-5.2066547
24.635747	-5.2110611
24.645729	-5.2154691
24.655711	-5.2198787
24.665693	-5.22429
24.675675	-5.2287028
24.685657	-5.2331173
24.695639	-5.2375334
24.705621	-5.2419512
24.715603	-5.2463705
24.725585	-5.2507914
24.735567	-5.255214
24.745549	-5.2596382
24.755531	-5.264064
24.765513	-5.2684914
24.775495	-5.2729204
24.785477	-5.2773511
24.795459	-5.2817833
24.805441	-5.2862171
24.815423	-5.2906526
24.825405	-5.2950897
24.835387	-5.2995283
24.845369	-5.3039686
24.855351	-5.3084105
24.865333	-5.312854
24.875315	-5.3172991
24.885297	-5.3217458
24.895279	-5.326194
24.905261	-5.3306439
24.915243	-5.3350954
24.925225	-5.3395485
24.935207	-5.3440032
24.945189	-5.3484595
24.955171	-5.3529174
24.965153	-5.3573768
24.975135	-5.3618379
24.985117	-5.3663006
24.995099	-5.3707648
25.005081	-5.3752307
25.015063	-5.3796981
25.025045	-5.3841671
25.035027	-5.3886378
25.045009	-5.39311
25.054991	-5.3975838
25.064973	-5.4020591
25.074955	-5.4065361
25.084937	-5.4110146
25.094919	-5.4154948
25.104901	-5.4199765
25.114883	-5.4244598
25.124865	-5.4289447
25.134847	-5.4334311
25.144829	-5.4379192
25.154811	-5.4424088
25.164793	-5.4469
25.174775	-5.4513928
25.184757	-5.4558871
25.194739	-5.4603831
25.204721	-5.4648806
25.214703	-5.4693796
25.224685	-5.4738803
25.234667	-5.4783825
25.244649	-5.4828863
25.254631	-5.4873916
25.264613	-5.4918986
25.274595	-5.4964071
25.284577	-5.5009171
25.294559	-5.5054288
25.304541	-5.509942
25.314523	-5.5144567
25.324505	-5.5189731
25.334487	-5.523491
25.344469	-5.5280104
25.354451	-5.5325314
25.364433	-5.537054
25.374415	-5.5415782
25.384397	-5.5461038
25.394379	-5.5506311
25.404361	-5.5551599
25.414343	-5.5596903
25.424325	-5.5642222
25.434307	-5.5687557
25.444289	-5.5732907
25.454271	-5.5778273
25.464253	-5.5823654
25.474235	-5.5869051
25.484217	-5.5914464
25.494199	-5.5959891
25.504181	-5.6005335
25.514163	-5.6050794
25.524145	-5.6096268
25.534127	-5.6141758
25.544109	-5.6187263
25.554091	-5.6232784
25.564073	-5.627832
25.574055	-5.6323871
25.584037	-5.6369438
25.594019	-5.641502
25.604001	-5.6460618
25.613983	-5.6506231
25.623965	-5.655186
25.633947	-5.6597504
25.643929	-5.6643163
25.653911	-5.6688838
25.663893	-5.6734527
25.673875	-5.6780233
25.683857	-5.6825953
25.693839	-5.6871689
25.703821	-5.6917441
25.713803	-5.6963207
25.723785	-5.7008989
25.733767	-5.7054786
25.743749	-5.7100598
25.753731	-5.7146426
25.763713	-5.7192269
25.773695	-5.7238127
25.783677	-5.7284001
25.793659	-5.7329889
25.803641	-5.7375793
25.813623	-5.7421712
25.823605	-5.7467646
25.833587	-5.7513596
25.843569	-5.7559561
25.853551	-5.760554
25.863533	-5.7651535
25.873515	-5.7697546
25.883497	-5.7743571
25.893479	-5.7789611
25.903461	-5.7835667
25.913443	-5.7881738
25.923425	-5.7927824
25.933407	-5.7973925
25.943389	-5.8020041
25.953371	-5.8066172
25.963353	-5.8112318
25.973335	-5.8158479
25.983317	-5.8204656
25.993299	-5.8250847
26.003281	-5.8297054
26.013263	-5.8343275
26.023245	-5.8389512
26.033227	-5.8435763
26.043209	-5.848203
26.053191	-5.8528311
26.063173	-5.8574608
26.073155	-5.8620919
26.083137	-5.8667246
26.093119	-5.8713587
26.103101	-5.8759944
26.113083	-5.8806315
26.123065	-5.8852702
26.133047	-5.8899103
26.143029	-5.8945519
26.153011	-5.899195
26.162993	-5.9038396
26.172975	-5.9084857
26.182957	-5.9131333
26.192939	-5.9177824
26.202921	-5.9224329
26.212903	-5.927085
26.222885	-5.9317385
26.232867	-5.9363935
26.242849	-5.94105
26.252831	-5.945708
26.262813	-5.9503674
26.272795	-5.9550284
26.282777	-5.9596908
26.292759	-5.9643547
26.302741	-5.9690201
26.312723	-5.9736869
26.322705	-5.9783553
26.332687	-5.9830251
26.342669	-5.9876964
26.352651	-5.9923691
26.362633	-5.9970433
26.372615	-6.001719
26.382597	-6.0063962
26.392579	-6.0110749
26.402561	-6.015755
26.412543	-6.0204365
26.422525	-6.0251196
26.432507	-6.0298041
26.442488	-6.0344901
26.45247	-6.0391775
26.462452	-6.0438664
26.472434	-6.0485568
26.482416	-6.0532486
26.492398	-6.0579419
26.50238	-6.0626367
26.512362	-6.0673329
26.522344	-6.0720306
26.532326	-6.0767297
26.542308	-6.0814303
26.55229	-6.0861323
26.562272	-6.0908358
26.572254	-6.0955408
26.582236	-6.1002472
26.592218	-6.104955
26.6022	-6.1096644
26.612182	-6.1143751
26.622164	-6.1190873
26.632146	-6.123801
26.642128	-6.1285161
26.65211	-6.1332326
26.662092	-6.1379506
26.672074	-6.1426701
26.682056	-6.147391
26.692038	-6.1521133
26.70202	-6.1568371
26.712002	-6.1615623
26.721984	-6.166289
26.731966	-6.1710171
26.741948	-6.1757466
26.75193	-6.1804776
26.761912	-6.18521
26.771894	-6.1899438
26.781876	-6.1946791
26.791858	-6.1994158
26.80184	-6.204154
26.811822	-6.2088936
26.821804	-6.2136346
26.831786	-6.2183771
26.841768	-6.2231209
26.85175	-6.2278662
26.861732	-6.232613
26.871714	-6.2373611
26.881696	-6.2421107
26.891678	-6.2468617
26.90166	-6.2516142
26.911642	-6.2563681
26.921624	-6.2611233
26.931606	-6.2658801
26.941588	-6.2706382
26.95157	-6.2753977
26.961552	-6.2801587
26.971534	-6.2849211
26.981516	-6.2896849
26.991498	-6.2944501
27.00148	-6.2992168
27.011462	-6.3039848
27.021444	-6.3087543
27.031426	-6.3135252
27.041408	-6.3182975
27.05139	-6.3230712
27.061372	-6.3278463
27.071354	-6.3326228
27.081336	-6.3374008
27.091318	-6.3421801
27.1013	-6.3469609
27.111282	-6.351743
27.121264	-6.3565266
27.131246	-6.3613115
27.141228	-6.3660979
27.15121	-6.3708857
27.161192	-6.3756749
27.171174	-6.3804654
27.181156	-6.3852574
27.191138	-6.3900508
27.20112	-6.3948455
27.211102	-6.3996417
27.221084	-6.4044393
27.231066	-6.4092382
27.241048	-6.4140386
27.25103	-6.4188403
27.261012	-6.4236435
27.270994	-6.428448
27.280976	-6.4332539
27.290958	-6.4380613
27.30094	-6.44287
27.310922	-6.4476801
27.320904	-6.4524915
27.330886	-6.4573044
27.340868	-6.4621186
27.35085	-6.4669343
27.360832	-6.4717513
27.370814	-6.4765697
27.380796	-6.4813895
27.390778	-6.4862107
27.40076	-6.4910332
27.410742	-6.4958571
27.420724	-6.5006824
27.430706	-6.5055091
27.440688	-6.5103372
27.45067	-6.5151666
27.460652	-6.5199974
27.470634	-6.5248296
27.480616	-6.5296631
27.490598	-6.5344981
27.50058	-6.5393344
27.510562	-6.544172
27.520544	-6.5490111
27.530526	-6.5538515
27.540508	-6.5586933
27.55049	-6.5635364
27.560472	-6.5683809
27.570454	-6.5732268
27.580436	-6.578074
27.590418	-6.5829226
27.6004	-6.5877726
27.610382	-6.5926239
27.620364	-6.5974766
27.630346	-6.6023307
27.640328	-6.6071861
27.65031	-6.6120428
27.660292	-6.6169009
27.670274	-6.6217604
27.680256	-6.6266213
27.690238	-6.6314834
27.70022	-6.636347
27.710202	-6.6412119
27.720184	-6.6460781
27.730166	-6.6509457
27.740148	-6.6558147
27.75013	-6.6606849
27.760112	-6.6655566
27.770094	-6.6704296
27.780076	-6.6753039
27.790058	-6.6801796
27.80004	-6.6850566
27.810022	-6.689935
27.820004	-6.6948147
27.829986	-6.6996958
27.839968	-6.7045782
27.84995	-6.7094619
27.859932	-6.714347
27.869914	-6.7192334
27.879896	-6.7241211
27.889878	-6.7290102
27.89986	-6.7339007
27.909842	-6.7387924
27.919824	-6.7436855
27.929806	-6.7485799
27.939788	-6.7534757
27.94977	-6.7583728
27.959752	-6.7632712
27.969734	-6.768171
27.979716	-6.773072
27.989698	-6.7779744
27.99968	-6.7828782
28.009662	-6.7877832
28.019644	-6.7926896
28.029626	-6.7975973
28.039608	-6.8025064
28.04959	-6.8074167
28.059572	-6.8123284
28.069554	-6.8172414
28.079536	-6.8221557
28.089518	-6.8270714
28.0995	-6.8319883
28.109482	-6.8369066
28.119464	-6.8418262
28.129446	-6.8467471
28.139428	-6.8516693
28.14941	-6.8565928
28.159392	-6.8615177
28.169374	-6.8664438
28.179356	-6.8713713
28.189338	-6.8763001
28.19932	-6.8812302
28.209302	-6.8861616
28.219284	-6.8910943
28.229266	-6.8960283
28.239248	-6.9009636
28.24923	-6.9059002
28.259212	-6.9108381
28.269194	-6.9157774
28.279176	-6.9207179
28.289158	-6.9256597
28.29914	-6.9306029
28.309122	-6.9355473
28.319104	-6.940493
28.329086	-6.9454401
28.339068	-6.9503884
28.34905	-6.955338
28.359032	-6.9602889
28.369014	-6.9652411
28.378996	-6.9701946
28.388978	-6.9751494
28.39896	-6.9801055
28.408942	-6.9850629
28.418924	-6.9900216
28.428906	-6.9949815
28.438888	-6.9999428
28.44887	-7.0049053
28.458852	-7.0098691
28.468834	-7.0148342
28.478816	-7.0198006
28.488798	-7.0247683
28.49878	-7.0297373
28.508762	-7.0347075
28.518744	-7.039679
28.528726	-7.0446518
28.538708	-7.0496259
28.54869	-7.0546013
28.558672	-7.0595779
28.568654	-7.0645558
28.578636	-7.069535
28.588618	-7.0745155
28.5986	-7.0794972
28.608582	-7.0844802
28.618564	-7.0894645
28.628546	-7.09445
28.638528	-7.0994369
28.64851	-7.104425
28.658492	-7.1094143
28.668474	-7.114405
28.678456	-7.1193969
28.688438	-7.12439
28.69842	-7.1293845
28.708402	-7.1343802
28.718384	-7.1393771
28.728366	-7.1443753
28.738348	-7.1493748
28.74833	-7.1543756
28.758312	-7.1593776
28.768294	-7.1643808
28.778276	-7.1693854
28.788258	-7.1743911
28.79824	-7.1793982
28.808222	-7.1844065
28.818204	-7.189416
28.828186	-7.1944268
28.838168	-7.1994389
28.84815	-7.2044522
28.858132	-7.2094667
28.868114	-7.2144825
28.878096	-7.2194996
28.888078	-7.2245179
28.89806	-7.2295375
28.908042	-7.2345583
28.918024	-7.2395803
28.928006	-7.2446036
28.937988	-7.2496282
28.94797	-7.2546539
28.957952	-7.259681
28.967934	-7.2647092
28.977916	-7.2697387
28.987898	-7.2747695
28.99788	-7.2798015
29.007862	-7.2848347
29.017844	-7.2898692
29.027826	-7.2949049
29.037808	-7.2999418
29.04779	-7.30498
29.057772	-7.3100194
29.067754	-7.31506
29.077736	-7.3201019
29.087718	-7.325145
29.0977	-7.3301893
29.107682	-7.3352349
29.117664	-7.3402817
29.127646	-7.3453297
29.137628	-7.350379
29.14761	-7.3554294
29.157592	-7.3604811
29.167574	-7.3655341
29.177556	-7.3705882
29.187538	-7.3756436
29.19752	-7.3807002
29.207502	-7.385758
29.217483	-7.390817
29.227465	-7.3958773
29.237447	-7.4009387
29.247429	-7.4060014
29.257411	-7.4110653
29.267393	-7.4161305
29.277375	-7.4211968
29.287357	-7.4262644
29.297339	-7.4313331
29.307321	-7.4364031
29.317303	-7.4414743
29.327285	-7.4465467
29.337267	-7.4516203
29.347249	-7.4566951
29.357231	-7.4617712
29.367213	-7.4668484
29.377195	-7.4719268
29.387177	-7.4770065
29.397159	-7.4820873
29.407141	-7.4871694
29.417123	-7.4922527
29.427105	-7.4973371
29.437087	-7.5024228
29.447069	-7.5075096
29.457051	-7.5125977
29.467033	-7.517687
29.477015	-7.5227774
29.486997	-7.5278691
29.496979	-7.5329619
29.506961	-7.538056
29.516943	-7.5431512
29.526925	-7.5482477
29.536907	-7.5533453
29.546889	-7.5584441
29.556871	-7.5635442
29.566853	-7.5686454
29.576835	-7.5737478
29.586817	-7.5788513
29.596799	-7.5839561
29.606781	-7.5890621
29.616763	-7.5941692
29.626745	-7.5992775
29.636727	-7.6043871
29.646709	-7.6094978
29.656691	-7.6146096
29.666673	-7.6197227
29.676655	-7.6248369
29.686637	-7.6299524
29.696619	-7.635069
29.706601	-7.6401868
29.716583	-7.6453057
29.726565	-7.6504259
29.736547	-7.6555472
29.746529	-7.6606697
29.756511	-7.6657933
29.766493	-7.6709181
29.776475	-7.6760442
29.786457	-7.6811713
29.796439	-7.6862997
29.806421	-7.6914292
29.816403	-7.6965599
29.826385	-7.7016918
29.836367	-7.7068248
29.846349	-7.711959
29.856331	-7.7170943
29.866313	-7.7222309
29.876295	-7.7273685
29.886277	-7.7325074
29.896259	-7.7376474
29.906241	-7.7427886
29.916223	-7.7479309
29.926205	-7.7530744
29.936187	-7.7582191
29.946169	-7.7633649
29.956151	-7.7685119
29.966133	-7.77366
29.976115	-7.7788093
29.986097	-7.7839597
29.996079	-7.7891113
30.006061	-7.794264
30.016043	-7.7994179
30.026025	-7.804573
30.036007	-7.8097292
30.045989	-7.8148865
30.055971	-7.820045
30.065953	-7.8252047
30.075935	-7.8303655
30.085917	-7.8355274
30.095899	-7.8406905
30.105881	-7.8458547
30.115863	-7.8510201
30.125845	-7.8561866
30.135827	-7.8613543
30.145809	-7.8665231
30.155791	-7.8716931
30.165773	-7.8768641
30.175755	-7.8820364
30.185737	-7.8872097
30.195719	-7.8923842
30.205701	-7.8975599
30.215683	-7.9027366
30.225665	-7.9079145
30.235647	-7.9130936
30.245629	-7.9182738
30.255611	-7.9234551
30.265593	-7.9286375
30.275575	-7.9338211
30.285557	-7.9390058
30.295539	-7.9441916
30.305521	-7.9493786
30.315503	-7.9545666
30.325485	-7.9597558
30.335467	-7.9649462
30.345449	-7.9701376
30.355431	-7.9753302
30.365413	-7.9805239
30.375395	-7.9857188
30.385377	-7.9909147
30.395359	-7.9961118
30.405341	-8.00131
30.415323	-8.0065093
30.425305	-8.0117098
30.435287	-8.0169113
30.445269	-8.022114
30.455251	-8.0273178
30.465233	-8.0325227
30.475215	-8.0377287
30.485197	-8.0429358
30.495179	-8.048144
30.505161	-8.0533534
30.515143	-8.0585638
30.525125	-8.0637754
30.535107	-8.0689881
30.545089	-8.0742019
30.555071	-8.0794168
30.565053	-8.0846328
30.575035	-8.0898499
30.585017	-8.0950681
30.594999	-8.1002875
30.604981	-8.1055079
30.614963	-8.1107294
30.624945	-8.115952
30.634927	-8.1211758
30.644909	-8.1264006
30.654891	-8.1316265
30.664873	-8.1368536
30.674855	-8.1420817
30.684837	-8.1473109
30.694819	-8.1525412
30.704801	-8.1577727
30.714783	-8.1630052
30.724765	-8.1682388
30.734747	-8.1734735
30.744729	-8.1787093
30.754711	-8.1839462
30.764693	-8.1891841
30.774675	-8.1944232
30.784657	-8.1996634
30.794639	-8.2049046
30.804621	-8.2101469
30.814603	-8.2153904
30.824585	-8.2206349
30.834567	-8.2258805
30.844549	-8.2311271
30.854531	-8.2363749
30.864513	-8.2416237
30.874495	-8.2468737
30.884477	-8.2521247
30.894459	-8.2573767
30.904441	-8.2626299
30.914423	-8.2678841
30.924405	-8.2731395
30.934387	-8.2783959
30.944369	-8.2836533
30.954351	-8.2889119
30.964333	-8.2941715
30.974315	-8.2994322
30.984297	-8.304694
30.994279	-8.3099568
31.004261	-8.3152207
31.014243	-8.3204857
31.024225	-8.3257518
31.034207	-8.3310189
31.044189	-8.3362871
31.054171	-8.3415564
31.064153	-8.3468267
31.074135	-8.3520981
31.084117	-8.3573705
31.094099	-8.3626441
31.104081	-8.3679186
31.114063	-8.3731943
31.124045	-8.378471
31.134027	-8.3837488
31.144009	-8.3890276
31.153991	-8.3943075
31.163973	-8.3995884
31.173955	-8.4048705
31.183937	-8.4101535
31.193919	-8.4154376
31.203901	-8.4207228
31.213883	-8.4260091
31.223865	-8.4312963
31.233847	-8.4365847
31.243829	-8.4418741
31.253811	-8.4471645
31.263793	-8.452456
31.273775	-8.4577486
31.283757	-8.4630422
31.293739	-8.4683368
31.303721	-8.4736325
31.313703	-8.4789292
31.323685	-8.484227
31.333667	-8.4895259
31.343649	-8.4948257
31.353631	-8.5001267
31.363613	-8.5054286
31.373595	-8.5107316
31.383577	-8.5160357
31.393559	-8.5213408
31.403541	-8.5266469
31.413523	-8.5319541
31.423505	-8.5372623
31.433487	-8.5425715
31.443469	-8.5478818
31.453451	-8.5531931
31.463433	-8.5585054
31.473415	-8.5638188
31.483397	-8.5691332
31.493379	-8.5744487
31.503361	-8.5797652
31.513343	-8.5850827
31.523325	-8.5904012
31.533307	-8.5957208
31.543289	-8.6010414
31.553271	-8.6063631
31.563253	-8.6116857
31.573235	-8.6170094
31.583217	-8.6223341
31.593199	-8.6276599
31.603181	-8.6329866
31.613163	-8.6383144
31.623145	-8.6436432
31.633127	-8.6489731
31.643109	-8.6543039
31.653091	-8.6596358
31.663073	-8.6649687
31.673055	-8.6703026
31.683037	-8.6756375
31.693019	-8.6809735
31.703001	-8.6863104
31.712983	-8.6916484
31.722965	-8.6969874
31.732947	-8.7023274
31.742929	-8.7076685
31.752911	-8.7130105
31.762893	-8.7183536
31.772875	-8.7236976
31.782857	-8.7290427
31.792839	-8.7343888
31.802821	-8.7397359
31.812803	-8.745084
31.822785	-8.7504331
31.832767	-8.7557832
31.842749	-8.7611343
31.852731	-8.7664864
31.862713	-8.7718396
31.872695	-8.7771937
31.882677	-8.7825488
31.892659	-8.787905
31.902641	-8.7932621
31.912623	-8.7986203
31.922605	-8.8039794
31.932587	-8.8093395
31.942569	-8.8147007
31.952551	-8.8200628
31.962533	-8.825426
31.972515	-8.8307901
31.982496	-8.8361552
31.992478	-8.8415213
32.00246	-8.8468884
32.012442	-8.8522566
32.022424	-8.8576257
32.032406	-8.8629957
32.042388	-8.8683668
32.05237	-8.8737389
32.062352	-8.879112
32.072334	-8.884486
32.082316	-8.8898611
32.092298	-8.8952371
32.10228	-8.9006141
32.112262	-8.9059921
32.122244	-8.9113711
32.132226	-8.916751
32.142208	-8.922132
32.15219	-8.9275139
32.162172	-8.9328968
32.172154	-8.9382807
32.182136	-8.9436656
32.192118	-8.9490515
32.2021	-8.9544383
32.212082	-8.9598261
32.222064	-8.9652149
32.232046	-8.9706047
32.242028	-8.9759954
32.25201	-8.9813872
32.261992	-8.9867799
32.271974	-8.9921735
32.281956	-8.9975682
32.291938	-9.0029638
32.30192	-9.0083604
32.311902	-9.0137579
32.321884	-9.0191564
32.331866	-9.0245559
32.341848	-9.0299564
32.35183	-9.0353578
32.361812	-9.0407602
32.371794	-9.0461636
32.381776	-9.0515679
32.391758	-9.0569732
32.40174	-9.0623795
32.411722	-9.0677867
32.421704	-9.0731949
32.431686	-9.078604
32.441668	-9.0840142
32.45165	-9.0894252
32.461632	-9.0948373
32.471614	-9.1002503
32.481596	-9.1056642
32.491578	-9.1110791
32.50156	-9.116495
32.511542	-9.1219118
32.521524	-9.1273296
32.531506	-9.1327483
32.541488	-9.138168
32.55147	-9.1435886
32.561452	-9.1490102
32.571434	-9.1544327
32.581416	-9.1598562
32.591398	-9.1652807
32.60138	-9.1707061
32.611362	-9.1761324
32.621344	-9.1815597
32.631326	-9.1869879
32.641308	-9.1924171
32.65129	-9.1978472
32.661272	-9.2032783
32.671254	-9.2087103
32.681236	-9.2141433
32.691218	-9.2195772
32.7012	-9.225012
32.711182	-9.2304478
32.721164	-9.2358846
32.731146	-9.2413222
32.741128	-9.2467608
32.75111	-9.2522004
32.761092	-9.2576409
32.771074	-9.2630823
32.781056	-9.2685247
32.791038	-9.273968
32.80102	-9.2794122
32.811002	-9.2848574
32.820984	-9.2903035
32.830966	-9.2957505
32.840948	-9.3011985
32.85093	-9.3066474
32.860912	-9.3120972
32.870894	-9.3175479
32.880876	-9.3229996
32.890858	-9.3284522
32.90084	-9.3339058
32.910822	-9.3393603
32.920804	-9.3448157
32.930786	-9.350272
32.940768	-9.3557292
32.95075	-9.3611874
32.960732	-9.3666465
32.970714	-9.3721065
32.980696	-9.3775675
32.990678	-9.3830293
33.00066	-9.3884921
33.010642	-9.3939558
33.020624	-9.3994205
33.030606	-9.404886
33.040588	-9.4103525
33.05057	-9.4158198
33.060552	-9.4212881
33.070534	-9.4267574
33.080516	-9.4322275
33.090498	-9.4376985
33.10048	-9.4431705
33.110462	-9.4486434
33.120444	-9.4541171
33.130426	-9.4595918
33.140408	-9.4650674
33.15039	-9.470544
33.160372	-9.4760214
33.170354	-9.4814997
33.180336	-9.486979
33.190318	-9.4924591
33.2003	-9.4979402
33.210282	-9.5034221
33.220264	-9.508905
33.230246	-9.5143888
33.240228	-9.5198735
33.25021	-9.5253591
33.260192	-9.5308455
33.270174	-9.5363329
33.280156	-9.5418212
33.290138	-9.5473104
33.30012	-9.5528005
33.310102	-9.5582915
33.320084	-9.5637834
33.330066	-9.5692762
33.340048	-9.5747699
33.35003	-9.5802644
33.360012	-9.5857599
33.369994	-9.5912563
33.379976	-9.5967536
33.389958	-9.6022517
33.39994	-9.6077508
33.409922	-9.6132507
33.419904	-9.6187516
33.429886	-9.6242533
33.439868	-9.6297559
33.44985	-9.6352594
33.459832	-9.6407638
33.469814	-9.6462691
33.479796	-9.6517753
33.489778	-9.6572823
33.49976	-9.6627903
33.509742	-9.6682991
33.519724	-9.6738088
33.529706	-9.6793194
33.539688	-9.6848309
33.54967	-9.6903433
33.559652	-9.6958565
33.569634	-9.7013707
33.579616	-9.7068857
33.589598	-9.7124016
33.59958	-9.7179184
33.609562	-9.723436
33.619544	-9.7289545
33.629526	-9.734474
33.639508	-9.7399942
33.64949	-9.7455154
33.659472	-9.7510374
33.669454	-9.7565603
33.679436	-9.7620841
33.689418	-9.7676088
33.6994	-9.7731343
33.709382	-9.7786607
33.719364	-9.784188
33.729346	-9.7897162
33.739328	-9.7952452
33.74931	-9.8007751
33.759292	-9.8063058
33.769274	-9.8118374
33.779256	-9.8173699
33.789238	-9.8229033
33.79922	-9.8284375
33.809202	-9.8339726
33.819184	-9.8395086
33.829166	-9.8450454
33.839148	-9.8505831
33.84913	-9.8561216
33.859112	-9.861661
33.869094	-9.8672013
33.879076	-9.8727424
33.889058	-9.8782844
33.89904	-9.8838273
33.909022	-9.889371
33.919004	-9.8949155
33.928986	-9.9004609
33.938968	-9.9060072
33.94895	-9.9115544
33.958932	-9.9171024
33.968914	-9.9226512
33.978896	-9.9282009
33.988878	-9.9337515
33.99886	-9.9393029
34.008842	-9.9448551
34.018824	-9.9504082
34.028806	-9.9559622
34.038788	-9.961517
34.04877	-9.9670727
34.058752	-9.9726292
34.068734	-9.9781866
34.078716	-9.9837448
34.088698	-9.9893038
34.09868	-9.9948637
34.108662	-10.000424
34.118644	-10.005986
34.128626	-10.011549
34.138608	-10.017112
34.14859	-10.022676
34.158572	-10.028241
34.168554	-10.033807
34.178536	-10.039373
34.188518	-10.044941
34.1985	-10.050509
34.208482	-10.056078
34.218464	-10.061648
34.228446	-10.067219
34.238428	-10.072791
34.24841	-10.078363
34.258392	-10.083937
34.268374	-10.089511
34.278356	-10.095086
34.288338	-10.100662
34.29832	-10.106239
34.308302	-10.111816
34.318284	-10.117394
34.328266	-10.122974
34.338248	-10.128554
34.34823	-10.134134
34.358212	-10.139716
34.368194	-10.145299
34.378176	-10.150882
34.388158	-10.156466
34.39814	-10.162051
34.408122	-10.167637
34.418104	-10.173224
34.428086	-10.178811
34.438068	-10.184399
34.44805	-10.189989
34.458032	-10.195578
34.468014	-10.201169
34.477996	-10.206761
34.487978	-10.212353
34.49796	-10.217946
34.507942	-10.223541
34.517924	-10.229135
34.527906	-10.234731
34.537888	-10.240328
34.54787	-10.245925
34.557852	-10.251523
34.567834	-10.257122
34.577816	-10.262722
34.587798	-10.268322
34.59778	-10.273924
34.607762	-10.279526
34.617744	-10.285129
34.627726	-10.290733
34.637708	-10.296338
34.64769	-10.301943
34.657672	-10.307549
34.667654	-10.313156
34.677636	-10.318764
34.687618	-10.324373
34.6976	-10.329982
34.707582	-10.335593
34.717564	-10.341204
34.727546	-10.346816
34.737528	-10.352429
34.74751	-10.358042
34.757491	-10.363656
34.767473	-10.369272
34.777455	-10.374888
34.787437	-10.380504
34.797419	-10.386122
34.807401	-10.39174
34.817383	-10.397359
34.827365	-10.402979
34.837347	-10.4086
34.847329	-10.414222
34.857311	-10.419844
34.867293	-10.425467
34.877275	-10.431091
34.887257	-10.436716
34.897239	-10.442342
34.907221	-10.447968
34.917203	-10.453595
34.927185	-10.459223
34.937167	-10.464852
34.947149	-10.470481
34.957131	-10.476112
34.967113	-10.481743
34.977095	-10.487375
34.987077	-10.493007
34.997059	-10.498641
35.007041	-10.504275
35.017023	-10.50991
35.027005	-10.515546
35.036987	-10.521182
35.046969	-10.52682
35.056951	-10.532458
35.066933	-10.538097
35.076915	-10.543737
35.086897	-10.549377
35.096879	-10.555019
35.106861	-10.560661
35.116843	-10.566304
35.126825	-10.571948
35.136807	-10.577592
35.146789	-10.583237
35.156771	-10.588883
35.166753	-10.59453
35.176735	-10.600178
35.186717	-10.605826
35.196699	-10.611475
35.206681	-10.617125
35.216663	-10.622776
35.226645	-10.628427
35.236627	-10.63408
35.246609	-10.639733
35.256591	-10.645386
35.266573	-10.651041
35.276555	-10.656696
35.286537	-10.662352
35.296519	-10.668009
35.306501	-10.673667
35.316483	-10.679325
35.326465	-10.684985
35.336447	-10.690645
35.346429	-10.696305
35.356411	-10.701967
35.366393	-10.707629
35.376375	-10.713292
35.386357	-10.718956
35.396339	-10.724621
35.406321	-10.730286
35.416303	-10.735952
35.426285	-10.741619
35.436267	-10.747287
35.446249	-10.752955
35.456231	-10.758624
35.466213	-10.764294
35.476195	-10.769965
35.486177	-10.775636
35.496159	-10.781308
35.506141	-10.786981
35.516123	-10.792655
35.526105	-10.79833
35.536087	-10.804005
35.546069	-10.809681
35.556051	-10.815358
35.566033	-10.821035
35.576015	-10.826713
35.585997	-10.832392
35.595979	-10.838072
35.605961	-10.843753
35.615943	-10.849434
35.625925	-10.855116
35.635907	-10.860799
35.645889	-10.866482
35.655871	-10.872167
35.665853	-10.877852
35.675835	-10.883537
35.685817	-10.889224
35.695799	-10.894911
35.705781	-10.900599
35.715763	-10.906288
35.725745	-10.911978
35.735727	-10.917668
35.745709	-10.923359
35.755691	-10.929051
35.765673	-10.934743
35.775655	-10.940437
35.785637	-10.946131
35.795619	-10.951825
35.805601	-10.957521
35.815583	-10.963217
35.825565	-10.968914
35.835547	-10.974612
35.845529	-10.98031
35.855511	-10.986009
35.865493	-10.991709
35.875475	-10.99741
35.885457	-11.003111
35.895439	-11.008813
35.905421	-11.014516
35.915403	-11.02022
35.925385	-11.025924
35.935367	-11.031629
35.945349	-11.037335
35.955331	-11.043042
35.965313	-11.048749
35.975295	-11.054457
35.985277	-11.060166
35.995259	-11.065875
36.005241	-11.071586
36.015223	-11.077297
36.025205	-11.083008
36.035187	-11.088721
36.045169	-11.094434
36.055151	-11.100148
36.065133	-11.105862
36.075115	-11.111578
36.085097	-11.117294
36.095079	-11.12301
36.105061	-11.128728
36.115043	-11.134446
36.125025	-11.140165
36.135007	-11.145885
36.144989	-11.151605
36.154971	-11.157326
36.164953	-11.163048
36.174935	-11.168771
36.184917	-11.174494
36.194899	-11.180218
36.204881	-11.185943
36.214863	-11.191668
36.224845	-11.197394
36.234827	-11.203121
36.244809	-11.208849
36.254791	-11.214577
36.264773	-11.220306
36.274755	-11.226036
36.284737	-11.231766
36.294719	-11.237498
36.304701	-11.243229
36.314683	-11.248962
36.324665	-11.254695
36.334647	-11.260429
36.344629	-11.266164
36.354611	-11.2719
36.364593	-11.277636
36.374575	-11.283373
36.384557	-11.28911
36.394539	-11.294849
36.404521	-11.300588
36.414503	-11.306327
36.424485	-11.312068
36.434467	-11.317809
36.444449	-11.323551
36.454431	-11.329293
36.464413	-11.335037
36.474395	-11.340781
36.484377	-11.346525
36.494359	-11.352271
36.504341	-11.358017
36.514323	-11.363763
36.524305	-11.369511
36.534287	-11.375259
36.544269	-11.381008
36.554251	-11.386758
36.564233	-11.392508
36.574215	-11.398259
36.584197	-11.404011
36.594179	-11.409763
36.604161	-11.415516
36.614143	-11.42127
36.624125	-11.427024
36.634107	-11.432779
36.644089	-11.438535
36.654071	-11.444292
36.664053	-11.450049
36.674035	-11.455807
36.684017	-11.461566
36.693999	-11.467325
36.703981	-11.473085
36.713963	-11.478846
36.723945	-11.484607
36.733927	-11.490369
36.743909	-11.496132
36.753891	-11.501896
36.763873	-11.50766
36.773855	-11.513425
36.783837	-11.51919
36.793819	-11.524957
36.803801	-11.530724
36.813783	-11.536491
36.823765	-11.54226
36.833747	-11.548029
36.843729	-11.553798
36.853711	-11.559569
36.863693	-11.56534
36.873675	-11.571111
36.883657	-11.576884
36.893639	-11.582657
36.903621	-11.588431
36.913603	-11.594205
36.923585	-11.59998
36.933567	-11.605756
36.943549	-11.611533
36.953531	-11.61731
36.963513	-11.623088
36.973495	-11.628867
36.983477	-11.634646
36.993459	-11.640426
37.003441	-11.646206
37.013423	-11.651988
37.023405	-11.65777
37.033387	-11.663552
37.043369	-11.669335
37.053351	-11.675119
37.063333	-11.680904
37.073315	-11.686689
37.083297	-11.692475
37.093279	-11.698262
37.103261	-11.704049
37.113243	-11.709837
37.123225	-11.715626
37.133207	-11.721416
37.143189	-11.727206
37.153171	-11.732996
37.163153	-11.738788
37.173135	-11.74458
37.183117	-11.750372
37.193099	-11.756166
37.203081	-11.76196
37.213063	-11.767755
37.223045	-11.77355
37.233027	-11.779346
37.243009	-11.785143
37.252991	-11.79094
37.262973	-11.796738
37.272955	-11.802537
37.282937	-11.808336
37.292919	-11.814136
37.302901	-11.819937
37.312883	-11.825738
37.322865	-11.83154
37.332847	-11.837343
37.342829	-11.843146
37.352811	-11.84895
37.362793	-11.854755
37.372775	-11.86056
37.382757	-11.866366
37.392739	-11.872173
37.402721	-11.87798
37.412703	-11.883788
37.422685	-11.889597
37.432667	-11.895406
37.442649	-11.901216
37.452631	-11.907027
37.462613	-11.912838
37.472595	-11.91865
37.482577	-11.924462
37.492559	-11.930275
37.502541	-11.936089
37.512523	-11.941904
37.522505	-11.947719
37.532486	-11.953535
37.542468	-11.959351
37.55245	-11.965168
37.562432	-11.970986
37.572414	-11.976804
37.582396	-11.982623
37.592378	-11.988443
37.60236	-11.994263
37.612342	-12.000084
37.622324	-12.005906
37.632306	-12.011728
37.642288	-12.017551
37.65227	-12.023375
37.662252	-12.029199
37.672234	-12.035024
37.682216	-12.04085
37.692198	-12.046676
37.70218	-12.052502
37.712162	-12.05833
37.722144	-12.064158
37.732126	-12.069987
37.742108	-12.075816
37.75209	-12.081646
37.762072	-12.087477
37.772054	-12.093308
37.782036	-12.09914
37.792018	-12.104972
37.802	-12.110806
37.811982	-12.11664
37.821964	-12.122474
37.831946	-12.128309
37.841928	-12.134145
37.85191	-12.139981
37.861892	-12.145818
37.871874	-12.151656
37.881856	-12.157494
37.891838	-12.163333
37.90182	-12.169173
37.911802	-12.175013
37.921784	-12.180854
37.931766	-12.186695
37.941748	-12.192537
37.95173	-12.19838
37.961712	-12.204223
37.971694	-12.210067
37.981676	-12.215912
37.991658	-12.221757
38.00164	-12.227603
38.011622	-12.233449
38.021604	-12.239297
38.031586	-12.245144
38.041568	-12.250993
38.05155	-12.256842
38.061532	-12.262691
38.071514	-12.268542
38.081496	-12.274392
38.091478	-12.280244
38.10146	-12.286096
38.111442	-12.291949
38.121424	-12.297802
38.131406	-12.303656
38.141388	-12.309511
38.15137	-12.315366
38.161352	-12.321222
38.171334	-12.327078
38.181316	-12.332935
38.191298	-12.338793
38.20128	-12.344651
38.211262	-12.35051
38.221244	-12.35637
38.231226	-12.36223
38.241208	-12.368091
38.25119	-12.373952
38.261172	-12.379814
38.271154	-12.385677
38.281136	-12.39154
38.291118	-12.397404
38.3011	-12.403269
38.311082	-12.409134
38.321064	-12.415
38.331046	-12.420866
38.341028	-12.426733
38.35101	-12.4326
38.360992	-12.438469
38.370974	-12.444337
38.380956	-12.450207
38.390938	-12.456077
38.40092	-12.461948
38.410902	-12.467819
38.420884	-12.473691
38.430866	-12.479563
38.440848	-12.485436
38.45083	-12.49131
38.460812	-12.497184
38.470794	-12.503059
38.480776	-12.508934
38.490758	-12.514811
38.50074	-12.520687
38.510722	-12.526565
38.520704	-12.532442
38.530686	-12.538321
38.540668	-12.5442
38.55065	-12.55008
38.560632	-12.55596
38.570614	-12.561841
38.580596	-12.567723
38.590578	-12.573605
38.60056	-12.579487
38.610542	-12.585371
38.620524	-12.591255
38.630506	-12.597139
38.640488	-12.603024
38.65047	-12.60891
38.660452	-12.614796
38.670434	-12.620683
38.680416	-12.626571
38.690398	-12.632459
38.70038	-12.638348
38.710362	-12.644237
38.720344	-12.650127
38.730326	-12.656017
38.740308	-12.661909
38.75029	-12.6678
38.760272	-12.673693
38.770254	-12.679585
38.780236	-12.685479
38.790218	-12.691373
38.8002	-12.697268
38.810182	-12.703163
38.820164	-12.709059
38.830146	-12.714955
38.840128	-12.720852
38.85011	-12.72675
38.860092	-12.732648
38.870074	-12.738547
38.880056	-12.744446
38.890038	-12.750346
38.90002	-12.756247
38.910002	-12.762148
38.919984	-12.76805
38.929966	-12.773952
38.939948	-12.779855
38.94993	-12.785758
38.959912	-12.791662
38.969894	-12.797567
38.979876	-12.803472
38.989858	-12.809378
38.99984	-12.815285
39.009822	-12.821192
39.019804	-12.827099
39.029786	-12.833007
39.039768	-12.838916
39.04975	-12.844825
39.059732	-12.850735
39.069714	-12.856646
39.079696	-12.862557
39.089678	-12.868468
39.09966	-12.874381
39.109642	-12.880293
39.119624	-12.886207
39.129606	-12.892121
39.139588	-12.898035
39.14957	-12.90395
39.159552	-12.909866
39.169534	-12.915782
39.179516	-12.921699
39.189498	-12.927617
39.19948	-12.933535
39.209462	-12.939453
39.219444	-12.945372
39.229426	-12.951292
39.239408	-12.957212
39.24939	-12.963133
39.259372	-12.969055
39.269354	-12.974977
39.279336	-12.980899
39.289318	-12.986822
39.2993	-12.992746
39.309282	-12.99867
39.319264	-13.004595
39.329246	-13.010521
39.339228	-13.016447
39.34921	-13.022373
39.359192	-13.0283
39.369174	-13.034228
39.379156	-13.040156
39.389138	-13.046085
39.39912	-13.052014
39.409102	-13.057944
39.419084	-13.063875
39.429066	-13.069806
39.439048	-13.075738
39.44903	-13.08167
39.459012	-13.087603
39.468994	-13.093536
39.478976	-13.09947
39.488958	-13.105404
39.49894	-13.11134
39.508922	-13.117275
39.518904	-13.123211
39.528886	-13.129148
39.538868	-13.135085
39.54885	-13.141023
39.558832	-13.146961
39.568814	-13.1529
39.578796	-13.15884
39.588778	-13.16478
39.59876	-13.170721
39.608742	-13.176662
39.618724	-13.182604
39.628706	-13.188546
39.638688	-13.194489
39.64867	-13.200432
39.658652	-13.206376
39.668634	-13.212321
39.678616	-13.218266
39.688598	-13.224211
39.69858	-13.230158
39.708562	-13.236104
39.718544	-13.242052
39.728526	-13.247999
39.738508	-13.253948
39.74849	-13.259897
39.758472	-13.265846
39.768454	-13.271796
39.778436	-13.277747
39.788418	-13.283698
39.7984	-13.28965
39.808382	-13.295602
39.818364	-13.301555
39.828346	-13.307508
39.838328	-13.313462
39.84831	-13.319417
39.858292	-13.325372
39.868274	-13.331327
39.878256	-13.337283
39.888238	-13.34324
39.89822	-13.349197
39.908202	-13.355155
39.918184	-13.361113
39.928166	-13.367072
39.938148	-13.373031
39.94813	-13.378991
39.958112	-13.384952
39.968094	-13.390913
39.978076	-13.396874
39.988058	-13.402836
39.99804	-13.408799
40.008022	-13.414762
40.018004	-13.420726
40.027986	-13.42669
40.037968	-13.432655
40.04795	-13.43862
40.057932	-13.444586
40.067914	-13.450552
40.077896	-13.456519
40.087878	-13.462486
40.09786	-13.468455
40.107842	-13.474423
40.117824	-13.480392
40.127806	-13.486362
40.137788	-13.492332
40.14777	-13.498303
40.157752	-13.504274
40.167734	-13.510246
40.177716	-13.516218
40.187698	-13.522191
40.19768	-13.528164
40.207662	-13.534138
40.217644	-13.540112
40.227626	-13.546087
40.237608	-13.552063
40.24759	-13.558039
40.257572	-13.564015
40.267554	-13.569992
40.277536	-13.57597
40.287518	-13.581948
40.297499	-13.587927
40.307481	-13.593906
40.317463	-13.599886
40.327445	-13.605866
40.337427	-13.611847
40.347409	-13.617828
40.357391	-13.62381
40.367373	-13.629792
40.377355	-13.635775
40.387337	-13.641759
40.397319	-13.647742
40.407301	-13.653727
40.417283	-13.659712
40.427265	-13.665697
40.437247	-13.671683
40.447229	-13.67767
40.457211	-13.683657
40.467193	-13.689645
40.477175	-13.695633
40.487157	-13.701622
40.497139	-13.707611
40.507121	-13.7136
40.517103	-13.719591
40.527085	-13.725581
40.537067	-13.731573
40.547049	-13.737564
40.557031	-13.743557
40.567013	-13.749549
40.576995	-13.755543
40.586977	-13.761537
40.596959	-13.767531
40.606941	-13.773526
40.616923	-13.779521
40.626905	-13.785517
40.636887	-13.791514
40.646869	-13.797511
40.656851	-13.803508
40.666833	-13.809506
40.676815	-13.815505
40.686797	-13.821504
40.696779	-13.827503
40.706761	-13.833503
40.716743	-13.839504
40.726725	-13.845505
40.736707	-13.851506
40.746689	-13.857508
40.756671	-13.863511
40.766653	-13.869514
40.776635	-13.875518
40.786617	-13.881522
40.796599	-13.887526
40.806581	-13.893532
40.816563	-13.899537
40.826545	-13.905543
40.836527	-13.91155
40.846509	-13.917557
40.856491	-13.923565
40.866473	-13.929573
40.876455	-13.935582
40.886437	-13.941591
40.896419	-13.947601
40.906401	-13.953611
40.916383	-13.959622
40.926365	-13.965633
40.936347	-13.971645
40.946329	-13.977657
40.956311	-13.98367
40.966293	-13.989683
40.976275	-13.995697
40.986257	-14.001711
40.996239	-14.007726
41.006221	-14.013741
41.016203	-14.019757
41.026185	-14.025773
41.036167	-14.03179
41.046149	-14.037807
41.056131	-14.043825
41.066113	-14.049843
41.076095	-14.055862
41.086077	-14.061881
41.096059	-14.067901
41.106041	-14.073921
41.116023	-14.079942
41.126005	-14.085963
41.135987	-14.091985
41.145969	-14.098007
41.155951	-14.10403
41.165933	-14.110053
41.175915	-14.116077
41.185897	-14.122101
41.195879	-14.128126
41.205861	-14.134151
41.215843	-14.140176
41.225825	-14.146203
41.235807	-14.152229
41.245789	-14.158257
41.255771	-14.164284
41.265753	-14.170312
41.275735	-14.176341
41.285717	-14.18237
41.295699	-14.1884
41.305681	-14.19443
41.315663	-14.200461
41.325645	-14.206492
41.335627	-14.212523
41.345609	-14.218555
41.355591	-14.224588
41.365573	-14.230621
41.375555	-14.236655
41.385537	-14.242689
41.395519	-14.248723
41.405501	-14.254758
41.415483	-14.260794
41.425465	-14.26683
41.435447	-14.272866
41.445429	-14.278903
41.455411	-14.28494
41.465393	-14.290978
41.475375	-14.297017
41.485357	-14.303056
41.495339	-14.309095
41.505321	-14.315135
41.515303	-14.321175
41.525285	-14.327216
41.535267	-14.333257
41.545249	-14.339299
41.555231	-14.345341
41.565213	-14.351384
41.575195	-14.357427
41.585177	-14.363471
41.595159	-14.369515
41.605141	-14.37556
41.615123	-14.381605
41.625105	-14.387651
41.635087	-14.393697
41.645069	-14.399743
41.655051	-14.405791
41.665033	-14.411838
41.675015	-14.417886
41.684997	-14.423935
41.694979	-14.429983
41.704961	-14.436033
41.714943	-14.442083
41.724925	-14.448133
41.734907	-14.454184
41.744889	-14.460235
41.754871	-14.466287
41.764853	-14.47234
41.774835	-14.478392
41.784817	-14.484446
41.794799	-14.490499
41.804781	-14.496553
41.814763	-14.502608
41.824745	-14.508663
41.834727	-14.514719
41.844709	-14.520775
41.854691	-14.526831
41.864673	-14.532888
41.874655	-14.538946
41.884637	-14.545004
41.894619	-14.551062
41.904601	-14.557121
41.914583	-14.56318
41.924565	-14.56924
41.934547	-14.5753
41.944529	-14.581361
41.954511	-14.587422
41.964493	-14.593484
41.974475	-14.599546
41.984457	-14.605609
41.994439	-14.611672
42.004421	-14.617735
42.014403	-14.623799
42.024385	-14.629864
42.034367	-14.635929
42.044349	-14.641994
42.054331	-14.64806
42.064313	-14.654126
42.074295	-14.660193
42.084277	-14.66626
42.094259	-14.672328
42.104241	-14.678396
42.114223	-14.684465
42.124205	-14.690534
42.134187	-14.696603
42.144169	-14.702673
42.154151	-14.708744
42.164133	-14.714815
42.174115	-14.720886
42.184097	-14.726958
42.194079	-14.73303
42.204061	-14.739103
42.214043	-14.745176
42.224025	-14.75125
42.234007	-14.757324
42.243989	-14.763398
42.253971	-14.769473
42.263953	-14.775549
42.273935	-14.781625
42.283917	-14.787701
42.293899	-14.793778
42.303881	-14.799855
42.313863	-14.805933
42.323845	-14.812011
42.333827	-14.81809
42.343809	-14.824169
42.353791	-14.830249
42.363773	-14.836329
42.373755	-14.842409
42.383737	-14.84849
42.393719	-14.854571
42.403701	-14.860653
42.413683	-14.866735
42.423665	-14.872818
42.433647	-14.878901
42.443629	-14.884985
42.453611	-14.891069
42.463593	-14.897153
42.473575	-14.903238
42.483557	-14.909324
42.493539	-14.915409
42.503521	-14.921496
42.513503	-14.927582
42.523485	-14.93367
42.533467	-14.939757
42.543449	-14.945845
42.553431	-14.951934
42.563413	-14.958023
42.573395	-14.964112
42.583377	-14.970202
42.593359	-14.976292
42.603341	-14.982383
42.613323	-14.988474
42.623305	-14.994566
42.633287	-15.000658
42.643269	-15.00675
42.653251	-15.012843
42.663233	-15.018937
42.673215	-15.02503
42.683197	-15.031125
42.693179	-15.037219
42.703161	-15.043314
42.713143	-15.04941
42.723125	-15.055506
42.733107	-15.061602
42.743089	-15.067699
42.753071	-15.073797
42.763053	-15.079894
42.773035	-15.085993
42.783017	-15.092091
42.792999	-15.09819
42.802981	-15.10429
42.812963	-15.11039
42.822945	-15.11649
42.832927	-15.122591
42.842909	-15.128692
42.852891	-15.134794
42.862873	-15.140896
42.872855	-15.146998
42.882837	-15.153101
42.892819	-15.159205
42.902801	-15.165309
42.912783	-15.171413
42.922765	-15.177517
42.932747	-15.183623
42.942729	-15.189728
42.952711	-15.195834
42.962693	-15.201941
42.972675	-15.208047
42.982657	-15.214155
42.992639	-15.220262
43.002621	-15.22637
43.012603	-15.232479
43.022585	-15.238588
43.032567	-15.244697
43.042549	-15.250807
43.052531	-15.256917
43.062513	-15.263028
43.072494	-15.269139
43.082476	-15.275251
43.092458	-15.281363
43.10244	-15.287475
43.112422	-15.293588
43.122404	-15.299701
43.132386	-15.305815
43.142368	-15.311929
43.15235	-15.318043
43.162332	-15.324158
43.172314	-15.330274
43.182296	-15.336389
43.192278	-15.342506
43.20226	-15.348622
43.212242	-15.354739
43.222224	-15.360857
43.232206	-15.366975
43.242188	-15.373093
43.25217	-15.379212
43.262152	-15.385331
43.272134	-15.39145
43.282116	-15.39757
43.292098	-15.403691
43.30208	-15.409811
43.312062	-15.415933
43.322044	-15.422054
43.332026	-15.428176
43.342008	-15.434299
43.35199	-15.440422
43.361972	-15.446545
43.371954	-15.452668
43.381936	-15.458793
43.391918	-15.464917
43.4019	-15.471042
43.411882	-15.477167
43.421864	-15.483293
43.431846	-15.489419
43.441828	-15.495546
43.45181	-15.501673
43.461792	-15.5078
43.471774	-15.513928
43.481756	-15.520056
43.491738	-15.526185
43.50172	-15.532314
43.511702	-15.538444
43.521684	-15.544574
43.531666	-15.550704
43.541648	-15.556835
43.55163	-15.562966
43.561612	-15.569097
43.571594	-15.575229
43.581576	-15.581361
43.591558	-15.587494
43.60154	-15.593627
43.611522	-15.599761
43.621504	-15.605895
43.631486	-15.612029
43.641468	-15.618164
43.65145	-15.624299
43.661432	-15.630435
43.671414	-15.636571
43.681396	-15.642707
43.691378	-15.648844
43.70136	-15.654981
43.711342	-15.661118
43.721324	-15.667256
43.731306	-15.673395
43.741288	-15.679534
43.75127	-15.685673
43.761252	-15.691812
43.771234	-15.697952
43.781216	-15.704093
43.791198	-15.710234
43.80118	-15.716375
43.811162	-15.722516
43.821144	-15.728658
43.831126	-15.734801
43.841108	-15.740944
43.85109	-15.747087
43.861072	-15.75323
43.871054	-15.759374
43.881036	-15.765519
43.891018	-15.771663
43.901	-15.777809
43.910982	-15.783954
43.920964	-15.7901
43.930946	-15.796246
43.940928	-15.802393
43.95091	-15.80854
43.960892	-15.814688
43.970874	-15.820836
43.980856	-15.826984
43.990838	-15.833133
44.00082	-15.839282
44.010802	-15.845431
44.020784	-15.851581
44.030766	-15.857731
44.040748	-15.863882
44.05073	-15.870033
44.060712	-15.876184
44.070694	-15.882336
44.080676	-15.888489
44.090658	-15.894641
44.10064	-15.900794
44.110622	-15.906947
44.120604	-15.913101
44.130586	-15.919255
44.140568	-15.92541
44.15055	-15.931565
44.160532	-15.93772
44.170514	-15.943876
44.180496	-15.950032
44.190478	-15.956188
44.20046	-15.962345
44.210442	-15.968502
44.220424	-15.97466
44.230406	-15.980818
44.240388	-15.986976
44.25037	-15.993135
44.260352	-15.999294
44.270334	-16.005454
44.280316	-16.011614
44.290298	-16.017774
44.30028	-16.023935
44.310262	-16.030096
44.320244	-16.036257
44.330226	-16.042419
44.340208	-16.048581
44.35019	-16.054744
44.360172	-16.060907
44.370154	-16.06707
44.380136	-16.073234
44.390118	-16.079398
44.4001	-16.085562
44.410082	-16.091727
44.420064	-16.097892
44.430046	-16.104058
44.440028	-16.110224
44.45001	-16.11639
44.459992	-16.122557
44.469974	-16.128724
44.479956	-16.134892
44.489938	-16.141059
44.49992	-16.147228
44.509902	-16.153396
44.519884	-16.159565
44.529866	-16.165734
44.539848	-16.171904
44.54983	-16.178074
44.559812	-16.184245
44.569794	-16.190415
44.579776	-16.196587
44.589758	-16.202758
44.59974	-16.20893
44.609722	-16.215102
44.619704	-16.221275
44.629686	-16.227448
44.639668	-16.233621
44.64965	-16.239795
44.659632	-16.245969
44.669614	-16.252144
44.679596	-16.258319
44.689578	-16.264494
44.69956	-16.27067
44.709542	-16.276845
44.719524	-16.283022
44.729506	-16.289199
44.739488	-16.295376
44.74947	-16.301553
44.759452	-16.307731
44.769434	-16.313909
44.779416	-16.320087
44.789398	-16.326266
44.79938	-16.332446
44.809362	-16.338625
44.819344	-16.344805
44.829326	-16.350985
44.839308	-16.357166
44.84929	-16.363347
44.859272	-16.369528
44.869254	-16.37571
44.879236	-16.381892
44.889218	-16.388075
44.8992	-16.394258
44.909182	-16.400441
44.919164	-16.406624
44.929146	-16.412808
44.939128	-16.418993
44.94911	-16.425177
44.959092	-16.431362
44.969074	-16.437547
44.979056	-16.443733
44.989038	-16.449919
44.99902	-16.456106
45.009002	-16.462292
45.018984	-16.468479
45.028966	-16.474667
45.038948	-16.480855
45.04893	-16.487043
45.058912	-16.493231
45.068894	-16.49942
45.078876	-16.505609
45.088858	-16.511799
45.09884	-16.517989
45.108822	-16.524179
45.118804	-16.53037
45.128786	-16.536561
45.138768	-16.542752
45.14875	-16.548944
45.158732	-16.555136
45.168714	-16.561328
45.178696	-16.567521
45.188678	-16.573714
45.19866	-16.579907
45.208642	-16.586101
45.218624	-16.592295
45.228606	-16.59849
45.238588	-16.604684
45.24857	-16.61088
45.258552	-16.617075
45.268534	-16.623271
45.278516	-16.629467
45.288498	-16.635664
45.29848	-16.64186
45.308462	-16.648058
45.318444	-16.654255
45.328426	-16.660453
45.338408	-16.666651
45.34839	-16.67285
45.358372	-16.679049
45.368354	-16.685248
45.378336	-16.691447
45.388318	-16.697647
45.3983	-16.703848
45.408282	-16.710048
45.418264	-16.716249
45.428246	-16.72245
45.438228	-16.728652
45.44821	-16.734854
45.458192	-16.741056
45.468174	-16.747259
45.478156	-16.753462
45.488138	-16.759665
45.49812	-16.765869
45.508102	-16.772073
45.518084	-16.778277
45.528066	-16.784482
45.538048	-16.790687
45.54803	-16.796892
45.558012	-16.803098
45.567994	-16.809304
45.577976	-16.81551
45.587958	-16.821716
45.59794	-16.827923
45.607922	-16.834131
45.617904	-16.840338
45.627886	-16.846546
45.637868	-16.852755
45.64785	-16.858963
45.657832	-16.865172
45.667814	-16.871381
45.677796	-16.877591
45.687778	-16.883801
45.69776	-16.890011
45.707742	-16.896222
45.717724	-16.902433
45.727706	-16.908644
45.737688	-16.914855
45.74767	-16.921067
45.757652	-16.92728
45.767634	-16.933492
45.777616	-16.939705
45.787598	-16.945918
45.79758	-16.952132
45.807562	-16.958345
45.817544	-16.96456
45.827526	-16.970774
45.837508	-16.976989
45.847489	-16.983204
45.857471	-16.989419
45.867453	-16.995635
45.877435	-17.001851
45.887417	-17.008068
45.897399	-17.014284
45.907381	-17.020501
45.917363	-17.026719
45.927345	-17.032936
45.937327	-17.039154
45.947309	-17.045373
45.957291	-17.051591
45.967273	-17.05781
45.977255	-17.064029
45.987237	-17.070249
45.997219	-17.076469
46.007201	-17.082689
46.017183	-17.08891
46.027165	-17.09513
46.037147	-17.101352
46.047129	-17.107573
46.057111	-17.113795
46.067093	-17.120017
46.077075	-17.126239
46.087057	-17.132462
46.097039	-17.138685
46.107021	-17.144908
46.117003	-17.151132
46.126985	-17.157356
46.136967	-17.16358
46.146949	-17.169805
46.156931	-17.17603
46.166913	-17.182255
46.176895	-17.18848
46.186877	-17.194706
46.196859	-17.200932
46.206841	-17.207159
46.216823	-17.213385
46.226805	-17.219612
46.236787	-17.22584
46.246769	-17.232067
46.256751	-17.238295
46.266733	-17.244523
46.276715	-17.250752
46.286697	-17.256981
46.296679	-17.26321
46.306661	-17.269439
46.316643	-17.275669
46.326625	-17.281899
46.336607	-17.28813
46.346589	-17.29436
46.356571	-17.300591
46.366553	-17.306822
46.376535	-17.313054
46.386517	-17.319286
46.396499	-17.325518
46.406481	-17.33175
46.416463	-17.337983
46.426445	-17.344216
46.436427	-17.35045
46.446409	-17.356683
46.456391	-17.362917
46.466373	-17.369151
46.476355	-17.375386
46.486337	-17.381621
46.496319	-17.387856
46.506301	-17.394091
46.516283	-17.400327
46.526265	-17.406563
46.536247	-17.412799
46.546229	-17.419036
46.556211	-17.425273
46.566193	-17.43151
46.576175	-17.437747
46.586157	-17.443985
46.596139	-17.450223
46.606121	-17.456461
46.616103	-17.4627
46.626085	-17.468939
46.636067	-17.475178
46.646049	-17.481418
46.656031	-17.487657
46.666013	-17.493897
46.675995	-17.500138
46.685977	-17.506378
46.695959	-17.512619
46.705941	-17.518861
46.715923	-17.525102
46.725905	-17.531344
46.735887	-17.537586
46.745869	-17.543828
46.755851	-17.550071
46.765833	-17.556314
46.775815	-17.562557
46.785797	-17.5688
46.795779	-17.575044
46.805761	-17.581288
46.815743	-17.587532
46.825725	-17.593777
46.835707	-17.600022
46.845689	-17.606267
46.855671	-17.612512
46.865653	-17.618758
46.875635	-17.625004
46.885617	-17.63125
46.895599	-17.637497
46.905581	-17.643744
46.915563	-17.649991
46.925545	-17.656238
46.935527	-17.662486
46.945509	-17.668734
46.955491	-17.674982
46.965473	-17.68123
46.975455	-17.687479
46.985437	-17.693728
46.995419	-17.699978
47.005401	-17.706227
47.015383	-17.712477
47.025365	-17.718727
47.035347	-17.724977
47.045329	-17.731228
47.055311	-17.737479
47.065293	-17.74373
47.075275	-17.749982
47.085257	-17.756233
47.095239	-17.762485
47.105221	-17.768738
47.115203	-17.77499
47.125185	-17.781243
47.135167	-17.787496
47.145149	-17.793749
47.155131	-17.800003
47.165113	-17.806257
47.175095	-17.812511
47.185077	-17.818765
47.195059	-17.82502
47.205041	-17.831275
47.215023	-17.83753
47.225005	-17.843785
47.234987	-17.850041
47.244969	-17.856297
47.254951	-17.862553
47.264933	-17.86881
47.274915	-17.875066
47.284897	-17.881323
47.294879	-17.887581
47.304861	-17.893838
47.314843	-17.900096
47.324825	-17.906354
47.334807	-17.912612
47.344789	-17.918871
47.354771	-17.92513
47.364753	-17.931389
47.374735	-17.937648
47.384717	-17.943908
47.394699	-17.950167
47.404681	-17.956427
47.414663	-17.962688
47.424645	-17.968948
47.434627	-17.975209
47.444609	-17.98147
47.454591	-17.987732
47.464573	-17.993993
47.474555	-18.000255
47.484537	-18.006517
47.494519	-18.012779
47.504501	-18.019042
47.514483	-18.025305
47.524465	-18.031568
47.534447	-18.037831
47.544429	-18.044095
47.554411	-18.050359
47.564393	-18.056623
47.574375	-18.062887
47.584357	-18.069152
47.594339	-18.075416
47.604321	-18.081681
47.614303	-18.087947
47.624285	-18.094212
47.634267	-18.100478
47.644249	-18.106744
47.654231	-18.11301
47.664213	-18.119277
47.674195	-18.125544
47.684177	-18.131811
47.694159	-18.138078
47.704141	-18.144345
47.714123	-18.150613
47.724105	-18.156881
47.734087	-18.163149
47.744069	-18.169418
47.754051	-18.175686
47.764033	-18.181955
47.774015	-18.188224
47.783997	-18.194494
47.793979	-18.200763
47.803961	-18.207033
47.813943	-18.213303
47.823925	-18.219573
47.833907	-18.225844
47.843889	-18.232115
47.853871	-18.238386
47.863853	-18.244657
47.873835	-18.250928
47.883817	-18.2572
47.893799	-18.263472
47.903781	-18.269744
47.913763	-18.276017
47.923745	-18.282289
47.933727	-18.288562
47.943709	-18.294835
47.953691	-18.301108
47.963673	-18.307382
47.973655	-18.313656
47.983637	-18.31993
47.993619	-18.326204
48.003601	-18.332478
48.013583	-18.338753
48.023565	-18.345028
48.033547	-18.351303
48.043529	-18.357578
48.053511	-18.363854
48.063493	-18.37013
48.073475	-18.376406
48.083457	-18.382682
48.093439	-18.388958
48.103421	-18.395235
48.113403	-18.401512
48.123385	-18.407789
48.133367	-18.414066
48.143349	-18.420344
48.153331	-18.426621
48.163313	-18.432899
48.173295	-18.439177
48.183277	-18.445456
48.193259	-18.451734
48.203241	-18.458013
48.213223	-18.464292
48.223205	-18.470572
48.233187	-18.476851
48.243169	-18.483131
48.253151	-18.489411
48.263133	-18.495691
48.273115	-18.501971
48.283097	-18.508251
48.293079	-18.514532
48.303061	-18.520813
48.313043	-18.527094
48.323025	-18.533376
48.333007	-18.539657
48.342989	-18.545939
48.352971	-18.552221
48.362953	-18.558503
48.372935	-18.564785
48.382917	-18.571068
48.392899	-18.577351
48.402881	-18.583634
48.412863	-18.589917
48.422845	-18.5962
48.432827	-18.602484
48.442809	-18.608768
48.452791	-18.615052
48.462773	-18.621336
48.472755	-18.62762
48.482737	-18.633905
48.492719	-18.64019
48.502701	-18.646475
48.512683	-18.65276
48.522665	-18.659046
48.532647	-18.665331
48.542629	-18.671617
48.552611	-18.677903
48.562593	-18.684189
48.572575	-18.690475
48.582557	-18.696762
48.592539	-18.703049
48.602521	-18.709336
48.612503	-18.715623
48.622484	-18.72191
48.632466	-18.728198
48.642448	-18.734486
48.65243	-18.740774
48.662412	-18.747062
48.672394	-18.75335
48.682376	-18.759638
48.692358	-18.765927
48.70234	-18.772216
48.712322	-18.778505
48.722304	-18.784794
48.732286	-18.791084
48.742268	-18.797373
48.75225	-18.803663
48.762232	-18.809953
48.772214	-18.816243
48.782196	-18.822534
48.792178	-18.828824
48.80216	-18.835115
48.812142	-18.841406
48.822124	-18.847697
48.832106	-18.853988
48.842088	-18.86028
48.85207	-18.866571
48.862052	-18.872863
48.872034	-18.879155
48.882016	-18.885447
48.891998	-18.89174
48.90198	-18.898032
48.911962	-18.904325
48.921944	-18.910618
48.931926	-18.916911
48.941908	-18.923204
48.95189	-18.929497
48.961872	-18.935791
48.971854	-18.942085
48.981836	-18.948378
48.991818	-18.954673
49.0018	-18.960967
49.011782	-18.967261
49.021764	-18.973556
49.031746	-18.979851
49.041728	-18.986145
49.05171	-18.992441
49.061692	-18.998736
49.071674	-19.005031
49.081656	-19.011327
49.091638	-19.017623
49.10162	-19.023919
49.111602	-19.030215
49.121584	-19.036511
49.131566	-19.042807
49.141548	-19.049104
49.15153	-19.055401
49.161512	-19.061698
49.171494	-19.067995
49.181476	-19.074292
49.191458	-19.080589
49.20144	-19.086887
49.211422	-19.093185
49.221404	-19.099482
49.231386	-19.10578
49.241368	-19.112079
49.25135	-19.118377
49.261332	-19.124675
49.271314	-19.130974
49.281296	-19.137273
49.291278	-19.143572
49.30126	-19.149871
49.311242	-19.15617
49.321224	-19.16247
49.331206	-19.168769
49.341188	-19.175069
49.35117	-19.181369
49.361152	-19.187669
49.371134	-19.193969
49.381116	-19.200269
49.391098	-19.20657
49.40108	-19.21287
49.411062	-19.219171
49.421044	-19.225472
49.431026	-19.231773
49.441008	-19.238074
49.45099	-19.244376
49.460972	-19.250677
49.470954	-19.256979
49.480936	-19.263281
49.490918	-19.269582
49.5009	-19.275884
49.510882	-19.282187
49.520864	-19.288489
49.530846	-19.294791
49.540828	-19.301094
49.55081	-19.307397
49.560792	-19.3137
49.570774	-19.320003
49.580756	-19.326306
49.590738	-19.332609
49.60072	-19.338913
49.610702	-19.345216
49.620684	-19.35152
49.630666	-19.357824
49.640648	-19.364128
49.65063	-19.370432
49.660612	-19.376736
49.670594	-19.38304
49.680576	-19.389345
49.690558	-19.39565
49.70054	-19.401954
49.710522	-19.408259
49.720504	-19.414564
49.730486	-19.420869
49.740468	-19.427175
49.75045	-19.43348
49.760432	-19.439785
49.770414	-19.446091
49.780396	-19.452397
49.790378	-19.458703
49.80036	-19.465009
49.810342	-19.471315
49.820324	-19.477621
49.830306	-19.483927
49.840288	-19.490234
49.85027	-19.496541
49.860252	-19.502847
49.870234	-19.509154
49.880216	-19.515461
49.890198	-19.521768
49.90018	-19.528075
49.910162	-19.534383
49.920144	-19.54069
49.930126	-19.546998
49.940108	-19.553305
49.95009	-19.559613
49.960072	-19.565921
49.970054	-19.572229
49.980036	-19.578537
49.990018	-19.584845
50	-19.591153
