Freq_GHz	Norm_dB
0.1	0
0.109982	-1.9648455e-06
0.11996399	-4.11651e-06
0.12994599	-6.4549969e-06
0.13992799	-8.9803096e-06
0.14990998	-1.1692452e-05
0.15989198	-1.4591428e-05
0.16987397	-1.7677242e-05
0.17985597	-2.0949899e-05
0.18983797	-2.4409403e-05
0.19981996	-2.805576e-05
0.20980196	-3.1888975e-05
0.21978396	-3.5909054e-05
0.22976595	-4.0116004e-05
0.23974795	-4.4509829e-05
0.24972995	-4.9090538e-05
0.25971194	-5.3858136e-05
0.26969394	-5.8812631e-05
0.27967594	-6.395403e-05
0.28965793	-6.9282341e-05
0.29963993	-7.4797573e-05
0.30962192	-8.0499732e-05
0.31960392	-8.6388829e-05
0.32958592	-9.2464871e-05
0.33956791	-9.8727868e-05
0.34954991	-0.00010517783
0.35953191	-0.00011181476
0.3695139	-0.00011863868
0.3794959	-0.00012564959
0.3894779	-0.00013284751
0.39945989	-0.00014023244
0.40944189	-0.0001478044
0.41942388	-0.0001555634
0.42940588	-0.00016350945
0.43938788	-0.00017164255
0.44936987	-0.00017996273
0.45935187	-0.00018847
0.46933387	-0.00019716436
0.47931586	-0.00020604584
0.48929786	-0.00021511444
0.49927986	-0.00022437018
0.50926185	-0.00023381307
0.51924385	-0.00024344313
0.52922585	-0.00025326037
0.53920784	-0.00026326481
0.54918984	-0.00027345646
0.55917183	-0.00028383533
0.56915383	-0.00029440144
0.57913583	-0.00030515481
0.58911782	-0.00031609546
0.59909982	-0.00032722339
0.60908182	-0.00033853863
0.61906381	-0.0003500412
0.62904581	-0.0003617311
0.63902781	-0.00037360837
0.6490098	-0.00038567301
0.6589918	-0.00039792504
0.66897379	-0.00041036449
0.67895579	-0.00042299136
0.68893779	-0.00043580569
0.69891978	-0.00044880749
0.70890178	-0.00046199677
0.71888378	-0.00047537357
0.72886577	-0.00048893789
0.73884777	-0.00050268976
0.74882977	-0.0005166292
0.75881176	-0.00053075623
0.76879376	-0.00054507087
0.77877576	-0.00055957314
0.78875775	-0.00057426307
0.79873975	-0.00058914067
0.80872174	-0.00060420598
0.81870374	-0.000619459
0.82868574	-0.00063489977
0.83866773	-0.0006505283
0.84864973	-0.00066634463
0.85863173	-0.00068234877
0.86861372	-0.00069854075
0.87859572	-0.00071492059
0.88857772	-0.00073148832
0.89855971	-0.00074824396
0.90854171	-0.00076518754
0.9185237	-0.00078231907
0.9285057	-0.0007996386
0.9384877	-0.00081714614
0.94846969	-0.00083484172
0.95845169	-0.00085272537
0.96843369	-0.00087079711
0.97841568	-0.00088905697
0.98839768	-0.00090750498
0.99837968	-0.00092614116
1.0083617	-0.00094496554
1.0183437	-0.00096397816
1.0283257	-0.00098317904
1.0383077	-0.0010025682
1.0482897	-0.0010221457
1.0582717	-0.0010419115
1.0682537	-0.0010618657
1.0782356	-0.0010820083
1.0882176	-0.0011023394
1.0981996	-0.0011228589
1.1081816	-0.0011435669
1.1181636	-0.0011644634
1.1281456	-0.0011855485
1.1381276	-0.0012068222
1.1481096	-0.0012282845
1.1580916	-0.0012499355
1.1680736	-0.0012717751
1.1780556	-0.0012938035
1.1880376	-0.0013160206
1.1980196	-0.0013384265
1.2080016	-0.0013610213
1.2179836	-0.0013838049
1.2279656	-0.0014067773
1.2379476	-0.0014299387
1.2479296	-0.0014532891
1.2579116	-0.0014768284
1.2678936	-0.0015005568
1.2778756	-0.0015244742
1.2878576	-0.0015485807
1.2978396	-0.0015728764
1.3078216	-0.0015973612
1.3178036	-0.0016220352
1.3277856	-0.0016468985
1.3377676	-0.001671951
1.3477495	-0.0016971929
1.3577315	-0.0017226241
1.3677135	-0.0017482447
1.3776955	-0.0017740548
1.3876775	-0.0018000543
1.3976595	-0.0018262433
1.4076415	-0.0018526219
1.4176235	-0.0018791901
1.4276055	-0.0019059479
1.4375875	-0.0019328953
1.4475695	-0.0019600325
1.4575515	-0.0019873594
1.4675335	-0.0020148761
1.4775155	-0.0020425826
1.4874975	-0.002070479
1.4974795	-0.0020985653
1.5074615	-0.0021268416
1.5174435	-0.0021553078
1.5274255	-0.0021839641
1.5374075	-0.0022128105
1.5473895	-0.002241847
1.5573715	-0.0022710737
1.5673535	-0.0023004906
1.5773355	-0.0023300977
1.5873175	-0.0023598951
1.5972995	-0.0023898829
1.6072815	-0.0024200611
1.6172635	-0.0024504297
1.6272454	-0.0024809887
1.6372274	-0.0025117383
1.6472094	-0.0025426785
1.6571914	-0.0025738093
1.6671734	-0.0026051307
1.6771554	-0.0026366429
1.6871374	-0.0026683458
1.6971194	-0.0027002395
1.7071014	-0.0027323241
1.7170834	-0.0027645995
1.7270654	-0.0027970659
1.7370474	-0.0028297233
1.7470294	-0.0028625718
1.7570114	-0.0028956113
1.7669934	-0.002928842
1.7769754	-0.0029622639
1.7869574	-0.002995877
1.7969394	-0.0030296814
1.8069214	-0.0030636771
1.8169034	-0.0030978642
1.8268854	-0.0031322428
1.8368674	-0.0031668129
1.8468494	-0.0032015745
1.8568314	-0.0032365277
1.8668134	-0.0032716725
1.8767954	-0.0033070091
1.8867774	-0.0033425374
1.8967594	-0.0033782575
1.9067413	-0.0034141695
1.9167233	-0.0034502733
1.9267053	-0.0034865692
1.9366873	-0.0035230571
1.9466693	-0.003559737
1.9566513	-0.0035966091
1.9666333	-0.0036336733
1.9766153	-0.0036709298
1.9865973	-0.0037083786
1.9965793	-0.0037460197
2.0065613	-0.0037838533
2.0165433	-0.0038218793
2.0265253	-0.0038600978
2.0365073	-0.0038985089
2.0464893	-0.0039371126
2.0564713	-0.003975909
2.0664533	-0.0040148982
2.0764353	-0.0040540802
2.0864173	-0.004093455
2.0963993	-0.0041330227
2.1063813	-0.0041727835
2.1163633	-0.0042127372
2.1263453	-0.0042528841
2.1363273	-0.0042932241
2.1463093	-0.0043337573
2.1562913	-0.0043744838
2.1662733	-0.0044154037
2.1762553	-0.0044565169
2.1862372	-0.0044978237
2.1962192	-0.0045393239
2.2062012	-0.0045810177
2.2161832	-0.0046229051
2.2261652	-0.0046649863
2.2361472	-0.0047072612
2.2461292	-0.00474973
2.2561112	-0.0047923926
2.2660932	-0.0048352492
2.2760752	-0.0048782999
2.2860572	-0.0049215446
2.2960392	-0.0049649834
2.3060212	-0.0050086165
2.3160032	-0.0050524439
2.3259852	-0.0050964656
2.3359672	-0.0051406817
2.3459492	-0.0051850922
2.3559312	-0.0052296973
2.3659132	-0.005274497
2.3758952	-0.0053194914
2.3858772	-0.0053646805
2.3958592	-0.0054100645
2.4058412	-0.0054556432
2.4158232	-0.005501417
2.4258052	-0.0055473857
2.4357872	-0.0055935495
2.4457692	-0.0056399085
2.4557512	-0.0056864626
2.4657331	-0.0057332121
2.4757151	-0.0057801569
2.4856971	-0.0058272971
2.4956791	-0.0058746328
2.5056611	-0.005922164
2.5156431	-0.0059698909
2.5256251	-0.0060178135
2.5356071	-0.0060659318
2.5455891	-0.006114246
2.5555711	-0.0061627561
2.5655531	-0.0062114622
2.5755351	-0.0062603643
2.5855171	-0.0063094626
2.5954991	-0.006358757
2.6054811	-0.0064082477
2.6154631	-0.0064579348
2.6254451	-0.0065078183
2.6354271	-0.0065578983
2.6454091	-0.0066081748
2.6553911	-0.006658648
2.6653731	-0.0067093179
2.6753551	-0.0067601846
2.6853371	-0.0068112482
2.6953191	-0.0068625086
2.7053011	-0.0069139661
2.7152831	-0.0069656207
2.7252651	-0.0070174725
2.735247	-0.0070695215
2.745229	-0.0071217678
2.755211	-0.0071742115
2.765193	-0.0072268527
2.775175	-0.0072796915
2.785157	-0.0073327278
2.795139	-0.0073859619
2.805121	-0.0074393938
2.815103	-0.0074930235
2.825085	-0.0075468512
2.835067	-0.0076008769
2.845049	-0.0076551006
2.855031	-0.0077095226
2.865013	-0.0077641428
2.874995	-0.0078189614
2.884977	-0.0078739784
2.894959	-0.0079291939
2.904941	-0.007984608
2.914923	-0.0080402207
2.924905	-0.0080960322
2.934887	-0.0081520425
2.944869	-0.0082082517
2.954851	-0.00826466
2.964833	-0.0083212673
2.974815	-0.0083780737
2.984797	-0.0084350794
2.994779	-0.0084922844
3.004761	-0.0085496889
3.0147429	-0.0086072928
3.0247249	-0.0086650963
3.0347069	-0.0087230995
3.0446889	-0.0087813024
3.0546709	-0.0088397051
3.0646529	-0.0088983078
3.0746349	-0.0089571105
3.0846169	-0.0090161133
3.0945989	-0.0090753162
3.1045809	-0.0091347194
3.1145629	-0.009194323
3.1245449	-0.009254127
3.1345269	-0.0093141315
3.1445089	-0.0093743366
3.1544909	-0.0094347425
3.1644729	-0.0094953491
3.1744549	-0.0095561566
3.1844369	-0.0096171651
3.1944189	-0.0096783747
3.2044009	-0.0097397854
3.2143829	-0.0098013973
3.2243649	-0.0098632105
3.2343469	-0.0099252252
3.2443289	-0.0099874414
3.2543109	-0.010049859
3.2642929	-0.010112479
3.2742749	-0.0101753
3.2842569	-0.010238323
3.2942388	-0.010301548
3.3042208	-0.010364975
3.3142028	-0.010428605
3.3241848	-0.010492436
3.3341668	-0.01055647
3.3441488	-0.010620706
3.3541308	-0.010685145
3.3641128	-0.010749787
3.3740948	-0.010814631
3.3840768	-0.010879678
3.3940588	-0.010944928
3.4040408	-0.01101038
3.4140228	-0.011076036
3.4240048	-0.011141896
3.4339868	-0.011207958
3.4439688	-0.011274224
3.4539508	-0.011340693
3.4639328	-0.011407366
3.4739148	-0.011474242
3.4838968	-0.011541323
3.4938788	-0.011608607
3.5038608	-0.011676095
3.5138428	-0.011743787
3.5238248	-0.011811684
3.5338068	-0.011879784
3.5437888	-0.011948089
3.5537708	-0.012016599
3.5637528	-0.012085313
3.5737347	-0.012154231
3.5837167	-0.012223355
3.5936987	-0.012292683
3.6036807	-0.012362216
3.6136627	-0.012431954
3.6236447	-0.012501898
3.6336267	-0.012572047
3.6436087	-0.012642401
3.6535907	-0.01271296
3.6635727	-0.012783725
3.6735547	-0.012854696
3.6835367	-0.012925873
3.6935187	-0.012997255
3.7035007	-0.013068843
3.7134827	-0.013140638
3.7234647	-0.013212639
3.7334467	-0.013284846
3.7434287	-0.013357259
3.7534107	-0.013429879
3.7633927	-0.013502705
3.7733747	-0.013575739
3.7833567	-0.013648979
3.7933387	-0.013722426
3.8033207	-0.01379608
3.8133027	-0.013869941
3.8232847	-0.013944009
3.8332667	-0.014018285
3.8432486	-0.014092768
3.8532306	-0.014167459
3.8632126	-0.014242357
3.8731946	-0.014317463
3.8831766	-0.014392777
3.8931586	-0.0144683
3.9031406	-0.01454403
3.9131226	-0.014619968
3.9231046	-0.014696115
3.9330866	-0.01477247
3.9430686	-0.014849034
3.9530506	-0.014925806
3.9630326	-0.015002788
3.9730146	-0.015079978
3.9829966	-0.015157377
3.9929786	-0.015234985
4.0029606	-0.015312802
4.0129426	-0.015390829
4.0229246	-0.015469065
4.0329066	-0.015547511
4.0428886	-0.015626166
4.0528706	-0.015705031
4.0628526	-0.015784107
4.0728346	-0.015863392
4.0828166	-0.015942887
4.0927986	-0.016022592
4.1027806	-0.016102508
4.1127626	-0.016182634
4.1227445	-0.016262971
4.1327265	-0.016343519
4.1427085	-0.016424277
4.1526905	-0.016505246
4.1626725	-0.016586427
4.1726545	-0.016667818
4.1826365	-0.016749421
4.1926185	-0.016831235
4.2026005	-0.016913261
4.2125825	-0.016995498
4.2225645	-0.017077947
4.2325465	-0.017160608
4.2425285	-0.017243481
4.2525105	-0.017326566
4.2624925	-0.017409864
4.2724745	-0.017493373
4.2824565	-0.017577095
4.2924385	-0.01766103
4.3024205	-0.017745177
4.3124025	-0.017829538
4.3223845	-0.017914111
4.3323665	-0.017998897
4.3423485	-0.018083897
4.3523305	-0.018169109
4.3623125	-0.018254535
4.3722945	-0.018340175
4.3822765	-0.018426029
4.3922585	-0.018512096
4.4022404	-0.018598377
4.4122224	-0.018684872
4.4222044	-0.018771582
4.4321864	-0.018858505
4.4421684	-0.018945643
4.4521504	-0.019032996
4.4621324	-0.019120563
4.4721144	-0.019208345
4.4820964	-0.019296342
4.4920784	-0.019384555
4.5020604	-0.019472982
4.5120424	-0.019561624
4.5220244	-0.019650482
4.5320064	-0.019739556
4.5419884	-0.019828845
4.5519704	-0.01991835
4.5619524	-0.020008071
4.5719344	-0.020098008
4.5819164	-0.020188161
4.5918984	-0.020278531
4.6018804	-0.020369117
4.6118624	-0.020459919
4.6218444	-0.020550939
4.6318264	-0.020642175
4.6418084	-0.020733628
4.6517904	-0.020825298
4.6617724	-0.020917185
4.6717544	-0.02100929
4.6817363	-0.021101612
4.6917183	-0.021194152
4.7017003	-0.02128691
4.7116823	-0.021379885
4.7216643	-0.021473079
4.7316463	-0.02156649
4.7416283	-0.02166012
4.7516103	-0.021753969
4.7615923	-0.021848036
4.7715743	-0.021942321
4.7815563	-0.022036826
4.7915383	-0.022131549
4.8015203	-0.022226491
4.8115023	-0.022321653
4.8214843	-0.022417034
4.8314663	-0.022512634
4.8414483	-0.022608455
4.8514303	-0.022704494
4.8614123	-0.022800754
4.8713943	-0.022897234
4.8813763	-0.022993934
4.8913583	-0.023090854
4.9013403	-0.023187995
4.9113223	-0.023285356
4.9213043	-0.023382938
4.9312863	-0.023480741
4.9412683	-0.023578765
4.9512503	-0.02367701
4.9612322	-0.023775476
4.9712142	-0.023874164
4.9811962	-0.023973073
4.9911782	-0.024072204
5.0011602	-0.024171556
5.0111422	-0.024271131
5.0211242	-0.024370928
5.0311062	-0.024470947
5.0410882	-0.024571188
5.0510702	-0.024671652
5.0610522	-0.024772339
5.0710342	-0.024873248
5.0810162	-0.024974381
5.0909982	-0.025075736
5.1009802	-0.025177315
5.1109622	-0.025279117
5.1209442	-0.025381143
5.1309262	-0.025483392
5.1409082	-0.025585865
5.1508902	-0.025688562
5.1608722	-0.025791484
5.1708542	-0.025894629
5.1808362	-0.025997999
5.1908182	-0.026101593
5.2008002	-0.026205412
5.2107822	-0.026309456
5.2207642	-0.026413725
5.2307461	-0.026518219
5.2407281	-0.026622939
5.2507101	-0.026727883
5.2606921	-0.026833054
5.2706741	-0.02693845
5.2806561	-0.027044071
5.2906381	-0.027149919
5.3006201	-0.027255993
5.3106021	-0.027362294
5.3205841	-0.02746882
5.3305661	-0.027575574
5.3405481	-0.027682554
5.3505301	-0.027789761
5.3605121	-0.027897195
5.3704941	-0.028004856
5.3804761	-0.028112745
5.3904581	-0.028220861
5.4004401	-0.028329205
5.4104221	-0.028437777
5.4204041	-0.028546576
5.4303861	-0.028655604
5.4403681	-0.02876486
5.4503501	-0.028874344
5.4603321	-0.028984057
5.4703141	-0.029093999
5.4802961	-0.029204169
5.4902781	-0.029314569
5.5002601	-0.029425197
5.510242	-0.029536055
5.520224	-0.029647143
5.530206	-0.02975846
5.540188	-0.029870007
5.55017	-0.029981784
5.560152	-0.030093791
5.570134	-0.030206028
5.580116	-0.030318496
5.590098	-0.030431195
5.60008	-0.030544124
5.610062	-0.030657284
5.620044	-0.030770675
5.630026	-0.030884297
5.640008	-0.03099815
5.64999	-0.031112235
5.659972	-0.031226552
5.669954	-0.031341101
5.679936	-0.031455881
5.689918	-0.031570894
5.6999	-0.031686139
5.709882	-0.031801617
5.719864	-0.031917327
5.729846	-0.03203327
5.739828	-0.032149446
5.74981	-0.032265855
5.759792	-0.032382497
5.769774	-0.032499373
5.779756	-0.032616483
5.7897379	-0.032733826
5.7997199	-0.032851403
5.8097019	-0.032969214
5.8196839	-0.03308726
5.8296659	-0.033205539
5.8396479	-0.033324054
5.8496299	-0.033442803
5.8596119	-0.033561787
5.8695939	-0.033681006
5.8795759	-0.033800461
5.8895579	-0.03392015
5.8995399	-0.034040076
5.9095219	-0.034160237
5.9195039	-0.034280634
5.9294859	-0.034401267
5.9394679	-0.034522136
5.9494499	-0.034643242
5.9594319	-0.034764584
5.9694139	-0.034886163
5.9793959	-0.035007979
5.9893779	-0.035130032
5.9993599	-0.035252322
6.0093419	-0.035374849
6.0193239	-0.035497615
6.0293059	-0.035620617
6.0392879	-0.035743858
6.0492699	-0.035867337
6.0592519	-0.035991054
6.0692338	-0.03611501
6.0792158	-0.036239204
6.0891978	-0.036363636
6.0991798	-0.036488308
6.1091618	-0.036613219
6.1191438	-0.036738369
6.1291258	-0.036863759
6.1391078	-0.036989388
6.1490898	-0.037115257
6.1590718	-0.037241366
6.1690538	-0.037367715
6.1790358	-0.037494304
6.1890178	-0.037621134
6.1989998	-0.037748204
6.2089818	-0.037875515
6.2189638	-0.038003068
6.2289458	-0.038130861
6.2389278	-0.038258896
6.2489098	-0.038387172
6.2588918	-0.03851569
6.2688738	-0.03864445
6.2788558	-0.038773452
6.2888378	-0.038902696
6.2988198	-0.039032182
6.3088018	-0.039161911
6.3187838	-0.039291883
6.3287658	-0.039422098
6.3387477	-0.039552556
6.3487297	-0.039683257
6.3587117	-0.039814201
6.3686937	-0.039945389
6.3786757	-0.040076821
6.3886577	-0.040208497
6.3986397	-0.040340418
6.4086217	-0.040472582
6.4186037	-0.040604991
6.4285857	-0.040737645
6.4385677	-0.040870544
6.4485497	-0.041003687
6.4585317	-0.041137076
6.4685137	-0.041270711
6.4784957	-0.041404591
6.4884777	-0.041538716
6.4984597	-0.041673088
6.5084417	-0.041807706
6.5184237	-0.04194257
6.5284057	-0.042077681
6.5383877	-0.042213038
6.5483697	-0.042348643
6.5583517	-0.042484494
6.5683337	-0.042620593
6.5783157	-0.042756939
6.5882977	-0.042893533
6.5982797	-0.043030374
6.6082617	-0.043167464
6.6182436	-0.043304802
6.6282256	-0.043442388
6.6382076	-0.043580222
6.6481896	-0.043718306
6.6581716	-0.043856638
6.6681536	-0.043995219
6.6781356	-0.04413405
6.6881176	-0.04427313
6.6980996	-0.04441246
6.7080816	-0.044552039
6.7180636	-0.044691869
6.7280456	-0.044831949
6.7380276	-0.044972279
6.7480096	-0.04511286
6.7579916	-0.045253692
6.7679736	-0.045394775
6.7779556	-0.045536109
6.7879376	-0.045677694
6.7979196	-0.045819531
6.8079016	-0.045961619
6.8178836	-0.04610396
6.8278656	-0.046246552
6.8378476	-0.046389397
6.8478296	-0.046532495
6.8578116	-0.046675845
6.8677936	-0.046819448
6.8777756	-0.046963304
6.8877576	-0.047107413
6.8977395	-0.047251776
6.9077215	-0.047396393
6.9177035	-0.047541263
6.9276855	-0.047686387
6.9376675	-0.047831766
6.9476495	-0.047977399
6.9576315	-0.048123287
6.9676135	-0.048269429
6.9775955	-0.048415827
6.9875775	-0.048562479
6.9975595	-0.048709388
7.0075415	-0.048856551
7.0175235	-0.049003971
7.0275055	-0.049151646
7.0374875	-0.049299578
7.0474695	-0.049447766
7.0574515	-0.049596211
7.0674335	-0.049744912
7.0774155	-0.049893871
7.0873975	-0.050043086
7.0973795	-0.050192559
7.1073615	-0.05034229
7.1173435	-0.050492278
7.1273255	-0.050642525
7.1373075	-0.050793029
7.1472895	-0.050943792
7.1572715	-0.051094814
7.1672535	-0.051246094
7.1772354	-0.051397633
7.1872174	-0.051549431
7.1971994	-0.051701489
7.2071814	-0.051853806
7.2171634	-0.052006383
7.2271454	-0.05215922
7.2371274	-0.052312318
7.2471094	-0.052465675
7.2570914	-0.052619293
7.2670734	-0.052773172
7.2770554	-0.052927312
7.2870374	-0.053081714
7.2970194	-0.053236376
7.3070014	-0.0533913
7.3169834	-0.053546486
7.3269654	-0.053701934
7.3369474	-0.053857644
7.3469294	-0.054013617
7.3569114	-0.054169852
7.3668934	-0.05432635
7.3768754	-0.054483111
7.3868574	-0.054640136
7.3968394	-0.054797424
7.4068214	-0.054954975
7.4168034	-0.05511279
7.4267854	-0.05527087
7.4367674	-0.055429213
7.4467493	-0.055587821
7.4567313	-0.055746694
7.4667133	-0.055905832
7.4766953	-0.056065235
7.4866773	-0.056224903
7.4966593	-0.056384837
7.5066413	-0.056545036
7.5166233	-0.056705501
7.5266053	-0.056866233
7.5365873	-0.057027231
7.5465693	-0.057188495
7.5565513	-0.057350026
7.5665333	-0.057511825
7.5765153	-0.05767389
7.5864973	-0.057836223
7.5964793	-0.057998823
7.6064613	-0.058161692
7.6164433	-0.058324828
7.6264253	-0.058488233
7.6364073	-0.058651906
7.6463893	-0.058815848
7.6563713	-0.058980058
7.6663533	-0.059144538
7.6763353	-0.059309287
7.6863173	-0.059474306
7.6962993	-0.059639595
7.7062813	-0.059805153
7.7162633	-0.059970982
7.7262452	-0.060137081
7.7362272	-0.06030345
7.7462092	-0.060470091
7.7561912	-0.060637003
7.7661732	-0.060804185
7.7761552	-0.06097164
7.7861372	-0.061139366
7.7961192	-0.061307364
7.8061012	-0.061475634
7.8160832	-0.061644176
7.8260652	-0.061812991
7.8360472	-0.061982079
7.8460292	-0.06215144
7.8560112	-0.062321074
7.8659932	-0.062490982
7.8759752	-0.062661163
7.8859572	-0.062831618
7.8959392	-0.063002347
7.9059212	-0.063173351
7.9159032	-0.063344629
7.9258852	-0.063516182
7.9358672	-0.06368801
7.9458492	-0.063860113
7.9558312	-0.064032491
7.9658132	-0.064205145
7.9757952	-0.064378075
7.9857772	-0.064551282
7.9957592	-0.064724764
8.0057411	-0.064898523
8.0157231	-0.065072559
8.0257051	-0.065246871
8.0356871	-0.065421461
8.0456691	-0.065596329
8.0556511	-0.065771474
8.0656331	-0.065946897
8.0756151	-0.066122598
8.0855971	-0.066298577
8.0955791	-0.066474835
8.1055611	-0.066651372
8.1155431	-0.066828188
8.1255251	-0.067005283
8.1355071	-0.067182657
8.1454891	-0.067360312
8.1554711	-0.067538246
8.1654531	-0.06771646
8.1754351	-0.067894955
8.1854171	-0.06807373
8.1953991	-0.068252786
8.2053811	-0.068432123
8.2153631	-0.068611741
8.2253451	-0.068791641
8.2353271	-0.068971823
8.2453091	-0.069152287
8.2552911	-0.069333033
8.2652731	-0.069514061
8.2752551	-0.069695372
8.285237	-0.069876966
8.295219	-0.070058843
8.305201	-0.070241003
8.315183	-0.070423447
8.325165	-0.070606174
8.335147	-0.070789186
8.345129	-0.070972482
8.355111	-0.071156063
8.365093	-0.071339928
8.375075	-0.071524078
8.385057	-0.071708514
8.395039	-0.071893235
8.405021	-0.072078241
8.415003	-0.072263534
8.424985	-0.072449113
8.434967	-0.072634978
8.444949	-0.072821129
8.454931	-0.073007568
8.464913	-0.073194294
8.474895	-0.073381306
8.484877	-0.073568607
8.494859	-0.073756195
8.504841	-0.073944071
8.514823	-0.074132236
8.524805	-0.074320689
8.534787	-0.074509431
8.544769	-0.074698462
8.554751	-0.074887782
8.5647329	-0.075077391
8.5747149	-0.07526729
8.5846969	-0.075457479
8.5946789	-0.075647959
8.6046609	-0.075838728
8.6146429	-0.076029788
8.6246249	-0.07622114
8.6346069	-0.076412782
8.6445889	-0.076604715
8.6545709	-0.076796941
8.6645529	-0.076989458
8.6745349	-0.077182267
8.6845169	-0.077375368
8.6944989	-0.077568762
8.7044809	-0.077762449
8.7144629	-0.077956429
8.7244449	-0.078150702
8.7344269	-0.078345269
8.7444089	-0.07854013
8.7543909	-0.078735284
8.7643729	-0.078930733
8.7743549	-0.079126476
8.7843369	-0.079322514
8.7943189	-0.079518847
8.8043009	-0.079715475
8.8142829	-0.079912399
8.8242649	-0.080109619
8.8342468	-0.080307134
8.8442288	-0.080504946
8.8542108	-0.080703054
8.8641928	-0.080901459
8.8741748	-0.08110016
8.8841568	-0.081299159
8.8941388	-0.081498456
8.9041208	-0.08169805
8.9141028	-0.081897942
8.9240848	-0.082098132
8.9340668	-0.082298621
8.9440488	-0.082499408
8.9540308	-0.082700494
8.9640128	-0.08290188
8.9739948	-0.083103565
8.9839768	-0.083305549
8.9939588	-0.083507834
9.0039408	-0.083710418
9.0139228	-0.083913303
9.0239048	-0.084116489
9.0338868	-0.084319976
9.0438688	-0.084523763
9.0538508	-0.084727853
9.0638328	-0.084932243
9.0738148	-0.085136936
9.0837968	-0.085341931
9.0937788	-0.085547229
9.1037608	-0.085752829
9.1137427	-0.085958732
9.1237247	-0.086164938
9.1337067	-0.086371448
9.1436887	-0.086578261
9.1536707	-0.086785378
9.1636527	-0.0869928
9.1736347	-0.087200526
9.1836167	-0.087408556
9.1935987	-0.087616892
9.2035807	-0.087825533
9.2135627	-0.088034479
9.2235447	-0.088243731
9.2335267	-0.088453289
9.2435087	-0.088663153
9.2534907	-0.088873324
9.2634727	-0.089083801
9.2734547	-0.089294586
9.2834367	-0.089505677
9.2934187	-0.089717077
9.3034007	-0.089928784
9.3133827	-0.090140799
9.3233647	-0.090353122
9.3333467	-0.090565754
9.3433287	-0.090778694
9.3533107	-0.090991944
9.3632927	-0.091205503
9.3732747	-0.091419372
9.3832567	-0.09163355
9.3932386	-0.091848039
9.4032206	-0.092062838
9.4132026	-0.092277947
9.4231846	-0.092493367
9.4331666	-0.092709099
9.4431486	-0.092925142
9.4531306	-0.093141496
9.4631126	-0.093358163
9.4730946	-0.093575142
9.4830766	-0.093792433
9.4930586	-0.094010036
9.5030406	-0.094227953
9.5130226	-0.094446183
9.5230046	-0.094664727
9.5329866	-0.094883584
9.5429686	-0.095102755
9.5529506	-0.095322241
9.5629326	-0.095542041
9.5729146	-0.095762156
9.5828966	-0.095982586
9.5928786	-0.096203331
9.6028606	-0.096424392
9.6128426	-0.096645769
9.6228246	-0.096867462
9.6328066	-0.097089471
9.6427886	-0.097311797
9.6527706	-0.09753444
9.6627526	-0.0977574
9.6727345	-0.097980678
9.6827165	-0.098204273
9.6926985	-0.098428186
9.7026805	-0.098652418
9.7126625	-0.098876968
9.7226445	-0.099101837
9.7326265	-0.099327025
9.7426085	-0.099552532
9.7525905	-0.099778359
9.7625725	-0.10000451
9.7725545	-0.10023097
9.7825365	-0.10045776
9.7925185	-0.10068487
9.8025005	-0.1009123
9.8124825	-0.10114005
9.8224645	-0.10136812
9.8324465	-0.10159651
9.8424285	-0.10182523
9.8524105	-0.10205427
9.8623925	-0.10228363
9.8723745	-0.10251331
9.8823565	-0.10274331
9.8923385	-0.10297364
9.9023205	-0.1032043
9.9123025	-0.10343528
9.9222845	-0.10366658
9.9322665	-0.1038982
9.9422484	-0.10413015
9.9522304	-0.10436243
9.9622124	-0.10459503
9.9721944	-0.10482796
9.9821764	-0.10506121
9.9921584	-0.10529479
10.00214	-0.10552869
10.012122	-0.10576292
10.022104	-0.10599748
10.032086	-0.10623237
10.042068	-0.10646758
10.05205	-0.10670312
10.062032	-0.10693899
10.072014	-0.10717519
10.081996	-0.10741172
10.091978	-0.10764857
10.10196	-0.10788575
10.111942	-0.10812327
10.121924	-0.10836111
10.131906	-0.10859928
10.141888	-0.10883779
10.15187	-0.10907662
10.161852	-0.10931579
10.171834	-0.10955528
10.181816	-0.10979511
10.191798	-0.11003527
10.20178	-0.11027576
10.211762	-0.11051658
10.221744	-0.11075774
10.231726	-0.11099923
10.241708	-0.11124105
10.25169	-0.1114832
10.261672	-0.11172569
10.271654	-0.11196852
10.281636	-0.11221167
10.291618	-0.11245516
10.3016	-0.11269899
10.311582	-0.11294315
10.321564	-0.11318765
10.331546	-0.11343248
10.341528	-0.11367765
10.35151	-0.11392315
10.361492	-0.11416899
10.371474	-0.11441517
10.381456	-0.11466168
10.391438	-0.11490853
10.40142	-0.11515572
10.411402	-0.11540325
10.421384	-0.11565111
10.431366	-0.11589932
10.441348	-0.11614786
10.45133	-0.11639674
10.461312	-0.11664596
10.471294	-0.11689552
10.481276	-0.11714542
10.491258	-0.11739566
10.50124	-0.11764624
10.511222	-0.11789716
10.521204	-0.11814843
10.531186	-0.11840003
10.541168	-0.11865198
10.55115	-0.11890426
10.561132	-0.11915689
10.571114	-0.11940986
10.581096	-0.11966318
10.591078	-0.11991684
10.60106	-0.12017084
10.611042	-0.12042518
10.621024	-0.12067987
10.631006	-0.1209349
10.640988	-0.12119028
10.65097	-0.121446
10.660952	-0.12170207
10.670934	-0.12195848
10.680916	-0.12221524
10.690898	-0.12247235
10.70088	-0.1227298
10.710862	-0.12298759
10.720844	-0.12324574
10.730826	-0.12350423
10.740808	-0.12376307
10.75079	-0.12402225
10.760772	-0.12428179
10.770754	-0.12454167
10.780736	-0.1248019
10.790718	-0.12506248
10.8007	-0.12532341
10.810682	-0.12558469
10.820664	-0.12584631
10.830646	-0.12610829
10.840628	-0.12637062
10.85061	-0.1266333
10.860592	-0.12689633
10.870574	-0.12715971
10.880556	-0.12742344
10.890538	-0.12768753
10.90052	-0.12795197
10.910502	-0.12821675
10.920484	-0.1284819
10.930466	-0.12874739
10.940448	-0.12901324
10.95043	-0.12927944
10.960412	-0.129546
10.970394	-0.12981291
10.980376	-0.13008017
10.990358	-0.13034779
11.00034	-0.13061577
11.010322	-0.1308841
11.020304	-0.13115278
11.030286	-0.13142182
11.040268	-0.13169122
11.05025	-0.13196098
11.060232	-0.13223109
11.070214	-0.13250156
11.080196	-0.13277238
11.090178	-0.13304357
11.10016	-0.13331511
11.110142	-0.13358701
11.120124	-0.13385927
11.130106	-0.13413189
11.140088	-0.13440486
11.15007	-0.1346782
11.160052	-0.1349519
11.170034	-0.13522595
11.180016	-0.13550037
11.189998	-0.13577515
11.19998	-0.13605029
11.209962	-0.13632579
11.219944	-0.13660166
11.229926	-0.13687788
11.239908	-0.13715447
11.24989	-0.13743142
11.259872	-0.13770873
11.269854	-0.13798641
11.279836	-0.13826445
11.289818	-0.13854285
11.2998	-0.13882162
11.309782	-0.13910075
11.319764	-0.13938025
11.329746	-0.13966011
11.339728	-0.13994034
11.34971	-0.14022093
11.359692	-0.14050189
11.369674	-0.14078322
11.379656	-0.14106491
11.389638	-0.14134697
11.39962	-0.14162939
11.409602	-0.14191219
11.419584	-0.14219535
11.429566	-0.14247888
11.439548	-0.14276278
11.44953	-0.14304705
11.459512	-0.14333168
11.469494	-0.14361669
11.479476	-0.14390207
11.489458	-0.14418781
11.49944	-0.14447393
11.509422	-0.14476041
11.519404	-0.14504727
11.529386	-0.1453345
11.539368	-0.1456221
11.54935	-0.14591007
11.559332	-0.14619842
11.569314	-0.14648714
11.579296	-0.14677623
11.589278	-0.14706569
11.59926	-0.14735553
11.609242	-0.14764574
11.619224	-0.14793632
11.629206	-0.14822728
11.639188	-0.14851861
11.64917	-0.14881032
11.659152	-0.14910241
11.669134	-0.14939487
11.679116	-0.1496877
11.689098	-0.14998091
11.69908	-0.1502745
11.709062	-0.15056847
11.719044	-0.15086281
11.729026	-0.15115753
11.739008	-0.15145263
11.74899	-0.1517481
11.758972	-0.15204396
11.768954	-0.15234019
11.778936	-0.15263681
11.788918	-0.1529338
11.7989	-0.15323117
11.808882	-0.15352892
11.818864	-0.15382705
11.828846	-0.15412557
11.838828	-0.15442446
11.84881	-0.15472374
11.858792	-0.15502339
11.868774	-0.15532343
11.878756	-0.15562385
11.888738	-0.15592466
11.89872	-0.15622585
11.908702	-0.15652742
11.918684	-0.15682937
11.928666	-0.15713171
11.938648	-0.15743443
11.94863	-0.15773754
11.958612	-0.15804103
11.968594	-0.1583449
11.978576	-0.15864917
11.988558	-0.15895381
11.99854	-0.15925885
12.008522	-0.15956427
12.018504	-0.15987008
12.028486	-0.16017627
12.038468	-0.16048285
12.04845	-0.16078982
12.058432	-0.16109718
12.068414	-0.16140492
12.078396	-0.16171306
12.088378	-0.16202158
12.09836	-0.1623305
12.108342	-0.1626398
12.118324	-0.16294949
12.128306	-0.16325958
12.138288	-0.16357005
12.14827	-0.16388091
12.158252	-0.16419217
12.168234	-0.16450382
12.178216	-0.16481586
12.188198	-0.16512829
12.19818	-0.16544111
12.208162	-0.16575433
12.218144	-0.16606794
12.228126	-0.16638195
12.238108	-0.16669635
12.24809	-0.16701114
12.258072	-0.16732633
12.268054	-0.16764191
12.278036	-0.16795789
12.288018	-0.16827426
12.298	-0.16859103
12.307982	-0.16890819
12.317964	-0.16922575
12.327946	-0.16954371
12.337928	-0.16986207
12.34791	-0.17018082
12.357892	-0.17049997
12.367874	-0.17081952
12.377856	-0.17113947
12.387838	-0.17145982
12.39782	-0.17178056
12.407802	-0.17210171
12.417784	-0.17242325
12.427766	-0.1727452
12.437748	-0.17306754
12.44773	-0.17339029
12.457712	-0.17371344
12.467694	-0.17403698
12.477676	-0.17436094
12.487658	-0.17468529
12.49764	-0.17501004
12.507622	-0.1753352
12.517604	-0.17566076
12.527586	-0.17598673
12.537568	-0.1763131
12.54755	-0.17663987
12.557532	-0.17696705
12.567514	-0.17729463
12.577495	-0.17762262
12.587477	-0.17795101
12.597459	-0.17827981
12.607441	-0.17860901
12.617423	-0.17893862
12.627405	-0.17926864
12.637387	-0.17959907
12.647369	-0.1799299
12.657351	-0.18026114
12.667333	-0.18059279
12.677315	-0.18092484
12.687297	-0.18125731
12.697279	-0.18159019
12.707261	-0.18192347
12.717243	-0.18225716
12.727225	-0.18259127
12.737207	-0.18292578
12.747189	-0.18326071
12.757171	-0.18359605
12.767153	-0.18393179
12.777135	-0.18426795
12.787117	-0.18460453
12.797099	-0.18494151
12.807081	-0.18527891
12.817063	-0.18561672
12.827045	-0.18595494
12.837027	-0.18629358
12.847009	-0.18663263
12.856991	-0.1869721
12.866973	-0.18731198
12.876955	-0.18765228
12.886937	-0.18799299
12.896919	-0.18833412
12.906901	-0.18867567
12.916883	-0.18901763
12.926865	-0.18936001
12.936847	-0.1897028
12.946829	-0.19004602
12.956811	-0.19038965
12.966793	-0.1907337
12.976775	-0.19107816
12.986757	-0.19142305
12.996739	-0.19176836
13.006721	-0.19211408
13.016703	-0.19246023
13.026685	-0.1928068
13.036667	-0.19315378
13.046649	-0.19350119
13.056631	-0.19384902
13.066613	-0.19419727
13.076595	-0.19454594
13.086577	-0.19489504
13.096559	-0.19524456
13.106541	-0.1955945
13.116523	-0.19594486
13.126505	-0.19629565
13.136487	-0.19664686
13.146469	-0.1969985
13.156451	-0.19735056
13.166433	-0.19770305
13.176415	-0.19805596
13.186397	-0.1984093
13.196379	-0.19876307
13.206361	-0.19911726
13.216343	-0.19947187
13.226325	-0.19982692
13.236307	-0.20018239
13.246289	-0.20053829
13.256271	-0.20089462
13.266253	-0.20125138
13.276235	-0.20160856
13.286217	-0.20196618
13.296199	-0.20232422
13.306181	-0.2026827
13.316163	-0.2030416
13.326145	-0.20340094
13.336127	-0.20376071
13.346109	-0.20412091
13.356091	-0.20448154
13.366073	-0.2048426
13.376055	-0.20520409
13.386037	-0.20556602
13.396019	-0.20592838
13.406001	-0.20629118
13.415983	-0.2066544
13.425965	-0.20701806
13.435947	-0.20738216
13.445929	-0.20774669
13.455911	-0.20811166
13.465893	-0.20847706
13.475875	-0.2088429
13.485857	-0.20920917
13.495839	-0.20957588
13.505821	-0.20994303
13.515803	-0.21031062
13.525785	-0.21067864
13.535767	-0.2110471
13.545749	-0.211416
13.555731	-0.21178534
13.565713	-0.21215511
13.575695	-0.21252533
13.585677	-0.21289599
13.595659	-0.21326708
13.605641	-0.21363862
13.615623	-0.2140106
13.625605	-0.21438301
13.635587	-0.21475587
13.645569	-0.21512918
13.655551	-0.21550292
13.665533	-0.21587711
13.675515	-0.21625174
13.685497	-0.21662681
13.695479	-0.21700233
13.705461	-0.21737829
13.715443	-0.21775469
13.725425	-0.21813154
13.735407	-0.21850884
13.745389	-0.21888658
13.755371	-0.21926476
13.765353	-0.2196434
13.775335	-0.22002247
13.785317	-0.220402
13.795299	-0.22078197
13.805281	-0.22116239
13.815263	-0.22154326
13.825245	-0.22192458
13.835227	-0.22230634
13.845209	-0.22268856
13.855191	-0.22307122
13.865173	-0.22345433
13.875155	-0.22383789
13.885137	-0.22422191
13.895119	-0.22460637
13.905101	-0.22499129
13.915083	-0.22537665
13.925065	-0.22576247
13.935047	-0.22614874
13.945029	-0.22653547
13.955011	-0.22692264
13.964993	-0.22731027
13.974975	-0.22769836
13.984957	-0.22808689
13.994939	-0.22847588
14.004921	-0.22886533
14.014903	-0.22925523
14.024885	-0.22964559
14.034867	-0.2300364
14.044849	-0.23042767
14.054831	-0.23081939
14.064813	-0.23121157
14.074795	-0.23160421
14.084777	-0.23199731
14.094759	-0.23239086
14.104741	-0.23278488
14.114723	-0.23317935
14.124705	-0.23357428
14.134687	-0.23396967
14.144669	-0.23436552
14.154651	-0.23476183
14.164633	-0.2351586
14.174615	-0.23555583
14.184597	-0.23595352
14.194579	-0.23635167
14.204561	-0.23675029
14.214543	-0.23714937
14.224525	-0.23754891
14.234507	-0.23794891
14.244489	-0.23834938
14.254471	-0.23875031
14.264453	-0.2391517
14.274435	-0.23955356
14.284417	-0.23995588
14.294399	-0.24035867
14.304381	-0.24076193
14.314363	-0.24116565
14.324345	-0.24156983
14.334327	-0.24197449
14.344309	-0.24237961
14.354291	-0.24278519
14.364273	-0.24319125
14.374255	-0.24359777
14.384237	-0.24400476
14.394219	-0.24441222
14.404201	-0.24482015
14.414183	-0.24522855
14.424165	-0.24563742
14.434147	-0.24604676
14.444129	-0.24645657
14.454111	-0.24686685
14.464093	-0.2472776
14.474075	-0.24768883
14.484057	-0.24810052
14.494039	-0.24851269
14.504021	-0.24892533
14.514003	-0.24933845
14.523985	-0.24975204
14.533967	-0.2501661
14.543949	-0.25058063
14.553931	-0.25099564
14.563913	-0.25141113
14.573895	-0.25182709
14.583877	-0.25224353
14.593859	-0.25266044
14.603841	-0.25307783
14.613823	-0.2534957
14.623805	-0.25391404
14.633787	-0.25433286
14.643769	-0.25475216
14.653751	-0.25517194
14.663733	-0.2555922
14.673715	-0.25601293
14.683697	-0.25643415
14.693679	-0.25685584
14.703661	-0.25727801
14.713643	-0.25770067
14.723625	-0.25812381
14.733607	-0.25854742
14.743589	-0.25897152
14.753571	-0.2593961
14.763553	-0.25982117
14.773535	-0.26024671
14.783517	-0.26067274
14.793499	-0.26109926
14.803481	-0.26152625
14.813463	-0.26195373
14.823445	-0.2623817
14.833427	-0.26281015
14.843409	-0.26323908
14.853391	-0.26366851
14.863373	-0.26409841
14.873355	-0.26452881
14.883337	-0.26495969
14.893319	-0.26539106
14.903301	-0.26582291
14.913283	-0.26625526
14.923265	-0.26668809
14.933247	-0.26712141
14.943229	-0.26755522
14.953211	-0.26798952
14.963193	-0.26842431
14.973175	-0.26885959
14.983157	-0.26929535
14.993139	-0.26973162
15.003121	-0.27016837
15.013103	-0.27060561
15.023085	-0.27104335
15.033067	-0.27148157
15.043049	-0.27192029
15.053031	-0.27235951
15.063013	-0.27279922
15.072995	-0.27323942
15.082977	-0.27368011
15.092959	-0.2741213
15.102941	-0.27456299
15.112923	-0.27500517
15.122905	-0.27544784
15.132887	-0.27589102
15.142869	-0.27633469
15.152851	-0.27677885
15.162833	-0.27722352
15.172815	-0.27766868
15.182797	-0.27811433
15.192779	-0.27856049
15.202761	-0.27900715
15.212743	-0.2794543
15.222725	-0.27990196
15.232707	-0.28035011
15.242689	-0.28079877
15.252671	-0.28124792
15.262653	-0.28169758
15.272635	-0.28214774
15.282617	-0.2825984
15.292599	-0.28304956
15.302581	-0.28350122
15.312563	-0.28395339
15.322545	-0.28440606
15.332527	-0.28485923
15.342509	-0.28531291
15.35249	-0.28576709
15.362472	-0.28622178
15.372454	-0.28667697
15.382436	-0.28713267
15.392418	-0.28758888
15.4024	-0.28804559
15.412382	-0.2885028
15.422364	-0.28896053
15.432346	-0.28941876
15.442328	-0.2898775
15.45231	-0.29033674
15.462292	-0.2907965
15.472274	-0.29125676
15.482256	-0.29171754
15.492238	-0.29217882
15.50222	-0.29264061
15.512202	-0.29310292
15.522184	-0.29356573
15.532166	-0.29402906
15.542148	-0.2944929
15.55213	-0.29495725
15.562112	-0.29542211
15.572094	-0.29588748
15.582076	-0.29635337
15.592058	-0.29681977
15.60204	-0.29728669
15.612022	-0.29775412
15.622004	-0.29822206
15.631986	-0.29869052
15.641968	-0.29915949
15.65195	-0.29962898
15.661932	-0.30009899
15.671914	-0.30056951
15.681896	-0.30104055
15.691878	-0.30151211
15.70186	-0.30198418
15.711842	-0.30245677
15.721824	-0.30292988
15.731806	-0.30340351
15.741788	-0.30387766
15.75177	-0.30435233
15.761752	-0.30482752
15.771734	-0.30530323
15.781716	-0.30577946
15.791698	-0.30625621
15.80168	-0.30673348
15.811662	-0.30721127
15.821644	-0.30768959
15.831626	-0.30816842
15.841608	-0.30864779
15.85159	-0.30912767
15.861572	-0.30960808
15.871554	-0.31008901
15.881536	-0.31057047
15.891518	-0.31105245
15.9015	-0.31153495
15.911482	-0.31201799
15.921464	-0.31250155
15.931446	-0.31298563
15.941428	-0.31347024
15.95141	-0.31395538
15.961392	-0.31444105
15.971374	-0.31492724
15.981356	-0.31541396
15.991338	-0.31590121
16.00132	-0.31638899
16.011302	-0.3168773
16.021284	-0.31736614
16.031266	-0.31785551
16.041248	-0.31834541
16.05123	-0.31883585
16.061212	-0.31932681
16.071194	-0.3198183
16.081176	-0.32031033
16.091158	-0.32080289
16.10114	-0.32129598
16.111122	-0.32178961
16.121104	-0.32228376
16.131086	-0.32277846
16.141068	-0.32327368
16.15105	-0.32376945
16.161032	-0.32426574
16.171014	-0.32476258
16.180996	-0.32525995
16.190978	-0.32575785
16.20096	-0.32625629
16.210942	-0.32675527
16.220924	-0.32725479
16.230906	-0.32775484
16.240888	-0.32825543
16.25087	-0.32875657
16.260852	-0.32925824
16.270834	-0.32976045
16.280816	-0.3302632
16.290798	-0.33076649
16.30078	-0.33127032
16.310762	-0.33177469
16.320744	-0.3322796
16.330726	-0.33278505
16.340708	-0.33329105
16.35069	-0.33379759
16.360672	-0.33430467
16.370654	-0.3348123
16.380636	-0.33532046
16.390618	-0.33582918
16.4006	-0.33633843
16.410582	-0.33684824
16.420564	-0.33735858
16.430546	-0.33786948
16.440528	-0.33838091
16.45051	-0.3388929
16.460492	-0.33940543
16.470474	-0.33991851
16.480456	-0.34043214
16.490438	-0.34094631
16.50042	-0.34146103
16.510402	-0.3419763
16.520384	-0.34249212
16.530366	-0.34300849
16.540348	-0.34352541
16.55033	-0.34404288
16.560312	-0.3445609
16.570294	-0.34507947
16.580276	-0.34559859
16.590258	-0.34611827
16.60024	-0.34663849
16.610222	-0.34715927
16.620204	-0.3476806
16.630186	-0.34820249
16.640168	-0.34872493
16.65015	-0.34924792
16.660132	-0.34977147
16.670114	-0.35029557
16.680096	-0.35082023
16.690078	-0.35134544
16.70006	-0.35187121
16.710042	-0.35239753
16.720024	-0.35292441
16.730006	-0.35345185
16.739988	-0.35397985
16.74997	-0.3545084
16.759952	-0.35503752
16.769934	-0.35556719
16.779916	-0.35609742
16.789898	-0.35662821
16.79988	-0.35715956
16.809862	-0.35769147
16.819844	-0.35822394
16.829826	-0.35875697
16.839808	-0.35929056
16.84979	-0.35982472
16.859772	-0.36035943
16.869754	-0.36089471
16.879736	-0.36143056
16.889718	-0.36196696
16.8997	-0.36250393
16.909682	-0.36304146
16.919664	-0.36357956
16.929646	-0.36411822
16.939628	-0.36465745
16.94961	-0.36519725
16.959592	-0.36573761
16.969574	-0.36627853
16.979556	-0.36682003
16.989538	-0.36736209
16.99952	-0.36790471
17.009502	-0.36844791
17.019484	-0.36899167
17.029466	-0.36953601
17.039448	-0.37008091
17.04943	-0.37062638
17.059412	-0.37117242
17.069394	-0.37171903
17.079376	-0.37226622
17.089358	-0.37281397
17.09934	-0.37336229
17.109322	-0.37391119
17.119304	-0.37446066
17.129286	-0.3750107
17.139268	-0.37556132
17.14925	-0.3761125
17.159232	-0.37666427
17.169214	-0.3772166
17.179196	-0.37776951
17.189178	-0.378323
17.19916	-0.37887706
17.209142	-0.3794317
17.219124	-0.37998691
17.229106	-0.3805427
17.239088	-0.38109906
17.24907	-0.38165601
17.259052	-0.38221353
17.269034	-0.38277163
17.279016	-0.38333031
17.288998	-0.38388956
17.29898	-0.3844494
17.308962	-0.38500981
17.318944	-0.38557081
17.328926	-0.38613238
17.338908	-0.38669454
17.34889	-0.38725728
17.358872	-0.3878206
17.368854	-0.3883845
17.378836	-0.38894898
17.388818	-0.38951405
17.3988	-0.3900797
17.408782	-0.39064593
17.418764	-0.39121275
17.428746	-0.39178015
17.438728	-0.39234813
17.44871	-0.3929167
17.458692	-0.39348586
17.468674	-0.3940556
17.478656	-0.39462593
17.488638	-0.39519684
17.49862	-0.39576834
17.508602	-0.39634043
17.518584	-0.39691311
17.528566	-0.39748637
17.538548	-0.39806023
17.54853	-0.39863467
17.558512	-0.3992097
17.568494	-0.39978532
17.578476	-0.40036153
17.588458	-0.40093833
17.59844	-0.40151573
17.608422	-0.40209371
17.618404	-0.40267229
17.628386	-0.40325145
17.638368	-0.40383121
17.64835	-0.40441157
17.658332	-0.40499251
17.668314	-0.40557405
17.678296	-0.40615618
17.688278	-0.40673891
17.69826	-0.40732223
17.708242	-0.40790615
17.718224	-0.40849067
17.728206	-0.40907577
17.738188	-0.40966148
17.74817	-0.41024778
17.758152	-0.41083468
17.768134	-0.41142218
17.778116	-0.41201027
17.788098	-0.41259896
17.79808	-0.41318825
17.808062	-0.41377814
17.818044	-0.41436863
17.828026	-0.41495972
17.838008	-0.41555141
17.84799	-0.4161437
17.857972	-0.41673659
17.867954	-0.41733009
17.877936	-0.41792418
17.887918	-0.41851888
17.8979	-0.41911417
17.907882	-0.41971008
17.917864	-0.42030658
17.927846	-0.42090369
17.937828	-0.4215014
17.94781	-0.42209972
17.957792	-0.42269864
17.967774	-0.42329817
17.977756	-0.4238983
17.987738	-0.42449904
17.99772	-0.42510038
18.007702	-0.42570233
18.017684	-0.42630489
18.027666	-0.42690806
18.037648	-0.42751183
18.04763	-0.42811621
18.057612	-0.4287212
18.067594	-0.4293268
18.077576	-0.42993301
18.087558	-0.43053983
18.09754	-0.43114726
18.107522	-0.4317553
18.117504	-0.43236395
18.127485	-0.43297322
18.137467	-0.43358309
18.147449	-0.43419358
18.157431	-0.43480468
18.167413	-0.43541639
18.177395	-0.43602871
18.187377	-0.43664165
18.197359	-0.43725521
18.207341	-0.43786937
18.217323	-0.43848416
18.227305	-0.43909956
18.237287	-0.43971557
18.247269	-0.4403322
18.257251	-0.44094944
18.267233	-0.44156731
18.277215	-0.44218579
18.287197	-0.44280488
18.297179	-0.4434246
18.307161	-0.44404493
18.317143	-0.44466589
18.327125	-0.44528746
18.337107	-0.44590965
18.347089	-0.44653246
18.357071	-0.44715589
18.367053	-0.44777994
18.377035	-0.44840462
18.387017	-0.44902991
18.396999	-0.44965583
18.406981	-0.45028236
18.416963	-0.45090953
18.426945	-0.45153731
18.436927	-0.45216572
18.446909	-0.45279475
18.456891	-0.4534244
18.466873	-0.45405468
18.476855	-0.45468559
18.486837	-0.45531712
18.496819	-0.45594927
18.506801	-0.45658206
18.516783	-0.45721546
18.526765	-0.4578495
18.536747	-0.45848416
18.546729	-0.45911945
18.556711	-0.45975537
18.566693	-0.46039191
18.576675	-0.46102909
18.586657	-0.46166689
18.596639	-0.46230533
18.606621	-0.46294439
18.616603	-0.46358408
18.626585	-0.46422441
18.636567	-0.46486536
18.646549	-0.46550695
18.656531	-0.46614917
18.666513	-0.46679202
18.676495	-0.4674355
18.686477	-0.46807962
18.696459	-0.46872437
18.706441	-0.46936975
18.716423	-0.47001577
18.726405	-0.47066242
18.736387	-0.47130971
18.746369	-0.47195763
18.756351	-0.47260619
18.766333	-0.47325539
18.776315	-0.47390522
18.786297	-0.47455568
18.796279	-0.47520679
18.806261	-0.47585853
18.816243	-0.47651091
18.826225	-0.47716393
18.836207	-0.47781759
18.846189	-0.47847188
18.856171	-0.47912682
18.866153	-0.47978239
18.876135	-0.48043861
18.886117	-0.48109547
18.896099	-0.48175297
18.906081	-0.4824111
18.916063	-0.48306988
18.926045	-0.48372931
18.936027	-0.48438937
18.946009	-0.48505008
18.955991	-0.48571143
18.965973	-0.48637343
18.975955	-0.48703607
18.985937	-0.48769935
18.995919	-0.48836328
19.005901	-0.48902786
19.015883	-0.48969307
19.025865	-0.49035894
19.035847	-0.49102545
19.045829	-0.49169261
19.055811	-0.49236042
19.065793	-0.49302887
19.075775	-0.49369797
19.085757	-0.49436772
19.095739	-0.49503812
19.105721	-0.49570917
19.115703	-0.49638086
19.125685	-0.49705321
19.135667	-0.49772621
19.145649	-0.49839985
19.155631	-0.49907415
19.165613	-0.4997491
19.175595	-0.5004247
19.185577	-0.50110095
19.195559	-0.50177786
19.205541	-0.50245542
19.215523	-0.50313363
19.225505	-0.5038125
19.235487	-0.50449201
19.245469	-0.50517219
19.255451	-0.50585302
19.265433	-0.5065345
19.275415	-0.50721664
19.285397	-0.50789943
19.295379	-0.50858288
19.305361	-0.50926699
19.315343	-0.50995176
19.325325	-0.51063718
19.335307	-0.51132326
19.345289	-0.51200999
19.355271	-0.51269739
19.365253	-0.51338545
19.375235	-0.51407416
19.385217	-0.51476353
19.395199	-0.51545357
19.405181	-0.51614426
19.415163	-0.51683562
19.425145	-0.51752763
19.435127	-0.51822031
19.445109	-0.51891365
19.455091	-0.51960765
19.465073	-0.52030232
19.475055	-0.52099765
19.485037	-0.52169364
19.495019	-0.52239029
19.505001	-0.52308761
19.514983	-0.5237856
19.524965	-0.52448424
19.534947	-0.52518356
19.544929	-0.52588354
19.554911	-0.52658418
19.564893	-0.52728549
19.574875	-0.52798747
19.584857	-0.52869012
19.594839	-0.52939343
19.604821	-0.53009741
19.614803	-0.53080206
19.624785	-0.53150738
19.634767	-0.53221337
19.644749	-0.53292003
19.654731	-0.53362735
19.664713	-0.53433535
19.674695	-0.53504402
19.684677	-0.53575335
19.694659	-0.53646336
19.704641	-0.53717404
19.714623	-0.5378854
19.724605	-0.53859742
19.734587	-0.53931012
19.744569	-0.54002349
19.754551	-0.54073754
19.764533	-0.54145226
19.774515	-0.54216765
19.784497	-0.54288372
19.794479	-0.54360046
19.804461	-0.54431788
19.814443	-0.54503597
19.824425	-0.54575474
19.834407	-0.54647419
19.844389	-0.54719431
19.854371	-0.54791511
19.864353	-0.54863659
19.874335	-0.54935875
19.884317	-0.55008158
19.894299	-0.55080509
19.904281	-0.55152929
19.914263	-0.55225416
19.924245	-0.55297971
19.934227	-0.55370594
19.944209	-0.55443285
19.954191	-0.55516045
19.964173	-0.55588872
19.974155	-0.55661768
19.984137	-0.55734732
19.994119	-0.55807764
20.004101	-0.55880864
20.014083	-0.55954033
20.024065	-0.5602727
20.034047	-0.56100575
20.044029	-0.56173949
20.054011	-0.56247391
20.063993	-0.56320902
20.073975	-0.56394482
20.083957	-0.56468129
20.093939	-0.56541846
20.103921	-0.56615631
20.113903	-0.56689485
20.123885	-0.56763408
20.133867	-0.56837399
20.143849	-0.56911459
20.153831	-0.56985588
20.163813	-0.57059786
20.173795	-0.57134053
20.183777	-0.57208388
20.193759	-0.57282793
20.203741	-0.57357267
20.213723	-0.57431809
20.223705	-0.57506421
20.233687	-0.57581102
20.243669	-0.57655852
20.253651	-0.57730672
20.263633	-0.5780556
20.273615	-0.57880518
20.283597	-0.57955545
20.293579	-0.58030642
20.303561	-0.58105807
20.313543	-0.58181043
20.323525	-0.58256347
20.333507	-0.58331722
20.343489	-0.58407165
20.353471	-0.58482679
20.363453	-0.58558261
20.373435	-0.58633914
20.383417	-0.58709636
20.393399	-0.58785428
20.403381	-0.5886129
20.413363	-0.58937221
20.423345	-0.59013222
20.433327	-0.59089293
20.443309	-0.59165434
20.453291	-0.59241645
20.463273	-0.59317926
20.473255	-0.59394277
20.483237	-0.59470698
20.493219	-0.59547189
20.503201	-0.5962375
20.513183	-0.59700381
20.523165	-0.59777082
20.533147	-0.59853854
20.543129	-0.59930696
20.553111	-0.60007608
20.563093	-0.6008459
20.573075	-0.60161643
20.583057	-0.60238766
20.593039	-0.6031596
20.603021	-0.60393224
20.613003	-0.60470559
20.622985	-0.60547964
20.632967	-0.6062544
20.642949	-0.60702986
20.652931	-0.60780603
20.662913	-0.6085829
20.672895	-0.60936049
20.682877	-0.61013878
20.692859	-0.61091778
20.702841	-0.61169748
20.712823	-0.6124779
20.722805	-0.61325902
20.732787	-0.61404086
20.742769	-0.6148234
20.752751	-0.61560665
20.762733	-0.61639062
20.772715	-0.61717529
20.782697	-0.61796068
20.792679	-0.61874678
20.802661	-0.61953358
20.812643	-0.62032111
20.822625	-0.62110934
20.832607	-0.62189829
20.842589	-0.62268794
20.852571	-0.62347832
20.862553	-0.6242694
20.872535	-0.62506121
20.882517	-0.62585372
20.892498	-0.62664695
20.90248	-0.6274409
20.912462	-0.62823556
20.922444	-0.62903094
20.932426	-0.62982703
20.942408	-0.63062384
20.95239	-0.63142137
20.962372	-0.63221962
20.972354	-0.63301858
20.982336	-0.63381826
20.992318	-0.63461866
21.0023	-0.63541978
21.012282	-0.63622162
21.022264	-0.63702418
21.032246	-0.63782745
21.042228	-0.63863145
21.05221	-0.63943617
21.062192	-0.64024161
21.072174	-0.64104777
21.082156	-0.64185465
21.092138	-0.64266225
21.10212	-0.64347058
21.112102	-0.64427963
21.122084	-0.6450894
21.132066	-0.6458999
21.142048	-0.64671112
21.15203	-0.64752306
21.162012	-0.64833573
21.171994	-0.64914912
21.181976	-0.64996324
21.191958	-0.65077808
21.20194	-0.65159365
21.211922	-0.65240994
21.221904	-0.65322696
21.231886	-0.65404471
21.241868	-0.65486319
21.25185	-0.65568239
21.261832	-0.65650232
21.271814	-0.65732298
21.281796	-0.65814437
21.291778	-0.65896649
21.30176	-0.65978933
21.311742	-0.66061291
21.321724	-0.66143721
21.331706	-0.66226225
21.341688	-0.66308801
21.35167	-0.66391451
21.361652	-0.66474174
21.371634	-0.6655697
21.381616	-0.66639839
21.391598	-0.66722782
21.40158	-0.66805797
21.411562	-0.66888886
21.421544	-0.66972049
21.431526	-0.67055284
21.441508	-0.67138594
21.45149	-0.67221976
21.461472	-0.67305432
21.471454	-0.67388962
21.481436	-0.67472565
21.491418	-0.67556242
21.5014	-0.67639992
21.511382	-0.67723816
21.521364	-0.67807713
21.531346	-0.67891685
21.541328	-0.6797573
21.55131	-0.68059848
21.561292	-0.68144041
21.571274	-0.68228308
21.581256	-0.68312648
21.591238	-0.68397062
21.60122	-0.6848155
21.611202	-0.68566113
21.621184	-0.68650749
21.631166	-0.68735459
21.641148	-0.68820243
21.65113	-0.68905102
21.661112	-0.68990034
21.671094	-0.69075041
21.681076	-0.69160122
21.691058	-0.69245277
21.70104	-0.69330507
21.711022	-0.69415811
21.721004	-0.69501189
21.730986	-0.69586642
21.740968	-0.69672169
21.75095	-0.6975777
21.760932	-0.69843446
21.770914	-0.69929196
21.780896	-0.70015021
21.790878	-0.70100921
21.80086	-0.70186895
21.810842	-0.70272944
21.820824	-0.70359067
21.830806	-0.70445265
21.840788	-0.70531538
21.85077	-0.70617886
21.860752	-0.70704309
21.870734	-0.70790806
21.880716	-0.70877378
21.890698	-0.70964025
21.90068	-0.71050747
21.910662	-0.71137545
21.920644	-0.71224417
21.930626	-0.71311364
21.940608	-0.71398386
21.95059	-0.71485483
21.960572	-0.71572656
21.970554	-0.71659903
21.980536	-0.71747226
21.990518	-0.71834624
22.0005	-0.71922097
22.010482	-0.72009646
22.020464	-0.7209727
22.030446	-0.72184969
22.040428	-0.72272744
22.05041	-0.72360594
22.060392	-0.7244852
22.070374	-0.72536521
22.080356	-0.72624598
22.090338	-0.7271275
22.10032	-0.72800978
22.110302	-0.72889281
22.120284	-0.7297766
22.130266	-0.73066115
22.140248	-0.73154646
22.15023	-0.73243252
22.160212	-0.73331934
22.170194	-0.73420692
22.180176	-0.73509525
22.190158	-0.73598435
22.20014	-0.73687421
22.210122	-0.73776482
22.220104	-0.73865619
22.230086	-0.73954833
22.240068	-0.74044122
22.25005	-0.74133488
22.260032	-0.7422293
22.270014	-0.74312447
22.279996	-0.74402041
22.289978	-0.74491712
22.29996	-0.74581458
22.309942	-0.74671281
22.319924	-0.7476118
22.329906	-0.74851155
22.339888	-0.74941207
22.34987	-0.75031335
22.359852	-0.75121539
22.369834	-0.7521182
22.379816	-0.75302177
22.389798	-0.75392611
22.39978	-0.75483122
22.409762	-0.75573709
22.419744	-0.75664373
22.429726	-0.75755113
22.439708	-0.7584593
22.44969	-0.75936824
22.459672	-0.76027794
22.469654	-0.76118841
22.479636	-0.76209965
22.489618	-0.76301166
22.4996	-0.76392444
22.509582	-0.76483798
22.519564	-0.7657523
22.529546	-0.76666738
22.539528	-0.76758324
22.54951	-0.76849986
22.559492	-0.76941726
22.569474	-0.77033542
22.579456	-0.77125436
22.589438	-0.77217407
22.59942	-0.77309455
22.609402	-0.7740158
22.619384	-0.77493782
22.629366	-0.77586062
22.639348	-0.77678419
22.64933	-0.77770853
22.659312	-0.77863365
22.669294	-0.77955954
22.679276	-0.7804862
22.689258	-0.78141364
22.69924	-0.78234185
22.709222	-0.78327084
22.719204	-0.78420061
22.729186	-0.78513115
22.739168	-0.78606246
22.74915	-0.78699455
22.759132	-0.78792742
22.769114	-0.78886107
22.779096	-0.78979549
22.789078	-0.79073069
22.79906	-0.79166667
22.809042	-0.79260342
22.819024	-0.79354096
22.829006	-0.79447927
22.838988	-0.79541836
22.84897	-0.79635823
22.858952	-0.79729888
22.868934	-0.79824031
22.878916	-0.79918252
22.888898	-0.80012551
22.89888	-0.80106929
22.908862	-0.80201384
22.918844	-0.80295917
22.928826	-0.80390529
22.938808	-0.80485219
22.94879	-0.80579987
22.958772	-0.80674833
22.968754	-0.80769757
22.978736	-0.8086476
22.988718	-0.80959841
22.9987	-0.81055001
23.008682	-0.81150239
23.018664	-0.81245555
23.028646	-0.8134095
23.038628	-0.81436423
23.04861	-0.81531975
23.058592	-0.81627606
23.068574	-0.81723315
23.078556	-0.81819102
23.088538	-0.81914968
23.09852	-0.82010913
23.108502	-0.82106937
23.118484	-0.82203039
23.128466	-0.8229922
23.138448	-0.8239548
23.14843	-0.82491819
23.158412	-0.82588236
23.168394	-0.82684732
23.178376	-0.82781308
23.188358	-0.82877962
23.19834	-0.82974695
23.208322	-0.83071507
23.218304	-0.83168398
23.228286	-0.83265368
23.238268	-0.83362417
23.24825	-0.83459546
23.258232	-0.83556753
23.268214	-0.8365404
23.278196	-0.83751405
23.288178	-0.8384885
23.29816	-0.83946375
23.308142	-0.84043978
23.318124	-0.84141661
23.328106	-0.84239423
23.338088	-0.84337264
23.34807	-0.84435185
23.358052	-0.84533185
23.368034	-0.84631265
23.378016	-0.84729424
23.387998	-0.84827663
23.39798	-0.84925981
23.407962	-0.85024378
23.417944	-0.85122855
23.427926	-0.85221412
23.437908	-0.85320049
23.44789	-0.85418765
23.457872	-0.85517561
23.467854	-0.85616436
23.477836	-0.85715391
23.487818	-0.85814426
23.4978	-0.85913541
23.507782	-0.86012736
23.517764	-0.8611201
23.527746	-0.86211365
23.537728	-0.86310799
23.54771	-0.86410313
23.557692	-0.86509907
23.567674	-0.86609581
23.577656	-0.86709336
23.587638	-0.8680917
23.59762	-0.86909084
23.607602	-0.87009078
23.617584	-0.87109153
23.627566	-0.87209308
23.637548	-0.87309542
23.64753	-0.87409857
23.657512	-0.87510253
23.667493	-0.87610728
23.677475	-0.87711284
23.687457	-0.8781192
23.697439	-0.87912636
23.707421	-0.88013433
23.717403	-0.8811431
23.727385	-0.88215268
23.737367	-0.88316306
23.747349	-0.88417425
23.757331	-0.88518624
23.767313	-0.88619903
23.777295	-0.88721263
23.787277	-0.88822704
23.797259	-0.88924225
23.807241	-0.89025827
23.817223	-0.8912751
23.827205	-0.89229273
23.837187	-0.89331117
23.847169	-0.89433042
23.857151	-0.89535047
23.867133	-0.89637133
23.877115	-0.89739301
23.887097	-0.89841548
23.897079	-0.89943877
23.907061	-0.90046287
23.917043	-0.90148777
23.927025	-0.90251349
23.937007	-0.90354001
23.946989	-0.90456735
23.956971	-0.90559549
23.966953	-0.90662445
23.976935	-0.90765422
23.986917	-0.90868479
23.996899	-0.90971618
24.006881	-0.91074838
24.016863	-0.91178139
24.026845	-0.91281522
24.036827	-0.91384985
24.046809	-0.9148853
24.056791	-0.91592156
24.066773	-0.91695864
24.076755	-0.91799653
24.086737	-0.91903523
24.096719	-0.92007474
24.106701	-0.92111507
24.116683	-0.92215622
24.126665	-0.92319817
24.136647	-0.92424095
24.146629	-0.92528453
24.156611	-0.92632894
24.166593	-0.92737416
24.176575	-0.92842019
24.186557	-0.92946704
24.196539	-0.93051471
24.206521	-0.93156319
24.216503	-0.93261249
24.226485	-0.93366261
24.236467	-0.93471354
24.246449	-0.93576529
24.256431	-0.93681786
24.266413	-0.93787125
24.276395	-0.93892545
24.286377	-0.93998048
24.296359	-0.94103632
24.306341	-0.94209298
24.316323	-0.94315046
24.326305	-0.94420876
24.336287	-0.94526788
24.346269	-0.94632782
24.356251	-0.94738858
24.366233	-0.94845017
24.376215	-0.94951257
24.386197	-0.95057579
24.396179	-0.95163983
24.406161	-0.9527047
24.416143	-0.95377038
24.426125	-0.95483689
24.436107	-0.95590422
24.446089	-0.95697237
24.456071	-0.95804135
24.466053	-0.95911115
24.476035	-0.96018177
24.486017	-0.96125321
24.495999	-0.96232548
24.505981	-0.96339857
24.515963	-0.96447249
24.525945	-0.96554723
24.535927	-0.96662279
24.545909	-0.96769918
24.555891	-0.96877639
24.565873	-0.96985443
24.575855	-0.9709333
24.585837	-0.97201299
24.595819	-0.9730935
24.605801	-0.97417485
24.615783	-0.97525701
24.625765	-0.97634001
24.635747	-0.97742383
24.645729	-0.97850848
24.655711	-0.97959395
24.665693	-0.98068026
24.675675	-0.98176739
24.685657	-0.98285535
24.695639	-0.98394413
24.705621	-0.98503375
24.715603	-0.98612419
24.725585	-0.98721546
24.735567	-0.98830756
24.745549	-0.98940049
24.755531	-0.99049425
24.765513	-0.99158884
24.775495	-0.99268426
24.785477	-0.99378051
24.795459	-0.99487759
24.805441	-0.9959755
24.815423	-0.99707425
24.825405	-0.99817382
24.835387	-0.99927422
24.845369	-1.0003755
24.855351	-1.0014775
24.865333	-1.0025804
24.875315	-1.0036842
24.885297	-1.0047887
24.895279	-1.0058941
24.905261	-1.0070003
24.915243	-1.0081074
24.925225	-1.0092153
24.935207	-1.010324
24.945189	-1.0114336
24.955171	-1.012544
24.965153	-1.0136552
24.975135	-1.0147673
24.985117	-1.0158802
24.995099	-1.0169939
25.005081	-1.0181085
25.015063	-1.0192239
25.025045	-1.0203401
25.035027	-1.0214572
25.045009	-1.0225751
25.054991	-1.0236938
25.064973	-1.0248134
25.074955	-1.0259338
25.084937	-1.0270551
25.094919	-1.0281772
25.104901	-1.0293001
25.114883	-1.0304239
25.124865	-1.0315485
25.134847	-1.0326739
25.144829	-1.0338002
25.154811	-1.0349273
25.164793	-1.0360553
25.174775	-1.0371841
25.184757	-1.0383137
25.194739	-1.0394442
25.204721	-1.0405755
25.214703	-1.0417076
25.224685	-1.0428406
25.234667	-1.0439744
25.244649	-1.0451091
25.254631	-1.0462446
25.264613	-1.047381
25.274595	-1.0485181
25.284577	-1.0496562
25.294559	-1.050795
25.304541	-1.0519348
25.314523	-1.0530753
25.324505	-1.0542167
25.334487	-1.0553589
25.344469	-1.056502
25.354451	-1.0576459
25.364433	-1.0587907
25.374415	-1.0599363
25.384397	-1.0610827
25.394379	-1.06223
25.404361	-1.0633782
25.414343	-1.0645271
25.424325	-1.065677
25.434307	-1.0668276
25.444289	-1.0679791
25.454271	-1.0691315
25.464253	-1.0702847
25.474235	-1.0714387
25.484217	-1.0725936
25.494199	-1.0737493
25.504181	-1.0749059
25.514163	-1.0760633
25.524145	-1.0772216
25.534127	-1.0783807
25.544109	-1.0795406
25.554091	-1.0807014
25.564073	-1.0818631
25.574055	-1.0830256
25.584037	-1.0841889
25.594019	-1.0853531
25.604001	-1.0865181
25.613983	-1.087684
25.623965	-1.0888507
25.633947	-1.0900183
25.643929	-1.0911867
25.653911	-1.092356
25.663893	-1.0935261
25.673875	-1.0946971
25.683857	-1.0958689
25.693839	-1.0970415
25.703821	-1.098215
25.713803	-1.0993894
25.723785	-1.1005646
25.733767	-1.1017406
25.743749	-1.1029176
25.753731	-1.1040953
25.763713	-1.1052739
25.773695	-1.1064534
25.783677	-1.1076337
25.793659	-1.1088148
25.803641	-1.1099968
25.813623	-1.1111797
25.823605	-1.1123634
25.833587	-1.1135479
25.843569	-1.1147333
25.853551	-1.1159196
25.863533	-1.1171067
25.873515	-1.1182947
25.883497	-1.1194835
25.893479	-1.1206731
25.903461	-1.1218637
25.913443	-1.123055
25.923425	-1.1242472
25.933407	-1.1254403
25.943389	-1.1266342
25.953371	-1.127829
25.963353	-1.1290246
25.973335	-1.1302211
25.983317	-1.1314185
25.993299	-1.1326167
26.003281	-1.1338157
26.013263	-1.1350156
26.023245	-1.1362164
26.033227	-1.137418
26.043209	-1.1386204
26.053191	-1.1398237
26.063173	-1.1410279
26.073155	-1.1422329
26.083137	-1.1434388
26.093119	-1.1446455
26.103101	-1.1458531
26.113083	-1.1470616
26.123065	-1.1482709
26.133047	-1.149481
26.143029	-1.150692
26.153011	-1.1519039
26.162993	-1.1531166
26.172975	-1.1543302
26.182957	-1.1555447
26.192939	-1.15676
26.202921	-1.1579761
26.212903	-1.1591931
26.222885	-1.160411
26.232867	-1.1616297
26.242849	-1.1628493
26.252831	-1.1640697
26.262813	-1.165291
26.272795	-1.1665132
26.282777	-1.1677362
26.292759	-1.16896
26.302741	-1.1701848
26.312723	-1.1714104
26.322705	-1.1726368
26.332687	-1.1738641
26.342669	-1.1750923
26.352651	-1.1763213
26.362633	-1.1775512
26.372615	-1.1787819
26.382597	-1.1800135
26.392579	-1.181246
26.402561	-1.1824793
26.412543	-1.1837135
26.422525	-1.1849485
26.432507	-1.1861844
26.442488	-1.1874211
26.45247	-1.1886588
26.462452	-1.1898972
26.472434	-1.1911366
26.482416	-1.1923768
26.492398	-1.1936178
26.50238	-1.1948598
26.512362	-1.1961026
26.522344	-1.1973462
26.532326	-1.1985907
26.542308	-1.1998361
26.55229	-1.2010823
26.562272	-1.2023294
26.572254	-1.2035774
26.582236	-1.2048262
26.592218	-1.2060758
26.6022	-1.2073264
26.612182	-1.2085778
26.622164	-1.2098301
26.632146	-1.2110832
26.642128	-1.2123372
26.65211	-1.213592
26.662092	-1.2148478
26.672074	-1.2161043
26.682056	-1.2173618
26.692038	-1.2186201
26.70202	-1.2198793
26.712002	-1.2211393
26.721984	-1.2224002
26.731966	-1.223662
26.741948	-1.2249246
26.75193	-1.2261881
26.761912	-1.2274525
26.771894	-1.2287177
26.781876	-1.2299838
26.791858	-1.2312507
26.80184	-1.2325185
26.811822	-1.2337872
26.821804	-1.2350568
26.831786	-1.2363272
26.841768	-1.2375985
26.85175	-1.2388706
26.861732	-1.2401436
26.871714	-1.2414175
26.881696	-1.2426922
26.891678	-1.2439678
26.90166	-1.2452443
26.911642	-1.2465216
26.921624	-1.2477999
26.931606	-1.2490789
26.941588	-1.2503589
26.95157	-1.2516397
26.961552	-1.2529213
26.971534	-1.2542039
26.981516	-1.2554873
26.991498	-1.2567716
27.00148	-1.2580567
27.011462	-1.2593427
27.021444	-1.2606296
27.031426	-1.2619173
27.041408	-1.263206
27.05139	-1.2644954
27.061372	-1.2657858
27.071354	-1.267077
27.081336	-1.2683691
27.091318	-1.269662
27.1013	-1.2709559
27.111282	-1.2722505
27.121264	-1.2735461
27.131246	-1.2748425
27.141228	-1.2761398
27.15121	-1.277438
27.161192	-1.278737
27.171174	-1.2800369
27.181156	-1.2813377
27.191138	-1.2826393
27.20112	-1.2839418
27.211102	-1.2852452
27.221084	-1.2865495
27.231066	-1.2878546
27.241048	-1.2891606
27.25103	-1.2904674
27.261012	-1.2917752
27.270994	-1.2930838
27.280976	-1.2943932
27.290958	-1.2957036
27.30094	-1.2970148
27.310922	-1.2983269
27.320904	-1.2996398
27.330886	-1.3009536
27.340868	-1.3022683
27.35085	-1.3035839
27.360832	-1.3049003
27.370814	-1.3062176
27.380796	-1.3075358
27.390778	-1.3088548
27.40076	-1.3101748
27.410742	-1.3114955
27.420724	-1.3128172
27.430706	-1.3141397
27.440688	-1.3154631
27.45067	-1.3167874
27.460652	-1.3181126
27.470634	-1.3194386
27.480616	-1.3207655
27.490598	-1.3220932
27.50058	-1.3234219
27.510562	-1.3247514
27.520544	-1.3260817
27.530526	-1.327413
27.540508	-1.3287451
27.55049	-1.3300781
27.560472	-1.331412
27.570454	-1.3327467
27.580436	-1.3340823
27.590418	-1.3354188
27.6004	-1.3367562
27.610382	-1.3380944
27.620364	-1.3394335
27.630346	-1.3407735
27.640328	-1.3421143
27.65031	-1.3434561
27.660292	-1.3447987
27.670274	-1.3461421
27.680256	-1.3474865
27.690238	-1.3488317
27.70022	-1.3501778
27.710202	-1.3515248
27.720184	-1.3528726
27.730166	-1.3542213
27.740148	-1.3555709
27.75013	-1.3569214
27.760112	-1.3582727
27.770094	-1.3596249
27.780076	-1.360978
27.790058	-1.3623319
27.80004	-1.3636868
27.810022	-1.3650425
27.820004	-1.3663991
27.829986	-1.3677565
27.839968	-1.3691148
27.84995	-1.370474
27.859932	-1.3718341
27.869914	-1.3731951
27.879896	-1.3745569
27.889878	-1.3759196
27.89986	-1.3772832
27.909842	-1.3786476
27.919824	-1.380013
27.929806	-1.3813792
27.939788	-1.3827462
27.94977	-1.3841142
27.959752	-1.385483
27.969734	-1.3868527
27.979716	-1.3882233
27.989698	-1.3895948
27.99968	-1.3909671
28.009662	-1.3923403
28.019644	-1.3937144
28.029626	-1.3950893
28.039608	-1.3964652
28.04959	-1.3978419
28.059572	-1.3992195
28.069554	-1.4005979
28.079536	-1.4019772
28.089518	-1.4033575
28.0995	-1.4047385
28.109482	-1.4061205
28.119464	-1.4075033
28.129446	-1.4088871
28.139428	-1.4102717
28.14941	-1.4116571
28.159392	-1.4130435
28.169374	-1.4144307
28.179356	-1.4158188
28.189338	-1.4172078
28.19932	-1.4185976
28.209302	-1.4199883
28.219284	-1.4213799
28.229266	-1.4227724
28.239248	-1.4241658
28.24923	-1.42556
28.259212	-1.4269551
28.269194	-1.4283511
28.279176	-1.4297479
28.289158	-1.4311457
28.29914	-1.4325443
28.309122	-1.4339438
28.319104	-1.4353442
28.329086	-1.4367454
28.339068	-1.4381475
28.34905	-1.4395505
28.359032	-1.4409544
28.369014	-1.4423592
28.378996	-1.4437648
28.388978	-1.4451713
28.39896	-1.4465787
28.408942	-1.4479869
28.418924	-1.4493961
28.428906	-1.4508061
28.438888	-1.452217
28.44887	-1.4536288
28.458852	-1.4550414
28.468834	-1.4564549
28.478816	-1.4578693
28.488798	-1.4592846
28.49878	-1.4607008
28.508762	-1.4621178
28.518744	-1.4635357
28.528726	-1.4649545
28.538708	-1.4663742
28.54869	-1.4677947
28.558672	-1.4692162
28.568654	-1.4706385
28.578636	-1.4720616
28.588618	-1.4734857
28.5986	-1.4749106
28.608582	-1.4763364
28.618564	-1.4777631
28.628546	-1.4791907
28.638528	-1.4806191
28.64851	-1.4820485
28.658492	-1.4834787
28.668474	-1.4849097
28.678456	-1.4863417
28.688438	-1.4877745
28.69842	-1.4892082
28.708402	-1.4906428
28.718384	-1.4920783
28.728366	-1.4935146
28.738348	-1.4949518
28.74833	-1.4963899
28.758312	-1.4978289
28.768294	-1.4992688
28.778276	-1.5007095
28.788258	-1.5021511
28.79824	-1.5035936
28.808222	-1.505037
28.818204	-1.5064812
28.828186	-1.5079263
28.838168	-1.5093723
28.84815	-1.5108192
28.858132	-1.512267
28.868114	-1.5137156
28.878096	-1.5151651
28.888078	-1.5166155
28.89806	-1.5180668
28.908042	-1.5195189
28.918024	-1.5209719
28.928006	-1.5224258
28.937988	-1.5238806
28.94797	-1.5253363
28.957952	-1.5267928
28.967934	-1.5282502
28.977916	-1.5297085
28.987898	-1.5311677
28.99788	-1.5326277
29.007862	-1.5340887
29.017844	-1.5355505
29.027826	-1.5370131
29.037808	-1.5384767
29.04779	-1.5399411
29.057772	-1.5414065
29.067754	-1.5428726
29.077736	-1.5443397
29.087718	-1.5458077
29.0977	-1.5472765
29.107682	-1.5487462
29.117664	-1.5502168
29.127646	-1.5516882
29.137628	-1.5531606
29.14761	-1.5546338
29.157592	-1.5561079
29.167574	-1.5575828
29.177556	-1.5590587
29.187538	-1.5605354
29.19752	-1.562013
29.207502	-1.5634915
29.217483	-1.5649709
29.227465	-1.5664511
29.237447	-1.5679322
29.247429	-1.5694142
29.257411	-1.5708971
29.267393	-1.5723808
29.277375	-1.5738654
29.287357	-1.5753509
29.297339	-1.5768373
29.307321	-1.5783246
29.317303	-1.5798127
29.327285	-1.5813017
29.337267	-1.5827916
29.347249	-1.5842824
29.357231	-1.585774
29.367213	-1.5872665
29.377195	-1.5887599
29.387177	-1.5902542
29.397159	-1.5917493
29.407141	-1.5932454
29.417123	-1.5947423
29.427105	-1.5962401
29.437087	-1.5977387
29.447069	-1.5992383
29.457051	-1.6007387
29.467033	-1.60224
29.477015	-1.6037421
29.486997	-1.6052452
29.496979	-1.6067491
29.506961	-1.6082539
29.516943	-1.6097596
29.526925	-1.6112661
29.536907	-1.6127736
29.546889	-1.6142819
29.556871	-1.6157911
29.566853	-1.6173011
29.576835	-1.6188121
29.586817	-1.6203239
29.596799	-1.6218366
29.606781	-1.6233501
29.616763	-1.6248646
29.626745	-1.6263799
29.636727	-1.6278961
29.646709	-1.6294132
29.656691	-1.6309311
29.666673	-1.6324499
29.676655	-1.6339696
29.686637	-1.6354902
29.696619	-1.6370117
29.706601	-1.638534
29.716583	-1.6400572
29.726565	-1.6415813
29.736547	-1.6431062
29.746529	-1.6446321
29.756511	-1.6461588
29.766493	-1.6476864
29.776475	-1.6492148
29.786457	-1.6507441
29.796439	-1.6522744
29.806421	-1.6538054
29.816403	-1.6553374
29.826385	-1.6568702
29.836367	-1.658404
29.846349	-1.6599386
29.856331	-1.661474
29.866313	-1.6630104
29.876295	-1.6645476
29.886277	-1.6660857
29.896259	-1.6676246
29.906241	-1.6691645
29.916223	-1.6707052
29.926205	-1.6722468
29.936187	-1.6737892
29.946169	-1.6753326
29.956151	-1.6768768
29.966133	-1.6784219
29.976115	-1.6799678
29.986097	-1.6815147
29.996079	-1.6830624
30.006061	-1.684611
30.016043	-1.6861604
30.026025	-1.6877108
30.036007	-1.689262
30.045989	-1.6908141
30.055971	-1.692367
30.065953	-1.6939209
30.075935	-1.6954756
30.085917	-1.6970311
30.095899	-1.6985876
30.105881	-1.7001449
30.115863	-1.7017031
30.125845	-1.7032622
30.135827	-1.7048222
30.145809	-1.706383
30.155791	-1.7079447
30.165773	-1.7095072
30.175755	-1.7110707
30.185737	-1.712635
30.195719	-1.7142002
30.205701	-1.7157662
30.215683	-1.7173332
30.225665	-1.718901
30.235647	-1.7204697
30.245629	-1.7220392
30.255611	-1.7236096
30.265593	-1.7251809
30.275575	-1.7267531
30.285557	-1.7283261
30.295539	-1.7299001
30.305521	-1.7314749
30.315503	-1.7330505
30.325485	-1.734627
30.335467	-1.7362044
30.345449	-1.7377827
30.355431	-1.7393619
30.365413	-1.7409419
30.375395	-1.7425228
30.385377	-1.7441045
30.395359	-1.7456872
30.405341	-1.7472707
30.415323	-1.7488551
30.425305	-1.7504403
30.435287	-1.7520264
30.445269	-1.7536134
30.455251	-1.7552013
30.465233	-1.75679
30.475215	-1.7583796
30.485197	-1.7599701
30.495179	-1.7615614
30.505161	-1.7631536
30.515143	-1.7647467
30.525125	-1.7663407
30.535107	-1.7679355
30.545089	-1.7695312
30.555071	-1.7711277
30.565053	-1.7727252
30.575035	-1.7743235
30.585017	-1.7759227
30.594999	-1.7775227
30.604981	-1.7791236
30.614963	-1.7807254
30.624945	-1.7823281
30.634927	-1.7839316
30.644909	-1.785536
30.654891	-1.7871412
30.664873	-1.7887474
30.674855	-1.7903543
30.684837	-1.7919622
30.694819	-1.7935709
30.704801	-1.7951806
30.714783	-1.796791
30.724765	-1.7984024
30.734747	-1.8000146
30.744729	-1.8016276
30.754711	-1.8032416
30.764693	-1.8048564
30.774675	-1.8064721
30.784657	-1.8080886
30.794639	-1.809706
30.804621	-1.8113243
30.814603	-1.8129435
30.824585	-1.8145635
30.834567	-1.8161844
30.844549	-1.8178061
30.854531	-1.8194287
30.864513	-1.8210522
30.874495	-1.8226766
30.884477	-1.8243018
30.894459	-1.8259279
30.904441	-1.8275548
30.914423	-1.8291826
30.924405	-1.8308113
30.934387	-1.8324409
30.944369	-1.8340713
30.954351	-1.8357026
30.964333	-1.8373347
30.974315	-1.8389677
30.984297	-1.8406016
30.994279	-1.8422363
31.004261	-1.8438719
31.014243	-1.8455084
31.024225	-1.8471458
31.034207	-1.848784
31.044189	-1.850423
31.054171	-1.852063
31.064153	-1.8537037
31.074135	-1.8553454
31.084117	-1.8569879
31.094099	-1.8586313
31.104081	-1.8602756
31.114063	-1.8619207
31.124045	-1.8635667
31.134027	-1.8652135
31.144009	-1.8668612
31.153991	-1.8685098
31.163973	-1.8701592
31.173955	-1.8718095
31.183937	-1.8734607
31.193919	-1.8751127
31.203901	-1.8767656
31.213883	-1.8784193
31.223865	-1.8800739
31.233847	-1.8817294
31.243829	-1.8833857
31.253811	-1.8850429
31.263793	-1.886701
31.273775	-1.8883599
31.283757	-1.8900196
31.293739	-1.8916803
31.303721	-1.8933418
31.313703	-1.8950041
31.323685	-1.8966674
31.333667	-1.8983314
31.343649	-1.8999964
31.353631	-1.9016622
31.363613	-1.9033289
31.373595	-1.9049964
31.383577	-1.9066648
31.393559	-1.908334
31.403541	-1.9100041
31.413523	-1.9116751
31.423505	-1.9133469
31.433487	-1.9150196
31.443469	-1.9166931
31.453451	-1.9183675
31.463433	-1.9200428
31.473415	-1.9217189
31.483397	-1.9233959
31.493379	-1.9250737
31.503361	-1.9267524
31.513343	-1.928432
31.523325	-1.9301124
31.533307	-1.9317936
31.543289	-1.9334758
31.553271	-1.9351587
31.563253	-1.9368426
31.573235	-1.9385273
31.583217	-1.9402128
31.593199	-1.9418992
31.603181	-1.9435865
31.613163	-1.9452746
31.623145	-1.9469636
31.633127	-1.9486535
31.643109	-1.9503441
31.653091	-1.9520357
31.663073	-1.9537281
31.673055	-1.9554214
31.683037	-1.9571155
31.693019	-1.9588105
31.703001	-1.9605063
31.712983	-1.962203
31.722965	-1.9639005
31.732947	-1.9655989
31.742929	-1.9672981
31.752911	-1.9689982
31.762893	-1.9706992
31.772875	-1.972401
31.782857	-1.9741037
31.792839	-1.9758072
31.802821	-1.9775115
31.812803	-1.9792168
31.822785	-1.9809228
31.832767	-1.9826298
31.842749	-1.9843375
31.852731	-1.9860462
31.862713	-1.9877557
31.872695	-1.989466
31.882677	-1.9911772
31.892659	-1.9928892
31.902641	-1.9946021
31.912623	-1.9963159
31.922605	-1.9980305
31.932587	-1.9997459
31.942569	-2.0014622
31.952551	-2.0031794
31.962533	-2.0048974
31.972515	-2.0066162
31.982496	-2.0083359
31.992478	-2.0100565
32.00246	-2.0117779
32.012442	-2.0135002
32.022424	-2.0152233
32.032406	-2.0169472
32.042388	-2.018672
32.05237	-2.0203977
32.062352	-2.0221242
32.072334	-2.0238515
32.082316	-2.0255797
32.092298	-2.0273088
32.10228	-2.0290386
32.112262	-2.0307694
32.122244	-2.032501
32.132226	-2.0342334
32.142208	-2.0359667
32.15219	-2.0377008
32.162172	-2.0394358
32.172154	-2.0411716
32.182136	-2.0429083
32.192118	-2.0446458
32.2021	-2.0463842
32.212082	-2.0481234
32.222064	-2.0498635
32.232046	-2.0516044
32.242028	-2.0533461
32.25201	-2.0550887
32.261992	-2.0568322
32.271974	-2.0585765
32.281956	-2.0603216
32.291938	-2.0620676
32.30192	-2.0638144
32.311902	-2.065562
32.321884	-2.0673106
32.331866	-2.0690599
32.341848	-2.0708101
32.35183	-2.0725611
32.361812	-2.074313
32.371794	-2.0760657
32.381776	-2.0778193
32.391758	-2.0795737
32.40174	-2.081329
32.411722	-2.0830851
32.421704	-2.084842
32.431686	-2.0865998
32.441668	-2.0883584
32.45165	-2.0901179
32.461632	-2.0918782
32.471614	-2.0936393
32.481596	-2.0954013
32.491578	-2.0971641
32.50156	-2.0989278
32.511542	-2.1006923
32.521524	-2.1024577
32.531506	-2.1042239
32.541488	-2.1059909
32.55147	-2.1077587
32.561452	-2.1095275
32.571434	-2.111297
32.581416	-2.1130674
32.591398	-2.1148386
32.60138	-2.1166107
32.611362	-2.1183836
32.621344	-2.1201573
32.631326	-2.1219319
32.641308	-2.1237073
32.65129	-2.1254835
32.661272	-2.1272606
32.671254	-2.1290386
32.681236	-2.1308173
32.691218	-2.1325969
32.7012	-2.1343773
32.711182	-2.1361586
32.721164	-2.1379407
32.731146	-2.1397237
32.741128	-2.1415074
32.75111	-2.143292
32.761092	-2.1450775
32.771074	-2.1468638
32.781056	-2.1486509
32.791038	-2.1504388
32.80102	-2.1522276
32.811002	-2.1540172
32.820984	-2.1558077
32.830966	-2.157599
32.840948	-2.1593911
32.85093	-2.161184
32.860912	-2.1629778
32.870894	-2.1647725
32.880876	-2.1665679
32.890858	-2.1683642
32.90084	-2.1701613
32.910822	-2.1719592
32.920804	-2.173758
32.930786	-2.1755576
32.940768	-2.1773581
32.95075	-2.1791593
32.960732	-2.1809614
32.970714	-2.1827644
32.980696	-2.1845681
32.990678	-2.1863727
33.00066	-2.1881781
33.010642	-2.1899844
33.020624	-2.1917914
33.030606	-2.1935994
33.040588	-2.1954081
33.05057	-2.1972176
33.060552	-2.199028
33.070534	-2.2008393
33.080516	-2.2026513
33.090498	-2.2044642
33.10048	-2.2062779
33.110462	-2.2080924
33.120444	-2.2099078
33.130426	-2.2117239
33.140408	-2.213541
33.15039	-2.2153588
33.160372	-2.2171775
33.170354	-2.2189969
33.180336	-2.2208172
33.190318	-2.2226384
33.2003	-2.2244603
33.210282	-2.2262831
33.220264	-2.2281067
33.230246	-2.2299312
33.240228	-2.2317564
33.25021	-2.2335825
33.260192	-2.2354094
33.270174	-2.2372371
33.280156	-2.2390657
33.290138	-2.2408951
33.30012	-2.2427253
33.310102	-2.2445563
33.320084	-2.2463881
33.330066	-2.2482208
33.340048	-2.2500543
33.35003	-2.2518886
33.360012	-2.2537237
33.369994	-2.2555596
33.379976	-2.2573964
33.389958	-2.259234
33.39994	-2.2610724
33.409922	-2.2629116
33.419904	-2.2647517
33.429886	-2.2665925
33.439868	-2.2684342
33.44985	-2.2702767
33.459832	-2.27212
33.469814	-2.2739642
33.479796	-2.2758091
33.489778	-2.2776549
33.49976	-2.2795015
33.509742	-2.2813489
33.519724	-2.2831971
33.529706	-2.2850462
33.539688	-2.286896
33.54967	-2.2887467
33.559652	-2.2905982
33.569634	-2.2924505
33.579616	-2.2943036
33.589598	-2.2961576
33.59958	-2.2980123
33.609562	-2.2998679
33.619544	-2.3017243
33.629526	-2.3035815
33.639508	-2.3054395
33.64949	-2.3072983
33.659472	-2.3091579
33.669454	-2.3110184
33.679436	-2.3128796
33.689418	-2.3147417
33.6994	-2.3166046
33.709382	-2.3184683
33.719364	-2.3203328
33.729346	-2.3221981
33.739328	-2.3240642
33.74931	-2.3259312
33.759292	-2.3277989
33.769274	-2.3296675
33.779256	-2.3315369
33.789238	-2.333407
33.79922	-2.335278
33.809202	-2.3371498
33.819184	-2.3390224
33.829166	-2.3408959
33.839148	-2.3427701
33.84913	-2.3446451
33.859112	-2.346521
33.869094	-2.3483976
33.879076	-2.3502751
33.889058	-2.3521533
33.89904	-2.3540324
33.909022	-2.3559123
33.919004	-2.357793
33.928986	-2.3596745
33.938968	-2.3615568
33.94895	-2.3634399
33.958932	-2.3653238
33.968914	-2.3672085
33.978896	-2.369094
33.988878	-2.3709803
33.99886	-2.3728674
34.008842	-2.3747554
34.018824	-2.3766441
34.028806	-2.3785336
34.038788	-2.380424
34.04877	-2.3823151
34.058752	-2.384207
34.068734	-2.3860998
34.078716	-2.3879933
34.088698	-2.3898877
34.09868	-2.3917828
34.108662	-2.3936788
34.118644	-2.3955755
34.128626	-2.3974731
34.138608	-2.3993714
34.14859	-2.4012706
34.158572	-2.4031705
34.168554	-2.4050713
34.178536	-2.4069728
34.188518	-2.4088752
34.1985	-2.4107783
34.208482	-2.4126823
34.218464	-2.414587
34.228446	-2.4164925
34.238428	-2.4183989
34.24841	-2.420306
34.258392	-2.4222139
34.268374	-2.4241226
34.278356	-2.4260322
34.288338	-2.4279425
34.29832	-2.4298536
34.308302	-2.4317655
34.318284	-2.4336782
34.328266	-2.4355917
34.338248	-2.437506
34.34823	-2.4394211
34.358212	-2.4413369
34.368194	-2.4432536
34.378176	-2.4451711
34.388158	-2.4470893
34.39814	-2.4490084
34.408122	-2.4509282
34.418104	-2.4528489
34.428086	-2.4547703
34.438068	-2.4566925
34.44805	-2.4586155
34.458032	-2.4605393
34.468014	-2.4624639
34.477996	-2.4643893
34.487978	-2.4663154
34.49796	-2.4682424
34.507942	-2.4701701
34.517924	-2.4720987
34.527906	-2.474028
34.537888	-2.4759581
34.54787	-2.477889
34.557852	-2.4798207
34.567834	-2.4817532
34.577816	-2.4836864
34.587798	-2.4856205
34.59778	-2.4875553
34.607762	-2.4894909
34.617744	-2.4914273
34.627726	-2.4933645
34.637708	-2.4953025
34.64769	-2.4972412
34.657672	-2.4991808
34.667654	-2.5011211
34.677636	-2.5030622
34.687618	-2.5050041
34.6976	-2.5069468
34.707582	-2.5088903
34.717564	-2.5108345
34.727546	-2.5127795
34.737528	-2.5147254
34.74751	-2.5166719
34.757491	-2.5186193
34.767473	-2.5205675
34.777455	-2.5225164
34.787437	-2.5244661
34.797419	-2.5264166
34.807401	-2.5283679
34.817383	-2.53032
34.827365	-2.5322728
34.837347	-2.5342264
34.847329	-2.5361808
34.857311	-2.538136
34.867293	-2.5400919
34.877275	-2.5420486
34.887257	-2.5440061
34.897239	-2.5459644
34.907221	-2.5479235
34.917203	-2.5498833
34.927185	-2.5518439
34.937167	-2.5538053
34.947149	-2.5557675
34.957131	-2.5577304
34.967113	-2.5596941
34.977095	-2.5616586
34.987077	-2.5636239
34.997059	-2.5655899
35.007041	-2.5675567
35.017023	-2.5695243
35.027005	-2.5714926
35.036987	-2.5734617
35.046969	-2.5754316
35.056951	-2.5774023
35.066933	-2.5793737
35.076915	-2.581346
35.086897	-2.5833189
35.096879	-2.5852927
35.106861	-2.5872672
35.116843	-2.5892425
35.126825	-2.5912186
35.136807	-2.5931954
35.146789	-2.595173
35.156771	-2.5971514
35.166753	-2.5991305
35.176735	-2.6011104
35.186717	-2.6030911
35.196699	-2.6050725
35.206681	-2.6070547
35.216663	-2.6090377
35.226645	-2.6110214
35.236627	-2.6130059
35.246609	-2.6149912
35.256591	-2.6169772
35.266573	-2.618964
35.276555	-2.6209516
35.286537	-2.6229399
35.296519	-2.624929
35.306501	-2.6269189
35.316483	-2.6289095
35.326465	-2.6309009
35.336447	-2.632893
35.346429	-2.6348859
35.356411	-2.6368796
35.366393	-2.638874
35.376375	-2.6408692
35.386357	-2.6428652
35.396339	-2.6448619
35.406321	-2.6468594
35.416303	-2.6488576
35.426285	-2.6508566
35.436267	-2.6528563
35.446249	-2.6548569
35.456231	-2.6568581
35.466213	-2.6588602
35.476195	-2.6608629
35.486177	-2.6628665
35.496159	-2.6648708
35.506141	-2.6668758
35.516123	-2.6688816
35.526105	-2.6708882
35.536087	-2.6728955
35.546069	-2.6749036
35.556051	-2.6769125
35.566033	-2.678922
35.576015	-2.6809324
35.585997	-2.6829435
35.595979	-2.6849553
35.605961	-2.6869679
35.615943	-2.6889813
35.625925	-2.6909954
35.635907	-2.6930103
35.645889	-2.6950259
35.655871	-2.6970422
35.665853	-2.6990594
35.675835	-2.7010772
35.685817	-2.7030959
35.695799	-2.7051152
35.705781	-2.7071353
35.715763	-2.7091562
35.725745	-2.7111778
35.735727	-2.7132002
35.745709	-2.7152233
35.755691	-2.7172472
35.765673	-2.7192718
35.775655	-2.7212971
35.785637	-2.7233232
35.795619	-2.7253501
35.805601	-2.7273777
35.815583	-2.729406
35.825565	-2.7314351
35.835547	-2.7334649
35.845529	-2.7354955
35.855511	-2.7375268
35.865493	-2.7395589
35.875475	-2.7415917
35.885457	-2.7436253
35.895439	-2.7456596
35.905421	-2.7476946
35.915403	-2.7497304
35.925385	-2.7517669
35.935367	-2.7538042
35.945349	-2.7558422
35.955331	-2.7578809
35.965313	-2.7599204
35.975295	-2.7619607
35.985277	-2.7640016
35.995259	-2.7660433
36.005241	-2.7680858
36.015223	-2.770129
36.025205	-2.7721729
36.035187	-2.7742176
36.045169	-2.776263
36.055151	-2.7783091
36.065133	-2.780356
36.075115	-2.7824036
36.085097	-2.7844519
36.095079	-2.786501
36.105061	-2.7885508
36.115043	-2.7906014
36.125025	-2.7926527
36.135007	-2.7947047
36.144989	-2.7967574
36.154971	-2.7988109
36.164953	-2.8008652
36.174935	-2.8029201
36.184917	-2.8049758
36.194899	-2.8070322
36.204881	-2.8090894
36.214863	-2.8111473
36.224845	-2.8132059
36.234827	-2.8152652
36.244809	-2.8173253
36.254791	-2.8193861
36.264773	-2.8214476
36.274755	-2.8235099
36.284737	-2.8255729
36.294719	-2.8276366
36.304701	-2.8297011
36.314683	-2.8317662
36.324665	-2.8338321
36.334647	-2.8358988
36.344629	-2.8379661
36.354611	-2.8400342
36.364593	-2.842103
36.374575	-2.8441726
36.384557	-2.8462428
36.394539	-2.8483138
36.404521	-2.8503855
36.414503	-2.852458
36.424485	-2.8545311
36.434467	-2.856605
36.444449	-2.8586796
36.454431	-2.8607549
36.464413	-2.862831
36.474395	-2.8649078
36.484377	-2.8669852
36.494359	-2.8690635
36.504341	-2.8711424
36.514323	-2.873222
36.524305	-2.8753024
36.534287	-2.8773835
36.544269	-2.8794653
36.554251	-2.8815479
36.564233	-2.8836311
36.574215	-2.8857151
36.584197	-2.8877998
36.594179	-2.8898852
36.604161	-2.8919713
36.614143	-2.8940581
36.624125	-2.8961457
36.634107	-2.8982339
36.644089	-2.9003229
36.654071	-2.9024126
36.664053	-2.904503
36.674035	-2.9065941
36.684017	-2.908686
36.693999	-2.9107785
36.703981	-2.9128718
36.713963	-2.9149658
36.723945	-2.9170605
36.733927	-2.9191559
36.743909	-2.921252
36.753891	-2.9233488
36.763873	-2.9254463
36.773855	-2.9275446
36.783837	-2.9296435
36.793819	-2.9317432
36.803801	-2.9338436
36.813783	-2.9359446
36.823765	-2.9380464
36.833747	-2.9401489
36.843729	-2.9422521
36.853711	-2.9443561
36.863693	-2.9464607
36.873675	-2.948566
36.883657	-2.950672
36.893639	-2.9527788
36.903621	-2.9548862
36.913603	-2.9569944
36.923585	-2.9591032
36.933567	-2.9612128
36.943549	-2.963323
36.953531	-2.965434
36.963513	-2.9675457
36.973495	-2.969658
36.983477	-2.9717711
36.993459	-2.9738849
37.003441	-2.9759993
37.013423	-2.9781145
37.023405	-2.9802304
37.033387	-2.982347
37.043369	-2.9844642
37.053351	-2.9865822
37.063333	-2.9887009
37.073315	-2.9908202
37.083297	-2.9929403
37.093279	-2.9950611
37.103261	-2.9971825
37.113243	-2.9993047
37.123225	-3.0014276
37.133207	-3.0035511
37.143189	-3.0056754
37.153171	-3.0078003
37.163153	-3.009926
37.173135	-3.0120523
37.183117	-3.0141793
37.193099	-3.016307
37.203081	-3.0184355
37.213063	-3.0205646
37.223045	-3.0226944
37.233027	-3.0248249
37.243009	-3.026956
37.252991	-3.0290879
37.262973	-3.0312205
37.272955	-3.0333537
37.282937	-3.0354877
37.292919	-3.0376223
37.302901	-3.0397577
37.312883	-3.0418937
37.322865	-3.0440304
37.332847	-3.0461678
37.342829	-3.0483058
37.352811	-3.0504446
37.362793	-3.0525841
37.372775	-3.0547242
37.382757	-3.056865
37.392739	-3.0590065
37.402721	-3.0611487
37.412703	-3.0632916
37.422685	-3.0654352
37.432667	-3.0675794
37.442649	-3.0697244
37.452631	-3.07187
37.462613	-3.0740163
37.472595	-3.0761633
37.482577	-3.0783109
37.492559	-3.0804593
37.502541	-3.0826083
37.512523	-3.084758
37.522505	-3.0869084
37.532486	-3.0890595
37.542468	-3.0912112
37.55245	-3.0933637
37.562432	-3.0955168
37.572414	-3.0976706
37.582396	-3.099825
37.592378	-3.1019802
37.60236	-3.104136
37.612342	-3.1062925
37.622324	-3.1084496
37.632306	-3.1106075
37.642288	-3.112766
37.65227	-3.1149252
37.662252	-3.1170851
37.672234	-3.1192456
37.682216	-3.1214069
37.692198	-3.1235687
37.70218	-3.1257313
37.712162	-3.1278946
37.722144	-3.1300585
37.732126	-3.1322231
37.742108	-3.1343883
37.75209	-3.1365542
37.762072	-3.1387208
37.772054	-3.1408881
37.782036	-3.143056
37.792018	-3.1452246
37.802	-3.1473939
37.811982	-3.1495639
37.821964	-3.1517345
37.831946	-3.1539057
37.841928	-3.1560777
37.85191	-3.1582503
37.861892	-3.1604236
37.871874	-3.1625975
37.881856	-3.1647721
37.891838	-3.1669474
37.90182	-3.1691234
37.911802	-3.1713
37.921784	-3.1734772
37.931766	-3.1756552
37.941748	-3.1778338
37.95173	-3.180013
37.961712	-3.1821929
37.971694	-3.1843735
37.981676	-3.1865548
37.991658	-3.1887367
38.00164	-3.1909192
38.011622	-3.1931025
38.021604	-3.1952864
38.031586	-3.1974709
38.041568	-3.1996561
38.05155	-3.201842
38.061532	-3.2040285
38.071514	-3.2062157
38.081496	-3.2084035
38.091478	-3.210592
38.10146	-3.2127811
38.111442	-3.2149709
38.121424	-3.2171614
38.131406	-3.2193525
38.141388	-3.2215443
38.15137	-3.2237367
38.161352	-3.2259298
38.171334	-3.2281235
38.181316	-3.2303179
38.191298	-3.2325129
38.20128	-3.2347086
38.211262	-3.236905
38.221244	-3.239102
38.231226	-3.2412996
38.241208	-3.2434979
38.25119	-3.2456968
38.261172	-3.2478964
38.271154	-3.2500967
38.281136	-3.2522976
38.291118	-3.2544991
38.3011	-3.2567013
38.311082	-3.2589041
38.321064	-3.2611076
38.331046	-3.2633117
38.341028	-3.2655165
38.35101	-3.2677219
38.360992	-3.269928
38.370974	-3.2721347
38.380956	-3.2743421
38.390938	-3.2765501
38.40092	-3.2787587
38.410902	-3.280968
38.420884	-3.2831779
38.430866	-3.2853885
38.440848	-3.2875997
38.45083	-3.2898116
38.460812	-3.292024
38.470794	-3.2942372
38.480776	-3.296451
38.490758	-3.2986654
38.50074	-3.3008804
38.510722	-3.3030961
38.520704	-3.3053125
38.530686	-3.3075294
38.540668	-3.309747
38.55065	-3.3119653
38.560632	-3.3141842
38.570614	-3.3164037
38.580596	-3.3186238
38.590578	-3.3208446
38.60056	-3.3230661
38.610542	-3.3252881
38.620524	-3.3275108
38.630506	-3.3297341
38.640488	-3.3319581
38.65047	-3.3341827
38.660452	-3.3364079
38.670434	-3.3386338
38.680416	-3.3408603
38.690398	-3.3430874
38.70038	-3.3453151
38.710362	-3.3475435
38.720344	-3.3497725
38.730326	-3.3520022
38.740308	-3.3542324
38.75029	-3.3564633
38.760272	-3.3586949
38.770254	-3.360927
38.780236	-3.3631598
38.790218	-3.3653932
38.8002	-3.3676272
38.810182	-3.3698619
38.820164	-3.3720972
38.830146	-3.3743331
38.840128	-3.3765696
38.85011	-3.3788068
38.860092	-3.3810446
38.870074	-3.383283
38.880056	-3.385522
38.890038	-3.3877617
38.90002	-3.390002
38.910002	-3.3922428
38.919984	-3.3944844
38.929966	-3.3967265
38.939948	-3.3989693
38.94993	-3.4012126
38.959912	-3.4034566
38.969894	-3.4057013
38.979876	-3.4079465
38.989858	-3.4101923
38.99984	-3.4124388
39.009822	-3.4146859
39.019804	-3.4169336
39.029786	-3.4191819
39.039768	-3.4214309
39.04975	-3.4236804
39.059732	-3.4259306
39.069714	-3.4281814
39.079696	-3.4304328
39.089678	-3.4326848
39.09966	-3.4349374
39.109642	-3.4371906
39.119624	-3.4394445
39.129606	-3.4416989
39.139588	-3.443954
39.14957	-3.4462097
39.159552	-3.448466
39.169534	-3.4507229
39.179516	-3.4529804
39.189498	-3.4552385
39.19948	-3.4574973
39.209462	-3.4597566
39.219444	-3.4620166
39.229426	-3.4642771
39.239408	-3.4665383
39.24939	-3.4688
39.259372	-3.4710624
39.269354	-3.4733254
39.279336	-3.475589
39.289318	-3.4778532
39.2993	-3.480118
39.309282	-3.4823834
39.319264	-3.4846494
39.329246	-3.486916
39.339228	-3.4891832
39.34921	-3.491451
39.359192	-3.4937194
39.369174	-3.4959884
39.379156	-3.498258
39.389138	-3.5005283
39.39912	-3.5027991
39.409102	-3.5050705
39.419084	-3.5073425
39.429066	-3.5096151
39.439048	-3.5118883
39.44903	-3.5141621
39.459012	-3.5164365
39.468994	-3.5187115
39.478976	-3.5209871
39.488958	-3.5232633
39.49894	-3.5255401
39.508922	-3.5278175
39.518904	-3.5300955
39.528886	-3.5323741
39.538868	-3.5346532
39.54885	-3.536933
39.558832	-3.5392134
39.568814	-3.5414943
39.578796	-3.5437759
39.588778	-3.546058
39.59876	-3.5483407
39.608742	-3.550624
39.618724	-3.5529079
39.628706	-3.5551924
39.638688	-3.5574775
39.64867	-3.5597632
39.658652	-3.5620494
39.668634	-3.5643363
39.678616	-3.5666237
39.688598	-3.5689117
39.69858	-3.5712003
39.708562	-3.5734895
39.718544	-3.5757793
39.728526	-3.5780697
39.738508	-3.5803606
39.74849	-3.5826522
39.758472	-3.5849443
39.768454	-3.587237
39.778436	-3.5895303
39.788418	-3.5918241
39.7984	-3.5941186
39.808382	-3.5964136
39.818364	-3.5987092
39.828346	-3.6010054
39.838328	-3.6033022
39.84831	-3.6055996
39.858292	-3.6078975
39.868274	-3.610196
39.878256	-3.6124951
39.888238	-3.6147948
39.89822	-3.617095
39.908202	-3.6193958
39.918184	-3.6216972
39.928166	-3.6239992
39.938148	-3.6263018
39.94813	-3.6286049
39.958112	-3.6309086
39.968094	-3.6332129
39.978076	-3.6355177
39.988058	-3.6378231
39.99804	-3.6401291
40.008022	-3.6424357
40.018004	-3.6447429
40.027986	-3.6470506
40.037968	-3.6493589
40.04795	-3.6516677
40.057932	-3.6539771
40.067914	-3.6562871
40.077896	-3.6585977
40.087878	-3.6609088
40.09786	-3.6632205
40.107842	-3.6655328
40.117824	-3.6678457
40.127806	-3.6701591
40.137788	-3.672473
40.14777	-3.6747876
40.157752	-3.6771027
40.167734	-3.6794184
40.177716	-3.6817346
40.187698	-3.6840514
40.19768	-3.6863688
40.207662	-3.6886867
40.217644	-3.6910052
40.227626	-3.6933242
40.237608	-3.6956438
40.24759	-3.697964
40.257572	-3.7002848
40.267554	-3.7026061
40.277536	-3.7049279
40.287518	-3.7072504
40.297499	-3.7095733
40.307481	-3.7118969
40.317463	-3.714221
40.327445	-3.7165456
40.337427	-3.7188708
40.347409	-3.7211966
40.357391	-3.7235229
40.367373	-3.7258498
40.377355	-3.7281773
40.387337	-3.7305053
40.397319	-3.7328338
40.407301	-3.7351629
40.417283	-3.7374926
40.427265	-3.7398228
40.437247	-3.7421536
40.447229	-3.7444849
40.457211	-3.7468168
40.467193	-3.7491492
40.477175	-3.7514822
40.487157	-3.7538157
40.497139	-3.7561498
40.507121	-3.7584844
40.517103	-3.7608196
40.527085	-3.7631553
40.537067	-3.7654916
40.547049	-3.7678284
40.557031	-3.7701658
40.567013	-3.7725037
40.576995	-3.7748421
40.586977	-3.7771811
40.596959	-3.7795207
40.606941	-3.7818608
40.616923	-3.7842015
40.626905	-3.7865426
40.636887	-3.7888844
40.646869	-3.7912267
40.656851	-3.7935695
40.666833	-3.7959128
40.676815	-3.7982567
40.686797	-3.8006012
40.696779	-3.8029462
40.706761	-3.8052917
40.716743	-3.8076378
40.726725	-3.8099844
40.736707	-3.8123316
40.746689	-3.8146792
40.756671	-3.8170275
40.766653	-3.8193762
40.776635	-3.8217255
40.786617	-3.8240754
40.796599	-3.8264258
40.806581	-3.8287767
40.816563	-3.8311281
40.826545	-3.8334801
40.836527	-3.8358326
40.846509	-3.8381857
40.856491	-3.8405393
40.866473	-3.8428934
40.876455	-3.8452481
40.886437	-3.8476032
40.896419	-3.849959
40.906401	-3.8523152
40.916383	-3.854672
40.926365	-3.8570293
40.936347	-3.8593872
40.946329	-3.8617455
40.956311	-3.8641044
40.966293	-3.8664639
40.976275	-3.8688238
40.986257	-3.8711843
40.996239	-3.8735453
41.006221	-3.8759069
41.016203	-3.8782689
41.026185	-3.8806315
41.036167	-3.8829947
41.046149	-3.8853583
41.056131	-3.8877225
41.066113	-3.8900872
41.076095	-3.8924524
41.086077	-3.8948182
41.096059	-3.8971844
41.106041	-3.8995512
41.116023	-3.9019185
41.126005	-3.9042864
41.135987	-3.9066547
41.145969	-3.9090236
41.155951	-3.911393
41.165933	-3.9137629
41.175915	-3.9161333
41.185897	-3.9185043
41.195879	-3.9208758
41.205861	-3.9232478
41.215843	-3.9256203
41.225825	-3.9279933
41.235807	-3.9303668
41.245789	-3.9327409
41.255771	-3.9351155
41.265753	-3.9374905
41.275735	-3.9398662
41.285717	-3.9422423
41.295699	-3.9446189
41.305681	-3.946996
41.315663	-3.9493737
41.325645	-3.9517519
41.335627	-3.9541306
41.345609	-3.9565097
41.355591	-3.9588895
41.365573	-3.9612697
41.375555	-3.9636504
41.385537	-3.9660316
41.395519	-3.9684134
41.405501	-3.9707956
41.415483	-3.9731784
41.425465	-3.9755617
41.435447	-3.9779454
41.445429	-3.9803297
41.455411	-3.9827145
41.465393	-3.9850998
41.475375	-3.9874856
41.485357	-3.9898719
41.495339	-3.9922587
41.505321	-3.994646
41.515303	-3.9970339
41.525285	-3.9994222
41.535267	-4.001811
41.545249	-4.0042003
41.555231	-4.0065902
41.565213	-4.0089805
41.575195	-4.0113713
41.585177	-4.0137627
41.595159	-4.0161545
41.605141	-4.0185468
41.615123	-4.0209397
41.625105	-4.023333
41.635087	-4.0257268
41.645069	-4.0281211
41.655051	-4.030516
41.665033	-4.0329113
41.675015	-4.0353071
41.684997	-4.0377034
41.694979	-4.0401002
41.704961	-4.0424975
41.714943	-4.0448953
41.724925	-4.0472936
41.734907	-4.0496924
41.744889	-4.0520917
41.754871	-4.0544915
41.764853	-4.0568917
41.774835	-4.0592925
41.784817	-4.0616937
41.794799	-4.0640955
41.804781	-4.0664977
41.814763	-4.0689004
41.824745	-4.0713036
41.834727	-4.0737073
41.844709	-4.0761115
41.854691	-4.0785162
41.864673	-4.0809213
41.874655	-4.083327
41.884637	-4.0857331
41.894619	-4.0881397
41.904601	-4.0905468
41.914583	-4.0929544
41.924565	-4.0953625
41.934547	-4.0977711
41.944529	-4.1001801
41.954511	-4.1025896
41.964493	-4.1049996
41.974475	-4.1074101
41.984457	-4.1098211
41.994439	-4.1122326
42.004421	-4.1146445
42.014403	-4.1170569
42.024385	-4.1194698
42.034367	-4.1218832
42.044349	-4.1242971
42.054331	-4.1267114
42.064313	-4.1291262
42.074295	-4.1315415
42.084277	-4.1339573
42.094259	-4.1363735
42.104241	-4.1387903
42.114223	-4.1412075
42.124205	-4.1436251
42.134187	-4.1460433
42.144169	-4.1484619
42.154151	-4.150881
42.164133	-4.1533006
42.174115	-4.1557206
42.184097	-4.1581412
42.194079	-4.1605622
42.204061	-4.1629836
42.214043	-4.1654056
42.224025	-4.167828
42.234007	-4.1702508
42.243989	-4.1726742
42.253971	-4.175098
42.263953	-4.1775223
42.273935	-4.1799471
42.283917	-4.1823723
42.293899	-4.184798
42.303881	-4.1872241
42.313863	-4.1896508
42.323845	-4.1920778
42.333827	-4.1945054
42.343809	-4.1969334
42.353791	-4.1993619
42.363773	-4.2017909
42.373755	-4.2042203
42.383737	-4.2066502
42.393719	-4.2090805
42.403701	-4.2115113
42.413683	-4.2139426
42.423665	-4.2163743
42.433647	-4.2188065
42.443629	-4.2212392
42.453611	-4.2236723
42.463593	-4.2261059
42.473575	-4.2285399
42.483557	-4.2309744
42.493539	-4.2334094
42.503521	-4.2358448
42.513503	-4.2382806
42.523485	-4.240717
42.533467	-4.2431538
42.543449	-4.245591
42.553431	-4.2480287
42.563413	-4.2504668
42.573395	-4.2529054
42.583377	-4.2553445
42.593359	-4.257784
42.603341	-4.260224
42.613323	-4.2626644
42.623305	-4.2651053
42.633287	-4.2675466
42.643269	-4.2699884
42.653251	-4.2724306
42.663233	-4.2748733
42.673215	-4.2773164
42.683197	-4.27976
42.693179	-4.282204
42.703161	-4.2846485
42.713143	-4.2870934
42.723125	-4.2895388
42.733107	-4.2919846
42.743089	-4.2944309
42.753071	-4.2968776
42.763053	-4.2993248
42.773035	-4.3017724
42.783017	-4.3042205
42.792999	-4.306669
42.802981	-4.3091179
42.812963	-4.3115673
42.822945	-4.3140171
42.832927	-4.3164674
42.842909	-4.3189181
42.852891	-4.3213693
42.862873	-4.3238209
42.872855	-4.3262729
42.882837	-4.3287254
42.892819	-4.3311783
42.902801	-4.3336317
42.912783	-4.3360855
42.922765	-4.3385397
42.932747	-4.3409944
42.942729	-4.3434495
42.952711	-4.3459051
42.962693	-4.3483611
42.972675	-4.3508175
42.982657	-4.3532744
42.992639	-4.3557317
43.002621	-4.3581894
43.012603	-4.3606476
43.022585	-4.3631062
43.032567	-4.3655652
43.042549	-4.3680247
43.052531	-4.3704846
43.062513	-4.3729449
43.072494	-4.3754057
43.082476	-4.3778669
43.092458	-4.3803286
43.10244	-4.3827906
43.112422	-4.3852531
43.122404	-4.387716
43.132386	-4.3901794
43.142368	-4.3926432
43.15235	-4.3951074
43.162332	-4.397572
43.172314	-4.4000371
43.182296	-4.4025026
43.192278	-4.4049685
43.20226	-4.4074349
43.212242	-4.4099016
43.222224	-4.4123688
43.232206	-4.4148365
43.242188	-4.4173045
43.25217	-4.419773
43.262152	-4.4222419
43.272134	-4.4247112
43.282116	-4.4271809
43.292098	-4.4296511
43.30208	-4.4321217
43.312062	-4.4345927
43.322044	-4.4370641
43.332026	-4.4395359
43.342008	-4.4420082
43.35199	-4.4444809
43.361972	-4.446954
43.371954	-4.4494275
43.381936	-4.4519015
43.391918	-4.4543758
43.4019	-4.4568506
43.411882	-4.4593258
43.421864	-4.4618014
43.431846	-4.4642774
43.441828	-4.4667539
43.45181	-4.4692307
43.461792	-4.471708
43.471774	-4.4741857
43.481756	-4.4766638
43.491738	-4.4791423
43.50172	-4.4816212
43.511702	-4.4841005
43.521684	-4.4865803
43.531666	-4.4890604
43.541648	-4.491541
43.55163	-4.494022
43.561612	-4.4965034
43.571594	-4.4989852
43.581576	-4.5014674
43.591558	-4.50395
43.60154	-4.506433
43.611522	-4.5089164
43.621504	-4.5114003
43.631486	-4.5138845
43.641468	-4.5163691
43.65145	-4.5188542
43.661432	-4.5213397
43.671414	-4.5238255
43.681396	-4.5263118
43.691378	-4.5287985
43.70136	-4.5312855
43.711342	-4.533773
43.721324	-4.5362609
43.731306	-4.5387492
43.741288	-4.5412379
43.75127	-4.543727
43.761252	-4.5462165
43.771234	-4.5487063
43.781216	-4.5511966
43.791198	-4.5536873
43.80118	-4.5561784
43.811162	-4.5586699
43.821144	-4.5611618
43.831126	-4.5636541
43.841108	-4.5661467
43.85109	-4.5686398
43.861072	-4.5711333
43.871054	-4.5736271
43.881036	-4.5761214
43.891018	-4.5786161
43.901	-4.5811111
43.910982	-4.5836066
43.920964	-4.5861024
43.930946	-4.5885986
43.940928	-4.5910953
43.95091	-4.5935923
43.960892	-4.5960897
43.970874	-4.5985875
43.980856	-4.6010857
43.990838	-4.6035843
44.00082	-4.6060832
44.010802	-4.6085826
44.020784	-4.6110823
44.030766	-4.6135825
44.040748	-4.616083
44.05073	-4.6185839
44.060712	-4.6210852
44.070694	-4.6235869
44.080676	-4.626089
44.090658	-4.6285914
44.10064	-4.6310943
44.110622	-4.6335975
44.120604	-4.6361011
44.130586	-4.6386051
44.140568	-4.6411095
44.15055	-4.6436143
44.160532	-4.6461194
44.170514	-4.648625
44.180496	-4.6511309
44.190478	-4.6536372
44.20046	-4.6561439
44.210442	-4.6586509
44.220424	-4.6611583
44.230406	-4.6636662
44.240388	-4.6661744
44.25037	-4.6686829
44.260352	-4.6711919
44.270334	-4.6737012
44.280316	-4.6762109
44.290298	-4.678721
44.30028	-4.6812315
44.310262	-4.6837423
44.320244	-4.6862535
44.330226	-4.6887651
44.340208	-4.6912771
44.35019	-4.6937894
44.360172	-4.6963021
44.370154	-4.6988152
44.380136	-4.7013287
44.390118	-4.7038425
44.4001	-4.7063567
44.410082	-4.7088713
44.420064	-4.7113862
44.430046	-4.7139015
44.440028	-4.7164172
44.45001	-4.7189333
44.459992	-4.7214497
44.469974	-4.7239665
44.479956	-4.7264837
44.489938	-4.7290012
44.49992	-4.7315191
44.509902	-4.7340374
44.519884	-4.736556
44.529866	-4.739075
44.539848	-4.7415944
44.54983	-4.7441141
44.559812	-4.7466342
44.569794	-4.7491546
44.579776	-4.7516755
44.589758	-4.7541967
44.59974	-4.7567182
44.609722	-4.7592401
44.619704	-4.7617624
44.629686	-4.764285
44.639668	-4.766808
44.64965	-4.7693314
44.659632	-4.7718551
44.669614	-4.7743792
44.679596	-4.7769036
44.689578	-4.7794284
44.69956	-4.7819536
44.709542	-4.7844791
44.719524	-4.787005
44.729506	-4.7895312
44.739488	-4.7920578
44.74947	-4.7945847
44.759452	-4.797112
44.769434	-4.7996397
44.779416	-4.8021677
44.789398	-4.8046961
44.79938	-4.8072248
44.809362	-4.8097539
44.819344	-4.8122833
44.829326	-4.8148131
44.839308	-4.8173432
44.84929	-4.8198737
44.859272	-4.8224045
44.869254	-4.8249357
44.879236	-4.8274673
44.889218	-4.8299992
44.8992	-4.8325314
44.909182	-4.835064
44.919164	-4.8375969
44.929146	-4.8401302
44.939128	-4.8426639
44.94911	-4.8451978
44.959092	-4.8477322
44.969074	-4.8502668
44.979056	-4.8528019
44.989038	-4.8553372
44.99902	-4.857873
45.009002	-4.860409
45.018984	-4.8629454
45.028966	-4.8654822
45.038948	-4.8680193
45.04893	-4.8705567
45.058912	-4.8730945
45.068894	-4.8756326
45.078876	-4.8781711
45.088858	-4.8807099
45.09884	-4.883249
45.108822	-4.8857885
45.118804	-4.8883283
45.128786	-4.8908685
45.138768	-4.893409
45.14875	-4.8959499
45.158732	-4.8984911
45.168714	-4.9010326
45.178696	-4.9035744
45.188678	-4.9061166
45.19866	-4.9086592
45.208642	-4.911202
45.218624	-4.9137452
45.228606	-4.9162888
45.238588	-4.9188327
45.24857	-4.9213769
45.258552	-4.9239214
45.268534	-4.9264663
45.278516	-4.9290115
45.288498	-4.9315571
45.29848	-4.9341029
45.308462	-4.9366492
45.318444	-4.9391957
45.328426	-4.9417426
45.338408	-4.9442898
45.34839	-4.9468373
45.358372	-4.9493852
45.368354	-4.9519334
45.378336	-4.9544819
45.388318	-4.9570308
45.3983	-4.9595799
45.408282	-4.9621294
45.418264	-4.9646793
45.428246	-4.9672294
45.438228	-4.9697799
45.44821	-4.9723307
45.458192	-4.9748819
45.468174	-4.9774333
45.478156	-4.9799851
45.488138	-4.9825372
45.49812	-4.9850897
45.508102	-4.9876424
45.518084	-4.9901955
45.528066	-4.9927489
45.538048	-4.9953027
45.54803	-4.9978567
45.558012	-5.0004111
45.567994	-5.0029658
45.577976	-5.0055208
45.587958	-5.0080761
45.59794	-5.0106318
45.607922	-5.0131877
45.617904	-5.015744
45.627886	-5.0183006
45.637868	-5.0208576
45.64785	-5.0234148
45.657832	-5.0259724
45.667814	-5.0285303
45.677796	-5.0310884
45.687778	-5.033647
45.69776	-5.0362058
45.707742	-5.0387649
45.717724	-5.0413244
45.727706	-5.0438841
45.737688	-5.0464442
45.74767	-5.0490046
45.757652	-5.0515653
45.767634	-5.0541263
45.777616	-5.0566877
45.787598	-5.0592493
45.79758	-5.0618112
45.807562	-5.0643735
45.817544	-5.0669361
45.827526	-5.069499
45.837508	-5.0720622
45.847489	-5.0746257
45.857471	-5.0771895
45.867453	-5.0797536
45.877435	-5.082318
45.887417	-5.0848827
45.897399	-5.0874478
45.907381	-5.0900131
45.917363	-5.0925788
45.927345	-5.0951447
45.937327	-5.097711
45.947309	-5.1002775
45.957291	-5.1028444
45.967273	-5.1054116
45.977255	-5.1079791
45.987237	-5.1105468
45.997219	-5.1131149
46.007201	-5.1156833
46.017183	-5.118252
46.027165	-5.120821
46.037147	-5.1233903
46.047129	-5.1259598
46.057111	-5.1285297
46.067093	-5.1310999
46.077075	-5.1336704
46.087057	-5.1362412
46.097039	-5.1388123
46.107021	-5.1413837
46.117003	-5.1439553
46.126985	-5.1465273
46.136967	-5.1490996
46.146949	-5.1516721
46.156931	-5.154245
46.166913	-5.1568182
46.176895	-5.1593916
46.186877	-5.1619654
46.196859	-5.1645394
46.206841	-5.1671137
46.216823	-5.1696884
46.226805	-5.1722633
46.236787	-5.1748385
46.246769	-5.177414
46.256751	-5.1799898
46.266733	-5.1825659
46.276715	-5.1851422
46.286697	-5.1877189
46.296679	-5.1902959
46.306661	-5.1928731
46.316643	-5.1954507
46.326625	-5.1980285
46.336607	-5.2006066
46.346589	-5.203185
46.356571	-5.2057637
46.366553	-5.2083426
46.376535	-5.2109219
46.386517	-5.2135015
46.396499	-5.2160813
46.406481	-5.2186614
46.416463	-5.2212418
46.426445	-5.2238225
46.436427	-5.2264035
46.446409	-5.2289847
46.456391	-5.2315662
46.466373	-5.2341481
46.476355	-5.2367302
46.486337	-5.2393125
46.496319	-5.2418952
46.506301	-5.2444782
46.516283	-5.2470614
46.526265	-5.2496449
46.536247	-5.2522287
46.546229	-5.2548127
46.556211	-5.2573971
46.566193	-5.2599817
46.576175	-5.2625666
46.586157	-5.2651518
46.596139	-5.2677372
46.606121	-5.270323
46.616103	-5.272909
46.626085	-5.2754953
46.636067	-5.2780818
46.646049	-5.2806687
46.656031	-5.2832558
46.666013	-5.2858431
46.675995	-5.2884308
46.685977	-5.2910187
46.695959	-5.2936069
46.705941	-5.2961954
46.715923	-5.2987842
46.725905	-5.3013732
46.735887	-5.3039625
46.745869	-5.306552
46.755851	-5.3091419
46.765833	-5.311732
46.775815	-5.3143224
46.785797	-5.316913
46.795779	-5.3195039
46.805761	-5.3220951
46.815743	-5.3246865
46.825725	-5.3272783
46.835707	-5.3298703
46.845689	-5.3324625
46.855671	-5.335055
46.865653	-5.3376478
46.875635	-5.3402409
46.885617	-5.3428342
46.895599	-5.3454278
46.905581	-5.3480216
46.915563	-5.3506157
46.925545	-5.3532101
46.935527	-5.3558047
46.945509	-5.3583996
46.955491	-5.3609948
46.965473	-5.3635902
46.975455	-5.3661859
46.985437	-5.3687818
46.995419	-5.371378
47.005401	-5.3739745
47.015383	-5.3765712
47.025365	-5.3791682
47.035347	-5.3817655
47.045329	-5.384363
47.055311	-5.3869607
47.065293	-5.3895588
47.075275	-5.392157
47.085257	-5.3947556
47.095239	-5.3973544
47.105221	-5.3999534
47.115203	-5.4025527
47.125185	-5.4051523
47.135167	-5.4077521
47.145149	-5.4103522
47.155131	-5.4129525
47.165113	-5.4155531
47.175095	-5.4181539
47.185077	-5.420755
47.195059	-5.4233563
47.205041	-5.4259579
47.215023	-5.4285597
47.225005	-5.4311618
47.234987	-5.4337642
47.244969	-5.4363668
47.254951	-5.4389696
47.264933	-5.4415727
47.274915	-5.4441761
47.284897	-5.4467797
47.294879	-5.4493835
47.304861	-5.4519876
47.314843	-5.4545919
47.324825	-5.4571965
47.334807	-5.4598013
47.344789	-5.4624064
47.354771	-5.4650117
47.364753	-5.4676173
47.374735	-5.4702231
47.384717	-5.4728292
47.394699	-5.4754355
47.404681	-5.4780421
47.414663	-5.4806488
47.424645	-5.4832559
47.434627	-5.4858632
47.444609	-5.4884707
47.454591	-5.4910785
47.464573	-5.4936865
47.474555	-5.4962947
47.484537	-5.4989032
47.494519	-5.5015119
47.504501	-5.5041209
47.514483	-5.5067301
47.524465	-5.5093396
47.534447	-5.5119493
47.544429	-5.5145592
47.554411	-5.5171693
47.564393	-5.5197798
47.574375	-5.5223904
47.584357	-5.5250013
47.594339	-5.5276124
47.604321	-5.5302237
47.614303	-5.5328353
47.624285	-5.5354471
47.634267	-5.5380592
47.644249	-5.5406715
47.654231	-5.543284
47.664213	-5.5458968
47.674195	-5.5485098
47.684177	-5.551123
47.694159	-5.5537365
47.704141	-5.5563502
47.714123	-5.5589641
47.724105	-5.5615782
47.734087	-5.5641926
47.744069	-5.5668072
47.754051	-5.5694221
47.764033	-5.5720372
47.774015	-5.5746525
47.783997	-5.577268
47.793979	-5.5798838
47.803961	-5.5824998
47.813943	-5.585116
47.823925	-5.5877324
47.833907	-5.5903491
47.843889	-5.592966
47.853871	-5.5955831
47.863853	-5.5982005
47.873835	-5.6008181
47.883817	-5.6034359
47.893799	-5.6060539
47.903781	-5.6086722
47.913763	-5.6112907
47.923745	-5.6139094
47.933727	-5.6165283
47.943709	-5.6191474
47.953691	-5.6217668
47.963673	-5.6243864
47.973655	-5.6270062
47.983637	-5.6296263
47.993619	-5.6322465
48.003601	-5.634867
48.013583	-5.6374877
48.023565	-5.6401086
48.033547	-5.6427297
48.043529	-5.6453511
48.053511	-5.6479727
48.063493	-5.6505945
48.073475	-5.6532165
48.083457	-5.6558387
48.093439	-5.6584612
48.103421	-5.6610838
48.113403	-5.6637067
48.123385	-5.6663298
48.133367	-5.6689531
48.143349	-5.6715766
48.153331	-5.6742004
48.163313	-5.6768243
48.173295	-5.6794485
48.183277	-5.6820729
48.193259	-5.6846975
48.203241	-5.6873223
48.213223	-5.6899473
48.223205	-5.6925725
48.233187	-5.695198
48.243169	-5.6978236
48.253151	-5.7004495
48.263133	-5.7030756
48.273115	-5.7057019
48.283097	-5.7083284
48.293079	-5.7109551
48.303061	-5.713582
48.313043	-5.7162091
48.323025	-5.7188364
48.333007	-5.721464
48.342989	-5.7240917
48.352971	-5.7267197
48.362953	-5.7293478
48.372935	-5.7319762
48.382917	-5.7346048
48.392899	-5.7372335
48.402881	-5.7398625
48.412863	-5.7424917
48.422845	-5.7451211
48.432827	-5.7477507
48.442809	-5.7503805
48.452791	-5.7530105
48.462773	-5.7556407
48.472755	-5.7582711
48.482737	-5.7609017
48.492719	-5.7635325
48.502701	-5.7661636
48.512683	-5.7687948
48.522665	-5.7714262
48.532647	-5.7740578
48.542629	-5.7766896
48.552611	-5.7793216
48.562593	-5.7819538
48.572575	-5.7845863
48.582557	-5.7872189
48.592539	-5.7898517
48.602521	-5.7924847
48.612503	-5.7951179
48.622484	-5.7977513
48.632466	-5.8003849
48.642448	-5.8030187
48.65243	-5.8056527
48.662412	-5.8082868
48.672394	-5.8109212
48.682376	-5.8135558
48.692358	-5.8161906
48.70234	-5.8188255
48.712322	-5.8214607
48.722304	-5.824096
48.732286	-5.8267316
48.742268	-5.8293673
48.75225	-5.8320032
48.762232	-5.8346393
48.772214	-5.8372756
48.782196	-5.8399121
48.792178	-5.8425488
48.80216	-5.8451857
48.812142	-5.8478228
48.822124	-5.85046
48.832106	-5.8530975
48.842088	-5.8557351
48.85207	-5.8583729
48.862052	-5.8610109
48.872034	-5.8636491
48.882016	-5.8662875
48.891998	-5.8689261
48.90198	-5.8715648
48.911962	-5.8742038
48.921944	-5.8768429
48.931926	-5.8794822
48.941908	-5.8821217
48.95189	-5.8847614
48.961872	-5.8874013
48.971854	-5.8900413
48.981836	-5.8926816
48.991818	-5.895322
49.0018	-5.8979626
49.011782	-5.9006034
49.021764	-5.9032443
49.031746	-5.9058855
49.041728	-5.9085268
49.05171	-5.9111683
49.061692	-5.91381
49.071674	-5.9164519
49.081656	-5.9190939
49.091638	-5.9217361
49.10162	-5.9243785
49.111602	-5.9270211
49.121584	-5.9296639
49.131566	-5.9323068
49.141548	-5.9349499
49.15153	-5.9375932
49.161512	-5.9402367
49.171494	-5.9428804
49.181476	-5.9455242
49.191458	-5.9481682
49.20144	-5.9508124
49.211422	-5.9534567
49.221404	-5.9561012
49.231386	-5.9587459
49.241368	-5.9613908
49.25135	-5.9640358
49.261332	-5.9666811
49.271314	-5.9693265
49.281296	-5.971972
49.291278	-5.9746177
49.30126	-5.9772637
49.311242	-5.9799097
49.321224	-5.982556
49.331206	-5.9852024
49.341188	-5.987849
49.35117	-5.9904957
49.361152	-5.9931427
49.371134	-5.9957898
49.381116	-5.998437
49.391098	-6.0010845
49.40108	-6.0037321
49.411062	-6.0063798
49.421044	-6.0090278
49.431026	-6.0116759
49.441008	-6.0143242
49.45099	-6.0169726
49.460972	-6.0196212
49.470954	-6.02227
49.480936	-6.0249189
49.490918	-6.027568
49.5009	-6.0302173
49.510882	-6.0328667
49.520864	-6.0355163
49.530846	-6.038166
49.540828	-6.0408159
49.55081	-6.043466
49.560792	-6.0461163
49.570774	-6.0487667
49.580756	-6.0514172
49.590738	-6.054068
49.60072	-6.0567188
49.610702	-6.0593699
49.620684	-6.0620211
49.630666	-6.0646725
49.640648	-6.067324
49.65063	-6.0699757
49.660612	-6.0726275
49.670594	-6.0752795
49.680576	-6.0779317
49.690558	-6.080584
49.70054	-6.0832365
49.710522	-6.0858891
49.720504	-6.0885419
49.730486	-6.0911948
49.740468	-6.0938479
49.75045	-6.0965012
49.760432	-6.0991546
49.770414	-6.1018082
49.780396	-6.1044619
49.790378	-6.1071158
49.80036	-6.1097698
49.810342	-6.112424
49.820324	-6.1150783
49.830306	-6.1177328
49.840288	-6.1203874
49.85027	-6.1230422
49.860252	-6.1256972
49.870234	-6.1283523
49.880216	-6.1310075
49.890198	-6.1336629
49.90018	-6.1363184
49.910162	-6.1389741
49.920144	-6.14163
49.930126	-6.144286
49.940108	-6.1469421
49.95009	-6.1495984
49.960072	-6.1522548
49.970054	-6.1549114
49.980036	-6.1575682
49.990018	-6.160225
50	-6.1628821
