Freq_GHz	Norm_dB
0.1	0
0.109982	-1.3032477e-05
0.11996399	-2.7304031e-05
0.12994599	-4.2814666e-05
0.13992799	-5.9564387e-05
0.14990998	-7.7553199e-05
0.15989198	-9.6781108e-05
0.16987397	-0.00011724812
0.17985597	-0.00013895424
0.18983797	-0.00016189948
0.19981996	-0.00018608384
0.20980196	-0.00021150734
0.21978396	-0.00023816997
0.22976595	-0.00026607175
0.23974795	-0.00029521269
0.24972995	-0.00032559279
0.25971194	-0.00035721207
0.26969394	-0.00039007054
0.27967594	-0.0004241682
0.28965793	-0.00045950507
0.29963993	-0.00049608115
0.30962192	-0.00053389647
0.31960392	-0.00057295102
0.32958592	-0.00061324484
0.33956791	-0.00065477791
0.34954991	-0.00069755027
0.35953191	-0.00074156192
0.3695139	-0.00078681288
0.3794959	-0.00083330316
0.3894779	-0.00088103278
0.39945989	-0.00093000175
0.40944189	-0.00098021008
0.41942388	-0.0010316578
0.42940588	-0.0010843449
0.43938788	-0.0011382715
0.44936987	-0.0011934374
0.45935187	-0.0012498428
0.46933387	-0.0013074877
0.47931586	-0.0013663721
0.48929786	-0.001426496
0.49927986	-0.0014878594
0.50926185	-0.0015504623
0.51924385	-0.0016143048
0.52922585	-0.0016793869
0.53920784	-0.0017457086
0.54918984	-0.0018132699
0.55917183	-0.0018820709
0.56915383	-0.0019521115
0.57913583	-0.0020233919
0.58911782	-0.0020959119
0.59909982	-0.0021696717
0.60908182	-0.0022446712
0.61906381	-0.0023209105
0.62904581	-0.0023983896
0.63902781	-0.0024771086
0.6490098	-0.0025570674
0.6589918	-0.0026382661
0.66897379	-0.0027207047
0.67895579	-0.0028043832
0.68893779	-0.0028893017
0.69891978	-0.0029754602
0.70890178	-0.0030628587
0.71888378	-0.0031514972
0.72886577	-0.0032413758
0.73884777	-0.0033324945
0.74882977	-0.0034248533
0.75881176	-0.0035184523
0.76879376	-0.0036132915
0.77877576	-0.0037093709
0.78875775	-0.0038066905
0.79873975	-0.0039052504
0.80872174	-0.0040050506
0.81870374	-0.0041060911
0.82868574	-0.004208372
0.83866773	-0.0043118933
0.84864973	-0.0044166551
0.85863173	-0.0045226573
0.86861372	-0.0046299
0.87859572	-0.0047383833
0.88857772	-0.0048481071
0.89855971	-0.0049590715
0.90854171	-0.0050712766
0.9185237	-0.0051847223
0.9285057	-0.0052994087
0.9384877	-0.0054153359
0.94846969	-0.0055325039
0.95845169	-0.0056509127
0.96843369	-0.0057705623
0.97841568	-0.0058914528
0.98839768	-0.0060135843
0.99837968	-0.0061369567
1.0083617	-0.0062615702
1.0183437	-0.0063874246
1.0283257	-0.0065145202
1.0383077	-0.0066428569
1.0482897	-0.0067724348
1.0582717	-0.0069032538
1.0682537	-0.0070353141
1.0782356	-0.0071686157
1.0882176	-0.0073031587
1.0981996	-0.007438943
1.1081816	-0.0075759687
1.1181636	-0.0077142359
1.1281456	-0.0078537446
1.1381276	-0.0079944948
1.1481096	-0.0081364866
1.1580916	-0.0082797201
1.1680736	-0.0084241952
1.1780556	-0.008569912
1.1880376	-0.0087168707
1.1980196	-0.0088650711
1.2080016	-0.0090145134
1.2179836	-0.0091651976
1.2279656	-0.0093171237
1.2379476	-0.0094702919
1.2479296	-0.0096247021
1.2579116	-0.0097803544
1.2678936	-0.0099372489
1.2778756	-0.010095386
1.2878576	-0.010254764
1.2978396	-0.010415386
1.3078216	-0.010577249
1.3178036	-0.010740355
1.3277856	-0.010904703
1.3377676	-0.011070294
1.3477495	-0.011237128
1.3577315	-0.011405204
1.3677135	-0.011574522
1.3776955	-0.011745084
1.3876775	-0.011916888
1.3976595	-0.012089935
1.4076415	-0.012264225
1.4176235	-0.012439757
1.4276055	-0.012616533
1.4375875	-0.012794552
1.4475695	-0.012973813
1.4575515	-0.013154318
1.4675335	-0.013336066
1.4775155	-0.013519058
1.4874975	-0.013703293
1.4974795	-0.013888771
1.5074615	-0.014075492
1.5174435	-0.014263457
1.5274255	-0.014452665
1.5374075	-0.014643118
1.5473895	-0.014834813
1.5573715	-0.015027753
1.5673535	-0.015221936
1.5773355	-0.015417363
1.5873175	-0.015614034
1.5972995	-0.015811949
1.6072815	-0.016011108
1.6172635	-0.016211511
1.6272454	-0.016413158
1.6372274	-0.016616049
1.6472094	-0.016820185
1.6571914	-0.017025565
1.6671734	-0.017232189
1.6771554	-0.017440058
1.6871374	-0.017649171
1.6971194	-0.017859529
1.7071014	-0.018071131
1.7170834	-0.018283978
1.7270654	-0.01849807
1.7370474	-0.018713407
1.7470294	-0.018929989
1.7570114	-0.019147816
1.7669934	-0.019366887
1.7769754	-0.019587204
1.7869574	-0.019808766
1.7969394	-0.020031573
1.8069214	-0.020255626
1.8169034	-0.020480924
1.8268854	-0.020707467
1.8368674	-0.020935256
1.8468494	-0.021164291
1.8568314	-0.021394571
1.8668134	-0.021626096
1.8767954	-0.021858868
1.8867774	-0.022092886
1.8967594	-0.022328149
1.9067413	-0.022564659
1.9167233	-0.022802414
1.9267053	-0.023041416
1.9366873	-0.023281664
1.9466693	-0.023523158
1.9566513	-0.023765898
1.9666333	-0.024009886
1.9766153	-0.024255119
1.9865973	-0.024501599
1.9965793	-0.024749326
2.0065613	-0.0249983
2.0165433	-0.02524852
2.0265253	-0.025499987
2.0365073	-0.025752702
2.0464893	-0.026006663
2.0564713	-0.026261871
2.0664533	-0.026518327
2.0764353	-0.02677603
2.0864173	-0.02703498
2.0963993	-0.027295178
2.1063813	-0.027556623
2.1163633	-0.027819316
2.1263453	-0.028083256
2.1363273	-0.028348444
2.1463093	-0.02861488
2.1562913	-0.028882564
2.1662733	-0.029151496
2.1762553	-0.029421676
2.1862372	-0.029693105
2.1962192	-0.029965781
2.2062012	-0.030239706
2.2161832	-0.030514879
2.2261652	-0.030791301
2.2361472	-0.031068971
2.2461292	-0.03134789
2.2561112	-0.031628057
2.2660932	-0.031909473
2.2760752	-0.032192139
2.2860572	-0.032476053
2.2960392	-0.032761216
2.3060212	-0.033047629
2.3160032	-0.03333529
2.3259852	-0.033624202
2.3359672	-0.033914362
2.3459492	-0.034205772
2.3559312	-0.034498431
2.3659132	-0.034792341
2.3758952	-0.0350875
2.3858772	-0.035383908
2.3958592	-0.035681567
2.4058412	-0.035980476
2.4158232	-0.036280635
2.4258052	-0.036582044
2.4357872	-0.036884703
2.4457692	-0.037188613
2.4557512	-0.037493773
2.4657331	-0.037800184
2.4757151	-0.038107845
2.4856971	-0.038416758
2.4956791	-0.038726921
2.5056611	-0.039038334
2.5156431	-0.039350999
2.5256251	-0.039664915
2.5356071	-0.039980083
2.5455891	-0.040296501
2.5555711	-0.040614171
2.5655531	-0.040933092
2.5755351	-0.041253265
2.5855171	-0.04157469
2.5954991	-0.041897366
2.6054811	-0.042221295
2.6154631	-0.042546475
2.6254451	-0.042872907
2.6354271	-0.043200592
2.6454091	-0.043529528
2.6553911	-0.043859717
2.6653731	-0.044191159
2.6753551	-0.044523853
2.6853371	-0.044857799
2.6953191	-0.045192998
2.7053011	-0.04552945
2.7152831	-0.045867155
2.7252651	-0.046206113
2.735247	-0.046546325
2.745229	-0.046887789
2.755211	-0.047230507
2.765193	-0.047574478
2.775175	-0.047919702
2.785157	-0.048266181
2.795139	-0.048613912
2.805121	-0.048962898
2.815103	-0.049313138
2.825085	-0.049664632
2.835067	-0.050017379
2.845049	-0.050371381
2.855031	-0.050726638
2.865013	-0.051083148
2.874995	-0.051440914
2.884977	-0.051799934
2.894959	-0.052160208
2.904941	-0.052521738
2.914923	-0.052884522
2.924905	-0.053248562
2.934887	-0.053613856
2.944869	-0.053980406
2.954851	-0.054348211
2.964833	-0.054717272
2.974815	-0.055087588
2.984797	-0.05545916
2.994779	-0.055831988
3.004761	-0.056206072
3.0147429	-0.056581411
3.0247249	-0.056958007
3.0347069	-0.057335859
3.0446889	-0.057714967
3.0546709	-0.058095332
3.0646529	-0.058476953
3.0746349	-0.058859831
3.0846169	-0.059243965
3.0945989	-0.059629357
3.1045809	-0.060016005
3.1145629	-0.060403911
3.1245449	-0.060793073
3.1345269	-0.061183493
3.1445089	-0.061575171
3.1544909	-0.061968106
3.1644729	-0.062362298
3.1744549	-0.062757749
3.1844369	-0.063154457
3.1944189	-0.063552423
3.2044009	-0.063951647
3.2143829	-0.06435213
3.2243649	-0.06475387
3.2343469	-0.065156869
3.2443289	-0.065561127
3.2543109	-0.065966643
3.2642929	-0.066373418
3.2742749	-0.066781452
3.2842569	-0.067190745
3.2942388	-0.067601297
3.3042208	-0.068013108
3.3142028	-0.068426179
3.3241848	-0.068840509
3.3341668	-0.069256098
3.3441488	-0.069672948
3.3541308	-0.070091057
3.3641128	-0.070510425
3.3740948	-0.070931054
3.3840768	-0.071352943
3.3940588	-0.071776093
3.4040408	-0.072200502
3.4140228	-0.072626173
3.4240048	-0.073053103
3.4339868	-0.073481295
3.4439688	-0.073910747
3.4539508	-0.074341461
3.4639328	-0.074773435
3.4739148	-0.075206671
3.4838968	-0.075641168
3.4938788	-0.076076926
3.5038608	-0.076513946
3.5138428	-0.076952228
3.5238248	-0.077391771
3.5338068	-0.077832576
3.5437888	-0.078274644
3.5537708	-0.078717973
3.5637528	-0.079162565
3.5737347	-0.079608419
3.5837167	-0.080055536
3.5936987	-0.080503915
3.6036807	-0.080953558
3.6136627	-0.081404463
3.6236447	-0.081856631
3.6336267	-0.082310062
3.6436087	-0.082764756
3.6535907	-0.083220714
3.6635727	-0.083677936
3.6735547	-0.084136421
3.6835367	-0.084596169
3.6935187	-0.085057182
3.7035007	-0.085519459
3.7134827	-0.085982999
3.7234647	-0.086447804
3.7334467	-0.086913874
3.7434287	-0.087381208
3.7534107	-0.087849806
3.7633927	-0.088319669
3.7733747	-0.088790798
3.7833567	-0.089263191
3.7933387	-0.089736849
3.8033207	-0.090211773
3.8133027	-0.090687961
3.8232847	-0.091165416
3.8332667	-0.091644136
3.8432486	-0.092124122
3.8532306	-0.092605374
3.8632126	-0.093087891
3.8731946	-0.093571675
3.8831766	-0.094056726
3.8931586	-0.094543042
3.9031406	-0.095030625
3.9131226	-0.095519475
3.9231046	-0.096009592
3.9330866	-0.096500975
3.9430686	-0.096993626
3.9530506	-0.097487544
3.9630326	-0.097982729
3.9730146	-0.098479181
3.9829966	-0.098976901
3.9929786	-0.099475889
4.0029606	-0.099976145
4.0129426	-0.10047767
4.0229246	-0.10098046
4.0329066	-0.10148452
4.0428886	-0.10198985
4.0528706	-0.10249645
4.0628526	-0.10300431
4.0728346	-0.10351344
4.0828166	-0.10402385
4.0927986	-0.10453552
4.1027806	-0.10504846
4.1127626	-0.10556267
4.1227445	-0.10607815
4.1327265	-0.1065949
4.1427085	-0.10711292
4.1526905	-0.10763221
4.1626725	-0.10815277
4.1726545	-0.1086746
4.1826365	-0.1091977
4.1926185	-0.10972207
4.2026005	-0.11024771
4.2125825	-0.11077462
4.2225645	-0.1113028
4.2325465	-0.11183225
4.2425285	-0.11236297
4.2525105	-0.11289497
4.2624925	-0.11342824
4.2724745	-0.11396277
4.2824565	-0.11449858
4.2924385	-0.11503566
4.3024205	-0.11557402
4.3124025	-0.11611364
4.3223845	-0.11665454
4.3323665	-0.11719671
4.3423485	-0.11774015
4.3523305	-0.11828486
4.3623125	-0.11883085
4.3722945	-0.11937811
4.3822765	-0.11992664
4.3922585	-0.12047644
4.4022404	-0.12102752
4.4122224	-0.12157987
4.4222044	-0.1221335
4.4321864	-0.1226884
4.4421684	-0.12324457
4.4521504	-0.12380202
4.4621324	-0.12436074
4.4721144	-0.12492073
4.4820964	-0.125482
4.4920784	-0.12604455
4.5020604	-0.12660837
4.5120424	-0.12717346
4.5220244	-0.12773983
4.5320064	-0.12830747
4.5419884	-0.12887639
4.5519704	-0.12944658
4.5619524	-0.13001805
4.5719344	-0.1305908
4.5819164	-0.13116482
4.5918984	-0.13174011
4.6018804	-0.13231668
4.6118624	-0.13289453
4.6218444	-0.13347366
4.6318264	-0.13405406
4.6418084	-0.13463574
4.6517904	-0.13521869
4.6617724	-0.13580292
4.6717544	-0.13638843
4.6817363	-0.13697522
4.6917183	-0.13756328
4.7017003	-0.13815262
4.7116823	-0.13874324
4.7216643	-0.13933513
4.7316463	-0.13992831
4.7416283	-0.14052276
4.7516103	-0.14111849
4.7615923	-0.14171549
4.7715743	-0.14231378
4.7815563	-0.14291335
4.7915383	-0.14351419
4.8015203	-0.14411631
4.8115023	-0.14471971
4.8214843	-0.14532439
4.8314663	-0.14593035
4.8414483	-0.14653759
4.8514303	-0.14714611
4.8614123	-0.14775591
4.8713943	-0.14836699
4.8813763	-0.14897935
4.8913583	-0.14959299
4.9013403	-0.15020791
4.9113223	-0.1508241
4.9213043	-0.15144158
4.9312863	-0.15206035
4.9412683	-0.15268039
4.9512503	-0.15330171
4.9612322	-0.15392431
4.9712142	-0.1545482
4.9811962	-0.15517337
4.9911782	-0.15579981
5.0011602	-0.15642754
5.0111422	-0.15705656
5.0211242	-0.15768685
5.0311062	-0.15831843
5.0410882	-0.15895129
5.0510702	-0.15958543
5.0610522	-0.16022085
5.0710342	-0.16085756
5.0810162	-0.16149555
5.0909982	-0.16213482
5.1009802	-0.16277538
5.1109622	-0.16341721
5.1209442	-0.16406034
5.1309262	-0.16470474
5.1409082	-0.16535043
5.1508902	-0.16599741
5.1608722	-0.16664567
5.1708542	-0.16729521
5.1808362	-0.16794604
5.1908182	-0.16859815
5.2008002	-0.16925154
5.2107822	-0.16990623
5.2207642	-0.17056219
5.2307461	-0.17121944
5.2407281	-0.17187798
5.2507101	-0.1725378
5.2606921	-0.17319891
5.2706741	-0.1738613
5.2806561	-0.17452498
5.2906381	-0.17518995
5.3006201	-0.1758562
5.3106021	-0.17652374
5.3205841	-0.17719256
5.3305661	-0.17786267
5.3405481	-0.17853407
5.3505301	-0.17920675
5.3605121	-0.17988073
5.3704941	-0.18055598
5.3804761	-0.18123253
5.3904581	-0.18191036
5.4004401	-0.18258949
5.4104221	-0.1832699
5.4204041	-0.18395159
5.4303861	-0.18463458
5.4403681	-0.18531885
5.4503501	-0.18600441
5.4603321	-0.18669126
5.4703141	-0.1873794
5.4802961	-0.18806883
5.4902781	-0.18875955
5.5002601	-0.18945156
5.510242	-0.19014485
5.520224	-0.19083944
5.530206	-0.19153531
5.540188	-0.19223248
5.55017	-0.19293093
5.560152	-0.19363068
5.570134	-0.19433171
5.580116	-0.19503404
5.590098	-0.19573765
5.60008	-0.19644256
5.610062	-0.19714876
5.620044	-0.19785624
5.630026	-0.19856502
5.640008	-0.19927509
5.64999	-0.19998646
5.659972	-0.20069911
5.669954	-0.20141305
5.679936	-0.20212829
5.689918	-0.20284482
5.6999	-0.20356264
5.709882	-0.20428176
5.719864	-0.20500216
5.729846	-0.20572386
5.739828	-0.20644685
5.74981	-0.20717114
5.759792	-0.20789671
5.769774	-0.20862358
5.779756	-0.20935175
5.7897379	-0.21008121
5.7997199	-0.21081196
5.8097019	-0.211544
5.8196839	-0.21227734
5.8296659	-0.21301198
5.8396479	-0.2137479
5.8496299	-0.21448513
5.8596119	-0.21522364
5.8695939	-0.21596345
5.8795759	-0.21670456
5.8895579	-0.21744696
5.8995399	-0.21819066
5.9095219	-0.21893565
5.9195039	-0.21968194
5.9294859	-0.22042952
5.9394679	-0.2211784
5.9494499	-0.22192857
5.9594319	-0.22268004
5.9694139	-0.22343281
5.9793959	-0.22418687
5.9893779	-0.22494223
5.9993599	-0.22569889
6.0093419	-0.22645684
6.0193239	-0.22721609
6.0293059	-0.22797664
6.0392879	-0.22873848
6.0492699	-0.22950163
6.0592519	-0.23026606
6.0692338	-0.2310318
6.0792158	-0.23179884
6.0891978	-0.23256717
6.0991798	-0.2333368
6.1091618	-0.23410773
6.1191438	-0.23487996
6.1291258	-0.23565349
6.1391078	-0.23642831
6.1490898	-0.23720444
6.1590718	-0.23798186
6.1690538	-0.23876058
6.1790358	-0.23954061
6.1890178	-0.24032193
6.1989998	-0.24110455
6.2089818	-0.24188847
6.2189638	-0.24267369
6.2289458	-0.24346021
6.2389278	-0.24424804
6.2489098	-0.24503716
6.2588918	-0.24582758
6.2688738	-0.24661931
6.2788558	-0.24741233
6.2888378	-0.24820666
6.2988198	-0.24900228
6.3088018	-0.24979921
6.3187838	-0.25059744
6.3287658	-0.25139697
6.3387477	-0.2521978
6.3487297	-0.25299994
6.3587117	-0.25380338
6.3686937	-0.25460811
6.3786757	-0.25541416
6.3886577	-0.2562215
6.3986397	-0.25703015
6.4086217	-0.2578401
6.4186037	-0.25865135
6.4285857	-0.2594639
6.4385677	-0.26027776
6.4485497	-0.26109293
6.4585317	-0.26190939
6.4685137	-0.26272716
6.4784957	-0.26354624
6.4884777	-0.26436661
6.4984597	-0.26518829
6.5084417	-0.26601128
6.5184237	-0.26683557
6.5284057	-0.26766117
6.5383877	-0.26848807
6.5483697	-0.26931627
6.5583517	-0.27014578
6.5683337	-0.27097659
6.5783157	-0.27180871
6.5882977	-0.27264214
6.5982797	-0.27347687
6.6082617	-0.27431291
6.6182436	-0.27515025
6.6282256	-0.2759889
6.6382076	-0.27682886
6.6481896	-0.27767012
6.6581716	-0.27851269
6.6681536	-0.27935656
6.6781356	-0.28020174
6.6881176	-0.28104823
6.6980996	-0.28189603
6.7080816	-0.28274513
6.7180636	-0.28359554
6.7280456	-0.28444726
6.7380276	-0.28530029
6.7480096	-0.28615462
6.7579916	-0.28701026
6.7679736	-0.28786721
6.7779556	-0.28872547
6.7879376	-0.28958504
6.7979196	-0.29044591
6.8079016	-0.29130809
6.8178836	-0.29217159
6.8278656	-0.29303639
6.8378476	-0.2939025
6.8478296	-0.29476992
6.8578116	-0.29563865
6.8677936	-0.29650869
6.8777756	-0.29738004
6.8877576	-0.29825269
6.8977395	-0.29912666
6.9077215	-0.30000194
6.9177035	-0.30087853
6.9276855	-0.30175643
6.9376675	-0.30263564
6.9476495	-0.30351616
6.9576315	-0.30439799
6.9676135	-0.30528114
6.9775955	-0.30616559
6.9875775	-0.30705136
6.9975595	-0.30793843
7.0075415	-0.30882682
7.0175235	-0.30971652
7.0275055	-0.31060753
7.0374875	-0.31149986
7.0474695	-0.31239349
7.0574515	-0.31328844
7.0674335	-0.3141847
7.0774155	-0.31508227
7.0873975	-0.31598116
7.0973795	-0.31688136
7.1073615	-0.31778287
7.1173435	-0.3186857
7.1273255	-0.31958984
7.1373075	-0.32049529
7.1472895	-0.32140205
7.1572715	-0.32231013
7.1672535	-0.32321952
7.1772354	-0.32413023
7.1872174	-0.32504225
7.1971994	-0.32595559
7.2071814	-0.32687024
7.2171634	-0.3277862
7.2271454	-0.32870348
7.2371274	-0.32962208
7.2471094	-0.33054198
7.2570914	-0.33146321
7.2670734	-0.33238575
7.2770554	-0.3333096
7.2870374	-0.33423477
7.2970194	-0.33516126
7.3070014	-0.33608906
7.3169834	-0.33701818
7.3269654	-0.33794861
7.3369474	-0.33888036
7.3469294	-0.33981343
7.3569114	-0.34074781
7.3668934	-0.34168351
7.3768754	-0.34262053
7.3868574	-0.34355886
7.3968394	-0.34449851
7.4068214	-0.34543948
7.4168034	-0.34638176
7.4267854	-0.34732536
7.4367674	-0.34827028
7.4467493	-0.34921652
7.4567313	-0.35016408
7.4667133	-0.35111295
7.4766953	-0.35206314
7.4866773	-0.35301465
7.4966593	-0.35396748
7.5066413	-0.35492163
7.5166233	-0.35587709
7.5266053	-0.35683388
7.5365873	-0.35779198
7.5465693	-0.3587514
7.5565513	-0.35971214
7.5665333	-0.3606742
7.5765153	-0.36163758
7.5864973	-0.36260228
7.5964793	-0.3635683
7.6064613	-0.36453564
7.6164433	-0.3655043
7.6264253	-0.36647428
7.6364073	-0.36744558
7.6463893	-0.3684182
7.6563713	-0.36939214
7.6663533	-0.3703674
7.6763353	-0.37134398
7.6863173	-0.37232189
7.6962993	-0.37330111
7.7062813	-0.37428166
7.7162633	-0.37526352
7.7262452	-0.37624671
7.7362272	-0.37723122
7.7462092	-0.37821705
7.7561912	-0.3792042
7.7661732	-0.38019268
7.7761552	-0.38118248
7.7861372	-0.3821736
7.7961192	-0.38316604
7.8061012	-0.3841598
7.8160832	-0.38515489
7.8260652	-0.3861513
7.8360472	-0.38714903
7.8460292	-0.38814808
7.8560112	-0.38914846
7.8659932	-0.39015016
7.8759752	-0.39115319
7.8859572	-0.39215754
7.8959392	-0.39316321
7.9059212	-0.3941702
7.9159032	-0.39517852
7.9258852	-0.39618817
7.9358672	-0.39719914
7.9458492	-0.39821143
7.9558312	-0.39922504
7.9658132	-0.40023998
7.9757952	-0.40125625
7.9857772	-0.40227384
7.9957592	-0.40329275
8.0057411	-0.40431299
8.0157231	-0.40533456
8.0257051	-0.40635745
8.0356871	-0.40738166
8.0456691	-0.4084072
8.0556511	-0.40943407
8.0656331	-0.41046226
8.0756151	-0.41149178
8.0855971	-0.41252262
8.0955791	-0.41355479
8.1055611	-0.41458829
8.1155431	-0.41562311
8.1255251	-0.41665926
8.1355071	-0.41769674
8.1454891	-0.41873554
8.1554711	-0.41977567
8.1654531	-0.42081712
8.1754351	-0.42185991
8.1854171	-0.42290402
8.1953991	-0.42394945
8.2053811	-0.42499622
8.2153631	-0.42604431
8.2253451	-0.42709373
8.2353271	-0.42814448
8.2453091	-0.42919655
8.2552911	-0.43024996
8.2652731	-0.43130469
8.2752551	-0.43236075
8.285237	-0.43341813
8.295219	-0.43447685
8.305201	-0.43553689
8.315183	-0.43659827
8.325165	-0.43766097
8.335147	-0.438725
8.345129	-0.43979036
8.355111	-0.44085705
8.365093	-0.44192507
8.375075	-0.44299441
8.385057	-0.44406509
8.395039	-0.4451371
8.405021	-0.44621043
8.415003	-0.4472851
8.424985	-0.44836109
8.434967	-0.44943842
8.444949	-0.45051708
8.454931	-0.45159706
8.464913	-0.45267838
8.474895	-0.45376102
8.484877	-0.454845
8.494859	-0.45593031
8.504841	-0.45701695
8.514823	-0.45810492
8.524805	-0.45919422
8.534787	-0.46028485
8.544769	-0.46137681
8.554751	-0.4624701
8.5647329	-0.46356473
8.5747149	-0.46466069
8.5846969	-0.46575797
8.5946789	-0.46685659
8.6046609	-0.46795655
8.6146429	-0.46905783
8.6246249	-0.47016045
8.6346069	-0.47126439
8.6445889	-0.47236967
8.6545709	-0.47347629
8.6645529	-0.47458423
8.6745349	-0.47569351
8.6845169	-0.47680412
8.6944989	-0.47791606
8.7044809	-0.47902934
8.7144629	-0.48014394
8.7244449	-0.48125989
8.7344269	-0.48237716
8.7444089	-0.48349577
8.7543909	-0.48461571
8.7643729	-0.48573698
8.7743549	-0.48685959
8.7843369	-0.48798353
8.7943189	-0.48910881
8.8043009	-0.49023542
8.8142829	-0.49136336
8.8242649	-0.49249264
8.8342468	-0.49362325
8.8442288	-0.4947552
8.8542108	-0.49588847
8.8641928	-0.49702309
8.8741748	-0.49815904
8.8841568	-0.49929632
8.8941388	-0.50043494
8.9041208	-0.50157489
8.9141028	-0.50271618
8.9240848	-0.5038588
8.9340668	-0.50500276
8.9440488	-0.50614805
8.9540308	-0.50729468
8.9640128	-0.50844264
8.9739948	-0.50959194
8.9839768	-0.51074258
8.9939588	-0.51189455
9.0039408	-0.51304785
9.0139228	-0.51420249
9.0239048	-0.51535847
9.0338868	-0.51651579
9.0438688	-0.51767443
9.0538508	-0.51883442
9.0638328	-0.51999574
9.0738148	-0.5211584
9.0837968	-0.52232239
9.0937788	-0.52348773
9.1037608	-0.52465439
9.1137427	-0.5258224
9.1237247	-0.52699174
9.1337067	-0.52816242
9.1436887	-0.52933443
9.1536707	-0.53050778
9.1636527	-0.53168247
9.1736347	-0.5328585
9.1836167	-0.53403586
9.1935987	-0.53521456
9.2035807	-0.5363946
9.2135627	-0.53757597
9.2235447	-0.53875869
9.2335267	-0.53994274
9.2435087	-0.54112813
9.2534907	-0.54231485
9.2634727	-0.54350292
9.2734547	-0.54469232
9.2834367	-0.54588306
9.2934187	-0.54707514
9.3034007	-0.54826855
9.3133827	-0.54946331
9.3233647	-0.5506594
9.3333467	-0.55185683
9.3433287	-0.5530556
9.3533107	-0.55425571
9.3632927	-0.55545716
9.3732747	-0.55665995
9.3832567	-0.55786407
9.3932386	-0.55906954
9.4032206	-0.56027634
9.4132026	-0.56148448
9.4231846	-0.56269396
9.4331666	-0.56390478
9.4431486	-0.56511694
9.4531306	-0.56633044
9.4631126	-0.56754528
9.4730946	-0.56876146
9.4830766	-0.56997897
9.4930586	-0.57119783
9.5030406	-0.57241803
9.5130226	-0.57363956
9.5230046	-0.57486244
9.5329866	-0.57608666
9.5429686	-0.57731221
9.5529506	-0.57853911
9.5629326	-0.57976734
9.5729146	-0.58099692
9.5828966	-0.58222784
9.5928786	-0.58346009
9.6028606	-0.58469369
9.6128426	-0.58592863
9.6228246	-0.58716491
9.6328066	-0.58840253
9.6427886	-0.58964148
9.6527706	-0.59088178
9.6627526	-0.59212342
9.6727345	-0.59336641
9.6827165	-0.59461073
9.6926985	-0.59585639
9.7026805	-0.5971034
9.7126625	-0.59835174
9.7226445	-0.59960143
9.7326265	-0.60085245
9.7426085	-0.60210482
9.7525905	-0.60335853
9.7625725	-0.60461358
9.7725545	-0.60586998
9.7825365	-0.60712771
9.7925185	-0.60838679
9.8025005	-0.6096472
9.8124825	-0.61090896
9.8224645	-0.61217206
9.8324465	-0.6134365
9.8424285	-0.61470229
9.8524105	-0.61596941
9.8623925	-0.61723788
9.8723745	-0.61850769
9.8823565	-0.61977884
9.8923385	-0.62105134
9.9023205	-0.62232517
9.9123025	-0.62360035
9.9222845	-0.62487687
9.9322665	-0.62615473
9.9422484	-0.62743394
9.9522304	-0.62871448
9.9622124	-0.62999637
9.9721944	-0.6312796
9.9821764	-0.63256418
9.9921584	-0.63385009
10.00214	-0.63513735
10.012122	-0.63642595
10.022104	-0.6377159
10.032086	-0.63900718
10.042068	-0.64029981
10.05205	-0.64159379
10.062032	-0.6428891
10.072014	-0.64418576
10.081996	-0.64548376
10.091978	-0.6467831
10.10196	-0.64808379
10.111942	-0.64938582
10.121924	-0.65068919
10.131906	-0.65199391
10.141888	-0.65329997
10.15187	-0.65460737
10.161852	-0.65591612
10.171834	-0.65722621
10.181816	-0.65853764
10.191798	-0.65985041
10.20178	-0.66116453
10.211762	-0.66247999
10.221744	-0.6637968
10.231726	-0.66511495
10.241708	-0.66643444
10.25169	-0.66775528
10.261672	-0.66907746
10.271654	-0.67040098
10.281636	-0.67172585
10.291618	-0.67305206
10.3016	-0.67437961
10.311582	-0.67570851
10.321564	-0.67703875
10.331546	-0.67837034
10.341528	-0.67970327
10.35151	-0.68103754
10.361492	-0.68237316
10.371474	-0.68371012
10.381456	-0.68504842
10.391438	-0.68638807
10.40142	-0.68772906
10.411402	-0.6890714
10.421384	-0.69041508
10.431366	-0.6917601
10.441348	-0.69310647
10.45133	-0.69445419
10.461312	-0.69580324
10.471294	-0.69715364
10.481276	-0.69850539
10.491258	-0.69985848
10.50124	-0.70121291
10.511222	-0.70256869
10.521204	-0.70392581
10.531186	-0.70528427
10.541168	-0.70664408
10.55115	-0.70800524
10.561132	-0.70936774
10.571114	-0.71073158
10.581096	-0.71209677
10.591078	-0.7134633
10.60106	-0.71483117
10.611042	-0.7162004
10.621024	-0.71757096
10.631006	-0.71894287
10.640988	-0.72031612
10.65097	-0.72169072
10.660952	-0.72306666
10.670934	-0.72444395
10.680916	-0.72582258
10.690898	-0.72720255
10.70088	-0.72858387
10.710862	-0.72996654
10.720844	-0.73135055
10.730826	-0.7327359
10.740808	-0.7341226
10.75079	-0.73551064
10.760772	-0.73690002
10.770754	-0.73829076
10.780736	-0.73968283
10.790718	-0.74107625
10.8007	-0.74247101
10.810682	-0.74386712
10.820664	-0.74526458
10.830646	-0.74666337
10.840628	-0.74806352
10.85061	-0.749465
10.860592	-0.75086783
10.870574	-0.75227201
10.880556	-0.75367753
10.890538	-0.75508439
10.90052	-0.7564926
10.910502	-0.75790216
10.920484	-0.75931305
10.930466	-0.7607253
10.940448	-0.76213888
10.95043	-0.76355381
10.960412	-0.76497009
10.970394	-0.76638771
10.980376	-0.76780667
10.990358	-0.76922698
11.00034	-0.77064864
11.010322	-0.77207163
11.020304	-0.77349598
11.030286	-0.77492166
11.040268	-0.77634869
11.05025	-0.77777707
11.060232	-0.77920679
11.070214	-0.78063785
11.080196	-0.78207026
11.090178	-0.78350401
11.10016	-0.78493911
11.110142	-0.78637555
11.120124	-0.78781333
11.130106	-0.78925246
11.140088	-0.79069293
11.15007	-0.79213475
11.160052	-0.79357791
11.170034	-0.79502242
11.180016	-0.79646827
11.189998	-0.79791546
11.19998	-0.799364
11.209962	-0.80081388
11.219944	-0.80226511
11.229926	-0.80371768
11.239908	-0.80517159
11.24989	-0.80662685
11.259872	-0.80808345
11.269854	-0.8095414
11.279836	-0.81100069
11.289818	-0.81246132
11.2998	-0.8139233
11.309782	-0.81538662
11.319764	-0.81685128
11.329746	-0.81831729
11.339728	-0.81978464
11.34971	-0.82125334
11.359692	-0.82272338
11.369674	-0.82419476
11.379656	-0.82566749
11.389638	-0.82714156
11.39962	-0.82861697
11.409602	-0.83009373
11.419584	-0.83157183
11.429566	-0.83305127
11.439548	-0.83453206
11.44953	-0.83601419
11.459512	-0.83749766
11.469494	-0.83898248
11.479476	-0.84046864
11.489458	-0.84195614
11.49944	-0.84344499
11.509422	-0.84493518
11.519404	-0.84642671
11.529386	-0.84791958
11.539368	-0.8494138
11.54935	-0.85090936
11.559332	-0.85240627
11.569314	-0.85390451
11.579296	-0.8554041
11.589278	-0.85690504
11.59926	-0.85840731
11.609242	-0.85991093
11.619224	-0.86141589
11.629206	-0.86292219
11.639188	-0.86442984
11.64917	-0.86593882
11.659152	-0.86744915
11.669134	-0.86896082
11.679116	-0.87047384
11.689098	-0.8719882
11.69908	-0.87350389
11.709062	-0.87502093
11.719044	-0.87653932
11.729026	-0.87805904
11.739008	-0.87958011
11.74899	-0.88110252
11.758972	-0.88262627
11.768954	-0.88415136
11.778936	-0.88567779
11.788918	-0.88720557
11.7989	-0.88873468
11.808882	-0.89026514
11.818864	-0.89179694
11.828846	-0.89333008
11.838828	-0.89486457
11.84881	-0.89640039
11.858792	-0.89793756
11.868774	-0.89947606
11.878756	-0.90101591
11.888738	-0.9025571
11.89872	-0.90409963
11.908702	-0.9056435
11.918684	-0.90718871
11.928666	-0.90873526
11.938648	-0.91028315
11.94863	-0.91183238
11.958612	-0.91338295
11.968594	-0.91493487
11.978576	-0.91648812
11.988558	-0.91804272
11.99854	-0.91959865
12.008522	-0.92115592
12.018504	-0.92271454
12.028486	-0.92427449
12.038468	-0.92583579
12.04845	-0.92739842
12.058432	-0.92896239
12.068414	-0.93052771
12.078396	-0.93209436
12.088378	-0.93366235
12.09836	-0.93523169
12.108342	-0.93680236
12.118324	-0.93837437
12.128306	-0.93994772
12.138288	-0.94152241
12.14827	-0.94309843
12.158252	-0.9446758
12.168234	-0.94625451
12.178216	-0.94783455
12.188198	-0.94941593
12.19818	-0.95099865
12.208162	-0.95258271
12.218144	-0.95416811
12.228126	-0.95575485
12.238108	-0.95734292
12.24809	-0.95893234
12.258072	-0.96052309
12.268054	-0.96211518
12.278036	-0.9637086
12.288018	-0.96530337
12.298	-0.96689947
12.307982	-0.96849691
12.317964	-0.97009569
12.327946	-0.9716958
12.337928	-0.97329725
12.34791	-0.97490004
12.357892	-0.97650417
12.367874	-0.97810963
12.377856	-0.97971643
12.387838	-0.98132456
12.39782	-0.98293404
12.407802	-0.98454485
12.417784	-0.98615699
12.427766	-0.98777048
12.437748	-0.98938529
12.44773	-0.99100145
12.457712	-0.99261894
12.467694	-0.99423777
12.477676	-0.99585793
12.487658	-0.99747943
12.49764	-0.99910226
12.507622	-1.0007264
12.517604	-1.0023519
12.527586	-1.0039788
12.537568	-1.0056069
12.54755	-1.0072365
12.557532	-1.0088673
12.567514	-1.0104995
12.577495	-1.012133
12.587477	-1.0137678
12.597459	-1.015404
12.607441	-1.0170415
12.617423	-1.0186804
12.627405	-1.0203206
12.637387	-1.0219621
12.647369	-1.023605
12.657351	-1.0252491
12.667333	-1.0268947
12.677315	-1.0285415
12.687297	-1.0301897
12.697279	-1.0318392
12.707261	-1.0334901
12.717243	-1.0351423
12.727225	-1.0367958
12.737207	-1.0384506
12.747189	-1.0401068
12.757171	-1.0417644
12.767153	-1.0434232
12.777135	-1.0450834
12.787117	-1.0467449
12.797099	-1.0484077
12.807081	-1.0500719
12.817063	-1.0517374
12.827045	-1.0534043
12.837027	-1.0550725
12.847009	-1.056742
12.856991	-1.0584128
12.866973	-1.060085
12.876955	-1.0617585
12.886937	-1.0634333
12.896919	-1.0651094
12.906901	-1.0667869
12.916883	-1.0684658
12.926865	-1.0701459
12.936847	-1.0718274
12.946829	-1.0735102
12.956811	-1.0751943
12.966793	-1.0768798
12.976775	-1.0785666
12.986757	-1.0802547
12.996739	-1.0819442
13.006721	-1.083635
13.016703	-1.0853271
13.026685	-1.0870205
13.036667	-1.0887153
13.046649	-1.0904114
13.056631	-1.0921088
13.066613	-1.0938076
13.076595	-1.0955077
13.086577	-1.0972091
13.096559	-1.0989118
13.106541	-1.1006159
13.116523	-1.1023213
13.126505	-1.104028
13.136487	-1.1057361
13.146469	-1.1074454
13.156451	-1.1091561
13.166433	-1.1108682
13.176415	-1.1125815
13.186397	-1.1142962
13.196379	-1.1160122
13.206361	-1.1177296
13.216343	-1.1194482
13.226325	-1.1211682
13.236307	-1.1228895
13.246289	-1.1246122
13.256271	-1.1263361
13.266253	-1.1280614
13.276235	-1.129788
13.286217	-1.131516
13.296199	-1.1332452
13.306181	-1.1349758
13.316163	-1.1367077
13.326145	-1.1384409
13.336127	-1.1401755
13.346109	-1.1419114
13.356091	-1.1436486
13.366073	-1.1453871
13.376055	-1.147127
13.386037	-1.1488681
13.396019	-1.1506106
13.406001	-1.1523545
13.415983	-1.1540996
13.425965	-1.1558461
13.435947	-1.1575938
13.445929	-1.1593429
13.455911	-1.1610934
13.465893	-1.1628451
13.475875	-1.1645982
13.485857	-1.1663526
13.495839	-1.1681083
13.505821	-1.1698653
13.515803	-1.1716237
13.525785	-1.1733834
13.535767	-1.1751444
13.545749	-1.1769067
13.555731	-1.1786703
13.565713	-1.1804353
13.575695	-1.1822015
13.585677	-1.1839691
13.595659	-1.185738
13.605641	-1.1875083
13.615623	-1.1892798
13.625605	-1.1910527
13.635587	-1.1928269
13.645569	-1.1946024
13.655551	-1.1963792
13.665533	-1.1981574
13.675515	-1.1999368
13.685497	-1.2017176
13.695479	-1.2034997
13.705461	-1.2052831
13.715443	-1.2070678
13.725425	-1.2088539
13.735407	-1.2106412
13.745389	-1.2124299
13.755371	-1.2142199
13.765353	-1.2160112
13.775335	-1.2178038
13.785317	-1.2195977
13.795299	-1.221393
13.805281	-1.2231896
13.815263	-1.2249874
13.825245	-1.2267866
13.835227	-1.2285871
13.845209	-1.230389
13.855191	-1.2321921
13.865173	-1.2339966
13.875155	-1.2358023
13.885137	-1.2376094
13.895119	-1.2394178
13.905101	-1.2412275
13.915083	-1.2430385
13.925065	-1.2448508
13.935047	-1.2466645
13.945029	-1.2484794
13.955011	-1.2502957
13.964993	-1.2521133
13.974975	-1.2539322
13.984957	-1.2557524
13.994939	-1.2575739
14.004921	-1.2593967
14.014903	-1.2612208
14.024885	-1.2630463
14.034867	-1.264873
14.044849	-1.2667011
14.054831	-1.2685304
14.064813	-1.2703611
14.074795	-1.2721931
14.084777	-1.2740264
14.094759	-1.275861
14.104741	-1.2776969
14.114723	-1.2795341
14.124705	-1.2813727
14.134687	-1.2832125
14.144669	-1.2850536
14.154651	-1.2868961
14.164633	-1.2887398
14.174615	-1.2905849
14.184597	-1.2924313
14.194579	-1.294279
14.204561	-1.2961279
14.214543	-1.2979782
14.224525	-1.2998298
14.234507	-1.3016827
14.244489	-1.3035369
14.254471	-1.3053924
14.264453	-1.3072492
14.274435	-1.3091074
14.284417	-1.3109668
14.294399	-1.3128275
14.304381	-1.3146895
14.314363	-1.3165529
14.324345	-1.3184175
14.334327	-1.3202834
14.344309	-1.3221507
14.354291	-1.3240192
14.364273	-1.3258891
14.374255	-1.3277602
14.384237	-1.3296327
14.394219	-1.3315064
14.404201	-1.3333814
14.414183	-1.3352578
14.424165	-1.3371354
14.434147	-1.3390144
14.444129	-1.3408946
14.454111	-1.3427762
14.464093	-1.3446591
14.474075	-1.3465432
14.484057	-1.3484286
14.494039	-1.3503154
14.504021	-1.3522034
14.514003	-1.3540928
14.523985	-1.3559834
14.533967	-1.3578754
14.543949	-1.3597686
14.553931	-1.3616631
14.563913	-1.363559
14.573895	-1.3654561
14.583877	-1.3673545
14.593859	-1.3692542
14.603841	-1.3711552
14.613823	-1.3730576
14.623805	-1.3749612
14.633787	-1.3768661
14.643769	-1.3787723
14.653751	-1.3806797
14.663733	-1.3825885
14.673715	-1.3844986
14.683697	-1.38641
14.693679	-1.3883226
14.703661	-1.3902366
14.713643	-1.3921518
14.723625	-1.3940684
14.733607	-1.3959862
14.743589	-1.3979054
14.753571	-1.3998258
14.763553	-1.4017475
14.773535	-1.4036705
14.783517	-1.4055948
14.793499	-1.4075204
14.803481	-1.4094472
14.813463	-1.4113754
14.823445	-1.4133048
14.833427	-1.4152356
14.843409	-1.4171676
14.853391	-1.4191009
14.863373	-1.4210355
14.873355	-1.4229714
14.883337	-1.4249086
14.893319	-1.4268471
14.903301	-1.4287868
14.913283	-1.4307279
14.923265	-1.4326702
14.933247	-1.4346138
14.943229	-1.4365587
14.953211	-1.4385049
14.963193	-1.4404524
14.973175	-1.4424012
14.983157	-1.4443512
14.993139	-1.4463025
15.003121	-1.4482552
15.013103	-1.4502091
15.023085	-1.4521642
15.033067	-1.4541207
15.043049	-1.4560785
15.053031	-1.4580375
15.063013	-1.4599978
15.072995	-1.4619594
15.082977	-1.4639223
15.092959	-1.4658864
15.102941	-1.4678519
15.112923	-1.4698186
15.122905	-1.4717866
15.132887	-1.4737559
15.142869	-1.4757265
15.152851	-1.4776983
15.162833	-1.4796714
15.172815	-1.4816458
15.182797	-1.4836215
15.192779	-1.4855985
15.202761	-1.4875767
15.212743	-1.4895562
15.222725	-1.491537
15.232707	-1.4935191
15.242689	-1.4955024
15.252671	-1.4974871
15.262653	-1.499473
15.272635	-1.5014601
15.282617	-1.5034486
15.292599	-1.5054383
15.302581	-1.5074293
15.312563	-1.5094216
15.322545	-1.5114151
15.332527	-1.51341
15.342509	-1.5154061
15.35249	-1.5174034
15.362472	-1.5194021
15.372454	-1.521402
15.382436	-1.5234032
15.392418	-1.5254056
15.4024	-1.5274094
15.412382	-1.5294144
15.422364	-1.5314207
15.432346	-1.5334282
15.442328	-1.535437
15.45231	-1.5374471
15.462292	-1.5394585
15.472274	-1.5414711
15.482256	-1.543485
15.492238	-1.5455002
15.50222	-1.5475166
15.512202	-1.5495343
15.522184	-1.5515533
15.532166	-1.5535735
15.542148	-1.555595
15.55213	-1.5576178
15.562112	-1.5596418
15.572094	-1.5616671
15.582076	-1.5636937
15.592058	-1.5657215
15.60204	-1.5677506
15.612022	-1.569781
15.622004	-1.5718126
15.631986	-1.5738455
15.641968	-1.5758796
15.65195	-1.577915
15.661932	-1.5799517
15.671914	-1.5819897
15.681896	-1.5840289
15.691878	-1.5860693
15.70186	-1.588111
15.711842	-1.590154
15.721824	-1.5921983
15.731806	-1.5942438
15.741788	-1.5962906
15.75177	-1.5983386
15.761752	-1.6003879
15.771734	-1.6024384
15.781716	-1.6044902
15.791698	-1.6065433
15.80168	-1.6085976
15.811662	-1.6106532
15.821644	-1.61271
15.831626	-1.6147681
15.841608	-1.6168275
15.85159	-1.6188881
15.861572	-1.6209499
15.871554	-1.623013
15.881536	-1.6250774
15.891518	-1.627143
15.9015	-1.6292099
15.911482	-1.631278
15.921464	-1.6333474
15.931446	-1.6354181
15.941428	-1.63749
15.95141	-1.6395631
15.961392	-1.6416375
15.971374	-1.6437132
15.981356	-1.6457901
15.991338	-1.6478682
16.00132	-1.6499476
16.011302	-1.6520283
16.021284	-1.6541101
16.031266	-1.6561933
16.041248	-1.6582777
16.05123	-1.6603633
16.061212	-1.6624502
16.071194	-1.6645384
16.081176	-1.6666278
16.091158	-1.6687184
16.10114	-1.6708103
16.111122	-1.6729034
16.121104	-1.6749978
16.131086	-1.6770934
16.141068	-1.6791903
16.15105	-1.6812884
16.161032	-1.6833877
16.171014	-1.6854883
16.180996	-1.6875902
16.190978	-1.6896933
16.20096	-1.6917976
16.210942	-1.6939032
16.220924	-1.69601
16.230906	-1.698118
16.240888	-1.7002273
16.25087	-1.7023379
16.260852	-1.7044496
16.270834	-1.7065627
16.280816	-1.7086769
16.290798	-1.7107924
16.30078	-1.7129091
16.310762	-1.7150271
16.320744	-1.7171463
16.330726	-1.7192668
16.340708	-1.7213884
16.35069	-1.7235114
16.360672	-1.7256355
16.370654	-1.7277609
16.380636	-1.7298875
16.390618	-1.7320154
16.4006	-1.7341445
16.410582	-1.7362748
16.420564	-1.7384064
16.430546	-1.7405392
16.440528	-1.7426732
16.45051	-1.7448085
16.460492	-1.746945
16.470474	-1.7490827
16.480456	-1.7512217
16.490438	-1.7533619
16.50042	-1.7555033
16.510402	-1.757646
16.520384	-1.7597898
16.530366	-1.761935
16.540348	-1.7640813
16.55033	-1.7662289
16.560312	-1.7683777
16.570294	-1.7705277
16.580276	-1.7726789
16.590258	-1.7748314
16.60024	-1.7769851
16.610222	-1.7791401
16.620204	-1.7812962
16.630186	-1.7834536
16.640168	-1.7856122
16.65015	-1.787772
16.660132	-1.7899331
16.670114	-1.7920954
16.680096	-1.7942589
16.690078	-1.7964236
16.70006	-1.7985896
16.710042	-1.8007567
16.720024	-1.8029251
16.730006	-1.8050947
16.739988	-1.8072656
16.74997	-1.8094376
16.759952	-1.8116109
16.769934	-1.8137854
16.779916	-1.8159611
16.789898	-1.818138
16.79988	-1.8203162
16.809862	-1.8224955
16.819844	-1.8246761
16.829826	-1.8268579
16.839808	-1.8290409
16.84979	-1.8312251
16.859772	-1.8334106
16.869754	-1.8355972
16.879736	-1.8377851
16.889718	-1.8399742
16.8997	-1.8421645
16.909682	-1.844356
16.919664	-1.8465487
16.929646	-1.8487427
16.939628	-1.8509378
16.94961	-1.8531342
16.959592	-1.8553317
16.969574	-1.8575305
16.979556	-1.8597305
16.989538	-1.8619317
16.99952	-1.8641341
17.009502	-1.8663377
17.019484	-1.8685426
17.029466	-1.8707486
17.039448	-1.8729558
17.04943	-1.8751643
17.059412	-1.8773739
17.069394	-1.8795848
17.079376	-1.8817969
17.089358	-1.8840101
17.09934	-1.8862246
17.109322	-1.8884403
17.119304	-1.8906572
17.129286	-1.8928753
17.139268	-1.8950946
17.14925	-1.897315
17.159232	-1.8995367
17.169214	-1.9017596
17.179196	-1.9039837
17.189178	-1.906209
17.19916	-1.9084355
17.209142	-1.9106632
17.219124	-1.9128921
17.229106	-1.9151222
17.239088	-1.9173535
17.24907	-1.919586
17.259052	-1.9218196
17.269034	-1.9240545
17.279016	-1.9262906
17.288998	-1.9285279
17.29898	-1.9307663
17.308962	-1.933006
17.318944	-1.9352469
17.328926	-1.9374889
17.338908	-1.9397321
17.34889	-1.9419766
17.358872	-1.9442222
17.368854	-1.946469
17.378836	-1.948717
17.388818	-1.9509662
17.3988	-1.9532166
17.408782	-1.9554682
17.418764	-1.957721
17.428746	-1.9599749
17.438728	-1.9622301
17.44871	-1.9644864
17.458692	-1.966744
17.468674	-1.9690027
17.478656	-1.9712626
17.488638	-1.9735236
17.49862	-1.9757859
17.508602	-1.9780494
17.518584	-1.980314
17.528566	-1.9825798
17.538548	-1.9848468
17.54853	-1.987115
17.558512	-1.9893844
17.568494	-1.991655
17.578476	-1.9939267
17.588458	-1.9961996
17.59844	-1.9984737
17.608422	-2.000749
17.618404	-2.0030255
17.628386	-2.0053031
17.638368	-2.0075819
17.64835	-2.0098619
17.658332	-2.0121431
17.668314	-2.0144254
17.678296	-2.016709
17.688278	-2.0189937
17.69826	-2.0212795
17.708242	-2.0235666
17.718224	-2.0258548
17.728206	-2.0281442
17.738188	-2.0304348
17.74817	-2.0327266
17.758152	-2.0350195
17.768134	-2.0373136
17.778116	-2.0396088
17.788098	-2.0419053
17.79808	-2.0442029
17.808062	-2.0465017
17.818044	-2.0488016
17.828026	-2.0511027
17.838008	-2.053405
17.84799	-2.0557085
17.857972	-2.0580131
17.867954	-2.0603189
17.877936	-2.0626259
17.887918	-2.064934
17.8979	-2.0672433
17.907882	-2.0695537
17.917864	-2.0718653
17.927846	-2.0741781
17.937828	-2.0764921
17.94781	-2.0788072
17.957792	-2.0811235
17.967774	-2.0834409
17.977756	-2.0857595
17.987738	-2.0880792
17.99772	-2.0904002
18.007702	-2.0927222
18.017684	-2.0950455
18.027666	-2.0973699
18.037648	-2.0996954
18.04763	-2.1020221
18.057612	-2.10435
18.067594	-2.106679
18.077576	-2.1090092
18.087558	-2.1113406
18.09754	-2.1136731
18.107522	-2.1160067
18.117504	-2.1183415
18.127485	-2.1206775
18.137467	-2.1230146
18.147449	-2.1253529
18.157431	-2.1276923
18.167413	-2.1300328
18.177395	-2.1323746
18.187377	-2.1347174
18.197359	-2.1370614
18.207341	-2.1394066
18.217323	-2.1417529
18.227305	-2.1441004
18.237287	-2.146449
18.247269	-2.1487988
18.257251	-2.1511497
18.267233	-2.1535017
18.277215	-2.1558549
18.287197	-2.1582093
18.297179	-2.1605648
18.307161	-2.1629214
18.317143	-2.1652792
18.327125	-2.1676381
18.337107	-2.1699982
18.347089	-2.1723594
18.357071	-2.1747217
18.367053	-2.1770852
18.377035	-2.1794499
18.387017	-2.1818156
18.396999	-2.1841825
18.406981	-2.1865506
18.416963	-2.1889198
18.426945	-2.1912901
18.436927	-2.1936616
18.446909	-2.1960342
18.456891	-2.1984079
18.466873	-2.2007828
18.476855	-2.2031588
18.486837	-2.2055359
18.496819	-2.2079142
18.506801	-2.2102936
18.516783	-2.2126741
18.526765	-2.2150558
18.536747	-2.2174386
18.546729	-2.2198225
18.556711	-2.2222076
18.566693	-2.2245938
18.576675	-2.2269811
18.586657	-2.2293696
18.596639	-2.2317592
18.606621	-2.2341499
18.616603	-2.2365417
18.626585	-2.2389347
18.636567	-2.2413288
18.646549	-2.243724
18.656531	-2.2461203
18.666513	-2.2485178
18.676495	-2.2509164
18.686477	-2.2533161
18.696459	-2.2557169
18.706441	-2.2581189
18.716423	-2.260522
18.726405	-2.2629262
18.736387	-2.2653315
18.746369	-2.2677379
18.756351	-2.2701455
18.766333	-2.2725542
18.776315	-2.274964
18.786297	-2.2773749
18.796279	-2.2797869
18.806261	-2.2822001
18.816243	-2.2846143
18.826225	-2.2870297
18.836207	-2.2894462
18.846189	-2.2918638
18.856171	-2.2942826
18.866153	-2.2967024
18.876135	-2.2991234
18.886117	-2.3015454
18.896099	-2.3039686
18.906081	-2.3063929
18.916063	-2.3088183
18.926045	-2.3112448
18.936027	-2.3136724
18.946009	-2.3161011
18.955991	-2.318531
18.965973	-2.3209619
18.975955	-2.3233939
18.985937	-2.3258271
18.995919	-2.3282614
19.005901	-2.3306967
19.015883	-2.3331332
19.025865	-2.3355708
19.035847	-2.3380094
19.045829	-2.3404492
19.055811	-2.3428901
19.065793	-2.3453321
19.075775	-2.3477752
19.085757	-2.3502194
19.095739	-2.3526646
19.105721	-2.355111
19.115703	-2.3575585
19.125685	-2.3600071
19.135667	-2.3624568
19.145649	-2.3649076
19.155631	-2.3673594
19.165613	-2.3698124
19.175595	-2.3722665
19.185577	-2.3747216
19.195559	-2.3771779
19.205541	-2.3796352
19.215523	-2.3820937
19.225505	-2.3845532
19.235487	-2.3870138
19.245469	-2.3894755
19.255451	-2.3919383
19.265433	-2.3944022
19.275415	-2.3968672
19.285397	-2.3993333
19.295379	-2.4018005
19.305361	-2.4042687
19.315343	-2.4067381
19.325325	-2.4092085
19.335307	-2.41168
19.345289	-2.4141526
19.355271	-2.4166263
19.365253	-2.419101
19.375235	-2.4215769
19.385217	-2.4240538
19.395199	-2.4265318
19.405181	-2.4290109
19.415163	-2.4314911
19.425145	-2.4339724
19.435127	-2.4364547
19.445109	-2.4389381
19.455091	-2.4414226
19.465073	-2.4439082
19.475055	-2.4463948
19.485037	-2.4488826
19.495019	-2.4513714
19.505001	-2.4538613
19.514983	-2.4563522
19.524965	-2.4588442
19.534947	-2.4613374
19.544929	-2.4638315
19.554911	-2.4663268
19.564893	-2.4688231
19.574875	-2.4713205
19.584857	-2.473819
19.594839	-2.4763185
19.604821	-2.4788191
19.614803	-2.4813208
19.624785	-2.4838235
19.634767	-2.4863273
19.644749	-2.4888322
19.654731	-2.4913382
19.664713	-2.4938452
19.674695	-2.4963532
19.684677	-2.4988624
19.694659	-2.5013726
19.704641	-2.5038839
19.714623	-2.5063962
19.724605	-2.5089096
19.734587	-2.511424
19.744569	-2.5139396
19.754551	-2.5164561
19.764533	-2.5189738
19.774515	-2.5214925
19.784497	-2.5240122
19.794479	-2.526533
19.804461	-2.5290549
19.814443	-2.5315778
19.824425	-2.5341018
19.834407	-2.5366269
19.844389	-2.539153
19.854371	-2.5416801
19.864353	-2.5442083
19.874335	-2.5467376
19.884317	-2.5492679
19.894299	-2.5517993
19.904281	-2.5543317
19.914263	-2.5568651
19.924245	-2.5593996
19.934227	-2.5619352
19.944209	-2.5644718
19.954191	-2.5670095
19.964173	-2.5695482
19.974155	-2.5720879
19.984137	-2.5746287
19.994119	-2.5771706
20.004101	-2.5797135
20.014083	-2.5822574
20.024065	-2.5848024
20.034047	-2.5873484
20.044029	-2.5898955
20.054011	-2.5924436
20.063993	-2.5949927
20.073975	-2.5975429
20.083957	-2.6000942
20.093939	-2.6026464
20.103921	-2.6051997
20.113903	-2.6077541
20.123885	-2.6103095
20.133867	-2.6128659
20.143849	-2.6154233
20.153831	-2.6179818
20.163813	-2.6205414
20.173795	-2.6231019
20.183777	-2.6256635
20.193759	-2.6282261
20.203741	-2.6307898
20.213723	-2.6333545
20.223705	-2.6359202
20.233687	-2.638487
20.243669	-2.6410548
20.253651	-2.6436236
20.263633	-2.6461934
20.273615	-2.6487643
20.283597	-2.6513362
20.293579	-2.6539091
20.303561	-2.6564831
20.313543	-2.659058
20.323525	-2.661634
20.333507	-2.6642111
20.343489	-2.6667891
20.353471	-2.6693682
20.363453	-2.6719483
20.373435	-2.6745294
20.383417	-2.6771115
20.393399	-2.6796947
20.403381	-2.6822788
20.413363	-2.684864
20.423345	-2.6874503
20.433327	-2.6900375
20.443309	-2.6926257
20.453291	-2.695215
20.463273	-2.6978053
20.473255	-2.7003966
20.483237	-2.7029889
20.493219	-2.7055822
20.503201	-2.7081766
20.513183	-2.7107719
20.523165	-2.7133683
20.533147	-2.7159656
20.543129	-2.718564
20.553111	-2.7211634
20.563093	-2.7237638
20.573075	-2.7263652
20.583057	-2.7289677
20.593039	-2.7315711
20.603021	-2.7341755
20.613003	-2.736781
20.622985	-2.7393874
20.632967	-2.7419948
20.642949	-2.7446033
20.652931	-2.7472128
20.662913	-2.7498232
20.672895	-2.7524347
20.682877	-2.7550472
20.692859	-2.7576606
20.702841	-2.7602751
20.712823	-2.7628905
20.722805	-2.765507
20.732787	-2.7681245
20.742769	-2.7707429
20.752751	-2.7733624
20.762733	-2.7759828
20.772715	-2.7786043
20.782697	-2.7812267
20.792679	-2.7838502
20.802661	-2.7864746
20.812643	-2.7891
20.822625	-2.7917265
20.832607	-2.7943539
20.842589	-2.7969823
20.852571	-2.7996117
20.862553	-2.802242
20.872535	-2.8048734
20.882517	-2.8075058
20.892498	-2.8101391
20.90248	-2.8127734
20.912462	-2.8154088
20.922444	-2.8180451
20.932426	-2.8206824
20.942408	-2.8233206
20.95239	-2.8259599
20.962372	-2.8286001
20.972354	-2.8312414
20.982336	-2.8338836
20.992318	-2.8365268
21.0023	-2.8391709
21.012282	-2.8418161
21.022264	-2.8444622
21.032246	-2.8471093
21.042228	-2.8497574
21.05221	-2.8524064
21.062192	-2.8550565
21.072174	-2.8577075
21.082156	-2.8603595
21.092138	-2.8630124
21.10212	-2.8656664
21.112102	-2.8683213
21.122084	-2.8709772
21.132066	-2.873634
21.142048	-2.8762918
21.15203	-2.8789506
21.162012	-2.8816104
21.171994	-2.8842711
21.181976	-2.8869328
21.191958	-2.8895955
21.20194	-2.8922591
21.211922	-2.8949237
21.221904	-2.8975893
21.231886	-2.9002558
21.241868	-2.9029233
21.25185	-2.9055918
21.261832	-2.9082612
21.271814	-2.9109316
21.281796	-2.913603
21.291778	-2.9162753
21.30176	-2.9189485
21.311742	-2.9216228
21.321724	-2.924298
21.331706	-2.9269741
21.341688	-2.9296512
21.35167	-2.9323293
21.361652	-2.9350083
21.371634	-2.9376883
21.381616	-2.9403692
21.391598	-2.9430511
21.40158	-2.9457339
21.411562	-2.9484177
21.421544	-2.9511025
21.431526	-2.9537882
21.441508	-2.9564748
21.45149	-2.9591624
21.461472	-2.9618509
21.471454	-2.9645404
21.481436	-2.9672309
21.491418	-2.9699223
21.5014	-2.9726146
21.511382	-2.9753079
21.521364	-2.9780021
21.531346	-2.9806973
21.541328	-2.9833934
21.55131	-2.9860905
21.561292	-2.9887885
21.571274	-2.9914874
21.581256	-2.9941873
21.591238	-2.9968881
21.60122	-2.9995899
21.611202	-3.0022926
21.621184	-3.0049962
21.631166	-3.0077008
21.641148	-3.0104063
21.65113	-3.0131128
21.661112	-3.0158202
21.671094	-3.0185285
21.681076	-3.0212378
21.691058	-3.023948
21.70104	-3.0266591
21.711022	-3.0293712
21.721004	-3.0320842
21.730986	-3.0347981
21.740968	-3.0375129
21.75095	-3.0402287
21.760932	-3.0429454
21.770914	-3.0456631
21.780896	-3.0483817
21.790878	-3.0511012
21.80086	-3.0538216
21.810842	-3.0565429
21.820824	-3.0592652
21.830806	-3.0619884
21.840788	-3.0647125
21.85077	-3.0674376
21.860752	-3.0701635
21.870734	-3.0728904
21.880716	-3.0756182
21.890698	-3.078347
21.90068	-3.0810766
21.910662	-3.0838072
21.920644	-3.0865387
21.930626	-3.0892711
21.940608	-3.0920044
21.95059	-3.0947386
21.960572	-3.0974738
21.970554	-3.1002098
21.980536	-3.1029468
21.990518	-3.1056847
22.0005	-3.1084235
22.010482	-3.1111632
22.020464	-3.1139039
22.030446	-3.1166454
22.040428	-3.1193878
22.05041	-3.1221312
22.060392	-3.1248755
22.070374	-3.1276206
22.080356	-3.1303667
22.090338	-3.1331137
22.10032	-3.1358616
22.110302	-3.1386104
22.120284	-3.1413601
22.130266	-3.1441107
22.140248	-3.1468622
22.15023	-3.1496146
22.160212	-3.1523679
22.170194	-3.1551221
22.180176	-3.1578773
22.190158	-3.1606333
22.20014	-3.1633902
22.210122	-3.166148
22.220104	-3.1689067
22.230086	-3.1716663
22.240068	-3.1744268
22.25005	-3.1771882
22.260032	-3.1799505
22.270014	-3.1827137
22.279996	-3.1854777
22.289978	-3.1882427
22.29996	-3.1910086
22.309942	-3.1937753
22.319924	-3.1965429
22.329906	-3.1993115
22.339888	-3.2020809
22.34987	-3.2048512
22.359852	-3.2076224
22.369834	-3.2103945
22.379816	-3.2131674
22.389798	-3.2159413
22.39978	-3.218716
22.409762	-3.2214916
22.419744	-3.2242681
22.429726	-3.2270455
22.439708	-3.2298238
22.44969	-3.2326029
22.459672	-3.235383
22.469654	-3.2381639
22.479636	-3.2409457
22.489618	-3.2437283
22.4996	-3.2465119
22.509582	-3.2492963
22.519564	-3.2520816
22.529546	-3.2548678
22.539528	-3.2576548
22.54951	-3.2604427
22.559492	-3.2632315
22.569474	-3.2660212
22.579456	-3.2688117
22.589438	-3.2716031
22.59942	-3.2743954
22.609402	-3.2771886
22.619384	-3.2799826
22.629366	-3.2827775
22.639348	-3.2855732
22.64933	-3.2883699
22.659312	-3.2911674
22.669294	-3.2939657
22.679276	-3.2967649
22.689258	-3.299565
22.69924	-3.302366
22.709222	-3.3051678
22.719204	-3.3079704
22.729186	-3.310774
22.739168	-3.3135784
22.74915	-3.3163836
22.759132	-3.3191898
22.769114	-3.3219967
22.779096	-3.3248046
22.789078	-3.3276132
22.79906	-3.3304228
22.809042	-3.3332332
22.819024	-3.3360444
22.829006	-3.3388566
22.838988	-3.3416695
22.84897	-3.3444833
22.858952	-3.347298
22.868934	-3.3501135
22.878916	-3.3529299
22.888898	-3.3557471
22.89888	-3.3585652
22.908862	-3.3613841
22.918844	-3.3642039
22.928826	-3.3670245
22.938808	-3.369846
22.94879	-3.3726683
22.958772	-3.3754914
22.968754	-3.3783154
22.978736	-3.3811403
22.988718	-3.3839659
22.9987	-3.3867925
23.008682	-3.3896198
23.018664	-3.392448
23.028646	-3.3952771
23.038628	-3.398107
23.04861	-3.4009377
23.058592	-3.4037693
23.068574	-3.4066017
23.078556	-3.4094349
23.088538	-3.412269
23.09852	-3.4151039
23.108502	-3.4179396
23.118484	-3.4207762
23.128466	-3.4236136
23.138448	-3.4264519
23.14843	-3.429291
23.158412	-3.4321309
23.168394	-3.4349716
23.178376	-3.4378132
23.188358	-3.4406556
23.19834	-3.4434988
23.208322	-3.4463428
23.218304	-3.4491877
23.228286	-3.4520334
23.238268	-3.4548799
23.24825	-3.4577273
23.258232	-3.4605755
23.268214	-3.4634245
23.278196	-3.4662743
23.288178	-3.4691249
23.29816	-3.4719764
23.308142	-3.4748287
23.318124	-3.4776818
23.328106	-3.4805357
23.338088	-3.4833905
23.34807	-3.486246
23.358052	-3.4891024
23.368034	-3.4919596
23.378016	-3.4948176
23.387998	-3.4976764
23.39798	-3.5005361
23.407962	-3.5033965
23.417944	-3.5062578
23.427926	-3.5091198
23.437908	-3.5119827
23.44789	-3.5148464
23.457872	-3.5177109
23.467854	-3.5205762
23.477836	-3.5234424
23.487818	-3.5263093
23.4978	-3.529177
23.507782	-3.5320456
23.517764	-3.5349149
23.527746	-3.5377851
23.537728	-3.540656
23.54771	-3.5435278
23.557692	-3.5464003
23.567674	-3.5492737
23.577656	-3.5521479
23.587638	-3.5550228
23.59762	-3.5578986
23.607602	-3.5607751
23.617584	-3.5636525
23.627566	-3.5665307
23.637548	-3.5694096
23.64753	-3.5722894
23.657512	-3.5751699
23.667493	-3.5780513
23.677475	-3.5809334
23.687457	-3.5838163
23.697439	-3.5867
23.707421	-3.5895845
23.717403	-3.5924698
23.727385	-3.5953559
23.737367	-3.5982428
23.747349	-3.6011305
23.757331	-3.604019
23.767313	-3.6069082
23.777295	-3.6097982
23.787277	-3.6126891
23.797259	-3.6155807
23.807241	-3.618473
23.817223	-3.6213662
23.827205	-3.6242602
23.837187	-3.6271549
23.847169	-3.6300504
23.857151	-3.6329467
23.867133	-3.6358438
23.877115	-3.6387417
23.887097	-3.6416403
23.897079	-3.6445397
23.907061	-3.6474399
23.917043	-3.6503409
23.927025	-3.6532426
23.937007	-3.6561452
23.946989	-3.6590485
23.956971	-3.6619525
23.966953	-3.6648574
23.976935	-3.667763
23.986917	-3.6706694
23.996899	-3.6735765
24.006881	-3.6764845
24.016863	-3.6793932
24.026845	-3.6823026
24.036827	-3.6852129
24.046809	-3.6881239
24.056791	-3.6910357
24.066773	-3.6939482
24.076755	-3.6968615
24.086737	-3.6997756
24.096719	-3.7026904
24.106701	-3.705606
24.116683	-3.7085223
24.126665	-3.7114394
24.136647	-3.7143573
24.146629	-3.717276
24.156611	-3.7201954
24.166593	-3.7231155
24.176575	-3.7260364
24.186557	-3.7289581
24.196539	-3.7318805
24.206521	-3.7348037
24.216503	-3.7377276
24.226485	-3.7406523
24.236467	-3.7435778
24.246449	-3.746504
24.256431	-3.7494309
24.266413	-3.7523586
24.276395	-3.7552871
24.286377	-3.7582163
24.296359	-3.7611463
24.306341	-3.764077
24.316323	-3.7670084
24.326305	-3.7699406
24.336287	-3.7728736
24.346269	-3.7758072
24.356251	-3.7787417
24.366233	-3.7816769
24.376215	-3.7846128
24.386197	-3.7875495
24.396179	-3.7904869
24.406161	-3.793425
24.416143	-3.7963639
24.426125	-3.7993035
24.436107	-3.8022439
24.446089	-3.805185
24.456071	-3.8081269
24.466053	-3.8110695
24.476035	-3.8140128
24.486017	-3.8169568
24.495999	-3.8199016
24.505981	-3.8228472
24.515963	-3.8257934
24.525945	-3.8287404
24.535927	-3.8316881
24.545909	-3.8346366
24.555891	-3.8375858
24.565873	-3.8405357
24.575855	-3.8434863
24.585837	-3.8464377
24.595819	-3.8493898
24.605801	-3.8523427
24.615783	-3.8552962
24.625765	-3.8582505
24.635747	-3.8612055
24.645729	-3.8641612
24.655711	-3.8671177
24.665693	-3.8700749
24.675675	-3.8730328
24.685657	-3.8759914
24.695639	-3.8789508
24.705621	-3.8819108
24.715603	-3.8848716
24.725585	-3.8878331
24.735567	-3.8907953
24.745549	-3.8937583
24.755531	-3.8967219
24.765513	-3.8996863
24.775495	-3.9026514
24.785477	-3.9056172
24.795459	-3.9085837
24.805441	-3.9115509
24.815423	-3.9145189
24.825405	-3.9174875
24.835387	-3.9204569
24.845369	-3.9234269
24.855351	-3.9263977
24.865333	-3.9293692
24.875315	-3.9323414
24.885297	-3.9353143
24.895279	-3.9382879
24.905261	-3.9412622
24.915243	-3.9442373
24.925225	-3.947213
24.935207	-3.9501894
24.945189	-3.9531666
24.955171	-3.9561444
24.965153	-3.9591229
24.975135	-3.9621022
24.985117	-3.9650821
24.995099	-3.9680627
25.005081	-3.9710441
25.015063	-3.9740261
25.025045	-3.9770088
25.035027	-3.9799923
25.045009	-3.9829764
25.054991	-3.9859612
25.064973	-3.9889467
25.074955	-3.9919329
25.084937	-3.9949198
25.094919	-3.9979074
25.104901	-4.0008957
25.114883	-4.0038847
25.124865	-4.0068743
25.134847	-4.0098647
25.144829	-4.0128557
25.154811	-4.0158475
25.164793	-4.0188399
25.174775	-4.021833
25.184757	-4.0248268
25.194739	-4.0278212
25.204721	-4.0308164
25.214703	-4.0338123
25.224685	-4.0368088
25.234667	-4.039806
25.244649	-4.0428039
25.254631	-4.0458024
25.264613	-4.0488017
25.274595	-4.0518016
25.284577	-4.0548022
25.294559	-4.0578035
25.304541	-4.0608055
25.314523	-4.0638081
25.324505	-4.0668114
25.334487	-4.0698154
25.344469	-4.0728201
25.354451	-4.0758254
25.364433	-4.0788315
25.374415	-4.0818381
25.384397	-4.0848455
25.394379	-4.0878535
25.404361	-4.0908622
25.414343	-4.0938716
25.424325	-4.0968816
25.434307	-4.0998923
25.444289	-4.1029037
25.454271	-4.1059157
25.464253	-4.1089284
25.474235	-4.1119418
25.484217	-4.1149559
25.494199	-4.1179706
25.504181	-4.1209859
25.514163	-4.1240019
25.524145	-4.1270186
25.534127	-4.130036
25.544109	-4.133054
25.554091	-4.1360726
25.564073	-4.139092
25.574055	-4.1421119
25.584037	-4.1451326
25.594019	-4.1481539
25.604001	-4.1511758
25.613983	-4.1541984
25.623965	-4.1572217
25.633947	-4.1602456
25.643929	-4.1632702
25.653911	-4.1662954
25.663893	-4.1693213
25.673875	-4.1723478
25.683857	-4.175375
25.693839	-4.1784028
25.703821	-4.1814313
25.713803	-4.1844604
25.723785	-4.1874902
25.733767	-4.1905206
25.743749	-4.1935517
25.753731	-4.1965834
25.763713	-4.1996157
25.773695	-4.2026487
25.783677	-4.2056824
25.793659	-4.2087167
25.803641	-4.2117516
25.813623	-4.2147872
25.823605	-4.2178234
25.833587	-4.2208602
25.843569	-4.2238977
25.853551	-4.2269358
25.863533	-4.2299746
25.873515	-4.233014
25.883497	-4.236054
25.893479	-4.2390947
25.903461	-4.242136
25.913443	-4.2451779
25.923425	-4.2482205
25.933407	-4.2512637
25.943389	-4.2543076
25.953371	-4.257352
25.963353	-4.2603971
25.973335	-4.2634429
25.983317	-4.2664892
25.993299	-4.2695362
26.003281	-4.2725838
26.013263	-4.2756321
26.023245	-4.2786809
26.033227	-4.2817304
26.043209	-4.2847805
26.053191	-4.2878313
26.063173	-4.2908827
26.073155	-4.2939346
26.083137	-4.2969873
26.093119	-4.3000405
26.103101	-4.3030944
26.113083	-4.3061488
26.123065	-4.3092039
26.133047	-4.3122596
26.143029	-4.315316
26.153011	-4.3183729
26.162993	-4.3214305
26.172975	-4.3244887
26.182957	-4.3275475
26.192939	-4.3306069
26.202921	-4.3336669
26.212903	-4.3367275
26.222885	-4.3397888
26.232867	-4.3428507
26.242849	-4.3459131
26.252831	-4.3489762
26.262813	-4.3520399
26.272795	-4.3551042
26.282777	-4.3581691
26.292759	-4.3612346
26.302741	-4.3643008
26.312723	-4.3673675
26.322705	-4.3704348
26.332687	-4.3735028
26.342669	-4.3765713
26.352651	-4.3796405
26.362633	-4.3827102
26.372615	-4.3857806
26.382597	-4.3888515
26.392579	-4.3919231
26.402561	-4.3949953
26.412543	-4.398068
26.422525	-4.4011414
26.432507	-4.4042153
26.442488	-4.4072899
26.45247	-4.410365
26.462452	-4.4134407
26.472434	-4.4165171
26.482416	-4.419594
26.492398	-4.4226715
26.50238	-4.4257497
26.512362	-4.4288284
26.522344	-4.4319077
26.532326	-4.4349876
26.542308	-4.438068
26.55229	-4.4411491
26.562272	-4.4442308
26.572254	-4.447313
26.582236	-4.4503959
26.592218	-4.4534793
26.6022	-4.4565633
26.612182	-4.4596479
26.622164	-4.4627331
26.632146	-4.4658188
26.642128	-4.4689052
26.65211	-4.4719921
26.662092	-4.4750796
26.672074	-4.4781677
26.682056	-4.4812564
26.692038	-4.4843456
26.70202	-4.4874354
26.712002	-4.4905259
26.721984	-4.4936168
26.731966	-4.4967084
26.741948	-4.4998005
26.75193	-4.5028933
26.761912	-4.5059866
26.771894	-4.5090804
26.781876	-4.5121749
26.791858	-4.5152699
26.80184	-4.5183655
26.811822	-4.5214616
26.821804	-4.5245583
26.831786	-4.5276556
26.841768	-4.5307535
26.85175	-4.5338519
26.861732	-4.5369509
26.871714	-4.5400505
26.881696	-4.5431506
26.891678	-4.5462514
26.90166	-4.5493526
26.911642	-4.5524545
26.921624	-4.5555569
26.931606	-4.5586598
26.941588	-4.5617633
26.95157	-4.5648674
26.961552	-4.5679721
26.971534	-4.5710773
26.981516	-4.574183
26.991498	-4.5772894
27.00148	-4.5803963
27.011462	-4.5835037
27.021444	-4.5866117
27.031426	-4.5897203
27.041408	-4.5928294
27.05139	-4.595939
27.061372	-4.5990493
27.071354	-4.60216
27.081336	-4.6052714
27.091318	-4.6083832
27.1013	-4.6114957
27.111282	-4.6146087
27.121264	-4.6177222
27.131246	-4.6208363
27.141228	-4.6239509
27.15121	-4.6270661
27.161192	-4.6301818
27.171174	-4.6332981
27.181156	-4.6364149
27.191138	-4.6395323
27.20112	-4.6426502
27.211102	-4.6457687
27.221084	-4.6488877
27.231066	-4.6520072
27.241048	-4.6551273
27.25103	-4.6582479
27.261012	-4.6613691
27.270994	-4.6644908
27.280976	-4.6676131
27.290958	-4.6707358
27.30094	-4.6738592
27.310922	-4.676983
27.320904	-4.6801074
27.330886	-4.6832324
27.340868	-4.6863578
27.35085	-4.6894838
27.360832	-4.6926104
27.370814	-4.6957375
27.380796	-4.6988651
27.390778	-4.7019932
27.40076	-4.7051219
27.410742	-4.7082511
27.420724	-4.7113808
27.430706	-4.7145111
27.440688	-4.7176419
27.45067	-4.7207732
27.460652	-4.723905
27.470634	-4.7270374
27.480616	-4.7301703
27.490598	-4.7333037
27.50058	-4.7364377
27.510562	-4.7395721
27.520544	-4.7427071
27.530526	-4.7458426
27.540508	-4.7489787
27.55049	-4.7521152
27.560472	-4.7552523
27.570454	-4.7583899
27.580436	-4.761528
27.590418	-4.7646667
27.6004	-4.7678058
27.610382	-4.7709455
27.620364	-4.7740857
27.630346	-4.7772264
27.640328	-4.7803676
27.65031	-4.7835094
27.660292	-4.7866516
27.670274	-4.7897944
27.680256	-4.7929377
27.690238	-4.7960815
27.70022	-4.7992258
27.710202	-4.8023706
27.720184	-4.8055159
27.730166	-4.8086617
27.740148	-4.8118081
27.75013	-4.8149549
27.760112	-4.8181023
27.770094	-4.8212501
27.780076	-4.8243985
27.790058	-4.8275474
27.80004	-4.8306968
27.810022	-4.8338466
27.820004	-4.836997
27.829986	-4.8401479
27.839968	-4.8432993
27.84995	-4.8464512
27.859932	-4.8496036
27.869914	-4.8527565
27.879896	-4.8559099
27.889878	-4.8590638
27.89986	-4.8622181
27.909842	-4.865373
27.919824	-4.8685284
27.929806	-4.8716843
27.939788	-4.8748407
27.94977	-4.8779975
27.959752	-4.8811549
27.969734	-4.8843128
27.979716	-4.8874711
27.989698	-4.8906299
27.99968	-4.8937893
28.009662	-4.8969491
28.019644	-4.9001094
28.029626	-4.9032702
28.039608	-4.9064315
28.04959	-4.9095933
28.059572	-4.9127556
28.069554	-4.9159183
28.079536	-4.9190816
28.089518	-4.9222453
28.0995	-4.9254095
28.109482	-4.9285742
28.119464	-4.9317394
28.129446	-4.934905
28.139428	-4.9380712
28.14941	-4.9412378
28.159392	-4.9444049
28.169374	-4.9475725
28.179356	-4.9507406
28.189338	-4.9539091
28.19932	-4.9570781
28.209302	-4.9602476
28.219284	-4.9634176
28.229266	-4.9665881
28.239248	-4.969759
28.24923	-4.9729304
28.259212	-4.9761023
28.269194	-4.9792746
28.279176	-4.9824475
28.289158	-4.9856208
28.29914	-4.9887945
28.309122	-4.9919688
28.319104	-4.9951435
28.329086	-4.9983187
28.339068	-5.0014943
28.34905	-5.0046705
28.359032	-5.007847
28.369014	-5.0110241
28.378996	-5.0142016
28.388978	-5.0173796
28.39896	-5.0205581
28.408942	-5.023737
28.418924	-5.0269164
28.428906	-5.0300962
28.438888	-5.0332765
28.44887	-5.0364573
28.458852	-5.0396385
28.468834	-5.0428202
28.478816	-5.0460024
28.488798	-5.049185
28.49878	-5.0523681
28.508762	-5.0555516
28.518744	-5.0587356
28.528726	-5.0619201
28.538708	-5.065105
28.54869	-5.0682903
28.558672	-5.0714761
28.568654	-5.0746624
28.578636	-5.0778491
28.588618	-5.0810363
28.5986	-5.0842239
28.608582	-5.087412
28.618564	-5.0906005
28.628546	-5.0937895
28.638528	-5.096979
28.64851	-5.1001688
28.658492	-5.1033592
28.668474	-5.1065499
28.678456	-5.1097412
28.688438	-5.1129328
28.69842	-5.116125
28.708402	-5.1193175
28.718384	-5.1225105
28.728366	-5.125704
28.738348	-5.1288979
28.74833	-5.1320922
28.758312	-5.135287
28.768294	-5.1384822
28.778276	-5.1416779
28.788258	-5.144874
28.79824	-5.1480705
28.808222	-5.1512675
28.818204	-5.1544649
28.828186	-5.1576628
28.838168	-5.1608611
28.84815	-5.1640598
28.858132	-5.167259
28.868114	-5.1704586
28.878096	-5.1736587
28.888078	-5.1768591
28.89806	-5.18006
28.908042	-5.1832614
28.918024	-5.1864632
28.928006	-5.1896654
28.937988	-5.192868
28.94797	-5.1960711
28.957952	-5.1992746
28.967934	-5.2024785
28.977916	-5.2056828
28.987898	-5.2088876
28.99788	-5.2120928
29.007862	-5.2152985
29.017844	-5.2185045
29.027826	-5.221711
29.037808	-5.2249179
29.04779	-5.2281252
29.057772	-5.231333
29.067754	-5.2345412
29.077736	-5.2377498
29.087718	-5.2409588
29.0977	-5.2441683
29.107682	-5.2473781
29.117664	-5.2505884
29.127646	-5.2537991
29.137628	-5.2570102
29.14761	-5.2602218
29.157592	-5.2634337
29.167574	-5.2666461
29.177556	-5.2698589
29.187538	-5.2730721
29.19752	-5.2762857
29.207502	-5.2794997
29.217483	-5.2827142
29.227465	-5.2859291
29.237447	-5.2891443
29.247429	-5.29236
29.257411	-5.2955761
29.267393	-5.2987926
29.277375	-5.3020095
29.287357	-5.3052269
29.297339	-5.3084446
29.307321	-5.3116627
29.317303	-5.3148813
29.327285	-5.3181002
29.337267	-5.3213196
29.347249	-5.3245394
29.357231	-5.3277595
29.367213	-5.3309801
29.377195	-5.3342011
29.387177	-5.3374225
29.397159	-5.3406442
29.407141	-5.3438664
29.417123	-5.347089
29.427105	-5.350312
29.437087	-5.3535354
29.447069	-5.3567592
29.457051	-5.3599834
29.467033	-5.3632079
29.477015	-5.3664329
29.486997	-5.3696583
29.496979	-5.3728841
29.506961	-5.3761102
29.516943	-5.3793368
29.526925	-5.3825638
29.536907	-5.3857911
29.546889	-5.3890188
29.556871	-5.392247
29.566853	-5.3954755
29.576835	-5.3987044
29.586817	-5.4019337
29.596799	-5.4051634
29.606781	-5.4083935
29.616763	-5.411624
29.626745	-5.4148549
29.636727	-5.4180861
29.646709	-5.4213178
29.656691	-5.4245498
29.666673	-5.4277822
29.676655	-5.431015
29.686637	-5.4342482
29.696619	-5.4374818
29.706601	-5.4407157
29.716583	-5.4439501
29.726565	-5.4471848
29.736547	-5.4504199
29.746529	-5.4536554
29.756511	-5.4568912
29.766493	-5.4601275
29.776475	-5.4633641
29.786457	-5.4666011
29.796439	-5.4698384
29.806421	-5.4730762
29.816403	-5.4763143
29.826385	-5.4795528
29.836367	-5.4827917
29.846349	-5.486031
29.856331	-5.4892706
29.866313	-5.4925106
29.876295	-5.495751
29.886277	-5.4989917
29.896259	-5.5022329
29.906241	-5.5054744
29.916223	-5.5087162
29.926205	-5.5119585
29.936187	-5.5152011
29.946169	-5.518444
29.956151	-5.5216874
29.966133	-5.5249311
29.976115	-5.5281752
29.986097	-5.5314196
29.996079	-5.5346644
30.006061	-5.5379096
30.016043	-5.5411551
30.026025	-5.544401
30.036007	-5.5476473
30.045989	-5.5508939
30.055971	-5.5541409
30.065953	-5.5573883
30.075935	-5.560636
30.085917	-5.5638841
30.095899	-5.5671325
30.105881	-5.5703813
30.115863	-5.5736305
30.125845	-5.57688
30.135827	-5.5801299
30.145809	-5.5833801
30.155791	-5.5866307
30.165773	-5.5898816
30.175755	-5.5931329
30.185737	-5.5963846
30.195719	-5.5996366
30.205701	-5.6028889
30.215683	-5.6061416
30.225665	-5.6093947
30.235647	-5.6126481
30.245629	-5.6159019
30.255611	-5.619156
30.265593	-5.6224105
30.275575	-5.6256653
30.285557	-5.6289205
30.295539	-5.632176
30.305521	-5.6354318
30.315503	-5.6386881
30.325485	-5.6419446
30.335467	-5.6452015
30.345449	-5.6484588
30.355431	-5.6517164
30.365413	-5.6549743
30.375395	-5.6582326
30.385377	-5.6614912
30.395359	-5.6647502
30.405341	-5.6680095
30.415323	-5.6712691
30.425305	-5.6745291
30.435287	-5.6777895
30.445269	-5.6810501
30.455251	-5.6843111
30.465233	-5.6875725
30.475215	-5.6908342
30.485197	-5.6940962
30.495179	-5.6973586
30.505161	-5.7006213
30.515143	-5.7038843
30.525125	-5.7071477
30.535107	-5.7104114
30.545089	-5.7136754
30.555071	-5.7169398
30.565053	-5.7202045
30.575035	-5.7234695
30.585017	-5.7267349
30.594999	-5.7300006
30.604981	-5.7332666
30.614963	-5.736533
30.624945	-5.7397997
30.634927	-5.7430667
30.644909	-5.746334
30.654891	-5.7496017
30.664873	-5.7528697
30.674855	-5.756138
30.684837	-5.7594067
30.694819	-5.7626756
30.704801	-5.7659449
30.714783	-5.7692146
30.724765	-5.7724845
30.734747	-5.7757548
30.744729	-5.7790254
30.754711	-5.7822963
30.764693	-5.7855675
30.774675	-5.7888391
30.784657	-5.792111
30.794639	-5.7953832
30.804621	-5.7986557
30.814603	-5.8019285
30.824585	-5.8052017
30.834567	-5.8084752
30.844549	-5.8117489
30.854531	-5.8150231
30.864513	-5.8182975
30.874495	-5.8215722
30.884477	-5.8248473
30.894459	-5.8281226
30.904441	-5.8313983
30.914423	-5.8346743
30.924405	-5.8379506
30.934387	-5.8412272
30.944369	-5.8445041
30.954351	-5.8477814
30.964333	-5.8510589
30.974315	-5.8543368
30.984297	-5.8576149
30.994279	-5.8608934
31.004261	-5.8641722
31.014243	-5.8674513
31.024225	-5.8707307
31.034207	-5.8740104
31.044189	-5.8772904
31.054171	-5.8805707
31.064153	-5.8838513
31.074135	-5.8871322
31.084117	-5.8904135
31.094099	-5.893695
31.104081	-5.8969768
31.114063	-5.900259
31.124045	-5.9035414
31.134027	-5.9068241
31.144009	-5.9101072
31.153991	-5.9133905
31.163973	-5.9166741
31.173955	-5.919958
31.183937	-5.9232423
31.193919	-5.9265268
31.203901	-5.9298116
31.213883	-5.9330967
31.223865	-5.9363822
31.233847	-5.9396679
31.243829	-5.9429539
31.253811	-5.9462402
31.263793	-5.9495268
31.273775	-5.9528136
31.283757	-5.9561008
31.293739	-5.9593883
31.303721	-5.962676
31.313703	-5.9659641
31.323685	-5.9692524
31.333667	-5.9725411
31.343649	-5.97583
31.353631	-5.9791192
31.363613	-5.9824087
31.373595	-5.9856985
31.383577	-5.9889885
31.393559	-5.9922789
31.403541	-5.9955695
31.413523	-5.9988605
31.423505	-6.0021517
31.433487	-6.0054432
31.443469	-6.008735
31.453451	-6.012027
31.463433	-6.0153194
31.473415	-6.018612
31.483397	-6.0219049
31.493379	-6.0251981
31.503361	-6.0284916
31.513343	-6.0317853
31.523325	-6.0350794
31.533307	-6.0383737
31.543289	-6.0416683
31.553271	-6.0449631
31.563253	-6.0482583
31.573235	-6.0515537
31.583217	-6.0548494
31.593199	-6.0581453
31.603181	-6.0614416
31.613163	-6.0647381
31.623145	-6.0680349
31.633127	-6.071332
31.643109	-6.0746293
31.653091	-6.0779269
31.663073	-6.0812248
31.673055	-6.084523
31.683037	-6.0878214
31.693019	-6.0911201
31.703001	-6.0944191
31.712983	-6.0977183
31.722965	-6.1010178
31.732947	-6.1043176
31.742929	-6.1076176
31.752911	-6.1109179
31.762893	-6.1142185
31.772875	-6.1175194
31.782857	-6.1208205
31.792839	-6.1241218
31.802821	-6.1274235
31.812803	-6.1307254
31.822785	-6.1340275
31.832767	-6.13733
31.842749	-6.1406326
31.852731	-6.1439356
31.862713	-6.1472388
31.872695	-6.1505423
31.882677	-6.153846
31.892659	-6.15715
31.902641	-6.1604543
31.912623	-6.1637588
31.922605	-6.1670635
31.932587	-6.1703686
31.942569	-6.1736738
31.952551	-6.1769794
31.962533	-6.1802852
31.972515	-6.1835912
31.982496	-6.1868975
31.992478	-6.1902041
32.00246	-6.1935109
32.012442	-6.196818
32.022424	-6.2001253
32.032406	-6.2034329
32.042388	-6.2067407
32.05237	-6.2100488
32.062352	-6.2133571
32.072334	-6.2166657
32.082316	-6.2199745
32.092298	-6.2232836
32.10228	-6.2265929
32.112262	-6.2299025
32.122244	-6.2332123
32.132226	-6.2365224
32.142208	-6.2398327
32.15219	-6.2431433
32.162172	-6.2464541
32.172154	-6.2497651
32.182136	-6.2530764
32.192118	-6.256388
32.2021	-6.2596997
32.212082	-6.2630118
32.222064	-6.266324
32.232046	-6.2696366
32.242028	-6.2729493
32.25201	-6.2762623
32.261992	-6.2795755
32.271974	-6.282889
32.281956	-6.2862027
32.291938	-6.2895167
32.30192	-6.2928309
32.311902	-6.2961453
32.321884	-6.29946
32.331866	-6.3027749
32.341848	-6.30609
32.35183	-6.3094054
32.361812	-6.312721
32.371794	-6.3160369
32.381776	-6.319353
32.391758	-6.3226693
32.40174	-6.3259858
32.411722	-6.3293026
32.421704	-6.3326196
32.431686	-6.3359369
32.441668	-6.3392544
32.45165	-6.3425721
32.461632	-6.34589
32.471614	-6.3492082
32.481596	-6.3525266
32.491578	-6.3558452
32.50156	-6.3591641
32.511542	-6.3624832
32.521524	-6.3658025
32.531506	-6.369122
32.541488	-6.3724418
32.55147	-6.3757618
32.561452	-6.379082
32.571434	-6.3824025
32.581416	-6.3857231
32.591398	-6.389044
32.60138	-6.3923651
32.611362	-6.3956865
32.621344	-6.399008
32.631326	-6.4023298
32.641308	-6.4056518
32.65129	-6.408974
32.661272	-6.4122965
32.671254	-6.4156192
32.681236	-6.418942
32.691218	-6.4222652
32.7012	-6.4255885
32.711182	-6.428912
32.721164	-6.4322358
32.731146	-6.4355598
32.741128	-6.4388839
32.75111	-6.4422084
32.761092	-6.445533
32.771074	-6.4488578
32.781056	-6.4521829
32.791038	-6.4555081
32.80102	-6.4588336
32.811002	-6.4621593
32.820984	-6.4654852
32.830966	-6.4688113
32.840948	-6.4721377
32.85093	-6.4754642
32.860912	-6.478791
32.870894	-6.4821179
32.880876	-6.4854451
32.890858	-6.4887725
32.90084	-6.4921001
32.910822	-6.4954279
32.920804	-6.4987559
32.930786	-6.5020841
32.940768	-6.5054125
32.95075	-6.5087411
32.960732	-6.51207
32.970714	-6.515399
32.980696	-6.5187283
32.990678	-6.5220577
33.00066	-6.5253874
33.010642	-6.5287172
33.020624	-6.5320473
33.030606	-6.5353775
33.040588	-6.538708
33.05057	-6.5420387
33.060552	-6.5453695
33.070534	-6.5487006
33.080516	-6.5520319
33.090498	-6.5553633
33.10048	-6.558695
33.110462	-6.5620268
33.120444	-6.5653589
33.130426	-6.5686912
33.140408	-6.5720236
33.15039	-6.5753563
33.160372	-6.5786891
33.170354	-6.5820222
33.180336	-6.5853554
33.190318	-6.5886888
33.2003	-6.5920225
33.210282	-6.5953563
33.220264	-6.5986903
33.230246	-6.6020245
33.240228	-6.6053589
33.25021	-6.6086935
33.260192	-6.6120283
33.270174	-6.6153633
33.280156	-6.6186984
33.290138	-6.6220338
33.30012	-6.6253693
33.310102	-6.6287051
33.320084	-6.632041
33.330066	-6.6353771
33.340048	-6.6387134
33.35003	-6.6420499
33.360012	-6.6453866
33.369994	-6.6487234
33.379976	-6.6520605
33.389958	-6.6553977
33.39994	-6.6587351
33.409922	-6.6620727
33.419904	-6.6654105
33.429886	-6.6687485
33.439868	-6.6720866
33.44985	-6.675425
33.459832	-6.6787635
33.469814	-6.6821022
33.479796	-6.6854411
33.489778	-6.6887801
33.49976	-6.6921194
33.509742	-6.6954588
33.519724	-6.6987984
33.529706	-6.7021382
33.539688	-6.7054781
33.54967	-6.7088183
33.559652	-6.7121586
33.569634	-6.7154991
33.579616	-6.7188397
33.589598	-6.7221806
33.59958	-6.7255216
33.609562	-6.7288628
33.619544	-6.7322042
33.629526	-6.7355457
33.639508	-6.7388874
33.64949	-6.7422293
33.659472	-6.7455714
33.669454	-6.7489136
33.679436	-6.752256
33.689418	-6.7555986
33.6994	-6.7589414
33.709382	-6.7622843
33.719364	-6.7656274
33.729346	-6.7689706
33.739328	-6.7723141
33.74931	-6.7756577
33.759292	-6.7790014
33.769274	-6.7823454
33.779256	-6.7856895
33.789238	-6.7890337
33.79922	-6.7923782
33.809202	-6.7957228
33.819184	-6.7990675
33.829166	-6.8024125
33.839148	-6.8057576
33.84913	-6.8091028
33.859112	-6.8124483
33.869094	-6.8157939
33.879076	-6.8191396
33.889058	-6.8224855
33.89904	-6.8258316
33.909022	-6.8291778
33.919004	-6.8325242
33.928986	-6.8358708
33.938968	-6.8392175
33.94895	-6.8425644
33.958932	-6.8459115
33.968914	-6.8492587
33.978896	-6.852606
33.988878	-6.8559535
33.99886	-6.8593012
34.008842	-6.862649
34.018824	-6.865997
34.028806	-6.8693452
34.038788	-6.8726935
34.04877	-6.8760419
34.058752	-6.8793905
34.068734	-6.8827393
34.078716	-6.8860882
34.088698	-6.8894373
34.09868	-6.8927865
34.108662	-6.8961359
34.118644	-6.8994855
34.128626	-6.9028351
34.138608	-6.906185
34.14859	-6.909535
34.158572	-6.9128851
34.168554	-6.9162354
34.178536	-6.9195858
34.188518	-6.9229364
34.1985	-6.9262871
34.208482	-6.929638
34.218464	-6.9329891
34.228446	-6.9363402
34.238428	-6.9396916
34.24841	-6.943043
34.258392	-6.9463947
34.268374	-6.9497464
34.278356	-6.9530983
34.288338	-6.9564504
34.29832	-6.9598026
34.308302	-6.9631549
34.318284	-6.9665074
34.328266	-6.9698601
34.338248	-6.9732128
34.34823	-6.9765658
34.358212	-6.9799188
34.368194	-6.983272
34.378176	-6.9866254
34.388158	-6.9899788
34.39814	-6.9933325
34.408122	-6.9966862
34.418104	-7.0000401
34.428086	-7.0033942
34.438068	-7.0067484
34.44805	-7.0101027
34.458032	-7.0134571
34.468014	-7.0168117
34.477996	-7.0201664
34.487978	-7.0235213
34.49796	-7.0268763
34.507942	-7.0302315
34.517924	-7.0335867
34.527906	-7.0369421
34.537888	-7.0402977
34.54787	-7.0436534
34.557852	-7.0470092
34.567834	-7.0503651
34.577816	-7.0537212
34.587798	-7.0570774
34.59778	-7.0604337
34.607762	-7.0637902
34.617744	-7.0671468
34.627726	-7.0705035
34.637708	-7.0738604
34.64769	-7.0772174
34.657672	-7.0805745
34.667654	-7.0839317
34.677636	-7.0872891
34.687618	-7.0906466
34.6976	-7.0940043
34.707582	-7.097362
34.717564	-7.1007199
34.727546	-7.1040779
34.737528	-7.1074361
34.74751	-7.1107943
34.757491	-7.1141527
34.767473	-7.1175112
34.777455	-7.1208699
34.787437	-7.1242286
34.797419	-7.1275875
34.807401	-7.1309465
34.817383	-7.1343057
34.827365	-7.1376649
34.837347	-7.1410243
34.847329	-7.1443838
34.857311	-7.1477434
34.867293	-7.1511031
34.877275	-7.154463
34.887257	-7.157823
34.897239	-7.1611831
34.907221	-7.1645433
34.917203	-7.1679036
34.927185	-7.1712641
34.937167	-7.1746247
34.947149	-7.1779853
34.957131	-7.1813461
34.967113	-7.1847071
34.977095	-7.1880681
34.987077	-7.1914293
34.997059	-7.1947905
35.007041	-7.1981519
35.017023	-7.2015134
35.027005	-7.204875
35.036987	-7.2082367
35.046969	-7.2115986
35.056951	-7.2149605
35.066933	-7.2183226
35.076915	-7.2216848
35.086897	-7.2250471
35.096879	-7.2284095
35.106861	-7.231772
35.116843	-7.2351346
35.126825	-7.2384973
35.136807	-7.2418602
35.146789	-7.2452231
35.156771	-7.2485862
35.166753	-7.2519493
35.176735	-7.2553126
35.186717	-7.258676
35.196699	-7.2620395
35.206681	-7.2654031
35.216663	-7.2687668
35.226645	-7.2721306
35.236627	-7.2754945
35.246609	-7.2788585
35.256591	-7.2822226
35.266573	-7.2855869
35.276555	-7.2889512
35.286537	-7.2923156
35.296519	-7.2956802
35.306501	-7.2990448
35.316483	-7.3024096
35.326465	-7.3057744
35.336447	-7.3091394
35.346429	-7.3125044
35.356411	-7.3158696
35.366393	-7.3192348
35.376375	-7.3226002
35.386357	-7.3259656
35.396339	-7.3293312
35.406321	-7.3326968
35.416303	-7.3360626
35.426285	-7.3394284
35.436267	-7.3427943
35.446249	-7.3461604
35.456231	-7.3495265
35.466213	-7.3528928
35.476195	-7.3562591
35.486177	-7.3596255
35.496159	-7.362992
35.506141	-7.3663587
35.516123	-7.3697254
35.526105	-7.3730922
35.536087	-7.3764591
35.546069	-7.3798261
35.556051	-7.3831932
35.566033	-7.3865603
35.576015	-7.3899276
35.585997	-7.393295
35.595979	-7.3966624
35.605961	-7.40003
35.615943	-7.4033976
35.625925	-7.4067653
35.635907	-7.4101331
35.645889	-7.4135011
35.655871	-7.4168691
35.665853	-7.4202371
35.675835	-7.4236053
35.685817	-7.4269736
35.695799	-7.4303419
35.705781	-7.4337104
35.715763	-7.4370789
35.725745	-7.4404475
35.735727	-7.4438162
35.745709	-7.447185
35.755691	-7.4505538
35.765673	-7.4539228
35.775655	-7.4572918
35.785637	-7.460661
35.795619	-7.4640302
35.805601	-7.4673995
35.815583	-7.4707688
35.825565	-7.4741383
35.835547	-7.4775078
35.845529	-7.4808774
35.855511	-7.4842471
35.865493	-7.4876169
35.875475	-7.4909868
35.885457	-7.4943567
35.895439	-7.4977268
35.905421	-7.5010969
35.915403	-7.5044671
35.925385	-7.5078373
35.935367	-7.5112077
35.945349	-7.5145781
35.955331	-7.5179486
35.965313	-7.5213192
35.975295	-7.5246898
35.985277	-7.5280605
35.995259	-7.5314314
36.005241	-7.5348022
36.015223	-7.5381732
36.025205	-7.5415442
36.035187	-7.5449153
36.045169	-7.5482865
36.055151	-7.5516578
36.065133	-7.5550291
36.075115	-7.5584005
36.085097	-7.561772
36.095079	-7.5651436
36.105061	-7.5685152
36.115043	-7.5718869
36.125025	-7.5752587
36.135007	-7.5786305
36.144989	-7.5820024
36.154971	-7.5853744
36.164953	-7.5887464
36.174935	-7.5921186
36.184917	-7.5954908
36.194899	-7.598863
36.204881	-7.6022353
36.214863	-7.6056077
36.224845	-7.6089802
36.234827	-7.6123527
36.244809	-7.6157254
36.254791	-7.619098
36.264773	-7.6224708
36.274755	-7.6258436
36.284737	-7.6292164
36.294719	-7.6325894
36.304701	-7.6359624
36.314683	-7.6393354
36.324665	-7.6427086
36.334647	-7.6460817
36.344629	-7.649455
36.354611	-7.6528283
36.364593	-7.6562017
36.374575	-7.6595752
36.384557	-7.6629487
36.394539	-7.6663222
36.404521	-7.6696959
36.414503	-7.6730696
36.424485	-7.6764433
36.434467	-7.6798171
36.444449	-7.683191
36.454431	-7.6865649
36.464413	-7.6899389
36.474395	-7.693313
36.484377	-7.6966871
36.494359	-7.7000613
36.504341	-7.7034355
36.514323	-7.7068098
36.524305	-7.7101841
36.534287	-7.7135585
36.544269	-7.716933
36.554251	-7.7203075
36.564233	-7.7236821
36.574215	-7.7270567
36.584197	-7.7304314
36.594179	-7.7338061
36.604161	-7.7371809
36.614143	-7.7405558
36.624125	-7.7439307
36.634107	-7.7473056
36.644089	-7.7506806
36.654071	-7.7540557
36.664053	-7.7574308
36.674035	-7.760806
36.684017	-7.7641812
36.693999	-7.7675565
36.703981	-7.7709318
36.713963	-7.7743072
36.723945	-7.7776826
36.733927	-7.781058
36.743909	-7.7844336
36.753891	-7.7878091
36.763873	-7.7911848
36.773855	-7.7945604
36.783837	-7.7979362
36.793819	-7.8013119
36.803801	-7.8046877
36.813783	-7.8080636
36.823765	-7.8114395
36.833747	-7.8148155
36.843729	-7.8181915
36.853711	-7.8215675
36.863693	-7.8249436
36.873675	-7.8283197
36.883657	-7.8316959
36.893639	-7.8350722
36.903621	-7.8384484
36.913603	-7.8418247
36.923585	-7.8452011
36.933567	-7.8485775
36.943549	-7.851954
36.953531	-7.8553304
36.963513	-7.858707
36.973495	-7.8620836
36.983477	-7.8654602
36.993459	-7.8688368
37.003441	-7.8722135
37.013423	-7.8755903
37.023405	-7.878967
37.033387	-7.8823439
37.043369	-7.8857207
37.053351	-7.8890976
37.063333	-7.8924746
37.073315	-7.8958515
37.083297	-7.8992286
37.093279	-7.9026056
37.103261	-7.9059827
37.113243	-7.9093598
37.123225	-7.912737
37.133207	-7.9161142
37.143189	-7.9194914
37.153171	-7.9228687
37.163153	-7.926246
37.173135	-7.9296234
37.183117	-7.9330008
37.193099	-7.9363782
37.203081	-7.9397556
37.213063	-7.9431331
37.223045	-7.9465106
37.233027	-7.9498882
37.243009	-7.9532658
37.252991	-7.9566434
37.262973	-7.960021
37.272955	-7.9633987
37.282937	-7.9667764
37.292919	-7.9701542
37.302901	-7.973532
37.312883	-7.9769098
37.322865	-7.9802876
37.332847	-7.9836655
37.342829	-7.9870434
37.352811	-7.9904213
37.362793	-7.9937993
37.372775	-7.9971772
37.382757	-8.0005553
37.392739	-8.0039333
37.402721	-8.0073114
37.412703	-8.0106895
37.422685	-8.0140676
37.432667	-8.0174458
37.442649	-8.0208239
37.452631	-8.0242021
37.462613	-8.0275804
37.472595	-8.0309586
37.482577	-8.0343369
37.492559	-8.0377152
37.502541	-8.0410936
37.512523	-8.0444719
37.522505	-8.0478503
37.532486	-8.0512287
37.542468	-8.0546071
37.55245	-8.0579856
37.562432	-8.0613641
37.572414	-8.0647426
37.582396	-8.0681211
37.592378	-8.0714996
37.60236	-8.0748782
37.612342	-8.0782568
37.622324	-8.0816354
37.632306	-8.085014
37.642288	-8.0883927
37.65227	-8.0917714
37.662252	-8.09515
37.672234	-8.0985287
37.682216	-8.1019075
37.692198	-8.1052862
37.70218	-8.108665
37.712162	-8.1120438
37.722144	-8.1154226
37.732126	-8.1188014
37.742108	-8.1221802
37.75209	-8.1255591
37.762072	-8.1289379
37.772054	-8.1323168
37.782036	-8.1356957
37.792018	-8.1390747
37.802	-8.1424536
37.811982	-8.1458325
37.821964	-8.1492115
37.831946	-8.1525905
37.841928	-8.1559695
37.85191	-8.1593485
37.861892	-8.1627275
37.871874	-8.1661065
37.881856	-8.1694856
37.891838	-8.1728646
37.90182	-8.1762437
37.911802	-8.1796228
37.921784	-8.1830019
37.931766	-8.186381
37.941748	-8.1897601
37.95173	-8.1931392
37.961712	-8.1965184
37.971694	-8.1998975
37.981676	-8.2032767
37.991658	-8.2066558
38.00164	-8.210035
38.011622	-8.2134142
38.021604	-8.2167934
38.031586	-8.2201726
38.041568	-8.2235518
38.05155	-8.2269311
38.061532	-8.2303103
38.071514	-8.2336895
38.081496	-8.2370688
38.091478	-8.240448
38.10146	-8.2438273
38.111442	-8.2472065
38.121424	-8.2505858
38.131406	-8.2539651
38.141388	-8.2573443
38.15137	-8.2607236
38.161352	-8.2641029
38.171334	-8.2674822
38.181316	-8.2708615
38.191298	-8.2742408
38.20128	-8.2776201
38.211262	-8.2809994
38.221244	-8.2843787
38.231226	-8.287758
38.241208	-8.2911374
38.25119	-8.2945167
38.261172	-8.297896
38.271154	-8.3012753
38.281136	-8.3046546
38.291118	-8.308034
38.3011	-8.3114133
38.311082	-8.3147926
38.321064	-8.3181719
38.331046	-8.3215512
38.341028	-8.3249306
38.35101	-8.3283099
38.360992	-8.3316892
38.370974	-8.3350685
38.380956	-8.3384478
38.390938	-8.3418271
38.40092	-8.3452065
38.410902	-8.3485858
38.420884	-8.3519651
38.430866	-8.3553444
38.440848	-8.3587237
38.45083	-8.362103
38.460812	-8.3654823
38.470794	-8.3688615
38.480776	-8.3722408
38.490758	-8.3756201
38.50074	-8.3789994
38.510722	-8.3823786
38.520704	-8.3857579
38.530686	-8.3891372
38.540668	-8.3925164
38.55065	-8.3958957
38.560632	-8.3992749
38.570614	-8.4026541
38.580596	-8.4060333
38.590578	-8.4094125
38.60056	-8.4127918
38.610542	-8.4161709
38.620524	-8.4195501
38.630506	-8.4229293
38.640488	-8.4263085
38.65047	-8.4296876
38.660452	-8.4330668
38.670434	-8.4364459
38.680416	-8.4398251
38.690398	-8.4432042
38.70038	-8.4465833
38.710362	-8.4499624
38.720344	-8.4533415
38.730326	-8.4567205
38.740308	-8.4600996
38.75029	-8.4634787
38.760272	-8.4668577
38.770254	-8.4702367
38.780236	-8.4736157
38.790218	-8.4769947
38.8002	-8.4803737
38.810182	-8.4837527
38.820164	-8.4871316
38.830146	-8.4905106
38.840128	-8.4938895
38.85011	-8.4972684
38.860092	-8.5006473
38.870074	-8.5040262
38.880056	-8.5074051
38.890038	-8.5107839
38.90002	-8.5141627
38.910002	-8.5175416
38.919984	-8.5209204
38.929966	-8.5242991
38.939948	-8.5276779
38.94993	-8.5310567
38.959912	-8.5344354
38.969894	-8.5378141
38.979876	-8.5411928
38.989858	-8.5445715
38.99984	-8.5479501
39.009822	-8.5513288
39.019804	-8.5547074
39.029786	-8.558086
39.039768	-8.5614645
39.04975	-8.5648431
39.059732	-8.5682216
39.069714	-8.5716001
39.079696	-8.5749786
39.089678	-8.5783571
39.09966	-8.5817356
39.109642	-8.585114
39.119624	-8.5884924
39.129606	-8.5918708
39.139588	-8.5952491
39.14957	-8.5986275
39.159552	-8.6020058
39.169534	-8.6053841
39.179516	-8.6087623
39.189498	-8.6121406
39.19948	-8.6155188
39.209462	-8.618897
39.219444	-8.6222752
39.229426	-8.6256533
39.239408	-8.6290314
39.24939	-8.6324095
39.259372	-8.6357876
39.269354	-8.6391656
39.279336	-8.6425436
39.289318	-8.6459216
39.2993	-8.6492996
39.309282	-8.6526775
39.319264	-8.6560554
39.329246	-8.6594333
39.339228	-8.6628111
39.34921	-8.666189
39.359192	-8.6695667
39.369174	-8.6729445
39.379156	-8.6763222
39.389138	-8.6796999
39.39912	-8.6830776
39.409102	-8.6864553
39.419084	-8.6898329
39.429066	-8.6932105
39.439048	-8.696588
39.44903	-8.6999655
39.459012	-8.703343
39.468994	-8.7067205
39.478976	-8.7100979
39.488958	-8.7134753
39.49894	-8.7168527
39.508922	-8.72023
39.518904	-8.7236073
39.528886	-8.7269846
39.538868	-8.7303618
39.54885	-8.733739
39.558832	-8.7371162
39.568814	-8.7404933
39.578796	-8.7438704
39.588778	-8.7472475
39.59876	-8.7506245
39.608742	-8.7540015
39.618724	-8.7573785
39.628706	-8.7607554
39.638688	-8.7641323
39.64867	-8.7675091
39.658652	-8.770886
39.668634	-8.7742627
39.678616	-8.7776395
39.688598	-8.7810162
39.69858	-8.7843929
39.708562	-8.7877695
39.718544	-8.7911461
39.728526	-8.7945226
39.738508	-8.7978992
39.74849	-8.8012756
39.758472	-8.8046521
39.768454	-8.8080285
39.778436	-8.8114048
39.788418	-8.8147812
39.7984	-8.8181575
39.808382	-8.8215337
39.818364	-8.8249099
39.828346	-8.8282861
39.838328	-8.8316622
39.84831	-8.8350383
39.858292	-8.8384143
39.868274	-8.8417903
39.878256	-8.8451663
39.888238	-8.8485422
39.89822	-8.8519181
39.908202	-8.8552939
39.918184	-8.8586697
39.928166	-8.8620454
39.938148	-8.8654211
39.94813	-8.8687968
39.958112	-8.8721724
39.968094	-8.875548
39.978076	-8.8789235
39.988058	-8.882299
39.99804	-8.8856744
40.008022	-8.8890498
40.018004	-8.8924252
40.027986	-8.8958005
40.037968	-8.8991758
40.04795	-8.902551
40.057932	-8.9059261
40.067914	-8.9093013
40.077896	-8.9126763
40.087878	-8.9160514
40.09786	-8.9194263
40.107842	-8.9228013
40.117824	-8.9261762
40.127806	-8.929551
40.137788	-8.9329258
40.14777	-8.9363006
40.157752	-8.9396752
40.167734	-8.9430499
40.177716	-8.9464245
40.187698	-8.949799
40.19768	-8.9531735
40.207662	-8.956548
40.217644	-8.9599224
40.227626	-8.9632968
40.237608	-8.9666711
40.24759	-8.9700453
40.257572	-8.9734195
40.267554	-8.9767937
40.277536	-8.9801678
40.287518	-8.9835418
40.297499	-8.9869158
40.307481	-8.9902897
40.317463	-8.9936636
40.327445	-8.9970375
40.337427	-9.0004113
40.347409	-9.003785
40.357391	-9.0071587
40.367373	-9.0105323
40.377355	-9.0139059
40.387337	-9.0172794
40.397319	-9.0206529
40.407301	-9.0240263
40.417283	-9.0273996
40.427265	-9.030773
40.437247	-9.0341462
40.447229	-9.0375194
40.457211	-9.0408925
40.467193	-9.0442656
40.477175	-9.0476387
40.487157	-9.0510116
40.497139	-9.0543845
40.507121	-9.0577574
40.517103	-9.0611302
40.527085	-9.064503
40.537067	-9.0678756
40.547049	-9.0712483
40.557031	-9.0746209
40.567013	-9.0779934
40.576995	-9.0813658
40.586977	-9.0847382
40.596959	-9.0881106
40.606941	-9.0914829
40.616923	-9.0948551
40.626905	-9.0982273
40.636887	-9.1015994
40.646869	-9.1049714
40.656851	-9.1083434
40.666833	-9.1117153
40.676815	-9.1150872
40.686797	-9.118459
40.696779	-9.1218308
40.706761	-9.1252024
40.716743	-9.1285741
40.726725	-9.1319456
40.736707	-9.1353171
40.746689	-9.1386886
40.756671	-9.14206
40.766653	-9.1454313
40.776635	-9.1488025
40.786617	-9.1521737
40.796599	-9.1555448
40.806581	-9.1589159
40.816563	-9.1622869
40.826545	-9.1656579
40.836527	-9.1690287
40.846509	-9.1723995
40.856491	-9.1757703
40.866473	-9.179141
40.876455	-9.1825116
40.886437	-9.1858822
40.896419	-9.1892526
40.906401	-9.1926231
40.916383	-9.1959934
40.926365	-9.1993637
40.936347	-9.202734
40.946329	-9.2061041
40.956311	-9.2094742
40.966293	-9.2128442
40.976275	-9.2162142
40.986257	-9.2195841
40.996239	-9.2229539
41.006221	-9.2263237
41.016203	-9.2296934
41.026185	-9.233063
41.036167	-9.2364326
41.046149	-9.2398021
41.056131	-9.2431715
41.066113	-9.2465408
41.076095	-9.2499101
41.086077	-9.2532793
41.096059	-9.2566485
41.106041	-9.2600176
41.116023	-9.2633866
41.126005	-9.2667555
41.135987	-9.2701244
41.145969	-9.2734932
41.155951	-9.2768619
41.165933	-9.2802306
41.175915	-9.2835991
41.185897	-9.2869677
41.195879	-9.2903361
41.205861	-9.2937045
41.215843	-9.2970728
41.225825	-9.300441
41.235807	-9.3038092
41.245789	-9.3071772
41.255771	-9.3105452
41.265753	-9.3139132
41.275735	-9.3172811
41.285717	-9.3206488
41.295699	-9.3240166
41.305681	-9.3273842
41.315663	-9.3307518
41.325645	-9.3341193
41.335627	-9.3374867
41.345609	-9.3408541
41.355591	-9.3442213
41.365573	-9.3475885
41.375555	-9.3509557
41.385537	-9.3543227
41.395519	-9.3576897
41.405501	-9.3610566
41.415483	-9.3644234
41.425465	-9.3677901
41.435447	-9.3711568
41.445429	-9.3745234
41.455411	-9.3778899
41.465393	-9.3812564
41.475375	-9.3846227
41.485357	-9.387989
41.495339	-9.3913552
41.505321	-9.3947214
41.515303	-9.3980874
41.525285	-9.4014534
41.535267	-9.4048193
41.545249	-9.4081851
41.555231	-9.4115509
41.565213	-9.4149165
41.575195	-9.4182821
41.585177	-9.4216476
41.595159	-9.425013
41.605141	-9.4283784
41.615123	-9.4317436
41.625105	-9.4351088
41.635087	-9.4384739
41.645069	-9.441839
41.655051	-9.4452039
41.665033	-9.4485688
41.675015	-9.4519336
41.684997	-9.4552983
41.694979	-9.4586629
41.704961	-9.4620274
41.714943	-9.4653919
41.724925	-9.4687563
41.734907	-9.4721205
41.744889	-9.4754848
41.754871	-9.4788489
41.764853	-9.4822129
41.774835	-9.4855769
41.784817	-9.4889408
41.794799	-9.4923046
41.804781	-9.4956683
41.814763	-9.4990319
41.824745	-9.5023955
41.834727	-9.5057589
41.844709	-9.5091223
41.854691	-9.5124856
41.864673	-9.5158488
41.874655	-9.5192119
41.884637	-9.522575
41.894619	-9.5259379
41.904601	-9.5293008
41.914583	-9.5326636
41.924565	-9.5360263
41.934547	-9.5393889
41.944529	-9.5427514
41.954511	-9.5461138
41.964493	-9.5494762
41.974475	-9.5528385
41.984457	-9.5562006
41.994439	-9.5595627
42.004421	-9.5629247
42.014403	-9.5662867
42.024385	-9.5696485
42.034367	-9.5730102
42.044349	-9.5763719
42.054331	-9.5797334
42.064313	-9.5830949
42.074295	-9.5864563
42.084277	-9.5898176
42.094259	-9.5931788
42.104241	-9.5965399
42.114223	-9.599901
42.124205	-9.6032619
42.134187	-9.6066228
42.144169	-9.6099835
42.154151	-9.6133442
42.164133	-9.6167048
42.174115	-9.6200653
42.184097	-9.6234257
42.194079	-9.626786
42.204061	-9.6301462
42.214043	-9.6335064
42.224025	-9.6368664
42.234007	-9.6402263
42.243989	-9.6435862
42.253971	-9.646946
42.263953	-9.6503056
42.273935	-9.6536652
42.283917	-9.6570247
42.293899	-9.6603841
42.303881	-9.6637434
42.313863	-9.6671026
42.323845	-9.6704617
42.333827	-9.6738207
42.343809	-9.6771797
42.353791	-9.6805385
42.363773	-9.6838972
42.373755	-9.6872559
42.383737	-9.6906144
42.393719	-9.6939729
42.403701	-9.6973313
42.413683	-9.7006895
42.423665	-9.7040477
42.433647	-9.7074058
42.443629	-9.7107638
42.453611	-9.7141217
42.463593	-9.7174795
42.473575	-9.7208372
42.483557	-9.7241948
42.493539	-9.7275523
42.503521	-9.7309097
42.513503	-9.734267
42.523485	-9.7376242
42.533467	-9.7409813
42.543449	-9.7443383
42.553431	-9.7476953
42.563413	-9.7510521
42.573395	-9.7544088
42.583377	-9.7577655
42.593359	-9.761122
42.603341	-9.7644784
42.613323	-9.7678348
42.623305	-9.771191
42.633287	-9.7745471
42.643269	-9.7779032
42.653251	-9.7812591
42.663233	-9.784615
42.673215	-9.7879707
42.683197	-9.7913264
42.693179	-9.7946819
42.703161	-9.7980374
42.713143	-9.8013927
42.723125	-9.804748
42.733107	-9.8081031
42.743089	-9.8114581
42.753071	-9.8148131
42.763053	-9.8181679
42.773035	-9.8215227
42.783017	-9.8248773
42.792999	-9.8282319
42.802981	-9.8315863
42.812963	-9.8349406
42.822945	-9.8382949
42.832927	-9.841649
42.842909	-9.845003
42.852891	-9.848357
42.862873	-9.8517108
42.872855	-9.8550645
42.882837	-9.8584181
42.892819	-9.8617717
42.902801	-9.8651251
42.912783	-9.8684784
42.922765	-9.8718316
42.932747	-9.8751847
42.942729	-9.8785377
42.952711	-9.8818906
42.962693	-9.8852434
42.972675	-9.8885961
42.982657	-9.8919487
42.992639	-9.8953012
43.002621	-9.8986535
43.012603	-9.9020058
43.022585	-9.905358
43.032567	-9.90871
43.042549	-9.912062
43.052531	-9.9154138
43.062513	-9.9187656
43.072494	-9.9221172
43.082476	-9.9254687
43.092458	-9.9288202
43.10244	-9.9321715
43.112422	-9.9355227
43.122404	-9.9388738
43.132386	-9.9422248
43.142368	-9.9455757
43.15235	-9.9489265
43.162332	-9.9522772
43.172314	-9.9556277
43.182296	-9.9589782
43.192278	-9.9623285
43.20226	-9.9656788
43.212242	-9.9690289
43.222224	-9.972379
43.232206	-9.9757289
43.242188	-9.9790787
43.25217	-9.9824284
43.262152	-9.985778
43.272134	-9.9891275
43.282116	-9.9924768
43.292098	-9.9958261
43.30208	-9.9991753
43.312062	-10.002524
43.322044	-10.005873
43.332026	-10.009222
43.342008	-10.012571
43.35199	-10.015919
43.361972	-10.019268
43.371954	-10.022616
43.381936	-10.025965
43.391918	-10.029313
43.4019	-10.032661
43.411882	-10.036009
43.421864	-10.039357
43.431846	-10.042704
43.441828	-10.046052
43.45181	-10.049399
43.461792	-10.052747
43.471774	-10.056094
43.481756	-10.059441
43.491738	-10.062788
43.50172	-10.066135
43.511702	-10.069482
43.521684	-10.072829
43.531666	-10.076175
43.541648	-10.079522
43.55163	-10.082868
43.561612	-10.086214
43.571594	-10.08956
43.581576	-10.092907
43.591558	-10.096252
43.60154	-10.099598
43.611522	-10.102944
43.621504	-10.106289
43.631486	-10.109635
43.641468	-10.11298
43.65145	-10.116325
43.661432	-10.119671
43.671414	-10.123016
43.681396	-10.12636
43.691378	-10.129705
43.70136	-10.13305
43.711342	-10.136394
43.721324	-10.139739
43.731306	-10.143083
43.741288	-10.146427
43.75127	-10.149771
43.761252	-10.153115
43.771234	-10.156459
43.781216	-10.159803
43.791198	-10.163146
43.80118	-10.16649
43.811162	-10.169833
43.821144	-10.173177
43.831126	-10.17652
43.841108	-10.179863
43.85109	-10.183206
43.861072	-10.186548
43.871054	-10.189891
43.881036	-10.193234
43.891018	-10.196576
43.901	-10.199918
43.910982	-10.20326
43.920964	-10.206602
43.930946	-10.209944
43.940928	-10.213286
43.95091	-10.216628
43.960892	-10.21997
43.970874	-10.223311
43.980856	-10.226652
43.990838	-10.229994
44.00082	-10.233335
44.010802	-10.236676
44.020784	-10.240017
44.030766	-10.243357
44.040748	-10.246698
44.05073	-10.250038
44.060712	-10.253379
44.070694	-10.256719
44.080676	-10.260059
44.090658	-10.263399
44.10064	-10.266739
44.110622	-10.270079
44.120604	-10.273419
44.130586	-10.276758
44.140568	-10.280097
44.15055	-10.283437
44.160532	-10.286776
44.170514	-10.290115
44.180496	-10.293454
44.190478	-10.296793
44.20046	-10.300131
44.210442	-10.30347
44.220424	-10.306808
44.230406	-10.310147
44.240388	-10.313485
44.25037	-10.316823
44.260352	-10.320161
44.270334	-10.323499
44.280316	-10.326836
44.290298	-10.330174
44.30028	-10.333511
44.310262	-10.336849
44.320244	-10.340186
44.330226	-10.343523
44.340208	-10.34686
44.35019	-10.350197
44.360172	-10.353533
44.370154	-10.35687
44.380136	-10.360206
44.390118	-10.363543
44.4001	-10.366879
44.410082	-10.370215
44.420064	-10.373551
44.430046	-10.376887
44.440028	-10.380222
44.45001	-10.383558
44.459992	-10.386893
44.469974	-10.390229
44.479956	-10.393564
44.489938	-10.396899
44.49992	-10.400234
44.509902	-10.403568
44.519884	-10.406903
44.529866	-10.410238
44.539848	-10.413572
44.54983	-10.416906
44.559812	-10.420241
44.569794	-10.423575
44.579776	-10.426908
44.589758	-10.430242
44.59974	-10.433576
44.609722	-10.436909
44.619704	-10.440243
44.629686	-10.443576
44.639668	-10.446909
44.64965	-10.450242
44.659632	-10.453575
44.669614	-10.456908
44.679596	-10.46024
44.689578	-10.463573
44.69956	-10.466905
44.709542	-10.470237
44.719524	-10.47357
44.729506	-10.476901
44.739488	-10.480233
44.74947	-10.483565
44.759452	-10.486897
44.769434	-10.490228
44.779416	-10.493559
44.789398	-10.496891
44.79938	-10.500222
44.809362	-10.503553
44.819344	-10.506883
44.829326	-10.510214
44.839308	-10.513544
44.84929	-10.516875
44.859272	-10.520205
44.869254	-10.523535
44.879236	-10.526865
44.889218	-10.530195
44.8992	-10.533525
44.909182	-10.536854
44.919164	-10.540184
44.929146	-10.543513
44.939128	-10.546842
44.94911	-10.550172
44.959092	-10.5535
44.969074	-10.556829
44.979056	-10.560158
44.989038	-10.563486
44.99902	-10.566815
45.009002	-10.570143
45.018984	-10.573471
45.028966	-10.576799
45.038948	-10.580127
45.04893	-10.583455
45.058912	-10.586782
45.068894	-10.59011
45.078876	-10.593437
45.088858	-10.596764
45.09884	-10.600092
45.108822	-10.603418
45.118804	-10.606745
45.128786	-10.610072
45.138768	-10.613398
45.14875	-10.616725
45.158732	-10.620051
45.168714	-10.623377
45.178696	-10.626703
45.188678	-10.630029
45.19866	-10.633355
45.208642	-10.63668
45.218624	-10.640006
45.228606	-10.643331
45.238588	-10.646656
45.24857	-10.649981
45.258552	-10.653306
45.268534	-10.656631
45.278516	-10.659956
45.288498	-10.66328
45.29848	-10.666604
45.308462	-10.669929
45.318444	-10.673253
45.328426	-10.676577
45.338408	-10.6799
45.34839	-10.683224
45.358372	-10.686548
45.368354	-10.689871
45.378336	-10.693194
45.388318	-10.696517
45.3983	-10.69984
45.408282	-10.703163
45.418264	-10.706486
45.428246	-10.709808
45.438228	-10.713131
45.44821	-10.716453
45.458192	-10.719775
45.468174	-10.723097
45.478156	-10.726419
45.488138	-10.729741
45.49812	-10.733062
45.508102	-10.736384
45.518084	-10.739705
45.528066	-10.743026
45.538048	-10.746347
45.54803	-10.749668
45.558012	-10.752989
45.567994	-10.756309
45.577976	-10.75963
45.587958	-10.76295
45.59794	-10.76627
45.607922	-10.76959
45.617904	-10.77291
45.627886	-10.77623
45.637868	-10.77955
45.64785	-10.782869
45.657832	-10.786188
45.667814	-10.789508
45.677796	-10.792827
45.687778	-10.796146
45.69776	-10.799464
45.707742	-10.802783
45.717724	-10.806101
45.727706	-10.80942
45.737688	-10.812738
45.74767	-10.816056
45.757652	-10.819374
45.767634	-10.822692
45.777616	-10.826009
45.787598	-10.829327
45.79758	-10.832644
45.807562	-10.835961
45.817544	-10.839278
45.827526	-10.842595
45.837508	-10.845912
45.847489	-10.849229
45.857471	-10.852545
45.867453	-10.855862
45.877435	-10.859178
45.887417	-10.862494
45.897399	-10.86581
45.907381	-10.869126
45.917363	-10.872441
45.927345	-10.875757
45.937327	-10.879072
45.947309	-10.882387
45.957291	-10.885702
45.967273	-10.889017
45.977255	-10.892332
45.987237	-10.895646
45.997219	-10.898961
46.007201	-10.902275
46.017183	-10.905589
46.027165	-10.908903
46.037147	-10.912217
46.047129	-10.915531
46.057111	-10.918845
46.067093	-10.922158
46.077075	-10.925471
46.087057	-10.928785
46.097039	-10.932098
46.107021	-10.93541
46.117003	-10.938723
46.126985	-10.942036
46.136967	-10.945348
46.146949	-10.94866
46.156931	-10.951973
46.166913	-10.955285
46.176895	-10.958596
46.186877	-10.961908
46.196859	-10.96522
46.206841	-10.968531
46.216823	-10.971842
46.226805	-10.975153
46.236787	-10.978464
46.246769	-10.981775
46.256751	-10.985086
46.266733	-10.988396
46.276715	-10.991707
46.286697	-10.995017
46.296679	-10.998327
46.306661	-11.001637
46.316643	-11.004947
46.326625	-11.008256
46.336607	-11.011566
46.346589	-11.014875
46.356571	-11.018184
46.366553	-11.021493
46.376535	-11.024802
46.386517	-11.028111
46.396499	-11.031419
46.406481	-11.034728
46.416463	-11.038036
46.426445	-11.041344
46.436427	-11.044652
46.446409	-11.04796
46.456391	-11.051268
46.466373	-11.054575
46.476355	-11.057883
46.486337	-11.06119
46.496319	-11.064497
46.506301	-11.067804
46.516283	-11.071111
46.526265	-11.074417
46.536247	-11.077724
46.546229	-11.08103
46.556211	-11.084336
46.566193	-11.087642
46.576175	-11.090948
46.586157	-11.094254
46.596139	-11.09756
46.606121	-11.100865
46.616103	-11.10417
46.626085	-11.107476
46.636067	-11.11078
46.646049	-11.114085
46.656031	-11.11739
46.666013	-11.120694
46.675995	-11.123999
46.685977	-11.127303
46.695959	-11.130607
46.705941	-11.133911
46.715923	-11.137215
46.725905	-11.140518
46.735887	-11.143822
46.745869	-11.147125
46.755851	-11.150428
46.765833	-11.153731
46.775815	-11.157034
46.785797	-11.160337
46.795779	-11.163639
46.805761	-11.166942
46.815743	-11.170244
46.825725	-11.173546
46.835707	-11.176848
46.845689	-11.18015
46.855671	-11.183451
46.865653	-11.186753
46.875635	-11.190054
46.885617	-11.193355
46.895599	-11.196656
46.905581	-11.199957
46.915563	-11.203258
46.925545	-11.206558
46.935527	-11.209859
46.945509	-11.213159
46.955491	-11.216459
46.965473	-11.219759
46.975455	-11.223059
46.985437	-11.226358
46.995419	-11.229658
47.005401	-11.232957
47.015383	-11.236256
47.025365	-11.239555
47.035347	-11.242854
47.045329	-11.246153
47.055311	-11.249451
47.065293	-11.25275
47.075275	-11.256048
47.085257	-11.259346
47.095239	-11.262644
47.105221	-11.265942
47.115203	-11.269239
47.125185	-11.272537
47.135167	-11.275834
47.145149	-11.279131
47.155131	-11.282428
47.165113	-11.285725
47.175095	-11.289022
47.185077	-11.292318
47.195059	-11.295615
47.205041	-11.298911
47.215023	-11.302207
47.225005	-11.305503
47.234987	-11.308798
47.244969	-11.312094
47.254951	-11.315389
47.264933	-11.318685
47.274915	-11.32198
47.284897	-11.325275
47.294879	-11.328569
47.304861	-11.331864
47.314843	-11.335158
47.324825	-11.338453
47.334807	-11.341747
47.344789	-11.345041
47.354771	-11.348335
47.364753	-11.351628
47.374735	-11.354922
47.384717	-11.358215
47.394699	-11.361508
47.404681	-11.364802
47.414663	-11.368094
47.424645	-11.371387
47.434627	-11.37468
47.444609	-11.377972
47.454591	-11.381264
47.464573	-11.384556
47.474555	-11.387848
47.484537	-11.39114
47.494519	-11.394432
47.504501	-11.397723
47.514483	-11.401014
47.524465	-11.404306
47.534447	-11.407597
47.544429	-11.410887
47.554411	-11.414178
47.564393	-11.417469
47.574375	-11.420759
47.584357	-11.424049
47.594339	-11.427339
47.604321	-11.430629
47.614303	-11.433919
47.624285	-11.437208
47.634267	-11.440498
47.644249	-11.443787
47.654231	-11.447076
47.664213	-11.450365
47.674195	-11.453653
47.684177	-11.456942
47.694159	-11.46023
47.704141	-11.463519
47.714123	-11.466807
47.724105	-11.470095
47.734087	-11.473382
47.744069	-11.47667
47.754051	-11.479957
47.764033	-11.483245
47.774015	-11.486532
47.783997	-11.489819
47.793979	-11.493106
47.803961	-11.496392
47.813943	-11.499679
47.823925	-11.502965
47.833907	-11.506251
47.843889	-11.509537
47.853871	-11.512823
47.863853	-11.516109
47.873835	-11.519394
47.883817	-11.52268
47.893799	-11.525965
47.903781	-11.52925
47.913763	-11.532535
47.923745	-11.535819
47.933727	-11.539104
47.943709	-11.542388
47.953691	-11.545672
47.963673	-11.548956
47.973655	-11.55224
47.983637	-11.555524
47.993619	-11.558808
48.003601	-11.562091
48.013583	-11.565374
48.023565	-11.568657
48.033547	-11.57194
48.043529	-11.575223
48.053511	-11.578505
48.063493	-11.581788
48.073475	-11.58507
48.083457	-11.588352
48.093439	-11.591634
48.103421	-11.594916
48.113403	-11.598197
48.123385	-11.601479
48.133367	-11.60476
48.143349	-11.608041
48.153331	-11.611322
48.163313	-11.614603
48.173295	-11.617884
48.183277	-11.621164
48.193259	-11.624444
48.203241	-11.627724
48.213223	-11.631004
48.223205	-11.634284
48.233187	-11.637564
48.243169	-11.640843
48.253151	-11.644122
48.263133	-11.647402
48.273115	-11.65068
48.283097	-11.653959
48.293079	-11.657238
48.303061	-11.660516
48.313043	-11.663795
48.323025	-11.667073
48.333007	-11.670351
48.342989	-11.673629
48.352971	-11.676906
48.362953	-11.680184
48.372935	-11.683461
48.382917	-11.686738
48.392899	-11.690015
48.402881	-11.693292
48.412863	-11.696568
48.422845	-11.699845
48.432827	-11.703121
48.442809	-11.706397
48.452791	-11.709673
48.462773	-11.712949
48.472755	-11.716225
48.482737	-11.7195
48.492719	-11.722776
48.502701	-11.726051
48.512683	-11.729326
48.522665	-11.7326
48.532647	-11.735875
48.542629	-11.73915
48.552611	-11.742424
48.562593	-11.745698
48.572575	-11.748972
48.582557	-11.752246
48.592539	-11.755519
48.602521	-11.758793
48.612503	-11.762066
48.622484	-11.765339
48.632466	-11.768612
48.642448	-11.771885
48.65243	-11.775158
48.662412	-11.77843
48.672394	-11.781702
48.682376	-11.784974
48.692358	-11.788246
48.70234	-11.791518
48.712322	-11.79479
48.722304	-11.798061
48.732286	-11.801333
48.742268	-11.804604
48.75225	-11.807875
48.762232	-11.811145
48.772214	-11.814416
48.782196	-11.817686
48.792178	-11.820957
48.80216	-11.824227
48.812142	-11.827497
48.822124	-11.830766
48.832106	-11.834036
48.842088	-11.837305
48.85207	-11.840575
48.862052	-11.843844
48.872034	-11.847113
48.882016	-11.850381
48.891998	-11.85365
48.90198	-11.856918
48.911962	-11.860187
48.921944	-11.863455
48.931926	-11.866723
48.941908	-11.86999
48.95189	-11.873258
48.961872	-11.876525
48.971854	-11.879793
48.981836	-11.88306
48.991818	-11.886326
49.0018	-11.889593
49.011782	-11.89286
49.021764	-11.896126
49.031746	-11.899392
49.041728	-11.902658
49.05171	-11.905924
49.061692	-11.90919
49.071674	-11.912455
49.081656	-11.915721
49.091638	-11.918986
49.10162	-11.922251
49.111602	-11.925516
49.121584	-11.92878
49.131566	-11.932045
49.141548	-11.935309
49.15153	-11.938573
49.161512	-11.941837
49.171494	-11.945101
49.181476	-11.948365
49.191458	-11.951628
49.20144	-11.954891
49.211422	-11.958155
49.221404	-11.961417
49.231386	-11.96468
49.241368	-11.967943
49.25135	-11.971205
49.261332	-11.974468
49.271314	-11.97773
49.281296	-11.980992
49.291278	-11.984253
49.30126	-11.987515
49.311242	-11.990776
49.321224	-11.994038
49.331206	-11.997299
49.341188	-12.000559
49.35117	-12.00382
49.361152	-12.007081
49.371134	-12.010341
49.381116	-12.013601
49.391098	-12.016861
49.40108	-12.020121
49.411062	-12.023381
49.421044	-12.02664
49.431026	-12.0299
49.441008	-12.033159
49.45099	-12.036418
49.460972	-12.039677
49.470954	-12.042935
49.480936	-12.046194
49.490918	-12.049452
49.5009	-12.05271
49.510882	-12.055968
49.520864	-12.059226
49.530846	-12.062483
49.540828	-12.065741
49.55081	-12.068998
49.560792	-12.072255
49.570774	-12.075512
49.580756	-12.078769
49.590738	-12.082025
49.60072	-12.085282
49.610702	-12.088538
49.620684	-12.091794
49.630666	-12.09505
49.640648	-12.098306
49.65063	-12.101561
49.660612	-12.104816
49.670594	-12.108072
49.680576	-12.111327
49.690558	-12.114581
49.70054	-12.117836
49.710522	-12.12109
49.720504	-12.124345
49.730486	-12.127599
49.740468	-12.130853
49.75045	-12.134107
49.760432	-12.13736
49.770414	-12.140614
49.780396	-12.143867
49.790378	-12.14712
49.80036	-12.150373
49.810342	-12.153626
49.820324	-12.156878
49.830306	-12.16013
49.840288	-12.163383
49.85027	-12.166635
49.860252	-12.169887
49.870234	-12.173138
49.880216	-12.17639
49.890198	-12.179641
49.90018	-12.182892
49.910162	-12.186143
49.920144	-12.189394
49.930126	-12.192645
49.940108	-12.195895
49.95009	-12.199145
49.960072	-12.202395
49.970054	-12.205645
49.980036	-12.208895
49.990018	-12.212145
50	-12.215394
