Freq_GHz	Norm_dB
0.1	-5.5103962e-05
0.109982	-6.6653986e-05
0.11996399	-7.9302133e-05
0.12994599	-9.3048403e-05
0.13992799	-0.0001078928
0.14990998	-0.00012383532
0.15989198	-0.00014087598
0.16987397	-0.00015901477
0.17985597	-0.00017825169
0.18983797	-0.00019858675
0.19981996	-0.00022001995
0.20980196	-0.00024255129
0.21978396	-0.00026618078
0.22976595	-0.00029090842
0.23974795	-0.00031673421
0.24972995	-0.00034365816
0.25971194	-0.00037168027
0.26969394	-0.00040080055
0.27967594	-0.00043101899
0.28965793	-0.0004623356
0.29963993	-0.00049475039
0.30962192	-0.00052826336
0.31960392	-0.00056287452
0.32958592	-0.00059858386
0.33956791	-0.0006353914
0.34954991	-0.00067329714
0.35953191	-0.00071230109
0.3695139	-0.00075240324
0.3794959	-0.00079360362
0.3894779	-0.00083590221
0.39945989	-0.00087929903
0.40944189	-0.00092379408
0.41942388	-0.00096938738
0.42940588	-0.0010160789
0.43938788	-0.0010638687
0.44936987	-0.0011127568
0.45935187	-0.0011627431
0.46933387	-0.0012138277
0.47931586	-0.0012660105
0.48929786	-0.0013192917
0.49927986	-0.0013736711
0.50926185	-0.0014291489
0.51924385	-0.0014857249
0.52922585	-0.0015433993
0.53920784	-0.001602172
0.54918984	-0.001662043
0.55917183	-0.0017230124
0.56915383	-0.0017850801
0.57913583	-0.0018482461
0.58911782	-0.0019125106
0.59909982	-0.0019778734
0.60908182	-0.0020443346
0.61906381	-0.0021118941
0.62904581	-0.0021805521
0.63902781	-0.0022503085
0.6490098	-0.0023211633
0.6589918	-0.0023931166
0.66897379	-0.0024661683
0.67895579	-0.0025403184
0.68893779	-0.002615567
0.69891978	-0.002691914
0.70890178	-0.0027693596
0.71888378	-0.0028479036
0.72886577	-0.0029275461
0.73884777	-0.0030082872
0.74882977	-0.0030901268
0.75881176	-0.0031730649
0.76879376	-0.0032571015
0.77877576	-0.0033422367
0.78875775	-0.0034284705
0.79873975	-0.0035158028
0.80872174	-0.0036042338
0.81870374	-0.0036937633
0.82868574	-0.0037843915
0.83866773	-0.0038761183
0.84864973	-0.0039689437
0.85863173	-0.0040628678
0.86861372	-0.0041578906
0.87859572	-0.004254012
0.88857772	-0.0043512321
0.89855971	-0.004449551
0.90854171	-0.0045489685
0.9185237	-0.0046494848
0.9285057	-0.0047510998
0.9384877	-0.0048538136
0.94846969	-0.0049576262
0.95845169	-0.0050625375
0.96843369	-0.0051685477
0.97841568	-0.0052756567
0.98839768	-0.0053838645
0.99837968	-0.0054931711
1.0083617	-0.0056035766
1.0183437	-0.005715081
1.0283257	-0.0058276843
1.0383077	-0.0059413865
1.0482897	-0.0060561876
1.0582717	-0.0061720876
1.0682537	-0.0062890866
1.0782356	-0.0064071846
1.0882176	-0.0065263816
1.0981996	-0.0066466775
1.1081816	-0.0067680725
1.1181636	-0.0068905665
1.1281456	-0.0070141595
1.1381276	-0.0071388516
1.1481096	-0.0072646429
1.1580916	-0.0073915332
1.1680736	-0.0075195226
1.1780556	-0.0076486111
1.1880376	-0.0077787989
1.1980196	-0.0079100857
1.2080016	-0.0080424718
1.2179836	-0.0081759571
1.2279656	-0.0083105416
1.2379476	-0.0084462254
1.2479296	-0.0085830084
1.2579116	-0.0087208907
1.2678936	-0.0088598722
1.2778756	-0.0089999531
1.2878576	-0.0091411334
1.2978396	-0.009283413
1.3078216	-0.009426792
1.3178036	-0.0095712703
1.3277856	-0.0097168481
1.3377676	-0.0098635253
1.3477495	-0.010011302
1.3577315	-0.010160178
1.3677135	-0.010310154
1.3776955	-0.010461229
1.3876775	-0.010613404
1.3976595	-0.010766678
1.4076415	-0.010921052
1.4176235	-0.011076525
1.4276055	-0.011233098
1.4375875	-0.011390771
1.4475695	-0.011549543
1.4575515	-0.011709415
1.4675335	-0.011870387
1.4775155	-0.012032458
1.4874975	-0.012195629
1.4974795	-0.0123599
1.5074615	-0.012525271
1.5174435	-0.012691742
1.5274255	-0.012859312
1.5374075	-0.013027982
1.5473895	-0.013197752
1.5573715	-0.013368622
1.5673535	-0.013540592
1.5773355	-0.013713662
1.5873175	-0.013887832
1.5972995	-0.014063102
1.6072815	-0.014239472
1.6172635	-0.014416942
1.6272454	-0.014595512
1.6372274	-0.014775182
1.6472094	-0.014955952
1.6571914	-0.015137823
1.6671734	-0.015320793
1.6771554	-0.015504864
1.6871374	-0.015690035
1.6971194	-0.015876306
1.7071014	-0.016063677
1.7170834	-0.016252149
1.7270654	-0.016441721
1.7370474	-0.016632394
1.7470294	-0.016824166
1.7570114	-0.017017039
1.7669934	-0.017211013
1.7769754	-0.017406087
1.7869574	-0.017602261
1.7969394	-0.017799536
1.8069214	-0.017997912
1.8169034	-0.018197388
1.8268854	-0.018397965
1.8368674	-0.018599642
1.8468494	-0.01880242
1.8568314	-0.019006298
1.8668134	-0.019211277
1.8767954	-0.019417357
1.8867774	-0.019624538
1.8967594	-0.019832819
1.9067413	-0.020042202
1.9167233	-0.020252685
1.9267053	-0.020464269
1.9366873	-0.020676953
1.9466693	-0.020890739
1.9566513	-0.021105626
1.9666333	-0.021321613
1.9766153	-0.021538702
1.9865973	-0.021756892
1.9965793	-0.021976182
2.0065613	-0.022196574
2.0165433	-0.022418067
2.0265253	-0.022640661
2.0365073	-0.022864356
2.0464893	-0.023089153
2.0564713	-0.02331505
2.0664533	-0.023542049
2.0764353	-0.023770149
2.0864173	-0.023999351
2.0963993	-0.024229654
2.1063813	-0.024461058
2.1163633	-0.024693564
2.1263453	-0.024927171
2.1363273	-0.025161879
2.1463093	-0.025397689
2.1562913	-0.025634601
2.1662733	-0.025872614
2.1762553	-0.026111729
2.1862372	-0.026351946
2.1962192	-0.026593264
2.2062012	-0.026835684
2.2161832	-0.027079205
2.2261652	-0.027323828
2.2361472	-0.027569554
2.2461292	-0.027816381
2.2561112	-0.028064309
2.2660932	-0.02831334
2.2760752	-0.028563473
2.2860572	-0.028814707
2.2960392	-0.029067044
2.3060212	-0.029320483
2.3160032	-0.029575024
2.3259852	-0.029830666
2.3359672	-0.030087411
2.3459492	-0.030345258
2.3559312	-0.030604208
2.3659132	-0.030864259
2.3758952	-0.031125413
2.3858772	-0.031387669
2.3958592	-0.031651028
2.4058412	-0.031915489
2.4158232	-0.032181052
2.4258052	-0.032447718
2.4357872	-0.032715486
2.4457692	-0.032984357
2.4557512	-0.03325433
2.4657331	-0.033525406
2.4757151	-0.033797584
2.4856971	-0.034070865
2.4956791	-0.034345249
2.5056611	-0.034620736
2.5156431	-0.034897325
2.5256251	-0.035175017
2.5356071	-0.035453812
2.5455891	-0.03573371
2.5555711	-0.036014711
2.5655531	-0.036296815
2.5755351	-0.036580021
2.5855171	-0.036864331
2.5954991	-0.037149744
2.6054811	-0.03743626
2.6154631	-0.037723879
2.6254451	-0.038012601
2.6354271	-0.038302427
2.6454091	-0.038593356
2.6553911	-0.038885388
2.6653731	-0.039178523
2.6753551	-0.039472762
2.6853371	-0.039768104
2.6953191	-0.04006455
2.7053011	-0.040362099
2.7152831	-0.040660751
2.7252651	-0.040960507
2.735247	-0.041261367
2.745229	-0.041563331
2.755211	-0.041866398
2.765193	-0.042170569
2.775175	-0.042475843
2.785157	-0.042782222
2.795139	-0.043089704
2.805121	-0.04339829
2.815103	-0.04370798
2.825085	-0.044018775
2.835067	-0.044330673
2.845049	-0.044643675
2.855031	-0.044957781
2.865013	-0.045272991
2.874995	-0.045589306
2.884977	-0.045906725
2.894959	-0.046225248
2.904941	-0.046544875
2.914923	-0.046865607
2.924905	-0.047187443
2.934887	-0.047510383
2.944869	-0.047834428
2.954851	-0.048159578
2.964833	-0.048485832
2.974815	-0.048813191
2.984797	-0.049141654
2.994779	-0.049471222
3.004761	-0.049801894
3.0147429	-0.050133672
3.0247249	-0.050466554
3.0347069	-0.050800541
3.0446889	-0.051135633
3.0546709	-0.05147183
3.0646529	-0.051809132
3.0746349	-0.052147539
3.0846169	-0.052487051
3.0945989	-0.052827669
3.1045809	-0.053169391
3.1145629	-0.053512219
3.1245449	-0.053856151
3.1345269	-0.05420119
3.1445089	-0.054547333
3.1544909	-0.054894582
3.1644729	-0.055242936
3.1744549	-0.055592396
3.1844369	-0.055942961
3.1944189	-0.056294632
3.2044009	-0.056647409
3.2143829	-0.057001291
3.2243649	-0.057356279
3.2343469	-0.057712372
3.2443289	-0.058069572
3.2543109	-0.058427877
3.2642929	-0.058787288
3.2742749	-0.059147805
3.2842569	-0.059509429
3.2942388	-0.059872158
3.3042208	-0.060235993
3.3142028	-0.060600934
3.3241848	-0.060966982
3.3341668	-0.061334136
3.3441488	-0.061702396
3.3541308	-0.062071762
3.3641128	-0.062442235
3.3740948	-0.062813814
3.3840768	-0.0631865
3.3940588	-0.063560292
3.4040408	-0.063935191
3.4140228	-0.064311196
3.4240048	-0.064688308
3.4339868	-0.065066527
3.4439688	-0.065445852
3.4539508	-0.065826284
3.4639328	-0.066207823
3.4739148	-0.066590469
3.4838968	-0.066974222
3.4938788	-0.067359082
3.5038608	-0.067745049
3.5138428	-0.068132124
3.5238248	-0.068520305
3.5338068	-0.068909593
3.5437888	-0.069299989
3.5537708	-0.069691492
3.5637528	-0.070084103
3.5737347	-0.07047782
3.5837167	-0.070872646
3.5936987	-0.071268578
3.6036807	-0.071665619
3.6136627	-0.072063767
3.6236447	-0.072463022
3.6336267	-0.072863386
3.6436087	-0.073264857
3.6535907	-0.073667436
3.6635727	-0.074071122
3.6735547	-0.074475917
3.6835367	-0.07488182
3.6935187	-0.07528883
3.7035007	-0.075696949
3.7134827	-0.076106176
3.7234647	-0.076516511
3.7334467	-0.076927954
3.7434287	-0.077340506
3.7534107	-0.077754166
3.7633927	-0.078168934
3.7733747	-0.078584811
3.7833567	-0.079001796
3.7933387	-0.07941989
3.8033207	-0.079839092
3.8133027	-0.080259403
3.8232847	-0.080680823
3.8332667	-0.081103351
3.8432486	-0.081526989
3.8532306	-0.081951735
3.8632126	-0.08237759
3.8731946	-0.082804554
3.8831766	-0.083232627
3.8931586	-0.083661809
3.9031406	-0.084092101
3.9131226	-0.084523501
3.9231046	-0.084956011
3.9330866	-0.08538963
3.9430686	-0.085824359
3.9530506	-0.086260197
3.9630326	-0.086697144
3.9730146	-0.087135201
3.9829966	-0.087574367
3.9929786	-0.088014643
4.0029606	-0.088456029
4.0129426	-0.088898525
4.0229246	-0.08934213
4.0329066	-0.089786845
4.0428886	-0.090232671
4.0528706	-0.090679606
4.0628526	-0.091127651
4.0728346	-0.091576806
4.0828166	-0.092027072
4.0927986	-0.092478447
4.1027806	-0.092930933
4.1127626	-0.093384529
4.1227445	-0.093839236
4.1327265	-0.094295053
4.1427085	-0.094751981
4.1526905	-0.095210019
4.1626725	-0.095669167
4.1726545	-0.096129427
4.1826365	-0.096590797
4.1926185	-0.097053277
4.2026005	-0.097516869
4.2125825	-0.097981572
4.2225645	-0.098447385
4.2325465	-0.09891431
4.2425285	-0.099382345
4.2525105	-0.099851492
4.2624925	-0.10032175
4.2724745	-0.10079312
4.2824565	-0.1012656
4.2924385	-0.10173919
4.3024205	-0.10221389
4.3124025	-0.10268971
4.3223845	-0.10316664
4.3323665	-0.10364467
4.3423485	-0.10412382
4.3523305	-0.10460408
4.3623125	-0.10508546
4.3722945	-0.10556794
4.3822765	-0.10605154
4.3922585	-0.10653625
4.4022404	-0.10702207
4.4122224	-0.107509
4.4222044	-0.10799705
4.4321864	-0.1084862
4.4421684	-0.10897647
4.4521504	-0.10946786
4.4621324	-0.10996035
4.4721144	-0.11045396
4.4820964	-0.11094868
4.4920784	-0.11144451
4.5020604	-0.11194145
4.5120424	-0.11243951
4.5220244	-0.11293868
4.5320064	-0.11343896
4.5419884	-0.11394036
4.5519704	-0.11444287
4.5619524	-0.11494649
4.5719344	-0.11545122
4.5819164	-0.11595707
4.5918984	-0.11646403
4.6018804	-0.11697211
4.6118624	-0.11748129
4.6218444	-0.11799159
4.6318264	-0.11850301
4.6418084	-0.11901554
4.6517904	-0.11952918
4.6617724	-0.12004393
4.6717544	-0.1205598
4.6817363	-0.12107679
4.6917183	-0.12159488
4.7017003	-0.12211409
4.7116823	-0.12263442
4.7216643	-0.12315586
4.7316463	-0.12367841
4.7416283	-0.12420207
4.7516103	-0.12472685
4.7615923	-0.12525275
4.7715743	-0.12577976
4.7815563	-0.12630788
4.7915383	-0.12683712
4.8015203	-0.12736747
4.8115023	-0.12789894
4.8214843	-0.12843152
4.8314663	-0.12896522
4.8414483	-0.12950003
4.8514303	-0.13003596
4.8614123	-0.130573
4.8713943	-0.13111116
4.8813763	-0.13165043
4.8913583	-0.13219082
4.9013403	-0.13273232
4.9113223	-0.13327493
4.9213043	-0.13381867
4.9312863	-0.13436351
4.9412683	-0.13490948
4.9512503	-0.13545656
4.9612322	-0.13600475
4.9712142	-0.13655406
4.9811962	-0.13710449
4.9911782	-0.13765603
5.0011602	-0.13820869
5.0111422	-0.13876246
5.0211242	-0.13931735
5.0311062	-0.13987335
5.0410882	-0.14043048
5.0510702	-0.14098871
5.0610522	-0.14154807
5.0710342	-0.14210854
5.0810162	-0.14267012
5.0909982	-0.14323283
5.1009802	-0.14379665
5.1109622	-0.14436158
5.1209442	-0.14492764
5.1309262	-0.14549481
5.1409082	-0.14606309
5.1508902	-0.1466325
5.1608722	-0.14720302
5.1708542	-0.14777465
5.1808362	-0.14834741
5.1908182	-0.14892128
5.2008002	-0.14949627
5.2107822	-0.15007238
5.2207642	-0.1506496
5.2307461	-0.15122794
5.2407281	-0.1518074
5.2507101	-0.15238797
5.2606921	-0.15296967
5.2706741	-0.15355248
5.2806561	-0.15413641
5.2906381	-0.15472146
5.3006201	-0.15530762
5.3106021	-0.1558949
5.3205841	-0.1564833
5.3305661	-0.15707282
5.3405481	-0.15766346
5.3505301	-0.15825522
5.3605121	-0.15884809
5.3704941	-0.15944208
5.3804761	-0.16003719
5.3904581	-0.16063342
5.4004401	-0.16123077
5.4104221	-0.16182924
5.4204041	-0.16242882
5.4303861	-0.16302953
5.4403681	-0.16363135
5.4503501	-0.16423429
5.4603321	-0.16483835
5.4703141	-0.16544353
5.4802961	-0.16604983
5.4902781	-0.16665725
5.5002601	-0.16726579
5.510242	-0.16787545
5.520224	-0.16848622
5.530206	-0.16909812
5.540188	-0.16971114
5.55017	-0.17032527
5.560152	-0.17094053
5.570134	-0.1715569
5.580116	-0.1721744
5.590098	-0.17279302
5.60008	-0.17341275
5.610062	-0.17403361
5.620044	-0.17465558
5.630026	-0.17527868
5.640008	-0.1759029
5.64999	-0.17652823
5.659972	-0.17715469
5.669954	-0.17778227
5.679936	-0.17841097
5.689918	-0.17904079
5.6999	-0.17967173
5.709882	-0.18030379
5.719864	-0.18093697
5.729846	-0.18157127
5.739828	-0.1822067
5.74981	-0.18284324
5.759792	-0.18348091
5.769774	-0.1841197
5.779756	-0.1847596
5.7897379	-0.18540063
5.7997199	-0.18604279
5.8097019	-0.18668606
5.8196839	-0.18733046
5.8296659	-0.18797597
5.8396479	-0.18862261
5.8496299	-0.18927037
5.8596119	-0.18991926
5.8695939	-0.19056926
5.8795759	-0.19122039
5.8895579	-0.19187264
5.8995399	-0.19252601
5.9095219	-0.1931805
5.9195039	-0.19383612
5.9294859	-0.19449286
5.9394679	-0.19515072
5.9494499	-0.19580971
5.9594319	-0.19646981
5.9694139	-0.19713104
5.9793959	-0.19779339
5.9893779	-0.19845687
5.9993599	-0.19912147
6.0093419	-0.19978719
6.0193239	-0.20045404
6.0293059	-0.201122
6.0392879	-0.2017911
6.0492699	-0.20246131
6.0592519	-0.20313265
6.0692338	-0.20380511
6.0792158	-0.2044787
6.0891978	-0.20515341
6.0991798	-0.20582924
6.1091618	-0.2065062
6.1191438	-0.20718428
6.1291258	-0.20786349
6.1391078	-0.20854381
6.1490898	-0.20922527
6.1590718	-0.20990785
6.1690538	-0.21059155
6.1790358	-0.21127638
6.1890178	-0.21196233
6.1989998	-0.2126494
6.2089818	-0.2133376
6.2189638	-0.21402693
6.2289458	-0.21471738
6.2389278	-0.21540895
6.2489098	-0.21610165
6.2588918	-0.21679548
6.2688738	-0.21749043
6.2788558	-0.2181865
6.2888378	-0.21888371
6.2988198	-0.21958203
6.3088018	-0.22028148
6.3187838	-0.22098206
6.3287658	-0.22168376
6.3387477	-0.22238659
6.3487297	-0.22309055
6.3587117	-0.22379563
6.3686937	-0.22450183
6.3786757	-0.22520916
6.3886577	-0.22591762
6.3986397	-0.22662721
6.4086217	-0.22733792
6.4186037	-0.22804975
6.4285857	-0.22876272
6.4385677	-0.22947681
6.4485497	-0.23019202
6.4585317	-0.23090836
6.4685137	-0.23162583
6.4784957	-0.23234443
6.4884777	-0.23306415
6.4984597	-0.233785
6.5084417	-0.23450698
6.5184237	-0.23523009
6.5284057	-0.23595432
6.5383877	-0.23667968
6.5483697	-0.23740616
6.5583517	-0.23813378
6.5683337	-0.23886252
6.5783157	-0.23959239
6.5882977	-0.24032338
6.5982797	-0.24105551
6.6082617	-0.24178876
6.6182436	-0.24252314
6.6282256	-0.24325865
6.6382076	-0.24399528
6.6481896	-0.24473305
6.6581716	-0.24547194
6.6681536	-0.24621196
6.6781356	-0.24695311
6.6881176	-0.24769539
6.6980996	-0.2484388
6.7080816	-0.24918333
6.7180636	-0.249929
6.7280456	-0.25067579
6.7380276	-0.25142371
6.7480096	-0.25217276
6.7579916	-0.25292294
6.7679736	-0.25367425
6.7779556	-0.25442669
6.7879376	-0.25518025
6.7979196	-0.25593495
6.8079016	-0.25669078
6.8178836	-0.25744773
6.8278656	-0.25820582
6.8378476	-0.25896503
6.8478296	-0.25972538
6.8578116	-0.26048685
6.8677936	-0.26124946
6.8777756	-0.26201319
6.8877576	-0.26277806
6.8977395	-0.26354405
6.9077215	-0.26431118
6.9177035	-0.26507944
6.9276855	-0.26584882
6.9376675	-0.26661934
6.9476495	-0.26739099
6.9576315	-0.26816377
6.9676135	-0.26893768
6.9775955	-0.26971272
6.9875775	-0.27048889
6.9975595	-0.27126619
7.0075415	-0.27204462
7.0175235	-0.27282419
7.0275055	-0.27360488
7.0374875	-0.27438671
7.0474695	-0.27516967
7.0574515	-0.27595376
7.0674335	-0.27673898
7.0774155	-0.27752533
7.0873975	-0.27831282
7.0973795	-0.27910144
7.1073615	-0.27989119
7.1173435	-0.28068207
7.1273255	-0.28147408
7.1373075	-0.28226723
7.1472895	-0.28306151
7.1572715	-0.28385692
7.1672535	-0.28465346
7.1772354	-0.28545113
7.1872174	-0.28624994
7.1971994	-0.28704988
7.2071814	-0.28785096
7.2171634	-0.28865316
7.2271454	-0.2894565
7.2371274	-0.29026098
7.2471094	-0.29106658
7.2570914	-0.29187332
7.2670734	-0.29268119
7.2770554	-0.2934902
7.2870374	-0.29430034
7.2970194	-0.29511161
7.3070014	-0.29592402
7.3169834	-0.29673756
7.3269654	-0.29755223
7.3369474	-0.29836804
7.3469294	-0.29918498
7.3569114	-0.30000306
7.3668934	-0.30082227
7.3768754	-0.30164261
7.3868574	-0.30246409
7.3968394	-0.30328671
7.4068214	-0.30411045
7.4168034	-0.30493534
7.4267854	-0.30576135
7.4367674	-0.30658851
7.4467493	-0.30741679
7.4567313	-0.30824622
7.4667133	-0.30907677
7.4766953	-0.30990846
7.4866773	-0.31074129
7.4966593	-0.31157525
7.5066413	-0.31241035
7.5166233	-0.31324659
7.5266053	-0.31408395
7.5365873	-0.31492246
7.5465693	-0.3157621
7.5565513	-0.31660288
7.5665333	-0.31744479
7.5765153	-0.31828784
7.5864973	-0.31913202
7.5964793	-0.31997734
7.6064613	-0.3208238
7.6164433	-0.32167139
7.6264253	-0.32252012
7.6364073	-0.32336998
7.6463893	-0.32422099
7.6563713	-0.32507313
7.6663533	-0.3259264
7.6763353	-0.32678081
7.6863173	-0.32763636
7.6962993	-0.32849305
7.7062813	-0.32935087
7.7162633	-0.33020983
7.7262452	-0.33106993
7.7362272	-0.33193117
7.7462092	-0.33279354
7.7561912	-0.33365705
7.7661732	-0.3345217
7.7761552	-0.33538749
7.7861372	-0.33625441
7.7961192	-0.33712247
7.8061012	-0.33799167
7.8160832	-0.33886201
7.8260652	-0.33973348
7.8360472	-0.3406061
7.8460292	-0.34147985
7.8560112	-0.34235474
7.8659932	-0.34323077
7.8759752	-0.34410794
7.8859572	-0.34498624
7.8959392	-0.34586569
7.9059212	-0.34674627
7.9159032	-0.347628
7.9258852	-0.34851086
7.9358672	-0.34939486
7.9458492	-0.35028
7.9558312	-0.35116628
7.9658132	-0.3520537
7.9757952	-0.35294226
7.9857772	-0.35383196
7.9957592	-0.35472279
8.0057411	-0.35561477
8.0157231	-0.35650789
8.0257051	-0.35740215
8.0356871	-0.35829754
8.0456691	-0.35919408
8.0556511	-0.36009176
8.0656331	-0.36099057
8.0756151	-0.36189053
8.0855971	-0.36279163
8.0955791	-0.36369387
8.1055611	-0.36459725
8.1155431	-0.36550177
8.1255251	-0.36640743
8.1355071	-0.36731423
8.1454891	-0.36822218
8.1554711	-0.36913126
8.1654531	-0.37004149
8.1754351	-0.37095285
8.1854171	-0.37186536
8.1953991	-0.37277901
8.2053811	-0.3736938
8.2153631	-0.37460973
8.2253451	-0.37552681
8.2353271	-0.37644502
8.2453091	-0.37736438
8.2552911	-0.37828488
8.2652731	-0.37920652
8.2752551	-0.3801293
8.285237	-0.38105323
8.295219	-0.3819783
8.305201	-0.38290451
8.315183	-0.38383186
8.325165	-0.38476035
8.335147	-0.38568999
8.345129	-0.38662077
8.355111	-0.3875527
8.365093	-0.38848576
8.375075	-0.38941997
8.385057	-0.39035533
8.395039	-0.39129182
8.405021	-0.39222946
8.415003	-0.39316824
8.424985	-0.39410817
8.434967	-0.39504924
8.444949	-0.39599145
8.454931	-0.39693481
8.464913	-0.39787931
8.474895	-0.39882495
8.484877	-0.39977174
8.494859	-0.40071967
8.504841	-0.40166875
8.514823	-0.40261897
8.524805	-0.40357034
8.534787	-0.40452285
8.544769	-0.4054765
8.554751	-0.4064313
8.5647329	-0.40738724
8.5747149	-0.40834433
8.5846969	-0.40930256
8.5946789	-0.41026194
8.6046609	-0.41122246
8.6146429	-0.41218413
8.6246249	-0.41314695
8.6346069	-0.4141109
8.6445889	-0.41507601
8.6545709	-0.41604226
8.6645529	-0.41700965
8.6745349	-0.41797819
8.6845169	-0.41894788
8.6944989	-0.41991871
8.7044809	-0.42089069
8.7144629	-0.42186382
8.7244449	-0.42283809
8.7344269	-0.4238135
8.7444089	-0.42479007
8.7543909	-0.42576778
8.7643729	-0.42674663
8.7743549	-0.42772663
8.7843369	-0.42870778
8.7943189	-0.42969008
8.8043009	-0.43067352
8.8142829	-0.43165811
8.8242649	-0.43264385
8.8342468	-0.43363073
8.8442288	-0.43461876
8.8542108	-0.43560794
8.8641928	-0.43659827
8.8741748	-0.43758974
8.8841568	-0.43858236
8.8941388	-0.43957613
8.9041208	-0.44057104
8.9141028	-0.44156711
8.9240848	-0.44256432
8.9340668	-0.44356268
8.9440488	-0.44456219
8.9540308	-0.44556284
8.9640128	-0.44656465
8.9739948	-0.4475676
8.9839768	-0.4485717
8.9939588	-0.44957695
9.0039408	-0.45058335
9.0139228	-0.45159089
9.0239048	-0.45259959
9.0338868	-0.45360943
9.0438688	-0.45462043
9.0538508	-0.45563257
9.0638328	-0.45664586
9.0738148	-0.4576603
9.0837968	-0.45867589
9.0937788	-0.45969263
9.1037608	-0.46071052
9.1137427	-0.46172956
9.1237247	-0.46274975
9.1337067	-0.46377109
9.1436887	-0.46479357
9.1536707	-0.46581721
9.1636527	-0.466842
9.1736347	-0.46786794
9.1836167	-0.46889503
9.1935987	-0.46992327
9.2035807	-0.47095266
9.2135627	-0.4719832
9.2235447	-0.47301489
9.2335267	-0.47404773
9.2435087	-0.47508172
9.2534907	-0.47611686
9.2634727	-0.47715315
9.2734547	-0.4781906
9.2834367	-0.47922919
9.2934187	-0.48026894
9.3034007	-0.48130984
9.3133827	-0.48235189
9.3233647	-0.48339509
9.3333467	-0.48443944
9.3433287	-0.48548495
9.3533107	-0.4865316
9.3632927	-0.48757941
9.3732747	-0.48862837
9.3832567	-0.48967848
9.3932386	-0.49072975
9.4032206	-0.49178216
9.4132026	-0.49283573
9.4231846	-0.49389045
9.4331666	-0.49494632
9.4431486	-0.49600335
9.4531306	-0.49706153
9.4631126	-0.49812086
9.4730946	-0.49918134
9.4830766	-0.50024298
9.4930586	-0.50130577
9.5030406	-0.50236971
9.5130226	-0.50343481
9.5230046	-0.50450106
9.5329866	-0.50556846
9.5429686	-0.50663701
9.5529506	-0.50770672
9.5629326	-0.50877759
9.5729146	-0.5098496
9.5828966	-0.51092277
9.5928786	-0.5119971
9.6028606	-0.51307258
9.6128426	-0.51414921
9.6228246	-0.515227
9.6328066	-0.51630594
9.6427886	-0.51738603
9.6527706	-0.51846728
9.6627526	-0.51954969
9.6727345	-0.52063325
9.6827165	-0.52171796
9.6926985	-0.52280383
9.7026805	-0.52389085
9.7126625	-0.52497903
9.7226445	-0.52606836
9.7326265	-0.52715885
9.7426085	-0.52825049
9.7525905	-0.52934329
9.7625725	-0.53043724
9.7725545	-0.53153235
9.7825365	-0.53262862
9.7925185	-0.53372604
9.8025005	-0.53482462
9.8124825	-0.53592435
9.8224645	-0.53702524
9.8324465	-0.53812728
9.8424285	-0.53923048
9.8524105	-0.54033484
9.8623925	-0.54144035
9.8723745	-0.54254702
9.8823565	-0.54365484
9.8923385	-0.54476383
9.9023205	-0.54587396
9.9123025	-0.54698526
9.9222845	-0.54809771
9.9322665	-0.54921132
9.9422484	-0.55032609
9.9522304	-0.55144201
9.9622124	-0.55255909
9.9721944	-0.55367733
9.9821764	-0.55479672
9.9921584	-0.55591727
10.00214	-0.55703898
10.012122	-0.55816185
10.022104	-0.55928588
10.032086	-0.56041106
10.042068	-0.5615374
10.05205	-0.5626649
10.062032	-0.56379355
10.072014	-0.56492337
10.081996	-0.56605434
10.091978	-0.56718647
10.10196	-0.56831976
10.111942	-0.56945421
10.121924	-0.57058981
10.131906	-0.57172658
10.141888	-0.5728645
10.15187	-0.57400359
10.161852	-0.57514383
10.171834	-0.57628523
10.181816	-0.57742779
10.191798	-0.57857151
10.20178	-0.57971638
10.211762	-0.58086242
10.221744	-0.58200962
10.231726	-0.58315797
10.241708	-0.58430749
10.25169	-0.58545816
10.261672	-0.58661
10.271654	-0.58776299
10.281636	-0.58891715
10.291618	-0.59007246
10.3016	-0.59122894
10.311582	-0.59238657
10.321564	-0.59354537
10.331546	-0.59470533
10.341528	-0.59586644
10.35151	-0.59702872
10.361492	-0.59819216
10.371474	-0.59935675
10.381456	-0.60052251
10.391438	-0.60168943
10.40142	-0.60285751
10.411402	-0.60402676
10.421384	-0.60519716
10.431366	-0.60636872
10.441348	-0.60754145
10.45133	-0.60871534
10.461312	-0.60989038
10.471294	-0.61106659
10.481276	-0.61224397
10.491258	-0.6134225
10.50124	-0.61460219
10.511222	-0.61578305
10.521204	-0.61696507
10.531186	-0.61814825
10.541168	-0.6193326
10.55115	-0.6205181
10.561132	-0.62170477
10.571114	-0.6228926
10.581096	-0.62408159
10.591078	-0.62527175
10.60106	-0.62646307
10.611042	-0.62765555
10.621024	-0.62884919
10.631006	-0.630044
10.640988	-0.63123997
10.65097	-0.6324371
10.660952	-0.6336354
10.670934	-0.63483486
10.680916	-0.63603548
10.690898	-0.63723726
10.70088	-0.63844021
10.710862	-0.63964433
10.720844	-0.6408496
10.730826	-0.64205604
10.740808	-0.64326365
10.75079	-0.64447242
10.760772	-0.64568235
10.770754	-0.64689345
10.780736	-0.64810571
10.790718	-0.64931913
10.8007	-0.65053372
10.810682	-0.65174948
10.820664	-0.65296639
10.830646	-0.65418448
10.840628	-0.65540373
10.85061	-0.65662414
10.860592	-0.65784572
10.870574	-0.65906846
10.880556	-0.66029237
10.890538	-0.66151744
10.90052	-0.66274368
10.910502	-0.66397108
10.920484	-0.66519965
10.930466	-0.66642938
10.940448	-0.66766028
10.95043	-0.66889234
10.960412	-0.67012558
10.970394	-0.67135997
10.980376	-0.67259553
10.990358	-0.67383226
11.00034	-0.67507016
11.010322	-0.67630922
11.020304	-0.67754944
11.030286	-0.67879084
11.040268	-0.6800334
11.05025	-0.68127712
11.060232	-0.68252201
11.070214	-0.68376807
11.080196	-0.6850153
11.090178	-0.68626369
11.10016	-0.68751325
11.110142	-0.68876398
11.120124	-0.69001587
11.130106	-0.69126893
11.140088	-0.69252316
11.15007	-0.69377855
11.160052	-0.69503511
11.170034	-0.69629284
11.180016	-0.69755174
11.189998	-0.6988118
11.19998	-0.70007303
11.209962	-0.70133543
11.219944	-0.702599
11.229926	-0.70386374
11.239908	-0.70512964
11.24989	-0.70639671
11.259872	-0.70766495
11.269854	-0.70893436
11.279836	-0.71020494
11.289818	-0.71147668
11.2998	-0.71274959
11.309782	-0.71402368
11.319764	-0.71529893
11.329746	-0.71657535
11.339728	-0.71785293
11.34971	-0.71913169
11.359692	-0.72041162
11.369674	-0.72169271
11.379656	-0.72297497
11.389638	-0.72425841
11.39962	-0.72554301
11.409602	-0.72682878
11.419584	-0.72811572
11.429566	-0.72940383
11.439548	-0.73069311
11.44953	-0.73198356
11.459512	-0.73327518
11.469494	-0.73456797
11.479476	-0.73586193
11.489458	-0.73715706
11.49944	-0.73845336
11.509422	-0.73975083
11.519404	-0.74104947
11.529386	-0.74234928
11.539368	-0.74365026
11.54935	-0.74495241
11.559332	-0.74625573
11.569314	-0.74756022
11.579296	-0.74886588
11.589278	-0.75017271
11.59926	-0.75148072
11.609242	-0.75278989
11.619224	-0.75410024
11.629206	-0.75541176
11.639188	-0.75672444
11.64917	-0.7580383
11.659152	-0.75935333
11.669134	-0.76066954
11.679116	-0.76198691
11.689098	-0.76330545
11.69908	-0.76462517
11.709062	-0.76594606
11.719044	-0.76726812
11.729026	-0.76859135
11.739008	-0.76991575
11.74899	-0.77124133
11.758972	-0.77256808
11.768954	-0.773896
11.778936	-0.77522509
11.788918	-0.77655535
11.7989	-0.77788679
11.808882	-0.7792194
11.818864	-0.78055318
11.828846	-0.78188814
11.838828	-0.78322426
11.84881	-0.78456156
11.858792	-0.78590004
11.868774	-0.78723968
11.878756	-0.7885805
11.888738	-0.78992249
11.89872	-0.79126566
11.908702	-0.79260999
11.918684	-0.7939555
11.928666	-0.79530219
11.938648	-0.79665005
11.94863	-0.79799908
11.958612	-0.79934928
11.968594	-0.80070066
11.978576	-0.80205321
11.988558	-0.80340694
11.99854	-0.80476184
12.008522	-0.80611791
12.018504	-0.80747516
12.028486	-0.80883358
12.038468	-0.81019318
12.04845	-0.81155395
12.058432	-0.81291589
12.068414	-0.81427901
12.078396	-0.8156433
12.088378	-0.81700877
12.09836	-0.81837542
12.108342	-0.81974323
12.118324	-0.82111222
12.128306	-0.82248239
12.138288	-0.82385373
12.14827	-0.82522625
12.158252	-0.82659994
12.168234	-0.82797481
12.178216	-0.82935085
12.188198	-0.83072807
12.19818	-0.83210646
12.208162	-0.83348602
12.218144	-0.83486677
12.228126	-0.83624869
12.238108	-0.83763178
12.24809	-0.83901605
12.258072	-0.8404015
12.268054	-0.84178812
12.278036	-0.84317591
12.288018	-0.84456489
12.298	-0.84595504
12.307982	-0.84734636
12.317964	-0.84873886
12.327946	-0.85013254
12.337928	-0.8515274
12.34791	-0.85292343
12.357892	-0.85432063
12.367874	-0.85571902
12.377856	-0.85711858
12.387838	-0.85851931
12.39782	-0.85992123
12.407802	-0.86132432
12.417784	-0.86272858
12.427766	-0.86413403
12.437748	-0.86554065
12.44773	-0.86694844
12.457712	-0.86835742
12.467694	-0.86976757
12.477676	-0.8711789
12.487658	-0.87259141
12.49764	-0.87400509
12.507622	-0.87541995
12.517604	-0.87683599
12.527586	-0.87825321
12.537568	-0.8796716
12.54755	-0.88109117
12.557532	-0.88251192
12.567514	-0.88393385
12.577495	-0.88535696
12.587477	-0.88678124
12.597459	-0.8882067
12.607441	-0.88963334
12.617423	-0.89106116
12.627405	-0.89249016
12.637387	-0.89392033
12.647369	-0.89535168
12.657351	-0.89678422
12.667333	-0.89821793
12.677315	-0.89965281
12.687297	-0.90108888
12.697279	-0.90252613
12.707261	-0.90396455
12.717243	-0.90540416
12.727225	-0.90684494
12.737207	-0.9082869
12.747189	-0.90973004
12.757171	-0.91117436
12.767153	-0.91261986
12.777135	-0.91406654
12.787117	-0.91551439
12.797099	-0.91696343
12.807081	-0.91841365
12.817063	-0.91986504
12.827045	-0.92131762
12.837027	-0.92277137
12.847009	-0.92422631
12.856991	-0.92568242
12.866973	-0.92713972
12.876955	-0.92859819
12.886937	-0.93005784
12.896919	-0.93151868
12.906901	-0.93298069
12.916883	-0.93444389
12.926865	-0.93590826
12.936847	-0.93737381
12.946829	-0.93884055
12.956811	-0.94030846
12.966793	-0.94177756
12.976775	-0.94324784
12.986757	-0.94471929
12.996739	-0.94619193
13.006721	-0.94766575
13.016703	-0.94914075
13.026685	-0.95061692
13.036667	-0.95209429
13.046649	-0.95357283
13.056631	-0.95505255
13.066613	-0.95653345
13.076595	-0.95801554
13.086577	-0.9594988
13.096559	-0.96098325
13.106541	-0.96246888
13.116523	-0.96395569
13.126505	-0.96544368
13.136487	-0.96693285
13.146469	-0.9684232
13.156451	-0.96991474
13.166433	-0.97140745
13.176415	-0.97290135
13.186397	-0.97439643
13.196379	-0.97589269
13.206361	-0.97739014
13.216343	-0.97888876
13.226325	-0.98038857
13.236307	-0.98188956
13.246289	-0.98339173
13.256271	-0.98489509
13.266253	-0.98639962
13.276235	-0.98790534
13.286217	-0.98941224
13.296199	-0.99092033
13.306181	-0.99242959
13.316163	-0.99394004
13.326145	-0.99545167
13.336127	-0.99696448
13.346109	-0.99847848
13.356091	-0.99999366
13.366073	-1.00151
13.376055	-1.0030276
13.386037	-1.0045463
13.396019	-1.0060662
13.406001	-1.0075873
13.415983	-1.0091096
13.425965	-1.010633
13.435947	-1.0121577
13.445929	-1.0136835
13.455911	-1.0152105
13.465893	-1.0167387
13.475875	-1.0182681
13.485857	-1.0197986
13.495839	-1.0213304
13.505821	-1.0228633
13.515803	-1.0243974
13.525785	-1.0259327
13.535767	-1.0274692
13.545749	-1.0290068
13.555731	-1.0305457
13.565713	-1.0320857
13.575695	-1.0336269
13.585677	-1.0351693
13.595659	-1.0367129
13.605641	-1.0382577
13.615623	-1.0398036
13.625605	-1.0413507
13.635587	-1.0428991
13.645569	-1.0444486
13.655551	-1.0459992
13.665533	-1.0475511
13.675515	-1.0491042
13.685497	-1.0506584
13.695479	-1.0522138
13.705461	-1.0537704
13.715443	-1.0553282
13.725425	-1.0568872
13.735407	-1.0584474
13.745389	-1.0600087
13.755371	-1.0615712
13.765353	-1.063135
13.775335	-1.0646999
13.785317	-1.0662659
13.795299	-1.0678332
13.805281	-1.0694017
13.815263	-1.0709713
13.825245	-1.0725421
13.835227	-1.0741141
13.845209	-1.0756873
13.855191	-1.0772617
13.865173	-1.0788373
13.875155	-1.080414
13.885137	-1.081992
13.895119	-1.0835711
13.905101	-1.0851514
13.915083	-1.0867329
13.925065	-1.0883156
13.935047	-1.0898995
13.945029	-1.0914845
13.955011	-1.0930707
13.964993	-1.0946582
13.974975	-1.0962468
13.984957	-1.0978366
13.994939	-1.0994275
14.004921	-1.1010197
14.014903	-1.1026131
14.024885	-1.1042076
14.034867	-1.1058033
14.044849	-1.1074002
14.054831	-1.1089983
14.064813	-1.1105976
14.074795	-1.1121981
14.084777	-1.1137997
14.094759	-1.1154026
14.104741	-1.1170066
14.114723	-1.1186118
14.124705	-1.1202182
14.134687	-1.1218258
14.144669	-1.1234346
14.154651	-1.1250445
14.164633	-1.1266557
14.174615	-1.128268
14.184597	-1.1298815
14.194579	-1.1314963
14.204561	-1.1331121
14.214543	-1.1347292
14.224525	-1.1363475
14.234507	-1.137967
14.244489	-1.1395876
14.254471	-1.1412094
14.264453	-1.1428324
14.274435	-1.1444566
14.284417	-1.146082
14.294399	-1.1477086
14.304381	-1.1493364
14.314363	-1.1509653
14.324345	-1.1525955
14.334327	-1.1542268
14.344309	-1.1558593
14.354291	-1.157493
14.364273	-1.1591279
14.374255	-1.160764
14.384237	-1.1624012
14.394219	-1.1640397
14.404201	-1.1656793
14.414183	-1.1673201
14.424165	-1.1689622
14.434147	-1.1706054
14.444129	-1.1722498
14.454111	-1.1738953
14.464093	-1.1755421
14.474075	-1.17719
14.484057	-1.1788392
14.494039	-1.1804895
14.504021	-1.182141
14.514003	-1.1837937
14.523985	-1.1854476
14.533967	-1.1871027
14.543949	-1.188759
14.553931	-1.1904164
14.563913	-1.1920751
14.573895	-1.1937349
14.583877	-1.1953959
14.593859	-1.1970581
14.603841	-1.1987215
14.613823	-1.2003861
14.623805	-1.2020519
14.633787	-1.2037189
14.643769	-1.205387
14.653751	-1.2070564
14.663733	-1.2087269
14.673715	-1.2103986
14.683697	-1.2120715
14.693679	-1.2137456
14.703661	-1.2154209
14.713643	-1.2170974
14.723625	-1.218775
14.733607	-1.2204539
14.743589	-1.2221339
14.753571	-1.2238151
14.763553	-1.2254975
14.773535	-1.2271811
14.783517	-1.2288659
14.793499	-1.2305519
14.803481	-1.2322391
14.813463	-1.2339274
14.823445	-1.235617
14.833427	-1.2373077
14.843409	-1.2389996
14.853391	-1.2406928
14.863373	-1.2423871
14.873355	-1.2440826
14.883337	-1.2457792
14.893319	-1.2474771
14.903301	-1.2491762
14.913283	-1.2508764
14.923265	-1.2525779
14.933247	-1.2542805
14.943229	-1.2559843
14.953211	-1.2576893
14.963193	-1.2593955
14.973175	-1.2611029
14.983157	-1.2628115
14.993139	-1.2645212
15.003121	-1.2662322
15.013103	-1.2679443
15.023085	-1.2696577
15.033067	-1.2713722
15.043049	-1.2730879
15.053031	-1.2748048
15.063013	-1.2765229
15.072995	-1.2782422
15.082977	-1.2799626
15.092959	-1.2816843
15.102941	-1.2834071
15.112923	-1.2851312
15.122905	-1.2868564
15.132887	-1.2885828
15.142869	-1.2903104
15.152851	-1.2920392
15.162833	-1.2937692
15.172815	-1.2955004
15.182797	-1.2972328
15.192779	-1.2989663
15.202761	-1.3007011
15.212743	-1.302437
15.222725	-1.3041741
15.232707	-1.3059124
15.242689	-1.3076519
15.252671	-1.3093926
15.262653	-1.3111345
15.272635	-1.3128776
15.282617	-1.3146219
15.292599	-1.3163673
15.302581	-1.318114
15.312563	-1.3198618
15.322545	-1.3216108
15.332527	-1.323361
15.342509	-1.3251125
15.35249	-1.326865
15.362472	-1.3286188
15.372454	-1.3303738
15.382436	-1.33213
15.392418	-1.3338873
15.4024	-1.3356459
15.412382	-1.3374056
15.422364	-1.3391665
15.432346	-1.3409287
15.442328	-1.342692
15.45231	-1.3444565
15.462292	-1.3462222
15.472274	-1.347989
15.482256	-1.3497571
15.492238	-1.3515264
15.50222	-1.3532968
15.512202	-1.3550685
15.522184	-1.3568413
15.532166	-1.3586153
15.542148	-1.3603905
15.55213	-1.3621669
15.562112	-1.3639445
15.572094	-1.3657233
15.582076	-1.3675033
15.592058	-1.3692844
15.60204	-1.3710668
15.612022	-1.3728503
15.622004	-1.3746351
15.631986	-1.376421
15.641968	-1.3782081
15.65195	-1.3799964
15.661932	-1.3817859
15.671914	-1.3835766
15.681896	-1.3853685
15.691878	-1.3871615
15.70186	-1.3889558
15.711842	-1.3907513
15.721824	-1.3925479
15.731806	-1.3943457
15.741788	-1.3961447
15.75177	-1.397945
15.761752	-1.3997464
15.771734	-1.4015489
15.781716	-1.4033527
15.791698	-1.4051577
15.80168	-1.4069639
15.811662	-1.4087712
15.821644	-1.4105798
15.831626	-1.4123895
15.841608	-1.4142004
15.85159	-1.4160126
15.861572	-1.4178259
15.871554	-1.4196404
15.881536	-1.4214561
15.891518	-1.4232729
15.9015	-1.425091
15.911482	-1.4269103
15.921464	-1.4287307
15.931446	-1.4305524
15.941428	-1.4323752
15.95141	-1.4341992
15.961392	-1.4360244
15.971374	-1.4378508
15.981356	-1.4396784
15.991338	-1.4415072
16.00132	-1.4433372
16.011302	-1.4451684
16.021284	-1.4470007
16.031266	-1.4488343
16.041248	-1.450669
16.05123	-1.4525049
16.061212	-1.4543421
16.071194	-1.4561804
16.081176	-1.4580199
16.091158	-1.4598606
16.10114	-1.4617025
16.111122	-1.4635455
16.121104	-1.4653898
16.131086	-1.4672353
16.141068	-1.4690819
16.15105	-1.4709297
16.161032	-1.4727788
16.171014	-1.474629
16.180996	-1.4764804
16.190978	-1.478333
16.20096	-1.4801868
16.210942	-1.4820418
16.220924	-1.4838979
16.230906	-1.4857553
16.240888	-1.4876139
16.25087	-1.4894736
16.260852	-1.4913345
16.270834	-1.4931967
16.280816	-1.49506
16.290798	-1.4969245
16.30078	-1.4987902
16.310762	-1.5006571
16.320744	-1.5025252
16.330726	-1.5043944
16.340708	-1.5062649
16.35069	-1.5081365
16.360672	-1.5100094
16.370654	-1.5118834
16.380636	-1.5137586
16.390618	-1.515635
16.4006	-1.5175126
16.410582	-1.5193914
16.420564	-1.5212714
16.430546	-1.5231526
16.440528	-1.5250349
16.45051	-1.5269185
16.460492	-1.5288032
16.470474	-1.5306892
16.480456	-1.5325763
16.490438	-1.5344646
16.50042	-1.5363541
16.510402	-1.5382448
16.520384	-1.5401367
16.530366	-1.5420298
16.540348	-1.5439241
16.55033	-1.5458195
16.560312	-1.5477162
16.570294	-1.549614
16.580276	-1.551513
16.590258	-1.5534133
16.60024	-1.5553147
16.610222	-1.5572173
16.620204	-1.559121
16.630186	-1.561026
16.640168	-1.5629322
16.65015	-1.5648396
16.660132	-1.5667481
16.670114	-1.5686578
16.680096	-1.5705688
16.690078	-1.5724809
16.70006	-1.5743942
16.710042	-1.5763087
16.720024	-1.5782244
16.730006	-1.5801413
16.739988	-1.5820594
16.74997	-1.5839786
16.759952	-1.5858991
16.769934	-1.5878207
16.779916	-1.5897435
16.789898	-1.5916676
16.79988	-1.5935928
16.809862	-1.5955192
16.819844	-1.5974468
16.829826	-1.5993755
16.839808	-1.6013055
16.84979	-1.6032367
16.859772	-1.605169
16.869754	-1.6071026
16.879736	-1.6090373
16.889718	-1.6109732
16.8997	-1.6129103
16.909682	-1.6148486
16.919664	-1.6167881
16.929646	-1.6187288
16.939628	-1.6206706
16.94961	-1.6226137
16.959592	-1.6245579
16.969574	-1.6265034
16.979556	-1.62845
16.989538	-1.6303978
16.99952	-1.6323468
17.009502	-1.634297
17.019484	-1.6362484
17.029466	-1.6382009
17.039448	-1.6401547
17.04943	-1.6421097
17.059412	-1.6440658
17.069394	-1.6460231
17.079376	-1.6479816
17.089358	-1.6499413
17.09934	-1.6519022
17.109322	-1.6538643
17.119304	-1.6558276
17.129286	-1.6577921
17.139268	-1.6597577
17.14925	-1.6617246
17.159232	-1.6636926
17.169214	-1.6656618
17.179196	-1.6676322
17.189178	-1.6696038
17.19916	-1.6715766
17.209142	-1.6735506
17.219124	-1.6755257
17.229106	-1.6775021
17.239088	-1.6794796
17.24907	-1.6814583
17.259052	-1.6834383
17.269034	-1.6854194
17.279016	-1.6874017
17.288998	-1.6893851
17.29898	-1.6913698
17.308962	-1.6933557
17.318944	-1.6953427
17.328926	-1.6973309
17.338908	-1.6993204
17.34889	-1.701311
17.358872	-1.7033028
17.368854	-1.7052958
17.378836	-1.70729
17.388818	-1.7092853
17.3988	-1.7112819
17.408782	-1.7132796
17.418764	-1.7152785
17.428746	-1.7172787
17.438728	-1.71928
17.44871	-1.7212825
17.458692	-1.7232861
17.468674	-1.725291
17.478656	-1.7272971
17.488638	-1.7293043
17.49862	-1.7313127
17.508602	-1.7333224
17.518584	-1.7353332
17.528566	-1.7373452
17.538548	-1.7393583
17.54853	-1.7413727
17.558512	-1.7433883
17.568494	-1.745405
17.578476	-1.7474229
17.588458	-1.7494421
17.59844	-1.7514624
17.608422	-1.7534839
17.618404	-1.7555066
17.628386	-1.7575304
17.638368	-1.7595555
17.64835	-1.7615817
17.658332	-1.7636091
17.668314	-1.7656378
17.678296	-1.7676676
17.688278	-1.7696986
17.69826	-1.7717307
17.708242	-1.7737641
17.718224	-1.7757986
17.728206	-1.7778344
17.738188	-1.7798713
17.74817	-1.7819094
17.758152	-1.7839487
17.768134	-1.7859892
17.778116	-1.7880309
17.788098	-1.7900737
17.79808	-1.7921178
17.808062	-1.794163
17.818044	-1.7962094
17.828026	-1.798257
17.838008	-1.8003058
17.84799	-1.8023558
17.857972	-1.8044069
17.867954	-1.8064593
17.877936	-1.8085128
17.887918	-1.8105675
17.8979	-1.8126234
17.907882	-1.8146805
17.917864	-1.8167388
17.927846	-1.8187983
17.937828	-1.8208589
17.94781	-1.8229207
17.957792	-1.8249837
17.967774	-1.827048
17.977756	-1.8291133
17.987738	-1.8311799
17.99772	-1.8332477
18.007702	-1.8353166
18.017684	-1.8373867
18.027666	-1.8394581
18.037648	-1.8415306
18.04763	-1.8436042
18.057612	-1.8456791
18.067594	-1.8477552
18.077576	-1.8498324
18.087558	-1.8519108
18.09754	-1.8539904
18.107522	-1.8560712
18.117504	-1.8581532
18.127485	-1.8602364
18.137467	-1.8623207
18.147449	-1.8644062
18.157431	-1.866493
18.167413	-1.8685809
18.177395	-1.8706699
18.187377	-1.8727602
18.197359	-1.8748517
18.207341	-1.8769443
18.217323	-1.8790381
18.227305	-1.8811331
18.237287	-1.8832293
18.247269	-1.8853267
18.257251	-1.8874252
18.267233	-1.889525
18.277215	-1.8916259
18.287197	-1.893728
18.297179	-1.8958313
18.307161	-1.8979357
18.317143	-1.9000414
18.327125	-1.9021482
18.337107	-1.9042563
18.347089	-1.9063655
18.357071	-1.9084759
18.367053	-1.9105874
18.377035	-1.9127002
18.387017	-1.9148141
18.396999	-1.9169292
18.406981	-1.9190455
18.416963	-1.921163
18.426945	-1.9232817
18.436927	-1.9254015
18.446909	-1.9275226
18.456891	-1.9296448
18.466873	-1.9317682
18.476855	-1.9338928
18.486837	-1.9360185
18.496819	-1.9381455
18.506801	-1.9402736
18.516783	-1.9424029
18.526765	-1.9445334
18.536747	-1.9466651
18.546729	-1.9487979
18.556711	-1.9509319
18.566693	-1.9530672
18.576675	-1.9552036
18.586657	-1.9573411
18.596639	-1.9594799
18.606621	-1.9616198
18.616603	-1.963761
18.626585	-1.9659033
18.636567	-1.9680467
18.646549	-1.9701914
18.656531	-1.9723373
18.666513	-1.9744843
18.676495	-1.9766325
18.686477	-1.9787819
18.696459	-1.9809324
18.706441	-1.9830842
18.716423	-1.9852371
18.726405	-1.9873912
18.736387	-1.9895465
18.746369	-1.991703
18.756351	-1.9938606
18.766333	-1.9960195
18.776315	-1.9981795
18.786297	-2.0003407
18.796279	-2.002503
18.806261	-2.0046666
18.816243	-2.0068313
18.826225	-2.0089972
18.836207	-2.0111643
18.846189	-2.0133326
18.856171	-2.015502
18.866153	-2.0176727
18.876135	-2.0198445
18.886117	-2.0220174
18.896099	-2.0241916
18.906081	-2.0263669
18.916063	-2.0285435
18.926045	-2.0307212
18.936027	-2.0329
18.946009	-2.0350801
18.955991	-2.0372613
18.965973	-2.0394437
18.975955	-2.0416273
18.985937	-2.0438121
18.995919	-2.0459981
19.005901	-2.0481852
19.015883	-2.0503735
19.025865	-2.052563
19.035847	-2.0547536
19.045829	-2.0569455
19.055811	-2.0591385
19.065793	-2.0613327
19.075775	-2.063528
19.085757	-2.0657246
19.095739	-2.0679223
19.105721	-2.0701212
19.115703	-2.0723213
19.125685	-2.0745225
19.135667	-2.076725
19.145649	-2.0789286
19.155631	-2.0811333
19.165613	-2.0833393
19.175595	-2.0855464
19.185577	-2.0877547
19.195559	-2.0899642
19.205541	-2.0921749
19.215523	-2.0943867
19.225505	-2.0965998
19.235487	-2.098814
19.245469	-2.1010293
19.255451	-2.1032459
19.265433	-2.1054636
19.275415	-2.1076825
19.285397	-2.1099025
19.295379	-2.1121238
19.305361	-2.1143462
19.315343	-2.1165698
19.325325	-2.1187946
19.335307	-2.1210205
19.345289	-2.1232476
19.355271	-2.1254759
19.365253	-2.1277054
19.375235	-2.1299361
19.385217	-2.1321679
19.395199	-2.1344009
19.405181	-2.136635
19.415163	-2.1388704
19.425145	-2.1411069
19.435127	-2.1433446
19.445109	-2.1455834
19.455091	-2.1478235
19.465073	-2.1500647
19.475055	-2.1523071
19.485037	-2.1545506
19.495019	-2.1567953
19.505001	-2.1590412
19.514983	-2.1612883
19.524965	-2.1635366
19.534947	-2.165786
19.544929	-2.1680366
19.554911	-2.1702883
19.564893	-2.1725413
19.574875	-2.1747954
19.584857	-2.1770507
19.594839	-2.1793071
19.604821	-2.1815648
19.614803	-2.1838236
19.624785	-2.1860835
19.634767	-2.1883447
19.644749	-2.190607
19.654731	-2.1928705
19.664713	-2.1951351
19.674695	-2.197401
19.684677	-2.199668
19.694659	-2.2019361
19.704641	-2.2042055
19.714623	-2.206476
19.724605	-2.2087477
19.734587	-2.2110205
19.744569	-2.2132945
19.754551	-2.2155697
19.764533	-2.2178461
19.774515	-2.2201236
19.784497	-2.2224023
19.794479	-2.2246822
19.804461	-2.2269632
19.814443	-2.2292455
19.824425	-2.2315288
19.834407	-2.2338134
19.844389	-2.2360991
19.854371	-2.238386
19.864353	-2.2406741
19.874335	-2.2429633
19.884317	-2.2452537
19.894299	-2.2475453
19.904281	-2.249838
19.914263	-2.2521319
19.924245	-2.254427
19.934227	-2.2567232
19.944209	-2.2590206
19.954191	-2.2613192
19.964173	-2.2636189
19.974155	-2.2659198
19.984137	-2.2682219
19.994119	-2.2705252
20.004101	-2.2728296
20.014083	-2.2751352
20.024065	-2.2774419
20.034047	-2.2797498
20.044029	-2.2820589
20.054011	-2.2843692
20.063993	-2.2866806
20.073975	-2.2889932
20.083957	-2.2913069
20.093939	-2.2936218
20.103921	-2.2959379
20.113903	-2.2982552
20.123885	-2.3005736
20.133867	-2.3028931
20.143849	-2.3052139
20.153831	-2.3075358
20.163813	-2.3098589
20.173795	-2.3121831
20.183777	-2.3145085
20.193759	-2.3168351
20.203741	-2.3191628
20.213723	-2.3214917
20.223705	-2.3238218
20.233687	-2.326153
20.243669	-2.3284854
20.253651	-2.330819
20.263633	-2.3331537
20.273615	-2.3354896
20.283597	-2.3378266
20.293579	-2.3401648
20.303561	-2.3425042
20.313543	-2.3448448
20.323525	-2.3471865
20.333507	-2.3495293
20.343489	-2.3518734
20.353471	-2.3542185
20.363453	-2.3565649
20.373435	-2.3589124
20.383417	-2.3612611
20.393399	-2.3636109
20.403381	-2.3659619
20.413363	-2.3683141
20.423345	-2.3706674
20.433327	-2.3730219
20.443309	-2.3753776
20.453291	-2.3777344
20.463273	-2.3800924
20.473255	-2.3824515
20.483237	-2.3848118
20.493219	-2.3871733
20.503201	-2.3895359
20.513183	-2.3918997
20.523165	-2.3942646
20.533147	-2.3966307
20.543129	-2.398998
20.553111	-2.4013664
20.563093	-2.403736
20.573075	-2.4061067
20.583057	-2.4084786
20.593039	-2.4108517
20.603021	-2.4132259
20.613003	-2.4156013
20.622985	-2.4179778
20.632967	-2.4203555
20.642949	-2.4227343
20.652931	-2.4251144
20.662913	-2.4274955
20.672895	-2.4298779
20.682877	-2.4322614
20.692859	-2.434646
20.702841	-2.4370318
20.712823	-2.4394188
20.722805	-2.4418069
20.732787	-2.4441962
20.742769	-2.4465866
20.752751	-2.4489782
20.762733	-2.4513709
20.772715	-2.4537648
20.782697	-2.4561599
20.792679	-2.4585561
20.802661	-2.4609535
20.812643	-2.463352
20.822625	-2.4657517
20.832607	-2.4681526
20.842589	-2.4705546
20.852571	-2.4729577
20.862553	-2.475362
20.872535	-2.4777675
20.882517	-2.4801741
20.892498	-2.4825819
20.90248	-2.4849908
20.912462	-2.4874009
20.922444	-2.4898122
20.932426	-2.4922246
20.942408	-2.4946381
20.95239	-2.4970528
20.962372	-2.4994687
20.972354	-2.5018857
20.982336	-2.5043038
20.992318	-2.5067232
21.0023	-2.5091436
21.012282	-2.5115653
21.022264	-2.513988
21.032246	-2.516412
21.042228	-2.5188371
21.05221	-2.5212633
21.062192	-2.5236907
21.072174	-2.5261192
21.082156	-2.5285489
21.092138	-2.5309798
21.10212	-2.5334118
21.112102	-2.5358449
21.122084	-2.5382792
21.132066	-2.5407147
21.142048	-2.5431513
21.15203	-2.545589
21.162012	-2.5480279
21.171994	-2.550468
21.181976	-2.5529092
21.191958	-2.5553515
21.20194	-2.557795
21.211922	-2.5602397
21.221904	-2.5626855
21.231886	-2.5651324
21.241868	-2.5675805
21.25185	-2.5700298
21.261832	-2.5724802
21.271814	-2.5749318
21.281796	-2.5773845
21.291778	-2.5798383
21.30176	-2.5822933
21.311742	-2.5847494
21.321724	-2.5872067
21.331706	-2.5896652
21.341688	-2.5921248
21.35167	-2.5945855
21.361652	-2.5970474
21.371634	-2.5995104
21.381616	-2.6019746
21.391598	-2.6044399
21.40158	-2.6069064
21.411562	-2.609374
21.421544	-2.6118428
21.431526	-2.6143127
21.441508	-2.6167838
21.45149	-2.619256
21.461472	-2.6217293
21.471454	-2.6242038
21.481436	-2.6266794
21.491418	-2.6291562
21.5014	-2.6316342
21.511382	-2.6341132
21.521364	-2.6365934
21.531346	-2.6390748
21.541328	-2.6415573
21.55131	-2.644041
21.561292	-2.6465258
21.571274	-2.6490117
21.581256	-2.6514988
21.591238	-2.653987
21.60122	-2.6564764
21.611202	-2.6589669
21.621184	-2.6614586
21.631166	-2.6639514
21.641148	-2.6664453
21.65113	-2.6689404
21.661112	-2.6714366
21.671094	-2.673934
21.681076	-2.6764325
21.691058	-2.6789321
21.70104	-2.6814329
21.711022	-2.6839349
21.721004	-2.6864379
21.730986	-2.6889421
21.740968	-2.6914475
21.75095	-2.693954
21.760932	-2.6964616
21.770914	-2.6989704
21.780896	-2.7014803
21.790878	-2.7039914
21.80086	-2.7065036
21.810842	-2.7090169
21.820824	-2.7115314
21.830806	-2.714047
21.840788	-2.7165638
21.85077	-2.7190817
21.860752	-2.7216007
21.870734	-2.7241209
21.880716	-2.7266422
21.890698	-2.7291646
21.90068	-2.7316882
21.910662	-2.7342129
21.920644	-2.7367388
21.930626	-2.7392658
21.940608	-2.7417939
21.95059	-2.7443231
21.960572	-2.7468536
21.970554	-2.7493851
21.980536	-2.7519178
21.990518	-2.7544516
22.0005	-2.7569865
22.010482	-2.7595226
22.020464	-2.7620598
22.030446	-2.7645982
22.040428	-2.7671377
22.05041	-2.7696783
22.060392	-2.7722201
22.070374	-2.7747629
22.080356	-2.777307
22.090338	-2.7798521
22.10032	-2.7823984
22.110302	-2.7849459
22.120284	-2.7874944
22.130266	-2.7900441
22.140248	-2.7925949
22.15023	-2.7951469
22.160212	-2.7977
22.170194	-2.8002542
22.180176	-2.8028096
22.190158	-2.8053661
22.20014	-2.8079237
22.210122	-2.8104824
22.220104	-2.8130423
22.230086	-2.8156033
22.240068	-2.8181655
22.25005	-2.8207288
22.260032	-2.8232932
22.270014	-2.8258587
22.279996	-2.8284254
22.289978	-2.8309932
22.29996	-2.8335621
22.309942	-2.8361322
22.319924	-2.8387034
22.329906	-2.8412757
22.339888	-2.8438491
22.34987	-2.8464237
22.359852	-2.8489994
22.369834	-2.8515762
22.379816	-2.8541542
22.389798	-2.8567333
22.39978	-2.8593135
22.409762	-2.8618948
22.419744	-2.8644773
22.429726	-2.8670609
22.439708	-2.8696456
22.44969	-2.8722315
22.459672	-2.8748185
22.469654	-2.8774066
22.479636	-2.8799958
22.489618	-2.8825862
22.4996	-2.8851776
22.509582	-2.8877702
22.519564	-2.890364
22.529546	-2.8929588
22.539528	-2.8955548
22.54951	-2.8981519
22.559492	-2.9007501
22.569474	-2.9033495
22.579456	-2.90595
22.589438	-2.9085516
22.59942	-2.9111543
22.609402	-2.9137582
22.619384	-2.9163631
22.629366	-2.9189692
22.639348	-2.9215764
22.64933	-2.9241848
22.659312	-2.9267942
22.669294	-2.9294048
22.679276	-2.9320165
22.689258	-2.9346294
22.69924	-2.9372433
22.709222	-2.9398584
22.719204	-2.9424746
22.729186	-2.9450919
22.739168	-2.9477103
22.74915	-2.9503299
22.759132	-2.9529505
22.769114	-2.9555723
22.779096	-2.9581952
22.789078	-2.9608193
22.79906	-2.9634444
22.809042	-2.9660707
22.819024	-2.9686981
22.829006	-2.9713266
22.838988	-2.9739562
22.84897	-2.976587
22.858952	-2.9792188
22.868934	-2.9818518
22.878916	-2.9844859
22.888898	-2.9871211
22.89888	-2.9897574
22.908862	-2.9923949
22.918844	-2.9950334
22.928826	-2.9976731
22.938808	-3.0003139
22.94879	-3.0029558
22.958772	-3.0055989
22.968754	-3.008243
22.978736	-3.0108883
22.988718	-3.0135346
22.9987	-3.0161821
23.008682	-3.0188307
23.018664	-3.0214804
23.028646	-3.0241313
23.038628	-3.0267832
23.04861	-3.0294362
23.058592	-3.0320904
23.068574	-3.0347457
23.078556	-3.0374021
23.088538	-3.0400596
23.09852	-3.0427182
23.108502	-3.045378
23.118484	-3.0480388
23.128466	-3.0507008
23.138448	-3.0533638
23.14843	-3.056028
23.158412	-3.0586933
23.168394	-3.0613597
23.178376	-3.0640272
23.188358	-3.0666958
23.19834	-3.0693655
23.208322	-3.0720364
23.218304	-3.0747083
23.228286	-3.0773814
23.238268	-3.0800556
23.24825	-3.0827308
23.258232	-3.0854072
23.268214	-3.0880847
23.278196	-3.0907633
23.288178	-3.093443
23.29816	-3.0961238
23.308142	-3.0988058
23.318124	-3.1014888
23.328106	-3.1041729
23.338088	-3.1068582
23.34807	-3.1095445
23.358052	-3.112232
23.368034	-3.1149205
23.378016	-3.1176102
23.387998	-3.120301
23.39798	-3.1229929
23.407962	-3.1256859
23.417944	-3.1283799
23.427926	-3.1310751
23.437908	-3.1337714
23.44789	-3.1364688
23.457872	-3.1391673
23.467854	-3.1418669
23.477836	-3.1445677
23.487818	-3.1472695
23.4978	-3.1499724
23.507782	-3.1526764
23.517764	-3.1553815
23.527746	-3.1580878
23.537728	-3.1607951
23.54771	-3.1635035
23.557692	-3.166213
23.567674	-3.1689237
23.577656	-3.1716354
23.587638	-3.1743482
23.59762	-3.1770622
23.607602	-3.1797772
23.617584	-3.1824933
23.627566	-3.1852106
23.637548	-3.1879289
23.64753	-3.1906483
23.657512	-3.1933688
23.667493	-3.1960905
23.677475	-3.1988132
23.687457	-3.201537
23.697439	-3.2042619
23.707421	-3.206988
23.717403	-3.2097151
23.727385	-3.2124433
23.737367	-3.2151726
23.747349	-3.217903
23.757331	-3.2206345
23.767313	-3.2233671
23.777295	-3.2261008
23.787277	-3.2288356
23.797259	-3.2315715
23.807241	-3.2343084
23.817223	-3.2370465
23.827205	-3.2397857
23.837187	-3.2425259
23.847169	-3.2452673
23.857151	-3.2480098
23.867133	-3.2507533
23.877115	-3.2534979
23.887097	-3.2562437
23.897079	-3.2589905
23.907061	-3.2617384
23.917043	-3.2644874
23.927025	-3.2672375
23.937007	-3.2699887
23.946989	-3.272741
23.956971	-3.2754943
23.966953	-3.2782488
23.976935	-3.2810044
23.986917	-3.283761
23.996899	-3.2865187
24.006881	-3.2892776
24.016863	-3.2920375
24.026845	-3.2947985
24.036827	-3.2975606
24.046809	-3.3003237
24.056791	-3.303088
24.066773	-3.3058534
24.076755	-3.3086198
24.086737	-3.3113873
24.096719	-3.314156
24.106701	-3.3169257
24.116683	-3.3196965
24.126665	-3.3224683
24.136647	-3.3252413
24.146629	-3.3280154
24.156611	-3.3307905
24.166593	-3.3335667
24.176575	-3.336344
24.186557	-3.3391224
24.196539	-3.3419019
24.206521	-3.3446825
24.216503	-3.3474641
24.226485	-3.3502468
24.236467	-3.3530306
24.246449	-3.3558155
24.256431	-3.3586015
24.266413	-3.3613886
24.276395	-3.3641767
24.286377	-3.366966
24.296359	-3.3697563
24.306341	-3.3725477
24.316323	-3.3753401
24.326305	-3.3781337
24.336287	-3.3809283
24.346269	-3.383724
24.356251	-3.3865208
24.366233	-3.3893187
24.376215	-3.3921176
24.386197	-3.3949177
24.396179	-3.3977188
24.406161	-3.400521
24.416143	-3.4033243
24.426125	-3.4061286
24.436107	-3.408934
24.446089	-3.4117405
24.456071	-3.4145481
24.466053	-3.4173568
24.476035	-3.4201665
24.486017	-3.4229773
24.495999	-3.4257892
24.505981	-3.4286022
24.515963	-3.4314162
24.525945	-3.4342314
24.535927	-3.4370475
24.545909	-3.4398648
24.555891	-3.4426832
24.565873	-3.4455026
24.575855	-3.4483231
24.585837	-3.4511446
24.595819	-3.4539673
24.605801	-3.456791
24.615783	-3.4596158
24.625765	-3.4624416
24.635747	-3.4652686
24.645729	-3.4680966
24.655711	-3.4709256
24.665693	-3.4737558
24.675675	-3.476587
24.685657	-3.4794193
24.695639	-3.4822526
24.705621	-3.4850871
24.715603	-3.4879226
24.725585	-3.4907591
24.735567	-3.4935968
24.745549	-3.4964355
24.755531	-3.4992753
24.765513	-3.5021161
24.775495	-3.504958
24.785477	-3.507801
24.795459	-3.5106451
24.805441	-3.5134902
24.815423	-3.5163364
24.825405	-3.5191836
24.835387	-3.5220319
24.845369	-3.5248813
24.855351	-3.5277318
24.865333	-3.5305833
24.875315	-3.5334359
24.885297	-3.5362895
24.895279	-3.5391442
24.905261	-3.542
24.915243	-3.5448568
24.925225	-3.5477148
24.935207	-3.5505737
24.945189	-3.5534338
24.955171	-3.5562949
24.965153	-3.559157
24.975135	-3.5620202
24.985117	-3.5648845
24.995099	-3.5677499
25.005081	-3.5706163
25.015063	-3.5734837
25.025045	-3.5763523
25.035027	-3.5792219
25.045009	-3.5820925
25.054991	-3.5849642
25.064973	-3.587837
25.074955	-3.5907108
25.084937	-3.5935857
25.094919	-3.5964617
25.104901	-3.5993387
25.114883	-3.6022167
25.124865	-3.6050959
25.134847	-3.6079761
25.144829	-3.6108573
25.154811	-3.6137396
25.164793	-3.6166229
25.174775	-3.6195074
25.184757	-3.6223928
25.194739	-3.6252793
25.204721	-3.6281669
25.214703	-3.6310556
25.224685	-3.6339453
25.234667	-3.636836
25.244649	-3.6397278
25.254631	-3.6426206
25.264613	-3.6455146
25.274595	-3.6484095
25.284577	-3.6513055
25.294559	-3.6542026
25.304541	-3.6571007
25.314523	-3.6599999
25.324505	-3.6629001
25.334487	-3.6658014
25.344469	-3.6687037
25.354451	-3.6716071
25.364433	-3.6745115
25.374415	-3.677417
25.384397	-3.6803235
25.394379	-3.6832311
25.404361	-3.6861397
25.414343	-3.6890494
25.424325	-3.6919601
25.434307	-3.6948719
25.444289	-3.6977847
25.454271	-3.7006986
25.464253	-3.7036135
25.474235	-3.7065295
25.484217	-3.7094465
25.494199	-3.7123646
25.504181	-3.7152837
25.514163	-3.7182038
25.524145	-3.721125
25.534127	-3.7240473
25.544109	-3.7269706
25.554091	-3.7298949
25.564073	-3.7328203
25.574055	-3.7357467
25.584037	-3.7386742
25.594019	-3.7416027
25.604001	-3.7445323
25.613983	-3.7474629
25.623965	-3.7503945
25.633947	-3.7533272
25.643929	-3.7562609
25.653911	-3.7591957
25.663893	-3.7621315
25.673875	-3.7650683
25.683857	-3.7680062
25.693839	-3.7709451
25.703821	-3.7738851
25.713803	-3.7768261
25.723785	-3.7797682
25.733767	-3.7827113
25.743749	-3.7856554
25.753731	-3.7886006
25.763713	-3.7915468
25.773695	-3.794494
25.783677	-3.7974423
25.793659	-3.8003916
25.803641	-3.803342
25.813623	-3.8062934
25.823605	-3.8092458
25.833587	-3.8121993
25.843569	-3.8151538
25.853551	-3.8181093
25.863533	-3.8210659
25.873515	-3.8240235
25.883497	-3.8269821
25.893479	-3.8299418
25.903461	-3.8329025
25.913443	-3.8358642
25.923425	-3.838827
25.933407	-3.8417908
25.943389	-3.8447557
25.953371	-3.8477215
25.963353	-3.8506884
25.973335	-3.8536564
25.983317	-3.8566253
25.993299	-3.8595953
26.003281	-3.8625664
26.013263	-3.8655384
26.023245	-3.8685115
26.033227	-3.8714856
26.043209	-3.8744608
26.053191	-3.8774369
26.063173	-3.8804141
26.073155	-3.8833924
26.083137	-3.8863716
26.093119	-3.8893519
26.103101	-3.8923332
26.113083	-3.8953156
26.123065	-3.8982989
26.133047	-3.9012833
26.143029	-3.9042687
26.153011	-3.9072552
26.162993	-3.9102427
26.172975	-3.9132312
26.182957	-3.9162207
26.192939	-3.9192112
26.202921	-3.9222028
26.212903	-3.9251954
26.222885	-3.928189
26.232867	-3.9311836
26.242849	-3.9341793
26.252831	-3.937176
26.262813	-3.9401737
26.272795	-3.9431724
26.282777	-3.9461721
26.292759	-3.9491729
26.302741	-3.9521747
26.312723	-3.9551775
26.322705	-3.9581813
26.332687	-3.9611862
26.342669	-3.9641921
26.352651	-3.9671989
26.362633	-3.9702068
26.372615	-3.9732158
26.382597	-3.9762257
26.392579	-3.9792367
26.402561	-3.9822486
26.412543	-3.9852616
26.422525	-3.9882756
26.432507	-3.9912907
26.442488	-3.9943067
26.45247	-3.9973238
26.462452	-4.0003418
26.472434	-4.0033609
26.482416	-4.006381
26.492398	-4.0094021
26.50238	-4.0124243
26.512362	-4.0154474
26.522344	-4.0184715
26.532326	-4.0214967
26.542308	-4.0245229
26.55229	-4.0275501
26.562272	-4.0305783
26.572254	-4.0336075
26.582236	-4.0366377
26.592218	-4.039669
26.6022	-4.0427012
26.612182	-4.0457345
26.622164	-4.0487687
26.632146	-4.051804
26.642128	-4.0548403
26.65211	-4.0578776
26.662092	-4.0609159
26.672074	-4.0639552
26.682056	-4.0669955
26.692038	-4.0700368
26.70202	-4.0730792
26.712002	-4.0761225
26.721984	-4.0791668
26.731966	-4.0822122
26.741948	-4.0852586
26.75193	-4.0883059
26.761912	-4.0913543
26.771894	-4.0944036
26.781876	-4.097454
26.791858	-4.1005054
26.80184	-4.1035578
26.811822	-4.1066112
26.821804	-4.1096655
26.831786	-4.1127209
26.841768	-4.1157773
26.85175	-4.1188347
26.861732	-4.1218931
26.871714	-4.1249525
26.881696	-4.1280129
26.891678	-4.1310743
26.90166	-4.1341367
26.911642	-4.1372001
26.921624	-4.1402645
26.931606	-4.1433299
26.941588	-4.1463963
26.95157	-4.1494636
26.961552	-4.152532
26.971534	-4.1556014
26.981516	-4.1586718
26.991498	-4.1617432
27.00148	-4.1648155
27.011462	-4.1678889
27.021444	-4.1709633
27.031426	-4.1740386
27.041408	-4.177115
27.05139	-4.1801924
27.061372	-4.1832707
27.071354	-4.18635
27.081336	-4.1894304
27.091318	-4.1925117
27.1013	-4.195594
27.111282	-4.1986773
27.121264	-4.2017616
27.131246	-4.2048469
27.141228	-4.2079332
27.15121	-4.2110205
27.161192	-4.2141087
27.171174	-4.217198
27.181156	-4.2202882
27.191138	-4.2233795
27.20112	-4.2264717
27.211102	-4.2295649
27.221084	-4.2326591
27.231066	-4.2357543
27.241048	-4.2388505
27.25103	-4.2419477
27.261012	-4.2450458
27.270994	-4.248145
27.280976	-4.2512451
27.290958	-4.2543462
27.30094	-4.2574483
27.310922	-4.2605514
27.320904	-4.2636554
27.330886	-4.2667605
27.340868	-4.2698665
27.35085	-4.2729736
27.360832	-4.2760816
27.370814	-4.2791905
27.380796	-4.2823005
27.390778	-4.2854115
27.40076	-4.2885234
27.410742	-4.2916363
27.420724	-4.2947502
27.430706	-4.2978651
27.440688	-4.3009809
27.45067	-4.3040978
27.460652	-4.3072156
27.470634	-4.3103344
27.480616	-4.3134542
27.490598	-4.3165749
27.50058	-4.3196967
27.510562	-4.3228194
27.520544	-4.325943
27.530526	-4.3290677
27.540508	-4.3321934
27.55049	-4.33532
27.560472	-4.3384476
27.570454	-4.3415761
27.580436	-4.3447057
27.590418	-4.3478362
27.6004	-4.3509677
27.610382	-4.3541002
27.620364	-4.3572336
27.630346	-4.360368
27.640328	-4.3635034
27.65031	-4.3666398
27.660292	-4.3697771
27.670274	-4.3729154
27.680256	-4.3760547
27.690238	-4.3791949
27.70022	-4.3823362
27.710202	-4.3854783
27.720184	-4.3886215
27.730166	-4.3917656
27.740148	-4.3949107
27.75013	-4.3980568
27.760112	-4.4012038
27.770094	-4.4043518
27.780076	-4.4075008
27.790058	-4.4106508
27.80004	-4.4138017
27.810022	-4.4169535
27.820004	-4.4201064
27.829986	-4.4232602
27.839968	-4.426415
27.84995	-4.4295707
27.859932	-4.4327274
27.869914	-4.4358851
27.879896	-4.4390437
27.889878	-4.4422033
27.89986	-4.4453638
27.909842	-4.4485254
27.919824	-4.4516878
27.929806	-4.4548513
27.939788	-4.4580157
27.94977	-4.4611811
27.959752	-4.4643474
27.969734	-4.4675147
27.979716	-4.4706829
27.989698	-4.4738521
27.99968	-4.4770223
28.009662	-4.4801934
28.019644	-4.4833655
28.029626	-4.4865386
28.039608	-4.4897126
28.04959	-4.4928875
28.059572	-4.4960635
28.069554	-4.4992403
28.079536	-4.5024182
28.089518	-4.505597
28.0995	-4.5087767
28.109482	-4.5119574
28.119464	-4.5151391
28.129446	-4.5183217
28.139428	-4.5215052
28.14941	-4.5246897
28.159392	-4.5278752
28.169374	-4.5310616
28.179356	-4.534249
28.189338	-4.5374373
28.19932	-4.5406266
28.209302	-4.5438168
28.219284	-4.547008
28.229266	-4.5502002
28.239248	-4.5533932
28.24923	-4.5565873
28.259212	-4.5597823
28.269194	-4.5629782
28.279176	-4.5661751
28.289158	-4.5693729
28.29914	-4.5725717
28.309122	-4.5757714
28.319104	-4.5789721
28.329086	-4.5821737
28.339068	-4.5853763
28.34905	-4.5885798
28.359032	-4.5917842
28.369014	-4.5949896
28.378996	-4.598196
28.388978	-4.6014033
28.39896	-4.6046115
28.408942	-4.6078207
28.418924	-4.6110308
28.428906	-4.6142419
28.438888	-4.6174539
28.44887	-4.6206669
28.458852	-4.6238807
28.468834	-4.6270956
28.478816	-4.6303114
28.488798	-4.6335281
28.49878	-4.6367457
28.508762	-4.6399643
28.518744	-4.6431839
28.528726	-4.6464043
28.538708	-4.6496257
28.54869	-4.6528481
28.558672	-4.6560714
28.568654	-4.6592956
28.578636	-4.6625208
28.588618	-4.6657469
28.5986	-4.6689739
28.608582	-4.6722019
28.618564	-4.6754308
28.628546	-4.6786606
28.638528	-4.6818914
28.64851	-4.6851231
28.658492	-4.6883558
28.668474	-4.6915894
28.678456	-4.6948239
28.688438	-4.6980593
28.69842	-4.7012957
28.708402	-4.704533
28.718384	-4.7077713
28.728366	-4.7110104
28.738348	-4.7142505
28.74833	-4.7174916
28.758312	-4.7207335
28.768294	-4.7239764
28.778276	-4.7272203
28.788258	-4.730465
28.79824	-4.7337107
28.808222	-4.7369573
28.818204	-4.7402048
28.828186	-4.7434533
28.838168	-4.7467027
28.84815	-4.749953
28.858132	-4.7532042
28.868114	-4.7564564
28.878096	-4.7597095
28.888078	-4.7629635
28.89806	-4.7662185
28.908042	-4.7694743
28.918024	-4.7727311
28.928006	-4.7759888
28.937988	-4.7792475
28.94797	-4.782507
28.957952	-4.7857675
28.967934	-4.7890289
28.977916	-4.7922912
28.987898	-4.7955545
28.99788	-4.7988187
29.007862	-4.8020837
29.017844	-4.8053497
29.027826	-4.8086167
29.037808	-4.8118845
29.04779	-4.8151533
29.057772	-4.8184229
29.067754	-4.8216935
29.077736	-4.8249651
29.087718	-4.8282375
29.0977	-4.8315108
29.107682	-4.8347851
29.117664	-4.8380603
29.127646	-4.8413364
29.137628	-4.8446134
29.14761	-4.8478913
29.157592	-4.8511701
29.167574	-4.8544499
29.177556	-4.8577306
29.187538	-4.8610121
29.19752	-4.8642946
29.207502	-4.867578
29.217483	-4.8708623
29.227465	-4.8741476
29.237447	-4.8774337
29.247429	-4.8807207
29.257411	-4.8840087
29.267393	-4.8872975
29.277375	-4.8905873
29.287357	-4.893878
29.297339	-4.8971696
29.307321	-4.9004621
29.317303	-4.9037555
29.327285	-4.9070498
29.337267	-4.910345
29.347249	-4.9136412
29.357231	-4.9169382
29.367213	-4.9202361
29.377195	-4.923535
29.387177	-4.9268347
29.397159	-4.9301354
29.407141	-4.9334369
29.417123	-4.9367394
29.427105	-4.9400427
29.437087	-4.943347
29.447069	-4.9466522
29.457051	-4.9499582
29.467033	-4.9532652
29.477015	-4.9565731
29.486997	-4.9598818
29.496979	-4.9631915
29.506961	-4.9665021
29.516943	-4.9698135
29.526925	-4.9731259
29.536907	-4.9764392
29.546889	-4.9797533
29.556871	-4.9830684
29.566853	-4.9863843
29.576835	-4.9897012
29.586817	-4.993019
29.596799	-4.9963376
29.606781	-4.9996571
29.616763	-5.0029776
29.626745	-5.0062989
29.636727	-5.0096211
29.646709	-5.0129443
29.656691	-5.0162683
29.666673	-5.0195932
29.676655	-5.022919
29.686637	-5.0262457
29.696619	-5.0295733
29.706601	-5.0329017
29.716583	-5.0362311
29.726565	-5.0395614
29.736547	-5.0428925
29.746529	-5.0462245
29.756511	-5.0495575
29.766493	-5.0528913
29.776475	-5.056226
29.786457	-5.0595616
29.796439	-5.0628981
29.806421	-5.0662354
29.816403	-5.0695737
29.826385	-5.0729128
29.836367	-5.0762528
29.846349	-5.0795938
29.856331	-5.0829356
29.866313	-5.0862782
29.876295	-5.0896218
29.886277	-5.0929663
29.896259	-5.0963116
29.906241	-5.0996578
29.916223	-5.1030049
29.926205	-5.1063529
29.936187	-5.1097017
29.946169	-5.1130515
29.956151	-5.1164021
29.966133	-5.1197536
29.976115	-5.123106
29.986097	-5.1264593
29.996079	-5.1298134
30.006061	-5.1331684
30.016043	-5.1365243
30.026025	-5.1398811
30.036007	-5.1432388
30.045989	-5.1465973
30.055971	-5.1499567
30.065953	-5.153317
30.075935	-5.1566782
30.085917	-5.1600402
30.095899	-5.1634031
30.105881	-5.1667669
30.115863	-5.1701316
30.125845	-5.1734971
30.135827	-5.1768636
30.145809	-5.1802308
30.155791	-5.183599
30.165773	-5.186968
30.175755	-5.1903379
30.185737	-5.1937087
30.195719	-5.1970803
30.205701	-5.2004529
30.215683	-5.2038262
30.225665	-5.2072005
30.235647	-5.2105756
30.245629	-5.2139516
30.255611	-5.2173285
30.265593	-5.2207062
30.275575	-5.2240848
30.285557	-5.2274642
30.295539	-5.2308446
30.305521	-5.2342258
30.315503	-5.2376078
30.325485	-5.2409908
30.335467	-5.2443746
30.345449	-5.2477592
30.355431	-5.2511447
30.365413	-5.2545311
30.375395	-5.2579184
30.385377	-5.2613065
30.395359	-5.2646954
30.405341	-5.2680853
30.415323	-5.271476
30.425305	-5.2748675
30.435287	-5.2782599
30.445269	-5.2816532
30.455251	-5.2850474
30.465233	-5.2884424
30.475215	-5.2918382
30.485197	-5.2952349
30.495179	-5.2986325
30.505161	-5.3020309
30.515143	-5.3054302
30.525125	-5.3088304
30.535107	-5.3122314
30.545089	-5.3156332
30.555071	-5.3190359
30.565053	-5.3224395
30.575035	-5.3258439
30.585017	-5.3292492
30.594999	-5.3326553
30.604981	-5.3360623
30.614963	-5.3394702
30.624945	-5.3428788
30.634927	-5.3462884
30.644909	-5.3496988
30.654891	-5.35311
30.664873	-5.3565221
30.674855	-5.3599351
30.684837	-5.3633489
30.694819	-5.3667635
30.704801	-5.370179
30.714783	-5.3735953
30.724765	-5.3770125
30.734747	-5.3804306
30.744729	-5.3838495
30.754711	-5.3872692
30.764693	-5.3906898
30.774675	-5.3941112
30.784657	-5.3975335
30.794639	-5.4009566
30.804621	-5.4043806
30.814603	-5.4078054
30.824585	-5.411231
30.834567	-5.4146575
30.844549	-5.4180848
30.854531	-5.421513
30.864513	-5.424942
30.874495	-5.4283719
30.884477	-5.4318026
30.894459	-5.4352342
30.904441	-5.4386665
30.914423	-5.4420998
30.924405	-5.4455338
30.934387	-5.4489687
30.944369	-5.4524045
30.954351	-5.4558411
30.964333	-5.4592785
30.974315	-5.4627168
30.984297	-5.4661558
30.994279	-5.4695958
31.004261	-5.4730365
31.014243	-5.4764781
31.024225	-5.4799206
31.034207	-5.4833639
31.044189	-5.486808
31.054171	-5.4902529
31.064153	-5.4936987
31.074135	-5.4971453
31.084117	-5.5005927
31.094099	-5.504041
31.104081	-5.5074901
31.114063	-5.5109401
31.124045	-5.5143908
31.134027	-5.5178424
31.144009	-5.5212949
31.153991	-5.5247481
31.163973	-5.5282022
31.173955	-5.5316571
31.183937	-5.5351129
31.193919	-5.5385694
31.203901	-5.5420268
31.213883	-5.5454851
31.223865	-5.5489441
31.233847	-5.552404
31.243829	-5.5558647
31.253811	-5.5593262
31.263793	-5.5627886
31.273775	-5.5662518
31.283757	-5.5697158
31.293739	-5.5731806
31.303721	-5.5766463
31.313703	-5.5801127
31.323685	-5.58358
31.333667	-5.5870481
31.343649	-5.5905171
31.353631	-5.5939868
31.363613	-5.5974574
31.373595	-5.6009288
31.383577	-5.604401
31.393559	-5.6078741
31.403541	-5.6113479
31.413523	-5.6148226
31.423505	-5.6182981
31.433487	-5.6217744
31.443469	-5.6252515
31.453451	-5.6287295
31.463433	-5.6322082
31.473415	-5.6356878
31.483397	-5.6391682
31.493379	-5.6426494
31.503361	-5.6461314
31.513343	-5.6496143
31.523325	-5.6530979
31.533307	-5.6565824
31.543289	-5.6600677
31.553271	-5.6635537
31.563253	-5.6670406
31.573235	-5.6705284
31.583217	-5.6740169
31.593199	-5.6775062
31.603181	-5.6809963
31.613163	-5.6844873
31.623145	-5.6879791
31.633127	-5.6914716
31.643109	-5.694965
31.653091	-5.6984592
31.663073	-5.7019542
31.673055	-5.70545
31.683037	-5.7089466
31.693019	-5.712444
31.703001	-5.7159422
31.712983	-5.7194412
31.722965	-5.722941
31.732947	-5.7264417
31.742929	-5.7299431
31.752911	-5.7334453
31.762893	-5.7369484
31.772875	-5.7404522
31.782857	-5.7439569
31.792839	-5.7474623
31.802821	-5.7509685
31.812803	-5.7544756
31.822785	-5.7579834
31.832767	-5.7614921
31.842749	-5.7650015
31.852731	-5.7685118
31.862713	-5.7720228
31.872695	-5.7755347
31.882677	-5.7790473
31.892659	-5.7825607
31.902641	-5.786075
31.912623	-5.78959
31.922605	-5.7931058
31.932587	-5.7966224
31.942569	-5.8001399
31.952551	-5.8036581
31.962533	-5.8071771
31.972515	-5.8106969
31.982496	-5.8142174
31.992478	-5.8177388
32.00246	-5.821261
32.012442	-5.824784
32.022424	-5.8283077
32.032406	-5.8318323
32.042388	-5.8353576
32.05237	-5.8388837
32.062352	-5.8424107
32.072334	-5.8459384
32.082316	-5.8494669
32.092298	-5.8529961
32.10228	-5.8565262
32.112262	-5.8600571
32.122244	-5.8635887
32.132226	-5.8671212
32.142208	-5.8706544
32.15219	-5.8741884
32.162172	-5.8777232
32.172154	-5.8812587
32.182136	-5.8847951
32.192118	-5.8883322
32.2021	-5.8918702
32.212082	-5.8954089
32.222064	-5.8989484
32.232046	-5.9024886
32.242028	-5.9060297
32.25201	-5.9095715
32.261992	-5.9131141
32.271974	-5.9166575
32.281956	-5.9202017
32.291938	-5.9237467
32.30192	-5.9272924
32.311902	-5.9308389
32.321884	-5.9343862
32.331866	-5.9379343
32.341848	-5.9414831
32.35183	-5.9450327
32.361812	-5.9485831
32.371794	-5.9521343
32.381776	-5.9556863
32.391758	-5.959239
32.40174	-5.9627925
32.411722	-5.9663467
32.421704	-5.9699018
32.431686	-5.9734576
32.441668	-5.9770142
32.45165	-5.9805716
32.461632	-5.9841297
32.471614	-5.9876886
32.481596	-5.9912483
32.491578	-5.9948087
32.50156	-5.9983699
32.511542	-6.0019319
32.521524	-6.0054947
32.531506	-6.0090582
32.541488	-6.0126225
32.55147	-6.0161876
32.561452	-6.0197534
32.571434	-6.02332
32.581416	-6.0268873
32.591398	-6.0304555
32.60138	-6.0340244
32.611362	-6.037594
32.621344	-6.0411644
32.631326	-6.0447356
32.641308	-6.0483076
32.65129	-6.0518803
32.661272	-6.0554537
32.671254	-6.059028
32.681236	-6.062603
32.691218	-6.0661787
32.7012	-6.0697553
32.711182	-6.0733325
32.721164	-6.0769106
32.731146	-6.0804894
32.741128	-6.0840689
32.75111	-6.0876493
32.761092	-6.0912303
32.771074	-6.0948122
32.781056	-6.0983948
32.791038	-6.1019781
32.80102	-6.1055622
32.811002	-6.1091471
32.820984	-6.1127327
32.830966	-6.116319
32.840948	-6.1199062
32.85093	-6.1234941
32.860912	-6.1270827
32.870894	-6.1306721
32.880876	-6.1342622
32.890858	-6.1378531
32.90084	-6.1414447
32.910822	-6.1450371
32.920804	-6.1486303
32.930786	-6.1522242
32.940768	-6.1558188
32.95075	-6.1594142
32.960732	-6.1630104
32.970714	-6.1666073
32.980696	-6.1702049
32.990678	-6.1738033
33.00066	-6.1774024
33.010642	-6.1810023
33.020624	-6.1846029
33.030606	-6.1882043
33.040588	-6.1918064
33.05057	-6.1954093
33.060552	-6.1990129
33.070534	-6.2026173
33.080516	-6.2062224
33.090498	-6.2098282
33.10048	-6.2134348
33.110462	-6.2170421
33.120444	-6.2206502
33.130426	-6.224259
33.140408	-6.2278686
33.15039	-6.2314789
33.160372	-6.2350899
33.170354	-6.2387017
33.180336	-6.2423142
33.190318	-6.2459274
33.2003	-6.2495414
33.210282	-6.2531562
33.220264	-6.2567716
33.230246	-6.2603878
33.240228	-6.2640048
33.25021	-6.2676224
33.260192	-6.2712409
33.270174	-6.27486
33.280156	-6.2784799
33.290138	-6.2821005
33.30012	-6.2857218
33.310102	-6.2893439
33.320084	-6.2929667
33.330066	-6.2965903
33.340048	-6.3002146
33.35003	-6.3038396
33.360012	-6.3074653
33.369994	-6.3110918
33.379976	-6.314719
33.389958	-6.3183469
33.39994	-6.3219756
33.409922	-6.325605
33.419904	-6.3292351
33.429886	-6.3328659
33.439868	-6.3364975
33.44985	-6.3401298
33.459832	-6.3437628
33.469814	-6.3473966
33.479796	-6.3510311
33.489778	-6.3546663
33.49976	-6.3583022
33.509742	-6.3619389
33.519724	-6.3655762
33.529706	-6.3692143
33.539688	-6.3728532
33.54967	-6.3764927
33.559652	-6.380133
33.569634	-6.383774
33.579616	-6.3874157
33.589598	-6.3910581
33.59958	-6.3947013
33.609562	-6.3983451
33.619544	-6.4019897
33.629526	-6.405635
33.639508	-6.4092811
33.64949	-6.4129278
33.659472	-6.4165753
33.669454	-6.4202235
33.679436	-6.4238723
33.689418	-6.427522
33.6994	-6.4311723
33.709382	-6.4348233
33.719364	-6.4384751
33.729346	-6.4421276
33.739328	-6.4457808
33.74931	-6.4494347
33.759292	-6.4530893
33.769274	-6.4567446
33.779256	-6.4604006
33.789238	-6.4640574
33.79922	-6.4677148
33.809202	-6.471373
33.819184	-6.4750319
33.829166	-6.4786915
33.839148	-6.4823518
33.84913	-6.4860128
33.859112	-6.4896745
33.869094	-6.4933369
33.879076	-6.4970001
33.889058	-6.5006639
33.89904	-6.5043285
33.909022	-6.5079937
33.919004	-6.5116597
33.928986	-6.5153263
33.938968	-6.5189937
33.94895	-6.5226618
33.958932	-6.5263305
33.968914	-6.53
33.978896	-6.5336702
33.988878	-6.5373411
33.99886	-6.5410127
34.008842	-6.544685
34.018824	-6.548358
34.028806	-6.5520316
34.038788	-6.555706
34.04877	-6.5593811
34.058752	-6.5630569
34.068734	-6.5667334
34.078716	-6.5704106
34.088698	-6.5740885
34.09868	-6.5777671
34.108662	-6.5814463
34.118644	-6.5851263
34.128626	-6.588807
34.138608	-6.5924883
34.14859	-6.5961704
34.158572	-6.5998532
34.168554	-6.6035366
34.178536	-6.6072208
34.188518	-6.6109056
34.1985	-6.6145911
34.208482	-6.6182774
34.218464	-6.6219643
34.228446	-6.6256519
34.238428	-6.6293402
34.24841	-6.6330292
34.258392	-6.6367188
34.268374	-6.6404092
34.278356	-6.6441003
34.288338	-6.647792
34.29832	-6.6514845
34.308302	-6.6551776
34.318284	-6.6588714
34.328266	-6.6625659
34.338248	-6.6662611
34.34823	-6.6699569
34.358212	-6.6736535
34.368194	-6.6773507
34.378176	-6.6810487
34.388158	-6.6847473
34.39814	-6.6884466
34.408122	-6.6921465
34.418104	-6.6958472
34.428086	-6.6995485
34.438068	-6.7032506
34.44805	-6.7069533
34.458032	-6.7106567
34.468014	-6.7143607
34.477996	-6.7180655
34.487978	-6.7217709
34.49796	-6.725477
34.507942	-6.7291838
34.517924	-6.7328912
34.527906	-6.7365994
34.537888	-6.7403082
34.54787	-6.7440177
34.557852	-6.7477279
34.567834	-6.7514387
34.577816	-6.7551502
34.587798	-6.7588624
34.59778	-6.7625753
34.607762	-6.7662889
34.617744	-6.7700031
34.627726	-6.773718
34.637708	-6.7774335
34.64769	-6.7811498
34.657672	-6.7848667
34.667654	-6.7885843
34.677636	-6.7923025
34.687618	-6.7960215
34.6976	-6.7997411
34.707582	-6.8034613
34.717564	-6.8071823
34.727546	-6.8109039
34.737528	-6.8146261
34.74751	-6.8183491
34.757491	-6.8220727
34.767473	-6.8257969
34.777455	-6.8295219
34.787437	-6.8332475
34.797419	-6.8369738
34.807401	-6.8407007
34.817383	-6.8444283
34.827365	-6.8481566
34.837347	-6.8518855
34.847329	-6.8556151
34.857311	-6.8593453
34.867293	-6.8630763
34.877275	-6.8668078
34.887257	-6.8705401
34.897239	-6.874273
34.907221	-6.8780065
34.917203	-6.8817408
34.927185	-6.8854756
34.937167	-6.8892112
34.947149	-6.8929474
34.957131	-6.8966842
34.967113	-6.9004217
34.977095	-6.9041599
34.987077	-6.9078987
34.997059	-6.9116382
35.007041	-6.9153784
35.017023	-6.9191192
35.027005	-6.9228606
35.036987	-6.9266027
35.046969	-6.9303455
35.056951	-6.9340889
35.066933	-6.937833
35.076915	-6.9415777
35.086897	-6.9453231
35.096879	-6.9490691
35.106861	-6.9528158
35.116843	-6.9565631
35.126825	-6.9603111
35.136807	-6.9640597
35.146789	-6.967809
35.156771	-6.9715589
35.166753	-6.9753095
35.176735	-6.9790607
35.186717	-6.9828126
35.196699	-6.9865651
35.206681	-6.9903183
35.216663	-6.9940721
35.226645	-6.9978265
35.236627	-7.0015816
35.246609	-7.0053374
35.256591	-7.0090938
35.266573	-7.0128508
35.276555	-7.0166085
35.286537	-7.0203668
35.296519	-7.0241258
35.306501	-7.0278854
35.316483	-7.0316456
35.326465	-7.0354065
35.336447	-7.0391681
35.346429	-7.0429302
35.356411	-7.046693
35.366393	-7.0504565
35.376375	-7.0542206
35.386357	-7.0579853
35.396339	-7.0617507
35.406321	-7.0655167
35.416303	-7.0692833
35.426285	-7.0730506
35.436267	-7.0768185
35.446249	-7.0805871
35.456231	-7.0843563
35.466213	-7.0881261
35.476195	-7.0918966
35.486177	-7.0956676
35.496159	-7.0994394
35.506141	-7.1032117
35.516123	-7.1069847
35.526105	-7.1107583
35.536087	-7.1145326
35.546069	-7.1183075
35.556051	-7.122083
35.566033	-7.1258592
35.576015	-7.1296359
35.585997	-7.1334133
35.595979	-7.1371914
35.605961	-7.14097
35.615943	-7.1447493
35.625925	-7.1485293
35.635907	-7.1523098
35.645889	-7.156091
35.655871	-7.1598728
35.665853	-7.1636552
35.675835	-7.1674383
35.685817	-7.1712219
35.695799	-7.1750062
35.705781	-7.1787912
35.715763	-7.1825767
35.725745	-7.1863629
35.735727	-7.1901497
35.745709	-7.1939371
35.755691	-7.1977251
35.765673	-7.2015138
35.775655	-7.2053031
35.785637	-7.209093
35.795619	-7.2128835
35.805601	-7.2166747
35.815583	-7.2204664
35.825565	-7.2242588
35.835547	-7.2280518
35.845529	-7.2318454
35.855511	-7.2356396
35.865493	-7.2394345
35.875475	-7.24323
35.885457	-7.247026
35.895439	-7.2508227
35.905421	-7.2546201
35.915403	-7.258418
35.925385	-7.2622165
35.935367	-7.2660157
35.945349	-7.2698154
35.955331	-7.2736158
35.965313	-7.2774168
35.975295	-7.2812184
35.985277	-7.2850206
35.995259	-7.2888235
36.005241	-7.2926269
36.015223	-7.296431
36.025205	-7.3002356
36.035187	-7.3040409
36.045169	-7.3078468
36.055151	-7.3116532
36.065133	-7.3154603
36.075115	-7.319268
36.085097	-7.3230763
36.095079	-7.3268852
36.105061	-7.3306948
36.115043	-7.3345049
36.125025	-7.3383156
36.135007	-7.3421269
36.144989	-7.3459389
36.154971	-7.3497514
36.164953	-7.3535646
36.174935	-7.3573783
36.184917	-7.3611927
36.194899	-7.3650076
36.204881	-7.3688232
36.214863	-7.3726393
36.224845	-7.3764561
36.234827	-7.3802734
36.244809	-7.3840914
36.254791	-7.3879099
36.264773	-7.3917291
36.274755	-7.3955488
36.284737	-7.3993692
36.294719	-7.4031901
36.304701	-7.4070117
36.314683	-7.4108338
36.324665	-7.4146565
36.334647	-7.4184798
36.344629	-7.4223038
36.354611	-7.4261283
36.364593	-7.4299534
36.374575	-7.4337791
36.384557	-7.4376054
36.394539	-7.4414323
36.404521	-7.4452598
36.414503	-7.4490879
36.424485	-7.4529165
36.434467	-7.4567458
36.444449	-7.4605756
36.454431	-7.4644061
36.464413	-7.4682371
36.474395	-7.4720687
36.484377	-7.4759009
36.494359	-7.4797337
36.504341	-7.4835671
36.514323	-7.4874011
36.524305	-7.4912356
36.534287	-7.4950708
36.544269	-7.4989065
36.554251	-7.5027428
36.564233	-7.5065797
36.574215	-7.5104172
36.584197	-7.5142553
36.594179	-7.5180939
36.604161	-7.5219332
36.614143	-7.525773
36.624125	-7.5296134
36.634107	-7.5334544
36.644089	-7.5372959
36.654071	-7.5411381
36.664053	-7.5449808
36.674035	-7.5488241
36.684017	-7.552668
36.693999	-7.5565125
36.703981	-7.5603575
36.713963	-7.5642031
36.723945	-7.5680493
36.733927	-7.5718961
36.743909	-7.5757435
36.753891	-7.5795914
36.763873	-7.5834399
36.773855	-7.587289
36.783837	-7.5911386
36.793819	-7.5949889
36.803801	-7.5988397
36.813783	-7.6026911
36.823765	-7.606543
36.833747	-7.6103955
36.843729	-7.6142486
36.853711	-7.6181023
36.863693	-7.6219565
36.873675	-7.6258114
36.883657	-7.6296667
36.893639	-7.6335227
36.903621	-7.6373792
36.913603	-7.6412363
36.923585	-7.645094
36.933567	-7.6489522
36.943549	-7.652811
36.953531	-7.6566704
36.963513	-7.6605303
36.973495	-7.6643908
36.983477	-7.6682519
36.993459	-7.6721135
37.003441	-7.6759757
37.013423	-7.6798385
37.023405	-7.6837018
37.033387	-7.6875657
37.043369	-7.6914301
37.053351	-7.6952952
37.063333	-7.6991607
37.073315	-7.7030269
37.083297	-7.7068936
37.093279	-7.7107609
37.103261	-7.7146287
37.113243	-7.7184971
37.123225	-7.722366
37.133207	-7.7262355
37.143189	-7.7301056
37.153171	-7.7339762
37.163153	-7.7378474
37.173135	-7.7417191
37.183117	-7.7455914
37.193099	-7.7494643
37.203081	-7.7533377
37.213063	-7.7572117
37.223045	-7.7610862
37.233027	-7.7649613
37.243009	-7.7688369
37.252991	-7.7727131
37.262973	-7.7765898
37.272955	-7.7804671
37.282937	-7.7843449
37.292919	-7.7882233
37.302901	-7.7921023
37.312883	-7.7959818
37.322865	-7.7998618
37.332847	-7.8037424
37.342829	-7.8076236
37.352811	-7.8115053
37.362793	-7.8153875
37.372775	-7.8192703
37.382757	-7.8231537
37.392739	-7.8270376
37.402721	-7.830922
37.412703	-7.834807
37.422685	-7.8386925
37.432667	-7.8425786
37.442649	-7.8464652
37.452631	-7.8503524
37.462613	-7.8542401
37.472595	-7.8581284
37.482577	-7.8620172
37.492559	-7.8659065
37.502541	-7.8697964
37.512523	-7.8736869
37.522505	-7.8775778
37.532486	-7.8814694
37.542468	-7.8853614
37.55245	-7.889254
37.562432	-7.8931471
37.572414	-7.8970408
37.582396	-7.900935
37.592378	-7.9048298
37.60236	-7.9087251
37.612342	-7.9126209
37.622324	-7.9165173
37.632306	-7.9204142
37.642288	-7.9243116
37.65227	-7.9282096
37.662252	-7.9321081
37.672234	-7.9360072
37.682216	-7.9399068
37.692198	-7.9438069
37.70218	-7.9477076
37.712162	-7.9516087
37.722144	-7.9555105
37.732126	-7.9594127
37.742108	-7.9633155
37.75209	-7.9672188
37.762072	-7.9711227
37.772054	-7.9750271
37.782036	-7.978932
37.792018	-7.9828374
37.802	-7.9867434
37.811982	-7.9906499
37.821964	-7.9945569
37.831946	-7.9984645
37.841928	-8.0023725
37.85191	-8.0062811
37.861892	-8.0101903
37.871874	-8.0141
37.881856	-8.0180101
37.891838	-8.0219209
37.90182	-8.0258321
37.911802	-8.0297439
37.921784	-8.0336562
37.931766	-8.037569
37.941748	-8.0414823
37.95173	-8.0453962
37.961712	-8.0493105
37.971694	-8.0532254
37.981676	-8.0571409
37.991658	-8.0610568
38.00164	-8.0649733
38.011622	-8.0688903
38.021604	-8.0728078
38.031586	-8.0767258
38.041568	-8.0806444
38.05155	-8.0845634
38.061532	-8.088483
38.071514	-8.0924031
38.081496	-8.0963237
38.091478	-8.1002449
38.10146	-8.1041665
38.111442	-8.1080887
38.121424	-8.1120113
38.131406	-8.1159345
38.141388	-8.1198583
38.15137	-8.1237825
38.161352	-8.1277072
38.171334	-8.1316325
38.181316	-8.1355582
38.191298	-8.1394845
38.20128	-8.1434113
38.211262	-8.1473386
38.221244	-8.1512664
38.231226	-8.1551947
38.241208	-8.1591236
38.25119	-8.1630529
38.261172	-8.1669827
38.271154	-8.1709131
38.281136	-8.174844
38.291118	-8.1787753
38.3011	-8.1827072
38.311082	-8.1866396
38.321064	-8.1905725
38.331046	-8.1945059
38.341028	-8.1984398
38.35101	-8.2023742
38.360992	-8.2063091
38.370974	-8.2102446
38.380956	-8.2141805
38.390938	-8.2181169
38.40092	-8.2220539
38.410902	-8.2259913
38.420884	-8.2299292
38.430866	-8.2338677
38.440848	-8.2378066
38.45083	-8.241746
38.460812	-8.245686
38.470794	-8.2496264
38.480776	-8.2535674
38.490758	-8.2575088
38.50074	-8.2614507
38.510722	-8.2653932
38.520704	-8.2693361
38.530686	-8.2732795
38.540668	-8.2772235
38.55065	-8.2811679
38.560632	-8.2851128
38.570614	-8.2890582
38.580596	-8.2930041
38.590578	-8.2969505
38.60056	-8.3008974
38.610542	-8.3048448
38.620524	-8.3087927
38.630506	-8.3127411
38.640488	-8.31669
38.65047	-8.3206393
38.660452	-8.3245892
38.670434	-8.3285395
38.680416	-8.3324904
38.690398	-8.3364417
38.70038	-8.3403935
38.710362	-8.3443458
38.720344	-8.3482986
38.730326	-8.3522519
38.740308	-8.3562057
38.75029	-8.36016
38.760272	-8.3641147
38.770254	-8.3680699
38.780236	-8.3720257
38.790218	-8.3759819
38.8002	-8.3799386
38.810182	-8.3838957
38.820164	-8.3878534
38.830146	-8.3918115
38.840128	-8.3957702
38.85011	-8.3997293
38.860092	-8.4036889
38.870074	-8.407649
38.880056	-8.4116095
38.890038	-8.4155706
38.90002	-8.4195321
38.910002	-8.4234941
38.919984	-8.4274566
38.929966	-8.4314195
38.939948	-8.435383
38.94993	-8.4393469
38.959912	-8.4433113
38.969894	-8.4472762
38.979876	-8.4512415
38.989858	-8.4552074
38.99984	-8.4591737
39.009822	-8.4631405
39.019804	-8.4671077
39.029786	-8.4710755
39.039768	-8.4750437
39.04975	-8.4790124
39.059732	-8.4829815
39.069714	-8.4869512
39.079696	-8.4909213
39.089678	-8.4948919
39.09966	-8.4988629
39.109642	-8.5028345
39.119624	-8.5068065
39.129606	-8.5107789
39.139588	-8.5147519
39.14957	-8.5187253
39.159552	-8.5226992
39.169534	-8.5266735
39.179516	-8.5306483
39.189498	-8.5346236
39.19948	-8.5385994
39.209462	-8.5425756
39.219444	-8.5465523
39.229426	-8.5505294
39.239408	-8.5545071
39.24939	-8.5584852
39.259372	-8.5624637
39.269354	-8.5664427
39.279336	-8.5704222
39.289318	-8.5744022
39.2993	-8.5783826
39.309282	-8.5823635
39.319264	-8.5863448
39.329246	-8.5903266
39.339228	-8.5943089
39.34921	-8.5982916
39.359192	-8.6022748
39.369174	-8.6062584
39.379156	-8.6102425
39.389138	-8.6142271
39.39912	-8.6182121
39.409102	-8.6221976
39.419084	-8.6261836
39.429066	-8.63017
39.439048	-8.6341568
39.44903	-8.6381441
39.459012	-8.6421319
39.468994	-8.6461201
39.478976	-8.6501088
39.488958	-8.654098
39.49894	-8.6580876
39.508922	-8.6620776
39.518904	-8.6660681
39.528886	-8.6700591
39.538868	-8.6740505
39.54885	-8.6780424
39.558832	-8.6820347
39.568814	-8.6860275
39.578796	-8.6900207
39.588778	-8.6940144
39.59876	-8.6980085
39.608742	-8.7020031
39.618724	-8.7059981
39.628706	-8.7099936
39.638688	-8.7139895
39.64867	-8.7179859
39.658652	-8.7219827
39.668634	-8.72598
39.678616	-8.7299777
39.688598	-8.7339759
39.69858	-8.7379745
39.708562	-8.7419735
39.718544	-8.745973
39.728526	-8.749973
39.738508	-8.7539734
39.74849	-8.7579742
39.758472	-8.7619755
39.768454	-8.7659772
39.778436	-8.7699794
39.788418	-8.773982
39.7984	-8.7779851
39.808382	-8.7819886
39.818364	-8.7859925
39.828346	-8.7899969
39.838328	-8.7940017
39.84831	-8.7980069
39.858292	-8.8020126
39.868274	-8.8060188
39.878256	-8.8100254
39.888238	-8.8140324
39.89822	-8.8180398
39.908202	-8.8220477
39.918184	-8.8260561
39.928166	-8.8300648
39.938148	-8.834074
39.94813	-8.8380837
39.958112	-8.8420937
39.968094	-8.8461042
39.978076	-8.8501152
39.988058	-8.8541266
39.99804	-8.8581384
40.008022	-8.8621506
40.018004	-8.8661633
40.027986	-8.8701764
40.037968	-8.8741899
40.04795	-8.8782039
40.057932	-8.8822183
40.067914	-8.8862332
40.077896	-8.8902484
40.087878	-8.8942641
40.09786	-8.8982802
40.107842	-8.9022968
40.117824	-8.9063138
40.127806	-8.9103312
40.137788	-8.914349
40.14777	-8.9183673
40.157752	-8.922386
40.167734	-8.9264051
40.177716	-8.9304247
40.187698	-8.9344446
40.19768	-8.938465
40.207662	-8.9424859
40.217644	-8.9465071
40.227626	-8.9505288
40.237608	-8.9545509
40.24759	-8.9585734
40.257572	-8.9625963
40.267554	-8.9666197
40.277536	-8.9706435
40.287518	-8.9746677
40.297499	-8.9786923
40.307481	-8.9827174
40.317463	-8.9867428
40.327445	-8.9907687
40.337427	-8.994795
40.347409	-8.9988218
40.357391	-9.0028489
40.367373	-9.0068765
40.377355	-9.0109044
40.387337	-9.0149328
40.397319	-9.0189617
40.407301	-9.0229909
40.417283	-9.0270205
40.427265	-9.0310506
40.437247	-9.0350811
40.447229	-9.039112
40.457211	-9.0431433
40.467193	-9.047175
40.477175	-9.0512071
40.487157	-9.0552397
40.497139	-9.0592726
40.507121	-9.063306
40.517103	-9.0673398
40.527085	-9.071374
40.537067	-9.0754086
40.547049	-9.0794436
40.557031	-9.0834791
40.567013	-9.0875149
40.576995	-9.0915511
40.586977	-9.0955878
40.596959	-9.0996249
40.606941	-9.1036623
40.616923	-9.1077002
40.626905	-9.1117385
40.636887	-9.1157772
40.646869	-9.1198163
40.656851	-9.1238558
40.666833	-9.1278957
40.676815	-9.131936
40.686797	-9.1359768
40.696779	-9.1400179
40.706761	-9.1440594
40.716743	-9.1481013
40.726725	-9.1521437
40.736707	-9.1561864
40.746689	-9.1602296
40.756671	-9.1642731
40.766653	-9.168317
40.776635	-9.1723614
40.786617	-9.1764061
40.796599	-9.1804513
40.806581	-9.1844968
40.816563	-9.1885428
40.826545	-9.1925891
40.836527	-9.1966359
40.846509	-9.200683
40.856491	-9.2047305
40.866473	-9.2087785
40.876455	-9.2128268
40.886437	-9.2168755
40.896419	-9.2209247
40.906401	-9.2249742
40.916383	-9.2290241
40.926365	-9.2330744
40.936347	-9.2371251
40.946329	-9.2411762
40.956311	-9.2452277
40.966293	-9.2492796
40.976275	-9.2533319
40.986257	-9.2573845
40.996239	-9.2614376
41.006221	-9.265491
41.016203	-9.2695449
41.026185	-9.2735991
41.036167	-9.2776537
41.046149	-9.2817088
41.056131	-9.2857642
41.066113	-9.28982
41.076095	-9.2938761
41.086077	-9.2979327
41.096059	-9.3019897
41.106041	-9.306047
41.116023	-9.3101047
41.126005	-9.3141629
41.135987	-9.3182214
41.145969	-9.3222802
41.155951	-9.3263395
41.165933	-9.3303992
41.175915	-9.3344592
41.185897	-9.3385196
41.195879	-9.3425805
41.205861	-9.3466416
41.215843	-9.3507032
41.225825	-9.3547652
41.235807	-9.3588275
41.245789	-9.3628902
41.255771	-9.3669533
41.265753	-9.3710168
41.275735	-9.3750807
41.285717	-9.3791449
41.295699	-9.3832096
41.305681	-9.3872746
41.315663	-9.3913399
41.325645	-9.3954057
41.335627	-9.3994718
41.345609	-9.4035383
41.355591	-9.4076052
41.365573	-9.4116725
41.375555	-9.4157402
41.385537	-9.4198082
41.395519	-9.4238766
41.405501	-9.4279453
41.415483	-9.4320145
41.425465	-9.436084
41.435447	-9.4401539
41.445429	-9.4442241
41.455411	-9.4482948
41.465393	-9.4523658
41.475375	-9.4564372
41.485357	-9.4605089
41.495339	-9.4645811
41.505321	-9.4686536
41.515303	-9.4727264
41.525285	-9.4767997
41.535267	-9.4808733
41.545249	-9.4849472
41.555231	-9.4890216
41.565213	-9.4930963
41.575195	-9.4971714
41.585177	-9.5012468
41.595159	-9.5053226
41.605141	-9.5093988
41.615123	-9.5134754
41.625105	-9.5175523
41.635087	-9.5216295
41.645069	-9.5257072
41.655051	-9.5297852
41.665033	-9.5338636
41.675015	-9.5379423
41.684997	-9.5420214
41.694979	-9.5461009
41.704961	-9.5501807
41.714943	-9.5542609
41.724925	-9.5583414
41.734907	-9.5624223
41.744889	-9.5665036
41.754871	-9.5705852
41.764853	-9.5746672
41.774835	-9.5787496
41.784817	-9.5828323
41.794799	-9.5869154
41.804781	-9.5909988
41.814763	-9.5950826
41.824745	-9.5991667
41.834727	-9.6032512
41.844709	-9.6073361
41.854691	-9.6114213
41.864673	-9.6155069
41.874655	-9.6195928
41.884637	-9.6236791
41.894619	-9.6277657
41.904601	-9.6318527
41.914583	-9.6359401
41.924565	-9.6400278
41.934547	-9.6441158
41.944529	-9.6482042
41.954511	-9.652293
41.964493	-9.6563821
41.974475	-9.6604716
41.984457	-9.6645614
41.994439	-9.6686515
42.004421	-9.6727421
42.014403	-9.6768329
42.024385	-9.6809241
42.034367	-9.6850157
42.044349	-9.6891076
42.054331	-9.6931999
42.064313	-9.6972925
42.074295	-9.7013854
42.084277	-9.7054787
42.094259	-9.7095724
42.104241	-9.7136664
42.114223	-9.7177607
42.124205	-9.7218554
42.134187	-9.7259505
42.144169	-9.7300458
42.154151	-9.7341416
42.164133	-9.7382376
42.174115	-9.742334
42.184097	-9.7464308
42.194079	-9.7505279
42.204061	-9.7546253
42.214043	-9.7587231
42.224025	-9.7628212
42.234007	-9.7669197
42.243989	-9.7710185
42.253971	-9.7751176
42.263953	-9.7792171
42.273935	-9.783317
42.283917	-9.7874171
42.293899	-9.7915176
42.303881	-9.7956185
42.313863	-9.7997196
42.323845	-9.8038212
42.333827	-9.807923
42.343809	-9.8120252
42.353791	-9.8161277
42.363773	-9.8202306
42.373755	-9.8243338
42.383737	-9.8284373
42.393719	-9.8325412
42.403701	-9.8366454
42.413683	-9.8407499
42.423665	-9.8448548
42.433647	-9.84896
42.443629	-9.8530656
42.453611	-9.8571714
42.463593	-9.8612776
42.473575	-9.8653842
42.483557	-9.869491
42.493539	-9.8735982
42.503521	-9.8777058
42.513503	-9.8818136
42.523485	-9.8859218
42.533467	-9.8900303
42.543449	-9.8941392
42.553431	-9.8982483
42.563413	-9.9023578
42.573395	-9.9064676
42.583377	-9.9105778
42.593359	-9.9146883
42.603341	-9.9187991
42.613323	-9.9229102
42.623305	-9.9270217
42.633287	-9.9311335
42.643269	-9.9352456
42.653251	-9.939358
42.663233	-9.9434708
42.673215	-9.9475839
42.683197	-9.9516973
42.693179	-9.955811
42.703161	-9.959925
42.713143	-9.9640394
42.723125	-9.9681541
42.733107	-9.9722691
42.743089	-9.9763845
42.753071	-9.9805001
42.763053	-9.9846161
42.773035	-9.9887324
42.783017	-9.992849
42.792999	-9.9969659
42.802981	-10.001083
42.812963	-10.005201
42.822945	-10.009319
42.832927	-10.013437
42.842909	-10.017555
42.852891	-10.021674
42.862873	-10.025793
42.872855	-10.029913
42.882837	-10.034033
42.892819	-10.038153
42.902801	-10.042273
42.912783	-10.046394
42.922765	-10.050515
42.932747	-10.054636
42.942729	-10.058758
42.952711	-10.06288
42.962693	-10.067002
42.972675	-10.071125
42.982657	-10.075248
42.992639	-10.079371
43.002621	-10.083495
43.012603	-10.087618
43.022585	-10.091743
43.032567	-10.095867
43.042549	-10.099992
43.052531	-10.104117
43.062513	-10.108242
43.072494	-10.112368
43.082476	-10.116494
43.092458	-10.12062
43.10244	-10.124747
43.112422	-10.128874
43.122404	-10.133001
43.132386	-10.137129
43.142368	-10.141257
43.15235	-10.145385
43.162332	-10.149513
43.172314	-10.153642
43.182296	-10.157771
43.192278	-10.1619
43.20226	-10.16603
43.212242	-10.17016
43.222224	-10.17429
43.232206	-10.178421
43.242188	-10.182552
43.25217	-10.186683
43.262152	-10.190814
43.272134	-10.194946
43.282116	-10.199078
43.292098	-10.203211
43.30208	-10.207343
43.312062	-10.211476
43.322044	-10.21561
43.332026	-10.219743
43.342008	-10.223877
43.35199	-10.228011
43.361972	-10.232146
43.371954	-10.23628
43.381936	-10.240415
43.391918	-10.244551
43.4019	-10.248686
43.411882	-10.252822
43.421864	-10.256959
43.431846	-10.261095
43.441828	-10.265232
43.45181	-10.269369
43.461792	-10.273506
43.471774	-10.277644
43.481756	-10.281782
43.491738	-10.28592
43.50172	-10.290059
43.511702	-10.294198
43.521684	-10.298337
43.531666	-10.302476
43.541648	-10.306616
43.55163	-10.310756
43.561612	-10.314897
43.571594	-10.319037
43.581576	-10.323178
43.591558	-10.327319
43.60154	-10.331461
43.611522	-10.335602
43.621504	-10.339744
43.631486	-10.343887
43.641468	-10.348029
43.65145	-10.352172
43.661432	-10.356315
43.671414	-10.360459
43.681396	-10.364603
43.691378	-10.368747
43.70136	-10.372891
43.711342	-10.377036
43.721324	-10.381181
43.731306	-10.385326
43.741288	-10.389471
43.75127	-10.393617
43.761252	-10.397763
43.771234	-10.401909
43.781216	-10.406056
43.791198	-10.410203
43.80118	-10.41435
43.811162	-10.418497
43.821144	-10.422645
43.831126	-10.426793
43.841108	-10.430941
43.85109	-10.43509
43.861072	-10.439238
43.871054	-10.443387
43.881036	-10.447537
43.891018	-10.451686
43.901	-10.455836
43.910982	-10.459986
43.920964	-10.464137
43.930946	-10.468288
43.940928	-10.472439
43.95091	-10.47659
43.960892	-10.480742
43.970874	-10.484893
43.980856	-10.489045
43.990838	-10.493198
44.00082	-10.49735
44.010802	-10.501503
44.020784	-10.505657
44.030766	-10.50981
44.040748	-10.513964
44.05073	-10.518118
44.060712	-10.522272
44.070694	-10.526427
44.080676	-10.530581
44.090658	-10.534736
44.10064	-10.538892
44.110622	-10.543047
44.120604	-10.547203
44.130586	-10.551359
44.140568	-10.555516
44.15055	-10.559672
44.160532	-10.563829
44.170514	-10.567987
44.180496	-10.572144
44.190478	-10.576302
44.20046	-10.58046
44.210442	-10.584618
44.220424	-10.588777
44.230406	-10.592935
44.240388	-10.597094
44.25037	-10.601254
44.260352	-10.605413
44.270334	-10.609573
44.280316	-10.613733
44.290298	-10.617894
44.30028	-10.622054
44.310262	-10.626215
44.320244	-10.630376
44.330226	-10.634538
44.340208	-10.638699
44.35019	-10.642861
44.360172	-10.647023
44.370154	-10.651186
44.380136	-10.655349
44.390118	-10.659512
44.4001	-10.663675
44.410082	-10.667838
44.420064	-10.672002
44.430046	-10.676166
44.440028	-10.68033
44.45001	-10.684495
44.459992	-10.688659
44.469974	-10.692824
44.479956	-10.69699
44.489938	-10.701155
44.49992	-10.705321
44.509902	-10.709487
44.519884	-10.713653
44.529866	-10.71782
44.539848	-10.721986
44.54983	-10.726153
44.559812	-10.730321
44.569794	-10.734488
44.579776	-10.738656
44.589758	-10.742824
44.59974	-10.746992
44.609722	-10.751161
44.619704	-10.755329
44.629686	-10.759498
44.639668	-10.763668
44.64965	-10.767837
44.659632	-10.772007
44.669614	-10.776177
44.679596	-10.780347
44.689578	-10.784518
44.69956	-10.788688
44.709542	-10.792859
44.719524	-10.797031
44.729506	-10.801202
44.739488	-10.805374
44.74947	-10.809546
44.759452	-10.813718
44.769434	-10.81789
44.779416	-10.822063
44.789398	-10.826236
44.79938	-10.830409
44.809362	-10.834583
44.819344	-10.838756
44.829326	-10.84293
44.839308	-10.847104
44.84929	-10.851279
44.859272	-10.855453
44.869254	-10.859628
44.879236	-10.863803
44.889218	-10.867979
44.8992	-10.872154
44.909182	-10.87633
44.919164	-10.880506
44.929146	-10.884682
44.939128	-10.888859
44.94911	-10.893036
44.959092	-10.897212
44.969074	-10.90139
44.979056	-10.905567
44.989038	-10.909745
44.99902	-10.913923
45.009002	-10.918101
45.018984	-10.922279
45.028966	-10.926458
45.038948	-10.930637
45.04893	-10.934816
45.058912	-10.938995
45.068894	-10.943175
45.078876	-10.947355
45.088858	-10.951535
45.09884	-10.955715
45.108822	-10.959895
45.118804	-10.964076
45.128786	-10.968257
45.138768	-10.972438
45.14875	-10.97662
45.158732	-10.980801
45.168714	-10.984983
45.178696	-10.989165
45.188678	-10.993347
45.19866	-10.99753
45.208642	-11.001713
45.218624	-11.005896
45.228606	-11.010079
45.238588	-11.014262
45.24857	-11.018446
45.258552	-11.02263
45.268534	-11.026814
45.278516	-11.030998
45.288498	-11.035183
45.29848	-11.039368
45.308462	-11.043553
45.318444	-11.047738
45.328426	-11.051923
45.338408	-11.056109
45.34839	-11.060295
45.358372	-11.064481
45.368354	-11.068667
45.378336	-11.072854
45.388318	-11.077041
45.3983	-11.081228
45.408282	-11.085415
45.418264	-11.089602
45.428246	-11.09379
45.438228	-11.097978
45.44821	-11.102166
45.458192	-11.106354
45.468174	-11.110543
45.478156	-11.114732
45.488138	-11.118921
45.49812	-11.12311
45.508102	-11.127299
45.518084	-11.131489
45.528066	-11.135679
45.538048	-11.139869
45.54803	-11.144059
45.558012	-11.148249
45.567994	-11.15244
45.577976	-11.156631
45.587958	-11.160822
45.59794	-11.165013
45.607922	-11.169205
45.617904	-11.173396
45.627886	-11.177588
45.637868	-11.181781
45.64785	-11.185973
45.657832	-11.190166
45.667814	-11.194358
45.677796	-11.198551
45.687778	-11.202744
45.69776	-11.206938
45.707742	-11.211132
45.717724	-11.215325
45.727706	-11.219519
45.737688	-11.223714
45.74767	-11.227908
45.757652	-11.232103
45.767634	-11.236298
45.777616	-11.240493
45.787598	-11.244688
45.79758	-11.248883
45.807562	-11.253079
45.817544	-11.257275
45.827526	-11.261471
45.837508	-11.265667
45.847489	-11.269864
45.857471	-11.274061
45.867453	-11.278258
45.877435	-11.282455
45.887417	-11.286652
45.897399	-11.290849
45.907381	-11.295047
45.917363	-11.299245
45.927345	-11.303443
45.937327	-11.307641
45.947309	-11.31184
45.957291	-11.316039
45.967273	-11.320238
45.977255	-11.324437
45.987237	-11.328636
45.997219	-11.332836
46.007201	-11.337035
46.017183	-11.341235
46.027165	-11.345435
46.037147	-11.349636
46.047129	-11.353836
46.057111	-11.358037
46.067093	-11.362238
46.077075	-11.366439
46.087057	-11.37064
46.097039	-11.374841
46.107021	-11.379043
46.117003	-11.383245
46.126985	-11.387447
46.136967	-11.391649
46.146949	-11.395852
46.156931	-11.400054
46.166913	-11.404257
46.176895	-11.40846
46.186877	-11.412663
46.196859	-11.416867
46.206841	-11.42107
46.216823	-11.425274
46.226805	-11.429478
46.236787	-11.433682
46.246769	-11.437886
46.256751	-11.442091
46.266733	-11.446296
46.276715	-11.4505
46.286697	-11.454706
46.296679	-11.458911
46.306661	-11.463116
46.316643	-11.467322
46.326625	-11.471528
46.336607	-11.475734
46.346589	-11.47994
46.356571	-11.484146
46.366553	-11.488353
46.376535	-11.49256
46.386517	-11.496767
46.396499	-11.500974
46.406481	-11.505181
46.416463	-11.509388
46.426445	-11.513596
46.436427	-11.517804
46.446409	-11.522012
46.456391	-11.52622
46.466373	-11.530429
46.476355	-11.534637
46.486337	-11.538846
46.496319	-11.543055
46.506301	-11.547264
46.516283	-11.551473
46.526265	-11.555683
46.536247	-11.559892
46.546229	-11.564102
46.556211	-11.568312
46.566193	-11.572522
46.576175	-11.576733
46.586157	-11.580943
46.596139	-11.585154
46.606121	-11.589365
46.616103	-11.593576
46.626085	-11.597787
46.636067	-11.601999
46.646049	-11.60621
46.656031	-11.610422
46.666013	-11.614634
46.675995	-11.618846
46.685977	-11.623058
46.695959	-11.627271
46.705941	-11.631483
46.715923	-11.635696
46.725905	-11.639909
46.735887	-11.644122
46.745869	-11.648336
46.755851	-11.652549
46.765833	-11.656763
46.775815	-11.660977
46.785797	-11.665191
46.795779	-11.669405
46.805761	-11.673619
46.815743	-11.677834
46.825725	-11.682048
46.835707	-11.686263
46.845689	-11.690478
46.855671	-11.694693
46.865653	-11.698909
46.875635	-11.703124
46.885617	-11.70734
46.895599	-11.711556
46.905581	-11.715772
46.915563	-11.719988
46.925545	-11.724204
46.935527	-11.728421
46.945509	-11.732637
46.955491	-11.736854
46.965473	-11.741071
46.975455	-11.745288
46.985437	-11.749506
46.995419	-11.753723
47.005401	-11.757941
47.015383	-11.762159
47.025365	-11.766376
47.035347	-11.770595
47.045329	-11.774813
47.055311	-11.779031
47.065293	-11.78325
47.075275	-11.787469
47.085257	-11.791688
47.095239	-11.795907
47.105221	-11.800126
47.115203	-11.804345
47.125185	-11.808565
47.135167	-11.812785
47.145149	-11.817004
47.155131	-11.821224
47.165113	-11.825445
47.175095	-11.829665
47.185077	-11.833885
47.195059	-11.838106
47.205041	-11.842327
47.215023	-11.846548
47.225005	-11.850769
47.234987	-11.85499
47.244969	-11.859212
47.254951	-11.863433
47.264933	-11.867655
47.274915	-11.871877
47.284897	-11.876099
47.294879	-11.880321
47.304861	-11.884543
47.314843	-11.888766
47.324825	-11.892988
47.334807	-11.897211
47.344789	-11.901434
47.354771	-11.905657
47.364753	-11.90988
47.374735	-11.914104
47.384717	-11.918327
47.394699	-11.922551
47.404681	-11.926775
47.414663	-11.930999
47.424645	-11.935223
47.434627	-11.939447
47.444609	-11.943672
47.454591	-11.947896
47.464573	-11.952121
47.474555	-11.956346
47.484537	-11.960571
47.494519	-11.964796
47.504501	-11.969021
47.514483	-11.973247
47.524465	-11.977472
47.534447	-11.981698
47.544429	-11.985924
47.554411	-11.99015
47.564393	-11.994376
47.574375	-11.998602
47.584357	-12.002829
47.594339	-12.007055
47.604321	-12.011282
47.614303	-12.015509
47.624285	-12.019736
47.634267	-12.023963
47.644249	-12.02819
47.654231	-12.032418
47.664213	-12.036645
47.674195	-12.040873
47.684177	-12.045101
47.694159	-12.049329
47.704141	-12.053557
47.714123	-12.057785
47.724105	-12.062013
47.734087	-12.066242
47.744069	-12.07047
47.754051	-12.074699
47.764033	-12.078928
47.774015	-12.083157
47.783997	-12.087386
47.793979	-12.091616
47.803961	-12.095845
47.813943	-12.100075
47.823925	-12.104304
47.833907	-12.108534
47.843889	-12.112764
47.853871	-12.116994
47.863853	-12.121225
47.873835	-12.125455
47.883817	-12.129686
47.893799	-12.133916
47.903781	-12.138147
47.913763	-12.142378
47.923745	-12.146609
47.933727	-12.15084
47.943709	-12.155071
47.953691	-12.159303
47.963673	-12.163534
47.973655	-12.167766
47.983637	-12.171998
47.993619	-12.17623
48.003601	-12.180462
48.013583	-12.184694
48.023565	-12.188926
48.033547	-12.193159
48.043529	-12.197391
48.053511	-12.201624
48.063493	-12.205857
48.073475	-12.21009
48.083457	-12.214323
48.093439	-12.218556
48.103421	-12.222789
48.113403	-12.227023
48.123385	-12.231256
48.133367	-12.23549
48.143349	-12.239724
48.153331	-12.243958
48.163313	-12.248192
48.173295	-12.252426
48.183277	-12.25666
48.193259	-12.260895
48.203241	-12.265129
48.213223	-12.269364
48.223205	-12.273599
48.233187	-12.277834
48.243169	-12.282069
48.253151	-12.286304
48.263133	-12.290539
48.273115	-12.294774
48.283097	-12.29901
48.293079	-12.303245
48.303061	-12.307481
48.313043	-12.311717
48.323025	-12.315953
48.333007	-12.320189
48.342989	-12.324425
48.352971	-12.328662
48.362953	-12.332898
48.372935	-12.337134
48.382917	-12.341371
48.392899	-12.345608
48.402881	-12.349845
48.412863	-12.354082
48.422845	-12.358319
48.432827	-12.362556
48.442809	-12.366793
48.452791	-12.371031
48.462773	-12.375268
48.472755	-12.379506
48.482737	-12.383744
48.492719	-12.387982
48.502701	-12.39222
48.512683	-12.396458
48.522665	-12.400696
48.532647	-12.404934
48.542629	-12.409173
48.552611	-12.413411
48.562593	-12.41765
48.572575	-12.421889
48.582557	-12.426127
48.592539	-12.430366
48.602521	-12.434605
48.612503	-12.438845
48.622484	-12.443084
48.632466	-12.447323
48.642448	-12.451563
48.65243	-12.455802
48.662412	-12.460042
48.672394	-12.464282
48.682376	-12.468522
48.692358	-12.472762
48.70234	-12.477002
48.712322	-12.481242
48.722304	-12.485483
48.732286	-12.489723
48.742268	-12.493964
48.75225	-12.498204
48.762232	-12.502445
48.772214	-12.506686
48.782196	-12.510927
48.792178	-12.515168
48.80216	-12.519409
48.812142	-12.52365
48.822124	-12.527891
48.832106	-12.532133
48.842088	-12.536374
48.85207	-12.540616
48.862052	-12.544858
48.872034	-12.5491
48.882016	-12.553341
48.891998	-12.557583
48.90198	-12.561826
48.911962	-12.566068
48.921944	-12.57031
48.931926	-12.574553
48.941908	-12.578795
48.95189	-12.583038
48.961872	-12.58728
48.971854	-12.591523
48.981836	-12.595766
48.991818	-12.600009
49.0018	-12.604252
49.011782	-12.608495
49.021764	-12.612738
49.031746	-12.616982
49.041728	-12.621225
49.05171	-12.625469
49.061692	-12.629712
49.071674	-12.633956
49.081656	-12.6382
49.091638	-12.642444
49.10162	-12.646688
49.111602	-12.650932
49.121584	-12.655176
49.131566	-12.65942
49.141548	-12.663665
49.15153	-12.667909
49.161512	-12.672154
49.171494	-12.676398
49.181476	-12.680643
49.191458	-12.684888
49.20144	-12.689132
49.211422	-12.693377
49.221404	-12.697622
49.231386	-12.701868
49.241368	-12.706113
49.25135	-12.710358
49.261332	-12.714603
49.271314	-12.718849
49.281296	-12.723094
49.291278	-12.72734
49.30126	-12.731586
49.311242	-12.735832
49.321224	-12.740077
49.331206	-12.744323
49.341188	-12.748569
49.35117	-12.752816
49.361152	-12.757062
49.371134	-12.761308
49.381116	-12.765554
49.391098	-12.769801
49.40108	-12.774047
49.411062	-12.778294
49.421044	-12.782541
49.431026	-12.786787
49.441008	-12.791034
49.45099	-12.795281
49.460972	-12.799528
49.470954	-12.803775
49.480936	-12.808022
49.490918	-12.81227
49.5009	-12.816517
49.510882	-12.820764
49.520864	-12.825012
49.530846	-12.829259
49.540828	-12.833507
49.55081	-12.837755
49.560792	-12.842002
49.570774	-12.84625
49.580756	-12.850498
49.590738	-12.854746
49.60072	-12.858994
49.610702	-12.863242
49.620684	-12.867491
49.630666	-12.871739
49.640648	-12.875987
49.65063	-12.880236
49.660612	-12.884484
49.670594	-12.888733
49.680576	-12.892981
49.690558	-12.89723
49.70054	-12.901479
49.710522	-12.905728
49.720504	-12.909976
49.730486	-12.914225
49.740468	-12.918475
49.75045	-12.922724
49.760432	-12.926973
49.770414	-12.931222
49.780396	-12.935471
49.790378	-12.939721
49.80036	-12.94397
49.810342	-12.94822
49.820324	-12.952469
49.830306	-12.956719
49.840288	-12.960969
49.85027	-12.965218
49.860252	-12.969468
49.870234	-12.973718
49.880216	-12.977968
49.890198	-12.982218
49.90018	-12.986468
49.910162	-12.990719
49.920144	-12.994969
49.930126	-12.999219
49.940108	-13.003469
49.95009	-13.00772
49.960072	-13.01197
49.970054	-13.016221
49.980036	-13.020471
49.990018	-13.024722
50	-13.028973
