Freq_GHz	Norm_dB
0.1	-2.7378776e-05
0.109982	-3.3875508e-05
0.11996399	-4.0989929e-05
0.12994599	-4.8722043e-05
0.13992799	-5.7071855e-05
0.14990998	-6.6039368e-05
0.15989198	-7.5624589e-05
0.16987397	-8.5827522e-05
0.17985597	-9.6648173e-05
0.18983797	-0.00010808655
0.19981996	-0.00012014265
0.20980196	-0.00013281649
0.21978396	-0.00014610808
0.22976595	-0.00016001741
0.23974795	-0.0001745445
0.24972995	-0.00018968936
0.25971194	-0.000205452
0.26969394	-0.00022183241
0.27967594	-0.00023883062
0.28965793	-0.00025644663
0.29963993	-0.00027468044
0.30962192	-0.00029353208
0.31960392	-0.00031300155
0.32958592	-0.00033308886
0.33956791	-0.00035379403
0.34954991	-0.00037511705
0.35953191	-0.00039705795
0.3695139	-0.00041961674
0.3794959	-0.00044279343
0.3894779	-0.00046658803
0.39945989	-0.00049100055
0.40944189	-0.00051603101
0.41942388	-0.00054167942
0.42940588	-0.0005679458
0.43938788	-0.00059483016
0.44936987	-0.00062233251
0.45935187	-0.00065045288
0.46933387	-0.00067919126
0.47931586	-0.00070854769
0.48929786	-0.00073852217
0.49927986	-0.00076911472
0.50926185	-0.00080032537
0.51924385	-0.00083215412
0.52922585	-0.00086460099
0.53920784	-0.000897666
0.54918984	-0.00093134918
0.55917183	-0.00096565053
0.56915383	-0.0010005701
0.57913583	-0.0010361078
0.58911782	-0.0010722638
0.59909982	-0.0011090381
0.60908182	-0.0011464306
0.61906381	-0.0011844414
0.62904581	-0.0012230705
0.63902781	-0.001262318
0.6490098	-0.0013021838
0.6589918	-0.001342668
0.66897379	-0.0013837706
0.67895579	-0.0014254917
0.68893779	-0.0014678311
0.69891978	-0.0015107891
0.70890178	-0.0015543655
0.71888378	-0.0015985604
0.72886577	-0.0016433739
0.73884777	-0.001688806
0.74882977	-0.0017348566
0.75881176	-0.0017815259
0.76879376	-0.0018288138
0.77877576	-0.0018767203
0.78875775	-0.0019252456
0.79873975	-0.0019743895
0.80872174	-0.0020241522
0.81870374	-0.0020745337
0.82868574	-0.002125534
0.83866773	-0.0021771531
0.84864973	-0.002229391
0.85863173	-0.0022822479
0.86861372	-0.0023357236
0.87859572	-0.0023898183
0.88857772	-0.002444532
0.89855971	-0.0024998646
0.90854171	-0.0025558163
0.9185237	-0.002612387
0.9285057	-0.0026695769
0.9384877	-0.0027273858
0.94846969	-0.0027858139
0.95845169	-0.0028448612
0.96843369	-0.0029045277
0.97841568	-0.0029648135
0.98839768	-0.0030257185
0.99837968	-0.0030872429
1.0083617	-0.0031493866
1.0183437	-0.0032121497
1.0283257	-0.0032755322
1.0383077	-0.0033395341
1.0482897	-0.0034041555
1.0582717	-0.0034693965
1.0682537	-0.003535257
1.0782356	-0.0036017371
1.0882176	-0.0036688368
1.0981996	-0.0037365562
1.1081816	-0.0038048953
1.1181636	-0.0038738541
1.1281456	-0.0039434327
1.1381276	-0.0040136311
1.1481096	-0.0040844494
1.1580916	-0.0041558875
1.1680736	-0.0042279456
1.1780556	-0.0043006237
1.1880376	-0.0043739217
1.1980196	-0.0044478398
1.2080016	-0.004522378
1.2179836	-0.0045975363
1.2279656	-0.0046733148
1.2379476	-0.0047497135
1.2479296	-0.0048267324
1.2579116	-0.0049043716
1.2678936	-0.0049826312
1.2778756	-0.0050615111
1.2878576	-0.0051410115
1.2978396	-0.0052211323
1.3078216	-0.0053018736
1.3178036	-0.0053832355
1.3277856	-0.005465218
1.3377676	-0.0055478211
1.3477495	-0.0056310449
1.3577315	-0.0057148894
1.3677135	-0.0057993547
1.3776955	-0.0058844408
1.3876775	-0.0059701477
1.3976595	-0.0060564756
1.4076415	-0.0061434245
1.4176235	-0.0062309943
1.4276055	-0.0063191852
1.4375875	-0.0064079972
1.4475695	-0.0064974304
1.4575515	-0.0065874847
1.4675335	-0.0066781603
1.4775155	-0.0067694572
1.4874975	-0.0068613754
1.4974795	-0.0069539151
1.5074615	-0.0070470761
1.5174435	-0.0071408587
1.5274255	-0.0072352628
1.5374075	-0.0073302885
1.5473895	-0.0074259359
1.5573715	-0.0075222049
1.5673535	-0.0076190958
1.5773355	-0.0077166084
1.5873175	-0.0078147429
1.5972995	-0.0079134992
1.6072815	-0.0080128776
1.6172635	-0.008112878
1.6272454	-0.0082135004
1.6372274	-0.008314745
1.6472094	-0.0084166117
1.6571914	-0.0085191007
1.6671734	-0.008622212
1.6771554	-0.0087259457
1.6871374	-0.0088303017
1.6971194	-0.0089352802
1.7071014	-0.0090408812
1.7170834	-0.0091471048
1.7270654	-0.009253951
1.7370474	-0.0093614199
1.7470294	-0.0094695116
1.7570114	-0.0095782261
1.7669934	-0.0096875634
1.7769754	-0.0097975237
1.7869574	-0.0099081069
1.7969394	-0.010019313
1.8069214	-0.010131143
1.8169034	-0.010243595
1.8268854	-0.010356671
1.8368674	-0.01047037
1.8468494	-0.010584692
1.8568314	-0.010699638
1.8668134	-0.010815208
1.8767954	-0.0109314
1.8867774	-0.011048217
1.8967594	-0.011165657
1.9067413	-0.011283721
1.9167233	-0.011402409
1.9267053	-0.01152172
1.9366873	-0.011641655
1.9466693	-0.011762215
1.9566513	-0.011883398
1.9666333	-0.012005206
1.9766153	-0.012127637
1.9865973	-0.012250693
1.9965793	-0.012374374
2.0065613	-0.012498678
2.0165433	-0.012623607
2.0265253	-0.012749161
2.0365073	-0.012875339
2.0464893	-0.013002142
2.0564713	-0.01312957
2.0664533	-0.013257622
2.0764353	-0.013386299
2.0864173	-0.013515601
2.0963993	-0.013645528
2.1063813	-0.013776081
2.1163633	-0.013907258
2.1263453	-0.014039061
2.1363273	-0.014171488
2.1463093	-0.014304542
2.1562913	-0.01443822
2.1662733	-0.014572524
2.1762553	-0.014707454
2.1862372	-0.014843009
2.1962192	-0.01497919
2.2062012	-0.015115997
2.2161832	-0.01525343
2.2261652	-0.015391488
2.2361472	-0.015530173
2.2461292	-0.015669484
2.2561112	-0.01580942
2.2660932	-0.015949983
2.2760752	-0.016091173
2.2860572	-0.016232989
2.2960392	-0.016375431
2.3060212	-0.0165185
2.3160032	-0.016662195
2.3259852	-0.016806517
2.3359672	-0.016951466
2.3459492	-0.017097042
2.3559312	-0.017243244
2.3659132	-0.017390074
2.3758952	-0.017537531
2.3858772	-0.017685615
2.3958592	-0.017834326
2.4058412	-0.017983664
2.4158232	-0.01813363
2.4258052	-0.018284224
2.4357872	-0.018435445
2.4457692	-0.018587293
2.4557512	-0.01873977
2.4657331	-0.018892874
2.4757151	-0.019046606
2.4856971	-0.019200966
2.4956791	-0.019355954
2.5056611	-0.01951157
2.5156431	-0.019667815
2.5256251	-0.019824688
2.5356071	-0.019982189
2.5455891	-0.020140319
2.5555711	-0.020299077
2.5655531	-0.020458464
2.5755351	-0.02061848
2.5855171	-0.020779124
2.5954991	-0.020940397
2.6054811	-0.0211023
2.6154631	-0.021264831
2.6254451	-0.021427992
2.6354271	-0.021591782
2.6454091	-0.021756201
2.6553911	-0.02192125
2.6653731	-0.022086928
2.6753551	-0.022253236
2.6853371	-0.022420174
2.6953191	-0.022587741
2.7053011	-0.022755939
2.7152831	-0.022924766
2.7252651	-0.023094223
2.735247	-0.023264311
2.745229	-0.023435029
2.755211	-0.023606377
2.765193	-0.023778355
2.775175	-0.023950964
2.785157	-0.024124204
2.795139	-0.024298075
2.805121	-0.024472576
2.815103	-0.024647708
2.825085	-0.024823471
2.835067	-0.024999865
2.845049	-0.025176891
2.855031	-0.025354548
2.865013	-0.025532836
2.874995	-0.025711755
2.884977	-0.025891306
2.894959	-0.026071489
2.904941	-0.026252304
2.914923	-0.02643375
2.924905	-0.026615829
2.934887	-0.026798539
2.944869	-0.026981882
2.954851	-0.027165857
2.964833	-0.027350464
2.974815	-0.027535704
2.984797	-0.027721576
2.994779	-0.027908081
3.004761	-0.028095218
3.0147429	-0.028282989
3.0247249	-0.028471392
3.0347069	-0.028660429
3.0446889	-0.028850098
3.0546709	-0.029040401
3.0646529	-0.029231338
3.0746349	-0.029422907
3.0846169	-0.029615111
3.0945989	-0.029807948
3.1045809	-0.030001418
3.1145629	-0.030195523
3.1245449	-0.030390262
3.1345269	-0.030585634
3.1445089	-0.030781641
3.1544909	-0.030978282
3.1644729	-0.031175558
3.1744549	-0.031373468
3.1844369	-0.031572013
3.1944189	-0.031771192
3.2044009	-0.031971006
3.2143829	-0.032171455
3.2243649	-0.03237254
3.2343469	-0.032574259
3.2443289	-0.032776614
3.2543109	-0.032979604
3.2642929	-0.033183229
3.2742749	-0.03338749
3.2842569	-0.033592387
3.2942388	-0.033797919
3.3042208	-0.034004088
3.3142028	-0.034210892
3.3241848	-0.034418333
3.3341668	-0.03462641
3.3441488	-0.034835123
3.3541308	-0.035044473
3.3641128	-0.035254459
3.3740948	-0.035465082
3.3840768	-0.035676342
3.3940588	-0.035888238
3.4040408	-0.036100772
3.4140228	-0.036313943
3.4240048	-0.036527751
3.4339868	-0.036742196
3.4439688	-0.036957279
3.4539508	-0.037173
3.4639328	-0.037389358
3.4739148	-0.037606354
3.4838968	-0.037823989
3.4938788	-0.038042261
3.5038608	-0.038261171
3.5138428	-0.03848072
3.5238248	-0.038700907
3.5338068	-0.038921732
3.5437888	-0.039143197
3.5537708	-0.0393653
3.5637528	-0.039588042
3.5737347	-0.039811423
3.5837167	-0.040035443
3.5936987	-0.040260102
3.6036807	-0.040485401
3.6136627	-0.040711339
3.6236447	-0.040937917
3.6336267	-0.041165134
3.6436087	-0.041392992
3.6535907	-0.041621489
3.6635727	-0.041850627
3.6735547	-0.042080404
3.6835367	-0.042310822
3.6935187	-0.042541881
3.7035007	-0.04277358
3.7134827	-0.04300592
3.7234647	-0.0432389
3.7334467	-0.043472522
3.7434287	-0.043706785
3.7534107	-0.043941689
3.7633927	-0.044177234
3.7733747	-0.044413421
3.7833567	-0.044650249
3.7933387	-0.044887719
3.8033207	-0.045125831
3.8133027	-0.045364585
3.8232847	-0.045603981
3.8332667	-0.045844019
3.8432486	-0.046084699
3.8532306	-0.046326022
3.8632126	-0.046567988
3.8731946	-0.046810596
3.8831766	-0.047053848
3.8931586	-0.047297742
3.9031406	-0.047542279
3.9131226	-0.04778746
3.9231046	-0.048033284
3.9330866	-0.048279751
3.9430686	-0.048526862
3.9530506	-0.048774617
3.9630326	-0.049023016
3.9730146	-0.049272059
3.9829966	-0.049521746
3.9929786	-0.049772078
4.0029606	-0.050023053
4.0129426	-0.050274674
4.0229246	-0.050526939
4.0329066	-0.050779849
4.0428886	-0.051033404
4.0528706	-0.051287604
4.0628526	-0.051542449
4.0728346	-0.05179794
4.0828166	-0.052054076
4.0927986	-0.052310858
4.1027806	-0.052568286
4.1127626	-0.05282636
4.1227445	-0.053085079
4.1327265	-0.053344445
4.1427085	-0.053604457
4.1526905	-0.053865116
4.1626725	-0.054126422
4.1726545	-0.054388374
4.1826365	-0.054650973
4.1926185	-0.054914219
4.2026005	-0.055178112
4.2125825	-0.055442653
4.2225645	-0.055707841
4.2325465	-0.055973676
4.2425285	-0.05624016
4.2525105	-0.056507291
4.2624925	-0.05677507
4.2724745	-0.057043498
4.2824565	-0.057312573
4.2924385	-0.057582298
4.3024205	-0.05785267
4.3124025	-0.058123692
4.3223845	-0.058395362
4.3323665	-0.058667682
4.3423485	-0.05894065
4.3523305	-0.059214268
4.3623125	-0.059488536
4.3722945	-0.059763453
4.3822765	-0.06003902
4.3922585	-0.060315236
4.4022404	-0.060592103
4.4122224	-0.06086962
4.4222044	-0.061147787
4.4321864	-0.061426605
4.4421684	-0.061706073
4.4521504	-0.061986192
4.4621324	-0.062266963
4.4721144	-0.062548384
4.4820964	-0.062830456
4.4920784	-0.06311318
4.5020604	-0.063396555
4.5120424	-0.063680582
4.5220244	-0.063965261
4.5320064	-0.064250592
4.5419884	-0.064536575
4.5519704	-0.06482321
4.5619524	-0.065110497
4.5719344	-0.065398438
4.5819164	-0.065687031
4.5918984	-0.065976276
4.6018804	-0.066266175
4.6118624	-0.066556727
4.6218444	-0.066847933
4.6318264	-0.067139792
4.6418084	-0.067432304
4.6517904	-0.067725471
4.6617724	-0.068019291
4.6717544	-0.068313765
4.6817363	-0.068608894
4.6917183	-0.068904677
4.7017003	-0.069201115
4.7116823	-0.069498207
4.7216643	-0.069795955
4.7316463	-0.070094357
4.7416283	-0.070393415
4.7516103	-0.070693128
4.7615923	-0.070993497
4.7715743	-0.071294521
4.7815563	-0.071596201
4.7915383	-0.071898537
4.8015203	-0.072201529
4.8115023	-0.072505178
4.8214843	-0.072809483
4.8314663	-0.073114445
4.8414483	-0.073420064
4.8514303	-0.073726339
4.8614123	-0.074033272
4.8713943	-0.074340862
4.8813763	-0.074649109
4.8913583	-0.074958014
4.9013403	-0.075267577
4.9113223	-0.075577798
4.9213043	-0.075888677
4.9312863	-0.076200214
4.9412683	-0.076512409
4.9512503	-0.076825263
4.9612322	-0.077138776
4.9712142	-0.077452948
4.9811962	-0.077767779
4.9911782	-0.078083269
5.0011602	-0.078399419
5.0111422	-0.078716228
5.0211242	-0.079033697
5.0311062	-0.079351826
5.0410882	-0.079670615
5.0510702	-0.079990064
5.0610522	-0.080310174
5.0710342	-0.080630944
5.0810162	-0.080952375
5.0909982	-0.081274467
5.1009802	-0.08159722
5.1109622	-0.081920634
5.1209442	-0.08224471
5.1309262	-0.082569447
5.1409082	-0.082894846
5.1508902	-0.083220908
5.1608722	-0.083547631
5.1708542	-0.083875016
5.1808362	-0.084203064
5.1908182	-0.084531775
5.2008002	-0.084861148
5.2107822	-0.085191185
5.2207642	-0.085521884
5.2307461	-0.085853247
5.2407281	-0.086185273
5.2507101	-0.086517963
5.2606921	-0.086851317
5.2706741	-0.087185335
5.2806561	-0.087520017
5.2906381	-0.087855364
5.3006201	-0.088191375
5.3106021	-0.08852805
5.3205841	-0.088865391
5.3305661	-0.089203397
5.3405481	-0.089542068
5.3505301	-0.089881404
5.3605121	-0.090221406
5.3704941	-0.090562074
5.3804761	-0.090903408
5.3904581	-0.091245408
5.4004401	-0.091588074
5.4104221	-0.091931407
5.4204041	-0.092275406
5.4303861	-0.092620072
5.4403681	-0.092965406
5.4503501	-0.093311406
5.4603321	-0.093658074
5.4703141	-0.09400541
5.4802961	-0.094353413
5.4902781	-0.094702084
5.5002601	-0.095051423
5.510242	-0.095401431
5.520224	-0.095752107
5.530206	-0.096103452
5.540188	-0.096455466
5.55017	-0.096808148
5.560152	-0.0971615
5.570134	-0.097515522
5.580116	-0.097870213
5.590098	-0.098225573
5.60008	-0.098581604
5.610062	-0.098938305
5.620044	-0.099295676
5.630026	-0.099653718
5.640008	-0.10001243
5.64999	-0.10037181
5.659972	-0.10073187
5.669954	-0.10109259
5.679936	-0.10145399
5.689918	-0.10181606
5.6999	-0.1021788
5.709882	-0.10254221
5.719864	-0.1029063
5.729846	-0.10327105
5.739828	-0.10363648
5.74981	-0.10400259
5.759792	-0.10436936
5.769774	-0.10473681
5.779756	-0.10510493
5.7897379	-0.10547373
5.7997199	-0.1058432
5.8097019	-0.10621334
5.8196839	-0.10658416
5.8296659	-0.10695565
5.8396479	-0.10732782
5.8496299	-0.10770066
5.8596119	-0.10807417
5.8695939	-0.10844836
5.8795759	-0.10882323
5.8895579	-0.10919877
5.8995399	-0.10957499
5.9095219	-0.10995188
5.9195039	-0.11032945
5.9294859	-0.1107077
5.9394679	-0.11108662
5.9494499	-0.11146622
5.9594319	-0.11184649
5.9694139	-0.11222744
5.9793959	-0.11260907
5.9893779	-0.11299138
5.9993599	-0.11337436
6.0093419	-0.11375803
6.0193239	-0.11414237
6.0293059	-0.11452739
6.0392879	-0.11491308
6.0492699	-0.11529946
6.0592519	-0.11568651
6.0692338	-0.11607425
6.0792158	-0.11646266
6.0891978	-0.11685175
6.0991798	-0.11724152
6.1091618	-0.11763197
6.1191438	-0.11802311
6.1291258	-0.11841492
6.1391078	-0.11880741
6.1490898	-0.11920058
6.1590718	-0.11959444
6.1690538	-0.11998897
6.1790358	-0.12038419
6.1890178	-0.12078009
6.1989998	-0.12117666
6.2089818	-0.12157393
6.2189638	-0.12197187
6.2289458	-0.12237049
6.2389278	-0.1227698
6.2489098	-0.12316979
6.2588918	-0.12357046
6.2688738	-0.12397182
6.2788558	-0.12437386
6.2888378	-0.12477658
6.2988198	-0.12517999
6.3088018	-0.12558408
6.3187838	-0.12598886
6.3287658	-0.12639432
6.3387477	-0.12680046
6.3487297	-0.12720729
6.3587117	-0.1276148
6.3686937	-0.128023
6.3786757	-0.12843188
6.3886577	-0.12884145
6.3986397	-0.12925171
6.4086217	-0.12966265
6.4186037	-0.13007428
6.4285857	-0.13048659
6.4385677	-0.13089959
6.4485497	-0.13131328
6.4585317	-0.13172765
6.4685137	-0.13214272
6.4784957	-0.13255846
6.4884777	-0.1329749
6.4984597	-0.13339203
6.5084417	-0.13380984
6.5184237	-0.13422834
6.5284057	-0.13464753
6.5383877	-0.13506741
6.5483697	-0.13548798
6.5583517	-0.13590923
6.5683337	-0.13633118
6.5783157	-0.13675382
6.5882977	-0.13717714
6.5982797	-0.13760116
6.6082617	-0.13802586
6.6182436	-0.13845126
6.6282256	-0.13887735
6.6382076	-0.13930413
6.6481896	-0.1397316
6.6581716	-0.14015976
6.6681536	-0.14058861
6.6781356	-0.14101815
6.6881176	-0.14144839
6.6980996	-0.14187932
6.7080816	-0.14231094
6.7180636	-0.14274325
6.7280456	-0.14317626
6.7380276	-0.14360996
6.7480096	-0.14404435
6.7579916	-0.14447944
6.7679736	-0.14491522
6.7779556	-0.14535169
6.7879376	-0.14578886
6.7979196	-0.14622672
6.8079016	-0.14666528
6.8178836	-0.14710453
6.8278656	-0.14754448
6.8378476	-0.14798512
6.8478296	-0.14842646
6.8578116	-0.1488685
6.8677936	-0.14931123
6.8777756	-0.14975465
6.8877576	-0.15019877
6.8977395	-0.15064359
6.9077215	-0.15108911
6.9177035	-0.15153533
6.9276855	-0.15198224
6.9376675	-0.15242984
6.9476495	-0.15287815
6.9576315	-0.15332716
6.9676135	-0.15377686
6.9775955	-0.15422726
6.9875775	-0.15467836
6.9975595	-0.15513016
7.0075415	-0.15558266
7.0175235	-0.15603586
7.0275055	-0.15648975
7.0374875	-0.15694435
7.0474695	-0.15739965
7.0574515	-0.15785565
7.0674335	-0.15831234
7.0774155	-0.15876974
7.0873975	-0.15922784
7.0973795	-0.15968664
7.1073615	-0.16014615
7.1173435	-0.16060635
7.1273255	-0.16106726
7.1373075	-0.16152887
7.1472895	-0.16199118
7.1572715	-0.16245419
7.1672535	-0.16291791
7.1772354	-0.16338233
7.1872174	-0.16384745
7.1971994	-0.16431328
7.2071814	-0.16477981
7.2171634	-0.16524704
7.2271454	-0.16571498
7.2371274	-0.16618363
7.2471094	-0.16665298
7.2570914	-0.16712303
7.2670734	-0.16759379
7.2770554	-0.16806525
7.2870374	-0.16853742
7.2970194	-0.1690103
7.3070014	-0.16948388
7.3169834	-0.16995817
7.3269654	-0.17043316
7.3369474	-0.17090887
7.3469294	-0.17138528
7.3569114	-0.17186239
7.3668934	-0.17234022
7.3768754	-0.17281875
7.3868574	-0.17329799
7.3968394	-0.17377794
7.4068214	-0.17425859
7.4168034	-0.17473996
7.4267854	-0.17522204
7.4367674	-0.17570482
7.4467493	-0.17618831
7.4567313	-0.17667252
7.4667133	-0.17715743
7.4766953	-0.17764306
7.4866773	-0.17812939
7.4966593	-0.17861644
7.5066413	-0.17910419
7.5166233	-0.17959266
7.5266053	-0.18008184
7.5365873	-0.18057173
7.5465693	-0.18106233
7.5565513	-0.18155365
7.5665333	-0.18204568
7.5765153	-0.18253842
7.5864973	-0.18303187
7.5964793	-0.18352604
7.6064613	-0.18402092
7.6164433	-0.18451651
7.6264253	-0.18501282
7.6364073	-0.18550984
7.6463893	-0.18600758
7.6563713	-0.18650603
7.6663533	-0.18700519
7.6763353	-0.18750507
7.6863173	-0.18800567
7.6962993	-0.18850698
7.7062813	-0.18900901
7.7162633	-0.18951176
7.7262452	-0.19001522
7.7362272	-0.1905194
7.7462092	-0.19102429
7.7561912	-0.1915299
7.7661732	-0.19203623
7.7761552	-0.19254328
7.7861372	-0.19305104
7.7961192	-0.19355953
7.8061012	-0.19406873
7.8160832	-0.19457865
7.8260652	-0.19508929
7.8360472	-0.19560065
7.8460292	-0.19611273
7.8560112	-0.19662552
7.8659932	-0.19713904
7.8759752	-0.19765328
7.8859572	-0.19816824
7.8959392	-0.19868392
7.9059212	-0.19920032
7.9159032	-0.19971744
7.9258852	-0.20023528
7.9358672	-0.20075385
7.9458492	-0.20127313
7.9558312	-0.20179314
7.9658132	-0.20231388
7.9757952	-0.20283533
7.9857772	-0.20335751
7.9957592	-0.20388041
8.0057411	-0.20440403
8.0157231	-0.20492838
8.0257051	-0.20545345
8.0356871	-0.20597925
8.0456691	-0.20650577
8.0556511	-0.20703302
8.0656331	-0.20756099
8.0756151	-0.20808969
8.0855971	-0.20861911
8.0955791	-0.20914926
8.1055611	-0.20968013
8.1155431	-0.21021173
8.1255251	-0.21074406
8.1355071	-0.21127711
8.1454891	-0.2118109
8.1554711	-0.21234541
8.1654531	-0.21288064
8.1754351	-0.21341661
8.1854171	-0.2139533
8.1953991	-0.21449072
8.2053811	-0.21502887
8.2153631	-0.21556775
8.2253451	-0.21610736
8.2353271	-0.2166477
8.2453091	-0.21718877
8.2552911	-0.21773057
8.2652731	-0.2182731
8.2752551	-0.21881636
8.285237	-0.21936035
8.295219	-0.21990507
8.305201	-0.22045052
8.315183	-0.22099671
8.325165	-0.22154362
8.335147	-0.22209127
8.345129	-0.22263966
8.355111	-0.22318877
8.365093	-0.22373862
8.375075	-0.2242892
8.385057	-0.22484051
8.395039	-0.22539256
8.405021	-0.22594534
8.415003	-0.22649886
8.424985	-0.22705311
8.434967	-0.2276081
8.444949	-0.22816382
8.454931	-0.22872028
8.464913	-0.22927747
8.474895	-0.2298354
8.484877	-0.23039406
8.494859	-0.23095347
8.504841	-0.2315136
8.514823	-0.23207448
8.524805	-0.23263609
8.534787	-0.23319844
8.544769	-0.23376153
8.554751	-0.23432536
8.5647329	-0.23488992
8.5747149	-0.23545523
8.5846969	-0.23602127
8.5946789	-0.23658805
8.6046609	-0.23715558
8.6146429	-0.23772384
8.6246249	-0.23829284
8.6346069	-0.23886258
8.6445889	-0.23943307
8.6545709	-0.24000429
8.6645529	-0.24057626
8.6745349	-0.24114896
8.6845169	-0.24172241
8.6944989	-0.2422966
8.7044809	-0.24287153
8.7144629	-0.24344721
8.7244449	-0.24402363
8.7344269	-0.24460079
8.7444089	-0.2451787
8.7543909	-0.24575734
8.7643729	-0.24633674
8.7743549	-0.24691687
8.7843369	-0.24749776
8.7943189	-0.24807938
8.8043009	-0.24866175
8.8142829	-0.24924487
8.8242649	-0.24982873
8.8342468	-0.25041334
8.8442288	-0.2509987
8.8542108	-0.2515848
8.8641928	-0.25217165
8.8741748	-0.25275924
8.8841568	-0.25334759
8.8941388	-0.25393668
8.9041208	-0.25452652
8.9141028	-0.2551171
8.9240848	-0.25570844
8.9340668	-0.25630052
8.9440488	-0.25689335
8.9540308	-0.25748694
8.9640128	-0.25808127
8.9739948	-0.25867635
8.9839768	-0.25927218
8.9939588	-0.25986877
9.0039408	-0.2604661
9.0139228	-0.26106418
9.0239048	-0.26166302
9.0338868	-0.26226261
9.0438688	-0.26286295
9.0538508	-0.26346404
9.0638328	-0.26406588
9.0738148	-0.26466848
9.0837968	-0.26527183
9.0937788	-0.26587593
9.1037608	-0.26648079
9.1137427	-0.2670864
9.1237247	-0.26769277
9.1337067	-0.26829989
9.1436887	-0.26890776
9.1536707	-0.26951639
9.1636527	-0.27012578
9.1736347	-0.27073592
9.1836167	-0.27134681
9.1935987	-0.27195847
9.2035807	-0.27257088
9.2135627	-0.27318404
9.2235447	-0.27379797
9.2335267	-0.27441265
9.2435087	-0.27502809
9.2534907	-0.27564428
9.2634727	-0.27626124
9.2734547	-0.27687895
9.2834367	-0.27749743
9.2934187	-0.27811666
9.3034007	-0.27873665
9.3133827	-0.2793574
9.3233647	-0.27997891
9.3333467	-0.28060118
9.3433287	-0.28122421
9.3533107	-0.28184801
9.3632927	-0.28247256
9.3732747	-0.28309788
9.3832567	-0.28372395
9.3932386	-0.28435079
9.4032206	-0.2849784
9.4132026	-0.28560676
9.4231846	-0.28623589
9.4331666	-0.28686578
9.4431486	-0.28749643
9.4531306	-0.28812785
9.4631126	-0.28876004
9.4730946	-0.28939298
9.4830766	-0.29002669
9.4930586	-0.29066117
9.5030406	-0.29129641
9.5130226	-0.29193242
9.5230046	-0.2925692
9.5329866	-0.29320674
9.5429686	-0.29384504
9.5529506	-0.29448412
9.5629326	-0.29512396
9.5729146	-0.29576457
9.5828966	-0.29640594
9.5928786	-0.29704809
9.6028606	-0.297691
9.6128426	-0.29833468
9.6228246	-0.29897913
9.6328066	-0.29962435
9.6427886	-0.30027034
9.6527706	-0.3009171
9.6627526	-0.30156463
9.6727345	-0.30221293
9.6827165	-0.302862
9.6926985	-0.30351185
9.7026805	-0.30416246
9.7126625	-0.30481384
9.7226445	-0.305466
9.7326265	-0.30611893
9.7426085	-0.30677263
9.7525905	-0.30742711
9.7625725	-0.30808235
9.7725545	-0.30873838
9.7825365	-0.30939517
9.7925185	-0.31005274
9.8025005	-0.31071109
9.8124825	-0.3113702
9.8224645	-0.3120301
9.8324465	-0.31269077
9.8424285	-0.31335221
9.8524105	-0.31401443
9.8623925	-0.31467743
9.8723745	-0.3153412
9.8823565	-0.31600575
9.8923385	-0.31667108
9.9023205	-0.31733719
9.9123025	-0.31800407
9.9222845	-0.31867173
9.9322665	-0.31934017
9.9422484	-0.32000939
9.9522304	-0.32067939
9.9622124	-0.32135016
9.9721944	-0.32202172
9.9821764	-0.32269406
9.9921584	-0.32336717
10.00214	-0.32404107
10.012122	-0.32471575
10.022104	-0.32539121
10.032086	-0.32606745
10.042068	-0.32674447
10.05205	-0.32742228
10.062032	-0.32810087
10.072014	-0.32878024
10.081996	-0.32946039
10.091978	-0.33014133
10.10196	-0.33082305
10.111942	-0.33150555
10.121924	-0.33218884
10.131906	-0.33287291
10.141888	-0.33355777
10.15187	-0.33424342
10.161852	-0.33492985
10.171834	-0.33561706
10.181816	-0.33630506
10.191798	-0.33699385
10.20178	-0.33768343
10.211762	-0.33837379
10.221744	-0.33906494
10.231726	-0.33975687
10.241708	-0.3404496
10.25169	-0.34114311
10.261672	-0.34183742
10.271654	-0.34253251
10.281636	-0.34322839
10.291618	-0.34392506
10.3016	-0.34462252
10.311582	-0.34532077
10.321564	-0.34601981
10.331546	-0.34671965
10.341528	-0.34742027
10.35151	-0.34812169
10.361492	-0.34882389
10.371474	-0.34952689
10.381456	-0.35023069
10.391438	-0.35093527
10.40142	-0.35164065
10.411402	-0.35234682
10.421384	-0.35305379
10.431366	-0.35376155
10.441348	-0.3544701
10.45133	-0.35517945
10.461312	-0.35588959
10.471294	-0.35660053
10.481276	-0.35731227
10.491258	-0.3580248
10.50124	-0.35873813
10.511222	-0.35945225
10.521204	-0.36016717
10.531186	-0.36088289
10.541168	-0.36159941
10.55115	-0.36231672
10.561132	-0.36303484
10.571114	-0.36375375
10.581096	-0.36447346
10.591078	-0.36519397
10.60106	-0.36591528
10.611042	-0.36663739
10.621024	-0.3673603
10.631006	-0.36808401
10.640988	-0.36880852
10.65097	-0.36953383
10.660952	-0.37025994
10.670934	-0.37098686
10.680916	-0.37171458
10.690898	-0.3724431
10.70088	-0.37317242
10.710862	-0.37390255
10.720844	-0.37463348
10.730826	-0.37536521
10.740808	-0.37609775
10.75079	-0.37683109
10.760772	-0.37756524
10.770754	-0.37830019
10.780736	-0.37903595
10.790718	-0.37977251
10.8007	-0.38050988
10.810682	-0.38124806
10.820664	-0.38198704
10.830646	-0.38272683
10.840628	-0.38346743
10.85061	-0.38420884
10.860592	-0.38495105
10.870574	-0.38569407
10.880556	-0.3864379
10.890538	-0.38718254
10.90052	-0.38792799
10.910502	-0.38867425
10.920484	-0.38942132
10.930466	-0.3901692
10.940448	-0.39091789
10.95043	-0.39166739
10.960412	-0.3924177
10.970394	-0.39316883
10.980376	-0.39392076
10.990358	-0.39467351
11.00034	-0.39542707
11.010322	-0.39618145
11.020304	-0.39693664
11.030286	-0.39769264
11.040268	-0.39844945
11.05025	-0.39920708
11.060232	-0.39996553
11.070214	-0.40072479
11.080196	-0.40148486
11.090178	-0.40224575
11.10016	-0.40300746
11.110142	-0.40376998
11.120124	-0.40453332
11.130106	-0.40529748
11.140088	-0.40606245
11.15007	-0.40682825
11.160052	-0.40759486
11.170034	-0.40836228
11.180016	-0.40913053
11.189998	-0.4098996
11.19998	-0.41066948
11.209962	-0.41144019
11.219944	-0.41221171
11.229926	-0.41298406
11.239908	-0.41375723
11.24989	-0.41453121
11.259872	-0.41530602
11.269854	-0.41608165
11.279836	-0.4168581
11.289818	-0.41763538
11.2998	-0.41841348
11.309782	-0.4191924
11.319764	-0.41997214
11.329746	-0.42075271
11.339728	-0.4215341
11.34971	-0.42231632
11.359692	-0.42309936
11.369674	-0.42388323
11.379656	-0.42466792
11.389638	-0.42545344
11.39962	-0.42623978
11.409602	-0.42702695
11.419584	-0.42781495
11.429566	-0.42860377
11.439548	-0.42939342
11.44953	-0.4301839
11.459512	-0.43097521
11.469494	-0.43176734
11.479476	-0.43256031
11.489458	-0.4333541
11.49944	-0.43414873
11.509422	-0.43494418
11.519404	-0.43574046
11.529386	-0.43653758
11.539368	-0.43733552
11.54935	-0.4381343
11.559332	-0.43893391
11.569314	-0.43973435
11.579296	-0.44053562
11.589278	-0.44133772
11.59926	-0.44214066
11.609242	-0.44294443
11.619224	-0.44374903
11.629206	-0.44455447
11.639188	-0.44536074
11.64917	-0.44616785
11.659152	-0.44697579
11.669134	-0.44778457
11.679116	-0.44859418
11.689098	-0.44940463
11.69908	-0.45021592
11.709062	-0.45102804
11.719044	-0.451841
11.729026	-0.4526548
11.739008	-0.45346943
11.74899	-0.4542849
11.758972	-0.45510121
11.768954	-0.45591836
11.778936	-0.45673635
11.788918	-0.45755518
11.7989	-0.45837485
11.808882	-0.45919536
11.818864	-0.4600167
11.828846	-0.46083889
11.838828	-0.46166192
11.84881	-0.4624858
11.858792	-0.46331051
11.868774	-0.46413607
11.878756	-0.46496246
11.888738	-0.46578971
11.89872	-0.46661779
11.908702	-0.46744672
11.918684	-0.46827649
11.928666	-0.46910711
11.938648	-0.46993857
11.94863	-0.47077088
11.958612	-0.47160403
11.968594	-0.47243803
11.978576	-0.47327287
11.988558	-0.47410856
11.99854	-0.4749451
12.008522	-0.47578248
12.018504	-0.47662071
12.028486	-0.47745979
12.038468	-0.47829972
12.04845	-0.47914049
12.058432	-0.47998212
12.068414	-0.48082459
12.078396	-0.48166791
12.088378	-0.48251209
12.09836	-0.48335711
12.108342	-0.48420298
12.118324	-0.48504971
12.128306	-0.48589728
12.138288	-0.48674571
12.14827	-0.48759499
12.158252	-0.48844512
12.168234	-0.48929611
12.178216	-0.49014794
12.188198	-0.49100064
12.19818	-0.49185418
12.208162	-0.49270858
12.218144	-0.49356383
12.228126	-0.49441994
12.238108	-0.4952769
12.24809	-0.49613472
12.258072	-0.4969934
12.268054	-0.49785293
12.278036	-0.49871331
12.288018	-0.49957456
12.298	-0.50043666
12.307982	-0.50129962
12.317964	-0.50216344
12.327946	-0.50302811
12.337928	-0.50389365
12.34791	-0.50476004
12.357892	-0.50562729
12.367874	-0.5064954
12.377856	-0.50736437
12.387838	-0.50823421
12.39782	-0.5091049
12.407802	-0.50997645
12.417784	-0.51084887
12.427766	-0.51172215
12.437748	-0.51259629
12.44773	-0.51347129
12.457712	-0.51434716
12.467694	-0.51522389
12.477676	-0.51610148
12.487658	-0.51697993
12.49764	-0.51785925
12.507622	-0.51873944
12.517604	-0.51962049
12.527586	-0.52050241
12.537568	-0.52138519
12.54755	-0.52226883
12.557532	-0.52315335
12.567514	-0.52403873
12.577495	-0.52492498
12.587477	-0.52581209
12.597459	-0.52670008
12.607441	-0.52758893
12.617423	-0.52847865
12.627405	-0.52936924
12.637387	-0.5302607
12.647369	-0.53115302
12.657351	-0.53204622
12.667333	-0.53294029
12.677315	-0.53383523
12.687297	-0.53473104
12.697279	-0.53562772
12.707261	-0.53652528
12.717243	-0.5374237
12.727225	-0.538323
12.737207	-0.53922317
12.747189	-0.54012422
12.757171	-0.54102613
12.767153	-0.54192893
12.777135	-0.54283259
12.787117	-0.54373713
12.797099	-0.54464255
12.807081	-0.54554884
12.817063	-0.54645601
12.827045	-0.54736405
12.837027	-0.54827297
12.847009	-0.54918277
12.856991	-0.55009344
12.866973	-0.55100499
12.876955	-0.55191742
12.886937	-0.55283073
12.896919	-0.55374492
12.906901	-0.55465998
12.916883	-0.55557593
12.926865	-0.55649275
12.936847	-0.55741045
12.946829	-0.55832904
12.956811	-0.5592485
12.966793	-0.56016885
12.976775	-0.56109008
12.986757	-0.56201219
12.996739	-0.56293518
13.006721	-0.56385905
13.016703	-0.56478381
13.026685	-0.56570945
13.036667	-0.56663598
13.046649	-0.56756339
13.056631	-0.56849168
13.066613	-0.56942086
13.076595	-0.57035092
13.086577	-0.57128187
13.096559	-0.5722137
13.106541	-0.57314642
13.116523	-0.57408003
13.126505	-0.57501452
13.136487	-0.5759499
13.146469	-0.57688617
13.156451	-0.57782333
13.166433	-0.57876137
13.176415	-0.57970031
13.186397	-0.58064013
13.196379	-0.58158084
13.206361	-0.58252244
13.216343	-0.58346494
13.226325	-0.58440832
13.236307	-0.58535259
13.246289	-0.58629776
13.256271	-0.58724381
13.266253	-0.58819076
13.276235	-0.5891386
13.286217	-0.59008734
13.296199	-0.59103696
13.306181	-0.59198748
13.316163	-0.5929389
13.326145	-0.5938912
13.336127	-0.59484441
13.346109	-0.5957985
13.356091	-0.5967535
13.366073	-0.59770938
13.376055	-0.59866617
13.386037	-0.59962385
13.396019	-0.60058242
13.406001	-0.6015419
13.415983	-0.60250227
13.425965	-0.60346354
13.435947	-0.60442571
13.445929	-0.60538877
13.455911	-0.60635274
13.465893	-0.6073176
13.475875	-0.60828337
13.485857	-0.60925003
13.495839	-0.61021759
13.505821	-0.61118606
13.515803	-0.61215542
13.525785	-0.61312569
13.535767	-0.61409686
13.545749	-0.61506893
13.555731	-0.6160419
13.565713	-0.61701578
13.575695	-0.61799056
13.585677	-0.61896624
13.595659	-0.61994283
13.605641	-0.62092032
13.615623	-0.62189872
13.625605	-0.62287802
13.635587	-0.62385823
13.645569	-0.62483934
13.655551	-0.62582136
13.665533	-0.62680429
13.675515	-0.62778812
13.685497	-0.62877286
13.695479	-0.6297585
13.705461	-0.63074506
13.715443	-0.63173252
13.725425	-0.6327209
13.735407	-0.63371018
13.745389	-0.63470037
13.755371	-0.63569147
13.765353	-0.63668348
13.775335	-0.6376764
13.785317	-0.63867023
13.795299	-0.63966498
13.805281	-0.64066063
13.815263	-0.6416572
13.825245	-0.64265468
13.835227	-0.64365307
13.845209	-0.64465238
13.855191	-0.64565259
13.865173	-0.64665373
13.875155	-0.64765577
13.885137	-0.64865874
13.895119	-0.64966261
13.905101	-0.6506674
13.915083	-0.65167311
13.925065	-0.65267973
13.935047	-0.65368727
13.945029	-0.65469573
13.955011	-0.6557051
13.964993	-0.6567154
13.974975	-0.6577266
13.984957	-0.65873873
13.994939	-0.65975178
14.004921	-0.66076574
14.014903	-0.66178063
14.024885	-0.66279643
14.034867	-0.66381315
14.044849	-0.6648308
14.054831	-0.66584936
14.064813	-0.66686885
14.074795	-0.66788926
14.084777	-0.66891059
14.094759	-0.66993284
14.104741	-0.67095602
14.114723	-0.67198011
14.124705	-0.67300513
14.134687	-0.67403108
14.144669	-0.67505795
14.154651	-0.67608574
14.164633	-0.67711446
14.174615	-0.6781441
14.184597	-0.67917467
14.194579	-0.68020617
14.204561	-0.68123859
14.214543	-0.68227193
14.224525	-0.68330621
14.234507	-0.68434141
14.244489	-0.68537754
14.254471	-0.6864146
14.264453	-0.68745259
14.274435	-0.6884915
14.284417	-0.68953135
14.294399	-0.69057212
14.304381	-0.69161382
14.314363	-0.69265646
14.324345	-0.69370002
14.334327	-0.69474452
14.344309	-0.69578995
14.354291	-0.69683631
14.364273	-0.6978836
14.374255	-0.69893182
14.384237	-0.69998098
14.394219	-0.70103107
14.404201	-0.7020821
14.414183	-0.70313405
14.424165	-0.70418695
14.434147	-0.70524077
14.444129	-0.70629554
14.454111	-0.70735123
14.464093	-0.70840787
14.474075	-0.70946544
14.484057	-0.71052394
14.494039	-0.71158339
14.504021	-0.71264377
14.514003	-0.71370508
14.523985	-0.71476734
14.533967	-0.71583054
14.543949	-0.71689467
14.553931	-0.71795974
14.563913	-0.71902575
14.573895	-0.7200927
14.583877	-0.7211606
14.593859	-0.72222943
14.603841	-0.7232992
14.613823	-0.72436992
14.623805	-0.72544157
14.633787	-0.72651417
14.643769	-0.72758771
14.653751	-0.7286622
14.663733	-0.72973763
14.673715	-0.730814
14.683697	-0.73189131
14.693679	-0.73296957
14.703661	-0.73404877
14.713643	-0.73512892
14.723625	-0.73621002
14.733607	-0.73729206
14.743589	-0.73837504
14.753571	-0.73945897
14.763553	-0.74054385
14.773535	-0.74162968
14.783517	-0.74271645
14.793499	-0.74380417
14.803481	-0.74489284
14.813463	-0.74598246
14.823445	-0.74707303
14.833427	-0.74816455
14.843409	-0.74925701
14.853391	-0.75035043
14.863373	-0.7514448
14.873355	-0.75254012
14.883337	-0.75363638
14.893319	-0.75473361
14.903301	-0.75583178
14.913283	-0.7569309
14.923265	-0.75803098
14.933247	-0.75913201
14.943229	-0.760234
14.953211	-0.76133694
14.963193	-0.76244083
14.973175	-0.76354568
14.983157	-0.76465148
14.993139	-0.76575823
15.003121	-0.76686595
15.013103	-0.76797462
15.023085	-0.76908424
15.033067	-0.77019482
15.043049	-0.77130636
15.053031	-0.77241886
15.063013	-0.77353231
15.072995	-0.77464672
15.082977	-0.77576209
15.092959	-0.77687842
15.102941	-0.77799571
15.112923	-0.77911396
15.122905	-0.78023317
15.132887	-0.78135334
15.142869	-0.78247447
15.152851	-0.78359656
15.162833	-0.78471961
15.172815	-0.78584362
15.182797	-0.7869686
15.192779	-0.78809454
15.202761	-0.78922144
15.212743	-0.7903493
15.222725	-0.79147813
15.232707	-0.79260793
15.242689	-0.79373868
15.252671	-0.7948704
15.262653	-0.79600309
15.272635	-0.79713674
15.282617	-0.79827136
15.292599	-0.79940694
15.302581	-0.8005435
15.312563	-0.80168101
15.322545	-0.8028195
15.332527	-0.80395895
15.342509	-0.80509937
15.35249	-0.80624076
15.362472	-0.80738312
15.372454	-0.80852644
15.382436	-0.80967074
15.392418	-0.81081601
15.4024	-0.81196224
15.412382	-0.81310945
15.422364	-0.81425763
15.432346	-0.81540677
15.442328	-0.81655689
15.45231	-0.81770799
15.462292	-0.81886005
15.472274	-0.82001309
15.482256	-0.8211671
15.492238	-0.82232208
15.50222	-0.82347804
15.512202	-0.82463497
15.522184	-0.82579288
15.532166	-0.82695176
15.542148	-0.82811162
15.55213	-0.82927245
15.562112	-0.83043426
15.572094	-0.83159704
15.582076	-0.83276081
15.592058	-0.83392554
15.60204	-0.83509126
15.612022	-0.83625795
15.622004	-0.83742563
15.631986	-0.83859428
15.641968	-0.83976391
15.65195	-0.84093451
15.661932	-0.8421061
15.671914	-0.84327867
15.681896	-0.84445222
15.691878	-0.84562675
15.70186	-0.84680226
15.711842	-0.84797875
15.721824	-0.84915622
15.731806	-0.85033468
15.741788	-0.85151411
15.75177	-0.85269453
15.761752	-0.85387594
15.771734	-0.85505833
15.781716	-0.8562417
15.791698	-0.85742605
15.80168	-0.85861139
15.811662	-0.85979772
15.821644	-0.86098503
15.831626	-0.86217332
15.841608	-0.86336261
15.85159	-0.86455288
15.861572	-0.86574413
15.871554	-0.86693637
15.881536	-0.8681296
15.891518	-0.86932382
15.9015	-0.87051903
15.911482	-0.87171522
15.921464	-0.87291241
15.931446	-0.87411058
15.941428	-0.87530974
15.95141	-0.87650989
15.961392	-0.87771104
15.971374	-0.87891317
15.981356	-0.8801163
15.991338	-0.88132041
16.00132	-0.88252552
16.011302	-0.88373162
16.021284	-0.88493871
16.031266	-0.8861468
16.041248	-0.88735588
16.05123	-0.88856595
16.061212	-0.88977702
16.071194	-0.89098908
16.081176	-0.89220213
16.091158	-0.89341618
16.10114	-0.89463123
16.111122	-0.89584727
16.121104	-0.89706431
16.131086	-0.89828234
16.141068	-0.89950137
16.15105	-0.9007214
16.161032	-0.90194242
16.171014	-0.90316445
16.180996	-0.90438747
16.190978	-0.90561149
16.20096	-0.90683651
16.210942	-0.90806252
16.220924	-0.90928954
16.230906	-0.91051756
16.240888	-0.91174658
16.25087	-0.9129766
16.260852	-0.91420762
16.270834	-0.91543964
16.280816	-0.91667266
16.290798	-0.91790668
16.30078	-0.91914171
16.310762	-0.92037774
16.320744	-0.92161478
16.330726	-0.92285281
16.340708	-0.92409185
16.35069	-0.9253319
16.360672	-0.92657295
16.370654	-0.927815
16.380636	-0.92905806
16.390618	-0.93030213
16.4006	-0.9315472
16.410582	-0.93279327
16.420564	-0.93404036
16.430546	-0.93528845
16.440528	-0.93653755
16.45051	-0.93778765
16.460492	-0.93903877
16.470474	-0.94029089
16.480456	-0.94154402
16.490438	-0.94279816
16.50042	-0.94405331
16.510402	-0.94530947
16.520384	-0.94656664
16.530366	-0.94782482
16.540348	-0.94908402
16.55033	-0.95034422
16.560312	-0.95160543
16.570294	-0.95286766
16.580276	-0.9541309
16.590258	-0.95539515
16.60024	-0.95666041
16.610222	-0.95792669
16.620204	-0.95919398
16.630186	-0.96046228
16.640168	-0.9617316
16.65015	-0.96300194
16.660132	-0.96427329
16.670114	-0.96554565
16.680096	-0.96681903
16.690078	-0.96809343
16.70006	-0.96936884
16.710042	-0.97064527
16.720024	-0.97192272
16.730006	-0.97320118
16.739988	-0.97448066
16.74997	-0.97576116
16.759952	-0.97704268
16.769934	-0.97832522
16.779916	-0.97960877
16.789898	-0.98089335
16.79988	-0.98217895
16.809862	-0.98346556
16.819844	-0.9847532
16.829826	-0.98604186
16.839808	-0.98733154
16.84979	-0.98862224
16.859772	-0.98991396
16.869754	-0.9912067
16.879736	-0.99250047
16.889718	-0.99379526
16.8997	-0.99509108
16.909682	-0.99638791
16.919664	-0.99768577
16.929646	-0.99898466
16.939628	-1.0002846
16.94961	-1.0015855
16.959592	-1.0028875
16.969574	-1.0041905
16.979556	-1.0054945
16.989538	-1.0067995
16.99952	-1.0081056
17.009502	-1.0094127
17.019484	-1.0107208
17.029466	-1.0120299
17.039448	-1.0133401
17.04943	-1.0146513
17.059412	-1.0159635
17.069394	-1.0172768
17.079376	-1.0185911
17.089358	-1.0199064
17.09934	-1.0212228
17.109322	-1.0225402
17.119304	-1.0238586
17.129286	-1.025178
17.139268	-1.0264985
17.14925	-1.02782
17.159232	-1.0291425
17.169214	-1.0304661
17.179196	-1.0317907
17.189178	-1.0331163
17.19916	-1.034443
17.209142	-1.0357707
17.219124	-1.0370995
17.229106	-1.0384292
17.239088	-1.03976
17.24907	-1.0410919
17.259052	-1.0424248
17.269034	-1.0437587
17.279016	-1.0450936
17.288998	-1.0464296
17.29898	-1.0477666
17.308962	-1.0491047
17.318944	-1.0504438
17.328926	-1.0517839
17.338908	-1.0531251
17.34889	-1.0544673
17.358872	-1.0558106
17.368854	-1.0571549
17.378836	-1.0585002
17.388818	-1.0598466
17.3988	-1.061194
17.408782	-1.0625424
17.418764	-1.0638919
17.428746	-1.0652425
17.438728	-1.066594
17.44871	-1.0679467
17.458692	-1.0693003
17.468674	-1.070655
17.478656	-1.0720108
17.488638	-1.0733676
17.49862	-1.0747254
17.508602	-1.0760843
17.518584	-1.0774442
17.528566	-1.0788051
17.538548	-1.0801672
17.54853	-1.0815302
17.558512	-1.0828943
17.568494	-1.0842595
17.578476	-1.0856256
17.588458	-1.0869929
17.59844	-1.0883612
17.608422	-1.0897305
17.618404	-1.0911009
17.628386	-1.0924723
17.638368	-1.0938448
17.64835	-1.0952183
17.658332	-1.0965929
17.668314	-1.0979685
17.678296	-1.0993452
17.688278	-1.1007229
17.69826	-1.1021016
17.708242	-1.1034815
17.718224	-1.1048623
17.728206	-1.1062443
17.738188	-1.1076272
17.74817	-1.1090113
17.758152	-1.1103963
17.768134	-1.1117825
17.778116	-1.1131696
17.788098	-1.1145579
17.79808	-1.1159472
17.808062	-1.1173375
17.818044	-1.1187289
17.828026	-1.1201213
17.838008	-1.1215148
17.84799	-1.1229094
17.857972	-1.124305
17.867954	-1.1257017
17.877936	-1.1270994
17.887918	-1.1284982
17.8979	-1.129898
17.907882	-1.1312989
17.917864	-1.1327009
17.927846	-1.1341039
17.937828	-1.1355079
17.94781	-1.1369131
17.957792	-1.1383192
17.967774	-1.1397265
17.977756	-1.1411348
17.987738	-1.1425441
17.99772	-1.1439546
18.007702	-1.145366
18.017684	-1.1467786
18.027666	-1.1481922
18.037648	-1.1496068
18.04763	-1.1510225
18.057612	-1.1524393
18.067594	-1.1538572
18.077576	-1.1552761
18.087558	-1.156696
18.09754	-1.1581171
18.107522	-1.1595392
18.117504	-1.1609623
18.127485	-1.1623865
18.137467	-1.1638118
18.147449	-1.1652382
18.157431	-1.1666656
18.167413	-1.1680941
18.177395	-1.1695236
18.187377	-1.1709542
18.197359	-1.1723859
18.207341	-1.1738186
18.217323	-1.1752524
18.227305	-1.1766873
18.237287	-1.1781233
18.247269	-1.1795603
18.257251	-1.1809983
18.267233	-1.1824375
18.277215	-1.1838777
18.287197	-1.185319
18.297179	-1.1867613
18.307161	-1.1882048
18.317143	-1.1896492
18.327125	-1.1910948
18.337107	-1.1925414
18.347089	-1.1939891
18.357071	-1.1954379
18.367053	-1.1968877
18.377035	-1.1983387
18.387017	-1.1997906
18.396999	-1.2012437
18.406981	-1.2026978
18.416963	-1.204153
18.426945	-1.2056093
18.436927	-1.2070666
18.446909	-1.2085251
18.456891	-1.2099845
18.466873	-1.2114451
18.476855	-1.2129068
18.486837	-1.2143695
18.496819	-1.2158333
18.506801	-1.2172981
18.516783	-1.2187641
18.526765	-1.2202311
18.536747	-1.2216992
18.546729	-1.2231684
18.556711	-1.2246386
18.566693	-1.2261099
18.576675	-1.2275823
18.586657	-1.2290558
18.596639	-1.2305304
18.606621	-1.232006
18.616603	-1.2334827
18.626585	-1.2349605
18.636567	-1.2364394
18.646549	-1.2379193
18.656531	-1.2394004
18.666513	-1.2408825
18.676495	-1.2423657
18.686477	-1.2438499
18.696459	-1.2453353
18.706441	-1.2468217
18.716423	-1.2483092
18.726405	-1.2497978
18.736387	-1.2512875
18.746369	-1.2527783
18.756351	-1.2542701
18.766333	-1.255763
18.776315	-1.257257
18.786297	-1.2587521
18.796279	-1.2602483
18.806261	-1.2617456
18.816243	-1.2632439
18.826225	-1.2647433
18.836207	-1.2662438
18.846189	-1.2677454
18.856171	-1.2692481
18.866153	-1.2707519
18.876135	-1.2722568
18.886117	-1.2737627
18.896099	-1.2752697
18.906081	-1.2767778
18.916063	-1.278287
18.926045	-1.2797973
18.936027	-1.2813087
18.946009	-1.2828212
18.955991	-1.2843347
18.965973	-1.2858494
18.975955	-1.2873651
18.985937	-1.2888819
18.995919	-1.2903998
19.005901	-1.2919188
19.015883	-1.2934389
19.025865	-1.2949601
19.035847	-1.2964824
19.045829	-1.2980057
19.055811	-1.2995302
19.065793	-1.3010557
19.075775	-1.3025824
19.085757	-1.3041101
19.095739	-1.3056389
19.105721	-1.3071688
19.115703	-1.3086998
19.125685	-1.3102319
19.135667	-1.3117651
19.145649	-1.3132994
19.155631	-1.3148348
19.165613	-1.3163713
19.175595	-1.3179088
19.185577	-1.3194475
19.195559	-1.3209873
19.205541	-1.3225281
19.215523	-1.3240701
19.225505	-1.3256131
19.235487	-1.3271573
19.245469	-1.3287025
19.255451	-1.3302488
19.265433	-1.3317963
19.275415	-1.3333448
19.285397	-1.3348944
19.295379	-1.3364451
19.305361	-1.3379969
19.315343	-1.3395499
19.325325	-1.3411039
19.335307	-1.342659
19.345289	-1.3442152
19.355271	-1.3457725
19.365253	-1.3473309
19.375235	-1.3488904
19.385217	-1.3504511
19.395199	-1.3520128
19.405181	-1.3535756
19.415163	-1.3551395
19.425145	-1.3567045
19.435127	-1.3582706
19.445109	-1.3598379
19.455091	-1.3614062
19.465073	-1.3629756
19.475055	-1.3645461
19.485037	-1.3661178
19.495019	-1.3676905
19.505001	-1.3692643
19.514983	-1.3708393
19.524965	-1.3724153
19.534947	-1.3739924
19.544929	-1.3755707
19.554911	-1.3771501
19.564893	-1.3787305
19.574875	-1.3803121
19.584857	-1.3818947
19.594839	-1.3834785
19.604821	-1.3850634
19.614803	-1.3866494
19.624785	-1.3882365
19.634767	-1.3898247
19.644749	-1.391414
19.654731	-1.3930044
19.664713	-1.3945959
19.674695	-1.3961886
19.684677	-1.3977823
19.694659	-1.3993771
19.704641	-1.4009731
19.714623	-1.4025701
19.724605	-1.4041683
19.734587	-1.4057676
19.744569	-1.407368
19.754551	-1.4089695
19.764533	-1.4105721
19.774515	-1.4121758
19.784497	-1.4137806
19.794479	-1.4153866
19.804461	-1.4169936
19.814443	-1.4186018
19.824425	-1.4202111
19.834407	-1.4218214
19.844389	-1.4234329
19.854371	-1.4250456
19.864353	-1.4266593
19.874335	-1.4282741
19.884317	-1.42989
19.894299	-1.4315071
19.904281	-1.4331253
19.914263	-1.4347446
19.924245	-1.436365
19.934227	-1.4379865
19.944209	-1.4396091
19.954191	-1.4412328
19.964173	-1.4428577
19.974155	-1.4444837
19.984137	-1.4461108
19.994119	-1.447739
20.004101	-1.4493683
20.014083	-1.4509987
20.024065	-1.4526303
20.034047	-1.4542629
20.044029	-1.4558967
20.054011	-1.4575316
20.063993	-1.4591676
20.073975	-1.4608048
20.083957	-1.462443
20.093939	-1.4640824
20.103921	-1.4657229
20.113903	-1.4673645
20.123885	-1.4690072
20.133867	-1.470651
20.143849	-1.472296
20.153831	-1.4739421
20.163813	-1.4755893
20.173795	-1.4772376
20.183777	-1.478887
20.193759	-1.4805376
20.203741	-1.4821893
20.213723	-1.4838421
20.223705	-1.485496
20.233687	-1.487151
20.243669	-1.4888072
20.253651	-1.4904645
20.263633	-1.4921229
20.273615	-1.4937824
20.283597	-1.4954431
20.293579	-1.4971049
20.303561	-1.4987677
20.313543	-1.5004318
20.323525	-1.5020969
20.333507	-1.5037632
20.343489	-1.5054306
20.353471	-1.5070991
20.363453	-1.5087687
20.373435	-1.5104395
20.383417	-1.5121114
20.393399	-1.5137844
20.403381	-1.5154585
20.413363	-1.5171338
20.423345	-1.5188101
20.433327	-1.5204876
20.443309	-1.5221663
20.453291	-1.523846
20.463273	-1.5255269
20.473255	-1.5272089
20.483237	-1.5288921
20.493219	-1.5305763
20.503201	-1.5322617
20.513183	-1.5339483
20.523165	-1.5356359
20.533147	-1.5373247
20.543129	-1.5390146
20.553111	-1.5407056
20.563093	-1.5423978
20.573075	-1.5440911
20.583057	-1.5457855
20.593039	-1.547481
20.603021	-1.5491777
20.613003	-1.5508755
20.622985	-1.5525744
20.632967	-1.5542745
20.642949	-1.5559757
20.652931	-1.557678
20.662913	-1.5593815
20.672895	-1.561086
20.682877	-1.5627918
20.692859	-1.5644986
20.702841	-1.5662066
20.712823	-1.5679157
20.722805	-1.5696259
20.732787	-1.5713373
20.742769	-1.5730498
20.752751	-1.5747634
20.762733	-1.5764782
20.772715	-1.5781941
20.782697	-1.5799111
20.792679	-1.5816293
20.802661	-1.5833486
20.812643	-1.585069
20.822625	-1.5867906
20.832607	-1.5885133
20.842589	-1.5902371
20.852571	-1.5919621
20.862553	-1.5936882
20.872535	-1.5954154
20.882517	-1.5971438
20.892498	-1.5988733
20.90248	-1.6006039
20.912462	-1.6023357
20.922444	-1.6040686
20.932426	-1.6058026
20.942408	-1.6075378
20.95239	-1.6092741
20.962372	-1.6110116
20.972354	-1.6127502
20.982336	-1.6144899
20.992318	-1.6162308
21.0023	-1.6179728
21.012282	-1.6197159
21.022264	-1.6214602
21.032246	-1.6232056
21.042228	-1.6249521
21.05221	-1.6266998
21.062192	-1.6284486
21.072174	-1.6301986
21.082156	-1.6319497
21.092138	-1.6337019
21.10212	-1.6354553
21.112102	-1.6372098
21.122084	-1.6389655
21.132066	-1.6407223
21.142048	-1.6424802
21.15203	-1.6442393
21.162012	-1.6459995
21.171994	-1.6477609
21.181976	-1.6495234
21.191958	-1.651287
21.20194	-1.6530518
21.211922	-1.6548177
21.221904	-1.6565847
21.231886	-1.6583529
21.241868	-1.6601223
21.25185	-1.6618928
21.261832	-1.6636644
21.271814	-1.6654372
21.281796	-1.6672111
21.291778	-1.6689861
21.30176	-1.6707623
21.311742	-1.6725396
21.321724	-1.6743181
21.331706	-1.6760977
21.341688	-1.6778785
21.35167	-1.6796604
21.361652	-1.6814434
21.371634	-1.6832276
21.381616	-1.685013
21.391598	-1.6867994
21.40158	-1.6885871
21.411562	-1.6903758
21.421544	-1.6921657
21.431526	-1.6939568
21.441508	-1.695749
21.45149	-1.6975423
21.461472	-1.6993368
21.471454	-1.7011324
21.481436	-1.7029292
21.491418	-1.7047271
21.5014	-1.7065262
21.511382	-1.7083264
21.521364	-1.7101278
21.531346	-1.7119303
21.541328	-1.7137339
21.55131	-1.7155387
21.561292	-1.7173447
21.571274	-1.7191518
21.581256	-1.72096
21.591238	-1.7227694
21.60122	-1.7245799
21.611202	-1.7263916
21.621184	-1.7282044
21.631166	-1.7300184
21.641148	-1.7318335
21.65113	-1.7336498
21.661112	-1.7354672
21.671094	-1.7372858
21.681076	-1.7391055
21.691058	-1.7409264
21.70104	-1.7427484
21.711022	-1.7445715
21.721004	-1.7463958
21.730986	-1.7482213
21.740968	-1.7500479
21.75095	-1.7518757
21.760932	-1.7537046
21.770914	-1.7555346
21.780896	-1.7573658
21.790878	-1.7591982
21.80086	-1.7610317
21.810842	-1.7628663
21.820824	-1.7647021
21.830806	-1.7665391
21.840788	-1.7683772
21.85077	-1.7702165
21.860752	-1.7720569
21.870734	-1.7738984
21.880716	-1.7757411
21.890698	-1.777585
21.90068	-1.77943
21.910662	-1.7812762
21.920644	-1.7831235
21.930626	-1.7849719
21.940608	-1.7868216
21.95059	-1.7886723
21.960572	-1.7905243
21.970554	-1.7923773
21.980536	-1.7942316
21.990518	-1.7960869
22.0005	-1.7979435
22.010482	-1.7998011
22.020464	-1.80166
22.030446	-1.80352
22.040428	-1.8053811
22.05041	-1.8072434
22.060392	-1.8091069
22.070374	-1.8109715
22.080356	-1.8128372
22.090338	-1.8147041
22.10032	-1.8165722
22.110302	-1.8184414
22.120284	-1.8203118
22.130266	-1.8221833
22.140248	-1.824056
22.15023	-1.8259298
22.160212	-1.8278048
22.170194	-1.829681
22.180176	-1.8315583
22.190158	-1.8334367
22.20014	-1.8353163
22.210122	-1.8371971
22.220104	-1.839079
22.230086	-1.8409621
22.240068	-1.8428463
22.25005	-1.8447317
22.260032	-1.8466182
22.270014	-1.8485059
22.279996	-1.8503948
22.289978	-1.8522848
22.29996	-1.854176
22.309942	-1.8560683
22.319924	-1.8579618
22.329906	-1.8598564
22.339888	-1.8617522
22.34987	-1.8636491
22.359852	-1.8655472
22.369834	-1.8674465
22.379816	-1.8693469
22.389798	-1.8712485
22.39978	-1.8731512
22.409762	-1.8750551
22.419744	-1.8769602
22.429726	-1.8788664
22.439708	-1.8807737
22.44969	-1.8826823
22.459672	-1.8845919
22.469654	-1.8865028
22.479636	-1.8884148
22.489618	-1.8903279
22.4996	-1.8922422
22.509582	-1.8941577
22.519564	-1.8960743
22.529546	-1.8979921
22.539528	-1.8999111
22.54951	-1.9018312
22.559492	-1.9037524
22.569474	-1.9056748
22.579456	-1.9075984
22.589438	-1.9095232
22.59942	-1.911449
22.609402	-1.9133761
22.619384	-1.9153043
22.629366	-1.9172337
22.639348	-1.9191642
22.64933	-1.9210959
22.659312	-1.9230288
22.669294	-1.9249628
22.679276	-1.926898
22.689258	-1.9288343
22.69924	-1.9307718
22.709222	-1.9327104
22.719204	-1.9346503
22.729186	-1.9365912
22.739168	-1.9385334
22.74915	-1.9404766
22.759132	-1.9424211
22.769114	-1.9443667
22.779096	-1.9463135
22.789078	-1.9482614
22.79906	-1.9502105
22.809042	-1.9521608
22.819024	-1.9541122
22.829006	-1.9560648
22.838988	-1.9580185
22.84897	-1.9599734
22.858952	-1.9619295
22.868934	-1.9638867
22.878916	-1.9658451
22.888898	-1.9678046
22.89888	-1.9697653
22.908862	-1.9717272
22.918844	-1.9736902
22.928826	-1.9756544
22.938808	-1.9776198
22.94879	-1.9795863
22.958772	-1.981554
22.968754	-1.9835228
22.978736	-1.9854928
22.988718	-1.987464
22.9987	-1.9894363
23.008682	-1.9914098
23.018664	-1.9933845
23.028646	-1.9953603
23.038628	-1.9973372
23.04861	-1.9993154
23.058592	-2.0012947
23.068574	-2.0032751
23.078556	-2.0052568
23.088538	-2.0072395
23.09852	-2.0092235
23.108502	-2.0112086
23.118484	-2.0131949
23.128466	-2.0151823
23.138448	-2.0171709
23.14843	-2.0191607
23.158412	-2.0211516
23.168394	-2.0231437
23.178376	-2.025137
23.188358	-2.0271314
23.19834	-2.029127
23.208322	-2.0311237
23.218304	-2.0331216
23.228286	-2.0351207
23.238268	-2.0371209
23.24825	-2.0391223
23.258232	-2.0411249
23.268214	-2.0431286
23.278196	-2.0451335
23.288178	-2.0471395
23.29816	-2.0491467
23.308142	-2.0511551
23.318124	-2.0531647
23.328106	-2.0551754
23.338088	-2.0571872
23.34807	-2.0592003
23.358052	-2.0612145
23.368034	-2.0632298
23.378016	-2.0652463
23.387998	-2.067264
23.39798	-2.0692829
23.407962	-2.0713029
23.417944	-2.0733241
23.427926	-2.0753464
23.437908	-2.0773699
23.44789	-2.0793946
23.457872	-2.0814204
23.467854	-2.0834475
23.477836	-2.0854756
23.487818	-2.0875049
23.4978	-2.0895354
23.507782	-2.0915671
23.517764	-2.0935999
23.527746	-2.0956339
23.537728	-2.0976691
23.54771	-2.0997054
23.557692	-2.1017429
23.567674	-2.1037815
23.577656	-2.1058213
23.587638	-2.1078623
23.59762	-2.1099044
23.607602	-2.1119477
23.617584	-2.1139922
23.627566	-2.1160378
23.637548	-2.1180846
23.64753	-2.1201326
23.657512	-2.1221817
23.667493	-2.124232
23.677475	-2.1262835
23.687457	-2.1283361
23.697439	-2.1303899
23.707421	-2.1324448
23.717403	-2.1345009
23.727385	-2.1365582
23.737367	-2.1386167
23.747349	-2.1406763
23.757331	-2.1427371
23.767313	-2.144799
23.777295	-2.1468621
23.787277	-2.1489264
23.797259	-2.1509918
23.807241	-2.1530584
23.817223	-2.1551262
23.827205	-2.1571951
23.837187	-2.1592652
23.847169	-2.1613364
23.857151	-2.1634089
23.867133	-2.1654824
23.877115	-2.1675572
23.887097	-2.1696331
23.897079	-2.1717102
23.907061	-2.1737884
23.917043	-2.1758679
23.927025	-2.1779484
23.937007	-2.1800302
23.946989	-2.1821131
23.956971	-2.1841971
23.966953	-2.1862824
23.976935	-2.1883688
23.986917	-2.1904564
23.996899	-2.1925451
24.006881	-2.194635
24.016863	-2.196726
24.026845	-2.1988183
24.036827	-2.2009116
24.046809	-2.2030062
24.056791	-2.2051019
24.066773	-2.2071988
24.076755	-2.2092969
24.086737	-2.2113961
24.096719	-2.2134964
24.106701	-2.215598
24.116683	-2.2177007
24.126665	-2.2198046
24.136647	-2.2219096
24.146629	-2.2240158
24.156611	-2.2261232
24.166593	-2.2282317
24.176575	-2.2303414
24.186557	-2.2324522
24.196539	-2.2345643
24.206521	-2.2366775
24.216503	-2.2387918
24.226485	-2.2409073
24.236467	-2.243024
24.246449	-2.2451418
24.256431	-2.2472609
24.266413	-2.249381
24.276395	-2.2515024
24.286377	-2.2536249
24.296359	-2.2557485
24.306341	-2.2578734
24.316323	-2.2599994
24.326305	-2.2621265
24.336287	-2.2642548
24.346269	-2.2663843
24.356251	-2.268515
24.366233	-2.2706468
24.376215	-2.2727798
24.386197	-2.2749139
24.396179	-2.2770492
24.406161	-2.2791857
24.416143	-2.2813233
24.426125	-2.2834621
24.436107	-2.2856021
24.446089	-2.2877432
24.456071	-2.2898855
24.466053	-2.292029
24.476035	-2.2941736
24.486017	-2.2963194
24.495999	-2.2984663
24.505981	-2.3006144
24.515963	-2.3027637
24.525945	-2.3049141
24.535927	-2.3070657
24.545909	-2.3092185
24.555891	-2.3113724
24.565873	-2.3135275
24.575855	-2.3156837
24.585837	-2.3178411
24.595819	-2.3199997
24.605801	-2.3221594
24.615783	-2.3243203
24.625765	-2.3264824
24.635747	-2.3286456
24.645729	-2.33081
24.655711	-2.3329756
24.665693	-2.3351423
24.675675	-2.3373102
24.685657	-2.3394792
24.695639	-2.3416494
24.705621	-2.3438208
24.715603	-2.3459933
24.725585	-2.348167
24.735567	-2.3503418
24.745549	-2.3525178
24.755531	-2.354695
24.765513	-2.3568734
24.775495	-2.3590529
24.785477	-2.3612335
24.795459	-2.3634153
24.805441	-2.3655983
24.815423	-2.3677825
24.825405	-2.3699678
24.835387	-2.3721542
24.845369	-2.3743419
24.855351	-2.3765307
24.865333	-2.3787206
24.875315	-2.3809117
24.885297	-2.383104
24.895279	-2.3852974
24.905261	-2.387492
24.915243	-2.3896878
24.925225	-2.3918847
24.935207	-2.3940828
24.945189	-2.396282
24.955171	-2.3984824
24.965153	-2.400684
24.975135	-2.4028867
24.985117	-2.4050906
24.995099	-2.4072956
25.005081	-2.4095018
25.015063	-2.4117092
25.025045	-2.4139177
25.035027	-2.4161274
25.045009	-2.4183382
25.054991	-2.4205503
25.064973	-2.4227634
25.074955	-2.4249777
25.084937	-2.4271932
25.094919	-2.4294099
25.104901	-2.4316277
25.114883	-2.4338466
25.124865	-2.4360667
25.134847	-2.438288
25.144829	-2.4405104
25.154811	-2.442734
25.164793	-2.4449588
25.174775	-2.4471847
25.184757	-2.4494118
25.194739	-2.45164
25.204721	-2.4538694
25.214703	-2.4560999
25.224685	-2.4583316
25.234667	-2.4605645
25.244649	-2.4627985
25.254631	-2.4650337
25.264613	-2.46727
25.274595	-2.4695075
25.284577	-2.4717462
25.294559	-2.473986
25.304541	-2.476227
25.314523	-2.4784691
25.324505	-2.4807124
25.334487	-2.4829568
25.344469	-2.4852024
25.354451	-2.4874491
25.364433	-2.489697
25.374415	-2.4919461
25.384397	-2.4941963
25.394379	-2.4964477
25.404361	-2.4987002
25.414343	-2.5009539
25.424325	-2.5032088
25.434307	-2.5054648
25.444289	-2.5077219
25.454271	-2.5099802
25.464253	-2.5122397
25.474235	-2.5145003
25.484217	-2.5167621
25.494199	-2.5190251
25.504181	-2.5212891
25.514163	-2.5235544
25.524145	-2.5258208
25.534127	-2.5280883
25.544109	-2.530357
25.554091	-2.5326269
25.564073	-2.5348979
25.574055	-2.5371701
25.584037	-2.5394434
25.594019	-2.5417179
25.604001	-2.5439935
25.613983	-2.5462703
25.623965	-2.5485483
25.633947	-2.5508274
25.643929	-2.5531076
25.653911	-2.555389
25.663893	-2.5576716
25.673875	-2.5599553
25.683857	-2.5622401
25.693839	-2.5645261
25.703821	-2.5668133
25.713803	-2.5691016
25.723785	-2.5713911
25.733767	-2.5736817
25.743749	-2.5759735
25.753731	-2.5782664
25.763713	-2.5805605
25.773695	-2.5828557
25.783677	-2.5851521
25.793659	-2.5874496
25.803641	-2.5897483
25.813623	-2.5920482
25.823605	-2.5943491
25.833587	-2.5966513
25.843569	-2.5989546
25.853551	-2.601259
25.863533	-2.6035646
25.873515	-2.6058713
25.883497	-2.6081792
25.893479	-2.6104882
25.903461	-2.6127984
25.913443	-2.6151098
25.923425	-2.6174222
25.933407	-2.6197359
25.943389	-2.6220507
25.953371	-2.6243666
25.963353	-2.6266837
25.973335	-2.6290019
25.983317	-2.6313213
25.993299	-2.6336418
26.003281	-2.6359635
26.013263	-2.6382863
26.023245	-2.6406103
26.033227	-2.6429354
26.043209	-2.6452617
26.053191	-2.6475891
26.063173	-2.6499176
26.073155	-2.6522473
26.083137	-2.6545782
26.093119	-2.6569102
26.103101	-2.6592433
26.113083	-2.6615776
26.123065	-2.6639131
26.133047	-2.6662497
26.143029	-2.6685874
26.153011	-2.6709263
26.162993	-2.6732663
26.172975	-2.6756075
26.182957	-2.6779498
26.192939	-2.6802932
26.202921	-2.6826378
26.212903	-2.6849836
26.222885	-2.6873305
26.232867	-2.6896785
26.242849	-2.6920277
26.252831	-2.694378
26.262813	-2.6967295
26.272795	-2.6990821
26.282777	-2.7014358
26.292759	-2.7037907
26.302741	-2.7061468
26.312723	-2.708504
26.322705	-2.7108623
26.332687	-2.7132218
26.342669	-2.7155824
26.352651	-2.7179441
26.362633	-2.720307
26.372615	-2.7226711
26.382597	-2.7250362
26.392579	-2.7274026
26.402561	-2.72977
26.412543	-2.7321386
26.422525	-2.7345084
26.432507	-2.7368793
26.442488	-2.7392513
26.45247	-2.7416244
26.462452	-2.7439987
26.472434	-2.7463742
26.482416	-2.7487508
26.492398	-2.7511285
26.50238	-2.7535074
26.512362	-2.7558874
26.522344	-2.7582685
26.532326	-2.7606508
26.542308	-2.7630342
26.55229	-2.7654188
26.562272	-2.7678045
26.572254	-2.7701913
26.582236	-2.7725793
26.592218	-2.7749684
26.6022	-2.7773586
26.612182	-2.77975
26.622164	-2.7821425
26.632146	-2.7845362
26.642128	-2.786931
26.65211	-2.7893269
26.662092	-2.7917239
26.672074	-2.7941221
26.682056	-2.7965215
26.692038	-2.798922
26.70202	-2.8013236
26.712002	-2.8037263
26.721984	-2.8061302
26.731966	-2.8085352
26.741948	-2.8109413
26.75193	-2.8133486
26.761912	-2.815757
26.771894	-2.8181666
26.781876	-2.8205773
26.791858	-2.8229891
26.80184	-2.825402
26.811822	-2.8278161
26.821804	-2.8302313
26.831786	-2.8326477
26.841768	-2.8350651
26.85175	-2.8374837
26.861732	-2.8399035
26.871714	-2.8423243
26.881696	-2.8447464
26.891678	-2.8471695
26.90166	-2.8495938
26.911642	-2.8520191
26.921624	-2.8544457
26.931606	-2.8568733
26.941588	-2.8593021
26.95157	-2.861732
26.961552	-2.8641631
26.971534	-2.8665953
26.981516	-2.8690286
26.991498	-2.871463
27.00148	-2.8738985
27.011462	-2.8763352
27.021444	-2.8787731
27.031426	-2.881212
27.041408	-2.8836521
27.05139	-2.8860933
27.061372	-2.8885356
27.071354	-2.8909791
27.081336	-2.8934236
27.091318	-2.8958693
27.1013	-2.8983162
27.111282	-2.9007641
27.121264	-2.9032132
27.131246	-2.9056634
27.141228	-2.9081148
27.15121	-2.9105672
27.161192	-2.9130208
27.171174	-2.9154755
27.181156	-2.9179314
27.191138	-2.9203883
27.20112	-2.9228464
27.211102	-2.9253056
27.221084	-2.9277659
27.231066	-2.9302274
27.241048	-2.93269
27.25103	-2.9351537
27.261012	-2.9376185
27.270994	-2.9400844
27.280976	-2.9425515
27.290958	-2.9450197
27.30094	-2.947489
27.310922	-2.9499594
27.320904	-2.9524309
27.330886	-2.9549036
27.340868	-2.9573774
27.35085	-2.9598523
27.360832	-2.9623283
27.370814	-2.9648055
27.380796	-2.9672838
27.390778	-2.9697631
27.40076	-2.9722436
27.410742	-2.9747253
27.420724	-2.977208
27.430706	-2.9796919
27.440688	-2.9821768
27.45067	-2.9846629
27.460652	-2.9871501
27.470634	-2.9896385
27.480616	-2.9921279
27.490598	-2.9946185
27.50058	-2.9971102
27.510562	-2.9996029
27.520544	-3.0020969
27.530526	-3.0045919
27.540508	-3.007088
27.55049	-3.0095853
27.560472	-3.0120836
27.570454	-3.0145831
27.580436	-3.0170837
27.590418	-3.0195854
27.6004	-3.0220882
27.610382	-3.0245922
27.620364	-3.0270972
27.630346	-3.0296034
27.640328	-3.0321106
27.65031	-3.034619
27.660292	-3.0371285
27.670274	-3.0396391
27.680256	-3.0421508
27.690238	-3.0446637
27.70022	-3.0471776
27.710202	-3.0496927
27.720184	-3.0522088
27.730166	-3.0547261
27.740148	-3.0572445
27.75013	-3.059764
27.760112	-3.0622845
27.770094	-3.0648062
27.780076	-3.0673291
27.790058	-3.069853
27.80004	-3.072378
27.810022	-3.0749041
27.820004	-3.0774314
27.829986	-3.0799597
27.839968	-3.0824892
27.84995	-3.0850197
27.859932	-3.0875514
27.869914	-3.0900842
27.879896	-3.0926181
27.889878	-3.095153
27.89986	-3.0976891
27.909842	-3.1002263
27.919824	-3.1027646
27.929806	-3.105304
27.939788	-3.1078445
27.94977	-3.1103861
27.959752	-3.1129288
27.969734	-3.1154726
27.979716	-3.1180176
27.989698	-3.1205636
27.99968	-3.1231107
28.009662	-3.1256589
28.019644	-3.1282082
28.029626	-3.1307586
28.039608	-3.1333102
28.04959	-3.1358628
28.059572	-3.1384165
28.069554	-3.1409713
28.079536	-3.1435272
28.089518	-3.1460843
28.0995	-3.1486424
28.109482	-3.1512016
28.119464	-3.1537619
28.129446	-3.1563233
28.139428	-3.1588858
28.14941	-3.1614494
28.159392	-3.1640141
28.169374	-3.1665799
28.179356	-3.1691468
28.189338	-3.1717148
28.19932	-3.1742839
28.209302	-3.1768541
28.219284	-3.1794253
28.229266	-3.1819977
28.239248	-3.1845712
28.24923	-3.1871457
28.259212	-3.1897214
28.269194	-3.1922981
28.279176	-3.1948759
28.289158	-3.1974549
28.29914	-3.2000349
28.309122	-3.202616
28.319104	-3.2051982
28.329086	-3.2077815
28.339068	-3.2103659
28.34905	-3.2129513
28.359032	-3.2155379
28.369014	-3.2181256
28.378996	-3.2207143
28.388978	-3.2233041
28.39896	-3.2258951
28.408942	-3.2284871
28.418924	-3.2310802
28.428906	-3.2336744
28.438888	-3.2362696
28.44887	-3.238866
28.458852	-3.2414635
28.468834	-3.244062
28.478816	-3.2466616
28.488798	-3.2492623
28.49878	-3.2518641
28.508762	-3.254467
28.518744	-3.2570709
28.528726	-3.259676
28.538708	-3.2622821
28.54869	-3.2648893
28.558672	-3.2674976
28.568654	-3.270107
28.578636	-3.2727175
28.588618	-3.275329
28.5986	-3.2779417
28.608582	-3.2805554
28.618564	-3.2831702
28.628546	-3.285786
28.638528	-3.288403
28.64851	-3.291021
28.658492	-3.2936401
28.668474	-3.2962603
28.678456	-3.2988816
28.688438	-3.3015039
28.69842	-3.3041274
28.708402	-3.3067519
28.718384	-3.3093775
28.728366	-3.3120041
28.738348	-3.3146319
28.74833	-3.3172607
28.758312	-3.3198906
28.768294	-3.3225216
28.778276	-3.3251536
28.788258	-3.3277867
28.79824	-3.3304209
28.808222	-3.3330562
28.818204	-3.3356925
28.828186	-3.3383299
28.838168	-3.3409684
28.84815	-3.343608
28.858132	-3.3462486
28.868114	-3.3488904
28.878096	-3.3515331
28.888078	-3.354177
28.89806	-3.3568219
28.908042	-3.3594679
28.918024	-3.362115
28.928006	-3.3647631
28.937988	-3.3674123
28.94797	-3.3700626
28.957952	-3.3727139
28.967934	-3.3753664
28.977916	-3.3780198
28.987898	-3.3806744
28.99788	-3.38333
29.007862	-3.3859867
29.017844	-3.3886444
29.027826	-3.3913033
29.037808	-3.3939631
29.04779	-3.3966241
29.057772	-3.3992861
29.067754	-3.4019492
29.077736	-3.4046133
29.087718	-3.4072785
29.0977	-3.4099448
29.107682	-3.4126122
29.117664	-3.4152806
29.127646	-3.41795
29.137628	-3.4206205
29.14761	-3.4232921
29.157592	-3.4259648
29.167574	-3.4286385
29.177556	-3.4313133
29.187538	-3.4339891
29.19752	-3.436666
29.207502	-3.4393439
29.217483	-3.4420229
29.227465	-3.444703
29.237447	-3.4473841
29.247429	-3.4500663
29.257411	-3.4527496
29.267393	-3.4554339
29.277375	-3.4581192
29.287357	-3.4608056
29.297339	-3.4634931
29.307321	-3.4661816
29.317303	-3.4688712
29.327285	-3.4715618
29.337267	-3.4742535
29.347249	-3.4769463
29.357231	-3.4796401
29.367213	-3.4823349
29.377195	-3.4850308
29.387177	-3.4877278
29.397159	-3.4904258
29.407141	-3.4931249
29.417123	-3.495825
29.427105	-3.4985261
29.437087	-3.5012283
29.447069	-3.5039316
29.457051	-3.5066359
29.467033	-3.5093413
29.477015	-3.5120477
29.486997	-3.5147552
29.496979	-3.5174637
29.506961	-3.5201732
29.516943	-3.5228838
29.526925	-3.5255955
29.536907	-3.5283082
29.546889	-3.5310219
29.556871	-3.5337367
29.566853	-3.5364525
29.576835	-3.5391694
29.586817	-3.5418873
29.596799	-3.5446063
29.606781	-3.5473263
29.616763	-3.5500474
29.626745	-3.5527695
29.636727	-3.5554926
29.646709	-3.5582168
29.656691	-3.560942
29.666673	-3.5636683
29.676655	-3.5663956
29.686637	-3.5691239
29.696619	-3.5718533
29.706601	-3.5745837
29.716583	-3.5773152
29.726565	-3.5800477
29.736547	-3.5827812
29.746529	-3.5855158
29.756511	-3.5882514
29.766493	-3.5909881
29.776475	-3.5937258
29.786457	-3.5964645
29.796439	-3.5992043
29.806421	-3.6019451
29.816403	-3.6046869
29.826385	-3.6074297
29.836367	-3.6101736
29.846349	-3.6129186
29.856331	-3.6156645
29.866313	-3.6184115
29.876295	-3.6211596
29.886277	-3.6239086
29.896259	-3.6266587
29.906241	-3.6294099
29.916223	-3.632162
29.926205	-3.6349152
29.936187	-3.6376694
29.946169	-3.6404247
29.956151	-3.6431809
29.966133	-3.6459382
29.976115	-3.6486966
29.986097	-3.6514559
29.996079	-3.6542163
30.006061	-3.6569777
30.016043	-3.6597401
30.026025	-3.6625036
30.036007	-3.6652681
30.045989	-3.6680336
30.055971	-3.6708001
30.065953	-3.6735677
30.075935	-3.6763363
30.085917	-3.6791059
30.095899	-3.6818765
30.105881	-3.6846482
30.115863	-3.6874209
30.125845	-3.6901946
30.135827	-3.6929693
30.145809	-3.695745
30.155791	-3.6985218
30.165773	-3.7012995
30.175755	-3.7040783
30.185737	-3.7068582
30.195719	-3.709639
30.205701	-3.7124208
30.215683	-3.7152037
30.225665	-3.7179876
30.235647	-3.7207725
30.245629	-3.7235584
30.255611	-3.7263453
30.265593	-3.7291333
30.275575	-3.7319223
30.285557	-3.7347122
30.295539	-3.7375032
30.305521	-3.7402952
30.315503	-3.7430882
30.325485	-3.7458823
30.335467	-3.7486773
30.345449	-3.7514734
30.355431	-3.7542704
30.365413	-3.7570685
30.375395	-3.7598676
30.385377	-3.7626677
30.395359	-3.7654688
30.405341	-3.7682709
30.415323	-3.771074
30.425305	-3.7738781
30.435287	-3.7766833
30.445269	-3.7794894
30.455251	-3.7822966
30.465233	-3.7851047
30.475215	-3.7879139
30.485197	-3.790724
30.495179	-3.7935352
30.505161	-3.7963474
30.515143	-3.7991606
30.525125	-3.8019747
30.535107	-3.8047899
30.545089	-3.8076061
30.555071	-3.8104233
30.565053	-3.8132415
30.575035	-3.8160607
30.585017	-3.8188809
30.594999	-3.821702
30.604981	-3.8245242
30.614963	-3.8273474
30.624945	-3.8301716
30.634927	-3.8329968
30.644909	-3.835823
30.654891	-3.8386501
30.664873	-3.8414783
30.674855	-3.8443075
30.684837	-3.8471377
30.694819	-3.8499688
30.704801	-3.852801
30.714783	-3.8556341
30.724765	-3.8584683
30.734747	-3.8613034
30.744729	-3.8641395
30.754711	-3.8669767
30.764693	-3.8698148
30.774675	-3.8726539
30.784657	-3.875494
30.794639	-3.8783351
30.804621	-3.8811771
30.814603	-3.8840202
30.824585	-3.8868642
30.834567	-3.8897093
30.844549	-3.8925553
30.854531	-3.8954023
30.864513	-3.8982503
30.874495	-3.9010993
30.884477	-3.9039493
30.894459	-3.9068003
30.904441	-3.9096522
30.914423	-3.9125052
30.924405	-3.9153591
30.934387	-3.918214
30.944369	-3.9210699
30.954351	-3.9239267
30.964333	-3.9267846
30.974315	-3.9296434
30.984297	-3.9325032
30.994279	-3.935364
31.004261	-3.9382258
31.014243	-3.9410885
31.024225	-3.9439522
31.034207	-3.946817
31.044189	-3.9496826
31.054171	-3.9525493
31.064153	-3.9554169
31.074135	-3.9582856
31.084117	-3.9611552
31.094099	-3.9640257
31.104081	-3.9668973
31.114063	-3.9697698
31.124045	-3.9726433
31.134027	-3.9755177
31.144009	-3.9783932
31.153991	-3.9812696
31.163973	-3.984147
31.173955	-3.9870253
31.183937	-3.9899047
31.193919	-3.992785
31.203901	-3.9956662
31.213883	-3.9985485
31.223865	-4.0014317
31.233847	-4.0043159
31.243829	-4.007201
31.253811	-4.0100871
31.263793	-4.0129742
31.273775	-4.0158622
31.283757	-4.0187513
31.293739	-4.0216412
31.303721	-4.0245322
31.313703	-4.0274241
31.323685	-4.030317
31.333667	-4.0332108
31.343649	-4.0361056
31.353631	-4.0390013
31.363613	-4.0418981
31.373595	-4.0447958
31.383577	-4.0476944
31.393559	-4.050594
31.403541	-4.0534946
31.413523	-4.0563961
31.423505	-4.0592986
31.433487	-4.062202
31.443469	-4.0651064
31.453451	-4.0680118
31.463433	-4.0709181
31.473415	-4.0738254
31.483397	-4.0767336
31.493379	-4.0796428
31.503361	-4.0825529
31.513343	-4.085464
31.523325	-4.0883761
31.533307	-4.0912891
31.543289	-4.094203
31.553271	-4.0971179
31.563253	-4.1000338
31.573235	-4.1029506
31.583217	-4.1058683
31.593199	-4.108787
31.603181	-4.1117067
31.613163	-4.1146273
31.623145	-4.1175489
31.633127	-4.1204714
31.643109	-4.1233948
31.653091	-4.1263192
31.663073	-4.1292446
31.673055	-4.1321708
31.683037	-4.1350981
31.693019	-4.1380263
31.703001	-4.1409554
31.712983	-4.1438855
31.722965	-4.1468165
31.732947	-4.1497484
31.742929	-4.1526813
31.752911	-4.1556152
31.762893	-4.1585499
31.772875	-4.1614857
31.782857	-4.1644223
31.792839	-4.1673599
31.802821	-4.1702985
31.812803	-4.1732379
31.822785	-4.1761784
31.832767	-4.1791197
31.842749	-4.182062
31.852731	-4.1850052
31.862713	-4.1879494
31.872695	-4.1908945
31.882677	-4.1938405
31.892659	-4.1967875
31.902641	-4.1997354
31.912623	-4.2026842
31.922605	-4.205634
31.932587	-4.2085847
31.942569	-4.2115363
31.952551	-4.2144889
31.962533	-4.2174424
31.972515	-4.2203968
31.982496	-4.2233522
31.992478	-4.2263085
32.00246	-4.2292657
32.012442	-4.2322238
32.022424	-4.2351829
32.032406	-4.2381429
32.042388	-4.2411038
32.05237	-4.2440656
32.062352	-4.2470284
32.072334	-4.2499921
32.082316	-4.2529567
32.092298	-4.2559223
32.10228	-4.2588887
32.112262	-4.2618561
32.122244	-4.2648244
32.132226	-4.2677937
32.142208	-4.2707638
32.15219	-4.2737349
32.162172	-4.2767069
32.172154	-4.2796798
32.182136	-4.2826536
32.192118	-4.2856284
32.2021	-4.288604
32.212082	-4.2915806
32.222064	-4.2945581
32.232046	-4.2975365
32.242028	-4.3005159
32.25201	-4.3034961
32.261992	-4.3064773
32.271974	-4.3094593
32.281956	-4.3124423
32.291938	-4.3154262
32.30192	-4.318411
32.311902	-4.3213968
32.321884	-4.3243834
32.331866	-4.3273709
32.341848	-4.3303594
32.35183	-4.3333487
32.361812	-4.336339
32.371794	-4.3393302
32.381776	-4.3423223
32.391758	-4.3453153
32.40174	-4.3483092
32.411722	-4.351304
32.421704	-4.3542997
32.431686	-4.3572963
32.441668	-4.3602938
32.45165	-4.3632923
32.461632	-4.3662916
32.471614	-4.3692918
32.481596	-4.3722929
32.491578	-4.375295
32.50156	-4.3782979
32.511542	-4.3813018
32.521524	-4.3843065
32.531506	-4.3873121
32.541488	-4.3903187
32.55147	-4.3933261
32.561452	-4.3963344
32.571434	-4.3993436
32.581416	-4.4023538
32.591398	-4.4053648
32.60138	-4.4083767
32.611362	-4.4113895
32.621344	-4.4144032
32.631326	-4.4174178
32.641308	-4.4204333
32.65129	-4.4234497
32.661272	-4.4264669
32.671254	-4.4294851
32.681236	-4.4325042
32.691218	-4.4355241
32.7012	-4.4385449
32.711182	-4.4415667
32.721164	-4.4445893
32.731146	-4.4476128
32.741128	-4.4506372
32.75111	-4.4536624
32.761092	-4.4566886
32.771074	-4.4597156
32.781056	-4.4627436
32.791038	-4.4657724
32.80102	-4.4688021
32.811002	-4.4718327
32.820984	-4.4748641
32.830966	-4.4778965
32.840948	-4.4809297
32.85093	-4.4839638
32.860912	-4.4869988
32.870894	-4.4900347
32.880876	-4.4930714
32.890858	-4.4961091
32.90084	-4.4991476
32.910822	-4.502187
32.920804	-4.5052272
32.930786	-4.5082684
32.940768	-4.5113104
32.95075	-4.5143533
32.960732	-4.517397
32.970714	-4.5204417
32.980696	-4.5234872
32.990678	-4.5265336
33.00066	-4.5295808
33.010642	-4.5326289
33.020624	-4.5356779
33.030606	-4.5387278
33.040588	-4.5417786
33.05057	-4.5448302
33.060552	-4.5478826
33.070534	-4.550936
33.080516	-4.5539902
33.090498	-4.5570453
33.10048	-4.5601012
33.110462	-4.5631581
33.120444	-4.5662157
33.130426	-4.5692743
33.140408	-4.5723337
33.15039	-4.575394
33.160372	-4.5784551
33.170354	-4.5815171
33.180336	-4.58458
33.190318	-4.5876437
33.2003	-4.5907083
33.210282	-4.5937737
33.220264	-4.59684
33.230246	-4.5999072
33.240228	-4.6029752
33.25021	-4.6060441
33.260192	-4.6091138
33.270174	-4.6121844
33.280156	-4.6152559
33.290138	-4.6183282
33.30012	-4.6214013
33.310102	-4.6244753
33.320084	-4.6275502
33.330066	-4.6306259
33.340048	-4.6337025
33.35003	-4.6367799
33.360012	-4.6398582
33.369994	-4.6429373
33.379976	-4.6460173
33.389958	-4.6490981
33.39994	-4.6521798
33.409922	-4.6552623
33.419904	-4.6583457
33.429886	-4.6614299
33.439868	-4.664515
33.44985	-4.6676009
33.459832	-4.6706876
33.469814	-4.6737752
33.479796	-4.6768637
33.489778	-4.679953
33.49976	-4.6830431
33.509742	-4.6861341
33.519724	-4.6892259
33.529706	-4.6923186
33.539688	-4.6954121
33.54967	-4.6985064
33.559652	-4.7016016
33.569634	-4.7046976
33.579616	-4.7077945
33.589598	-4.7108921
33.59958	-4.7139907
33.609562	-4.71709
33.619544	-4.7201902
33.629526	-4.7232913
33.639508	-4.7263932
33.64949	-4.7294959
33.659472	-4.7325994
33.669454	-4.7357038
33.679436	-4.738809
33.689418	-4.741915
33.6994	-4.7450219
33.709382	-4.7481296
33.719364	-4.7512381
33.729346	-4.7543475
33.739328	-4.7574577
33.74931	-4.7605687
33.759292	-4.7636805
33.769274	-4.7667932
33.779256	-4.7699067
33.789238	-4.773021
33.79922	-4.7761361
33.809202	-4.7792521
33.819184	-4.7823689
33.829166	-4.7854865
33.839148	-4.788605
33.84913	-4.7917242
33.859112	-4.7948443
33.869094	-4.7979652
33.879076	-4.8010869
33.889058	-4.8042095
33.89904	-4.8073329
33.909022	-4.810457
33.919004	-4.813582
33.928986	-4.8167079
33.938968	-4.8198345
33.94895	-4.8229619
33.958932	-4.8260902
33.968914	-4.8292193
33.978896	-4.8323492
33.988878	-4.8354799
33.99886	-4.8386114
34.008842	-4.8417437
34.018824	-4.8448769
34.028806	-4.8480108
34.038788	-4.8511456
34.04877	-4.8542812
34.058752	-4.8574176
34.068734	-4.8605548
34.078716	-4.8636928
34.088698	-4.8668316
34.09868	-4.8699712
34.108662	-4.8731116
34.118644	-4.8762528
34.128626	-4.8793949
34.138608	-4.8825377
34.14859	-4.8856813
34.158572	-4.8888258
34.168554	-4.891971
34.178536	-4.8951171
34.188518	-4.8982639
34.1985	-4.9014116
34.208482	-4.90456
34.218464	-4.9077093
34.228446	-4.9108593
34.238428	-4.9140102
34.24841	-4.9171618
34.258392	-4.9203143
34.268374	-4.9234675
34.278356	-4.9266216
34.288338	-4.9297764
34.29832	-4.932932
34.308302	-4.9360884
34.318284	-4.9392456
34.328266	-4.9424036
34.338248	-4.9455624
34.34823	-4.948722
34.358212	-4.9518824
34.368194	-4.9550436
34.378176	-4.9582055
34.388158	-4.9613683
34.39814	-4.9645318
34.408122	-4.9676961
34.418104	-4.9708613
34.428086	-4.9740272
34.438068	-4.9771938
34.44805	-4.9803613
34.458032	-4.9835296
34.468014	-4.9866986
34.477996	-4.9898684
34.487978	-4.993039
34.49796	-4.9962104
34.507942	-4.9993826
34.517924	-5.0025555
34.527906	-5.0057293
34.537888	-5.0089038
34.54787	-5.012079
34.557852	-5.0152551
34.567834	-5.018432
34.577816	-5.0216096
34.587798	-5.024788
34.59778	-5.0279672
34.607762	-5.0311471
34.617744	-5.0343278
34.627726	-5.0375093
34.637708	-5.0406916
34.64769	-5.0438746
34.657672	-5.0470585
34.667654	-5.050243
34.677636	-5.0534284
34.687618	-5.0566145
34.6976	-5.0598014
34.707582	-5.0629891
34.717564	-5.0661775
34.727546	-5.0693667
34.737528	-5.0725567
34.74751	-5.0757475
34.757491	-5.078939
34.767473	-5.0821312
34.777455	-5.0853243
34.787437	-5.0885181
34.797419	-5.0917126
34.807401	-5.094908
34.817383	-5.098104
34.827365	-5.1013009
34.837347	-5.1044985
34.847329	-5.1076969
34.857311	-5.110896
34.867293	-5.1140959
34.877275	-5.1172965
34.887257	-5.1204979
34.897239	-5.1237001
34.907221	-5.126903
34.917203	-5.1301067
34.927185	-5.1333111
34.937167	-5.1365163
34.947149	-5.1397223
34.957131	-5.142929
34.967113	-5.1461364
34.977095	-5.1493446
34.987077	-5.1525535
34.997059	-5.1557632
35.007041	-5.1589737
35.017023	-5.1621849
35.027005	-5.1653969
35.036987	-5.1686095
35.046969	-5.171823
35.056951	-5.1750372
35.066933	-5.1782521
35.076915	-5.1814678
35.086897	-5.1846842
35.096879	-5.1879014
35.106861	-5.1911193
35.116843	-5.194338
35.126825	-5.1975574
35.136807	-5.2007776
35.146789	-5.2039984
35.156771	-5.2072201
35.166753	-5.2104424
35.176735	-5.2136655
35.186717	-5.2168894
35.196699	-5.220114
35.206681	-5.2233393
35.216663	-5.2265654
35.226645	-5.2297922
35.236627	-5.2330197
35.246609	-5.236248
35.256591	-5.239477
35.266573	-5.2427067
35.276555	-5.2459372
35.286537	-5.2491684
35.296519	-5.2524003
35.306501	-5.255633
35.316483	-5.2588664
35.326465	-5.2621005
35.336447	-5.2653354
35.346429	-5.2685709
35.356411	-5.2718073
35.366393	-5.2750443
35.376375	-5.2782821
35.386357	-5.2815206
35.396339	-5.2847598
35.406321	-5.2879997
35.416303	-5.2912404
35.426285	-5.2944818
35.436267	-5.2977239
35.446249	-5.3009667
35.456231	-5.3042103
35.466213	-5.3074546
35.476195	-5.3106996
35.486177	-5.3139453
35.496159	-5.3171917
35.506141	-5.3204389
35.516123	-5.3236868
35.526105	-5.3269354
35.536087	-5.3301847
35.546069	-5.3334347
35.556051	-5.3366854
35.566033	-5.3399369
35.576015	-5.3431891
35.585997	-5.346442
35.595979	-5.3496956
35.605961	-5.3529499
35.615943	-5.3562049
35.625925	-5.3594606
35.635907	-5.3627171
35.645889	-5.3659742
35.655871	-5.3692321
35.665853	-5.3724906
35.675835	-5.3757499
35.685817	-5.3790099
35.695799	-5.3822706
35.705781	-5.385532
35.715763	-5.3887941
35.725745	-5.3920569
35.735727	-5.3953204
35.745709	-5.3985846
35.755691	-5.4018495
35.765673	-5.4051152
35.775655	-5.4083815
35.785637	-5.4116485
35.795619	-5.4149162
35.805601	-5.4181846
35.815583	-5.4214537
35.825565	-5.4247236
35.835547	-5.4279941
35.845529	-5.4312653
35.855511	-5.4345372
35.865493	-5.4378098
35.875475	-5.4410831
35.885457	-5.4443571
35.895439	-5.4476318
35.905421	-5.4509071
35.915403	-5.4541832
35.925385	-5.45746
35.935367	-5.4607374
35.945349	-5.4640156
35.955331	-5.4672944
35.965313	-5.4705739
35.975295	-5.4738541
35.985277	-5.477135
35.995259	-5.4804166
36.005241	-5.4836989
36.015223	-5.4869819
36.025205	-5.4902655
36.035187	-5.4935498
36.045169	-5.4968348
36.055151	-5.5001205
36.065133	-5.5034069
36.075115	-5.506694
36.085097	-5.5099817
36.095079	-5.5132701
36.105061	-5.5165592
36.115043	-5.519849
36.125025	-5.5231395
36.135007	-5.5264306
36.144989	-5.5297224
36.154971	-5.5330149
36.164953	-5.5363081
36.174935	-5.539602
36.184917	-5.5428965
36.194899	-5.5461917
36.204881	-5.5494875
36.214863	-5.5527841
36.224845	-5.5560813
36.234827	-5.5593792
36.244809	-5.5626777
36.254791	-5.565977
36.264773	-5.5692769
36.274755	-5.5725774
36.284737	-5.5758787
36.294719	-5.5791806
36.304701	-5.5824831
36.314683	-5.5857864
36.324665	-5.5890903
36.334647	-5.5923948
36.344629	-5.5957001
36.354611	-5.599006
36.364593	-5.6023125
36.374575	-5.6056198
36.384557	-5.6089276
36.394539	-5.6122362
36.404521	-5.6155454
36.414503	-5.6188553
36.424485	-5.6221658
36.434467	-5.625477
36.444449	-5.6287888
36.454431	-5.6321013
36.464413	-5.6354145
36.474395	-5.6387283
36.484377	-5.6420428
36.494359	-5.6453579
36.504341	-5.6486737
36.514323	-5.6519901
36.524305	-5.6553072
36.534287	-5.6586249
36.544269	-5.6619433
36.554251	-5.6652624
36.564233	-5.6685821
36.574215	-5.6719024
36.584197	-5.6752234
36.594179	-5.678545
36.604161	-5.6818673
36.614143	-5.6851902
36.624125	-5.6885138
36.634107	-5.6918381
36.644089	-5.6951629
36.654071	-5.6984884
36.664053	-5.7018146
36.674035	-5.7051414
36.684017	-5.7084689
36.693999	-5.7117969
36.703981	-5.7151257
36.713963	-5.718455
36.723945	-5.7217851
36.733927	-5.7251157
36.743909	-5.728447
36.753891	-5.7317789
36.763873	-5.7351115
36.773855	-5.7384447
36.783837	-5.7417785
36.793819	-5.745113
36.803801	-5.7484481
36.813783	-5.7517839
36.823765	-5.7551202
36.833747	-5.7584572
36.843729	-5.7617949
36.853711	-5.7651332
36.863693	-5.7684721
36.873675	-5.7718116
36.883657	-5.7751518
36.893639	-5.7784926
36.903621	-5.781834
36.913603	-5.785176
36.923585	-5.7885187
36.933567	-5.791862
36.943549	-5.7952059
36.953531	-5.7985505
36.963513	-5.8018957
36.973495	-5.8052415
36.983477	-5.8085879
36.993459	-5.811935
37.003441	-5.8152826
37.013423	-5.8186309
37.023405	-5.8219798
37.033387	-5.8253294
37.043369	-5.8286795
37.053351	-5.8320303
37.063333	-5.8353817
37.073315	-5.8387337
37.083297	-5.8420863
37.093279	-5.8454396
37.103261	-5.8487934
37.113243	-5.8521479
37.123225	-5.855503
37.133207	-5.8588587
37.143189	-5.862215
37.153171	-5.8655719
37.163153	-5.8689294
37.173135	-5.8722876
37.183117	-5.8756463
37.193099	-5.8790057
37.203081	-5.8823657
37.213063	-5.8857263
37.223045	-5.8890875
37.233027	-5.8924493
37.243009	-5.8958117
37.252991	-5.8991747
37.262973	-5.9025383
37.272955	-5.9059025
37.282937	-5.9092673
37.292919	-5.9126328
37.302901	-5.9159988
37.312883	-5.9193654
37.322865	-5.9227327
37.332847	-5.9261005
37.342829	-5.9294689
37.352811	-5.932838
37.362793	-5.9362076
37.372775	-5.9395778
37.382757	-5.9429486
37.392739	-5.9463201
37.402721	-5.9496921
37.412703	-5.9530647
37.422685	-5.9564379
37.432667	-5.9598117
37.442649	-5.9631861
37.452631	-5.9665611
37.462613	-5.9699367
37.472595	-5.9733129
37.482577	-5.9766896
37.492559	-5.980067
37.502541	-5.9834449
37.512523	-5.9868235
37.522505	-5.9902026
37.532486	-5.9935823
37.542468	-5.9969626
37.55245	-6.0003435
37.562432	-6.0037249
37.572414	-6.007107
37.582396	-6.0104896
37.592378	-6.0138729
37.60236	-6.0172567
37.612342	-6.0206411
37.622324	-6.024026
37.632306	-6.0274116
37.642288	-6.0307977
37.65227	-6.0341844
37.662252	-6.0375717
37.672234	-6.0409596
37.682216	-6.044348
37.692198	-6.0477371
37.70218	-6.0511267
37.712162	-6.0545168
37.722144	-6.0579076
37.732126	-6.0612989
37.742108	-6.0646908
37.75209	-6.0680833
37.762072	-6.0714763
37.772054	-6.07487
37.782036	-6.0782642
37.792018	-6.0816589
37.802	-6.0850543
37.811982	-6.0884502
37.821964	-6.0918466
37.831946	-6.0952437
37.841928	-6.0986413
37.85191	-6.1020394
37.861892	-6.1054382
37.871874	-6.1088375
37.881856	-6.1122374
37.891838	-6.1156378
37.90182	-6.1190388
37.911802	-6.1224404
37.921784	-6.1258425
37.931766	-6.1292452
37.941748	-6.1326484
37.95173	-6.1360522
37.961712	-6.1394566
37.971694	-6.1428615
37.981676	-6.146267
37.991658	-6.1496731
38.00164	-6.1530797
38.011622	-6.1564868
38.021604	-6.1598945
38.031586	-6.1633028
38.041568	-6.1667116
38.05155	-6.170121
38.061532	-6.1735309
38.071514	-6.1769414
38.081496	-6.1803525
38.091478	-6.183764
38.10146	-6.1871762
38.111442	-6.1905889
38.121424	-6.1940021
38.131406	-6.1974159
38.141388	-6.2008302
38.15137	-6.2042451
38.161352	-6.2076605
38.171334	-6.2110765
38.181316	-6.214493
38.191298	-6.2179101
38.20128	-6.2213277
38.211262	-6.2247459
38.221244	-6.2281646
38.231226	-6.2315838
38.241208	-6.2350036
38.25119	-6.2384239
38.261172	-6.2418448
38.271154	-6.2452662
38.281136	-6.2486881
38.291118	-6.2521106
38.3011	-6.2555337
38.311082	-6.2589572
38.321064	-6.2623813
38.331046	-6.2658059
38.341028	-6.2692311
38.35101	-6.2726568
38.360992	-6.276083
38.370974	-6.2795098
38.380956	-6.2829371
38.390938	-6.2863649
38.40092	-6.2897933
38.410902	-6.2932222
38.420884	-6.2966516
38.430866	-6.3000816
38.440848	-6.3035121
38.45083	-6.3069431
38.460812	-6.3103746
38.470794	-6.3138067
38.480776	-6.3172393
38.490758	-6.3206724
38.50074	-6.3241061
38.510722	-6.3275402
38.520704	-6.3309749
38.530686	-6.3344101
38.540668	-6.3378459
38.55065	-6.3412821
38.560632	-6.3447189
38.570614	-6.3481562
38.580596	-6.3515941
38.590578	-6.3550324
38.60056	-6.3584713
38.610542	-6.3619106
38.620524	-6.3653505
38.630506	-6.368791
38.640488	-6.3722319
38.65047	-6.3756733
38.660452	-6.3791153
38.670434	-6.3825578
38.680416	-6.3860008
38.690398	-6.3894443
38.70038	-6.3928883
38.710362	-6.3963328
38.720344	-6.3997778
38.730326	-6.4032234
38.740308	-6.4066694
38.75029	-6.410116
38.760272	-6.4135631
38.770254	-6.4170107
38.780236	-6.4204588
38.790218	-6.4239074
38.8002	-6.4273565
38.810182	-6.4308061
38.820164	-6.4342562
38.830146	-6.4377068
38.840128	-6.4411579
38.85011	-6.4446095
38.860092	-6.4480617
38.870074	-6.4515143
38.880056	-6.4549674
38.890038	-6.458421
38.90002	-6.4618752
38.910002	-6.4653298
38.919984	-6.4687849
38.929966	-6.4722405
38.939948	-6.4756967
38.94993	-6.4791533
38.959912	-6.4826104
38.969894	-6.486068
38.979876	-6.4895261
38.989858	-6.4929847
38.99984	-6.4964438
39.009822	-6.4999034
39.019804	-6.5033634
39.029786	-6.506824
39.039768	-6.510285
39.04975	-6.5137466
39.059732	-6.5172086
39.069714	-6.5206711
39.079696	-6.5241342
39.089678	-6.5275977
39.09966	-6.5310616
39.109642	-6.5345261
39.119624	-6.5379911
39.129606	-6.5414565
39.139588	-6.5449224
39.14957	-6.5483888
39.159552	-6.5518557
39.169534	-6.5553231
39.179516	-6.558791
39.189498	-6.5622593
39.19948	-6.5657281
39.209462	-6.5691974
39.219444	-6.5726672
39.229426	-6.5761375
39.239408	-6.5796082
39.24939	-6.5830794
39.259372	-6.5865511
39.269354	-6.5900233
39.279336	-6.5934959
39.289318	-6.596969
39.2993	-6.6004426
39.309282	-6.6039167
39.319264	-6.6073912
39.329246	-6.6108662
39.339228	-6.6143417
39.34921	-6.6178176
39.359192	-6.6212941
39.369174	-6.6247709
39.379156	-6.6282483
39.389138	-6.6317261
39.39912	-6.6352044
39.409102	-6.6386832
39.419084	-6.6421624
39.429066	-6.6456421
39.439048	-6.6491223
39.44903	-6.6526029
39.459012	-6.656084
39.468994	-6.6595655
39.478976	-6.6630476
39.488958	-6.66653
39.49894	-6.670013
39.508922	-6.6734964
39.518904	-6.6769802
39.528886	-6.6804646
39.538868	-6.6839493
39.54885	-6.6874346
39.558832	-6.6909203
39.568814	-6.6944064
39.578796	-6.697893
39.588778	-6.7013801
39.59876	-6.7048676
39.608742	-6.7083556
39.618724	-6.711844
39.628706	-6.7153329
39.638688	-6.7188223
39.64867	-6.722312
39.658652	-6.7258023
39.668634	-6.729293
39.678616	-6.7327841
39.688598	-6.7362757
39.69858	-6.7397677
39.708562	-6.7432602
39.718544	-6.7467532
39.728526	-6.7502466
39.738508	-6.7537404
39.74849	-6.7572347
39.758472	-6.7607294
39.768454	-6.7642245
39.778436	-6.7677201
39.788418	-6.7712162
39.7984	-6.7747127
39.808382	-6.7782096
39.818364	-6.781707
39.828346	-6.7852048
39.838328	-6.7887031
39.84831	-6.7922018
39.858292	-6.7957009
39.868274	-6.7992005
39.878256	-6.8027005
39.888238	-6.806201
39.89822	-6.8097019
39.908202	-6.8132032
39.918184	-6.8167049
39.928166	-6.8202071
39.938148	-6.8237098
39.94813	-6.8272128
39.958112	-6.8307163
39.968094	-6.8342202
39.978076	-6.8377246
39.988058	-6.8412294
39.99804	-6.8447346
40.008022	-6.8482403
40.018004	-6.8517463
40.027986	-6.8552528
40.037968	-6.8587598
40.04795	-6.8622671
40.057932	-6.8657749
40.067914	-6.8692831
40.077896	-6.8727918
40.087878	-6.8763008
40.09786	-6.8798103
40.107842	-6.8833202
40.117824	-6.8868306
40.127806	-6.8903413
40.137788	-6.8938525
40.14777	-6.8973641
40.157752	-6.9008761
40.167734	-6.9043886
40.177716	-6.9079014
40.187698	-6.9114147
40.19768	-6.9149284
40.207662	-6.9184425
40.217644	-6.921957
40.227626	-6.925472
40.237608	-6.9289873
40.24759	-6.9325031
40.257572	-6.9360193
40.267554	-6.9395359
40.277536	-6.9430529
40.287518	-6.9465704
40.297499	-6.9500882
40.307481	-6.9536065
40.317463	-6.9571251
40.327445	-6.9606442
40.337427	-6.9641637
40.347409	-6.9676836
40.357391	-6.9712038
40.367373	-6.9747246
40.377355	-6.9782457
40.387337	-6.9817672
40.397319	-6.9852891
40.407301	-6.9888114
40.417283	-6.9923342
40.427265	-6.9958573
40.437247	-6.9993808
40.447229	-7.0029048
40.457211	-7.0064291
40.467193	-7.0099539
40.477175	-7.013479
40.487157	-7.0170046
40.497139	-7.0205305
40.507121	-7.0240568
40.517103	-7.0275836
40.527085	-7.0311107
40.537067	-7.0346383
40.547049	-7.0381662
40.557031	-7.0416945
40.567013	-7.0452233
40.576995	-7.0487524
40.586977	-7.0522819
40.596959	-7.0558118
40.606941	-7.0593421
40.616923	-7.0628728
40.626905	-7.0664039
40.636887	-7.0699353
40.646869	-7.0734672
40.656851	-7.0769994
40.666833	-7.0805321
40.676815	-7.0840651
40.686797	-7.0875985
40.696779	-7.0911323
40.706761	-7.0946665
40.716743	-7.0982011
40.726725	-7.1017361
40.736707	-7.1052714
40.746689	-7.1088072
40.756671	-7.1123433
40.766653	-7.1158798
40.776635	-7.1194166
40.786617	-7.1229539
40.796599	-7.1264916
40.806581	-7.1300296
40.816563	-7.133568
40.826545	-7.1371068
40.836527	-7.1406459
40.846509	-7.1441855
40.856491	-7.1477254
40.866473	-7.1512657
40.876455	-7.1548063
40.886437	-7.1583474
40.896419	-7.1618888
40.906401	-7.1654306
40.916383	-7.1689728
40.926365	-7.1725153
40.936347	-7.1760582
40.946329	-7.1796015
40.956311	-7.1831452
40.966293	-7.1866892
40.976275	-7.1902336
40.986257	-7.1937784
40.996239	-7.1973235
41.006221	-7.200869
41.016203	-7.2044149
41.026185	-7.2079612
41.036167	-7.2115078
41.046149	-7.2150547
41.056131	-7.2186021
41.066113	-7.2221498
41.076095	-7.2256979
41.086077	-7.2292463
41.096059	-7.2327951
41.106041	-7.2363442
41.116023	-7.2398938
41.126005	-7.2434436
41.135987	-7.2469939
41.145969	-7.2505445
41.155951	-7.2540955
41.165933	-7.2576468
41.175915	-7.2611985
41.185897	-7.2647505
41.195879	-7.2683029
41.205861	-7.2718556
41.215843	-7.2754087
41.225825	-7.2789622
41.235807	-7.282516
41.245789	-7.2860702
41.255771	-7.2896247
41.265753	-7.2931796
41.275735	-7.2967348
41.285717	-7.3002904
41.295699	-7.3038463
41.305681	-7.3074026
41.315663	-7.3109592
41.325645	-7.3145162
41.335627	-7.3180735
41.345609	-7.3216312
41.355591	-7.3251893
41.365573	-7.3287476
41.375555	-7.3323063
41.385537	-7.3358654
41.395519	-7.3394248
41.405501	-7.3429846
41.415483	-7.3465447
41.425465	-7.3501051
41.435447	-7.3536659
41.445429	-7.357227
41.455411	-7.3607885
41.465393	-7.3643503
41.475375	-7.3679124
41.485357	-7.3714749
41.495339	-7.3750378
41.505321	-7.3786009
41.515303	-7.3821644
41.525285	-7.3857283
41.535267	-7.3892924
41.545249	-7.392857
41.555231	-7.3964218
41.565213	-7.399987
41.575195	-7.4035525
41.585177	-7.4071184
41.595159	-7.4106845
41.605141	-7.4142511
41.615123	-7.4178179
41.625105	-7.4213851
41.635087	-7.4249526
41.645069	-7.4285205
41.655051	-7.4320886
41.665033	-7.4356571
41.675015	-7.439226
41.684997	-7.4427951
41.694979	-7.4463646
41.704961	-7.4499344
41.714943	-7.4535046
41.724925	-7.457075
41.734907	-7.4606458
41.744889	-7.4642169
41.754871	-7.4677884
41.764853	-7.4713601
41.774835	-7.4749322
41.784817	-7.4785046
41.794799	-7.4820774
41.804781	-7.4856504
41.814763	-7.4892238
41.824745	-7.4927975
41.834727	-7.4963715
41.844709	-7.4999458
41.854691	-7.5035204
41.864673	-7.5070954
41.874655	-7.5106707
41.884637	-7.5142463
41.894619	-7.5178222
41.904601	-7.5213984
41.914583	-7.524975
41.924565	-7.5285518
41.934547	-7.532129
41.944529	-7.5357065
41.954511	-7.5392843
41.964493	-7.5428624
41.974475	-7.5464408
41.984457	-7.5500195
41.994439	-7.5535985
42.004421	-7.5571779
42.014403	-7.5607575
42.024385	-7.5643375
42.034367	-7.5679178
42.044349	-7.5714983
42.054331	-7.5750792
42.064313	-7.5786604
42.074295	-7.5822419
42.084277	-7.5858237
42.094259	-7.5894058
42.104241	-7.5929882
42.114223	-7.5965709
42.124205	-7.6001539
42.134187	-7.6037372
42.144169	-7.6073209
42.154151	-7.6109048
42.164133	-7.614489
42.174115	-7.6180735
42.184097	-7.6216583
42.194079	-7.6252434
42.204061	-7.6288288
42.214043	-7.6324145
42.224025	-7.6360005
42.234007	-7.6395868
42.243989	-7.6431734
42.253971	-7.6467603
42.263953	-7.6503475
42.273935	-7.653935
42.283917	-7.6575228
42.293899	-7.6611108
42.303881	-7.6646992
42.313863	-7.6682878
42.323845	-7.6718768
42.333827	-7.675466
42.343809	-7.6790555
42.353791	-7.6826453
42.363773	-7.6862354
42.373755	-7.6898258
42.383737	-7.6934165
42.393719	-7.6970074
42.403701	-7.7005987
42.413683	-7.7041902
42.423665	-7.707782
42.433647	-7.7113741
42.443629	-7.7149665
42.453611	-7.7185592
42.463593	-7.7221521
42.473575	-7.7257453
42.483557	-7.7293388
42.493539	-7.7329326
42.503521	-7.7365267
42.513503	-7.7401211
42.523485	-7.7437157
42.533467	-7.7473106
42.543449	-7.7509058
42.553431	-7.7545013
42.563413	-7.758097
42.573395	-7.7616931
42.583377	-7.7652893
42.593359	-7.7688859
42.603341	-7.7724828
42.613323	-7.7760799
42.623305	-7.7796773
42.633287	-7.783275
42.643269	-7.7868729
42.653251	-7.7904711
42.663233	-7.7940696
42.673215	-7.7976684
42.683197	-7.8012674
42.693179	-7.8048667
42.703161	-7.8084663
42.713143	-7.8120661
42.723125	-7.8156662
42.733107	-7.8192666
42.743089	-7.8228672
42.753071	-7.8264681
42.763053	-7.8300693
42.773035	-7.8336707
42.783017	-7.8372724
42.792999	-7.8408744
42.802981	-7.8444766
42.812963	-7.8480791
42.822945	-7.8516819
42.832927	-7.8552849
42.842909	-7.8588882
42.852891	-7.8624917
42.862873	-7.8660955
42.872855	-7.8696996
42.882837	-7.8733039
42.892819	-7.8769085
42.902801	-7.8805133
42.912783	-7.8841184
42.922765	-7.8877237
42.932747	-7.8913294
42.942729	-7.8949352
42.952711	-7.8985413
42.962693	-7.9021477
42.972675	-7.9057543
42.982657	-7.9093612
42.992639	-7.9129683
43.002621	-7.9165757
43.012603	-7.9201834
43.022585	-7.9237913
43.032567	-7.9273994
43.042549	-7.9310078
43.052531	-7.9346164
43.062513	-7.9382253
43.072494	-7.9418345
43.082476	-7.9454438
43.092458	-7.9490535
43.10244	-7.9526633
43.112422	-7.9562735
43.122404	-7.9598838
43.132386	-7.9634945
43.142368	-7.9671053
43.15235	-7.9707164
43.162332	-7.9743278
43.172314	-7.9779394
43.182296	-7.9815512
43.192278	-7.9851633
43.20226	-7.9887756
43.212242	-7.9923882
43.222224	-7.996001
43.232206	-7.999614
43.242188	-8.0032273
43.25217	-8.0068408
43.262152	-8.0104546
43.272134	-8.0140686
43.282116	-8.0176828
43.292098	-8.0212973
43.30208	-8.024912
43.312062	-8.0285269
43.322044	-8.0321421
43.332026	-8.0357575
43.342008	-8.0393731
43.35199	-8.042989
43.361972	-8.0466051
43.371954	-8.0502215
43.381936	-8.053838
43.391918	-8.0574548
43.4019	-8.0610719
43.411882	-8.0646891
43.421864	-8.0683066
43.431846	-8.0719244
43.441828	-8.0755423
43.45181	-8.0791605
43.461792	-8.0827789
43.471774	-8.0863975
43.481756	-8.0900164
43.491738	-8.0936355
43.50172	-8.0972548
43.511702	-8.1008743
43.521684	-8.1044941
43.531666	-8.108114
43.541648	-8.1117343
43.55163	-8.1153547
43.561612	-8.1189753
43.571594	-8.1225962
43.581576	-8.1262173
43.591558	-8.1298386
43.60154	-8.1334601
43.611522	-8.1370819
43.621504	-8.1407039
43.631486	-8.144326
43.641468	-8.1479484
43.65145	-8.1515711
43.661432	-8.1551939
43.671414	-8.158817
43.681396	-8.1624402
43.691378	-8.1660637
43.70136	-8.1696874
43.711342	-8.1733113
43.721324	-8.1769354
43.731306	-8.1805598
43.741288	-8.1841843
43.75127	-8.1878091
43.761252	-8.1914341
43.771234	-8.1950592
43.781216	-8.1986846
43.791198	-8.2023102
43.80118	-8.2059361
43.811162	-8.2095621
43.821144	-8.2131883
43.831126	-8.2168147
43.841108	-8.2204414
43.85109	-8.2240682
43.861072	-8.2276953
43.871054	-8.2313225
43.881036	-8.23495
43.891018	-8.2385777
43.901	-8.2422056
43.910982	-8.2458336
43.920964	-8.2494619
43.930946	-8.2530904
43.940928	-8.2567191
43.95091	-8.260348
43.960892	-8.263977
43.970874	-8.2676063
43.980856	-8.2712358
43.990838	-8.2748655
44.00082	-8.2784954
44.010802	-8.2821254
44.020784	-8.2857557
44.030766	-8.2893862
44.040748	-8.2930169
44.05073	-8.2966477
44.060712	-8.3002788
44.070694	-8.30391
44.080676	-8.3075415
44.090658	-8.3111731
44.10064	-8.314805
44.110622	-8.318437
44.120604	-8.3220692
44.130586	-8.3257016
44.140568	-8.3293342
44.15055	-8.332967
44.160532	-8.3366
44.170514	-8.3402332
44.180496	-8.3438665
44.190478	-8.3475001
44.20046	-8.3511338
44.210442	-8.3547677
44.220424	-8.3584018
44.230406	-8.3620361
44.240388	-8.3656706
44.25037	-8.3693053
44.260352	-8.3729401
44.270334	-8.3765752
44.280316	-8.3802104
44.290298	-8.3838458
44.30028	-8.3874814
44.310262	-8.3911172
44.320244	-8.3947531
44.330226	-8.3983892
44.340208	-8.4020256
44.35019	-8.4056621
44.360172	-8.4092987
44.370154	-8.4129356
44.380136	-8.4165726
44.390118	-8.4202098
44.4001	-8.4238472
44.410082	-8.4274848
44.420064	-8.4311225
44.430046	-8.4347604
44.440028	-8.4383985
44.45001	-8.4420368
44.459992	-8.4456752
44.469974	-8.4493138
44.479956	-8.4529526
44.489938	-8.4565916
44.49992	-8.4602307
44.509902	-8.46387
44.519884	-8.4675095
44.529866	-8.4711491
44.539848	-8.4747889
44.54983	-8.4784289
44.559812	-8.4820691
44.569794	-8.4857094
44.579776	-8.4893499
44.589758	-8.4929905
44.59974	-8.4966314
44.609722	-8.5002724
44.619704	-8.5039135
44.629686	-8.5075549
44.639668	-8.5111963
44.64965	-8.514838
44.659632	-8.5184798
44.669614	-8.5221218
44.679596	-8.5257639
44.689578	-8.5294063
44.69956	-8.5330487
44.709542	-8.5366914
44.719524	-8.5403341
44.729506	-8.5439771
44.739488	-8.5476202
44.74947	-8.5512635
44.759452	-8.5549069
44.769434	-8.5585505
44.779416	-8.5621943
44.789398	-8.5658382
44.79938	-8.5694822
44.809362	-8.5731264
44.819344	-8.5767708
44.829326	-8.5804154
44.839308	-8.58406
44.84929	-8.5877049
44.859272	-8.5913499
44.869254	-8.594995
44.879236	-8.5986403
44.889218	-8.6022858
44.8992	-8.6059314
44.909182	-8.6095771
44.919164	-8.6132231
44.929146	-8.6168691
44.939128	-8.6205153
44.94911	-8.6241617
44.959092	-8.6278082
44.969074	-8.6314548
44.979056	-8.6351016
44.989038	-8.6387486
44.99902	-8.6423957
45.009002	-8.6460429
45.018984	-8.6496903
45.028966	-8.6533379
45.038948	-8.6569856
45.04893	-8.6606334
45.058912	-8.6642813
45.068894	-8.6679295
45.078876	-8.6715777
45.088858	-8.6752261
45.09884	-8.6788747
45.108822	-8.6825233
45.118804	-8.6861722
45.128786	-8.6898211
45.138768	-8.6934702
45.14875	-8.6971195
45.158732	-8.7007689
45.168714	-8.7044184
45.178696	-8.708068
45.188678	-8.7117178
45.19866	-8.7153678
45.208642	-8.7190178
45.218624	-8.722668
45.228606	-8.7263184
45.238588	-8.7299689
45.24857	-8.7336195
45.258552	-8.7372702
45.268534	-8.7409211
45.278516	-8.7445721
45.288498	-8.7482233
45.29848	-8.7518745
45.308462	-8.7555259
45.318444	-8.7591775
45.328426	-8.7628292
45.338408	-8.766481
45.34839	-8.7701329
45.358372	-8.7737849
45.368354	-8.7774371
45.378336	-8.7810894
45.388318	-8.7847419
45.3983	-8.7883945
45.408282	-8.7920472
45.418264	-8.7957
45.428246	-8.7993529
45.438228	-8.803006
45.44821	-8.8066592
45.458192	-8.8103125
45.468174	-8.813966
45.478156	-8.8176196
45.488138	-8.8212733
45.49812	-8.8249271
45.508102	-8.828581
45.518084	-8.8322351
45.528066	-8.8358892
45.538048	-8.8395435
45.54803	-8.843198
45.558012	-8.8468525
45.567994	-8.8505072
45.577976	-8.854162
45.587958	-8.8578168
45.59794	-8.8614719
45.607922	-8.865127
45.617904	-8.8687822
45.627886	-8.8724376
45.637868	-8.8760931
45.64785	-8.8797487
45.657832	-8.8834044
45.667814	-8.8870602
45.677796	-8.8907161
45.687778	-8.8943722
45.69776	-8.8980284
45.707742	-8.9016846
45.717724	-8.905341
45.727706	-8.9089975
45.737688	-8.9126541
45.74767	-8.9163108
45.757652	-8.9199677
45.767634	-8.9236246
45.777616	-8.9272817
45.787598	-8.9309388
45.79758	-8.9345961
45.807562	-8.9382534
45.817544	-8.9419109
45.827526	-8.9455685
45.837508	-8.9492262
45.847489	-8.952884
45.857471	-8.9565419
45.867453	-8.9601999
45.877435	-8.963858
45.887417	-8.9675162
45.897399	-8.9711745
45.907381	-8.974833
45.917363	-8.9784915
45.927345	-8.9821501
45.937327	-8.9858088
45.947309	-8.9894677
45.957291	-8.9931266
45.967273	-8.9967856
45.977255	-9.0004447
45.987237	-9.004104
45.997219	-9.0077633
46.007201	-9.0114227
46.017183	-9.0150822
46.027165	-9.0187418
46.037147	-9.0224016
46.047129	-9.0260614
46.057111	-9.0297213
46.067093	-9.0333813
46.077075	-9.0370414
46.087057	-9.0407015
46.097039	-9.0443618
46.107021	-9.0480222
46.117003	-9.0516827
46.126985	-9.0553432
46.136967	-9.0590039
46.146949	-9.0626646
46.156931	-9.0663255
46.166913	-9.0699864
46.176895	-9.0736474
46.186877	-9.0773085
46.196859	-9.0809697
46.206841	-9.084631
46.216823	-9.0882923
46.226805	-9.0919538
46.236787	-9.0956153
46.246769	-9.099277
46.256751	-9.1029387
46.266733	-9.1066005
46.276715	-9.1102624
46.286697	-9.1139244
46.296679	-9.1175864
46.306661	-9.1212486
46.316643	-9.1249108
46.326625	-9.1285731
46.336607	-9.1322355
46.346589	-9.135898
46.356571	-9.1395605
46.366553	-9.1432232
46.376535	-9.1468859
46.386517	-9.1505487
46.396499	-9.1542116
46.406481	-9.1578745
46.416463	-9.1615376
46.426445	-9.1652007
46.436427	-9.1688639
46.446409	-9.1725271
46.456391	-9.1761905
46.466373	-9.1798539
46.476355	-9.1835174
46.486337	-9.187181
46.496319	-9.1908446
46.506301	-9.1945084
46.516283	-9.1981722
46.526265	-9.201836
46.536247	-9.2055
46.546229	-9.209164
46.556211	-9.2128281
46.566193	-9.2164923
46.576175	-9.2201565
46.586157	-9.2238208
46.596139	-9.2274852
46.606121	-9.2311496
46.616103	-9.2348142
46.626085	-9.2384787
46.636067	-9.2421434
46.646049	-9.2458081
46.656031	-9.2494729
46.666013	-9.2531378
46.675995	-9.2568027
46.685977	-9.2604677
46.695959	-9.2641328
46.705941	-9.2677979
46.715923	-9.2714631
46.725905	-9.2751284
46.735887	-9.2787937
46.745869	-9.2824591
46.755851	-9.2861245
46.765833	-9.28979
46.775815	-9.2934556
46.785797	-9.2971212
46.795779	-9.3007869
46.805761	-9.3044527
46.815743	-9.3081185
46.825725	-9.3117844
46.835707	-9.3154503
46.845689	-9.3191163
46.855671	-9.3227824
46.865653	-9.3264485
46.875635	-9.3301147
46.885617	-9.3337809
46.895599	-9.3374472
46.905581	-9.3411136
46.915563	-9.34478
46.925545	-9.3484464
46.935527	-9.352113
46.945509	-9.3557795
46.955491	-9.3594462
46.965473	-9.3631128
46.975455	-9.3667796
46.985437	-9.3704464
46.995419	-9.3741132
47.005401	-9.3777801
47.015383	-9.381447
47.025365	-9.385114
47.035347	-9.3887811
47.045329	-9.3924482
47.055311	-9.3961153
47.065293	-9.3997825
47.075275	-9.4034498
47.085257	-9.4071171
47.095239	-9.4107844
47.105221	-9.4144518
47.115203	-9.4181192
47.125185	-9.4217867
47.135167	-9.4254543
47.145149	-9.4291218
47.155131	-9.4327895
47.165113	-9.4364571
47.175095	-9.4401248
47.185077	-9.4437926
47.195059	-9.4474604
47.205041	-9.4511283
47.215023	-9.4547961
47.225005	-9.4584641
47.234987	-9.4621321
47.244969	-9.4658001
47.254951	-9.4694681
47.264933	-9.4731362
47.274915	-9.4768044
47.284897	-9.4804726
47.294879	-9.4841408
47.304861	-9.487809
47.314843	-9.4914773
47.324825	-9.4951457
47.334807	-9.498814
47.344789	-9.5024825
47.354771	-9.5061509
47.364753	-9.5098194
47.374735	-9.5134879
47.384717	-9.5171565
47.394699	-9.5208251
47.404681	-9.5244937
47.414663	-9.5281624
47.424645	-9.5318311
47.434627	-9.5354998
47.444609	-9.5391685
47.454591	-9.5428373
47.464573	-9.5465062
47.474555	-9.550175
47.484537	-9.5538439
47.494519	-9.5575129
47.504501	-9.5611818
47.514483	-9.5648508
47.524465	-9.5685198
47.534447	-9.5721889
47.544429	-9.5758579
47.554411	-9.579527
47.564393	-9.5831962
47.574375	-9.5868653
47.584357	-9.5905345
47.594339	-9.5942037
47.604321	-9.5978729
47.614303	-9.6015422
47.624285	-9.6052115
47.634267	-9.6088808
47.644249	-9.6125501
47.654231	-9.6162195
47.664213	-9.6198889
47.674195	-9.6235583
47.684177	-9.6272277
47.694159	-9.6308972
47.704141	-9.6345667
47.714123	-9.6382362
47.724105	-9.6419057
47.734087	-9.6455752
47.744069	-9.6492448
47.754051	-9.6529144
47.764033	-9.656584
47.774015	-9.6602536
47.783997	-9.6639232
47.793979	-9.6675929
47.803961	-9.6712626
47.813943	-9.6749323
47.823925	-9.678602
47.833907	-9.6822717
47.843889	-9.6859415
47.853871	-9.6896112
47.863853	-9.693281
47.873835	-9.6969508
47.883817	-9.7006206
47.893799	-9.7042904
47.903781	-9.7079602
47.913763	-9.7116301
47.923745	-9.7152999
47.933727	-9.7189698
47.943709	-9.7226397
47.953691	-9.7263096
47.963673	-9.7299795
47.973655	-9.7336494
47.983637	-9.7373194
47.993619	-9.7409893
48.003601	-9.7446592
48.013583	-9.7483292
48.023565	-9.7519992
48.033547	-9.7556691
48.043529	-9.7593391
48.053511	-9.7630091
48.063493	-9.7666791
48.073475	-9.7703491
48.083457	-9.7740191
48.093439	-9.7776891
48.103421	-9.7813592
48.113403	-9.7850292
48.123385	-9.7886992
48.133367	-9.7923692
48.143349	-9.7960393
48.153331	-9.7997093
48.163313	-9.8033794
48.173295	-9.8070494
48.183277	-9.8107195
48.193259	-9.8143895
48.203241	-9.8180596
48.213223	-9.8217296
48.223205	-9.8253997
48.233187	-9.8290698
48.243169	-9.8327398
48.253151	-9.8364099
48.263133	-9.8400799
48.273115	-9.84375
48.283097	-9.84742
48.293079	-9.8510901
48.303061	-9.8547601
48.313043	-9.8584302
48.323025	-9.8621002
48.333007	-9.8657702
48.342989	-9.8694403
48.352971	-9.8731103
48.362953	-9.8767803
48.372935	-9.8804503
48.382917	-9.8841203
48.392899	-9.8877903
48.402881	-9.8914603
48.412863	-9.8951303
48.422845	-9.8988003
48.432827	-9.9024703
48.442809	-9.9061403
48.452791	-9.9098102
48.462773	-9.9134802
48.472755	-9.9171501
48.482737	-9.92082
48.492719	-9.92449
48.502701	-9.9281599
48.512683	-9.9318298
48.522665	-9.9354996
48.532647	-9.9391695
48.542629	-9.9428394
48.552611	-9.9465092
48.562593	-9.9501791
48.572575	-9.9538489
48.582557	-9.9575187
48.592539	-9.9611885
48.602521	-9.9648583
48.612503	-9.968528
48.622484	-9.9721978
48.632466	-9.9758675
48.642448	-9.9795372
48.65243	-9.9832069
48.662412	-9.9868766
48.672394	-9.9905463
48.682376	-9.9942159
48.692358	-9.9978856
48.70234	-10.001555
48.712322	-10.005225
48.722304	-10.008894
48.732286	-10.012564
48.742268	-10.016233
48.75225	-10.019903
48.762232	-10.023572
48.772214	-10.027242
48.782196	-10.030911
48.792178	-10.034581
48.80216	-10.03825
48.812142	-10.04192
48.822124	-10.045589
48.832106	-10.049258
48.842088	-10.052928
48.85207	-10.056597
48.862052	-10.060266
48.872034	-10.063935
48.882016	-10.067605
48.891998	-10.071274
48.90198	-10.074943
48.911962	-10.078612
48.921944	-10.082281
48.931926	-10.08595
48.941908	-10.089619
48.95189	-10.093288
48.961872	-10.096957
48.971854	-10.100626
48.981836	-10.104295
48.991818	-10.107964
49.0018	-10.111633
49.011782	-10.115302
49.021764	-10.118971
49.031746	-10.122639
49.041728	-10.126308
49.05171	-10.129977
49.061692	-10.133645
49.071674	-10.137314
49.081656	-10.140983
49.091638	-10.144651
49.10162	-10.14832
49.111602	-10.151988
49.121584	-10.155657
49.131566	-10.159325
49.141548	-10.162994
49.15153	-10.166662
49.161512	-10.17033
49.171494	-10.173999
49.181476	-10.177667
49.191458	-10.181335
49.20144	-10.185003
49.211422	-10.188672
49.221404	-10.19234
49.231386	-10.196008
49.241368	-10.199676
49.25135	-10.203344
49.261332	-10.207012
49.271314	-10.21068
49.281296	-10.214347
49.291278	-10.218015
49.30126	-10.221683
49.311242	-10.225351
49.321224	-10.229019
49.331206	-10.232686
49.341188	-10.236354
49.35117	-10.240021
49.361152	-10.243689
49.371134	-10.247356
49.381116	-10.251024
49.391098	-10.254691
49.40108	-10.258359
49.411062	-10.262026
49.421044	-10.265693
49.431026	-10.26936
49.441008	-10.273027
49.45099	-10.276695
49.460972	-10.280362
49.470954	-10.284029
49.480936	-10.287696
49.490918	-10.291363
49.5009	-10.295029
49.510882	-10.298696
49.520864	-10.302363
49.530846	-10.30603
49.540828	-10.309696
49.55081	-10.313363
49.560792	-10.31703
49.570774	-10.320696
49.580756	-10.324363
49.590738	-10.328029
49.60072	-10.331695
49.610702	-10.335362
49.620684	-10.339028
49.630666	-10.342694
49.640648	-10.34636
49.65063	-10.350026
49.660612	-10.353692
49.670594	-10.357358
49.680576	-10.361024
49.690558	-10.36469
49.70054	-10.368356
49.710522	-10.372022
49.720504	-10.375687
49.730486	-10.379353
49.740468	-10.383019
49.75045	-10.386684
49.760432	-10.39035
49.770414	-10.394015
49.780396	-10.39768
49.790378	-10.401346
49.80036	-10.405011
49.810342	-10.408676
49.820324	-10.412341
49.830306	-10.416006
49.840288	-10.419671
49.85027	-10.423336
49.860252	-10.427001
49.870234	-10.430666
49.880216	-10.43433
49.890198	-10.437995
49.90018	-10.44166
49.910162	-10.445324
49.920144	-10.448989
49.930126	-10.452653
49.940108	-10.456317
49.95009	-10.459982
49.960072	-10.463646
49.970054	-10.46731
49.980036	-10.470974
49.990018	-10.474638
50	-10.478302
