Freq_GHz	Norm_dB
0.1	-3.252683e-05
0.109982	-4.5911394e-05
0.11996399	-6.0568529e-05
0.12994599	-7.6498246e-05
0.13992799	-9.3700555e-05
0.14990998	-0.00011217547
0.15989198	-0.000131923
0.16987397	-0.00015294316
0.17985597	-0.00017523596
0.18983797	-0.00019880142
0.19981996	-0.00022363956
0.20980196	-0.00024975039
0.21978396	-0.00027713393
0.22976595	-0.0003057902
0.23974795	-0.00033571922
0.24972995	-0.00036692101
0.25971194	-0.00039939559
0.26969394	-0.00043314298
0.27967594	-0.0004681632
0.28965793	-0.00050445629
0.29963993	-0.00054202226
0.30962192	-0.00058086114
0.31960392	-0.00062097295
0.32958592	-0.00066235773
0.33956791	-0.0007050155
0.34954991	-0.00074894629
0.35953191	-0.00079415013
0.3695139	-0.00084062706
0.3794959	-0.00088837709
0.3894779	-0.00093740028
0.39945989	-0.00098769664
0.40944189	-0.0010392662
0.41942388	-0.001092109
0.42940588	-0.0011462251
0.43938788	-0.0012016146
0.44936987	-0.0012582774
0.45935187	-0.0013162136
0.46933387	-0.0013754232
0.47931586	-0.0014359063
0.48929786	-0.0014976629
0.49927986	-0.0015606931
0.50926185	-0.0016249969
0.51924385	-0.0016905743
0.52922585	-0.0017574254
0.53920784	-0.0018255503
0.54918984	-0.001894949
0.55917183	-0.0019656214
0.56915383	-0.0020375678
0.57913583	-0.0021107881
0.58911782	-0.0021852824
0.59909982	-0.0022610507
0.60908182	-0.0023380931
0.61906381	-0.0024164096
0.62904581	-0.0024960003
0.63902781	-0.0025768652
0.6490098	-0.0026590045
0.6589918	-0.0027424181
0.66897379	-0.0028271061
0.67895579	-0.0029130685
0.68893779	-0.0030003055
0.69891978	-0.0030888171
0.70890178	-0.0031786033
0.71888378	-0.0032696642
0.72886577	-0.0033619999
0.73884777	-0.0034556105
0.74882977	-0.0035504959
0.75881176	-0.0036466563
0.76879376	-0.0037440917
0.77877576	-0.0038428022
0.78875775	-0.0039427878
0.79873975	-0.0040440487
0.80872174	-0.0041465849
0.81870374	-0.0042503964
0.82868574	-0.0043554834
0.83866773	-0.0044618459
0.84864973	-0.0045694839
0.85863173	-0.0046783976
0.86861372	-0.0047885871
0.87859572	-0.0049000523
0.88857772	-0.0050127934
0.89855971	-0.0051268105
0.90854171	-0.0052421036
0.9185237	-0.0053586728
0.9285057	-0.0054765182
0.9384877	-0.0055956398
0.94846969	-0.0057160378
0.95845169	-0.0058377123
0.96843369	-0.0059606632
0.97841568	-0.0060848908
0.98839768	-0.006210395
0.99837968	-0.006337176
1.0083617	-0.0064652339
1.0183437	-0.0065945687
1.0283257	-0.0067251805
1.0383077	-0.0068570694
1.0482897	-0.0069902356
1.0582717	-0.007124679
1.0682537	-0.0072603998
1.0782356	-0.0073973981
1.0882176	-0.007535674
1.0981996	-0.0076752275
1.1081816	-0.0078160588
1.1181636	-0.007958168
1.1281456	-0.0081015551
1.1381276	-0.0082462202
1.1481096	-0.0083921635
1.1580916	-0.0085393851
1.1680736	-0.008687885
1.1780556	-0.0088376633
1.1880376	-0.0089887202
1.1980196	-0.0091410557
1.2080016	-0.00929467
1.2179836	-0.0094495632
1.2279656	-0.0096057353
1.2379476	-0.0097631864
1.2479296	-0.0099219168
1.2579116	-0.010081926
1.2678936	-0.010243215
1.2778756	-0.010405784
1.2878576	-0.010569632
1.2978396	-0.01073476
1.3078216	-0.010901168
1.3178036	-0.011068855
1.3277856	-0.011237823
1.3377676	-0.011408071
1.3477495	-0.011579599
1.3577315	-0.011752407
1.3677135	-0.011926497
1.3776955	-0.012101866
1.3876775	-0.012278517
1.3976595	-0.012456448
1.4076415	-0.01263566
1.4176235	-0.012816154
1.4276055	-0.012997928
1.4375875	-0.013180984
1.4475695	-0.013365322
1.4575515	-0.013550941
1.4675335	-0.013737842
1.4775155	-0.013926025
1.4874975	-0.014115489
1.4974795	-0.014306236
1.5074615	-0.014498265
1.5174435	-0.014691577
1.5274255	-0.014886171
1.5374075	-0.015082047
1.5473895	-0.015279207
1.5573715	-0.015477649
1.5673535	-0.015677374
1.5773355	-0.015878383
1.5873175	-0.016080674
1.5972995	-0.016284249
1.6072815	-0.016489108
1.6172635	-0.016695251
1.6272454	-0.016902677
1.6372274	-0.017111387
1.6472094	-0.017321382
1.6571914	-0.01753266
1.6671734	-0.017745224
1.6771554	-0.017959071
1.6871374	-0.018174204
1.6971194	-0.018390621
1.7071014	-0.018608323
1.7170834	-0.01882731
1.7270654	-0.019047583
1.7370474	-0.019269141
1.7470294	-0.019491985
1.7570114	-0.019716114
1.7669934	-0.019941529
1.7769754	-0.020168231
1.7869574	-0.020396218
1.7969394	-0.020625492
1.8069214	-0.020856052
1.8169034	-0.021087899
1.8268854	-0.021321033
1.8368674	-0.021555454
1.8468494	-0.021791162
1.8568314	-0.022028157
1.8668134	-0.022266439
1.8767954	-0.022506009
1.8867774	-0.022746867
1.8967594	-0.022989013
1.9067413	-0.023232447
1.9167233	-0.023477169
1.9267053	-0.02372318
1.9366873	-0.023970479
1.9466693	-0.024219066
1.9566513	-0.024468943
1.9666333	-0.024720109
1.9766153	-0.024972564
1.9865973	-0.025226308
1.9965793	-0.025481342
2.0065613	-0.025737666
2.0165433	-0.02599528
2.0265253	-0.026254183
2.0365073	-0.026514377
2.0464893	-0.026775862
2.0564713	-0.027038637
2.0664533	-0.027302702
2.0764353	-0.027568059
2.0864173	-0.027834707
2.0963993	-0.028102646
2.1063813	-0.028371877
2.1163633	-0.028642399
2.1263453	-0.028914213
2.1363273	-0.029187319
2.1463093	-0.029461718
2.1562913	-0.029737409
2.1662733	-0.030014392
2.1762553	-0.030292668
2.1862372	-0.030572237
2.1962192	-0.030853099
2.2062012	-0.031135255
2.2161832	-0.031418704
2.2261652	-0.031703447
2.2361472	-0.031989483
2.2461292	-0.032276814
2.2561112	-0.032565439
2.2660932	-0.032855359
2.2760752	-0.033146573
2.2860572	-0.033439082
2.2960392	-0.033732885
2.3060212	-0.034027985
2.3160032	-0.034324379
2.3259852	-0.034622069
2.3359672	-0.034921056
2.3459492	-0.035221338
2.3559312	-0.035522916
2.3659132	-0.035825791
2.3758952	-0.036129962
2.3858772	-0.03643543
2.3958592	-0.036742195
2.4058412	-0.037050258
2.4158232	-0.037359617
2.4258052	-0.037670275
2.4357872	-0.03798223
2.4457692	-0.038295483
2.4557512	-0.038610035
2.4657331	-0.038925885
2.4757151	-0.039243034
2.4856971	-0.039561481
2.4956791	-0.039881228
2.5056611	-0.040202274
2.5156431	-0.040524619
2.5256251	-0.040848265
2.5356071	-0.04117321
2.5455891	-0.041499455
2.5555711	-0.041827001
2.5655531	-0.042155847
2.5755351	-0.042485994
2.5855171	-0.042817442
2.5954991	-0.043150191
2.6054811	-0.043484242
2.6154631	-0.043819594
2.6254451	-0.044156248
2.6354271	-0.044494205
2.6454091	-0.044833464
2.6553911	-0.045174025
2.6653731	-0.045515889
2.6753551	-0.045859056
2.6853371	-0.046203526
2.6953191	-0.0465493
2.7053011	-0.046896377
2.7152831	-0.047244759
2.7252651	-0.047594444
2.735247	-0.047945434
2.745229	-0.048297728
2.755211	-0.048651328
2.765193	-0.049006232
2.775175	-0.049362441
2.785157	-0.049719957
2.795139	-0.050078778
2.805121	-0.050438904
2.815103	-0.050800338
2.825085	-0.051163077
2.835067	-0.051527123
2.845049	-0.051892477
2.855031	-0.052259137
2.865013	-0.052627105
2.874995	-0.05299638
2.884977	-0.053366964
2.894959	-0.053738855
2.904941	-0.054112055
2.914923	-0.054486564
2.924905	-0.054862381
2.934887	-0.055239507
2.944869	-0.055617943
2.954851	-0.055997689
2.964833	-0.056378744
2.974815	-0.05676111
2.984797	-0.057144785
2.994779	-0.057529772
3.004761	-0.057916069
3.0147429	-0.058303677
3.0247249	-0.058692597
3.0347069	-0.059082828
3.0446889	-0.059474371
3.0546709	-0.059867227
3.0646529	-0.060261394
3.0746349	-0.060656874
3.0846169	-0.061053667
3.0945989	-0.061451774
3.1045809	-0.061851193
3.1145629	-0.062251927
3.1245449	-0.062653974
3.1345269	-0.063057335
3.1445089	-0.063462011
3.1544909	-0.063868002
3.1644729	-0.064275307
3.1744549	-0.064683928
3.1844369	-0.065093864
3.1944189	-0.065505116
3.2044009	-0.065917684
3.2143829	-0.066331568
3.2243649	-0.066746769
3.2343469	-0.067163286
3.2443289	-0.067581121
3.2543109	-0.068000273
3.2642929	-0.068420742
3.2742749	-0.06884253
3.2842569	-0.069265635
3.2942388	-0.06969006
3.3042208	-0.070115802
3.3142028	-0.070542864
3.3241848	-0.070971245
3.3341668	-0.071400946
3.3441488	-0.071831966
3.3541308	-0.072264307
3.3641128	-0.072697967
3.3740948	-0.073132949
3.3840768	-0.073569251
3.3940588	-0.074006875
3.4040408	-0.07444582
3.4140228	-0.074886087
3.4240048	-0.075327675
3.4339868	-0.075770587
3.4439688	-0.07621482
3.4539508	-0.076660377
3.4639328	-0.077107257
3.4739148	-0.07755546
3.4838968	-0.078004987
3.4938788	-0.078455838
3.5038608	-0.078908014
3.5138428	-0.079361514
3.5238248	-0.079816339
3.5338068	-0.080272489
3.5437888	-0.080729964
3.5537708	-0.081188766
3.5637528	-0.081648893
3.5737347	-0.082110347
3.5837167	-0.082573127
3.5936987	-0.083037234
3.6036807	-0.083502669
3.6136627	-0.083969431
3.6236447	-0.084437521
3.6336267	-0.084906939
3.6436087	-0.085377686
3.6535907	-0.085849761
3.6635727	-0.086323165
3.6735547	-0.086797899
3.6835367	-0.087273962
3.6935187	-0.087751355
3.7035007	-0.088230078
3.7134827	-0.088710132
3.7234647	-0.089191517
3.7334467	-0.089674233
3.7434287	-0.09015828
3.7534107	-0.090643659
3.7633927	-0.09113037
3.7733747	-0.091618414
3.7833567	-0.09210779
3.7933387	-0.092598499
3.8033207	-0.093090541
3.8133027	-0.093583917
3.8232847	-0.094078627
3.8332667	-0.094574671
3.8432486	-0.09507205
3.8532306	-0.095570763
3.8632126	-0.096070812
3.8731946	-0.096572196
3.8831766	-0.097074916
3.8931586	-0.097578972
3.9031406	-0.098084364
3.9131226	-0.098591093
3.9231046	-0.09909916
3.9330866	-0.099608563
3.9430686	-0.1001193
3.9530506	-0.10063138
3.9630326	-0.1011448
3.9730146	-0.10165956
3.9829966	-0.10217565
3.9929786	-0.10269309
4.0029606	-0.10321186
4.0129426	-0.10373198
4.0229246	-0.10425343
4.0329066	-0.10477622
4.0428886	-0.10530036
4.0528706	-0.10582584
4.0628526	-0.10635266
4.0728346	-0.10688082
4.0828166	-0.10741032
4.0927986	-0.10794117
4.1027806	-0.10847335
4.1127626	-0.10900688
4.1227445	-0.10954176
4.1327265	-0.11007798
4.1427085	-0.11061554
4.1526905	-0.11115445
4.1626725	-0.1116947
4.1726545	-0.1122363
4.1826365	-0.11277924
4.1926185	-0.11332353
4.2026005	-0.11386917
4.2125825	-0.11441615
4.2225645	-0.11496448
4.2325465	-0.11551416
4.2425285	-0.11606518
4.2525105	-0.11661755
4.2624925	-0.11717127
4.2724745	-0.11772634
4.2824565	-0.11828276
4.2924385	-0.11884052
4.3024205	-0.11939964
4.3124025	-0.11996011
4.3223845	-0.12052192
4.3323665	-0.12108509
4.3423485	-0.12164961
4.3523305	-0.12221548
4.3623125	-0.1227827
4.3722945	-0.12335127
4.3822765	-0.1239212
4.3922585	-0.12449248
4.4022404	-0.12506511
4.4122224	-0.12563909
4.4222044	-0.12621443
4.4321864	-0.12679113
4.4421684	-0.12736917
4.4521504	-0.12794858
4.4621324	-0.12852934
4.4721144	-0.12911145
4.4820964	-0.12969492
4.4920784	-0.13027974
4.5020604	-0.13086593
4.5120424	-0.13145346
4.5220244	-0.13204236
4.5320064	-0.13263262
4.5419884	-0.13322423
4.5519704	-0.1338172
4.5619524	-0.13441153
4.5719344	-0.13500722
4.5819164	-0.13560426
4.5918984	-0.13620267
4.6018804	-0.13680244
4.6118624	-0.13740357
4.6218444	-0.13800606
4.6318264	-0.13860991
4.6418084	-0.13921512
4.6517904	-0.1398217
4.6617724	-0.14042964
4.6717544	-0.14103894
4.6817363	-0.1416496
4.6917183	-0.14226163
4.7017003	-0.14287502
4.7116823	-0.14348977
4.7216643	-0.14410589
4.7316463	-0.14472338
4.7416283	-0.14534223
4.7516103	-0.14596244
4.7615923	-0.14658403
4.7715743	-0.14720697
4.7815563	-0.14783129
4.7915383	-0.14845697
4.8015203	-0.14908402
4.8115023	-0.14971244
4.8214843	-0.15034223
4.8314663	-0.15097338
4.8414483	-0.15160591
4.8514303	-0.1522398
4.8614123	-0.15287507
4.8713943	-0.1535117
4.8813763	-0.1541497
4.8913583	-0.15478908
4.9013403	-0.15542983
4.9113223	-0.15607195
4.9213043	-0.15671544
4.9312863	-0.1573603
4.9412683	-0.15800654
4.9512503	-0.15865415
4.9612322	-0.15930313
4.9712142	-0.15995349
4.9811962	-0.16060522
4.9911782	-0.16125833
5.0011602	-0.16191281
5.0111422	-0.16256867
5.0211242	-0.16322591
5.0311062	-0.16388452
5.0410882	-0.1645445
5.0510702	-0.16520587
5.0610522	-0.16586861
5.0710342	-0.16653273
5.0810162	-0.16719823
5.0909982	-0.16786511
5.1009802	-0.16853336
5.1109622	-0.169203
5.1209442	-0.16987402
5.1309262	-0.17054641
5.1409082	-0.17122019
5.1508902	-0.17189535
5.1608722	-0.17257189
5.1708542	-0.17324981
5.1808362	-0.17392911
5.1908182	-0.1746098
5.2008002	-0.17529187
5.2107822	-0.17597532
5.2207642	-0.17666016
5.2307461	-0.17734638
5.2407281	-0.17803399
5.2507101	-0.17872298
5.2606921	-0.17941336
5.2706741	-0.18010512
5.2806561	-0.18079827
5.2906381	-0.18149281
5.3006201	-0.18218873
5.3106021	-0.18288604
5.3205841	-0.18358474
5.3305661	-0.18428483
5.3405481	-0.1849863
5.3505301	-0.18568917
5.3605121	-0.18639342
5.3704941	-0.18709907
5.3804761	-0.1878061
5.3904581	-0.18851453
5.4004401	-0.18922434
5.4104221	-0.18993555
5.4204041	-0.19064815
5.4303861	-0.19136215
5.4403681	-0.19207753
5.4503501	-0.19279431
5.4603321	-0.19351248
5.4703141	-0.19423205
5.4802961	-0.19495301
5.4902781	-0.19567537
5.5002601	-0.19639912
5.510242	-0.19712427
5.520224	-0.19785081
5.530206	-0.19857875
5.540188	-0.19930809
5.55017	-0.20003882
5.560152	-0.20077096
5.570134	-0.20150449
5.580116	-0.20223942
5.590098	-0.20297575
5.60008	-0.20371347
5.610062	-0.2044526
5.620044	-0.20519313
5.630026	-0.20593506
5.640008	-0.20667839
5.64999	-0.20742312
5.659972	-0.20816926
5.669954	-0.20891679
5.679936	-0.20966573
5.689918	-0.21041608
5.6999	-0.21116782
5.709882	-0.21192097
5.719864	-0.21267553
5.729846	-0.21343149
5.739828	-0.21418886
5.74981	-0.21494763
5.759792	-0.21570781
5.769774	-0.21646939
5.779756	-0.21723238
5.7897379	-0.21799678
5.7997199	-0.21876259
5.8097019	-0.21952981
5.8196839	-0.22029843
5.8296659	-0.22106847
5.8396479	-0.22183991
5.8496299	-0.22261276
5.8596119	-0.22338703
5.8695939	-0.2241627
5.8795759	-0.22493979
5.8895579	-0.22571829
5.8995399	-0.2264982
5.9095219	-0.22727953
5.9195039	-0.22806227
5.9294859	-0.22884642
5.9394679	-0.22963198
5.9494499	-0.23041896
5.9594319	-0.23120736
5.9694139	-0.23199717
5.9793959	-0.23278839
5.9893779	-0.23358104
5.9993599	-0.2343751
6.0093419	-0.23517057
6.0193239	-0.23596747
6.0293059	-0.23676578
6.0392879	-0.23756551
6.0492699	-0.23836666
6.0592519	-0.23916923
6.0692338	-0.23997322
6.0792158	-0.24077863
6.0891978	-0.24158546
6.0991798	-0.24239371
6.1091618	-0.24320338
6.1191438	-0.24401448
6.1291258	-0.24482699
6.1391078	-0.24564093
6.1490898	-0.2464563
6.1590718	-0.24727309
6.1690538	-0.2480913
6.1790358	-0.24891093
6.1890178	-0.249732
6.1989998	-0.25055448
6.2089818	-0.2513784
6.2189638	-0.25220374
6.2289458	-0.2530305
6.2389278	-0.2538587
6.2489098	-0.25468832
6.2588918	-0.25551937
6.2688738	-0.25635185
6.2788558	-0.25718576
6.2888378	-0.2580211
6.2988198	-0.25885786
6.3088018	-0.25969606
6.3187838	-0.26053569
6.3287658	-0.26137675
6.3387477	-0.26221925
6.3487297	-0.26306317
6.3587117	-0.26390853
6.3686937	-0.26475532
6.3786757	-0.26560355
6.3886577	-0.26645321
6.3986397	-0.2673043
6.4086217	-0.26815683
6.4186037	-0.2690108
6.4285857	-0.2698662
6.4385677	-0.27072304
6.4485497	-0.27158132
6.4585317	-0.27244103
6.4685137	-0.27330218
6.4784957	-0.27416477
6.4884777	-0.27502879
6.4984597	-0.27589426
6.5084417	-0.27676117
6.5184237	-0.27762951
6.5284057	-0.2784993
6.5383877	-0.27937053
6.5483697	-0.2802432
6.5583517	-0.28111731
6.5683337	-0.28199287
6.5783157	-0.28286987
6.5882977	-0.28374831
6.5982797	-0.28462819
6.6082617	-0.28550952
6.6182436	-0.2863923
6.6282256	-0.28727652
6.6382076	-0.28816218
6.6481896	-0.28904929
6.6581716	-0.28993785
6.6681536	-0.29082786
6.6781356	-0.29171931
6.6881176	-0.29261221
6.6980996	-0.29350656
6.7080816	-0.29440236
6.7180636	-0.29529961
6.7280456	-0.29619831
6.7380276	-0.29709846
6.7480096	-0.29800006
6.7579916	-0.29890311
6.7679736	-0.29980761
6.7779556	-0.30071357
6.7879376	-0.30162098
6.7979196	-0.30252984
6.8079016	-0.30344015
6.8178836	-0.30435192
6.8278656	-0.30526515
6.8378476	-0.30617983
6.8478296	-0.30709596
6.8578116	-0.30801355
6.8677936	-0.3089326
6.8777756	-0.30985311
6.8877576	-0.31077507
6.8977395	-0.31169849
6.9077215	-0.31262337
6.9177035	-0.31354971
6.9276855	-0.3144775
6.9376675	-0.31540676
6.9476495	-0.31633748
6.9576315	-0.31726966
6.9676135	-0.3182033
6.9775955	-0.3191384
6.9875775	-0.32007496
6.9975595	-0.32101299
7.0075415	-0.32195248
7.0175235	-0.32289344
7.0275055	-0.32383585
7.0374875	-0.32477974
7.0474695	-0.32572509
7.0574515	-0.3266719
7.0674335	-0.32762018
7.0774155	-0.32856993
7.0873975	-0.32952114
7.0973795	-0.33047382
7.1073615	-0.33142797
7.1173435	-0.33238359
7.1273255	-0.33334068
7.1373075	-0.33429923
7.1472895	-0.33525926
7.1572715	-0.33622076
7.1672535	-0.33718373
7.1772354	-0.33814816
7.1872174	-0.33911408
7.1971994	-0.34008146
7.2071814	-0.34105032
7.2171634	-0.34202065
7.2271454	-0.34299245
7.2371274	-0.34396573
7.2471094	-0.34494048
7.2570914	-0.34591671
7.2670734	-0.34689442
7.2770554	-0.3478736
7.2870374	-0.34885426
7.2970194	-0.34983639
7.3070014	-0.35082
7.3169834	-0.35180509
7.3269654	-0.35279166
7.3369474	-0.35377971
7.3469294	-0.35476924
7.3569114	-0.35576025
7.3668934	-0.35675274
7.3768754	-0.35774671
7.3868574	-0.35874216
7.3968394	-0.3597391
7.4068214	-0.36073752
7.4168034	-0.36173742
7.4267854	-0.3627388
7.4367674	-0.36374167
7.4467493	-0.36474602
7.4567313	-0.36575186
7.4667133	-0.36675919
7.4766953	-0.367768
7.4866773	-0.36877829
7.4966593	-0.36979008
7.5066413	-0.37080335
7.5166233	-0.37181811
7.5266053	-0.37283435
7.5365873	-0.37385209
7.5465693	-0.37487132
7.5565513	-0.37589203
7.5665333	-0.37691424
7.5765153	-0.37793794
7.5864973	-0.37896313
7.5964793	-0.37998981
7.6064613	-0.38101798
7.6164433	-0.38204765
7.6264253	-0.38307881
7.6364073	-0.38411146
7.6463893	-0.38514561
7.6563713	-0.38618126
7.6663533	-0.3872184
7.6763353	-0.38825703
7.6863173	-0.38929716
7.6962993	-0.39033879
7.7062813	-0.39138192
7.7162633	-0.39242654
7.7262452	-0.39347267
7.7362272	-0.39452029
7.7462092	-0.39556941
7.7561912	-0.39662003
7.7661732	-0.39767215
7.7761552	-0.39872578
7.7861372	-0.3997809
7.7961192	-0.40083753
7.8061012	-0.40189565
7.8160832	-0.40295529
7.8260652	-0.40401642
7.8360472	-0.40507906
7.8460292	-0.4061432
7.8560112	-0.40720885
7.8659932	-0.408276
7.8759752	-0.40934466
7.8859572	-0.41041483
7.8959392	-0.4114865
7.9059212	-0.41255968
7.9159032	-0.41363437
7.9258852	-0.41471057
7.9358672	-0.41578827
7.9458492	-0.41686749
7.9558312	-0.41794821
7.9658132	-0.41903045
7.9757952	-0.42011419
7.9857772	-0.42119945
7.9957592	-0.42228622
8.0057411	-0.4233745
8.0157231	-0.4244643
8.0257051	-0.42555561
8.0356871	-0.42664843
8.0456691	-0.42774277
8.0556511	-0.42883862
8.0656331	-0.42993599
8.0756151	-0.43103487
8.0855971	-0.43213527
8.0955791	-0.43323719
8.1055611	-0.43434062
8.1155431	-0.43544557
8.1255251	-0.43655204
8.1355071	-0.43766003
8.1454891	-0.43876954
8.1554711	-0.43988057
8.1654531	-0.44099312
8.1754351	-0.44210719
8.1854171	-0.44322278
8.1953991	-0.4443399
8.2053811	-0.44545854
8.2153631	-0.44657869
8.2253451	-0.44770038
8.2353271	-0.44882359
8.2453091	-0.44994832
8.2552911	-0.45107457
8.2652731	-0.45220236
8.2752551	-0.45333166
8.285237	-0.4544625
8.295219	-0.45559486
8.305201	-0.45672875
8.315183	-0.45786417
8.325165	-0.45900111
8.335147	-0.46013959
8.345129	-0.46127959
8.355111	-0.46242113
8.365093	-0.46356419
8.375075	-0.46470879
8.385057	-0.46585492
8.395039	-0.46700258
8.405021	-0.46815177
8.415003	-0.46930249
8.424985	-0.47045475
8.434967	-0.47160855
8.444949	-0.47276388
8.454931	-0.47392074
8.464913	-0.47507914
8.474895	-0.47623907
8.484877	-0.47740054
8.494859	-0.47856355
8.504841	-0.4797281
8.514823	-0.48089418
8.524805	-0.48206181
8.534787	-0.48323097
8.544769	-0.48440167
8.554751	-0.48557391
8.5647329	-0.4867477
8.5747149	-0.48792302
8.5846969	-0.48909989
8.5946789	-0.49027829
8.6046609	-0.49145824
8.6146429	-0.49263974
8.6246249	-0.49382278
8.6346069	-0.49500736
8.6445889	-0.49619348
8.6545709	-0.49738116
8.6645529	-0.49857037
8.6745349	-0.49976114
8.6845169	-0.50095345
8.6944989	-0.50214731
8.7044809	-0.50334271
8.7144629	-0.50453967
8.7244449	-0.50573817
8.7344269	-0.50693822
8.7444089	-0.50813982
8.7543909	-0.50934298
8.7643729	-0.51054768
8.7743549	-0.51175393
8.7843369	-0.51296174
8.7943189	-0.5141711
8.8043009	-0.51538201
8.8142829	-0.51659447
8.8242649	-0.51780849
8.8342468	-0.51902407
8.8442288	-0.52024119
8.8542108	-0.52145988
8.8641928	-0.52268012
8.8741748	-0.52390191
8.8841568	-0.52512526
8.8941388	-0.52635017
8.9041208	-0.52757664
8.9141028	-0.52880467
8.9240848	-0.53003425
8.9340668	-0.5312654
8.9440488	-0.5324981
8.9540308	-0.53373237
8.9640128	-0.53496819
8.9739948	-0.53620558
8.9839768	-0.53744453
8.9939588	-0.53868504
9.0039408	-0.53992712
9.0139228	-0.54117076
9.0239048	-0.54241596
9.0338868	-0.54366272
9.0438688	-0.54491106
9.0538508	-0.54616095
9.0638328	-0.54741242
9.0738148	-0.54866545
9.0837968	-0.54992004
9.0937788	-0.55117621
9.1037608	-0.55243394
9.1137427	-0.55369324
9.1237247	-0.55495411
9.1337067	-0.55621655
9.1436887	-0.55748056
9.1536707	-0.55874614
9.1636527	-0.56001329
9.1736347	-0.56128202
9.1836167	-0.56255231
9.1935987	-0.56382418
9.2035807	-0.56509762
9.2135627	-0.56637263
9.2235447	-0.56764922
9.2335267	-0.56892738
9.2435087	-0.57020712
9.2534907	-0.57148844
9.2634727	-0.57277133
9.2734547	-0.57405579
9.2834367	-0.57534184
9.2934187	-0.57662946
9.3034007	-0.57791866
9.3133827	-0.57920943
9.3233647	-0.58050179
9.3333467	-0.58179573
9.3433287	-0.58309124
9.3533107	-0.58438834
9.3632927	-0.58568702
9.3732747	-0.58698728
9.3832567	-0.58828912
9.3932386	-0.58959255
9.4032206	-0.59089756
9.4132026	-0.59220415
9.4231846	-0.59351232
9.4331666	-0.59482208
9.4431486	-0.59613343
9.4531306	-0.59744636
9.4631126	-0.59876088
9.4730946	-0.60007698
9.4830766	-0.60139468
9.4930586	-0.60271396
9.5030406	-0.60403482
9.5130226	-0.60535728
9.5230046	-0.60668132
9.5329866	-0.60800696
9.5429686	-0.60933418
9.5529506	-0.610663
9.5629326	-0.61199341
9.5729146	-0.61332541
9.5828966	-0.614659
9.5928786	-0.61599418
9.6028606	-0.61733096
9.6128426	-0.61866933
9.6228246	-0.62000929
9.6328066	-0.62135085
9.6427886	-0.62269401
9.6527706	-0.62403876
9.6627526	-0.6253851
9.6727345	-0.62673305
9.6827165	-0.62808259
9.6926985	-0.62943372
9.7026805	-0.63078646
9.7126625	-0.6321408
9.7226445	-0.63349673
9.7326265	-0.63485426
9.7426085	-0.6362134
9.7525905	-0.63757413
9.7625725	-0.63893647
9.7725545	-0.6403004
9.7825365	-0.64166594
9.7925185	-0.64303308
9.8025005	-0.64440183
9.8124825	-0.64577218
9.8224645	-0.64714413
9.8324465	-0.64851769
9.8424285	-0.64989285
9.8524105	-0.65126962
9.8623925	-0.65264799
9.8723745	-0.65402798
9.8823565	-0.65540956
9.8923385	-0.65679276
9.9023205	-0.65817756
9.9123025	-0.65956397
9.9222845	-0.660952
9.9322665	-0.66234163
9.9422484	-0.66373287
9.9522304	-0.66512572
9.9622124	-0.66652018
9.9721944	-0.66791626
9.9821764	-0.66931394
9.9921584	-0.67071324
10.00214	-0.67211415
10.012122	-0.67351668
10.022104	-0.67492082
10.032086	-0.67632657
10.042068	-0.67773394
10.05205	-0.67914292
10.062032	-0.68055352
10.072014	-0.68196574
10.081996	-0.68337957
10.091978	-0.68479502
10.10196	-0.68621209
10.111942	-0.68763078
10.121924	-0.68905108
10.131906	-0.69047301
10.141888	-0.69189656
10.15187	-0.69332172
10.161852	-0.69474851
10.171834	-0.69617691
10.181816	-0.69760694
10.191798	-0.6990386
10.20178	-0.70047187
10.211762	-0.70190677
10.221744	-0.70334329
10.231726	-0.70478144
10.241708	-0.70622121
10.25169	-0.7076626
10.261672	-0.70910562
10.271654	-0.71055027
10.281636	-0.71199655
10.291618	-0.71344445
10.3016	-0.71489398
10.311582	-0.71634513
10.321564	-0.71779792
10.331546	-0.71925233
10.341528	-0.72070838
10.35151	-0.72216605
10.361492	-0.72362536
10.371474	-0.72508629
10.381456	-0.72654886
10.391438	-0.72801306
10.40142	-0.72947889
10.411402	-0.73094635
10.421384	-0.73241545
10.431366	-0.73388618
10.441348	-0.73535855
10.45133	-0.73683255
10.461312	-0.73830819
10.471294	-0.73978546
10.481276	-0.74126437
10.491258	-0.74274491
10.50124	-0.7442271
10.511222	-0.74571092
10.521204	-0.74719637
10.531186	-0.74868347
10.541168	-0.75017221
10.55115	-0.75166258
10.561132	-0.7531546
10.571114	-0.75464825
10.581096	-0.75614355
10.591078	-0.75764049
10.60106	-0.75913907
10.611042	-0.76063929
10.621024	-0.76214116
10.631006	-0.76364467
10.640988	-0.76514982
10.65097	-0.76665662
10.660952	-0.76816506
10.670934	-0.76967515
10.680916	-0.77118688
10.690898	-0.77270026
10.70088	-0.77421529
10.710862	-0.77573196
10.720844	-0.77725028
10.730826	-0.77877025
10.740808	-0.78029186
10.75079	-0.78181513
10.760772	-0.78334005
10.770754	-0.78486661
10.780736	-0.78639483
10.790718	-0.7879247
10.8007	-0.78945621
10.810682	-0.79098938
10.820664	-0.79252421
10.830646	-0.79406068
10.840628	-0.79559881
10.85061	-0.79713859
10.860592	-0.79868003
10.870574	-0.80022312
10.880556	-0.80176786
10.890538	-0.80331426
10.90052	-0.80486232
10.910502	-0.80641203
10.920484	-0.8079634
10.930466	-0.80951643
10.940448	-0.81107112
10.95043	-0.81262746
10.960412	-0.81418546
10.970394	-0.81574512
10.980376	-0.81730644
10.990358	-0.81886942
11.00034	-0.82043407
11.010322	-0.82200037
11.020304	-0.82356833
11.030286	-0.82513796
11.040268	-0.82670925
11.05025	-0.8282822
11.060232	-0.82985681
11.070214	-0.83143309
11.080196	-0.83301103
11.090178	-0.83459064
11.10016	-0.83617191
11.110142	-0.83775485
11.120124	-0.83933945
11.130106	-0.84092572
11.140088	-0.84251366
11.15007	-0.84410326
11.160052	-0.84569453
11.170034	-0.84728747
11.180016	-0.84888208
11.189998	-0.85047836
11.19998	-0.85207631
11.209962	-0.85367592
11.219944	-0.85527721
11.229926	-0.85688017
11.239908	-0.8584848
11.24989	-0.8600911
11.259872	-0.86169907
11.269854	-0.86330872
11.279836	-0.86492004
11.289818	-0.86653303
11.2998	-0.8681477
11.309782	-0.86976404
11.319764	-0.87138206
11.329746	-0.87300175
11.339728	-0.87462312
11.34971	-0.87624616
11.359692	-0.87787088
11.369674	-0.87949728
11.379656	-0.88112535
11.389638	-0.8827551
11.39962	-0.88438654
11.409602	-0.88601965
11.419584	-0.88765443
11.429566	-0.8892909
11.439548	-0.89092905
11.44953	-0.89256888
11.459512	-0.89421039
11.469494	-0.89585358
11.479476	-0.89749846
11.489458	-0.89914501
11.49944	-0.90079325
11.509422	-0.90244317
11.519404	-0.90409478
11.529386	-0.90574807
11.539368	-0.90740304
11.54935	-0.9090597
11.559332	-0.91071805
11.569314	-0.91237808
11.579296	-0.91403979
11.589278	-0.91570319
11.59926	-0.91736828
11.609242	-0.91903506
11.619224	-0.92070352
11.629206	-0.92237368
11.639188	-0.92404552
11.64917	-0.92571905
11.659152	-0.92739427
11.669134	-0.92907118
11.679116	-0.93074978
11.689098	-0.93243007
11.69908	-0.93411205
11.709062	-0.93579573
11.719044	-0.93748109
11.729026	-0.93916815
11.739008	-0.9408569
11.74899	-0.94254735
11.758972	-0.94423948
11.768954	-0.94593332
11.778936	-0.94762884
11.788918	-0.94932607
11.7989	-0.95102498
11.808882	-0.9527256
11.818864	-0.9544279
11.828846	-0.95613191
11.838828	-0.95783761
11.84881	-0.95954501
11.858792	-0.96125411
11.868774	-0.96296491
11.878756	-0.9646774
11.888738	-0.9663916
11.89872	-0.96810749
11.908702	-0.96982508
11.918684	-0.97154438
11.928666	-0.97326537
11.938648	-0.97498807
11.94863	-0.97671246
11.958612	-0.97843856
11.968594	-0.98016636
11.978576	-0.98189586
11.988558	-0.98362707
11.99854	-0.98535998
12.008522	-0.9870946
12.018504	-0.98883091
12.028486	-0.99056894
12.038468	-0.99230866
12.04845	-0.9940501
12.058432	-0.99579324
12.068414	-0.99753808
12.078396	-0.99928463
12.088378	-1.0010329
12.09836	-1.0027829
12.108342	-1.0045345
12.118324	-1.0062879
12.128306	-1.008043
12.138288	-1.0097998
12.14827	-1.0115583
12.158252	-1.0133185
12.168234	-1.0150805
12.178216	-1.0168441
12.188198	-1.0186095
12.19818	-1.0203765
12.208162	-1.0221453
12.218144	-1.0239158
12.228126	-1.025688
12.238108	-1.0274619
12.24809	-1.0292375
12.258072	-1.0310149
12.268054	-1.0327939
12.278036	-1.0345747
12.288018	-1.0363572
12.298	-1.0381414
12.307982	-1.0399273
12.317964	-1.0417149
12.327946	-1.0435042
12.337928	-1.0452953
12.34791	-1.0470881
12.357892	-1.0488826
12.367874	-1.0506788
12.377856	-1.0524767
12.387838	-1.0542764
12.39782	-1.0560777
12.407802	-1.0578808
12.417784	-1.0596856
12.427766	-1.0614922
12.437748	-1.0633004
12.44773	-1.0651104
12.457712	-1.0669221
12.467694	-1.0687355
12.477676	-1.0705506
12.487658	-1.0723675
12.49764	-1.0741861
12.507622	-1.0760064
12.517604	-1.0778284
12.527586	-1.0796521
12.537568	-1.0814776
12.54755	-1.0833048
12.557532	-1.0851337
12.567514	-1.0869644
12.577495	-1.0887968
12.587477	-1.0906309
12.597459	-1.0924667
12.607441	-1.0943042
12.617423	-1.0961435
12.627405	-1.0979845
12.637387	-1.0998273
12.647369	-1.1016717
12.657351	-1.1035179
12.667333	-1.1053658
12.677315	-1.1072155
12.687297	-1.1090668
12.697279	-1.11092
12.707261	-1.1127748
12.717243	-1.1146314
12.727225	-1.1164897
12.737207	-1.1183497
12.747189	-1.1202114
12.757171	-1.1220749
12.767153	-1.1239402
12.777135	-1.1258071
12.787117	-1.1276758
12.797099	-1.1295462
12.807081	-1.1314184
12.817063	-1.1332923
12.827045	-1.1351679
12.837027	-1.1370453
12.847009	-1.1389244
12.856991	-1.1408052
12.866973	-1.1426878
12.876955	-1.1445721
12.886937	-1.1464581
12.896919	-1.1483459
12.906901	-1.1502354
12.916883	-1.1521266
12.926865	-1.1540196
12.936847	-1.1559143
12.946829	-1.1578108
12.956811	-1.159709
12.966793	-1.1616089
12.976775	-1.1635106
12.986757	-1.165414
12.996739	-1.1673192
13.006721	-1.1692261
13.016703	-1.1711347
13.026685	-1.1730451
13.036667	-1.1749572
13.046649	-1.1768711
13.056631	-1.1787867
13.066613	-1.180704
13.076595	-1.1826231
13.086577	-1.184544
13.096559	-1.1864665
13.106541	-1.1883908
13.116523	-1.1903169
13.126505	-1.1922447
13.136487	-1.1941743
13.146469	-1.1961056
13.156451	-1.1980386
13.166433	-1.1999734
13.176415	-1.2019099
13.186397	-1.2038482
13.196379	-1.2057882
13.206361	-1.20773
13.216343	-1.2096735
13.226325	-1.2116187
13.236307	-1.2135658
13.246289	-1.2155145
13.256271	-1.217465
13.266253	-1.2194173
13.276235	-1.2213713
13.286217	-1.223327
13.296199	-1.2252845
13.306181	-1.2272438
13.316163	-1.2292048
13.326145	-1.2311675
13.336127	-1.233132
13.346109	-1.2350983
13.356091	-1.2370663
13.366073	-1.239036
13.376055	-1.2410075
13.386037	-1.2429808
13.396019	-1.2449558
13.406001	-1.2469325
13.415983	-1.2489111
13.425965	-1.2508913
13.435947	-1.2528733
13.445929	-1.2548571
13.455911	-1.2568426
13.465893	-1.2588299
13.475875	-1.2608189
13.485857	-1.2628097
13.495839	-1.2648023
13.505821	-1.2667966
13.515803	-1.2687926
13.525785	-1.2707904
13.535767	-1.27279
13.545749	-1.2747913
13.555731	-1.2767944
13.565713	-1.2787993
13.575695	-1.2808058
13.585677	-1.2828142
13.595659	-1.2848243
13.605641	-1.2868362
13.615623	-1.2888498
13.625605	-1.2908652
13.635587	-1.2928823
13.645569	-1.2949012
13.655551	-1.2969219
13.665533	-1.2989443
13.675515	-1.3009685
13.685497	-1.3029944
13.695479	-1.3050221
13.705461	-1.3070516
13.715443	-1.3090828
13.725425	-1.3111158
13.735407	-1.3131505
13.745389	-1.315187
13.755371	-1.3172253
13.765353	-1.3192653
13.775335	-1.3213071
13.785317	-1.3233507
13.795299	-1.325396
13.805281	-1.3274431
13.815263	-1.3294919
13.825245	-1.3315425
13.835227	-1.3335949
13.845209	-1.335649
13.855191	-1.3377049
13.865173	-1.3397626
13.875155	-1.341822
13.885137	-1.3438832
13.895119	-1.3459462
13.905101	-1.3480109
13.915083	-1.3500774
13.925065	-1.3521457
13.935047	-1.3542157
13.945029	-1.3562875
13.955011	-1.358361
13.964993	-1.3604364
13.974975	-1.3625134
13.984957	-1.3645923
13.994939	-1.3666729
14.004921	-1.3687553
14.014903	-1.3708395
14.024885	-1.3729254
14.034867	-1.3750131
14.044849	-1.3771026
14.054831	-1.3791938
14.064813	-1.3812868
14.074795	-1.3833816
14.084777	-1.3854782
14.094759	-1.3875765
14.104741	-1.3896766
14.114723	-1.3917784
14.124705	-1.393882
14.134687	-1.3959874
14.144669	-1.3980946
14.154651	-1.4002035
14.164633	-1.4023143
14.174615	-1.4044267
14.184597	-1.406541
14.194579	-1.408657
14.204561	-1.4107748
14.214543	-1.4128944
14.224525	-1.4150157
14.234507	-1.4171389
14.244489	-1.4192637
14.254471	-1.4213904
14.264453	-1.4235188
14.274435	-1.4256491
14.284417	-1.427781
14.294399	-1.4299148
14.304381	-1.4320503
14.314363	-1.4341876
14.324345	-1.4363267
14.334327	-1.4384676
14.344309	-1.4406102
14.354291	-1.4427546
14.364273	-1.4449008
14.374255	-1.4470488
14.384237	-1.4491985
14.394219	-1.45135
14.404201	-1.4535033
14.414183	-1.4556584
14.424165	-1.4578152
14.434147	-1.4599738
14.444129	-1.4621342
14.454111	-1.4642964
14.464093	-1.4664603
14.474075	-1.4686261
14.484057	-1.4707936
14.494039	-1.4729628
14.504021	-1.4751339
14.514003	-1.4773067
14.523985	-1.4794814
14.533967	-1.4816578
14.543949	-1.4838359
14.553931	-1.4860159
14.563913	-1.4881976
14.573895	-1.4903811
14.583877	-1.4925664
14.593859	-1.4947535
14.603841	-1.4969423
14.613823	-1.499133
14.623805	-1.5013254
14.633787	-1.5035196
14.643769	-1.5057155
14.653751	-1.5079133
14.663733	-1.5101128
14.673715	-1.5123141
14.683697	-1.5145172
14.693679	-1.5167221
14.703661	-1.5189288
14.713643	-1.5211372
14.723625	-1.5233474
14.733607	-1.5255594
14.743589	-1.5277732
14.753571	-1.5299888
14.763553	-1.5322061
14.773535	-1.5344252
14.783517	-1.5366462
14.793499	-1.5388689
14.803481	-1.5410933
14.813463	-1.5433196
14.823445	-1.5455476
14.833427	-1.5477775
14.843409	-1.5500091
14.853391	-1.5522425
14.863373	-1.5544776
14.873355	-1.5567146
14.883337	-1.5589534
14.893319	-1.5611939
14.903301	-1.5634362
14.913283	-1.5656803
14.923265	-1.5679262
14.933247	-1.5701738
14.943229	-1.5724233
14.953211	-1.5746745
14.963193	-1.5769276
14.973175	-1.5791824
14.983157	-1.581439
14.993139	-1.5836973
15.003121	-1.5859575
15.013103	-1.5882195
15.023085	-1.5904832
15.033067	-1.5927487
15.043049	-1.595016
15.053031	-1.5972851
15.063013	-1.599556
15.072995	-1.6018286
15.082977	-1.6041031
15.092959	-1.6063793
15.102941	-1.6086574
15.112923	-1.6109372
15.122905	-1.6132188
15.132887	-1.6155022
15.142869	-1.6177873
15.152851	-1.6200743
15.162833	-1.622363
15.172815	-1.6246536
15.182797	-1.6269459
15.192779	-1.62924
15.202761	-1.6315359
15.212743	-1.6338336
15.222725	-1.636133
15.232707	-1.6384343
15.242689	-1.6407373
15.252671	-1.6430422
15.262653	-1.6453488
15.272635	-1.6476572
15.282617	-1.6499674
15.292599	-1.6522794
15.302581	-1.6545932
15.312563	-1.6569087
15.322545	-1.6592261
15.332527	-1.6615452
15.342509	-1.6638662
15.35249	-1.6661889
15.362472	-1.6685134
15.372454	-1.6708397
15.382436	-1.6731678
15.392418	-1.6754977
15.4024	-1.6778293
15.412382	-1.6801628
15.422364	-1.682498
15.432346	-1.6848351
15.442328	-1.6871739
15.45231	-1.6895145
15.462292	-1.6918569
15.472274	-1.6942011
15.482256	-1.6965471
15.492238	-1.6988949
15.50222	-1.7012444
15.512202	-1.7035958
15.522184	-1.7059489
15.532166	-1.7083038
15.542148	-1.7106606
15.55213	-1.7130191
15.562112	-1.7153794
15.572094	-1.7177415
15.582076	-1.7201054
15.592058	-1.722471
15.60204	-1.7248385
15.612022	-1.7272078
15.622004	-1.7295788
15.631986	-1.7319516
15.641968	-1.7343263
15.65195	-1.7367027
15.661932	-1.7390809
15.671914	-1.7414609
15.681896	-1.7438427
15.691878	-1.7462263
15.70186	-1.7486116
15.711842	-1.7509988
15.721824	-1.7533878
15.731806	-1.7557785
15.741788	-1.758171
15.75177	-1.7605654
15.761752	-1.7629615
15.771734	-1.7653594
15.781716	-1.7677591
15.791698	-1.7701606
15.80168	-1.7725639
15.811662	-1.7749689
15.821644	-1.7773758
15.831626	-1.7797845
15.841608	-1.7821949
15.85159	-1.7846072
15.861572	-1.7870212
15.871554	-1.789437
15.881536	-1.7918546
15.891518	-1.794274
15.9015	-1.7966952
15.911482	-1.7991182
15.921464	-1.801543
15.931446	-1.8039696
15.941428	-1.8063979
15.95141	-1.8088281
15.961392	-1.81126
15.971374	-1.8136937
15.981356	-1.8161293
15.991338	-1.8185666
16.00132	-1.8210057
16.011302	-1.8234466
16.021284	-1.8258893
16.031266	-1.8283338
16.041248	-1.8307801
16.05123	-1.8332281
16.061212	-1.835678
16.071194	-1.8381296
16.081176	-1.8405831
16.091158	-1.8430383
16.10114	-1.8454953
16.111122	-1.8479541
16.121104	-1.8504147
16.131086	-1.8528771
16.141068	-1.8553413
16.15105	-1.8578073
16.161032	-1.8602751
16.171014	-1.8627446
16.180996	-1.865216
16.190978	-1.8676891
16.20096	-1.8701641
16.210942	-1.8726408
16.220924	-1.8751193
16.230906	-1.8775996
16.240888	-1.8800817
16.25087	-1.8825656
16.260852	-1.8850513
16.270834	-1.8875388
16.280816	-1.890028
16.290798	-1.8925191
16.30078	-1.8950119
16.310762	-1.8975065
16.320744	-1.900003
16.330726	-1.9025012
16.340708	-1.9050012
16.35069	-1.907503
16.360672	-1.9100066
16.370654	-1.9125119
16.380636	-1.9150191
16.390618	-1.9175281
16.4006	-1.9200388
16.410582	-1.9225514
16.420564	-1.9250657
16.430546	-1.9275818
16.440528	-1.9300997
16.45051	-1.9326194
16.460492	-1.9351409
16.470474	-1.9376642
16.480456	-1.9401893
16.490438	-1.9427161
16.50042	-1.9452448
16.510402	-1.9477752
16.520384	-1.9503074
16.530366	-1.9528414
16.540348	-1.9553772
16.55033	-1.9579148
16.560312	-1.9604542
16.570294	-1.9629954
16.580276	-1.9655384
16.590258	-1.9680831
16.60024	-1.9706297
16.610222	-1.973178
16.620204	-1.9757281
16.630186	-1.97828
16.640168	-1.9808337
16.65015	-1.9833892
16.660132	-1.9859465
16.670114	-1.9885055
16.680096	-1.9910664
16.690078	-1.993629
16.70006	-1.9961934
16.710042	-1.9987596
16.720024	-2.0013276
16.730006	-2.0038974
16.739988	-2.006469
16.74997	-2.0090424
16.759952	-2.0116175
16.769934	-2.0141945
16.779916	-2.0167732
16.789898	-2.0193537
16.79988	-2.021936
16.809862	-2.0245201
16.819844	-2.027106
16.829826	-2.0296936
16.839808	-2.0322831
16.84979	-2.0348743
16.859772	-2.0374673
16.869754	-2.0400621
16.879736	-2.0426587
16.889718	-2.0452571
16.8997	-2.0478573
16.909682	-2.0504592
16.919664	-2.053063
16.929646	-2.0556685
16.939628	-2.0582758
16.94961	-2.0608849
16.959592	-2.0634958
16.969574	-2.0661084
16.979556	-2.0687229
16.989538	-2.0713391
16.99952	-2.0739571
17.009502	-2.0765769
17.019484	-2.0791985
17.029466	-2.0818219
17.039448	-2.084447
17.04943	-2.087074
17.059412	-2.0897027
17.069394	-2.0923332
17.079376	-2.0949655
17.089358	-2.0975996
17.09934	-2.1002354
17.109322	-2.1028731
17.119304	-2.1055125
17.129286	-2.1081537
17.139268	-2.1107967
17.14925	-2.1134415
17.159232	-2.116088
17.169214	-2.1187363
17.179196	-2.1213865
17.189178	-2.1240384
17.19916	-2.126692
17.209142	-2.1293475
17.219124	-2.1320048
17.229106	-2.1346638
17.239088	-2.1373246
17.24907	-2.1399872
17.259052	-2.1426515
17.269034	-2.1453177
17.279016	-2.1479856
17.288998	-2.1506553
17.29898	-2.1533268
17.308962	-2.1560001
17.318944	-2.1586751
17.328926	-2.161352
17.338908	-2.1640306
17.34889	-2.166711
17.358872	-2.1693931
17.368854	-2.1720771
17.378836	-2.1747628
17.388818	-2.1774503
17.3988	-2.1801396
17.408782	-2.1828307
17.418764	-2.1855235
17.428746	-2.1882181
17.438728	-2.1909145
17.44871	-2.1936127
17.458692	-2.1963126
17.468674	-2.1990144
17.478656	-2.2017179
17.488638	-2.2044231
17.49862	-2.2071302
17.508602	-2.209839
17.518584	-2.2125496
17.528566	-2.215262
17.538548	-2.2179762
17.54853	-2.2206921
17.558512	-2.2234098
17.568494	-2.2261293
17.578476	-2.2288506
17.588458	-2.2315736
17.59844	-2.2342984
17.608422	-2.237025
17.618404	-2.2397534
17.628386	-2.2424835
17.638368	-2.2452154
17.64835	-2.2479491
17.658332	-2.2506845
17.668314	-2.2534217
17.678296	-2.2561607
17.688278	-2.2589015
17.69826	-2.2616441
17.708242	-2.2643884
17.718224	-2.2671345
17.728206	-2.2698823
17.738188	-2.2726319
17.74817	-2.2753833
17.758152	-2.2781365
17.768134	-2.2808914
17.778116	-2.2836482
17.788098	-2.2864066
17.79808	-2.2891669
17.808062	-2.2919289
17.818044	-2.2946927
17.828026	-2.2974583
17.838008	-2.3002256
17.84799	-2.3029947
17.857972	-2.3057655
17.867954	-2.3085382
17.877936	-2.3113126
17.887918	-2.3140887
17.8979	-2.3168667
17.907882	-2.3196464
17.917864	-2.3224279
17.927846	-2.3252111
17.937828	-2.3279961
17.94781	-2.3307829
17.957792	-2.3335714
17.967774	-2.3363617
17.977756	-2.3391538
17.987738	-2.3419476
17.99772	-2.3447432
18.007702	-2.3475406
18.017684	-2.3503397
18.027666	-2.3531406
18.037648	-2.3559432
18.04763	-2.3587476
18.057612	-2.3615538
18.067594	-2.3643618
18.077576	-2.3671715
18.087558	-2.3699829
18.09754	-2.3727962
18.107522	-2.3756112
18.117504	-2.3784279
18.127485	-2.3812464
18.137467	-2.3840667
18.147449	-2.3868887
18.157431	-2.3897125
18.167413	-2.3925381
18.177395	-2.3953654
18.187377	-2.3981945
18.197359	-2.4010253
18.207341	-2.4038579
18.217323	-2.4066923
18.227305	-2.4095284
18.237287	-2.4123663
18.247269	-2.4152059
18.257251	-2.4180473
18.267233	-2.4208904
18.277215	-2.4237353
18.287197	-2.426582
18.297179	-2.4294304
18.307161	-2.4322805
18.317143	-2.4351325
18.327125	-2.4379861
18.337107	-2.4408416
18.347089	-2.4436988
18.357071	-2.4465577
18.367053	-2.4494184
18.377035	-2.4522809
18.387017	-2.4551451
18.396999	-2.458011
18.406981	-2.4608787
18.416963	-2.4637482
18.426945	-2.4666194
18.436927	-2.4694924
18.446909	-2.4723671
18.456891	-2.4752436
18.466873	-2.4781218
18.476855	-2.4810018
18.486837	-2.4838835
18.496819	-2.486767
18.506801	-2.4896522
18.516783	-2.4925392
18.526765	-2.4954279
18.536747	-2.4983184
18.546729	-2.5012106
18.556711	-2.5041045
18.566693	-2.5070003
18.576675	-2.5098977
18.586657	-2.5127969
18.596639	-2.5156979
18.606621	-2.5186006
18.616603	-2.521505
18.626585	-2.5244112
18.636567	-2.5273192
18.646549	-2.5302288
18.656531	-2.5331403
18.666513	-2.5360534
18.676495	-2.5389684
18.686477	-2.541885
18.696459	-2.5448034
18.706441	-2.5477236
18.716423	-2.5506454
18.726405	-2.5535691
18.736387	-2.5564944
18.746369	-2.5594216
18.756351	-2.5623504
18.766333	-2.565281
18.776315	-2.5682133
18.786297	-2.5711474
18.796279	-2.5740832
18.806261	-2.5770208
18.816243	-2.5799601
18.826225	-2.5829011
18.836207	-2.5858439
18.846189	-2.5887884
18.856171	-2.5917346
18.866153	-2.5946826
18.876135	-2.5976323
18.886117	-2.6005837
18.896099	-2.6035369
18.906081	-2.6064918
18.916063	-2.6094485
18.926045	-2.6124069
18.936027	-2.615367
18.946009	-2.6183289
18.955991	-2.6212925
18.965973	-2.6242578
18.975955	-2.6272249
18.985937	-2.6301936
18.995919	-2.6331642
19.005901	-2.6361364
19.015883	-2.6391104
19.025865	-2.6420861
19.035847	-2.6450636
19.045829	-2.6480427
19.055811	-2.6510236
19.065793	-2.6540063
19.075775	-2.6569906
19.085757	-2.6599767
19.095739	-2.6629645
19.105721	-2.6659541
19.115703	-2.6689454
19.125685	-2.6719384
19.135667	-2.6749331
19.145649	-2.6779295
19.155631	-2.6809277
19.165613	-2.6839276
19.175595	-2.6869292
19.185577	-2.6899326
19.195559	-2.6929377
19.205541	-2.6959444
19.215523	-2.698953
19.225505	-2.7019632
19.235487	-2.7049752
19.245469	-2.7079889
19.255451	-2.7110043
19.265433	-2.7140214
19.275415	-2.7170402
19.285397	-2.7200608
19.295379	-2.7230831
19.305361	-2.7261071
19.315343	-2.7291328
19.325325	-2.7321602
19.335307	-2.7351894
19.345289	-2.7382203
19.355271	-2.7412529
19.365253	-2.7442872
19.375235	-2.7473232
19.385217	-2.7503609
19.395199	-2.7534004
19.405181	-2.7564416
19.415163	-2.7594845
19.425145	-2.762529
19.435127	-2.7655754
19.445109	-2.7686234
19.455091	-2.7716731
19.465073	-2.7747246
19.475055	-2.7777777
19.485037	-2.7808326
19.495019	-2.7838892
19.505001	-2.7869475
19.514983	-2.7900075
19.524965	-2.7930692
19.534947	-2.7961326
19.544929	-2.7991977
19.554911	-2.8022645
19.564893	-2.8053331
19.574875	-2.8084033
19.584857	-2.8114753
19.594839	-2.8145489
19.604821	-2.8176243
19.614803	-2.8207014
19.624785	-2.8237801
19.634767	-2.8268606
19.644749	-2.8299428
19.654731	-2.8330267
19.664713	-2.8361123
19.674695	-2.8391995
19.684677	-2.8422885
19.694659	-2.8453792
19.704641	-2.8484716
19.714623	-2.8515657
19.724605	-2.8546615
19.734587	-2.857759
19.744569	-2.8608582
19.754551	-2.863959
19.764533	-2.8670616
19.774515	-2.8701659
19.784497	-2.8732719
19.794479	-2.8763795
19.804461	-2.8794889
19.814443	-2.8826
19.824425	-2.8857127
19.834407	-2.8888272
19.844389	-2.8919433
19.854371	-2.8950612
19.864353	-2.8981807
19.874335	-2.9013019
19.884317	-2.9044248
19.894299	-2.9075494
19.904281	-2.9106757
19.914263	-2.9138037
19.924245	-2.9169334
19.934227	-2.9200648
19.944209	-2.9231978
19.954191	-2.9263326
19.964173	-2.929469
19.974155	-2.9326071
19.984137	-2.9357469
19.994119	-2.9388884
20.004101	-2.9420316
20.014083	-2.9451764
20.024065	-2.948323
20.034047	-2.9514712
20.044029	-2.9546211
20.054011	-2.9577727
20.063993	-2.960926
20.073975	-2.9640809
20.083957	-2.9672375
20.093939	-2.9703959
20.103921	-2.9735559
20.113903	-2.9767175
20.123885	-2.9798809
20.133867	-2.9830459
20.143849	-2.9862126
20.153831	-2.989381
20.163813	-2.9925511
20.173795	-2.9957228
20.183777	-2.9988963
20.193759	-3.0020713
20.203741	-3.0052481
20.213723	-3.0084266
20.223705	-3.0116067
20.233687	-3.0147885
20.243669	-3.0179719
20.253651	-3.0211571
20.263633	-3.0243439
20.273615	-3.0275323
20.283597	-3.0307225
20.293579	-3.0339143
20.303561	-3.0371078
20.313543	-3.0403029
20.323525	-3.0434998
20.333507	-3.0466983
20.343489	-3.0498984
20.353471	-3.0531002
20.363453	-3.0563037
20.373435	-3.0595089
20.383417	-3.0627157
20.393399	-3.0659242
20.403381	-3.0691343
20.413363	-3.0723461
20.423345	-3.0755596
20.433327	-3.0787747
20.443309	-3.0819915
20.453291	-3.08521
20.463273	-3.0884301
20.473255	-3.0916519
20.483237	-3.0948753
20.493219	-3.0981004
20.503201	-3.1013272
20.513183	-3.1045556
20.523165	-3.1077856
20.533147	-3.1110173
20.543129	-3.1142507
20.553111	-3.1174858
20.563093	-3.1207224
20.573075	-3.1239608
20.583057	-3.1272008
20.593039	-3.1304424
20.603021	-3.1336857
20.613003	-3.1369307
20.622985	-3.1401773
20.632967	-3.1434255
20.642949	-3.1466754
20.652931	-3.1499269
20.662913	-3.1531801
20.672895	-3.156435
20.682877	-3.1596915
20.692859	-3.1629496
20.702841	-3.1662094
20.712823	-3.1694708
20.722805	-3.1727339
20.732787	-3.1759986
20.742769	-3.179265
20.752751	-3.182533
20.762733	-3.1858026
20.772715	-3.1890739
20.782697	-3.1923468
20.792679	-3.1956214
20.802661	-3.1988976
20.812643	-3.2021755
20.822625	-3.205455
20.832607	-3.2087361
20.842589	-3.2120188
20.852571	-3.2153032
20.862553	-3.2185893
20.872535	-3.2218769
20.882517	-3.2251663
20.892498	-3.2284572
20.90248	-3.2317498
20.912462	-3.235044
20.922444	-3.2383398
20.932426	-3.2416373
20.942408	-3.2449364
20.95239	-3.2482371
20.962372	-3.2515395
20.972354	-3.2548435
20.982336	-3.2581491
20.992318	-3.2614563
21.0023	-3.2647652
21.012282	-3.2680757
21.022264	-3.2713879
21.032246	-3.2747016
21.042228	-3.278017
21.05221	-3.281334
21.062192	-3.2846526
21.072174	-3.2879729
21.082156	-3.2912947
21.092138	-3.2946182
21.10212	-3.2979433
21.112102	-3.3012701
21.122084	-3.3045984
21.132066	-3.3079284
21.142048	-3.31126
21.15203	-3.3145932
21.162012	-3.317928
21.171994	-3.3212645
21.181976	-3.3246025
21.191958	-3.3279422
21.20194	-3.3312835
21.211922	-3.3346264
21.221904	-3.3379709
21.231886	-3.3413171
21.241868	-3.3446648
21.25185	-3.3480141
21.261832	-3.3513651
21.271814	-3.3547177
21.281796	-3.3580719
21.291778	-3.3614276
21.30176	-3.364785
21.311742	-3.368144
21.321724	-3.3715047
21.331706	-3.3748669
21.341688	-3.3782307
21.35167	-3.3815961
21.361652	-3.3849631
21.371634	-3.3883318
21.381616	-3.391702
21.391598	-3.3950738
21.40158	-3.3984473
21.411562	-3.4018223
21.421544	-3.405199
21.431526	-3.4085772
21.441508	-3.411957
21.45149	-3.4153385
21.461472	-3.4187215
21.471454	-3.4221061
21.481436	-3.4254923
21.491418	-3.4288802
21.5014	-3.4322696
21.511382	-3.4356606
21.521364	-3.4390532
21.531346	-3.4424474
21.541328	-3.4458432
21.55131	-3.4492405
21.561292	-3.4526395
21.571274	-3.45604
21.581256	-3.4594422
21.591238	-3.4628459
21.60122	-3.4662512
21.611202	-3.4696581
21.621184	-3.4730666
21.631166	-3.4764767
21.641148	-3.4798883
21.65113	-3.4833016
21.661112	-3.4867164
21.671094	-3.4901328
21.681076	-3.4935508
21.691058	-3.4969704
21.70104	-3.5003915
21.711022	-3.5038143
21.721004	-3.5072386
21.730986	-3.5106645
21.740968	-3.5140919
21.75095	-3.517521
21.760932	-3.5209516
21.770914	-3.5243838
21.780896	-3.5278175
21.790878	-3.5312529
21.80086	-3.5346898
21.810842	-3.5381283
21.820824	-3.5415683
21.830806	-3.54501
21.840788	-3.5484532
21.85077	-3.5518979
21.860752	-3.5553443
21.870734	-3.5587922
21.880716	-3.5622417
21.890698	-3.5656927
21.90068	-3.5691453
21.910662	-3.5725995
21.920644	-3.5760552
21.930626	-3.5795125
21.940608	-3.5829714
21.95059	-3.5864318
21.960572	-3.5898938
21.970554	-3.5933573
21.980536	-3.5968224
21.990518	-3.6002891
22.0005	-3.6037573
22.010482	-3.6072271
22.020464	-3.6106985
22.030446	-3.6141714
22.040428	-3.6176458
22.05041	-3.6211218
22.060392	-3.6245994
22.070374	-3.6280785
22.080356	-3.6315592
22.090338	-3.6350414
22.10032	-3.6385252
22.110302	-3.6420105
22.120284	-3.6454973
22.130266	-3.6489858
22.140248	-3.6524757
22.15023	-3.6559673
22.160212	-3.6594603
22.170194	-3.6629549
22.180176	-3.6664511
22.190158	-3.6699488
22.20014	-3.673448
22.210122	-3.6769488
22.220104	-3.6804511
22.230086	-3.683955
22.240068	-3.6874604
22.25005	-3.6909674
22.260032	-3.6944758
22.270014	-3.6979859
22.279996	-3.7014974
22.289978	-3.7050105
22.29996	-3.7085252
22.309942	-3.7120414
22.319924	-3.7155591
22.329906	-3.7190783
22.339888	-3.7225991
22.34987	-3.7261214
22.359852	-3.7296452
22.369834	-3.7331706
22.379816	-3.7366975
22.389798	-3.7402259
22.39978	-3.7437559
22.409762	-3.7472874
22.419744	-3.7508204
22.429726	-3.7543549
22.439708	-3.757891
22.44969	-3.7614286
22.459672	-3.7649677
22.469654	-3.7685083
22.479636	-3.7720505
22.489618	-3.7755941
22.4996	-3.7791393
22.509582	-3.7826861
22.519564	-3.7862343
22.529546	-3.7897841
22.539528	-3.7933353
22.54951	-3.7968881
22.559492	-3.8004424
22.569474	-3.8039983
22.579456	-3.8075556
22.589438	-3.8111144
22.59942	-3.8146748
22.609402	-3.8182367
22.619384	-3.8218001
22.629366	-3.825365
22.639348	-3.8289314
22.64933	-3.8324993
22.659312	-3.8360687
22.669294	-3.8396396
22.679276	-3.8432121
22.689258	-3.846786
22.69924	-3.8503615
22.709222	-3.8539384
22.719204	-3.8575169
22.729186	-3.8610968
22.739168	-3.8646783
22.74915	-3.8682612
22.759132	-3.8718457
22.769114	-3.8754317
22.779096	-3.8790191
22.789078	-3.8826081
22.79906	-3.8861985
22.809042	-3.8897905
22.819024	-3.8933839
22.829006	-3.8969789
22.838988	-3.9005753
22.84897	-3.9041732
22.858952	-3.9077726
22.868934	-3.9113736
22.878916	-3.914976
22.888898	-3.9185798
22.89888	-3.9221852
22.908862	-3.9257921
22.918844	-3.9294004
22.928826	-3.9330103
22.938808	-3.9366216
22.94879	-3.9402344
22.958772	-3.9438487
22.968754	-3.9474645
22.978736	-3.9510817
22.988718	-3.9547005
22.9987	-3.9583207
23.008682	-3.9619424
23.018664	-3.9655656
23.028646	-3.9691902
23.038628	-3.9728164
23.04861	-3.976444
23.058592	-3.9800731
23.068574	-3.9837036
23.078556	-3.9873357
23.088538	-3.9909692
23.09852	-3.9946042
23.108502	-3.9982406
23.118484	-4.0018785
23.128466	-4.0055179
23.138448	-4.0091588
23.14843	-4.0128011
23.158412	-4.0164449
23.168394	-4.0200902
23.178376	-4.0237369
23.188358	-4.0273851
23.19834	-4.0310348
23.208322	-4.0346859
23.218304	-4.0383385
23.228286	-4.0419925
23.238268	-4.0456481
23.24825	-4.049305
23.258232	-4.0529635
23.268214	-4.0566233
23.278196	-4.0602847
23.288178	-4.0639475
23.29816	-4.0676117
23.308142	-4.0712775
23.318124	-4.0749446
23.328106	-4.0786132
23.338088	-4.0822833
23.34807	-4.0859548
23.358052	-4.0896278
23.368034	-4.0933022
23.378016	-4.0969781
23.387998	-4.1006554
23.39798	-4.1043342
23.407962	-4.1080144
23.417944	-4.1116961
23.427926	-4.1153792
23.437908	-4.1190637
23.44789	-4.1227497
23.457872	-4.1264371
23.467854	-4.130126
23.477836	-4.1338163
23.487818	-4.1375081
23.4978	-4.1412013
23.507782	-4.1448959
23.517764	-4.148592
23.527746	-4.1522895
23.537728	-4.1559884
23.54771	-4.1596888
23.557692	-4.1633906
23.567674	-4.1670938
23.577656	-4.1707985
23.587638	-4.1745046
23.59762	-4.1782121
23.607602	-4.1819211
23.617584	-4.1856315
23.627566	-4.1893433
23.637548	-4.1930565
23.64753	-4.1967712
23.657512	-4.2004873
23.667493	-4.2042048
23.677475	-4.2079238
23.687457	-4.2116441
23.697439	-4.2153659
23.707421	-4.2190891
23.717403	-4.2228138
23.727385	-4.2265398
23.737367	-4.2302673
23.747349	-4.2339961
23.757331	-4.2377264
23.767313	-4.2414582
23.777295	-4.2451913
23.787277	-4.2489258
23.797259	-4.2526618
23.807241	-4.2563991
23.817223	-4.2601379
23.827205	-4.2638781
23.837187	-4.2676197
23.847169	-4.2713627
23.857151	-4.2751071
23.867133	-4.2788529
23.877115	-4.2826002
23.887097	-4.2863488
23.897079	-4.2900988
23.907061	-4.2938503
23.917043	-4.2976031
23.927025	-4.3013573
23.937007	-4.305113
23.946989	-4.30887
23.956971	-4.3126285
23.966953	-4.3163883
23.976935	-4.3201495
23.986917	-4.3239122
23.996899	-4.3276762
24.006881	-4.3314416
24.016863	-4.3352084
24.026845	-4.3389766
24.036827	-4.3427462
24.046809	-4.3465172
24.056791	-4.3502896
24.066773	-4.3540634
24.076755	-4.3578385
24.086737	-4.3616151
24.096719	-4.365393
24.106701	-4.3691723
24.116683	-4.372953
24.126665	-4.3767351
24.136647	-4.3805185
24.146629	-4.3843034
24.156611	-4.3880896
24.166593	-4.3918772
24.176575	-4.3956662
24.186557	-4.3994566
24.196539	-4.4032483
24.206521	-4.4070414
24.216503	-4.4108359
24.226485	-4.4146318
24.236467	-4.418429
24.246449	-4.4222277
24.256431	-4.4260276
24.266413	-4.429829
24.276395	-4.4336317
24.286377	-4.4374358
24.296359	-4.4412413
24.306341	-4.4450481
24.316323	-4.4488563
24.326305	-4.4526659
24.336287	-4.4564768
24.346269	-4.4602891
24.356251	-4.4641028
24.366233	-4.4679178
24.376215	-4.4717342
24.386197	-4.4755519
24.396179	-4.479371
24.406161	-4.4831915
24.416143	-4.4870133
24.426125	-4.4908365
24.436107	-4.494661
24.446089	-4.4984869
24.456071	-4.5023141
24.466053	-4.5061427
24.476035	-4.5099726
24.486017	-4.5138039
24.495999	-4.5176366
24.505981	-4.5214706
24.515963	-4.5253059
24.525945	-4.5291426
24.535927	-4.5329806
24.545909	-4.53682
24.555891	-4.5406607
24.565873	-4.5445028
24.575855	-4.5483462
24.585837	-4.552191
24.595819	-4.5560371
24.605801	-4.5598845
24.615783	-4.5637333
24.625765	-4.5675834
24.635747	-4.5714348
24.645729	-4.5752876
24.655711	-4.5791417
24.665693	-4.5829972
24.675675	-4.586854
24.685657	-4.5907121
24.695639	-4.5945716
24.705621	-4.5984324
24.715603	-4.6022945
24.725585	-4.6061579
24.735567	-4.6100227
24.745549	-4.6138888
24.755531	-4.6177562
24.765513	-4.621625
24.775495	-4.625495
24.785477	-4.6293664
24.795459	-4.6332392
24.805441	-4.6371132
24.815423	-4.6409886
24.825405	-4.6448653
24.835387	-4.6487433
24.845369	-4.6526226
24.855351	-4.6565032
24.865333	-4.6603852
24.875315	-4.6642684
24.885297	-4.668153
24.895279	-4.6720389
24.905261	-4.6759261
24.915243	-4.6798147
24.925225	-4.6837045
24.935207	-4.6875956
24.945189	-4.6914881
24.955171	-4.6953818
24.965153	-4.6992769
24.975135	-4.7031733
24.985117	-4.707071
24.995099	-4.7109699
25.005081	-4.7148702
25.015063	-4.7187718
25.025045	-4.7226747
25.035027	-4.7265789
25.045009	-4.7304844
25.054991	-4.7343911
25.064973	-4.7382992
25.074955	-4.7422086
25.084937	-4.7461193
25.094919	-4.7500312
25.104901	-4.7539445
25.114883	-4.7578591
25.124865	-4.7617749
25.134847	-4.7656921
25.144829	-4.7696105
25.154811	-4.7735302
25.164793	-4.7774512
25.174775	-4.7813735
25.184757	-4.7852971
25.194739	-4.7892219
25.204721	-4.7931481
25.214703	-4.7970755
25.224685	-4.8010042
25.234667	-4.8049342
25.244649	-4.8088655
25.254631	-4.8127981
25.264613	-4.8167319
25.274595	-4.820667
25.284577	-4.8246034
25.294559	-4.8285411
25.304541	-4.83248
25.314523	-4.8364202
25.324505	-4.8403617
25.334487	-4.8443045
25.344469	-4.8482485
25.354451	-4.8521938
25.364433	-4.8561404
25.374415	-4.8600882
25.384397	-4.8640373
25.394379	-4.8679877
25.404361	-4.8719393
25.414343	-4.8758922
25.424325	-4.8798464
25.434307	-4.8838018
25.444289	-4.8877585
25.454271	-4.8917164
25.464253	-4.8956757
25.474235	-4.8996361
25.484217	-4.9035979
25.494199	-4.9075608
25.504181	-4.9115251
25.514163	-4.9154906
25.524145	-4.9194573
25.534127	-4.9234253
25.544109	-4.9273946
25.554091	-4.9313651
25.564073	-4.9353368
25.574055	-4.9393098
25.584037	-4.9432841
25.594019	-4.9472596
25.604001	-4.9512363
25.613983	-4.9552143
25.623965	-4.9591936
25.633947	-4.963174
25.643929	-4.9671558
25.653911	-4.9711387
25.663893	-4.9751229
25.673875	-4.9791084
25.683857	-4.9830951
25.693839	-4.987083
25.703821	-4.9910721
25.713803	-4.9950625
25.723785	-4.9990542
25.733767	-5.003047
25.743749	-5.0070411
25.753731	-5.0110365
25.763713	-5.015033
25.773695	-5.0190308
25.783677	-5.0230298
25.793659	-5.0270301
25.803641	-5.0310315
25.813623	-5.0350342
25.823605	-5.0390382
25.833587	-5.0430433
25.843569	-5.0470497
25.853551	-5.0510573
25.863533	-5.0550661
25.873515	-5.0590761
25.883497	-5.0630874
25.893479	-5.0670999
25.903461	-5.0711136
25.913443	-5.0751285
25.923425	-5.0791446
25.933407	-5.083162
25.943389	-5.0871805
25.953371	-5.0912003
25.963353	-5.0952213
25.973335	-5.0992435
25.983317	-5.1032669
25.993299	-5.1072915
26.003281	-5.1113173
26.013263	-5.1153443
26.023245	-5.1193725
26.033227	-5.123402
26.043209	-5.1274326
26.053191	-5.1314645
26.063173	-5.1354975
26.073155	-5.1395318
26.083137	-5.1435672
26.093119	-5.1476039
26.103101	-5.1516417
26.113083	-5.1556807
26.123065	-5.159721
26.133047	-5.1637624
26.143029	-5.1678051
26.153011	-5.1718489
26.162993	-5.1758939
26.172975	-5.1799401
26.182957	-5.1839875
26.192939	-5.1880361
26.202921	-5.1920859
26.212903	-5.1961368
26.222885	-5.200189
26.232867	-5.2042423
26.242849	-5.2082968
26.252831	-5.2123526
26.262813	-5.2164094
26.272795	-5.2204675
26.282777	-5.2245268
26.292759	-5.2285872
26.302741	-5.2326488
26.312723	-5.2367116
26.322705	-5.2407756
26.332687	-5.2448407
26.342669	-5.248907
26.352651	-5.2529745
26.362633	-5.2570432
26.372615	-5.261113
26.382597	-5.265184
26.392579	-5.2692562
26.402561	-5.2733296
26.412543	-5.2774041
26.422525	-5.2814798
26.432507	-5.2855566
26.442488	-5.2896346
26.45247	-5.2937138
26.462452	-5.2977942
26.472434	-5.3018757
26.482416	-5.3059583
26.492398	-5.3100422
26.50238	-5.3141272
26.512362	-5.3182133
26.522344	-5.3223006
26.532326	-5.3263891
26.542308	-5.3304787
26.55229	-5.3345695
26.562272	-5.3386614
26.572254	-5.3427545
26.582236	-5.3468487
26.592218	-5.3509441
26.6022	-5.3550406
26.612182	-5.3591383
26.622164	-5.3632372
26.632146	-5.3673371
26.642128	-5.3714383
26.65211	-5.3755405
26.662092	-5.3796439
26.672074	-5.3837485
26.682056	-5.3878542
26.692038	-5.391961
26.70202	-5.396069
26.712002	-5.4001781
26.721984	-5.4042884
26.731966	-5.4083998
26.741948	-5.4125123
26.75193	-5.416626
26.761912	-5.4207408
26.771894	-5.4248567
26.781876	-5.4289738
26.791858	-5.433092
26.80184	-5.4372113
26.811822	-5.4413318
26.821804	-5.4454534
26.831786	-5.4495761
26.841768	-5.4536999
26.85175	-5.4578249
26.861732	-5.461951
26.871714	-5.4660782
26.881696	-5.4702065
26.891678	-5.474336
26.90166	-5.4784666
26.911642	-5.4825983
26.921624	-5.4867311
26.931606	-5.490865
26.941588	-5.4950001
26.95157	-5.4991362
26.961552	-5.5032735
26.971534	-5.5074119
26.981516	-5.5115514
26.991498	-5.5156921
27.00148	-5.5198338
27.011462	-5.5239766
27.021444	-5.5281206
27.031426	-5.5322656
27.041408	-5.5364118
27.05139	-5.5405591
27.061372	-5.5447075
27.071354	-5.5488569
27.081336	-5.5530075
27.091318	-5.5571592
27.1013	-5.561312
27.111282	-5.5654659
27.121264	-5.5696209
27.131246	-5.573777
27.141228	-5.5779342
27.15121	-5.5820924
27.161192	-5.5862518
27.171174	-5.5904123
27.181156	-5.5945739
27.191138	-5.5987365
27.20112	-5.6029003
27.211102	-5.6070651
27.221084	-5.611231
27.231066	-5.6153981
27.241048	-5.6195662
27.25103	-5.6237354
27.261012	-5.6279056
27.270994	-5.632077
27.280976	-5.6362494
27.290958	-5.640423
27.30094	-5.6445976
27.310922	-5.6487733
27.320904	-5.65295
27.330886	-5.6571279
27.340868	-5.6613068
27.35085	-5.6654868
27.360832	-5.6696679
27.370814	-5.6738501
27.380796	-5.6780333
27.390778	-5.6822176
27.40076	-5.686403
27.410742	-5.6905894
27.420724	-5.6947769
27.430706	-5.6989655
27.440688	-5.7031551
27.45067	-5.7073459
27.460652	-5.7115377
27.470634	-5.7157305
27.480616	-5.7199244
27.490598	-5.7241194
27.50058	-5.7283154
27.510562	-5.7325125
27.520544	-5.7367107
27.530526	-5.7409099
27.540508	-5.7451102
27.55049	-5.7493115
27.560472	-5.7535139
27.570454	-5.7577174
27.580436	-5.7619219
27.590418	-5.7661274
27.6004	-5.770334
27.610382	-5.7745417
27.620364	-5.7787504
27.630346	-5.7829602
27.640328	-5.787171
27.65031	-5.7913828
27.660292	-5.7955957
27.670274	-5.7998097
27.680256	-5.8040247
27.690238	-5.8082407
27.70022	-5.8124578
27.710202	-5.8166759
27.720184	-5.8208951
27.730166	-5.8251153
27.740148	-5.8293365
27.75013	-5.8335588
27.760112	-5.8377821
27.770094	-5.8420064
27.780076	-5.8462318
27.790058	-5.8504582
27.80004	-5.8546857
27.810022	-5.8589142
27.820004	-5.8631437
27.829986	-5.8673742
27.839968	-5.8716058
27.84995	-5.8758384
27.859932	-5.880072
27.869914	-5.8843067
27.879896	-5.8885424
27.889878	-5.8927791
27.89986	-5.8970168
27.909842	-5.9012556
27.919824	-5.9054953
27.929806	-5.9097361
27.939788	-5.9139779
27.94977	-5.9182208
27.959752	-5.9224646
27.969734	-5.9267095
27.979716	-5.9309554
27.989698	-5.9352022
27.99968	-5.9394502
28.009662	-5.9436991
28.019644	-5.947949
28.029626	-5.9521999
28.039608	-5.9564519
28.04959	-5.9607048
28.059572	-5.9649588
28.069554	-5.9692138
28.079536	-5.9734698
28.089518	-5.9777268
28.0995	-5.9819847
28.109482	-5.9862437
28.119464	-5.9905037
28.129446	-5.9947647
28.139428	-5.9990267
28.14941	-6.0032897
28.159392	-6.0075537
28.169374	-6.0118187
28.179356	-6.0160847
28.189338	-6.0203516
28.19932	-6.0246196
28.209302	-6.0288886
28.219284	-6.0331585
28.229266	-6.0374295
28.239248	-6.0417014
28.24923	-6.0459743
28.259212	-6.0502483
28.269194	-6.0545232
28.279176	-6.058799
28.289158	-6.0630759
28.29914	-6.0673538
28.309122	-6.0716326
28.319104	-6.0759125
28.329086	-6.0801933
28.339068	-6.084475
28.34905	-6.0887578
28.359032	-6.0930416
28.369014	-6.0973263
28.378996	-6.101612
28.388978	-6.1058986
28.39896	-6.1101863
28.408942	-6.1144749
28.418924	-6.1187645
28.428906	-6.1230551
28.438888	-6.1273466
28.44887	-6.1316391
28.458852	-6.1359326
28.468834	-6.1402271
28.478816	-6.1445225
28.488798	-6.1488188
28.49878	-6.1531162
28.508762	-6.1574145
28.518744	-6.1617138
28.528726	-6.166014
28.538708	-6.1703152
28.54869	-6.1746173
28.558672	-6.1789205
28.568654	-6.1832245
28.578636	-6.1875295
28.588618	-6.1918355
28.5986	-6.1961425
28.608582	-6.2004504
28.618564	-6.2047592
28.628546	-6.209069
28.638528	-6.2133798
28.64851	-6.2176915
28.658492	-6.2220041
28.668474	-6.2263177
28.678456	-6.2306323
28.688438	-6.2349478
28.69842	-6.2392642
28.708402	-6.2435816
28.718384	-6.2478999
28.728366	-6.2522192
28.738348	-6.2565394
28.74833	-6.2608606
28.758312	-6.2651827
28.768294	-6.2695057
28.778276	-6.2738297
28.788258	-6.2781546
28.79824	-6.2824804
28.808222	-6.2868072
28.818204	-6.2911349
28.828186	-6.2954636
28.838168	-6.2997931
28.84815	-6.3041236
28.858132	-6.3084551
28.868114	-6.3127875
28.878096	-6.3171208
28.888078	-6.321455
28.89806	-6.3257901
28.908042	-6.3301262
28.918024	-6.3344632
28.928006	-6.3388011
28.937988	-6.34314
28.94797	-6.3474798
28.957952	-6.3518205
28.967934	-6.3561621
28.977916	-6.3605046
28.987898	-6.364848
28.99788	-6.3691924
29.007862	-6.3735377
29.017844	-6.3778839
29.027826	-6.382231
29.037808	-6.386579
29.04779	-6.390928
29.057772	-6.3952778
29.067754	-6.3996286
29.077736	-6.4039802
29.087718	-6.4083328
29.0977	-6.4126863
29.107682	-6.4170407
29.117664	-6.421396
29.127646	-6.4257522
29.137628	-6.4301093
29.14761	-6.4344673
29.157592	-6.4388262
29.167574	-6.443186
29.177556	-6.4475467
29.187538	-6.4519083
29.19752	-6.4562708
29.207502	-6.4606342
29.217483	-6.4649985
29.227465	-6.4693637
29.237447	-6.4737298
29.247429	-6.4780968
29.257411	-6.4824646
29.267393	-6.4868334
29.277375	-6.4912031
29.287357	-6.4955736
29.297339	-6.499945
29.307321	-6.5043174
29.317303	-6.5086906
29.327285	-6.5130647
29.337267	-6.5174396
29.347249	-6.5218155
29.357231	-6.5261922
29.367213	-6.5305699
29.377195	-6.5349484
29.387177	-6.5393277
29.397159	-6.543708
29.407141	-6.5480891
29.417123	-6.5524712
29.427105	-6.5568541
29.437087	-6.5612378
29.447069	-6.5656225
29.457051	-6.570008
29.467033	-6.5743944
29.477015	-6.5787816
29.486997	-6.5831698
29.496979	-6.5875588
29.506961	-6.5919486
29.516943	-6.5963394
29.526925	-6.600731
29.536907	-6.6051234
29.546889	-6.6095168
29.556871	-6.613911
29.566853	-6.618306
29.576835	-6.6227019
29.586817	-6.6270987
29.596799	-6.6314964
29.606781	-6.6358949
29.616763	-6.6402942
29.626745	-6.6446945
29.636727	-6.6490955
29.646709	-6.6534975
29.656691	-6.6579002
29.666673	-6.6623039
29.676655	-6.6667084
29.686637	-6.6711137
29.696619	-6.6755199
29.706601	-6.6799269
29.716583	-6.6843348
29.726565	-6.6887436
29.736547	-6.6931531
29.746529	-6.6975636
29.756511	-6.7019749
29.766493	-6.706387
29.776475	-6.7107999
29.786457	-6.7152137
29.796439	-6.7196284
29.806421	-6.7240439
29.816403	-6.7284602
29.826385	-6.7328774
29.836367	-6.7372954
29.846349	-6.7417142
29.856331	-6.7461339
29.866313	-6.7505544
29.876295	-6.7549757
29.886277	-6.7593979
29.896259	-6.7638209
29.906241	-6.7682448
29.916223	-6.7726694
29.926205	-6.7770949
29.936187	-6.7815212
29.946169	-6.7859484
29.956151	-6.7903764
29.966133	-6.7948052
29.976115	-6.7992348
29.986097	-6.8036653
29.996079	-6.8080965
30.006061	-6.8125286
30.016043	-6.8169616
30.026025	-6.8213953
30.036007	-6.8258299
30.045989	-6.8302652
30.055971	-6.8347014
30.065953	-6.8391384
30.075935	-6.8435763
30.085917	-6.8480149
30.095899	-6.8524543
30.105881	-6.8568946
30.115863	-6.8613357
30.125845	-6.8657776
30.135827	-6.8702203
30.145809	-6.8746638
30.155791	-6.8791081
30.165773	-6.8835532
30.175755	-6.8879991
30.185737	-6.8924459
30.195719	-6.8968934
30.205701	-6.9013417
30.215683	-6.9057909
30.225665	-6.9102408
30.235647	-6.9146916
30.245629	-6.9191431
30.255611	-6.9235954
30.265593	-6.9280486
30.275575	-6.9325025
30.285557	-6.9369572
30.295539	-6.9414128
30.305521	-6.9458691
30.315503	-6.9503262
30.325485	-6.9547841
30.335467	-6.9592428
30.345449	-6.9637023
30.355431	-6.9681626
30.365413	-6.9726236
30.375395	-6.9770855
30.385377	-6.9815481
30.395359	-6.9860115
30.405341	-6.9904758
30.415323	-6.9949407
30.425305	-6.9994065
30.435287	-7.0038731
30.445269	-7.0083404
30.455251	-7.0128085
30.465233	-7.0172774
30.475215	-7.0217471
30.485197	-7.0262176
30.495179	-7.0306888
30.505161	-7.0351608
30.515143	-7.0396336
30.525125	-7.0441072
30.535107	-7.0485815
30.545089	-7.0530566
30.555071	-7.0575325
30.565053	-7.0620091
30.575035	-7.0664865
30.585017	-7.0709647
30.594999	-7.0754436
30.604981	-7.0799234
30.614963	-7.0844038
30.624945	-7.0888851
30.634927	-7.0933671
30.644909	-7.0978499
30.654891	-7.1023334
30.664873	-7.1068177
30.674855	-7.1113028
30.684837	-7.1157886
30.694819	-7.1202751
30.704801	-7.1247625
30.714783	-7.1292506
30.724765	-7.1337394
30.734747	-7.138229
30.744729	-7.1427194
30.754711	-7.1472105
30.764693	-7.1517023
30.774675	-7.1561949
30.784657	-7.1606883
30.794639	-7.1651824
30.804621	-7.1696773
30.814603	-7.1741729
30.824585	-7.1786692
30.834567	-7.1831663
30.844549	-7.1876642
30.854531	-7.1921628
30.864513	-7.1966621
30.874495	-7.2011622
30.884477	-7.205663
30.894459	-7.2101645
30.904441	-7.2146668
30.914423	-7.2191699
30.924405	-7.2236736
30.934387	-7.2281781
30.944369	-7.2326834
30.954351	-7.2371894
30.964333	-7.2416961
30.974315	-7.2462035
30.984297	-7.2507117
30.994279	-7.2552206
31.004261	-7.2597302
31.014243	-7.2642406
31.024225	-7.2687517
31.034207	-7.2732635
31.044189	-7.2777761
31.054171	-7.2822894
31.064153	-7.2868034
31.074135	-7.2913181
31.084117	-7.2958336
31.094099	-7.3003498
31.104081	-7.3048667
31.114063	-7.3093843
31.124045	-7.3139026
31.134027	-7.3184217
31.144009	-7.3229415
31.153991	-7.3274619
31.163973	-7.3319832
31.173955	-7.3365051
31.183937	-7.3410277
31.193919	-7.3455511
31.203901	-7.3500751
31.213883	-7.3545999
31.223865	-7.3591254
31.233847	-7.3636516
31.243829	-7.3681785
31.253811	-7.3727062
31.263793	-7.3772345
31.273775	-7.3817635
31.283757	-7.3862933
31.293739	-7.3908237
31.303721	-7.3953548
31.313703	-7.3998867
31.323685	-7.4044193
31.333667	-7.4089525
31.343649	-7.4134865
31.353631	-7.4180211
31.363613	-7.4225565
31.373595	-7.4270925
31.383577	-7.4316293
31.393559	-7.4361667
31.403541	-7.4407049
31.413523	-7.4452437
31.423505	-7.4497832
31.433487	-7.4543235
31.443469	-7.4588644
31.453451	-7.463406
31.463433	-7.4679483
31.473415	-7.4724913
31.483397	-7.4770349
31.493379	-7.4815793
31.503361	-7.4861243
31.513343	-7.4906701
31.523325	-7.4952165
31.533307	-7.4997636
31.543289	-7.5043114
31.553271	-7.5088598
31.563253	-7.513409
31.573235	-7.5179588
31.583217	-7.5225093
31.593199	-7.5270605
31.603181	-7.5316124
31.613163	-7.5361649
31.623145	-7.5407181
31.633127	-7.545272
31.643109	-7.5498266
31.653091	-7.5543818
31.663073	-7.5589378
31.673055	-7.5634943
31.683037	-7.5680516
31.693019	-7.5726095
31.703001	-7.5771681
31.712983	-7.5817274
31.722965	-7.5862873
31.732947	-7.5908479
31.742929	-7.5954092
31.752911	-7.5999711
31.762893	-7.6045337
31.772875	-7.609097
31.782857	-7.6136609
31.792839	-7.6182255
31.802821	-7.6227907
31.812803	-7.6273566
31.822785	-7.6319232
31.832767	-7.6364904
31.842749	-7.6410583
31.852731	-7.6456268
31.862713	-7.650196
31.872695	-7.6547658
31.882677	-7.6593363
31.892659	-7.6639075
31.902641	-7.6684793
31.912623	-7.6730517
31.922605	-7.6776248
31.932587	-7.6821986
31.942569	-7.686773
31.952551	-7.691348
31.962533	-7.6959237
31.972515	-7.7005001
31.982496	-7.7050771
31.992478	-7.7096547
32.00246	-7.714233
32.012442	-7.7188119
32.022424	-7.7233914
32.032406	-7.7279716
32.042388	-7.7325525
32.05237	-7.737134
32.062352	-7.7417161
32.072334	-7.7462988
32.082316	-7.7508822
32.092298	-7.7554663
32.10228	-7.7600509
32.112262	-7.7646362
32.122244	-7.7692222
32.132226	-7.7738087
32.142208	-7.7783959
32.15219	-7.7829837
32.162172	-7.7875722
32.172154	-7.7921613
32.182136	-7.796751
32.192118	-7.8013414
32.2021	-7.8059323
32.212082	-7.8105239
32.222064	-7.8151161
32.232046	-7.819709
32.242028	-7.8243025
32.25201	-7.8288965
32.261992	-7.8334913
32.271974	-7.8380866
32.281956	-7.8426825
32.291938	-7.8472791
32.30192	-7.8518763
32.311902	-7.8564741
32.321884	-7.8610725
32.331866	-7.8656716
32.341848	-7.8702712
32.35183	-7.8748715
32.361812	-7.8794724
32.371794	-7.8840739
32.381776	-7.888676
32.391758	-7.8932787
32.40174	-7.897882
32.411722	-7.902486
32.421704	-7.9070905
32.431686	-7.9116957
32.441668	-7.9163014
32.45165	-7.9209078
32.461632	-7.9255148
32.471614	-7.9301224
32.481596	-7.9347305
32.491578	-7.9393393
32.50156	-7.9439487
32.511542	-7.9485587
32.521524	-7.9531693
32.531506	-7.9577804
32.541488	-7.9623922
32.55147	-7.9670046
32.561452	-7.9716176
32.571434	-7.9762312
32.581416	-7.9808453
32.591398	-7.9854601
32.60138	-7.9900754
32.611362	-7.9946914
32.621344	-7.9993079
32.631326	-8.0039251
32.641308	-8.0085428
32.65129	-8.0131611
32.661272	-8.01778
32.671254	-8.0223995
32.681236	-8.0270195
32.691218	-8.0316402
32.7012	-8.0362615
32.711182	-8.0408833
32.721164	-8.0455057
32.731146	-8.0501287
32.741128	-8.0547523
32.75111	-8.0593764
32.761092	-8.0640012
32.771074	-8.0686265
32.781056	-8.0732524
32.791038	-8.0778789
32.80102	-8.0825059
32.811002	-8.0871335
32.820984	-8.0917618
32.830966	-8.0963905
32.840948	-8.1010199
32.85093	-8.1056498
32.860912	-8.1102803
32.870894	-8.1149114
32.880876	-8.119543
32.890858	-8.1241752
32.90084	-8.128808
32.910822	-8.1334414
32.920804	-8.1380753
32.930786	-8.1427098
32.940768	-8.1473448
32.95075	-8.1519804
32.960732	-8.1566166
32.970714	-8.1612534
32.980696	-8.1658907
32.990678	-8.1705285
33.00066	-8.175167
33.010642	-8.1798059
33.020624	-8.1844455
33.030606	-8.1890856
33.040588	-8.1937263
33.05057	-8.1983675
33.060552	-8.2030093
33.070534	-8.2076516
33.080516	-8.2122945
33.090498	-8.2169379
33.10048	-8.2215819
33.110462	-8.2262265
33.120444	-8.2308716
33.130426	-8.2355172
33.140408	-8.2401634
33.15039	-8.2448102
33.160372	-8.2494575
33.170354	-8.2541053
33.180336	-8.2587537
33.190318	-8.2634026
33.2003	-8.2680521
33.210282	-8.2727021
33.220264	-8.2773527
33.230246	-8.2820038
33.240228	-8.2866555
33.25021	-8.2913077
33.260192	-8.2959604
33.270174	-8.3006137
33.280156	-8.3052675
33.290138	-8.3099218
33.30012	-8.3145767
33.310102	-8.3192322
33.320084	-8.3238881
33.330066	-8.3285446
33.340048	-8.3332016
33.35003	-8.3378592
33.360012	-8.3425173
33.369994	-8.3471759
33.379976	-8.3518351
33.389958	-8.3564948
33.39994	-8.361155
33.409922	-8.3658157
33.419904	-8.370477
33.429886	-8.3751388
33.439868	-8.3798012
33.44985	-8.384464
33.459832	-8.3891274
33.469814	-8.3937913
33.479796	-8.3984557
33.489778	-8.4031207
33.49976	-8.4077861
33.509742	-8.4124521
33.519724	-8.4171186
33.529706	-8.4217857
33.539688	-8.4264532
33.54967	-8.4311213
33.559652	-8.4357899
33.569634	-8.440459
33.579616	-8.4451286
33.589598	-8.4497987
33.59958	-8.4544694
33.609562	-8.4591405
33.619544	-8.4638122
33.629526	-8.4684844
33.639508	-8.4731571
33.64949	-8.4778303
33.659472	-8.482504
33.669454	-8.4871782
33.679436	-8.4918529
33.689418	-8.4965281
33.6994	-8.5012039
33.709382	-8.5058801
33.719364	-8.5105569
33.729346	-8.5152341
33.739328	-8.5199119
33.74931	-8.5245901
33.759292	-8.5292689
33.769274	-8.5339482
33.779256	-8.5386279
33.789238	-8.5433082
33.79922	-8.547989
33.809202	-8.5526702
33.819184	-8.557352
33.829166	-8.5620342
33.839148	-8.566717
33.84913	-8.5714002
33.859112	-8.5760839
33.869094	-8.5807682
33.879076	-8.5854529
33.889058	-8.5901381
33.89904	-8.5948238
33.909022	-8.59951
33.919004	-8.6041967
33.928986	-8.6088839
33.938968	-8.6135715
33.94895	-8.6182597
33.958932	-8.6229483
33.968914	-8.6276374
33.978896	-8.632327
33.988878	-8.6370171
33.99886	-8.6417077
34.008842	-8.6463987
34.018824	-8.6510903
34.028806	-8.6557823
34.038788	-8.6604748
34.04877	-8.6651678
34.058752	-8.6698612
34.068734	-8.6745552
34.078716	-8.6792496
34.088698	-8.6839445
34.09868	-8.6886398
34.108662	-8.6933357
34.118644	-8.698032
34.128626	-8.7027288
34.138608	-8.707426
34.14859	-8.7121238
34.158572	-8.716822
34.168554	-8.7215206
34.178536	-8.7262198
34.188518	-8.7309194
34.1985	-8.7356195
34.208482	-8.74032
34.218464	-8.745021
34.228446	-8.7497225
34.238428	-8.7544245
34.24841	-8.7591269
34.258392	-8.7638298
34.268374	-8.7685331
34.278356	-8.7732369
34.288338	-8.7779412
34.29832	-8.7826459
34.308302	-8.7873511
34.318284	-8.7920568
34.328266	-8.7967629
34.338248	-8.8014694
34.34823	-8.8061764
34.358212	-8.8108839
34.368194	-8.8155919
34.378176	-8.8203003
34.388158	-8.8250091
34.39814	-8.8297184
34.408122	-8.8344281
34.418104	-8.8391384
34.428086	-8.843849
34.438068	-8.8485601
34.44805	-8.8532717
34.458032	-8.8579837
34.468014	-8.8626961
34.477996	-8.867409
34.487978	-8.8721224
34.49796	-8.8768362
34.507942	-8.8815504
34.517924	-8.8862651
34.527906	-8.8909802
34.537888	-8.8956958
34.54787	-8.9004118
34.557852	-8.9051283
34.567834	-8.9098452
34.577816	-8.9145625
34.587798	-8.9192803
34.59778	-8.9239985
34.607762	-8.9287172
34.617744	-8.9334363
34.627726	-8.9381558
34.637708	-8.9428758
34.64769	-8.9475962
34.657672	-8.9523171
34.667654	-8.9570383
34.677636	-8.96176
34.687618	-8.9664822
34.6976	-8.9712048
34.707582	-8.9759278
34.717564	-8.9806512
34.727546	-8.9853751
34.737528	-8.9900994
34.74751	-8.9948241
34.757491	-8.9995492
34.767473	-9.0042748
34.777455	-9.0090008
34.787437	-9.0137273
34.797419	-9.0184541
34.807401	-9.0231814
34.817383	-9.0279091
34.827365	-9.0326372
34.837347	-9.0373658
34.847329	-9.0420947
34.857311	-9.0468241
34.867293	-9.0515539
34.877275	-9.0562842
34.887257	-9.0610148
34.897239	-9.0657459
34.907221	-9.0704774
34.917203	-9.0752093
34.927185	-9.0799416
34.937167	-9.0846743
34.947149	-9.0894075
34.957131	-9.094141
34.967113	-9.098875
34.977095	-9.1036094
34.987077	-9.1083442
34.997059	-9.1130794
35.007041	-9.117815
35.017023	-9.122551
35.027005	-9.1272875
35.036987	-9.1320243
35.046969	-9.1367616
35.056951	-9.1414992
35.066933	-9.1462373
35.076915	-9.1509758
35.086897	-9.1557146
35.096879	-9.1604539
35.106861	-9.1651936
35.116843	-9.1699337
35.126825	-9.1746742
35.136807	-9.1794151
35.146789	-9.1841563
35.156771	-9.188898
35.166753	-9.1936401
35.176735	-9.1983826
35.186717	-9.2031255
35.196699	-9.2078688
35.206681	-9.2126124
35.216663	-9.2173565
35.226645	-9.222101
35.236627	-9.2268458
35.246609	-9.2315911
35.256591	-9.2363367
35.266573	-9.2410828
35.276555	-9.2458292
35.286537	-9.250576
35.296519	-9.2553232
35.306501	-9.2600708
35.316483	-9.2648188
35.326465	-9.2695672
35.336447	-9.274316
35.346429	-9.2790651
35.356411	-9.2838147
35.366393	-9.2885646
35.376375	-9.2933149
35.386357	-9.2980656
35.396339	-9.3028166
35.406321	-9.3075681
35.416303	-9.3123199
35.426285	-9.3170722
35.436267	-9.3218248
35.446249	-9.3265777
35.456231	-9.3313311
35.466213	-9.3360848
35.476195	-9.340839
35.486177	-9.3455935
35.496159	-9.3503483
35.506141	-9.3551036
35.516123	-9.3598592
35.526105	-9.3646152
35.536087	-9.3693716
35.546069	-9.3741283
35.556051	-9.3788854
35.566033	-9.3836429
35.576015	-9.3884008
35.585997	-9.393159
35.595979	-9.3979176
35.605961	-9.4026765
35.615943	-9.4074359
35.625925	-9.4121956
35.635907	-9.4169557
35.645889	-9.4217161
35.655871	-9.4264769
35.665853	-9.4312381
35.675835	-9.4359996
35.685817	-9.4407615
35.695799	-9.4455238
35.705781	-9.4502864
35.715763	-9.4550494
35.725745	-9.4598127
35.735727	-9.4645764
35.745709	-9.4693405
35.755691	-9.4741049
35.765673	-9.4788697
35.775655	-9.4836348
35.785637	-9.4884003
35.795619	-9.4931662
35.805601	-9.4979324
35.815583	-9.502699
35.825565	-9.5074659
35.835547	-9.5122331
35.845529	-9.5170008
35.855511	-9.5217688
35.865493	-9.5265371
35.875475	-9.5313058
35.885457	-9.5360748
35.895439	-9.5408442
35.905421	-9.5456139
35.915403	-9.550384
35.925385	-9.5551544
35.935367	-9.5599252
35.945349	-9.5646963
35.955331	-9.5694678
35.965313	-9.5742396
35.975295	-9.5790118
35.985277	-9.5837843
35.995259	-9.5885571
36.005241	-9.5933303
36.015223	-9.5981038
36.025205	-9.6028777
36.035187	-9.6076519
36.045169	-9.6124265
36.055151	-9.6172014
36.065133	-9.6219766
36.075115	-9.6267522
36.085097	-9.6315281
36.095079	-9.6363043
36.105061	-9.6410809
36.115043	-9.6458578
36.125025	-9.6506351
36.135007	-9.6554127
36.144989	-9.6601906
36.154971	-9.6649689
36.164953	-9.6697474
36.174935	-9.6745264
36.184917	-9.6793056
36.194899	-9.6840852
36.204881	-9.6888651
36.214863	-9.6936453
36.224845	-9.6984259
36.234827	-9.7032068
36.244809	-9.707988
36.254791	-9.7127696
36.264773	-9.7175515
36.274755	-9.7223337
36.284737	-9.7271162
36.294719	-9.731899
36.304701	-9.7366822
36.314683	-9.7414657
36.324665	-9.7462495
36.334647	-9.7510337
36.344629	-9.7558181
36.354611	-9.7606029
36.364593	-9.765388
36.374575	-9.7701735
36.384557	-9.7749592
36.394539	-9.7797453
36.404521	-9.7845316
36.414503	-9.7893183
36.424485	-9.7941053
36.434467	-9.7988927
36.444449	-9.8036803
36.454431	-9.8084682
36.464413	-9.8132565
36.474395	-9.8180451
36.484377	-9.822834
36.494359	-9.8276232
36.504341	-9.8324127
36.514323	-9.8372025
36.524305	-9.8419927
36.534287	-9.8467831
36.544269	-9.8515739
36.554251	-9.8563649
36.564233	-9.8611563
36.574215	-9.865948
36.584197	-9.8707399
36.594179	-9.8755322
36.604161	-9.8803248
36.614143	-9.8851177
36.624125	-9.8899109
36.634107	-9.8947044
36.644089	-9.8994982
36.654071	-9.9042923
36.664053	-9.9090867
36.674035	-9.9138814
36.684017	-9.9186764
36.693999	-9.9234717
36.703981	-9.9282673
36.713963	-9.9330632
36.723945	-9.9378594
36.733927	-9.9426559
36.743909	-9.9474527
36.753891	-9.9522498
36.763873	-9.9570472
36.773855	-9.9618449
36.783837	-9.9666429
36.793819	-9.9714411
36.803801	-9.9762397
36.813783	-9.9810385
36.823765	-9.9858377
36.833747	-9.9906371
36.843729	-9.9954368
36.853711	-10.000237
36.863693	-10.005037
36.873675	-10.009838
36.883657	-10.014639
36.893639	-10.01944
36.903621	-10.024241
36.913603	-10.029043
36.923585	-10.033845
36.933567	-10.038647
36.943549	-10.04345
36.953531	-10.048253
36.963513	-10.053056
36.973495	-10.057859
36.983477	-10.062663
36.993459	-10.067467
37.003441	-10.072271
37.013423	-10.077076
37.023405	-10.081881
37.033387	-10.086686
37.043369	-10.091491
37.053351	-10.096297
37.063333	-10.101103
37.073315	-10.105909
37.083297	-10.110716
37.093279	-10.115522
37.103261	-10.120329
37.113243	-10.125137
37.123225	-10.129944
37.133207	-10.134752
37.143189	-10.13956
37.153171	-10.144369
37.163153	-10.149177
37.173135	-10.153986
37.183117	-10.158796
37.193099	-10.163605
37.203081	-10.168415
37.213063	-10.173225
37.223045	-10.178035
37.233027	-10.182846
37.243009	-10.187657
37.252991	-10.192468
37.262973	-10.197279
37.272955	-10.202091
37.282937	-10.206903
37.292919	-10.211715
37.302901	-10.216527
37.312883	-10.22134
37.322865	-10.226153
37.332847	-10.230966
37.342829	-10.23578
37.352811	-10.240593
37.362793	-10.245407
37.372775	-10.250221
37.382757	-10.255036
37.392739	-10.259851
37.402721	-10.264666
37.412703	-10.269481
37.422685	-10.274297
37.432667	-10.279112
37.442649	-10.283928
37.452631	-10.288745
37.462613	-10.293561
37.472595	-10.298378
37.482577	-10.303195
37.492559	-10.308012
37.502541	-10.31283
37.512523	-10.317648
37.522505	-10.322466
37.532486	-10.327284
37.542468	-10.332103
37.55245	-10.336921
37.562432	-10.34174
37.572414	-10.34656
37.582396	-10.351379
37.592378	-10.356199
37.60236	-10.361019
37.612342	-10.365839
37.622324	-10.37066
37.632306	-10.375481
37.642288	-10.380302
37.65227	-10.385123
37.662252	-10.389944
37.672234	-10.394766
37.682216	-10.399588
37.692198	-10.40441
37.70218	-10.409233
37.712162	-10.414056
37.722144	-10.418878
37.732126	-10.423702
37.742108	-10.428525
37.75209	-10.433349
37.762072	-10.438173
37.772054	-10.442997
37.782036	-10.447821
37.792018	-10.452646
37.802	-10.45747
37.811982	-10.462296
37.821964	-10.467121
37.831946	-10.471946
37.841928	-10.476772
37.85191	-10.481598
37.861892	-10.486424
37.871874	-10.491251
37.881856	-10.496077
37.891838	-10.500904
37.90182	-10.505731
37.911802	-10.510559
37.921784	-10.515386
37.931766	-10.520214
37.941748	-10.525042
37.95173	-10.529871
37.961712	-10.534699
37.971694	-10.539528
37.981676	-10.544357
37.991658	-10.549186
38.00164	-10.554015
38.011622	-10.558845
38.021604	-10.563675
38.031586	-10.568505
38.041568	-10.573335
38.05155	-10.578166
38.061532	-10.582996
38.071514	-10.587827
38.081496	-10.592658
38.091478	-10.59749
38.10146	-10.602321
38.111442	-10.607153
38.121424	-10.611985
38.131406	-10.616817
38.141388	-10.62165
38.15137	-10.626482
38.161352	-10.631315
38.171334	-10.636148
38.181316	-10.640982
38.191298	-10.645815
38.20128	-10.650649
38.211262	-10.655483
38.221244	-10.660317
38.231226	-10.665152
38.241208	-10.669986
38.25119	-10.674821
38.261172	-10.679656
38.271154	-10.684491
38.281136	-10.689326
38.291118	-10.694162
38.3011	-10.698998
38.311082	-10.703834
38.321064	-10.70867
38.331046	-10.713507
38.341028	-10.718343
38.35101	-10.72318
38.360992	-10.728017
38.370974	-10.732854
38.380956	-10.737692
38.390938	-10.74253
38.40092	-10.747367
38.410902	-10.752206
38.420884	-10.757044
38.430866	-10.761882
38.440848	-10.766721
38.45083	-10.77156
38.460812	-10.776399
38.470794	-10.781238
38.480776	-10.786078
38.490758	-10.790917
38.50074	-10.795757
38.510722	-10.800597
38.520704	-10.805437
38.530686	-10.810278
38.540668	-10.815118
38.55065	-10.819959
38.560632	-10.8248
38.570614	-10.829641
38.580596	-10.834483
38.590578	-10.839324
38.60056	-10.844166
38.610542	-10.849008
38.620524	-10.85385
38.630506	-10.858693
38.640488	-10.863535
38.65047	-10.868378
38.660452	-10.873221
38.670434	-10.878064
38.680416	-10.882907
38.690398	-10.887751
38.70038	-10.892594
38.710362	-10.897438
38.720344	-10.902282
38.730326	-10.907127
38.740308	-10.911971
38.75029	-10.916816
38.760272	-10.92166
38.770254	-10.926505
38.780236	-10.93135
38.790218	-10.936196
38.8002	-10.941041
38.810182	-10.945887
38.820164	-10.950733
38.830146	-10.955579
38.840128	-10.960425
38.85011	-10.965271
38.860092	-10.970118
38.870074	-10.974965
38.880056	-10.979812
38.890038	-10.984659
38.90002	-10.989506
38.910002	-10.994353
38.919984	-10.999201
38.929966	-11.004049
38.939948	-11.008897
38.94993	-11.013745
38.959912	-11.018593
38.969894	-11.023442
38.979876	-11.02829
38.989858	-11.033139
38.99984	-11.037988
39.009822	-11.042837
39.019804	-11.047687
39.029786	-11.052536
39.039768	-11.057386
39.04975	-11.062236
39.059732	-11.067086
39.069714	-11.071936
39.079696	-11.076786
39.089678	-11.081637
39.09966	-11.086487
39.109642	-11.091338
39.119624	-11.096189
39.129606	-11.10104
39.139588	-11.105892
39.14957	-11.110743
39.159552	-11.115595
39.169534	-11.120446
39.179516	-11.125298
39.189498	-11.130151
39.19948	-11.135003
39.209462	-11.139855
39.219444	-11.144708
39.229426	-11.149561
39.239408	-11.154414
39.24939	-11.159267
39.259372	-11.16412
39.269354	-11.168973
39.279336	-11.173827
39.289318	-11.178681
39.2993	-11.183534
39.309282	-11.188389
39.319264	-11.193243
39.329246	-11.198097
39.339228	-11.202952
39.34921	-11.207806
39.359192	-11.212661
39.369174	-11.217516
39.379156	-11.222371
39.389138	-11.227226
39.39912	-11.232082
39.409102	-11.236937
39.419084	-11.241793
39.429066	-11.246649
39.439048	-11.251505
39.44903	-11.256361
39.459012	-11.261217
39.468994	-11.266074
39.478976	-11.27093
39.488958	-11.275787
39.49894	-11.280644
39.508922	-11.285501
39.518904	-11.290358
39.528886	-11.295215
39.538868	-11.300073
39.54885	-11.30493
39.558832	-11.309788
39.568814	-11.314646
39.578796	-11.319504
39.588778	-11.324362
39.59876	-11.32922
39.608742	-11.334079
39.618724	-11.338937
39.628706	-11.343796
39.638688	-11.348655
39.64867	-11.353514
39.658652	-11.358373
39.668634	-11.363232
39.678616	-11.368092
39.688598	-11.372951
39.69858	-11.377811
39.708562	-11.382671
39.718544	-11.387531
39.728526	-11.392391
39.738508	-11.397251
39.74849	-11.402111
39.758472	-11.406972
39.768454	-11.411832
39.778436	-11.416693
39.788418	-11.421554
39.7984	-11.426415
39.808382	-11.431276
39.818364	-11.436138
39.828346	-11.440999
39.838328	-11.44586
39.84831	-11.450722
39.858292	-11.455584
39.868274	-11.460446
39.878256	-11.465308
39.888238	-11.47017
39.89822	-11.475032
39.908202	-11.479895
39.918184	-11.484757
39.928166	-11.48962
39.938148	-11.494483
39.94813	-11.499346
39.958112	-11.504209
39.968094	-11.509072
39.978076	-11.513935
39.988058	-11.518799
39.99804	-11.523662
40.008022	-11.528526
40.018004	-11.53339
40.027986	-11.538254
40.037968	-11.543118
40.04795	-11.547982
40.057932	-11.552846
40.067914	-11.55771
40.077896	-11.562575
40.087878	-11.567439
40.09786	-11.572304
40.107842	-11.577169
40.117824	-11.582034
40.127806	-11.586899
40.137788	-11.591764
40.14777	-11.59663
40.157752	-11.601495
40.167734	-11.606361
40.177716	-11.611226
40.187698	-11.616092
40.19768	-11.620958
40.207662	-11.625824
40.217644	-11.63069
40.227626	-11.635556
40.237608	-11.640423
40.24759	-11.645289
40.257572	-11.650155
40.267554	-11.655022
40.277536	-11.659889
40.287518	-11.664756
40.297499	-11.669623
40.307481	-11.67449
40.317463	-11.679357
40.327445	-11.684224
40.337427	-11.689092
40.347409	-11.693959
40.357391	-11.698827
40.367373	-11.703695
40.377355	-11.708562
40.387337	-11.71343
40.397319	-11.718298
40.407301	-11.723167
40.417283	-11.728035
40.427265	-11.732903
40.437247	-11.737772
40.447229	-11.74264
40.457211	-11.747509
40.467193	-11.752378
40.477175	-11.757246
40.487157	-11.762115
40.497139	-11.766984
40.507121	-11.771854
40.517103	-11.776723
40.527085	-11.781592
40.537067	-11.786462
40.547049	-11.791331
40.557031	-11.796201
40.567013	-11.801071
40.576995	-11.80594
40.586977	-11.81081
40.596959	-11.81568
40.606941	-11.82055
40.616923	-11.825421
40.626905	-11.830291
40.636887	-11.835161
40.646869	-11.840032
40.656851	-11.844902
40.666833	-11.849773
40.676815	-11.854644
40.686797	-11.859515
40.696779	-11.864386
40.706761	-11.869257
40.716743	-11.874128
40.726725	-11.878999
40.736707	-11.88387
40.746689	-11.888742
40.756671	-11.893613
40.766653	-11.898485
40.776635	-11.903356
40.786617	-11.908228
40.796599	-11.9131
40.806581	-11.917972
40.816563	-11.922844
40.826545	-11.927716
40.836527	-11.932588
40.846509	-11.93746
40.856491	-11.942333
40.866473	-11.947205
40.876455	-11.952077
40.886437	-11.95695
40.896419	-11.961823
40.906401	-11.966695
40.916383	-11.971568
40.926365	-11.976441
40.936347	-11.981314
40.946329	-11.986187
40.956311	-11.99106
40.966293	-11.995934
40.976275	-12.000807
40.986257	-12.00568
40.996239	-12.010554
41.006221	-12.015427
41.016203	-12.020301
41.026185	-12.025175
41.036167	-12.030048
41.046149	-12.034922
41.056131	-12.039796
41.066113	-12.04467
41.076095	-12.049544
41.086077	-12.054418
41.096059	-12.059292
41.106041	-12.064167
41.116023	-12.069041
41.126005	-12.073915
41.135987	-12.07879
41.145969	-12.083665
41.155951	-12.088539
41.165933	-12.093414
41.175915	-12.098289
41.185897	-12.103163
41.195879	-12.108038
41.205861	-12.112913
41.215843	-12.117788
41.225825	-12.122664
41.235807	-12.127539
41.245789	-12.132414
41.255771	-12.137289
41.265753	-12.142165
41.275735	-12.14704
41.285717	-12.151916
41.295699	-12.156791
41.305681	-12.161667
41.315663	-12.166543
41.325645	-12.171418
41.335627	-12.176294
41.345609	-12.18117
41.355591	-12.186046
41.365573	-12.190922
41.375555	-12.195798
41.385537	-12.200674
41.395519	-12.205551
41.405501	-12.210427
41.415483	-12.215303
41.425465	-12.22018
41.435447	-12.225056
41.445429	-12.229932
41.455411	-12.234809
41.465393	-12.239686
41.475375	-12.244562
41.485357	-12.249439
41.495339	-12.254316
41.505321	-12.259193
41.515303	-12.26407
41.525285	-12.268947
41.535267	-12.273824
41.545249	-12.278701
41.555231	-12.283578
41.565213	-12.288455
41.575195	-12.293332
41.585177	-12.29821
41.595159	-12.303087
41.605141	-12.307964
41.615123	-12.312842
41.625105	-12.317719
41.635087	-12.322597
41.645069	-12.327474
41.655051	-12.332352
41.665033	-12.33723
41.675015	-12.342107
41.684997	-12.346985
41.694979	-12.351863
41.704961	-12.356741
41.714943	-12.361619
41.724925	-12.366497
41.734907	-12.371375
41.744889	-12.376253
41.754871	-12.381131
41.764853	-12.386009
41.774835	-12.390888
41.784817	-12.395766
41.794799	-12.400644
41.804781	-12.405522
41.814763	-12.410401
41.824745	-12.415279
41.834727	-12.420158
41.844709	-12.425036
41.854691	-12.429915
41.864673	-12.434793
41.874655	-12.439672
41.884637	-12.444551
41.894619	-12.44943
41.904601	-12.454308
41.914583	-12.459187
41.924565	-12.464066
41.934547	-12.468945
41.944529	-12.473824
41.954511	-12.478703
41.964493	-12.483582
41.974475	-12.488461
41.984457	-12.49334
41.994439	-12.498219
42.004421	-12.503098
42.014403	-12.507977
42.024385	-12.512857
42.034367	-12.517736
42.044349	-12.522615
42.054331	-12.527494
42.064313	-12.532374
42.074295	-12.537253
42.084277	-12.542133
42.094259	-12.547012
42.104241	-12.551892
42.114223	-12.556771
42.124205	-12.561651
42.134187	-12.56653
42.144169	-12.57141
42.154151	-12.57629
42.164133	-12.581169
42.174115	-12.586049
42.184097	-12.590929
42.194079	-12.595809
42.204061	-12.600688
42.214043	-12.605568
42.224025	-12.610448
42.234007	-12.615328
42.243989	-12.620208
42.253971	-12.625088
42.263953	-12.629968
42.273935	-12.634848
42.283917	-12.639728
42.293899	-12.644608
42.303881	-12.649488
42.313863	-12.654368
42.323845	-12.659248
42.333827	-12.664128
42.343809	-12.669008
42.353791	-12.673889
42.363773	-12.678769
42.373755	-12.683649
42.383737	-12.688529
42.393719	-12.69341
42.403701	-12.69829
42.413683	-12.70317
42.423665	-12.708051
42.433647	-12.712931
42.443629	-12.717811
42.453611	-12.722692
42.463593	-12.727572
42.473575	-12.732452
42.483557	-12.737333
42.493539	-12.742213
42.503521	-12.747094
42.513503	-12.751974
42.523485	-12.756855
42.533467	-12.761735
42.543449	-12.766616
42.553431	-12.771497
42.563413	-12.776377
42.573395	-12.781258
42.583377	-12.786138
42.593359	-12.791019
42.603341	-12.7959
42.613323	-12.80078
42.623305	-12.805661
42.633287	-12.810542
42.643269	-12.815422
42.653251	-12.820303
42.663233	-12.825184
42.673215	-12.830065
42.683197	-12.834945
42.693179	-12.839826
42.703161	-12.844707
42.713143	-12.849588
42.723125	-12.854468
42.733107	-12.859349
42.743089	-12.86423
42.753071	-12.869111
42.763053	-12.873991
42.773035	-12.878872
42.783017	-12.883753
42.792999	-12.888634
42.802981	-12.893515
42.812963	-12.898396
42.822945	-12.903276
42.832927	-12.908157
42.842909	-12.913038
42.852891	-12.917919
42.862873	-12.9228
42.872855	-12.927681
42.882837	-12.932562
42.892819	-12.937443
42.902801	-12.942323
42.912783	-12.947204
42.922765	-12.952085
42.932747	-12.956966
42.942729	-12.961847
42.952711	-12.966728
42.962693	-12.971609
42.972675	-12.97649
42.982657	-12.981371
42.992639	-12.986251
43.002621	-12.991132
43.012603	-12.996013
43.022585	-13.000894
43.032567	-13.005775
43.042549	-13.010656
43.052531	-13.015537
43.062513	-13.020418
43.072494	-13.025299
43.082476	-13.030179
43.092458	-13.03506
43.10244	-13.039941
43.112422	-13.044822
43.122404	-13.049703
43.132386	-13.054584
43.142368	-13.059464
43.15235	-13.064345
43.162332	-13.069226
43.172314	-13.074107
43.182296	-13.078988
43.192278	-13.083869
43.20226	-13.088749
43.212242	-13.09363
43.222224	-13.098511
43.232206	-13.103392
43.242188	-13.108272
43.25217	-13.113153
43.262152	-13.118034
43.272134	-13.122915
43.282116	-13.127795
43.292098	-13.132676
43.30208	-13.137557
43.312062	-13.142438
43.322044	-13.147318
43.332026	-13.152199
43.342008	-13.15708
43.35199	-13.16196
43.361972	-13.166841
43.371954	-13.171721
43.381936	-13.176602
43.391918	-13.181483
43.4019	-13.186363
43.411882	-13.191244
43.421864	-13.196124
43.431846	-13.201005
43.441828	-13.205885
43.45181	-13.210766
43.461792	-13.215646
43.471774	-13.220527
43.481756	-13.225407
43.491738	-13.230287
43.50172	-13.235168
43.511702	-13.240048
43.521684	-13.244929
43.531666	-13.249809
43.541648	-13.254689
43.55163	-13.25957
43.561612	-13.26445
43.571594	-13.26933
43.581576	-13.27421
43.591558	-13.279091
43.60154	-13.283971
43.611522	-13.288851
43.621504	-13.293731
43.631486	-13.298611
43.641468	-13.303491
43.65145	-13.308371
43.661432	-13.313251
43.671414	-13.318131
43.681396	-13.323011
43.691378	-13.327891
43.70136	-13.332771
43.711342	-13.337651
43.721324	-13.342531
43.731306	-13.347411
43.741288	-13.352291
43.75127	-13.357171
43.761252	-13.362051
43.771234	-13.36693
43.781216	-13.37181
43.791198	-13.37669
43.80118	-13.38157
43.811162	-13.386449
43.821144	-13.391329
43.831126	-13.396208
43.841108	-13.401088
43.85109	-13.405967
43.861072	-13.410847
43.871054	-13.415726
43.881036	-13.420606
43.891018	-13.425485
43.901	-13.430365
43.910982	-13.435244
43.920964	-13.440123
43.930946	-13.445003
43.940928	-13.449882
43.95091	-13.454761
43.960892	-13.45964
43.970874	-13.464519
43.980856	-13.469399
43.990838	-13.474278
44.00082	-13.479157
44.010802	-13.484036
44.020784	-13.488915
44.030766	-13.493794
44.040748	-13.498673
44.05073	-13.503551
44.060712	-13.50843
44.070694	-13.513309
44.080676	-13.518188
44.090658	-13.523067
44.10064	-13.527945
44.110622	-13.532824
44.120604	-13.537702
44.130586	-13.542581
44.140568	-13.547459
44.15055	-13.552338
44.160532	-13.557216
44.170514	-13.562095
44.180496	-13.566973
44.190478	-13.571851
44.20046	-13.57673
44.210442	-13.581608
44.220424	-13.586486
44.230406	-13.591364
44.240388	-13.596242
44.25037	-13.60112
44.260352	-13.605999
44.270334	-13.610876
44.280316	-13.615754
44.290298	-13.620632
44.30028	-13.62551
44.310262	-13.630388
44.320244	-13.635266
44.330226	-13.640143
44.340208	-13.645021
44.35019	-13.649899
44.360172	-13.654776
44.370154	-13.659654
44.380136	-13.664531
44.390118	-13.669409
44.4001	-13.674286
44.410082	-13.679163
44.420064	-13.684041
44.430046	-13.688918
44.440028	-13.693795
44.45001	-13.698672
44.459992	-13.703549
44.469974	-13.708426
44.479956	-13.713303
44.489938	-13.71818
44.49992	-13.723057
44.509902	-13.727934
44.519884	-13.732811
44.529866	-13.737687
44.539848	-13.742564
44.54983	-13.747441
44.559812	-13.752317
44.569794	-13.757194
44.579776	-13.76207
44.589758	-13.766946
44.59974	-13.771823
44.609722	-13.776699
44.619704	-13.781575
44.629686	-13.786451
44.639668	-13.791328
44.64965	-13.796204
44.659632	-13.80108
44.669614	-13.805956
44.679596	-13.810832
44.689578	-13.815707
44.69956	-13.820583
44.709542	-13.825459
44.719524	-13.830335
44.729506	-13.83521
44.739488	-13.840086
44.74947	-13.844961
44.759452	-13.849837
44.769434	-13.854712
44.779416	-13.859587
44.789398	-13.864463
44.79938	-13.869338
44.809362	-13.874213
44.819344	-13.879088
44.829326	-13.883963
44.839308	-13.888838
44.84929	-13.893713
44.859272	-13.898588
44.869254	-13.903462
44.879236	-13.908337
44.889218	-13.913212
44.8992	-13.918086
44.909182	-13.922961
44.919164	-13.927835
44.929146	-13.932709
44.939128	-13.937584
44.94911	-13.942458
44.959092	-13.947332
44.969074	-13.952206
44.979056	-13.95708
44.989038	-13.961954
44.99902	-13.966828
45.009002	-13.971702
45.018984	-13.976576
45.028966	-13.98145
45.038948	-13.986323
45.04893	-13.991197
45.058912	-13.99607
45.068894	-14.000944
45.078876	-14.005817
45.088858	-14.01069
45.09884	-14.015564
45.108822	-14.020437
45.118804	-14.02531
45.128786	-14.030183
45.138768	-14.035056
45.14875	-14.039929
45.158732	-14.044801
45.168714	-14.049674
45.178696	-14.054547
45.188678	-14.059419
45.19866	-14.064292
45.208642	-14.069164
45.218624	-14.074037
45.228606	-14.078909
45.238588	-14.083781
45.24857	-14.088653
45.258552	-14.093525
45.268534	-14.098397
45.278516	-14.103269
45.288498	-14.108141
45.29848	-14.113013
45.308462	-14.117885
45.318444	-14.122756
45.328426	-14.127628
45.338408	-14.132499
45.34839	-14.13737
45.358372	-14.142242
45.368354	-14.147113
45.378336	-14.151984
45.388318	-14.156855
45.3983	-14.161726
45.408282	-14.166597
45.418264	-14.171468
45.428246	-14.176339
45.438228	-14.181209
45.44821	-14.18608
45.458192	-14.19095
45.468174	-14.195821
45.478156	-14.200691
45.488138	-14.205561
45.49812	-14.210432
45.508102	-14.215302
45.518084	-14.220172
45.528066	-14.225042
45.538048	-14.229912
45.54803	-14.234781
45.558012	-14.239651
45.567994	-14.244521
45.577976	-14.24939
45.587958	-14.25426
45.59794	-14.259129
45.607922	-14.263998
45.617904	-14.268867
45.627886	-14.273736
45.637868	-14.278605
45.64785	-14.283474
45.657832	-14.288343
45.667814	-14.293212
45.677796	-14.298081
45.687778	-14.302949
45.69776	-14.307818
45.707742	-14.312686
45.717724	-14.317554
45.727706	-14.322423
45.737688	-14.327291
45.74767	-14.332159
45.757652	-14.337027
45.767634	-14.341895
45.777616	-14.346762
45.787598	-14.35163
45.79758	-14.356498
45.807562	-14.361365
45.817544	-14.366232
45.827526	-14.3711
45.837508	-14.375967
45.847489	-14.380834
45.857471	-14.385701
45.867453	-14.390568
45.877435	-14.395435
45.887417	-14.400302
45.897399	-14.405168
45.907381	-14.410035
45.917363	-14.414901
45.927345	-14.419768
45.937327	-14.424634
45.947309	-14.4295
45.957291	-14.434366
45.967273	-14.439232
45.977255	-14.444098
45.987237	-14.448964
45.997219	-14.45383
46.007201	-14.458696
46.017183	-14.463561
46.027165	-14.468426
46.037147	-14.473292
46.047129	-14.478157
46.057111	-14.483022
46.067093	-14.487887
46.077075	-14.492752
46.087057	-14.497617
46.097039	-14.502482
46.107021	-14.507346
46.117003	-14.512211
46.126985	-14.517075
46.136967	-14.52194
46.146949	-14.526804
46.156931	-14.531668
46.166913	-14.536532
46.176895	-14.541396
46.186877	-14.54626
46.196859	-14.551124
46.206841	-14.555987
46.216823	-14.560851
46.226805	-14.565714
46.236787	-14.570578
46.246769	-14.575441
46.256751	-14.580304
46.266733	-14.585167
46.276715	-14.59003
46.286697	-14.594893
46.296679	-14.599755
46.306661	-14.604618
46.316643	-14.60948
46.326625	-14.614343
46.336607	-14.619205
46.346589	-14.624067
46.356571	-14.628929
46.366553	-14.633791
46.376535	-14.638653
46.386517	-14.643515
46.396499	-14.648376
46.406481	-14.653238
46.416463	-14.658099
46.426445	-14.662961
46.436427	-14.667822
46.446409	-14.672683
46.456391	-14.677544
46.466373	-14.682405
46.476355	-14.687266
46.486337	-14.692126
46.496319	-14.696987
46.506301	-14.701847
46.516283	-14.706708
46.526265	-14.711568
46.536247	-14.716428
46.546229	-14.721288
46.556211	-14.726148
46.566193	-14.731008
46.576175	-14.735867
46.586157	-14.740727
46.596139	-14.745586
46.606121	-14.750446
46.616103	-14.755305
46.626085	-14.760164
46.636067	-14.765023
46.646049	-14.769882
46.656031	-14.77474
46.666013	-14.779599
46.675995	-14.784458
46.685977	-14.789316
46.695959	-14.794174
46.705941	-14.799032
46.715923	-14.80389
46.725905	-14.808748
46.735887	-14.813606
46.745869	-14.818464
46.755851	-14.823322
46.765833	-14.828179
46.775815	-14.833036
46.785797	-14.837894
46.795779	-14.842751
46.805761	-14.847608
46.815743	-14.852465
46.825725	-14.857321
46.835707	-14.862178
46.845689	-14.867034
46.855671	-14.871891
46.865653	-14.876747
46.875635	-14.881603
46.885617	-14.886459
46.895599	-14.891315
46.905581	-14.896171
46.915563	-14.901027
46.925545	-14.905882
46.935527	-14.910738
46.945509	-14.915593
46.955491	-14.920448
46.965473	-14.925303
46.975455	-14.930158
46.985437	-14.935013
46.995419	-14.939868
47.005401	-14.944722
47.015383	-14.949577
47.025365	-14.954431
47.035347	-14.959285
47.045329	-14.964139
47.055311	-14.968993
47.065293	-14.973847
47.075275	-14.978701
47.085257	-14.983554
47.095239	-14.988408
47.105221	-14.993261
47.115203	-14.998114
47.125185	-15.002967
47.135167	-15.00782
47.145149	-15.012673
47.155131	-15.017526
47.165113	-15.022378
47.175095	-15.027231
47.185077	-15.032083
47.195059	-15.036935
47.205041	-15.041787
47.215023	-15.046639
47.225005	-15.051491
47.234987	-15.056343
47.244969	-15.061194
47.254951	-15.066045
47.264933	-15.070897
47.274915	-15.075748
47.284897	-15.080599
47.294879	-15.08545
47.304861	-15.0903
47.314843	-15.095151
47.324825	-15.100001
47.334807	-15.104852
47.344789	-15.109702
47.354771	-15.114552
47.364753	-15.119402
47.374735	-15.124252
47.384717	-15.129101
47.394699	-15.133951
47.404681	-15.1388
47.414663	-15.14365
47.424645	-15.148499
47.434627	-15.153348
47.444609	-15.158197
47.454591	-15.163045
47.464573	-15.167894
47.474555	-15.172742
47.484537	-15.177591
47.494519	-15.182439
47.504501	-15.187287
47.514483	-15.192135
47.524465	-15.196982
47.534447	-15.20183
47.544429	-15.206678
47.554411	-15.211525
47.564393	-15.216372
47.574375	-15.221219
47.584357	-15.226066
47.594339	-15.230913
47.604321	-15.23576
47.614303	-15.240606
47.624285	-15.245452
47.634267	-15.250299
47.644249	-15.255145
47.654231	-15.259991
47.664213	-15.264836
47.674195	-15.269682
47.684177	-15.274528
47.694159	-15.279373
47.704141	-15.284218
47.714123	-15.289063
47.724105	-15.293908
47.734087	-15.298753
47.744069	-15.303598
47.754051	-15.308442
47.764033	-15.313287
47.774015	-15.318131
47.783997	-15.322975
47.793979	-15.327819
47.803961	-15.332663
47.813943	-15.337506
47.823925	-15.34235
47.833907	-15.347193
47.843889	-15.352037
47.853871	-15.35688
47.863853	-15.361723
47.873835	-15.366565
47.883817	-15.371408
47.893799	-15.37625
47.903781	-15.381093
47.913763	-15.385935
47.923745	-15.390777
47.933727	-15.395619
47.943709	-15.400461
47.953691	-15.405302
47.963673	-15.410144
47.973655	-15.414985
47.983637	-15.419826
47.993619	-15.424667
48.003601	-15.429508
48.013583	-15.434349
48.023565	-15.439189
48.033547	-15.44403
48.043529	-15.44887
48.053511	-15.45371
48.063493	-15.45855
48.073475	-15.46339
48.083457	-15.46823
48.093439	-15.473069
48.103421	-15.477908
48.113403	-15.482748
48.123385	-15.487587
48.133367	-15.492425
48.143349	-15.497264
48.153331	-15.502103
48.163313	-15.506941
48.173295	-15.51178
48.183277	-15.516618
48.193259	-15.521456
48.203241	-15.526293
48.213223	-15.531131
48.223205	-15.535969
48.233187	-15.540806
48.243169	-15.545643
48.253151	-15.55048
48.263133	-15.555317
48.273115	-15.560154
48.283097	-15.56499
48.293079	-15.569827
48.303061	-15.574663
48.313043	-15.579499
48.323025	-15.584335
48.333007	-15.589171
48.342989	-15.594006
48.352971	-15.598842
48.362953	-15.603677
48.372935	-15.608512
48.382917	-15.613347
48.392899	-15.618182
48.402881	-15.623017
48.412863	-15.627851
48.422845	-15.632686
48.432827	-15.63752
48.442809	-15.642354
48.452791	-15.647188
48.462773	-15.652021
48.472755	-15.656855
48.482737	-15.661688
48.492719	-15.666521
48.502701	-15.671354
48.512683	-15.676187
48.522665	-15.68102
48.532647	-15.685853
48.542629	-15.690685
48.552611	-15.695517
48.562593	-15.700349
48.572575	-15.705181
48.582557	-15.710013
48.592539	-15.714845
48.602521	-15.719676
48.612503	-15.724507
48.622484	-15.729338
48.632466	-15.734169
48.642448	-15.739
48.65243	-15.743831
48.662412	-15.748661
48.672394	-15.753491
48.682376	-15.758321
48.692358	-15.763151
48.70234	-15.767981
48.712322	-15.772811
48.722304	-15.77764
48.732286	-15.782469
48.742268	-15.787298
48.75225	-15.792127
48.762232	-15.796956
48.772214	-15.801785
48.782196	-15.806613
48.792178	-15.811441
48.80216	-15.816269
48.812142	-15.821097
48.822124	-15.825925
48.832106	-15.830753
48.842088	-15.83558
48.85207	-15.840407
48.862052	-15.845234
48.872034	-15.850061
48.882016	-15.854888
48.891998	-15.859715
48.90198	-15.864541
48.911962	-15.869367
48.921944	-15.874193
48.931926	-15.879019
48.941908	-15.883845
48.95189	-15.88867
48.961872	-15.893495
48.971854	-15.898321
48.981836	-15.903146
48.991818	-15.90797
49.0018	-15.912795
49.011782	-15.91762
49.021764	-15.922444
49.031746	-15.927268
49.041728	-15.932092
49.05171	-15.936916
49.061692	-15.941739
49.071674	-15.946563
49.081656	-15.951386
49.091638	-15.956209
49.10162	-15.961032
49.111602	-15.965855
49.121584	-15.970677
49.131566	-15.975499
49.141548	-15.980322
49.15153	-15.985144
49.161512	-15.989965
49.171494	-15.994787
49.181476	-15.999609
49.191458	-16.00443
49.20144	-16.009251
49.211422	-16.014072
49.221404	-16.018893
49.231386	-16.023713
49.241368	-16.028534
49.25135	-16.033354
49.261332	-16.038174
49.271314	-16.042994
49.281296	-16.047813
49.291278	-16.052633
49.30126	-16.057452
49.311242	-16.062271
49.321224	-16.06709
49.331206	-16.071909
49.341188	-16.076727
49.35117	-16.081546
49.361152	-16.086364
49.371134	-16.091182
49.381116	-16.096
49.391098	-16.100818
49.40108	-16.105635
49.411062	-16.110452
49.421044	-16.115269
49.431026	-16.120086
49.441008	-16.124903
49.45099	-16.12972
49.460972	-16.134536
49.470954	-16.139352
49.480936	-16.144168
49.490918	-16.148984
49.5009	-16.1538
49.510882	-16.158615
49.520864	-16.16343
49.530846	-16.168245
49.540828	-16.17306
49.55081	-16.177875
49.560792	-16.18269
49.570774	-16.187504
49.580756	-16.192318
49.590738	-16.197132
49.60072	-16.201946
49.610702	-16.206759
49.620684	-16.211573
49.630666	-16.216386
49.640648	-16.221199
49.65063	-16.226012
49.660612	-16.230824
49.670594	-16.235637
49.680576	-16.240449
49.690558	-16.245261
49.70054	-16.250073
49.710522	-16.254884
49.720504	-16.259696
49.730486	-16.264507
49.740468	-16.269318
49.75045	-16.274129
49.760432	-16.27894
49.770414	-16.28375
49.780396	-16.288561
49.790378	-16.293371
49.80036	-16.298181
49.810342	-16.302991
49.820324	-16.3078
49.830306	-16.31261
49.840288	-16.317419
49.85027	-16.322228
49.860252	-16.327036
49.870234	-16.331845
49.880216	-16.336653
49.890198	-16.341462
49.90018	-16.34627
49.910162	-16.351077
49.920144	-16.355885
49.930126	-16.360692
49.940108	-16.3655
49.95009	-16.370307
49.960072	-16.375113
49.970054	-16.37992
49.980036	-16.384727
49.990018	-16.389533
50	-16.394339
